latitude,longitude,elevation,slope,clay_percentage,aspect,aspect_sin,aspect_cos,clay_percent,sand_percent,silt_percent,bulk_density,shear_stress_factor
24.97,92.78,86.0,4.8,32.3,0.0,0.0,1.0,32.3,34.1,33.7,1.151,0.0727
24.97,92.79,48.0,5.7,32.2,47.9,0.742,0.6704,32.2,34.1,33.7,1.151,0.0863
24.97,92.8,44.0,7.5,32.2,132.1,0.742,-0.6704,32.2,34.0,33.8,1.151,0.1134
24.97,92.81,32.0,11.4,32.2,90.0,1.0,0.0,32.2,34.0,33.8,1.151,0.1717
24.97,92.82,98.0,8.2,32.2,180.0,0.0,-1.0,32.2,34.0,33.8,1.151,0.1239
24.97,92.83,72.0,11.6,32.2,90.0,1.0,0.0,32.2,33.9,33.9,1.151,0.1747
24.97,92.84,64.0,9.3,32.2,47.9,0.742,0.6704,32.2,33.9,33.9,1.152,0.1403
24.97,92.85,95.0,5.1,32.2,0.0,0.0,1.0,32.2,33.8,34.0,1.152,0.0772
24.97,92.86,54.0,6.1,32.3,90.0,1.0,0.0,32.3,33.7,34.0,1.153,0.0922
24.98,92.74,98.0,8.8,32.4,0.0,0.0,1.0,32.4,34.1,33.5,1.15,0.133
24.98,92.75,27.0,14.1,32.4,90.0,1.0,0.0,32.4,34.1,33.5,1.15,0.2118
24.98,92.76,74.0,15.9,32.3,132.1,0.742,-0.6704,32.3,34.1,33.6,1.15,0.2382
24.98,92.77,105.0,17.9,32.3,90.0,1.0,0.0,32.3,34.1,33.6,1.15,0.2673
24.98,92.78,116.0,12.6,32.2,47.9,0.742,0.6704,32.2,34.1,33.7,1.15,0.1897
24.98,92.79,66.0,16.6,32.2,132.1,0.742,-0.6704,32.2,34.1,33.7,1.15,0.2484
24.98,92.8,87.0,19.8,32.1,90.0,1.0,0.0,32.1,34.1,33.8,1.151,0.2943
24.98,92.81,134.0,14.7,32.1,90.0,1.0,0.0,32.1,34.1,33.8,1.151,0.2205
24.98,92.82,64.0,16.5,32.1,47.9,0.742,0.6704,32.1,34.0,33.9,1.151,0.2468
24.98,92.83,176.0,13.8,32.1,180.0,0.0,-1.0,32.1,34.0,33.9,1.151,0.2072
24.98,92.84,129.0,10.2,32.1,132.1,0.742,-0.6704,32.1,33.9,34.0,1.151,0.1539
24.98,92.85,106.0,16.1,32.2,90.0,1.0,0.0,32.2,33.8,34.0,1.152,0.2407
24.98,92.86,108.0,11.9,32.2,47.9,0.742,0.6704,32.2,33.8,34.0,1.152,0.179
24.98,92.87,45.0,7.9,32.2,0.0,0.0,1.0,32.2,33.7,34.1,1.153,0.1192
24.98,92.88,78.0,6.0,32.3,132.1,0.742,-0.6704,32.3,33.6,34.1,1.153,0.0907
24.98,92.89,52.0,11.0,32.3,90.0,1.0,0.0,32.3,33.5,34.1,1.154,0.1653
24.98,92.9,98.0,10.7,32.4,132.1,0.742,-0.6704,32.4,33.5,34.1,1.154,0.1609
24.98,92.91,143.0,29.8,32.5,132.1,0.742,-0.6704,32.5,33.4,34.1,1.155,0.4303
24.99,92.73,95.0,8.9,32.5,47.9,0.742,0.6704,32.5,34.1,33.4,1.15,0.1345
24.99,92.74,79.0,14.3,32.4,132.1,0.742,-0.6704,32.4,34.1,33.5,1.15,0.2148
24.99,92.75,154.0,33.2,32.4,132.1,0.742,-0.6704,32.4,34.1,33.5,1.15,0.4761
24.99,92.76,170.0,40.4,32.3,90.0,1.0,0.0,32.3,34.1,33.6,1.15,0.5636
24.99,92.77,268.0,35.0,32.2,90.0,1.0,0.0,32.2,34.2,33.6,1.15,0.4988
24.99,92.78,206.0,31.4,32.2,47.9,0.742,0.6704,32.2,34.2,33.7,1.15,0.4531
24.99,92.79,162.0,33.4,32.1,132.1,0.742,-0.6704,32.1,34.2,33.7,1.15,0.4787
24.99,92.8,269.0,34.1,32.1,90.0,1.0,0.0,32.1,34.2,33.8,1.15,0.4875
24.99,92.81,266.0,32.4,32.1,90.0,1.0,0.0,32.1,34.1,33.8,1.15,0.4659
24.99,92.82,200.0,29.6,32.1,47.9,0.742,0.6704,32.1,34.1,33.9,1.151,0.4291
24.99,92.83,181.0,28.8,32.1,90.0,1.0,0.0,32.1,34.0,33.9,1.151,0.4186
24.99,92.84,189.0,21.6,32.1,47.9,0.742,0.6704,32.1,33.9,34.0,1.151,0.3198
24.99,92.85,252.0,22.6,32.1,0.0,0.0,1.0,32.1,33.9,34.0,1.151,0.3339
24.99,92.86,62.0,22.6,32.1,0.0,0.0,1.0,32.1,33.8,34.1,1.152,0.3336
24.99,92.87,66.0,8.4,32.2,47.9,0.742,0.6704,32.2,33.7,34.1,1.152,0.1268
24.99,92.88,71.0,11.1,32.2,132.1,0.742,-0.6704,32.2,33.6,34.1,1.153,0.167
24.99,92.89,150.0,11.0,32.3,90.0,1.0,0.0,32.3,33.6,34.2,1.153,0.1655
24.99,92.9,103.0,15.2,32.4,180.0,0.0,-1.0,32.4,33.5,34.2,1.154,0.2272
24.99,92.91,227.0,33.8,32.5,180.0,0.0,-1.0,32.5,33.4,34.2,1.155,0.4816
24.99,92.92,532.0,35.0,32.5,270.0,-1.0,-0.0,32.5,33.3,34.2,1.156,0.4962
24.99,92.93,524.0,26.9,32.6,227.9,-0.742,-0.6704,32.6,33.2,34.2,1.156,0.3914
24.99,92.94,517.0,15.9,32.7,227.9,-0.742,-0.6704,32.7,33.1,34.2,1.157,0.2368
25.0,92.71,283.0,16.8,32.6,270.0,-1.0,-0.0,32.6,34.1,33.3,1.15,0.2513
25.0,92.72,201.0,20.9,32.6,0.0,0.0,1.0,32.6,34.1,33.3,1.15,0.3102
25.0,92.73,27.0,20.9,32.5,0.0,0.0,1.0,32.5,34.1,33.4,1.15,0.3102
25.0,92.74,62.0,22.7,32.4,180.0,0.0,-1.0,32.4,34.1,33.4,1.15,0.3356
25.0,92.75,253.0,37.2,32.3,180.0,0.0,-1.0,32.3,34.2,33.5,1.15,0.5257
25.0,92.76,599.0,41.0,32.3,270.0,-1.0,-0.0,32.3,34.2,33.6,1.15,0.5705
25.0,92.77,621.0,38.0,32.2,270.0,-1.0,-0.0,32.2,34.2,33.6,1.15,0.5354
25.0,92.78,498.0,30.1,32.1,90.0,1.0,0.0,32.1,34.2,33.7,1.15,0.4361
25.0,92.79,474.0,31.7,32.1,90.0,1.0,0.0,32.1,34.2,33.7,1.15,0.4569
25.0,92.8,610.0,34.1,32.0,90.0,1.0,0.0,32.0,34.2,33.8,1.15,0.4875
25.0,92.81,586.0,32.4,32.0,90.0,1.0,0.0,32.0,34.2,33.8,1.15,0.4659
25.0,92.82,343.0,36.5,32.0,90.0,1.0,0.0,32.0,34.1,33.9,1.15,0.5172
25.0,92.83,458.0,29.4,32.0,90.0,1.0,0.0,32.0,34.1,33.9,1.15,0.4269
25.0,92.84,297.0,33.2,32.0,47.9,0.742,0.6704,32.0,34.0,34.0,1.151,0.4757
25.0,92.85,309.0,20.0,32.0,47.9,0.742,0.6704,32.0,33.9,34.1,1.151,0.2972
25.0,92.86,166.0,17.4,32.1,0.0,0.0,1.0,32.1,33.8,34.1,1.152,0.2596
25.0,92.87,70.0,14.3,32.1,47.9,0.742,0.6704,32.1,33.7,34.2,1.152,0.2144
25.0,92.88,95.0,15.2,32.2,90.0,1.0,0.0,32.2,33.6,34.2,1.153,0.2274
25.0,92.89,205.0,13.6,32.2,180.0,0.0,-1.0,32.2,33.6,34.2,1.153,0.2039
25.0,92.9,173.0,14.5,32.3,132.1,0.742,-0.6704,32.3,33.5,34.2,1.154,0.217
25.0,92.91,77.0,33.8,32.4,227.9,-0.742,-0.6704,32.4,33.4,34.2,1.155,0.4816
25.0,92.92,179.0,35.0,32.5,270.0,-1.0,-0.0,32.5,33.3,34.2,1.155,0.4966
25.0,92.93,323.0,26.9,32.6,180.0,0.0,-1.0,32.6,33.2,34.2,1.156,0.3914
25.0,92.94,555.0,30.7,32.7,270.0,-1.0,-0.0,32.7,33.1,34.2,1.157,0.4413
25.0,92.95,606.0,27.2,32.8,227.9,-0.742,-0.6704,32.8,33.0,34.2,1.158,0.3947
25.0,92.96,661.0,16.2,32.9,90.0,1.0,0.0,32.9,32.9,34.2,1.159,0.2407
25.01,92.7,126.0,13.0,32.7,227.9,-0.742,-0.6704,32.7,34.1,33.2,1.15,0.1956
25.01,92.71,131.0,19.4,32.7,132.1,0.742,-0.6704,32.7,34.1,33.2,1.15,0.2888
25.01,92.72,139.0,24.6,32.6,90.0,1.0,0.0,32.6,34.1,33.3,1.149,0.3623
25.01,92.73,74.0,31.9,32.5,90.0,1.0,0.0,32.5,34.2,33.3,1.149,0.4599
25.01,92.74,38.0,27.2,32.4,47.9,0.742,0.6704,32.4,34.2,33.4,1.149,0.3978
25.01,92.75,33.0,39.8,32.3,227.9,-0.742,-0.6704,32.3,34.2,33.5,1.149,0.5571
25.01,92.76,160.0,41.0,32.2,270.0,-1.0,-0.0,32.2,34.2,33.5,1.149,0.571
25.01,92.77,227.0,38.0,32.1,270.0,-1.0,-0.0,32.1,34.3,33.6,1.149,0.5358
25.01,92.78,301.0,25.2,32.1,312.1,-0.742,0.6704,32.1,34.3,33.7,1.15,0.3702
25.01,92.79,463.0,19.5,32.0,180.0,0.0,-1.0,32.0,34.3,33.7,1.15,0.2903
25.01,92.8,480.0,31.4,32.0,132.1,0.742,-0.6704,32.0,34.3,33.7,1.15,0.4531
25.01,92.81,711.0,28.4,31.9,47.9,0.742,0.6704,31.9,34.3,33.8,1.15,0.4136
25.01,92.82,716.0,36.5,31.9,90.0,1.0,0.0,31.9,34.2,33.9,1.15,0.5172
25.01,92.83,742.0,35.3,31.9,0.0,0.0,1.0,31.9,34.1,34.0,1.15,0.5025
25.01,92.84,419.0,35.3,31.9,0.0,0.0,1.0,31.9,34.0,34.1,1.151,0.502
25.01,92.85,370.0,18.1,32.0,47.9,0.742,0.6704,32.0,33.9,34.2,1.151,0.2699
25.01,92.86,244.0,15.4,32.0,0.0,0.0,1.0,32.0,33.8,34.2,1.151,0.2307
25.01,92.87,149.0,15.0,32.0,47.9,0.742,0.6704,32.0,33.7,34.3,1.152,0.2247
25.01,92.88,232.0,15.2,32.1,90.0,1.0,0.0,32.1,33.6,34.3,1.152,0.2276
25.01,92.89,208.0,21.6,32.2,90.0,1.0,0.0,32.2,33.6,34.3,1.153,0.3193
25.01,92.9,224.0,22.8,32.3,90.0,1.0,0.0,32.3,33.5,34.2,1.154,0.3358
25.01,92.91,349.0,29.4,32.4,0.0,0.0,1.0,32.4,33.4,34.2,1.154,0.4254
25.01,92.92,92.0,29.4,32.5,0.0,0.0,1.0,32.5,33.3,34.2,1.155,0.425
25.01,92.93,213.0,26.7,32.6,227.9,-0.742,-0.6704,32.6,33.2,34.2,1.156,0.3887
25.01,92.94,256.0,31.3,32.7,180.0,0.0,-1.0,32.7,33.1,34.2,1.157,0.449
25.01,92.95,533.0,31.3,32.8,180.0,0.0,-1.0,32.8,33.0,34.2,1.158,0.4486
25.01,92.96,808.0,35.9,32.9,227.9,-0.742,-0.6704,32.9,32.9,34.2,1.159,0.5059
25.01,92.97,718.0,19.4,33.0,270.0,-1.0,-0.0,33.0,32.8,34.2,1.16,0.2863
25.01,92.98,686.0,18.1,33.1,0.0,0.0,1.0,33.1,32.7,34.2,1.161,0.2676
25.01,92.99,537.0,35.1,33.2,90.0,1.0,0.0,33.2,32.6,34.2,1.162,0.4948
25.02,92.68,224.0,25.2,32.8,90.0,1.0,0.0,32.8,34.1,33.1,1.15,0.3702
25.02,92.69,271.0,26.1,32.8,132.1,0.742,-0.6704,32.8,34.1,33.1,1.15,0.3826
25.02,92.7,227.0,36.8,32.7,90.0,1.0,0.0,32.7,34.1,33.1,1.149,0.5213
25.02,92.71,197.0,33.8,32.7,132.1,0.742,-0.6704,32.7,34.2,33.2,1.149,0.4842
25.02,92.72,370.0,29.2,32.6,90.0,1.0,0.0,32.6,34.2,33.2,1.149,0.4246
25.02,92.73,388.0,31.9,32.5,90.0,1.0,0.0,32.5,34.2,33.3,1.149,0.4599
25.02,92.74,194.0,29.9,32.5,47.9,0.742,0.6704,32.5,34.2,33.3,1.149,0.4338
25.02,92.75,144.0,22.1,32.3,132.1,0.742,-0.6704,32.3,34.2,33.4,1.149,0.3274
25.02,92.76,210.0,22.6,32.2,90.0,1.0,0.0,32.2,34.3,33.5,1.149,0.3345
25.02,92.77,50.0,39.5,32.1,180.0,0.0,-1.0,32.1,34.3,33.6,1.149,0.5536
25.02,92.78,426.0,39.5,32.0,180.0,0.0,-1.0,32.0,34.3,33.7,1.15,0.5531
25.02,92.79,568.0,21.9,31.9,227.9,-0.742,-0.6704,31.9,34.4,33.7,1.15,0.3243
25.02,92.8,637.0,29.5,31.9,180.0,0.0,-1.0,31.9,34.4,33.7,1.15,0.4282
25.02,92.81,895.0,35.7,31.9,270.0,-1.0,-0.0,31.9,34.3,33.8,1.15,0.5074
25.02,92.82,962.0,32.3,31.9,227.9,-0.742,-0.6704,31.9,34.2,33.9,1.15,0.4647
25.02,92.83,717.0,28.2,31.9,0.0,0.0,1.0,31.9,34.1,34.0,1.15,0.4109
25.02,92.84,592.0,25.2,31.9,0.0,0.0,1.0,31.9,34.0,34.2,1.15,0.3702
25.02,92.85,377.0,25.2,31.9,0.0,0.0,1.0,31.9,33.9,34.3,1.151,0.3699
25.02,92.86,331.0,19.9,31.9,0.0,0.0,1.0,31.9,33.8,34.3,1.151,0.2957
25.02,92.87,166.0,23.6,31.9,90.0,1.0,0.0,31.9,33.7,34.3,1.151,0.3478
25.02,92.88,214.0,23.0,32.0,180.0,0.0,-1.0,32.0,33.6,34.3,1.152,0.3392
25.02,92.89,408.0,23.0,32.1,180.0,0.0,-1.0,32.1,33.6,34.3,1.153,0.3389
25.02,92.9,436.0,33.1,32.2,0.0,0.0,1.0,32.2,33.5,34.3,1.153,0.4736
25.02,92.91,138.0,33.1,32.3,0.0,0.0,1.0,32.3,33.4,34.3,1.154,0.4732
25.02,92.92,251.0,17.5,32.5,90.0,1.0,0.0,32.5,33.3,34.2,1.155,0.2604
25.02,92.93,141.0,24.6,32.6,90.0,1.0,0.0,32.6,33.2,34.2,1.156,0.3601
25.02,92.94,184.0,27.2,32.7,227.9,-0.742,-0.6704,32.7,33.1,34.2,1.157,0.3951
25.02,92.95,315.0,35.9,32.8,227.9,-0.742,-0.6704,32.8,33.0,34.2,1.158,0.5064
25.02,92.96,526.0,29.2,32.9,270.0,-1.0,-0.0,32.9,32.9,34.2,1.159,0.4209
25.02,92.97,540.0,29.2,33.0,180.0,0.0,-1.0,33.0,32.7,34.2,1.16,0.4206
25.02,92.98,795.0,29.2,33.2,180.0,0.0,-1.0,33.2,32.6,34.2,1.161,0.4202
25.02,92.99,892.0,35.1,33.3,90.0,1.0,0.0,33.3,32.5,34.2,1.162,0.4948
25.02,93.0,719.0,26.3,33.3,0.0,0.0,1.0,33.3,32.4,34.2,1.163,0.381
25.02,93.01,493.0,39.7,33.4,90.0,1.0,0.0,33.4,32.3,34.3,1.164,0.5488
25.03,92.67,298.0,23.4,32.9,47.9,0.742,0.6704,32.9,34.1,33.1,1.151,0.345
25.03,92.68,461.0,25.2,32.9,90.0,1.0,0.0,32.9,34.1,33.1,1.15,0.3702
25.03,92.69,394.0,24.8,32.8,180.0,0.0,-1.0,32.8,34.1,33.1,1.149,0.3651
25.03,92.7,605.0,36.8,32.8,90.0,1.0,0.0,32.8,34.2,33.1,1.149,0.5213
25.03,92.71,471.0,28.5,32.7,90.0,1.0,0.0,32.7,34.2,33.1,1.149,0.4153
25.03,92.72,652.0,33.8,32.7,132.1,0.742,-0.6704,32.7,34.2,33.1,1.148,0.4846
25.03,92.73,586.0,31.6,32.6,0.0,0.0,1.0,32.6,34.2,33.2,1.148,0.4564
25.03,92.74,305.0,32.6,32.5,132.1,0.742,-0.6704,32.5,34.3,33.3,1.148,0.4693
25.03,92.75,320.0,39.8,32.4,90.0,1.0,0.0,32.4,34.3,33.3,1.148,0.5576
25.03,92.76,420.0,38.0,32.2,0.0,0.0,1.0,32.2,34.3,33.5,1.149,0.5358
25.03,92.77,63.0,39.8,32.1,90.0,1.0,0.0,32.1,34.3,33.6,1.149,0.5571
25.03,92.78,294.0,30.5,32.0,180.0,0.0,-1.0,32.0,34.4,33.7,1.149,0.4417
25.03,92.79,563.0,31.0,31.9,227.9,-0.742,-0.6704,31.9,34.4,33.7,1.15,0.4479
25.03,92.8,601.0,24.2,31.9,227.9,-0.742,-0.6704,31.9,34.4,33.7,1.15,0.3565
25.03,92.81,532.0,35.7,31.9,270.0,-1.0,-0.0,31.9,34.4,33.8,1.15,0.5074
25.03,92.82,797.0,31.4,31.9,227.9,-0.742,-0.6704,31.9,34.3,33.9,1.15,0.4531
25.03,92.83,702.0,33.0,31.8,0.0,0.0,1.0,31.8,34.1,34.1,1.15,0.4736
25.03,92.84,406.0,33.0,31.8,0.0,0.0,1.0,31.8,33.9,34.3,1.15,0.4736
25.03,92.85,426.0,24.2,31.8,90.0,1.0,0.0,31.8,33.8,34.4,1.15,0.3565
25.03,92.86,353.0,23.8,31.8,47.9,0.742,0.6704,31.8,33.8,34.5,1.151,0.3506
25.03,92.87,386.0,26.3,31.9,132.1,0.742,-0.6704,31.9,33.7,34.5,1.151,0.3849
25.03,92.88,348.0,36.6,31.9,90.0,1.0,0.0,31.9,33.6,34.4,1.152,0.5176
25.03,92.89,363.0,27.9,32.1,47.9,0.742,0.6704,32.1,33.6,34.4,1.152,0.4062
25.03,92.9,189.0,26.1,32.2,270.0,-1.0,-0.0,32.2,33.5,34.3,1.153,0.3816
25.03,92.91,233.0,17.8,32.3,90.0,1.0,0.0,32.3,33.4,34.3,1.154,0.2649
25.03,92.92,255.0,16.5,32.4,132.1,0.742,-0.6704,32.4,33.3,34.3,1.155,0.2459
25.03,92.93,372.0,25.9,32.6,0.0,0.0,1.0,32.6,33.2,34.2,1.156,0.3779
25.03,92.94,150.0,35.1,32.7,90.0,1.0,0.0,32.7,33.1,34.2,1.157,0.497
25.03,92.95,394.0,28.1,32.8,180.0,0.0,-1.0,32.8,32.9,34.2,1.158,0.4067
25.03,92.96,535.0,25.5,33.0,180.0,0.0,-1.0,33.0,32.8,34.2,1.159,0.3715
25.03,92.97,753.0,33.5,33.1,227.9,-0.742,-0.6704,33.1,32.7,34.2,1.16,0.4758
25.03,92.98,708.0,23.7,33.2,270.0,-1.0,-0.0,33.2,32.6,34.2,1.161,0.3462
25.03,92.99,894.0,30.9,33.3,227.9,-0.742,-0.6704,33.3,32.5,34.2,1.162,0.4419
25.03,93.0,941.0,33.4,33.4,47.9,0.742,0.6704,33.4,32.4,34.3,1.163,0.4733
25.03,93.01,912.0,39.7,33.5,90.0,1.0,0.0,33.5,32.3,34.3,1.164,0.5488
25.03,93.02,909.0,31.4,33.6,132.1,0.742,-0.6704,33.6,32.1,34.3,1.165,0.4472
25.03,93.03,692.0,34.1,33.6,47.9,0.742,0.6704,33.6,32.0,34.3,1.165,0.4812
25.04,92.66,592.0,23.4,32.9,47.9,0.742,0.6704,32.9,34.1,33.0,1.151,0.345
25.04,92.67,450.0,19.1,32.9,47.9,0.742,0.6704,32.9,34.1,33.0,1.15,0.2845
25.04,92.68,331.0,23.3,32.9,47.9,0.742,0.6704,32.9,34.1,33.0,1.15,0.344
25.04,92.69,455.0,25.2,32.9,180.0,0.0,-1.0,32.9,34.2,33.0,1.149,0.3706
25.04,92.7,670.0,25.2,32.8,180.0,0.0,-1.0,32.8,34.2,33.0,1.148,0.3709
25.04,92.71,668.0,21.3,32.8,90.0,1.0,0.0,32.8,34.2,33.0,1.148,0.3164
25.04,92.72,785.0,25.5,32.7,312.1,-0.742,0.6704,32.7,34.3,33.0,1.148,0.375
25.04,92.73,738.0,32.5,32.7,47.9,0.742,0.6704,32.7,34.3,33.1,1.147,0.4684
25.04,92.74,506.0,27.1,32.6,180.0,0.0,-1.0,32.6,34.3,33.2,1.147,0.3972
25.04,92.75,740.0,39.8,32.4,90.0,1.0,0.0,32.4,34.3,33.3,1.148,0.5576
25.04,92.76,526.0,34.2,32.3,47.9,0.742,0.6704,32.3,34.3,33.4,1.148,0.4896
25.04,92.77,484.0,39.8,32.1,90.0,1.0,0.0,32.1,34.3,33.5,1.149,0.5571
25.04,92.78,154.0,35.9,32.0,0.0,0.0,1.0,32.0,34.4,33.6,1.149,0.5103
25.04,92.79,295.0,28.0,31.9,270.0,-1.0,-0.0,31.9,34.4,33.7,1.15,0.4082
25.04,92.8,426.0,34.2,31.85,270.0,-1.0,-0.0,31.85,34.45,33.7,1.15,0.4888
25.04,92.81,381.0,31.4,31.9,227.9,-0.742,-0.6704,31.9,34.4,33.7,1.15,0.4531
25.04,92.82,592.0,24.8,31.8,180.0,0.0,-1.0,31.8,34.2,33.9,1.15,0.3647
25.04,92.83,643.0,19.2,31.7,47.9,0.742,0.6704,31.7,34.0,34.2,1.15,0.286
25.04,92.84,515.0,21.9,31.6,90.0,1.0,0.0,31.6,33.9,34.5,1.15,0.3243
25.04,92.85,653.0,24.2,31.6,90.0,1.0,0.0,31.6,33.8,34.6,1.15,0.3565
25.04,92.86,463.0,34.2,31.7,132.1,0.742,-0.6704,31.7,33.7,34.6,1.151,0.4883
25.04,92.87,495.0,40.4,31.7,90.0,1.0,0.0,31.7,33.7,34.6,1.151,0.5631
25.04,92.88,723.0,36.6,31.9,90.0,1.0,0.0,31.9,33.6,34.5,1.152,0.5176
25.04,92.89,485.0,31.3,32.0,47.9,0.742,0.6704,32.0,33.5,34.5,1.152,0.451
25.04,92.9,332.0,18.5,32.1,0.0,0.0,1.0,32.1,33.5,34.4,1.153,0.2752
25.04,92.91,395.0,23.4,32.3,132.1,0.742,-0.6704,32.3,33.4,34.3,1.154,0.3441
25.04,92.92,336.0,35.0,32.4,90.0,1.0,0.0,32.4,33.3,34.3,1.155,0.4966
25.04,92.93,457.0,24.3,32.6,47.9,0.742,0.6704,32.6,33.2,34.3,1.156,0.356
25.04,92.94,504.0,35.1,32.7,90.0,1.0,0.0,32.7,33.0,34.2,1.157,0.497
25.04,92.95,615.0,34.4,32.9,0.0,0.0,1.0,32.9,32.9,34.2,1.158,0.4879
25.04,92.96,302.0,40.3,33.0,47.9,0.742,0.6704,33.0,32.8,34.2,1.159,0.5581
25.04,92.97,540.0,27.5,33.1,180.0,0.0,-1.0,33.1,32.7,34.2,1.16,0.3981
25.04,92.98,486.0,30.9,33.2,227.9,-0.742,-0.6704,33.2,32.5,34.2,1.161,0.4423
25.04,92.99,678.0,23.2,33.3,270.0,-1.0,-0.0,33.3,32.4,34.2,1.162,0.339
25.04,93.0,751.0,47.3,33.4,180.0,0.0,-1.0,33.4,32.3,34.3,1.163,0.6319
25.04,93.01,1246.0,47.3,33.5,180.0,0.0,-1.0,33.5,32.2,34.3,1.164,0.6314
25.04,93.02,1153.0,37.1,33.6,0.0,0.0,1.0,33.6,32.1,34.3,1.165,0.5178
25.04,93.03,808.0,37.1,33.7,0.0,0.0,1.0,33.7,32.0,34.3,1.166,0.5173
25.04,93.04,547.0,31.6,33.8,47.9,0.742,0.6704,33.8,31.9,34.3,1.166,0.4494
25.05,92.64,292.0,16.4,33.0,227.9,-0.742,-0.6704,33.0,34.0,33.0,1.152,0.2451
25.05,92.65,347.0,36.6,33.0,180.0,0.0,-1.0,33.0,34.0,33.0,1.151,0.518
25.05,92.66,686.0,36.6,33.0,180.0,0.0,-1.0,33.0,34.1,33.0,1.151,0.518
25.05,92.67,624.0,23.3,33.0,47.9,0.742,0.6704,33.0,34.1,32.9,1.15,0.344
25.05,92.68,547.0,23.2,32.9,90.0,1.0,0.0,32.9,34.2,32.9,1.149,0.3429
25.05,92.69,611.0,23.4,32.9,270.0,-1.0,-0.0,32.9,34.2,32.9,1.148,0.3459
25.05,92.7,646.0,29.4,32.9,270.0,-1.0,-0.0,32.9,34.2,32.9,1.148,0.4276
25.05,92.71,580.0,27.9,32.8,270.0,-1.0,-0.0,32.8,34.3,32.9,1.147,0.408
25.05,92.72,750.0,35.1,32.8,312.1,-0.742,0.6704,32.8,34.3,32.9,1.147,0.5013
25.05,92.73,461.0,32.3,32.7,0.0,0.0,1.0,32.7,34.3,32.9,1.146,0.4663
25.05,92.74,573.0,27.8,32.6,180.0,0.0,-1.0,32.6,34.3,33.0,1.146,0.407
25.05,92.75,814.0,36.2,32.5,227.9,-0.742,-0.6704,32.5,34.3,33.1,1.147,0.5149
25.05,92.76,731.0,27.6,32.4,0.0,0.0,1.0,32.4,34.3,33.3,1.147,0.4039
25.05,92.77,492.0,27.6,32.2,0.0,0.0,1.0,32.2,34.4,33.4,1.148,0.4036
25.05,92.78,331.0,35.3,32.0,90.0,1.0,0.0,32.0,34.4,33.6,1.149,0.5029
25.05,92.79,172.0,37.2,31.9,47.9,0.742,0.6704,31.9,34.4,33.7,1.15,0.5257
25.05,92.8,83.0,34.2,31.9,270.0,-1.0,-0.0,31.9,34.4,33.7,1.15,0.4888
25.05,92.81,294.0,37.3,31.8,180.0,0.0,-1.0,31.8,34.3,33.8,1.15,0.5269
25.05,92.82,642.0,37.3,31.7,180.0,0.0,-1.0,31.7,34.1,34.1,1.15,0.5269
25.05,92.83,718.0,18.1,31.6,312.1,-0.742,0.6704,31.6,33.9,34.5,1.15,0.2702
25.05,92.84,718.0,23.8,31.4,270.0,-1.0,-0.0,31.4,33.7,34.8,1.15,0.3509
25.05,92.85,713.0,24.1,31.4,132.1,0.742,-0.6704,31.4,33.7,34.9,1.15,0.3551
25.05,92.86,710.0,31.9,31.5,132.1,0.742,-0.6704,31.5,33.6,34.9,1.15,0.4595
25.05,92.87,925.0,40.4,31.6,90.0,1.0,0.0,31.6,33.6,34.8,1.151,0.5631
25.05,92.88,898.0,38.0,31.8,0.0,0.0,1.0,31.8,33.6,34.6,1.151,0.5349
25.05,92.89,541.0,42.1,31.9,90.0,1.0,0.0,31.9,33.5,34.5,1.152,0.582
25.05,92.9,489.0,45.9,32.1,90.0,1.0,0.0,32.1,33.4,34.4,1.153,0.6228
25.05,92.91,411.0,41.3,32.3,47.9,0.742,0.6704,32.3,33.4,34.4,1.154,0.5719
25.05,92.92,689.0,35.0,32.4,90.0,1.0,0.0,32.4,33.3,34.3,1.155,0.4966
25.05,92.93,594.0,35.4,32.6,90.0,1.0,0.0,32.6,33.1,34.3,1.156,0.5011
25.05,92.94,571.0,34.1,32.7,180.0,0.0,-1.0,32.7,33.0,34.2,1.157,0.4846
25.05,92.95,880.0,40.3,32.9,47.9,0.742,0.6704,32.9,32.9,34.2,1.158,0.5585
25.05,92.96,544.0,40.8,33.0,90.0,1.0,0.0,33.0,32.8,34.2,1.16,0.5633
25.05,92.97,458.0,37.5,33.1,47.9,0.742,0.6704,33.1,32.6,34.2,1.161,0.5243
25.05,92.98,396.0,25.2,33.3,47.9,0.742,0.6704,33.3,32.5,34.2,1.162,0.3664
25.05,92.99,593.0,23.4,33.4,132.1,0.742,-0.6704,33.4,32.4,34.2,1.163,0.3415
25.05,93.0,724.0,37.5,33.5,227.9,-0.742,-0.6704,33.5,32.3,34.3,1.164,0.523
25.05,93.01,874.0,39.9,33.6,180.0,0.0,-1.0,33.6,32.1,34.3,1.164,0.5511
25.05,93.02,1256.0,39.9,33.7,180.0,0.0,-1.0,33.7,32.0,34.3,1.165,0.5506
25.05,93.03,965.0,32.5,33.7,0.0,0.0,1.0,33.7,31.9,34.3,1.166,0.4608
25.05,93.04,755.0,44.7,33.8,90.0,1.0,0.0,33.8,31.8,34.3,1.167,0.6027
25.05,93.05,609.0,43.5,33.9,47.9,0.742,0.6704,33.9,31.7,34.4,1.167,0.5898
25.06,92.63,92.0,16.4,33.0,227.9,-0.742,-0.6704,33.0,34.0,33.0,1.153,0.2449
25.06,92.64,169.0,14.7,33.0,227.9,-0.742,-0.6704,33.0,34.0,33.0,1.152,0.2203
25.06,92.65,205.0,38.9,33.0,180.0,0.0,-1.0,33.0,34.1,32.9,1.151,0.5456
25.06,92.66,573.0,38.9,33.0,180.0,0.0,-1.0,33.0,34.1,32.9,1.15,0.5461
25.06,92.67,409.0,23.1,33.0,270.0,-1.0,-0.0,33.0,34.1,32.9,1.15,0.3412
25.06,92.68,541.0,25.3,33.0,227.9,-0.742,-0.6704,33.0,34.2,32.8,1.149,0.3719
25.06,92.69,393.0,23.4,33.0,270.0,-1.0,-0.0,33.0,34.2,32.8,1.148,0.3459
25.06,92.7,362.0,29.4,32.9,270.0,-1.0,-0.0,32.9,34.3,32.8,1.147,0.428
25.06,92.71,313.0,32.7,32.9,227.9,-0.742,-0.6704,32.9,34.3,32.8,1.147,0.471
25.06,92.72,499.0,26.5,32.9,0.0,0.0,1.0,32.9,34.3,32.8,1.146,0.3894
25.06,92.73,271.0,35.1,32.8,312.1,-0.742,0.6704,32.8,34.4,32.8,1.145,0.5022
25.06,92.74,316.0,36.2,32.8,227.9,-0.742,-0.6704,32.8,34.4,32.8,1.145,0.5158
25.06,92.75,447.0,36.0,32.7,270.0,-1.0,-0.0,32.7,34.4,32.9,1.145,0.5133
25.06,92.76,514.0,25.0,32.5,227.9,-0.742,-0.6704,32.5,34.4,33.1,1.146,0.3688
25.06,92.77,609.0,27.5,32.4,270.0,-1.0,-0.0,32.4,34.4,33.3,1.147,0.4026
25.06,92.78,688.0,37.2,32.2,47.9,0.742,0.6704,32.2,34.4,33.5,1.148,0.5267
25.06,92.79,407.0,33.2,32.0,0.0,0.0,1.0,32.0,34.3,33.6,1.149,0.4766
25.06,92.8,108.0,34.3,31.9,47.9,0.742,0.6704,31.9,34.3,33.8,1.149,0.4904
25.06,92.81,245.0,32.0,31.8,180.0,0.0,-1.0,31.8,34.2,34.0,1.149,0.4612
25.06,92.82,530.0,33.8,31.6,180.0,0.0,-1.0,31.6,34.0,34.4,1.149,0.4842
25.06,92.83,835.0,38.6,31.3,312.1,-0.742,0.6704,31.3,33.7,35.0,1.15,0.5425
25.06,92.84,495.0,36.7,31.2,0.0,0.0,1.0,31.2,33.6,35.2,1.15,0.5197
25.06,92.85,808.0,37.2,31.2,227.9,-0.742,-0.6704,31.2,33.6,35.2,1.15,0.5257
25.06,92.86,1018.0,36.4,31.3,270.0,-1.0,-0.0,31.3,33.6,35.1,1.15,0.516
25.06,92.87,1134.0,35.6,31.5,227.9,-0.742,-0.6704,31.5,33.6,34.9,1.151,0.5058
25.06,92.88,988.0,33.3,31.7,47.9,0.742,0.6704,31.7,33.6,34.7,1.151,0.477
25.06,92.89,997.0,42.1,31.9,90.0,1.0,0.0,31.9,33.5,34.6,1.152,0.582
25.06,92.9,1009.0,45.9,32.1,90.0,1.0,0.0,32.1,33.4,34.5,1.153,0.6228
25.06,92.91,747.0,33.7,32.3,90.0,1.0,0.0,32.3,33.3,34.4,1.154,0.4808
25.06,92.92,958.0,38.8,32.4,132.1,0.742,-0.6704,32.4,33.2,34.3,1.155,0.5425
25.06,92.93,952.0,35.4,32.6,90.0,1.0,0.0,32.6,33.1,34.3,1.156,0.5011
25.06,92.94,876.0,31.2,32.8,90.0,1.0,0.0,32.8,33.0,34.3,1.157,0.4477
25.06,92.95,871.0,30.1,32.9,90.0,1.0,0.0,32.9,32.8,34.2,1.159,0.4327
25.06,92.96,980.0,40.8,33.1,90.0,1.0,0.0,33.1,32.7,34.2,1.16,0.5633
25.06,92.97,716.0,33.3,33.2,0.0,0.0,1.0,33.2,32.6,34.2,1.161,0.4729
25.06,92.98,416.0,33.3,33.3,0.0,0.0,1.0,33.3,32.4,34.2,1.162,0.4725
25.06,92.99,572.0,34.6,33.4,180.0,0.0,-1.0,33.4,32.3,34.3,1.163,0.4883
25.06,93.0,887.0,35.1,33.5,270.0,-1.0,-0.0,33.5,32.2,34.3,1.164,0.494
25.06,93.01,1151.0,42.2,33.6,227.9,-0.742,-0.6704,33.6,32.1,34.3,1.165,0.5766
25.06,93.02,1104.0,20.2,33.7,227.9,-0.742,-0.6704,33.7,32.0,34.3,1.166,0.2961
25.06,93.03,940.0,34.6,33.8,180.0,0.0,-1.0,33.8,31.9,34.3,1.166,0.487
25.06,93.04,1255.0,44.7,33.9,90.0,1.0,0.0,33.9,31.8,34.4,1.167,0.6027
25.06,93.05,1016.0,38.9,34.0,90.0,1.0,0.0,34.0,31.7,34.4,1.168,0.5376
25.06,93.06,1088.0,35.1,34.0,132.1,0.742,-0.6704,34.0,31.6,34.4,1.168,0.4923
25.06,93.07,877.0,24.8,34.1,0.0,0.0,1.0,34.1,31.5,34.4,1.169,0.3588
25.07,92.62,278.0,26.6,33.0,90.0,1.0,0.0,33.0,33.9,33.0,1.153,0.3883
25.07,92.63,146.0,29.5,33.0,47.9,0.742,0.6704,33.0,34.0,33.0,1.152,0.4275
25.07,92.64,199.0,21.7,33.0,90.0,1.0,0.0,33.0,34.0,32.9,1.152,0.321
25.07,92.65,156.0,31.5,33.0,227.9,-0.742,-0.6704,33.0,34.1,32.9,1.151,0.454
25.07,92.66,208.0,35.9,33.0,270.0,-1.0,-0.0,33.0,34.1,32.8,1.15,0.5099
25.07,92.67,220.0,27.4,33.0,312.1,-0.742,0.6704,33.0,34.2,32.8,1.149,0.4005
25.07,92.68,350.0,20.7,33.0,270.0,-1.0,-0.0,33.0,34.2,32.8,1.148,0.3079
25.07,92.69,287.0,20.5,33.0,312.1,-0.742,0.6704,33.0,34.3,32.7,1.148,0.3051
25.07,92.7,261.0,19.2,33.0,90.0,1.0,0.0,33.0,34.3,32.7,1.147,0.2867
25.07,92.71,244.0,20.5,33.0,227.9,-0.742,-0.6704,33.0,34.4,32.6,1.146,0.3056
25.07,92.72,251.0,26.2,33.0,270.0,-1.0,-0.0,33.0,34.4,32.6,1.145,0.3856
25.07,92.73,226.0,21.9,33.0,312.1,-0.742,0.6704,33.0,34.4,32.6,1.144,0.326
25.07,92.74,214.0,18.9,32.9,227.9,-0.742,-0.6704,32.9,34.5,32.6,1.144,0.2831
25.07,92.75,196.0,26.4,32.9,270.0,-1.0,-0.0,32.9,34.5,32.7,1.143,0.389
25.07,92.76,303.0,24.2,32.8,227.9,-0.742,-0.6704,32.8,34.5,32.8,1.144,0.3583
25.07,92.77,346.0,32.9,32.6,180.0,0.0,-1.0,32.6,34.4,33.0,1.145,0.4744
25.07,92.78,641.0,45.0,32.4,270.0,-1.0,-0.0,32.4,34.4,33.2,1.146,0.617
25.07,92.79,572.0,39.7,32.2,0.0,0.0,1.0,32.2,34.3,33.5,1.147,0.5569
25.07,92.8,193.0,39.7,32.0,0.0,0.0,1.0,32.0,34.2,33.8,1.148,0.5564
25.07,92.81,203.0,31.6,31.8,180.0,0.0,-1.0,31.8,34.0,34.2,1.149,0.456
25.07,92.82,484.0,35.6,31.4,180.0,0.0,-1.0,31.4,33.8,34.8,1.149,0.5066
25.07,92.83,811.0,48.7,31.1,0.0,0.0,1.0,31.1,33.5,35.4,1.15,0.6533
25.07,92.84,291.0,48.7,30.9,0.0,0.0,1.0,30.9,33.4,35.6,1.15,0.6533
25.07,92.85,582.0,32.6,31.0,227.9,-0.742,-0.6704,31.0,33.5,35.5,1.15,0.4685
25.07,92.86,646.0,43.2,31.2,180.0,0.0,-1.0,31.2,33.5,35.3,1.15,0.5953
25.07,92.87,1074.0,44.0,31.4,227.9,-0.742,-0.6704,31.4,33.5,35.0,1.151,0.6035
25.07,92.88,1055.0,33.1,31.7,227.9,-0.742,-0.6704,31.7,33.5,34.8,1.151,0.4745
25.07,92.89,1223.0,31.6,31.9,270.0,-1.0,-0.0,31.9,33.5,34.6,1.152,0.4548
25.07,92.9,1166.0,31.6,32.1,47.9,0.742,0.6704,32.1,33.4,34.5,1.153,0.4545
25.07,92.91,948.0,26.1,32.3,180.0,0.0,-1.0,32.3,33.3,34.4,1.154,0.3812
25.07,92.92,1172.0,32.0,32.5,132.1,0.742,-0.6704,32.5,33.2,34.3,1.155,0.4588
25.07,92.93,1052.0,31.1,32.6,90.0,1.0,0.0,32.6,33.1,34.3,1.156,0.4468
25.07,92.94,1137.0,32.5,32.8,270.0,-1.0,-0.0,32.8,32.9,34.3,1.158,0.464
25.07,92.95,1164.0,30.1,33.0,90.0,1.0,0.0,33.0,32.8,34.2,1.159,0.4327
25.07,92.96,1004.0,32.2,33.1,0.0,0.0,1.0,33.1,32.7,34.2,1.16,0.4594
25.07,92.97,717.0,32.2,33.3,0.0,0.0,1.0,33.3,32.5,34.2,1.161,0.459
25.07,92.98,540.0,21.2,33.4,0.0,0.0,1.0,33.4,32.4,34.2,1.162,0.3112
25.07,92.99,490.0,30.3,33.5,227.9,-0.742,-0.6704,33.5,32.2,34.3,1.163,0.4338
25.07,93.0,533.0,42.2,33.6,227.9,-0.742,-0.6704,33.6,32.1,34.3,1.164,0.5771
25.07,93.01,854.0,42.1,33.7,180.0,0.0,-1.0,33.7,32.0,34.3,1.165,0.5755
25.07,93.02,1266.0,42.1,33.8,180.0,0.0,-1.0,33.8,31.9,34.3,1.166,0.575
25.07,93.03,1222.0,29.2,33.9,90.0,1.0,0.0,33.9,31.8,34.3,1.167,0.418
25.07,93.04,1105.0,29.1,33.9,180.0,0.0,-1.0,33.9,31.7,34.4,1.167,0.4167
25.07,93.05,1359.0,34.2,34.0,90.0,1.0,0.0,34.0,31.6,34.4,1.168,0.4812
25.07,93.06,1105.0,39.2,34.1,90.0,1.0,0.0,34.1,31.5,34.4,1.169,0.5407
25.07,93.07,1050.0,34.4,34.1,47.9,0.742,0.6704,34.1,31.4,34.4,1.169,0.4833
25.07,93.08,787.0,36.4,34.2,47.9,0.742,0.6704,34.2,31.3,34.5,1.17,0.5072
25.08,92.6,367.0,27.6,33.1,90.0,1.0,0.0,33.1,33.9,33.1,1.155,0.4011
25.08,92.61,423.0,28.0,33.1,132.1,0.742,-0.6704,33.1,33.9,33.0,1.154,0.4068
25.08,92.62,531.0,31.9,33.1,0.0,0.0,1.0,33.1,34.0,33.0,1.153,0.4583
25.08,92.63,247.0,42.3,33.1,90.0,1.0,0.0,33.1,34.0,32.9,1.152,0.5842
25.08,92.64,400.0,27.1,33.1,90.0,1.0,0.0,33.1,34.0,32.9,1.152,0.3954
25.08,92.65,391.0,25.5,33.1,90.0,1.0,0.0,33.1,34.1,32.8,1.151,0.374
25.08,92.66,422.0,23.0,33.1,90.0,1.0,0.0,33.1,34.1,32.8,1.15,0.3398
25.08,92.67,395.0,23.8,33.1,90.0,1.0,0.0,33.1,34.2,32.7,1.149,0.3512
25.08,92.68,372.0,31.9,33.1,132.1,0.742,-0.6704,33.1,34.3,32.7,1.148,0.4603
25.08,92.69,424.0,36.3,33.1,90.0,1.0,0.0,33.1,34.3,32.6,1.147,0.5161
25.08,92.7,437.0,27.7,33.1,47.9,0.742,0.6704,33.1,34.4,32.6,1.146,0.4056
25.08,92.71,401.0,27.3,33.1,90.0,1.0,0.0,33.1,34.4,32.5,1.145,0.4006
25.08,92.72,280.0,34.2,33.1,90.0,1.0,0.0,33.1,34.5,32.5,1.144,0.4913
25.08,92.73,306.0,28.9,33.1,90.0,1.0,0.0,33.1,34.5,32.4,1.143,0.4228
25.08,92.74,286.0,23.7,33.1,47.9,0.742,0.6704,33.1,34.5,32.4,1.142,0.352
25.08,92.75,238.0,28.8,33.1,90.0,1.0,0.0,33.1,34.6,32.3,1.141,0.4222
25.08,92.76,251.0,21.2,33.0,47.9,0.742,0.6704,33.0,34.6,32.4,1.141,0.3169
25.08,92.77,215.0,32.0,32.9,227.9,-0.742,-0.6704,32.9,34.6,32.5,1.142,0.464
25.08,92.78,137.0,45.0,32.7,270.0,-1.0,-0.0,32.7,34.5,32.8,1.143,0.6186
25.08,92.79,195.0,36.8,32.4,270.0,-1.0,-0.0,32.4,34.4,33.2,1.145,0.5232
25.08,92.8,90.0,35.3,32.2,312.1,-0.742,0.6704,32.2,34.2,33.7,1.146,0.5042
25.08,92.81,198.0,22.8,31.8,227.9,-0.742,-0.6704,31.8,34.0,34.2,1.148,0.3376
25.08,92.82,233.0,40.3,31.4,227.9,-0.742,-0.6704,31.4,33.7,34.9,1.149,0.5629
25.08,92.83,366.0,41.4,31.0,270.0,-1.0,-0.0,31.0,33.5,35.5,1.15,0.5751
25.08,92.84,230.0,40.5,30.85,312.1,-0.742,0.6704,30.85,33.4,35.75,1.15,0.5647
25.08,92.85,351.0,24.6,31.0,270.0,-1.0,-0.0,31.0,33.4,35.6,1.15,0.362
25.08,92.86,416.0,44.0,31.2,227.9,-0.742,-0.6704,31.2,33.5,35.3,1.15,0.6041
25.08,92.87,611.0,49.6,31.4,180.0,0.0,-1.0,31.4,33.5,35.1,1.15,0.6622
25.08,92.88,1148.0,49.6,31.7,180.0,0.0,-1.0,31.7,33.5,34.8,1.151,0.6616
25.08,92.89,913.0,33.7,31.9,270.0,-1.0,-0.0,31.9,33.5,34.6,1.152,0.4816
25.08,92.9,1033.0,38.5,32.1,270.0,-1.0,-0.0,32.1,33.4,34.5,1.153,0.5399
25.08,92.91,973.0,32.1,32.3,270.0,-1.0,-0.0,32.3,33.3,34.4,1.154,0.4605
25.08,92.92,1235.0,40.4,32.5,227.9,-0.742,-0.6704,32.5,33.2,34.3,1.155,0.5611
25.08,92.93,1356.0,49.9,32.7,0.0,0.0,1.0,32.7,33.0,34.3,1.157,0.6611
25.08,92.94,815.0,49.9,32.9,0.0,0.0,1.0,32.9,32.9,34.2,1.158,0.6606
25.08,92.95,956.0,27.2,33.0,227.9,-0.742,-0.6704,33.0,32.7,34.2,1.159,0.3944
25.08,92.96,915.0,35.0,33.2,0.0,0.0,1.0,33.2,32.6,34.2,1.161,0.494
25.08,92.97,596.0,35.0,33.3,0.0,0.0,1.0,33.3,32.4,34.2,1.162,0.4936
25.08,92.98,619.0,28.1,33.5,90.0,1.0,0.0,33.5,32.3,34.2,1.163,0.405
25.08,92.99,759.0,28.1,33.6,90.0,1.0,0.0,33.6,32.2,34.3,1.164,0.4046
25.08,93.0,875.0,34.1,33.7,90.0,1.0,0.0,33.7,32.0,34.3,1.165,0.4812
25.08,93.01,811.0,33.8,33.8,227.9,-0.742,-0.6704,33.8,31.9,34.3,1.166,0.4771
25.08,93.02,963.0,40.9,33.9,180.0,0.0,-1.0,33.9,31.8,34.3,1.166,0.5615
25.08,93.03,1359.0,40.9,33.9,180.0,0.0,-1.0,33.9,31.7,34.3,1.167,0.561
25.08,93.04,1337.0,24.7,34.0,90.0,1.0,0.0,34.0,31.6,34.4,1.168,0.3578
25.08,93.05,1379.0,21.9,34.1,47.9,0.742,0.6704,34.1,31.5,34.4,1.168,0.3193
25.08,93.06,1516.0,39.2,34.1,90.0,1.0,0.0,34.1,31.4,34.4,1.169,0.5407
25.08,93.07,1289.0,36.4,34.2,47.9,0.742,0.6704,34.2,31.3,34.4,1.17,0.5072
25.08,93.08,1151.0,43.4,34.3,0.0,0.0,1.0,34.3,31.3,34.5,1.17,0.5873
25.08,93.09,720.0,43.4,34.3,0.0,0.0,1.0,34.3,31.2,34.5,1.171,0.5868
25.09,92.59,624.0,32.0,33.1,47.9,0.742,0.6704,33.1,33.8,33.1,1.155,0.4588
25.09,92.6,631.0,27.7,33.1,132.1,0.742,-0.6704,33.1,33.9,33.1,1.155,0.4025
25.09,92.61,656.0,33.3,33.1,90.0,1.0,0.0,33.1,33.9,33.0,1.154,0.4758
25.09,92.62,785.0,38.3,33.1,47.9,0.742,0.6704,33.1,34.0,33.0,1.153,0.5375
25.09,92.63,706.0,42.3,33.1,90.0,1.0,0.0,33.1,34.0,32.9,1.152,0.5842
25.09,92.64,658.0,31.1,33.1,132.1,0.742,-0.6704,33.1,34.1,32.8,1.152,0.4484
25.09,92.65,632.0,25.5,33.1,90.0,1.0,0.0,33.1,34.1,32.8,1.151,0.374
25.09,92.66,571.0,32.9,33.1,132.1,0.742,-0.6704,33.1,34.2,32.7,1.15,0.4723
25.09,92.67,618.0,38.0,33.1,90.0,1.0,0.0,33.1,34.2,32.7,1.149,0.5358
25.09,92.68,534.0,41.7,33.1,132.1,0.742,-0.6704,33.1,34.3,32.6,1.148,0.5795
25.09,92.69,795.0,36.3,33.1,90.0,1.0,0.0,33.1,34.3,32.5,1.147,0.5161
25.09,92.7,678.0,46.1,33.1,90.0,1.0,0.0,33.1,34.4,32.5,1.146,0.6288
25.09,92.71,661.0,38.5,33.2,47.9,0.742,0.6704,33.2,34.5,32.4,1.145,0.5437
25.09,92.72,623.0,34.2,33.2,90.0,1.0,0.0,33.2,34.5,32.3,1.143,0.4918
25.09,92.73,585.0,28.9,33.2,90.0,1.0,0.0,33.2,34.6,32.2,1.142,0.4232
25.09,92.74,422.0,27.9,33.3,90.0,1.0,0.0,33.3,34.6,32.1,1.14,0.4105
25.09,92.75,515.0,28.8,33.3,90.0,1.0,0.0,33.3,34.7,32.0,1.139,0.423
25.09,92.76,323.0,36.6,33.3,90.0,1.0,0.0,33.3,34.7,32.0,1.138,0.5239
25.09,92.77,408.0,28.7,33.2,90.0,1.0,0.0,33.2,34.7,32.0,1.138,0.422
25.09,92.78,244.0,32.9,33.1,47.9,0.742,0.6704,33.1,34.6,32.3,1.139,0.4769
25.09,92.79,119.0,31.0,32.8,47.9,0.742,0.6704,32.8,34.5,32.8,1.142,0.451
25.09,92.8,101.0,20.6,32.4,47.9,0.742,0.6704,32.4,34.2,33.4,1.145,0.3073
25.09,92.81,98.0,11.2,31.9,227.9,-0.742,-0.6704,31.9,34.0,34.1,1.147,0.1693
25.09,92.82,169.0,16.1,31.5,227.9,-0.742,-0.6704,31.5,33.7,34.8,1.149,0.2414
25.09,92.83,218.0,16.3,31.1,270.0,-1.0,-0.0,31.1,33.5,35.4,1.15,0.2441
25.09,92.84,161.0,16.8,31.0,312.1,-0.742,0.6704,31.0,33.4,35.6,1.15,0.2513
25.09,92.85,217.0,16.3,31.0,227.9,-0.742,-0.6704,31.0,33.5,35.5,1.15,0.2441
25.09,92.86,348.0,21.1,31.2,227.9,-0.742,-0.6704,31.2,33.5,35.3,1.15,0.313
25.09,92.87,390.0,48.1,31.5,227.9,-0.742,-0.6704,31.5,33.5,35.0,1.151,0.6467
25.09,92.88,695.0,41.9,31.7,270.0,-1.0,-0.0,31.7,33.5,34.8,1.151,0.5802
25.09,92.89,576.0,40.1,31.9,312.1,-0.742,0.6704,31.9,33.5,34.6,1.152,0.5591
25.09,92.9,631.0,38.5,32.2,270.0,-1.0,-0.0,32.2,33.4,34.5,1.153,0.5399
25.09,92.91,656.0,40.4,32.4,227.9,-0.742,-0.6704,32.4,33.3,34.4,1.154,0.5616
25.09,92.92,991.0,49.8,32.6,270.0,-1.0,-0.0,32.6,33.1,34.3,1.156,0.6607
25.09,92.93,863.0,44.3,32.8,270.0,-1.0,-0.0,32.8,33.0,34.3,1.157,0.6036
25.09,92.94,607.0,47.7,32.9,312.1,-0.742,0.6704,32.9,32.8,34.2,1.158,0.6387
25.09,92.95,759.0,32.3,33.1,180.0,0.0,-1.0,33.1,32.7,34.2,1.16,0.4606
25.09,92.96,1048.0,47.2,33.3,0.0,0.0,1.0,33.3,32.5,34.2,1.161,0.632
25.09,92.97,556.0,47.2,33.4,0.0,0.0,1.0,33.4,32.4,34.2,1.162,0.6314
25.09,92.98,888.0,36.0,33.5,180.0,0.0,-1.0,33.5,32.2,34.2,1.163,0.5054
25.09,92.99,978.0,27.9,33.7,227.9,-0.742,-0.6704,33.7,32.1,34.3,1.164,0.402
25.09,93.0,1025.0,21.4,33.8,132.1,0.742,-0.6704,33.8,32.0,34.3,1.165,0.3132
25.09,93.01,912.0,22.0,33.9,132.1,0.742,-0.6704,33.9,31.8,34.3,1.166,0.3213
25.09,93.02,843.0,37.2,33.9,227.9,-0.742,-0.6704,33.9,31.7,34.3,1.167,0.5181
25.09,93.03,1120.0,31.5,34.0,180.0,0.0,-1.0,34.0,31.6,34.3,1.167,0.4477
25.09,93.04,1400.0,31.5,34.1,180.0,0.0,-1.0,34.1,31.5,34.4,1.168,0.4473
25.09,93.05,1489.0,35.9,34.2,0.0,0.0,1.0,34.2,31.4,34.4,1.169,0.5016
25.09,93.06,1159.0,36.7,34.2,47.9,0.742,0.6704,34.2,31.4,34.4,1.169,0.5112
25.09,93.07,975.0,38.5,34.3,312.1,-0.742,0.6704,34.3,31.3,34.5,1.17,0.5321
25.09,93.08,857.0,32.4,34.3,312.1,-0.742,0.6704,34.3,31.2,34.5,1.17,0.458
25.09,93.09,657.0,36.0,34.4,312.1,-0.742,0.6704,34.4,31.1,34.5,1.171,0.502
25.09,93.1,404.0,37.1,34.4,180.0,0.0,-1.0,34.4,31.0,34.5,1.171,0.5151
25.09,93.11,749.0,37.1,34.5,180.0,0.0,-1.0,34.5,31.0,34.6,1.172,0.5147
25.1,92.58,1050.0,32.0,33.1,47.9,0.742,0.6704,33.1,33.8,33.1,1.156,0.4584
25.1,92.59,821.0,32.6,33.1,132.1,0.742,-0.6704,33.1,33.8,33.1,1.156,0.4661
25.1,92.6,748.0,45.2,33.1,90.0,1.0,0.0,33.1,33.9,33.0,1.155,0.6143
25.1,92.61,988.0,33.3,33.1,90.0,1.0,0.0,33.1,33.9,33.0,1.154,0.4758
25.1,92.62,1035.0,29.1,33.1,132.1,0.742,-0.6704,33.1,34.0,32.9,1.153,0.4218
25.1,92.63,1046.0,34.0,33.1,90.0,1.0,0.0,33.1,34.0,32.9,1.152,0.4854
25.1,92.64,792.0,29.1,33.1,0.0,0.0,1.0,33.1,34.1,32.8,1.152,0.4222
25.1,92.65,826.0,39.5,33.1,132.1,0.742,-0.6704,33.1,34.1,32.7,1.151,0.5526
25.1,92.66,830.0,47.8,33.1,90.0,1.0,0.0,33.1,34.2,32.7,1.15,0.6442
25.1,92.67,1012.0,39.6,33.2,90.0,1.0,0.0,33.2,34.2,32.6,1.149,0.5548
25.1,92.68,857.0,43.5,33.2,90.0,1.0,0.0,33.2,34.3,32.5,1.148,0.5996
25.1,92.69,1141.0,41.7,33.2,132.1,0.742,-0.6704,33.2,34.4,32.4,1.147,0.58
25.1,92.7,1203.0,46.9,33.2,0.0,0.0,1.0,33.2,34.4,32.4,1.145,0.6377
25.1,92.71,716.0,46.9,33.2,0.0,0.0,1.0,33.2,34.5,32.3,1.144,0.6383
25.1,92.72,956.0,36.0,33.3,90.0,1.0,0.0,33.3,34.6,32.2,1.143,0.5142
25.1,92.73,648.0,44.7,33.3,47.9,0.742,0.6704,33.3,34.6,32.0,1.141,0.6165
25.1,92.74,689.0,39.5,33.4,90.0,1.0,0.0,33.4,34.7,31.9,1.139,0.5585
25.1,92.75,470.0,43.4,33.5,90.0,1.0,0.0,33.5,34.8,31.7,1.137,0.6043
25.1,92.76,698.0,36.6,33.6,90.0,1.0,0.0,33.6,34.9,31.6,1.135,0.5253
25.1,92.77,684.0,32.9,33.6,47.9,0.742,0.6704,33.6,34.9,31.5,1.134,0.479
25.1,92.78,528.0,31.0,33.4,47.9,0.742,0.6704,33.4,34.8,31.8,1.136,0.4534
25.1,92.79,357.0,25.9,33.1,47.9,0.742,0.6704,33.1,34.6,32.3,1.139,0.3835
25.1,92.8,198.0,25.3,32.7,90.0,1.0,0.0,32.7,34.4,33.0,1.142,0.3742
25.1,92.81,130.0,24.2,32.2,47.9,0.742,0.6704,32.2,34.1,33.7,1.146,0.3577
25.1,92.82,107.0,18.9,31.7,47.9,0.742,0.6704,31.7,33.8,34.5,1.148,0.2822
25.1,92.83,117.0,11.3,31.4,270.0,-1.0,-0.0,31.4,33.6,35.0,1.149,0.1705
25.1,92.84,134.0,7.0,31.2,312.1,-0.742,0.6704,31.2,33.5,35.2,1.15,0.106
25.1,92.85,164.0,18.3,31.2,180.0,0.0,-1.0,31.2,33.5,35.2,1.15,0.273
25.1,92.86,315.0,18.3,31.4,180.0,0.0,-1.0,31.4,33.5,35.1,1.15,0.273
25.1,92.87,290.0,30.8,31.6,227.9,-0.742,-0.6704,31.6,33.5,34.9,1.151,0.4449
25.1,92.88,439.0,26.9,31.8,270.0,-1.0,-0.0,31.8,33.5,34.7,1.151,0.3931
25.1,92.89,294.0,30.5,32.0,312.1,-0.742,0.6704,32.0,33.4,34.5,1.152,0.4406
25.1,92.9,497.0,27.3,32.3,270.0,-1.0,-0.0,32.3,33.3,34.4,1.154,0.3974
25.1,92.91,317.0,44.7,32.5,227.9,-0.742,-0.6704,32.5,33.2,34.3,1.155,0.609
25.1,92.92,395.0,49.8,32.7,270.0,-1.0,-0.0,32.7,33.1,34.3,1.156,0.6607
25.1,92.93,373.0,44.2,32.8,270.0,-1.0,-0.0,32.8,32.9,34.2,1.158,0.602
25.1,92.94,398.0,35.6,33.0,180.0,0.0,-1.0,33.0,32.8,34.2,1.159,0.5023
25.1,92.95,725.0,38.7,33.2,270.0,-1.0,-0.0,33.2,32.6,34.2,1.16,0.539
25.1,92.96,567.0,43.6,33.4,270.0,-1.0,-0.0,33.4,32.4,34.2,1.162,0.5935
25.1,92.97,428.0,42.3,33.5,312.1,-0.742,0.6704,33.5,32.3,34.2,1.163,0.5787
25.1,92.98,617.0,28.2,33.6,270.0,-1.0,-0.0,33.6,32.1,34.2,1.164,0.406
25.1,92.99,814.0,32.5,33.7,227.9,-0.742,-0.6704,33.7,32.0,34.3,1.165,0.4612
25.1,93.0,860.0,28.0,33.9,227.9,-0.742,-0.6704,33.9,31.9,34.3,1.166,0.4026
25.1,93.01,872.0,34.6,33.9,180.0,0.0,-1.0,33.9,31.8,34.3,1.166,0.487
25.1,93.02,1187.0,35.8,34.0,227.9,-0.742,-0.6704,34.0,31.6,34.3,1.167,0.5012
25.1,93.03,1236.0,30.0,34.1,132.1,0.742,-0.6704,34.1,31.5,34.4,1.168,0.4281
25.1,93.04,1371.0,33.0,34.2,180.0,0.0,-1.0,34.2,31.5,34.4,1.168,0.4663
25.1,93.05,1667.0,42.2,34.2,227.9,-0.742,-0.6704,34.2,31.4,34.4,1.169,0.5746
25.1,93.06,1310.0,38.0,34.3,0.0,0.0,1.0,34.3,31.3,34.4,1.17,0.5262
25.1,93.07,1263.0,33.5,34.3,0.0,0.0,1.0,34.3,31.2,34.5,1.17,0.4717
25.1,93.08,961.0,35.7,34.4,47.9,0.742,0.6704,34.4,31.1,34.5,1.171,0.4983
25.1,93.09,835.0,32.4,34.4,47.9,0.742,0.6704,34.4,31.0,34.5,1.171,0.4576
25.1,93.1,646.0,28.9,34.5,47.9,0.742,0.6704,34.5,30.9,34.6,1.172,0.4124
25.1,93.11,714.0,24.5,34.5,132.1,0.742,-0.6704,34.5,30.9,34.6,1.172,0.3538
25.1,93.12,711.0,15.5,34.6,47.9,0.742,0.6704,34.6,30.8,34.6,1.173,0.2278
25.11,92.57,763.0,41.3,33.1,180.0,0.0,-1.0,33.1,33.7,33.2,1.157,0.5704
25.11,92.58,1164.0,46.0,33.1,312.1,-0.742,0.6704,33.1,33.8,33.1,1.157,0.6217
25.11,92.59,849.0,41.7,33.1,180.0,0.0,-1.0,33.1,33.8,33.1,1.156,0.5755
25.11,92.6,1256.0,52.0,33.1,270.0,-1.0,-0.0,33.1,33.9,33.0,1.155,0.6823
25.11,92.61,1035.0,47.7,33.1,270.0,-1.0,-0.0,33.1,33.9,33.0,1.154,0.6409
25.11,92.62,782.0,31.7,33.1,180.0,0.0,-1.0,33.1,34.0,32.9,1.153,0.4557
25.11,92.63,1064.0,31.7,33.1,180.0,0.0,-1.0,33.1,34.0,32.8,1.153,0.4557
25.11,92.64,1007.0,23.1,33.1,90.0,1.0,0.0,33.1,34.1,32.8,1.152,0.3406
25.11,92.65,1166.0,34.0,33.2,90.0,1.0,0.0,33.2,34.1,32.7,1.151,0.4858
25.11,92.66,1387.0,47.8,33.2,90.0,1.0,0.0,33.2,34.2,32.6,1.15,0.6442
25.11,92.67,1430.0,41.4,33.2,132.1,0.742,-0.6704,33.2,34.3,32.5,1.149,0.5756
25.11,92.68,1335.0,43.5,33.2,90.0,1.0,0.0,33.2,34.3,32.5,1.148,0.5996
25.11,92.69,1431.0,40.1,33.2,132.1,0.742,-0.6704,33.2,34.4,32.4,1.147,0.5616
25.11,92.7,1374.0,44.0,33.3,47.9,0.742,0.6704,33.3,34.5,32.3,1.145,0.6067
25.11,92.71,1095.0,36.9,33.3,90.0,1.0,0.0,33.3,34.5,32.2,1.144,0.5248
25.11,92.72,1322.0,44.7,33.4,47.9,0.742,0.6704,33.4,34.6,32.0,1.142,0.6159
25.11,92.73,904.0,47.7,33.4,90.0,1.0,0.0,33.4,34.7,31.9,1.14,0.6488
25.11,92.74,1105.0,43.0,33.5,47.9,0.742,0.6704,33.5,34.8,31.7,1.138,0.5993
25.11,92.75,947.0,43.4,33.6,90.0,1.0,0.0,33.6,34.9,31.5,1.135,0.6054
25.11,92.76,721.0,26.3,33.7,0.0,0.0,1.0,33.7,35.0,31.3,1.132,0.3914
25.11,92.77,887.0,27.8,33.8,47.9,0.742,0.6704,33.8,35.0,31.2,1.131,0.4124
25.11,92.78,688.0,34.4,33.7,0.0,0.0,1.0,33.7,35.0,31.4,1.133,0.4986
25.11,92.79,375.0,36.6,33.4,90.0,1.0,0.0,33.4,34.8,31.9,1.136,0.5248
25.11,92.8,436.0,25.3,32.9,90.0,1.0,0.0,32.9,34.5,32.6,1.141,0.3745
25.11,92.81,340.0,25.3,32.5,47.9,0.742,0.6704,32.5,34.2,33.3,1.144,0.3736
25.11,92.82,182.0,35.2,32.0,90.0,1.0,0.0,32.0,33.9,34.0,1.147,0.5026
25.11,92.83,165.0,28.7,31.7,47.9,0.742,0.6704,31.7,33.8,34.5,1.148,0.4183
25.11,92.84,120.0,27.9,31.6,90.0,1.0,0.0,31.6,33.7,34.8,1.149,0.4072
25.11,92.85,130.0,20.7,31.5,47.9,0.742,0.6704,31.5,33.6,34.9,1.15,0.3074
25.11,92.86,163.0,16.8,31.6,270.0,-1.0,-0.0,31.6,33.6,34.8,1.15,0.2513
25.11,92.87,268.0,14.1,31.8,227.9,-0.742,-0.6704,31.8,33.5,34.7,1.151,0.2117
25.11,92.88,246.0,20.9,32.0,270.0,-1.0,-0.0,32.0,33.5,34.5,1.152,0.3097
25.11,92.89,249.0,20.0,32.2,227.9,-0.742,-0.6704,32.2,33.4,34.4,1.153,0.2966
25.11,92.9,237.0,27.3,32.4,270.0,-1.0,-0.0,32.4,33.3,34.3,1.154,0.3974
25.11,92.91,211.0,22.8,32.6,312.1,-0.742,0.6704,32.6,33.2,34.3,1.155,0.3355
25.11,92.92,223.0,18.8,32.8,270.0,-1.0,-0.0,32.8,33.0,34.2,1.157,0.2785
25.11,92.93,231.0,17.2,32.9,90.0,1.0,0.0,32.9,32.8,34.2,1.158,0.2554
25.11,92.94,274.0,33.5,33.1,227.9,-0.742,-0.6704,33.1,32.7,34.2,1.16,0.4758
25.11,92.95,321.0,38.7,33.3,270.0,-1.0,-0.0,33.3,32.5,34.2,1.161,0.5385
25.11,92.96,329.0,30.2,33.5,312.1,-0.742,0.6704,33.5,32.3,34.2,1.162,0.4329
25.11,92.97,369.0,20.0,33.6,227.9,-0.742,-0.6704,33.6,32.2,34.2,1.163,0.2941
25.11,92.98,381.0,32.5,33.7,227.9,-0.742,-0.6704,33.7,32.0,34.2,1.164,0.4616
25.11,92.99,498.0,32.1,33.8,270.0,-1.0,-0.0,33.8,31.9,34.3,1.165,0.4561
25.11,93.0,609.0,26.4,33.9,270.0,-1.0,-0.0,33.9,31.8,34.3,1.166,0.3813
25.11,93.01,696.0,43.4,34.0,180.0,0.0,-1.0,34.0,31.7,34.3,1.167,0.5888
25.11,93.02,1127.0,43.4,34.1,180.0,0.0,-1.0,34.1,31.6,34.3,1.168,0.5883
25.11,93.03,1108.0,41.2,34.2,270.0,-1.0,-0.0,34.2,31.5,34.4,1.168,0.5639
25.11,93.04,1050.0,47.1,34.2,180.0,0.0,-1.0,34.2,31.4,34.4,1.169,0.6266
25.11,93.05,1541.0,47.1,34.3,180.0,0.0,-1.0,34.3,31.3,34.4,1.169,0.6266
25.11,93.06,1595.0,46.9,34.4,270.0,-1.0,-0.0,34.4,31.2,34.4,1.17,0.6241
25.11,93.07,1450.0,41.2,34.4,0.0,0.0,1.0,34.4,31.1,34.5,1.17,0.563
25.11,93.08,1051.0,41.2,34.5,0.0,0.0,1.0,34.5,31.0,34.5,1.171,0.5625
25.11,93.09,1021.0,28.9,34.5,47.9,0.742,0.6704,34.5,30.9,34.5,1.171,0.4127
25.11,93.1,919.0,28.4,34.6,90.0,1.0,0.0,34.6,30.9,34.6,1.172,0.4058
25.11,93.11,900.0,29.7,34.6,0.0,0.0,1.0,34.6,30.8,34.6,1.172,0.4227
25.11,93.12,640.0,29.7,34.6,0.0,0.0,1.0,34.6,30.7,34.6,1.173,0.4224
25.11,93.13,708.0,18.8,34.7,132.1,0.742,-0.6704,34.7,30.7,34.7,1.173,0.2747
25.12,92.56,392.0,28.6,33.1,227.9,-0.742,-0.6704,33.1,33.7,33.2,1.158,0.4134
25.12,92.57,625.0,38.4,33.1,227.9,-0.742,-0.6704,33.1,33.7,33.2,1.157,0.5369
25.12,92.58,811.0,46.2,33.1,270.0,-1.0,-0.0,33.1,33.8,33.1,1.157,0.6238
25.12,92.59,459.0,49.5,33.1,227.9,-0.742,-0.6704,33.1,33.8,33.1,1.156,0.6578
25.12,92.6,446.0,52.0,33.1,270.0,-1.0,-0.0,33.1,33.9,33.0,1.155,0.6823
25.12,92.61,480.0,48.8,33.1,312.1,-0.742,0.6704,33.1,33.9,33.0,1.154,0.652
25.12,92.62,758.0,31.3,33.1,180.0,0.0,-1.0,33.1,34.0,32.9,1.154,0.4502
25.12,92.63,868.0,25.9,33.1,180.0,0.0,-1.0,33.1,34.0,32.8,1.153,0.3788
25.12,92.64,1090.0,25.9,33.2,180.0,0.0,-1.0,33.2,34.1,32.7,1.152,0.3792
25.12,92.65,1248.0,29.5,33.2,270.0,-1.0,-0.0,33.2,34.1,32.7,1.151,0.4278
25.12,92.66,1156.0,24.6,33.2,270.0,-1.0,-0.0,33.2,34.2,32.6,1.15,0.362
25.12,92.67,1064.0,36.0,33.2,270.0,-1.0,-0.0,33.2,34.3,32.5,1.149,0.5116
25.12,92.68,1349.0,37.4,33.3,270.0,-1.0,-0.0,33.3,34.3,32.4,1.148,0.5291
25.12,92.69,1341.0,36.8,33.3,270.0,-1.0,-0.0,33.3,34.4,32.3,1.147,0.5223
25.12,92.7,1297.0,33.5,33.3,270.0,-1.0,-0.0,33.3,34.5,32.2,1.146,0.4816
25.12,92.71,1382.0,39.7,33.4,270.0,-1.0,-0.0,33.4,34.6,32.1,1.144,0.5584
25.12,92.72,1409.0,41.5,33.4,270.0,-1.0,-0.0,33.4,34.6,31.9,1.142,0.5802
25.12,92.73,1458.0,47.7,33.5,90.0,1.0,0.0,33.5,34.7,31.8,1.14,0.6488
25.12,92.74,1138.0,35.0,33.6,0.0,0.0,1.0,33.6,34.8,31.6,1.138,0.504
25.12,92.75,878.0,29.7,33.7,0.0,0.0,1.0,33.7,34.9,31.4,1.135,0.4365
25.12,92.76,926.0,22.1,33.8,90.0,1.0,0.0,33.8,35.0,31.2,1.131,0.3326
25.12,92.77,970.0,34.0,33.85,0.0,0.0,1.0,33.85,35.1,31.05,1.13,0.4949
25.12,92.78,662.0,34.0,33.8,0.0,0.0,1.0,33.8,35.0,31.2,1.132,0.494
25.12,92.79,750.0,36.6,33.5,90.0,1.0,0.0,33.5,34.8,31.7,1.135,0.5253
25.12,92.8,662.0,30.8,33.1,90.0,1.0,0.0,33.1,34.6,32.3,1.14,0.4492
25.12,92.81,572.0,37.8,32.7,90.0,1.0,0.0,32.7,34.3,33.0,1.143,0.5362
25.12,92.82,538.0,40.1,32.4,90.0,1.0,0.0,32.4,34.1,33.6,1.146,0.5621
25.12,92.83,393.0,48.5,32.1,90.0,1.0,0.0,32.1,33.9,34.1,1.148,0.6524
25.12,92.84,387.0,48.8,31.9,90.0,1.0,0.0,31.9,33.8,34.3,1.149,0.6548
25.12,92.85,210.0,52.0,31.9,90.0,1.0,0.0,31.9,33.7,34.5,1.15,0.6852
25.12,92.86,183.0,52.0,31.9,90.0,1.0,0.0,31.9,33.6,34.5,1.15,0.6852
25.12,92.87,156.0,52.0,32.0,90.0,1.0,0.0,32.0,33.6,34.4,1.151,0.6846
25.12,92.88,280.0,52.0,32.2,90.0,1.0,0.0,32.2,33.5,34.4,1.152,0.684
25.12,92.89,213.0,52.0,32.3,90.0,1.0,0.0,32.3,33.4,34.3,1.153,0.6834
25.12,92.9,232.0,52.0,32.5,90.0,1.0,0.0,32.5,33.2,34.3,1.155,0.6823
25.12,92.91,297.0,52.0,32.7,90.0,1.0,0.0,32.7,33.1,34.2,1.156,0.6817
25.12,92.92,344.0,50.8,32.9,90.0,1.0,0.0,32.9,32.9,34.2,1.157,0.6698
25.12,92.93,387.0,48.8,33.1,90.0,1.0,0.0,33.1,32.8,34.2,1.159,0.6492
25.12,92.94,397.0,48.3,33.2,90.0,1.0,0.0,33.2,32.6,34.2,1.16,0.6437
25.12,92.95,372.0,49.5,33.4,90.0,1.0,0.0,33.4,32.4,34.2,1.162,0.6544
25.12,92.96,365.0,49.8,33.6,90.0,1.0,0.0,33.6,32.2,34.2,1.163,0.6567
25.12,92.97,397.0,48.3,33.7,90.0,1.0,0.0,33.7,32.1,34.2,1.164,0.6414
25.12,92.98,418.0,47.2,33.8,90.0,1.0,0.0,33.8,31.9,34.2,1.165,0.6298
25.12,92.99,379.0,49.2,34.0,90.0,1.0,0.0,34.0,31.8,34.3,1.166,0.6492
25.12,93.0,390.0,48.6,34.1,90.0,1.0,0.0,34.1,31.7,34.3,1.167,0.6428
25.12,93.01,536.0,41.0,34.1,227.9,-0.742,-0.6704,34.1,31.6,34.3,1.167,0.5622
25.12,93.02,719.0,39.0,34.2,270.0,-1.0,-0.0,34.2,31.5,34.3,1.168,0.5388
25.12,93.03,667.0,41.2,34.3,270.0,-1.0,-0.0,34.3,31.4,34.4,1.169,0.5635
25.12,93.04,966.0,40.2,34.3,227.9,-0.742,-0.6704,34.3,31.3,34.4,1.169,0.5521
25.12,93.05,1101.0,41.1,34.4,270.0,-1.0,-0.0,34.4,31.2,34.4,1.17,0.5619
25.12,93.06,1055.0,46.9,34.4,270.0,-1.0,-0.0,34.4,31.1,34.5,1.17,0.6241
25.12,93.07,1525.0,48.1,34.5,270.0,-1.0,-0.0,34.5,31.0,34.5,1.171,0.6356
25.12,93.08,1153.0,39.2,34.5,0.0,0.0,1.0,34.5,30.9,34.5,1.171,0.5397
25.12,93.09,1285.0,32.5,34.6,270.0,-1.0,-0.0,34.6,30.9,34.6,1.172,0.4584
25.12,93.1,1168.0,35.2,34.6,0.0,0.0,1.0,34.6,30.8,34.6,1.172,0.4918
25.12,93.11,846.0,35.2,34.7,0.0,0.0,1.0,34.7,30.7,34.6,1.173,0.4914
25.12,93.12,750.0,22.9,34.7,90.0,1.0,0.0,34.7,30.6,34.7,1.173,0.3317
25.12,93.13,729.0,24.9,34.8,90.0,1.0,0.0,34.8,30.6,34.7,1.173,0.3589
25.12,93.14,940.0,24.8,34.8,180.0,0.0,-1.0,34.8,30.5,34.7,1.174,0.3573
25.13,92.55,281.0,52.0,33.1,90.0,1.0,0.0,33.1,33.6,33.3,1.159,0.6799
25.13,92.56,216.0,52.0,33.1,90.0,1.0,0.0,33.1,33.7,33.2,1.158,0.6805
25.13,92.57,258.0,52.0,33.1,90.0,1.0,0.0,33.1,33.7,33.2,1.158,0.6805
25.13,92.58,284.0,52.0,33.1,90.0,1.0,0.0,33.1,33.8,33.1,1.157,0.6811
25.13,92.59,406.0,47.8,33.1,90.0,1.0,0.0,33.1,33.8,33.1,1.156,0.6408
25.13,92.6,754.0,37.3,33.1,180.0,0.0,-1.0,33.1,33.9,33.0,1.155,0.5247
25.13,92.61,963.0,43.8,33.1,90.0,1.0,0.0,33.1,33.9,32.9,1.155,0.5993
25.13,92.62,1082.0,35.4,33.2,132.1,0.742,-0.6704,33.2,34.0,32.9,1.154,0.502
25.13,92.63,737.0,16.8,33.2,132.1,0.742,-0.6704,33.2,34.0,32.8,1.153,0.2507
25.13,92.64,891.0,22.7,33.2,227.9,-0.742,-0.6704,33.2,34.1,32.7,1.152,0.335
25.13,92.65,1064.0,29.5,33.2,270.0,-1.0,-0.0,33.2,34.2,32.6,1.151,0.4278
25.13,92.66,1087.0,22.7,33.2,312.1,-0.742,0.6704,33.2,34.2,32.6,1.15,0.3356
25.13,92.67,1361.0,29.6,33.3,227.9,-0.742,-0.6704,33.3,34.3,32.5,1.149,0.4299
25.13,92.68,1194.0,37.4,33.3,270.0,-1.0,-0.0,33.3,34.4,32.4,1.148,0.5291
25.13,92.69,1262.0,36.8,33.3,270.0,-1.0,-0.0,33.3,34.4,32.2,1.147,0.5223
25.13,92.7,1296.0,33.5,33.4,270.0,-1.0,-0.0,33.4,34.5,32.1,1.146,0.4816
25.13,92.71,1341.0,39.7,33.4,270.0,-1.0,-0.0,33.4,34.6,32.0,1.145,0.5579
25.13,92.72,1429.0,41.5,33.5,270.0,-1.0,-0.0,33.5,34.7,31.9,1.143,0.5797
25.13,92.73,1511.0,44.5,33.5,270.0,-1.0,-0.0,33.5,34.7,31.7,1.141,0.6143
25.13,92.74,1042.0,36.0,33.6,312.1,-0.742,0.6704,33.6,34.8,31.6,1.139,0.5161
25.13,92.75,918.0,14.4,33.7,312.1,-0.742,0.6704,33.7,34.9,31.4,1.136,0.2189
25.13,92.76,1021.0,7.1,33.8,132.1,0.742,-0.6704,33.8,35.0,31.2,1.133,0.1091
25.13,92.77,808.0,23.9,33.8,47.9,0.742,0.6704,33.8,35.1,31.1,1.131,0.3582
25.13,92.78,638.0,30.8,33.7,90.0,1.0,0.0,33.7,35.0,31.3,1.133,0.4519
25.13,92.79,931.0,23.9,33.5,47.9,0.742,0.6704,33.5,34.8,31.6,1.136,0.3566
25.13,92.8,843.0,30.8,33.2,90.0,1.0,0.0,33.2,34.6,32.2,1.14,0.4492
25.13,92.81,537.0,37.8,32.9,90.0,1.0,0.0,32.9,34.4,32.7,1.143,0.5362
25.13,92.82,405.0,40.1,32.6,90.0,1.0,0.0,32.6,34.2,33.2,1.146,0.5621
25.13,92.83,489.0,48.5,32.4,90.0,1.0,0.0,32.4,34.0,33.7,1.147,0.653
25.13,92.84,633.0,48.8,32.2,90.0,1.0,0.0,32.2,33.8,34.0,1.149,0.6548
25.13,92.85,482.0,52.0,32.1,90.0,1.0,0.0,32.1,33.7,34.1,1.15,0.6852
25.13,92.86,382.0,52.0,32.2,90.0,1.0,0.0,32.2,33.6,34.2,1.151,0.6846
25.13,92.87,525.0,52.0,32.2,90.0,1.0,0.0,32.2,33.5,34.2,1.152,0.684
25.13,92.88,427.0,52.0,32.3,90.0,1.0,0.0,32.3,33.4,34.2,1.153,0.6834
25.13,92.89,567.0,52.0,32.5,90.0,1.0,0.0,32.5,33.3,34.2,1.154,0.6829
25.13,92.9,506.0,52.0,32.6,90.0,1.0,0.0,32.6,33.2,34.2,1.155,0.6823
25.13,92.91,431.0,52.0,32.8,90.0,1.0,0.0,32.8,33.0,34.2,1.157,0.6811
25.13,92.92,761.0,50.8,33.0,90.0,1.0,0.0,33.0,32.8,34.2,1.158,0.6692
25.13,92.93,927.0,48.8,33.2,90.0,1.0,0.0,33.2,32.7,34.2,1.16,0.6486
25.13,92.94,741.0,48.3,33.4,90.0,1.0,0.0,33.4,32.5,34.2,1.161,0.6431
25.13,92.95,777.0,49.5,33.5,90.0,1.0,0.0,33.5,32.3,34.2,1.162,0.6544
25.13,92.96,530.0,49.8,33.7,90.0,1.0,0.0,33.7,32.1,34.2,1.164,0.6562
25.13,92.97,704.0,48.3,33.8,90.0,1.0,0.0,33.8,31.9,34.2,1.165,0.6409
25.13,92.98,756.0,47.2,34.0,90.0,1.0,0.0,34.0,31.8,34.2,1.166,0.6293
25.13,92.99,626.0,49.2,34.1,90.0,1.0,0.0,34.1,31.7,34.3,1.167,0.6487
25.13,93.0,734.0,48.6,34.2,90.0,1.0,0.0,34.2,31.6,34.3,1.167,0.6428
25.13,93.01,676.0,40.2,34.2,90.0,1.0,0.0,34.2,31.5,34.3,1.168,0.5526
25.13,93.02,719.0,32.1,34.3,132.1,0.742,-0.6704,34.3,31.4,34.3,1.168,0.455
25.13,93.03,548.0,30.4,34.4,90.0,1.0,0.0,34.4,31.3,34.4,1.169,0.4329
25.13,93.04,617.0,23.5,34.4,132.1,0.742,-0.6704,34.4,31.2,34.4,1.169,0.3411
25.13,93.05,777.0,15.3,34.5,270.0,-1.0,-0.0,34.5,31.1,34.4,1.17,0.2255
25.13,93.06,970.0,39.6,34.5,227.9,-0.742,-0.6704,34.5,31.0,34.5,1.17,0.5448
25.13,93.07,1111.0,48.1,34.6,270.0,-1.0,-0.0,34.6,30.9,34.5,1.171,0.6356
25.13,93.08,1144.0,39.6,34.6,312.1,-0.742,0.6704,34.6,30.9,34.5,1.171,0.5443
25.13,93.09,1333.0,32.5,34.7,270.0,-1.0,-0.0,34.7,30.8,34.6,1.172,0.4584
25.13,93.1,1261.0,25.3,34.7,312.1,-0.742,0.6704,34.7,30.7,34.6,1.172,0.3646
25.13,93.11,1090.0,17.4,34.8,47.9,0.742,0.6704,34.8,30.6,34.6,1.173,0.2549
25.13,93.12,1023.0,22.9,34.8,90.0,1.0,0.0,34.8,30.5,34.7,1.173,0.3317
25.13,93.13,906.0,24.9,34.8,90.0,1.0,0.0,34.8,30.4,34.7,1.174,0.3586
25.13,93.14,959.0,19.0,34.9,132.1,0.742,-0.6704,34.9,30.4,34.7,1.174,0.2773
25.13,93.15,1268.0,3.5,34.9,132.1,0.742,-0.6704,34.9,30.3,34.8,1.175,0.052
25.14,92.54,434.0,45.1,33.1,47.9,0.742,0.6704,33.1,33.6,33.3,1.16,0.6106
25.14,92.55,604.0,52.0,33.1,90.0,1.0,0.0,33.1,33.6,33.3,1.159,0.6799
25.14,92.56,444.0,52.0,33.1,90.0,1.0,0.0,33.1,33.7,33.2,1.159,0.6799
25.14,92.57,651.0,52.0,33.1,90.0,1.0,0.0,33.1,33.7,33.2,1.158,0.6805
25.14,92.58,715.0,52.0,33.1,90.0,1.0,0.0,33.1,33.8,33.1,1.157,0.6811
25.14,92.59,536.0,47.8,33.1,90.0,1.0,0.0,33.1,33.8,33.1,1.157,0.6403
25.14,92.6,696.0,39.3,33.1,132.1,0.742,-0.6704,33.1,33.9,33.0,1.156,0.5479
25.14,92.61,1240.0,17.1,33.1,132.1,0.742,-0.6704,33.1,33.9,32.9,1.155,0.2546
25.14,92.62,1184.0,3.5,33.2,180.0,0.0,-1.0,33.2,34.0,32.9,1.154,0.0529
25.14,92.63,885.0,3.5,33.2,180.0,0.0,-1.0,33.2,34.0,32.8,1.153,0.0529
25.14,92.64,1219.0,3.5,33.2,180.0,0.0,-1.0,33.2,34.1,32.7,1.152,0.053
25.14,92.65,1142.0,3.5,33.2,180.0,0.0,-1.0,33.2,34.2,32.6,1.151,0.053
25.14,92.66,1235.0,3.5,33.3,180.0,0.0,-1.0,33.3,34.2,32.5,1.15,0.0531
25.14,92.67,1462.0,3.5,33.3,180.0,0.0,-1.0,33.3,34.3,32.4,1.149,0.0531
25.14,92.68,1367.0,3.5,33.3,180.0,0.0,-1.0,33.3,34.4,32.3,1.148,0.0532
25.14,92.69,1321.0,3.5,33.4,180.0,0.0,-1.0,33.4,34.4,32.2,1.147,0.0532
25.14,92.7,1379.0,3.5,33.4,180.0,0.0,-1.0,33.4,34.5,32.1,1.146,0.0533
25.14,92.71,1581.0,3.5,33.5,180.0,0.0,-1.0,33.5,34.6,32.0,1.145,0.0533
25.14,92.72,1586.0,3.5,33.5,180.0,0.0,-1.0,33.5,34.7,31.8,1.144,0.0534
25.14,92.73,1690.0,3.5,33.6,180.0,0.0,-1.0,33.6,34.7,31.7,1.143,0.0534
25.14,92.74,1618.0,3.5,33.6,180.0,0.0,-1.0,33.6,34.8,31.6,1.141,0.0535
25.14,92.75,1530.0,3.5,33.7,180.0,0.0,-1.0,33.7,34.9,31.5,1.139,0.0536
25.14,92.76,1374.0,3.5,33.7,180.0,0.0,-1.0,33.7,34.9,31.4,1.137,0.0537
25.14,92.77,1167.0,3.5,33.7,180.0,0.0,-1.0,33.7,34.9,31.3,1.136,0.0537
25.14,92.78,847.0,3.5,33.6,180.0,0.0,-1.0,33.6,34.9,31.5,1.136,0.0537
25.14,92.79,1204.0,3.5,33.5,180.0,0.0,-1.0,33.5,34.8,31.7,1.139,0.0536
25.14,92.8,853.0,3.5,33.3,180.0,0.0,-1.0,33.3,34.6,32.1,1.141,0.0535
25.14,92.81,824.0,3.5,33.1,180.0,0.0,-1.0,33.1,34.4,32.5,1.144,0.0534
25.14,92.82,683.0,3.5,32.8,180.0,0.0,-1.0,32.8,34.2,33.0,1.146,0.0533
25.14,92.83,915.0,3.5,32.6,180.0,0.0,-1.0,32.6,34.0,33.4,1.147,0.0532
25.14,92.84,713.0,3.5,32.5,180.0,0.0,-1.0,32.5,33.9,33.6,1.149,0.0531
25.14,92.85,830.0,3.5,32.4,180.0,0.0,-1.0,32.4,33.8,33.8,1.15,0.0531
25.14,92.86,869.0,3.5,32.4,180.0,0.0,-1.0,32.4,33.6,34.0,1.151,0.053
25.14,92.87,1061.0,3.5,32.4,180.0,0.0,-1.0,32.4,33.5,34.0,1.152,0.053
25.14,92.88,1075.0,3.5,32.5,180.0,0.0,-1.0,32.5,33.4,34.1,1.153,0.0529
25.14,92.89,1031.0,3.5,32.7,180.0,0.0,-1.0,32.7,33.3,34.1,1.155,0.0529
25.14,92.9,994.0,3.5,32.8,180.0,0.0,-1.0,32.8,33.1,34.1,1.156,0.0528
25.14,92.91,949.0,3.5,33.0,180.0,0.0,-1.0,33.0,32.9,34.1,1.157,0.0528
25.14,92.92,837.0,3.5,33.1,180.0,0.0,-1.0,33.1,32.8,34.1,1.159,0.0527
25.14,92.93,956.0,3.5,33.3,180.0,0.0,-1.0,33.3,32.6,34.1,1.161,0.0526
25.14,92.94,849.0,3.5,33.5,180.0,0.0,-1.0,33.5,32.4,34.2,1.162,0.0525
25.14,92.95,908.0,3.5,33.7,180.0,0.0,-1.0,33.7,32.2,34.2,1.163,0.0525
25.14,92.96,915.0,3.5,33.8,180.0,0.0,-1.0,33.8,32.0,34.2,1.165,0.0524
25.14,92.97,933.0,3.5,34.0,180.0,0.0,-1.0,34.0,31.8,34.2,1.166,0.0524
25.14,92.98,794.0,3.5,34.1,180.0,0.0,-1.0,34.1,31.7,34.2,1.166,0.0524
25.14,92.99,701.0,3.5,34.2,180.0,0.0,-1.0,34.2,31.5,34.3,1.167,0.0523
25.14,93.0,728.0,3.5,34.3,180.0,0.0,-1.0,34.3,31.4,34.3,1.168,0.0523
25.14,93.01,625.0,3.5,34.3,180.0,0.0,-1.0,34.3,31.4,34.3,1.168,0.0523
25.14,93.02,750.0,3.5,34.4,180.0,0.0,-1.0,34.4,31.3,34.3,1.169,0.0522
25.14,93.03,453.0,3.5,34.4,180.0,0.0,-1.0,34.4,31.2,34.4,1.169,0.0522
25.14,93.04,663.0,3.5,34.5,180.0,0.0,-1.0,34.5,31.1,34.4,1.17,0.0522
25.14,93.05,626.0,3.5,34.5,180.0,0.0,-1.0,34.5,31.0,34.4,1.17,0.0522
25.14,93.06,606.0,3.5,34.6,180.0,0.0,-1.0,34.6,31.0,34.5,1.171,0.0521
25.14,93.07,711.0,3.5,34.6,180.0,0.0,-1.0,34.6,30.9,34.5,1.171,0.0521
25.14,93.08,761.0,3.5,34.7,180.0,0.0,-1.0,34.7,30.8,34.5,1.172,0.0521
25.14,93.09,939.0,3.5,34.7,180.0,0.0,-1.0,34.7,30.7,34.6,1.172,0.0521
25.14,93.1,897.0,3.5,34.8,180.0,0.0,-1.0,34.8,30.6,34.6,1.173,0.052
25.14,93.11,1450.0,3.5,34.8,180.0,0.0,-1.0,34.8,30.5,34.7,1.173,0.052
25.14,93.12,1102.0,3.5,34.9,180.0,0.0,-1.0,34.9,30.4,34.7,1.174,0.052
25.14,93.13,946.0,3.5,34.9,180.0,0.0,-1.0,34.9,30.3,34.7,1.174,0.052
25.14,93.14,1282.0,3.5,35.0,180.0,0.0,-1.0,35.0,30.3,34.8,1.174,0.052
25.14,93.15,1310.0,3.5,35.0,180.0,0.0,-1.0,35.0,30.2,34.8,1.175,0.052
25.14,93.16,1180.0,3.5,35.0,180.0,0.0,-1.0,35.0,30.2,34.8,1.175,0.052
25.15,92.52,109.0,3.5,33.1,180.0,0.0,-1.0,33.1,33.5,33.4,1.162,0.0525
25.15,92.53,366.0,3.5,33.1,180.0,0.0,-1.0,33.1,33.6,33.4,1.161,0.0526
25.15,92.54,852.0,3.5,33.1,180.0,0.0,-1.0,33.1,33.6,33.3,1.16,0.0526
25.15,92.55,848.0,3.5,33.1,180.0,0.0,-1.0,33.1,33.6,33.3,1.16,0.0526
25.15,92.56,1021.0,3.5,33.1,180.0,0.0,-1.0,33.1,33.7,33.2,1.159,0.0527
25.15,92.57,1229.0,3.5,33.1,180.0,0.0,-1.0,33.1,33.7,33.2,1.158,0.0527
25.15,92.58,835.0,3.5,33.1,180.0,0.0,-1.0,33.1,33.8,33.1,1.158,0.0527
25.15,92.59,898.0,3.5,33.1,180.0,0.0,-1.0,33.1,33.8,33.1,1.157,0.0528
25.15,92.6,924.0,3.5,33.1,180.0,0.0,-1.0,33.1,33.9,33.0,1.156,0.0528
25.15,92.61,979.0,3.5,33.2,180.0,0.0,-1.0,33.2,33.9,32.9,1.155,0.0529
25.15,92.62,1224.0,3.5,33.2,180.0,0.0,-1.0,33.2,34.0,32.9,1.154,0.0529
25.15,92.63,1224.0,3.5,33.2,180.0,0.0,-1.0,33.2,34.0,32.8,1.154,0.0529
25.15,92.64,1088.0,3.5,33.2,180.0,0.0,-1.0,33.2,34.1,32.7,1.153,0.0529
25.15,92.65,1121.0,3.5,33.2,180.0,0.0,-1.0,33.2,34.2,32.6,1.152,0.053
25.15,92.66,1285.0,3.5,33.3,180.0,0.0,-1.0,33.3,34.2,32.5,1.151,0.053
25.15,92.67,1440.0,3.5,33.3,180.0,0.0,-1.0,33.3,34.3,32.4,1.15,0.0531
25.15,92.68,1414.0,3.5,33.3,180.0,0.0,-1.0,33.3,34.4,32.3,1.149,0.0531
25.15,92.69,1418.0,3.5,33.4,180.0,0.0,-1.0,33.4,34.4,32.2,1.148,0.0532
25.15,92.7,1529.0,3.5,33.4,180.0,0.0,-1.0,33.4,34.5,32.0,1.147,0.0532
25.15,92.71,1561.0,3.5,33.5,180.0,0.0,-1.0,33.5,34.6,31.9,1.146,0.0533
25.15,92.72,1651.0,3.5,33.5,180.0,0.0,-1.0,33.5,34.7,31.8,1.145,0.0533
25.15,92.73,1542.0,3.5,33.6,180.0,0.0,-1.0,33.6,34.8,31.6,1.145,0.0533
25.15,92.74,1409.0,3.5,33.7,180.0,0.0,-1.0,33.7,34.8,31.5,1.144,0.0534
25.15,92.75,1516.0,3.5,33.7,180.0,0.0,-1.0,33.7,34.9,31.4,1.143,0.0534
25.15,92.76,1423.0,3.5,33.7,180.0,0.0,-1.0,33.7,34.9,31.4,1.142,0.0535
25.15,92.77,1407.0,3.5,33.7,180.0,0.0,-1.0,33.7,34.9,31.4,1.141,0.0535
25.15,92.78,1333.0,3.5,33.6,180.0,0.0,-1.0,33.6,34.8,31.6,1.141,0.0535
25.15,92.79,1458.0,3.5,33.5,180.0,0.0,-1.0,33.5,34.7,31.8,1.142,0.0535
25.15,92.8,1311.0,3.5,33.3,180.0,0.0,-1.0,33.3,34.6,32.1,1.143,0.0534
25.15,92.81,1041.0,3.5,33.2,180.0,0.0,-1.0,33.2,34.4,32.4,1.145,0.0533
25.15,92.82,1049.0,3.5,33.0,180.0,0.0,-1.0,33.0,34.2,32.8,1.146,0.0533
25.15,92.83,1129.0,3.5,32.8,180.0,0.0,-1.0,32.8,34.1,33.1,1.148,0.0532
25.15,92.84,971.0,3.5,32.7,180.0,0.0,-1.0,32.7,33.9,33.4,1.149,0.0531
25.15,92.85,1135.0,3.5,32.6,180.0,0.0,-1.0,32.6,33.8,33.6,1.15,0.0531
25.15,92.86,1144.0,3.5,32.6,180.0,0.0,-1.0,32.6,33.6,33.8,1.152,0.053
25.15,92.87,1181.0,3.5,32.6,180.0,0.0,-1.0,32.6,33.5,33.9,1.153,0.0529
25.15,92.88,1306.0,3.5,32.7,180.0,0.0,-1.0,32.7,33.4,33.9,1.154,0.0529
25.15,92.89,1059.0,3.5,32.8,180.0,0.0,-1.0,32.8,33.2,34.0,1.155,0.0529
25.15,92.9,1052.0,3.5,32.9,180.0,0.0,-1.0,32.9,33.0,34.0,1.157,0.0528
25.15,92.91,1254.0,3.5,33.1,180.0,0.0,-1.0,33.1,32.8,34.0,1.158,0.0527
25.15,92.92,1243.0,3.5,33.3,180.0,0.0,-1.0,33.3,32.6,34.1,1.16,0.0526
25.15,92.93,884.0,3.5,33.4,180.0,0.0,-1.0,33.4,32.4,34.1,1.161,0.0526
25.15,92.94,911.0,3.5,33.6,180.0,0.0,-1.0,33.6,32.2,34.1,1.163,0.0525
25.15,92.95,977.0,3.5,33.8,180.0,0.0,-1.0,33.8,32.0,34.2,1.164,0.0524
25.15,92.96,1009.0,3.5,34.0,180.0,0.0,-1.0,34.0,31.8,34.2,1.165,0.0524
25.15,92.97,1048.0,3.5,34.1,180.0,0.0,-1.0,34.1,31.7,34.2,1.166,0.0524
25.15,92.98,867.0,3.5,34.2,180.0,0.0,-1.0,34.2,31.5,34.2,1.167,0.0523
25.15,92.99,648.0,3.5,34.3,180.0,0.0,-1.0,34.3,31.4,34.3,1.168,0.0523
25.15,93.0,582.0,3.5,34.4,180.0,0.0,-1.0,34.4,31.3,34.3,1.168,0.0523
25.15,93.01,530.0,3.5,34.4,180.0,0.0,-1.0,34.4,31.3,34.3,1.169,0.0522
25.15,93.02,526.0,3.5,34.5,180.0,0.0,-1.0,34.5,31.2,34.3,1.169,0.0522
25.15,93.03,554.0,3.5,34.5,180.0,0.0,-1.0,34.5,31.1,34.4,1.17,0.0522
25.15,93.04,644.0,3.5,34.6,180.0,0.0,-1.0,34.6,31.0,34.4,1.17,0.0522
25.15,93.05,623.0,3.5,34.6,180.0,0.0,-1.0,34.6,31.0,34.4,1.17,0.0522
25.15,93.06,533.0,3.5,34.6,180.0,0.0,-1.0,34.6,30.9,34.5,1.171,0.0521
25.15,93.07,592.0,3.5,34.7,180.0,0.0,-1.0,34.7,30.8,34.5,1.171,0.0521
25.15,93.08,639.0,3.5,34.8,180.0,0.0,-1.0,34.8,30.7,34.6,1.172,0.0521
25.15,93.09,658.0,3.5,34.8,180.0,0.0,-1.0,34.8,30.6,34.6,1.172,0.0521
25.15,93.1,759.0,3.5,34.9,180.0,0.0,-1.0,34.9,30.5,34.6,1.173,0.052
25.15,93.11,986.0,3.5,34.9,180.0,0.0,-1.0,34.9,30.4,34.7,1.173,0.052
25.15,93.12,1202.0,3.5,35.0,180.0,0.0,-1.0,35.0,30.3,34.7,1.174,0.052
25.15,93.13,1317.0,3.5,35.0,180.0,0.0,-1.0,35.0,30.2,34.8,1.174,0.052
25.15,93.14,1417.0,3.5,35.1,180.0,0.0,-1.0,35.1,30.2,34.8,1.175,0.052
25.15,93.15,1620.0,3.5,35.1,180.0,0.0,-1.0,35.1,30.1,34.8,1.175,0.052
25.15,93.16,1099.0,3.5,35.1,180.0,0.0,-1.0,35.1,30.1,34.8,1.175,0.052
25.15,93.17,880.0,3.5,35.1,180.0,0.0,-1.0,35.1,30.0,34.9,1.176,0.0519
25.16,92.52,347.0,3.5,33.1,180.0,0.0,-1.0,33.1,33.5,33.4,1.162,0.0525
25.16,92.53,254.0,3.5,33.1,180.0,0.0,-1.0,33.1,33.5,33.4,1.161,0.0526
25.16,92.54,303.0,3.5,33.1,180.0,0.0,-1.0,33.1,33.6,33.4,1.161,0.0526
25.16,92.55,486.0,3.5,33.1,180.0,0.0,-1.0,33.1,33.6,33.3,1.16,0.0526
25.16,92.56,964.0,3.5,33.1,180.0,0.0,-1.0,33.1,33.7,33.2,1.16,0.0526
25.16,92.57,1013.0,3.5,33.1,180.0,0.0,-1.0,33.1,33.7,33.2,1.159,0.0527
25.16,92.58,1305.0,3.5,33.1,180.0,0.0,-1.0,33.1,33.7,33.1,1.158,0.0527
25.16,92.59,1158.0,3.5,33.1,180.0,0.0,-1.0,33.1,33.8,33.1,1.157,0.0528
25.16,92.6,1399.0,3.5,33.1,180.0,0.0,-1.0,33.1,33.8,33.0,1.157,0.0528
25.16,92.61,1522.0,3.5,33.2,180.0,0.0,-1.0,33.2,33.9,32.9,1.156,0.0528
25.16,92.62,1419.0,3.5,33.2,180.0,0.0,-1.0,33.2,34.0,32.9,1.155,0.0529
25.16,92.63,1378.0,3.5,33.2,180.0,0.0,-1.0,33.2,34.0,32.8,1.154,0.0529
25.16,92.64,1255.0,3.5,33.2,180.0,0.0,-1.0,33.2,34.1,32.7,1.153,0.0529
25.16,92.65,1226.0,3.5,33.3,180.0,0.0,-1.0,33.3,34.1,32.6,1.152,0.053
25.16,92.66,1142.0,3.5,33.3,180.0,0.0,-1.0,33.3,34.2,32.5,1.151,0.053
25.16,92.67,1398.0,3.5,33.3,180.0,0.0,-1.0,33.3,34.3,32.4,1.15,0.0531
25.16,92.68,1452.0,3.5,33.4,180.0,0.0,-1.0,33.4,34.4,32.3,1.149,0.0531
25.16,92.69,1574.0,3.5,33.4,180.0,0.0,-1.0,33.4,34.4,32.1,1.149,0.0531
25.16,92.7,1621.0,3.5,33.5,180.0,0.0,-1.0,33.5,34.5,32.0,1.148,0.0532
25.16,92.71,1412.0,3.5,33.5,180.0,0.0,-1.0,33.5,34.6,31.9,1.147,0.0532
25.16,92.72,1374.0,3.5,33.6,180.0,0.0,-1.0,33.6,34.7,31.7,1.147,0.0532
25.16,92.73,1350.0,3.5,33.6,180.0,0.0,-1.0,33.6,34.8,31.6,1.146,0.0533
25.16,92.74,1305.0,3.5,33.7,180.0,0.0,-1.0,33.7,34.8,31.5,1.147,0.0532
25.16,92.75,1385.0,3.5,33.8,180.0,0.0,-1.0,33.8,34.9,31.4,1.147,0.0532
25.16,92.76,1475.0,3.5,33.8,180.0,0.0,-1.0,33.8,34.9,31.3,1.147,0.0532
25.16,92.77,1275.0,3.5,33.7,180.0,0.0,-1.0,33.7,34.9,31.4,1.146,0.0533
25.16,92.78,1372.0,3.5,33.7,180.0,0.0,-1.0,33.7,34.8,31.5,1.145,0.0533
25.16,92.79,1440.0,3.5,33.5,180.0,0.0,-1.0,33.5,34.7,31.7,1.145,0.0533
25.16,92.8,1412.0,3.5,33.4,180.0,0.0,-1.0,33.4,34.6,32.0,1.145,0.0533
25.16,92.81,1206.0,3.5,33.2,180.0,0.0,-1.0,33.2,34.4,32.3,1.146,0.0533
25.16,92.82,1197.0,3.5,33.1,180.0,0.0,-1.0,33.1,34.2,32.7,1.147,0.0532
25.16,92.83,1123.0,3.5,33.0,180.0,0.0,-1.0,33.0,34.1,33.0,1.149,0.0531
25.16,92.84,1038.0,3.5,32.8,180.0,0.0,-1.0,32.8,33.9,33.2,1.15,0.0531
25.16,92.85,1044.0,3.5,32.8,180.0,0.0,-1.0,32.8,33.8,33.4,1.151,0.053
25.16,92.86,967.0,3.5,32.8,180.0,0.0,-1.0,32.8,33.6,33.6,1.152,0.053
25.16,92.87,1062.0,3.5,32.8,180.0,0.0,-1.0,32.8,33.5,33.7,1.154,0.0529
25.16,92.88,1005.0,3.5,32.9,180.0,0.0,-1.0,32.9,33.3,33.8,1.155,0.0529
25.16,92.89,925.0,3.5,33.0,180.0,0.0,-1.0,33.0,33.1,33.9,1.156,0.0528
25.16,92.9,1217.0,3.5,33.1,180.0,0.0,-1.0,33.1,33.0,34.0,1.158,0.0527
25.16,92.91,1207.0,3.5,33.2,180.0,0.0,-1.0,33.2,32.8,34.0,1.159,0.0527
25.16,92.92,1167.0,3.5,33.4,180.0,0.0,-1.0,33.4,32.5,34.1,1.161,0.0526
25.16,92.93,962.0,3.5,33.6,180.0,0.0,-1.0,33.6,32.3,34.1,1.162,0.0525
25.16,92.94,789.0,3.5,33.8,180.0,0.0,-1.0,33.8,32.1,34.1,1.164,0.0524
25.16,92.95,794.0,3.5,33.9,180.0,0.0,-1.0,33.9,31.9,34.2,1.165,0.0524
25.16,92.96,867.0,3.5,34.1,180.0,0.0,-1.0,34.1,31.7,34.2,1.166,0.0524
25.16,92.97,910.0,3.5,34.2,180.0,0.0,-1.0,34.2,31.6,34.2,1.167,0.0523
25.16,92.98,928.0,3.5,34.3,180.0,0.0,-1.0,34.3,31.4,34.2,1.168,0.0523
25.16,92.99,668.0,3.5,34.4,180.0,0.0,-1.0,34.4,31.3,34.3,1.168,0.0523
25.16,93.0,494.0,3.5,34.5,180.0,0.0,-1.0,34.5,31.2,34.3,1.169,0.0522
25.16,93.01,563.0,3.5,34.5,180.0,0.0,-1.0,34.5,31.2,34.3,1.169,0.0522
25.16,93.02,667.0,3.5,34.6,180.0,0.0,-1.0,34.6,31.1,34.3,1.17,0.0522
25.16,93.03,395.0,3.5,34.6,180.0,0.0,-1.0,34.6,31.0,34.3,1.17,0.0522
25.16,93.04,386.0,3.5,34.6,180.0,0.0,-1.0,34.6,31.0,34.4,1.17,0.0522
25.16,93.05,591.0,3.5,34.7,180.0,0.0,-1.0,34.7,30.9,34.4,1.171,0.0521
25.16,93.06,477.0,3.5,34.7,180.0,0.0,-1.0,34.7,30.8,34.5,1.171,0.0521
25.16,93.07,513.0,3.5,34.8,180.0,0.0,-1.0,34.8,30.7,34.5,1.172,0.0521
25.16,93.08,573.0,3.5,34.8,180.0,0.0,-1.0,34.8,30.6,34.6,1.172,0.0521
25.16,93.09,522.0,3.5,34.9,180.0,0.0,-1.0,34.9,30.5,34.6,1.173,0.052
25.16,93.1,661.0,3.5,35.0,180.0,0.0,-1.0,35.0,30.4,34.7,1.173,0.052
25.16,93.11,722.0,3.5,35.0,180.0,0.0,-1.0,35.0,30.3,34.7,1.174,0.052
25.16,93.12,777.0,3.5,35.1,180.0,0.0,-1.0,35.1,30.2,34.8,1.174,0.052
25.16,93.13,827.0,3.5,35.1,180.0,0.0,-1.0,35.1,30.1,34.8,1.174,0.052
25.16,93.14,1096.0,3.5,35.1,180.0,0.0,-1.0,35.1,30.0,34.8,1.175,0.052
25.16,93.15,1288.0,3.5,35.2,180.0,0.0,-1.0,35.2,30.0,34.8,1.175,0.052
25.16,93.16,1243.0,3.5,35.2,180.0,0.0,-1.0,35.2,29.9,34.9,1.176,0.0519
25.16,93.17,1265.0,3.5,35.2,180.0,0.0,-1.0,35.2,29.9,34.9,1.176,0.0519
25.16,93.18,755.0,3.5,35.2,180.0,0.0,-1.0,35.2,29.9,34.9,1.176,0.0519
25.17,92.52,451.0,3.5,33.1,180.0,0.0,-1.0,33.1,33.5,33.5,1.162,0.0525
25.17,92.53,442.0,3.5,33.1,180.0,0.0,-1.0,33.1,33.5,33.4,1.162,0.0525
25.17,92.54,402.0,3.5,33.1,180.0,0.0,-1.0,33.1,33.6,33.4,1.161,0.0526
25.17,92.55,333.0,3.5,33.1,180.0,0.0,-1.0,33.1,33.6,33.3,1.161,0.0526
25.17,92.56,423.0,3.5,33.1,180.0,0.0,-1.0,33.1,33.6,33.3,1.16,0.0526
25.17,92.57,587.0,3.5,33.1,180.0,0.0,-1.0,33.1,33.7,33.2,1.159,0.0527
25.17,92.58,749.0,3.5,33.1,180.0,0.0,-1.0,33.1,33.7,33.1,1.159,0.0527
25.17,92.59,1145.0,3.5,33.1,180.0,0.0,-1.0,33.1,33.8,33.1,1.158,0.0527
25.17,92.6,1333.0,3.5,33.2,180.0,0.0,-1.0,33.2,33.8,33.0,1.157,0.0528
25.17,92.61,1465.0,3.5,33.2,180.0,0.0,-1.0,33.2,33.9,32.9,1.156,0.0528
25.17,92.62,1439.0,3.5,33.2,180.0,0.0,-1.0,33.2,33.9,32.9,1.155,0.0529
25.17,92.63,1496.0,3.5,33.2,180.0,0.0,-1.0,33.2,34.0,32.8,1.154,0.0529
25.17,92.64,1377.0,3.5,33.2,180.0,0.0,-1.0,33.2,34.1,32.7,1.154,0.0529
25.17,92.65,1257.0,3.5,33.3,180.0,0.0,-1.0,33.3,34.1,32.6,1.153,0.0529
25.17,92.66,1161.0,3.5,33.3,180.0,0.0,-1.0,33.3,34.2,32.5,1.152,0.053
25.17,92.67,1164.0,3.5,33.3,180.0,0.0,-1.0,33.3,34.3,32.4,1.151,0.053
25.17,92.68,1456.0,3.5,33.4,180.0,0.0,-1.0,33.4,34.3,32.3,1.15,0.0531
25.17,92.69,1488.0,3.5,33.4,180.0,0.0,-1.0,33.4,34.4,32.1,1.149,0.0531
25.17,92.7,1518.0,3.5,33.5,180.0,0.0,-1.0,33.5,34.5,32.0,1.149,0.0531
25.17,92.71,1468.0,3.5,33.5,180.0,0.0,-1.0,33.5,34.6,31.8,1.148,0.0532
25.17,92.72,1422.0,3.5,33.6,180.0,0.0,-1.0,33.6,34.7,31.7,1.148,0.0532
25.17,92.73,1457.0,3.5,33.7,180.0,0.0,-1.0,33.7,34.8,31.5,1.148,0.0532
25.17,92.74,1331.0,3.5,33.8,180.0,0.0,-1.0,33.8,34.9,31.4,1.148,0.0532
25.17,92.75,1263.0,3.5,33.8,180.0,0.0,-1.0,33.8,34.9,31.2,1.149,0.0531
25.17,92.76,1330.0,3.5,33.9,180.0,0.0,-1.0,33.9,35.0,31.2,1.149,0.0531
25.17,92.77,1281.0,3.5,33.8,180.0,0.0,-1.0,33.8,34.9,31.2,1.149,0.0531
25.17,92.78,1304.0,3.5,33.7,180.0,0.0,-1.0,33.7,34.8,31.4,1.148,0.0532
25.17,92.79,1286.0,3.5,33.6,180.0,0.0,-1.0,33.6,34.7,31.7,1.147,0.0532
25.17,92.8,1221.0,3.5,33.5,180.0,0.0,-1.0,33.5,34.6,32.0,1.147,0.0532
25.17,92.81,1141.0,3.5,33.3,180.0,0.0,-1.0,33.3,34.4,32.3,1.147,0.0532
25.17,92.82,1162.0,3.5,33.2,180.0,0.0,-1.0,33.2,34.2,32.6,1.148,0.0532
25.17,92.83,1121.0,3.5,33.1,180.0,0.0,-1.0,33.1,34.1,32.9,1.149,0.0531
25.17,92.84,911.0,3.5,33.0,180.0,0.0,-1.0,33.0,33.9,33.1,1.151,0.053
25.17,92.85,1013.0,3.5,32.9,180.0,0.0,-1.0,32.9,33.7,33.3,1.152,0.053
25.17,92.86,887.0,3.5,32.9,180.0,0.0,-1.0,32.9,33.6,33.5,1.153,0.0529
25.17,92.87,916.0,3.5,32.9,180.0,0.0,-1.0,32.9,33.4,33.6,1.154,0.0529
25.17,92.88,896.0,3.5,33.0,180.0,0.0,-1.0,33.0,33.2,33.7,1.156,0.0528
25.17,92.89,1147.0,3.5,33.1,180.0,0.0,-1.0,33.1,33.1,33.8,1.157,0.0528
25.17,92.9,1177.0,3.5,33.2,180.0,0.0,-1.0,33.2,32.9,33.9,1.159,0.0527
25.17,92.91,1029.0,3.5,33.4,180.0,0.0,-1.0,33.4,32.7,34.0,1.16,0.0526
25.17,92.92,894.0,3.5,33.5,180.0,0.0,-1.0,33.5,32.4,34.0,1.162,0.0525
25.17,92.93,869.0,3.5,33.7,180.0,0.0,-1.0,33.7,32.2,34.1,1.163,0.0525
25.17,92.94,811.0,3.5,33.9,180.0,0.0,-1.0,33.9,32.0,34.1,1.165,0.0524
25.17,92.95,756.0,3.5,34.1,180.0,0.0,-1.0,34.1,31.8,34.2,1.166,0.0524
25.17,92.96,1009.0,3.5,34.2,180.0,0.0,-1.0,34.2,31.6,34.2,1.167,0.0523
25.17,92.97,944.0,3.5,34.4,180.0,0.0,-1.0,34.4,31.4,34.2,1.168,0.0523
25.17,92.98,846.0,3.5,34.5,180.0,0.0,-1.0,34.5,31.3,34.2,1.168,0.0523
25.17,92.99,593.0,3.5,34.6,180.0,0.0,-1.0,34.6,31.2,34.2,1.169,0.0522
25.17,93.0,664.0,3.5,34.6,180.0,0.0,-1.0,34.6,31.1,34.3,1.169,0.0522
25.17,93.01,707.0,3.5,34.6,180.0,0.0,-1.0,34.6,31.1,34.3,1.17,0.0522
25.17,93.02,641.0,3.5,34.7,180.0,0.0,-1.0,34.7,31.0,34.3,1.17,0.0522
25.17,93.03,361.0,3.5,34.7,180.0,0.0,-1.0,34.7,31.0,34.3,1.17,0.0522
25.17,93.04,570.0,3.5,34.7,180.0,0.0,-1.0,34.7,30.9,34.4,1.17,0.0522
25.17,93.05,557.0,3.5,34.7,180.0,0.0,-1.0,34.7,30.8,34.4,1.171,0.0521
25.17,93.06,452.0,3.5,34.8,180.0,0.0,-1.0,34.8,30.7,34.5,1.171,0.0521
25.17,93.07,511.0,3.5,34.8,180.0,0.0,-1.0,34.8,30.6,34.5,1.172,0.0521
25.17,93.08,482.0,3.5,34.9,180.0,0.0,-1.0,34.9,30.5,34.6,1.172,0.0521
25.17,93.09,552.0,3.5,35.0,180.0,0.0,-1.0,35.0,30.4,34.6,1.173,0.052
25.17,93.1,552.0,3.5,35.0,180.0,0.0,-1.0,35.0,30.3,34.7,1.173,0.052
25.17,93.11,682.0,3.5,35.1,180.0,0.0,-1.0,35.1,30.2,34.7,1.174,0.052
25.17,93.12,655.0,3.5,35.2,180.0,0.0,-1.0,35.2,30.1,34.8,1.174,0.052
25.17,93.13,641.0,3.5,35.2,180.0,0.0,-1.0,35.2,30.0,34.8,1.175,0.052
25.17,93.14,848.0,3.5,35.3,180.0,0.0,-1.0,35.3,29.9,34.9,1.175,0.052
25.17,93.15,910.0,3.5,35.3,180.0,0.0,-1.0,35.3,29.8,34.9,1.175,0.052
25.17,93.16,896.0,3.5,35.3,180.0,0.0,-1.0,35.3,29.8,34.9,1.176,0.0519
25.17,93.17,823.0,3.5,35.3,180.0,0.0,-1.0,35.3,29.8,34.9,1.176,0.0519
25.17,93.18,1007.0,3.5,35.3,180.0,0.0,-1.0,35.3,29.8,34.9,1.176,0.0519
25.18,92.51,356.0,3.5,33.0,180.0,0.0,-1.0,33.0,33.4,33.5,1.164,0.0524
25.18,92.52,190.0,3.5,33.1,180.0,0.0,-1.0,33.1,33.5,33.5,1.163,0.0525
25.18,92.53,423.0,3.5,33.1,180.0,0.0,-1.0,33.1,33.5,33.4,1.162,0.0525
25.18,92.54,539.0,3.5,33.1,180.0,0.0,-1.0,33.1,33.6,33.4,1.162,0.0525
25.18,92.55,398.0,3.5,33.1,180.0,0.0,-1.0,33.1,33.6,33.3,1.161,0.0526
25.18,92.56,467.0,3.5,33.1,180.0,0.0,-1.0,33.1,33.6,33.3,1.16,0.0526
25.18,92.57,577.0,3.5,33.1,180.0,0.0,-1.0,33.1,33.7,33.2,1.16,0.0526
25.18,92.58,580.0,3.5,33.1,180.0,0.0,-1.0,33.1,33.7,33.2,1.159,0.0527
25.18,92.59,555.0,3.5,33.1,180.0,0.0,-1.0,33.1,33.8,33.1,1.158,0.0527
25.18,92.6,1118.0,3.5,33.2,180.0,0.0,-1.0,33.2,33.8,33.0,1.157,0.0528
25.18,92.61,1284.0,3.5,33.2,180.0,0.0,-1.0,33.2,33.9,33.0,1.157,0.0528
25.18,92.62,1511.0,3.5,33.2,180.0,0.0,-1.0,33.2,33.9,32.9,1.156,0.0528
25.18,92.63,1576.0,3.5,33.2,180.0,0.0,-1.0,33.2,34.0,32.8,1.155,0.0529
25.18,92.64,1534.0,3.5,33.2,180.0,0.0,-1.0,33.2,34.0,32.7,1.154,0.0529
25.18,92.65,1308.0,3.5,33.3,180.0,0.0,-1.0,33.3,34.1,32.6,1.153,0.0529
25.18,92.66,1246.0,3.5,33.3,180.0,0.0,-1.0,33.3,34.2,32.5,1.152,0.053
25.18,92.67,1195.0,3.5,33.4,180.0,0.0,-1.0,33.4,34.3,32.4,1.152,0.053
25.18,92.68,1398.0,3.5,33.4,180.0,0.0,-1.0,33.4,34.3,32.3,1.151,0.053
25.18,92.69,1539.0,3.5,33.4,180.0,0.0,-1.0,33.4,34.4,32.1,1.15,0.0531
25.18,92.7,1484.0,3.5,33.5,180.0,0.0,-1.0,33.5,34.5,32.0,1.149,0.0531
25.18,92.71,1442.0,3.5,33.6,180.0,0.0,-1.0,33.6,34.6,31.8,1.149,0.0531
25.18,92.72,1493.0,3.5,33.6,180.0,0.0,-1.0,33.6,34.7,31.7,1.149,0.0531
25.18,92.73,1389.0,3.5,33.7,180.0,0.0,-1.0,33.7,34.8,31.5,1.149,0.0531
25.18,92.74,1312.0,3.5,33.8,180.0,0.0,-1.0,33.8,34.9,31.3,1.149,0.0531
25.18,92.75,1279.0,3.5,33.9,180.0,0.0,-1.0,33.9,35.0,31.2,1.15,0.0531
25.18,92.76,1242.0,3.5,33.88,180.0,0.0,-1.0,33.88,35.0,31.12,1.15,0.0531
25.18,92.77,1273.0,3.5,33.8,180.0,0.0,-1.0,33.8,35.0,31.2,1.15,0.0531
25.18,92.78,1159.0,3.5,33.8,180.0,0.0,-1.0,33.8,34.9,31.4,1.149,0.0531
25.18,92.79,1232.0,3.5,33.6,180.0,0.0,-1.0,33.6,34.7,31.6,1.148,0.0532
25.18,92.8,1131.0,3.5,33.5,180.0,0.0,-1.0,33.5,34.6,31.9,1.148,0.0532
25.18,92.81,1229.0,3.5,33.4,180.0,0.0,-1.0,33.4,34.4,32.2,1.148,0.0532
25.18,92.82,1205.0,3.5,33.3,180.0,0.0,-1.0,33.3,34.2,32.5,1.149,0.0531
25.18,92.83,1140.0,3.5,33.2,180.0,0.0,-1.0,33.2,34.0,32.8,1.15,0.0531
25.18,92.84,829.0,3.5,33.1,180.0,0.0,-1.0,33.1,33.9,33.0,1.151,0.053
25.18,92.85,993.0,3.5,33.1,180.0,0.0,-1.0,33.1,33.7,33.2,1.153,0.0529
25.18,92.86,851.0,3.5,33.0,180.0,0.0,-1.0,33.0,33.5,33.4,1.154,0.0529
25.18,92.87,906.0,3.5,33.1,180.0,0.0,-1.0,33.1,33.4,33.6,1.155,0.0529
25.18,92.88,902.0,3.5,33.1,180.0,0.0,-1.0,33.1,33.2,33.7,1.157,0.0528
25.18,92.89,1090.0,3.5,33.2,180.0,0.0,-1.0,33.2,33.0,33.8,1.158,0.0527
25.18,92.9,1098.0,3.5,33.3,180.0,0.0,-1.0,33.3,32.8,33.9,1.16,0.0526
25.18,92.91,1077.0,3.5,33.5,180.0,0.0,-1.0,33.5,32.6,34.0,1.161,0.0526
25.18,92.92,930.0,3.5,33.6,180.0,0.0,-1.0,33.6,32.3,34.0,1.163,0.0525
25.18,92.93,727.0,3.5,33.8,180.0,0.0,-1.0,33.8,32.1,34.1,1.164,0.0524
25.18,92.94,673.0,3.5,34.0,180.0,0.0,-1.0,34.0,31.9,34.1,1.165,0.0524
25.18,92.95,819.0,3.5,34.2,180.0,0.0,-1.0,34.2,31.7,34.2,1.167,0.0523
25.18,92.96,891.0,3.5,34.3,180.0,0.0,-1.0,34.3,31.5,34.2,1.168,0.0523
25.18,92.97,817.0,3.5,34.5,180.0,0.0,-1.0,34.5,31.3,34.2,1.168,0.0523
25.18,92.98,671.0,3.5,34.6,180.0,0.0,-1.0,34.6,31.2,34.2,1.169,0.0522
25.18,92.99,518.0,3.5,34.7,180.0,0.0,-1.0,34.7,31.1,34.2,1.169,0.0522
25.18,93.0,562.0,3.5,34.7,180.0,0.0,-1.0,34.7,31.0,34.2,1.17,0.0522
25.18,93.01,666.0,3.5,34.7,180.0,0.0,-1.0,34.7,31.0,34.3,1.17,0.0522
25.18,93.02,527.0,3.5,34.7,180.0,0.0,-1.0,34.7,31.0,34.3,1.17,0.0522
25.18,93.03,347.0,3.5,34.7,180.0,0.0,-1.0,34.7,30.9,34.3,1.17,0.0522
25.18,93.04,560.0,3.5,34.8,180.0,0.0,-1.0,34.8,30.9,34.4,1.171,0.0521
25.18,93.05,662.0,3.5,34.8,180.0,0.0,-1.0,34.8,30.8,34.4,1.171,0.0521
25.18,93.06,675.0,3.5,34.8,180.0,0.0,-1.0,34.8,30.7,34.5,1.171,0.0521
25.18,93.07,521.0,3.5,34.9,180.0,0.0,-1.0,34.9,30.6,34.5,1.172,0.0521
25.18,93.08,469.0,3.5,35.0,180.0,0.0,-1.0,35.0,30.4,34.6,1.172,0.0521
25.18,93.09,636.0,3.5,35.1,180.0,0.0,-1.0,35.1,30.3,34.7,1.173,0.052
25.18,93.1,573.0,3.5,35.1,180.0,0.0,-1.0,35.1,30.2,34.7,1.173,0.052
25.18,93.11,537.0,3.5,35.2,180.0,0.0,-1.0,35.2,30.0,34.8,1.174,0.052
25.18,93.12,594.0,3.5,35.3,180.0,0.0,-1.0,35.3,29.9,34.8,1.174,0.052
25.18,93.13,614.0,3.5,35.3,180.0,0.0,-1.0,35.3,29.8,34.9,1.175,0.052
25.18,93.14,630.0,3.5,35.4,180.0,0.0,-1.0,35.4,29.8,34.9,1.175,0.052
25.18,93.15,750.0,3.5,35.4,180.0,0.0,-1.0,35.4,29.7,34.9,1.176,0.0519
25.18,93.16,715.0,3.5,35.4,180.0,0.0,-1.0,35.4,29.7,34.9,1.176,0.0519
25.18,93.17,678.0,3.5,35.4,180.0,0.0,-1.0,35.4,29.7,35.0,1.176,0.0519
25.18,93.18,925.0,3.5,35.4,180.0,0.0,-1.0,35.4,29.7,35.0,1.177,0.0519
25.18,93.19,1163.0,3.5,35.4,180.0,0.0,-1.0,35.4,29.7,35.0,1.177,0.0519
25.19,92.51,441.0,3.5,33.0,180.0,0.0,-1.0,33.0,33.4,33.5,1.164,0.0524
25.19,92.52,425.0,3.5,33.0,180.0,0.0,-1.0,33.0,33.5,33.5,1.163,0.0525
25.19,92.53,207.0,3.5,33.1,180.0,0.0,-1.0,33.1,33.5,33.4,1.163,0.0525
25.19,92.54,490.0,3.5,33.1,180.0,0.0,-1.0,33.1,33.5,33.4,1.162,0.0525
25.19,92.55,638.0,3.5,33.1,180.0,0.0,-1.0,33.1,33.6,33.4,1.162,0.0525
25.19,92.56,738.0,3.5,33.1,180.0,0.0,-1.0,33.1,33.6,33.3,1.161,0.0526
25.19,92.57,1038.0,3.5,33.1,180.0,0.0,-1.0,33.1,33.7,33.2,1.16,0.0526
25.19,92.58,1100.0,3.5,33.1,180.0,0.0,-1.0,33.1,33.7,33.2,1.16,0.0526
25.19,92.59,855.0,3.5,33.1,180.0,0.0,-1.0,33.1,33.7,33.1,1.159,0.0527
25.19,92.6,1281.0,3.5,33.2,180.0,0.0,-1.0,33.2,33.8,33.1,1.158,0.0527
25.19,92.61,1457.0,3.5,33.2,180.0,0.0,-1.0,33.2,33.8,33.0,1.157,0.0528
25.19,92.62,1516.0,3.5,33.2,180.0,0.0,-1.0,33.2,33.9,32.9,1.156,0.0528
25.19,92.63,1588.0,3.5,33.2,180.0,0.0,-1.0,33.2,34.0,32.8,1.156,0.0528
25.19,92.64,1407.0,3.5,33.3,180.0,0.0,-1.0,33.3,34.0,32.7,1.155,0.0529
25.19,92.65,1368.0,3.5,33.3,180.0,0.0,-1.0,33.3,34.1,32.6,1.154,0.0529
25.19,92.66,1426.0,3.5,33.3,180.0,0.0,-1.0,33.3,34.2,32.5,1.153,0.0529
25.19,92.67,1422.0,3.5,33.4,180.0,0.0,-1.0,33.4,34.2,32.4,1.152,0.053
25.19,92.68,1478.0,3.5,33.4,180.0,0.0,-1.0,33.4,34.3,32.3,1.151,0.053
25.19,92.69,1505.0,3.5,33.5,180.0,0.0,-1.0,33.5,34.4,32.2,1.151,0.053
25.19,92.7,1464.0,3.5,33.5,180.0,0.0,-1.0,33.5,34.5,32.0,1.15,0.0531
25.19,92.71,1281.0,3.5,33.6,180.0,0.0,-1.0,33.6,34.6,31.9,1.15,0.0531
25.19,92.72,1373.0,3.5,33.6,180.0,0.0,-1.0,33.6,34.7,31.7,1.149,0.0531
25.19,92.73,1381.0,3.5,33.7,180.0,0.0,-1.0,33.7,34.8,31.5,1.149,0.0531
25.19,92.74,1340.0,3.5,33.8,180.0,0.0,-1.0,33.8,34.9,31.4,1.149,0.0531
25.19,92.75,1302.0,3.5,33.8,180.0,0.0,-1.0,33.8,34.9,31.2,1.15,0.0531
25.19,92.76,1115.0,3.5,33.9,180.0,0.0,-1.0,33.9,35.0,31.2,1.15,0.0531
25.19,92.77,1309.0,3.5,33.8,180.0,0.0,-1.0,33.8,34.9,31.2,1.15,0.0531
25.19,92.78,1233.0,3.5,33.7,180.0,0.0,-1.0,33.7,34.8,31.4,1.149,0.0531
25.19,92.79,1174.0,3.5,33.6,180.0,0.0,-1.0,33.6,34.7,31.7,1.149,0.0531
25.19,92.8,1099.0,3.5,33.5,180.0,0.0,-1.0,33.5,34.5,31.9,1.149,0.0531
25.19,92.81,1179.0,3.5,33.4,180.0,0.0,-1.0,33.4,34.4,32.2,1.149,0.0531
25.19,92.82,1237.0,3.5,33.3,180.0,0.0,-1.0,33.3,34.2,32.5,1.15,0.0531
25.19,92.83,1139.0,3.5,33.2,180.0,0.0,-1.0,33.2,34.0,32.8,1.151,0.053
25.19,92.84,907.0,3.5,33.2,180.0,0.0,-1.0,33.2,33.8,33.0,1.152,0.053
25.19,92.85,812.0,3.5,33.2,180.0,0.0,-1.0,33.2,33.7,33.2,1.154,0.0529
25.19,92.86,880.0,3.5,33.2,180.0,0.0,-1.0,33.2,33.5,33.4,1.155,0.0529
25.19,92.87,751.0,3.5,33.2,180.0,0.0,-1.0,33.2,33.3,33.5,1.156,0.0528
25.19,92.88,939.0,3.5,33.2,180.0,0.0,-1.0,33.2,33.1,33.7,1.158,0.0527
25.19,92.89,918.0,3.5,33.3,180.0,0.0,-1.0,33.3,32.9,33.8,1.159,0.0527
25.19,92.9,842.0,3.5,33.5,180.0,0.0,-1.0,33.5,32.7,33.9,1.161,0.0526
25.19,92.91,815.0,3.5,33.6,180.0,0.0,-1.0,33.6,32.5,34.0,1.162,0.0525
25.19,92.92,965.0,3.5,33.7,180.0,0.0,-1.0,33.7,32.2,34.0,1.163,0.0525
25.19,92.93,796.0,3.5,33.9,180.0,0.0,-1.0,33.9,32.0,34.1,1.165,0.0524
25.19,92.94,756.0,3.5,34.1,180.0,0.0,-1.0,34.1,31.8,34.1,1.166,0.0524
25.19,92.95,867.0,3.5,34.3,180.0,0.0,-1.0,34.3,31.5,34.2,1.167,0.0523
25.19,92.96,878.0,3.5,34.4,180.0,0.0,-1.0,34.4,31.4,34.2,1.168,0.0523
25.19,92.97,861.0,3.5,34.6,180.0,0.0,-1.0,34.6,31.2,34.2,1.169,0.0522
25.19,92.98,598.0,3.5,34.7,180.0,0.0,-1.0,34.7,31.1,34.2,1.169,0.0522
25.19,92.99,433.0,3.5,34.8,180.0,0.0,-1.0,34.8,31.0,34.2,1.17,0.0522
25.19,93.0,496.0,3.5,34.8,180.0,0.0,-1.0,34.8,31.0,34.2,1.17,0.0522
25.19,93.01,672.0,3.5,34.8,180.0,0.0,-1.0,34.8,31.0,34.2,1.17,0.0522
25.19,93.02,493.0,3.5,34.8,180.0,0.0,-1.0,34.8,30.9,34.3,1.17,0.0522
25.19,93.03,514.0,3.5,34.8,180.0,0.0,-1.0,34.8,30.9,34.3,1.17,0.0522
25.19,93.04,565.0,3.5,34.8,180.0,0.0,-1.0,34.8,30.8,34.4,1.171,0.0521
25.19,93.05,839.0,3.5,34.8,180.0,0.0,-1.0,34.8,30.7,34.4,1.171,0.0521
25.19,93.06,713.0,3.5,34.9,180.0,0.0,-1.0,34.9,30.6,34.5,1.172,0.0521
25.19,93.07,671.0,3.5,35.0,180.0,0.0,-1.0,35.0,30.5,34.6,1.172,0.0521
25.19,93.08,649.0,3.5,35.0,180.0,0.0,-1.0,35.0,30.3,34.6,1.173,0.052
25.19,93.09,516.0,3.5,35.1,180.0,0.0,-1.0,35.1,30.2,34.7,1.173,0.052
25.19,93.1,571.0,3.5,35.2,180.0,0.0,-1.0,35.2,30.0,34.7,1.174,0.052
25.19,93.11,596.0,3.5,35.3,180.0,0.0,-1.0,35.3,29.9,34.8,1.174,0.052
25.19,93.12,612.0,3.5,35.4,180.0,0.0,-1.0,35.4,29.8,34.9,1.175,0.052
25.19,93.13,535.0,3.5,35.4,180.0,0.0,-1.0,35.4,29.7,34.9,1.175,0.052
25.19,93.14,588.0,3.5,35.5,180.0,0.0,-1.0,35.5,29.6,34.9,1.175,0.052
25.19,93.15,701.0,3.5,35.5,180.0,0.0,-1.0,35.5,29.6,35.0,1.176,0.0519
25.19,93.16,534.0,3.5,35.5,180.0,0.0,-1.0,35.5,29.5,35.0,1.176,0.0519
25.19,93.17,657.0,3.5,35.5,180.0,0.0,-1.0,35.5,29.5,35.0,1.176,0.0519
25.19,93.18,766.0,3.5,35.5,180.0,0.0,-1.0,35.5,29.5,35.0,1.177,0.0519
25.19,93.19,802.0,3.5,35.4,180.0,0.0,-1.0,35.4,29.6,35.0,1.177,0.0519
25.2,92.5,612.0,3.5,33.0,180.0,0.0,-1.0,33.0,33.4,33.6,1.165,0.0524
25.2,92.51,455.0,3.5,33.0,180.0,0.0,-1.0,33.0,33.4,33.5,1.164,0.0524
25.2,92.52,603.0,3.5,33.0,180.0,0.0,-1.0,33.0,33.4,33.5,1.164,0.0524
25.2,92.53,475.0,3.5,33.1,180.0,0.0,-1.0,33.1,33.5,33.5,1.163,0.0525
25.2,92.54,362.0,3.5,33.1,180.0,0.0,-1.0,33.1,33.5,33.4,1.163,0.0525
25.2,92.55,356.0,3.5,33.1,180.0,0.0,-1.0,33.1,33.6,33.4,1.162,0.0525
25.2,92.56,391.0,3.5,33.1,180.0,0.0,-1.0,33.1,33.6,33.3,1.162,0.0525
25.2,92.57,617.0,3.5,33.1,180.0,0.0,-1.0,33.1,33.6,33.3,1.161,0.0526
25.2,92.58,836.0,3.5,33.1,180.0,0.0,-1.0,33.1,33.7,33.2,1.16,0.0526
25.2,92.59,1117.0,3.5,33.1,180.0,0.0,-1.0,33.1,33.7,33.1,1.159,0.0527
25.2,92.6,1545.0,3.5,33.2,180.0,0.0,-1.0,33.2,33.8,33.1,1.159,0.0527
25.2,92.61,1597.0,3.5,33.2,180.0,0.0,-1.0,33.2,33.8,33.0,1.158,0.0527
25.2,92.62,1557.0,3.5,33.2,180.0,0.0,-1.0,33.2,33.9,32.9,1.157,0.0528
25.2,92.63,1563.0,37.7,33.2,132.1,0.742,-0.6704,33.2,33.9,32.8,1.156,0.529
25.2,92.64,1470.0,46.2,33.3,90.0,1.0,0.0,33.3,34.0,32.8,1.155,0.6249
25.2,92.65,1274.0,37.7,33.3,47.9,0.742,0.6704,33.3,34.1,32.7,1.155,0.5295
25.2,92.66,1269.0,25.9,33.3,90.0,1.0,0.0,33.3,34.1,32.6,1.154,0.3785
25.2,92.67,1287.0,27.9,33.4,90.0,1.0,0.0,33.4,34.2,32.5,1.153,0.4058
25.2,92.68,1427.0,29.8,33.4,90.0,1.0,0.0,33.4,34.3,32.3,1.152,0.4314
25.2,92.69,1353.0,30.0,33.4,90.0,1.0,0.0,33.4,34.4,32.2,1.151,0.4344
25.2,92.7,1419.0,35.4,33.5,132.1,0.742,-0.6704,33.5,34.4,32.1,1.151,0.5033
25.2,92.71,1432.0,43.8,33.6,90.0,1.0,0.0,33.6,34.5,31.9,1.15,0.6019
25.2,92.72,1298.0,45.3,33.6,90.0,1.0,0.0,33.6,34.6,31.8,1.15,0.6181
25.2,92.73,1186.0,43.1,33.7,90.0,1.0,0.0,33.7,34.7,31.6,1.15,0.5942
25.2,92.74,1196.0,34.7,33.7,47.9,0.742,0.6704,33.7,34.8,31.5,1.15,0.495
25.2,92.75,1234.0,29.1,33.8,90.0,1.0,0.0,33.8,34.9,31.3,1.15,0.4229
25.2,92.76,1115.0,22.4,33.8,47.9,0.742,0.6704,33.8,34.9,31.3,1.15,0.3314
25.2,92.77,1135.0,28.8,33.8,90.0,1.0,0.0,33.8,34.9,31.4,1.15,0.4189
25.2,92.78,1084.0,22.2,33.7,47.9,0.742,0.6704,33.7,34.8,31.5,1.15,0.3286
25.2,92.79,1217.0,12.3,33.6,132.1,0.742,-0.6704,33.6,34.6,31.7,1.15,0.1852
25.2,92.8,1069.0,16.3,33.5,90.0,1.0,0.0,33.5,34.5,32.0,1.15,0.2441
25.2,92.81,1176.0,19.1,33.4,90.0,1.0,0.0,33.4,34.3,32.3,1.15,0.2845
25.2,92.82,1222.0,24.3,33.4,90.0,1.0,0.0,33.4,34.1,32.5,1.151,0.3575
25.2,92.83,1137.0,18.5,33.3,47.9,0.742,0.6704,33.3,33.9,32.8,1.152,0.2754
25.2,92.84,1069.0,18.3,33.3,270.0,-1.0,-0.0,33.3,33.8,33.0,1.153,0.2723
25.2,92.85,902.0,23.7,33.2,312.1,-0.742,0.6704,33.2,33.6,33.2,1.155,0.348
25.2,92.86,684.0,30.7,33.2,270.0,-1.0,-0.0,33.2,33.4,33.4,1.156,0.4416
25.2,92.87,924.0,23.7,33.3,227.9,-0.742,-0.6704,33.3,33.2,33.5,1.157,0.3474
25.2,92.88,999.0,10.8,33.3,312.1,-0.742,0.6704,33.3,33.0,33.6,1.159,0.1617
25.2,92.89,878.0,24.1,33.4,312.1,-0.742,0.6704,33.4,32.8,33.8,1.16,0.352
25.2,92.9,716.0,31.1,33.5,270.0,-1.0,-0.0,33.5,32.6,33.9,1.161,0.4449
25.2,92.91,767.0,31.7,33.7,270.0,-1.0,-0.0,33.7,32.4,34.0,1.163,0.4518
25.2,92.92,899.0,24.6,33.8,227.9,-0.742,-0.6704,33.8,32.1,34.0,1.164,0.3576
25.2,92.93,814.0,25.2,34.0,312.1,-0.742,0.6704,34.0,31.9,34.1,1.166,0.3652
25.2,92.94,660.0,32.4,34.2,270.0,-1.0,-0.0,34.2,31.7,34.1,1.167,0.4591
25.2,92.95,852.0,30.6,34.4,270.0,-1.0,-0.0,34.4,31.5,34.2,1.168,0.4358
25.2,92.96,857.0,23.7,34.5,227.9,-0.742,-0.6704,34.5,31.3,34.2,1.169,0.3438
25.2,92.97,828.0,23.7,34.7,312.1,-0.742,0.6704,34.7,31.1,34.2,1.169,0.3438
25.2,92.98,744.0,33.0,34.8,312.1,-0.742,0.6704,34.8,31.0,34.2,1.17,0.4655
25.2,92.99,576.0,43.0,34.8,312.1,-0.742,0.6704,34.8,31.0,34.2,1.17,0.5829
25.2,93.0,538.0,51.5,34.9,270.0,-1.0,-0.0,34.9,30.9,34.2,1.17,0.6689
25.2,93.01,432.0,51.1,34.8,270.0,-1.0,-0.0,34.8,30.9,34.2,1.17,0.6652
25.2,93.02,392.0,42.6,34.8,227.9,-0.742,-0.6704,34.8,30.9,34.3,1.17,0.5785
25.2,93.03,464.0,32.7,34.8,270.0,-1.0,-0.0,34.8,30.9,34.3,1.17,0.4617
25.2,93.04,575.0,30.1,34.8,270.0,-1.0,-0.0,34.8,30.8,34.4,1.171,0.4283
25.2,93.05,806.0,36.3,34.9,270.0,-1.0,-0.0,34.9,30.7,34.4,1.171,0.5056
25.2,93.06,559.0,41.7,34.9,270.0,-1.0,-0.0,34.9,30.6,34.5,1.172,0.5676
25.2,93.07,479.0,47.6,35.0,270.0,-1.0,-0.0,35.0,30.4,34.6,1.172,0.6301
25.2,93.08,600.0,41.2,35.1,270.0,-1.0,-0.0,35.1,30.2,34.6,1.173,0.5615
25.2,93.09,494.0,45.6,35.2,270.0,-1.0,-0.0,35.2,30.1,34.7,1.173,0.6091
25.2,93.1,552.0,37.2,35.3,227.9,-0.742,-0.6704,35.3,29.9,34.8,1.174,0.515
25.2,93.11,528.0,30.5,35.4,270.0,-1.0,-0.0,35.4,29.7,34.8,1.174,0.4323
25.2,93.12,544.0,32.1,35.5,270.0,-1.0,-0.0,35.5,29.6,34.9,1.175,0.4523
25.2,93.13,619.0,33.9,35.6,312.1,-0.742,0.6704,35.6,29.5,34.9,1.175,0.4747
25.2,93.14,493.0,42.2,35.6,270.0,-1.0,-0.0,35.6,29.4,35.0,1.176,0.5712
25.2,93.15,513.0,46.1,35.6,270.0,-1.0,-0.0,35.6,29.4,35.0,1.176,0.6127
25.2,93.16,504.0,42.0,35.6,270.0,-1.0,-0.0,35.6,29.4,35.0,1.176,0.569
25.2,93.17,645.0,43.6,35.6,270.0,-1.0,-0.0,35.6,29.4,35.0,1.177,0.5859
25.2,93.18,646.0,37.3,35.6,270.0,-1.0,-0.0,35.6,29.4,35.0,1.177,0.5149
25.2,93.19,556.0,38.3,35.5,270.0,-1.0,-0.0,35.5,29.4,35.0,1.177,0.5266
25.2,93.2,780.0,35.4,35.5,270.0,-1.0,-0.0,35.5,29.5,35.0,1.177,0.4922
25.21,92.5,566.0,35.9,33.0,270.0,-1.0,-0.0,33.0,33.4,33.6,1.166,0.5029
25.21,92.51,422.0,34.7,33.0,270.0,-1.0,-0.0,33.0,33.4,33.6,1.165,0.4887
25.21,92.52,563.0,42.9,33.0,270.0,-1.0,-0.0,33.0,33.4,33.5,1.165,0.5843
25.21,92.53,602.0,34.6,33.0,227.9,-0.742,-0.6704,33.0,33.5,33.5,1.164,0.4878
25.21,92.54,411.0,42.6,33.1,270.0,-1.0,-0.0,33.1,33.5,33.4,1.163,0.582
25.21,92.55,629.0,36.5,33.1,270.0,-1.0,-0.0,33.1,33.5,33.4,1.163,0.5115
25.21,92.56,609.0,28.8,33.1,227.9,-0.742,-0.6704,33.1,33.6,33.4,1.162,0.4146
25.21,92.57,536.0,16.4,33.1,312.1,-0.742,0.6704,33.1,33.6,33.3,1.162,0.243
25.21,92.58,613.0,21.6,33.1,270.0,-1.0,-0.0,33.1,33.7,33.2,1.161,0.3171
25.21,92.59,1024.0,25.1,33.1,132.1,0.742,-0.6704,33.1,33.7,33.2,1.16,0.3657
25.21,92.6,1313.0,32.3,33.1,90.0,1.0,0.0,33.1,33.7,33.1,1.159,0.461
25.21,92.61,1438.0,36.5,33.2,90.0,1.0,0.0,33.2,33.8,33.0,1.159,0.5132
25.21,92.62,1411.0,38.2,33.2,132.1,0.742,-0.6704,33.2,33.8,33.0,1.158,0.534
25.21,92.63,1552.0,49.1,33.2,180.0,0.0,-1.0,33.2,33.9,32.9,1.157,0.6533
25.21,92.64,1489.0,49.1,33.2,180.0,0.0,-1.0,33.2,34.0,32.8,1.156,0.6539
25.21,92.65,1235.0,29.1,33.3,0.0,0.0,1.0,33.3,34.0,32.7,1.155,0.4211
25.21,92.66,1208.0,25.9,33.3,90.0,1.0,0.0,33.3,34.1,32.6,1.155,0.3782
25.21,92.67,1230.0,27.9,33.3,90.0,1.0,0.0,33.3,34.2,32.5,1.154,0.4055
25.21,92.68,1252.0,29.8,33.4,90.0,1.0,0.0,33.4,34.2,32.4,1.153,0.431
25.21,92.69,1254.0,30.0,33.4,90.0,1.0,0.0,33.4,34.3,32.3,1.152,0.434
25.21,92.7,1262.0,30.7,33.5,90.0,1.0,0.0,33.5,34.4,32.1,1.152,0.4432
25.21,92.71,1447.0,43.8,33.5,90.0,1.0,0.0,33.5,34.5,32.0,1.151,0.6013
25.21,92.72,1473.0,45.3,33.6,90.0,1.0,0.0,33.6,34.6,31.8,1.151,0.6175
25.21,92.73,1435.0,43.1,33.6,90.0,1.0,0.0,33.6,34.6,31.7,1.15,0.5942
25.21,92.74,1296.0,33.4,33.7,90.0,1.0,0.0,33.7,34.7,31.6,1.15,0.4787
25.21,92.75,1244.0,29.1,33.7,90.0,1.0,0.0,33.7,34.8,31.5,1.15,0.4229
25.21,92.76,1171.0,22.4,33.7,90.0,1.0,0.0,33.7,34.8,31.5,1.15,0.3314
25.21,92.77,1240.0,28.8,33.7,90.0,1.0,0.0,33.7,34.7,31.5,1.15,0.4189
25.21,92.78,1093.0,17.9,33.7,0.0,0.0,1.0,33.7,34.7,31.7,1.15,0.2673
25.21,92.79,997.0,15.9,33.6,47.9,0.742,0.6704,33.6,34.5,31.9,1.15,0.2382
25.21,92.8,1111.0,16.3,33.5,90.0,1.0,0.0,33.5,34.4,32.1,1.151,0.2438
25.21,92.81,1138.0,19.1,33.4,90.0,1.0,0.0,33.4,34.2,32.3,1.151,0.2843
25.21,92.82,1191.0,24.3,33.4,90.0,1.0,0.0,33.4,34.1,32.6,1.152,0.3572
25.21,92.83,1035.0,27.6,33.3,0.0,0.0,1.0,33.3,33.9,32.8,1.153,0.4018
25.21,92.84,796.0,27.6,33.3,0.0,0.0,1.0,33.3,33.7,33.0,1.154,0.4015
25.21,92.85,880.0,25.3,33.3,0.0,0.0,1.0,33.3,33.5,33.2,1.156,0.3697
25.21,92.86,664.0,30.7,33.3,270.0,-1.0,-0.0,33.3,33.3,33.4,1.157,0.4413
25.21,92.87,902.0,27.5,33.4,180.0,0.0,-1.0,33.4,33.1,33.5,1.158,0.3987
25.21,92.88,947.0,16.8,33.4,270.0,-1.0,-0.0,33.4,32.9,33.6,1.16,0.2492
25.21,92.89,833.0,20.9,33.5,0.0,0.0,1.0,33.5,32.7,33.8,1.161,0.3073
25.21,92.9,659.0,31.1,33.6,270.0,-1.0,-0.0,33.6,32.5,33.9,1.162,0.4445
25.21,92.91,651.0,31.7,33.8,270.0,-1.0,-0.0,33.8,32.3,34.0,1.164,0.4514
25.21,92.92,756.0,22.3,33.9,270.0,-1.0,-0.0,33.9,32.1,34.0,1.165,0.3257
25.21,92.93,819.0,21.1,34.1,0.0,0.0,1.0,34.1,31.8,34.1,1.166,0.3087
25.21,92.94,643.0,32.4,34.2,270.0,-1.0,-0.0,34.2,31.6,34.2,1.167,0.4591
25.21,92.95,665.0,30.6,34.4,270.0,-1.0,-0.0,34.4,31.4,34.2,1.168,0.4358
25.21,92.96,875.0,24.7,34.6,180.0,0.0,-1.0,34.6,31.2,34.2,1.169,0.3575
25.21,92.97,781.0,19.8,34.7,270.0,-1.0,-0.0,34.7,31.1,34.2,1.17,0.2895
25.21,92.98,665.0,30.6,34.8,270.0,-1.0,-0.0,34.8,31.0,34.2,1.17,0.4351
25.21,92.99,521.0,41.2,34.9,270.0,-1.0,-0.0,34.9,30.9,34.2,1.17,0.563
25.21,93.0,328.0,51.5,34.9,270.0,-1.0,-0.0,34.9,30.9,34.2,1.17,0.6689
25.21,93.01,337.0,51.1,34.9,270.0,-1.0,-0.0,34.9,30.9,34.2,1.17,0.6652
25.21,93.02,529.0,40.7,34.9,270.0,-1.0,-0.0,34.9,30.9,34.2,1.17,0.5573
25.21,93.03,639.0,32.7,34.9,270.0,-1.0,-0.0,34.9,30.9,34.3,1.17,0.4617
25.21,93.04,670.0,30.1,34.9,270.0,-1.0,-0.0,34.9,30.8,34.4,1.171,0.4283
25.21,93.05,592.0,36.3,34.9,270.0,-1.0,-0.0,34.9,30.7,34.4,1.171,0.5056
25.21,93.06,514.0,41.7,35.0,270.0,-1.0,-0.0,35.0,30.5,34.5,1.172,0.5676
25.21,93.07,411.0,47.6,35.1,270.0,-1.0,-0.0,35.1,30.3,34.6,1.172,0.6301
25.21,93.08,522.0,41.2,35.2,270.0,-1.0,-0.0,35.2,30.1,34.7,1.173,0.5615
25.21,93.09,447.0,45.6,35.3,270.0,-1.0,-0.0,35.3,29.9,34.7,1.173,0.6091
25.21,93.1,634.0,33.1,35.4,270.0,-1.0,-0.0,35.4,29.8,34.8,1.174,0.4652
25.21,93.11,666.0,30.5,35.5,270.0,-1.0,-0.0,35.5,29.6,34.9,1.174,0.4323
25.21,93.12,647.0,32.1,35.6,270.0,-1.0,-0.0,35.6,29.5,34.9,1.175,0.4523
25.21,93.13,677.0,29.5,35.7,270.0,-1.0,-0.0,35.7,29.4,35.0,1.175,0.4191
25.21,93.14,505.0,42.2,35.7,270.0,-1.0,-0.0,35.7,29.3,35.0,1.176,0.5712
25.21,93.15,438.0,46.1,35.7,270.0,-1.0,-0.0,35.7,29.2,35.0,1.176,0.6127
25.21,93.16,508.0,42.0,35.7,270.0,-1.0,-0.0,35.7,29.2,35.0,1.177,0.5685
25.21,93.17,483.0,43.6,35.7,270.0,-1.0,-0.0,35.7,29.2,35.1,1.177,0.5859
25.21,93.18,579.0,37.3,35.7,270.0,-1.0,-0.0,35.7,29.3,35.1,1.177,0.5149
25.21,93.19,565.0,38.3,35.6,270.0,-1.0,-0.0,35.6,29.3,35.1,1.177,0.5266
25.21,93.2,605.0,35.4,35.6,270.0,-1.0,-0.0,35.6,29.4,35.1,1.178,0.4917
25.22,92.5,598.0,35.9,33.0,270.0,-1.0,-0.0,33.0,33.4,33.6,1.166,0.5029
25.22,92.51,613.0,34.7,33.0,270.0,-1.0,-0.0,33.0,33.4,33.6,1.166,0.4882
25.22,92.52,494.0,42.9,33.0,270.0,-1.0,-0.0,33.0,33.4,33.6,1.165,0.5843
25.22,92.53,629.0,33.5,33.0,270.0,-1.0,-0.0,33.0,33.4,33.5,1.165,0.4738
25.22,92.54,499.0,42.6,33.0,270.0,-1.0,-0.0,33.0,33.5,33.5,1.164,0.5815
25.22,92.55,589.0,36.5,33.1,270.0,-1.0,-0.0,33.1,33.5,33.4,1.164,0.511
25.22,92.56,906.0,34.8,33.1,180.0,0.0,-1.0,33.1,33.5,33.4,1.163,0.4907
25.22,92.57,882.0,23.5,33.1,132.1,0.742,-0.6704,33.1,33.6,33.3,1.162,0.3432
25.22,92.58,763.0,39.4,33.1,90.0,1.0,0.0,33.1,33.6,33.3,1.162,0.5462
25.22,92.59,806.0,46.2,33.1,180.0,0.0,-1.0,33.1,33.7,33.2,1.161,0.6217
25.22,92.6,1282.0,46.2,33.1,180.0,0.0,-1.0,33.1,33.7,33.2,1.16,0.6222
25.22,92.61,1337.0,36.5,33.2,90.0,1.0,0.0,33.2,33.8,33.1,1.159,0.5132
25.22,92.62,1303.0,34.0,33.2,90.0,1.0,0.0,33.2,33.8,33.0,1.159,0.4825
25.22,92.63,1498.0,46.7,33.2,90.0,1.0,0.0,33.2,33.9,32.9,1.158,0.6285
25.22,92.64,1497.0,38.1,33.2,132.1,0.742,-0.6704,33.2,33.9,32.8,1.157,0.5333
25.22,92.65,1299.0,23.5,33.3,0.0,0.0,1.0,33.3,34.0,32.8,1.156,0.3449
25.22,92.66,1163.0,16.6,33.3,0.0,0.0,1.0,33.3,34.0,32.7,1.156,0.2471
25.22,92.67,1153.0,13.2,33.3,47.9,0.742,0.6704,33.3,34.1,32.6,1.155,0.1977
25.22,92.68,1114.0,15.3,33.4,270.0,-1.0,-0.0,33.4,34.2,32.5,1.154,0.2287
25.22,92.69,1210.0,11.9,33.4,180.0,0.0,-1.0,33.4,34.2,32.3,1.153,0.1788
25.22,92.7,1174.0,21.9,33.5,227.9,-0.742,-0.6704,33.5,34.3,32.2,1.152,0.3238
25.22,92.71,1223.0,23.9,33.5,270.0,-1.0,-0.0,33.5,34.4,32.1,1.152,0.3517
25.22,92.72,1293.0,23.6,33.6,180.0,0.0,-1.0,33.6,34.5,32.0,1.151,0.3478
25.22,92.73,1492.0,24.0,33.6,227.9,-0.742,-0.6704,33.6,34.5,31.8,1.151,0.3534
25.22,92.74,1445.0,18.5,33.6,270.0,-1.0,-0.0,33.6,34.6,31.8,1.151,0.2757
25.22,92.75,1416.0,19.8,33.7,47.9,0.742,0.6704,33.7,34.6,31.7,1.151,0.2943
25.22,92.76,1309.0,21.7,33.7,312.1,-0.742,0.6704,33.7,34.6,31.7,1.151,0.3212
25.22,92.77,1153.0,18.9,33.7,0.0,0.0,1.0,33.7,34.6,31.7,1.151,0.2814
25.22,92.78,1191.0,23.6,33.6,270.0,-1.0,-0.0,33.6,34.5,31.8,1.151,0.3478
25.22,92.79,1100.0,13.9,33.6,0.0,0.0,1.0,33.6,34.4,32.0,1.151,0.2087
25.22,92.8,987.0,23.5,33.5,180.0,0.0,-1.0,33.5,34.3,32.2,1.152,0.3461
25.22,92.81,1185.0,23.5,33.5,180.0,0.0,-1.0,33.5,34.1,32.4,1.152,0.3461
25.22,92.82,1138.0,18.4,33.4,312.1,-0.742,0.6704,33.4,34.0,32.6,1.153,0.2738
25.22,92.83,1080.0,23.6,33.4,0.0,0.0,1.0,33.4,33.8,32.8,1.154,0.3469
25.22,92.84,881.0,23.6,33.4,0.0,0.0,1.0,33.4,33.6,33.0,1.156,0.3463
25.22,92.85,726.0,20.4,33.4,47.9,0.742,0.6704,33.4,33.4,33.2,1.157,0.3013
25.22,92.86,640.0,21.1,33.4,227.9,-0.742,-0.6704,33.4,33.2,33.4,1.158,0.3109
25.22,92.87,766.0,15.4,33.4,180.0,0.0,-1.0,33.4,33.0,33.5,1.159,0.2291
25.22,92.88,795.0,16.8,33.5,270.0,-1.0,-0.0,33.5,32.8,33.7,1.161,0.249
25.22,92.89,824.0,28.4,33.6,0.0,0.0,1.0,33.6,32.6,33.8,1.162,0.4093
25.22,92.9,577.0,28.4,33.7,0.0,0.0,1.0,33.7,32.4,33.9,1.163,0.409
25.22,92.91,806.0,26.6,33.8,180.0,0.0,-1.0,33.8,32.2,34.0,1.165,0.3843
25.22,92.92,706.0,12.4,34.0,90.0,1.0,0.0,34.0,32.0,34.1,1.166,0.1842
25.22,92.93,699.0,13.4,34.1,270.0,-1.0,-0.0,34.1,31.8,34.1,1.167,0.1986
25.22,92.94,629.0,22.2,34.3,180.0,0.0,-1.0,34.3,31.5,34.2,1.168,0.3235
25.22,92.95,815.0,22.2,34.5,180.0,0.0,-1.0,34.5,31.4,34.2,1.169,0.3232
25.22,92.96,866.0,24.8,34.6,0.0,0.0,1.0,34.6,31.2,34.2,1.169,0.3588
25.22,92.97,655.0,24.8,34.7,0.0,0.0,1.0,34.7,31.0,34.2,1.17,0.3585
25.22,92.98,586.0,16.0,34.8,312.1,-0.742,0.6704,34.8,31.0,34.2,1.17,0.2356
25.22,92.99,687.0,27.8,34.9,47.9,0.742,0.6704,34.9,30.9,34.2,1.17,0.3986
25.22,93.0,481.0,24.3,34.9,0.0,0.0,1.0,34.9,30.9,34.2,1.17,0.3517
25.22,93.01,358.0,20.3,34.9,180.0,0.0,-1.0,34.9,30.9,34.2,1.17,0.2965
25.22,93.02,527.0,20.3,34.9,180.0,0.0,-1.0,34.9,30.9,34.2,1.17,0.2965
25.22,93.03,675.0,21.7,34.9,270.0,-1.0,-0.0,34.9,30.8,34.3,1.17,0.316
25.22,93.04,585.0,11.2,34.9,0.0,0.0,1.0,34.9,30.7,34.4,1.171,0.1659
25.22,93.05,562.0,20.9,35.0,0.0,0.0,1.0,35.0,30.6,34.4,1.171,0.3046
25.22,93.06,388.0,20.9,35.1,0.0,0.0,1.0,35.1,30.4,34.5,1.172,0.3044
25.22,93.07,404.0,22.7,35.2,180.0,0.0,-1.0,35.2,30.2,34.6,1.172,0.3293
25.22,93.08,595.0,32.8,35.3,0.0,0.0,1.0,35.3,30.0,34.7,1.173,0.4618
25.22,93.09,301.0,32.8,35.4,0.0,0.0,1.0,35.4,29.8,34.8,1.173,0.4618
25.22,93.1,474.0,20.8,35.5,180.0,0.0,-1.0,35.5,29.6,34.8,1.174,0.3025
25.22,93.11,586.0,13.8,35.6,180.0,0.0,-1.0,35.6,29.4,34.9,1.175,0.203
25.22,93.12,497.0,16.6,35.7,270.0,-1.0,-0.0,35.7,29.3,35.0,1.175,0.2431
25.22,93.13,434.0,25.7,35.8,270.0,-1.0,-0.0,35.8,29.2,35.0,1.176,0.3688
25.22,93.14,531.0,12.1,35.8,312.1,-0.742,0.6704,35.8,29.1,35.1,1.176,0.1782
25.22,93.15,488.0,10.7,35.9,47.9,0.742,0.6704,35.9,29.1,35.1,1.177,0.1577
25.22,93.16,452.0,9.3,35.9,47.9,0.742,0.6704,35.9,29.1,35.1,1.177,0.1373
25.22,93.17,410.0,13.9,35.8,227.9,-0.742,-0.6704,35.8,29.1,35.1,1.177,0.2041
25.22,93.18,497.0,21.4,35.8,180.0,0.0,-1.0,35.8,29.1,35.1,1.177,0.31
25.22,93.19,676.0,23.1,35.7,270.0,-1.0,-0.0,35.7,29.2,35.1,1.177,0.3333
25.22,93.2,599.0,18.9,35.7,180.0,0.0,-1.0,35.7,29.3,35.1,1.178,0.275
25.22,93.21,755.0,18.9,35.6,180.0,0.0,-1.0,35.6,29.3,35.1,1.178,0.275
25.23,92.49,878.0,27.4,33.0,0.0,0.0,1.0,33.0,33.3,33.7,1.167,0.3943
25.23,92.5,641.0,28.2,33.0,47.9,0.742,0.6704,33.0,33.3,33.7,1.167,0.4049
25.23,92.51,769.0,22.0,33.0,47.9,0.742,0.6704,33.0,33.4,33.6,1.166,0.3213
25.23,92.52,726.0,24.7,33.0,90.0,1.0,0.0,33.0,33.4,33.6,1.166,0.3584
25.23,92.53,596.0,24.5,33.0,47.9,0.742,0.6704,33.0,33.4,33.6,1.165,0.356
25.23,92.54,637.0,22.0,33.0,0.0,0.0,1.0,33.0,33.5,33.5,1.165,0.3216
25.23,92.55,453.0,33.7,33.1,227.9,-0.742,-0.6704,33.1,33.5,33.5,1.164,0.4767
25.23,92.56,669.0,35.1,33.1,180.0,0.0,-1.0,33.1,33.5,33.4,1.164,0.494
25.23,92.57,990.0,35.1,33.1,180.0,0.0,-1.0,33.1,33.6,33.4,1.163,0.4944
25.23,92.58,1178.0,39.4,33.1,90.0,1.0,0.0,33.1,33.6,33.3,1.162,0.5462
25.23,92.59,892.0,52.0,33.1,90.0,1.0,0.0,33.1,33.6,33.3,1.162,0.6782
25.23,92.6,1339.0,44.4,33.1,180.0,0.0,-1.0,33.1,33.7,33.2,1.161,0.6026
25.23,92.61,1301.0,11.5,33.1,90.0,1.0,0.0,33.1,33.7,33.1,1.16,0.1719
25.23,92.62,1305.0,15.8,33.2,227.9,-0.742,-0.6704,33.2,33.8,33.1,1.16,0.2347
25.23,92.63,1321.0,19.3,33.2,270.0,-1.0,-0.0,33.2,33.8,33.0,1.159,0.2852
25.23,92.64,1459.0,28.0,33.2,270.0,-1.0,-0.0,33.2,33.9,32.9,1.158,0.4054
25.23,92.65,1334.0,20.9,33.3,270.0,-1.0,-0.0,33.3,33.9,32.8,1.157,0.3083
25.23,92.66,1313.0,16.6,33.3,90.0,1.0,0.0,33.3,34.0,32.7,1.156,0.2471
25.23,92.67,1271.0,14.1,33.3,270.0,-1.0,-0.0,33.3,34.0,32.6,1.156,0.2107
25.23,92.68,1161.0,13.6,33.4,0.0,0.0,1.0,33.4,34.1,32.5,1.155,0.2036
25.23,92.69,1189.0,10.2,33.4,90.0,1.0,0.0,33.4,34.2,32.4,1.154,0.1535
25.23,92.7,1167.0,9.4,33.4,47.9,0.742,0.6704,33.4,34.2,32.3,1.154,0.1415
25.23,92.71,1147.0,12.1,33.5,227.9,-0.742,-0.6704,33.5,34.3,32.2,1.153,0.1818
25.23,92.72,1189.0,24.0,33.5,227.9,-0.742,-0.6704,33.5,34.4,32.1,1.152,0.3531
25.23,92.73,1298.0,21.0,33.6,270.0,-1.0,-0.0,33.6,34.4,32.0,1.152,0.3111
25.23,92.74,1276.0,18.5,33.6,270.0,-1.0,-0.0,33.6,34.5,31.9,1.152,0.2754
25.23,92.75,1375.0,25.3,33.6,270.0,-1.0,-0.0,33.6,34.5,31.9,1.151,0.3713
25.23,92.76,1248.0,24.7,33.6,0.0,0.0,1.0,33.6,34.5,31.9,1.151,0.363
25.23,92.77,1038.0,24.7,33.6,0.0,0.0,1.0,33.6,34.5,31.9,1.152,0.3627
25.23,92.78,971.0,23.7,33.6,90.0,1.0,0.0,33.6,34.4,32.0,1.152,0.3489
25.23,92.79,1124.0,18.5,33.5,180.0,0.0,-1.0,33.5,34.3,32.2,1.152,0.2754
25.23,92.8,1138.0,16.7,33.5,90.0,1.0,0.0,33.5,34.2,32.3,1.153,0.2492
25.23,92.81,1232.0,19.8,33.5,132.1,0.742,-0.6704,33.5,34.0,32.5,1.154,0.2935
25.23,92.82,1104.0,22.9,33.4,0.0,0.0,1.0,33.4,33.9,32.7,1.155,0.3369
25.23,92.83,911.0,22.9,33.4,0.0,0.0,1.0,33.4,33.7,32.9,1.156,0.3366
25.23,92.84,979.0,24.3,33.4,270.0,-1.0,-0.0,33.4,33.5,33.1,1.157,0.3557
25.23,92.85,864.0,18.2,33.4,47.9,0.742,0.6704,33.4,33.3,33.3,1.158,0.2697
25.23,92.86,797.0,17.5,33.4,0.0,0.0,1.0,33.4,33.1,33.4,1.159,0.2595
25.23,92.87,653.0,22.8,33.5,180.0,0.0,-1.0,33.5,33.0,33.6,1.16,0.3341
25.23,92.88,845.0,22.8,33.6,180.0,0.0,-1.0,33.6,32.8,33.7,1.162,0.3335
25.23,92.89,760.0,20.3,33.6,0.0,0.0,1.0,33.6,32.6,33.8,1.163,0.2983
25.23,92.9,591.0,20.3,33.8,0.0,0.0,1.0,33.8,32.3,33.9,1.164,0.2981
25.23,92.91,709.0,14.5,33.9,180.0,0.0,-1.0,33.9,32.1,34.0,1.165,0.2149
25.23,92.92,817.0,13.3,34.0,180.0,0.0,-1.0,34.0,31.9,34.1,1.166,0.1973
25.23,92.93,722.0,13.1,34.2,90.0,1.0,0.0,34.2,31.7,34.1,1.167,0.1942
25.23,92.94,760.0,14.6,34.3,90.0,1.0,0.0,34.3,31.5,34.2,1.168,0.2158
25.23,92.95,802.0,14.3,34.5,132.1,0.742,-0.6704,34.5,31.3,34.2,1.169,0.2113
25.23,92.96,765.0,14.9,34.6,312.1,-0.742,0.6704,34.6,31.2,34.2,1.17,0.2198
25.23,92.97,669.0,18.1,34.7,312.1,-0.742,0.6704,34.7,31.0,34.2,1.17,0.2655
25.23,92.98,669.0,23.7,34.8,270.0,-1.0,-0.0,34.8,31.0,34.2,1.17,0.3435
25.23,92.99,676.0,22.5,34.9,270.0,-1.0,-0.0,34.9,30.9,34.2,1.17,0.3271
25.23,93.0,563.0,30.4,34.9,0.0,0.0,1.0,34.9,30.9,34.2,1.17,0.4325
25.23,93.01,295.0,30.4,34.9,0.0,0.0,1.0,34.9,30.9,34.2,1.17,0.4325
25.23,93.02,554.0,29.6,34.9,180.0,0.0,-1.0,34.9,30.9,34.2,1.17,0.4222
25.23,93.03,474.0,21.7,34.9,270.0,-1.0,-0.0,34.9,30.8,34.3,1.171,0.3158
25.23,93.04,590.0,14.4,34.9,312.1,-0.742,0.6704,34.9,30.7,34.4,1.171,0.2124
25.23,93.05,501.0,16.1,35.0,0.0,0.0,1.0,35.0,30.5,34.5,1.171,0.2368
25.23,93.06,369.0,16.1,35.1,0.0,0.0,1.0,35.1,30.3,34.6,1.172,0.2366
25.23,93.07,482.0,14.8,35.2,0.0,0.0,1.0,35.2,30.1,34.6,1.172,0.218
25.23,93.08,361.0,24.9,35.4,270.0,-1.0,-0.0,35.4,29.9,34.7,1.173,0.3589
25.23,93.09,421.0,24.0,35.5,180.0,0.0,-1.0,35.5,29.7,34.8,1.173,0.3467
25.23,93.1,624.0,25.4,35.7,132.1,0.742,-0.6704,35.7,29.5,34.9,1.174,0.3654
25.23,93.11,531.0,16.9,35.8,270.0,-1.0,-0.0,35.8,29.3,34.9,1.175,0.2474
25.23,93.12,549.0,14.1,35.9,227.9,-0.742,-0.6704,35.9,29.1,35.0,1.175,0.2073
25.23,93.13,504.0,13.9,35.9,180.0,0.0,-1.0,35.9,29.0,35.1,1.176,0.2043
25.23,93.14,617.0,15.1,36.0,132.1,0.742,-0.6704,36.0,28.9,35.1,1.177,0.2213
25.23,93.15,564.0,18.0,36.0,0.0,0.0,1.0,36.0,28.9,35.1,1.177,0.2625
25.23,93.16,416.0,18.0,36.0,0.0,0.0,1.0,36.0,28.9,35.1,1.177,0.2625
25.23,93.17,438.0,8.3,35.9,47.9,0.742,0.6704,35.9,28.9,35.1,1.177,0.1226
25.23,93.18,443.0,18.9,35.9,227.9,-0.742,-0.6704,35.9,29.0,35.1,1.178,0.275
25.23,93.19,461.0,23.1,35.8,270.0,-1.0,-0.0,35.8,29.1,35.1,1.178,0.3331
25.23,93.2,530.0,18.3,35.7,227.9,-0.742,-0.6704,35.7,29.2,35.1,1.178,0.2665
25.23,93.21,623.0,14.7,35.7,270.0,-1.0,-0.0,35.7,29.2,35.1,1.178,0.2154
25.24,92.49,1006.0,28.2,33.0,47.9,0.742,0.6704,33.0,33.3,33.7,1.168,0.4046
25.24,92.5,822.0,29.8,33.0,132.1,0.742,-0.6704,33.0,33.3,33.7,1.167,0.4259
25.24,92.51,912.0,30.7,33.0,90.0,1.0,0.0,33.0,33.3,33.7,1.167,0.4375
25.24,92.52,906.0,31.5,33.0,90.0,1.0,0.0,33.0,33.4,33.6,1.166,0.4481
25.24,92.53,788.0,32.1,33.0,47.9,0.742,0.6704,33.0,33.4,33.6,1.166,0.4557
25.24,92.54,803.0,27.2,33.0,47.9,0.742,0.6704,33.0,33.4,33.5,1.165,0.3924
25.24,92.55,692.0,25.3,33.0,90.0,1.0,0.0,33.0,33.5,33.5,1.165,0.3668
25.24,92.56,576.0,31.3,33.1,227.9,-0.742,-0.6704,33.1,33.5,33.5,1.164,0.4463
25.24,92.57,797.0,49.3,33.1,180.0,0.0,-1.0,33.1,33.5,33.4,1.164,0.6513
25.24,92.58,1327.0,49.3,33.1,180.0,0.0,-1.0,33.1,33.6,33.4,1.163,0.6519
25.24,92.59,1553.0,52.0,33.1,90.0,1.0,0.0,33.1,33.6,33.3,1.163,0.6776
25.24,92.6,1247.0,33.8,33.1,0.0,0.0,1.0,33.1,33.6,33.2,1.162,0.4787
25.24,92.61,1404.0,19.0,33.1,180.0,0.0,-1.0,33.1,33.7,33.2,1.161,0.2804
25.24,92.62,1322.0,15.9,33.2,0.0,0.0,1.0,33.2,33.7,33.1,1.161,0.236
25.24,92.63,1192.0,21.4,33.2,227.9,-0.742,-0.6704,33.2,33.8,33.0,1.16,0.3145
25.24,92.64,1191.0,28.0,33.2,270.0,-1.0,-0.0,33.2,33.8,33.0,1.159,0.4051
25.24,92.65,1141.0,25.0,33.2,312.1,-0.742,0.6704,33.2,33.9,32.9,1.158,0.365
25.24,92.66,1200.0,17.7,33.3,90.0,1.0,0.0,33.3,33.9,32.8,1.158,0.2626
25.24,92.67,1144.0,17.7,33.3,47.9,0.742,0.6704,33.3,34.0,32.7,1.157,0.2628
25.24,92.68,1247.0,12.7,33.3,180.0,0.0,-1.0,33.3,34.0,32.6,1.156,0.1902
25.24,92.69,1280.0,10.2,33.4,90.0,1.0,0.0,33.4,34.1,32.5,1.155,0.1533
25.24,92.7,1216.0,12.5,33.4,312.1,-0.742,0.6704,33.4,34.2,32.4,1.155,0.1874
25.24,92.71,1121.0,11.8,33.4,0.0,0.0,1.0,33.4,34.2,32.3,1.154,0.1772
25.24,92.72,1190.0,13.8,33.5,180.0,0.0,-1.0,33.5,34.3,32.2,1.154,0.2067
25.24,92.73,1302.0,16.6,33.5,0.0,0.0,1.0,33.5,34.3,32.2,1.153,0.2478
25.24,92.74,1166.0,17.1,33.5,227.9,-0.742,-0.6704,33.5,34.4,32.1,1.153,0.255
25.24,92.75,1137.0,25.3,33.6,270.0,-1.0,-0.0,33.6,34.4,32.1,1.153,0.3706
25.24,92.76,1130.0,19.8,33.6,312.1,-0.742,0.6704,33.6,34.4,32.1,1.153,0.2938
25.24,92.77,1010.0,21.9,33.5,180.0,0.0,-1.0,33.5,34.3,32.1,1.153,0.3235
25.24,92.78,1193.0,23.7,33.5,90.0,1.0,0.0,33.5,34.2,32.2,1.153,0.3486
25.24,92.79,1177.0,16.8,33.5,132.1,0.742,-0.6704,33.5,34.1,32.3,1.154,0.2505
25.24,92.8,1235.0,13.4,33.5,270.0,-1.0,-0.0,33.5,34.0,32.5,1.154,0.2008
25.24,92.81,1203.0,16.7,33.4,0.0,0.0,1.0,33.4,33.9,32.7,1.155,0.2488
25.24,92.82,1066.0,18.2,33.4,0.0,0.0,1.0,33.4,33.7,32.8,1.156,0.2702
25.24,92.83,916.0,19.9,33.4,0.0,0.0,1.0,33.4,33.6,33.0,1.157,0.2942
25.24,92.84,751.0,25.0,33.4,47.9,0.742,0.6704,33.4,33.4,33.2,1.158,0.365
25.24,92.85,761.0,17.8,33.4,312.1,-0.742,0.6704,33.4,33.2,33.3,1.159,0.2638
25.24,92.86,832.0,27.4,33.5,0.0,0.0,1.0,33.5,33.0,33.5,1.16,0.3967
25.24,92.87,595.0,31.8,33.5,180.0,0.0,-1.0,33.5,32.9,33.6,1.162,0.4535
25.24,92.88,878.0,31.8,33.6,180.0,0.0,-1.0,33.6,32.7,33.7,1.163,0.4531
25.24,92.89,768.0,18.6,33.7,0.0,0.0,1.0,33.7,32.5,33.8,1.164,0.274
25.24,92.9,614.0,18.6,33.8,0.0,0.0,1.0,33.8,32.3,33.9,1.165,0.2738
25.24,92.91,727.0,13.9,33.9,180.0,0.0,-1.0,33.9,32.1,34.0,1.166,0.206
25.24,92.92,706.0,16.2,34.0,180.0,0.0,-1.0,34.0,31.9,34.1,1.167,0.2391
25.24,92.93,839.0,16.2,34.2,180.0,0.0,-1.0,34.2,31.7,34.1,1.168,0.2389
25.24,92.94,827.0,10.0,34.3,270.0,-1.0,-0.0,34.3,31.5,34.2,1.169,0.1485
25.24,92.95,763.0,10.7,34.5,312.1,-0.742,0.6704,34.5,31.3,34.2,1.169,0.1588
25.24,92.96,747.0,19.7,34.6,0.0,0.0,1.0,34.6,31.2,34.2,1.17,0.2881
25.24,92.97,584.0,19.7,34.7,0.0,0.0,1.0,34.7,31.1,34.2,1.17,0.2881
25.24,92.98,447.0,23.7,34.8,270.0,-1.0,-0.0,34.8,31.0,34.2,1.17,0.3435
25.24,92.99,467.0,22.5,34.8,270.0,-1.0,-0.0,34.8,30.9,34.2,1.17,0.3271
25.24,93.0,444.0,20.4,34.9,0.0,0.0,1.0,34.9,30.9,34.2,1.17,0.2979
25.24,93.01,274.0,23.0,34.9,312.1,-0.742,0.6704,34.9,30.9,34.2,1.17,0.334
25.24,93.02,381.0,25.0,34.9,132.1,0.742,-0.6704,34.9,30.9,34.3,1.17,0.3612
25.24,93.03,554.0,20.8,34.9,180.0,0.0,-1.0,34.9,30.8,34.3,1.171,0.3033
25.24,93.04,540.0,15.3,35.0,0.0,0.0,1.0,35.0,30.6,34.4,1.171,0.2253
25.24,93.05,415.0,15.3,35.1,0.0,0.0,1.0,35.1,30.4,34.5,1.172,0.2251
25.24,93.06,337.0,13.6,35.2,312.1,-0.742,0.6704,35.2,30.2,34.6,1.172,0.2006
25.24,93.07,400.0,9.9,35.3,0.0,0.0,1.0,35.3,30.0,34.7,1.172,0.1467
25.24,93.08,320.0,23.4,35.5,132.1,0.742,-0.6704,35.5,29.7,34.8,1.173,0.3386
25.24,93.09,492.0,20.7,35.6,180.0,0.0,-1.0,35.6,29.5,34.8,1.173,0.3013
25.24,93.1,564.0,22.2,35.8,0.0,0.0,1.0,35.8,29.3,34.9,1.174,0.3218
25.24,93.11,378.0,22.2,35.9,0.0,0.0,1.0,35.9,29.1,35.0,1.175,0.3216
25.24,93.12,563.0,22.1,36.0,180.0,0.0,-1.0,36.0,29.0,35.0,1.175,0.3202
25.24,93.13,489.0,14.1,36.0,180.0,0.0,-1.0,36.0,28.9,35.1,1.176,0.2072
25.24,93.14,604.0,14.1,36.1,180.0,0.0,-1.0,36.1,28.8,35.2,1.177,0.207
25.24,93.15,608.0,15.8,36.1,47.9,0.742,0.6704,36.1,28.7,35.2,1.177,0.2313
25.24,93.16,537.0,20.4,36.1,0.0,0.0,1.0,36.1,28.7,35.2,1.178,0.2959
25.24,93.17,367.0,20.4,36.0,0.0,0.0,1.0,36.0,28.8,35.2,1.178,0.2959
25.24,93.18,468.0,12.5,36.0,180.0,0.0,-1.0,36.0,28.9,35.2,1.178,0.1837
25.24,93.19,397.0,11.1,35.9,227.9,-0.742,-0.6704,35.9,29.0,35.1,1.178,0.1634
25.24,93.2,464.0,13.2,35.8,227.9,-0.742,-0.6704,35.8,29.1,35.1,1.178,0.1938
25.24,93.21,531.0,10.3,35.7,270.0,-1.0,-0.0,35.7,29.2,35.1,1.178,0.1518
25.25,92.49,919.0,22.7,33.0,180.0,0.0,-1.0,33.0,33.3,33.8,1.168,0.3304
25.25,92.5,1110.0,29.7,33.0,90.0,1.0,0.0,33.0,33.3,33.7,1.168,0.4242
25.25,92.51,1211.0,30.7,33.0,90.0,1.0,0.0,33.0,33.3,33.7,1.168,0.4371
25.25,92.52,1215.0,32.1,33.0,47.9,0.742,0.6704,33.0,33.3,33.7,1.167,0.4554
25.25,92.53,971.0,28.1,33.0,0.0,0.0,1.0,33.0,33.4,33.6,1.167,0.4036
25.25,92.54,1014.0,32.1,33.0,0.0,0.0,1.0,33.0,33.4,33.6,1.166,0.4557
25.25,92.55,728.0,40.1,33.0,47.9,0.742,0.6704,33.0,33.4,33.5,1.166,0.5524
25.25,92.56,658.0,36.8,33.0,90.0,1.0,0.0,33.0,33.5,33.5,1.165,0.5142
25.25,92.57,901.0,40.6,33.0,180.0,0.0,-1.0,33.0,33.5,33.5,1.165,0.5586
25.25,92.58,1292.0,40.6,33.1,180.0,0.0,-1.0,33.1,33.5,33.4,1.164,0.5591
25.25,92.59,1535.0,28.0,33.1,180.0,0.0,-1.0,33.1,33.6,33.4,1.164,0.4033
25.25,92.6,1514.0,28.1,33.1,0.0,0.0,1.0,33.1,33.6,33.3,1.163,0.405
25.25,92.61,1270.0,28.1,33.1,0.0,0.0,1.0,33.1,33.6,33.2,1.162,0.4053
25.25,92.62,1224.0,14.9,33.1,90.0,1.0,0.0,33.1,33.7,33.2,1.162,0.2213
25.25,92.63,1205.0,14.4,33.2,90.0,1.0,0.0,33.2,33.7,33.1,1.161,0.2142
25.25,92.64,1230.0,8.8,33.2,47.9,0.742,0.6704,33.2,33.8,33.0,1.16,0.1319
25.25,92.65,1294.0,16.9,33.2,90.0,1.0,0.0,33.2,33.8,33.0,1.16,0.2506
25.25,92.66,1361.0,17.9,33.2,132.1,0.742,-0.6704,33.2,33.9,32.9,1.159,0.2652
25.25,92.67,1258.0,16.1,33.3,90.0,1.0,0.0,33.3,33.9,32.8,1.158,0.2395
25.25,92.68,1358.0,19.2,33.3,0.0,0.0,1.0,33.3,34.0,32.7,1.157,0.2842
25.25,92.69,1199.0,19.2,33.3,0.0,0.0,1.0,33.3,34.0,32.6,1.157,0.2842
25.25,92.7,1188.0,15.1,33.4,0.0,0.0,1.0,33.4,34.1,32.6,1.156,0.2253
25.25,92.71,1065.0,18.5,33.4,47.9,0.742,0.6704,33.4,34.1,32.5,1.155,0.2747
25.25,92.72,1215.0,18.2,33.4,180.0,0.0,-1.0,33.4,34.2,32.4,1.155,0.2704
25.25,92.73,1173.0,14.3,33.5,270.0,-1.0,-0.0,33.5,34.2,32.3,1.154,0.214
25.25,92.74,1233.0,8.0,33.5,47.9,0.742,0.6704,33.5,34.2,32.3,1.154,0.1206
25.25,92.75,1195.0,14.3,33.5,0.0,0.0,1.0,33.5,34.2,32.3,1.154,0.214
25.25,92.76,1079.0,20.0,33.5,0.0,0.0,1.0,33.5,34.2,32.3,1.154,0.2964
25.25,92.77,913.0,22.4,33.5,227.9,-0.742,-0.6704,33.5,34.2,32.3,1.154,0.3302
25.25,92.78,1097.0,22.0,33.5,180.0,0.0,-1.0,33.5,34.1,32.4,1.155,0.3243
25.25,92.79,1202.0,14.6,33.5,227.9,-0.742,-0.6704,33.5,34.0,32.5,1.155,0.2182
25.25,92.8,1115.0,13.4,33.5,270.0,-1.0,-0.0,33.5,33.9,32.6,1.156,0.2005
25.25,92.81,1175.0,13.0,33.4,0.0,0.0,1.0,33.4,33.8,32.8,1.156,0.1946
25.25,92.82,1070.0,19.1,33.4,312.1,-0.742,0.6704,33.4,33.6,32.9,1.157,0.2828
25.25,92.83,1068.0,25.0,33.4,47.9,0.742,0.6704,33.4,33.5,33.1,1.158,0.365
25.25,92.84,959.0,22.4,33.5,90.0,1.0,0.0,33.5,33.3,33.2,1.159,0.3288
25.25,92.85,792.0,20.1,33.5,0.0,0.0,1.0,33.5,33.1,33.4,1.16,0.2963
25.25,92.86,658.0,23.3,33.5,47.9,0.742,0.6704,33.5,33.0,33.5,1.162,0.3404
25.25,92.87,553.0,30.9,33.6,180.0,0.0,-1.0,33.6,32.8,33.6,1.163,0.4416
25.25,92.88,826.0,30.9,33.7,180.0,0.0,-1.0,33.7,32.6,33.8,1.164,0.4412
25.25,92.89,692.0,16.4,33.7,0.0,0.0,1.0,33.7,32.4,33.9,1.165,0.2424
25.25,92.9,598.0,19.5,33.8,180.0,0.0,-1.0,33.8,32.2,34.0,1.166,0.2863
25.25,92.91,760.0,19.5,33.9,180.0,0.0,-1.0,33.9,32.0,34.0,1.167,0.286
25.25,92.92,789.0,9.3,34.1,90.0,1.0,0.0,34.1,31.8,34.1,1.168,0.1384
25.25,92.93,731.0,12.1,34.2,270.0,-1.0,-0.0,34.2,31.7,34.2,1.168,0.1795
25.25,92.94,738.0,10.0,34.3,270.0,-1.0,-0.0,34.3,31.5,34.2,1.169,0.1485
25.25,92.95,719.0,16.1,34.4,312.1,-0.742,0.6704,34.4,31.3,34.2,1.17,0.237
25.25,92.96,634.0,12.6,34.6,270.0,-1.0,-0.0,34.6,31.2,34.3,1.17,0.1864
25.25,92.97,694.0,20.0,34.7,47.9,0.742,0.6704,34.7,31.1,34.3,1.17,0.2923
25.25,92.98,587.0,21.9,34.8,0.0,0.0,1.0,34.8,31.0,34.3,1.17,0.3188
25.25,92.99,404.0,21.9,34.8,0.0,0.0,1.0,34.8,30.9,34.3,1.17,0.3188
25.25,93.0,318.0,14.0,34.8,270.0,-1.0,-0.0,34.8,30.9,34.3,1.17,0.2068
25.25,93.01,411.0,16.9,34.9,180.0,0.0,-1.0,34.9,30.9,34.3,1.171,0.2483
25.25,93.02,550.0,22.1,34.9,132.1,0.742,-0.6704,34.9,30.8,34.3,1.171,0.3213
25.25,93.03,699.0,25.0,34.9,132.1,0.742,-0.6704,34.9,30.7,34.4,1.171,0.3609
25.25,93.04,560.0,21.9,35.0,312.1,-0.742,0.6704,35.0,30.6,34.5,1.171,0.3185
25.25,93.05,464.0,19.3,35.1,270.0,-1.0,-0.0,35.1,30.3,34.5,1.172,0.282
25.25,93.06,350.0,14.0,35.3,0.0,0.0,1.0,35.3,30.1,34.6,1.172,0.2064
25.25,93.07,335.0,20.9,35.4,132.1,0.742,-0.6704,35.4,29.9,34.7,1.172,0.3044
25.25,93.08,356.0,29.5,35.6,180.0,0.0,-1.0,35.6,29.6,34.8,1.173,0.4198
25.25,93.09,614.0,29.5,35.8,180.0,0.0,-1.0,35.8,29.4,34.9,1.173,0.4198
25.25,93.1,541.0,20.1,35.9,0.0,0.0,1.0,35.9,29.2,34.9,1.174,0.2927
25.25,93.11,374.0,20.1,36.0,0.0,0.0,1.0,36.0,29.0,35.0,1.174,0.2927
25.25,93.12,404.0,19.3,36.1,180.0,0.0,-1.0,36.1,28.8,35.1,1.175,0.2813
25.25,93.13,564.0,19.3,36.1,180.0,0.0,-1.0,36.1,28.7,35.1,1.177,0.2808
25.25,93.14,567.0,14.7,36.2,312.1,-0.742,0.6704,36.2,28.6,35.2,1.177,0.2156
25.25,93.15,482.0,14.0,36.2,270.0,-1.0,-0.0,36.2,28.6,35.2,1.178,0.2054
25.25,93.16,467.0,12.0,36.2,270.0,-1.0,-0.0,36.2,28.6,35.2,1.178,0.1765
25.25,93.17,490.0,13.7,36.1,90.0,1.0,0.0,36.1,28.7,35.2,1.178,0.2011
25.25,93.18,404.0,10.7,36.1,0.0,0.0,1.0,36.1,28.8,35.2,1.178,0.1576
25.25,93.19,460.0,8.9,36.0,227.9,-0.742,-0.6704,36.0,28.9,35.2,1.178,0.1313
25.25,93.2,412.0,21.6,35.9,132.1,0.742,-0.6704,35.9,29.0,35.2,1.178,0.3125
25.25,93.21,520.0,17.8,35.8,90.0,1.0,0.0,35.8,29.1,35.1,1.178,0.2595
25.25,93.22,547.0,11.2,35.7,47.9,0.742,0.6704,35.7,29.2,35.1,1.179,0.1647
25.26,92.49,954.0,22.5,33.0,180.0,0.0,-1.0,33.0,33.3,33.8,1.169,0.3274
25.26,92.5,1143.0,22.5,33.0,180.0,0.0,-1.0,33.0,33.3,33.8,1.169,0.3274
25.26,92.51,1106.0,17.5,33.0,312.1,-0.742,0.6704,33.0,33.3,33.7,1.168,0.2575
25.26,92.52,1116.0,24.0,33.0,270.0,-1.0,-0.0,33.0,33.3,33.7,1.168,0.3482
25.26,92.53,1225.0,26.7,33.0,90.0,1.0,0.0,33.0,33.4,33.7,1.168,0.3847
25.26,92.54,1302.0,40.1,33.0,47.9,0.742,0.6704,33.0,33.4,33.6,1.167,0.5519
25.26,92.55,1076.0,34.6,33.0,90.0,1.0,0.0,33.0,33.4,33.6,1.167,0.4866
25.26,92.56,1036.0,36.8,33.0,90.0,1.0,0.0,33.0,33.4,33.5,1.166,0.5137
25.26,92.57,877.0,42.8,33.0,132.1,0.742,-0.6704,33.0,33.5,33.5,1.166,0.5827
25.26,92.58,1276.0,41.2,33.0,180.0,0.0,-1.0,33.0,33.5,33.5,1.165,0.5654
25.26,92.59,1447.0,20.5,33.1,180.0,0.0,-1.0,33.1,33.5,33.4,1.165,0.3006
25.26,92.6,1353.0,17.7,33.1,270.0,-1.0,-0.0,33.1,33.6,33.4,1.164,0.2612
25.26,92.61,1395.0,14.1,33.1,47.9,0.742,0.6704,33.1,33.6,33.3,1.163,0.2095
25.26,92.62,1358.0,14.9,33.1,90.0,1.0,0.0,33.1,33.6,33.2,1.163,0.2211
25.26,92.63,1335.0,14.4,33.1,90.0,1.0,0.0,33.1,33.7,33.2,1.162,0.214
25.26,92.64,1264.0,8.8,33.2,0.0,0.0,1.0,33.2,33.7,33.1,1.161,0.1318
25.26,92.65,1250.0,13.3,33.2,180.0,0.0,-1.0,33.2,33.8,33.0,1.161,0.1981
25.26,92.66,1358.0,13.6,33.2,227.9,-0.742,-0.6704,33.2,33.8,33.0,1.16,0.2027
25.26,92.67,1404.0,16.1,33.2,90.0,1.0,0.0,33.2,33.8,32.9,1.159,0.2393
25.26,92.68,1380.0,14.9,33.3,47.9,0.742,0.6704,33.3,33.9,32.8,1.159,0.2219
25.26,92.69,1295.0,11.8,33.3,312.1,-0.742,0.6704,33.3,33.9,32.8,1.158,0.1766
25.26,92.7,1293.0,20.8,33.3,0.0,0.0,1.0,33.3,34.0,32.7,1.157,0.3069
25.26,92.71,1120.0,20.8,33.4,0.0,0.0,1.0,33.4,34.0,32.6,1.157,0.3069
25.26,92.72,1099.0,12.9,33.4,270.0,-1.0,-0.0,33.4,34.0,32.6,1.156,0.1931
25.26,92.73,1192.0,18.4,33.4,270.0,-1.0,-0.0,33.4,34.1,32.5,1.156,0.2731
25.26,92.74,1230.0,16.8,33.4,227.9,-0.742,-0.6704,33.4,34.1,32.5,1.156,0.25
25.26,92.75,1202.0,10.2,33.5,47.9,0.742,0.6704,33.5,34.1,32.5,1.156,0.1532
25.26,92.76,1180.0,22.2,33.5,312.1,-0.742,0.6704,33.5,34.1,32.5,1.156,0.3269
25.26,92.77,1026.0,18.6,33.5,0.0,0.0,1.0,33.5,34.0,32.5,1.156,0.2759
25.26,92.78,1025.0,14.6,33.5,227.9,-0.742,-0.6704,33.5,33.9,32.6,1.156,0.2181
25.26,92.79,1074.0,18.1,33.5,270.0,-1.0,-0.0,33.5,33.9,32.7,1.157,0.2685
25.26,92.8,1065.0,15.4,33.4,270.0,-1.0,-0.0,33.4,33.8,32.8,1.157,0.2295
25.26,92.81,1140.0,17.5,33.4,227.9,-0.742,-0.6704,33.4,33.6,32.9,1.158,0.2597
25.26,92.82,1059.0,26.1,33.4,0.0,0.0,1.0,33.4,33.5,33.1,1.159,0.3796
25.26,92.83,835.0,26.1,33.5,0.0,0.0,1.0,33.5,33.3,33.2,1.16,0.3793
25.26,92.84,1025.0,27.4,33.5,270.0,-1.0,-0.0,33.5,33.2,33.3,1.161,0.3964
25.26,92.85,951.0,23.3,33.5,47.9,0.742,0.6704,33.5,33.0,33.5,1.162,0.3404
25.26,92.86,770.0,22.6,33.6,0.0,0.0,1.0,33.6,32.9,33.6,1.163,0.3304
25.26,92.87,580.0,26.3,33.6,47.9,0.742,0.6704,33.6,32.7,33.7,1.164,0.3806
25.26,92.88,653.0,18.9,33.7,270.0,-1.0,-0.0,33.7,32.5,33.8,1.165,0.278
25.26,92.89,630.0,16.1,33.8,312.1,-0.742,0.6704,33.8,32.3,33.9,1.166,0.2378
25.26,92.9,693.0,12.4,33.9,180.0,0.0,-1.0,33.9,32.1,34.0,1.167,0.184
25.26,92.91,793.0,16.0,34.0,132.1,0.742,-0.6704,34.0,32.0,34.1,1.168,0.236
25.26,92.92,754.0,11.2,34.1,270.0,-1.0,-0.0,34.1,31.8,34.1,1.168,0.1663
25.26,92.93,729.0,7.5,34.2,0.0,0.0,1.0,34.2,31.6,34.2,1.169,0.1117
25.26,92.94,669.0,7.8,34.3,270.0,-1.0,-0.0,34.3,31.5,34.2,1.17,0.116
25.26,92.95,687.0,19.8,34.4,0.0,0.0,1.0,34.4,31.3,34.3,1.17,0.2895
25.26,92.96,523.0,19.8,34.5,0.0,0.0,1.0,34.5,31.2,34.3,1.17,0.2895
25.26,92.97,572.0,18.2,34.6,270.0,-1.0,-0.0,34.6,31.1,34.3,1.171,0.2667
25.26,92.98,604.0,17.4,34.7,0.0,0.0,1.0,34.7,31.0,34.3,1.171,0.2554
25.26,92.99,461.0,24.5,34.8,0.0,0.0,1.0,34.8,30.9,34.3,1.171,0.3541
25.26,93.0,253.0,24.5,34.8,0.0,0.0,1.0,34.8,30.9,34.3,1.171,0.3541
25.26,93.01,440.0,22.3,34.8,180.0,0.0,-1.0,34.8,30.8,34.3,1.171,0.324
25.26,93.02,511.0,15.4,34.9,227.9,-0.742,-0.6704,34.9,30.7,34.4,1.171,0.2268
25.26,93.03,523.0,19.2,34.9,270.0,-1.0,-0.0,34.9,30.6,34.4,1.171,0.2808
25.26,93.04,384.0,24.8,35.0,312.1,-0.742,0.6704,35.0,30.5,34.5,1.172,0.3579
25.26,93.05,287.0,21.9,35.2,312.1,-0.742,0.6704,35.2,30.2,34.6,1.172,0.3182
25.26,93.06,308.0,14.4,35.4,180.0,0.0,-1.0,35.4,30.0,34.7,1.172,0.2122
25.26,93.07,425.0,20.4,35.5,180.0,0.0,-1.0,35.5,29.7,34.7,1.172,0.2974
25.26,93.08,595.0,26.7,35.7,270.0,-1.0,-0.0,35.7,29.5,34.8,1.172,0.3834
25.26,93.09,635.0,23.4,35.9,227.9,-0.742,-0.6704,35.9,29.2,34.9,1.173,0.3386
25.26,93.1,529.0,26.4,36.0,0.0,0.0,1.0,36.0,29.0,34.9,1.173,0.3791
25.26,93.11,302.0,26.4,36.1,0.0,0.0,1.0,36.1,28.9,35.0,1.174,0.3787
25.26,93.12,356.0,17.0,36.2,227.9,-0.742,-0.6704,36.2,28.7,35.1,1.175,0.2488
25.26,93.13,449.0,12.8,36.2,270.0,-1.0,-0.0,36.2,28.6,35.2,1.177,0.1882
25.26,93.14,436.0,14.6,36.3,270.0,-1.0,-0.0,36.3,28.5,35.3,1.178,0.214
25.26,93.15,389.0,14.7,36.3,312.1,-0.742,0.6704,36.3,28.5,35.3,1.179,0.2152
25.26,93.16,360.0,12.0,36.2,270.0,-1.0,-0.0,36.2,28.5,35.3,1.179,0.1763
25.26,93.17,449.0,14.3,36.2,270.0,-1.0,-0.0,36.2,28.6,35.2,1.178,0.2097
25.26,93.18,354.0,14.5,36.1,180.0,0.0,-1.0,36.1,28.7,35.2,1.178,0.2125
25.26,93.19,472.0,14.5,36.0,180.0,0.0,-1.0,36.0,28.8,35.2,1.178,0.2125
25.26,93.2,564.0,16.8,35.9,90.0,1.0,0.0,35.9,28.9,35.2,1.178,0.2454
25.26,93.21,682.0,21.6,35.8,132.1,0.742,-0.6704,35.8,29.0,35.1,1.178,0.3125
25.26,93.22,571.0,13.7,35.7,0.0,0.0,1.0,35.7,29.2,35.1,1.179,0.2009
25.26,93.23,609.0,5.5,35.6,90.0,1.0,0.0,35.6,29.3,35.1,1.179,0.0813
25.27,92.49,921.0,22.5,33.0,180.0,0.0,-1.0,33.0,33.2,33.8,1.17,0.3271
25.27,92.5,1110.0,22.5,33.0,180.0,0.0,-1.0,33.0,33.3,33.8,1.169,0.3274
25.27,92.51,1108.0,25.4,33.0,0.0,0.0,1.0,33.0,33.3,33.8,1.169,0.3669
25.27,92.52,891.0,26.1,33.0,227.9,-0.742,-0.6704,33.0,33.3,33.7,1.169,0.3763
25.27,92.53,1067.0,21.1,33.0,180.0,0.0,-1.0,33.0,33.3,33.7,1.168,0.3082
25.27,92.54,1192.0,25.9,33.0,270.0,-1.0,-0.0,33.0,33.4,33.7,1.168,0.374
25.27,92.55,991.0,24.6,33.0,312.1,-0.742,0.6704,33.0,33.4,33.6,1.168,0.3564
25.27,92.56,1087.0,20.9,33.0,180.0,0.0,-1.0,33.0,33.4,33.6,1.167,0.3057
25.27,92.57,1261.0,37.3,33.0,90.0,1.0,0.0,33.0,33.4,33.6,1.167,0.5193
25.27,92.58,1507.0,42.8,33.0,132.1,0.742,-0.6704,33.0,33.5,33.5,1.166,0.5827
25.27,92.59,1485.0,17.1,33.0,132.1,0.742,-0.6704,33.0,33.5,33.5,1.166,0.2522
25.27,92.6,1463.0,12.3,33.1,90.0,1.0,0.0,33.1,33.5,33.4,1.165,0.1829
25.27,92.61,1413.0,10.7,33.1,312.1,-0.742,0.6704,33.1,33.6,33.4,1.165,0.1594
25.27,92.62,1365.0,9.5,33.1,0.0,0.0,1.0,33.1,33.6,33.3,1.164,0.1418
25.27,92.63,1289.0,9.5,33.1,0.0,0.0,1.0,33.1,33.6,33.3,1.163,0.1419
25.27,92.64,1247.0,7.4,33.1,312.1,-0.742,0.6704,33.1,33.7,33.2,1.163,0.1107
25.27,92.65,1194.0,18.5,33.2,180.0,0.0,-1.0,33.2,33.7,33.1,1.162,0.2731
25.27,92.66,1347.0,18.5,33.2,180.0,0.0,-1.0,33.2,33.7,33.1,1.161,0.2733
25.27,92.67,1364.0,19.7,33.2,270.0,-1.0,-0.0,33.2,33.8,33.0,1.161,0.2903
25.27,92.68,1365.0,18.8,33.2,0.0,0.0,1.0,33.2,33.8,32.9,1.16,0.2778
25.27,92.69,1210.0,18.8,33.3,0.0,0.0,1.0,33.3,33.8,32.9,1.16,0.2778
25.27,92.7,1153.0,15.5,33.3,270.0,-1.0,-0.0,33.3,33.9,32.8,1.159,0.2306
25.27,92.71,1131.0,13.4,33.3,312.1,-0.742,0.6704,33.3,33.9,32.8,1.158,0.2001
25.27,92.72,1188.0,19.8,33.4,0.0,0.0,1.0,33.4,33.9,32.7,1.158,0.2925
25.27,92.73,1024.0,23.3,33.4,180.0,0.0,-1.0,33.4,34.0,32.7,1.158,0.3416
25.27,92.74,1221.0,23.3,33.4,180.0,0.0,-1.0,33.4,34.0,32.6,1.157,0.3419
25.27,92.75,1206.0,14.7,33.4,0.0,0.0,1.0,33.4,33.9,32.6,1.157,0.2193
25.27,92.76,1086.0,22.0,33.4,0.0,0.0,1.0,33.4,33.9,32.7,1.157,0.3238
25.27,92.77,902.0,22.3,33.4,90.0,1.0,0.0,33.4,33.9,32.7,1.158,0.3277
25.27,92.78,987.0,14.3,33.4,312.1,-0.742,0.6704,33.4,33.8,32.8,1.158,0.2133
25.27,92.79,909.0,18.1,33.4,270.0,-1.0,-0.0,33.4,33.7,32.9,1.158,0.2683
25.27,92.8,926.0,17.5,33.4,227.9,-0.742,-0.6704,33.4,33.6,33.0,1.159,0.2595
25.27,92.81,1063.0,16.7,33.4,180.0,0.0,-1.0,33.4,33.5,33.1,1.16,0.2477
25.27,92.82,1004.0,15.0,33.5,0.0,0.0,1.0,33.5,33.4,33.2,1.16,0.2231
25.27,92.83,882.0,15.0,33.5,0.0,0.0,1.0,33.5,33.2,33.3,1.161,0.2229
25.27,92.84,764.0,27.4,33.5,270.0,-1.0,-0.0,33.5,33.1,33.4,1.162,0.396
25.27,92.85,931.0,20.1,33.5,180.0,0.0,-1.0,33.5,32.9,33.5,1.163,0.2955
25.27,92.86,917.0,29.3,33.6,312.1,-0.742,0.6704,33.6,32.8,33.7,1.164,0.4204
25.27,92.87,747.0,23.3,33.6,0.0,0.0,1.0,33.6,32.6,33.8,1.165,0.3395
25.27,92.88,550.0,25.8,33.7,132.1,0.742,-0.6704,33.7,32.4,33.9,1.166,0.3733
25.27,92.89,728.0,21.3,33.8,180.0,0.0,-1.0,33.8,32.3,33.9,1.167,0.3113
25.27,92.9,783.0,12.7,33.9,132.1,0.742,-0.6704,33.9,32.1,34.0,1.168,0.1882
25.27,92.91,765.0,13.7,34.0,0.0,0.0,1.0,34.0,31.9,34.1,1.168,0.2028
25.27,92.92,654.0,13.7,34.1,0.0,0.0,1.0,34.1,31.8,34.2,1.169,0.2026
25.27,92.93,664.0,12.8,34.2,312.1,-0.742,0.6704,34.2,31.6,34.2,1.17,0.1894
25.27,92.94,652.0,15.7,34.3,270.0,-1.0,-0.0,34.3,31.5,34.2,1.17,0.2313
25.27,92.95,693.0,26.6,34.4,0.0,0.0,1.0,34.4,31.3,34.3,1.17,0.3827
25.27,92.96,464.0,26.6,34.5,0.0,0.0,1.0,34.5,31.2,34.3,1.171,0.3824
25.27,92.97,406.0,18.2,34.6,270.0,-1.0,-0.0,34.6,31.1,34.3,1.171,0.2667
25.27,92.98,549.0,18.6,34.7,270.0,-1.0,-0.0,34.7,31.0,34.3,1.171,0.2724
25.27,92.99,396.0,18.5,34.7,0.0,0.0,1.0,34.7,30.9,34.3,1.171,0.271
25.27,93.0,273.0,21.7,34.8,180.0,0.0,-1.0,34.8,30.9,34.4,1.171,0.3158
25.27,93.01,455.0,21.7,34.8,180.0,0.0,-1.0,34.8,30.8,34.4,1.171,0.3158
25.27,93.02,563.0,13.3,34.9,180.0,0.0,-1.0,34.9,30.7,34.4,1.172,0.1963
25.27,93.03,491.0,13.7,35.0,0.0,0.0,1.0,35.0,30.5,34.5,1.172,0.2021
25.27,93.04,380.0,13.7,35.1,0.0,0.0,1.0,35.1,30.4,34.5,1.172,0.2021
25.27,93.05,296.0,14.4,35.3,180.0,0.0,-1.0,35.3,30.1,34.6,1.172,0.2122
25.27,93.06,413.0,14.4,35.4,180.0,0.0,-1.0,35.4,29.9,34.7,1.172,0.2122
25.27,93.07,415.0,14.8,35.6,227.9,-0.742,-0.6704,35.6,29.6,34.8,1.172,0.218
25.27,93.08,341.0,26.7,35.8,270.0,-1.0,-0.0,35.8,29.3,34.8,1.172,0.3834
25.27,93.09,551.0,24.8,36.0,270.0,-1.0,-0.0,36.0,29.1,34.9,1.172,0.3579
25.27,93.1,487.0,24.0,36.2,0.0,0.0,1.0,36.2,28.9,34.9,1.172,0.347
25.27,93.11,284.0,24.0,36.2,0.0,0.0,1.0,36.2,28.7,35.0,1.173,0.3467
25.27,93.12,445.0,19.4,36.3,180.0,0.0,-1.0,36.3,28.6,35.1,1.175,0.2827
25.27,93.13,390.0,6.9,36.3,0.0,0.0,1.0,36.3,28.5,35.2,1.177,0.1021
25.27,93.14,377.0,8.7,36.3,180.0,0.0,-1.0,36.3,28.4,35.3,1.179,0.1283
25.27,93.15,447.0,16.4,36.3,0.0,0.0,1.0,36.3,28.4,35.3,1.18,0.2393
25.27,93.16,313.0,16.4,36.3,0.0,0.0,1.0,36.3,28.4,35.3,1.179,0.2395
25.27,93.17,320.0,14.3,36.2,270.0,-1.0,-0.0,36.2,28.5,35.3,1.179,0.2095
25.27,93.18,420.0,12.4,36.2,180.0,0.0,-1.0,36.2,28.6,35.2,1.178,0.1823
25.27,93.19,396.0,13.9,36.1,227.9,-0.742,-0.6704,36.1,28.7,35.2,1.178,0.2039
25.27,93.2,423.0,20.8,35.9,227.9,-0.742,-0.6704,35.9,28.9,35.2,1.178,0.3014
25.27,93.21,501.0,19.7,35.8,270.0,-1.0,-0.0,35.8,29.0,35.2,1.178,0.2862
25.27,93.22,588.0,19.1,35.7,132.1,0.742,-0.6704,35.7,29.1,35.1,1.179,0.2775
25.27,93.23,658.0,18.1,35.6,90.0,1.0,0.0,35.6,29.3,35.1,1.179,0.2635
25.27,93.24,623.0,25.2,35.5,90.0,1.0,0.0,35.5,29.4,35.1,1.18,0.3608
25.28,92.49,850.0,20.9,32.9,227.9,-0.742,-0.6704,32.9,33.2,33.8,1.17,0.3049
25.28,92.5,1020.0,20.4,32.9,180.0,0.0,-1.0,32.9,33.2,33.8,1.17,0.2979
25.28,92.51,965.0,15.8,32.9,270.0,-1.0,-0.0,32.9,33.3,33.8,1.17,0.2327
25.28,92.52,901.0,16.9,33.0,312.1,-0.742,0.6704,33.0,33.3,33.8,1.17,0.2485
25.28,92.53,920.0,21.8,33.0,227.9,-0.742,-0.6704,33.0,33.3,33.7,1.169,0.3177
25.28,92.54,947.0,25.9,33.0,270.0,-1.0,-0.0,33.0,33.3,33.7,1.169,0.3737
25.28,92.55,914.0,22.2,33.0,312.1,-0.742,0.6704,33.0,33.3,33.7,1.168,0.3235
25.28,92.56,1020.0,26.9,33.0,180.0,0.0,-1.0,33.0,33.4,33.6,1.168,0.3874
25.28,92.57,1252.0,26.9,33.0,180.0,0.0,-1.0,33.0,33.4,33.6,1.168,0.3874
25.28,92.58,1405.0,18.5,33.0,180.0,0.0,-1.0,33.0,33.4,33.6,1.167,0.2719
25.28,92.59,1406.0,8.9,33.0,270.0,-1.0,-0.0,33.0,33.5,33.5,1.167,0.1326
25.28,92.6,1374.0,12.9,33.0,312.1,-0.742,0.6704,33.0,33.5,33.5,1.166,0.1915
25.28,92.61,1328.0,12.3,33.0,270.0,-1.0,-0.0,33.0,33.5,33.4,1.166,0.1827
25.28,92.62,1285.0,10.7,33.1,312.1,-0.742,0.6704,33.1,33.5,33.4,1.165,0.1594
25.28,92.63,1320.0,8.9,33.1,312.1,-0.742,0.6704,33.1,33.6,33.3,1.165,0.1328
25.28,92.64,1286.0,12.7,33.1,312.1,-0.742,0.6704,33.1,33.6,33.3,1.164,0.1889
25.28,92.65,1194.0,14.1,33.1,180.0,0.0,-1.0,33.1,33.6,33.2,1.164,0.2093
25.28,92.66,1309.0,15.6,33.2,312.1,-0.742,0.6704,33.2,33.7,33.2,1.163,0.2312
25.28,92.67,1183.0,19.7,33.2,270.0,-1.0,-0.0,33.2,33.7,33.1,1.162,0.2901
25.28,92.68,1249.0,16.2,33.2,270.0,-1.0,-0.0,33.2,33.7,33.1,1.162,0.2401
25.28,92.69,1200.0,13.6,33.2,312.1,-0.742,0.6704,33.2,33.8,33.0,1.161,0.2025
25.28,92.7,1164.0,12.2,33.3,90.0,1.0,0.0,33.3,33.8,33.0,1.161,0.182
25.28,92.71,1224.0,13.1,33.3,0.0,0.0,1.0,33.3,33.8,32.9,1.16,0.1954
25.28,92.72,1118.0,13.1,33.3,0.0,0.0,1.0,33.3,33.8,32.9,1.16,0.1954
25.28,92.73,1097.0,14.8,33.3,270.0,-1.0,-0.0,33.3,33.8,32.8,1.159,0.2204
25.28,92.74,1149.0,20.6,33.4,270.0,-1.0,-0.0,33.4,33.8,32.8,1.159,0.3036
25.28,92.75,1147.0,22.5,33.4,312.1,-0.742,0.6704,33.4,33.8,32.8,1.159,0.3302
25.28,92.76,1131.0,27.8,33.4,270.0,-1.0,-0.0,33.4,33.8,32.8,1.159,0.4024
25.28,92.77,1109.0,22.3,33.4,90.0,1.0,0.0,33.4,33.7,32.9,1.159,0.3274
25.28,92.78,1053.0,27.6,33.4,0.0,0.0,1.0,33.4,33.7,32.9,1.16,0.3994
25.28,92.79,814.0,28.1,33.4,180.0,0.0,-1.0,33.4,33.6,33.0,1.16,0.406
25.28,92.8,1058.0,28.1,33.4,180.0,0.0,-1.0,33.4,33.5,33.1,1.161,0.4057
25.28,92.81,1058.0,11.0,33.4,132.1,0.742,-0.6704,33.4,33.4,33.2,1.161,0.1643
25.28,92.82,1037.0,12.8,33.5,47.9,0.742,0.6704,33.5,33.2,33.3,1.162,0.1907
25.28,92.83,1015.0,20.7,33.5,0.0,0.0,1.0,33.5,33.1,33.4,1.163,0.3039
25.28,92.84,843.0,22.4,33.5,312.1,-0.742,0.6704,33.5,33.0,33.5,1.164,0.3274
25.28,92.85,828.0,27.7,33.6,270.0,-1.0,-0.0,33.6,32.8,33.6,1.164,0.3993
25.28,92.86,816.0,31.6,33.6,0.0,0.0,1.0,33.6,32.7,33.7,1.165,0.4498
25.28,92.87,535.0,31.6,33.7,0.0,0.0,1.0,33.7,32.5,33.8,1.166,0.4494
25.28,92.88,648.0,26.8,33.7,180.0,0.0,-1.0,33.7,32.3,33.9,1.167,0.3864
25.28,92.89,879.0,32.4,33.8,227.9,-0.742,-0.6704,33.8,32.2,34.0,1.168,0.4588
25.28,92.9,838.0,16.2,33.9,0.0,0.0,1.0,33.9,32.0,34.1,1.168,0.2389
25.28,92.91,705.0,16.2,34.0,0.0,0.0,1.0,34.0,31.9,34.1,1.169,0.2387
25.28,92.92,630.0,17.8,34.1,90.0,1.0,0.0,34.1,31.7,34.2,1.17,0.2613
25.28,92.93,609.0,15.1,34.2,47.9,0.742,0.6704,34.2,31.6,34.2,1.17,0.2227
25.28,92.94,510.0,18.4,34.3,47.9,0.742,0.6704,34.3,31.5,34.3,1.171,0.2696
25.28,92.95,653.0,19.7,34.4,270.0,-1.0,-0.0,34.4,31.3,34.3,1.171,0.2879
25.28,92.96,574.0,13.9,34.5,47.9,0.742,0.6704,34.5,31.2,34.3,1.171,0.2051
25.28,92.97,481.0,19.6,34.5,312.1,-0.742,0.6704,34.5,31.1,34.3,1.171,0.2865
25.28,92.98,379.0,18.6,34.6,270.0,-1.0,-0.0,34.6,31.0,34.4,1.172,0.2721
25.28,92.99,320.0,18.6,34.7,312.1,-0.742,0.6704,34.7,30.9,34.4,1.172,0.2721
25.28,93.0,384.0,16.5,34.8,132.1,0.742,-0.6704,34.8,30.8,34.4,1.172,0.2423
25.28,93.01,465.0,15.8,34.8,132.1,0.742,-0.6704,34.8,30.7,34.4,1.172,0.2323
25.28,93.02,526.0,14.3,34.9,0.0,0.0,1.0,34.9,30.6,34.5,1.172,0.2108
25.28,93.03,410.0,14.3,35.0,0.0,0.0,1.0,35.0,30.5,34.5,1.172,0.2108
25.28,93.04,345.0,20.1,35.2,90.0,1.0,0.0,35.2,30.3,34.6,1.172,0.2932
25.28,93.05,302.0,24.3,35.3,90.0,1.0,0.0,35.3,30.0,34.7,1.172,0.3511
25.28,93.06,401.0,14.3,35.5,90.0,1.0,0.0,35.5,29.7,34.7,1.172,0.2108
25.28,93.07,333.0,21.3,35.7,90.0,1.0,0.0,35.7,29.5,34.8,1.172,0.3099
25.28,93.08,283.0,26.1,36.0,90.0,1.0,0.0,36.0,29.2,34.8,1.171,0.3757
25.28,93.09,318.0,24.8,36.2,270.0,-1.0,-0.0,36.2,29.0,34.9,1.171,0.3582
25.28,93.1,303.0,24.2,36.3,90.0,1.0,0.0,36.3,28.8,34.9,1.17,0.3504
25.28,93.11,396.0,14.9,36.4,90.0,1.0,0.0,36.4,28.6,35.0,1.171,0.2196
25.28,93.12,406.0,13.8,36.4,90.0,1.0,0.0,36.4,28.5,35.1,1.173,0.2034
25.28,93.13,333.0,21.3,36.4,90.0,1.0,0.0,36.4,28.5,35.2,1.176,0.3089
25.28,93.14,346.0,20.0,36.3,90.0,1.0,0.0,36.3,28.4,35.3,1.179,0.2901
25.28,93.15,340.0,20.6,36.3,90.0,1.0,0.0,36.3,28.35,35.35,1.18,0.2982
25.28,93.16,420.0,12.3,36.3,90.0,1.0,0.0,36.3,28.4,35.3,1.179,0.1807
25.28,93.17,374.0,17.2,36.3,90.0,1.0,0.0,36.3,28.5,35.3,1.179,0.2508
25.28,93.18,369.0,17.7,36.2,90.0,1.0,0.0,36.2,28.6,35.2,1.178,0.2581
25.28,93.19,396.0,14.9,36.1,90.0,1.0,0.0,36.1,28.7,35.2,1.178,0.2183
25.28,93.2,366.0,18.0,36.0,90.0,1.0,0.0,36.0,28.9,35.2,1.178,0.2623
25.28,93.21,446.0,11.8,35.8,227.9,-0.742,-0.6704,35.8,29.0,35.2,1.178,0.1736
25.28,93.22,486.0,36.4,35.7,180.0,0.0,-1.0,35.7,29.1,35.2,1.179,0.5033
25.28,93.23,823.0,36.4,35.6,180.0,0.0,-1.0,35.6,29.3,35.1,1.18,0.5029
25.28,93.24,860.0,33.2,35.5,270.0,-1.0,-0.0,35.5,29.4,35.1,1.18,0.464
25.29,92.49,984.0,42.0,32.9,270.0,-1.0,-0.0,32.9,33.2,33.9,1.171,0.5714
25.29,92.5,1007.0,43.4,32.9,270.0,-1.0,-0.0,32.9,33.2,33.9,1.171,0.5868
25.29,92.51,908.0,36.8,32.9,270.0,-1.0,-0.0,32.9,33.2,33.8,1.171,0.5115
25.29,92.52,927.0,38.2,32.9,270.0,-1.0,-0.0,32.9,33.3,33.8,1.17,0.5286
25.29,92.53,889.0,35.4,32.9,270.0,-1.0,-0.0,32.9,33.3,33.8,1.17,0.4951
25.29,92.54,909.0,36.9,32.9,270.0,-1.0,-0.0,32.9,33.3,33.8,1.17,0.5132
25.29,92.55,929.0,38.3,33.0,270.0,-1.0,-0.0,33.0,33.3,33.7,1.169,0.5302
25.29,92.56,1010.0,43.6,33.0,270.0,-1.0,-0.0,33.0,33.3,33.7,1.169,0.5899
25.29,92.57,1228.0,52.0,33.0,270.0,-1.0,-0.0,33.0,33.4,33.7,1.169,0.6741
25.29,92.58,1439.0,52.0,33.0,270.0,-1.0,-0.0,33.0,33.4,33.6,1.168,0.6747
25.29,92.59,1378.0,52.0,33.0,270.0,-1.0,-0.0,33.0,33.4,33.6,1.168,0.6747
25.29,92.6,1322.0,52.0,33.0,270.0,-1.0,-0.0,33.0,33.4,33.6,1.168,0.6747
25.29,92.61,1218.0,52.0,33.0,270.0,-1.0,-0.0,33.0,33.5,33.5,1.167,0.6752
25.29,92.62,1225.0,52.0,33.0,270.0,-1.0,-0.0,33.0,33.5,33.5,1.167,0.6752
25.29,92.63,1242.0,52.0,33.1,270.0,-1.0,-0.0,33.1,33.5,33.4,1.166,0.6758
25.29,92.64,1214.0,52.0,33.1,270.0,-1.0,-0.0,33.1,33.5,33.4,1.166,0.6758
25.29,92.65,1133.0,50.1,33.1,270.0,-1.0,-0.0,33.1,33.6,33.3,1.165,0.6585
25.29,92.66,1192.0,52.0,33.1,270.0,-1.0,-0.0,33.1,33.6,33.3,1.165,0.6764
25.29,92.67,1119.0,49.4,33.1,270.0,-1.0,-0.0,33.1,33.6,33.2,1.164,0.6523
25.29,92.68,1102.0,48.6,33.2,270.0,-1.0,-0.0,33.2,33.7,33.2,1.163,0.645
25.29,92.69,1258.0,52.0,33.2,270.0,-1.0,-0.0,33.2,33.7,33.1,1.163,0.6776
25.29,92.7,1273.0,52.0,33.2,270.0,-1.0,-0.0,33.2,33.7,33.1,1.162,0.6782
25.29,92.71,1224.0,52.0,33.2,270.0,-1.0,-0.0,33.2,33.7,33.1,1.162,0.6782
25.29,92.72,1215.0,52.0,33.3,270.0,-1.0,-0.0,33.3,33.7,33.0,1.162,0.6782
25.29,92.73,964.0,40.7,33.3,270.0,-1.0,-0.0,33.3,33.7,33.0,1.161,0.5617
25.29,92.74,959.0,40.4,33.3,270.0,-1.0,-0.0,33.3,33.7,33.0,1.161,0.5582
25.29,92.75,987.0,42.2,33.3,270.0,-1.0,-0.0,33.3,33.7,33.0,1.161,0.5786
25.29,92.76,865.0,33.6,33.3,270.0,-1.0,-0.0,33.3,33.6,33.0,1.161,0.4767
25.29,92.77,1096.0,48.3,33.4,270.0,-1.0,-0.0,33.4,33.6,33.1,1.161,0.6431
25.29,92.78,1041.0,45.4,33.4,270.0,-1.0,-0.0,33.4,33.5,33.1,1.162,0.6128
25.29,92.79,888.0,35.4,33.4,270.0,-1.0,-0.0,33.4,33.4,33.2,1.162,0.4985
25.29,92.8,1093.0,48.1,33.4,270.0,-1.0,-0.0,33.4,33.3,33.2,1.162,0.6405
25.29,92.81,1017.0,44.0,33.4,270.0,-1.0,-0.0,33.4,33.2,33.3,1.163,0.5973
25.29,92.82,951.0,39.8,33.5,270.0,-1.0,-0.0,33.5,33.1,33.4,1.164,0.5499
25.29,92.83,944.0,39.4,33.5,270.0,-1.0,-0.0,33.5,33.0,33.5,1.164,0.5453
25.29,92.84,830.0,30.7,33.5,270.0,-1.0,-0.0,33.5,32.9,33.6,1.165,0.4382
25.29,92.85,563.0,30.3,33.6,0.0,0.0,1.0,33.6,32.7,33.7,1.166,0.4327
25.29,92.86,727.0,29.9,33.6,0.0,0.0,1.0,33.6,32.6,33.8,1.167,0.4272
25.29,92.87,465.0,29.9,33.7,0.0,0.0,1.0,33.7,32.4,33.9,1.167,0.4272
25.29,92.88,447.0,36.3,33.8,180.0,0.0,-1.0,33.8,32.3,34.0,1.168,0.5069
25.29,92.89,782.0,36.3,33.8,180.0,0.0,-1.0,33.8,32.1,34.0,1.169,0.5064
25.29,92.9,836.0,31.2,33.9,270.0,-1.0,-0.0,33.9,32.0,34.1,1.169,0.4431
25.29,92.91,786.0,26.9,34.0,270.0,-1.0,-0.0,34.0,31.8,34.2,1.17,0.3867
25.29,92.92,792.0,27.4,34.1,270.0,-1.0,-0.0,34.1,31.7,34.2,1.17,0.3933
25.29,92.93,736.0,22.2,34.2,270.0,-1.0,-0.0,34.2,31.6,34.3,1.171,0.3227
25.29,92.94,593.0,17.4,34.3,0.0,0.0,1.0,34.3,31.4,34.3,1.171,0.2554
25.29,92.95,472.0,19.7,34.4,270.0,-1.0,-0.0,34.4,31.3,34.3,1.172,0.2876
25.29,92.96,620.0,18.0,34.4,180.0,0.0,-1.0,34.4,31.2,34.4,1.172,0.2637
25.29,92.97,529.0,32.4,34.5,0.0,0.0,1.0,34.5,31.1,34.4,1.172,0.4572
25.29,92.98,239.0,32.4,34.6,0.0,0.0,1.0,34.6,31.0,34.4,1.172,0.4572
25.29,92.99,350.0,19.6,34.7,90.0,1.0,0.0,34.7,30.9,34.4,1.172,0.2862
25.29,93.0,464.0,14.8,34.7,180.0,0.0,-1.0,34.7,30.8,34.5,1.172,0.218
25.29,93.01,585.0,16.5,34.8,132.1,0.742,-0.6704,34.8,30.7,34.5,1.173,0.2421
25.29,93.02,530.0,10.0,34.9,47.9,0.742,0.6704,34.9,30.5,34.5,1.173,0.148
25.29,93.03,437.0,15.2,35.0,47.9,0.742,0.6704,35.0,30.4,34.6,1.173,0.2235
25.29,93.04,270.0,20.1,35.2,90.0,1.0,0.0,35.2,30.2,34.6,1.173,0.293
25.29,93.05,391.0,24.3,35.4,90.0,1.0,0.0,35.4,29.9,34.7,1.172,0.3511
25.29,93.06,333.0,18.5,35.6,132.1,0.742,-0.6704,35.6,29.6,34.8,1.172,0.2707
25.29,93.07,301.0,21.3,35.8,90.0,1.0,0.0,35.8,29.4,34.8,1.171,0.3102
25.29,93.08,258.0,26.1,36.1,90.0,1.0,0.0,36.1,29.1,34.8,1.17,0.376
25.29,93.09,259.0,22.8,36.3,90.0,1.0,0.0,36.3,28.8,34.9,1.169,0.3315
25.29,93.1,438.0,24.2,36.5,90.0,1.0,0.0,36.5,28.7,34.9,1.168,0.351
25.29,93.11,543.0,18.4,36.6,132.1,0.742,-0.6704,36.6,28.5,34.9,1.168,0.2702
25.29,93.12,499.0,16.1,36.6,47.9,0.742,0.6704,36.6,28.5,35.0,1.17,0.237
25.29,93.13,298.0,21.3,36.5,90.0,1.0,0.0,36.5,28.4,35.1,1.173,0.3097
25.29,93.14,292.0,20.0,36.4,90.0,1.0,0.0,36.4,28.4,35.3,1.178,0.2903
25.29,93.15,319.0,20.6,36.3,90.0,1.0,0.0,36.3,28.4,35.3,1.179,0.2984
25.29,93.16,390.0,15.6,36.3,132.1,0.742,-0.6704,36.3,28.4,35.3,1.179,0.2281
25.29,93.17,347.0,17.2,36.3,90.0,1.0,0.0,36.3,28.5,35.3,1.178,0.251
25.29,93.18,342.0,17.7,36.2,90.0,1.0,0.0,36.2,28.6,35.2,1.178,0.2581
25.29,93.19,387.0,14.9,36.1,90.0,1.0,0.0,36.1,28.7,35.2,1.178,0.2183
25.29,93.2,404.0,18.0,36.0,90.0,1.0,0.0,36.0,28.9,35.2,1.178,0.2623
25.29,93.21,472.0,13.6,35.8,132.1,0.742,-0.6704,35.8,29.0,35.2,1.179,0.1994
25.29,93.22,565.0,23.3,35.7,227.9,-0.742,-0.6704,35.7,29.1,35.2,1.179,0.3355
25.29,93.23,615.0,30.1,35.6,270.0,-1.0,-0.0,35.6,29.3,35.2,1.18,0.425
25.29,93.24,890.0,33.2,35.5,270.0,-1.0,-0.0,35.5,29.4,35.2,1.181,0.4636
25.29,93.25,979.0,25.9,35.3,312.1,-0.742,0.6704,35.3,29.5,35.2,1.181,0.3699
25.3,92.49,1042.0,42.0,32.9,270.0,-1.0,-0.0,32.9,33.2,33.9,1.172,0.5709
25.3,92.5,1131.0,43.4,32.9,270.0,-1.0,-0.0,32.9,33.2,33.9,1.172,0.5863
25.3,92.51,1018.0,36.8,32.9,270.0,-1.0,-0.0,32.9,33.2,33.9,1.172,0.5111
25.3,92.52,943.0,38.2,32.9,270.0,-1.0,-0.0,32.9,33.2,33.9,1.171,0.5281
25.3,92.53,873.0,35.4,32.9,270.0,-1.0,-0.0,32.9,33.2,33.8,1.171,0.4947
25.3,92.54,930.0,36.9,32.9,270.0,-1.0,-0.0,32.9,33.3,33.8,1.171,0.5127
25.3,92.55,1001.0,38.3,32.9,270.0,-1.0,-0.0,32.9,33.3,33.8,1.171,0.5293
25.3,92.56,1228.0,45.7,32.9,227.9,-0.742,-0.6704,32.9,33.3,33.8,1.17,0.6117
25.3,92.57,1324.0,52.0,32.9,270.0,-1.0,-0.0,32.9,33.3,33.7,1.17,0.6735
25.3,92.58,1240.0,52.0,32.9,270.0,-1.0,-0.0,32.9,33.4,33.7,1.17,0.6735
25.3,92.59,1235.0,52.0,33.0,270.0,-1.0,-0.0,33.0,33.4,33.7,1.169,0.6741
25.3,92.6,1256.0,52.0,33.0,270.0,-1.0,-0.0,33.0,33.4,33.6,1.169,0.6741
25.3,92.61,1063.0,52.0,33.0,270.0,-1.0,-0.0,33.0,33.4,33.6,1.168,0.6747
25.3,92.62,1085.0,52.0,33.0,270.0,-1.0,-0.0,33.0,33.4,33.6,1.168,0.6747
25.3,92.63,1182.0,52.0,33.0,270.0,-1.0,-0.0,33.0,33.5,33.5,1.168,0.6747
25.3,92.64,1168.0,52.0,33.0,270.0,-1.0,-0.0,33.0,33.5,33.5,1.167,0.6752
25.3,92.65,1086.0,50.1,33.1,270.0,-1.0,-0.0,33.1,33.5,33.4,1.167,0.6574
25.3,92.66,1101.0,52.0,33.1,270.0,-1.0,-0.0,33.1,33.5,33.4,1.166,0.6758
25.3,92.67,1061.0,49.4,33.1,270.0,-1.0,-0.0,33.1,33.6,33.3,1.166,0.6512
25.3,92.68,1150.0,48.6,33.1,270.0,-1.0,-0.0,33.1,33.6,33.3,1.165,0.6439
25.3,92.69,1163.0,52.0,33.1,270.0,-1.0,-0.0,33.1,33.6,33.3,1.165,0.6764
25.3,92.7,1089.0,52.0,33.2,270.0,-1.0,-0.0,33.2,33.6,33.2,1.164,0.677
25.3,92.71,1126.0,52.0,33.2,270.0,-1.0,-0.0,33.2,33.6,33.2,1.164,0.677
25.3,92.72,1178.0,52.0,33.2,270.0,-1.0,-0.0,33.2,33.6,33.2,1.164,0.677
25.3,92.73,1068.0,45.2,33.2,312.1,-0.742,0.6704,33.2,33.6,33.2,1.163,0.6101
25.3,92.74,1051.0,40.4,33.3,270.0,-1.0,-0.0,33.3,33.6,33.2,1.163,0.5573
25.3,92.75,1092.0,42.2,33.3,270.0,-1.0,-0.0,33.3,33.6,33.2,1.163,0.5776
25.3,92.76,880.0,39.8,33.3,227.9,-0.742,-0.6704,33.3,33.5,33.2,1.163,0.5504
25.3,92.77,791.0,48.3,33.3,270.0,-1.0,-0.0,33.3,33.5,33.2,1.163,0.642
25.3,92.78,844.0,45.4,33.3,270.0,-1.0,-0.0,33.3,33.4,33.3,1.163,0.6122
25.3,92.79,934.0,39.6,33.4,227.9,-0.742,-0.6704,33.4,33.3,33.3,1.164,0.5476
25.3,92.8,1027.0,48.1,33.4,270.0,-1.0,-0.0,33.4,33.2,33.4,1.164,0.6394
25.3,92.81,924.0,44.0,33.4,270.0,-1.0,-0.0,33.4,33.1,33.5,1.165,0.5963
25.3,92.82,796.0,39.8,33.5,270.0,-1.0,-0.0,33.5,33.0,33.5,1.165,0.5495
25.3,92.83,791.0,39.4,33.5,270.0,-1.0,-0.0,33.5,32.9,33.6,1.166,0.5444
25.3,92.84,659.0,31.3,33.5,312.1,-0.742,0.6704,33.5,32.8,33.7,1.166,0.4456
25.3,92.85,714.0,23.8,33.6,312.1,-0.742,0.6704,33.6,32.6,33.8,1.167,0.3458
25.3,92.86,554.0,21.3,33.7,270.0,-1.0,-0.0,33.7,32.5,33.9,1.168,0.311
25.3,92.87,399.0,16.1,33.7,312.1,-0.742,0.6704,33.7,32.3,33.9,1.168,0.2374
25.3,92.88,450.0,20.3,33.8,227.9,-0.742,-0.6704,33.8,32.2,34.0,1.169,0.2968
25.3,92.89,718.0,26.5,33.9,270.0,-1.0,-0.0,33.9,32.1,34.1,1.17,0.3814
25.3,92.9,561.0,31.2,33.9,270.0,-1.0,-0.0,33.9,31.9,34.1,1.17,0.4428
25.3,92.91,647.0,26.9,34.0,270.0,-1.0,-0.0,34.0,31.8,34.2,1.171,0.3864
25.3,92.92,660.0,27.4,34.1,270.0,-1.0,-0.0,34.1,31.7,34.2,1.171,0.393
25.3,92.93,651.0,22.2,34.2,270.0,-1.0,-0.0,34.2,31.5,34.3,1.172,0.3224
25.3,92.94,604.0,16.8,34.3,312.1,-0.742,0.6704,34.3,31.4,34.3,1.172,0.2466
25.3,92.95,480.0,7.5,34.3,227.9,-0.742,-0.6704,34.3,31.3,34.4,1.172,0.1114
25.3,92.96,540.0,10.1,34.4,270.0,-1.0,-0.0,34.4,31.2,34.4,1.172,0.1496
25.3,92.97,482.0,23.2,34.5,47.9,0.742,0.6704,34.5,31.1,34.4,1.173,0.3358
25.3,92.98,232.0,30.0,34.6,90.0,1.0,0.0,34.6,31.0,34.4,1.173,0.4263
25.3,92.99,478.0,23.2,34.6,132.1,0.742,-0.6704,34.6,30.9,34.5,1.173,0.3358
25.3,93.0,412.0,14.8,34.7,132.1,0.742,-0.6704,34.7,30.8,34.5,1.173,0.2178
25.3,93.01,491.0,6.2,34.8,270.0,-1.0,-0.0,34.8,30.7,34.5,1.173,0.0921
25.3,93.02,530.0,4.6,34.9,312.1,-0.742,0.6704,34.9,30.5,34.6,1.173,0.0684
25.3,93.03,359.0,3.5,35.1,180.0,0.0,-1.0,35.1,30.3,34.6,1.173,0.052
25.3,93.04,281.0,3.5,35.2,180.0,0.0,-1.0,35.2,30.1,34.7,1.173,0.052
25.3,93.05,379.0,3.5,35.4,180.0,0.0,-1.0,35.4,29.8,34.7,1.173,0.052
25.3,93.06,360.0,3.5,35.7,180.0,0.0,-1.0,35.7,29.6,34.8,1.172,0.0521
25.3,93.07,322.0,3.5,35.9,180.0,0.0,-1.0,35.9,29.3,34.8,1.171,0.0521
25.3,93.08,279.0,3.5,36.2,180.0,0.0,-1.0,36.2,29.0,34.8,1.169,0.0522
25.3,93.09,258.0,3.5,36.4,180.0,0.0,-1.0,36.4,28.7,34.8,1.168,0.0523
25.3,93.1,440.0,3.5,36.7,180.0,0.0,-1.0,36.7,28.5,34.8,1.166,0.0524
25.3,93.11,380.0,3.5,36.8,180.0,0.0,-1.0,36.8,28.4,34.8,1.165,0.0524
25.3,93.12,504.0,3.5,36.8,180.0,0.0,-1.0,36.8,28.3,34.8,1.165,0.0524
25.3,93.13,308.0,3.5,36.7,180.0,0.0,-1.0,36.7,28.4,34.9,1.168,0.0523
25.3,93.14,275.0,3.5,36.5,180.0,0.0,-1.0,36.5,28.4,35.1,1.173,0.052
25.3,93.15,329.0,3.5,36.4,180.0,0.0,-1.0,36.4,28.4,35.2,1.176,0.0519
25.3,93.16,384.0,3.5,36.3,180.0,0.0,-1.0,36.3,28.5,35.2,1.177,0.0519
25.3,93.17,374.0,3.5,36.3,180.0,0.0,-1.0,36.3,28.5,35.2,1.177,0.0519
25.3,93.18,430.0,3.5,36.2,180.0,0.0,-1.0,36.2,28.6,35.2,1.177,0.0519
25.3,93.19,406.0,3.5,36.1,180.0,0.0,-1.0,36.1,28.8,35.2,1.178,0.0518
25.3,93.2,429.0,3.5,35.9,180.0,0.0,-1.0,35.9,28.9,35.2,1.178,0.0518
25.3,93.21,486.0,3.5,35.8,180.0,0.0,-1.0,35.8,29.0,35.2,1.179,0.0518
25.3,93.22,560.0,3.5,35.7,180.0,0.0,-1.0,35.7,29.2,35.2,1.179,0.0518
25.3,93.23,581.0,3.5,35.6,180.0,0.0,-1.0,35.6,29.3,35.2,1.18,0.0517
25.3,93.24,865.0,3.5,35.4,180.0,0.0,-1.0,35.4,29.4,35.2,1.181,0.0517
25.3,93.25,675.0,3.5,35.3,180.0,0.0,-1.0,35.3,29.5,35.2,1.182,0.0516
25.3,93.26,850.0,3.5,35.2,180.0,0.0,-1.0,35.2,29.6,35.2,1.182,0.0516
25.31,92.5,1026.0,3.5,32.9,180.0,0.0,-1.0,32.9,33.2,33.9,1.173,0.052
25.31,92.51,966.0,3.5,32.9,180.0,0.0,-1.0,32.9,33.2,33.9,1.172,0.0521
25.31,92.52,894.0,3.5,32.9,180.0,0.0,-1.0,32.9,33.2,33.9,1.172,0.0521
25.31,92.53,866.0,3.5,32.9,180.0,0.0,-1.0,32.9,33.2,33.9,1.172,0.0521
25.31,92.54,908.0,3.5,32.9,180.0,0.0,-1.0,32.9,33.2,33.9,1.172,0.0521
25.31,92.55,1031.0,3.5,32.9,180.0,0.0,-1.0,32.9,33.3,33.8,1.172,0.0521
25.31,92.56,1048.0,3.5,32.9,180.0,0.0,-1.0,32.9,33.3,33.8,1.171,0.0521
25.31,92.57,1188.0,3.5,32.9,180.0,0.0,-1.0,32.9,33.3,33.8,1.171,0.0521
25.31,92.58,1101.0,3.5,32.9,180.0,0.0,-1.0,32.9,33.3,33.8,1.171,0.0521
25.31,92.59,1079.0,3.5,32.9,180.0,0.0,-1.0,32.9,33.3,33.7,1.171,0.0521
25.31,92.6,1123.0,3.5,32.9,180.0,0.0,-1.0,32.9,33.4,33.7,1.17,0.0522
25.31,92.61,1131.0,3.5,32.9,180.0,0.0,-1.0,32.9,33.4,33.7,1.17,0.0522
25.31,92.62,1053.0,3.5,33.0,180.0,0.0,-1.0,33.0,33.4,33.6,1.17,0.0522
25.31,92.63,1110.0,3.5,33.0,180.0,0.0,-1.0,33.0,33.4,33.6,1.169,0.0522
25.31,92.64,1033.0,3.5,33.0,180.0,0.0,-1.0,33.0,33.4,33.6,1.169,0.0522
25.31,92.65,1058.0,3.5,33.0,180.0,0.0,-1.0,33.0,33.5,33.5,1.168,0.0523
25.31,92.66,1025.0,3.5,33.0,180.0,0.0,-1.0,33.0,33.5,33.5,1.168,0.0523
25.31,92.67,1061.0,3.5,33.0,180.0,0.0,-1.0,33.0,33.5,33.5,1.168,0.0523
25.31,92.68,1009.0,3.5,33.1,180.0,0.0,-1.0,33.1,33.5,33.4,1.167,0.0523
25.31,92.69,1146.0,3.5,33.1,180.0,0.0,-1.0,33.1,33.5,33.4,1.167,0.0523
25.31,92.7,1088.0,3.5,33.1,180.0,0.0,-1.0,33.1,33.5,33.4,1.166,0.0524
25.31,92.71,1107.0,3.5,33.1,180.0,0.0,-1.0,33.1,33.5,33.3,1.166,0.0524
25.31,92.72,1160.0,3.5,33.2,180.0,0.0,-1.0,33.2,33.5,33.3,1.166,0.0524
25.31,92.73,1198.0,3.5,33.2,180.0,0.0,-1.0,33.2,33.5,33.3,1.166,0.0524
25.31,92.74,1161.0,3.5,33.2,180.0,0.0,-1.0,33.2,33.5,33.3,1.165,0.0524
25.31,92.75,1087.0,3.5,33.2,180.0,0.0,-1.0,33.2,33.4,33.3,1.165,0.0524
25.31,92.76,1072.0,3.5,33.3,180.0,0.0,-1.0,33.3,33.4,33.3,1.165,0.0524
25.31,92.77,1060.0,3.5,33.3,180.0,0.0,-1.0,33.3,33.3,33.4,1.165,0.0524
25.31,92.78,904.0,3.5,33.3,180.0,0.0,-1.0,33.3,33.3,33.4,1.165,0.0524
25.31,92.79,923.0,3.5,33.3,180.0,0.0,-1.0,33.3,33.2,33.5,1.166,0.0524
25.31,92.8,1062.0,3.5,33.4,180.0,0.0,-1.0,33.4,33.1,33.5,1.166,0.0524
25.31,92.81,1000.0,3.5,33.4,180.0,0.0,-1.0,33.4,33.0,33.6,1.166,0.0524
25.31,92.82,980.0,3.5,33.4,180.0,0.0,-1.0,33.4,32.9,33.7,1.167,0.0523
25.31,92.83,967.0,3.5,33.5,180.0,0.0,-1.0,33.5,32.8,33.7,1.167,0.0523
25.31,92.84,928.0,3.5,33.5,180.0,0.0,-1.0,33.5,32.7,33.8,1.168,0.0523
25.31,92.85,895.0,3.5,33.6,180.0,0.0,-1.0,33.6,32.5,33.9,1.168,0.0523
25.31,92.86,779.0,3.5,33.7,180.0,0.0,-1.0,33.7,32.4,33.9,1.169,0.0522
25.31,92.87,734.0,3.5,33.7,180.0,0.0,-1.0,33.7,32.3,34.0,1.17,0.0522
25.31,92.88,497.0,3.5,33.8,180.0,0.0,-1.0,33.8,32.1,34.1,1.17,0.0522
25.31,92.89,462.0,3.5,33.9,180.0,0.0,-1.0,33.9,32.0,34.1,1.171,0.0521
25.31,92.9,467.0,3.5,33.9,180.0,0.0,-1.0,33.9,31.9,34.2,1.171,0.0521
25.31,92.91,341.0,3.5,34.0,180.0,0.0,-1.0,34.0,31.7,34.2,1.171,0.0521
25.31,92.92,272.0,3.5,34.1,180.0,0.0,-1.0,34.1,31.6,34.3,1.172,0.0521
25.31,92.93,587.0,3.5,34.2,180.0,0.0,-1.0,34.2,31.5,34.3,1.172,0.0521
25.31,92.94,471.0,3.5,34.2,180.0,0.0,-1.0,34.2,31.4,34.3,1.172,0.0521
25.31,92.95,392.0,3.5,34.3,180.0,0.0,-1.0,34.3,31.3,34.4,1.173,0.052
25.31,92.96,547.0,3.5,34.4,180.0,0.0,-1.0,34.4,31.2,34.4,1.173,0.052
25.31,92.97,558.0,3.5,34.5,180.0,0.0,-1.0,34.5,31.1,34.4,1.173,0.052
25.31,92.98,378.0,3.5,34.5,180.0,0.0,-1.0,34.5,31.0,34.5,1.173,0.052
25.31,92.99,408.0,3.5,34.6,180.0,0.0,-1.0,34.6,30.9,34.5,1.174,0.052
25.31,93.0,595.0,3.5,34.7,180.0,0.0,-1.0,34.7,30.8,34.5,1.174,0.052
25.31,93.01,604.0,3.5,34.8,180.0,0.0,-1.0,34.8,30.6,34.6,1.174,0.052
25.31,93.02,438.0,3.5,34.9,180.0,0.0,-1.0,34.9,30.5,34.6,1.174,0.052
25.31,93.03,438.0,3.5,35.1,180.0,0.0,-1.0,35.1,30.3,34.7,1.174,0.052
25.31,93.04,271.0,3.5,35.2,180.0,0.0,-1.0,35.2,30.1,34.7,1.174,0.052
25.31,93.05,233.0,3.5,35.4,180.0,0.0,-1.0,35.4,29.8,34.8,1.173,0.052
25.31,93.06,304.0,3.5,35.7,180.0,0.0,-1.0,35.7,29.5,34.8,1.172,0.0521
25.31,93.07,276.0,3.5,36.0,180.0,0.0,-1.0,36.0,29.2,34.8,1.171,0.0521
25.31,93.08,272.0,3.5,36.2,180.0,0.0,-1.0,36.2,28.9,34.8,1.169,0.0522
25.31,93.09,319.0,3.5,36.5,180.0,0.0,-1.0,36.5,28.7,34.8,1.167,0.0523
25.31,93.1,385.0,3.5,36.8,180.0,0.0,-1.0,36.8,28.4,34.8,1.164,0.0524
25.31,93.11,453.0,3.5,37.0,180.0,0.0,-1.0,37.0,28.3,34.7,1.162,0.0525
25.31,93.12,356.0,3.5,37.1,180.0,0.0,-1.0,37.1,28.2,34.7,1.161,0.0526
25.31,93.13,267.0,3.5,37.0,180.0,0.0,-1.0,37.0,28.3,34.8,1.163,0.0525
25.31,93.14,416.0,3.5,36.7,180.0,0.0,-1.0,36.7,28.4,34.9,1.168,0.0523
25.31,93.15,349.0,3.5,36.5,180.0,0.0,-1.0,36.5,28.5,35.1,1.173,0.052
25.31,93.16,346.0,3.5,36.3,180.0,0.0,-1.0,36.3,28.5,35.1,1.175,0.052
25.31,93.17,315.0,3.5,36.2,180.0,0.0,-1.0,36.2,28.6,35.2,1.176,0.0519
25.31,93.18,393.0,3.5,36.1,180.0,0.0,-1.0,36.1,28.7,35.2,1.177,0.0519
25.31,93.19,454.0,3.5,36.0,180.0,0.0,-1.0,36.0,28.8,35.2,1.177,0.0519
25.31,93.2,421.0,3.5,35.9,180.0,0.0,-1.0,35.9,28.9,35.2,1.178,0.0518
25.31,93.21,322.0,3.5,35.8,180.0,0.0,-1.0,35.8,29.1,35.2,1.179,0.0518
25.31,93.22,539.0,3.5,35.6,180.0,0.0,-1.0,35.6,29.2,35.2,1.18,0.0517
25.31,93.23,775.0,3.5,35.5,180.0,0.0,-1.0,35.5,29.3,35.2,1.181,0.0517
25.31,93.24,720.0,3.5,35.4,180.0,0.0,-1.0,35.4,29.4,35.2,1.182,0.0516
25.31,93.25,687.0,3.5,35.3,180.0,0.0,-1.0,35.3,29.5,35.2,1.182,0.0516
25.31,93.26,520.0,3.5,35.2,180.0,0.0,-1.0,35.2,29.6,35.2,1.183,0.0516
25.31,93.27,710.0,3.5,35.1,180.0,0.0,-1.0,35.1,29.7,35.2,1.184,0.0516
25.32,92.5,1211.0,3.5,32.9,180.0,0.0,-1.0,32.9,33.1,34.0,1.173,0.052
25.32,92.51,1052.0,3.5,32.9,180.0,0.0,-1.0,32.9,33.2,34.0,1.173,0.052
25.32,92.52,957.0,3.5,32.9,180.0,0.0,-1.0,32.9,33.2,34.0,1.173,0.052
25.32,92.53,863.0,3.5,32.9,180.0,0.0,-1.0,32.9,33.2,33.9,1.173,0.052
25.32,92.54,876.0,3.5,32.9,180.0,0.0,-1.0,32.9,33.2,33.9,1.173,0.052
25.32,92.55,942.0,3.5,32.9,180.0,0.0,-1.0,32.9,33.2,33.9,1.173,0.052
25.32,92.56,905.0,3.5,32.9,180.0,0.0,-1.0,32.9,33.2,33.9,1.173,0.052
25.32,92.57,1003.0,3.5,32.9,180.0,0.0,-1.0,32.9,33.3,33.9,1.172,0.0521
25.32,92.58,1197.0,3.5,32.9,180.0,0.0,-1.0,32.9,33.3,33.8,1.172,0.0521
25.32,92.59,1180.0,3.5,32.9,180.0,0.0,-1.0,32.9,33.3,33.8,1.172,0.0521
25.32,92.6,1161.0,3.5,32.9,180.0,0.0,-1.0,32.9,33.3,33.8,1.172,0.0521
25.32,92.61,1053.0,3.5,32.9,180.0,0.0,-1.0,32.9,33.3,33.8,1.171,0.0521
25.32,92.62,1059.0,3.5,32.9,180.0,0.0,-1.0,32.9,33.4,33.7,1.171,0.0521
25.32,92.63,1159.0,3.5,32.9,180.0,0.0,-1.0,32.9,33.4,33.7,1.171,0.0521
25.32,92.64,1120.0,3.5,32.9,180.0,0.0,-1.0,32.9,33.4,33.7,1.171,0.0521
25.32,92.65,1090.0,3.5,33.0,180.0,0.0,-1.0,33.0,33.4,33.6,1.17,0.0522
25.32,92.66,1141.0,3.5,33.0,180.0,0.0,-1.0,33.0,33.4,33.6,1.17,0.0522
25.32,92.67,1127.0,3.5,33.0,180.0,0.0,-1.0,33.0,33.4,33.6,1.17,0.0522
25.32,92.68,1089.0,3.5,33.0,180.0,0.0,-1.0,33.0,33.4,33.6,1.169,0.0522
25.32,92.69,943.0,3.5,33.0,180.0,0.0,-1.0,33.0,33.4,33.5,1.169,0.0522
25.32,92.7,1113.0,3.5,33.1,180.0,0.0,-1.0,33.1,33.4,33.5,1.169,0.0522
25.32,92.71,953.0,3.5,33.1,180.0,0.0,-1.0,33.1,33.4,33.5,1.168,0.0523
25.32,92.72,1128.0,3.5,33.1,180.0,0.0,-1.0,33.1,33.4,33.5,1.168,0.0523
25.32,92.73,1105.0,3.5,33.1,180.0,0.0,-1.0,33.1,33.4,33.5,1.168,0.0523
25.32,92.74,1086.0,3.5,33.2,180.0,0.0,-1.0,33.2,33.4,33.5,1.168,0.0523
25.32,92.75,1116.0,3.5,33.2,180.0,0.0,-1.0,33.2,33.3,33.5,1.167,0.0523
25.32,92.76,1081.0,3.5,33.2,180.0,0.0,-1.0,33.2,33.3,33.5,1.167,0.0523
25.32,92.77,1050.0,3.5,33.2,180.0,0.0,-1.0,33.2,33.2,33.5,1.167,0.0523
25.32,92.78,927.0,3.5,33.3,180.0,0.0,-1.0,33.3,33.2,33.5,1.167,0.0523
25.32,92.79,913.0,3.5,33.3,180.0,0.0,-1.0,33.3,33.1,33.6,1.168,0.0523
25.32,92.8,1028.0,3.5,33.4,180.0,0.0,-1.0,33.4,33.0,33.6,1.168,0.0523
25.32,92.81,1039.0,3.5,33.4,180.0,0.0,-1.0,33.4,32.9,33.7,1.168,0.0523
25.32,92.82,996.0,3.5,33.4,180.0,0.0,-1.0,33.4,32.8,33.8,1.169,0.0522
25.32,92.83,932.0,3.5,33.5,180.0,0.0,-1.0,33.5,32.7,33.8,1.169,0.0522
25.32,92.84,837.0,3.5,33.5,180.0,0.0,-1.0,33.5,32.6,33.9,1.169,0.0522
25.32,92.85,737.0,3.5,33.6,180.0,0.0,-1.0,33.6,32.4,34.0,1.17,0.0522
25.32,92.86,755.0,3.5,33.7,180.0,0.0,-1.0,33.7,32.3,34.0,1.17,0.0522
25.32,92.87,735.0,3.5,33.7,180.0,0.0,-1.0,33.7,32.2,34.1,1.171,0.0521
25.32,92.88,554.0,3.5,33.8,180.0,0.0,-1.0,33.8,32.1,34.1,1.171,0.0521
25.32,92.89,510.0,3.5,33.9,180.0,0.0,-1.0,33.9,31.9,34.2,1.171,0.0521
25.32,92.9,664.0,3.5,34.0,180.0,0.0,-1.0,34.0,31.8,34.2,1.172,0.0521
25.32,92.91,607.0,3.5,34.0,180.0,0.0,-1.0,34.0,31.7,34.3,1.172,0.0521
25.32,92.92,409.0,3.5,34.1,180.0,0.0,-1.0,34.1,31.6,34.3,1.172,0.0521
25.32,92.93,248.0,3.5,34.2,180.0,0.0,-1.0,34.2,31.5,34.3,1.173,0.052
25.32,92.94,432.0,3.5,34.2,180.0,0.0,-1.0,34.2,31.4,34.4,1.173,0.052
25.32,92.95,256.0,3.5,34.3,180.0,0.0,-1.0,34.3,31.3,34.4,1.173,0.052
25.32,92.96,350.0,3.5,34.4,180.0,0.0,-1.0,34.4,31.2,34.4,1.174,0.052
25.32,92.97,338.0,3.5,34.4,180.0,0.0,-1.0,34.4,31.1,34.5,1.174,0.052
25.32,92.98,207.0,3.5,34.5,180.0,0.0,-1.0,34.5,31.0,34.5,1.174,0.052
25.32,92.99,489.0,3.5,34.6,180.0,0.0,-1.0,34.6,30.9,34.5,1.174,0.052
25.32,93.0,713.0,3.5,34.7,180.0,0.0,-1.0,34.7,30.8,34.6,1.174,0.052
25.32,93.01,680.0,3.5,34.8,180.0,0.0,-1.0,34.8,30.6,34.6,1.175,0.052
25.32,93.02,543.0,3.5,34.9,180.0,0.0,-1.0,34.9,30.5,34.7,1.175,0.052
25.32,93.03,484.0,3.5,35.0,180.0,0.0,-1.0,35.0,30.3,34.7,1.175,0.052
25.32,93.04,331.0,3.5,35.2,180.0,0.0,-1.0,35.2,30.0,34.7,1.174,0.052
25.32,93.05,313.0,3.5,35.4,180.0,0.0,-1.0,35.4,29.8,34.8,1.173,0.052
25.32,93.06,351.0,3.5,35.7,180.0,0.0,-1.0,35.7,29.5,34.8,1.172,0.0521
25.32,93.07,257.0,3.5,36.0,180.0,0.0,-1.0,36.0,29.2,34.8,1.171,0.0521
25.32,93.08,281.0,3.5,36.3,180.0,0.0,-1.0,36.3,28.9,34.8,1.169,0.0522
25.32,93.09,483.0,3.5,36.6,180.0,0.0,-1.0,36.6,28.6,34.8,1.166,0.0524
25.32,93.1,391.0,3.5,36.9,180.0,0.0,-1.0,36.9,28.4,34.8,1.164,0.0524
25.32,93.11,351.0,3.5,37.1,180.0,0.0,-1.0,37.1,28.2,34.7,1.161,0.0526
25.32,93.12,367.0,3.5,37.17,180.0,0.0,-1.0,37.17,28.15,34.68,1.16,0.0526
25.32,93.13,250.0,3.5,37.1,180.0,0.0,-1.0,37.1,28.2,34.7,1.162,0.0525
25.32,93.14,284.0,3.5,36.8,180.0,0.0,-1.0,36.8,28.3,34.8,1.166,0.0524
25.32,93.15,285.0,3.5,36.6,180.0,0.0,-1.0,36.6,28.5,35.0,1.17,0.0522
25.32,93.16,334.0,3.5,36.4,180.0,0.0,-1.0,36.4,28.6,35.1,1.173,0.052
25.32,93.17,332.0,3.5,36.2,180.0,0.0,-1.0,36.2,28.7,35.1,1.175,0.052
25.32,93.18,274.0,3.5,36.1,180.0,0.0,-1.0,36.1,28.8,35.1,1.176,0.0519
25.32,93.19,329.0,3.5,36.0,180.0,0.0,-1.0,36.0,28.9,35.2,1.177,0.0519
25.32,93.2,313.0,3.5,35.8,180.0,0.0,-1.0,35.8,29.0,35.2,1.178,0.0518
25.32,93.21,448.0,3.5,35.7,180.0,0.0,-1.0,35.7,29.1,35.2,1.179,0.0518
25.32,93.22,484.0,3.5,35.6,180.0,0.0,-1.0,35.6,29.2,35.2,1.18,0.0517
25.32,93.23,696.0,3.5,35.4,180.0,0.0,-1.0,35.4,29.4,35.2,1.181,0.0517
25.32,93.24,600.0,3.5,35.3,180.0,0.0,-1.0,35.3,29.5,35.2,1.182,0.0516
25.32,93.25,656.0,3.5,35.2,180.0,0.0,-1.0,35.2,29.6,35.2,1.183,0.0516
25.32,93.26,595.0,3.5,35.1,180.0,0.0,-1.0,35.1,29.7,35.2,1.184,0.0516
25.32,93.27,564.0,3.5,35.0,180.0,0.0,-1.0,35.0,29.8,35.2,1.185,0.0515
25.33,92.5,1195.0,3.5,32.8,180.0,0.0,-1.0,32.8,33.1,34.0,1.174,0.052
25.33,92.51,1091.0,3.5,32.8,180.0,0.0,-1.0,32.8,33.1,34.0,1.174,0.052
25.33,92.52,941.0,3.5,32.8,180.0,0.0,-1.0,32.8,33.2,34.0,1.174,0.052
25.33,92.53,908.0,3.5,32.8,180.0,0.0,-1.0,32.8,33.2,34.0,1.174,0.052
25.33,92.54,859.0,3.5,32.8,180.0,0.0,-1.0,32.8,33.2,34.0,1.174,0.052
25.33,92.55,993.0,3.5,32.8,180.0,0.0,-1.0,32.8,33.2,34.0,1.174,0.052
25.33,92.56,925.0,3.5,32.8,180.0,0.0,-1.0,32.8,33.2,33.9,1.174,0.052
25.33,92.57,877.0,3.5,32.8,180.0,0.0,-1.0,32.8,33.2,33.9,1.174,0.052
25.33,92.58,1010.0,3.5,32.8,180.0,0.0,-1.0,32.8,33.3,33.9,1.173,0.052
25.33,92.59,1156.0,3.5,32.8,180.0,0.0,-1.0,32.8,33.3,33.9,1.173,0.052
25.33,92.6,1139.0,3.5,32.9,180.0,0.0,-1.0,32.9,33.3,33.9,1.173,0.052
25.33,92.61,1082.0,3.5,32.9,180.0,0.0,-1.0,32.9,33.3,33.8,1.173,0.052
25.33,92.62,1103.0,3.5,32.9,180.0,0.0,-1.0,32.9,33.3,33.8,1.173,0.052
25.33,92.63,1108.0,3.5,32.9,180.0,0.0,-1.0,32.9,33.3,33.8,1.173,0.052
25.33,92.64,1110.0,3.5,32.9,180.0,0.0,-1.0,32.9,33.3,33.8,1.172,0.0521
25.33,92.65,1106.0,3.5,32.9,180.0,0.0,-1.0,32.9,33.3,33.8,1.172,0.0521
25.33,92.66,1128.0,3.5,32.9,180.0,0.0,-1.0,32.9,33.4,33.7,1.172,0.0521
25.33,92.67,1058.0,3.5,32.9,180.0,0.0,-1.0,32.9,33.4,33.7,1.172,0.0521
25.33,92.68,1044.0,3.5,32.9,180.0,0.0,-1.0,32.9,33.4,33.7,1.171,0.0521
25.33,92.69,998.0,3.5,33.0,180.0,0.0,-1.0,33.0,33.4,33.7,1.171,0.0521
25.33,92.7,973.0,3.5,33.0,180.0,0.0,-1.0,33.0,33.4,33.7,1.171,0.0521
25.33,92.71,869.0,3.5,33.0,180.0,0.0,-1.0,33.0,33.3,33.6,1.171,0.0521
25.33,92.72,900.0,3.5,33.0,180.0,0.0,-1.0,33.0,33.3,33.6,1.17,0.0522
25.33,92.73,1104.0,3.5,33.1,180.0,0.0,-1.0,33.1,33.3,33.6,1.17,0.0522
25.33,92.74,1042.0,3.5,33.1,180.0,0.0,-1.0,33.1,33.3,33.6,1.17,0.0522
25.33,92.75,1025.0,3.5,33.1,180.0,0.0,-1.0,33.1,33.2,33.6,1.17,0.0522
25.33,92.76,934.0,3.5,33.2,180.0,0.0,-1.0,33.2,33.2,33.6,1.17,0.0522
25.33,92.77,1020.0,3.5,33.2,180.0,0.0,-1.0,33.2,33.1,33.7,1.169,0.0522
25.33,92.78,810.0,3.5,33.2,180.0,0.0,-1.0,33.2,33.1,33.7,1.169,0.0522
25.33,92.79,985.0,3.5,33.3,180.0,0.0,-1.0,33.3,33.0,33.7,1.17,0.0522
25.33,92.8,1000.0,3.5,33.3,180.0,0.0,-1.0,33.3,32.9,33.8,1.17,0.0522
25.33,92.81,1049.0,3.5,33.4,180.0,0.0,-1.0,33.4,32.8,33.8,1.17,0.0522
25.33,92.82,995.0,3.5,33.4,180.0,0.0,-1.0,33.4,32.7,33.9,1.17,0.0522
25.33,92.83,882.0,3.5,33.5,180.0,0.0,-1.0,33.5,32.6,33.9,1.17,0.0522
25.33,92.84,789.0,3.5,33.5,180.0,0.0,-1.0,33.5,32.5,34.0,1.171,0.0521
25.33,92.85,612.0,3.5,33.6,180.0,0.0,-1.0,33.6,32.4,34.0,1.171,0.0521
25.33,92.86,633.0,3.5,33.7,180.0,0.0,-1.0,33.7,32.2,34.1,1.171,0.0521
25.33,92.87,562.0,3.5,33.8,180.0,0.0,-1.0,33.8,32.1,34.1,1.172,0.0521
25.33,92.88,434.0,3.5,33.8,180.0,0.0,-1.0,33.8,32.0,34.2,1.172,0.0521
25.33,92.89,636.0,3.5,33.9,180.0,0.0,-1.0,33.9,31.9,34.2,1.172,0.0521
25.33,92.9,730.0,3.5,34.0,180.0,0.0,-1.0,34.0,31.8,34.3,1.173,0.052
25.33,92.91,703.0,3.5,34.1,180.0,0.0,-1.0,34.1,31.6,34.3,1.173,0.052
25.33,92.92,619.0,3.5,34.1,180.0,0.0,-1.0,34.1,31.5,34.3,1.173,0.052
25.33,92.93,317.0,3.5,34.2,180.0,0.0,-1.0,34.2,31.5,34.4,1.173,0.052
25.33,92.94,324.0,3.5,34.2,180.0,0.0,-1.0,34.2,31.4,34.4,1.173,0.052
25.33,92.95,377.0,3.5,34.3,180.0,0.0,-1.0,34.3,31.3,34.4,1.174,0.052
25.33,92.96,414.0,3.5,34.4,180.0,0.0,-1.0,34.4,31.2,34.4,1.174,0.052
25.33,92.97,473.0,3.5,34.4,180.0,0.0,-1.0,34.4,31.1,34.5,1.174,0.052
25.33,92.98,536.0,3.5,34.5,180.0,0.0,-1.0,34.5,31.0,34.5,1.175,0.052
25.33,92.99,530.0,3.5,34.5,180.0,0.0,-1.0,34.5,30.9,34.6,1.175,0.052
25.33,93.0,571.0,3.5,34.6,180.0,0.0,-1.0,34.6,30.8,34.6,1.175,0.052
25.33,93.01,463.0,3.5,34.7,180.0,0.0,-1.0,34.7,30.6,34.6,1.175,0.052
25.33,93.02,449.0,3.5,34.9,180.0,0.0,-1.0,34.9,30.5,34.7,1.175,0.052
25.33,93.03,572.0,3.5,35.0,180.0,0.0,-1.0,35.0,30.3,34.7,1.175,0.052
25.33,93.04,467.0,3.5,35.2,180.0,0.0,-1.0,35.2,30.0,34.8,1.175,0.052
25.33,93.05,267.0,3.5,35.4,180.0,0.0,-1.0,35.4,29.8,34.8,1.174,0.052
25.33,93.06,358.0,3.5,35.6,180.0,0.0,-1.0,35.6,29.5,34.8,1.173,0.052
25.33,93.07,291.0,3.5,35.9,180.0,0.0,-1.0,35.9,29.2,34.8,1.171,0.0521
25.33,93.08,318.0,3.5,36.2,180.0,0.0,-1.0,36.2,28.9,34.8,1.169,0.0522
25.33,93.09,315.0,3.5,36.5,180.0,0.0,-1.0,36.5,28.7,34.8,1.167,0.0523
25.33,93.1,278.0,3.5,36.8,180.0,0.0,-1.0,36.8,28.4,34.8,1.164,0.0524
25.33,93.11,301.0,3.5,37.0,180.0,0.0,-1.0,37.0,28.3,34.7,1.162,0.0525
25.33,93.12,240.0,3.5,37.1,180.0,0.0,-1.0,37.1,28.2,34.7,1.161,0.0526
25.33,93.13,260.0,3.5,37.0,180.0,0.0,-1.0,37.0,28.3,34.7,1.162,0.0525
25.33,93.14,248.0,3.5,36.8,180.0,0.0,-1.0,36.8,28.4,34.8,1.166,0.0524
25.33,93.15,268.0,3.5,36.5,180.0,0.0,-1.0,36.5,28.5,34.9,1.169,0.0522
25.33,93.16,303.0,3.5,36.3,180.0,0.0,-1.0,36.3,28.6,35.0,1.172,0.0521
25.33,93.17,253.0,3.5,36.2,180.0,0.0,-1.0,36.2,28.7,35.1,1.175,0.052
25.33,93.18,340.0,3.5,36.0,180.0,0.0,-1.0,36.0,28.9,35.1,1.176,0.0519
25.33,93.19,327.0,3.5,35.9,180.0,0.0,-1.0,35.9,29.0,35.1,1.178,0.0518
25.33,93.2,374.0,3.5,35.8,180.0,0.0,-1.0,35.8,29.1,35.2,1.179,0.0518
25.33,93.21,527.0,3.5,35.6,180.0,0.0,-1.0,35.6,29.2,35.2,1.18,0.0517
25.33,93.22,650.0,3.5,35.5,180.0,0.0,-1.0,35.5,29.3,35.2,1.181,0.0517
25.33,93.23,716.0,3.5,35.4,180.0,0.0,-1.0,35.4,29.4,35.2,1.182,0.0516
25.33,93.24,664.0,3.5,35.3,180.0,0.0,-1.0,35.3,29.5,35.2,1.183,0.0516
25.33,93.25,668.0,3.5,35.2,180.0,0.0,-1.0,35.2,29.6,35.2,1.184,0.0516
25.33,93.26,452.0,3.5,35.1,180.0,0.0,-1.0,35.1,29.7,35.2,1.185,0.0515
25.33,93.27,507.0,3.5,35.0,180.0,0.0,-1.0,35.0,29.8,35.2,1.185,0.0515
25.33,93.28,422.0,3.5,34.9,180.0,0.0,-1.0,34.9,29.9,35.2,1.186,0.0515
25.34,92.5,1130.0,3.5,32.8,180.0,0.0,-1.0,32.8,33.1,34.1,1.175,0.052
25.34,92.51,1027.0,3.5,32.8,180.0,0.0,-1.0,32.8,33.1,34.1,1.175,0.052
25.34,92.52,961.0,3.5,32.8,180.0,0.0,-1.0,32.8,33.1,34.0,1.175,0.052
25.34,92.53,883.0,3.5,32.8,180.0,0.0,-1.0,32.8,33.1,34.0,1.175,0.052
25.34,92.54,862.0,3.5,32.8,180.0,0.0,-1.0,32.8,33.2,34.0,1.175,0.052
25.34,92.55,899.0,3.5,32.8,180.0,0.0,-1.0,32.8,33.2,34.0,1.175,0.052
25.34,92.56,859.0,3.5,32.8,180.0,0.0,-1.0,32.8,33.2,34.0,1.175,0.052
25.34,92.57,981.0,3.5,32.8,180.0,0.0,-1.0,32.8,33.2,34.0,1.175,0.052
25.34,92.58,1037.0,3.5,32.8,180.0,0.0,-1.0,32.8,33.2,34.0,1.175,0.052
25.34,92.59,1117.0,3.5,32.8,180.0,0.0,-1.0,32.8,33.2,34.0,1.175,0.052
25.34,92.6,1066.0,3.5,32.8,180.0,0.0,-1.0,32.8,33.2,33.9,1.175,0.052
25.34,92.61,915.0,3.5,32.8,180.0,0.0,-1.0,32.8,33.3,33.9,1.175,0.052
25.34,92.62,1055.0,3.5,32.8,180.0,0.0,-1.0,32.8,33.3,33.9,1.175,0.052
25.34,92.63,940.0,3.5,32.8,180.0,0.0,-1.0,32.8,33.3,33.9,1.175,0.052
25.34,92.64,1046.0,3.5,32.8,180.0,0.0,-1.0,32.8,33.3,33.9,1.174,0.052
25.34,92.65,1022.0,3.5,32.8,180.0,0.0,-1.0,32.8,33.3,33.9,1.174,0.052
25.34,92.66,1003.0,3.5,32.8,180.0,0.0,-1.0,32.8,33.3,33.9,1.174,0.052
25.34,92.67,1003.0,3.5,32.9,180.0,0.0,-1.0,32.9,33.3,33.8,1.174,0.052
25.34,92.68,994.0,3.5,32.9,180.0,0.0,-1.0,32.9,33.3,33.8,1.174,0.052
25.34,92.69,874.0,3.5,32.9,180.0,0.0,-1.0,32.9,33.3,33.8,1.173,0.052
25.34,92.7,923.0,3.5,32.9,180.0,0.0,-1.0,32.9,33.3,33.8,1.173,0.052
25.34,92.71,884.0,3.5,32.9,180.0,0.0,-1.0,32.9,33.3,33.8,1.173,0.052
25.34,92.72,832.0,3.5,33.0,180.0,0.0,-1.0,33.0,33.3,33.8,1.173,0.052
25.34,92.73,1051.0,3.5,33.0,180.0,0.0,-1.0,33.0,33.2,33.8,1.172,0.0521
25.34,92.74,964.0,3.5,33.0,180.0,0.0,-1.0,33.0,33.2,33.8,1.172,0.0521
25.34,92.75,885.0,3.5,33.1,180.0,0.0,-1.0,33.1,33.2,33.8,1.172,0.0521
25.34,92.76,878.0,3.5,33.1,180.0,0.0,-1.0,33.1,33.1,33.8,1.172,0.0521
25.34,92.77,876.0,3.5,33.2,180.0,0.0,-1.0,33.2,33.0,33.8,1.172,0.0521
25.34,92.78,876.0,3.5,33.2,180.0,0.0,-1.0,33.2,33.0,33.8,1.172,0.0521
25.34,92.79,834.0,3.5,33.2,180.0,0.0,-1.0,33.2,32.9,33.8,1.172,0.0521
25.34,92.8,937.0,3.5,33.3,180.0,0.0,-1.0,33.3,32.8,33.9,1.172,0.0521
25.34,92.81,985.0,3.5,33.4,180.0,0.0,-1.0,33.4,32.7,33.9,1.172,0.0521
25.34,92.82,1014.0,3.5,33.4,180.0,0.0,-1.0,33.4,32.6,34.0,1.172,0.0521
25.34,92.83,828.0,3.5,33.5,180.0,0.0,-1.0,33.5,32.5,34.0,1.172,0.0521
25.34,92.84,719.0,3.5,33.5,180.0,0.0,-1.0,33.5,32.4,34.1,1.172,0.0521
25.34,92.85,773.0,3.5,33.6,180.0,0.0,-1.0,33.6,32.3,34.1,1.172,0.0521
25.34,92.86,747.0,3.5,33.7,180.0,0.0,-1.0,33.7,32.2,34.1,1.173,0.052
25.34,92.87,680.0,3.5,33.8,180.0,0.0,-1.0,33.8,32.0,34.2,1.173,0.052
25.34,92.88,564.0,3.5,33.8,180.0,0.0,-1.0,33.8,31.9,34.2,1.173,0.052
25.34,92.89,761.0,3.5,33.9,180.0,0.0,-1.0,33.9,31.8,34.3,1.173,0.052
25.34,92.9,703.0,3.5,34.0,180.0,0.0,-1.0,34.0,31.7,34.3,1.173,0.052
25.34,92.91,615.0,3.5,34.1,180.0,0.0,-1.0,34.1,31.6,34.3,1.173,0.052
25.34,92.92,624.0,3.5,34.1,180.0,0.0,-1.0,34.1,31.5,34.4,1.173,0.052
25.34,92.93,444.0,3.5,34.2,180.0,0.0,-1.0,34.2,31.4,34.4,1.174,0.052
25.34,92.94,451.0,3.5,34.3,180.0,0.0,-1.0,34.3,31.3,34.4,1.174,0.052
25.34,92.95,552.0,3.5,34.3,180.0,0.0,-1.0,34.3,31.3,34.4,1.174,0.052
25.34,92.96,417.0,3.5,34.3,180.0,0.0,-1.0,34.3,31.2,34.5,1.174,0.052
25.34,92.97,481.0,3.5,34.4,180.0,0.0,-1.0,34.4,31.1,34.5,1.175,0.052
25.34,92.98,547.0,3.5,34.4,180.0,0.0,-1.0,34.4,31.0,34.5,1.175,0.052
25.34,92.99,570.0,3.5,34.5,180.0,0.0,-1.0,34.5,30.9,34.6,1.175,0.052
25.34,93.0,471.0,3.5,34.6,180.0,0.0,-1.0,34.6,30.8,34.6,1.176,0.0519
25.34,93.01,446.0,3.5,34.7,180.0,0.0,-1.0,34.7,30.7,34.7,1.176,0.0519
25.34,93.02,406.0,3.5,34.8,180.0,0.0,-1.0,34.8,30.5,34.7,1.176,0.0519
25.34,93.03,440.0,3.5,34.9,180.0,0.0,-1.0,34.9,30.3,34.8,1.176,0.0519
25.34,93.04,466.0,3.5,35.1,180.0,0.0,-1.0,35.1,30.1,34.8,1.176,0.0519
25.34,93.05,350.0,3.5,35.3,180.0,0.0,-1.0,35.3,29.8,34.8,1.175,0.052
25.34,93.06,252.0,3.5,35.6,180.0,0.0,-1.0,35.6,29.6,34.9,1.174,0.052
25.34,93.07,237.0,3.5,35.8,180.0,0.0,-1.0,35.8,29.3,34.9,1.172,0.0521
25.34,93.08,225.0,3.5,36.1,180.0,0.0,-1.0,36.1,29.0,34.9,1.17,0.0522
25.34,93.09,224.0,3.5,36.4,180.0,0.0,-1.0,36.4,28.8,34.8,1.168,0.0523
25.34,93.1,273.0,3.5,36.6,180.0,0.0,-1.0,36.6,28.6,34.8,1.166,0.0524
25.34,93.11,267.0,3.5,36.8,180.0,0.0,-1.0,36.8,28.4,34.8,1.164,0.0524
25.34,93.12,229.0,3.5,36.9,180.0,0.0,-1.0,36.9,28.3,34.8,1.163,0.0525
25.34,93.13,268.0,3.5,36.8,180.0,0.0,-1.0,36.8,28.4,34.8,1.164,0.0524
25.34,93.14,292.0,3.5,36.7,180.0,0.0,-1.0,36.7,28.5,34.9,1.167,0.0523
25.34,93.15,304.0,3.5,36.4,180.0,0.0,-1.0,36.4,28.6,34.9,1.17,0.0522
25.34,93.16,253.0,3.5,36.2,180.0,0.0,-1.0,36.2,28.7,35.0,1.173,0.052
25.34,93.17,275.0,3.5,36.1,180.0,0.0,-1.0,36.1,28.8,35.1,1.175,0.052
25.34,93.18,377.0,3.5,35.9,180.0,0.0,-1.0,35.9,29.0,35.1,1.177,0.0519
25.34,93.19,360.0,3.5,35.8,180.0,0.0,-1.0,35.8,29.1,35.2,1.179,0.0518
25.34,93.2,503.0,3.5,35.6,180.0,0.0,-1.0,35.6,29.2,35.2,1.18,0.0517
25.34,93.21,669.0,3.5,35.5,180.0,0.0,-1.0,35.5,29.3,35.2,1.181,0.0517
25.34,93.22,835.0,3.5,35.4,180.0,0.0,-1.0,35.4,29.4,35.2,1.182,0.0516
25.34,93.23,710.0,3.5,35.3,180.0,0.0,-1.0,35.3,29.5,35.2,1.183,0.0516
25.34,93.24,583.0,3.5,35.2,180.0,0.0,-1.0,35.2,29.6,35.2,1.184,0.0516
25.34,93.25,467.0,3.5,35.1,180.0,0.0,-1.0,35.1,29.7,35.3,1.185,0.0515
25.34,93.26,531.0,3.5,35.0,180.0,0.0,-1.0,35.0,29.8,35.3,1.186,0.0515
25.34,93.27,528.0,3.5,34.9,180.0,0.0,-1.0,34.9,29.8,35.3,1.186,0.0515
25.34,93.28,447.0,3.5,34.8,180.0,0.0,-1.0,34.8,29.9,35.3,1.187,0.0514
25.35,92.5,1048.0,3.5,32.8,180.0,0.0,-1.0,32.8,33.1,34.1,1.176,0.0519
25.35,92.51,1156.0,3.5,32.8,180.0,0.0,-1.0,32.8,33.1,34.1,1.176,0.0519
25.35,92.52,1121.0,3.5,32.8,180.0,0.0,-1.0,32.8,33.1,34.1,1.176,0.0519
25.35,92.53,1010.0,3.5,32.8,180.0,0.0,-1.0,32.8,33.1,34.1,1.176,0.0519
25.35,92.54,919.0,3.5,32.8,180.0,0.0,-1.0,32.8,33.1,34.1,1.176,0.0519
25.35,92.55,854.0,3.5,32.8,180.0,0.0,-1.0,32.8,33.2,34.1,1.176,0.0519
25.35,92.56,858.0,3.5,32.8,180.0,0.0,-1.0,32.8,33.2,34.1,1.176,0.0519
25.35,92.57,922.0,3.5,32.8,180.0,0.0,-1.0,32.8,33.2,34.1,1.176,0.0519
25.35,92.58,928.0,3.5,32.8,180.0,0.0,-1.0,32.8,33.2,34.0,1.176,0.0519
25.35,92.59,1104.0,3.5,32.8,180.0,0.0,-1.0,32.8,33.2,34.0,1.176,0.0519
25.35,92.6,920.0,3.5,32.8,180.0,0.0,-1.0,32.8,33.2,34.0,1.176,0.0519
25.35,92.61,957.0,3.5,32.8,180.0,0.0,-1.0,32.8,33.2,34.0,1.176,0.0519
25.35,92.62,1013.0,3.5,32.8,180.0,0.0,-1.0,32.8,33.2,34.0,1.176,0.0519
25.35,92.63,899.0,3.5,32.8,180.0,0.0,-1.0,32.8,33.2,34.0,1.176,0.0519
25.35,92.64,838.0,3.5,32.8,180.0,0.0,-1.0,32.8,33.2,34.0,1.176,0.0519
25.35,92.65,888.0,3.5,32.8,180.0,0.0,-1.0,32.8,33.2,34.0,1.176,0.0519
25.35,92.66,816.0,3.5,32.8,180.0,0.0,-1.0,32.8,33.2,34.0,1.176,0.0519
25.35,92.67,1046.0,3.5,32.8,180.0,0.0,-1.0,32.8,33.2,34.0,1.176,0.0519
25.35,92.68,1027.0,3.5,32.8,180.0,0.0,-1.0,32.8,33.2,34.0,1.176,0.0519
25.35,92.69,996.0,3.5,32.8,180.0,0.0,-1.0,32.8,33.2,33.9,1.176,0.0519
25.35,92.7,1001.0,3.5,32.8,180.0,0.0,-1.0,32.8,33.2,33.9,1.176,0.0519
25.35,92.71,935.0,3.5,32.9,180.0,0.0,-1.0,32.9,33.2,33.9,1.175,0.052
25.35,92.72,845.0,3.5,32.9,180.0,0.0,-1.0,32.9,33.2,33.9,1.175,0.052
25.35,92.73,1011.0,3.5,32.9,180.0,0.0,-1.0,32.9,33.2,33.9,1.175,0.052
25.35,92.74,927.0,3.5,33.0,180.0,0.0,-1.0,33.0,33.1,33.9,1.175,0.052
25.35,92.75,781.0,3.5,33.0,180.0,0.0,-1.0,33.0,33.1,33.9,1.174,0.052
25.35,92.76,995.0,3.5,33.0,180.0,0.0,-1.0,33.0,33.0,33.9,1.174,0.052
25.35,92.77,1028.0,3.5,33.1,180.0,0.0,-1.0,33.1,33.0,33.9,1.174,0.052
25.35,92.78,1002.0,3.5,33.1,180.0,0.0,-1.0,33.1,32.9,33.9,1.174,0.052
25.35,92.79,970.0,3.5,33.2,180.0,0.0,-1.0,33.2,32.8,34.0,1.174,0.052
25.35,92.8,1011.0,3.5,33.3,180.0,0.0,-1.0,33.3,32.7,34.0,1.173,0.052
25.35,92.81,1008.0,3.5,33.3,180.0,0.0,-1.0,33.3,32.6,34.0,1.173,0.052
25.35,92.82,942.0,3.5,33.4,180.0,0.0,-1.0,33.4,32.5,34.1,1.173,0.052
25.35,92.83,846.0,3.5,33.5,180.0,0.0,-1.0,33.5,32.4,34.1,1.173,0.052
25.35,92.84,877.0,3.5,33.5,180.0,0.0,-1.0,33.5,32.3,34.1,1.173,0.052
25.35,92.85,815.0,3.5,33.6,180.0,0.0,-1.0,33.6,32.2,34.2,1.173,0.052
25.35,92.86,691.0,3.5,33.7,180.0,0.0,-1.0,33.7,32.1,34.2,1.174,0.052
25.35,92.87,567.0,3.5,33.8,180.0,0.0,-1.0,33.8,32.0,34.2,1.174,0.052
25.35,92.88,688.0,3.5,33.9,180.0,0.0,-1.0,33.9,31.9,34.3,1.174,0.052
25.35,92.89,628.0,3.5,33.9,180.0,0.0,-1.0,33.9,31.7,34.3,1.174,0.052
25.35,92.9,617.0,3.5,34.0,180.0,0.0,-1.0,34.0,31.6,34.3,1.174,0.052
25.35,92.91,518.0,3.5,34.1,180.0,0.0,-1.0,34.1,31.6,34.3,1.174,0.052
25.35,92.92,493.0,3.5,34.2,180.0,0.0,-1.0,34.2,31.5,34.4,1.174,0.052
25.35,92.93,308.0,3.5,34.2,180.0,0.0,-1.0,34.2,31.4,34.4,1.174,0.052
25.35,92.94,457.0,3.5,34.3,180.0,0.0,-1.0,34.3,31.3,34.4,1.174,0.052
25.35,92.95,580.0,3.5,34.3,180.0,0.0,-1.0,34.3,31.3,34.4,1.174,0.052
25.35,92.96,551.0,3.5,34.3,180.0,0.0,-1.0,34.3,31.2,34.5,1.174,0.052
25.35,92.97,455.0,3.5,34.4,180.0,0.0,-1.0,34.4,31.1,34.5,1.175,0.052
25.35,92.98,583.0,3.5,34.4,180.0,0.0,-1.0,34.4,31.0,34.5,1.175,0.052
25.35,92.99,517.0,3.5,34.5,180.0,0.0,-1.0,34.5,30.9,34.6,1.176,0.0519
25.35,93.0,443.0,3.5,34.5,180.0,0.0,-1.0,34.5,30.8,34.6,1.176,0.0519
25.35,93.01,420.0,3.5,34.6,180.0,0.0,-1.0,34.6,30.7,34.7,1.177,0.0519
25.35,93.02,364.0,3.5,34.7,180.0,0.0,-1.0,34.7,30.5,34.7,1.177,0.0519
25.35,93.03,313.0,3.5,34.9,180.0,0.0,-1.0,34.9,30.3,34.8,1.177,0.0519
25.35,93.04,419.0,3.5,35.0,180.0,0.0,-1.0,35.0,30.1,34.8,1.177,0.0519
25.35,93.05,505.0,3.5,35.2,180.0,0.0,-1.0,35.2,29.9,34.9,1.176,0.0519
25.35,93.06,322.0,3.5,35.4,180.0,0.0,-1.0,35.4,29.7,34.9,1.175,0.052
25.35,93.07,288.0,3.5,35.7,180.0,0.0,-1.0,35.7,29.4,34.9,1.174,0.052
25.35,93.08,212.0,3.5,35.9,180.0,0.0,-1.0,35.9,29.2,34.9,1.172,0.0521
25.35,93.09,277.0,3.5,36.2,180.0,0.0,-1.0,36.2,28.9,34.9,1.17,0.0522
25.35,93.1,218.0,3.5,36.4,180.0,0.0,-1.0,36.4,28.7,34.9,1.168,0.0523
25.35,93.11,213.0,3.5,36.6,180.0,0.0,-1.0,36.6,28.6,34.8,1.167,0.0523
25.35,93.12,269.0,3.5,36.6,180.0,0.0,-1.0,36.6,28.5,34.8,1.166,0.0524
25.35,93.13,274.0,3.5,36.6,180.0,0.0,-1.0,36.6,28.6,34.9,1.167,0.0523
25.35,93.14,235.0,3.5,36.4,180.0,0.0,-1.0,36.4,28.6,34.9,1.169,0.0522
25.35,93.15,251.0,3.5,36.3,180.0,0.0,-1.0,36.3,28.7,35.0,1.172,0.0521
25.35,93.16,266.0,3.5,36.1,180.0,0.0,-1.0,36.1,28.9,35.0,1.174,0.052
25.35,93.17,266.0,3.5,35.9,180.0,0.0,-1.0,35.9,29.0,35.1,1.176,0.0519
25.35,93.18,341.0,3.5,35.8,180.0,0.0,-1.0,35.8,29.1,35.1,1.178,0.0518
25.35,93.19,419.0,3.5,35.6,180.0,0.0,-1.0,35.6,29.2,35.2,1.18,0.0517
25.35,93.2,585.0,3.5,35.5,180.0,0.0,-1.0,35.5,29.3,35.2,1.181,0.0517
25.35,93.21,721.0,3.5,35.4,180.0,0.0,-1.0,35.4,29.4,35.2,1.182,0.0516
25.35,93.22,560.0,3.5,35.3,180.0,0.0,-1.0,35.3,29.5,35.3,1.184,0.0516
25.35,93.23,491.0,3.5,35.2,180.0,0.0,-1.0,35.2,29.6,35.3,1.185,0.0515
25.35,93.24,483.0,3.5,35.1,180.0,0.0,-1.0,35.1,29.6,35.3,1.185,0.0515
25.35,93.25,464.0,3.5,35.0,180.0,0.0,-1.0,35.0,29.7,35.3,1.186,0.0515
25.35,93.26,489.0,3.5,34.9,180.0,0.0,-1.0,34.9,29.8,35.3,1.187,0.0514
25.35,93.27,488.0,3.5,34.8,180.0,0.0,-1.0,34.8,29.9,35.3,1.188,0.0514
25.35,93.28,399.0,3.5,34.8,180.0,0.0,-1.0,34.8,29.9,35.3,1.188,0.0514
25.35,93.29,354.0,3.5,34.7,180.0,0.0,-1.0,34.7,30.0,35.3,1.188,0.0514
25.36,92.51,1007.0,3.5,32.8,180.0,0.0,-1.0,32.8,33.1,34.2,1.177,0.0519
25.36,92.52,1080.0,3.5,32.8,180.0,0.0,-1.0,32.8,33.1,34.1,1.177,0.0519
25.36,92.53,936.0,3.5,32.8,180.0,0.0,-1.0,32.8,33.1,34.1,1.177,0.0519
25.36,92.54,940.0,3.5,32.7,180.0,0.0,-1.0,32.7,33.1,34.1,1.177,0.0519
25.36,92.55,905.0,3.5,32.7,180.0,0.0,-1.0,32.7,33.1,34.1,1.177,0.0519
25.36,92.56,852.0,3.5,32.7,180.0,0.0,-1.0,32.7,33.1,34.1,1.177,0.0519
25.36,92.57,926.0,3.5,32.7,180.0,0.0,-1.0,32.7,33.1,34.1,1.178,0.0518
25.36,92.58,1113.0,3.5,32.7,180.0,0.0,-1.0,32.7,33.2,34.1,1.178,0.0518
25.36,92.59,970.0,3.5,32.7,180.0,0.0,-1.0,32.7,33.2,34.1,1.178,0.0518
25.36,92.6,863.0,3.5,32.7,180.0,0.0,-1.0,32.7,33.2,34.1,1.178,0.0518
25.36,92.61,988.0,3.5,32.7,180.0,0.0,-1.0,32.7,33.2,34.1,1.178,0.0518
25.36,92.62,1046.0,3.5,32.7,180.0,0.0,-1.0,32.7,33.2,34.1,1.178,0.0518
25.36,92.63,868.0,3.5,32.7,180.0,0.0,-1.0,32.7,33.2,34.1,1.178,0.0518
25.36,92.64,825.0,3.5,32.7,180.0,0.0,-1.0,32.7,33.2,34.1,1.178,0.0518
25.36,92.65,819.0,3.5,32.7,180.0,0.0,-1.0,32.7,33.2,34.1,1.179,0.0518
25.36,92.66,802.0,3.5,32.7,180.0,0.0,-1.0,32.7,33.2,34.1,1.179,0.0518
25.36,92.67,849.0,3.5,32.7,180.0,0.0,-1.0,32.7,33.2,34.1,1.179,0.0518
25.36,92.68,1010.0,3.5,32.7,180.0,0.0,-1.0,32.7,33.2,34.1,1.179,0.0518
25.36,92.69,1011.0,3.5,32.7,180.0,0.0,-1.0,32.7,33.2,34.1,1.178,0.0518
25.36,92.7,995.0,3.5,32.8,180.0,0.0,-1.0,32.8,33.2,34.1,1.178,0.0518
25.36,92.71,910.0,3.5,32.8,180.0,0.0,-1.0,32.8,33.2,34.1,1.178,0.0518
25.36,92.72,811.0,3.5,32.8,180.0,0.0,-1.0,32.8,33.1,34.1,1.178,0.0518
25.36,92.73,960.0,3.5,32.8,180.0,0.0,-1.0,32.8,33.1,34.1,1.177,0.0519
25.36,92.74,736.0,3.5,32.9,180.0,0.0,-1.0,32.9,33.1,34.1,1.177,0.0519
25.36,92.75,843.0,3.5,32.9,180.0,0.0,-1.0,32.9,33.0,34.1,1.177,0.0519
25.36,92.76,964.0,3.5,33.0,180.0,0.0,-1.0,33.0,33.0,34.1,1.176,0.0519
25.36,92.77,995.0,3.5,33.0,180.0,0.0,-1.0,33.0,32.9,34.1,1.176,0.0519
25.36,92.78,1014.0,3.5,33.1,180.0,0.0,-1.0,33.1,32.8,34.1,1.176,0.0519
25.36,92.79,965.0,3.5,33.2,180.0,0.0,-1.0,33.2,32.8,34.1,1.176,0.0519
25.36,92.8,979.0,3.5,33.2,180.0,0.0,-1.0,33.2,32.7,34.1,1.175,0.052
25.36,92.81,1023.0,3.5,33.3,180.0,0.0,-1.0,33.3,32.6,34.1,1.175,0.052
25.36,92.82,1000.0,3.5,33.4,180.0,0.0,-1.0,33.4,32.5,34.1,1.175,0.052
25.36,92.83,970.0,3.5,33.4,180.0,0.0,-1.0,33.4,32.4,34.2,1.175,0.052
25.36,92.84,911.0,3.5,33.5,180.0,0.0,-1.0,33.5,32.3,34.2,1.175,0.052
25.36,92.85,812.0,3.5,33.6,180.0,0.0,-1.0,33.6,32.1,34.2,1.175,0.052
25.36,92.86,753.0,3.5,33.7,180.0,0.0,-1.0,33.7,32.0,34.3,1.175,0.052
25.36,92.87,700.0,3.5,33.8,180.0,0.0,-1.0,33.8,31.9,34.3,1.174,0.052
25.36,92.88,693.0,3.5,33.9,180.0,0.0,-1.0,33.9,31.8,34.3,1.174,0.052
25.36,92.89,563.0,3.5,34.0,180.0,0.0,-1.0,34.0,31.7,34.3,1.174,0.052
25.36,92.9,529.0,3.5,34.1,180.0,0.0,-1.0,34.1,31.6,34.4,1.174,0.052
25.36,92.91,411.0,3.5,34.1,180.0,0.0,-1.0,34.1,31.5,34.4,1.174,0.052
25.36,92.92,416.0,3.5,34.2,180.0,0.0,-1.0,34.2,31.4,34.4,1.174,0.052
25.36,92.93,280.0,3.5,34.3,180.0,0.0,-1.0,34.3,31.4,34.4,1.174,0.052
25.36,92.94,482.0,3.5,34.3,180.0,0.0,-1.0,34.3,31.3,34.4,1.174,0.052
25.36,92.95,494.0,3.5,34.3,180.0,0.0,-1.0,34.3,31.3,34.4,1.174,0.052
25.36,92.96,552.0,3.5,34.4,180.0,0.0,-1.0,34.4,31.2,34.4,1.174,0.052
25.36,92.97,550.0,3.5,34.4,180.0,0.0,-1.0,34.4,31.1,34.5,1.175,0.052
25.36,92.98,501.0,3.5,34.4,180.0,0.0,-1.0,34.4,31.1,34.5,1.175,0.052
25.36,92.99,374.0,3.5,34.4,180.0,0.0,-1.0,34.4,31.0,34.6,1.176,0.0519
25.36,93.0,366.0,3.5,34.5,180.0,0.0,-1.0,34.5,30.9,34.6,1.177,0.0519
25.36,93.01,302.0,3.5,34.6,180.0,0.0,-1.0,34.6,30.7,34.7,1.177,0.0519
25.36,93.02,285.0,3.5,34.7,180.0,0.0,-1.0,34.7,30.6,34.8,1.178,0.0518
25.36,93.03,341.0,3.5,34.8,180.0,0.0,-1.0,34.8,30.4,34.8,1.178,0.0518
25.36,93.04,329.0,3.5,34.9,180.0,0.0,-1.0,34.9,30.2,34.9,1.178,0.0518
25.36,93.05,283.0,3.5,35.1,180.0,0.0,-1.0,35.1,30.0,34.9,1.178,0.0518
25.36,93.06,309.0,21.8,35.3,312.1,-0.742,0.6704,35.3,29.8,34.9,1.177,0.3155
25.36,93.07,236.0,28.3,35.5,270.0,-1.0,-0.0,35.5,29.6,35.0,1.176,0.4031
25.36,93.08,284.0,21.8,35.7,227.9,-0.742,-0.6704,35.7,29.3,35.0,1.175,0.3161
25.36,93.09,199.0,26.8,35.9,270.0,-1.0,-0.0,35.9,29.1,34.9,1.173,0.3844
25.36,93.1,258.0,20.5,36.1,227.9,-0.742,-0.6704,36.1,28.9,34.9,1.171,0.2991
25.36,93.11,341.0,24.8,36.3,312.1,-0.742,0.6704,36.3,28.8,34.9,1.17,0.3585
25.36,93.12,322.0,31.9,36.3,270.0,-1.0,-0.0,36.3,28.8,34.9,1.17,0.4517
25.36,93.13,234.0,24.8,36.3,227.9,-0.742,-0.6704,36.3,28.8,34.9,1.171,0.3582
25.36,93.14,253.0,24.1,36.2,270.0,-1.0,-0.0,36.2,28.8,35.0,1.172,0.3484
25.36,93.15,243.0,25.7,36.0,270.0,-1.0,-0.0,36.0,28.9,35.0,1.174,0.3694
25.36,93.16,295.0,25.2,35.9,270.0,-1.0,-0.0,35.9,29.0,35.1,1.176,0.3621
25.36,93.17,294.0,23.7,35.7,270.0,-1.0,-0.0,35.7,29.1,35.1,1.178,0.3412
25.36,93.18,360.0,25.6,35.6,270.0,-1.0,-0.0,35.6,29.2,35.2,1.18,0.3662
25.36,93.19,637.0,19.6,35.5,227.9,-0.742,-0.6704,35.5,29.3,35.2,1.182,0.2838
25.36,93.2,649.0,16.5,35.4,90.0,1.0,0.0,35.4,29.4,35.3,1.183,0.2401
25.36,93.21,643.0,12.4,35.2,47.9,0.742,0.6704,35.2,29.5,35.3,1.184,0.1814
25.36,93.22,488.0,7.5,35.1,312.1,-0.742,0.6704,35.1,29.6,35.3,1.185,0.1101
25.36,93.23,551.0,14.7,35.0,312.1,-0.742,0.6704,35.0,29.6,35.3,1.186,0.214
25.36,93.24,433.0,19.5,35.0,270.0,-1.0,-0.0,35.0,29.7,35.3,1.187,0.2812
25.36,93.25,478.0,16.8,34.9,270.0,-1.0,-0.0,34.9,29.8,35.3,1.188,0.2433
25.36,93.26,393.0,17.6,34.8,270.0,-1.0,-0.0,34.8,29.9,35.3,1.188,0.2545
25.36,93.27,385.0,17.9,34.7,270.0,-1.0,-0.0,34.7,29.9,35.3,1.189,0.2585
25.36,93.28,337.0,21.1,34.7,270.0,-1.0,-0.0,34.7,30.0,35.3,1.189,0.3028
25.36,93.29,313.0,22.1,34.6,270.0,-1.0,-0.0,34.6,30.0,35.3,1.19,0.3162
25.37,92.51,942.0,40.7,32.7,90.0,1.0,0.0,32.7,33.1,34.2,1.178,0.5536
25.37,92.52,988.0,38.8,32.7,90.0,1.0,0.0,32.7,33.1,34.2,1.178,0.5319
25.37,92.53,1047.0,35.1,32.7,90.0,1.0,0.0,32.7,33.1,34.2,1.178,0.4881
25.37,92.54,1028.0,35.3,32.7,90.0,1.0,0.0,32.7,33.1,34.2,1.178,0.4905
25.37,92.55,1010.0,35.0,32.7,90.0,1.0,0.0,32.7,33.1,34.2,1.179,0.4865
25.37,92.56,851.0,34.3,32.7,90.0,1.0,0.0,32.7,33.1,34.2,1.179,0.478
25.37,92.57,1019.0,32.5,32.7,90.0,1.0,0.0,32.7,33.1,34.2,1.179,0.4557
25.37,92.58,948.0,32.5,32.7,90.0,1.0,0.0,32.7,33.1,34.2,1.179,0.4557
25.37,92.59,860.0,41.3,32.7,132.1,0.742,-0.6704,32.7,33.1,34.2,1.179,0.5598
25.37,92.6,966.0,49.8,32.6,90.0,1.0,0.0,32.6,33.2,34.2,1.18,0.6473
25.37,92.61,944.0,42.7,32.6,90.0,1.0,0.0,32.6,33.2,34.2,1.18,0.5747
25.37,92.62,1019.0,34.4,32.6,47.9,0.742,0.6704,32.6,33.2,34.2,1.18,0.4788
25.37,92.63,915.0,31.6,32.6,90.0,1.0,0.0,32.6,33.2,34.2,1.18,0.4441
25.37,92.64,847.0,37.1,32.6,90.0,1.0,0.0,32.6,33.2,34.2,1.181,0.5108
25.37,92.65,839.0,43.9,32.6,90.0,1.0,0.0,32.6,33.2,34.2,1.181,0.5871
25.37,92.66,824.0,35.6,32.6,90.0,1.0,0.0,32.6,33.2,34.2,1.181,0.4929
25.37,92.67,765.0,29.7,32.6,90.0,1.0,0.0,32.6,33.2,34.2,1.181,0.4195
25.37,92.68,892.0,25.9,32.6,90.0,1.0,0.0,32.6,33.2,34.2,1.181,0.3699
25.37,92.69,910.0,31.5,32.6,90.0,1.0,0.0,32.6,33.1,34.2,1.181,0.4424
25.37,92.7,949.0,26.6,32.7,90.0,1.0,0.0,32.7,33.1,34.2,1.181,0.3791
25.37,92.71,839.0,26.4,32.7,90.0,1.0,0.0,32.7,33.1,34.2,1.181,0.3765
25.37,92.72,848.0,28.6,32.7,90.0,1.0,0.0,32.7,33.1,34.2,1.181,0.4053
25.37,92.73,796.0,23.6,32.7,90.0,1.0,0.0,32.7,33.1,34.2,1.18,0.3393
25.37,92.74,842.0,29.4,32.8,90.0,1.0,0.0,32.8,33.0,34.2,1.18,0.416
25.37,92.75,903.0,28.2,32.8,90.0,1.0,0.0,32.8,33.0,34.2,1.179,0.4008
25.37,92.76,957.0,32.6,32.9,132.1,0.742,-0.6704,32.9,32.9,34.2,1.179,0.457
25.37,92.77,530.0,40.8,33.0,90.0,1.0,0.0,33.0,32.9,34.2,1.178,0.5547
25.37,92.78,530.0,43.6,33.0,90.0,1.0,0.0,33.0,32.8,34.2,1.178,0.5854
25.37,92.79,530.0,42.7,33.1,90.0,1.0,0.0,33.1,32.7,34.2,1.178,0.5757
25.37,92.8,530.0,40.4,33.2,90.0,1.0,0.0,33.2,32.6,34.2,1.177,0.5507
25.37,92.81,530.0,39.4,33.3,90.0,1.0,0.0,33.3,32.5,34.2,1.177,0.5393
25.37,92.82,530.0,39.6,33.3,90.0,1.0,0.0,33.3,32.4,34.2,1.176,0.542
25.37,92.83,530.0,31.5,33.4,47.9,0.742,0.6704,33.4,32.3,34.3,1.176,0.4443
25.37,92.84,530.0,23.4,33.5,47.9,0.742,0.6704,33.5,32.2,34.3,1.176,0.3377
25.37,92.85,530.0,11.5,33.6,90.0,1.0,0.0,33.6,32.1,34.3,1.176,0.1695
25.37,92.86,530.0,8.9,33.7,312.1,-0.742,0.6704,33.7,32.0,34.3,1.175,0.1317
25.37,92.87,530.0,12.0,33.8,270.0,-1.0,-0.0,33.8,31.9,34.3,1.175,0.1769
25.37,92.88,530.0,8.9,33.9,227.9,-0.742,-0.6704,33.9,31.7,34.4,1.175,0.1317
25.37,92.89,530.0,10.3,34.0,270.0,-1.0,-0.0,34.0,31.6,34.4,1.175,0.1522
25.37,92.9,530.0,10.8,34.1,270.0,-1.0,-0.0,34.1,31.5,34.4,1.174,0.1596
25.37,92.91,530.0,8.0,34.2,227.9,-0.742,-0.6704,34.2,31.5,34.4,1.174,0.1185
25.37,92.92,530.0,8.4,34.2,312.1,-0.742,0.6704,34.2,31.4,34.4,1.174,0.1244
25.37,92.93,530.0,21.9,34.3,312.1,-0.742,0.6704,34.3,31.3,34.4,1.173,0.318
25.37,92.94,530.0,28.4,34.3,270.0,-1.0,-0.0,34.3,31.3,34.4,1.173,0.4055
25.37,92.95,530.0,21.9,34.4,227.9,-0.742,-0.6704,34.4,31.3,34.4,1.173,0.318
25.37,92.96,530.0,19.7,34.4,270.0,-1.0,-0.0,34.4,31.2,34.4,1.174,0.2871
25.37,92.97,530.0,15.2,34.4,270.0,-1.0,-0.0,34.4,31.2,34.4,1.174,0.2233
25.37,92.98,530.0,19.3,34.4,312.1,-0.742,0.6704,34.4,31.1,34.5,1.175,0.2813
25.37,92.99,530.0,25.3,34.4,270.0,-1.0,-0.0,34.4,31.0,34.6,1.176,0.3634
25.37,93.0,530.0,19.3,34.5,227.9,-0.742,-0.6704,34.5,30.9,34.6,1.177,0.2808
25.37,93.01,530.0,20.2,34.5,312.1,-0.742,0.6704,34.5,30.8,34.7,1.178,0.2931
25.37,93.02,530.0,26.4,34.6,270.0,-1.0,-0.0,34.6,30.6,34.8,1.179,0.3771
25.37,93.03,530.0,30.2,34.7,270.0,-1.0,-0.0,34.7,30.5,34.8,1.179,0.4266
25.37,93.04,530.0,36.0,34.8,270.0,-1.0,-0.0,34.8,30.3,34.9,1.18,0.4981
25.37,93.05,530.0,28.3,34.9,227.9,-0.742,-0.6704,34.9,30.1,35.0,1.179,0.4021
25.37,93.06,530.0,30.8,35.1,0.0,0.0,1.0,35.1,29.9,35.0,1.179,0.4343
25.37,93.07,258.0,30.8,35.3,0.0,0.0,1.0,35.3,29.7,35.0,1.178,0.4347
25.37,93.08,390.0,16.1,35.5,180.0,0.0,-1.0,35.5,29.5,35.0,1.177,0.2356
25.37,93.09,275.0,26.8,35.6,270.0,-1.0,-0.0,35.6,29.3,35.0,1.176,0.3834
25.37,93.1,381.0,16.5,35.8,270.0,-1.0,-0.0,35.8,29.2,35.0,1.175,0.2417
25.37,93.11,323.0,22.3,35.9,270.0,-1.0,-0.0,35.9,29.1,35.0,1.174,0.3232
25.37,93.12,216.0,31.9,35.9,270.0,-1.0,-0.0,35.9,29.0,35.0,1.174,0.4501
25.37,93.13,338.0,20.8,35.9,270.0,-1.0,-0.0,35.9,29.0,35.1,1.175,0.3022
25.37,93.14,304.0,24.1,35.9,270.0,-1.0,-0.0,35.9,29.1,35.1,1.176,0.3472
25.37,93.15,287.0,25.7,35.7,270.0,-1.0,-0.0,35.7,29.1,35.1,1.178,0.3681
25.37,93.16,293.0,25.2,35.6,270.0,-1.0,-0.0,35.6,29.2,35.2,1.179,0.3611
25.37,93.17,309.0,23.7,35.5,270.0,-1.0,-0.0,35.5,29.3,35.2,1.181,0.3403
25.37,93.18,288.0,30.0,35.4,180.0,0.0,-1.0,35.4,29.4,35.3,1.183,0.4227
25.37,93.19,551.0,30.0,35.3,180.0,0.0,-1.0,35.3,29.4,35.3,1.184,0.4223
25.37,93.2,679.0,20.5,35.2,312.1,-0.742,0.6704,35.2,29.5,35.3,1.185,0.2955
25.37,93.21,577.0,16.8,35.1,270.0,-1.0,-0.0,35.1,29.6,35.3,1.186,0.2437
25.37,93.22,484.0,11.5,35.0,0.0,0.0,1.0,35.0,29.7,35.3,1.187,0.168
25.37,93.23,440.0,11.0,34.9,0.0,0.0,1.0,34.9,29.7,35.4,1.188,0.1606
25.37,93.24,351.0,19.5,34.8,270.0,-1.0,-0.0,34.8,29.8,35.4,1.189,0.2807
25.37,93.25,378.0,16.8,34.8,270.0,-1.0,-0.0,34.8,29.9,35.4,1.189,0.2431
25.37,93.26,370.0,17.6,34.7,270.0,-1.0,-0.0,34.7,29.9,35.4,1.19,0.2541
25.37,93.27,367.0,17.9,34.6,270.0,-1.0,-0.0,34.6,30.0,35.4,1.19,0.2583
25.37,93.28,335.0,21.1,34.6,270.0,-1.0,-0.0,34.6,30.0,35.4,1.19,0.3025
25.37,93.29,325.0,22.1,34.6,270.0,-1.0,-0.0,34.6,30.1,35.4,1.191,0.3159
25.38,92.51,964.0,40.7,32.7,90.0,1.0,0.0,32.7,33.0,34.2,1.179,0.5531
25.38,92.52,936.0,38.8,32.7,90.0,1.0,0.0,32.7,33.0,34.2,1.179,0.5315
25.38,92.53,884.0,35.1,32.7,90.0,1.0,0.0,32.7,33.1,34.2,1.179,0.4877
25.38,92.54,887.0,35.3,32.7,90.0,1.0,0.0,32.7,33.1,34.3,1.18,0.4897
25.38,92.55,883.0,35.0,32.7,90.0,1.0,0.0,32.7,33.1,34.3,1.18,0.4861
25.38,92.56,874.0,34.3,32.6,90.0,1.0,0.0,32.6,33.1,34.3,1.18,0.4776
25.38,92.57,851.0,32.5,32.6,90.0,1.0,0.0,32.6,33.1,34.3,1.18,0.4553
25.38,92.58,852.0,32.5,32.6,90.0,1.0,0.0,32.6,33.1,34.3,1.181,0.455
25.38,92.59,960.0,40.4,32.6,90.0,1.0,0.0,32.6,33.1,34.3,1.181,0.5488
25.38,92.6,1127.0,49.8,32.6,90.0,1.0,0.0,32.6,33.1,34.3,1.181,0.6467
25.38,92.61,996.0,42.7,32.6,90.0,1.0,0.0,32.6,33.1,34.3,1.182,0.5737
25.38,92.62,846.0,32.1,32.6,90.0,1.0,0.0,32.6,33.1,34.3,1.182,0.4496
25.38,92.63,841.0,31.6,32.5,90.0,1.0,0.0,32.5,33.1,34.3,1.182,0.4433
25.38,92.64,911.0,37.1,32.5,90.0,1.0,0.0,32.5,33.1,34.3,1.183,0.5099
25.38,92.65,1016.0,43.9,32.5,90.0,1.0,0.0,32.5,33.1,34.3,1.183,0.5861
25.38,92.66,891.0,35.6,32.5,90.0,1.0,0.0,32.5,33.1,34.3,1.183,0.4921
25.38,92.67,818.0,29.7,32.5,90.0,1.0,0.0,32.5,33.1,34.3,1.184,0.4185
25.38,92.68,775.0,25.9,32.5,90.0,1.0,0.0,32.5,33.1,34.4,1.184,0.3689
25.38,92.69,839.0,31.5,32.5,90.0,1.0,0.0,32.5,33.1,34.4,1.184,0.4413
25.38,92.7,783.0,26.6,32.5,90.0,1.0,0.0,32.5,33.1,34.4,1.184,0.3782
25.38,92.71,780.0,26.4,32.6,90.0,1.0,0.0,32.6,33.1,34.4,1.184,0.3755
25.38,92.72,805.0,28.6,32.6,90.0,1.0,0.0,32.6,33.1,34.4,1.183,0.4046
25.38,92.73,750.0,23.6,32.6,90.0,1.0,0.0,32.6,33.0,34.3,1.183,0.3384
25.38,92.74,814.0,29.4,32.7,90.0,1.0,0.0,32.7,33.0,34.3,1.183,0.415
25.38,92.75,800.0,28.2,32.7,90.0,1.0,0.0,32.7,32.9,34.3,1.182,0.3998
25.38,92.76,830.0,30.7,32.8,90.0,1.0,0.0,32.8,32.9,34.3,1.181,0.4323
25.38,92.77,966.0,40.8,32.9,90.0,1.0,0.0,32.9,32.8,34.3,1.181,0.5533
25.38,92.78,1011.0,43.6,32.9,90.0,1.0,0.0,32.9,32.7,34.3,1.18,0.5844
25.38,92.79,996.0,42.7,33.0,90.0,1.0,0.0,33.0,32.7,34.3,1.18,0.5747
25.38,92.8,959.0,40.4,33.1,90.0,1.0,0.0,33.1,32.6,34.3,1.179,0.5497
25.38,92.81,944.0,39.4,33.2,90.0,1.0,0.0,33.2,32.5,34.3,1.179,0.5384
25.38,92.82,947.0,39.6,33.3,90.0,1.0,0.0,33.3,32.4,34.3,1.178,0.5411
25.38,92.83,825.0,30.3,33.4,90.0,1.0,0.0,33.4,32.3,34.3,1.178,0.4283
25.38,92.84,631.0,23.0,33.5,0.0,0.0,1.0,33.5,32.2,34.3,1.177,0.332
25.38,92.85,633.0,19.8,33.6,0.0,0.0,1.0,33.6,32.0,34.4,1.177,0.2878
25.38,92.86,469.0,19.8,33.7,0.0,0.0,1.0,33.7,31.9,34.4,1.176,0.288
25.38,92.87,423.0,21.7,33.8,90.0,1.0,0.0,33.8,31.8,34.4,1.176,0.3144
25.38,92.88,507.0,10.4,33.9,180.0,0.0,-1.0,33.9,31.7,34.4,1.175,0.1536
25.38,92.89,438.0,12.7,34.0,132.1,0.742,-0.6704,34.0,31.6,34.4,1.175,0.1871
25.38,92.9,434.0,17.3,34.1,90.0,1.0,0.0,34.1,31.5,34.4,1.174,0.2533
25.38,92.91,503.0,8.6,34.2,180.0,0.0,-1.0,34.2,31.4,34.4,1.174,0.1274
25.38,92.92,547.0,14.5,34.3,0.0,0.0,1.0,34.3,31.4,34.4,1.173,0.2135
25.38,92.93,429.0,20.7,34.3,0.0,0.0,1.0,34.3,31.3,34.3,1.173,0.3013
25.38,92.94,257.0,28.4,34.4,270.0,-1.0,-0.0,34.4,31.3,34.3,1.173,0.4055
25.38,92.95,471.0,25.1,34.4,180.0,0.0,-1.0,34.4,31.2,34.3,1.173,0.3616
25.38,92.96,349.0,19.7,34.4,270.0,-1.0,-0.0,34.4,31.2,34.4,1.173,0.2874
25.38,92.97,393.0,15.2,34.4,270.0,-1.0,-0.0,34.4,31.2,34.4,1.174,0.2233
25.38,92.98,443.0,18.3,34.4,0.0,0.0,1.0,34.4,31.1,34.5,1.175,0.2672
25.38,92.99,292.0,25.3,34.4,270.0,-1.0,-0.0,34.4,31.1,34.5,1.176,0.3634
25.38,93.0,435.0,17.4,34.4,180.0,0.0,-1.0,34.4,31.0,34.6,1.177,0.2541
25.38,93.01,386.0,15.9,34.5,270.0,-1.0,-0.0,34.5,30.8,34.7,1.178,0.2326
25.38,93.02,279.0,26.4,34.5,270.0,-1.0,-0.0,34.5,30.7,34.8,1.179,0.3771
25.38,93.03,236.0,30.2,34.6,270.0,-1.0,-0.0,34.6,30.6,34.9,1.18,0.4263
25.38,93.04,163.0,36.0,34.7,270.0,-1.0,-0.0,34.7,30.4,34.9,1.181,0.4977
25.38,93.05,335.0,21.1,34.8,270.0,-1.0,-0.0,34.8,30.2,35.0,1.181,0.3048
25.38,93.06,363.0,18.3,34.9,270.0,-1.0,-0.0,34.9,30.0,35.1,1.181,0.2659
25.38,93.07,411.0,16.9,35.0,90.0,1.0,0.0,35.0,29.9,35.1,1.181,0.2461
25.38,93.08,277.0,18.8,35.2,180.0,0.0,-1.0,35.2,29.7,35.1,1.181,0.2729
25.38,93.09,432.0,18.8,35.3,180.0,0.0,-1.0,35.3,29.6,35.1,1.18,0.2731
25.38,93.1,359.0,11.8,35.4,0.0,0.0,1.0,35.4,29.4,35.1,1.179,0.1734
25.38,93.11,264.0,11.8,35.5,0.0,0.0,1.0,35.5,29.3,35.1,1.179,0.1734
25.38,93.12,320.0,11.6,35.6,90.0,1.0,0.0,35.6,29.3,35.2,1.179,0.1705
25.38,93.13,282.0,7.7,35.5,132.1,0.742,-0.6704,35.5,29.3,35.2,1.18,0.1135
25.38,93.14,316.0,6.6,35.5,90.0,1.0,0.0,35.5,29.3,35.2,1.181,0.0973
25.38,93.15,306.0,5.7,35.4,47.9,0.742,0.6704,35.4,29.3,35.2,1.182,0.084
25.38,93.16,349.0,8.5,35.3,0.0,0.0,1.0,35.3,29.4,35.3,1.183,0.1249
25.38,93.17,281.0,8.5,35.2,0.0,0.0,1.0,35.2,29.5,35.3,1.185,0.1247
25.38,93.18,299.0,20.3,35.1,227.9,-0.742,-0.6704,35.1,29.5,35.3,1.186,0.2925
25.38,93.19,443.0,24.9,35.0,180.0,0.0,-1.0,35.0,29.6,35.4,1.187,0.3547
25.38,93.2,655.0,29.1,35.0,227.9,-0.742,-0.6704,35.0,29.7,35.4,1.188,0.4094
25.38,93.21,425.0,26.7,34.9,0.0,0.0,1.0,34.9,29.7,35.4,1.189,0.3779
25.38,93.22,520.0,11.8,34.8,180.0,0.0,-1.0,34.8,29.8,35.4,1.189,0.172
25.38,93.23,517.0,22.1,34.8,0.0,0.0,1.0,34.8,29.8,35.4,1.19,0.3162
25.38,93.24,332.0,22.1,34.7,0.0,0.0,1.0,34.7,29.9,35.4,1.19,0.3162
25.38,93.25,369.0,12.7,34.6,47.9,0.742,0.6704,34.6,29.9,35.4,1.191,0.1846
25.38,93.26,345.0,5.1,34.6,270.0,-1.0,-0.0,34.6,30.0,35.4,1.191,0.0746
25.38,93.27,309.0,6.6,34.6,270.0,-1.0,-0.0,34.6,30.0,35.4,1.192,0.0964
25.38,93.28,351.0,6.3,34.5,0.0,0.0,1.0,34.5,30.1,35.4,1.192,0.0921
25.38,93.29,301.0,6.3,34.5,0.0,0.0,1.0,34.5,30.1,35.4,1.192,0.0921
25.38,93.3,292.0,4.2,34.4,90.0,1.0,0.0,34.4,30.2,35.4,1.192,0.0614
25.39,92.52,938.0,5.1,32.7,0.0,0.0,1.0,32.7,33.0,34.3,1.18,0.0753
25.39,92.53,897.0,5.1,32.7,0.0,0.0,1.0,32.7,33.0,34.3,1.18,0.0753
25.39,92.54,873.0,5.1,32.6,47.9,0.742,0.6704,32.6,33.1,34.3,1.181,0.0753
25.39,92.55,874.0,5.5,32.6,132.1,0.742,-0.6704,32.6,33.1,34.3,1.181,0.0812
25.39,92.56,853.0,11.4,32.6,180.0,0.0,-1.0,32.6,33.1,34.3,1.181,0.1674
25.39,92.57,945.0,11.4,32.6,180.0,0.0,-1.0,32.6,33.1,34.3,1.182,0.1672
25.39,92.58,858.0,19.2,32.6,180.0,0.0,-1.0,32.6,33.1,34.3,1.182,0.2782
25.39,92.59,1017.0,19.2,32.5,180.0,0.0,-1.0,32.5,33.1,34.4,1.183,0.278
25.39,92.6,1121.0,23.5,32.5,270.0,-1.0,-0.0,32.5,33.1,34.4,1.183,0.3371
25.39,92.61,980.0,17.2,32.5,0.0,0.0,1.0,32.5,33.1,34.4,1.184,0.2498
25.39,92.62,844.0,16.6,32.5,0.0,0.0,1.0,32.5,33.1,34.4,1.184,0.2413
25.39,92.63,778.0,11.1,32.5,227.9,-0.742,-0.6704,32.5,33.1,34.4,1.185,0.1625
25.39,92.64,793.0,18.1,32.4,227.9,-0.742,-0.6704,32.4,33.1,34.4,1.185,0.2622
25.39,92.65,874.0,15.7,32.4,270.0,-1.0,-0.0,32.4,33.1,34.4,1.186,0.2282
25.39,92.66,903.0,18.3,32.4,270.0,-1.0,-0.0,32.4,33.1,34.5,1.186,0.2647
25.39,92.67,877.0,14.7,32.4,0.0,0.0,1.0,32.4,33.1,34.5,1.186,0.214
25.39,92.68,757.0,14.7,32.4,0.0,0.0,1.0,32.4,33.1,34.5,1.187,0.2138
25.39,92.69,805.0,7.5,32.4,270.0,-1.0,-0.0,32.4,33.1,34.5,1.187,0.11
25.39,92.7,780.0,5.0,32.4,312.1,-0.742,0.6704,32.4,33.1,34.5,1.187,0.0734
25.39,92.71,811.0,9.8,32.4,132.1,0.742,-0.6704,32.4,33.1,34.5,1.187,0.1434
25.39,92.72,810.0,13.6,32.5,180.0,0.0,-1.0,32.5,33.0,34.5,1.186,0.1983
25.39,92.73,920.0,18.6,32.5,90.0,1.0,0.0,32.5,33.0,34.5,1.186,0.2689
25.39,92.74,965.0,17.5,32.6,132.1,0.742,-0.6704,32.6,33.0,34.5,1.185,0.2538
25.39,92.75,944.0,15.9,32.6,90.0,1.0,0.0,32.6,32.9,34.5,1.185,0.2312
25.39,92.76,878.0,8.2,32.7,0.0,0.0,1.0,32.7,32.9,34.4,1.184,0.1205
25.39,92.77,815.0,17.2,32.8,180.0,0.0,-1.0,32.8,32.8,34.4,1.183,0.25
25.39,92.78,956.0,17.2,32.9,180.0,0.0,-1.0,32.9,32.7,34.4,1.183,0.25
25.39,92.79,989.0,8.8,33.0,312.1,-0.742,0.6704,33.0,32.6,34.4,1.182,0.1294
25.39,92.8,973.0,14.2,33.0,312.1,-0.742,0.6704,33.0,32.5,34.4,1.181,0.2077
25.39,92.81,955.0,17.0,33.1,270.0,-1.0,-0.0,33.1,32.5,34.4,1.18,0.2478
25.39,92.82,881.0,12.5,33.3,270.0,-1.0,-0.0,33.3,32.3,34.4,1.18,0.1834
25.39,92.83,815.0,32.6,33.4,0.0,0.0,1.0,33.4,32.2,34.4,1.179,0.457
25.39,92.84,523.0,32.6,33.5,0.0,0.0,1.0,33.5,32.1,34.4,1.178,0.4574
25.39,92.85,497.0,21.7,33.6,90.0,1.0,0.0,33.6,32.0,34.4,1.178,0.3139
25.39,92.86,600.0,14.6,33.7,47.9,0.742,0.6704,33.7,31.9,34.4,1.177,0.2142
25.39,92.87,624.0,21.7,33.8,90.0,1.0,0.0,33.8,31.8,34.4,1.177,0.3141
25.39,92.88,575.0,12.6,33.9,132.1,0.742,-0.6704,33.9,31.7,34.4,1.176,0.1855
25.39,92.89,520.0,9.3,34.0,47.9,0.742,0.6704,34.0,31.6,34.4,1.175,0.1375
25.39,92.9,591.0,17.3,34.1,90.0,1.0,0.0,34.1,31.5,34.4,1.175,0.2531
25.39,92.91,521.0,8.7,34.2,0.0,0.0,1.0,34.2,31.4,34.4,1.174,0.1288
25.39,92.92,478.0,15.8,34.3,90.0,1.0,0.0,34.3,31.3,34.3,1.173,0.2321
25.39,92.93,438.0,15.1,34.4,47.9,0.742,0.6704,34.4,31.3,34.3,1.172,0.2223
25.39,92.94,320.0,19.2,34.4,47.9,0.742,0.6704,34.4,31.3,34.3,1.172,0.2806
25.39,92.95,288.0,22.0,34.5,180.0,0.0,-1.0,34.5,31.2,34.3,1.172,0.3196
25.39,92.96,472.0,24.3,34.5,227.9,-0.742,-0.6704,34.5,31.2,34.3,1.172,0.3511
25.39,92.97,334.0,16.8,34.4,0.0,0.0,1.0,34.4,31.2,34.4,1.173,0.2464
25.39,92.98,297.0,16.1,34.4,270.0,-1.0,-0.0,34.4,31.2,34.4,1.174,0.2362
25.39,92.99,337.0,8.9,34.4,312.1,-0.742,0.6704,34.4,31.1,34.5,1.176,0.1316
25.39,93.0,319.0,12.9,34.4,270.0,-1.0,-0.0,34.4,31.0,34.6,1.177,0.1897
25.39,93.01,314.0,10.3,34.4,270.0,-1.0,-0.0,34.4,30.9,34.7,1.179,0.1517
25.39,93.02,247.0,11.5,34.4,312.1,-0.742,0.6704,34.4,30.8,34.8,1.18,0.169
25.39,93.03,332.0,18.1,34.5,270.0,-1.0,-0.0,34.5,30.6,34.9,1.182,0.2628
25.39,93.04,299.0,15.1,34.5,90.0,1.0,0.0,34.5,30.5,35.0,1.183,0.2202
25.39,93.05,320.0,13.0,34.6,132.1,0.742,-0.6704,34.6,30.3,35.1,1.184,0.19
25.39,93.06,322.0,9.8,34.7,180.0,0.0,-1.0,34.7,30.2,35.1,1.184,0.1438
25.39,93.07,401.0,19.1,34.8,270.0,-1.0,-0.0,34.8,30.0,35.2,1.184,0.2764
25.39,93.08,302.0,12.2,34.9,0.0,0.0,1.0,34.9,29.9,35.2,1.184,0.1785
25.39,93.09,272.0,17.6,35.0,270.0,-1.0,-0.0,35.0,29.8,35.2,1.184,0.2554
25.39,93.1,327.0,15.2,35.0,270.0,-1.0,-0.0,35.0,29.7,35.3,1.184,0.2214
25.39,93.11,297.0,8.9,35.1,227.9,-0.742,-0.6704,35.1,29.6,35.3,1.184,0.1307
25.39,93.12,239.0,9.1,35.1,270.0,-1.0,-0.0,35.1,29.6,35.3,1.184,0.1336
25.39,93.13,241.0,16.2,35.1,180.0,0.0,-1.0,35.1,29.6,35.3,1.185,0.2354
25.39,93.14,374.0,16.2,35.1,180.0,0.0,-1.0,35.1,29.6,35.4,1.186,0.2352
25.39,93.15,289.0,10.6,35.0,0.0,0.0,1.0,35.0,29.6,35.4,1.187,0.155
25.39,93.16,285.0,7.2,35.0,270.0,-1.0,-0.0,35.0,29.6,35.4,1.188,0.1055
25.39,93.17,254.0,7.9,34.9,312.1,-0.742,0.6704,34.9,29.7,35.4,1.189,0.1156
25.39,93.18,283.0,13.2,34.8,227.9,-0.742,-0.6704,34.8,29.7,35.4,1.189,0.1921
25.39,93.19,277.0,29.1,34.8,227.9,-0.742,-0.6704,34.8,29.8,35.5,1.19,0.4087
25.39,93.2,411.0,25.8,34.7,180.0,0.0,-1.0,34.7,29.8,35.5,1.191,0.3654
25.39,93.21,632.0,25.8,34.7,180.0,0.0,-1.0,34.7,29.9,35.5,1.191,0.3654
25.39,93.22,625.0,17.1,34.6,0.0,0.0,1.0,34.6,29.9,35.5,1.192,0.2467
25.39,93.23,485.0,17.1,34.6,0.0,0.0,1.0,34.6,29.9,35.5,1.192,0.2467
25.39,93.24,522.0,20.6,34.5,90.0,1.0,0.0,34.5,30.0,35.5,1.193,0.2949
25.39,93.25,364.0,22.3,34.5,47.9,0.742,0.6704,34.5,30.0,35.5,1.193,0.3181
25.39,93.26,300.0,8.0,34.5,0.0,0.0,1.0,34.5,30.1,35.5,1.193,0.1167
25.39,93.27,349.0,6.5,34.4,0.0,0.0,1.0,34.4,30.1,35.4,1.193,0.0949
25.39,93.28,297.0,6.5,34.4,0.0,0.0,1.0,34.4,30.1,35.4,1.193,0.0949
25.39,93.29,295.0,6.0,34.4,132.1,0.742,-0.6704,34.4,30.2,35.4,1.193,0.0876
25.39,93.3,329.0,4.3,34.4,180.0,0.0,-1.0,34.4,30.2,35.4,1.193,0.0628
25.4,92.52,906.0,3.6,32.6,270.0,-1.0,-0.0,32.6,33.0,34.3,1.181,0.0532
25.4,92.53,934.0,9.1,32.6,0.0,0.0,1.0,32.6,33.0,34.4,1.181,0.1339
25.4,92.54,861.0,9.1,32.6,0.0,0.0,1.0,32.6,33.0,34.4,1.182,0.1338
25.4,92.55,880.0,7.4,32.6,180.0,0.0,-1.0,32.6,33.0,34.4,1.182,0.109
25.4,92.56,939.0,9.7,32.6,90.0,1.0,0.0,32.6,33.1,34.4,1.183,0.1424
25.4,92.57,982.0,10.7,32.5,132.1,0.742,-0.6704,32.5,33.1,34.4,1.183,0.1569
25.4,92.58,924.0,7.8,32.5,227.9,-0.742,-0.6704,32.5,33.1,34.4,1.184,0.1146
25.4,92.59,915.0,16.8,32.5,227.9,-0.742,-0.6704,32.5,33.1,34.4,1.184,0.2441
25.4,92.6,902.0,23.5,32.5,270.0,-1.0,-0.0,32.5,33.1,34.5,1.185,0.3365
25.4,92.61,851.0,21.6,32.4,312.1,-0.742,0.6704,32.4,33.1,34.5,1.185,0.3107
25.4,92.62,861.0,10.2,32.4,227.9,-0.742,-0.6704,32.4,33.1,34.5,1.186,0.1493
25.4,92.63,781.0,9.9,32.4,0.0,0.0,1.0,32.4,33.1,34.5,1.187,0.1448
25.4,92.64,763.0,9.3,32.4,180.0,0.0,-1.0,32.4,33.1,34.5,1.187,0.1361
25.4,92.65,838.0,12.6,32.3,0.0,0.0,1.0,32.3,33.1,34.6,1.188,0.1836
25.4,92.66,736.0,18.3,32.3,270.0,-1.0,-0.0,32.3,33.1,34.6,1.189,0.2641
25.4,92.67,871.0,16.5,32.3,180.0,0.0,-1.0,32.3,33.1,34.6,1.189,0.2389
25.4,92.68,785.0,10.7,32.3,0.0,0.0,1.0,32.3,33.1,34.6,1.189,0.1562
25.4,92.69,739.0,8.7,32.3,180.0,0.0,-1.0,32.3,33.1,34.6,1.19,0.1271
25.4,92.7,809.0,8.7,32.3,180.0,0.0,-1.0,32.3,33.1,34.6,1.19,0.1271
25.4,92.71,794.0,16.5,32.3,180.0,0.0,-1.0,32.3,33.0,34.6,1.19,0.2387
25.4,92.72,929.0,16.5,32.3,180.0,0.0,-1.0,32.3,33.0,34.6,1.19,0.2387
25.4,92.73,913.0,8.6,32.4,132.1,0.742,-0.6704,32.4,33.0,34.6,1.189,0.1258
25.4,92.74,956.0,5.4,32.4,180.0,0.0,-1.0,32.4,32.9,34.6,1.189,0.0791
25.4,92.75,940.0,7.1,32.5,0.0,0.0,1.0,32.5,32.9,34.6,1.188,0.104
25.4,92.76,883.0,7.2,32.6,132.1,0.742,-0.6704,32.6,32.8,34.6,1.187,0.1056
25.4,92.77,911.0,10.8,32.7,90.0,1.0,0.0,32.7,32.8,34.6,1.186,0.158
25.4,92.78,932.0,9.8,32.8,132.1,0.742,-0.6704,32.8,32.7,34.5,1.185,0.1436
25.4,92.79,962.0,9.7,32.9,0.0,0.0,1.0,32.9,32.6,34.5,1.184,0.1423
25.4,92.8,884.0,10.3,33.0,0.0,0.0,1.0,33.0,32.5,34.5,1.183,0.1511
25.4,92.81,801.0,17.0,33.1,270.0,-1.0,-0.0,33.1,32.4,34.5,1.182,0.2474
25.4,92.82,769.0,17.2,33.2,90.0,1.0,0.0,33.2,32.3,34.5,1.181,0.2504
25.4,92.83,751.0,18.5,33.3,47.9,0.742,0.6704,33.3,32.2,34.5,1.18,0.2689
25.4,92.84,685.0,17.8,33.4,90.0,1.0,0.0,33.4,32.1,34.5,1.18,0.2591
25.4,92.85,698.0,21.7,33.6,90.0,1.0,0.0,33.6,32.0,34.5,1.179,0.3136
25.4,92.86,686.0,15.5,33.7,132.1,0.742,-0.6704,33.7,31.9,34.5,1.178,0.2269
25.4,92.87,652.0,6.5,33.8,47.9,0.742,0.6704,33.8,31.8,34.4,1.177,0.0962
25.4,92.88,632.0,9.3,33.9,47.9,0.742,0.6704,33.9,31.6,34.4,1.176,0.1374
25.4,92.89,586.0,7.5,34.0,90.0,1.0,0.0,34.0,31.5,34.4,1.176,0.111
25.4,92.9,531.0,7.9,34.2,180.0,0.0,-1.0,34.2,31.4,34.4,1.175,0.117
25.4,92.91,594.0,15.0,34.3,270.0,-1.0,-0.0,34.3,31.4,34.4,1.174,0.2205
25.4,92.92,621.0,15.8,34.4,90.0,1.0,0.0,34.4,31.3,34.3,1.173,0.2321
25.4,92.93,557.0,19.7,34.4,312.1,-0.742,0.6704,34.4,31.3,34.3,1.172,0.2876
25.4,92.94,471.0,33.8,34.5,0.0,0.0,1.0,34.5,31.2,34.3,1.171,0.4751
25.4,92.95,165.0,33.8,34.5,0.0,0.0,1.0,34.5,31.2,34.3,1.171,0.4751
25.4,92.96,248.0,23.9,34.5,270.0,-1.0,-0.0,34.5,31.2,34.3,1.171,0.346
25.4,92.97,274.0,16.2,34.5,312.1,-0.742,0.6704,34.5,31.2,34.3,1.172,0.238
25.4,92.98,374.0,12.4,34.4,180.0,0.0,-1.0,34.4,31.2,34.4,1.174,0.1829
25.4,92.99,322.0,6.9,34.4,312.1,-0.742,0.6704,34.4,31.1,34.5,1.175,0.1022
25.4,93.0,301.0,9.8,34.4,0.0,0.0,1.0,34.4,31.0,34.6,1.177,0.1446
25.4,93.01,222.0,12.7,34.3,180.0,0.0,-1.0,34.3,30.9,34.7,1.179,0.1865
25.4,93.02,325.0,19.1,34.3,0.0,0.0,1.0,34.3,30.8,34.8,1.181,0.2771
25.4,93.03,167.0,19.1,34.4,0.0,0.0,1.0,34.4,30.7,34.9,1.183,0.2766
25.4,93.04,194.0,14.9,34.4,90.0,1.0,0.0,34.4,30.6,35.0,1.185,0.217
25.4,93.05,276.0,10.2,34.4,180.0,0.0,-1.0,34.4,30.4,35.1,1.186,0.1493
25.4,93.06,329.0,12.7,34.5,0.0,0.0,1.0,34.5,30.3,35.2,1.187,0.1852
25.4,93.07,226.0,21.0,34.5,180.0,0.0,-1.0,34.5,30.2,35.3,1.188,0.3017
25.4,93.08,401.0,21.0,34.6,180.0,0.0,-1.0,34.6,30.1,35.3,1.188,0.3017
25.4,93.09,251.0,18.2,34.6,0.0,0.0,1.0,34.6,30.0,35.4,1.189,0.2627
25.4,93.1,190.0,15.2,34.6,270.0,-1.0,-0.0,34.6,29.9,35.4,1.189,0.2205
25.4,93.11,224.0,10.7,34.7,180.0,0.0,-1.0,34.7,29.9,35.4,1.19,0.156
25.4,93.12,310.0,10.7,34.7,180.0,0.0,-1.0,34.7,29.9,35.5,1.19,0.156
25.4,93.13,237.0,11.4,34.7,227.9,-0.742,-0.6704,34.7,29.8,35.5,1.191,0.166
25.4,93.14,236.0,15.3,34.6,270.0,-1.0,-0.0,34.6,29.8,35.5,1.192,0.2214
25.4,93.15,338.0,12.8,34.6,0.0,0.0,1.0,34.6,29.8,35.5,1.192,0.1859
25.4,93.16,234.0,12.8,34.6,0.0,0.0,1.0,34.6,29.9,35.6,1.193,0.1857
25.4,93.17,245.0,4.5,34.5,90.0,1.0,0.0,34.5,29.9,35.6,1.193,0.0658
25.4,93.18,250.0,5.5,34.5,132.1,0.742,-0.6704,34.5,29.9,35.6,1.194,0.0803
25.4,93.19,277.0,11.2,34.5,180.0,0.0,-1.0,34.5,29.9,35.6,1.194,0.1627
25.4,93.2,367.0,21.3,34.5,227.9,-0.742,-0.6704,34.5,30.0,35.6,1.194,0.3042
25.4,93.21,525.0,19.7,34.4,227.9,-0.742,-0.6704,34.4,30.0,35.6,1.194,0.2823
25.4,93.22,683.0,32.1,34.4,270.0,-1.0,-0.0,34.4,30.0,35.6,1.195,0.4447
25.4,93.23,561.0,21.0,34.4,90.0,1.0,0.0,34.4,30.0,35.5,1.195,0.2999
25.4,93.24,643.0,29.3,34.4,0.0,0.0,1.0,34.4,30.1,35.5,1.195,0.4095
25.4,93.25,387.0,29.3,34.4,0.0,0.0,1.0,34.4,30.1,35.5,1.195,0.4095
25.4,93.26,288.0,18.1,34.4,90.0,1.0,0.0,34.4,30.1,35.5,1.195,0.26
25.4,93.27,369.0,10.1,34.3,180.0,0.0,-1.0,34.3,30.2,35.5,1.195,0.1468
25.4,93.28,289.0,9.9,34.3,0.0,0.0,1.0,34.3,30.2,35.5,1.195,0.1439
25.4,93.29,283.0,10.3,34.3,180.0,0.0,-1.0,34.3,30.2,35.5,1.195,0.1496
25.4,93.3,366.0,10.3,34.3,180.0,0.0,-1.0,34.3,30.3,35.4,1.195,0.1496
25.41,92.53,934.0,6.6,32.6,0.0,0.0,1.0,32.6,33.0,34.4,1.183,0.0972
25.41,92.54,881.0,6.6,32.6,0.0,0.0,1.0,32.6,33.0,34.4,1.183,0.0972
25.41,92.55,861.0,7.0,32.5,132.1,0.742,-0.6704,32.5,33.0,34.4,1.183,0.103
25.41,92.56,887.0,9.6,32.5,180.0,0.0,-1.0,32.5,33.0,34.4,1.184,0.1409
25.41,92.57,964.0,13.4,32.5,312.1,-0.742,0.6704,32.5,33.0,34.5,1.185,0.1956
25.41,92.58,980.0,19.4,32.5,270.0,-1.0,-0.0,32.5,33.1,34.5,1.185,0.2803
25.41,92.59,883.0,12.7,32.4,0.0,0.0,1.0,32.4,33.1,34.5,1.186,0.1854
25.41,92.6,780.0,13.6,32.4,270.0,-1.0,-0.0,32.4,33.1,34.5,1.187,0.1981
25.41,92.61,738.0,13.6,32.4,312.1,-0.742,0.6704,32.4,33.1,34.6,1.187,0.1981
25.41,92.62,812.0,9.2,32.3,180.0,0.0,-1.0,32.3,33.1,34.6,1.188,0.1346
25.41,92.63,786.0,6.3,32.3,312.1,-0.742,0.6704,32.3,33.1,34.6,1.189,0.0923
25.41,92.64,765.0,6.1,32.3,227.9,-0.742,-0.6704,32.3,33.1,34.6,1.19,0.0893
25.41,92.65,760.0,8.8,32.2,270.0,-1.0,-0.0,32.2,33.1,34.7,1.19,0.1286
25.41,92.66,739.0,11.0,32.2,227.9,-0.742,-0.6704,32.2,33.1,34.7,1.191,0.1602
25.41,92.67,757.0,12.7,32.2,270.0,-1.0,-0.0,32.2,33.1,34.7,1.192,0.1844
25.41,92.68,801.0,5.9,32.2,312.1,-0.742,0.6704,32.2,33.1,34.8,1.192,0.0862
25.41,92.69,762.0,7.6,32.1,180.0,0.0,-1.0,32.1,33.1,34.8,1.193,0.1109
25.41,92.7,823.0,7.6,32.1,180.0,0.0,-1.0,32.1,33.1,34.8,1.193,0.1109
25.41,92.71,828.0,15.9,32.2,180.0,0.0,-1.0,32.2,33.1,34.8,1.193,0.2296
25.41,92.72,958.0,15.9,32.2,180.0,0.0,-1.0,32.2,33.0,34.8,1.193,0.2296
25.41,92.73,967.0,6.1,32.2,90.0,1.0,0.0,32.2,33.0,34.8,1.192,0.0891
25.41,92.74,928.0,4.9,32.3,0.0,0.0,1.0,32.3,33.0,34.8,1.192,0.0717
25.41,92.75,909.0,4.0,32.4,312.1,-0.742,0.6704,32.4,32.9,34.7,1.191,0.0586
25.41,92.76,892.0,9.6,32.5,180.0,0.0,-1.0,32.5,32.8,34.7,1.19,0.1401
25.41,92.77,969.0,22.9,32.6,312.1,-0.742,0.6704,32.6,32.8,34.7,1.189,0.3273
25.41,92.78,956.0,28.6,32.7,270.0,-1.0,-0.0,32.7,32.7,34.6,1.187,0.4033
25.41,92.79,958.0,22.2,32.8,227.9,-0.742,-0.6704,32.8,32.6,34.6,1.186,0.3186
25.41,92.8,940.0,11.5,32.9,47.9,0.742,0.6704,32.9,32.5,34.6,1.185,0.1682
25.41,92.81,919.0,13.2,33.0,90.0,1.0,0.0,33.0,32.4,34.6,1.184,0.1929
25.41,92.82,925.0,17.2,33.1,90.0,1.0,0.0,33.1,32.3,34.6,1.183,0.25
25.41,92.83,885.0,16.4,33.3,47.9,0.742,0.6704,33.3,32.2,34.5,1.182,0.2389
25.41,92.84,767.0,14.5,33.4,0.0,0.0,1.0,33.4,32.1,34.5,1.181,0.212
25.41,92.85,696.0,11.9,33.5,47.9,0.742,0.6704,33.5,32.0,34.5,1.18,0.1747
25.41,92.86,724.0,17.8,33.7,312.1,-0.742,0.6704,33.7,31.8,34.5,1.179,0.2593
25.41,92.87,677.0,18.7,33.8,270.0,-1.0,-0.0,33.8,31.7,34.5,1.178,0.2722
25.41,92.88,593.0,10.4,33.9,0.0,0.0,1.0,33.9,31.6,34.5,1.177,0.1534
25.41,92.89,531.0,9.7,34.1,47.9,0.742,0.6704,34.1,31.5,34.4,1.176,0.1433
25.41,92.9,513.0,7.0,34.2,47.9,0.742,0.6704,34.2,31.4,34.4,1.175,0.1037
25.41,92.91,459.0,15.0,34.3,270.0,-1.0,-0.0,34.3,31.3,34.4,1.174,0.2205
25.41,92.92,521.0,18.8,34.4,312.1,-0.742,0.6704,34.4,31.3,34.3,1.172,0.275
25.41,92.93,462.0,18.9,34.5,270.0,-1.0,-0.0,34.5,31.3,34.3,1.171,0.2766
25.41,92.94,314.0,19.7,34.5,312.1,-0.742,0.6704,34.5,31.2,34.2,1.171,0.2879
25.41,92.95,281.0,15.6,34.5,312.1,-0.742,0.6704,34.5,31.2,34.2,1.17,0.2298
25.41,92.96,408.0,19.7,34.5,132.1,0.742,-0.6704,34.5,31.2,34.2,1.171,0.2879
25.41,92.97,270.0,16.8,34.5,0.0,0.0,1.0,34.5,31.2,34.3,1.172,0.2466
25.41,92.98,274.0,11.2,34.4,270.0,-1.0,-0.0,34.4,31.2,34.4,1.173,0.1656
25.41,92.99,276.0,10.2,34.4,270.0,-1.0,-0.0,34.4,31.1,34.5,1.175,0.1507
25.41,93.0,240.0,7.0,34.3,132.1,0.742,-0.6704,34.3,31.1,34.6,1.178,0.1035
25.41,93.01,235.0,10.0,34.3,90.0,1.0,0.0,34.3,31.0,34.7,1.18,0.1472
25.41,93.02,184.0,15.6,34.3,270.0,-1.0,-0.0,34.3,30.9,34.9,1.182,0.2275
25.41,93.03,217.0,13.7,34.2,180.0,0.0,-1.0,34.2,30.8,35.0,1.185,0.1999
25.41,93.04,328.0,14.9,34.2,90.0,1.0,0.0,34.2,30.7,35.1,1.187,0.2166
25.41,93.05,276.0,8.4,34.2,312.1,-0.742,0.6704,34.2,30.6,35.2,1.188,0.123
25.41,93.06,259.0,9.5,34.2,270.0,-1.0,-0.0,34.2,30.5,35.3,1.19,0.1387
25.41,93.07,286.0,9.6,34.2,227.9,-0.742,-0.6704,34.2,30.4,35.4,1.191,0.14
25.41,93.08,325.0,15.4,34.2,0.0,0.0,1.0,34.2,30.3,35.5,1.193,0.2226
25.41,93.09,199.0,16.5,34.2,312.1,-0.742,0.6704,34.2,30.2,35.5,1.194,0.2379
25.41,93.1,274.0,9.5,34.2,90.0,1.0,0.0,34.2,30.2,35.6,1.195,0.1381
25.41,93.11,261.0,11.0,34.2,180.0,0.0,-1.0,34.2,30.2,35.6,1.196,0.1595
25.41,93.12,350.0,11.0,34.2,180.0,0.0,-1.0,34.2,30.1,35.7,1.197,0.1594
25.41,93.13,302.0,9.7,34.2,0.0,0.0,1.0,34.2,30.1,35.7,1.197,0.1408
25.41,93.14,224.0,13.4,34.2,90.0,1.0,0.0,34.2,30.1,35.7,1.198,0.1934
25.41,93.15,256.0,9.2,34.2,270.0,-1.0,-0.0,34.2,30.1,35.7,1.198,0.1335
25.41,93.16,247.0,7.6,34.2,312.1,-0.742,0.6704,34.2,30.1,35.7,1.198,0.1104
25.41,93.17,285.0,4.8,34.2,180.0,0.0,-1.0,34.2,30.1,35.7,1.198,0.0698
25.41,93.18,285.0,4.0,34.2,90.0,1.0,0.0,34.2,30.1,35.7,1.198,0.0582
25.41,93.19,315.0,5.5,34.2,132.1,0.742,-0.6704,34.2,30.1,35.7,1.198,0.08
25.41,93.2,282.0,19.7,34.2,227.9,-0.742,-0.6704,34.2,30.1,35.7,1.198,0.2814
25.41,93.21,363.0,25.2,34.2,227.9,-0.742,-0.6704,34.2,30.1,35.7,1.198,0.3554
25.41,93.22,366.0,40.4,34.2,180.0,0.0,-1.0,34.2,30.1,35.6,1.198,0.541
25.41,93.23,755.0,40.4,34.2,180.0,0.0,-1.0,34.2,30.2,35.6,1.197,0.5415
25.41,93.24,696.0,27.1,34.2,0.0,0.0,1.0,34.2,30.2,35.6,1.197,0.3806
25.41,93.25,462.0,27.1,34.2,0.0,0.0,1.0,34.2,30.2,35.6,1.197,0.3806
25.41,93.26,453.0,20.7,34.2,0.0,0.0,1.0,34.2,30.2,35.5,1.197,0.2953
25.41,93.27,281.0,20.7,34.2,0.0,0.0,1.0,34.2,30.2,35.5,1.197,0.2953
25.41,93.28,294.0,6.3,34.2,312.1,-0.742,0.6704,34.2,30.3,35.5,1.196,0.0918
25.41,93.29,289.0,6.5,34.2,227.9,-0.742,-0.6704,34.2,30.3,35.5,1.196,0.0947
25.41,93.3,337.0,7.3,34.2,270.0,-1.0,-0.0,34.2,30.3,35.5,1.196,0.1062
25.42,92.53,942.0,5.6,32.6,312.1,-0.742,0.6704,32.6,33.0,34.5,1.184,0.0824
25.42,92.54,901.0,5.1,32.5,0.0,0.0,1.0,32.5,33.0,34.5,1.184,0.0751
25.42,92.55,901.0,7.8,32.5,312.1,-0.742,0.6704,32.5,33.0,34.5,1.185,0.1145
25.42,92.56,944.0,15.1,32.5,270.0,-1.0,-0.0,32.5,33.0,34.5,1.185,0.2198
25.42,92.57,912.0,13.9,32.4,270.0,-1.0,-0.0,32.4,33.0,34.5,1.186,0.2026
25.42,92.58,802.0,19.4,32.4,270.0,-1.0,-0.0,32.4,33.0,34.6,1.187,0.2798
25.42,92.59,850.0,10.8,32.4,312.1,-0.742,0.6704,32.4,33.0,34.6,1.187,0.1579
25.42,92.6,766.0,10.4,32.3,0.0,0.0,1.0,32.3,33.1,34.6,1.188,0.152
25.42,92.61,752.0,5.0,32.3,227.9,-0.742,-0.6704,32.3,33.1,34.6,1.189,0.0733
25.42,92.62,745.0,7.6,32.2,270.0,-1.0,-0.0,32.2,33.1,34.7,1.19,0.1111
25.42,92.63,776.0,5.1,32.2,270.0,-1.0,-0.0,32.2,33.1,34.7,1.191,0.0746
25.42,92.64,753.0,4.3,32.2,90.0,1.0,0.0,32.2,33.1,34.8,1.192,0.0629
25.42,92.65,737.0,5.5,32.1,132.1,0.742,-0.6704,32.1,33.1,34.8,1.193,0.0803
25.42,92.66,773.0,4.5,32.1,180.0,0.0,-1.0,32.1,33.1,34.8,1.194,0.0657
25.42,92.67,767.0,4.5,32.0,132.1,0.742,-0.6704,32.0,33.1,34.9,1.195,0.0657
25.42,92.68,763.0,6.4,32.0,90.0,1.0,0.0,32.0,33.1,34.9,1.195,0.0933
25.42,92.69,766.0,4.9,32.0,180.0,0.0,-1.0,32.0,33.1,34.9,1.196,0.0714
25.42,92.7,805.0,4.9,32.0,180.0,0.0,-1.0,32.0,33.1,34.9,1.196,0.0714
25.42,92.71,816.0,17.9,32.0,180.0,0.0,-1.0,32.0,33.1,34.9,1.196,0.257
25.42,92.72,963.0,17.9,32.0,180.0,0.0,-1.0,32.0,33.0,34.9,1.196,0.257
25.42,92.73,965.0,7.5,32.1,0.0,0.0,1.0,32.1,33.0,34.9,1.196,0.1091
25.42,92.74,905.0,8.9,32.1,90.0,1.0,0.0,32.1,33.0,34.9,1.195,0.1295
25.42,92.75,941.0,13.2,32.2,312.1,-0.742,0.6704,32.2,32.9,34.9,1.194,0.1912
25.42,92.76,922.0,22.2,32.3,312.1,-0.742,0.6704,32.3,32.9,34.8,1.193,0.3167
25.42,92.77,920.0,33.2,32.4,312.1,-0.742,0.6704,32.4,32.8,34.8,1.191,0.4598
25.42,92.78,681.0,28.6,32.5,270.0,-1.0,-0.0,32.5,32.7,34.8,1.19,0.4023
25.42,92.79,877.0,30.6,32.7,227.9,-0.742,-0.6704,32.7,32.6,34.7,1.188,0.4285
25.42,92.8,956.0,28.8,32.8,227.9,-0.742,-0.6704,32.8,32.5,34.7,1.187,0.4059
25.42,92.81,963.0,25.0,32.9,312.1,-0.742,0.6704,32.9,32.4,34.7,1.186,0.3563
25.42,92.82,843.0,21.4,33.1,270.0,-1.0,-0.0,33.1,32.3,34.6,1.184,0.3082
25.42,92.83,838.0,17.5,33.2,270.0,-1.0,-0.0,33.2,32.2,34.6,1.183,0.2542
25.42,92.84,839.0,14.4,33.4,0.0,0.0,1.0,33.4,32.1,34.6,1.182,0.2104
25.42,92.85,722.0,14.4,33.5,0.0,0.0,1.0,33.5,32.0,34.6,1.181,0.2106
25.42,92.86,683.0,28.9,33.6,312.1,-0.742,0.6704,33.6,31.8,34.5,1.18,0.4096
25.42,92.87,506.0,21.5,33.8,270.0,-1.0,-0.0,33.8,31.7,34.5,1.179,0.3109
25.42,92.88,647.0,26.5,33.9,227.9,-0.742,-0.6704,33.9,31.6,34.5,1.177,0.3791
25.42,92.89,597.0,7.5,34.0,312.1,-0.742,0.6704,34.0,31.5,34.5,1.176,0.111
25.42,92.9,557.0,9.1,34.2,0.0,0.0,1.0,34.2,31.4,34.4,1.175,0.1346
25.42,92.91,484.0,9.1,34.3,0.0,0.0,1.0,34.3,31.3,34.4,1.174,0.1347
25.42,92.92,426.0,16.7,34.4,0.0,0.0,1.0,34.4,31.3,34.3,1.172,0.2452
25.42,92.93,289.0,20.8,34.5,90.0,1.0,0.0,34.5,31.3,34.3,1.171,0.3033
25.42,92.94,399.0,13.6,34.5,180.0,0.0,-1.0,34.5,31.2,34.2,1.17,0.201
25.42,92.95,355.0,8.3,34.55,90.0,1.0,0.0,34.55,31.23,34.22,1.17,0.1234
25.42,92.96,371.0,14.7,34.5,0.0,0.0,1.0,34.5,31.2,34.2,1.17,0.2169
25.42,92.97,251.0,14.7,34.5,0.0,0.0,1.0,34.5,31.2,34.3,1.171,0.2167
25.42,92.98,238.0,6.9,34.4,47.9,0.742,0.6704,34.4,31.2,34.4,1.173,0.1024
25.42,92.99,185.0,10.2,34.4,270.0,-1.0,-0.0,34.4,31.2,34.5,1.176,0.1506
25.42,93.0,248.0,9.5,34.3,180.0,0.0,-1.0,34.3,31.1,34.6,1.178,0.1401
25.42,93.01,324.0,21.6,34.2,0.0,0.0,1.0,34.2,31.0,34.8,1.181,0.3117
25.42,93.02,143.0,21.6,34.2,0.0,0.0,1.0,34.2,30.9,34.9,1.184,0.3109
25.42,93.03,171.0,20.0,34.1,180.0,0.0,-1.0,34.1,30.8,35.0,1.186,0.2884
25.42,93.04,337.0,20.0,34.1,180.0,0.0,-1.0,34.1,30.7,35.2,1.189,0.2877
25.42,93.05,295.0,14.7,34.1,0.0,0.0,1.0,34.1,30.7,35.3,1.191,0.2131
25.42,93.06,175.0,14.7,34.0,0.0,0.0,1.0,34.0,30.6,35.4,1.193,0.2127
25.42,93.07,250.0,9.3,34.0,180.0,0.0,-1.0,34.0,30.5,35.5,1.195,0.1352
25.42,93.08,198.0,14.1,33.9,270.0,-1.0,-0.0,33.9,30.5,35.6,1.197,0.2035
25.42,93.09,225.0,8.4,33.8,312.1,-0.742,0.6704,33.8,30.4,35.7,1.199,0.1218
25.42,93.1,275.0,6.4,33.8,132.1,0.742,-0.6704,33.8,30.4,35.8,1.201,0.0928
25.42,93.11,259.0,7.6,33.7,227.9,-0.742,-0.6704,33.7,30.4,35.9,1.203,0.1099
25.42,93.12,276.0,8.3,33.7,270.0,-1.0,-0.0,33.7,30.4,35.9,1.204,0.1199
25.42,93.13,318.0,13.4,33.7,270.0,-1.0,-0.0,33.7,30.4,36.0,1.205,0.1923
25.42,93.14,344.0,13.4,33.7,90.0,1.0,0.0,33.7,30.4,36.0,1.205,0.1923
25.42,93.15,236.0,20.0,33.7,90.0,1.0,0.0,33.7,30.4,36.0,1.205,0.2838
25.42,93.16,235.0,15.4,33.7,90.0,1.0,0.0,33.7,30.3,35.9,1.205,0.2204
25.42,93.17,253.0,10.6,33.8,90.0,1.0,0.0,33.8,30.3,35.9,1.204,0.1528
25.42,93.18,289.0,4.9,33.8,47.9,0.742,0.6704,33.8,30.3,35.9,1.203,0.071
25.42,93.19,294.0,5.4,33.9,180.0,0.0,-1.0,33.9,30.3,35.8,1.203,0.0782
25.42,93.2,337.0,10.1,33.9,0.0,0.0,1.0,33.9,30.3,35.8,1.202,0.1459
25.42,93.21,256.0,12.0,34.0,270.0,-1.0,-0.0,34.0,30.3,35.8,1.201,0.1731
25.42,93.22,297.0,33.9,34.0,227.9,-0.742,-0.6704,34.0,30.3,35.7,1.201,0.4644
25.42,93.23,531.0,27.1,34.1,180.0,0.0,-1.0,34.1,30.3,35.7,1.2,0.3796
25.42,93.24,752.0,27.7,34.1,227.9,-0.742,-0.6704,34.1,30.3,35.7,1.2,0.3874
25.42,93.25,621.0,17.5,34.1,90.0,1.0,0.0,34.1,30.3,35.6,1.199,0.2508
25.42,93.26,518.0,26.1,34.1,0.0,0.0,1.0,34.1,30.3,35.6,1.199,0.3669
25.42,93.27,294.0,26.1,34.1,0.0,0.0,1.0,34.1,30.3,35.6,1.198,0.3672
25.42,93.28,296.0,6.7,34.1,47.9,0.742,0.6704,34.1,30.3,35.6,1.198,0.0974
25.42,93.29,306.0,5.2,34.1,227.9,-0.742,-0.6704,34.1,30.3,35.5,1.198,0.0757
25.42,93.3,272.0,7.3,34.1,270.0,-1.0,-0.0,34.1,30.3,35.5,1.197,0.1062
25.43,92.54,875.0,7.2,32.5,270.0,-1.0,-0.0,32.5,33.0,34.5,1.185,0.1058
25.43,92.55,931.0,15.1,32.5,0.0,0.0,1.0,32.5,33.0,34.5,1.186,0.2196
25.43,92.56,808.0,15.1,32.4,270.0,-1.0,-0.0,32.4,33.0,34.6,1.187,0.2195
25.43,92.57,787.0,13.9,32.4,270.0,-1.0,-0.0,32.4,33.0,34.6,1.187,0.2024
25.43,92.58,782.0,10.8,32.4,312.1,-0.742,0.6704,32.4,33.0,34.6,1.188,0.1577
25.43,92.59,855.0,9.1,32.3,180.0,0.0,-1.0,32.3,33.0,34.7,1.189,0.133
25.43,92.6,797.0,7.2,32.3,0.0,0.0,1.0,32.3,33.0,34.7,1.19,0.1053
25.43,92.61,770.0,4.2,32.2,270.0,-1.0,-0.0,32.2,33.1,34.7,1.191,0.0615
25.43,92.62,784.0,6.6,32.2,0.0,0.0,1.0,32.2,33.1,34.8,1.192,0.0964
25.43,92.63,731.0,7.5,32.1,180.0,0.0,-1.0,32.1,33.1,34.8,1.193,0.1094
25.43,92.64,791.0,7.5,32.1,180.0,0.0,-1.0,32.1,33.1,34.9,1.194,0.1093
25.43,92.65,734.0,8.9,32.0,90.0,1.0,0.0,32.0,33.1,34.9,1.195,0.1295
25.43,92.66,803.0,8.6,32.0,180.0,0.0,-1.0,32.0,33.1,34.9,1.196,0.125
25.43,92.67,781.0,4.9,31.9,180.0,0.0,-1.0,31.9,33.1,35.0,1.198,0.0713
25.43,92.68,820.0,7.4,31.9,0.0,0.0,1.0,31.9,33.1,35.0,1.198,0.1075
25.43,92.69,761.0,7.4,31.8,0.0,0.0,1.0,31.8,33.1,35.0,1.199,0.1074
25.43,92.7,777.0,4.4,31.8,180.0,0.0,-1.0,31.8,33.1,35.1,1.2,0.0639
25.43,92.71,812.0,12.5,31.8,227.9,-0.742,-0.6704,31.8,33.1,35.1,1.2,0.1804
25.43,92.72,896.0,10.4,31.8,180.0,0.0,-1.0,31.8,33.1,35.1,1.2,0.1504
25.43,92.73,949.0,13.1,31.9,312.1,-0.742,0.6704,31.9,33.0,35.1,1.199,0.189
25.43,92.74,984.0,24.0,32.0,312.1,-0.742,0.6704,32.0,33.0,35.0,1.198,0.3395
25.43,92.75,921.0,29.7,32.0,312.1,-0.742,0.6704,32.0,33.0,35.0,1.197,0.4139
25.43,92.76,781.0,26.2,32.2,270.0,-1.0,-0.0,32.2,32.9,35.0,1.196,0.3692
25.43,92.77,644.0,28.7,32.3,270.0,-1.0,-0.0,32.3,32.8,34.9,1.194,0.4022
25.43,92.78,474.0,33.2,32.4,312.1,-0.742,0.6704,32.4,32.7,34.9,1.192,0.4594
25.43,92.79,582.0,30.3,32.6,270.0,-1.0,-0.0,32.6,32.6,34.8,1.191,0.4236
25.43,92.8,832.0,28.7,32.7,180.0,0.0,-1.0,32.7,32.5,34.8,1.189,0.4039
25.43,92.81,882.0,34.2,32.8,270.0,-1.0,-0.0,32.8,32.4,34.7,1.187,0.4735
25.43,92.82,645.0,27.4,33.0,0.0,0.0,1.0,33.0,32.3,34.7,1.186,0.388
25.43,92.83,679.0,18.2,33.1,227.9,-0.742,-0.6704,33.1,32.2,34.7,1.185,0.2636
25.43,92.84,773.0,18.0,33.3,312.1,-0.742,0.6704,33.3,32.1,34.6,1.183,0.2612
25.43,92.85,741.0,26.5,33.4,312.1,-0.742,0.6704,33.4,31.9,34.6,1.182,0.3775
25.43,92.86,630.0,35.3,33.6,0.0,0.0,1.0,33.6,31.8,34.6,1.181,0.4893
25.43,92.87,307.0,35.3,33.7,0.0,0.0,1.0,33.7,31.7,34.6,1.179,0.4901
25.43,92.88,615.0,34.5,33.9,270.0,-1.0,-0.0,33.9,31.6,34.5,1.178,0.4808
25.43,92.89,549.0,22.4,34.0,227.9,-0.742,-0.6704,34.0,31.5,34.5,1.177,0.3238
25.43,92.9,507.0,15.4,34.1,90.0,1.0,0.0,34.1,31.4,34.4,1.175,0.226
25.43,92.91,537.0,9.3,34.3,47.9,0.742,0.6704,34.3,31.3,34.4,1.174,0.1377
25.43,92.92,519.0,18.7,34.4,47.9,0.742,0.6704,34.4,31.3,34.3,1.173,0.2733
25.43,92.93,481.0,20.8,34.5,90.0,1.0,0.0,34.5,31.3,34.3,1.171,0.3033
25.43,92.94,424.0,11.2,34.5,132.1,0.742,-0.6704,34.5,31.2,34.2,1.171,0.1659
25.43,92.95,377.0,13.2,34.5,0.0,0.0,1.0,34.5,31.2,34.2,1.17,0.1952
25.43,92.96,270.0,14.4,34.5,90.0,1.0,0.0,34.5,31.2,34.3,1.171,0.2124
25.43,92.97,320.0,7.8,34.5,90.0,1.0,0.0,34.5,31.2,34.3,1.172,0.1158
25.43,92.98,292.0,11.8,34.4,0.0,0.0,1.0,34.4,31.2,34.4,1.174,0.1742
25.43,92.99,197.0,11.8,34.3,0.0,0.0,1.0,34.3,31.2,34.5,1.176,0.1739
25.43,93.0,262.0,8.1,34.2,180.0,0.0,-1.0,34.2,31.1,34.7,1.179,0.1195
25.43,93.01,248.0,9.9,34.2,0.0,0.0,1.0,34.2,31.0,34.8,1.182,0.1455
25.43,93.02,168.0,12.9,34.1,312.1,-0.742,0.6704,34.1,31.0,34.9,1.185,0.1884
25.43,93.03,206.0,10.9,34.0,227.9,-0.742,-0.6704,34.0,30.9,35.1,1.188,0.1592
25.43,93.04,161.0,19.2,33.9,270.0,-1.0,-0.0,33.9,30.8,35.2,1.191,0.2761
25.43,93.05,164.0,14.6,33.9,270.0,-1.0,-0.0,33.9,30.7,35.4,1.194,0.2111
25.43,93.06,254.0,11.2,33.8,180.0,0.0,-1.0,33.8,30.7,35.5,1.197,0.1623
25.43,93.07,238.0,10.3,33.7,90.0,1.0,0.0,33.7,30.7,35.7,1.2,0.149
25.43,93.08,211.0,10.8,33.6,180.0,0.0,-1.0,33.6,30.6,35.8,1.202,0.1559
25.43,93.09,298.0,10.8,33.5,180.0,0.0,-1.0,33.5,30.6,35.9,1.205,0.1555
25.43,93.1,305.0,8.2,33.3,312.1,-0.742,0.6704,33.3,30.6,36.0,1.208,0.1181
25.43,93.11,293.0,9.7,33.2,270.0,-1.0,-0.0,33.2,30.7,36.1,1.21,0.1392
25.43,93.12,248.0,6.3,33.2,0.0,0.0,1.0,33.2,30.7,36.2,1.211,0.0906
25.43,93.13,198.0,13.4,33.1,270.0,-1.0,-0.0,33.1,30.7,36.2,1.212,0.1912
25.43,93.14,286.0,16.4,33.1,180.0,0.0,-1.0,33.1,30.6,36.2,1.212,0.233
25.43,93.15,420.0,20.0,33.2,90.0,1.0,0.0,33.2,30.6,36.2,1.212,0.2822
25.43,93.16,374.0,15.4,33.3,90.0,1.0,0.0,33.3,30.6,36.2,1.211,0.2193
25.43,93.17,347.0,10.6,33.4,90.0,1.0,0.0,33.4,30.5,36.1,1.21,0.152
25.43,93.18,305.0,8.7,33.5,47.9,0.742,0.6704,33.5,30.5,36.0,1.208,0.1252
25.43,93.19,305.0,5.8,33.6,90.0,1.0,0.0,33.6,30.4,36.0,1.207,0.0837
25.43,93.2,289.0,5.6,33.7,47.9,0.742,0.6704,33.7,30.4,35.9,1.206,0.0809
25.43,93.21,296.0,5.7,33.8,312.1,-0.742,0.6704,33.8,30.4,35.9,1.205,0.0824
25.43,93.22,290.0,19.5,33.8,227.9,-0.742,-0.6704,33.8,30.4,35.8,1.204,0.2772
25.43,93.23,395.0,27.7,33.9,227.9,-0.742,-0.6704,33.9,30.3,35.8,1.203,0.3864
25.43,93.24,608.0,26.2,33.9,270.0,-1.0,-0.0,33.9,30.3,35.7,1.202,0.3673
25.43,93.25,470.0,22.5,34.0,312.1,-0.742,0.6704,34.0,30.3,35.7,1.201,0.3186
25.43,93.26,414.0,16.9,34.0,312.1,-0.742,0.6704,34.0,30.3,35.7,1.201,0.2421
25.43,93.27,376.0,16.1,34.0,0.0,0.0,1.0,34.0,30.3,35.6,1.2,0.2311
25.43,93.28,244.0,16.1,34.0,0.0,0.0,1.0,34.0,30.4,35.6,1.2,0.2311
25.43,93.29,265.0,4.6,34.1,270.0,-1.0,-0.0,34.1,30.4,35.6,1.199,0.0669
25.43,93.3,286.0,3.5,34.1,180.0,0.0,-1.0,34.1,30.4,35.5,1.199,0.0509
25.44,92.54,811.0,10.0,32.5,227.9,-0.742,-0.6704,32.5,33.0,34.6,1.186,0.1464
25.44,92.55,804.0,14.1,32.4,270.0,-1.0,-0.0,32.4,33.0,34.6,1.187,0.2052
25.44,92.56,757.0,14.3,32.4,312.1,-0.742,0.6704,32.4,33.0,34.6,1.188,0.2079
25.44,92.57,806.0,6.1,32.3,180.0,0.0,-1.0,32.3,33.0,34.7,1.189,0.0894
25.44,92.58,775.0,6.7,32.3,227.9,-0.742,-0.6704,32.3,33.0,34.7,1.189,0.0981
25.44,92.59,825.0,9.0,32.3,270.0,-1.0,-0.0,32.3,33.0,34.7,1.19,0.1315
25.44,92.6,765.0,7.5,32.2,312.1,-0.742,0.6704,32.2,33.0,34.8,1.191,0.1096
25.44,92.61,733.0,8.5,32.1,180.0,0.0,-1.0,32.1,33.1,34.8,1.193,0.1239
25.44,92.62,801.0,8.5,32.1,180.0,0.0,-1.0,32.1,33.1,34.8,1.194,0.1238
25.44,92.63,744.0,7.1,32.0,0.0,0.0,1.0,32.0,33.1,34.9,1.195,0.1034
25.44,92.64,765.0,6.0,32.0,180.0,0.0,-1.0,32.0,33.1,34.9,1.196,0.0874
25.44,92.65,813.0,8.9,31.9,90.0,1.0,0.0,31.9,33.1,35.0,1.198,0.1291
25.44,92.66,766.0,6.0,31.8,90.0,1.0,0.0,31.8,33.1,35.0,1.199,0.0872
25.44,92.67,789.0,8.7,31.8,312.1,-0.742,0.6704,31.8,33.1,35.1,1.2,0.1261
25.44,92.68,790.0,11.8,31.7,270.0,-1.0,-0.0,31.7,33.1,35.1,1.201,0.1703
25.44,92.69,782.0,14.8,31.7,270.0,-1.0,-0.0,31.7,33.1,35.2,1.202,0.2125
25.44,92.7,779.0,13.5,31.7,270.0,-1.0,-0.0,31.7,33.1,35.2,1.203,0.1941
25.44,92.71,803.0,13.4,31.6,270.0,-1.0,-0.0,31.6,33.1,35.2,1.203,0.1926
25.44,92.72,835.0,13.9,31.7,180.0,0.0,-1.0,31.7,33.1,35.2,1.203,0.1997
25.44,92.73,948.0,22.2,31.7,312.1,-0.742,0.6704,31.7,33.1,35.2,1.203,0.3141
25.44,92.74,791.0,21.5,31.8,312.1,-0.742,0.6704,31.8,33.0,35.2,1.202,0.3049
25.44,92.75,681.0,25.4,31.9,270.0,-1.0,-0.0,31.9,33.0,35.1,1.2,0.3574
25.44,92.76,533.0,29.7,32.0,312.1,-0.742,0.6704,32.0,32.9,35.1,1.199,0.4132
25.44,92.77,568.0,17.4,32.1,312.1,-0.742,0.6704,32.1,32.8,35.0,1.197,0.2498
25.44,92.78,442.0,16.5,32.3,312.1,-0.742,0.6704,32.3,32.8,35.0,1.195,0.2377
25.44,92.79,557.0,22.5,32.4,180.0,0.0,-1.0,32.4,32.7,34.9,1.193,0.3208
25.44,92.8,746.0,27.9,32.6,312.1,-0.742,0.6704,32.6,32.5,34.9,1.191,0.3929
25.44,92.81,539.0,34.2,32.8,270.0,-1.0,-0.0,32.8,32.4,34.8,1.189,0.4727
25.44,92.82,455.0,32.1,32.9,312.1,-0.742,0.6704,32.9,32.3,34.8,1.188,0.4473
25.44,92.83,622.0,20.1,33.1,180.0,0.0,-1.0,33.1,32.2,34.7,1.186,0.2898
25.44,92.84,738.0,32.8,33.2,312.1,-0.742,0.6704,33.2,32.1,34.7,1.185,0.4571
25.44,92.85,552.0,26.5,33.4,270.0,-1.0,-0.0,33.4,32.0,34.7,1.183,0.3772
25.44,92.86,401.0,26.5,33.5,312.1,-0.742,0.6704,33.5,31.8,34.6,1.182,0.3775
25.44,92.87,247.0,29.4,33.7,312.1,-0.742,0.6704,33.7,31.7,34.6,1.18,0.416
25.44,92.88,268.0,35.8,33.8,180.0,0.0,-1.0,33.8,31.6,34.6,1.179,0.4961
25.44,92.89,597.0,35.8,34.0,180.0,0.0,-1.0,34.0,31.5,34.5,1.178,0.4966
25.44,92.9,646.0,24.7,34.1,270.0,-1.0,-0.0,34.1,31.4,34.5,1.176,0.3553
25.44,92.91,554.0,14.3,34.2,270.0,-1.0,-0.0,34.2,31.4,34.4,1.175,0.2102
25.44,92.92,551.0,11.3,34.3,0.0,0.0,1.0,34.3,31.3,34.4,1.173,0.167
25.44,92.93,460.0,15.7,34.4,0.0,0.0,1.0,34.4,31.3,34.3,1.172,0.2309
25.44,92.94,332.0,15.7,34.5,0.0,0.0,1.0,34.5,31.2,34.3,1.171,0.2311
25.44,92.95,329.0,8.8,34.5,180.0,0.0,-1.0,34.5,31.2,34.3,1.171,0.1306
25.44,92.96,400.0,14.4,34.5,90.0,1.0,0.0,34.5,31.2,34.3,1.172,0.2122
25.44,92.97,313.0,10.8,34.4,0.0,0.0,1.0,34.4,31.2,34.4,1.173,0.1597
25.44,92.98,294.0,8.1,34.4,47.9,0.742,0.6704,34.4,31.2,34.4,1.175,0.1199
25.44,92.99,286.0,10.0,34.3,90.0,1.0,0.0,34.3,31.2,34.6,1.177,0.1475
25.44,93.0,265.0,10.0,34.2,312.1,-0.742,0.6704,34.2,31.1,34.7,1.18,0.1472
25.44,93.01,198.0,8.4,34.1,0.0,0.0,1.0,34.1,31.1,34.9,1.184,0.1234
25.44,93.02,154.0,7.9,34.0,312.1,-0.742,0.6704,34.0,31.0,35.0,1.187,0.1158
25.44,93.03,184.0,4.4,33.9,180.0,0.0,-1.0,33.9,30.9,35.2,1.19,0.0645
25.44,93.04,219.0,6.6,33.8,90.0,1.0,0.0,33.8,30.9,35.3,1.194,0.0963
25.44,93.05,227.0,7.1,33.7,90.0,1.0,0.0,33.7,30.8,35.5,1.197,0.1033
25.44,93.06,220.0,13.6,33.6,180.0,0.0,-1.0,33.6,30.8,35.6,1.2,0.196
25.44,93.07,330.0,14.1,33.4,0.0,0.0,1.0,33.4,30.8,35.8,1.204,0.2023
25.44,93.08,215.0,14.1,33.2,0.0,0.0,1.0,33.2,30.8,36.0,1.207,0.2018
25.44,93.09,299.0,10.4,33.1,180.0,0.0,-1.0,33.1,30.8,36.1,1.211,0.1491
25.44,93.1,302.0,11.8,32.9,0.0,0.0,1.0,32.9,30.8,36.3,1.214,0.1684
25.44,93.11,207.0,11.8,32.7,0.0,0.0,1.0,32.7,30.9,36.4,1.217,0.168
25.44,93.12,201.0,7.7,32.6,312.1,-0.742,0.6704,32.6,30.9,36.5,1.219,0.1099
25.44,93.13,252.0,6.7,32.6,270.0,-1.0,-0.0,32.6,30.9,36.5,1.22,0.0956
25.44,93.14,256.0,13.6,32.6,227.9,-0.742,-0.6704,32.6,30.9,36.5,1.22,0.1927
25.44,93.15,266.0,17.0,32.7,270.0,-1.0,-0.0,32.7,30.9,36.5,1.219,0.2398
25.44,93.16,281.0,15.7,32.8,180.0,0.0,-1.0,32.8,30.8,36.4,1.217,0.2224
25.44,93.17,409.0,18.8,33.0,270.0,-1.0,-0.0,33.0,30.7,36.3,1.216,0.265
25.44,93.18,352.0,12.8,33.1,270.0,-1.0,-0.0,33.1,30.7,36.2,1.214,0.1825
25.44,93.19,356.0,13.3,33.3,270.0,-1.0,-0.0,33.3,30.6,36.1,1.212,0.1898
25.44,93.2,293.0,7.9,33.4,0.0,0.0,1.0,33.4,30.5,36.0,1.21,0.1136
25.44,93.21,280.0,6.5,33.5,0.0,0.0,1.0,33.5,30.5,36.0,1.208,0.0937
25.44,93.22,228.0,13.8,33.6,227.9,-0.742,-0.6704,33.6,30.5,35.9,1.207,0.1976
25.44,93.23,300.0,24.4,33.7,227.9,-0.742,-0.6704,33.7,30.4,35.8,1.205,0.3428
25.44,93.24,360.0,26.2,33.8,270.0,-1.0,-0.0,33.8,30.4,35.8,1.204,0.3667
25.44,93.25,451.0,23.0,33.9,270.0,-1.0,-0.0,33.9,30.4,35.7,1.203,0.3248
25.44,93.26,269.0,21.7,33.9,0.0,0.0,1.0,33.9,30.4,35.7,1.203,0.3074
25.44,93.27,353.0,12.9,33.9,270.0,-1.0,-0.0,33.9,30.4,35.7,1.202,0.1857
25.44,93.28,277.0,9.5,34.0,0.0,0.0,1.0,34.0,30.4,35.6,1.201,0.1374
25.44,93.29,263.0,3.5,34.0,270.0,-1.0,-0.0,34.0,30.4,35.6,1.201,0.0508
25.45,92.55,783.0,47.3,32.4,270.0,-1.0,-0.0,32.4,33.0,34.6,1.188,0.6186
25.45,92.56,734.0,44.6,32.3,270.0,-1.0,-0.0,32.3,33.0,34.7,1.189,0.5905
25.45,92.57,829.0,49.6,32.3,270.0,-1.0,-0.0,32.3,33.0,34.7,1.19,0.6399
25.45,92.58,804.0,48.3,32.2,270.0,-1.0,-0.0,32.2,33.0,34.7,1.191,0.6269
25.45,92.59,745.0,45.2,32.2,270.0,-1.0,-0.0,32.2,33.0,34.8,1.192,0.5953
25.45,92.6,740.0,44.9,32.1,270.0,-1.0,-0.0,32.1,33.0,34.8,1.193,0.5917
25.45,92.61,797.0,48.0,32.1,270.0,-1.0,-0.0,32.1,33.0,34.9,1.194,0.6224
25.45,92.62,782.0,47.2,32.0,270.0,-1.0,-0.0,32.0,33.1,34.9,1.196,0.6135
25.45,92.63,768.0,46.5,31.9,270.0,-1.0,-0.0,31.9,33.1,35.0,1.197,0.606
25.45,92.64,814.0,48.8,31.9,270.0,-1.0,-0.0,31.9,33.1,35.0,1.199,0.6275
25.45,92.65,788.0,47.5,31.8,270.0,-1.0,-0.0,31.8,33.1,35.1,1.2,0.6144
25.45,92.66,819.0,49.1,31.7,270.0,-1.0,-0.0,31.7,33.1,35.2,1.202,0.6288
25.45,92.67,749.0,45.4,31.6,270.0,-1.0,-0.0,31.6,33.2,35.2,1.203,0.5919
25.45,92.68,685.0,41.6,31.6,270.0,-1.0,-0.0,31.6,33.2,35.3,1.204,0.5514
25.45,92.69,649.0,39.2,31.5,270.0,-1.0,-0.0,31.5,33.2,35.3,1.205,0.5245
25.45,92.7,658.0,39.8,31.5,270.0,-1.0,-0.0,31.5,33.2,35.3,1.206,0.5308
25.45,92.71,683.0,41.5,31.5,270.0,-1.0,-0.0,31.5,33.2,35.3,1.206,0.5494
25.45,92.72,767.0,46.4,31.5,270.0,-1.0,-0.0,31.5,33.2,35.3,1.206,0.6005
25.45,92.73,802.0,48.2,31.5,270.0,-1.0,-0.0,31.5,33.1,35.3,1.206,0.6181
25.45,92.74,671.0,40.7,31.6,270.0,-1.0,-0.0,31.6,33.1,35.3,1.205,0.5412
25.45,92.75,523.0,29.5,31.7,270.0,-1.0,-0.0,31.7,33.0,35.3,1.203,0.4093
25.45,92.76,536.0,30.7,31.8,270.0,-1.0,-0.0,31.8,33.0,35.2,1.202,0.4247
25.45,92.77,480.0,25.7,32.0,270.0,-1.0,-0.0,32.0,32.9,35.1,1.2,0.3614
25.45,92.78,388.0,21.2,32.1,180.0,0.0,-1.0,32.1,32.8,35.1,1.198,0.3019
25.45,92.79,565.0,33.0,32.3,270.0,-1.0,-0.0,32.3,32.7,35.0,1.195,0.4558
25.45,92.8,543.0,31.2,32.5,270.0,-1.0,-0.0,32.5,32.6,34.9,1.193,0.4342
25.45,92.81,385.0,27.9,32.7,312.1,-0.742,0.6704,32.7,32.5,34.9,1.191,0.3929
25.45,92.82,460.0,23.8,32.8,270.0,-1.0,-0.0,32.8,32.3,34.8,1.189,0.3394
25.45,92.83,491.0,26.7,33.0,270.0,-1.0,-0.0,33.0,32.2,34.8,1.188,0.3782
25.45,92.84,426.0,31.7,33.2,270.0,-1.0,-0.0,33.2,32.1,34.8,1.186,0.4431
25.45,92.85,300.0,32.8,33.3,312.1,-0.742,0.6704,33.3,32.0,34.7,1.184,0.4575
25.45,92.86,327.0,18.3,33.5,312.1,-0.742,0.6704,33.5,31.8,34.7,1.183,0.2654
25.45,92.87,468.0,28.4,33.6,0.0,0.0,1.0,33.6,31.7,34.6,1.182,0.4024
25.45,92.88,221.0,28.9,33.8,227.9,-0.742,-0.6704,33.8,31.6,34.6,1.18,0.4096
25.45,92.89,415.0,23.0,33.9,180.0,0.0,-1.0,33.9,31.5,34.6,1.179,0.3314
25.45,92.9,414.0,24.7,34.0,270.0,-1.0,-0.0,34.0,31.4,34.5,1.177,0.355
25.45,92.91,425.0,20.4,34.2,270.0,-1.0,-0.0,34.2,31.4,34.5,1.176,0.2964
25.45,92.92,497.0,27.3,34.3,270.0,-1.0,-0.0,34.3,31.3,34.4,1.175,0.3903
25.45,92.93,455.0,23.4,34.3,270.0,-1.0,-0.0,34.3,31.3,34.4,1.174,0.3383
25.45,92.94,392.0,17.1,34.4,270.0,-1.0,-0.0,34.4,31.3,34.3,1.173,0.2507
25.45,92.95,368.0,14.6,34.4,270.0,-1.0,-0.0,34.4,31.2,34.3,1.173,0.2149
25.45,92.96,364.0,14.1,34.4,270.0,-1.0,-0.0,34.4,31.2,34.4,1.173,0.2077
25.45,92.97,289.0,9.3,34.3,0.0,0.0,1.0,34.3,31.2,34.4,1.175,0.1375
25.45,92.98,297.0,6.8,34.3,270.0,-1.0,-0.0,34.3,31.2,34.5,1.176,0.1007
25.45,92.99,320.0,17.1,34.2,0.0,0.0,1.0,34.2,31.2,34.6,1.179,0.2494
25.45,93.0,180.0,17.1,34.1,0.0,0.0,1.0,34.1,31.1,34.8,1.182,0.2488
25.45,93.01,145.0,10.3,34.0,90.0,1.0,0.0,34.0,31.1,34.9,1.185,0.1509
25.45,93.02,221.0,9.5,33.9,180.0,0.0,-1.0,33.9,31.0,35.1,1.189,0.1388
25.45,93.03,214.0,5.0,33.8,132.1,0.742,-0.6704,33.8,31.0,35.3,1.192,0.0731
25.45,93.04,200.0,4.2,33.6,90.0,1.0,0.0,33.6,30.9,35.4,1.196,0.0612
25.45,93.05,185.0,5.9,33.5,90.0,1.0,0.0,33.5,30.9,35.6,1.2,0.0857
25.45,93.06,231.0,8.3,33.3,227.9,-0.742,-0.6704,33.3,30.9,35.8,1.204,0.1199
25.45,93.07,225.0,11.8,33.1,270.0,-1.0,-0.0,33.1,30.9,36.0,1.208,0.1693
25.45,93.08,228.0,8.5,32.9,312.1,-0.742,0.6704,32.9,30.9,36.1,1.212,0.122
25.45,93.09,250.0,5.5,32.7,270.0,-1.0,-0.0,32.7,31.0,36.3,1.217,0.0788
25.45,93.1,256.0,5.2,32.5,270.0,-1.0,-0.0,32.5,31.0,36.5,1.221,0.0742
25.45,93.11,225.0,6.5,32.3,312.1,-0.742,0.6704,32.3,31.1,36.6,1.224,0.0925
25.45,93.12,204.0,4.0,32.1,227.9,-0.742,-0.6704,32.1,31.1,36.8,1.227,0.0569
25.45,93.13,193.0,6.7,32.1,270.0,-1.0,-0.0,32.1,31.2,36.8,1.228,0.095
25.45,93.14,237.0,5.5,32.1,180.0,0.0,-1.0,32.1,31.1,36.8,1.227,0.0781
25.45,93.15,192.0,3.7,32.2,227.9,-0.742,-0.6704,32.2,31.1,36.7,1.226,0.0526
25.45,93.16,239.0,14.2,32.4,227.9,-0.742,-0.6704,32.4,31.0,36.6,1.224,0.2004
25.45,93.17,370.0,18.8,32.6,270.0,-1.0,-0.0,32.6,30.9,36.5,1.221,0.2639
25.45,93.18,413.0,14.2,32.8,312.1,-0.742,0.6704,32.8,30.8,36.4,1.218,0.2014
25.45,93.19,385.0,13.3,33.0,270.0,-1.0,-0.0,33.0,30.7,36.3,1.216,0.1892
25.45,93.2,307.0,9.9,33.2,312.1,-0.742,0.6704,33.2,30.7,36.2,1.213,0.1417
25.45,93.21,284.0,4.9,33.3,270.0,-1.0,-0.0,33.3,30.6,36.1,1.211,0.0705
25.45,93.22,292.0,5.3,33.5,227.9,-0.742,-0.6704,33.5,30.6,36.0,1.21,0.0763
25.45,93.23,280.0,10.2,33.6,227.9,-0.742,-0.6704,33.6,30.5,35.9,1.208,0.1466
25.45,93.24,268.0,17.5,33.7,227.9,-0.742,-0.6704,33.7,30.5,35.8,1.207,0.2491
25.45,93.25,216.0,23.0,33.7,270.0,-1.0,-0.0,33.7,30.5,35.8,1.205,0.3243
25.45,93.26,438.0,17.5,33.8,312.1,-0.742,0.6704,33.8,30.5,35.7,1.204,0.2498
25.45,93.27,568.0,12.9,33.8,270.0,-1.0,-0.0,33.8,30.4,35.7,1.204,0.1854
25.45,93.28,413.0,9.7,33.9,312.1,-0.742,0.6704,33.9,30.4,35.7,1.203,0.1401
25.45,93.29,411.0,3.5,33.9,312.1,-0.742,0.6704,33.9,30.5,35.6,1.202,0.0508
25.46,92.55,818.0,47.3,32.3,270.0,-1.0,-0.0,32.3,33.0,34.7,1.189,0.6181
25.46,92.56,757.0,44.6,32.3,270.0,-1.0,-0.0,32.3,33.0,34.7,1.19,0.59
25.46,92.57,806.0,49.6,32.3,270.0,-1.0,-0.0,32.3,33.0,34.8,1.191,0.6394
25.46,92.58,794.0,48.3,32.2,270.0,-1.0,-0.0,32.2,33.0,34.8,1.192,0.6264
25.46,92.59,741.0,45.2,32.1,270.0,-1.0,-0.0,32.1,33.0,34.8,1.193,0.5948
25.46,92.6,734.0,44.9,32.1,270.0,-1.0,-0.0,32.1,33.0,34.9,1.194,0.5912
25.46,92.61,748.0,48.0,32.0,270.0,-1.0,-0.0,32.0,33.0,34.9,1.196,0.6214
25.46,92.62,742.0,47.2,31.9,270.0,-1.0,-0.0,31.9,33.1,35.0,1.197,0.613
25.46,92.63,753.0,46.5,31.9,270.0,-1.0,-0.0,31.9,33.1,35.1,1.199,0.605
25.46,92.64,772.0,48.8,31.8,270.0,-1.0,-0.0,31.8,33.1,35.1,1.2,0.627
25.46,92.65,771.0,47.5,31.7,270.0,-1.0,-0.0,31.7,33.1,35.2,1.202,0.6134
25.46,92.66,696.0,49.1,31.6,270.0,-1.0,-0.0,31.6,33.2,35.2,1.204,0.6278
25.46,92.67,636.0,45.4,31.5,270.0,-1.0,-0.0,31.5,33.2,35.3,1.205,0.5909
25.46,92.68,633.0,41.6,31.4,270.0,-1.0,-0.0,31.4,33.2,35.4,1.207,0.5501
25.46,92.69,650.0,39.2,31.4,270.0,-1.0,-0.0,31.4,33.2,35.4,1.208,0.5232
25.46,92.7,632.0,39.8,31.3,270.0,-1.0,-0.0,31.3,33.2,35.4,1.209,0.5295
25.46,92.71,663.0,41.5,31.3,270.0,-1.0,-0.0,31.3,33.2,35.5,1.21,0.5476
25.46,92.72,643.0,46.4,31.3,270.0,-1.0,-0.0,31.3,33.2,35.5,1.21,0.5985
25.46,92.73,757.0,48.2,31.3,270.0,-1.0,-0.0,31.3,33.2,35.5,1.209,0.6166
25.46,92.74,663.0,40.7,31.4,270.0,-1.0,-0.0,31.4,33.2,35.4,1.208,0.5398
25.46,92.75,530.0,32.5,31.5,312.1,-0.742,0.6704,31.5,33.1,35.4,1.207,0.4452
25.46,92.76,439.0,30.7,31.7,270.0,-1.0,-0.0,31.7,33.0,35.3,1.205,0.4237
25.46,92.77,410.0,25.7,31.8,270.0,-1.0,-0.0,31.8,32.9,35.2,1.202,0.3608
25.46,92.78,358.0,25.7,32.0,227.9,-0.742,-0.6704,32.0,32.8,35.2,1.2,0.3614
25.46,92.79,346.0,33.0,32.2,270.0,-1.0,-0.0,32.2,32.7,35.1,1.198,0.4546
25.46,92.8,421.0,31.2,32.4,270.0,-1.0,-0.0,32.4,32.6,35.0,1.195,0.4335
25.46,92.81,397.0,24.2,32.6,312.1,-0.742,0.6704,32.6,32.5,35.0,1.193,0.3436
25.46,92.82,353.0,23.8,32.7,270.0,-1.0,-0.0,32.7,32.4,34.9,1.191,0.3388
25.46,92.83,361.0,26.7,32.9,270.0,-1.0,-0.0,32.9,32.2,34.9,1.189,0.3779
25.46,92.84,389.0,20.5,33.1,270.0,-1.0,-0.0,33.1,32.1,34.8,1.187,0.295
25.46,92.85,598.0,15.5,33.3,312.1,-0.742,0.6704,33.3,32.0,34.8,1.186,0.2253
25.46,92.86,545.0,18.8,33.4,227.9,-0.742,-0.6704,33.4,31.9,34.7,1.184,0.2722
25.46,92.87,593.0,24.6,33.6,270.0,-1.0,-0.0,33.6,31.8,34.7,1.183,0.3519
25.46,92.88,348.0,18.8,33.7,312.1,-0.742,0.6704,33.7,31.6,34.7,1.181,0.2729
25.46,92.89,331.0,19.4,33.8,270.0,-1.0,-0.0,33.8,31.6,34.6,1.18,0.2815
25.46,92.9,325.0,19.3,34.0,270.0,-1.0,-0.0,34.0,31.5,34.6,1.179,0.2803
25.46,92.91,224.0,20.9,34.1,227.9,-0.742,-0.6704,34.1,31.4,34.5,1.177,0.3031
25.46,92.92,234.0,27.3,34.2,270.0,-1.0,-0.0,34.2,31.3,34.5,1.176,0.39
25.46,92.93,233.0,23.4,34.2,270.0,-1.0,-0.0,34.2,31.3,34.4,1.175,0.338
25.46,92.94,257.0,17.8,34.3,312.1,-0.742,0.6704,34.3,31.3,34.4,1.175,0.2602
25.46,92.95,191.0,14.6,34.3,270.0,-1.0,-0.0,34.3,31.3,34.4,1.175,0.2145
25.46,92.96,198.0,14.1,34.3,270.0,-1.0,-0.0,34.3,31.2,34.5,1.175,0.2073
25.46,92.97,224.0,10.6,34.3,312.1,-0.742,0.6704,34.3,31.2,34.5,1.177,0.1563
25.46,92.98,245.0,7.0,34.2,227.9,-0.742,-0.6704,34.2,31.2,34.6,1.179,0.1034
25.46,92.99,237.0,9.3,34.1,270.0,-1.0,-0.0,34.1,31.2,34.7,1.181,0.1368
25.46,93.0,197.0,7.7,34.0,47.9,0.742,0.6704,34.0,31.1,34.9,1.184,0.1132
25.46,93.01,219.0,10.3,33.9,90.0,1.0,0.0,33.9,31.1,35.0,1.187,0.1506
25.46,93.02,204.0,7.7,33.8,132.1,0.742,-0.6704,33.8,31.0,35.2,1.191,0.1125
25.46,93.03,215.0,3.5,33.6,47.9,0.742,0.6704,33.6,31.0,35.3,1.195,0.0511
25.46,93.04,243.0,4.4,33.5,47.9,0.742,0.6704,33.5,31.0,35.5,1.199,0.064
25.46,93.05,256.0,5.9,33.3,90.0,1.0,0.0,33.3,31.0,35.7,1.203,0.0854
25.46,93.06,251.0,4.4,33.1,132.1,0.742,-0.6704,33.1,31.0,35.9,1.208,0.0635
25.46,93.07,221.0,3.5,32.9,90.0,1.0,0.0,32.9,31.0,36.1,1.212,0.0504
25.46,93.08,218.0,3.5,32.6,227.9,-0.742,-0.6704,32.6,31.1,36.3,1.217,0.0502
25.46,93.09,261.0,3.5,32.3,227.9,-0.742,-0.6704,32.3,31.1,36.5,1.222,0.05
25.46,93.1,204.0,3.5,32.1,270.0,-1.0,-0.0,32.1,31.2,36.7,1.227,0.0498
25.46,93.11,260.0,3.5,31.8,47.9,0.742,0.6704,31.8,31.3,36.9,1.231,0.0496
25.46,93.12,174.0,3.7,31.6,90.0,1.0,0.0,31.6,31.3,37.0,1.234,0.0523
25.46,93.13,187.0,5.0,31.6,90.0,1.0,0.0,31.6,31.4,37.1,1.235,0.0706
25.46,93.14,219.0,3.7,31.6,132.1,0.742,-0.6704,31.6,31.3,37.1,1.234,0.0523
25.46,93.15,169.0,3.5,31.8,180.0,0.0,-1.0,31.8,31.3,37.0,1.232,0.0496
25.46,93.16,201.0,3.5,32.0,180.0,0.0,-1.0,32.0,31.2,36.8,1.23,0.0496
25.46,93.17,271.0,3.5,32.2,180.0,0.0,-1.0,32.2,31.1,36.7,1.226,0.0498
25.46,93.18,277.0,3.5,32.5,180.0,0.0,-1.0,32.5,31.0,36.5,1.223,0.0499
25.46,93.19,472.0,3.5,32.8,180.0,0.0,-1.0,32.8,30.9,36.4,1.22,0.05
25.46,93.2,457.0,3.5,33.0,180.0,0.0,-1.0,33.0,30.8,36.3,1.217,0.0502
25.46,93.21,307.0,3.5,33.2,180.0,0.0,-1.0,33.2,30.7,36.2,1.214,0.0503
25.46,93.22,342.0,3.5,33.3,180.0,0.0,-1.0,33.3,30.6,36.1,1.212,0.0504
25.46,93.23,296.0,3.5,33.4,180.0,0.0,-1.0,33.4,30.6,36.0,1.21,0.0505
25.46,93.24,208.0,3.5,33.6,180.0,0.0,-1.0,33.6,30.5,35.9,1.209,0.0505
25.46,93.25,234.0,3.5,33.6,180.0,0.0,-1.0,33.6,30.5,35.8,1.207,0.0506
25.46,93.26,430.0,3.5,33.7,180.0,0.0,-1.0,33.7,30.5,35.8,1.206,0.0506
25.46,93.27,661.0,3.5,33.8,180.0,0.0,-1.0,33.8,30.5,35.7,1.205,0.0507
25.46,93.28,605.0,3.5,33.8,180.0,0.0,-1.0,33.8,30.5,35.7,1.204,0.0507
25.46,93.29,534.0,3.5,33.9,180.0,0.0,-1.0,33.9,30.5,35.7,1.203,0.0507
25.47,92.56,745.0,3.5,32.3,180.0,0.0,-1.0,32.3,33.0,34.8,1.191,0.0513
25.47,92.57,764.0,3.5,32.2,180.0,0.0,-1.0,32.2,33.0,34.8,1.192,0.0512
25.47,92.58,742.0,3.5,32.2,180.0,0.0,-1.0,32.2,33.0,34.9,1.193,0.0512
25.47,92.59,730.0,3.5,32.1,180.0,0.0,-1.0,32.1,33.0,34.9,1.194,0.0511
25.47,92.6,750.0,3.5,32.0,180.0,0.0,-1.0,32.0,33.0,35.0,1.196,0.051
25.47,92.61,727.0,3.5,31.9,180.0,0.0,-1.0,31.9,33.0,35.0,1.197,0.051
25.47,92.62,730.0,3.5,31.9,180.0,0.0,-1.0,31.9,33.1,35.1,1.199,0.0509
25.47,92.63,746.0,3.5,31.8,180.0,0.0,-1.0,31.8,33.1,35.1,1.2,0.0509
25.47,92.64,776.0,3.5,31.7,180.0,0.0,-1.0,31.7,33.1,35.2,1.202,0.0508
25.47,92.65,770.0,3.5,31.6,180.0,0.0,-1.0,31.6,33.2,35.3,1.204,0.0507
25.47,92.66,680.0,3.5,31.5,180.0,0.0,-1.0,31.5,33.2,35.3,1.206,0.0506
25.47,92.67,642.0,3.5,31.4,180.0,0.0,-1.0,31.4,33.2,35.4,1.208,0.0505
25.47,92.68,614.0,3.5,31.3,180.0,0.0,-1.0,31.3,33.2,35.5,1.209,0.0505
25.47,92.69,608.0,3.5,31.2,180.0,0.0,-1.0,31.2,33.3,35.5,1.211,0.0504
25.47,92.7,610.0,3.5,31.2,180.0,0.0,-1.0,31.2,33.3,35.6,1.212,0.0504
25.47,92.71,628.0,3.5,31.1,180.0,0.0,-1.0,31.1,33.3,35.6,1.213,0.0503
25.47,92.72,635.0,3.5,31.1,180.0,0.0,-1.0,31.1,33.3,35.6,1.213,0.0503
25.47,92.73,697.0,3.5,31.2,180.0,0.0,-1.0,31.2,33.3,35.6,1.212,0.0504
25.47,92.74,580.0,3.5,31.2,180.0,0.0,-1.0,31.2,33.2,35.5,1.211,0.0504
25.47,92.75,587.0,3.5,31.4,180.0,0.0,-1.0,31.4,33.2,35.5,1.209,0.0505
25.47,92.76,556.0,3.5,31.5,180.0,0.0,-1.0,31.5,33.1,35.4,1.207,0.0506
25.47,92.77,518.0,3.5,31.7,180.0,0.0,-1.0,31.7,33.0,35.3,1.205,0.0507
25.47,92.78,470.0,3.5,31.9,180.0,0.0,-1.0,31.9,32.9,35.3,1.202,0.0508
25.47,92.79,353.0,3.5,32.1,180.0,0.0,-1.0,32.1,32.8,35.2,1.2,0.0509
25.47,92.8,389.0,3.5,32.3,180.0,0.0,-1.0,32.3,32.6,35.1,1.197,0.051
25.47,92.81,382.0,3.5,32.5,180.0,0.0,-1.0,32.5,32.5,35.0,1.195,0.0511
25.47,92.82,364.0,3.5,32.6,180.0,0.0,-1.0,32.6,32.4,35.0,1.193,0.0512
25.47,92.83,484.0,3.5,32.8,180.0,0.0,-1.0,32.8,32.3,34.9,1.191,0.0513
25.47,92.84,369.0,3.5,33.0,180.0,0.0,-1.0,33.0,32.1,34.9,1.189,0.0513
25.47,92.85,606.0,3.5,33.2,180.0,0.0,-1.0,33.2,32.0,34.8,1.187,0.0514
25.47,92.86,578.0,3.5,33.3,180.0,0.0,-1.0,33.3,31.9,34.8,1.185,0.0515
25.47,92.87,466.0,3.5,33.5,180.0,0.0,-1.0,33.5,31.8,34.7,1.184,0.0516
25.47,92.88,365.0,3.5,33.6,180.0,0.0,-1.0,33.6,31.7,34.7,1.183,0.0516
25.47,92.89,557.0,3.5,33.8,180.0,0.0,-1.0,33.8,31.6,34.7,1.181,0.0517
25.47,92.9,560.0,3.5,33.9,180.0,0.0,-1.0,33.9,31.5,34.6,1.18,0.0517
25.47,92.91,505.0,3.5,34.0,180.0,0.0,-1.0,34.0,31.4,34.6,1.179,0.0518
25.47,92.92,477.0,3.5,34.1,180.0,0.0,-1.0,34.1,31.4,34.6,1.178,0.0518
25.47,92.93,287.0,3.5,34.1,180.0,0.0,-1.0,34.1,31.3,34.5,1.177,0.0519
25.47,92.94,407.0,3.5,34.2,180.0,0.0,-1.0,34.2,31.3,34.5,1.177,0.0519
25.47,92.95,403.0,3.5,34.2,180.0,0.0,-1.0,34.2,31.3,34.5,1.177,0.0519
25.47,92.96,194.0,3.5,34.2,180.0,0.0,-1.0,34.2,31.3,34.6,1.178,0.0518
25.47,92.97,287.0,3.5,34.1,180.0,0.0,-1.0,34.1,31.2,34.6,1.179,0.0518
25.47,92.98,259.0,3.5,34.1,180.0,0.0,-1.0,34.1,31.2,34.7,1.181,0.0517
25.47,92.99,144.0,3.5,34.0,180.0,0.0,-1.0,34.0,31.2,34.8,1.183,0.0516
25.47,93.0,165.0,3.5,33.9,180.0,0.0,-1.0,33.9,31.1,34.9,1.186,0.0515
25.47,93.01,220.0,3.5,33.8,180.0,0.0,-1.0,33.8,31.1,35.1,1.19,0.0513
25.47,93.02,261.0,3.5,33.7,180.0,0.0,-1.0,33.7,31.1,35.3,1.193,0.0512
25.47,93.03,243.0,3.5,33.5,180.0,0.0,-1.0,33.5,31.0,35.4,1.197,0.051
25.47,93.04,194.0,3.5,33.4,180.0,0.0,-1.0,33.4,31.0,35.6,1.201,0.0508
25.47,93.05,214.0,3.5,33.2,180.0,0.0,-1.0,33.2,31.0,35.8,1.206,0.0506
25.47,93.06,170.0,3.5,32.9,180.0,0.0,-1.0,32.9,31.0,36.0,1.211,0.0504
25.47,93.07,197.0,3.5,32.7,180.0,0.0,-1.0,32.7,31.1,36.2,1.216,0.0502
25.47,93.08,180.0,3.5,32.4,180.0,0.0,-1.0,32.4,31.2,36.5,1.221,0.05
25.47,93.09,217.0,3.5,32.0,180.0,0.0,-1.0,32.0,31.2,36.7,1.227,0.0498
25.47,93.1,189.0,3.5,31.7,180.0,0.0,-1.0,31.7,31.3,37.0,1.232,0.0496
25.47,93.11,241.0,3.5,31.4,180.0,0.0,-1.0,31.4,31.4,37.2,1.237,0.0494
25.47,93.12,175.0,3.5,31.2,180.0,0.0,-1.0,31.2,31.5,37.3,1.24,0.0492
25.47,93.13,247.0,3.5,31.1,180.0,0.0,-1.0,31.1,31.5,37.3,1.241,0.0492
25.47,93.14,208.0,3.5,31.2,180.0,0.0,-1.0,31.2,31.5,37.3,1.24,0.0492
25.47,93.15,174.0,3.5,31.4,180.0,0.0,-1.0,31.4,31.4,37.2,1.238,0.0493
25.47,93.16,186.0,3.5,31.6,180.0,0.0,-1.0,31.6,31.3,37.0,1.234,0.0495
25.47,93.17,244.0,3.5,32.0,180.0,0.0,-1.0,32.0,31.2,36.9,1.231,0.0496
25.47,93.18,232.0,3.5,32.3,180.0,0.0,-1.0,32.3,31.1,36.7,1.227,0.0498
25.47,93.19,316.0,3.5,32.6,180.0,0.0,-1.0,32.6,30.9,36.5,1.223,0.0499
25.47,93.2,314.0,3.5,32.8,180.0,0.0,-1.0,32.8,30.8,36.4,1.22,0.05
25.47,93.21,243.0,3.5,33.0,180.0,0.0,-1.0,33.0,30.8,36.2,1.217,0.0502
25.47,93.22,245.0,3.5,33.2,180.0,0.0,-1.0,33.2,30.7,36.1,1.215,0.0502
25.47,93.23,208.0,3.5,33.3,180.0,0.0,-1.0,33.3,30.6,36.0,1.213,0.0503
25.47,93.24,226.0,3.5,33.5,180.0,0.0,-1.0,33.5,30.6,35.9,1.211,0.0504
25.47,93.25,194.0,3.5,33.6,180.0,0.0,-1.0,33.6,30.6,35.9,1.209,0.0505
25.47,93.26,277.0,3.5,33.6,180.0,0.0,-1.0,33.6,30.5,35.8,1.208,0.0505
25.47,93.27,378.0,3.5,33.7,180.0,0.0,-1.0,33.7,30.5,35.8,1.207,0.0506
25.47,93.28,619.0,3.5,33.8,180.0,0.0,-1.0,33.8,30.5,35.7,1.206,0.0506
25.47,93.29,547.0,3.5,33.8,180.0,0.0,-1.0,33.8,30.5,35.7,1.205,0.0507
25.48,92.57,789.0,3.5,32.2,180.0,0.0,-1.0,32.2,33.0,34.9,1.193,0.0512
25.48,92.58,743.0,3.5,32.1,180.0,0.0,-1.0,32.1,33.0,34.9,1.194,0.0511
25.48,92.59,740.0,3.5,32.0,180.0,0.0,-1.0,32.0,33.0,35.0,1.195,0.0511
25.48,92.6,731.0,3.5,32.0,180.0,0.0,-1.0,32.0,33.0,35.0,1.197,0.051
25.48,92.61,730.0,3.5,31.9,180.0,0.0,-1.0,31.9,33.0,35.1,1.198,0.051
25.48,92.62,749.0,3.5,31.8,180.0,0.0,-1.0,31.8,33.1,35.1,1.2,0.0509
25.48,92.63,735.0,3.5,31.7,180.0,0.0,-1.0,31.7,33.1,35.2,1.202,0.0508
25.48,92.64,759.0,3.5,31.6,180.0,0.0,-1.0,31.6,33.1,35.3,1.204,0.0507
25.48,92.65,747.0,3.5,31.5,180.0,0.0,-1.0,31.5,33.2,35.3,1.206,0.0506
25.48,92.66,684.0,3.5,31.4,180.0,0.0,-1.0,31.4,33.2,35.4,1.208,0.0505
25.48,92.67,625.0,3.5,31.3,180.0,0.0,-1.0,31.3,33.2,35.5,1.21,0.0505
25.48,92.68,608.0,3.5,31.2,180.0,0.0,-1.0,31.2,33.3,35.5,1.211,0.0504
25.48,92.69,608.0,3.5,31.1,180.0,0.0,-1.0,31.1,33.3,35.6,1.213,0.0503
25.48,92.7,608.0,3.5,31.0,180.0,0.0,-1.0,31.0,33.3,35.6,1.214,0.0503
25.48,92.71,621.0,3.5,31.0,180.0,0.0,-1.0,31.0,33.3,35.7,1.215,0.0502
25.48,92.72,668.0,3.5,31.0,180.0,0.0,-1.0,31.0,33.3,35.7,1.215,0.0502
25.48,92.73,697.0,3.5,31.0,180.0,0.0,-1.0,31.0,33.3,35.7,1.215,0.0502
25.48,92.74,578.0,3.5,31.1,180.0,0.0,-1.0,31.1,33.3,35.6,1.214,0.0503
25.48,92.75,494.0,3.5,31.2,180.0,0.0,-1.0,31.2,33.2,35.6,1.212,0.0504
25.48,92.76,473.0,3.5,31.4,180.0,0.0,-1.0,31.4,33.1,35.5,1.21,0.0505
25.48,92.77,460.0,3.5,31.5,180.0,0.0,-1.0,31.5,33.0,35.4,1.207,0.0506
25.48,92.78,405.0,3.5,31.7,180.0,0.0,-1.0,31.7,32.9,35.3,1.204,0.0507
25.48,92.79,461.0,3.5,31.9,180.0,0.0,-1.0,31.9,32.8,35.2,1.202,0.0508
25.48,92.8,543.0,3.5,32.2,180.0,0.0,-1.0,32.2,32.7,35.2,1.199,0.0509
25.48,92.81,411.0,3.5,32.4,180.0,0.0,-1.0,32.4,32.5,35.1,1.196,0.051
25.48,92.82,494.0,3.5,32.6,180.0,0.0,-1.0,32.6,32.4,35.0,1.194,0.0511
25.48,92.83,622.0,3.5,32.7,180.0,0.0,-1.0,32.7,32.3,35.0,1.192,0.0512
25.48,92.84,533.0,3.5,32.9,180.0,0.0,-1.0,32.9,32.1,34.9,1.19,0.0513
25.48,92.85,548.0,3.5,33.1,180.0,0.0,-1.0,33.1,32.0,34.9,1.188,0.0514
25.48,92.86,525.0,3.5,33.3,180.0,0.0,-1.0,33.3,31.9,34.8,1.187,0.0514
25.48,92.87,450.0,3.5,33.4,180.0,0.0,-1.0,33.4,31.8,34.8,1.185,0.0515
25.48,92.88,532.0,3.5,33.5,180.0,0.0,-1.0,33.5,31.7,34.8,1.184,0.0516
25.48,92.89,584.0,3.5,33.7,180.0,0.0,-1.0,33.7,31.6,34.7,1.183,0.0516
25.48,92.9,532.0,3.5,33.8,180.0,0.0,-1.0,33.8,31.5,34.7,1.182,0.0516
25.48,92.91,500.0,3.5,33.9,180.0,0.0,-1.0,33.9,31.5,34.7,1.181,0.0517
25.48,92.92,460.0,3.5,34.0,180.0,0.0,-1.0,34.0,31.4,34.6,1.18,0.0517
25.48,92.93,399.0,3.5,34.0,180.0,0.0,-1.0,34.0,31.4,34.6,1.18,0.0517
25.48,92.94,394.0,3.5,34.1,180.0,0.0,-1.0,34.1,31.3,34.6,1.179,0.0518
25.48,92.95,360.0,3.5,34.1,180.0,0.0,-1.0,34.1,31.3,34.6,1.18,0.0517
25.48,92.96,332.0,3.5,34.1,180.0,0.0,-1.0,34.1,31.3,34.7,1.18,0.0517
25.48,92.97,265.0,3.5,34.0,180.0,0.0,-1.0,34.0,31.2,34.7,1.182,0.0516
25.48,92.98,262.0,3.5,34.0,180.0,0.0,-1.0,34.0,31.2,34.8,1.184,0.0516
25.48,92.99,269.0,3.5,33.9,180.0,0.0,-1.0,33.9,31.2,34.9,1.186,0.0515
25.48,93.0,176.0,3.5,33.8,180.0,0.0,-1.0,33.8,31.2,35.0,1.189,0.0513
25.48,93.01,195.0,3.5,33.7,180.0,0.0,-1.0,33.7,31.1,35.2,1.192,0.0512
25.48,93.02,215.0,3.5,33.6,180.0,0.0,-1.0,33.6,31.1,35.3,1.196,0.051
25.48,93.03,174.0,3.5,33.4,180.0,0.0,-1.0,33.4,31.1,35.5,1.2,0.0509
25.48,93.04,207.0,3.5,33.2,180.0,0.0,-1.0,33.2,31.1,35.7,1.204,0.0507
25.48,93.05,204.0,3.5,33.0,180.0,0.0,-1.0,33.0,31.1,35.9,1.209,0.0505
25.48,93.06,175.0,3.5,32.8,180.0,0.0,-1.0,32.8,31.1,36.1,1.214,0.0503
25.48,93.07,156.0,3.5,32.5,180.0,0.0,-1.0,32.5,31.1,36.4,1.219,0.0501
25.48,93.08,197.0,3.5,32.2,180.0,0.0,-1.0,32.2,31.2,36.6,1.225,0.0498
25.48,93.09,194.0,3.5,31.8,180.0,0.0,-1.0,31.8,31.3,36.9,1.231,0.0496
25.48,93.1,201.0,3.5,31.4,180.0,0.0,-1.0,31.4,31.5,37.1,1.237,0.0494
25.48,93.11,160.0,3.5,31.1,180.0,0.0,-1.0,31.1,31.6,37.4,1.241,0.0492
25.48,93.12,160.0,3.5,30.8,180.0,0.0,-1.0,30.8,31.7,37.5,1.245,0.049
25.48,93.13,212.0,3.5,30.8,180.0,0.0,-1.0,30.8,31.7,37.6,1.246,0.049
25.48,93.14,157.0,3.5,30.8,180.0,0.0,-1.0,30.8,31.6,37.5,1.245,0.049
25.48,93.15,162.0,3.5,31.1,180.0,0.0,-1.0,31.1,31.6,37.4,1.242,0.0492
25.48,93.16,184.0,3.5,31.4,180.0,0.0,-1.0,31.4,31.4,37.2,1.238,0.0493
25.48,93.17,239.0,3.5,31.7,180.0,0.0,-1.0,31.7,31.3,37.0,1.234,0.0495
25.48,93.18,256.0,3.5,32.1,180.0,0.0,-1.0,32.1,31.1,36.8,1.23,0.0496
25.48,93.19,247.0,3.5,32.4,180.0,0.0,-1.0,32.4,31.0,36.6,1.226,0.0498
25.48,93.2,204.0,3.5,32.7,180.0,0.0,-1.0,32.7,30.9,36.4,1.222,0.05
25.48,93.21,220.0,3.5,32.9,180.0,0.0,-1.0,32.9,30.8,36.3,1.219,0.0501
25.48,93.22,316.0,3.5,33.1,180.0,0.0,-1.0,33.1,30.7,36.2,1.217,0.0502
25.48,93.23,265.0,3.5,33.3,180.0,0.0,-1.0,33.3,30.7,36.1,1.215,0.0502
25.48,93.24,328.0,3.5,33.4,180.0,0.0,-1.0,33.4,30.6,36.0,1.213,0.0503
25.48,93.25,224.0,3.5,33.5,180.0,0.0,-1.0,33.5,30.6,35.9,1.211,0.0504
25.48,93.26,258.0,3.5,33.6,180.0,0.0,-1.0,33.6,30.6,35.8,1.209,0.0505
25.48,93.27,259.0,3.5,33.7,180.0,0.0,-1.0,33.7,30.6,35.8,1.208,0.0505
25.48,93.28,443.0,3.5,33.7,180.0,0.0,-1.0,33.7,30.5,35.7,1.207,0.0506
25.49,92.58,780.0,3.5,32.1,180.0,0.0,-1.0,32.1,33.0,34.9,1.195,0.0511
25.49,92.59,761.0,3.5,32.0,180.0,0.0,-1.0,32.0,33.0,35.0,1.196,0.051
25.49,92.6,739.0,3.5,31.9,180.0,0.0,-1.0,31.9,33.0,35.1,1.198,0.051
25.49,92.61,721.0,3.5,31.8,180.0,0.0,-1.0,31.8,33.0,35.1,1.2,0.0509
25.49,92.62,746.0,3.5,31.7,180.0,0.0,-1.0,31.7,33.1,35.2,1.201,0.0508
25.49,92.63,755.0,3.5,31.7,180.0,0.0,-1.0,31.7,33.1,35.2,1.203,0.0507
25.49,92.64,728.0,3.5,31.5,180.0,0.0,-1.0,31.5,33.1,35.3,1.205,0.0507
25.49,92.65,736.0,3.5,31.4,180.0,0.0,-1.0,31.4,33.2,35.4,1.207,0.0506
25.49,92.66,686.0,3.5,31.3,180.0,0.0,-1.0,31.3,33.2,35.5,1.209,0.0505
25.49,92.67,622.0,3.5,31.2,180.0,0.0,-1.0,31.2,33.3,35.5,1.211,0.0504
25.49,92.68,608.0,3.5,31.1,180.0,0.0,-1.0,31.1,33.3,35.6,1.213,0.0503
25.49,92.69,608.0,3.5,31.0,180.0,0.0,-1.0,31.0,33.3,35.7,1.215,0.0502
25.49,92.7,623.0,3.5,30.9,180.0,0.0,-1.0,30.9,33.4,35.7,1.216,0.0502
25.49,92.71,646.0,3.5,30.9,180.0,0.0,-1.0,30.9,33.4,35.7,1.217,0.0502
25.49,92.72,698.0,3.5,30.8,180.0,0.0,-1.0,30.8,33.4,35.7,1.217,0.0502
25.49,92.73,610.0,3.5,30.9,180.0,0.0,-1.0,30.9,33.4,35.7,1.217,0.0502
25.49,92.74,518.0,3.5,31.0,180.0,0.0,-1.0,31.0,33.3,35.7,1.216,0.0502
25.49,92.75,430.0,3.5,31.1,180.0,0.0,-1.0,31.1,33.3,35.6,1.214,0.0503
25.49,92.76,445.0,3.5,31.2,180.0,0.0,-1.0,31.2,33.2,35.6,1.212,0.0504
25.49,92.77,439.0,3.5,31.4,180.0,0.0,-1.0,31.4,33.1,35.5,1.209,0.0505
25.49,92.78,453.0,3.5,31.6,180.0,0.0,-1.0,31.6,33.0,35.4,1.206,0.0506
25.49,92.79,482.0,3.5,31.8,180.0,0.0,-1.0,31.8,32.8,35.3,1.203,0.0507
25.49,92.8,582.0,3.5,32.1,180.0,0.0,-1.0,32.1,32.7,35.2,1.201,0.0508
25.49,92.81,544.0,3.5,32.3,180.0,0.0,-1.0,32.3,32.6,35.2,1.198,0.051
25.49,92.82,492.0,3.5,32.5,180.0,0.0,-1.0,32.5,32.4,35.1,1.196,0.051
25.49,92.83,608.0,3.5,32.7,180.0,0.0,-1.0,32.7,32.3,35.0,1.193,0.0512
25.49,92.84,579.0,3.5,32.8,180.0,0.0,-1.0,32.8,32.2,35.0,1.191,0.0513
25.49,92.85,576.0,3.5,33.0,180.0,0.0,-1.0,33.0,32.0,34.9,1.19,0.0513
25.49,92.86,609.0,3.5,33.2,180.0,0.0,-1.0,33.2,31.9,34.9,1.188,0.0514
25.49,92.87,533.0,3.5,33.3,180.0,0.0,-1.0,33.3,31.8,34.9,1.187,0.0514
25.49,92.88,528.0,3.5,33.4,180.0,0.0,-1.0,33.4,31.7,34.8,1.186,0.0515
25.49,92.89,493.0,3.5,33.6,180.0,0.0,-1.0,33.6,31.6,34.8,1.185,0.0515
25.49,92.9,512.0,3.5,33.7,180.0,0.0,-1.0,33.7,31.6,34.8,1.184,0.0516
25.49,92.91,411.0,3.5,33.8,180.0,0.0,-1.0,33.8,31.5,34.8,1.183,0.0516
25.49,92.92,405.0,3.5,33.8,180.0,0.0,-1.0,33.8,31.4,34.7,1.182,0.0516
25.49,92.93,389.0,3.5,33.9,180.0,0.0,-1.0,33.9,31.4,34.7,1.182,0.0516
25.49,92.94,401.0,3.5,33.9,180.0,0.0,-1.0,33.9,31.3,34.7,1.182,0.0516
25.49,92.95,291.0,3.5,33.9,180.0,0.0,-1.0,33.9,31.3,34.7,1.182,0.0516
25.49,92.96,308.0,3.5,33.9,180.0,0.0,-1.0,33.9,31.3,34.8,1.183,0.0516
25.49,92.97,283.0,3.5,33.9,180.0,0.0,-1.0,33.9,31.3,34.8,1.184,0.0516
25.49,92.98,312.0,3.5,33.8,180.0,0.0,-1.0,33.8,31.2,34.9,1.186,0.0515
25.49,92.99,204.0,3.5,33.8,180.0,0.0,-1.0,33.8,31.2,35.0,1.189,0.0513
25.49,93.0,138.0,3.5,33.7,180.0,0.0,-1.0,33.7,31.2,35.2,1.191,0.0513
25.49,93.01,153.0,3.5,33.6,180.0,0.0,-1.0,33.6,31.1,35.3,1.195,0.0511
25.49,93.02,159.0,3.5,33.5,180.0,0.0,-1.0,33.5,31.1,35.4,1.198,0.051
25.49,93.03,221.0,3.5,33.3,180.0,0.0,-1.0,33.3,31.1,35.6,1.202,0.0508
25.49,93.04,234.0,3.5,33.1,180.0,0.0,-1.0,33.1,31.1,35.8,1.206,0.0506
25.49,93.05,162.0,3.5,32.9,180.0,0.0,-1.0,32.9,31.1,36.0,1.211,0.0504
25.49,93.06,136.0,3.5,32.7,180.0,0.0,-1.0,32.7,31.1,36.2,1.216,0.0502
25.49,93.07,157.0,3.5,32.4,180.0,0.0,-1.0,32.4,31.2,36.4,1.222,0.05
25.49,93.08,201.0,3.5,32.0,180.0,0.0,-1.0,32.0,31.3,36.7,1.227,0.0498
25.49,93.09,183.0,3.5,31.6,180.0,0.0,-1.0,31.6,31.4,37.0,1.234,0.0495
25.49,93.1,183.0,3.5,31.2,180.0,0.0,-1.0,31.2,31.5,37.2,1.239,0.0493
25.49,93.11,176.0,3.5,30.9,180.0,0.0,-1.0,30.9,31.6,37.5,1.244,0.0491
25.49,93.12,171.0,3.5,30.6,180.0,0.0,-1.0,30.6,31.7,37.6,1.248,0.0489
25.49,93.13,147.0,3.5,30.5,180.0,0.0,-1.0,30.5,31.8,37.7,1.249,0.0489
25.49,93.14,186.0,3.5,30.6,180.0,0.0,-1.0,30.6,31.7,37.6,1.248,0.0489
25.49,93.15,218.0,3.5,30.9,180.0,0.0,-1.0,30.9,31.6,37.5,1.245,0.049
25.49,93.16,164.0,3.5,31.2,180.0,0.0,-1.0,31.2,31.5,37.3,1.241,0.0492
25.49,93.17,212.0,3.5,31.6,180.0,0.0,-1.0,31.6,31.3,37.1,1.236,0.0494
25.49,93.18,198.0,3.5,32.0,180.0,0.0,-1.0,32.0,31.2,36.8,1.232,0.0496
25.49,93.19,179.0,3.5,32.3,180.0,0.0,-1.0,32.3,31.0,36.6,1.228,0.0497
25.49,93.2,178.0,3.5,32.6,180.0,0.0,-1.0,32.6,30.9,36.5,1.224,0.0499
25.49,93.21,195.0,3.5,32.9,180.0,0.0,-1.0,32.9,30.8,36.3,1.221,0.05
25.49,93.22,266.0,3.5,33.0,180.0,0.0,-1.0,33.0,30.8,36.2,1.218,0.0501
25.49,93.23,442.0,3.5,33.2,180.0,0.0,-1.0,33.2,30.7,36.1,1.216,0.0502
25.49,93.24,329.0,3.5,33.3,180.0,0.0,-1.0,33.3,30.7,36.0,1.214,0.0503
25.49,93.25,377.0,3.5,33.5,180.0,0.0,-1.0,33.5,30.6,35.9,1.212,0.0504
25.49,93.26,268.0,3.5,33.5,180.0,0.0,-1.0,33.5,30.6,35.9,1.211,0.0504
25.49,93.27,258.0,3.5,33.6,180.0,0.0,-1.0,33.6,30.6,35.8,1.21,0.0505
25.49,93.28,293.0,3.5,33.7,180.0,0.0,-1.0,33.7,30.6,35.8,1.208,0.0505
25.49,93.29,400.0,3.5,33.7,180.0,0.0,-1.0,33.7,30.6,35.7,1.207,0.0506
25.5,92.59,718.0,3.5,32.0,180.0,0.0,-1.0,32.0,33.0,35.0,1.197,0.051
25.5,92.6,748.0,3.5,31.9,180.0,0.0,-1.0,31.9,33.0,35.1,1.199,0.0509
25.5,92.61,718.0,3.5,31.8,180.0,0.0,-1.0,31.8,33.0,35.2,1.2,0.0509
25.5,92.62,718.0,3.5,31.7,180.0,0.0,-1.0,31.7,33.1,35.2,1.202,0.0508
25.5,92.63,718.0,3.5,31.6,180.0,0.0,-1.0,31.6,33.1,35.3,1.204,0.0507
25.5,92.64,722.0,3.5,31.5,180.0,0.0,-1.0,31.5,33.2,35.4,1.206,0.0506
25.5,92.65,724.0,3.5,31.4,180.0,0.0,-1.0,31.4,33.2,35.4,1.208,0.0505
25.5,92.66,668.0,3.5,31.3,180.0,0.0,-1.0,31.3,33.2,35.5,1.21,0.0505
25.5,92.67,638.0,3.5,31.1,180.0,0.0,-1.0,31.1,33.3,35.6,1.212,0.0504
25.5,92.68,608.0,3.5,31.0,180.0,0.0,-1.0,31.0,33.3,35.6,1.214,0.0503
25.5,92.69,608.0,3.5,30.9,180.0,0.0,-1.0,30.9,33.4,35.7,1.216,0.0502
25.5,92.7,608.0,3.5,30.8,180.0,0.0,-1.0,30.8,33.4,35.8,1.218,0.0501
25.5,92.71,612.0,3.5,30.8,180.0,0.0,-1.0,30.8,33.4,35.8,1.219,0.0501
25.5,92.72,616.0,3.5,30.8,180.0,0.0,-1.0,30.8,33.4,35.8,1.219,0.0501
25.5,92.73,680.0,3.5,30.8,180.0,0.0,-1.0,30.8,33.4,35.8,1.218,0.0501
25.5,92.74,546.0,3.5,30.9,180.0,0.0,-1.0,30.9,33.4,35.8,1.217,0.0502
25.5,92.75,537.0,3.5,31.0,180.0,0.0,-1.0,31.0,33.3,35.7,1.216,0.0502
25.5,92.76,519.0,3.5,31.1,180.0,0.0,-1.0,31.1,33.2,35.6,1.213,0.0503
25.5,92.77,558.0,3.5,31.3,180.0,0.0,-1.0,31.3,33.1,35.5,1.211,0.0504
25.5,92.78,505.0,3.5,31.5,180.0,0.0,-1.0,31.5,33.0,35.5,1.208,0.0505
25.5,92.79,395.0,3.5,31.8,180.0,0.0,-1.0,31.8,32.9,35.4,1.205,0.0507
25.5,92.8,442.0,3.5,32.0,180.0,0.0,-1.0,32.0,32.7,35.3,1.202,0.0508
25.5,92.81,412.0,3.5,32.2,180.0,0.0,-1.0,32.2,32.6,35.2,1.199,0.0509
25.5,92.82,305.0,3.5,32.4,180.0,0.0,-1.0,32.4,32.5,35.1,1.197,0.051
25.5,92.83,327.0,3.5,32.6,180.0,0.0,-1.0,32.6,32.3,35.1,1.195,0.0511
25.5,92.84,285.0,3.5,32.8,180.0,0.0,-1.0,32.8,32.2,35.0,1.193,0.0512
25.5,92.85,536.0,3.5,32.9,180.0,0.0,-1.0,32.9,32.1,35.0,1.191,0.0513
25.5,92.86,535.0,3.5,33.1,180.0,0.0,-1.0,33.1,32.0,35.0,1.19,0.0513
25.5,92.87,537.0,3.5,33.2,180.0,0.0,-1.0,33.2,31.8,34.9,1.188,0.0514
25.5,92.88,534.0,3.5,33.3,180.0,0.0,-1.0,33.3,31.8,34.9,1.187,0.0514
25.5,92.89,527.0,3.5,33.5,180.0,0.0,-1.0,33.5,31.7,34.9,1.186,0.0515
25.5,92.9,432.0,3.5,33.6,180.0,0.0,-1.0,33.6,31.6,34.9,1.185,0.0515
25.5,92.91,444.0,3.5,33.6,180.0,0.0,-1.0,33.6,31.5,34.8,1.185,0.0515
25.5,92.92,355.0,3.5,33.7,180.0,0.0,-1.0,33.7,31.5,34.8,1.184,0.0516
25.5,92.93,315.0,3.5,33.8,180.0,0.0,-1.0,33.8,31.4,34.8,1.184,0.0516
25.5,92.94,369.0,3.5,33.8,180.0,0.0,-1.0,33.8,31.4,34.8,1.184,0.0516
25.5,92.95,213.0,3.5,33.8,180.0,0.0,-1.0,33.8,31.3,34.9,1.185,0.0515
25.5,92.96,337.0,3.5,33.8,180.0,0.0,-1.0,33.8,31.3,34.9,1.186,0.0515
25.5,92.97,261.0,3.5,33.8,180.0,0.0,-1.0,33.8,31.3,35.0,1.187,0.0514
25.5,92.98,222.0,3.5,33.7,180.0,0.0,-1.0,33.7,31.2,35.0,1.189,0.0513
25.5,92.99,249.0,3.5,33.7,180.0,0.0,-1.0,33.7,31.2,35.1,1.191,0.0513
25.5,93.0,173.0,3.5,33.6,180.0,0.0,-1.0,33.6,31.2,35.2,1.194,0.0511
25.5,93.01,160.0,3.5,33.5,180.0,0.0,-1.0,33.5,31.1,35.4,1.197,0.051
25.5,93.02,113.0,3.5,33.4,180.0,0.0,-1.0,33.4,31.1,35.5,1.2,0.0509
25.5,93.03,189.0,3.5,33.2,180.0,0.0,-1.0,33.2,31.1,35.7,1.204,0.0507
25.5,93.04,230.0,3.5,33.1,180.0,0.0,-1.0,33.1,31.1,35.9,1.208,0.0505
25.5,93.05,177.0,3.5,32.8,180.0,0.0,-1.0,32.8,31.1,36.0,1.213,0.0503
25.5,93.06,151.0,3.5,32.6,180.0,0.0,-1.0,32.6,31.1,36.3,1.218,0.0501
25.5,93.07,148.0,3.5,32.3,180.0,0.0,-1.0,32.3,31.2,36.5,1.223,0.0499
25.5,93.08,146.0,3.5,32.0,180.0,0.0,-1.0,32.0,31.3,36.7,1.229,0.0497
25.5,93.09,145.0,3.5,31.6,180.0,0.0,-1.0,31.6,31.4,37.0,1.235,0.0494
25.5,93.1,154.0,3.5,31.2,180.0,0.0,-1.0,31.2,31.5,37.3,1.241,0.0492
25.5,93.11,152.0,3.5,30.8,180.0,0.0,-1.0,30.8,31.7,37.5,1.245,0.049
25.5,93.12,161.0,3.5,30.5,180.0,0.0,-1.0,30.5,31.8,37.7,1.249,0.0489
25.5,93.13,175.0,3.5,30.45,180.0,0.0,-1.0,30.45,31.8,37.75,1.25,0.0488
25.5,93.14,213.0,3.5,30.5,180.0,0.0,-1.0,30.5,31.8,37.7,1.249,0.0489
25.5,93.15,211.0,3.5,30.8,180.0,0.0,-1.0,30.8,31.7,37.5,1.246,0.049
25.5,93.16,273.0,3.5,31.2,180.0,0.0,-1.0,31.2,31.5,37.3,1.242,0.0492
25.5,93.17,195.0,3.5,31.6,180.0,0.0,-1.0,31.6,31.3,37.1,1.237,0.0494
25.5,93.18,212.0,3.5,32.0,180.0,0.0,-1.0,32.0,31.2,36.8,1.233,0.0495
25.5,93.19,265.0,3.5,32.3,180.0,0.0,-1.0,32.3,31.1,36.6,1.229,0.0497
25.5,93.2,259.0,3.5,32.6,180.0,0.0,-1.0,32.6,30.9,36.5,1.225,0.0498
25.5,93.21,231.0,3.5,32.8,180.0,0.0,-1.0,32.8,30.8,36.3,1.222,0.05
25.5,93.22,302.0,3.5,33.0,180.0,0.0,-1.0,33.0,30.8,36.2,1.22,0.05
25.5,93.23,293.0,3.5,33.2,180.0,0.0,-1.0,33.2,30.7,36.1,1.217,0.0502
25.5,93.24,493.0,3.5,33.3,180.0,0.0,-1.0,33.3,30.7,36.0,1.215,0.0502
25.5,93.25,318.0,3.5,33.4,180.0,0.0,-1.0,33.4,30.6,35.9,1.214,0.0503
25.5,93.26,350.0,3.5,33.5,180.0,0.0,-1.0,33.5,30.6,35.9,1.212,0.0504
25.5,93.27,311.0,3.5,33.6,180.0,0.0,-1.0,33.6,30.6,35.8,1.211,0.0504
25.5,93.28,358.0,3.5,33.6,180.0,0.0,-1.0,33.6,30.6,35.8,1.209,0.0505
25.5,93.29,473.0,3.5,33.7,180.0,0.0,-1.0,33.7,30.6,35.7,1.208,0.0505
25.51,92.59,777.0,37.3,31.9,132.1,0.742,-0.6704,31.9,33.0,35.1,1.198,0.5058
25.51,92.6,731.0,45.8,31.9,90.0,1.0,0.0,31.9,33.0,35.1,1.2,0.5974
25.51,92.61,718.0,45.1,31.8,90.0,1.0,0.0,31.8,33.0,35.2,1.201,0.5898
25.51,92.62,718.0,43.6,31.7,90.0,1.0,0.0,31.7,33.1,35.2,1.203,0.5732
25.51,92.63,718.0,43.6,31.6,90.0,1.0,0.0,31.6,33.1,35.3,1.205,0.5723
25.51,92.64,718.0,46.9,31.5,90.0,1.0,0.0,31.5,33.2,35.4,1.207,0.6049
25.51,92.65,719.0,47.9,31.3,90.0,1.0,0.0,31.3,33.2,35.5,1.209,0.6137
25.51,92.66,665.0,45.3,31.2,90.0,1.0,0.0,31.2,33.3,35.5,1.211,0.587
25.51,92.67,648.0,42.0,31.1,90.0,1.0,0.0,31.1,33.3,35.6,1.213,0.5516
25.51,92.68,640.0,39.1,31.0,90.0,1.0,0.0,31.0,33.3,35.7,1.215,0.5191
25.51,92.69,608.0,36.6,30.9,90.0,1.0,0.0,30.9,33.4,35.7,1.217,0.4899
25.51,92.7,608.0,36.3,30.8,90.0,1.0,0.0,30.8,33.4,35.8,1.218,0.4861
25.51,92.71,608.0,36.3,30.7,90.0,1.0,0.0,30.7,33.5,35.8,1.219,0.4857
25.51,92.72,608.0,36.3,30.7,90.0,1.0,0.0,30.7,33.5,35.8,1.22,0.4853
25.51,92.73,635.0,37.5,30.7,90.0,1.0,0.0,30.7,33.5,35.8,1.219,0.4994
25.51,92.74,632.0,44.2,30.8,90.0,1.0,0.0,30.8,33.4,35.8,1.218,0.5724
25.51,92.75,602.0,36.0,30.9,90.0,1.0,0.0,30.9,33.4,35.7,1.217,0.483
25.51,92.76,508.0,30.8,31.1,90.0,1.0,0.0,31.1,33.3,35.7,1.214,0.4218
25.51,92.77,499.0,31.3,31.3,90.0,1.0,0.0,31.3,33.2,35.6,1.212,0.4286
25.51,92.78,359.0,28.7,31.5,90.0,1.0,0.0,31.5,33.0,35.5,1.209,0.3972
25.51,92.79,306.0,22.1,31.7,47.9,0.742,0.6704,31.7,32.9,35.4,1.206,0.312
25.51,92.8,285.0,15.5,31.9,47.9,0.742,0.6704,31.9,32.8,35.3,1.203,0.2221
25.51,92.81,307.0,8.5,32.1,47.9,0.742,0.6704,32.1,32.6,35.3,1.2,0.1232
25.51,92.82,363.0,3.5,32.3,227.9,-0.742,-0.6704,32.3,32.5,35.2,1.198,0.051
25.51,92.83,250.0,3.5,32.5,312.1,-0.742,0.6704,32.5,32.3,35.1,1.196,0.051
25.51,92.84,341.0,3.5,32.7,270.0,-1.0,-0.0,32.7,32.2,35.1,1.194,0.0511
25.51,92.85,446.0,3.6,32.9,132.1,0.742,-0.6704,32.9,32.1,35.1,1.192,0.0527
25.51,92.86,319.0,8.1,33.0,132.1,0.742,-0.6704,33.0,32.0,35.0,1.191,0.1183
25.51,92.87,548.0,10.9,33.1,90.0,1.0,0.0,33.1,31.9,35.0,1.19,0.1589
25.51,92.88,493.0,8.1,33.2,47.9,0.742,0.6704,33.2,31.8,35.0,1.189,0.1185
25.51,92.89,467.0,9.6,33.4,132.1,0.742,-0.6704,33.4,31.7,35.0,1.188,0.1404
25.51,92.9,452.0,13.7,33.4,132.1,0.742,-0.6704,33.4,31.6,34.9,1.187,0.1995
25.51,92.91,402.0,18.2,33.5,90.0,1.0,0.0,33.5,31.6,34.9,1.187,0.2631
25.51,92.92,238.0,18.3,33.6,90.0,1.0,0.0,33.6,31.5,34.9,1.187,0.2645
25.51,92.93,256.0,13.8,33.6,47.9,0.742,0.6704,33.6,31.4,34.9,1.186,0.2011
25.51,92.94,394.0,7.5,33.7,227.9,-0.742,-0.6704,33.7,31.4,34.9,1.187,0.11
25.51,92.95,337.0,5.0,33.7,47.9,0.742,0.6704,33.7,31.4,35.0,1.187,0.0734
25.51,92.96,178.0,8.3,33.7,132.1,0.742,-0.6704,33.7,31.3,35.0,1.188,0.1215
25.51,92.97,273.0,11.1,33.6,90.0,1.0,0.0,33.6,31.3,35.1,1.19,0.1618
25.51,92.98,191.0,8.3,33.6,47.9,0.742,0.6704,33.6,31.3,35.1,1.191,0.1212
25.51,92.99,260.0,6.6,33.5,270.0,-1.0,-0.0,33.5,31.2,35.2,1.194,0.0963
25.51,93.0,205.0,6.4,33.5,270.0,-1.0,-0.0,33.5,31.2,35.3,1.196,0.0932
25.51,93.01,150.0,9.4,33.4,312.1,-0.742,0.6704,33.4,31.2,35.5,1.199,0.1362
25.51,93.02,130.0,12.6,33.3,270.0,-1.0,-0.0,33.3,31.1,35.6,1.202,0.1815
25.51,93.03,136.0,10.9,33.1,270.0,-1.0,-0.0,33.1,31.1,35.7,1.206,0.1568
25.51,93.04,133.0,8.1,33.0,227.9,-0.742,-0.6704,33.0,31.1,35.9,1.21,0.1164
25.51,93.05,135.0,8.3,32.8,270.0,-1.0,-0.0,32.8,31.1,36.1,1.214,0.1189
25.51,93.06,197.0,7.2,32.6,270.0,-1.0,-0.0,32.6,31.1,36.3,1.219,0.1028
25.51,93.07,254.0,6.3,32.3,270.0,-1.0,-0.0,32.3,31.2,36.5,1.224,0.0897
25.51,93.08,142.0,5.9,32.0,270.0,-1.0,-0.0,32.0,31.3,36.7,1.23,0.0836
25.51,93.09,197.0,4.9,31.6,270.0,-1.0,-0.0,31.6,31.4,37.0,1.235,0.0692
25.51,93.1,181.0,6.3,31.2,270.0,-1.0,-0.0,31.2,31.5,37.3,1.24,0.0885
25.51,93.11,199.0,4.7,30.9,227.9,-0.742,-0.6704,30.9,31.6,37.5,1.245,0.0658
25.51,93.12,204.0,3.5,30.6,312.1,-0.742,0.6704,30.6,31.7,37.6,1.248,0.0489
25.51,93.13,193.0,3.6,30.5,270.0,-1.0,-0.0,30.5,31.8,37.7,1.249,0.0503
25.51,93.14,228.0,3.5,30.6,90.0,1.0,0.0,30.6,31.7,37.6,1.248,0.0489
25.51,93.15,228.0,3.5,30.9,90.0,1.0,0.0,30.9,31.6,37.5,1.245,0.049
25.51,93.16,244.0,3.5,31.3,132.1,0.742,-0.6704,31.3,31.5,37.3,1.241,0.0492
25.51,93.17,221.0,3.9,31.7,90.0,1.0,0.0,31.7,31.3,37.0,1.237,0.055
25.51,93.18,250.0,5.5,32.0,132.1,0.742,-0.6704,32.0,31.2,36.8,1.233,0.0777
25.51,93.19,289.0,7.3,32.4,90.0,1.0,0.0,32.4,31.0,36.6,1.229,0.1034
25.51,93.2,256.0,7.0,32.6,90.0,1.0,0.0,32.6,30.9,36.4,1.226,0.0994
25.51,93.21,255.0,6.1,32.9,90.0,1.0,0.0,32.9,30.8,36.3,1.223,0.0869
25.51,93.22,230.0,7.8,33.1,90.0,1.0,0.0,33.1,30.8,36.2,1.221,0.1112
25.51,93.23,262.0,10.2,33.2,90.0,1.0,0.0,33.2,30.7,36.1,1.219,0.1453
25.51,93.24,353.0,12.1,33.3,132.1,0.742,-0.6704,33.3,30.7,36.0,1.217,0.1722
25.51,93.25,521.0,23.8,33.4,132.1,0.742,-0.6704,33.4,30.6,35.9,1.215,0.3321
25.51,93.26,411.0,30.7,33.5,90.0,1.0,0.0,33.5,30.6,35.9,1.213,0.4209
25.51,93.27,344.0,23.8,33.6,47.9,0.742,0.6704,33.6,30.6,35.8,1.212,0.333
25.51,93.28,338.0,19.2,33.6,90.0,1.0,0.0,33.6,30.6,35.8,1.211,0.2716
25.51,93.29,377.0,16.7,33.7,90.0,1.0,0.0,33.7,30.6,35.7,1.209,0.2377
25.52,92.6,756.0,45.8,31.8,90.0,1.0,0.0,31.8,33.0,35.2,1.2,0.5974
25.52,92.61,743.0,45.1,31.7,90.0,1.0,0.0,31.7,33.0,35.2,1.202,0.5893
25.52,92.62,718.0,43.6,31.6,90.0,1.0,0.0,31.6,33.1,35.3,1.204,0.5728
25.52,92.63,718.0,43.6,31.5,90.0,1.0,0.0,31.5,33.1,35.3,1.205,0.5723
25.52,92.64,776.0,46.9,31.4,90.0,1.0,0.0,31.4,33.2,35.4,1.207,0.6049
25.52,92.65,795.0,47.9,31.3,90.0,1.0,0.0,31.3,33.2,35.5,1.21,0.6132
25.52,92.66,746.0,45.3,31.2,90.0,1.0,0.0,31.2,33.3,35.6,1.212,0.5865
25.52,92.67,692.0,42.0,31.1,90.0,1.0,0.0,31.1,33.3,35.6,1.214,0.5512
25.52,92.68,647.0,39.1,31.0,90.0,1.0,0.0,31.0,33.4,35.7,1.216,0.5186
25.52,92.69,612.0,36.6,30.8,90.0,1.0,0.0,30.8,33.4,35.8,1.217,0.4899
25.52,92.7,608.0,36.3,30.8,90.0,1.0,0.0,30.8,33.4,35.8,1.219,0.4857
25.52,92.71,608.0,36.3,30.7,90.0,1.0,0.0,30.7,33.5,35.8,1.22,0.4853
25.52,92.72,608.0,36.3,30.68,90.0,1.0,0.0,30.68,33.48,35.84,1.22,0.4853
25.52,92.73,624.0,37.5,30.7,90.0,1.0,0.0,30.7,33.5,35.8,1.22,0.499
25.52,92.74,727.0,44.2,30.8,90.0,1.0,0.0,30.8,33.4,35.8,1.219,0.5719
25.52,92.75,603.0,36.0,30.9,90.0,1.0,0.0,30.9,33.4,35.7,1.217,0.483
25.52,92.76,538.0,30.8,31.0,90.0,1.0,0.0,31.0,33.3,35.7,1.215,0.4214
25.52,92.77,544.0,31.3,31.2,90.0,1.0,0.0,31.2,33.2,35.6,1.212,0.4286
25.52,92.78,513.0,28.7,31.4,90.0,1.0,0.0,31.4,33.0,35.5,1.209,0.3972
25.52,92.79,426.0,20.5,31.7,90.0,1.0,0.0,31.7,32.9,35.4,1.207,0.2901
25.52,92.8,339.0,15.3,31.9,0.0,0.0,1.0,31.9,32.8,35.4,1.204,0.2192
25.52,92.81,214.0,15.3,32.1,0.0,0.0,1.0,32.1,32.6,35.3,1.201,0.2197
25.52,92.82,220.0,7.2,32.3,47.9,0.742,0.6704,32.3,32.5,35.2,1.199,0.1045
25.52,92.83,245.0,3.5,32.5,0.0,0.0,1.0,32.5,32.4,35.2,1.197,0.051
25.52,92.84,218.0,4.4,32.6,312.1,-0.742,0.6704,32.6,32.2,35.1,1.195,0.0642
25.52,92.85,221.0,7.4,32.8,180.0,0.0,-1.0,32.8,32.1,35.1,1.194,0.1079
25.52,92.86,280.0,9.5,32.9,227.9,-0.742,-0.6704,32.9,32.0,35.1,1.192,0.1385
25.52,92.87,334.0,14.8,33.0,270.0,-1.0,-0.0,33.0,31.9,35.1,1.191,0.2145
25.52,92.88,264.0,8.7,33.2,0.0,0.0,1.0,33.2,31.8,35.0,1.19,0.1271
25.52,92.89,253.0,12.2,33.2,180.0,0.0,-1.0,33.2,31.7,35.0,1.19,0.1776
25.52,92.9,352.0,19.2,33.3,270.0,-1.0,-0.0,33.3,31.6,35.0,1.189,0.2766
25.52,92.91,403.0,18.4,33.4,227.9,-0.742,-0.6704,33.4,31.6,35.0,1.189,0.2655
25.52,92.92,404.0,29.4,33.5,0.0,0.0,1.0,33.5,31.5,35.0,1.189,0.4129
25.52,92.93,147.0,29.4,33.5,0.0,0.0,1.0,33.5,31.5,35.0,1.189,0.4129
25.52,92.94,297.0,18.2,33.5,180.0,0.0,-1.0,33.5,31.4,35.1,1.189,0.2627
25.52,92.95,250.0,8.9,33.5,312.1,-0.742,0.6704,33.5,31.4,35.1,1.19,0.13
25.52,92.96,200.0,16.6,33.5,180.0,0.0,-1.0,33.5,31.3,35.1,1.191,0.2399
25.52,92.97,336.0,17.7,33.5,270.0,-1.0,-0.0,33.5,31.3,35.2,1.192,0.2551
25.52,92.98,261.0,10.2,33.5,0.0,0.0,1.0,33.5,31.3,35.3,1.194,0.1483
25.52,92.99,179.0,10.2,33.4,0.0,0.0,1.0,33.4,31.2,35.3,1.196,0.1481
25.52,93.0,180.0,6.4,33.4,270.0,-1.0,-0.0,33.4,31.2,35.4,1.198,0.093
25.52,93.01,207.0,10.3,33.3,0.0,0.0,1.0,33.3,31.2,35.5,1.201,0.1489
25.52,93.02,124.0,12.6,33.2,270.0,-1.0,-0.0,33.2,31.1,35.7,1.204,0.1812
25.52,93.03,140.0,10.9,33.1,270.0,-1.0,-0.0,33.1,31.1,35.8,1.208,0.1565
25.52,93.04,166.0,8.0,33.0,270.0,-1.0,-0.0,33.0,31.1,35.9,1.211,0.1149
25.52,93.05,163.0,8.3,32.8,270.0,-1.0,-0.0,32.8,31.1,36.1,1.215,0.1188
25.52,93.06,173.0,7.2,32.6,270.0,-1.0,-0.0,32.6,31.1,36.3,1.22,0.1027
25.52,93.07,181.0,6.3,32.3,270.0,-1.0,-0.0,32.3,31.2,36.5,1.224,0.0897
25.52,93.08,185.0,5.9,32.1,270.0,-1.0,-0.0,32.1,31.2,36.7,1.229,0.0836
25.52,93.09,194.0,6.1,31.7,270.0,-1.0,-0.0,31.7,31.3,36.9,1.234,0.0861
25.52,93.1,181.0,6.3,31.4,270.0,-1.0,-0.0,31.4,31.4,37.1,1.239,0.0886
25.52,93.11,212.0,5.7,31.1,270.0,-1.0,-0.0,31.1,31.6,37.4,1.243,0.0799
25.52,93.12,225.0,5.3,30.9,227.9,-0.742,-0.6704,30.9,31.6,37.5,1.246,0.0741
25.52,93.13,205.0,8.1,30.8,90.0,1.0,0.0,30.8,31.7,37.5,1.247,0.113
25.52,93.14,263.0,7.2,30.9,180.0,0.0,-1.0,30.9,31.6,37.5,1.246,0.1006
25.52,93.15,261.0,3.5,31.1,90.0,1.0,0.0,31.1,31.5,37.3,1.243,0.0491
25.52,93.16,258.0,3.5,31.5,47.9,0.742,0.6704,31.5,31.4,37.1,1.24,0.0492
25.52,93.17,271.0,3.9,31.8,90.0,1.0,0.0,31.8,31.2,36.9,1.236,0.055
25.52,93.18,264.0,4.8,32.2,180.0,0.0,-1.0,32.2,31.1,36.7,1.233,0.0679
25.52,93.19,302.0,7.3,32.5,90.0,1.0,0.0,32.5,31.0,36.5,1.229,0.1034
25.52,93.2,299.0,7.0,32.7,90.0,1.0,0.0,32.7,30.9,36.4,1.226,0.0994
25.52,93.21,291.0,6.1,33.0,90.0,1.0,0.0,33.0,30.8,36.3,1.224,0.0868
25.52,93.22,306.0,7.8,33.1,90.0,1.0,0.0,33.1,30.7,36.2,1.222,0.1111
25.52,93.23,328.0,10.2,33.2,90.0,1.0,0.0,33.2,30.7,36.1,1.219,0.1453
25.52,93.24,313.0,8.7,33.4,180.0,0.0,-1.0,33.4,30.7,36.0,1.218,0.1242
25.52,93.25,383.0,18.6,33.4,180.0,0.0,-1.0,33.4,30.6,35.9,1.216,0.2623
25.52,93.26,537.0,30.7,33.5,90.0,1.0,0.0,33.5,30.6,35.9,1.214,0.4205
25.52,93.27,393.0,17.5,33.6,0.0,0.0,1.0,33.6,30.6,35.8,1.213,0.2479
25.52,93.28,413.0,19.2,33.6,90.0,1.0,0.0,33.6,30.6,35.8,1.211,0.2716
25.52,93.29,388.0,16.7,33.7,90.0,1.0,0.0,33.7,30.6,35.8,1.21,0.2375
25.53,92.61,767.0,4.1,31.7,47.9,0.742,0.6704,31.7,33.0,35.2,1.202,0.0595
25.53,92.62,747.0,3.5,31.6,90.0,1.0,0.0,31.6,33.1,35.3,1.204,0.0507
25.53,92.63,732.0,3.7,31.5,227.9,-0.742,-0.6704,31.5,33.1,35.4,1.206,0.0535
25.53,92.64,713.0,7.1,31.4,270.0,-1.0,-0.0,31.4,33.1,35.4,1.208,0.1023
25.53,92.65,728.0,7.6,31.3,270.0,-1.0,-0.0,31.3,33.2,35.5,1.21,0.1093
25.53,92.66,770.0,6.5,31.2,47.9,0.742,0.6704,31.2,33.2,35.6,1.212,0.0934
25.53,92.67,741.0,7.9,31.1,47.9,0.742,0.6704,31.1,33.3,35.6,1.214,0.1132
25.53,92.68,691.0,6.6,31.0,0.0,0.0,1.0,31.0,33.3,35.7,1.216,0.0945
25.53,92.69,638.0,6.6,30.9,0.0,0.0,1.0,30.9,33.4,35.8,1.217,0.0944
25.53,92.7,645.0,4.6,30.8,0.0,0.0,1.0,30.8,33.4,35.8,1.219,0.0658
25.53,92.71,608.0,4.6,30.7,0.0,0.0,1.0,30.7,33.5,35.8,1.219,0.0658
25.53,92.72,613.0,5.4,30.7,180.0,0.0,-1.0,30.7,33.5,35.8,1.22,0.0771
25.53,92.73,656.0,17.6,30.7,312.1,-0.742,0.6704,30.7,33.5,35.8,1.219,0.248
25.53,92.74,585.0,16.0,30.8,270.0,-1.0,-0.0,30.8,33.4,35.8,1.218,0.2263
25.53,92.75,555.0,14.2,30.9,312.1,-0.742,0.6704,30.9,33.4,35.7,1.217,0.2016
25.53,92.76,569.0,4.5,31.0,270.0,-1.0,-0.0,31.0,33.3,35.7,1.215,0.0646
25.53,92.77,548.0,16.4,31.2,0.0,0.0,1.0,31.2,33.2,35.6,1.212,0.233
25.53,92.78,414.0,16.4,31.4,0.0,0.0,1.0,31.4,33.0,35.5,1.21,0.2333
25.53,92.79,408.0,8.8,31.6,312.1,-0.742,0.6704,31.6,32.9,35.5,1.207,0.1267
25.53,92.8,370.0,12.9,31.8,47.9,0.742,0.6704,31.8,32.8,35.4,1.204,0.1854
25.53,92.81,306.0,13.4,32.0,90.0,1.0,0.0,32.0,32.6,35.3,1.202,0.1928
25.53,92.82,265.0,13.3,32.2,47.9,0.742,0.6704,32.2,32.5,35.3,1.2,0.1917
25.53,92.83,216.0,12.1,32.4,47.9,0.742,0.6704,32.4,32.4,35.2,1.198,0.175
25.53,92.84,217.0,7.4,32.6,47.9,0.742,0.6704,32.6,32.2,35.2,1.196,0.1077
25.53,92.85,166.0,13.8,32.7,180.0,0.0,-1.0,32.7,32.1,35.2,1.195,0.1996
25.53,92.86,278.0,14.3,32.8,270.0,-1.0,-0.0,32.8,32.0,35.1,1.194,0.2069
25.53,92.87,201.0,14.8,33.0,270.0,-1.0,-0.0,33.0,31.9,35.1,1.193,0.2141
25.53,92.88,227.0,8.9,33.1,312.1,-0.742,0.6704,33.1,31.8,35.1,1.192,0.1298
25.53,92.89,164.0,15.4,33.1,227.9,-0.742,-0.6704,33.1,31.7,35.1,1.191,0.223
25.53,92.9,176.0,19.2,33.2,270.0,-1.0,-0.0,33.2,31.7,35.1,1.191,0.2761
25.53,92.91,253.0,16.6,33.3,270.0,-1.0,-0.0,33.3,31.6,35.1,1.191,0.2399
25.53,92.92,227.0,19.3,33.3,270.0,-1.0,-0.0,33.3,31.5,35.1,1.191,0.2775
25.53,92.93,179.0,18.3,33.4,312.1,-0.742,0.6704,33.4,31.5,35.1,1.191,0.2636
25.53,92.94,216.0,9.1,33.4,270.0,-1.0,-0.0,33.4,31.4,35.2,1.191,0.1328
25.53,92.95,253.0,13.6,33.4,0.0,0.0,1.0,33.4,31.4,35.2,1.192,0.1973
25.53,92.96,143.0,15.8,33.4,227.9,-0.742,-0.6704,33.4,31.4,35.2,1.193,0.2282
25.53,92.97,175.0,17.7,33.4,270.0,-1.0,-0.0,33.4,31.3,35.3,1.195,0.2544
25.53,92.98,260.0,14.6,33.4,0.0,0.0,1.0,33.4,31.3,35.4,1.196,0.2108
25.53,92.99,141.0,14.6,33.3,0.0,0.0,1.0,33.3,31.2,35.4,1.198,0.2104
25.53,93.0,174.0,5.1,33.3,270.0,-1.0,-0.0,33.3,31.2,35.5,1.2,0.0741
25.53,93.01,159.0,5.4,33.2,270.0,-1.0,-0.0,33.2,31.2,35.6,1.203,0.0782
25.53,93.02,158.0,5.0,33.1,132.1,0.742,-0.6704,33.1,31.1,35.7,1.206,0.0723
25.53,93.03,190.0,5.7,33.0,90.0,1.0,0.0,33.0,31.1,35.8,1.209,0.0822
25.53,93.04,147.0,5.9,32.9,47.9,0.742,0.6704,32.9,31.1,36.0,1.213,0.0847
25.53,93.05,160.0,3.5,32.8,0.0,0.0,1.0,32.8,31.1,36.1,1.216,0.0502
25.53,93.06,135.0,4.4,32.6,90.0,1.0,0.0,32.6,31.1,36.3,1.22,0.0629
25.53,93.07,170.0,4.4,32.4,180.0,0.0,-1.0,32.4,31.1,36.4,1.224,0.0627
25.53,93.08,142.0,4.9,32.2,270.0,-1.0,-0.0,32.2,31.2,36.6,1.228,0.0696
25.53,93.09,140.0,6.1,31.9,270.0,-1.0,-0.0,31.9,31.3,36.8,1.233,0.0862
25.53,93.1,179.0,4.9,31.7,180.0,0.0,-1.0,31.7,31.3,37.0,1.237,0.0691
25.53,93.11,162.0,7.4,31.4,180.0,0.0,-1.0,31.4,31.4,37.2,1.24,0.1039
25.53,93.12,221.0,7.4,31.2,180.0,0.0,-1.0,31.2,31.5,37.3,1.242,0.1037
25.53,93.13,277.0,8.1,31.2,90.0,1.0,0.0,31.2,31.5,37.3,1.243,0.1134
25.53,93.14,267.0,5.2,31.3,132.1,0.742,-0.6704,31.3,31.5,37.3,1.242,0.073
25.53,93.15,292.0,4.3,31.5,270.0,-1.0,-0.0,31.5,31.4,37.1,1.24,0.0605
25.53,93.16,282.0,3.5,31.8,132.1,0.742,-0.6704,31.8,31.2,36.9,1.238,0.0493
25.53,93.17,256.0,7.3,32.1,90.0,1.0,0.0,32.1,31.1,36.8,1.235,0.1029
25.53,93.18,273.0,4.3,32.4,90.0,1.0,0.0,32.4,31.0,36.6,1.232,0.0609
25.53,93.19,302.0,3.6,32.7,180.0,0.0,-1.0,32.7,30.9,36.4,1.229,0.0511
25.53,93.2,309.0,3.5,32.9,312.1,-0.742,0.6704,32.9,30.8,36.3,1.226,0.0498
25.53,93.21,301.0,3.6,33.1,180.0,0.0,-1.0,33.1,30.7,36.2,1.224,0.0513
25.53,93.22,330.0,4.9,33.2,270.0,-1.0,-0.0,33.2,30.7,36.1,1.222,0.0699
25.53,93.23,331.0,3.7,33.3,227.9,-0.742,-0.6704,33.3,30.7,36.0,1.22,0.0529
25.53,93.24,306.0,8.8,33.4,180.0,0.0,-1.0,33.4,30.6,36.0,1.218,0.1256
25.53,93.25,377.0,13.2,33.5,227.9,-0.742,-0.6704,33.5,30.6,35.9,1.217,0.1876
25.53,93.26,396.0,15.6,33.5,270.0,-1.0,-0.0,33.5,30.6,35.9,1.215,0.2213
25.53,93.27,520.0,17.7,33.6,270.0,-1.0,-0.0,33.6,30.6,35.8,1.214,0.2504
25.53,93.28,515.0,12.9,33.6,227.9,-0.742,-0.6704,33.6,30.6,35.8,1.212,0.1842
25.53,93.29,451.0,11.6,33.7,90.0,1.0,0.0,33.7,30.6,35.8,1.211,0.166
25.54,92.62,735.0,3.5,31.6,312.1,-0.742,0.6704,31.6,33.1,35.3,1.204,0.0507
25.54,92.63,738.0,3.9,31.5,270.0,-1.0,-0.0,31.5,33.1,35.4,1.206,0.0564
25.54,92.64,723.0,3.5,31.4,0.0,0.0,1.0,31.4,33.1,35.4,1.208,0.0505
25.54,92.65,727.0,3.6,31.3,227.9,-0.742,-0.6704,31.3,33.2,35.5,1.21,0.0519
25.54,92.66,733.0,4.6,31.2,270.0,-1.0,-0.0,31.2,33.2,35.6,1.212,0.0662
25.54,92.67,743.0,7.0,31.1,270.0,-1.0,-0.0,31.1,33.3,35.6,1.213,0.1005
25.54,92.68,695.0,6.0,31.0,0.0,0.0,1.0,31.0,33.3,35.7,1.215,0.086
25.54,92.69,675.0,4.5,30.9,0.0,0.0,1.0,30.9,33.4,35.7,1.217,0.0645
25.54,92.7,639.0,4.5,30.8,0.0,0.0,1.0,30.8,33.4,35.8,1.218,0.0644
25.54,92.71,637.0,11.8,30.8,312.1,-0.742,0.6704,30.8,33.4,35.8,1.219,0.1678
25.54,92.72,625.0,14.7,30.7,312.1,-0.742,0.6704,30.7,33.4,35.8,1.219,0.2082
25.54,92.73,566.0,15.4,30.8,0.0,0.0,1.0,30.8,33.4,35.8,1.219,0.2178
25.54,92.74,440.0,17.6,30.8,312.1,-0.742,0.6704,30.8,33.4,35.8,1.218,0.2483
25.54,92.75,558.0,14.5,30.9,180.0,0.0,-1.0,30.9,33.3,35.7,1.216,0.2059
25.54,92.76,529.0,4.5,31.1,270.0,-1.0,-0.0,31.1,33.2,35.7,1.214,0.0646
25.54,92.77,557.0,11.9,31.2,47.9,0.742,0.6704,31.2,33.1,35.6,1.212,0.1701
25.54,92.78,506.0,13.7,31.4,0.0,0.0,1.0,31.4,33.0,35.5,1.21,0.1957
25.54,92.79,395.0,13.7,31.6,0.0,0.0,1.0,31.6,32.9,35.5,1.207,0.1962
25.54,92.8,364.0,7.7,31.8,180.0,0.0,-1.0,31.8,32.8,35.4,1.205,0.1112
25.54,92.81,426.0,13.4,32.0,90.0,1.0,0.0,32.0,32.6,35.4,1.203,0.1926
25.54,92.82,362.0,12.1,32.2,47.9,0.742,0.6704,32.2,32.5,35.3,1.201,0.1745
25.54,92.83,305.0,10.0,32.4,90.0,1.0,0.0,32.4,32.4,35.3,1.199,0.1448
25.54,92.84,233.0,9.0,32.5,0.0,0.0,1.0,32.5,32.2,35.3,1.197,0.1307
25.54,92.85,171.0,8.9,32.6,227.9,-0.742,-0.6704,32.6,32.1,35.2,1.196,0.1294
25.54,92.86,149.0,14.3,32.8,270.0,-1.0,-0.0,32.8,32.0,35.2,1.195,0.2067
25.54,92.87,166.0,9.3,32.9,312.1,-0.742,0.6704,32.9,31.9,35.2,1.194,0.1353
25.54,92.88,175.0,5.9,33.0,270.0,-1.0,-0.0,33.0,31.8,35.2,1.193,0.0862
25.54,92.89,160.0,5.6,33.0,312.1,-0.742,0.6704,33.0,31.8,35.2,1.193,0.0818
25.54,92.9,138.0,13.0,33.1,180.0,0.0,-1.0,33.1,31.7,35.2,1.193,0.1886
25.54,92.91,243.0,13.0,33.2,180.0,0.0,-1.0,33.2,31.6,35.2,1.193,0.1886
25.54,92.92,171.0,9.8,33.2,132.1,0.742,-0.6704,33.2,31.6,35.2,1.193,0.1427
25.54,92.93,136.0,17.1,33.3,180.0,0.0,-1.0,33.3,31.5,35.2,1.193,0.2465
25.54,92.94,276.0,17.4,33.3,0.0,0.0,1.0,33.3,31.5,35.3,1.194,0.2505
25.54,92.95,133.0,17.4,33.3,0.0,0.0,1.0,33.3,31.4,35.3,1.194,0.2505
25.54,92.96,143.0,9.2,33.3,312.1,-0.742,0.6704,33.3,31.4,35.3,1.195,0.1338
25.54,92.97,128.0,11.0,33.3,227.9,-0.742,-0.6704,33.3,31.3,35.4,1.197,0.1594
25.54,92.98,183.0,8.7,33.3,270.0,-1.0,-0.0,33.3,31.3,35.5,1.198,0.1263
25.54,92.99,137.0,10.2,33.2,312.1,-0.742,0.6704,33.2,31.3,35.5,1.2,0.1476
25.54,93.0,129.0,5.1,33.2,270.0,-1.0,-0.0,33.2,31.2,35.6,1.202,0.074
25.54,93.01,158.0,3.6,33.1,180.0,0.0,-1.0,33.1,31.2,35.7,1.205,0.0521
25.54,93.02,131.0,10.7,33.1,180.0,0.0,-1.0,33.1,31.1,35.8,1.207,0.1538
25.54,93.03,217.0,10.7,33.0,180.0,0.0,-1.0,33.0,31.1,35.9,1.21,0.1534
25.54,93.04,181.0,4.5,32.9,0.0,0.0,1.0,32.9,31.1,36.0,1.213,0.0647
25.54,93.05,168.0,3.5,32.8,47.9,0.742,0.6704,32.8,31.1,36.1,1.217,0.0502
25.54,93.06,174.0,4.4,32.7,90.0,1.0,0.0,32.7,31.1,36.2,1.22,0.0629
25.54,93.07,155.0,3.5,32.6,180.0,0.0,-1.0,32.6,31.1,36.4,1.224,0.0499
25.54,93.08,176.0,3.9,32.4,90.0,1.0,0.0,32.4,31.1,36.5,1.227,0.0554
25.54,93.09,169.0,3.5,32.2,90.0,1.0,0.0,32.2,31.2,36.6,1.231,0.0496
25.54,93.1,154.0,6.0,32.0,180.0,0.0,-1.0,32.0,31.2,36.8,1.234,0.0847
25.54,93.11,202.0,6.0,31.8,180.0,0.0,-1.0,31.8,31.3,36.9,1.237,0.0845
25.54,93.12,222.0,5.0,31.7,132.1,0.742,-0.6704,31.7,31.3,37.0,1.238,0.0704
25.54,93.13,237.0,4.5,31.7,270.0,-1.0,-0.0,31.7,31.3,37.0,1.239,0.0633
25.54,93.14,264.0,3.5,31.8,180.0,0.0,-1.0,31.8,31.2,36.9,1.239,0.0493
25.54,93.15,254.0,4.3,32.0,270.0,-1.0,-0.0,32.0,31.1,36.8,1.237,0.0606
25.54,93.16,271.0,6.3,32.3,180.0,0.0,-1.0,32.3,31.0,36.7,1.235,0.0889
25.54,93.17,321.0,7.3,32.5,90.0,1.0,0.0,32.5,30.9,36.5,1.233,0.1031
25.54,93.18,311.0,4.6,32.8,132.1,0.742,-0.6704,32.8,30.8,36.4,1.231,0.0651
25.54,93.19,322.0,4.1,33.0,132.1,0.742,-0.6704,33.0,30.8,36.3,1.228,0.0582
25.54,93.2,294.0,3.5,33.1,0.0,0.0,1.0,33.1,30.7,36.2,1.226,0.0498
25.54,93.21,283.0,4.0,33.2,227.9,-0.742,-0.6704,33.2,30.7,36.1,1.224,0.057
25.54,93.22,287.0,4.9,33.3,270.0,-1.0,-0.0,33.3,30.6,36.0,1.222,0.0699
25.54,93.23,306.0,3.5,33.4,270.0,-1.0,-0.0,33.4,30.6,36.0,1.221,0.05
25.54,93.24,323.0,4.5,33.5,227.9,-0.742,-0.6704,33.5,30.6,35.9,1.219,0.0644
25.54,93.25,356.0,6.2,33.5,270.0,-1.0,-0.0,33.5,30.6,35.9,1.217,0.0887
25.54,93.26,372.0,12.3,33.6,227.9,-0.742,-0.6704,33.6,30.6,35.8,1.216,0.1752
25.54,93.27,359.0,18.4,33.6,180.0,0.0,-1.0,33.6,30.6,35.8,1.214,0.26
25.54,93.28,511.0,20.4,33.6,270.0,-1.0,-0.0,33.6,30.6,35.8,1.213,0.2874
25.54,93.29,555.0,18.8,33.7,227.9,-0.742,-0.6704,33.7,30.6,35.7,1.212,0.2659
25.55,92.63,704.0,3.9,31.5,270.0,-1.0,-0.0,31.5,33.1,35.4,1.206,0.0564
25.55,92.64,727.0,3.8,31.4,312.1,-0.742,0.6704,31.4,33.1,35.4,1.208,0.0549
25.55,92.65,734.0,5.9,31.3,270.0,-1.0,-0.0,31.3,33.2,35.5,1.209,0.085
25.55,92.66,692.0,5.3,31.2,0.0,0.0,1.0,31.2,33.2,35.6,1.211,0.0763
25.55,92.67,681.0,7.0,31.1,270.0,-1.0,-0.0,31.1,33.3,35.6,1.213,0.1005
25.55,92.68,703.0,4.8,31.0,270.0,-1.0,-0.0,31.0,33.3,35.7,1.215,0.0689
25.55,92.69,676.0,3.5,30.9,0.0,0.0,1.0,30.9,33.3,35.7,1.216,0.0502
25.55,92.7,650.0,4.9,30.9,0.0,0.0,1.0,30.9,33.4,35.7,1.217,0.0702
25.55,92.71,611.0,14.3,30.8,0.0,0.0,1.0,30.8,33.4,35.8,1.218,0.2028
25.55,92.72,495.0,14.6,30.8,47.9,0.742,0.6704,30.8,33.4,35.8,1.218,0.207
25.55,92.73,446.0,14.7,30.8,312.1,-0.742,0.6704,30.8,33.4,35.8,1.218,0.2083
25.55,92.74,488.0,6.5,30.9,312.1,-0.742,0.6704,30.9,33.4,35.7,1.217,0.093
25.55,92.75,506.0,6.1,31.0,270.0,-1.0,-0.0,31.0,33.3,35.7,1.215,0.0875
25.55,92.76,552.0,9.3,31.1,270.0,-1.0,-0.0,31.1,33.2,35.7,1.214,0.1331
25.55,92.77,537.0,10.4,31.3,0.0,0.0,1.0,31.3,33.1,35.6,1.212,0.1489
25.55,92.78,453.0,10.4,31.5,0.0,0.0,1.0,31.5,33.0,35.5,1.209,0.1493
25.55,92.79,430.0,6.7,31.6,270.0,-1.0,-0.0,31.6,32.9,35.5,1.207,0.0967
25.55,92.8,417.0,6.0,31.8,90.0,1.0,0.0,31.8,32.7,35.4,1.205,0.0867
25.55,92.81,418.0,12.1,32.0,0.0,0.0,1.0,32.0,32.6,35.4,1.203,0.1742
25.55,92.82,320.0,12.1,32.2,0.0,0.0,1.0,32.2,32.5,35.4,1.201,0.1745
25.55,92.83,326.0,9.1,32.3,0.0,0.0,1.0,32.3,32.4,35.3,1.2,0.1318
25.55,92.84,253.0,9.1,32.5,0.0,0.0,1.0,32.5,32.2,35.3,1.198,0.132
25.55,92.85,211.0,7.9,32.6,47.9,0.742,0.6704,32.6,32.1,35.3,1.197,0.1148
25.55,92.86,192.0,4.9,32.7,90.0,1.0,0.0,32.7,32.0,35.3,1.196,0.0714
25.55,92.87,196.0,4.5,32.8,0.0,0.0,1.0,32.8,31.9,35.3,1.195,0.0657
25.55,92.88,160.0,4.5,32.9,0.0,0.0,1.0,32.9,31.9,35.3,1.195,0.0657
25.55,92.89,169.0,3.5,32.9,0.0,0.0,1.0,32.9,31.8,35.3,1.195,0.0511
25.55,92.9,148.0,7.9,33.0,227.9,-0.742,-0.6704,33.0,31.7,35.3,1.194,0.1151
25.55,92.91,198.0,6.3,33.1,180.0,0.0,-1.0,33.1,31.6,35.3,1.194,0.0919
25.55,92.92,244.0,9.6,33.1,270.0,-1.0,-0.0,33.1,31.6,35.3,1.195,0.1396
25.55,92.93,289.0,16.9,33.1,90.0,1.0,0.0,33.1,31.5,35.3,1.195,0.2433
25.55,92.94,199.0,11.2,33.1,0.0,0.0,1.0,33.1,31.5,35.4,1.196,0.1624
25.55,92.95,246.0,13.4,33.2,0.0,0.0,1.0,33.2,31.4,35.4,1.197,0.1936
25.55,92.96,137.0,13.4,33.2,0.0,0.0,1.0,33.2,31.4,35.4,1.198,0.1934
25.55,92.97,191.0,8.7,33.2,0.0,0.0,1.0,33.2,31.4,35.5,1.199,0.1262
25.55,92.98,121.0,8.7,33.1,0.0,0.0,1.0,33.1,31.3,35.5,1.2,0.1261
25.55,92.99,128.0,4.6,33.1,312.1,-0.742,0.6704,33.1,31.3,35.6,1.202,0.0667
25.55,93.0,128.0,5.0,33.1,180.0,0.0,-1.0,33.1,31.2,35.7,1.204,0.0724
25.55,93.01,168.0,5.0,33.1,180.0,0.0,-1.0,33.1,31.2,35.7,1.206,0.0723
25.55,93.02,162.0,4.6,33.0,227.9,-0.742,-0.6704,33.0,31.1,35.8,1.209,0.0663
25.55,93.03,188.0,4.8,33.0,132.1,0.742,-0.6704,33.0,31.1,35.9,1.211,0.0691
25.55,93.04,209.0,5.1,32.9,0.0,0.0,1.0,32.9,31.1,36.0,1.214,0.0732
25.55,93.05,168.0,5.1,32.9,0.0,0.0,1.0,32.9,31.0,36.1,1.217,0.073
25.55,93.06,156.0,6.9,32.8,90.0,1.0,0.0,32.8,31.0,36.2,1.22,0.0985
25.55,93.07,170.0,4.0,32.7,47.9,0.742,0.6704,32.7,31.0,36.3,1.223,0.057
25.55,93.08,151.0,5.8,32.6,90.0,1.0,0.0,32.6,31.0,36.4,1.226,0.0824
25.55,93.09,169.0,3.5,32.5,47.9,0.742,0.6704,32.5,31.0,36.5,1.229,0.0497
25.55,93.1,181.0,3.5,32.4,90.0,1.0,0.0,32.4,31.0,36.6,1.232,0.0496
25.55,93.11,173.0,6.7,32.3,180.0,0.0,-1.0,32.3,31.0,36.6,1.234,0.0945
25.55,93.12,227.0,6.7,32.3,180.0,0.0,-1.0,32.3,31.0,36.7,1.235,0.0945
25.55,93.13,238.0,4.5,32.3,227.9,-0.742,-0.6704,32.3,31.0,36.7,1.235,0.0635
25.55,93.14,250.0,3.5,32.5,0.0,0.0,1.0,32.5,30.9,36.6,1.235,0.0494
25.55,93.15,236.0,6.0,32.6,132.1,0.742,-0.6704,32.6,30.9,36.5,1.234,0.0847
25.55,93.16,259.0,8.2,32.8,180.0,0.0,-1.0,32.8,30.8,36.4,1.233,0.1157
25.55,93.17,325.0,8.2,33.0,180.0,0.0,-1.0,33.0,30.7,36.3,1.231,0.1159
25.55,93.18,288.0,4.6,33.2,0.0,0.0,1.0,33.2,30.6,36.2,1.229,0.0653
25.55,93.19,311.0,4.0,33.3,0.0,0.0,1.0,33.3,30.6,36.1,1.228,0.0568
25.55,93.2,279.0,5.2,33.4,132.1,0.742,-0.6704,33.4,30.6,36.1,1.226,0.0739
25.55,93.21,316.0,4.6,33.4,180.0,0.0,-1.0,33.4,30.6,36.0,1.224,0.0655
25.55,93.22,323.0,4.1,33.5,90.0,1.0,0.0,33.5,30.6,36.0,1.223,0.0585
25.55,93.23,302.0,4.2,33.5,90.0,1.0,0.0,33.5,30.6,35.9,1.221,0.06
25.55,93.24,321.0,3.5,33.6,227.9,-0.742,-0.6704,33.6,30.6,35.9,1.219,0.0501
25.55,93.25,301.0,7.2,33.6,180.0,0.0,-1.0,33.6,30.6,35.9,1.218,0.1029
25.55,93.26,359.0,7.2,33.6,180.0,0.0,-1.0,33.6,30.6,35.8,1.216,0.1031
25.55,93.27,321.0,15.6,33.6,227.9,-0.742,-0.6704,33.6,30.6,35.8,1.215,0.2213
25.55,93.28,323.0,20.4,33.7,270.0,-1.0,-0.0,33.7,30.6,35.8,1.214,0.2871
25.55,93.29,405.0,16.6,33.7,270.0,-1.0,-0.0,33.7,30.6,35.7,1.212,0.2357
25.56,92.64,694.0,6.2,31.5,312.1,-0.742,0.6704,31.5,33.1,35.4,1.207,0.0895
25.56,92.65,682.0,14.5,31.4,312.1,-0.742,0.6704,31.4,33.1,35.5,1.209,0.2071
25.56,92.66,665.0,17.5,31.3,270.0,-1.0,-0.0,31.3,33.2,35.5,1.211,0.2483
25.56,92.67,654.0,12.3,31.2,227.9,-0.742,-0.6704,31.2,33.2,35.6,1.212,0.1758
25.56,92.68,661.0,4.8,31.1,270.0,-1.0,-0.0,31.1,33.3,35.6,1.214,0.0689
25.56,92.69,674.0,4.4,31.0,227.9,-0.742,-0.6704,31.0,33.3,35.7,1.215,0.0631
25.56,92.7,687.0,6.7,31.0,312.1,-0.742,0.6704,31.0,33.3,35.7,1.216,0.0959
25.56,92.71,672.0,16.8,30.9,0.0,0.0,1.0,30.9,33.3,35.7,1.216,0.2377
25.56,92.72,534.0,16.8,30.9,0.0,0.0,1.0,30.9,33.3,35.7,1.217,0.2375
25.56,92.73,500.0,8.5,30.9,312.1,-0.742,0.6704,30.9,33.3,35.7,1.216,0.1216
25.56,92.74,478.0,9.0,31.0,270.0,-1.0,-0.0,31.0,33.3,35.7,1.216,0.1286
25.56,92.75,452.0,8.4,31.1,227.9,-0.742,-0.6704,31.1,33.2,35.7,1.214,0.1203
25.56,92.76,469.0,9.3,31.2,270.0,-1.0,-0.0,31.2,33.2,35.6,1.213,0.1332
25.56,92.77,496.0,10.6,31.3,312.1,-0.742,0.6704,31.3,33.1,35.6,1.211,0.1519
25.56,92.78,483.0,13.8,31.5,0.0,0.0,1.0,31.5,33.0,35.5,1.209,0.1973
25.56,92.79,371.0,13.8,31.7,0.0,0.0,1.0,31.7,32.8,35.5,1.207,0.1976
25.56,92.8,374.0,4.9,31.8,270.0,-1.0,-0.0,31.8,32.7,35.5,1.205,0.0709
25.56,92.81,385.0,8.7,32.0,312.1,-0.742,0.6704,32.0,32.6,35.4,1.203,0.1257
25.56,92.82,356.0,8.5,32.1,270.0,-1.0,-0.0,32.1,32.5,35.4,1.202,0.123
25.56,92.83,309.0,6.0,32.3,312.1,-0.742,0.6704,32.3,32.4,35.4,1.2,0.0871
25.56,92.84,306.0,13.7,32.4,0.0,0.0,1.0,32.4,32.2,35.3,1.199,0.1975
25.56,92.85,195.0,13.7,32.5,0.0,0.0,1.0,32.5,32.1,35.3,1.198,0.1977
25.56,92.86,188.0,6.6,32.6,90.0,1.0,0.0,32.6,32.0,35.3,1.197,0.096
25.56,92.87,213.0,4.5,32.7,47.9,0.742,0.6704,32.7,32.0,35.3,1.197,0.0655
25.56,92.88,187.0,3.5,32.8,0.0,0.0,1.0,32.8,31.9,35.3,1.196,0.051
25.56,92.89,181.0,5.0,32.8,0.0,0.0,1.0,32.8,31.8,35.4,1.196,0.0729
25.56,92.9,141.0,5.0,32.9,0.0,0.0,1.0,32.9,31.7,35.4,1.196,0.0729
25.56,92.91,170.0,6.2,32.9,227.9,-0.742,-0.6704,32.9,31.7,35.4,1.196,0.0903
25.56,92.92,159.0,10.8,33.0,227.9,-0.742,-0.6704,33.0,31.6,35.4,1.197,0.1565
25.56,92.93,166.0,13.7,33.0,270.0,-1.0,-0.0,33.0,31.6,35.4,1.197,0.1979
25.56,92.94,131.0,13.1,33.0,312.1,-0.742,0.6704,33.0,31.5,35.5,1.198,0.1892
25.56,92.95,153.0,10.4,33.0,270.0,-1.0,-0.0,33.0,31.5,35.5,1.199,0.1506
25.56,92.96,152.0,7.9,33.0,312.1,-0.742,0.6704,33.0,31.4,35.5,1.2,0.1145
25.56,92.97,134.0,6.4,33.0,270.0,-1.0,-0.0,33.0,31.4,35.6,1.201,0.0928
25.56,92.98,116.0,6.3,33.0,312.1,-0.742,0.6704,33.0,31.3,35.6,1.202,0.0913
25.56,92.99,128.0,4.2,33.0,90.0,1.0,0.0,33.0,31.3,35.7,1.204,0.0608
25.56,93.0,117.0,4.3,33.0,227.9,-0.742,-0.6704,33.0,31.2,35.8,1.206,0.0622
25.56,93.01,145.0,3.5,33.0,180.0,0.0,-1.0,33.0,31.2,35.8,1.208,0.0505
25.56,93.02,137.0,7.4,33.0,180.0,0.0,-1.0,33.0,31.1,35.9,1.21,0.1064
25.56,93.03,196.0,7.4,33.0,180.0,0.0,-1.0,33.0,31.1,35.9,1.213,0.1062
25.56,93.04,184.0,3.5,32.9,270.0,-1.0,-0.0,32.9,31.1,36.0,1.215,0.0502
25.56,93.05,168.0,6.8,32.9,132.1,0.742,-0.6704,32.9,31.0,36.1,1.218,0.0972
25.56,93.06,217.0,6.9,32.9,90.0,1.0,0.0,32.9,31.0,36.1,1.22,0.0985
25.56,93.07,187.0,8.8,32.9,90.0,1.0,0.0,32.9,30.9,36.2,1.223,0.1251
25.56,93.08,202.0,5.8,32.8,90.0,1.0,0.0,32.8,30.9,36.3,1.225,0.0825
25.56,93.09,184.0,9.3,32.8,90.0,1.0,0.0,32.8,30.9,36.3,1.228,0.1316
25.56,93.1,188.0,6.6,32.8,47.9,0.742,0.6704,32.8,30.9,36.3,1.23,0.0934
25.56,93.11,211.0,4.3,32.8,90.0,1.0,0.0,32.8,30.8,36.4,1.231,0.0609
25.56,93.12,185.0,9.5,32.9,180.0,0.0,-1.0,32.9,30.8,36.3,1.232,0.134
25.56,93.13,261.0,9.5,33.0,180.0,0.0,-1.0,33.0,30.7,36.3,1.232,0.134
25.56,93.14,258.0,6.6,33.2,132.1,0.742,-0.6704,33.2,30.6,36.2,1.232,0.0933
25.56,93.15,246.0,10.2,33.3,90.0,1.0,0.0,33.3,30.6,36.1,1.232,0.1437
25.56,93.16,308.0,7.7,33.4,180.0,0.0,-1.0,33.4,30.5,36.1,1.231,0.1088
25.56,93.17,300.0,4.4,33.5,270.0,-1.0,-0.0,33.5,30.5,36.0,1.23,0.0624
25.56,93.18,289.0,3.5,33.6,90.0,1.0,0.0,33.6,30.4,36.0,1.229,0.0497
25.56,93.19,299.0,5.3,33.6,270.0,-1.0,-0.0,33.6,30.4,35.9,1.227,0.0753
25.56,93.2,267.0,9.2,33.6,180.0,0.0,-1.0,33.6,30.5,35.9,1.226,0.1304
25.56,93.21,341.0,9.2,33.6,180.0,0.0,-1.0,33.6,30.5,35.9,1.224,0.1306
25.56,93.22,310.0,3.9,33.6,0.0,0.0,1.0,33.6,30.5,35.9,1.223,0.0556
25.56,93.23,339.0,4.2,33.6,90.0,1.0,0.0,33.6,30.5,35.9,1.221,0.06
25.56,93.24,334.0,3.8,33.7,132.1,0.742,-0.6704,33.7,30.5,35.8,1.22,0.0543
25.56,93.25,322.0,6.9,33.7,132.1,0.742,-0.6704,33.7,30.5,35.8,1.218,0.0986
25.56,93.26,359.0,8.9,33.7,132.1,0.742,-0.6704,33.7,30.5,35.8,1.217,0.1271
25.56,93.27,367.0,11.1,33.7,90.0,1.0,0.0,33.7,30.5,35.8,1.216,0.1583
25.56,93.28,408.0,12.4,33.7,132.1,0.742,-0.6704,33.7,30.6,35.8,1.214,0.1769
25.56,93.29,397.0,17.7,33.7,90.0,1.0,0.0,33.7,30.6,35.7,1.213,0.2506
25.57,92.65,620.0,14.0,31.4,0.0,0.0,1.0,31.4,33.1,35.5,1.208,0.2003
25.57,92.66,506.0,17.5,31.3,270.0,-1.0,-0.0,31.3,33.1,35.5,1.21,0.2485
25.57,92.67,617.0,16.5,31.2,312.1,-0.742,0.6704,31.2,33.2,35.6,1.211,0.2345
25.57,92.68,622.0,22.3,31.2,270.0,-1.0,-0.0,31.2,33.2,35.6,1.213,0.3128
25.57,92.69,637.0,18.1,31.1,227.9,-0.742,-0.6704,31.1,33.3,35.7,1.214,0.2559
25.57,92.7,634.0,9.0,31.0,312.1,-0.742,0.6704,31.0,33.3,35.7,1.215,0.1288
25.57,92.71,607.0,12.9,31.0,312.1,-0.742,0.6704,31.0,33.3,35.7,1.215,0.1837
25.57,92.72,516.0,12.9,31.0,312.1,-0.742,0.6704,31.0,33.3,35.7,1.215,0.1837
25.57,92.73,509.0,15.7,31.0,270.0,-1.0,-0.0,31.0,33.3,35.7,1.215,0.2227
25.57,92.74,398.0,13.7,31.1,180.0,0.0,-1.0,31.1,33.2,35.7,1.214,0.1951
25.57,92.75,509.0,13.7,31.2,180.0,0.0,-1.0,31.2,33.2,35.6,1.213,0.1952
25.57,92.76,486.0,10.1,31.3,270.0,-1.0,-0.0,31.3,33.1,35.6,1.212,0.1447
25.57,92.77,442.0,9.1,31.4,0.0,0.0,1.0,31.4,33.0,35.6,1.21,0.1307
25.57,92.78,369.0,12.7,31.6,270.0,-1.0,-0.0,31.6,32.9,35.5,1.208,0.182
25.57,92.79,355.0,10.7,31.7,312.1,-0.742,0.6704,31.7,32.8,35.5,1.207,0.1538
25.57,92.8,341.0,3.7,31.8,270.0,-1.0,-0.0,31.8,32.7,35.5,1.205,0.0536
25.57,92.81,325.0,6.8,32.0,270.0,-1.0,-0.0,32.0,32.6,35.4,1.203,0.0984
25.57,92.82,281.0,8.7,32.1,312.1,-0.742,0.6704,32.1,32.5,35.4,1.202,0.1258
25.57,92.83,297.0,10.2,32.3,270.0,-1.0,-0.0,32.3,32.3,35.4,1.201,0.1474
25.57,92.84,238.0,7.7,32.4,270.0,-1.0,-0.0,32.4,32.2,35.4,1.2,0.1117
25.57,92.85,248.0,6.0,32.5,90.0,1.0,0.0,32.5,32.1,35.4,1.199,0.0872
25.57,92.86,246.0,6.6,32.6,90.0,1.0,0.0,32.6,32.1,35.4,1.198,0.0959
25.57,92.87,205.0,5.1,32.6,0.0,0.0,1.0,32.6,32.0,35.4,1.198,0.0742
25.57,92.88,184.0,3.5,32.7,0.0,0.0,1.0,32.7,31.9,35.4,1.198,0.051
25.57,92.89,178.0,3.5,32.8,47.9,0.742,0.6704,32.8,31.8,35.4,1.198,0.051
25.57,92.9,157.0,4.9,32.8,90.0,1.0,0.0,32.8,31.8,35.5,1.198,0.0713
25.57,92.91,154.0,3.9,32.8,47.9,0.742,0.6704,32.8,31.7,35.5,1.198,0.0568
25.57,92.92,133.0,6.7,32.9,180.0,0.0,-1.0,32.9,31.6,35.5,1.198,0.0974
25.57,92.93,187.0,6.7,32.9,180.0,0.0,-1.0,32.9,31.6,35.5,1.199,0.0973
25.57,92.94,236.0,12.7,32.9,0.0,0.0,1.0,32.9,31.5,35.6,1.2,0.1832
25.57,92.95,133.0,12.7,32.9,0.0,0.0,1.0,32.9,31.5,35.6,1.201,0.1831
25.57,92.96,141.0,3.5,32.9,0.0,0.0,1.0,32.9,31.4,35.7,1.202,0.0508
25.57,92.97,120.0,3.9,32.9,132.1,0.742,-0.6704,32.9,31.4,35.7,1.203,0.0565
25.57,92.98,121.0,5.5,32.9,180.0,0.0,-1.0,32.9,31.3,35.7,1.204,0.0796
25.57,92.99,165.0,5.5,32.9,180.0,0.0,-1.0,32.9,31.3,35.8,1.206,0.0795
25.57,93.0,135.0,4.0,32.9,90.0,1.0,0.0,32.9,31.2,35.8,1.208,0.0577
25.57,93.01,146.0,7.5,32.9,132.1,0.742,-0.6704,32.9,31.2,35.9,1.209,0.108
25.57,93.02,169.0,7.5,32.9,90.0,1.0,0.0,32.9,31.1,35.9,1.211,0.1078
25.57,93.03,159.0,6.4,32.9,47.9,0.742,0.6704,32.9,31.1,36.0,1.213,0.0919
25.57,93.04,163.0,3.5,32.9,312.1,-0.742,0.6704,32.9,31.0,36.0,1.216,0.0502
25.57,93.05,182.0,10.2,33.0,132.1,0.742,-0.6704,33.0,31.0,36.1,1.218,0.1454
25.57,93.06,249.0,8.4,33.0,180.0,0.0,-1.0,33.0,30.9,36.1,1.22,0.1197
25.57,93.07,265.0,8.8,33.0,90.0,1.0,0.0,33.0,30.9,36.1,1.223,0.1251
25.57,93.08,206.0,9.8,33.1,132.1,0.742,-0.6704,33.1,30.8,36.1,1.225,0.1389
25.57,93.09,267.0,9.3,33.1,90.0,1.0,0.0,33.1,30.7,36.1,1.227,0.1317
25.57,93.1,246.0,6.6,33.2,90.0,1.0,0.0,33.2,30.7,36.1,1.228,0.0936
25.57,93.11,230.0,5.4,33.3,90.0,1.0,0.0,33.3,30.6,36.1,1.229,0.0766
25.57,93.12,214.0,7.0,33.5,90.0,1.0,0.0,33.5,30.5,36.0,1.23,0.0991
25.57,93.13,264.0,6.6,33.7,132.1,0.742,-0.6704,33.7,30.4,35.9,1.23,0.0934
25.57,93.14,277.0,7.5,33.8,180.0,0.0,-1.0,33.8,30.3,35.9,1.23,0.1061
25.57,93.15,337.0,10.2,34.0,90.0,1.0,0.0,34.0,30.2,35.8,1.23,0.144
25.57,93.16,303.0,5.3,34.0,0.0,0.0,1.0,34.0,30.2,35.8,1.23,0.0751
25.57,93.17,261.0,7.4,34.0,180.0,0.0,-1.0,34.0,30.2,35.8,1.229,0.1048
25.57,93.18,320.0,8.5,34.0,0.0,0.0,1.0,34.0,30.2,35.8,1.228,0.1204
25.57,93.19,252.0,8.5,34.0,0.0,0.0,1.0,34.0,30.3,35.8,1.227,0.1205
25.57,93.2,269.0,9.7,33.9,180.0,0.0,-1.0,33.9,30.3,35.8,1.226,0.1374
25.57,93.21,347.0,9.7,33.8,180.0,0.0,-1.0,33.8,30.4,35.8,1.225,0.1375
25.57,93.22,328.0,13.5,33.8,132.1,0.742,-0.6704,33.8,30.4,35.8,1.223,0.1909
25.57,93.23,335.0,17.9,33.8,132.1,0.742,-0.6704,33.8,30.4,35.8,1.222,0.2515
25.57,93.24,353.0,21.8,33.7,90.0,1.0,0.0,33.7,30.5,35.8,1.22,0.3044
25.57,93.25,379.0,14.5,33.7,47.9,0.742,0.6704,33.7,30.5,35.8,1.219,0.2054
25.57,93.26,404.0,13.5,33.7,132.1,0.742,-0.6704,33.7,30.5,35.8,1.217,0.1918
25.57,93.27,466.0,11.3,33.7,90.0,1.0,0.0,33.7,30.5,35.8,1.216,0.1611
25.57,93.28,462.0,11.9,33.7,180.0,0.0,-1.0,33.7,30.5,35.7,1.215,0.1697
25.57,93.29,558.0,17.7,33.7,90.0,1.0,0.0,33.7,30.6,35.7,1.214,0.2504
25.58,92.66,605.0,11.1,31.4,90.0,1.0,0.0,31.4,33.1,35.5,1.209,0.1592
25.58,92.67,594.0,21.4,31.3,0.0,0.0,1.0,31.3,33.1,35.6,1.21,0.3016
25.58,92.68,415.0,22.3,31.2,270.0,-1.0,-0.0,31.2,33.2,35.6,1.212,0.3131
25.58,92.69,602.0,25.0,31.2,270.0,-1.0,-0.0,31.2,33.2,35.6,1.212,0.3487
25.58,92.7,587.0,17.9,31.1,227.9,-0.742,-0.6704,31.1,33.2,35.6,1.213,0.2534
25.58,92.71,526.0,11.6,31.1,312.1,-0.742,0.6704,31.1,33.2,35.7,1.214,0.1656
25.58,92.72,451.0,15.7,31.1,312.1,-0.742,0.6704,31.1,33.2,35.7,1.214,0.2229
25.58,92.73,367.0,15.7,31.1,270.0,-1.0,-0.0,31.1,33.2,35.7,1.213,0.2231
25.58,92.74,363.0,12.1,31.2,227.9,-0.742,-0.6704,31.2,33.2,35.6,1.213,0.1728
25.58,92.75,413.0,10.8,31.3,270.0,-1.0,-0.0,31.3,33.1,35.6,1.212,0.1546
25.58,92.76,396.0,10.1,31.4,270.0,-1.0,-0.0,31.4,33.0,35.6,1.211,0.1448
25.58,92.77,402.0,7.0,31.5,312.1,-0.742,0.6704,31.5,33.0,35.6,1.209,0.1008
25.58,92.78,371.0,6.0,31.6,312.1,-0.742,0.6704,31.6,32.9,35.5,1.208,0.0865
25.58,92.79,360.0,5.5,31.7,270.0,-1.0,-0.0,31.7,32.8,35.5,1.206,0.0795
25.58,92.8,332.0,3.5,31.9,0.0,0.0,1.0,31.9,32.6,35.5,1.205,0.0507
25.58,92.81,309.0,3.5,32.0,0.0,0.0,1.0,32.0,32.5,35.5,1.203,0.0507
25.58,92.82,297.0,11.3,32.1,0.0,0.0,1.0,32.1,32.4,35.5,1.202,0.163
25.58,92.83,206.0,11.3,32.2,0.0,0.0,1.0,32.2,32.3,35.4,1.201,0.1632
25.58,92.84,178.0,9.9,32.3,47.9,0.742,0.6704,32.3,32.2,35.4,1.2,0.1433
25.58,92.85,221.0,5.7,32.4,312.1,-0.742,0.6704,32.4,32.1,35.4,1.2,0.0828
25.58,92.86,209.0,6.3,32.5,270.0,-1.0,-0.0,32.5,32.1,35.5,1.199,0.0915
25.58,92.87,198.0,4.0,32.6,312.1,-0.742,0.6704,32.6,32.0,35.5,1.199,0.0582
25.58,92.88,203.0,4.6,32.6,0.0,0.0,1.0,32.6,31.9,35.5,1.199,0.0669
25.58,92.89,166.0,4.6,32.7,0.0,0.0,1.0,32.7,31.8,35.5,1.199,0.0669
25.58,92.9,200.0,6.6,32.7,0.0,0.0,1.0,32.7,31.8,35.5,1.199,0.0959
25.58,92.91,147.0,8.3,32.7,90.0,1.0,0.0,32.7,31.7,35.6,1.2,0.1203
25.58,92.92,156.0,5.5,32.7,47.9,0.742,0.6704,32.7,31.7,35.6,1.2,0.0799
25.58,92.93,135.0,8.4,32.7,227.9,-0.742,-0.6704,32.7,31.6,35.6,1.201,0.1216
25.58,92.94,123.0,12.6,32.8,270.0,-1.0,-0.0,32.8,31.6,35.7,1.202,0.1815
25.58,92.95,115.0,10.1,32.8,312.1,-0.742,0.6704,32.8,31.5,35.7,1.203,0.1458
25.58,92.96,124.0,3.5,32.8,90.0,1.0,0.0,32.8,31.5,35.8,1.204,0.0507
25.58,92.97,115.0,6.4,32.8,180.0,0.0,-1.0,32.8,31.4,35.8,1.205,0.0925
25.58,92.98,166.0,6.4,32.8,180.0,0.0,-1.0,32.8,31.4,35.8,1.206,0.0924
25.58,92.99,131.0,8.9,32.8,132.1,0.742,-0.6704,32.8,31.3,35.9,1.208,0.1281
25.58,93.0,170.0,7.6,32.8,90.0,1.0,0.0,32.8,31.3,35.9,1.209,0.1094
25.58,93.01,155.0,10.1,32.8,90.0,1.0,0.0,32.8,31.2,36.0,1.211,0.1448
25.58,93.02,235.0,9.9,32.9,180.0,0.0,-1.0,32.9,31.2,36.0,1.213,0.1417
25.58,93.03,183.0,6.5,32.9,0.0,0.0,1.0,32.9,31.1,36.0,1.214,0.0932
25.58,93.04,158.0,6.6,32.9,90.0,1.0,0.0,32.9,31.0,36.0,1.216,0.0945
25.58,93.05,178.0,15.4,33.0,180.0,0.0,-1.0,33.0,31.0,36.0,1.218,0.218
25.58,93.06,304.0,15.4,33.1,180.0,0.0,-1.0,33.1,30.9,36.1,1.22,0.2177
25.58,93.07,299.0,11.8,33.2,0.0,0.0,1.0,33.2,30.8,36.1,1.222,0.1673
25.58,93.08,204.0,14.6,33.3,180.0,0.0,-1.0,33.3,30.7,36.0,1.224,0.2059
25.58,93.09,323.0,14.6,33.4,180.0,0.0,-1.0,33.4,30.6,36.0,1.226,0.2056
25.58,93.1,274.0,6.1,33.6,0.0,0.0,1.0,33.6,30.5,35.9,1.227,0.0866
25.58,93.11,278.0,5.4,33.8,90.0,1.0,0.0,33.8,30.4,35.9,1.228,0.0766
25.58,93.12,276.0,7.0,34.0,90.0,1.0,0.0,34.0,30.2,35.8,1.229,0.0992
25.58,93.13,273.0,7.2,34.3,90.0,1.0,0.0,34.3,30.1,35.6,1.229,0.102
25.58,93.14,277.0,5.0,34.5,47.9,0.742,0.6704,34.5,30.0,35.5,1.229,0.0709
25.58,93.15,262.0,8.5,34.6,270.0,-1.0,-0.0,34.6,29.9,35.5,1.229,0.1203
25.58,93.16,267.0,5.9,34.6,312.1,-0.742,0.6704,34.6,29.9,35.5,1.229,0.0836
25.58,93.17,261.0,5.9,34.5,90.0,1.0,0.0,34.5,30.0,35.5,1.229,0.0836
25.58,93.18,268.0,6.6,34.4,132.1,0.742,-0.6704,34.4,30.0,35.6,1.228,0.0936
25.58,93.19,250.0,10.9,34.3,90.0,1.0,0.0,34.3,30.1,35.6,1.227,0.1541
25.58,93.2,285.0,10.8,34.2,132.1,0.742,-0.6704,34.2,30.2,35.7,1.226,0.1528
25.58,93.21,326.0,10.0,34.1,90.0,1.0,0.0,34.1,30.3,35.7,1.225,0.1418
25.58,93.22,362.0,15.8,34.0,180.0,0.0,-1.0,34.0,30.3,35.7,1.223,0.2226
25.58,93.23,491.0,17.2,33.9,90.0,1.0,0.0,33.9,30.4,35.7,1.222,0.242
25.58,93.24,555.0,21.8,33.8,90.0,1.0,0.0,33.8,30.4,35.7,1.221,0.3042
25.58,93.25,502.0,13.7,33.8,90.0,1.0,0.0,33.8,30.4,35.7,1.219,0.1943
25.58,93.26,471.0,11.9,33.8,180.0,0.0,-1.0,33.8,30.5,35.7,1.218,0.1693
25.58,93.27,567.0,14.7,33.8,227.9,-0.742,-0.6704,33.8,30.5,35.7,1.217,0.2085
25.58,93.28,478.0,11.0,33.7,0.0,0.0,1.0,33.7,30.5,35.7,1.215,0.157
25.58,93.29,511.0,6.9,33.7,270.0,-1.0,-0.0,33.7,30.6,35.7,1.214,0.099
25.59,92.66,635.0,3.5,31.4,47.9,0.742,0.6704,31.4,33.1,35.5,1.208,0.0505
25.59,92.67,609.0,15.9,31.4,47.9,0.742,0.6704,31.4,33.1,35.5,1.209,0.2266
25.59,92.68,552.0,22.1,31.3,0.0,0.0,1.0,31.3,33.1,35.6,1.21,0.3109
25.59,92.69,367.0,25.0,31.3,270.0,-1.0,-0.0,31.3,33.1,35.6,1.211,0.349
25.59,92.7,556.0,22.5,31.2,180.0,0.0,-1.0,31.2,33.2,35.6,1.212,0.3157
25.59,92.71,441.0,14.1,31.2,0.0,0.0,1.0,31.2,33.2,35.6,1.212,0.201
25.59,92.72,386.0,15.4,31.2,0.0,0.0,1.0,31.2,33.1,35.6,1.212,0.2191
25.59,92.73,260.0,20.6,31.3,47.9,0.742,0.6704,31.3,33.1,35.6,1.212,0.2903
25.59,92.74,292.0,10.1,31.3,227.9,-0.742,-0.6704,31.3,33.1,35.6,1.211,0.1448
25.59,92.75,349.0,10.2,31.4,270.0,-1.0,-0.0,31.4,33.0,35.6,1.211,0.1462
25.59,92.76,365.0,8.9,31.5,227.9,-0.742,-0.6704,31.5,33.0,35.6,1.21,0.1279
25.59,92.77,372.0,4.2,31.6,227.9,-0.742,-0.6704,31.6,32.9,35.6,1.208,0.0606
25.59,92.78,375.0,8.0,31.7,0.0,0.0,1.0,31.7,32.8,35.5,1.207,0.1153
25.59,92.79,311.0,8.0,31.8,0.0,0.0,1.0,31.8,32.7,35.5,1.206,0.1154
25.59,92.8,327.0,5.5,31.9,312.1,-0.742,0.6704,31.9,32.6,35.5,1.205,0.0795
25.59,92.81,293.0,4.3,32.0,0.0,0.0,1.0,32.0,32.5,35.5,1.204,0.0623
25.59,92.82,320.0,9.5,32.1,47.9,0.742,0.6704,32.1,32.4,35.5,1.203,0.1372
25.59,92.83,297.0,10.2,32.2,90.0,1.0,0.0,32.2,32.3,35.5,1.202,0.1473
25.59,92.84,245.0,7.6,32.3,90.0,1.0,0.0,32.3,32.2,35.5,1.201,0.1101
25.59,92.85,189.0,7.0,32.4,0.0,0.0,1.0,32.4,32.1,35.5,1.201,0.1015
25.59,92.86,153.0,6.4,32.4,47.9,0.742,0.6704,32.4,32.1,35.5,1.2,0.0929
25.59,92.87,199.0,5.8,32.5,180.0,0.0,-1.0,32.5,32.0,35.5,1.2,0.0842
25.59,92.88,213.0,4.6,32.5,0.0,0.0,1.0,32.5,31.9,35.6,1.2,0.0668
25.59,92.89,176.0,4.6,32.5,0.0,0.0,1.0,32.5,31.8,35.6,1.201,0.0668
25.59,92.9,169.0,6.5,32.6,180.0,0.0,-1.0,32.6,31.8,35.6,1.201,0.0943
25.59,92.91,221.0,8.3,32.6,90.0,1.0,0.0,32.6,31.7,35.7,1.201,0.1202
25.59,92.92,164.0,7.1,32.6,0.0,0.0,1.0,32.6,31.7,35.7,1.202,0.1028
25.59,92.93,137.0,3.5,32.6,0.0,0.0,1.0,32.6,31.6,35.8,1.203,0.0507
25.59,92.94,128.0,3.5,32.6,90.0,1.0,0.0,32.6,31.6,35.8,1.204,0.0507
25.59,92.95,115.0,5.1,32.6,132.1,0.742,-0.6704,32.6,31.5,35.8,1.205,0.0738
25.59,92.96,149.0,4.3,32.6,180.0,0.0,-1.0,32.6,31.5,35.9,1.206,0.0622
25.59,92.97,145.0,6.5,32.6,132.1,0.742,-0.6704,32.6,31.4,35.9,1.207,0.0938
25.59,92.98,165.0,6.6,32.6,90.0,1.0,0.0,32.6,31.4,36.0,1.208,0.0951
25.59,92.99,180.0,7.1,32.7,180.0,0.0,-1.0,32.7,31.3,36.0,1.209,0.1022
25.59,93.0,237.0,8.9,32.7,132.1,0.742,-0.6704,32.7,31.3,36.0,1.211,0.1278
25.59,93.01,245.0,10.1,32.7,90.0,1.0,0.0,32.7,31.2,36.0,1.212,0.1447
25.59,93.02,176.0,10.1,32.8,132.1,0.742,-0.6704,32.8,31.2,36.0,1.214,0.1445
25.59,93.03,188.0,12.2,32.8,90.0,1.0,0.0,32.8,31.1,36.1,1.215,0.1739
25.59,93.04,216.0,6.8,32.9,47.9,0.742,0.6704,32.9,31.0,36.1,1.217,0.0973
25.59,93.05,202.0,8.5,33.0,227.9,-0.742,-0.6704,33.0,30.9,36.1,1.219,0.1213
25.59,93.06,258.0,7.0,33.1,180.0,0.0,-1.0,33.1,30.8,36.0,1.221,0.0998
25.59,93.07,302.0,8.2,33.3,47.9,0.742,0.6704,33.3,30.7,36.0,1.222,0.1167
25.59,93.08,290.0,9.7,33.4,90.0,1.0,0.0,33.4,30.6,36.0,1.224,0.1377
25.59,93.09,284.0,6.7,33.6,132.1,0.742,-0.6704,33.6,30.5,35.9,1.225,0.0952
25.59,93.1,258.0,5.6,33.9,180.0,0.0,-1.0,33.9,30.3,35.8,1.227,0.0795
25.59,93.11,303.0,5.6,34.2,180.0,0.0,-1.0,34.2,30.2,35.7,1.228,0.0795
25.59,93.12,280.0,7.1,34.5,180.0,0.0,-1.0,34.5,30.0,35.5,1.228,0.1007
25.59,93.13,337.0,7.2,34.8,90.0,1.0,0.0,34.8,29.8,35.4,1.229,0.102
25.59,93.14,313.0,4.3,35.0,47.9,0.742,0.6704,35.0,29.7,35.3,1.229,0.061
25.59,93.15,318.0,7.5,35.1,132.1,0.742,-0.6704,35.1,29.7,35.3,1.229,0.1062
25.59,93.16,309.0,11.1,35.0,90.0,1.0,0.0,35.0,29.7,35.3,1.229,0.1566
25.59,93.17,313.0,7.9,34.9,47.9,0.742,0.6704,34.9,29.8,35.3,1.229,0.1118
25.59,93.18,286.0,7.6,34.7,180.0,0.0,-1.0,34.7,29.9,35.4,1.228,0.1077
25.59,93.19,347.0,10.9,34.6,90.0,1.0,0.0,34.6,30.0,35.5,1.227,0.1541
25.59,93.2,353.0,8.6,34.4,132.1,0.742,-0.6704,34.4,30.1,35.6,1.226,0.122
25.59,93.21,415.0,10.8,34.2,132.1,0.742,-0.6704,34.2,30.2,35.6,1.225,0.153
25.59,93.22,436.0,9.2,34.1,132.1,0.742,-0.6704,34.1,30.2,35.7,1.224,0.1306
25.59,93.23,384.0,14.1,34.0,227.9,-0.742,-0.6704,34.0,30.3,35.7,1.222,0.1994
25.59,93.24,407.0,16.3,33.9,270.0,-1.0,-0.0,33.9,30.4,35.7,1.221,0.2299
25.59,93.25,403.0,12.6,33.9,312.1,-0.742,0.6704,33.9,30.4,35.7,1.22,0.1788
25.59,93.26,389.0,14.7,33.8,227.9,-0.742,-0.6704,33.8,30.5,35.7,1.218,0.2083
25.59,93.27,455.0,12.5,33.8,270.0,-1.0,-0.0,33.8,30.5,35.7,1.217,0.1778
25.59,93.28,471.0,9.8,33.8,227.9,-0.742,-0.6704,33.8,30.5,35.7,1.216,0.14
25.59,93.29,450.0,6.9,33.7,270.0,-1.0,-0.0,33.7,30.6,35.7,1.214,0.099
25.6,92.67,631.0,6.6,31.5,47.9,0.742,0.6704,31.5,33.0,35.5,1.208,0.0951
25.6,92.68,645.0,22.2,31.4,47.9,0.742,0.6704,31.4,33.1,35.5,1.209,0.3125
25.6,92.69,480.0,19.9,31.4,0.0,0.0,1.0,31.4,33.1,35.6,1.21,0.2813
25.6,92.7,362.0,24.6,31.3,90.0,1.0,0.0,31.3,33.1,35.6,1.21,0.344
25.6,92.71,366.0,21.8,31.3,90.0,1.0,0.0,31.3,33.1,35.6,1.211,0.3067
25.6,92.72,516.0,20.6,31.3,47.9,0.742,0.6704,31.3,33.1,35.6,1.211,0.2905
25.6,92.73,379.0,16.7,31.4,0.0,0.0,1.0,31.4,33.1,35.6,1.211,0.2373
25.6,92.74,283.0,14.7,31.4,47.9,0.742,0.6704,31.4,33.0,35.6,1.21,0.2097
25.6,92.75,258.0,10.2,31.5,270.0,-1.0,-0.0,31.5,33.0,35.6,1.209,0.1465
25.6,92.76,322.0,8.0,31.5,180.0,0.0,-1.0,31.5,32.9,35.6,1.209,0.1151
25.6,92.77,351.0,3.6,31.6,180.0,0.0,-1.0,31.6,32.8,35.6,1.208,0.052
25.6,92.78,363.0,5.3,31.7,312.1,-0.742,0.6704,31.7,32.7,35.5,1.207,0.0765
25.6,92.79,336.0,4.1,31.8,270.0,-1.0,-0.0,31.8,32.7,35.5,1.206,0.0593
25.6,92.8,310.0,6.0,31.9,0.0,0.0,1.0,31.9,32.6,35.5,1.205,0.0867
25.6,92.81,262.0,6.0,32.0,0.0,0.0,1.0,32.0,32.5,35.5,1.204,0.0868
25.6,92.82,289.0,3.5,32.1,270.0,-1.0,-0.0,32.1,32.4,35.5,1.203,0.0507
25.6,92.83,277.0,7.0,32.2,312.1,-0.742,0.6704,32.2,32.3,35.5,1.202,0.1014
25.6,92.84,250.0,6.3,32.2,270.0,-1.0,-0.0,32.2,32.2,35.5,1.202,0.0913
25.6,92.85,229.0,9.8,32.3,0.0,0.0,1.0,32.3,32.1,35.6,1.202,0.1416
25.6,92.86,150.0,9.8,32.4,0.0,0.0,1.0,32.4,32.1,35.6,1.201,0.1417
25.6,92.87,174.0,4.6,32.4,180.0,0.0,-1.0,32.4,32.0,35.6,1.202,0.0667
25.6,92.88,211.0,4.6,32.4,180.0,0.0,-1.0,32.4,31.9,35.7,1.202,0.0667
25.6,92.89,199.0,5.3,32.4,0.0,0.0,1.0,32.4,31.9,35.7,1.202,0.0768
25.6,92.9,157.0,5.4,32.5,227.9,-0.742,-0.6704,32.5,31.8,35.7,1.203,0.0782
25.6,92.91,197.0,5.6,32.5,0.0,0.0,1.0,32.5,31.7,35.8,1.203,0.0811
25.6,92.92,152.0,5.8,32.5,312.1,-0.742,0.6704,32.5,31.7,35.8,1.204,0.0839
25.6,92.93,157.0,3.5,32.5,270.0,-1.0,-0.0,32.5,31.7,35.9,1.205,0.0507
25.6,92.94,156.0,6.7,32.5,0.0,0.0,1.0,32.5,31.6,35.9,1.206,0.0967
25.6,92.95,102.0,9.2,32.5,180.0,0.0,-1.0,32.5,31.6,36.0,1.207,0.1325
25.6,92.96,176.0,9.2,32.5,180.0,0.0,-1.0,32.5,31.5,36.0,1.208,0.1324
25.6,92.97,158.0,9.4,32.5,132.1,0.742,-0.6704,32.5,31.5,36.0,1.209,0.1351
25.6,92.98,223.0,8.1,32.5,180.0,0.0,-1.0,32.5,31.4,36.1,1.21,0.1164
25.6,92.99,218.0,4.5,32.5,47.9,0.742,0.6704,32.5,31.4,36.1,1.211,0.0648
25.6,93.0,203.0,3.9,32.6,270.0,-1.0,-0.0,32.6,31.3,36.1,1.212,0.0561
25.6,93.01,188.0,6.7,32.6,180.0,0.0,-1.0,32.6,31.3,36.1,1.214,0.0961
25.6,93.02,242.0,7.5,32.7,90.0,1.0,0.0,32.7,31.2,36.1,1.215,0.1074
25.6,93.03,297.0,12.2,32.8,90.0,1.0,0.0,32.8,31.1,36.1,1.216,0.1738
25.6,93.04,214.0,10.3,32.9,0.0,0.0,1.0,32.9,31.0,36.1,1.218,0.1468
25.6,93.05,226.0,3.5,33.0,90.0,1.0,0.0,33.0,30.9,36.1,1.219,0.0501
25.6,93.06,244.0,4.9,33.2,180.0,0.0,-1.0,33.2,30.8,36.0,1.221,0.07
25.6,93.07,283.0,7.7,33.3,270.0,-1.0,-0.0,33.3,30.7,36.0,1.222,0.1096
25.6,93.08,249.0,4.6,33.6,270.0,-1.0,-0.0,33.6,30.5,35.9,1.224,0.0655
25.6,93.09,236.0,5.4,33.8,270.0,-1.0,-0.0,33.8,30.4,35.8,1.225,0.0768
25.6,93.1,240.0,6.5,34.1,180.0,0.0,-1.0,34.1,30.2,35.7,1.226,0.0923
25.6,93.11,292.0,8.7,34.5,270.0,-1.0,-0.0,34.5,30.0,35.5,1.228,0.1232
25.6,93.12,325.0,12.3,34.8,270.0,-1.0,-0.0,34.8,29.8,35.4,1.228,0.1735
25.6,93.13,298.0,9.3,35.1,270.0,-1.0,-0.0,35.1,29.7,35.2,1.229,0.1315
25.6,93.14,319.0,11.6,35.3,270.0,-1.0,-0.0,35.3,29.5,35.1,1.229,0.1636
25.6,93.15,332.0,13.1,35.4,270.0,-1.0,-0.0,35.4,29.5,35.1,1.23,0.1843
25.6,93.16,408.0,20.9,35.4,270.0,-1.0,-0.0,35.4,29.5,35.1,1.229,0.2903
25.6,93.17,307.0,12.5,35.2,0.0,0.0,1.0,35.2,29.6,35.2,1.229,0.1761
25.6,93.18,241.0,13.8,35.0,180.0,0.0,-1.0,35.0,29.7,35.3,1.228,0.1942
25.6,93.19,353.0,15.3,34.8,270.0,-1.0,-0.0,34.8,29.9,35.4,1.227,0.2151
25.6,93.2,343.0,14.2,34.6,270.0,-1.0,-0.0,34.6,30.0,35.5,1.226,0.2001
25.6,93.21,429.0,23.0,34.4,270.0,-1.0,-0.0,34.4,30.1,35.5,1.225,0.319
25.6,93.22,377.0,17.8,34.2,270.0,-1.0,-0.0,34.2,30.2,35.6,1.224,0.2498
25.6,93.23,358.0,15.8,34.1,270.0,-1.0,-0.0,34.1,30.3,35.6,1.222,0.2228
25.6,93.24,350.0,15.0,34.0,270.0,-1.0,-0.0,34.0,30.3,35.7,1.221,0.212
25.6,93.25,450.0,25.0,33.9,270.0,-1.0,-0.0,33.9,30.4,35.7,1.22,0.3464
25.6,93.26,338.0,13.8,33.9,0.0,0.0,1.0,33.9,30.4,35.7,1.218,0.1958
25.6,93.27,354.0,15.4,33.8,270.0,-1.0,-0.0,33.8,30.5,35.7,1.217,0.2182
25.6,93.28,406.0,20.7,33.8,270.0,-1.0,-0.0,33.8,30.5,35.7,1.216,0.2907
25.6,93.29,407.0,20.8,33.8,270.0,-1.0,-0.0,33.8,30.5,35.7,1.215,0.2923
25.61,92.68,662.0,33.3,31.5,312.1,-0.742,0.6704,31.5,33.0,35.5,1.208,0.4545
25.61,92.69,636.0,39.8,31.5,270.0,-1.0,-0.0,31.5,33.0,35.5,1.209,0.5295
25.61,92.7,593.0,36.8,31.4,270.0,-1.0,-0.0,31.4,33.0,35.5,1.209,0.4955
25.61,92.71,568.0,35.0,31.4,270.0,-1.0,-0.0,31.4,33.0,35.6,1.209,0.4744
25.61,92.72,558.0,34.2,31.4,270.0,-1.0,-0.0,31.4,33.0,35.6,1.209,0.4649
25.61,92.73,462.0,26.1,31.5,270.0,-1.0,-0.0,31.5,33.0,35.6,1.209,0.3639
25.61,92.74,317.0,17.6,31.5,0.0,0.0,1.0,31.5,32.9,35.6,1.209,0.2501
25.61,92.75,273.0,8.7,31.5,180.0,0.0,-1.0,31.5,32.9,35.6,1.208,0.1252
25.61,92.76,343.0,14.2,31.6,270.0,-1.0,-0.0,31.6,32.8,35.6,1.208,0.2031
25.61,92.77,378.0,17.9,31.7,270.0,-1.0,-0.0,31.7,32.8,35.5,1.207,0.2546
25.61,92.78,340.0,13.9,31.8,270.0,-1.0,-0.0,31.8,32.7,35.5,1.206,0.1992
25.61,92.79,300.0,9.6,31.8,270.0,-1.0,-0.0,31.8,32.6,35.5,1.205,0.1384
25.61,92.8,293.0,8.8,31.9,270.0,-1.0,-0.0,31.9,32.5,35.5,1.205,0.127
25.61,92.81,254.0,4.9,32.0,0.0,0.0,1.0,32.0,32.4,35.5,1.204,0.0709
25.61,92.82,291.0,8.6,32.1,270.0,-1.0,-0.0,32.1,32.4,35.6,1.203,0.1243
25.61,92.83,296.0,12.6,32.1,0.0,0.0,1.0,32.1,32.3,35.6,1.203,0.1813
25.61,92.84,194.0,12.6,32.2,0.0,0.0,1.0,32.2,32.2,35.6,1.203,0.1813
25.61,92.85,198.0,4.4,32.2,312.1,-0.742,0.6704,32.2,32.1,35.6,1.202,0.0638
25.61,92.86,164.0,5.8,32.3,90.0,1.0,0.0,32.3,32.1,35.7,1.203,0.084
25.61,92.87,166.0,5.5,32.3,90.0,1.0,0.0,32.3,32.0,35.7,1.203,0.0797
25.61,92.88,174.0,4.6,32.3,90.0,1.0,0.0,32.3,31.9,35.7,1.203,0.0667
25.61,92.89,200.0,3.6,32.3,0.0,0.0,1.0,32.3,31.9,35.8,1.204,0.0522
25.61,92.9,171.0,5.0,32.3,90.0,1.0,0.0,32.3,31.8,35.8,1.204,0.0724
25.61,92.91,179.0,4.4,32.3,0.0,0.0,1.0,32.3,31.8,35.9,1.205,0.0637
25.61,92.92,144.0,8.0,32.3,90.0,1.0,0.0,32.3,31.7,35.9,1.206,0.1154
25.61,92.93,132.0,9.3,32.3,90.0,1.0,0.0,32.3,31.7,36.0,1.207,0.1339
25.61,92.94,124.0,10.2,32.3,90.0,1.0,0.0,32.3,31.6,36.1,1.207,0.1467
25.61,92.95,132.0,9.3,32.3,90.0,1.0,0.0,32.3,31.6,36.1,1.208,0.1338
25.61,92.96,184.0,6.9,32.3,132.1,0.742,-0.6704,32.3,31.6,36.1,1.21,0.0993
25.61,92.97,219.0,6.9,32.3,90.0,1.0,0.0,32.3,31.5,36.2,1.211,0.0992
25.61,92.98,271.0,10.3,32.3,0.0,0.0,1.0,32.3,31.5,36.2,1.212,0.1475
25.61,92.99,188.0,10.3,32.4,0.0,0.0,1.0,32.4,31.4,36.2,1.213,0.1474
25.61,93.0,205.0,3.5,32.4,180.0,0.0,-1.0,32.4,31.4,36.2,1.214,0.0503
25.61,93.01,215.0,3.5,32.5,90.0,1.0,0.0,32.5,31.3,36.2,1.215,0.0502
25.61,93.02,203.0,6.9,32.6,227.9,-0.742,-0.6704,32.6,31.2,36.2,1.216,0.0988
25.61,93.03,204.0,9.2,32.7,270.0,-1.0,-0.0,32.7,31.1,36.2,1.217,0.1314
25.61,93.04,268.0,6.9,32.8,312.1,-0.742,0.6704,32.8,31.0,36.2,1.219,0.0986
25.61,93.05,250.0,3.5,33.0,227.9,-0.742,-0.6704,33.0,30.9,36.1,1.22,0.05
25.61,93.06,270.0,5.7,33.2,227.9,-0.742,-0.6704,33.2,30.8,36.0,1.221,0.0813
25.61,93.07,283.0,7.7,33.4,270.0,-1.0,-0.0,33.4,30.7,36.0,1.223,0.1096
25.61,93.08,278.0,5.7,33.6,312.1,-0.742,0.6704,33.6,30.5,35.9,1.224,0.0811
25.61,93.09,242.0,3.5,33.9,312.1,-0.742,0.6704,33.9,30.3,35.7,1.225,0.0498
25.61,93.1,249.0,6.5,34.3,227.9,-0.742,-0.6704,34.3,30.1,35.6,1.226,0.0923
25.61,93.11,241.0,9.2,34.6,227.9,-0.742,-0.6704,34.6,29.9,35.4,1.228,0.1302
25.61,93.12,277.0,12.3,35.0,270.0,-1.0,-0.0,35.0,29.7,35.3,1.228,0.1735
25.61,93.13,333.0,9.3,35.3,270.0,-1.0,-0.0,35.3,29.5,35.1,1.229,0.1315
25.61,93.14,431.0,11.6,35.5,270.0,-1.0,-0.0,35.5,29.4,35.0,1.23,0.1635
25.61,93.15,400.0,15.8,35.6,227.9,-0.742,-0.6704,35.6,29.4,35.0,1.23,0.2214
25.61,93.16,425.0,20.9,35.5,270.0,-1.0,-0.0,35.5,29.4,35.0,1.23,0.29
25.61,93.17,358.0,15.8,35.4,312.1,-0.742,0.6704,35.4,29.5,35.1,1.229,0.2215
25.61,93.18,304.0,11.5,35.2,227.9,-0.742,-0.6704,35.2,29.6,35.2,1.228,0.1624
25.61,93.19,330.0,15.3,34.9,270.0,-1.0,-0.0,34.9,29.8,35.3,1.228,0.2149
25.61,93.2,347.0,17.5,34.7,227.9,-0.742,-0.6704,34.7,29.9,35.4,1.226,0.2453
25.61,93.21,337.0,23.0,34.5,270.0,-1.0,-0.0,34.5,30.0,35.5,1.225,0.319
25.61,93.22,402.0,17.8,34.3,270.0,-1.0,-0.0,34.3,30.1,35.5,1.224,0.2498
25.61,93.23,450.0,15.8,34.2,270.0,-1.0,-0.0,34.2,30.2,35.6,1.223,0.2226
25.61,93.24,345.0,19.1,34.1,227.9,-0.742,-0.6704,34.1,30.3,35.6,1.221,0.268
25.61,93.25,431.0,25.0,34.0,270.0,-1.0,-0.0,34.0,30.4,35.7,1.22,0.3464
25.61,93.26,456.0,19.1,33.9,312.1,-0.742,0.6704,33.9,30.4,35.7,1.219,0.2684
25.61,93.27,449.0,15.7,33.9,227.9,-0.742,-0.6704,33.9,30.5,35.7,1.217,0.2224
25.61,93.28,414.0,20.7,33.8,270.0,-1.0,-0.0,33.8,30.5,35.7,1.216,0.2907
25.61,93.29,392.0,20.8,33.8,270.0,-1.0,-0.0,33.8,30.5,35.7,1.215,0.2923
25.62,92.69,658.0,39.8,31.5,270.0,-1.0,-0.0,31.5,33.0,35.5,1.208,0.5299
25.62,92.7,635.0,36.8,31.5,270.0,-1.0,-0.0,31.5,33.0,35.5,1.208,0.4959
25.62,92.71,594.0,35.0,31.5,270.0,-1.0,-0.0,31.5,32.9,35.5,1.208,0.4748
25.62,92.72,555.0,34.2,31.5,270.0,-1.0,-0.0,31.5,32.9,35.5,1.208,0.4653
25.62,92.73,435.0,26.8,31.5,312.1,-0.742,0.6704,31.5,32.9,35.6,1.208,0.3732
25.62,92.74,359.0,20.0,31.6,312.1,-0.742,0.6704,31.6,32.9,35.6,1.208,0.2831
25.62,92.75,325.0,10.7,31.6,227.9,-0.742,-0.6704,31.6,32.8,35.6,1.207,0.1538
25.62,92.76,320.0,14.2,31.7,270.0,-1.0,-0.0,31.7,32.8,35.6,1.207,0.2032
25.62,92.77,286.0,17.9,31.7,270.0,-1.0,-0.0,31.7,32.7,35.6,1.206,0.2549
25.62,92.78,324.0,13.9,31.8,270.0,-1.0,-0.0,31.8,32.6,35.6,1.206,0.1992
25.62,92.79,336.0,10.4,31.9,312.1,-0.742,0.6704,31.9,32.6,35.6,1.205,0.1498
25.62,92.8,291.0,8.8,31.9,270.0,-1.0,-0.0,31.9,32.5,35.6,1.204,0.1271
25.62,92.81,247.0,6.5,32.0,312.1,-0.742,0.6704,32.0,32.4,35.6,1.204,0.094
25.62,92.82,308.0,8.6,32.1,270.0,-1.0,-0.0,32.1,32.3,35.6,1.204,0.1242
25.62,92.83,261.0,9.1,32.1,270.0,-1.0,-0.0,32.1,32.3,35.6,1.203,0.1315
25.62,92.84,275.0,6.8,32.2,312.1,-0.742,0.6704,32.2,32.2,35.7,1.203,0.0984
25.62,92.85,180.0,4.3,32.2,47.9,0.742,0.6704,32.2,32.1,35.7,1.203,0.0623
25.62,92.86,174.0,5.8,32.2,90.0,1.0,0.0,32.2,32.0,35.7,1.204,0.0839
25.62,92.87,199.0,5.5,32.2,90.0,1.0,0.0,32.2,32.0,35.8,1.204,0.0796
25.62,92.88,196.0,4.6,32.2,90.0,1.0,0.0,32.2,31.9,35.8,1.204,0.0666
25.62,92.89,215.0,3.7,32.2,47.9,0.742,0.6704,32.2,31.9,35.9,1.205,0.0536
25.62,92.9,195.0,5.0,32.2,90.0,1.0,0.0,32.2,31.8,36.0,1.206,0.0723
25.62,92.91,220.0,6.0,32.2,47.9,0.742,0.6704,32.2,31.8,36.0,1.207,0.0866
25.62,92.92,240.0,8.0,32.2,90.0,1.0,0.0,32.2,31.8,36.1,1.207,0.1153
25.62,92.93,190.0,9.3,32.2,90.0,1.0,0.0,32.2,31.7,36.1,1.208,0.1338
25.62,92.94,223.0,10.2,32.1,90.0,1.0,0.0,32.1,31.7,36.2,1.209,0.1465
25.62,92.95,147.0,9.3,32.1,90.0,1.0,0.0,32.1,31.6,36.2,1.211,0.1334
25.62,92.96,173.0,7.0,32.1,132.1,0.742,-0.6704,32.1,31.6,36.3,1.212,0.1006
25.62,92.97,155.0,4.7,32.1,227.9,-0.742,-0.6704,32.1,31.6,36.3,1.213,0.0676
25.62,92.98,192.0,6.3,32.1,270.0,-1.0,-0.0,32.1,31.5,36.4,1.214,0.0904
25.62,92.99,178.0,4.7,32.2,312.1,-0.742,0.6704,32.2,31.5,36.4,1.215,0.0674
25.62,93.0,170.0,3.5,32.2,132.1,0.742,-0.6704,32.2,31.4,36.4,1.216,0.0502
25.62,93.01,178.0,3.5,32.3,132.1,0.742,-0.6704,32.3,31.3,36.4,1.217,0.0502
25.62,93.02,236.0,3.5,32.4,180.0,0.0,-1.0,32.4,31.3,36.3,1.217,0.0502
25.62,93.03,234.0,3.5,32.5,180.0,0.0,-1.0,32.5,31.2,36.3,1.218,0.0501
25.62,93.04,289.0,3.5,32.7,180.0,0.0,-1.0,32.7,31.1,36.2,1.219,0.0501
25.62,93.05,299.0,3.5,32.9,180.0,0.0,-1.0,32.9,30.9,36.2,1.22,0.05
25.62,93.06,310.0,3.5,33.1,180.0,0.0,-1.0,33.1,30.8,36.1,1.222,0.05
25.62,93.07,278.0,3.5,33.4,180.0,0.0,-1.0,33.4,30.7,36.0,1.223,0.0499
25.62,93.08,281.0,3.5,33.7,180.0,0.0,-1.0,33.7,30.5,35.8,1.224,0.0499
25.62,93.09,236.0,3.5,34.0,180.0,0.0,-1.0,34.0,30.3,35.7,1.225,0.0498
25.62,93.1,276.0,3.5,34.4,180.0,0.0,-1.0,34.4,30.1,35.6,1.226,0.0498
25.62,93.11,280.0,3.5,34.7,180.0,0.0,-1.0,34.7,29.9,35.4,1.228,0.0497
25.62,93.12,278.0,3.5,35.1,180.0,0.0,-1.0,35.1,29.7,35.2,1.229,0.0497
25.62,93.13,347.0,3.5,35.4,180.0,0.0,-1.0,35.4,29.5,35.1,1.229,0.0497
25.62,93.14,484.0,3.5,35.6,180.0,0.0,-1.0,35.6,29.4,35.0,1.23,0.0496
25.62,93.15,305.0,3.5,35.67,180.0,0.0,-1.0,35.67,29.35,34.98,1.23,0.0496
25.62,93.16,346.0,3.5,35.6,180.0,0.0,-1.0,35.6,29.4,35.0,1.23,0.0496
25.62,93.17,360.0,3.5,35.4,180.0,0.0,-1.0,35.4,29.5,35.1,1.229,0.0497
25.62,93.18,281.0,3.5,35.2,180.0,0.0,-1.0,35.2,29.6,35.2,1.229,0.0497
25.62,93.19,220.0,3.5,35.0,180.0,0.0,-1.0,35.0,29.7,35.3,1.228,0.0497
25.62,93.2,289.0,3.5,34.8,180.0,0.0,-1.0,34.8,29.9,35.4,1.226,0.0498
25.62,93.21,347.0,3.5,34.6,180.0,0.0,-1.0,34.6,30.0,35.5,1.225,0.0498
25.62,93.22,419.0,3.5,34.4,180.0,0.0,-1.0,34.4,30.1,35.5,1.224,0.0499
25.62,93.23,380.0,3.5,34.2,180.0,0.0,-1.0,34.2,30.2,35.6,1.223,0.0499
25.62,93.24,472.0,3.5,34.1,180.0,0.0,-1.0,34.1,30.3,35.6,1.221,0.05
25.62,93.25,421.0,3.5,34.0,180.0,0.0,-1.0,34.0,30.3,35.6,1.22,0.05
25.62,93.26,390.0,3.5,33.9,180.0,0.0,-1.0,33.9,30.4,35.7,1.219,0.0501
25.62,93.27,379.0,3.5,33.9,180.0,0.0,-1.0,33.9,30.5,35.7,1.218,0.0501
25.62,93.28,380.0,3.5,33.8,180.0,0.0,-1.0,33.8,30.5,35.7,1.216,0.0502
25.62,93.29,416.0,3.5,33.8,180.0,0.0,-1.0,33.8,30.5,35.7,1.215,0.0502
25.63,92.7,634.0,3.5,31.6,180.0,0.0,-1.0,31.6,32.9,35.5,1.207,0.0506
25.63,92.71,606.0,3.5,31.6,180.0,0.0,-1.0,31.6,32.9,35.5,1.207,0.0506
25.63,92.72,545.0,3.5,31.6,180.0,0.0,-1.0,31.6,32.9,35.5,1.207,0.0506
25.63,92.73,552.0,3.5,31.6,180.0,0.0,-1.0,31.6,32.8,35.5,1.207,0.0506
25.63,92.74,362.0,3.5,31.6,180.0,0.0,-1.0,31.6,32.8,35.5,1.207,0.0506
25.63,92.75,328.0,3.5,31.7,180.0,0.0,-1.0,31.7,32.8,35.6,1.207,0.0506
25.63,92.76,217.0,3.5,31.7,180.0,0.0,-1.0,31.7,32.7,35.6,1.206,0.0506
25.63,92.77,277.0,3.5,31.8,180.0,0.0,-1.0,31.8,32.7,35.6,1.206,0.0506
25.63,92.78,319.0,3.5,31.8,180.0,0.0,-1.0,31.8,32.6,35.6,1.205,0.0507
25.63,92.79,262.0,3.5,31.9,180.0,0.0,-1.0,31.9,32.5,35.6,1.205,0.0507
25.63,92.8,256.0,3.5,32.0,180.0,0.0,-1.0,32.0,32.4,35.6,1.205,0.0507
25.63,92.81,250.0,3.5,32.0,180.0,0.0,-1.0,32.0,32.4,35.6,1.204,0.0507
25.63,92.82,264.0,3.5,32.0,180.0,0.0,-1.0,32.0,32.3,35.6,1.204,0.0507
25.63,92.83,200.0,3.5,32.1,180.0,0.0,-1.0,32.1,32.2,35.7,1.204,0.0507
25.63,92.84,225.0,3.5,32.1,180.0,0.0,-1.0,32.1,32.2,35.7,1.204,0.0507
25.63,92.85,175.0,3.5,32.1,180.0,0.0,-1.0,32.1,32.1,35.8,1.204,0.0507
25.63,92.86,200.0,3.5,32.1,180.0,0.0,-1.0,32.1,32.0,35.8,1.205,0.0507
25.63,92.87,166.0,3.5,32.1,180.0,0.0,-1.0,32.1,32.0,35.9,1.205,0.0507
25.63,92.88,173.0,3.5,32.1,180.0,0.0,-1.0,32.1,31.9,35.9,1.206,0.0506
25.63,92.89,214.0,3.5,32.1,180.0,0.0,-1.0,32.1,31.9,36.0,1.206,0.0506
25.63,92.9,193.0,3.5,32.1,180.0,0.0,-1.0,32.1,31.9,36.1,1.207,0.0506
25.63,92.91,209.0,3.5,32.1,180.0,0.0,-1.0,32.1,31.8,36.1,1.208,0.0505
25.63,92.92,180.0,3.5,32.0,180.0,0.0,-1.0,32.0,31.8,36.2,1.209,0.0505
25.63,92.93,190.0,3.5,32.0,180.0,0.0,-1.0,32.0,31.7,36.3,1.21,0.0505
25.63,92.94,197.0,3.5,31.9,180.0,0.0,-1.0,31.9,31.7,36.3,1.211,0.0504
25.63,92.95,140.0,3.5,31.9,180.0,0.0,-1.0,31.9,31.7,36.4,1.213,0.0503
25.63,92.96,154.0,3.5,31.9,180.0,0.0,-1.0,31.9,31.7,36.5,1.214,0.0503
25.63,92.97,157.0,3.5,31.9,180.0,0.0,-1.0,31.9,31.6,36.5,1.215,0.0502
25.63,92.98,170.0,3.5,31.9,180.0,0.0,-1.0,31.9,31.6,36.5,1.216,0.0502
25.63,92.99,182.0,3.5,31.9,180.0,0.0,-1.0,31.9,31.5,36.5,1.217,0.0502
25.63,93.0,192.0,3.5,32.0,180.0,0.0,-1.0,32.0,31.5,36.5,1.217,0.0502
25.63,93.01,243.0,3.5,32.1,180.0,0.0,-1.0,32.1,31.4,36.5,1.218,0.0501
25.63,93.02,282.0,3.5,32.2,180.0,0.0,-1.0,32.2,31.3,36.5,1.219,0.0501
25.63,93.03,293.0,3.5,32.4,180.0,0.0,-1.0,32.4,31.2,36.4,1.22,0.05
25.63,93.04,266.0,3.5,32.6,180.0,0.0,-1.0,32.6,31.1,36.3,1.22,0.05
25.63,93.05,216.0,3.5,32.8,180.0,0.0,-1.0,32.8,31.0,36.2,1.221,0.05
25.63,93.06,262.0,3.5,33.0,180.0,0.0,-1.0,33.0,30.8,36.1,1.222,0.05
25.63,93.07,258.0,3.5,33.3,180.0,0.0,-1.0,33.3,30.7,36.0,1.223,0.0499
25.63,93.08,300.0,3.5,33.6,180.0,0.0,-1.0,33.6,30.5,35.9,1.224,0.0499
25.63,93.09,290.0,3.5,34.0,180.0,0.0,-1.0,34.0,30.3,35.7,1.225,0.0498
25.63,93.1,250.0,3.5,34.4,180.0,0.0,-1.0,34.4,30.1,35.6,1.226,0.0498
25.63,93.11,310.0,3.5,34.7,180.0,0.0,-1.0,34.7,29.9,35.4,1.227,0.0498
25.63,93.12,334.0,3.5,35.1,180.0,0.0,-1.0,35.1,29.7,35.2,1.228,0.0497
25.63,93.13,415.0,3.5,35.4,180.0,0.0,-1.0,35.4,29.5,35.1,1.229,0.0497
25.63,93.14,395.0,3.5,35.6,180.0,0.0,-1.0,35.6,29.4,35.0,1.23,0.0496
25.63,93.15,309.0,3.5,35.6,180.0,0.0,-1.0,35.6,29.4,35.0,1.23,0.0496
25.63,93.16,269.0,3.5,35.6,180.0,0.0,-1.0,35.6,29.4,35.0,1.23,0.0496
25.63,93.17,304.0,3.5,35.4,180.0,0.0,-1.0,35.4,29.5,35.1,1.229,0.0497
25.63,93.18,290.0,3.5,35.2,180.0,0.0,-1.0,35.2,29.6,35.2,1.228,0.0497
25.63,93.19,225.0,3.5,35.0,180.0,0.0,-1.0,35.0,29.7,35.3,1.227,0.0498
25.63,93.2,244.0,3.5,34.8,180.0,0.0,-1.0,34.8,29.9,35.4,1.226,0.0498
25.63,93.21,298.0,3.5,34.6,180.0,0.0,-1.0,34.6,30.0,35.4,1.225,0.0498
25.63,93.22,301.0,3.5,34.4,180.0,0.0,-1.0,34.4,30.1,35.5,1.224,0.0499
25.63,93.23,419.0,3.5,34.3,180.0,0.0,-1.0,34.3,30.2,35.6,1.223,0.0499
25.63,93.24,506.0,3.5,34.1,180.0,0.0,-1.0,34.1,30.3,35.6,1.221,0.05
25.63,93.25,477.0,3.5,34.0,180.0,0.0,-1.0,34.0,30.3,35.6,1.22,0.05
25.63,93.26,427.0,3.5,34.0,180.0,0.0,-1.0,34.0,30.4,35.6,1.219,0.0501
25.63,93.27,382.0,3.5,33.9,180.0,0.0,-1.0,33.9,30.5,35.7,1.218,0.0501
25.63,93.28,374.0,3.5,33.8,180.0,0.0,-1.0,33.8,30.5,35.7,1.216,0.0502
25.64,92.71,615.0,3.5,31.7,180.0,0.0,-1.0,31.7,32.8,35.5,1.206,0.0506
25.64,92.72,494.0,3.5,31.7,180.0,0.0,-1.0,31.7,32.8,35.5,1.206,0.0506
25.64,92.73,507.0,3.5,31.7,180.0,0.0,-1.0,31.7,32.8,35.5,1.206,0.0506
25.64,92.74,369.0,3.5,31.7,180.0,0.0,-1.0,31.7,32.7,35.5,1.206,0.0506
25.64,92.75,363.0,3.5,31.7,180.0,0.0,-1.0,31.7,32.7,35.6,1.206,0.0506
25.64,92.76,297.0,3.5,31.8,180.0,0.0,-1.0,31.8,32.7,35.6,1.206,0.0506
25.64,92.77,235.0,3.5,31.8,180.0,0.0,-1.0,31.8,32.6,35.6,1.205,0.0507
25.64,92.78,261.0,3.5,31.9,180.0,0.0,-1.0,31.9,32.5,35.6,1.205,0.0507
25.64,92.79,291.0,3.5,31.9,180.0,0.0,-1.0,31.9,32.5,35.6,1.205,0.0507
25.64,92.8,254.0,3.5,32.0,180.0,0.0,-1.0,32.0,32.4,35.6,1.205,0.0507
25.64,92.81,241.0,3.5,32.0,180.0,0.0,-1.0,32.0,32.3,35.7,1.204,0.0507
25.64,92.82,263.0,3.5,32.0,180.0,0.0,-1.0,32.0,32.3,35.7,1.204,0.0507
25.64,92.83,186.0,3.5,32.1,180.0,0.0,-1.0,32.1,32.2,35.7,1.204,0.0507
25.64,92.84,155.0,3.5,32.1,180.0,0.0,-1.0,32.1,32.2,35.8,1.205,0.0507
25.64,92.85,161.0,3.5,32.1,180.0,0.0,-1.0,32.1,32.1,35.8,1.205,0.0507
25.64,92.86,175.0,3.5,32.1,180.0,0.0,-1.0,32.1,32.0,35.9,1.206,0.0506
25.64,92.87,183.0,3.5,32.1,180.0,0.0,-1.0,32.1,32.0,36.0,1.206,0.0506
25.64,92.88,180.0,3.5,32.0,180.0,0.0,-1.0,32.0,31.9,36.0,1.207,0.0506
25.64,92.89,197.0,3.5,32.0,180.0,0.0,-1.0,32.0,31.9,36.1,1.208,0.0505
25.64,92.9,171.0,3.5,31.9,180.0,0.0,-1.0,31.9,31.9,36.2,1.209,0.0505
25.64,92.91,197.0,3.5,31.9,180.0,0.0,-1.0,31.9,31.8,36.3,1.21,0.0505
25.64,92.92,208.0,3.5,31.8,180.0,0.0,-1.0,31.8,31.8,36.3,1.211,0.0504
25.64,92.93,177.0,3.5,31.8,180.0,0.0,-1.0,31.8,31.8,36.4,1.212,0.0504
25.64,92.94,122.0,3.5,31.7,180.0,0.0,-1.0,31.7,31.8,36.5,1.213,0.0503
25.64,92.95,128.0,3.5,31.7,180.0,0.0,-1.0,31.7,31.7,36.6,1.215,0.0502
25.64,92.96,154.0,3.5,31.7,180.0,0.0,-1.0,31.7,31.7,36.6,1.216,0.0502
25.64,92.97,153.0,3.5,31.6,180.0,0.0,-1.0,31.6,31.7,36.7,1.217,0.0502
25.64,92.98,138.0,3.5,31.6,180.0,0.0,-1.0,31.6,31.6,36.7,1.218,0.0501
25.64,92.99,178.0,3.5,31.7,180.0,0.0,-1.0,31.7,31.6,36.7,1.219,0.0501
25.64,93.0,190.0,3.5,31.7,180.0,0.0,-1.0,31.7,31.5,36.7,1.219,0.0501
25.64,93.01,233.0,3.5,31.8,180.0,0.0,-1.0,31.8,31.5,36.7,1.22,0.05
25.64,93.02,278.0,3.5,32.0,180.0,0.0,-1.0,32.0,31.4,36.6,1.22,0.05
25.64,93.03,229.0,3.5,32.2,180.0,0.0,-1.0,32.2,31.3,36.6,1.221,0.05
25.64,93.04,283.0,3.5,32.4,180.0,0.0,-1.0,32.4,31.2,36.5,1.221,0.05
25.64,93.05,250.0,3.5,32.6,180.0,0.0,-1.0,32.6,31.0,36.3,1.222,0.05
25.64,93.06,253.0,3.5,32.9,180.0,0.0,-1.0,32.9,30.9,36.2,1.223,0.0499
25.64,93.07,250.0,3.5,33.2,180.0,0.0,-1.0,33.2,30.7,36.1,1.223,0.0499
25.64,93.08,220.0,3.5,33.5,180.0,0.0,-1.0,33.5,30.5,35.9,1.224,0.0499
25.64,93.09,257.0,3.5,33.9,180.0,0.0,-1.0,33.9,30.3,35.8,1.225,0.0498
25.64,93.1,235.0,3.5,34.3,180.0,0.0,-1.0,34.3,30.1,35.6,1.226,0.0498
25.64,93.11,257.0,3.5,34.6,180.0,0.0,-1.0,34.6,29.9,35.4,1.227,0.0498
25.64,93.12,301.0,3.5,35.0,180.0,0.0,-1.0,35.0,29.7,35.3,1.228,0.0497
25.64,93.13,372.0,3.5,35.2,180.0,0.0,-1.0,35.2,29.6,35.2,1.229,0.0497
25.64,93.14,326.0,3.5,35.4,180.0,0.0,-1.0,35.4,29.5,35.1,1.229,0.0497
25.64,93.15,292.0,3.5,35.5,180.0,0.0,-1.0,35.5,29.5,35.1,1.229,0.0497
25.64,93.16,337.0,3.5,35.4,180.0,0.0,-1.0,35.4,29.5,35.1,1.229,0.0497
25.64,93.17,247.0,3.5,35.3,180.0,0.0,-1.0,35.3,29.5,35.1,1.229,0.0497
25.64,93.18,199.0,3.5,35.1,180.0,0.0,-1.0,35.1,29.7,35.2,1.228,0.0497
25.64,93.19,327.0,3.5,34.9,180.0,0.0,-1.0,34.9,29.8,35.3,1.227,0.0498
25.64,93.2,351.0,3.5,34.8,180.0,0.0,-1.0,34.8,29.9,35.4,1.226,0.0498
25.64,93.21,363.0,3.5,34.6,180.0,0.0,-1.0,34.6,30.0,35.4,1.225,0.0498
25.64,93.22,334.0,3.5,34.4,180.0,0.0,-1.0,34.4,30.1,35.5,1.224,0.0499
25.64,93.23,421.0,3.5,34.3,180.0,0.0,-1.0,34.3,30.2,35.5,1.222,0.05
25.64,93.24,443.0,3.5,34.1,180.0,0.0,-1.0,34.1,30.3,35.6,1.221,0.05
25.64,93.25,336.0,3.5,34.0,180.0,0.0,-1.0,34.0,30.3,35.6,1.22,0.05
25.64,93.26,414.0,3.5,34.0,180.0,0.0,-1.0,34.0,30.4,35.6,1.219,0.0501
25.64,93.27,355.0,3.5,33.9,180.0,0.0,-1.0,33.9,30.5,35.7,1.218,0.0501
25.64,93.28,375.0,3.5,33.8,180.0,0.0,-1.0,33.8,30.5,35.7,1.216,0.0502
25.65,92.73,419.0,3.5,31.8,180.0,0.0,-1.0,31.8,32.7,35.5,1.206,0.0506
25.65,92.74,382.0,3.5,31.8,180.0,0.0,-1.0,31.8,32.7,35.5,1.206,0.0506
25.65,92.75,381.0,3.5,31.8,180.0,0.0,-1.0,31.8,32.6,35.6,1.205,0.0507
25.65,92.76,333.0,3.5,31.8,180.0,0.0,-1.0,31.8,32.6,35.6,1.205,0.0507
25.65,92.77,303.0,3.5,31.9,180.0,0.0,-1.0,31.9,32.5,35.6,1.205,0.0507
25.65,92.78,274.0,3.5,31.9,180.0,0.0,-1.0,31.9,32.5,35.6,1.205,0.0507
25.65,92.79,257.0,3.5,31.9,180.0,0.0,-1.0,31.9,32.4,35.6,1.205,0.0507
25.65,92.8,247.0,3.5,32.0,180.0,0.0,-1.0,32.0,32.4,35.7,1.205,0.0507
25.65,92.81,245.0,3.5,32.0,180.0,0.0,-1.0,32.0,32.3,35.7,1.205,0.0507
25.65,92.82,253.0,3.5,32.0,180.0,0.0,-1.0,32.0,32.3,35.7,1.205,0.0507
25.65,92.83,262.0,3.5,32.0,180.0,0.0,-1.0,32.0,32.2,35.8,1.205,0.0507
25.65,92.84,247.0,3.5,32.0,180.0,0.0,-1.0,32.0,32.1,35.8,1.205,0.0507
25.65,92.85,187.0,3.5,32.0,180.0,0.0,-1.0,32.0,32.1,35.9,1.206,0.0506
25.65,92.86,159.0,3.5,32.0,180.0,0.0,-1.0,32.0,32.0,36.0,1.207,0.0506
25.65,92.87,146.0,3.5,32.0,180.0,0.0,-1.0,32.0,32.0,36.0,1.207,0.0506
25.65,92.88,162.0,3.5,31.9,180.0,0.0,-1.0,31.9,32.0,36.1,1.208,0.0505
25.65,92.89,135.0,3.5,31.9,180.0,0.0,-1.0,31.9,31.9,36.2,1.209,0.0505
25.65,92.9,147.0,3.5,31.8,180.0,0.0,-1.0,31.8,31.9,36.3,1.21,0.0505
25.65,92.91,204.0,3.5,31.7,180.0,0.0,-1.0,31.7,31.9,36.4,1.212,0.0504
25.65,92.92,245.0,3.5,31.7,180.0,0.0,-1.0,31.7,31.8,36.5,1.213,0.0503
25.65,92.93,220.0,3.5,31.6,180.0,0.0,-1.0,31.6,31.8,36.6,1.214,0.0503
25.65,92.94,205.0,3.5,31.5,180.0,0.0,-1.0,31.5,31.8,36.7,1.216,0.0502
25.65,92.95,238.0,3.5,31.4,180.0,0.0,-1.0,31.4,31.8,36.8,1.217,0.0502
25.65,92.96,180.0,3.5,31.4,180.0,0.0,-1.0,31.4,31.8,36.8,1.218,0.0501
25.65,92.97,138.0,3.5,31.4,180.0,0.0,-1.0,31.4,31.8,36.9,1.219,0.0501
25.65,92.98,211.0,3.5,31.4,180.0,0.0,-1.0,31.4,31.7,36.9,1.22,0.05
25.65,92.99,194.0,3.5,31.4,180.0,0.0,-1.0,31.4,31.7,36.9,1.221,0.05
25.65,93.0,222.0,3.5,31.4,180.0,0.0,-1.0,31.4,31.6,36.9,1.221,0.05
25.65,93.01,248.0,3.5,31.5,180.0,0.0,-1.0,31.5,31.6,36.9,1.222,0.05
25.65,93.02,307.0,3.5,31.7,180.0,0.0,-1.0,31.7,31.5,36.8,1.222,0.05
25.65,93.03,245.0,3.5,31.9,180.0,0.0,-1.0,31.9,31.4,36.7,1.222,0.05
25.65,93.04,244.0,3.5,32.1,180.0,0.0,-1.0,32.1,31.3,36.6,1.223,0.0499
25.65,93.05,249.0,3.5,32.4,180.0,0.0,-1.0,32.4,31.1,36.5,1.223,0.0499
25.65,93.06,288.0,3.5,32.7,180.0,0.0,-1.0,32.7,31.0,36.3,1.223,0.0499
25.65,93.07,262.0,3.5,33.0,180.0,0.0,-1.0,33.0,30.8,36.2,1.224,0.0499
25.65,93.08,255.0,3.5,33.4,180.0,0.0,-1.0,33.4,30.6,36.0,1.224,0.0499
25.65,93.09,237.0,3.5,33.8,180.0,0.0,-1.0,33.8,30.4,35.8,1.225,0.0498
25.65,93.1,211.0,3.5,34.1,180.0,0.0,-1.0,34.1,30.2,35.7,1.226,0.0498
25.65,93.11,285.0,3.5,34.5,180.0,0.0,-1.0,34.5,30.0,35.5,1.227,0.0498
25.65,93.12,343.0,3.5,34.8,180.0,0.0,-1.0,34.8,29.8,35.4,1.227,0.0498
25.65,93.13,327.0,3.5,35.1,180.0,0.0,-1.0,35.1,29.7,35.2,1.228,0.0497
25.65,93.14,291.0,3.5,35.2,180.0,0.0,-1.0,35.2,29.6,35.2,1.229,0.0497
25.65,93.15,259.0,3.5,35.3,180.0,0.0,-1.0,35.3,29.6,35.1,1.229,0.0497
25.65,93.16,312.0,3.5,35.3,180.0,0.0,-1.0,35.3,29.6,35.2,1.229,0.0497
25.65,93.17,297.0,3.5,35.2,180.0,0.0,-1.0,35.2,29.6,35.2,1.228,0.0497
25.65,93.18,261.0,3.5,35.0,180.0,0.0,-1.0,35.0,29.7,35.3,1.227,0.0498
25.65,93.19,330.0,3.5,34.9,180.0,0.0,-1.0,34.9,29.8,35.3,1.227,0.0498
25.65,93.2,338.0,3.5,34.7,180.0,0.0,-1.0,34.7,29.9,35.4,1.226,0.0498
25.65,93.21,409.0,3.5,34.5,180.0,0.0,-1.0,34.5,30.0,35.5,1.225,0.0498
25.65,93.22,338.0,3.5,34.4,180.0,0.0,-1.0,34.4,30.1,35.5,1.223,0.0499
25.65,93.23,388.0,3.5,34.2,180.0,0.0,-1.0,34.2,30.2,35.6,1.222,0.05
25.65,93.24,355.0,3.5,34.1,180.0,0.0,-1.0,34.1,30.3,35.6,1.221,0.05
25.65,93.25,406.0,3.5,34.0,180.0,0.0,-1.0,34.0,30.4,35.6,1.22,0.05
25.65,93.26,380.0,3.5,33.9,180.0,0.0,-1.0,33.9,30.4,35.6,1.219,0.0501
25.65,93.27,358.0,3.5,33.9,180.0,0.0,-1.0,33.9,30.5,35.7,1.218,0.0501
25.65,93.28,339.0,3.5,33.8,180.0,0.0,-1.0,33.8,30.5,35.7,1.216,0.0502
25.66,92.74,396.0,3.5,31.8,180.0,0.0,-1.0,31.8,32.6,35.6,1.205,0.0507
25.66,92.75,367.0,3.5,31.8,180.0,0.0,-1.0,31.8,32.6,35.6,1.205,0.0507
25.66,92.76,337.0,3.5,31.9,180.0,0.0,-1.0,31.9,32.5,35.6,1.205,0.0507
25.66,92.77,293.0,3.5,31.9,180.0,0.0,-1.0,31.9,32.5,35.6,1.205,0.0507
25.66,92.78,257.0,3.5,31.9,180.0,0.0,-1.0,31.9,32.5,35.6,1.205,0.0507
25.66,92.79,185.0,3.5,31.9,180.0,0.0,-1.0,31.9,32.4,35.7,1.205,0.0507
25.66,92.8,248.0,3.5,32.0,180.0,0.0,-1.0,32.0,32.3,35.7,1.205,0.0507
25.66,92.81,252.0,3.5,32.0,180.0,0.0,-1.0,32.0,32.3,35.7,1.205,0.0507
25.66,92.82,235.0,3.5,32.0,180.0,0.0,-1.0,32.0,32.2,35.8,1.205,0.0507
25.66,92.83,212.0,3.5,32.0,180.0,0.0,-1.0,32.0,32.2,35.8,1.206,0.0506
25.66,92.84,233.0,3.5,32.0,180.0,0.0,-1.0,32.0,32.1,35.9,1.206,0.0506
25.66,92.85,238.0,3.5,31.9,180.0,0.0,-1.0,31.9,32.1,36.0,1.207,0.0506
25.66,92.86,162.0,3.5,31.9,180.0,0.0,-1.0,31.9,32.0,36.1,1.208,0.0505
25.66,92.87,160.0,3.5,31.9,180.0,0.0,-1.0,31.9,32.0,36.1,1.208,0.0505
25.66,92.88,115.0,3.5,31.8,180.0,0.0,-1.0,31.8,32.0,36.2,1.21,0.0505
25.66,92.89,157.0,3.5,31.7,180.0,0.0,-1.0,31.7,31.9,36.3,1.211,0.0504
25.66,92.9,194.0,3.5,31.7,180.0,0.0,-1.0,31.7,31.9,36.4,1.212,0.0504
25.66,92.91,241.0,3.5,31.6,180.0,0.0,-1.0,31.6,31.9,36.5,1.213,0.0503
25.66,92.92,232.0,3.5,31.5,180.0,0.0,-1.0,31.5,31.9,36.6,1.215,0.0502
25.66,92.93,196.0,3.5,31.4,180.0,0.0,-1.0,31.4,31.9,36.7,1.216,0.0502
25.66,92.94,153.0,3.5,31.3,180.0,0.0,-1.0,31.3,31.9,36.9,1.218,0.0501
25.66,92.95,162.0,3.5,31.2,180.0,0.0,-1.0,31.2,31.9,36.9,1.219,0.0501
25.66,92.96,124.0,3.5,31.1,180.0,0.0,-1.0,31.1,31.8,37.0,1.22,0.05
25.66,92.97,139.0,3.5,31.1,180.0,0.0,-1.0,31.1,31.8,37.1,1.222,0.05
25.66,92.98,245.0,3.5,31.0,180.0,0.0,-1.0,31.0,31.8,37.1,1.222,0.05
25.66,92.99,176.0,3.5,31.1,180.0,0.0,-1.0,31.1,31.8,37.2,1.223,0.0499
25.66,93.0,173.0,3.5,31.1,180.0,0.0,-1.0,31.1,31.7,37.2,1.224,0.0499
25.66,93.01,229.0,3.5,31.2,180.0,0.0,-1.0,31.2,31.7,37.1,1.224,0.0499
25.66,93.02,227.0,3.5,31.4,180.0,0.0,-1.0,31.4,31.6,37.0,1.224,0.0499
25.66,93.03,217.0,3.5,31.6,180.0,0.0,-1.0,31.6,31.5,36.9,1.224,0.0499
25.66,93.04,195.0,3.5,31.8,180.0,0.0,-1.0,31.8,31.4,36.8,1.224,0.0499
25.66,93.05,245.0,3.5,32.1,180.0,0.0,-1.0,32.1,31.2,36.6,1.224,0.0499
25.66,93.06,248.0,3.5,32.5,180.0,0.0,-1.0,32.5,31.1,36.5,1.224,0.0499
25.66,93.07,205.0,3.5,32.8,180.0,0.0,-1.0,32.8,30.9,36.3,1.224,0.0499
25.66,93.08,220.0,3.5,33.2,180.0,0.0,-1.0,33.2,30.7,36.1,1.224,0.0499
25.66,93.09,269.0,3.5,33.6,180.0,0.0,-1.0,33.6,30.5,35.9,1.225,0.0498
25.66,93.1,208.0,3.5,34.0,180.0,0.0,-1.0,34.0,30.3,35.7,1.226,0.0498
25.66,93.11,264.0,3.5,34.3,180.0,0.0,-1.0,34.3,30.1,35.6,1.226,0.0498
25.66,93.12,259.0,3.5,34.6,180.0,0.0,-1.0,34.6,29.9,35.5,1.227,0.0498
25.66,93.13,264.0,3.5,34.8,180.0,0.0,-1.0,34.8,29.8,35.3,1.227,0.0498
25.66,93.14,229.0,3.5,35.0,180.0,0.0,-1.0,35.0,29.7,35.3,1.228,0.0497
25.66,93.15,197.0,3.5,35.1,180.0,0.0,-1.0,35.1,29.7,35.2,1.228,0.0497
25.66,93.16,211.0,3.5,35.1,180.0,0.0,-1.0,35.1,29.7,35.2,1.228,0.0497
25.66,93.17,190.0,3.5,35.0,180.0,0.0,-1.0,35.0,29.7,35.3,1.227,0.0498
25.66,93.18,305.0,3.5,34.9,180.0,0.0,-1.0,34.9,29.8,35.3,1.227,0.0498
25.66,93.19,415.0,3.5,34.7,180.0,0.0,-1.0,34.7,29.9,35.4,1.226,0.0498
25.66,93.2,367.0,3.5,34.6,180.0,0.0,-1.0,34.6,30.0,35.4,1.225,0.0498
25.66,93.21,323.0,3.5,34.5,180.0,0.0,-1.0,34.5,30.1,35.5,1.224,0.0499
25.66,93.22,292.0,3.5,34.3,180.0,0.0,-1.0,34.3,30.2,35.5,1.223,0.0499
25.66,93.23,328.0,3.5,34.2,180.0,0.0,-1.0,34.2,30.2,35.6,1.222,0.05
25.66,93.24,419.0,3.5,34.1,180.0,0.0,-1.0,34.1,30.3,35.6,1.221,0.05
25.66,93.25,424.0,3.5,34.0,180.0,0.0,-1.0,34.0,30.4,35.6,1.22,0.05
25.66,93.26,372.0,3.5,33.9,180.0,0.0,-1.0,33.9,30.4,35.6,1.219,0.0501
25.66,93.27,376.0,3.5,33.9,180.0,0.0,-1.0,33.9,30.5,35.7,1.217,0.0502
25.66,93.28,366.0,3.5,33.8,180.0,0.0,-1.0,33.8,30.5,35.7,1.216,0.0502
25.67,92.75,347.0,3.5,31.9,180.0,0.0,-1.0,31.9,32.5,35.6,1.205,0.0507
25.67,92.76,350.0,3.5,31.9,180.0,0.0,-1.0,31.9,32.5,35.6,1.205,0.0507
25.67,92.77,304.0,3.5,31.9,180.0,0.0,-1.0,31.9,32.5,35.6,1.205,0.0507
25.67,92.78,275.0,3.5,31.9,180.0,0.0,-1.0,31.9,32.4,35.7,1.205,0.0507
25.67,92.79,257.0,3.5,31.9,180.0,0.0,-1.0,31.9,32.4,35.7,1.205,0.0507
25.67,92.8,234.0,3.5,31.9,180.0,0.0,-1.0,31.9,32.3,35.7,1.205,0.0507
25.67,92.81,240.0,3.5,31.9,180.0,0.0,-1.0,31.9,32.3,35.8,1.205,0.0507
25.67,92.82,198.0,3.5,31.9,180.0,0.0,-1.0,31.9,32.2,35.8,1.206,0.0506
25.67,92.83,202.0,3.5,31.9,180.0,0.0,-1.0,31.9,32.2,35.9,1.206,0.0506
25.67,92.84,216.0,3.5,31.9,180.0,0.0,-1.0,31.9,32.1,36.0,1.207,0.0506
25.67,92.85,193.0,3.5,31.9,180.0,0.0,-1.0,31.9,32.1,36.0,1.208,0.0505
25.67,92.86,179.0,3.5,31.8,180.0,0.0,-1.0,31.8,32.0,36.1,1.209,0.0505
25.67,92.87,109.0,3.5,31.8,180.0,0.0,-1.0,31.8,32.0,36.2,1.21,0.0505
25.67,92.88,173.0,3.5,31.7,180.0,0.0,-1.0,31.7,32.0,36.3,1.211,0.0504
25.67,92.89,136.0,3.5,31.6,180.0,0.0,-1.0,31.6,32.0,36.4,1.212,0.0504
25.67,92.9,178.0,3.5,31.5,180.0,0.0,-1.0,31.5,31.9,36.5,1.213,0.0503
25.67,92.91,216.0,3.5,31.4,180.0,0.0,-1.0,31.4,31.9,36.7,1.215,0.0502
25.67,92.92,181.0,3.5,31.3,180.0,0.0,-1.0,31.3,31.9,36.8,1.217,0.0502
25.67,92.93,225.0,3.5,31.2,180.0,0.0,-1.0,31.2,31.9,36.9,1.218,0.0501
25.67,92.94,172.0,3.5,31.0,180.0,0.0,-1.0,31.0,31.9,37.0,1.22,0.05
25.67,92.95,157.0,3.5,30.9,180.0,0.0,-1.0,30.9,31.9,37.1,1.221,0.05
25.67,92.96,134.0,3.5,30.8,180.0,0.0,-1.0,30.8,31.9,37.3,1.223,0.0499
25.67,92.97,146.0,3.5,30.8,180.0,0.0,-1.0,30.8,31.9,37.3,1.224,0.0499
25.67,92.98,138.0,3.5,30.7,180.0,0.0,-1.0,30.7,31.9,37.4,1.225,0.0498
25.67,92.99,144.0,3.5,30.7,180.0,0.0,-1.0,30.7,31.9,37.4,1.226,0.0498
25.67,93.0,193.0,3.5,30.7,180.0,0.0,-1.0,30.7,31.8,37.4,1.226,0.0498
25.67,93.01,160.0,3.5,30.9,180.0,0.0,-1.0,30.9,31.8,37.4,1.226,0.0498
25.67,93.02,215.0,3.5,31.0,180.0,0.0,-1.0,31.0,31.7,37.3,1.226,0.0498
25.67,93.03,201.0,3.5,31.2,180.0,0.0,-1.0,31.2,31.6,37.1,1.226,0.0498
25.67,93.04,202.0,3.5,31.5,180.0,0.0,-1.0,31.5,31.5,37.0,1.225,0.0498
25.67,93.05,192.0,3.5,31.8,180.0,0.0,-1.0,31.8,31.3,36.8,1.225,0.0498
25.67,93.06,203.0,3.5,32.2,180.0,0.0,-1.0,32.2,31.2,36.6,1.225,0.0498
25.67,93.07,220.0,3.5,32.6,180.0,0.0,-1.0,32.6,31.0,36.4,1.225,0.0498
25.67,93.08,227.0,3.5,33.0,180.0,0.0,-1.0,33.0,30.8,36.2,1.225,0.0498
25.67,93.09,246.0,3.5,33.4,180.0,0.0,-1.0,33.4,30.6,36.0,1.225,0.0498
25.67,93.1,207.0,3.5,33.7,180.0,0.0,-1.0,33.7,30.4,35.9,1.225,0.0498
25.67,93.11,229.0,3.5,34.1,180.0,0.0,-1.0,34.1,30.2,35.7,1.226,0.0498
25.67,93.12,249.0,3.5,34.4,180.0,0.0,-1.0,34.4,30.1,35.6,1.226,0.0498
25.67,93.13,278.0,3.5,34.6,180.0,0.0,-1.0,34.6,30.0,35.5,1.227,0.0498
25.67,93.14,181.0,3.5,34.7,180.0,0.0,-1.0,34.7,29.9,35.4,1.227,0.0498
25.67,93.15,276.0,3.5,34.8,180.0,0.0,-1.0,34.8,29.8,35.3,1.227,0.0498
25.67,93.16,283.0,3.5,34.8,180.0,0.0,-1.0,34.8,29.8,35.3,1.227,0.0498
25.67,93.17,233.0,3.5,34.8,180.0,0.0,-1.0,34.8,29.9,35.4,1.227,0.0498
25.67,93.18,215.0,3.5,34.7,180.0,0.0,-1.0,34.7,29.9,35.4,1.226,0.0498
25.67,93.19,215.0,3.5,34.6,180.0,0.0,-1.0,34.6,30.0,35.4,1.225,0.0498
25.67,93.2,215.0,3.5,34.5,180.0,0.0,-1.0,34.5,30.1,35.5,1.224,0.0499
25.67,93.21,215.0,3.5,34.4,180.0,0.0,-1.0,34.4,30.1,35.5,1.224,0.0499
25.67,93.22,215.0,3.5,34.2,180.0,0.0,-1.0,34.2,30.2,35.6,1.223,0.0499
25.67,93.23,215.0,3.5,34.1,180.0,0.0,-1.0,34.1,30.3,35.6,1.222,0.05
25.67,93.24,215.0,3.5,34.1,180.0,0.0,-1.0,34.1,30.3,35.6,1.22,0.05
25.67,93.25,215.0,3.5,34.0,180.0,0.0,-1.0,34.0,30.4,35.6,1.219,0.0501
25.67,93.26,215.0,3.5,33.9,180.0,0.0,-1.0,33.9,30.4,35.7,1.218,0.0501
25.67,93.27,215.0,3.5,33.8,180.0,0.0,-1.0,33.8,30.5,35.7,1.217,0.0502
25.67,93.28,215.0,3.5,33.8,180.0,0.0,-1.0,33.8,30.5,35.7,1.216,0.0502
25.68,92.76,215.0,3.5,31.9,180.0,0.0,-1.0,31.9,32.5,35.6,1.205,0.0507
25.68,92.77,215.0,3.5,31.9,180.0,0.0,-1.0,31.9,32.4,35.7,1.205,0.0507
25.68,92.78,215.0,3.5,31.9,180.0,0.0,-1.0,31.9,32.4,35.7,1.205,0.0507
25.68,92.79,215.0,3.5,31.9,180.0,0.0,-1.0,31.9,32.3,35.7,1.205,0.0507
25.68,92.8,215.0,3.5,31.9,180.0,0.0,-1.0,31.9,32.3,35.8,1.205,0.0507
25.68,92.81,215.0,3.5,31.9,180.0,0.0,-1.0,31.9,32.2,35.8,1.206,0.0506
25.68,92.82,215.0,3.5,31.9,180.0,0.0,-1.0,31.9,32.2,35.9,1.206,0.0506
25.68,92.83,215.0,3.5,31.9,180.0,0.0,-1.0,31.9,32.2,36.0,1.207,0.0506
25.68,92.84,215.0,3.5,31.9,180.0,0.0,-1.0,31.9,32.1,36.0,1.208,0.0505
25.68,92.85,215.0,3.5,31.8,180.0,0.0,-1.0,31.8,32.1,36.1,1.209,0.0505
25.68,92.86,215.0,3.5,31.7,180.0,0.0,-1.0,31.7,32.0,36.2,1.21,0.0505
25.68,92.87,215.0,3.5,31.7,180.0,0.0,-1.0,31.7,32.0,36.3,1.211,0.0504
25.68,92.88,215.0,3.5,31.6,180.0,0.0,-1.0,31.6,32.0,36.4,1.212,0.0504
25.68,92.89,215.0,3.5,31.5,180.0,0.0,-1.0,31.5,32.0,36.5,1.213,0.0503
25.68,92.9,215.0,3.5,31.4,180.0,0.0,-1.0,31.4,32.0,36.7,1.215,0.0502
25.68,92.91,215.0,3.5,31.2,180.0,0.0,-1.0,31.2,32.0,36.8,1.217,0.0502
25.68,92.92,215.0,3.5,31.1,180.0,0.0,-1.0,31.1,32.0,36.9,1.218,0.0501
25.68,92.93,215.0,3.5,31.0,180.0,0.0,-1.0,31.0,32.0,37.1,1.22,0.05
25.68,92.94,215.0,3.5,30.8,180.0,0.0,-1.0,30.8,32.0,37.2,1.222,0.05
25.68,92.95,215.0,3.5,30.7,180.0,0.0,-1.0,30.7,32.0,37.4,1.224,0.0499
25.68,92.96,215.0,3.5,30.5,180.0,0.0,-1.0,30.5,32.0,37.5,1.225,0.0498
25.68,92.97,215.0,3.5,30.4,180.0,0.0,-1.0,30.4,32.0,37.6,1.226,0.0498
25.68,92.98,215.0,3.5,30.4,180.0,0.0,-1.0,30.4,32.0,37.6,1.228,0.0497
25.68,92.99,215.0,3.5,30.3,180.0,0.0,-1.0,30.3,32.0,37.7,1.228,0.0497
25.68,93.0,215.0,3.5,30.4,180.0,0.0,-1.0,30.4,32.0,37.7,1.229,0.0497
25.68,93.01,215.0,3.5,30.5,180.0,0.0,-1.0,30.5,31.9,37.6,1.229,0.0497
25.68,93.02,215.0,3.5,30.6,180.0,0.0,-1.0,30.6,31.8,37.5,1.228,0.0497
25.68,93.03,215.0,3.5,30.9,180.0,0.0,-1.0,30.9,31.7,37.4,1.228,0.0497
25.68,93.04,215.0,3.5,31.2,180.0,0.0,-1.0,31.2,31.6,37.2,1.227,0.0498
25.68,93.05,215.0,3.5,31.5,180.0,0.0,-1.0,31.5,31.5,37.0,1.226,0.0498
25.68,93.06,215.0,3.5,31.9,180.0,0.0,-1.0,31.9,31.3,36.8,1.226,0.0498
25.68,93.07,215.0,3.5,32.3,180.0,0.0,-1.0,32.3,31.1,36.6,1.225,0.0498
25.68,93.08,215.0,3.5,32.7,180.0,0.0,-1.0,32.7,30.9,36.4,1.225,0.0498
25.68,93.09,215.0,3.5,33.1,180.0,0.0,-1.0,33.1,30.7,36.2,1.225,0.0498
25.68,93.1,215.0,3.5,33.5,180.0,0.0,-1.0,33.5,30.5,36.0,1.225,0.0498
25.68,93.11,215.0,3.5,33.8,180.0,0.0,-1.0,33.8,30.4,35.8,1.225,0.0498
25.68,93.12,215.0,3.5,34.1,180.0,0.0,-1.0,34.1,30.2,35.7,1.226,0.0498
25.68,93.13,215.0,3.5,34.3,180.0,0.0,-1.0,34.3,30.1,35.6,1.226,0.0498
25.68,93.14,215.0,3.5,34.5,180.0,0.0,-1.0,34.5,30.0,35.5,1.226,0.0498
25.68,93.15,215.0,3.5,34.6,180.0,0.0,-1.0,34.6,30.0,35.5,1.226,0.0498
25.68,93.16,215.0,3.5,34.6,180.0,0.0,-1.0,34.6,30.0,35.4,1.226,0.0498
25.68,93.17,215.0,3.5,34.6,180.0,0.0,-1.0,34.6,30.0,35.4,1.226,0.0498
25.68,93.18,215.0,3.5,34.5,180.0,0.0,-1.0,34.5,30.0,35.5,1.225,0.0498
25.68,93.19,215.0,3.5,34.4,180.0,0.0,-1.0,34.4,30.1,35.5,1.225,0.0498
25.68,93.2,215.0,3.5,34.4,180.0,0.0,-1.0,34.4,30.1,35.5,1.224,0.0499
25.68,93.21,215.0,3.5,34.3,180.0,0.0,-1.0,34.3,30.2,35.6,1.223,0.0499
25.68,93.22,215.0,3.5,34.2,180.0,0.0,-1.0,34.2,30.3,35.6,1.222,0.05
25.68,93.23,215.0,3.5,34.1,180.0,0.0,-1.0,34.1,30.3,35.6,1.221,0.05
25.68,93.24,215.0,3.5,34.0,180.0,0.0,-1.0,34.0,30.4,35.6,1.22,0.05
25.68,93.25,215.0,3.5,33.9,180.0,0.0,-1.0,33.9,30.4,35.7,1.219,0.0501
25.68,93.26,215.0,3.5,33.9,180.0,0.0,-1.0,33.9,30.5,35.7,1.218,0.0501
25.68,93.27,215.0,3.5,33.8,180.0,0.0,-1.0,33.8,30.5,35.7,1.217,0.0502
25.69,92.78,215.0,3.5,31.9,180.0,0.0,-1.0,31.9,32.3,35.7,1.205,0.0507
25.69,92.79,215.0,3.5,31.9,180.0,0.0,-1.0,31.9,32.3,35.8,1.205,0.0507
25.69,92.8,215.0,3.5,31.9,180.0,0.0,-1.0,31.9,32.3,35.8,1.206,0.0506
25.69,92.81,215.0,3.5,31.9,180.0,0.0,-1.0,31.9,32.2,35.9,1.206,0.0506
25.69,92.82,215.0,3.5,31.9,180.0,0.0,-1.0,31.9,32.2,35.9,1.207,0.0506
25.69,92.83,215.0,3.5,31.8,180.0,0.0,-1.0,31.8,32.1,36.0,1.208,0.0505
25.69,92.84,215.0,3.5,31.8,180.0,0.0,-1.0,31.8,32.1,36.1,1.208,0.0505
25.69,92.85,215.0,3.5,31.7,180.0,0.0,-1.0,31.7,32.1,36.2,1.209,0.0505
25.69,92.86,215.0,3.5,31.7,180.0,0.0,-1.0,31.7,32.0,36.3,1.21,0.0505
25.69,92.87,215.0,3.5,31.6,180.0,0.0,-1.0,31.6,32.0,36.4,1.212,0.0504
25.69,92.88,215.0,3.5,31.5,180.0,0.0,-1.0,31.5,32.0,36.5,1.213,0.0503
25.69,92.89,215.0,3.5,31.4,180.0,0.0,-1.0,31.4,32.0,36.6,1.215,0.0502
25.69,92.9,215.0,3.5,31.2,180.0,0.0,-1.0,31.2,32.0,36.8,1.216,0.0502
25.69,92.91,215.0,3.5,31.1,180.0,0.0,-1.0,31.1,32.0,36.9,1.218,0.0501
25.69,92.92,215.0,3.5,30.9,180.0,0.0,-1.0,30.9,32.0,37.1,1.22,0.05
25.69,92.93,215.0,3.5,30.7,180.0,0.0,-1.0,30.7,32.0,37.2,1.222,0.05
25.69,92.94,215.0,3.5,30.6,180.0,0.0,-1.0,30.6,32.0,37.4,1.224,0.0499
25.69,92.95,215.0,3.5,30.4,180.0,0.0,-1.0,30.4,32.1,37.6,1.226,0.0498
25.69,92.96,215.0,3.5,30.2,180.0,0.0,-1.0,30.2,32.1,37.7,1.227,0.0498
25.69,92.97,215.0,3.5,30.1,180.0,0.0,-1.0,30.1,32.1,37.8,1.229,0.0497
25.69,92.98,215.0,3.5,30.0,180.0,0.0,-1.0,30.0,32.1,37.9,1.23,0.0496
25.69,92.99,215.0,3.5,30.0,180.0,0.0,-1.0,30.0,32.1,37.9,1.231,0.0496
25.69,93.0,215.0,3.5,30.0,180.0,0.0,-1.0,30.0,32.1,37.9,1.231,0.0496
25.69,93.01,215.0,3.5,30.1,180.0,0.0,-1.0,30.1,32.0,37.9,1.231,0.0496
25.69,93.02,215.0,3.5,30.2,180.0,0.0,-1.0,30.2,32.0,37.8,1.23,0.0496
25.69,93.03,215.0,3.5,30.5,180.0,0.0,-1.0,30.5,31.9,37.6,1.23,0.0496
25.69,93.04,215.0,3.5,30.8,180.0,0.0,-1.0,30.8,31.7,37.5,1.229,0.0497
25.69,93.05,215.0,3.5,31.2,180.0,0.0,-1.0,31.2,31.6,37.2,1.228,0.0497
25.69,93.06,215.0,3.5,31.6,180.0,0.0,-1.0,31.6,31.4,37.0,1.227,0.0498
25.69,93.07,215.0,3.5,32.0,180.0,0.0,-1.0,32.0,31.2,36.8,1.226,0.0498
25.69,93.08,215.0,3.5,32.4,180.0,0.0,-1.0,32.4,31.0,36.5,1.225,0.0498
25.69,93.09,215.0,3.5,32.8,180.0,0.0,-1.0,32.8,30.9,36.3,1.225,0.0498
25.69,93.1,215.0,3.5,33.2,180.0,0.0,-1.0,33.2,30.7,36.1,1.225,0.0498
25.69,93.11,215.0,3.5,33.5,180.0,0.0,-1.0,33.5,30.5,36.0,1.225,0.0498
25.69,93.12,215.0,3.5,33.8,180.0,0.0,-1.0,33.8,30.4,35.8,1.225,0.0498
25.69,93.13,215.0,3.5,34.0,180.0,0.0,-1.0,34.0,30.3,35.7,1.225,0.0498
25.69,93.14,215.0,3.5,34.2,180.0,0.0,-1.0,34.2,30.2,35.6,1.225,0.0498
25.69,93.15,215.0,3.5,34.3,180.0,0.0,-1.0,34.3,30.1,35.6,1.225,0.0498
25.69,93.16,215.0,3.5,34.4,180.0,0.0,-1.0,34.4,30.1,35.5,1.225,0.0498
25.69,93.17,215.0,3.5,34.4,180.0,0.0,-1.0,34.4,30.1,35.5,1.225,0.0498
25.69,93.18,215.0,3.5,34.3,180.0,0.0,-1.0,34.3,30.1,35.5,1.224,0.0499
25.69,93.19,215.0,3.5,34.3,180.0,0.0,-1.0,34.3,30.2,35.6,1.224,0.0499
25.69,93.2,215.0,3.5,34.2,180.0,0.0,-1.0,34.2,30.2,35.6,1.223,0.0499
25.69,93.21,215.0,3.5,34.1,180.0,0.0,-1.0,34.1,30.3,35.6,1.222,0.05
25.69,93.22,215.0,3.5,34.1,180.0,0.0,-1.0,34.1,30.3,35.6,1.222,0.05
25.69,93.23,215.0,3.5,34.0,180.0,0.0,-1.0,34.0,30.4,35.6,1.221,0.05
25.69,93.24,215.0,3.5,33.9,180.0,0.0,-1.0,33.9,30.4,35.7,1.22,0.05
25.69,93.25,215.0,3.5,33.9,180.0,0.0,-1.0,33.9,30.5,35.7,1.219,0.0501
25.69,93.26,215.0,3.5,33.8,180.0,0.0,-1.0,33.8,30.5,35.7,1.218,0.0501
25.69,93.27,215.0,3.5,33.8,180.0,0.0,-1.0,33.8,30.5,35.7,1.217,0.0502
25.7,92.79,215.0,3.5,31.9,180.0,0.0,-1.0,31.9,32.3,35.8,1.206,0.0506
25.7,92.8,215.0,3.5,31.9,180.0,0.0,-1.0,31.9,32.2,35.9,1.206,0.0506
25.7,92.81,215.0,3.5,31.9,180.0,0.0,-1.0,31.9,32.2,35.9,1.207,0.0506
25.7,92.82,215.0,3.5,31.8,180.0,0.0,-1.0,31.8,32.2,36.0,1.207,0.0506
25.7,92.83,215.0,3.5,31.8,180.0,0.0,-1.0,31.8,32.1,36.1,1.208,0.0505
25.7,92.84,215.0,3.5,31.7,180.0,0.0,-1.0,31.7,32.1,36.2,1.209,0.0505
25.7,92.85,215.0,3.5,31.7,180.0,0.0,-1.0,31.7,32.1,36.3,1.21,0.0505
25.7,92.86,215.0,3.5,31.6,180.0,0.0,-1.0,31.6,32.0,36.4,1.211,0.0504
25.7,92.87,215.0,3.5,31.5,180.0,0.0,-1.0,31.5,32.0,36.5,1.213,0.0503
25.7,92.88,215.0,3.5,31.4,180.0,0.0,-1.0,31.4,32.0,36.6,1.214,0.0503
25.7,92.89,215.0,3.5,31.2,180.0,0.0,-1.0,31.2,32.0,36.7,1.216,0.0502
25.7,92.9,215.0,3.5,31.1,180.0,0.0,-1.0,31.1,32.0,36.9,1.218,0.0501
25.7,92.91,215.0,3.5,30.9,180.0,0.0,-1.0,30.9,32.0,37.1,1.22,0.05
25.7,92.92,215.0,3.5,30.7,180.0,0.0,-1.0,30.7,32.0,37.2,1.222,0.05
25.7,92.93,215.0,3.5,30.6,180.0,0.0,-1.0,30.6,32.1,37.4,1.224,0.0499
25.7,92.94,215.0,3.5,30.3,180.0,0.0,-1.0,30.3,32.1,37.6,1.226,0.0498
25.7,92.95,215.0,3.5,30.1,180.0,0.0,-1.0,30.1,32.1,37.7,1.228,0.0497
25.7,92.96,215.0,3.5,30.0,180.0,0.0,-1.0,30.0,32.1,37.9,1.23,0.0496
25.7,92.97,215.0,3.5,29.8,180.0,0.0,-1.0,29.8,32.2,38.0,1.231,0.0496
25.7,92.98,215.0,4.7,29.7,312.1,-0.742,0.6704,29.7,32.2,38.1,1.232,0.0665
25.7,92.99,215.0,8.2,29.6,312.1,-0.742,0.6704,29.6,32.2,38.2,1.233,0.1157
25.7,93.0,215.0,11.0,29.6,270.0,-1.0,-0.0,29.6,32.2,38.2,1.234,0.1546
25.7,93.01,215.0,11.4,29.7,270.0,-1.0,-0.0,29.7,32.2,38.2,1.233,0.1603
25.7,93.02,215.0,8.5,29.8,227.9,-0.742,-0.6704,29.8,32.1,38.1,1.233,0.1199
25.7,93.03,215.0,5.8,30.1,132.1,0.742,-0.6704,30.1,32.0,37.9,1.232,0.082
25.7,93.04,215.0,7.8,30.4,90.0,1.0,0.0,30.4,31.9,37.7,1.23,0.1103
25.7,93.05,215.0,6.0,30.8,132.1,0.742,-0.6704,30.8,31.7,37.5,1.229,0.0851
25.7,93.06,215.0,8.0,31.2,90.0,1.0,0.0,31.2,31.6,37.2,1.228,0.1133
25.7,93.07,215.0,6.0,31.7,132.1,0.742,-0.6704,31.7,31.4,37.0,1.227,0.0852
25.7,93.08,215.0,8.0,32.1,90.0,1.0,0.0,32.1,31.2,36.7,1.226,0.1135
25.7,93.09,215.0,6.0,32.5,47.9,0.742,0.6704,32.5,31.0,36.5,1.225,0.0853
25.7,93.1,215.0,4.0,32.9,47.9,0.742,0.6704,32.9,30.8,36.3,1.225,0.0569
25.7,93.11,215.0,3.5,33.2,132.1,0.742,-0.6704,33.2,30.7,36.1,1.225,0.0498
25.7,93.12,215.0,3.5,33.5,90.0,1.0,0.0,33.5,30.5,36.0,1.225,0.0498
25.7,93.13,215.0,4.2,33.7,312.1,-0.742,0.6704,33.7,30.4,35.8,1.225,0.0598
25.7,93.14,215.0,5.7,33.9,270.0,-1.0,-0.0,33.9,30.3,35.8,1.225,0.0811
25.7,93.15,215.0,4.2,34.0,227.9,-0.742,-0.6704,34.0,30.3,35.7,1.225,0.0598
25.7,93.16,215.0,5.5,34.1,270.0,-1.0,-0.0,34.1,30.2,35.6,1.224,0.0783
25.7,93.17,215.0,4.1,34.1,227.9,-0.742,-0.6704,34.1,30.2,35.6,1.224,0.0584
25.7,93.18,215.0,3.5,34.1,312.1,-0.742,0.6704,34.1,30.2,35.6,1.224,0.0499
25.7,93.19,215.0,3.5,34.1,270.0,-1.0,-0.0,34.1,30.3,35.6,1.223,0.0499
25.7,93.2,215.0,3.5,34.1,132.1,0.742,-0.6704,34.1,30.3,35.6,1.222,0.05
25.7,93.21,215.0,3.5,34.0,90.0,1.0,0.0,34.0,30.3,35.6,1.222,0.05
25.7,93.22,215.0,3.6,34.0,132.1,0.742,-0.6704,34.0,30.4,35.7,1.221,0.0514
25.7,93.23,215.0,4.9,33.9,90.0,1.0,0.0,33.9,30.4,35.7,1.22,0.07
25.7,93.24,215.0,3.6,33.9,47.9,0.742,0.6704,33.9,30.5,35.7,1.219,0.0515
25.7,93.25,215.0,3.5,33.8,47.9,0.742,0.6704,33.8,30.5,35.7,1.218,0.0501
25.7,93.26,215.0,3.5,33.8,227.9,-0.742,-0.6704,33.8,30.5,35.7,1.218,0.0501
25.71,92.8,215.0,3.5,31.9,180.0,0.0,-1.0,31.9,32.2,35.9,1.206,0.0506
25.71,92.81,215.0,9.3,31.8,312.1,-0.742,0.6704,31.8,32.2,36.0,1.207,0.1339
25.71,92.82,215.0,12.5,31.8,270.0,-1.0,-0.0,31.8,32.2,36.0,1.208,0.1792
25.71,92.83,215.0,9.6,31.8,270.0,-1.0,-0.0,31.8,32.1,36.1,1.209,0.1379
25.71,92.84,215.0,10.2,31.7,270.0,-1.0,-0.0,31.7,32.1,36.2,1.21,0.1464
25.71,92.85,215.0,11.2,31.6,270.0,-1.0,-0.0,31.6,32.1,36.3,1.211,0.1604
25.71,92.86,215.0,9.8,31.5,270.0,-1.0,-0.0,31.5,32.0,36.4,1.212,0.1404
25.71,92.87,215.0,11.5,31.4,270.0,-1.0,-0.0,31.4,32.0,36.6,1.214,0.1642
25.71,92.88,215.0,11.3,31.3,270.0,-1.0,-0.0,31.3,32.0,36.7,1.215,0.1613
25.71,92.89,215.0,14.0,31.1,270.0,-1.0,-0.0,31.1,32.0,36.8,1.217,0.1988
25.71,92.9,215.0,12.0,31.0,270.0,-1.0,-0.0,31.0,32.0,37.0,1.219,0.1706
25.71,92.91,215.0,9.6,30.8,270.0,-1.0,-0.0,30.8,32.0,37.2,1.221,0.1366
25.71,92.92,215.0,11.1,30.6,270.0,-1.0,-0.0,30.6,32.1,37.3,1.223,0.1574
25.71,92.93,215.0,10.4,30.4,270.0,-1.0,-0.0,30.4,32.1,37.5,1.225,0.1474
25.71,92.94,215.0,9.6,30.1,270.0,-1.0,-0.0,30.1,32.1,37.7,1.227,0.1359
25.71,92.95,215.0,7.1,29.9,227.9,-0.742,-0.6704,29.9,32.2,37.9,1.23,0.1005
25.71,92.96,215.0,7.0,29.7,312.1,-0.742,0.6704,29.7,32.2,38.1,1.232,0.0989
25.71,92.97,215.0,9.5,29.5,270.0,-1.0,-0.0,29.5,32.3,38.2,1.233,0.1339
25.71,92.98,215.0,11.2,29.4,270.0,-1.0,-0.0,29.4,32.3,38.4,1.235,0.1573
25.71,92.99,159.0,7.0,29.3,0.0,0.0,1.0,29.3,32.3,38.4,1.235,0.0987
25.71,93.0,117.0,11.0,29.3,270.0,-1.0,-0.0,29.3,32.3,38.4,1.236,0.1544
25.71,93.01,113.0,11.4,29.3,270.0,-1.0,-0.0,29.3,32.3,38.4,1.235,0.16
25.71,93.02,160.0,6.2,29.5,270.0,-1.0,-0.0,29.5,32.2,38.3,1.235,0.0874
25.71,93.03,180.0,12.8,29.8,180.0,0.0,-1.0,29.8,32.1,38.1,1.233,0.1797
25.71,93.04,284.0,18.3,30.1,270.0,-1.0,-0.0,30.1,32.0,37.9,1.232,0.2549
25.71,93.05,177.0,13.4,30.5,180.0,0.0,-1.0,30.5,31.8,37.7,1.23,0.1884
25.71,93.06,286.0,13.4,30.9,180.0,0.0,-1.0,30.9,31.7,37.4,1.229,0.1886
25.71,93.07,260.0,5.1,31.4,90.0,1.0,0.0,31.4,31.5,37.1,1.228,0.0724
25.71,93.08,286.0,8.0,31.8,90.0,1.0,0.0,31.8,31.3,36.9,1.227,0.1134
25.71,93.09,263.0,6.9,32.2,0.0,0.0,1.0,32.2,31.1,36.6,1.226,0.098
25.71,93.1,208.0,6.9,32.6,0.0,0.0,1.0,32.6,30.9,36.4,1.225,0.0981
25.71,93.11,206.0,3.9,33.0,90.0,1.0,0.0,33.0,30.8,36.2,1.225,0.0555
25.71,93.12,228.0,6.1,33.2,270.0,-1.0,-0.0,33.2,30.7,36.1,1.224,0.0868
25.71,93.13,223.0,7.2,33.5,0.0,0.0,1.0,33.5,30.5,36.0,1.224,0.1024
25.71,93.14,165.0,7.2,33.7,0.0,0.0,1.0,33.7,30.5,35.9,1.224,0.1024
25.71,93.15,185.0,3.5,33.8,270.0,-1.0,-0.0,33.8,30.4,35.8,1.224,0.0499
25.71,93.16,166.0,5.5,33.9,270.0,-1.0,-0.0,33.9,30.4,35.7,1.224,0.0783
25.71,93.17,209.0,5.4,33.9,180.0,0.0,-1.0,33.9,30.3,35.7,1.223,0.0769
25.71,93.18,207.0,3.5,34.0,312.1,-0.742,0.6704,34.0,30.3,35.7,1.223,0.0499
25.71,93.19,196.0,3.5,34.0,270.0,-1.0,-0.0,34.0,30.4,35.7,1.222,0.05
25.71,93.2,210.0,6.0,33.9,270.0,-1.0,-0.0,33.9,30.4,35.7,1.222,0.0855
25.71,93.21,239.0,6.9,33.9,227.9,-0.742,-0.6704,33.9,30.4,35.7,1.221,0.0984
25.71,93.22,242.0,4.1,33.9,270.0,-1.0,-0.0,33.9,30.4,35.7,1.22,0.0586
25.71,93.23,258.0,4.9,33.8,90.0,1.0,0.0,33.8,30.5,35.7,1.22,0.07
25.71,93.24,239.0,4.1,33.8,270.0,-1.0,-0.0,33.8,30.5,35.7,1.219,0.0587
25.71,93.25,210.0,3.6,33.7,0.0,0.0,1.0,33.7,30.5,35.7,1.218,0.0516
25.71,93.26,213.0,3.5,33.7,47.9,0.742,0.6704,33.7,30.6,35.7,1.217,0.0502
25.72,92.82,103.0,12.5,31.8,270.0,-1.0,-0.0,31.8,32.1,36.1,1.208,0.1792
25.72,92.83,130.0,9.6,31.7,270.0,-1.0,-0.0,31.7,32.1,36.2,1.209,0.1379
25.72,92.84,124.0,10.2,31.6,270.0,-1.0,-0.0,31.6,32.1,36.3,1.21,0.1464
25.72,92.85,115.0,11.2,31.6,270.0,-1.0,-0.0,31.6,32.1,36.4,1.212,0.1603
25.72,92.86,128.0,9.8,31.5,270.0,-1.0,-0.0,31.5,32.1,36.5,1.213,0.1403
25.72,92.87,112.0,11.5,31.3,270.0,-1.0,-0.0,31.3,32.0,36.6,1.214,0.1642
25.72,92.88,114.0,11.3,31.2,270.0,-1.0,-0.0,31.2,32.0,36.8,1.216,0.1611
25.72,92.89,89.0,14.0,31.0,270.0,-1.0,-0.0,31.0,32.0,36.9,1.218,0.1986
25.72,92.9,108.0,12.0,30.9,270.0,-1.0,-0.0,30.9,32.0,37.1,1.22,0.1704
25.72,92.91,130.0,9.6,30.7,270.0,-1.0,-0.0,30.7,32.1,37.3,1.222,0.1365
25.72,92.92,116.0,11.1,30.4,270.0,-1.0,-0.0,30.4,32.1,37.5,1.224,0.1573
25.72,92.93,122.0,10.4,30.2,270.0,-1.0,-0.0,30.2,32.1,37.7,1.227,0.1471
25.72,92.94,130.0,9.6,30.0,270.0,-1.0,-0.0,30.0,32.2,37.9,1.229,0.1357
25.72,92.95,183.0,7.7,29.7,270.0,-1.0,-0.0,29.7,32.2,38.1,1.231,0.1088
25.72,92.96,160.0,6.2,29.5,270.0,-1.0,-0.0,29.5,32.3,38.2,1.233,0.0876
25.72,92.97,131.0,9.5,29.3,270.0,-1.0,-0.0,29.3,32.3,38.4,1.235,0.1336
25.72,92.98,115.0,11.2,29.1,270.0,-1.0,-0.0,29.1,32.4,38.5,1.236,0.1571
25.72,92.99,122.0,7.8,29.0,312.1,-0.742,0.6704,29.0,32.4,38.6,1.237,0.1097
25.72,93.0,92.0,13.6,29.0,180.0,0.0,-1.0,29.0,32.4,38.6,1.238,0.1899
25.72,93.01,202.0,13.6,29.0,180.0,0.0,-1.0,29.0,32.4,38.6,1.237,0.1901
25.72,93.02,125.0,9.6,29.2,0.0,0.0,1.0,29.2,32.3,38.5,1.236,0.1349
25.72,93.03,140.0,11.9,29.5,227.9,-0.742,-0.6704,29.5,32.2,38.3,1.235,0.167
25.72,93.04,117.0,18.3,29.8,270.0,-1.0,-0.0,29.8,32.1,38.1,1.233,0.2547
25.72,93.05,185.0,8.5,30.2,180.0,0.0,-1.0,30.2,31.9,37.8,1.232,0.12
25.72,93.06,214.0,8.3,30.6,270.0,-1.0,-0.0,30.6,31.8,37.6,1.23,0.1174
25.72,93.07,217.0,6.5,31.1,227.9,-0.742,-0.6704,31.1,31.6,37.3,1.228,0.0922
25.72,93.08,250.0,5.7,31.5,227.9,-0.742,-0.6704,31.5,31.4,37.0,1.227,0.0809
25.72,93.09,290.0,10.6,32.0,0.0,0.0,1.0,32.0,31.2,36.8,1.226,0.15
25.72,93.1,205.0,10.6,32.4,0.0,0.0,1.0,32.4,31.1,36.6,1.225,0.1502
25.72,93.11,240.0,8.2,32.7,0.0,0.0,1.0,32.7,30.9,36.4,1.225,0.1164
25.72,93.12,174.0,8.2,33.0,0.0,0.0,1.0,33.0,30.8,36.2,1.224,0.1165
25.72,93.13,179.0,5.0,33.2,270.0,-1.0,-0.0,33.2,30.7,36.1,1.224,0.0712
25.72,93.14,173.0,4.2,33.4,312.1,-0.742,0.6704,33.4,30.6,36.0,1.224,0.0598
25.72,93.15,165.0,3.5,33.6,270.0,-1.0,-0.0,33.6,30.5,35.9,1.223,0.0499
25.72,93.16,177.0,6.3,33.7,180.0,0.0,-1.0,33.7,30.5,35.8,1.223,0.0897
25.72,93.17,227.0,6.4,33.7,312.1,-0.742,0.6704,33.7,30.5,35.8,1.223,0.0911
25.72,93.18,180.0,5.9,33.8,0.0,0.0,1.0,33.8,30.4,35.8,1.222,0.0841
25.72,93.19,166.0,3.7,33.8,227.9,-0.742,-0.6704,33.8,30.4,35.8,1.222,0.0528
25.72,93.2,157.0,6.9,33.8,227.9,-0.742,-0.6704,33.8,30.5,35.7,1.221,0.0984
25.72,93.21,196.0,4.9,33.8,180.0,0.0,-1.0,33.8,30.5,35.7,1.221,0.07
25.72,93.22,206.0,4.4,33.8,227.9,-0.742,-0.6704,33.8,30.5,35.7,1.22,0.0629
25.72,93.23,218.0,5.8,33.7,270.0,-1.0,-0.0,33.7,30.5,35.7,1.219,0.0829
25.72,93.24,203.0,4.6,33.7,312.1,-0.742,0.6704,33.7,30.6,35.7,1.218,0.0658
25.72,93.25,223.0,3.5,33.7,270.0,-1.0,-0.0,33.7,30.6,35.7,1.218,0.0501
25.73,92.83,138.0,3.5,31.7,132.1,0.742,-0.6704,31.7,32.1,36.2,1.21,0.0505
25.73,92.84,123.0,3.5,31.6,0.0,0.0,1.0,31.6,32.1,36.3,1.211,0.0504
25.73,92.85,104.0,3.5,31.5,0.0,0.0,1.0,31.5,32.1,36.4,1.212,0.0504
25.73,92.86,106.0,3.5,31.4,270.0,-1.0,-0.0,31.4,32.1,36.6,1.214,0.0503
25.73,92.87,118.0,4.3,31.3,0.0,0.0,1.0,31.3,32.0,36.7,1.215,0.0617
25.73,92.88,84.0,4.3,31.1,0.0,0.0,1.0,31.1,32.0,36.8,1.217,0.0616
25.73,92.89,92.0,3.8,31.0,180.0,0.0,-1.0,31.0,32.1,37.0,1.219,0.0544
25.73,92.9,122.0,3.8,30.8,180.0,0.0,-1.0,30.8,32.1,37.2,1.221,0.0543
25.73,92.91,119.0,3.5,30.6,270.0,-1.0,-0.0,30.6,32.1,37.4,1.223,0.0499
25.73,92.92,106.0,3.5,30.3,312.1,-0.742,0.6704,30.3,32.1,37.5,1.225,0.0498
25.73,92.93,114.0,3.5,30.1,180.0,0.0,-1.0,30.1,32.2,37.8,1.228,0.0497
25.73,92.94,131.0,4.4,29.8,227.9,-0.742,-0.6704,29.8,32.2,38.0,1.23,0.0624
25.73,92.95,115.0,7.7,29.6,270.0,-1.0,-0.0,29.6,32.3,38.2,1.232,0.1088
25.73,92.96,156.0,5.1,29.3,180.0,0.0,-1.0,29.3,32.3,38.4,1.234,0.072
25.73,92.97,160.0,5.9,29.1,132.1,0.742,-0.6704,29.1,32.4,38.5,1.236,0.0832
25.73,92.98,186.0,8.0,28.9,90.0,1.0,0.0,28.9,32.4,38.7,1.238,0.1124
25.73,92.99,162.0,6.1,28.8,132.1,0.742,-0.6704,28.8,32.4,38.8,1.239,0.0858
25.73,93.0,187.0,10.7,28.8,90.0,1.0,0.0,28.8,32.5,38.8,1.239,0.1499
25.73,93.01,188.0,8.0,28.8,132.1,0.742,-0.6704,28.8,32.4,38.7,1.239,0.1123
25.73,93.02,148.0,7.5,29.0,90.0,1.0,0.0,29.0,32.4,38.6,1.238,0.1054
25.73,93.03,118.0,8.0,29.2,47.9,0.742,0.6704,29.2,32.3,38.5,1.236,0.1126
25.73,93.04,151.0,4.1,29.6,180.0,0.0,-1.0,29.6,32.2,38.2,1.235,0.0579
25.73,93.05,175.0,4.9,30.0,132.1,0.742,-0.6704,30.0,32.0,38.0,1.233,0.0693
25.73,93.06,140.0,8.3,30.4,270.0,-1.0,-0.0,30.4,31.9,37.7,1.231,0.1173
25.73,93.07,182.0,5.7,30.9,227.9,-0.742,-0.6704,30.9,31.7,37.4,1.229,0.0808
25.73,93.08,208.0,6.9,31.3,227.9,-0.742,-0.6704,31.3,31.5,37.2,1.228,0.0978
25.73,93.09,210.0,9.0,31.7,270.0,-1.0,-0.0,31.7,31.3,36.9,1.226,0.1276
25.73,93.1,264.0,7.4,32.1,312.1,-0.742,0.6704,32.1,31.2,36.7,1.225,0.1051
25.73,93.11,263.0,13.8,32.5,0.0,0.0,1.0,32.5,31.0,36.5,1.225,0.1947
25.73,93.12,151.0,13.8,32.8,0.0,0.0,1.0,32.8,30.9,36.3,1.224,0.1949
25.73,93.13,150.0,3.5,33.0,270.0,-1.0,-0.0,33.0,30.8,36.2,1.224,0.0499
25.73,93.14,146.0,3.5,33.2,270.0,-1.0,-0.0,33.2,30.7,36.1,1.223,0.0499
25.73,93.15,136.0,4.8,33.4,180.0,0.0,-1.0,33.4,30.6,36.0,1.223,0.0684
25.73,93.16,174.0,4.8,33.5,180.0,0.0,-1.0,33.5,30.6,35.9,1.223,0.0684
25.73,93.17,185.0,4.8,33.6,270.0,-1.0,-0.0,33.6,30.6,35.9,1.222,0.0685
25.73,93.18,151.0,6.4,33.6,312.1,-0.742,0.6704,33.6,30.5,35.8,1.222,0.0912
25.73,93.19,153.0,3.5,33.6,312.1,-0.742,0.6704,33.6,30.5,35.8,1.221,0.05
25.73,93.2,166.0,3.5,33.7,227.9,-0.742,-0.6704,33.7,30.5,35.8,1.221,0.05
25.73,93.21,154.0,4.8,33.7,270.0,-1.0,-0.0,33.7,30.5,35.8,1.22,0.0686
25.73,93.22,185.0,3.9,33.7,180.0,0.0,-1.0,33.7,30.6,35.8,1.219,0.0558
25.73,93.23,167.0,5.8,33.6,270.0,-1.0,-0.0,33.6,30.6,35.8,1.219,0.0829
25.73,93.24,199.0,5.7,33.6,270.0,-1.0,-0.0,33.6,30.6,35.8,1.218,0.0815
25.73,93.25,197.0,4.0,33.6,227.9,-0.742,-0.6704,33.6,30.6,35.8,1.217,0.0573
25.74,92.84,105.0,3.5,31.6,312.1,-0.742,0.6704,31.6,32.1,36.4,1.211,0.0504
25.74,92.85,104.0,3.5,31.5,312.1,-0.742,0.6704,31.5,32.1,36.5,1.213,0.0503
25.74,92.86,117.0,3.9,31.3,270.0,-1.0,-0.0,31.3,32.1,36.6,1.214,0.056
25.74,92.87,105.0,3.5,31.2,270.0,-1.0,-0.0,31.2,32.0,36.7,1.216,0.0502
25.74,92.88,98.0,3.5,31.1,312.1,-0.742,0.6704,31.1,32.1,36.9,1.218,0.0501
25.74,92.89,97.0,3.5,30.9,227.9,-0.742,-0.6704,30.9,32.1,37.1,1.219,0.0501
25.74,92.9,104.0,3.5,30.7,270.0,-1.0,-0.0,30.7,32.1,37.2,1.222,0.05
25.74,92.91,104.0,3.5,30.5,270.0,-1.0,-0.0,30.5,32.1,37.4,1.224,0.0499
25.74,92.92,99.0,3.5,30.2,312.1,-0.742,0.6704,30.2,32.1,37.6,1.226,0.0498
25.74,92.93,103.0,3.5,30.0,227.9,-0.742,-0.6704,30.0,32.2,37.8,1.228,0.0497
25.74,92.94,120.0,3.5,29.7,180.0,0.0,-1.0,29.7,32.2,38.0,1.231,0.0496
25.74,92.95,105.0,4.3,29.5,227.9,-0.742,-0.6704,29.5,32.3,38.2,1.233,0.0608
25.74,92.96,123.0,3.7,29.2,270.0,-1.0,-0.0,29.2,32.3,38.4,1.235,0.0523
25.74,92.97,151.0,9.8,29.0,180.0,0.0,-1.0,29.0,32.4,38.6,1.237,0.1376
25.74,92.98,230.0,9.8,28.8,180.0,0.0,-1.0,28.8,32.4,38.7,1.238,0.1375
25.74,92.99,205.0,8.5,28.7,270.0,-1.0,-0.0,28.7,32.5,38.8,1.239,0.1193
25.74,93.0,235.0,12.5,28.6,270.0,-1.0,-0.0,28.6,32.5,38.9,1.24,0.1745
25.74,93.01,146.0,11.0,28.7,0.0,0.0,1.0,28.7,32.5,38.8,1.239,0.154
25.74,93.02,214.0,8.5,28.8,180.0,0.0,-1.0,28.8,32.4,38.7,1.239,0.1193
25.74,93.03,167.0,5.9,29.1,0.0,0.0,1.0,29.1,32.3,38.6,1.237,0.0831
25.74,93.04,161.0,3.6,29.4,132.1,0.742,-0.6704,29.4,32.2,38.3,1.235,0.0508
25.74,93.05,183.0,8.0,29.8,0.0,0.0,1.0,29.8,32.1,38.1,1.233,0.1129
25.74,93.06,119.0,8.0,30.2,0.0,0.0,1.0,30.2,31.9,37.8,1.231,0.1131
25.74,93.07,136.0,6.0,30.7,227.9,-0.742,-0.6704,30.7,31.8,37.5,1.23,0.085
25.74,93.08,178.0,5.5,31.1,227.9,-0.742,-0.6704,31.1,31.6,37.3,1.228,0.0781
25.74,93.09,220.0,6.0,31.5,227.9,-0.742,-0.6704,31.5,31.4,37.0,1.227,0.0852
25.74,93.1,199.0,7.3,31.9,270.0,-1.0,-0.0,31.9,31.3,36.8,1.226,0.1036
25.74,93.11,176.0,9.8,32.3,270.0,-1.0,-0.0,32.3,31.1,36.6,1.225,0.1389
25.74,93.12,177.0,7.2,32.5,312.1,-0.742,0.6704,32.5,31.0,36.4,1.224,0.1024
25.74,93.13,129.0,6.0,32.8,0.0,0.0,1.0,32.8,30.9,36.3,1.223,0.0855
25.74,93.14,116.0,4.3,33.0,180.0,0.0,-1.0,33.0,30.8,36.2,1.223,0.0613
25.74,93.15,150.0,4.3,33.2,180.0,0.0,-1.0,33.2,30.7,36.1,1.222,0.0614
25.74,93.16,160.0,3.5,33.3,270.0,-1.0,-0.0,33.3,30.7,36.0,1.222,0.05
25.74,93.17,158.0,3.5,33.4,270.0,-1.0,-0.0,33.4,30.7,36.0,1.222,0.05
25.74,93.18,138.0,4.0,33.5,312.1,-0.742,0.6704,33.5,30.6,35.9,1.221,0.0571
25.74,93.19,140.0,3.5,33.5,180.0,0.0,-1.0,33.5,30.6,35.9,1.221,0.05
25.74,93.2,165.0,3.5,33.5,180.0,0.0,-1.0,33.5,30.6,35.8,1.22,0.05
25.74,93.21,155.0,3.5,33.6,227.9,-0.742,-0.6704,33.6,30.6,35.8,1.22,0.05
25.74,93.22,159.0,3.5,33.6,270.0,-1.0,-0.0,33.6,30.6,35.8,1.219,0.0501
25.74,93.23,165.0,3.5,33.6,227.9,-0.742,-0.6704,33.6,30.6,35.8,1.218,0.0501
25.74,93.24,149.0,5.7,33.6,270.0,-1.0,-0.0,33.6,30.7,35.8,1.218,0.0815
25.75,92.86,83.0,3.9,31.3,270.0,-1.0,-0.0,31.3,32.1,36.6,1.215,0.056
25.75,92.87,84.0,3.5,31.2,312.1,-0.742,0.6704,31.2,32.1,36.8,1.216,0.0502
25.75,92.88,95.0,3.5,31.0,270.0,-1.0,-0.0,31.0,32.1,36.9,1.218,0.0501
25.75,92.89,95.0,3.5,30.8,270.0,-1.0,-0.0,30.8,32.1,37.1,1.22,0.05
25.75,92.9,88.0,3.5,30.6,270.0,-1.0,-0.0,30.6,32.1,37.3,1.222,0.05
25.75,92.91,84.0,3.5,30.4,270.0,-1.0,-0.0,30.4,32.1,37.5,1.224,0.0499
25.75,92.92,85.0,3.5,30.2,180.0,0.0,-1.0,30.2,32.1,37.7,1.227,0.0498
25.75,92.93,102.0,3.5,29.9,270.0,-1.0,-0.0,29.9,32.2,37.9,1.229,0.0497
25.75,92.94,120.0,3.5,29.7,227.9,-0.742,-0.6704,29.7,32.2,38.1,1.231,0.0496
25.75,92.95,133.0,3.5,29.4,227.9,-0.742,-0.6704,29.4,32.3,38.3,1.234,0.0495
25.75,92.96,113.0,3.5,29.2,227.9,-0.742,-0.6704,29.2,32.4,38.5,1.236,0.0494
25.75,92.97,126.0,8.7,29.0,227.9,-0.742,-0.6704,29.0,32.4,38.6,1.237,0.1223
25.75,92.98,167.0,7.1,28.8,270.0,-1.0,-0.0,28.8,32.5,38.8,1.239,0.0998
25.75,92.99,130.0,8.8,28.6,227.9,-0.742,-0.6704,28.6,32.5,38.9,1.24,0.1234
25.75,93.0,123.0,12.5,28.6,270.0,-1.0,-0.0,28.6,32.5,38.9,1.24,0.1745
25.75,93.01,195.0,9.0,28.6,180.0,0.0,-1.0,28.6,32.5,38.9,1.24,0.1262
25.75,93.02,189.0,6.9,28.8,270.0,-1.0,-0.0,28.8,32.4,38.8,1.239,0.097
25.75,93.03,201.0,6.1,29.0,227.9,-0.742,-0.6704,29.0,32.4,38.6,1.237,0.0859
25.75,93.04,192.0,4.3,29.3,270.0,-1.0,-0.0,29.3,32.3,38.4,1.236,0.0607
25.75,93.05,169.0,4.8,29.7,312.1,-0.742,0.6704,29.7,32.1,38.2,1.234,0.0678
25.75,93.06,174.0,7.6,30.1,0.0,0.0,1.0,30.1,32.0,37.9,1.232,0.1074
25.75,93.07,113.0,7.6,30.6,0.0,0.0,1.0,30.6,31.8,37.6,1.23,0.1075
25.75,93.08,148.0,6.0,31.0,227.9,-0.742,-0.6704,31.0,31.7,37.4,1.228,0.0851
25.75,93.09,187.0,5.5,31.4,227.9,-0.742,-0.6704,31.4,31.5,37.1,1.227,0.0781
25.75,93.1,192.0,7.1,31.7,0.0,0.0,1.0,31.7,31.4,36.9,1.226,0.1008
25.75,93.11,135.0,7.1,32.1,0.0,0.0,1.0,32.1,31.2,36.7,1.225,0.1009
25.75,93.12,161.0,5.8,32.4,270.0,-1.0,-0.0,32.4,31.1,36.5,1.224,0.0826
25.75,93.13,122.0,4.9,32.6,0.0,0.0,1.0,32.6,31.0,36.4,1.223,0.0698
25.75,93.14,143.0,3.5,32.8,90.0,1.0,0.0,32.8,30.9,36.3,1.223,0.0499
25.75,93.15,125.0,3.5,33.0,227.9,-0.742,-0.6704,33.0,30.8,36.2,1.222,0.05
25.75,93.16,134.0,3.5,33.1,270.0,-1.0,-0.0,33.1,30.8,36.1,1.222,0.05
25.75,93.17,135.0,3.5,33.2,270.0,-1.0,-0.0,33.2,30.7,36.0,1.221,0.05
25.75,93.18,141.0,3.5,33.3,312.1,-0.742,0.6704,33.3,30.7,36.0,1.221,0.05
25.75,93.19,138.0,3.5,33.4,227.9,-0.742,-0.6704,33.4,30.7,35.9,1.22,0.05
25.75,93.2,142.0,3.5,33.4,270.0,-1.0,-0.0,33.4,30.7,35.9,1.22,0.05
25.75,93.21,137.0,3.5,33.4,312.1,-0.742,0.6704,33.4,30.7,35.9,1.219,0.0501
25.75,93.22,152.0,3.5,33.5,180.0,0.0,-1.0,33.5,30.7,35.9,1.218,0.0501
25.75,93.23,159.0,3.5,33.5,227.9,-0.742,-0.6704,33.5,30.7,35.8,1.218,0.0501
25.76,92.87,87.0,3.5,31.1,0.0,0.0,1.0,31.1,32.1,36.8,1.217,0.0502
25.76,92.88,78.0,3.5,31.0,270.0,-1.0,-0.0,31.0,32.1,37.0,1.218,0.0501
25.76,92.89,81.0,3.5,30.8,270.0,-1.0,-0.0,30.8,32.1,37.1,1.22,0.05
25.76,92.9,82.0,3.5,30.6,312.1,-0.742,0.6704,30.6,32.1,37.3,1.222,0.05
25.76,92.91,83.0,3.5,30.4,180.0,0.0,-1.0,30.4,32.1,37.5,1.225,0.0498
25.76,92.92,92.0,3.5,30.2,270.0,-1.0,-0.0,30.2,32.2,37.7,1.227,0.0498
25.76,92.93,79.0,3.5,29.9,227.9,-0.742,-0.6704,29.9,32.2,37.9,1.229,0.0497
25.76,92.94,95.0,3.5,29.7,227.9,-0.742,-0.6704,29.7,32.2,38.1,1.231,0.0496
25.76,92.95,107.0,3.5,29.4,270.0,-1.0,-0.0,29.4,32.3,38.3,1.234,0.0495
25.76,92.96,101.0,3.8,29.2,180.0,0.0,-1.0,29.2,32.4,38.5,1.236,0.0536
25.76,92.97,131.0,3.8,29.0,180.0,0.0,-1.0,29.0,32.4,38.6,1.237,0.0536
25.76,92.98,125.0,4.8,28.8,270.0,-1.0,-0.0,28.8,32.4,38.8,1.239,0.0675
25.76,92.99,114.0,4.5,28.7,312.1,-0.742,0.6704,28.7,32.5,38.8,1.239,0.0633
25.76,93.0,118.0,6.5,28.6,227.9,-0.742,-0.6704,28.6,32.5,38.9,1.24,0.0913
25.76,93.01,125.0,7.9,28.7,270.0,-1.0,-0.0,28.7,32.5,38.8,1.239,0.1109
25.76,93.02,128.0,8.2,28.8,180.0,0.0,-1.0,28.8,32.4,38.7,1.239,0.1151
25.76,93.03,194.0,8.2,29.0,180.0,0.0,-1.0,29.0,32.4,38.6,1.237,0.1153
25.76,93.04,154.0,5.0,29.3,0.0,0.0,1.0,29.3,32.3,38.4,1.236,0.0705
25.76,93.05,158.0,5.8,29.7,0.0,0.0,1.0,29.7,32.1,38.2,1.234,0.0819
25.76,93.06,112.0,7.0,30.1,270.0,-1.0,-0.0,30.1,32.0,37.9,1.232,0.0989
25.76,93.07,138.0,3.5,30.5,270.0,-1.0,-0.0,30.5,31.9,37.7,1.23,0.0496
25.76,93.08,121.0,5.5,30.9,227.9,-0.742,-0.6704,30.9,31.7,37.4,1.228,0.0781
25.76,93.09,145.0,5.4,31.3,180.0,0.0,-1.0,31.3,31.6,37.2,1.227,0.0767
25.76,93.1,188.0,8.1,31.6,270.0,-1.0,-0.0,31.6,31.4,37.0,1.226,0.1149
25.76,93.11,141.0,5.9,31.9,0.0,0.0,1.0,31.9,31.3,36.8,1.225,0.0839
25.76,93.12,110.0,5.8,32.2,270.0,-1.0,-0.0,32.2,31.2,36.6,1.224,0.0826
25.76,93.13,114.0,4.1,32.5,180.0,0.0,-1.0,32.5,31.1,36.5,1.223,0.0585
25.76,93.14,147.0,4.1,32.7,180.0,0.0,-1.0,32.7,31.0,36.3,1.222,0.0585
25.76,93.15,138.0,3.5,32.8,270.0,-1.0,-0.0,32.8,30.9,36.2,1.222,0.05
25.76,93.16,127.0,3.5,33.0,0.0,0.0,1.0,33.0,30.9,36.2,1.221,0.05
25.76,93.17,129.0,3.5,33.1,227.9,-0.742,-0.6704,33.1,30.8,36.1,1.221,0.05
25.76,93.18,133.0,3.5,33.2,132.1,0.742,-0.6704,33.2,30.8,36.0,1.22,0.05
25.76,93.19,138.0,3.5,33.3,90.0,1.0,0.0,33.3,30.8,36.0,1.22,0.05
25.76,93.2,140.0,3.5,33.3,47.9,0.742,0.6704,33.3,30.8,35.9,1.219,0.0501
25.76,93.21,134.0,3.5,33.3,227.9,-0.742,-0.6704,33.3,30.7,35.9,1.219,0.0501
25.76,93.22,146.0,3.5,33.4,180.0,0.0,-1.0,33.4,30.7,35.9,1.218,0.0501
25.77,92.89,81.0,3.5,30.8,132.1,0.742,-0.6704,30.8,32.1,37.1,1.221,0.05
25.77,92.9,80.0,3.5,30.6,90.0,1.0,0.0,30.6,32.1,37.3,1.223,0.0499
25.77,92.91,78.0,3.5,30.4,227.9,-0.742,-0.6704,30.4,32.1,37.5,1.225,0.0498
25.77,92.92,71.0,3.5,30.2,270.0,-1.0,-0.0,30.2,32.2,37.7,1.227,0.0498
25.77,92.93,78.0,3.5,29.9,180.0,0.0,-1.0,29.9,32.2,37.9,1.229,0.0497
25.77,92.94,98.0,3.5,29.7,180.0,0.0,-1.0,29.7,32.2,38.1,1.231,0.0496
25.77,92.95,99.0,3.5,29.5,270.0,-1.0,-0.0,29.5,32.3,38.3,1.233,0.0495
25.77,92.96,100.0,3.5,29.2,180.0,0.0,-1.0,29.2,32.3,38.4,1.235,0.0494
25.77,92.97,122.0,4.0,29.0,312.1,-0.742,0.6704,29.0,32.4,38.6,1.237,0.0564
25.77,92.98,113.0,4.4,28.9,270.0,-1.0,-0.0,28.9,32.4,38.7,1.238,0.062
25.77,92.99,98.0,3.5,28.8,312.1,-0.742,0.6704,28.8,32.5,38.8,1.239,0.0493
25.77,93.0,104.0,3.5,28.7,227.9,-0.742,-0.6704,28.7,32.5,38.8,1.239,0.0493
25.77,93.01,111.0,3.5,28.8,270.0,-1.0,-0.0,28.8,32.4,38.8,1.239,0.0493
25.77,93.02,114.0,6.7,28.9,227.9,-0.742,-0.6704,28.9,32.4,38.7,1.238,0.0942
25.77,93.03,131.0,7.1,29.1,270.0,-1.0,-0.0,29.1,32.3,38.5,1.237,0.0999
25.77,93.04,115.0,6.6,29.4,312.1,-0.742,0.6704,29.4,32.3,38.4,1.235,0.0931
25.77,93.05,114.0,5.0,29.7,270.0,-1.0,-0.0,29.7,32.1,38.1,1.234,0.0706
25.77,93.06,111.0,4.0,30.1,312.1,-0.742,0.6704,30.1,32.0,37.9,1.232,0.0566
25.77,93.07,109.0,3.5,30.4,270.0,-1.0,-0.0,30.4,31.9,37.7,1.23,0.0496
25.77,93.08,108.0,3.5,30.8,227.9,-0.742,-0.6704,30.8,31.7,37.4,1.228,0.0497
25.77,93.09,106.0,6.9,31.2,227.9,-0.742,-0.6704,31.2,31.6,37.2,1.227,0.0979
25.77,93.1,116.0,8.1,31.5,270.0,-1.0,-0.0,31.5,31.5,37.0,1.226,0.1149
25.77,93.11,127.0,5.1,31.8,312.1,-0.742,0.6704,31.8,31.4,36.8,1.224,0.0726
25.77,93.12,139.0,3.5,32.1,90.0,1.0,0.0,32.1,31.3,36.7,1.223,0.0499
25.77,93.13,130.0,3.5,32.3,47.9,0.742,0.6704,32.3,31.2,36.5,1.223,0.0499
25.77,93.14,122.0,3.5,32.5,270.0,-1.0,-0.0,32.5,31.1,36.4,1.222,0.05
25.77,93.15,119.0,3.5,32.7,312.1,-0.742,0.6704,32.7,31.0,36.3,1.221,0.05
25.77,93.16,119.0,3.5,32.8,90.0,1.0,0.0,32.8,30.9,36.2,1.221,0.05
25.77,93.17,126.0,5.0,33.0,132.1,0.742,-0.6704,33.0,30.9,36.1,1.22,0.0714
25.77,93.18,118.0,7.7,33.1,90.0,1.0,0.0,33.1,30.9,36.1,1.22,0.1098
25.77,93.19,155.0,4.6,33.1,180.0,0.0,-1.0,33.1,30.8,36.0,1.219,0.0658
25.77,93.2,149.0,4.4,33.2,90.0,1.0,0.0,33.2,30.8,36.0,1.219,0.0629
25.77,93.21,144.0,3.7,33.2,47.9,0.742,0.6704,33.2,30.8,35.9,1.218,0.053
25.78,92.9,87.0,3.5,30.6,0.0,0.0,1.0,30.6,32.1,37.3,1.223,0.0499
25.78,92.91,79.0,3.5,30.4,90.0,1.0,0.0,30.4,32.1,37.5,1.225,0.0498
25.78,92.92,76.0,3.5,30.2,47.9,0.742,0.6704,30.2,32.1,37.7,1.227,0.0498
25.78,92.93,71.0,3.5,30.0,180.0,0.0,-1.0,30.0,32.2,37.8,1.229,0.0497
25.78,92.94,91.0,3.5,29.7,180.0,0.0,-1.0,29.7,32.2,38.0,1.231,0.0496
25.78,92.95,97.0,3.5,29.5,180.0,0.0,-1.0,29.5,32.3,38.2,1.233,0.0495
25.78,92.96,95.0,3.5,29.3,227.9,-0.742,-0.6704,29.3,32.3,38.4,1.234,0.0495
25.78,92.97,97.0,3.5,29.1,0.0,0.0,1.0,29.1,32.4,38.5,1.236,0.0494
25.78,92.98,74.0,4.4,29.0,270.0,-1.0,-0.0,29.0,32.4,38.6,1.237,0.062
25.78,92.99,88.0,3.5,28.9,312.1,-0.742,0.6704,28.9,32.4,38.7,1.238,0.0493
25.78,93.0,103.0,3.5,28.9,180.0,0.0,-1.0,28.9,32.4,38.7,1.238,0.0493
25.78,93.01,99.0,3.5,28.9,180.0,0.0,-1.0,28.9,32.4,38.7,1.238,0.0493
25.78,93.02,111.0,3.5,29.0,227.9,-0.742,-0.6704,29.0,32.4,38.6,1.237,0.0494
25.78,93.03,99.0,3.6,29.2,270.0,-1.0,-0.0,29.2,32.3,38.5,1.236,0.0508
25.78,93.04,109.0,3.5,29.5,312.1,-0.742,0.6704,29.5,32.2,38.3,1.235,0.0494
25.78,93.05,104.0,3.5,29.8,0.0,0.0,1.0,29.8,32.1,38.1,1.233,0.0495
25.78,93.06,87.0,3.6,30.1,90.0,1.0,0.0,30.1,32.0,37.9,1.231,0.051
25.78,93.07,97.0,3.5,30.4,180.0,0.0,-1.0,30.4,31.9,37.7,1.23,0.0496
25.78,93.08,114.0,3.5,30.8,180.0,0.0,-1.0,30.8,31.8,37.4,1.228,0.0497
25.78,93.09,122.0,3.5,31.1,270.0,-1.0,-0.0,31.1,31.6,37.2,1.227,0.0498
25.78,93.1,129.0,3.5,31.4,227.9,-0.742,-0.6704,31.4,31.5,37.0,1.225,0.0498
25.78,93.11,124.0,5.1,31.7,180.0,0.0,-1.0,31.7,31.4,36.9,1.224,0.0726
25.78,93.12,165.0,5.7,32.0,270.0,-1.0,-0.0,32.0,31.3,36.7,1.223,0.0812
25.78,93.13,131.0,4.3,32.2,0.0,0.0,1.0,32.2,31.2,36.6,1.222,0.0614
25.78,93.14,115.0,3.5,32.4,180.0,0.0,-1.0,32.4,31.1,36.5,1.222,0.05
25.78,93.15,138.0,5.5,32.6,132.1,0.742,-0.6704,32.6,31.1,36.3,1.221,0.0785
25.78,93.16,146.0,13.2,32.7,132.1,0.742,-0.6704,32.7,31.0,36.3,1.22,0.1872
25.78,93.17,150.0,17.2,32.9,90.0,1.0,0.0,32.9,31.0,36.2,1.22,0.2424
25.78,93.18,186.0,10.0,33.0,47.9,0.742,0.6704,33.0,30.9,36.1,1.219,0.1425
25.78,93.19,148.0,11.6,33.0,90.0,1.0,0.0,33.0,30.9,36.1,1.219,0.165
25.78,93.2,188.0,5.4,33.1,47.9,0.742,0.6704,33.1,30.9,36.0,1.218,0.0773
25.79,92.91,95.0,3.5,30.4,90.0,1.0,0.0,30.4,32.1,37.5,1.224,0.0499
25.79,92.92,86.0,3.5,30.2,47.9,0.742,0.6704,30.2,32.1,37.6,1.226,0.0498
25.79,92.93,76.0,3.5,30.0,180.0,0.0,-1.0,30.0,32.2,37.8,1.228,0.0497
25.79,92.94,95.0,3.5,29.8,180.0,0.0,-1.0,29.8,32.2,38.0,1.23,0.0496
25.79,92.95,95.0,3.5,29.6,227.9,-0.742,-0.6704,29.6,32.3,38.1,1.232,0.0496
25.79,92.96,92.0,3.5,29.4,0.0,0.0,1.0,29.4,32.3,38.3,1.233,0.0495
25.79,92.97,77.0,3.5,29.3,270.0,-1.0,-0.0,29.3,32.3,38.4,1.235,0.0494
25.79,92.98,73.0,3.5,29.2,90.0,1.0,0.0,29.2,32.4,38.5,1.236,0.0494
25.79,92.99,94.0,3.5,29.1,180.0,0.0,-1.0,29.1,32.4,38.6,1.237,0.0494
25.79,93.0,90.0,3.5,29.1,270.0,-1.0,-0.0,29.1,32.4,38.6,1.237,0.0494
25.79,93.01,95.0,3.5,29.1,90.0,1.0,0.0,29.1,32.4,38.5,1.237,0.0494
25.79,93.02,100.0,3.5,29.2,270.0,-1.0,-0.0,29.2,32.3,38.5,1.236,0.0494
25.79,93.03,97.0,3.5,29.4,227.9,-0.742,-0.6704,29.4,32.3,38.4,1.235,0.0494
25.79,93.04,102.0,3.5,29.6,132.1,0.742,-0.6704,29.6,32.2,38.2,1.234,0.0495
25.79,93.05,100.0,3.5,29.9,180.0,0.0,-1.0,29.9,32.1,38.0,1.232,0.0496
25.79,93.06,119.0,3.6,30.2,90.0,1.0,0.0,30.2,32.0,37.8,1.231,0.051
25.79,93.07,106.0,3.5,30.5,90.0,1.0,0.0,30.5,31.9,37.6,1.229,0.0497
25.79,93.08,110.0,3.5,30.8,132.1,0.742,-0.6704,30.8,31.8,37.4,1.228,0.0497
25.79,93.09,97.0,4.1,31.1,90.0,1.0,0.0,31.1,31.7,37.2,1.226,0.0583
25.79,93.1,115.0,3.5,31.4,180.0,0.0,-1.0,31.4,31.6,37.1,1.225,0.0498
25.79,93.11,111.0,4.5,31.7,227.9,-0.742,-0.6704,31.7,31.4,36.9,1.224,0.0641
25.79,93.12,115.0,5.7,31.9,270.0,-1.0,-0.0,31.9,31.4,36.7,1.223,0.0812
25.79,93.13,127.0,4.1,32.1,132.1,0.742,-0.6704,32.1,31.3,36.6,1.222,0.0585
25.79,93.14,130.0,5.2,32.3,90.0,1.0,0.0,32.3,31.2,36.5,1.221,0.0742
25.79,93.15,140.0,7.9,32.5,180.0,0.0,-1.0,32.5,31.1,36.4,1.221,0.1126
25.79,93.16,203.0,12.7,32.6,180.0,0.0,-1.0,32.6,31.1,36.3,1.22,0.1802
25.79,93.17,306.0,17.2,32.8,90.0,1.0,0.0,32.8,31.0,36.2,1.22,0.2424
25.79,93.18,273.0,10.4,32.9,47.9,0.742,0.6704,32.9,31.0,36.2,1.219,0.1481
25.79,93.19,252.0,11.6,32.9,90.0,1.0,0.0,32.9,30.9,36.1,1.218,0.1651
25.8,92.93,87.0,3.5,30.1,90.0,1.0,0.0,30.1,32.2,37.7,1.228,0.0497
25.8,92.94,89.0,3.5,29.9,132.1,0.742,-0.6704,29.9,32.2,37.9,1.229,0.0497
25.8,92.95,91.0,3.5,29.7,270.0,-1.0,-0.0,29.7,32.2,38.0,1.231,0.0496
25.8,92.96,90.0,3.5,29.6,47.9,0.742,0.6704,29.6,32.3,38.2,1.232,0.0496
25.8,92.97,89.0,3.5,29.4,90.0,1.0,0.0,29.4,32.3,38.3,1.234,0.0495
25.8,92.98,97.0,3.5,29.3,90.0,1.0,0.0,29.3,32.3,38.4,1.235,0.0494
25.8,92.99,89.0,3.5,29.3,132.1,0.742,-0.6704,29.3,32.3,38.4,1.235,0.0494
25.8,93.0,81.0,3.5,29.3,180.0,0.0,-1.0,29.3,32.3,38.4,1.235,0.0494
25.8,93.01,107.0,3.5,29.3,180.0,0.0,-1.0,29.3,32.3,38.4,1.235,0.0494
25.8,93.02,83.0,3.5,29.4,0.0,0.0,1.0,29.4,32.3,38.3,1.235,0.0494
25.8,93.03,97.0,3.5,29.5,180.0,0.0,-1.0,29.5,32.2,38.2,1.234,0.0495
25.8,93.04,105.0,3.5,29.7,132.1,0.742,-0.6704,29.7,32.1,38.1,1.233,0.0495
25.8,93.05,114.0,3.5,30.0,132.1,0.742,-0.6704,30.0,32.1,37.9,1.231,0.0496
25.8,93.06,111.0,3.5,30.3,90.0,1.0,0.0,30.3,32.0,37.8,1.23,0.0496
25.8,93.07,130.0,3.5,30.5,90.0,1.0,0.0,30.5,31.9,37.6,1.229,0.0497
25.8,93.08,111.0,3.5,30.8,180.0,0.0,-1.0,30.8,31.8,37.4,1.227,0.0498
25.8,93.09,133.0,4.1,31.1,90.0,1.0,0.0,31.1,31.7,37.2,1.226,0.0583
25.8,93.1,129.0,3.5,31.4,132.1,0.742,-0.6704,31.4,31.6,37.1,1.225,0.0498
25.8,93.11,120.0,3.5,31.6,132.1,0.742,-0.6704,31.6,31.5,36.9,1.224,0.0499
25.8,93.12,127.0,3.9,31.8,90.0,1.0,0.0,31.8,31.4,36.8,1.223,0.0556
25.8,93.13,127.0,6.1,32.1,180.0,0.0,-1.0,32.1,31.3,36.6,1.222,0.087
25.8,93.14,176.0,6.1,32.2,180.0,0.0,-1.0,32.2,31.2,36.5,1.221,0.087
25.8,93.15,178.0,5.3,32.4,180.0,0.0,-1.0,32.4,31.2,36.4,1.22,0.0757
25.8,93.16,220.0,16.2,32.5,180.0,0.0,-1.0,32.5,31.1,36.3,1.22,0.2287
25.8,93.17,353.0,16.2,32.7,180.0,0.0,-1.0,32.7,31.1,36.3,1.219,0.2289
25.81,92.94,90.0,3.5,30.0,132.1,0.742,-0.6704,30.0,32.2,37.8,1.228,0.0497
25.81,92.95,88.0,3.5,29.9,312.1,-0.742,0.6704,29.9,32.2,37.9,1.23,0.0496
25.81,92.96,90.0,3.5,29.7,270.0,-1.0,-0.0,29.7,32.2,38.1,1.231,0.0496
25.81,92.97,93.0,3.5,29.6,227.9,-0.742,-0.6704,29.6,32.2,38.2,1.232,0.0496
25.81,92.98,91.0,3.5,29.5,270.0,-1.0,-0.0,29.5,32.3,38.2,1.233,0.0495
25.81,92.99,93.0,3.5,29.5,270.0,-1.0,-0.0,29.5,32.3,38.3,1.234,0.0495
25.81,93.0,88.0,3.5,29.5,180.0,0.0,-1.0,29.5,32.3,38.3,1.234,0.0495
25.81,93.01,102.0,3.5,29.5,132.1,0.742,-0.6704,29.5,32.2,38.3,1.234,0.0495
25.81,93.02,100.0,3.5,29.6,90.0,1.0,0.0,29.6,32.2,38.2,1.233,0.0495
25.81,93.03,91.0,3.5,29.7,132.1,0.742,-0.6704,29.7,32.2,38.1,1.232,0.0496
25.81,93.04,109.0,3.5,29.9,180.0,0.0,-1.0,29.9,32.1,38.0,1.231,0.0496
25.81,93.05,119.0,3.5,30.1,180.0,0.0,-1.0,30.1,32.0,37.8,1.23,0.0496
25.81,93.06,135.0,3.5,30.4,90.0,1.0,0.0,30.4,32.0,37.7,1.229,0.0497
25.81,93.07,131.0,3.5,30.6,47.9,0.742,0.6704,30.6,31.9,37.5,1.228,0.0497
25.81,93.08,120.0,5.0,30.9,132.1,0.742,-0.6704,30.9,31.8,37.4,1.227,0.071
25.81,93.09,127.0,6.0,31.1,90.0,1.0,0.0,31.1,31.7,37.2,1.225,0.0853
25.81,93.1,138.0,8.8,31.4,132.1,0.742,-0.6704,31.4,31.6,37.1,1.224,0.125
25.81,93.11,138.0,11.8,31.6,90.0,1.0,0.0,31.6,31.5,36.9,1.223,0.1672
25.81,93.12,161.0,10.3,31.8,90.0,1.0,0.0,31.8,31.4,36.8,1.222,0.1463
25.81,93.13,167.0,7.2,32.0,47.9,0.742,0.6704,32.0,31.3,36.7,1.221,0.1026
25.81,93.14,166.0,3.5,32.2,180.0,0.0,-1.0,32.2,31.3,36.5,1.221,0.05
25.81,93.15,193.0,3.5,32.3,180.0,0.0,-1.0,32.3,31.2,36.4,1.22,0.05
25.82,92.96,81.0,3.5,29.9,180.0,0.0,-1.0,29.9,32.2,37.9,1.23,0.0496
25.82,92.97,94.0,3.5,29.8,180.0,0.0,-1.0,29.8,32.2,38.0,1.231,0.0496
25.82,92.98,96.0,3.5,29.7,0.0,0.0,1.0,29.7,32.2,38.1,1.232,0.0496
25.82,92.99,83.0,3.5,29.7,0.0,0.0,1.0,29.7,32.2,38.1,1.232,0.0496
25.82,93.0,82.0,3.5,29.7,227.9,-0.742,-0.6704,29.7,32.2,38.1,1.232,0.0496
25.82,93.01,90.0,3.5,29.7,270.0,-1.0,-0.0,29.7,32.2,38.1,1.232,0.0496
25.82,93.02,94.0,3.5,29.8,132.1,0.742,-0.6704,29.8,32.2,38.1,1.232,0.0496
25.82,93.03,109.0,3.5,29.9,90.0,1.0,0.0,29.9,32.1,38.0,1.231,0.0496
25.82,93.04,124.0,3.5,30.1,132.1,0.742,-0.6704,30.1,32.1,37.9,1.23,0.0496
25.82,93.05,118.0,3.5,30.3,180.0,0.0,-1.0,30.3,32.0,37.7,1.229,0.0497
25.82,93.06,130.0,3.5,30.5,180.0,0.0,-1.0,30.5,31.9,37.6,1.228,0.0497
25.82,93.07,134.0,3.5,30.7,132.1,0.742,-0.6704,30.7,31.8,37.5,1.227,0.0498
25.82,93.08,136.0,5.5,30.9,180.0,0.0,-1.0,30.9,31.8,37.3,1.226,0.0782
25.82,93.09,180.0,6.0,31.1,90.0,1.0,0.0,31.1,31.7,37.2,1.225,0.0853
25.82,93.1,194.0,6.3,31.4,90.0,1.0,0.0,31.4,31.6,37.0,1.224,0.0897
25.82,93.11,243.0,11.8,31.6,90.0,1.0,0.0,31.6,31.5,36.9,1.223,0.1672
25.82,93.12,253.0,10.3,31.8,90.0,1.0,0.0,31.8,31.4,36.8,1.222,0.1463
25.83,93.02,95.0,3.5,30.0,180.0,0.0,-1.0,30.0,32.1,37.9,1.23,0.0496
25.83,93.03,119.0,3.5,30.1,180.0,0.0,-1.0,30.1,32.1,37.8,1.23,0.0496
25.83,93.04,113.0,3.5,30.2,180.0,0.0,-1.0,30.2,32.0,37.8,1.229,0.0497
25.83,93.05,124.0,3.5,30.4,180.0,0.0,-1.0,30.4,32.0,37.6,1.228,0.0497
25.83,93.06,129.0,3.5,30.6,180.0,0.0,-1.0,30.6,31.9,37.5,1.227,0.0498
25.83,93.07,147.0,3.5,30.8,180.0,0.0,-1.0,30.8,31.8,37.4,1.226,0.0498
25.83,93.08,162.0,3.5,31.0,90.0,1.0,0.0,31.0,31.8,37.3,1.225,0.0498
25.83,93.09,184.0,4.0,31.2,132.1,0.742,-0.6704,31.2,31.7,37.1,1.224,0.057
25.83,93.1,159.0,7.0,31.4,227.9,-0.742,-0.6704,31.4,31.6,37.0,1.223,0.0996
