latitude,longitude,elevation,slope,clay_percentage,aspect,aspect_sin,aspect_cos,clay_percent,sand_percent,silt_percent,bulk_density,shear_stress_factor
24.97,92.78,86.0,3.7,32.3,215.6,-0.5821,-0.8131,32.3,34.1,33.7,1.151,0.0561
24.97,92.79,48.0,2.5,32.2,217.8,-0.6129,-0.7902,32.2,34.1,33.7,1.151,0.0379
24.97,92.8,44.0,3.2,32.2,258.4,-0.9796,-0.2011,32.2,34.0,33.8,1.151,0.0485
24.97,92.81,32.0,7.6,32.2,286.3,-0.9598,0.2807,32.2,34.0,33.8,1.151,0.1149
24.97,92.82,98.0,2.9,32.2,57.0,0.8387,0.5446,32.2,34.0,33.8,1.151,0.044
24.97,92.83,72.0,7.6,32.2,259.8,-0.9842,-0.1771,32.2,33.9,33.9,1.151,0.1149
24.97,92.84,64.0,4.8,32.2,281.0,-0.9816,0.1908,32.2,33.9,33.9,1.152,0.0726
24.97,92.85,95.0,2.5,32.2,243.4,-0.8942,-0.4478,32.2,33.8,34.0,1.152,0.0379
24.97,92.86,54.0,5.1,32.3,230.1,-0.7672,-0.6414,32.3,33.7,34.0,1.153,0.0771
24.98,92.74,98.0,5.8,32.4,166.4,0.2351,-0.972,32.4,34.1,33.5,1.15,0.0879
24.98,92.75,27.0,9.1,32.4,264.0,-0.9945,-0.1045,32.4,34.1,33.5,1.15,0.1375
24.98,92.76,74.0,7.6,32.3,294.1,-0.9128,0.4083,32.3,34.1,33.6,1.15,0.115
24.98,92.77,105.0,11.7,32.3,278.1,-0.99,0.1409,32.3,34.1,33.6,1.15,0.1763
24.98,92.78,116.0,4.6,32.2,250.3,-0.9415,-0.3371,32.2,34.1,33.7,1.15,0.0697
24.98,92.79,66.0,4.3,32.2,254.3,-0.9627,-0.2706,32.2,34.1,33.7,1.15,0.0652
24.98,92.8,87.0,8.5,32.1,288.4,-0.9489,0.3156,32.1,34.1,33.8,1.151,0.1284
24.98,92.81,134.0,8.4,32.1,263.8,-0.9942,-0.108,32.1,34.1,33.8,1.151,0.1269
24.98,92.82,64.0,4.0,32.1,294.4,-0.9107,0.4131,32.1,34.0,33.9,1.151,0.0606
24.98,92.83,176.0,4.7,32.1,303.3,-0.8358,0.549,32.1,34.0,33.9,1.151,0.0712
24.98,92.84,129.0,5.3,32.1,238.3,-0.8508,-0.5255,32.1,33.9,34.0,1.151,0.0803
24.98,92.85,106.0,5.7,32.2,261.6,-0.9893,-0.1461,32.2,33.8,34.0,1.152,0.0862
24.98,92.86,108.0,2.5,32.2,186.8,-0.1184,-0.993,32.2,33.8,34.0,1.152,0.0379
24.98,92.87,45.0,2.5,32.2,231.8,-0.7859,-0.6184,32.2,33.7,34.1,1.153,0.0378
24.98,92.88,78.0,2.5,32.3,61.1,0.8755,0.4833,32.3,33.6,34.1,1.153,0.0378
24.98,92.89,52.0,7.1,32.3,276.4,-0.9938,0.1115,32.3,33.5,34.1,1.154,0.1071
24.98,92.9,98.0,3.6,32.4,354.3,-0.0993,0.9951,32.4,33.5,34.1,1.154,0.0544
24.98,92.91,143.0,7.0,32.5,300.6,-0.8607,0.509,32.5,33.4,34.1,1.155,0.1055
24.99,92.73,95.0,5.1,32.5,104.6,0.9677,-0.2521,32.5,34.1,33.4,1.15,0.0773
24.99,92.74,79.0,2.7,32.4,28.9,0.4833,0.8755,32.4,34.1,33.5,1.15,0.041
24.99,92.75,154.0,8.9,32.4,294.0,-0.9135,0.4067,32.4,34.1,33.5,1.15,0.1345
24.99,92.76,170.0,18.8,32.3,283.5,-0.9724,0.2334,32.3,34.1,33.6,1.15,0.2802
24.99,92.77,268.0,18.1,32.2,274.4,-0.9971,0.0767,32.2,34.2,33.6,1.15,0.2702
24.99,92.78,206.0,14.1,32.2,253.0,-0.9563,-0.2924,32.2,34.2,33.7,1.15,0.2118
24.99,92.79,162.0,14.6,32.1,279.7,-0.9857,0.1685,32.1,34.2,33.7,1.15,0.2192
24.99,92.8,269.0,18.7,32.1,282.4,-0.9767,0.2147,32.1,34.2,33.8,1.15,0.2788
24.99,92.81,266.0,16.1,32.1,260.4,-0.986,-0.1668,32.1,34.1,33.8,1.15,0.2411
24.99,92.82,200.0,10.5,32.1,251.4,-0.9478,-0.319,32.1,34.1,33.9,1.151,0.1583
24.99,92.83,181.0,10.1,32.1,267.5,-0.999,-0.0436,32.1,34.0,33.9,1.151,0.1524
24.99,92.84,189.0,6.7,32.1,295.0,-0.9063,0.4226,32.1,33.9,34.0,1.151,0.1014
24.99,92.85,252.0,8.8,32.1,235.4,-0.8231,-0.5678,32.1,33.9,34.0,1.151,0.1329
24.99,92.86,62.0,7.7,32.1,195.8,-0.2723,-0.9622,32.1,33.8,34.1,1.152,0.1163
24.99,92.87,66.0,2.5,32.2,291.7,-0.9291,0.3697,32.2,33.7,34.1,1.152,0.0379
24.99,92.88,71.0,3.4,32.2,349.6,-0.1805,0.9836,32.2,33.6,34.1,1.153,0.0514
24.99,92.89,150.0,5.7,32.3,283.0,-0.9744,0.225,32.3,33.6,34.2,1.153,0.0861
24.99,92.9,103.0,4.1,32.4,318.6,-0.6613,0.7501,32.4,33.5,34.2,1.154,0.062
24.99,92.91,227.0,16.8,32.5,7.9,0.1374,0.9905,32.5,33.4,34.2,1.155,0.2502
24.99,92.92,532.0,26.1,32.5,65.1,0.907,0.421,32.5,33.3,34.2,1.156,0.3806
24.99,92.93,524.0,14.2,32.6,92.4,0.9991,-0.0419,32.6,33.2,34.2,1.156,0.2122
24.99,92.94,517.0,2.8,32.7,258.5,-0.9799,-0.1994,32.7,33.1,34.2,1.157,0.0422
25.0,92.71,283.0,12.6,32.6,120.8,0.859,-0.512,32.6,34.1,33.3,1.15,0.1897
25.0,92.72,201.0,11.0,32.6,156.3,0.4019,-0.9157,32.6,34.1,33.3,1.15,0.1659
25.0,92.73,27.0,5.6,32.5,172.2,0.1357,-0.9907,32.5,34.1,33.4,1.15,0.0849
25.0,92.74,62.0,9.1,32.4,9.3,0.1616,0.9869,32.4,34.1,33.4,1.15,0.1375
25.0,92.75,253.0,20.9,32.3,11.5,0.1994,0.9799,32.3,34.2,33.5,1.15,0.3102
25.0,92.76,599.0,14.4,32.3,1.4,0.0244,0.9997,32.3,34.2,33.6,1.15,0.2163
25.0,92.77,621.0,4.3,32.2,159.8,0.3453,-0.9385,32.2,34.2,33.6,1.15,0.0652
25.0,92.78,498.0,6.8,32.1,210.4,-0.506,-0.8625,32.1,34.2,33.7,1.15,0.103
25.0,92.79,474.0,11.6,32.1,292.3,-0.9252,0.3795,32.1,34.2,33.7,1.15,0.1749
25.0,92.8,610.0,8.8,32.0,300.4,-0.8625,0.506,32.0,34.2,33.8,1.15,0.133
25.0,92.81,586.0,18.6,32.0,236.5,-0.8339,-0.5519,32.0,34.2,33.8,1.15,0.2774
25.0,92.82,343.0,18.6,32.0,254.7,-0.9646,-0.2639,32.0,34.1,33.9,1.15,0.2774
25.0,92.83,458.0,19.6,32.0,264.8,-0.9959,-0.0906,32.0,34.1,33.9,1.15,0.2917
25.0,92.84,297.0,10.1,32.0,234.4,-0.8131,-0.5821,32.0,34.0,34.0,1.151,0.1524
25.0,92.85,309.0,6.7,32.0,219.2,-0.632,-0.7749,32.0,33.9,34.1,1.151,0.1014
25.0,92.86,166.0,11.4,32.1,214.6,-0.5678,-0.8231,32.1,33.8,34.1,1.152,0.1716
25.0,92.87,70.0,4.1,32.1,226.7,-0.7278,-0.6858,32.1,33.7,34.2,1.152,0.0621
25.0,92.88,95.0,7.9,32.2,312.8,-0.7337,0.6794,32.2,33.6,34.2,1.153,0.1192
25.0,92.89,205.0,3.7,32.2,326.0,-0.5592,0.829,32.2,33.6,34.2,1.153,0.056
25.0,92.9,173.0,6.7,32.3,220.6,-0.6508,-0.7593,32.3,33.5,34.2,1.154,0.1011
25.0,92.91,77.0,4.4,32.4,273.1,-0.9985,0.0541,32.4,33.4,34.2,1.155,0.0664
25.0,92.92,179.0,18.1,32.5,58.3,0.8508,0.5255,32.5,33.3,34.2,1.155,0.269
25.0,92.93,323.0,18.1,32.6,36.9,0.6004,0.7997,32.6,33.2,34.2,1.156,0.2688
25.0,92.94,555.0,14.4,32.7,39.9,0.6414,0.7672,32.7,33.1,34.2,1.157,0.2149
25.0,92.95,606.0,6.7,32.8,51.3,0.7804,0.6252,32.8,33.0,34.2,1.158,0.1008
25.0,92.96,661.0,11.3,32.9,292.4,-0.9245,0.3811,32.9,32.9,34.2,1.159,0.1691
25.01,92.7,126.0,7.3,32.7,273.1,-0.9985,0.0541,32.7,34.1,33.2,1.15,0.1105
25.01,92.71,131.0,3.1,32.7,80.5,0.9863,0.165,32.7,34.1,33.2,1.15,0.047
25.01,92.72,139.0,6.5,32.6,249.6,-0.9373,-0.3486,32.6,34.1,33.3,1.149,0.0985
25.01,92.73,74.0,13.4,32.5,252.8,-0.9553,-0.2957,32.5,34.2,33.3,1.149,0.2017
25.01,92.74,38.0,5.0,32.4,251.1,-0.9461,-0.3239,32.4,34.2,33.4,1.149,0.0759
25.01,92.75,33.0,6.2,32.3,39.0,0.6293,0.7771,32.3,34.2,33.5,1.149,0.094
25.01,92.76,160.0,15.6,32.2,61.2,0.8763,0.4818,32.2,34.2,33.5,1.149,0.234
25.01,92.77,227.0,20.5,32.1,74.8,0.965,0.2622,32.1,34.3,33.6,1.149,0.3048
25.01,92.78,301.0,9.7,32.1,15.5,0.2672,0.9636,32.1,34.3,33.7,1.15,0.1465
25.01,92.79,463.0,7.9,32.0,334.6,-0.4289,0.9033,32.0,34.3,33.7,1.15,0.1195
25.01,92.8,480.0,9.8,32.0,354.4,-0.0976,0.9952,32.0,34.3,33.7,1.15,0.148
25.01,92.81,711.0,14.3,31.9,310.1,-0.7649,0.6441,31.9,34.3,33.8,1.15,0.2148
25.01,92.82,716.0,21.4,31.9,273.2,-0.9984,0.0558,31.9,34.2,33.9,1.15,0.3173
25.01,92.83,742.0,14.8,31.9,218.3,-0.6198,-0.7848,31.9,34.1,34.0,1.15,0.2221
25.01,92.84,419.0,17.7,31.9,215.7,-0.5835,-0.8121,31.9,34.0,34.1,1.151,0.2641
25.01,92.85,370.0,7.4,32.0,199.4,-0.3322,-0.9432,32.0,33.9,34.2,1.151,0.1119
25.01,92.86,244.0,10.5,32.0,214.1,-0.5606,-0.8281,32.0,33.8,34.2,1.151,0.1583
25.01,92.87,149.0,3.5,32.0,262.1,-0.9905,-0.1374,32.0,33.7,34.3,1.152,0.053
25.01,92.88,232.0,4.9,32.1,298.7,-0.8771,0.4802,32.1,33.6,34.3,1.152,0.0741
25.01,92.89,208.0,7.3,32.2,267.5,-0.999,-0.0436,32.2,33.6,34.3,1.153,0.1102
25.01,92.9,224.0,10.9,32.3,300.6,-0.8607,0.509,32.3,33.5,34.2,1.154,0.1639
25.01,92.91,349.0,5.7,32.4,202.7,-0.3859,-0.9225,32.4,33.4,34.2,1.154,0.0861
25.01,92.92,92.0,6.0,32.5,205.6,-0.4321,-0.9018,32.5,33.3,34.2,1.155,0.0905
25.01,92.93,213.0,9.2,32.6,45.2,0.7096,0.7046,32.6,33.2,34.2,1.156,0.1383
25.01,92.94,256.0,17.9,32.7,46.4,0.7242,0.6896,32.7,33.1,34.2,1.157,0.2656
25.01,92.95,533.0,23.1,32.8,25.5,0.4305,0.9026,32.8,33.0,34.2,1.158,0.3388
25.01,92.96,808.0,8.8,32.9,33.5,0.5519,0.8339,32.9,32.9,34.2,1.159,0.132
25.01,92.97,718.0,13.5,33.0,110.7,0.9354,-0.3535,33.0,32.8,34.2,1.16,0.2012
25.01,92.98,686.0,10.6,33.1,227.5,-0.7373,-0.6756,33.1,32.7,34.2,1.161,0.1584
25.01,92.99,537.0,26.3,33.2,245.1,-0.907,-0.421,33.2,32.6,34.2,1.162,0.3813
25.02,92.68,224.0,17.0,32.8,282.3,-0.977,0.213,32.8,34.1,33.1,1.15,0.2542
25.02,92.69,271.0,8.8,32.8,270.8,-0.9999,0.014,32.8,34.1,33.1,1.15,0.133
25.02,92.7,227.0,17.0,32.7,260.3,-0.9857,-0.1685,32.7,34.1,33.1,1.149,0.2545
25.02,92.71,197.0,13.3,32.7,294.9,-0.907,0.421,32.7,34.2,33.2,1.149,0.2002
25.02,92.72,370.0,19.3,32.6,292.3,-0.9252,0.3795,32.6,34.2,33.2,1.149,0.2877
25.02,92.73,388.0,19.1,32.5,249.2,-0.9348,-0.3551,32.5,34.2,33.3,1.149,0.2848
25.02,92.74,194.0,13.4,32.5,224.8,-0.7046,-0.7096,32.5,34.2,33.3,1.149,0.2017
25.02,92.75,144.0,10.3,32.3,273.5,-0.9981,0.061,32.3,34.2,33.4,1.149,0.1556
25.02,92.76,210.0,10.0,32.2,248.2,-0.9285,-0.3714,32.2,34.3,33.5,1.149,0.1511
25.02,92.77,50.0,10.3,32.1,34.5,0.5664,0.8241,32.1,34.3,33.6,1.149,0.1556
25.02,92.78,426.0,19.8,32.0,0.7,0.0122,0.9999,32.0,34.3,33.7,1.15,0.2946
25.02,92.79,568.0,9.1,31.9,336.8,-0.3939,0.9191,31.9,34.4,33.7,1.15,0.1375
25.02,92.8,637.0,13.5,31.9,341.5,-0.3173,0.9483,31.9,34.4,33.7,1.15,0.203
25.02,92.81,895.0,14.2,31.9,26.5,0.4462,0.8949,31.9,34.3,33.8,1.15,0.2133
25.02,92.82,962.0,7.6,31.9,202.4,-0.3811,-0.9245,31.9,34.2,33.9,1.15,0.115
25.02,92.83,717.0,14.5,31.9,174.4,0.0976,-0.9952,31.9,34.1,34.0,1.15,0.2177
25.02,92.84,592.0,13.3,31.9,178.0,0.0349,-0.9994,31.9,34.0,34.2,1.15,0.2
25.02,92.85,377.0,10.5,31.9,191.0,-0.1908,-0.9816,31.9,33.9,34.3,1.151,0.1583
25.02,92.86,331.0,9.2,31.9,205.1,-0.4242,-0.9056,31.9,33.8,34.3,1.151,0.1389
25.02,92.87,166.0,9.7,31.9,241.4,-0.878,-0.4787,31.9,33.7,34.3,1.151,0.1464
25.02,92.88,214.0,10.4,32.0,336.5,-0.3987,0.9171,32.0,33.6,34.3,1.152,0.1567
25.02,92.89,408.0,10.4,32.1,327.7,-0.5344,0.8453,32.1,33.6,34.3,1.153,0.1566
25.02,92.9,436.0,10.7,32.2,173.3,0.1167,-0.9932,32.2,33.5,34.3,1.153,0.161
25.02,92.91,138.0,8.4,32.3,150.4,0.4939,-0.8695,32.3,33.4,34.3,1.154,0.1266
25.02,92.92,251.0,5.9,32.5,271.2,-0.9998,0.0209,32.5,33.3,34.2,1.155,0.089
25.02,92.93,141.0,6.3,32.6,245.1,-0.907,-0.421,32.6,33.2,34.2,1.156,0.0949
25.02,92.94,184.0,7.9,32.7,28.9,0.4833,0.8755,32.7,33.1,34.2,1.157,0.1188
25.02,92.95,315.0,14.2,32.8,20.2,0.3453,0.9385,32.8,33.0,34.2,1.158,0.2118
25.02,92.96,526.0,13.1,32.9,47.7,0.7396,0.673,32.9,32.9,34.2,1.159,0.1956
25.02,92.97,540.0,10.7,33.0,353.3,-0.1167,0.9932,33.0,32.7,34.2,1.16,0.1601
25.02,92.98,795.0,13.8,33.2,356.8,-0.0558,0.9984,33.2,32.6,34.2,1.161,0.2055
25.02,92.99,892.0,13.0,33.3,256.8,-0.9736,-0.2284,33.3,32.5,34.2,1.162,0.1936
25.02,93.0,719.0,21.5,33.3,225.2,-0.7096,-0.7046,33.3,32.4,34.2,1.163,0.3151
25.02,93.01,493.0,31.6,33.4,239.2,-0.859,-0.512,33.4,32.3,34.3,1.164,0.4502
25.03,92.67,298.0,16.5,32.9,319.8,-0.6455,0.7638,32.9,34.1,33.1,1.151,0.2468
25.03,92.68,461.0,5.4,32.9,314.7,-0.7108,0.7034,32.9,34.1,33.1,1.15,0.0818
25.03,92.69,394.0,8.7,32.8,310.8,-0.757,0.6534,32.8,34.1,33.1,1.149,0.1316
25.03,92.7,605.0,15.9,32.8,280.9,-0.982,0.1891,32.8,34.2,33.1,1.149,0.2384
25.03,92.71,471.0,16.6,32.7,276.3,-0.994,0.1097,32.7,34.2,33.1,1.149,0.2486
25.03,92.72,652.0,15.3,32.7,287.0,-0.9563,0.2924,32.7,34.2,33.1,1.148,0.2299
25.03,92.73,586.0,18.1,32.6,222.4,-0.6743,-0.7385,32.6,34.2,33.2,1.148,0.2706
25.03,92.74,305.0,15.1,32.5,226.7,-0.7278,-0.6858,32.5,34.3,33.3,1.148,0.2269
25.03,92.75,320.0,21.0,32.4,282.0,-0.9781,0.2079,32.4,34.3,33.3,1.148,0.3122
25.03,92.76,420.0,15.0,32.2,228.1,-0.7443,-0.6678,32.2,34.3,33.5,1.149,0.2253
25.03,92.77,63.0,16.0,32.1,252.2,-0.9521,-0.3057,32.1,34.3,33.6,1.149,0.2399
25.03,92.78,294.0,21.2,32.0,26.2,0.4415,0.8973,32.0,34.4,33.7,1.149,0.3147
25.03,92.79,563.0,15.3,31.9,38.9,0.628,0.7782,31.9,34.4,33.7,1.15,0.2295
25.03,92.8,601.0,7.7,31.9,99.2,0.9871,-0.1599,31.9,34.4,33.7,1.15,0.1165
25.03,92.81,532.0,19.4,31.9,67.2,0.9219,0.3875,31.9,34.4,33.8,1.15,0.2888
25.03,92.82,797.0,14.7,31.9,63.1,0.8918,0.4524,31.9,34.3,33.9,1.15,0.2207
25.03,92.83,702.0,15.4,31.8,170.3,0.1685,-0.9857,31.8,34.1,34.1,1.15,0.2309
25.03,92.84,406.0,11.2,31.8,165.8,0.2453,-0.9694,31.8,33.9,34.3,1.15,0.1689
25.03,92.85,426.0,10.1,31.8,258.0,-0.9781,-0.2079,31.8,33.8,34.4,1.15,0.1525
25.03,92.86,353.0,5.0,31.8,251.5,-0.9483,-0.3173,31.8,33.8,34.5,1.151,0.0757
25.03,92.87,386.0,11.7,31.9,269.0,-0.9998,-0.0175,31.9,33.7,34.5,1.151,0.1762
25.03,92.88,348.0,17.8,31.9,267.1,-0.9987,-0.0506,31.9,33.6,34.4,1.152,0.2654
25.03,92.89,363.0,6.9,32.1,203.7,-0.4019,-0.9157,32.1,33.6,34.4,1.152,0.1043
25.03,92.9,189.0,6.4,32.2,144.1,0.5864,-0.81,32.2,33.5,34.3,1.153,0.0967
25.03,92.91,233.0,9.6,32.3,285.8,-0.9622,0.2723,32.3,33.4,34.3,1.154,0.1445
25.03,92.92,255.0,6.3,32.4,331.0,-0.4848,0.8746,32.4,33.3,34.3,1.155,0.095
25.03,92.93,372.0,12.0,32.6,249.9,-0.9391,-0.3437,32.6,33.2,34.2,1.156,0.1799
25.03,92.94,150.0,11.4,32.7,274.3,-0.9972,0.075,32.7,33.1,34.2,1.157,0.1708
25.03,92.95,394.0,18.2,32.8,324.8,-0.5764,0.8171,32.8,32.9,34.2,1.158,0.2697
25.03,92.96,535.0,16.0,33.0,29.5,0.4924,0.8704,33.0,32.8,34.2,1.159,0.2378
25.03,92.97,753.0,6.9,33.1,0.0,0.0,1.0,33.1,32.7,34.2,1.16,0.1036
25.03,92.98,708.0,12.3,33.2,63.3,0.8934,0.4493,33.2,32.6,34.2,1.161,0.1835
25.03,92.99,894.0,11.9,33.3,39.8,0.6401,0.7683,33.3,32.5,34.2,1.162,0.1775
25.03,93.0,941.0,2.5,33.4,301.8,-0.8499,0.527,33.4,32.4,34.3,1.163,0.0375
25.03,93.01,912.0,25.4,33.5,267.3,-0.9989,-0.0471,33.5,32.3,34.3,1.164,0.3685
25.03,93.02,909.0,19.0,33.6,243.5,-0.8949,-0.4462,33.6,32.1,34.3,1.165,0.2795
25.03,93.03,692.0,18.6,33.6,205.8,-0.4352,-0.9003,33.6,32.0,34.3,1.165,0.2738
25.04,92.66,592.0,13.0,32.9,211.0,-0.515,-0.8572,32.9,34.1,33.0,1.151,0.1954
25.04,92.67,450.0,15.3,32.9,228.5,-0.749,-0.6626,32.9,34.1,33.0,1.15,0.2295
25.04,92.68,331.0,3.1,32.9,273.7,-0.9979,0.0645,32.9,34.1,33.0,1.15,0.047
25.04,92.69,455.0,15.3,32.9,329.9,-0.5015,0.8652,32.9,34.2,33.0,1.149,0.2297
25.04,92.7,670.0,8.6,32.8,350.1,-0.1719,0.9851,32.8,34.2,33.0,1.148,0.1303
25.04,92.71,668.0,6.0,32.8,319.3,-0.6521,0.7581,32.8,34.2,33.0,1.148,0.0911
25.04,92.72,785.0,4.5,32.7,308.3,-0.7848,0.6198,32.7,34.3,33.0,1.148,0.0683
25.04,92.73,738.0,11.8,32.7,157.9,0.3762,-0.9265,32.7,34.3,33.1,1.147,0.1783
25.04,92.74,506.0,9.6,32.6,270.5,-1.0,0.0087,32.6,34.3,33.2,1.147,0.1454
25.04,92.75,740.0,17.3,32.4,272.6,-0.999,0.0454,32.4,34.3,33.3,1.148,0.259
25.04,92.76,526.0,14.8,32.3,227.7,-0.7396,-0.673,32.3,34.3,33.4,1.148,0.2225
25.04,92.77,484.0,20.5,32.1,226.3,-0.723,-0.6909,32.1,34.3,33.5,1.149,0.3048
25.04,92.78,154.0,7.6,32.0,190.1,-0.1754,-0.9845,32.0,34.4,33.6,1.149,0.1151
25.04,92.79,295.0,17.3,31.9,52.5,0.7934,0.6088,31.9,34.4,33.7,1.15,0.2586
25.04,92.8,426.0,18.4,31.85,79.6,0.9836,0.1805,31.85,34.45,33.7,1.15,0.2745
25.04,92.81,381.0,10.7,31.9,52.4,0.7923,0.6101,31.9,34.4,33.7,1.15,0.1614
25.04,92.82,592.0,11.7,31.8,28.2,0.4726,0.8813,31.8,34.2,33.9,1.15,0.1763
25.04,92.83,643.0,3.1,31.7,190.7,-0.1857,-0.9826,31.7,34.0,34.2,1.15,0.047
25.04,92.84,515.0,11.1,31.6,272.0,-0.9994,0.0349,31.6,33.9,34.5,1.15,0.1674
25.04,92.85,653.0,10.5,31.6,258.7,-0.9806,-0.1959,31.6,33.8,34.6,1.15,0.1585
25.04,92.86,463.0,14.1,31.7,244.0,-0.8988,-0.4384,31.7,33.7,34.6,1.151,0.2117
25.04,92.87,495.0,21.1,31.7,298.0,-0.8829,0.4695,31.7,33.7,34.6,1.151,0.3128
25.04,92.88,723.0,19.1,31.9,268.9,-0.9998,-0.0192,31.9,33.6,34.5,1.152,0.284
25.04,92.89,485.0,16.4,32.0,202.4,-0.3811,-0.9245,32.0,33.5,34.5,1.152,0.2451
25.04,92.9,332.0,11.3,32.1,251.7,-0.9494,-0.314,32.1,33.5,34.4,1.153,0.1699
25.04,92.91,395.0,6.4,32.3,271.4,-0.9997,0.0244,32.3,33.4,34.3,1.154,0.0966
25.04,92.92,336.0,15.5,32.4,279.0,-0.9877,0.1564,32.4,33.3,34.3,1.155,0.2314
25.04,92.93,457.0,10.3,32.6,309.9,-0.7672,0.6414,32.6,33.2,34.3,1.156,0.1547
25.04,92.94,504.0,16.0,32.7,292.5,-0.9239,0.3827,32.7,33.0,34.2,1.157,0.2382
25.04,92.95,615.0,18.6,32.9,245.4,-0.9092,-0.4163,32.9,32.9,34.2,1.158,0.2754
25.04,92.96,302.0,3.0,33.0,186.2,-0.108,-0.9942,33.0,32.8,34.2,1.159,0.0452
25.04,92.97,540.0,12.7,33.1,55.5,0.8241,0.5664,33.1,32.7,34.2,1.16,0.1895
25.04,92.98,486.0,12.4,33.2,64.0,0.8988,0.4384,33.2,32.5,34.2,1.161,0.185
25.04,92.99,678.0,14.8,33.3,45.8,0.7169,0.6972,33.3,32.4,34.2,1.162,0.2198
25.04,93.0,751.0,22.7,33.4,19.1,0.3272,0.9449,33.4,32.3,34.3,1.163,0.3318
25.04,93.01,1246.0,15.7,33.5,4.9,0.0854,0.9963,33.5,32.2,34.3,1.164,0.2325
25.04,93.02,1153.0,20.6,33.6,215.7,-0.5835,-0.8121,33.6,32.1,34.3,1.165,0.302
25.04,93.03,808.0,24.5,33.7,202.2,-0.3778,-0.9259,33.7,32.0,34.3,1.166,0.3557
25.04,93.04,547.0,24.1,33.8,215.8,-0.585,-0.8111,33.8,31.9,34.3,1.166,0.3502
25.05,92.64,292.0,9.8,33.0,63.7,0.8965,0.4431,33.0,34.0,33.0,1.152,0.1478
25.05,92.65,347.0,18.1,33.0,33.1,0.5461,0.8377,33.0,34.0,33.0,1.151,0.2699
25.05,92.66,686.0,10.9,33.0,3.6,0.0628,0.998,33.0,34.1,33.0,1.151,0.1643
25.05,92.67,624.0,5.7,33.0,165.0,0.2588,-0.9659,33.0,34.1,32.9,1.15,0.0864
25.05,92.68,547.0,7.6,32.9,266.1,-0.9977,-0.068,32.9,34.2,32.9,1.149,0.1151
25.05,92.69,611.0,4.5,32.9,29.6,0.4939,0.8695,32.9,34.2,32.9,1.148,0.0683
25.05,92.7,646.0,11.1,32.9,96.3,0.994,-0.1097,32.9,34.2,32.9,1.148,0.1677
25.05,92.71,580.0,13.2,32.8,72.1,0.9516,0.3074,32.8,34.3,32.9,1.147,0.1991
25.05,92.72,750.0,11.2,32.8,114.7,0.9085,-0.4179,32.8,34.3,32.9,1.147,0.1693
25.05,92.73,461.0,17.7,32.7,112.7,0.9225,-0.3859,32.7,34.3,32.9,1.146,0.2653
25.05,92.74,573.0,15.3,32.6,26.0,0.4384,0.8988,32.6,34.3,33.0,1.146,0.2303
25.05,92.75,814.0,12.1,32.5,59.2,0.859,0.512,32.5,34.3,33.1,1.147,0.1828
25.05,92.76,731.0,12.6,32.4,178.1,0.0332,-0.9995,32.4,34.3,33.3,1.147,0.1902
25.05,92.77,492.0,16.1,32.2,195.8,-0.2723,-0.9622,32.2,34.4,33.4,1.148,0.2416
25.05,92.78,331.0,22.0,32.0,236.5,-0.8339,-0.5519,32.0,34.4,33.6,1.149,0.326
25.05,92.79,172.0,10.6,31.9,202.3,-0.3795,-0.9252,31.9,34.4,33.7,1.15,0.16
25.05,92.8,83.0,12.3,31.9,67.0,0.9205,0.3907,31.9,34.4,33.7,1.15,0.1852
25.05,92.81,294.0,21.7,31.8,12.4,0.2147,0.9767,31.8,34.3,33.8,1.15,0.3215
25.05,92.82,642.0,16.6,31.7,7.5,0.1305,0.9914,31.7,34.1,34.1,1.15,0.2484
25.05,92.83,718.0,7.5,31.6,293.6,-0.9164,0.4003,31.6,33.9,34.5,1.15,0.1135
25.05,92.84,718.0,2.5,31.4,105.4,0.9641,-0.2656,31.4,33.7,34.8,1.15,0.0379
25.05,92.85,713.0,5.6,31.4,266.7,-0.9983,-0.0576,31.4,33.7,34.9,1.15,0.0849
25.05,92.86,710.0,20.8,31.5,292.9,-0.9212,0.3891,31.5,33.6,34.9,1.15,0.3088
25.05,92.87,925.0,23.0,31.6,288.0,-0.9511,0.309,31.6,33.6,34.8,1.151,0.3395
25.05,92.88,898.0,17.5,31.8,212.0,-0.5299,-0.848,31.8,33.6,34.6,1.151,0.2613
25.05,92.89,541.0,23.3,31.9,228.6,-0.7501,-0.6613,31.9,33.5,34.5,1.152,0.3434
25.05,92.9,489.0,23.6,32.1,258.0,-0.9781,-0.2079,32.1,33.4,34.4,1.153,0.3472
25.05,92.91,411.0,14.7,32.3,302.1,-0.8471,0.5314,32.3,33.4,34.4,1.154,0.2199
25.05,92.92,689.0,22.4,32.4,288.0,-0.9511,0.309,32.4,33.3,34.3,1.155,0.3299
25.05,92.93,594.0,17.9,32.6,255.3,-0.9673,-0.2538,32.6,33.1,34.3,1.156,0.2659
25.05,92.94,571.0,17.1,32.7,310.3,-0.7627,0.6468,32.7,33.0,34.2,1.157,0.2541
25.05,92.95,880.0,9.2,32.9,263.4,-0.9934,-0.1149,32.9,32.9,34.2,1.158,0.1381
25.05,92.96,544.0,27.4,33.0,235.5,-0.8241,-0.5664,33.0,32.8,34.2,1.16,0.3967
25.05,92.97,458.0,8.6,33.1,227.1,-0.7325,-0.6807,33.1,32.6,34.2,1.161,0.1288
25.05,92.98,396.0,5.9,33.3,25.2,0.4258,0.9048,33.3,32.5,34.2,1.162,0.0885
25.05,92.99,593.0,13.4,33.4,16.3,0.2807,0.9598,33.4,32.4,34.2,1.163,0.1993
25.05,93.0,724.0,12.1,33.5,336.3,-0.4019,0.9157,33.5,32.3,34.3,1.164,0.1801
25.05,93.01,874.0,20.6,33.6,9.2,0.1599,0.9871,33.6,32.1,34.3,1.164,0.3023
25.05,93.02,1256.0,4.0,33.7,26.0,0.4384,0.8988,33.7,32.0,34.3,1.165,0.0599
25.05,93.03,965.0,19.7,33.7,193.4,-0.2317,-0.9728,33.7,31.9,34.3,1.166,0.2891
25.05,93.04,755.0,27.1,33.8,241.0,-0.8746,-0.4848,33.8,31.8,34.3,1.167,0.3904
25.05,93.05,609.0,28.9,33.9,248.4,-0.9298,-0.3681,33.9,31.7,34.4,1.167,0.4141
25.06,92.63,92.0,7.2,33.0,327.6,-0.5358,0.8443,33.0,34.0,33.0,1.153,0.1087
25.06,92.64,169.0,5.6,33.0,36.7,0.5976,0.8018,33.0,34.0,33.0,1.152,0.0847
25.06,92.65,205.0,17.0,33.0,23.2,0.3939,0.9191,33.0,34.1,32.9,1.151,0.254
25.06,92.66,573.0,18.4,33.0,64.8,0.9048,0.4258,33.0,34.1,32.9,1.15,0.2745
25.06,92.67,409.0,14.3,33.0,95.0,0.9962,-0.0872,33.0,34.1,32.9,1.15,0.2148
25.06,92.68,541.0,7.1,33.0,95.1,0.996,-0.0889,33.0,34.2,32.8,1.149,0.1076
25.06,92.69,393.0,13.5,33.0,121.4,0.8536,-0.521,33.0,34.2,32.8,1.148,0.2033
25.06,92.7,362.0,14.0,32.9,102.9,0.9748,-0.2233,32.9,34.3,32.8,1.147,0.2109
25.06,92.71,313.0,13.1,32.9,65.8,0.9121,0.4099,32.9,34.3,32.8,1.147,0.1976
25.06,92.72,499.0,17.5,32.9,95.3,0.9957,-0.0924,32.9,34.3,32.8,1.146,0.2624
25.06,92.73,271.0,11.1,32.8,130.7,0.7581,-0.6521,32.8,34.4,32.8,1.145,0.1681
25.06,92.74,316.0,14.4,32.8,61.6,0.8796,0.4756,32.8,34.4,32.8,1.145,0.2172
25.06,92.75,447.0,22.5,32.7,70.5,0.9426,0.3338,32.7,34.4,32.9,1.145,0.3342
25.06,92.76,514.0,16.3,32.5,67.3,0.9225,0.3859,32.5,34.4,33.1,1.146,0.2449
25.06,92.77,609.0,8.7,32.4,37.2,0.6046,0.7965,32.4,34.4,33.3,1.147,0.1319
25.06,92.78,688.0,13.5,32.2,234.3,-0.8121,-0.5835,32.2,34.4,33.5,1.148,0.2033
25.06,92.79,407.0,25.5,32.0,212.0,-0.5299,-0.848,32.0,34.3,33.6,1.149,0.3747
25.06,92.8,108.0,7.5,31.9,211.6,-0.524,-0.8517,31.9,34.3,33.8,1.149,0.1136
25.06,92.81,245.0,16.7,31.8,11.1,0.1925,0.9813,31.8,34.2,34.0,1.149,0.2501
25.06,92.82,530.0,22.9,31.6,13.6,0.2351,0.972,31.6,34.0,34.4,1.149,0.3387
25.06,92.83,835.0,3.6,31.3,247.4,-0.9232,-0.3843,31.3,33.7,35.0,1.15,0.0546
25.06,92.84,495.0,15.1,31.2,94.0,0.9976,-0.0698,31.2,33.6,35.2,1.15,0.2265
25.06,92.85,808.0,20.5,31.2,12.8,0.2215,0.9751,31.2,33.6,35.2,1.15,0.3045
25.06,92.86,1018.0,13.0,31.3,10.1,0.1754,0.9845,31.3,33.6,35.1,1.15,0.1956
25.06,92.87,1134.0,5.5,31.5,257.5,-0.9763,-0.2164,31.5,33.6,34.9,1.151,0.0833
25.06,92.88,988.0,7.8,31.7,226.1,-0.7206,-0.6934,31.7,33.6,34.7,1.151,0.1179
25.06,92.89,997.0,23.3,31.9,271.9,-0.9995,0.0332,31.9,33.5,34.6,1.152,0.3434
25.06,92.9,1009.0,24.8,32.1,247.8,-0.9259,-0.3778,32.1,33.4,34.5,1.153,0.3638
25.06,92.91,747.0,18.8,32.3,264.0,-0.9945,-0.1045,32.3,33.3,34.4,1.154,0.2793
25.06,92.92,958.0,18.6,32.4,295.1,-0.9056,0.4242,32.4,33.2,34.3,1.155,0.2762
25.06,92.93,952.0,16.4,32.6,258.8,-0.981,-0.1942,32.6,33.1,34.3,1.156,0.2442
25.06,92.94,876.0,19.9,32.8,261.0,-0.9877,-0.1564,32.8,33.0,34.3,1.157,0.2942
25.06,92.95,871.0,10.9,32.9,292.0,-0.9272,0.3746,32.9,32.8,34.2,1.159,0.1632
25.06,92.96,980.0,17.2,33.1,249.6,-0.9373,-0.3486,33.1,32.7,34.2,1.16,0.2549
25.06,92.97,716.0,23.0,33.2,202.6,-0.3843,-0.9232,33.2,32.6,34.2,1.161,0.3365
25.06,92.98,416.0,7.7,33.3,222.2,-0.6717,-0.7408,33.3,32.4,34.2,1.162,0.1153
25.06,92.99,572.0,18.5,33.4,11.2,0.1942,0.981,33.4,32.3,34.3,1.163,0.2728
25.06,93.0,887.0,22.8,33.5,16.6,0.2857,0.9583,33.5,32.2,34.3,1.164,0.3329
25.06,93.01,1151.0,8.6,33.6,4.8,0.0837,0.9965,33.6,32.1,34.3,1.165,0.1284
25.06,93.02,1104.0,8.4,33.7,182.5,-0.0436,-0.999,33.7,32.0,34.3,1.166,0.1253
25.06,93.03,940.0,10.9,33.8,303.0,-0.8387,0.5446,33.8,31.9,34.3,1.166,0.1622
25.06,93.04,1255.0,12.8,33.9,283.5,-0.9724,0.2334,33.9,31.8,34.4,1.167,0.1898
25.06,93.05,1016.0,26.0,34.0,256.2,-0.9711,-0.2385,34.0,31.7,34.4,1.168,0.3753
25.06,93.06,1088.0,5.7,34.0,192.5,-0.2164,-0.9763,34.0,31.6,34.4,1.168,0.085
25.06,93.07,877.0,20.1,34.1,216.6,-0.5962,-0.8028,34.1,31.5,34.4,1.169,0.294
25.07,92.62,278.0,20.2,33.0,240.1,-0.8669,-0.4985,33.0,33.9,33.0,1.153,0.2995
25.07,92.63,146.0,6.4,33.0,240.6,-0.8712,-0.4909,33.0,34.0,33.0,1.152,0.0968
25.07,92.64,199.0,8.3,33.0,272.7,-0.9989,0.0471,33.0,34.0,32.9,1.152,0.1253
25.07,92.65,156.0,6.7,33.0,273.1,-0.9985,0.0541,33.0,34.1,32.9,1.151,0.1014
25.07,92.66,208.0,6.0,33.0,64.9,0.9056,0.4242,33.0,34.1,32.8,1.15,0.0909
25.07,92.67,220.0,5.7,33.0,5.1,0.0889,0.996,33.0,34.2,32.8,1.149,0.0864
25.07,92.68,350.0,6.6,33.0,66.4,0.9164,0.4003,33.0,34.2,32.8,1.148,0.1001
25.07,92.69,287.0,3.7,33.0,197.5,-0.3007,-0.9537,33.0,34.3,32.7,1.148,0.0562
25.07,92.7,261.0,3.2,33.0,237.7,-0.8453,-0.5344,33.0,34.3,32.7,1.147,0.0487
25.07,92.71,244.0,3.2,33.0,262.8,-0.9921,-0.1253,33.0,34.4,32.6,1.146,0.0487
25.07,92.72,251.0,7.9,33.0,95.2,0.9959,-0.0906,33.0,34.4,32.6,1.145,0.12
25.07,92.73,226.0,2.5,33.0,220.6,-0.6508,-0.7593,33.0,34.4,32.6,1.144,0.0381
25.07,92.74,214.0,2.5,32.9,137.8,0.6717,-0.7408,32.9,34.5,32.6,1.144,0.0381
25.07,92.75,196.0,8.3,32.9,64.8,0.9048,0.4258,32.9,34.5,32.7,1.143,0.1263
25.07,92.76,303.0,11.1,32.8,57.8,0.8462,0.5329,32.8,34.5,32.8,1.144,0.1683
25.07,92.77,346.0,18.9,32.6,46.6,0.7266,0.6871,32.6,34.4,33.0,1.145,0.2829
25.07,92.78,641.0,20.9,32.4,65.6,0.9107,0.4131,32.4,34.4,33.2,1.146,0.3113
25.07,92.79,572.0,18.7,32.2,156.8,0.3939,-0.9191,32.2,34.3,33.5,1.147,0.2795
25.07,92.8,193.0,14.4,32.0,177.5,0.0436,-0.999,32.0,34.2,33.8,1.148,0.2166
25.07,92.81,203.0,11.6,31.8,8.3,0.1444,0.9895,31.8,34.0,34.2,1.149,0.175
25.07,92.82,484.0,24.8,31.4,23.9,0.4051,0.9143,31.4,33.8,34.8,1.149,0.3651
25.07,92.83,811.0,18.0,31.1,114.4,0.9107,-0.4131,31.1,33.5,35.4,1.15,0.2687
25.07,92.84,291.0,13.0,30.9,133.7,0.723,-0.6909,30.9,33.4,35.6,1.15,0.1956
25.07,92.85,582.0,20.8,31.0,49.4,0.7593,0.6508,31.0,33.5,35.5,1.15,0.3088
25.07,92.86,646.0,27.1,31.2,47.9,0.742,0.6704,31.2,33.5,35.3,1.15,0.3961
25.07,92.87,1074.0,23.5,31.4,49.2,0.757,0.6534,31.4,33.5,35.0,1.151,0.3464
25.07,92.88,1055.0,8.2,31.7,315.8,-0.6972,0.7169,31.7,33.5,34.8,1.151,0.1239
25.07,92.89,1223.0,5.4,31.9,34.4,0.565,0.8251,31.9,33.5,34.6,1.152,0.0817
25.07,92.9,1166.0,10.9,32.1,184.5,-0.0785,-0.9969,32.1,33.4,34.5,1.153,0.164
25.07,92.91,948.0,8.1,32.3,271.7,-0.9996,0.0297,32.3,33.3,34.4,1.154,0.1221
25.07,92.92,1172.0,10.7,32.5,292.5,-0.9239,0.3827,32.5,33.2,34.3,1.155,0.1608
25.07,92.93,1052.0,14.4,32.6,264.5,-0.9954,-0.0958,32.6,33.1,34.3,1.156,0.2151
25.07,92.94,1137.0,5.0,32.8,26.3,0.4431,0.8965,32.8,32.9,34.3,1.158,0.0753
25.07,92.95,1164.0,6.1,33.0,210.1,-0.5015,-0.8652,33.0,32.8,34.2,1.159,0.0917
25.07,92.96,1004.0,17.4,33.1,172.5,0.1305,-0.9914,33.1,32.7,34.2,1.16,0.2578
25.07,92.97,717.0,18.4,33.3,166.8,0.2284,-0.9736,33.3,32.5,34.2,1.161,0.2719
25.07,92.98,540.0,11.5,33.4,219.0,-0.6293,-0.7771,33.4,32.4,34.2,1.162,0.1716
25.07,92.99,490.0,6.7,33.5,267.6,-0.9991,-0.0419,33.5,32.2,34.3,1.163,0.1003
25.07,93.0,533.0,14.2,33.6,1.7,0.0297,0.9996,33.6,32.1,34.3,1.164,0.2107
25.07,93.01,854.0,29.0,33.7,22.8,0.3875,0.9219,33.7,32.0,34.3,1.165,0.4161
25.07,93.02,1266.0,15.2,33.8,19.1,0.3272,0.9449,33.8,31.9,34.3,1.166,0.2249
25.07,93.03,1222.0,16.0,33.9,247.0,-0.9205,-0.3907,33.9,31.8,34.3,1.167,0.2362
25.07,93.04,1105.0,6.2,33.9,331.5,-0.4772,0.8788,33.9,31.7,34.4,1.167,0.0925
25.07,93.05,1359.0,12.9,34.0,270.0,-1.0,-0.0,34.0,31.6,34.4,1.168,0.1911
25.07,93.06,1105.0,19.0,34.1,231.4,-0.7815,-0.6239,34.1,31.5,34.4,1.169,0.2785
25.07,93.07,1050.0,18.8,34.1,229.6,-0.7615,-0.6481,34.1,31.4,34.4,1.169,0.2757
25.07,93.08,787.0,30.4,34.2,231.4,-0.7815,-0.6239,34.2,31.3,34.5,1.17,0.4325
25.08,92.6,367.0,18.9,33.1,283.2,-0.9736,0.2284,33.1,33.9,33.1,1.155,0.2804
25.08,92.61,423.0,17.5,33.1,291.2,-0.9323,0.3616,33.1,33.9,33.0,1.154,0.2606
25.08,92.62,531.0,18.9,33.1,249.0,-0.9336,-0.3584,33.1,34.0,33.0,1.153,0.2809
25.08,92.63,247.0,20.0,33.1,255.5,-0.9681,-0.2504,33.1,34.0,32.9,1.152,0.2969
25.08,92.64,400.0,17.0,33.1,289.1,-0.9449,0.3272,33.1,34.0,32.9,1.152,0.2538
25.08,92.65,391.0,16.7,33.1,272.9,-0.9987,0.0506,33.1,34.1,32.8,1.151,0.2497
25.08,92.66,422.0,12.9,33.1,270.7,-0.9999,0.0122,33.1,34.1,32.8,1.15,0.1941
25.08,92.67,395.0,14.2,33.1,262.1,-0.9905,-0.1374,33.1,34.2,32.7,1.149,0.2135
25.08,92.68,372.0,6.7,33.1,279.9,-0.9851,0.1719,33.1,34.3,32.7,1.148,0.1016
25.08,92.69,424.0,17.9,33.1,278.0,-0.9903,0.1392,33.1,34.3,32.6,1.147,0.268
25.08,92.7,437.0,14.8,33.1,266.5,-0.9981,-0.061,33.1,34.4,32.6,1.146,0.2229
25.08,92.71,401.0,15.9,33.1,247.4,-0.9232,-0.3843,33.1,34.4,32.5,1.145,0.2393
25.08,92.72,280.0,13.7,33.1,254.3,-0.9627,-0.2706,33.1,34.5,32.5,1.144,0.207
25.08,92.73,306.0,12.8,33.1,271.1,-0.9998,0.0192,33.1,34.5,32.4,1.143,0.1938
25.08,92.74,286.0,7.9,33.1,250.2,-0.9409,-0.3387,33.1,34.5,32.4,1.142,0.1204
25.08,92.75,238.0,11.5,33.1,263.1,-0.9928,-0.1201,33.1,34.6,32.3,1.141,0.1747
25.08,92.76,251.0,2.5,33.0,218.2,-0.6184,-0.7859,33.0,34.6,32.4,1.141,0.0382
25.08,92.77,215.0,5.1,32.9,206.2,-0.4415,-0.8973,32.9,34.6,32.5,1.142,0.0778
25.08,92.78,137.0,14.1,32.7,93.2,0.9984,-0.0558,32.7,34.5,32.8,1.143,0.2131
25.08,92.79,195.0,16.0,32.4,96.5,0.9936,-0.1132,32.4,34.4,33.2,1.145,0.2407
25.08,92.8,90.0,3.3,32.2,87.9,0.9993,0.0366,32.2,34.2,33.7,1.146,0.0502
25.08,92.81,198.0,6.8,31.8,33.6,0.5534,0.8329,31.8,34.0,34.2,1.148,0.1031
25.08,92.82,233.0,13.0,31.4,59.5,0.8616,0.5075,31.4,33.7,34.9,1.149,0.1958
25.08,92.83,366.0,20.5,31.0,90.3,1.0,-0.0052,31.0,33.5,35.5,1.15,0.3045
25.08,92.84,230.0,4.7,30.85,97.3,0.9919,-0.1271,30.85,33.4,35.75,1.15,0.0713
25.08,92.85,351.0,14.8,31.0,60.6,0.8712,0.4909,31.0,33.4,35.6,1.15,0.2221
25.08,92.86,416.0,14.6,31.2,46.1,0.7206,0.6934,31.2,33.5,35.3,1.15,0.2192
25.08,92.87,611.0,33.7,31.4,40.2,0.6455,0.7638,31.4,33.5,35.1,1.15,0.4825
25.08,92.88,1148.0,17.2,31.7,47.2,0.7337,0.6794,31.7,33.5,34.8,1.151,0.2569
25.08,92.89,913.0,22.6,31.9,101.1,0.9813,-0.1925,31.9,33.5,34.6,1.152,0.3336
25.08,92.9,1033.0,18.8,32.1,82.9,0.9923,0.1236,32.1,33.4,34.5,1.153,0.2795
25.08,92.91,973.0,13.0,32.3,52.6,0.7944,0.6074,32.3,33.3,34.4,1.154,0.1949
25.08,92.92,1235.0,16.2,32.5,23.2,0.3939,0.9191,32.5,33.2,34.3,1.155,0.2416
25.08,92.93,1356.0,17.5,32.7,157.8,0.3778,-0.9259,32.7,33.0,34.3,1.157,0.2599
25.08,92.94,815.0,23.5,32.9,129.8,0.7683,-0.6401,32.9,32.9,34.2,1.158,0.3443
25.08,92.95,956.0,14.8,33.0,74.8,0.965,0.2622,33.0,32.7,34.2,1.159,0.2204
25.08,92.96,915.0,14.2,33.2,186.3,-0.1097,-0.994,33.2,32.6,34.2,1.161,0.2113
25.08,92.97,596.0,12.9,33.3,153.8,0.4415,-0.8973,33.3,32.4,34.2,1.162,0.1921
25.08,92.98,619.0,13.9,33.5,297.3,-0.8886,0.4586,33.5,32.3,34.2,1.163,0.2066
25.08,92.99,759.0,19.6,33.6,300.1,-0.8652,0.5015,33.6,32.2,34.3,1.164,0.2882
25.08,93.0,875.0,17.3,33.7,276.7,-0.9932,0.1167,33.7,32.0,34.3,1.165,0.2553
25.08,93.01,811.0,4.1,33.8,329.2,-0.512,0.859,33.8,31.9,34.3,1.166,0.0613
25.08,93.02,963.0,25.0,33.9,35.0,0.5736,0.8192,33.9,31.8,34.3,1.166,0.3625
25.08,93.03,1359.0,15.0,33.9,13.9,0.2402,0.9707,33.9,31.7,34.3,1.167,0.2218
25.08,93.04,1337.0,10.6,34.0,274.3,-0.9972,0.075,34.0,31.6,34.4,1.168,0.1575
25.08,93.05,1379.0,8.5,34.1,326.7,-0.549,0.8358,34.1,31.5,34.4,1.168,0.1265
25.08,93.06,1516.0,4.1,34.1,208.5,-0.4772,-0.8788,34.1,31.4,34.4,1.169,0.0612
25.08,93.07,1289.0,14.5,34.2,169.5,0.1822,-0.9833,34.2,31.3,34.4,1.17,0.214
25.08,93.08,1151.0,21.7,34.3,186.4,-0.1115,-0.9938,34.3,31.3,34.5,1.17,0.316
25.08,93.09,720.0,31.2,34.3,172.5,0.1305,-0.9914,34.3,31.2,34.5,1.171,0.4424
25.09,92.59,624.0,14.0,33.1,272.2,-0.9993,0.0384,33.1,33.8,33.1,1.155,0.2095
25.09,92.6,631.0,13.6,33.1,275.3,-0.9957,0.0924,33.1,33.9,33.1,1.155,0.2036
25.09,92.61,656.0,20.4,33.1,286.7,-0.9578,0.2874,33.1,33.9,33.0,1.154,0.3021
25.09,92.62,785.0,17.7,33.1,276.3,-0.994,0.1097,33.1,34.0,33.0,1.153,0.2637
25.09,92.63,706.0,27.1,33.1,260.0,-0.9848,-0.1736,33.1,34.0,32.9,1.152,0.3954
25.09,92.64,658.0,14.2,33.1,258.2,-0.9789,-0.2045,33.1,34.1,32.8,1.152,0.2129
25.09,92.65,632.0,15.7,33.1,257.5,-0.9763,-0.2164,33.1,34.1,32.8,1.151,0.2351
25.09,92.66,571.0,14.4,33.1,267.8,-0.9993,-0.0384,33.1,34.2,32.7,1.15,0.2163
25.09,92.67,618.0,21.3,33.1,266.2,-0.9978,-0.0663,33.1,34.2,32.7,1.149,0.3161
25.09,92.68,534.0,18.3,33.1,291.9,-0.9278,0.373,33.1,34.3,32.6,1.148,0.2735
25.09,92.69,795.0,24.9,33.1,282.5,-0.9763,0.2164,33.1,34.3,32.5,1.147,0.3671
25.09,92.7,678.0,26.2,33.1,259.1,-0.982,-0.1891,33.1,34.4,32.5,1.146,0.3853
25.09,92.71,661.0,11.4,33.2,259.1,-0.982,-0.1891,33.2,34.5,32.4,1.145,0.1726
25.09,92.72,623.0,23.2,33.2,262.9,-0.9923,-0.1236,33.2,34.5,32.3,1.143,0.3447
25.09,92.73,585.0,14.4,33.2,237.0,-0.8387,-0.5446,33.2,34.6,32.2,1.142,0.2178
25.09,92.74,422.0,14.5,33.3,259.1,-0.982,-0.1891,33.3,34.6,32.1,1.14,0.2196
25.09,92.75,515.0,9.2,33.3,244.8,-0.9048,-0.4258,33.3,34.7,32.0,1.139,0.1404
25.09,92.76,323.0,16.3,33.3,255.2,-0.9668,-0.2554,33.3,34.7,32.0,1.138,0.2466
25.09,92.77,408.0,16.7,33.2,259.5,-0.9833,-0.1822,33.2,34.7,32.0,1.138,0.2525
25.09,92.78,244.0,17.7,33.1,230.8,-0.7749,-0.632,33.1,34.6,32.3,1.139,0.2669
25.09,92.79,119.0,8.1,32.8,225.7,-0.7157,-0.6984,32.8,34.5,32.8,1.142,0.1234
25.09,92.8,101.0,4.0,32.4,257.9,-0.9778,-0.2096,32.4,34.2,33.4,1.145,0.0609
25.09,92.81,98.0,3.7,31.9,42.2,0.6717,0.7408,31.9,34.0,34.1,1.147,0.0563
25.09,92.82,169.0,6.6,31.5,43.6,0.6896,0.7242,31.5,33.7,34.8,1.149,0.1
25.09,92.83,218.0,8.9,31.1,92.0,0.9994,-0.0349,31.1,33.5,35.4,1.15,0.1345
25.09,92.84,161.0,3.5,31.0,90.7,0.9999,-0.0122,31.0,33.4,35.6,1.15,0.0531
25.09,92.85,217.0,10.0,31.0,42.2,0.6717,0.7408,31.0,33.5,35.5,1.15,0.151
25.09,92.86,348.0,7.8,31.2,27.9,0.4679,0.8838,31.2,33.5,35.3,1.15,0.118
25.09,92.87,390.0,17.5,31.5,40.0,0.6428,0.766,31.5,33.5,35.0,1.151,0.2613
25.09,92.88,695.0,25.0,31.7,73.8,0.9603,0.279,31.7,33.5,34.8,1.151,0.3672
25.09,92.89,576.0,21.4,31.9,96.5,0.9936,-0.1132,31.9,33.5,34.6,1.152,0.3167
25.09,92.9,631.0,18.9,32.2,80.6,0.9866,0.1633,32.2,33.4,34.5,1.153,0.2809
25.09,92.91,656.0,25.8,32.4,58.8,0.8554,0.518,32.4,33.3,34.4,1.154,0.3771
25.09,92.92,991.0,28.8,32.6,74.8,0.965,0.2622,32.6,33.1,34.3,1.156,0.4167
25.09,92.93,863.0,34.0,32.8,113.3,0.9184,-0.3955,32.8,33.0,34.3,1.157,0.4833
25.09,92.94,607.0,15.3,32.9,105.4,0.9641,-0.2656,32.9,32.8,34.2,1.158,0.2279
25.09,92.95,759.0,18.8,33.1,25.4,0.4289,0.9033,33.1,32.7,34.2,1.16,0.2778
25.09,92.96,1048.0,14.6,33.3,122.8,0.8406,-0.5417,33.3,32.5,34.2,1.161,0.2171
25.09,92.97,556.0,8.7,33.4,136.4,0.6896,-0.7242,33.4,32.4,34.2,1.162,0.1302
25.09,92.98,888.0,16.4,33.5,0.2,0.0035,1.0,33.5,32.2,34.2,1.163,0.2428
25.09,92.99,978.0,5.8,33.7,340.0,-0.342,0.9397,33.7,32.1,34.3,1.164,0.0868
25.09,93.0,1025.0,2.7,33.8,168.4,0.2011,-0.9796,33.8,32.0,34.3,1.165,0.0404
25.09,93.01,912.0,7.5,33.9,196.9,-0.2907,-0.9568,33.9,31.8,34.3,1.166,0.1119
25.09,93.02,843.0,11.4,33.9,315.7,-0.6984,0.7157,33.9,31.7,34.3,1.167,0.1694
25.09,93.03,1120.0,21.6,34.0,11.3,0.1959,0.9806,34.0,31.6,34.3,1.167,0.3154
25.09,93.04,1400.0,14.5,34.1,355.2,-0.0837,0.9965,34.1,31.5,34.4,1.168,0.2144
25.09,93.05,1489.0,13.9,34.2,227.3,-0.7349,-0.6782,34.2,31.4,34.4,1.169,0.2055
25.09,93.06,1159.0,20.8,34.2,160.1,0.3404,-0.9403,34.2,31.4,34.4,1.169,0.3038
25.09,93.07,975.0,11.9,34.3,175.5,0.0785,-0.9969,34.3,31.3,34.5,1.17,0.1762
25.09,93.08,857.0,14.1,34.3,151.6,0.4756,-0.8796,34.3,31.2,34.5,1.17,0.2082
25.09,93.09,657.0,17.9,34.4,192.9,-0.2233,-0.9748,34.4,31.1,34.5,1.171,0.2625
25.09,93.1,404.0,17.3,34.4,281.9,-0.9785,0.2062,34.4,31.0,34.5,1.171,0.2539
25.09,93.11,749.0,25.8,34.5,5.2,0.0906,0.9959,34.5,31.0,34.6,1.172,0.3714
25.1,92.58,1050.0,19.3,33.1,204.3,-0.4115,-0.9114,33.1,33.8,33.1,1.156,0.2859
25.1,92.59,821.0,14.2,33.1,214.0,-0.5592,-0.829,33.1,33.8,33.1,1.156,0.2122
25.1,92.6,748.0,22.3,33.1,286.4,-0.9593,0.2823,33.1,33.9,33.0,1.155,0.3285
25.1,92.61,988.0,17.3,33.1,309.9,-0.7672,0.6414,33.1,33.9,33.0,1.154,0.2577
25.1,92.62,1035.0,2.5,33.1,2.7,0.0471,0.9989,33.1,34.0,32.9,1.153,0.0378
25.1,92.63,1046.0,15.8,33.1,233.1,-0.7997,-0.6004,33.1,34.0,32.9,1.152,0.2364
25.1,92.64,792.0,15.0,33.1,235.2,-0.8211,-0.5707,33.1,34.1,32.8,1.152,0.2247
25.1,92.65,826.0,18.7,33.1,274.5,-0.9969,0.0785,33.1,34.1,32.7,1.151,0.2786
25.1,92.66,830.0,28.0,33.1,284.1,-0.9699,0.2436,33.1,34.2,32.7,1.15,0.4082
25.1,92.67,1012.0,27.1,33.2,272.1,-0.9993,0.0366,33.2,34.2,32.6,1.149,0.3965
25.1,92.68,857.0,27.2,33.2,280.1,-0.9845,0.1754,33.2,34.3,32.5,1.148,0.3982
25.1,92.69,1141.0,25.1,33.2,301.0,-0.8572,0.515,33.2,34.4,32.4,1.147,0.3698
25.1,92.7,1203.0,27.9,33.2,236.0,-0.829,-0.5592,33.2,34.4,32.4,1.145,0.4087
25.1,92.71,716.0,17.9,33.2,237.9,-0.8471,-0.5314,33.2,34.5,32.3,1.144,0.2687
25.1,92.72,956.0,23.9,33.3,263.9,-0.9943,-0.1063,33.3,34.6,32.2,1.143,0.3545
25.1,92.73,648.0,15.3,33.3,227.3,-0.7349,-0.6782,33.3,34.6,32.0,1.141,0.2313
25.1,92.74,689.0,24.1,33.4,253.9,-0.9608,-0.2773,33.4,34.7,31.9,1.139,0.3585
25.1,92.75,470.0,15.2,33.5,271.3,-0.9997,0.0227,33.5,34.8,31.7,1.137,0.2306
25.1,92.76,698.0,16.3,33.6,300.7,-0.8599,0.5105,33.6,34.9,31.6,1.135,0.2473
25.1,92.77,684.0,18.0,33.6,248.6,-0.9311,-0.3649,33.6,34.9,31.5,1.134,0.2725
25.1,92.78,528.0,19.8,33.4,230.9,-0.776,-0.6307,33.4,34.8,31.8,1.136,0.2982
25.1,92.79,357.0,15.7,33.1,215.1,-0.575,-0.8181,33.1,34.6,32.3,1.139,0.2376
25.1,92.8,198.0,14.8,32.7,233.2,-0.8007,-0.599,32.7,34.4,33.0,1.142,0.2237
25.1,92.81,130.0,9.4,32.2,247.4,-0.9232,-0.3843,32.2,34.1,33.7,1.146,0.1425
25.1,92.82,107.0,2.5,31.7,222.2,-0.6717,-0.7408,31.7,33.8,34.5,1.148,0.038
25.1,92.83,117.0,2.5,31.4,60.6,0.8712,0.4909,31.4,33.6,35.0,1.149,0.038
25.1,92.84,134.0,2.5,31.2,38.3,0.6198,0.7848,31.2,33.5,35.2,1.15,0.0379
25.1,92.85,164.0,7.8,31.2,23.5,0.3987,0.9171,31.2,33.5,35.2,1.15,0.118
25.1,92.86,315.0,8.3,31.4,53.1,0.7997,0.6004,31.4,33.5,35.1,1.15,0.1255
25.1,92.87,290.0,6.6,31.6,41.7,0.6652,0.7466,31.6,33.5,34.9,1.151,0.0999
25.1,92.88,439.0,15.8,31.8,89.4,0.9999,0.0105,31.8,33.5,34.7,1.151,0.2366
25.1,92.89,294.0,11.9,32.0,78.9,0.9813,0.1925,32.0,33.4,34.5,1.152,0.179
25.1,92.9,497.0,14.0,32.3,86.3,0.9979,0.0645,32.3,33.3,34.4,1.154,0.2096
25.1,92.91,317.0,16.1,32.5,104.2,0.9694,-0.2453,32.5,33.2,34.3,1.155,0.2401
25.1,92.92,395.0,25.9,32.7,85.4,0.9968,0.0802,32.7,33.1,34.3,1.156,0.3779
25.1,92.93,373.0,21.7,32.8,89.7,1.0,0.0052,32.8,32.9,34.2,1.158,0.3193
25.1,92.94,398.0,17.9,33.0,40.6,0.6508,0.7593,33.0,32.8,34.2,1.159,0.2652
25.1,92.95,725.0,16.7,33.2,66.9,0.9198,0.3923,33.2,32.6,34.2,1.16,0.2477
25.1,92.96,567.0,26.5,33.4,114.5,0.91,-0.4147,33.4,32.4,34.2,1.162,0.384
25.1,92.97,428.0,7.0,33.5,73.6,0.9593,0.2823,33.5,32.3,34.2,1.163,0.1048
25.1,92.98,617.0,22.7,33.6,49.9,0.7649,0.6441,33.6,32.1,34.2,1.164,0.3315
25.1,92.99,814.0,19.1,33.7,60.8,0.8729,0.4879,33.7,32.0,34.3,1.165,0.2809
25.1,93.0,860.0,14.9,33.9,81.2,0.9882,0.153,33.9,31.9,34.3,1.166,0.2205
25.1,93.01,872.0,14.9,33.9,30.9,0.5135,0.8581,33.9,31.8,34.3,1.166,0.2205
25.1,93.02,1187.0,17.2,34.0,324.8,-0.5764,0.8171,34.0,31.6,34.3,1.167,0.2534
25.1,93.03,1236.0,7.3,34.1,3.4,0.0593,0.9982,34.1,31.5,34.4,1.168,0.1088
25.1,93.04,1371.0,20.4,34.2,36.3,0.592,0.8059,34.2,31.5,34.4,1.168,0.2984
25.1,93.05,1667.0,3.1,34.2,217.7,-0.6115,-0.7912,34.2,31.4,34.4,1.169,0.0463
25.1,93.06,1310.0,21.5,34.3,224.3,-0.6984,-0.7157,34.3,31.3,34.4,1.17,0.3132
25.1,93.07,1263.0,21.1,34.3,230.9,-0.776,-0.6307,34.3,31.2,34.5,1.17,0.3077
25.1,93.08,961.0,17.9,34.4,202.3,-0.3795,-0.9252,34.4,31.1,34.5,1.171,0.2625
25.1,93.09,835.0,17.6,34.4,226.3,-0.723,-0.6909,34.4,31.0,34.5,1.171,0.2582
25.1,93.1,646.0,18.5,34.5,255.5,-0.9681,-0.2504,34.5,30.9,34.6,1.172,0.2707
25.1,93.11,714.0,6.0,34.5,295.4,-0.9033,0.4289,34.5,30.9,34.6,1.172,0.0892
25.1,93.12,711.0,5.1,34.6,92.7,0.9989,-0.0471,34.6,30.8,34.6,1.173,0.0758
25.11,92.57,763.0,30.3,33.1,17.3,0.2974,0.9548,33.1,33.7,33.2,1.157,0.4361
25.11,92.58,1164.0,9.2,33.1,68.3,0.9291,0.3697,33.1,33.8,33.1,1.157,0.1382
25.11,92.59,849.0,13.3,33.1,74.3,0.9627,0.2706,33.1,33.8,33.1,1.156,0.199
25.11,92.6,1256.0,13.0,33.1,55.8,0.8271,0.5621,33.1,33.9,33.0,1.155,0.1948
25.11,92.61,1035.0,24.7,33.1,135.9,0.6959,-0.7181,33.1,33.9,33.0,1.154,0.3621
25.11,92.62,782.0,10.0,33.1,83.4,0.9934,0.1149,33.1,34.0,32.9,1.153,0.1506
25.11,92.63,1064.0,10.9,33.1,35.6,0.5821,0.8131,33.1,34.0,32.8,1.153,0.164
25.11,92.64,1007.0,11.4,33.1,290.7,-0.9354,0.3535,33.1,34.1,32.8,1.152,0.1716
25.11,92.65,1166.0,20.6,33.2,314.8,-0.7096,0.7046,33.2,34.1,32.7,1.151,0.3057
25.11,92.66,1387.0,15.4,33.2,311.8,-0.7455,0.6665,33.2,34.2,32.6,1.15,0.2309
25.11,92.67,1430.0,2.8,33.2,222.2,-0.6717,-0.7408,33.2,34.3,32.5,1.149,0.0425
25.11,92.68,1335.0,17.2,33.2,270.1,-1.0,0.0017,33.2,34.3,32.5,1.148,0.2576
25.11,92.69,1431.0,7.4,33.2,282.2,-0.9774,0.2113,33.2,34.4,32.4,1.147,0.1123
25.11,92.7,1374.0,13.6,33.3,194.2,-0.2453,-0.9694,33.3,34.5,32.3,1.145,0.2054
25.11,92.71,1095.0,22.9,33.3,265.1,-0.9963,-0.0854,33.3,34.5,32.2,1.144,0.3401
25.11,92.72,1322.0,17.5,33.4,245.0,-0.9063,-0.4226,33.4,34.6,32.0,1.142,0.2633
25.11,92.73,904.0,28.0,33.4,253.5,-0.9588,-0.284,33.4,34.7,31.9,1.14,0.4118
25.11,92.74,1105.0,15.9,33.5,276.0,-0.9945,0.1045,33.5,34.8,31.7,1.138,0.2407
25.11,92.75,947.0,20.4,33.6,223.9,-0.6934,-0.7206,33.6,34.9,31.5,1.135,0.3071
25.11,92.76,721.0,8.5,33.7,253.8,-0.9603,-0.279,33.7,35.0,31.3,1.132,0.1306
25.11,92.77,887.0,10.3,33.8,262.7,-0.9919,-0.1271,33.8,35.0,31.2,1.131,0.1581
25.11,92.78,688.0,20.1,33.7,193.3,-0.23,-0.9732,33.7,35.0,31.4,1.133,0.3033
25.11,92.79,375.0,16.9,33.4,234.7,-0.8161,-0.5779,33.4,34.8,31.9,1.136,0.2559
25.11,92.8,436.0,16.4,32.9,265.2,-0.9965,-0.0837,32.9,34.5,32.6,1.141,0.2475
25.11,92.81,340.0,18.3,32.5,237.6,-0.8443,-0.5358,32.5,34.2,33.3,1.144,0.2745
25.11,92.82,182.0,16.6,32.0,245.8,-0.9121,-0.4099,32.0,33.9,34.0,1.147,0.2491
25.11,92.83,165.0,10.2,31.7,256.1,-0.9707,-0.2402,31.7,33.8,34.5,1.148,0.1543
25.11,92.84,120.0,9.2,31.6,261.3,-0.9885,-0.1513,31.6,33.7,34.8,1.149,0.1391
25.11,92.85,130.0,2.5,31.5,315.9,-0.6959,0.7181,31.5,33.6,34.9,1.15,0.0379
25.11,92.86,163.0,7.2,31.6,40.9,0.6547,0.7559,31.6,33.6,34.8,1.15,0.109
25.11,92.87,268.0,5.8,31.8,55.6,0.8251,0.565,31.8,33.5,34.7,1.151,0.0878
25.11,92.88,246.0,5.8,32.0,97.5,0.9914,-0.1305,32.0,33.5,34.5,1.152,0.0877
25.11,92.89,249.0,2.9,32.2,97.0,0.9925,-0.1219,32.2,33.4,34.4,1.153,0.0439
25.11,92.9,237.0,9.6,32.4,99.0,0.9877,-0.1564,32.4,33.3,34.3,1.154,0.1445
25.11,92.91,211.0,2.5,32.6,127.7,0.7912,-0.6115,32.6,33.2,34.3,1.155,0.0378
25.11,92.92,223.0,2.5,32.8,66.6,0.9178,0.3971,32.8,33.0,34.2,1.157,0.0377
25.11,92.93,231.0,2.5,32.9,346.0,-0.2419,0.9703,32.9,32.8,34.2,1.158,0.0377
25.11,92.94,274.0,3.6,33.1,0.6,0.0105,0.9999,33.1,32.7,34.2,1.16,0.0541
25.11,92.95,321.0,12.7,33.3,80.2,0.9854,0.1702,33.3,32.5,34.2,1.161,0.1894
25.11,92.96,329.0,7.5,33.5,75.3,0.9673,0.2538,33.5,32.3,34.2,1.162,0.1123
25.11,92.97,369.0,2.5,33.6,28.4,0.4756,0.8796,33.6,32.2,34.2,1.163,0.0375
25.11,92.98,381.0,8.8,33.7,54.4,0.8131,0.5821,33.7,32.0,34.2,1.164,0.1314
25.11,92.99,498.0,17.6,33.8,59.9,0.8652,0.5015,33.8,31.9,34.3,1.165,0.2595
25.11,93.0,609.0,18.1,33.9,65.1,0.907,0.421,33.9,31.8,34.3,1.166,0.2664
25.11,93.01,696.0,22.7,34.0,30.4,0.506,0.8625,34.0,31.7,34.3,1.167,0.3307
25.11,93.02,1127.0,22.4,34.1,45.8,0.7169,0.6972,34.1,31.6,34.3,1.168,0.3263
25.11,93.03,1108.0,19.9,34.2,98.5,0.989,-0.1478,34.2,31.5,34.4,1.168,0.2914
25.11,93.04,1050.0,21.6,34.2,40.3,0.6468,0.7627,34.2,31.4,34.4,1.169,0.3149
25.11,93.05,1541.0,27.5,34.3,43.2,0.6845,0.729,34.3,31.3,34.4,1.169,0.395
25.11,93.06,1595.0,9.8,34.4,111.5,0.9304,-0.3665,34.4,31.2,34.4,1.17,0.1455
25.11,93.07,1450.0,22.5,34.4,203.6,-0.4003,-0.9164,34.4,31.1,34.5,1.17,0.3271
25.11,93.08,1051.0,17.9,34.5,202.1,-0.3762,-0.9265,34.5,31.0,34.5,1.171,0.2625
25.11,93.09,1021.0,16.6,34.5,252.1,-0.9516,-0.3074,34.5,30.9,34.5,1.171,0.244
25.11,93.1,919.0,18.8,34.6,255.6,-0.9686,-0.2487,34.6,30.9,34.6,1.172,0.275
25.11,93.11,900.0,11.9,34.6,203.2,-0.3939,-0.9191,34.6,30.8,34.6,1.172,0.1759
25.11,93.12,640.0,7.7,34.6,190.4,-0.1805,-0.9836,34.6,30.7,34.6,1.173,0.1142
25.11,93.13,708.0,5.6,34.7,344.4,-0.2689,0.9632,34.7,30.7,34.7,1.173,0.0832
25.12,92.56,392.0,21.5,33.1,34.4,0.565,0.8251,33.1,33.7,33.2,1.158,0.3165
25.12,92.57,625.0,23.4,33.1,47.5,0.7373,0.6756,33.1,33.7,33.2,1.157,0.3433
25.12,92.58,811.0,29.5,33.1,101.8,0.9789,-0.2045,33.1,33.8,33.1,1.157,0.4256
25.12,92.59,459.0,20.7,33.1,132.3,0.7396,-0.673,33.1,33.8,33.1,1.156,0.3058
25.12,92.6,446.0,17.6,33.1,87.4,0.999,0.0454,33.1,33.9,33.0,1.155,0.2618
25.12,92.61,480.0,12.5,33.1,11.8,0.2045,0.9789,33.1,33.9,33.0,1.154,0.1876
25.12,92.62,758.0,16.3,33.1,337.1,-0.3891,0.9212,33.1,34.0,32.9,1.154,0.2432
25.12,92.63,868.0,13.5,33.1,15.4,0.2656,0.9641,33.1,34.0,32.8,1.153,0.2025
25.12,92.64,1090.0,14.9,33.2,6.0,0.1045,0.9945,33.2,34.1,32.7,1.152,0.2232
25.12,92.65,1248.0,7.7,33.2,70.2,0.9409,0.3387,33.2,34.1,32.7,1.151,0.1164
25.12,92.66,1156.0,16.5,33.2,115.6,0.9018,-0.4321,33.2,34.2,32.6,1.15,0.247
25.12,92.67,1064.0,17.9,33.2,65.5,0.91,0.4147,33.2,34.3,32.5,1.149,0.2675
25.12,92.68,1349.0,16.9,33.3,50.6,0.7727,0.6347,33.3,34.3,32.4,1.148,0.2532
25.12,92.69,1341.0,16.6,33.3,97.0,0.9925,-0.1219,33.3,34.4,32.3,1.147,0.2491
25.12,92.7,1297.0,14.6,33.3,83.7,0.994,0.1097,33.3,34.5,32.2,1.146,0.22
25.12,92.71,1382.0,6.5,33.4,46.9,0.7302,0.6833,33.4,34.6,32.1,1.144,0.099
25.12,92.72,1409.0,13.1,33.4,76.8,0.9736,0.2284,33.4,34.6,31.9,1.142,0.1985
25.12,92.73,1458.0,10.9,33.5,191.2,-0.1942,-0.981,33.5,34.7,31.8,1.14,0.1659
25.12,92.74,1138.0,22.5,33.6,167.5,0.2164,-0.9763,33.6,34.8,31.6,1.138,0.3363
25.12,92.75,878.0,8.4,33.7,183.9,-0.068,-0.9977,33.7,34.9,31.4,1.135,0.1287
25.12,92.76,926.0,9.4,33.8,292.8,-0.9219,0.3875,33.8,35.0,31.2,1.131,0.1444
25.12,92.77,970.0,10.8,33.85,194.6,-0.2521,-0.9677,33.85,35.1,31.05,1.13,0.1658
25.12,92.78,662.0,13.0,33.8,228.5,-0.749,-0.6626,33.8,35.0,31.2,1.132,0.1987
25.12,92.79,750.0,20.3,33.5,270.0,-1.0,-0.0,33.5,34.8,31.7,1.135,0.3057
25.12,92.8,662.0,19.5,33.1,249.5,-0.9367,-0.3502,33.1,34.6,32.3,1.14,0.2928
25.12,92.81,572.0,21.9,32.7,257.6,-0.9767,-0.2147,32.7,34.3,33.0,1.143,0.3263
25.12,92.82,538.0,26.9,32.4,255.8,-0.9694,-0.2453,32.4,34.1,33.6,1.146,0.3948
25.12,92.83,393.0,27.2,32.1,258.2,-0.9789,-0.2045,32.1,33.9,34.1,1.148,0.3982
25.12,92.84,387.0,28.7,31.9,256.5,-0.9724,-0.2334,31.9,33.8,34.3,1.149,0.4179
25.12,92.85,210.0,28.6,31.9,254.9,-0.9655,-0.2605,31.9,33.7,34.5,1.15,0.4163
25.12,92.86,183.0,26.8,31.9,265.7,-0.9972,-0.075,31.9,33.6,34.5,1.15,0.3921
25.12,92.87,156.0,23.9,32.0,278.8,-0.9882,0.153,32.0,33.6,34.4,1.151,0.352
25.12,92.88,280.0,24.4,32.2,275.0,-0.9962,0.0872,32.2,33.5,34.4,1.152,0.3586
25.12,92.89,213.0,24.3,32.3,265.8,-0.9973,-0.0732,32.3,33.4,34.3,1.153,0.3569
25.12,92.9,232.0,24.8,32.5,277.3,-0.9919,0.1271,32.5,33.2,34.3,1.155,0.3632
25.12,92.91,297.0,25.7,32.7,279.3,-0.9869,0.1616,32.7,33.1,34.2,1.156,0.3751
25.12,92.92,344.0,25.2,32.9,277.7,-0.991,0.134,32.9,32.9,34.2,1.157,0.368
25.12,92.93,387.0,24.8,33.1,274.6,-0.9968,0.0802,33.1,32.8,34.2,1.159,0.3619
25.12,92.94,397.0,23.5,33.2,268.6,-0.9997,-0.0244,33.2,32.6,34.2,1.16,0.3437
25.12,92.95,372.0,22.1,33.4,266.8,-0.9984,-0.0558,33.4,32.4,34.2,1.162,0.3238
25.12,92.96,365.0,21.8,33.6,272.5,-0.999,0.0436,33.6,32.2,34.2,1.163,0.3193
25.12,92.97,397.0,20.6,33.7,275.6,-0.9952,0.0976,33.7,32.1,34.2,1.164,0.3023
25.12,92.98,418.0,20.2,33.8,268.0,-0.9994,-0.0349,33.8,31.9,34.2,1.165,0.2964
25.12,92.99,379.0,16.4,34.0,266.2,-0.9978,-0.0663,34.0,31.8,34.3,1.166,0.2421
25.12,93.0,390.0,14.0,34.1,296.1,-0.898,0.4399,34.1,31.7,34.3,1.167,0.2073
25.12,93.01,536.0,15.9,34.1,323.7,-0.592,0.8059,34.1,31.6,34.3,1.167,0.2348
25.12,93.02,719.0,7.9,34.2,48.6,0.7501,0.6613,34.2,31.5,34.3,1.168,0.1177
25.12,93.03,667.0,11.0,34.3,28.0,0.4695,0.8829,34.3,31.4,34.4,1.169,0.1632
25.12,93.04,966.0,17.1,34.3,10.3,0.1788,0.9839,34.3,31.3,34.4,1.169,0.2515
25.12,93.05,1101.0,20.3,34.4,80.3,0.9857,0.1685,34.4,31.2,34.4,1.17,0.2965
25.12,93.06,1055.0,26.4,34.4,53.5,0.8039,0.5948,34.4,31.1,34.5,1.17,0.38
25.12,93.07,1525.0,17.5,34.5,77.5,0.9763,0.2164,34.5,31.0,34.5,1.171,0.2568
25.12,93.08,1153.0,10.0,34.5,161.6,0.3156,-0.9489,34.5,30.9,34.5,1.171,0.1483
25.12,93.09,1285.0,2.5,34.6,74.1,0.9617,0.274,34.6,30.9,34.6,1.172,0.0372
25.12,93.1,1168.0,17.1,34.6,185.2,-0.0906,-0.9959,34.6,30.8,34.6,1.172,0.2509
25.12,93.11,846.0,16.4,34.7,187.8,-0.1357,-0.9907,34.7,30.7,34.6,1.173,0.2407
25.12,93.12,750.0,12.4,34.7,248.2,-0.9285,-0.3714,34.7,30.6,34.7,1.173,0.1831
25.12,93.13,729.0,11.8,34.8,309.5,-0.7716,0.6361,34.8,30.6,34.7,1.173,0.1743
25.12,93.14,940.0,16.5,34.8,354.4,-0.0976,0.9952,34.8,30.5,34.7,1.174,0.2419
25.13,92.55,281.0,40.9,33.1,264.0,-0.9945,-0.1045,33.1,33.6,33.3,1.159,0.5649
25.13,92.56,216.0,19.8,33.1,267.5,-0.999,-0.0436,33.1,33.7,33.2,1.158,0.2925
25.13,92.57,258.0,12.3,33.1,282.5,-0.9763,0.2164,33.1,33.7,33.2,1.158,0.184
25.13,92.58,284.0,8.0,33.1,317.1,-0.6807,0.7325,33.1,33.8,33.1,1.157,0.1203
25.13,92.59,406.0,24.5,33.1,315.8,-0.6972,0.7169,33.1,33.8,33.1,1.156,0.3587
25.13,92.6,754.0,26.9,33.1,320.0,-0.6428,0.766,33.1,33.9,33.0,1.155,0.3917
25.13,92.61,963.0,18.7,33.1,295.5,-0.9026,0.4305,33.1,33.9,32.9,1.155,0.2776
25.13,92.62,963.0,7.4,33.2,270.0,-1.0,-0.0,33.2,34.0,32.9,1.154,0.1116
25.13,92.63,963.0,3.4,33.2,270.0,-1.0,-0.0,33.2,34.0,32.8,1.153,0.0514
25.13,92.64,963.0,4.6,33.2,90.0,1.0,0.0,33.2,34.1,32.7,1.152,0.0696
25.13,92.65,963.0,10.2,33.2,90.0,1.0,0.0,33.2,34.2,32.6,1.151,0.1539
25.13,92.66,963.0,6.9,33.2,90.0,1.0,0.0,33.2,34.2,32.6,1.15,0.1045
25.13,92.67,963.0,3.6,33.3,90.0,1.0,0.0,33.3,34.3,32.5,1.149,0.0546
25.13,92.68,963.0,13.7,33.3,90.0,1.0,0.0,33.3,34.4,32.4,1.148,0.2063
25.13,92.69,963.0,13.4,33.3,90.0,1.0,0.0,33.3,34.4,32.2,1.147,0.202
25.13,92.7,963.0,11.9,33.4,90.0,1.0,0.0,33.4,34.5,32.1,1.146,0.1799
25.13,92.71,963.0,14.8,33.4,90.0,1.0,0.0,33.4,34.6,32.0,1.145,0.2231
25.13,92.72,963.0,15.7,33.5,90.0,1.0,0.0,33.5,34.7,31.9,1.143,0.2367
25.13,92.73,963.0,17.3,33.5,90.0,1.0,0.0,33.5,34.7,31.7,1.141,0.2606
25.13,92.74,963.0,6.3,33.6,90.0,1.0,0.0,33.6,34.8,31.6,1.139,0.0963
25.13,92.75,963.0,3.1,33.7,270.0,-1.0,-0.0,33.7,34.9,31.4,1.136,0.0476
25.13,92.76,963.0,2.5,33.8,270.0,-1.0,-0.0,33.8,35.0,31.2,1.133,0.0385
25.13,92.77,963.0,2.5,33.8,90.0,1.0,0.0,33.8,35.1,31.1,1.131,0.0386
25.13,92.78,963.0,10.7,33.7,270.0,-1.0,-0.0,33.7,35.0,31.3,1.133,0.1639
25.13,92.79,963.0,7.7,33.5,270.0,-1.0,-0.0,33.5,34.8,31.6,1.136,0.1179
25.13,92.8,963.0,10.7,33.2,270.0,-1.0,-0.0,33.2,34.6,32.2,1.14,0.1629
25.13,92.81,963.0,13.9,32.9,270.0,-1.0,-0.0,32.9,34.4,32.7,1.143,0.2102
25.13,92.82,963.0,15.0,32.6,270.0,-1.0,-0.0,32.6,34.2,33.2,1.146,0.2258
25.13,92.83,963.0,19.8,32.4,270.0,-1.0,-0.0,32.4,34.0,33.7,1.147,0.2953
25.13,92.84,963.0,20.0,32.2,270.0,-1.0,-0.0,32.2,33.8,34.0,1.149,0.2977
25.13,92.85,963.0,25.4,32.1,270.0,-1.0,-0.0,32.1,33.7,34.1,1.15,0.373
25.13,92.86,963.0,26.2,32.2,270.0,-1.0,-0.0,32.2,33.6,34.2,1.151,0.3836
25.13,92.87,963.0,27.0,32.2,270.0,-1.0,-0.0,32.2,33.5,34.2,1.152,0.3941
25.13,92.88,963.0,23.3,32.3,270.0,-1.0,-0.0,32.3,33.4,34.2,1.153,0.3431
25.13,92.89,963.0,25.3,32.5,270.0,-1.0,-0.0,32.5,33.3,34.2,1.154,0.3703
25.13,92.9,963.0,24.7,32.6,270.0,-1.0,-0.0,32.6,33.2,34.2,1.155,0.3618
25.13,92.91,963.0,22.8,32.8,270.0,-1.0,-0.0,32.8,33.0,34.2,1.157,0.3349
25.13,92.92,963.0,21.3,33.0,270.0,-1.0,-0.0,33.0,32.8,34.2,1.158,0.3137
25.13,92.93,963.0,20.0,33.2,270.0,-1.0,-0.0,33.2,32.7,34.2,1.16,0.2948
25.13,92.94,963.0,19.6,33.4,270.0,-1.0,-0.0,33.4,32.5,34.2,1.161,0.2889
25.13,92.95,963.0,20.4,33.5,270.0,-1.0,-0.0,33.5,32.3,34.2,1.162,0.3
25.13,92.96,963.0,20.7,33.7,270.0,-1.0,-0.0,33.7,32.1,34.2,1.164,0.3037
25.13,92.97,963.0,19.6,33.8,270.0,-1.0,-0.0,33.8,31.9,34.2,1.165,0.2879
25.13,92.98,963.0,19.0,34.0,270.0,-1.0,-0.0,34.0,31.8,34.2,1.166,0.2792
25.13,92.99,963.0,20.2,34.1,270.0,-1.0,-0.0,34.1,31.7,34.3,1.167,0.2959
25.13,93.0,963.0,19.9,34.2,270.0,-1.0,-0.0,34.2,31.6,34.3,1.167,0.2917
25.13,93.01,963.0,15.1,34.2,270.0,-1.0,-0.0,34.2,31.5,34.3,1.168,0.223
25.13,93.02,963.0,8.7,34.3,270.0,-1.0,-0.0,34.3,31.4,34.3,1.168,0.1295
25.13,93.03,963.0,10.6,34.4,270.0,-1.0,-0.0,34.4,31.3,34.4,1.169,0.1574
25.13,93.04,963.0,2.5,34.4,90.0,1.0,0.0,34.4,31.2,34.4,1.169,0.0373
25.13,93.05,963.0,5.0,34.5,90.0,1.0,0.0,34.5,31.1,34.4,1.17,0.0745
25.13,93.06,963.0,3.3,34.5,90.0,1.0,0.0,34.5,31.0,34.5,1.17,0.0492
25.13,93.07,963.0,19.5,34.6,90.0,1.0,0.0,34.6,30.9,34.5,1.171,0.2851
25.13,93.08,963.0,6.8,34.6,90.0,1.0,0.0,34.6,30.9,34.5,1.171,0.1011
25.13,93.09,963.0,11.5,34.7,90.0,1.0,0.0,34.7,30.8,34.6,1.172,0.1701
25.13,93.1,963.0,7.4,34.7,90.0,1.0,0.0,34.7,30.7,34.6,1.172,0.1099
25.13,93.11,963.0,4.2,34.8,270.0,-1.0,-0.0,34.8,30.6,34.6,1.173,0.0624
25.13,93.12,963.0,7.7,34.8,270.0,-1.0,-0.0,34.8,30.5,34.7,1.173,0.1142
25.13,93.13,963.0,8.4,34.8,270.0,-1.0,-0.0,34.8,30.4,34.7,1.174,0.1244
25.13,93.14,963.0,2.5,34.9,270.0,-1.0,-0.0,34.9,30.4,34.7,1.174,0.0372
25.13,93.15,963.0,2.5,34.9,0.0,0.0,1.0,34.9,30.3,34.8,1.175,0.0371
25.14,92.54,963.0,2.5,33.1,0.0,0.0,1.0,33.1,33.6,33.3,1.16,0.0376
25.14,92.55,963.0,23.3,33.1,270.0,-1.0,-0.0,33.1,33.6,33.3,1.159,0.3413
25.14,92.56,963.0,25.2,33.1,270.0,-1.0,-0.0,33.1,33.7,33.2,1.159,0.3674
25.14,92.57,963.0,24.0,33.1,270.0,-1.0,-0.0,33.1,33.7,33.2,1.158,0.3512
25.14,92.58,963.0,23.2,33.1,270.0,-1.0,-0.0,33.1,33.8,33.1,1.157,0.3405
25.14,92.59,963.0,19.4,33.1,270.0,-1.0,-0.0,33.1,33.8,33.1,1.157,0.2871
25.14,92.6,963.0,7.5,33.1,270.0,-1.0,-0.0,33.1,33.9,33.0,1.156,0.1129
25.14,92.61,963.0,2.5,33.1,0.0,0.0,1.0,33.1,33.9,32.9,1.155,0.0378
25.14,92.62,963.0,2.5,33.2,0.0,0.0,1.0,33.2,34.0,32.9,1.154,0.0378
25.14,92.63,963.0,2.5,33.2,0.0,0.0,1.0,33.2,34.0,32.8,1.153,0.0378
25.14,92.64,963.0,2.5,33.2,0.0,0.0,1.0,33.2,34.1,32.7,1.152,0.0379
25.14,92.65,963.0,2.5,33.2,0.0,0.0,1.0,33.2,34.2,32.6,1.151,0.0379
25.14,92.66,963.0,2.5,33.3,0.0,0.0,1.0,33.3,34.2,32.5,1.15,0.0379
25.14,92.67,963.0,2.5,33.3,0.0,0.0,1.0,33.3,34.3,32.4,1.149,0.038
25.14,92.68,963.0,2.5,33.3,0.0,0.0,1.0,33.3,34.4,32.3,1.148,0.038
25.14,92.69,963.0,2.5,33.4,0.0,0.0,1.0,33.4,34.4,32.2,1.147,0.038
25.14,92.7,963.0,2.5,33.4,0.0,0.0,1.0,33.4,34.5,32.1,1.146,0.0381
25.14,92.71,963.0,2.5,33.5,0.0,0.0,1.0,33.5,34.6,32.0,1.145,0.0381
25.14,92.72,963.0,2.5,33.5,0.0,0.0,1.0,33.5,34.7,31.8,1.144,0.0381
25.14,92.73,963.0,2.5,33.6,0.0,0.0,1.0,33.6,34.7,31.7,1.143,0.0382
25.14,92.74,963.0,2.5,33.6,0.0,0.0,1.0,33.6,34.8,31.6,1.141,0.0382
25.14,92.75,963.0,2.5,33.7,0.0,0.0,1.0,33.7,34.9,31.5,1.139,0.0383
25.14,92.76,963.0,2.5,33.7,0.0,0.0,1.0,33.7,34.9,31.4,1.137,0.0384
25.14,92.77,963.0,2.5,33.7,0.0,0.0,1.0,33.7,34.9,31.3,1.136,0.0384
25.14,92.78,963.0,2.5,33.6,0.0,0.0,1.0,33.6,34.9,31.5,1.136,0.0384
25.14,92.79,963.0,2.5,33.5,0.0,0.0,1.0,33.5,34.8,31.7,1.139,0.0383
25.14,92.8,963.0,2.5,33.3,0.0,0.0,1.0,33.3,34.6,32.1,1.141,0.0382
25.14,92.81,963.0,2.5,33.1,0.0,0.0,1.0,33.1,34.4,32.5,1.144,0.0381
25.14,92.82,963.0,2.5,32.8,0.0,0.0,1.0,32.8,34.2,33.0,1.146,0.0381
25.14,92.83,963.0,2.5,32.6,0.0,0.0,1.0,32.6,34.0,33.4,1.147,0.038
25.14,92.84,963.0,2.5,32.5,0.0,0.0,1.0,32.5,33.9,33.6,1.149,0.038
25.14,92.85,963.0,2.5,32.4,0.0,0.0,1.0,32.4,33.8,33.8,1.15,0.0379
25.14,92.86,963.0,2.5,32.4,0.0,0.0,1.0,32.4,33.6,34.0,1.151,0.0379
25.14,92.87,963.0,2.5,32.4,0.0,0.0,1.0,32.4,33.5,34.0,1.152,0.0379
25.14,92.88,963.0,2.5,32.5,0.0,0.0,1.0,32.5,33.4,34.1,1.153,0.0378
25.14,92.89,963.0,2.5,32.7,0.0,0.0,1.0,32.7,33.3,34.1,1.155,0.0378
25.14,92.9,963.0,2.5,32.8,0.0,0.0,1.0,32.8,33.1,34.1,1.156,0.0377
25.14,92.91,963.0,2.5,33.0,0.0,0.0,1.0,33.0,32.9,34.1,1.157,0.0377
25.14,92.92,963.0,2.5,33.1,0.0,0.0,1.0,33.1,32.8,34.1,1.159,0.0376
25.14,92.93,963.0,2.5,33.3,0.0,0.0,1.0,33.3,32.6,34.1,1.161,0.0376
25.14,92.94,963.0,2.5,33.5,0.0,0.0,1.0,33.5,32.4,34.2,1.162,0.0375
25.14,92.95,963.0,2.5,33.7,0.0,0.0,1.0,33.7,32.2,34.2,1.163,0.0375
25.14,92.96,963.0,2.5,33.8,0.0,0.0,1.0,33.8,32.0,34.2,1.165,0.0374
25.14,92.97,963.0,2.5,34.0,0.0,0.0,1.0,34.0,31.8,34.2,1.166,0.0374
25.14,92.98,963.0,2.5,34.1,0.0,0.0,1.0,34.1,31.7,34.2,1.166,0.0374
25.14,92.99,963.0,2.5,34.2,0.0,0.0,1.0,34.2,31.5,34.3,1.167,0.0374
25.14,93.0,963.0,2.5,34.3,0.0,0.0,1.0,34.3,31.4,34.3,1.168,0.0373
25.14,93.01,963.0,2.5,34.3,0.0,0.0,1.0,34.3,31.4,34.3,1.168,0.0373
25.14,93.02,963.0,2.5,34.4,0.0,0.0,1.0,34.4,31.3,34.3,1.169,0.0373
25.14,93.03,963.0,2.5,34.4,0.0,0.0,1.0,34.4,31.2,34.4,1.169,0.0373
25.14,93.04,963.0,2.5,34.5,0.0,0.0,1.0,34.5,31.1,34.4,1.17,0.0373
25.14,93.05,963.0,2.5,34.5,0.0,0.0,1.0,34.5,31.0,34.4,1.17,0.0373
25.14,93.06,963.0,2.5,34.6,0.0,0.0,1.0,34.6,31.0,34.5,1.171,0.0372
25.14,93.07,963.0,2.5,34.6,0.0,0.0,1.0,34.6,30.9,34.5,1.171,0.0372
25.14,93.08,963.0,2.5,34.7,0.0,0.0,1.0,34.7,30.8,34.5,1.172,0.0372
25.14,93.09,963.0,2.5,34.7,0.0,0.0,1.0,34.7,30.7,34.6,1.172,0.0372
25.14,93.1,963.0,2.5,34.8,0.0,0.0,1.0,34.8,30.6,34.6,1.173,0.0372
25.14,93.11,963.0,2.5,34.8,0.0,0.0,1.0,34.8,30.5,34.7,1.173,0.0372
25.14,93.12,963.0,2.5,34.9,0.0,0.0,1.0,34.9,30.4,34.7,1.174,0.0372
25.14,93.13,963.0,2.5,34.9,0.0,0.0,1.0,34.9,30.3,34.7,1.174,0.0372
25.14,93.14,963.0,2.5,35.0,0.0,0.0,1.0,35.0,30.3,34.8,1.174,0.0372
25.14,93.15,963.0,2.5,35.0,0.0,0.0,1.0,35.0,30.2,34.8,1.175,0.0371
25.14,93.16,963.0,2.5,35.0,0.0,0.0,1.0,35.0,30.2,34.8,1.175,0.0371
25.15,92.52,963.0,2.5,33.1,0.0,0.0,1.0,33.1,33.5,33.4,1.162,0.0375
25.15,92.53,963.0,2.5,33.1,0.0,0.0,1.0,33.1,33.6,33.4,1.161,0.0376
25.15,92.54,963.0,2.5,33.1,0.0,0.0,1.0,33.1,33.6,33.3,1.16,0.0376
25.15,92.55,963.0,2.5,33.1,0.0,0.0,1.0,33.1,33.6,33.3,1.16,0.0376
25.15,92.56,963.0,2.5,33.1,0.0,0.0,1.0,33.1,33.7,33.2,1.159,0.0376
25.15,92.57,963.0,2.5,33.1,0.0,0.0,1.0,33.1,33.7,33.2,1.158,0.0377
25.15,92.58,963.0,2.5,33.1,0.0,0.0,1.0,33.1,33.8,33.1,1.158,0.0377
25.15,92.59,963.0,2.5,33.1,0.0,0.0,1.0,33.1,33.8,33.1,1.157,0.0377
25.15,92.6,963.0,2.5,33.1,0.0,0.0,1.0,33.1,33.9,33.0,1.156,0.0377
25.15,92.61,963.0,2.5,33.2,0.0,0.0,1.0,33.2,33.9,32.9,1.155,0.0378
25.15,92.62,963.0,2.5,33.2,0.0,0.0,1.0,33.2,34.0,32.9,1.154,0.0378
25.15,92.63,963.0,2.5,33.2,0.0,0.0,1.0,33.2,34.0,32.8,1.154,0.0378
25.15,92.64,963.0,2.5,33.2,0.0,0.0,1.0,33.2,34.1,32.7,1.153,0.0378
25.15,92.65,963.0,2.5,33.2,0.0,0.0,1.0,33.2,34.2,32.6,1.152,0.0379
25.15,92.66,963.0,2.5,33.3,0.0,0.0,1.0,33.3,34.2,32.5,1.151,0.0379
25.15,92.67,963.0,2.5,33.3,0.0,0.0,1.0,33.3,34.3,32.4,1.15,0.0379
25.15,92.68,963.0,2.5,33.3,0.0,0.0,1.0,33.3,34.4,32.3,1.149,0.038
25.15,92.69,963.0,2.5,33.4,0.0,0.0,1.0,33.4,34.4,32.2,1.148,0.038
25.15,92.7,963.0,2.5,33.4,0.0,0.0,1.0,33.4,34.5,32.0,1.147,0.038
25.15,92.71,963.0,2.5,33.5,0.0,0.0,1.0,33.5,34.6,31.9,1.146,0.0381
25.15,92.72,963.0,2.5,33.5,0.0,0.0,1.0,33.5,34.7,31.8,1.145,0.0381
25.15,92.73,963.0,2.5,33.6,0.0,0.0,1.0,33.6,34.8,31.6,1.145,0.0381
25.15,92.74,963.0,2.5,33.7,0.0,0.0,1.0,33.7,34.8,31.5,1.144,0.0381
25.15,92.75,963.0,2.5,33.7,0.0,0.0,1.0,33.7,34.9,31.4,1.143,0.0382
25.15,92.76,963.0,2.5,33.7,0.0,0.0,1.0,33.7,34.9,31.4,1.142,0.0382
25.15,92.77,963.0,2.5,33.7,0.0,0.0,1.0,33.7,34.9,31.4,1.141,0.0382
25.15,92.78,963.0,2.5,33.6,0.0,0.0,1.0,33.6,34.8,31.6,1.141,0.0382
25.15,92.79,963.0,2.5,33.5,0.0,0.0,1.0,33.5,34.7,31.8,1.142,0.0382
25.15,92.8,963.0,2.5,33.3,0.0,0.0,1.0,33.3,34.6,32.1,1.143,0.0382
25.15,92.81,963.0,2.5,33.2,0.0,0.0,1.0,33.2,34.4,32.4,1.145,0.0381
25.15,92.82,963.0,2.5,33.0,0.0,0.0,1.0,33.0,34.2,32.8,1.146,0.0381
25.15,92.83,963.0,2.5,32.8,0.0,0.0,1.0,32.8,34.1,33.1,1.148,0.038
25.15,92.84,963.0,2.5,32.7,0.0,0.0,1.0,32.7,33.9,33.4,1.149,0.038
25.15,92.85,963.0,2.5,32.6,0.0,0.0,1.0,32.6,33.8,33.6,1.15,0.0379
25.15,92.86,963.0,2.5,32.6,0.0,0.0,1.0,32.6,33.6,33.8,1.152,0.0379
25.15,92.87,963.0,2.5,32.6,0.0,0.0,1.0,32.6,33.5,33.9,1.153,0.0378
25.15,92.88,963.0,2.5,32.7,0.0,0.0,1.0,32.7,33.4,33.9,1.154,0.0378
25.15,92.89,963.0,2.5,32.8,0.0,0.0,1.0,32.8,33.2,34.0,1.155,0.0378
25.15,92.9,963.0,2.5,32.9,0.0,0.0,1.0,32.9,33.0,34.0,1.157,0.0377
25.15,92.91,963.0,2.5,33.1,0.0,0.0,1.0,33.1,32.8,34.0,1.158,0.0377
25.15,92.92,963.0,2.5,33.3,0.0,0.0,1.0,33.3,32.6,34.1,1.16,0.0376
25.15,92.93,963.0,2.5,33.4,0.0,0.0,1.0,33.4,32.4,34.1,1.161,0.0376
25.15,92.94,963.0,2.5,33.6,0.0,0.0,1.0,33.6,32.2,34.1,1.163,0.0375
25.15,92.95,963.0,2.5,33.8,0.0,0.0,1.0,33.8,32.0,34.2,1.164,0.0375
25.15,92.96,963.0,2.5,34.0,0.0,0.0,1.0,34.0,31.8,34.2,1.165,0.0374
25.15,92.97,963.0,2.5,34.1,0.0,0.0,1.0,34.1,31.7,34.2,1.166,0.0374
25.15,92.98,963.0,2.5,34.2,0.0,0.0,1.0,34.2,31.5,34.2,1.167,0.0374
25.15,92.99,963.0,2.5,34.3,0.0,0.0,1.0,34.3,31.4,34.3,1.168,0.0373
25.15,93.0,963.0,2.5,34.4,0.0,0.0,1.0,34.4,31.3,34.3,1.168,0.0373
25.15,93.01,963.0,2.5,34.4,0.0,0.0,1.0,34.4,31.3,34.3,1.169,0.0373
25.15,93.02,963.0,2.5,34.5,0.0,0.0,1.0,34.5,31.2,34.3,1.169,0.0373
25.15,93.03,963.0,2.5,34.5,0.0,0.0,1.0,34.5,31.1,34.4,1.17,0.0373
25.15,93.04,963.0,2.5,34.6,0.0,0.0,1.0,34.6,31.0,34.4,1.17,0.0373
25.15,93.05,963.0,2.5,34.6,0.0,0.0,1.0,34.6,31.0,34.4,1.17,0.0373
25.15,93.06,963.0,2.5,34.6,0.0,0.0,1.0,34.6,30.9,34.5,1.171,0.0372
25.15,93.07,963.0,2.5,34.7,0.0,0.0,1.0,34.7,30.8,34.5,1.171,0.0372
25.15,93.08,963.0,2.5,34.8,0.0,0.0,1.0,34.8,30.7,34.6,1.172,0.0372
25.15,93.09,963.0,2.5,34.8,0.0,0.0,1.0,34.8,30.6,34.6,1.172,0.0372
25.15,93.1,963.0,2.5,34.9,0.0,0.0,1.0,34.9,30.5,34.6,1.173,0.0372
25.15,93.11,963.0,2.5,34.9,0.0,0.0,1.0,34.9,30.4,34.7,1.173,0.0372
25.15,93.12,963.0,2.5,35.0,0.0,0.0,1.0,35.0,30.3,34.7,1.174,0.0372
25.15,93.13,963.0,2.5,35.0,0.0,0.0,1.0,35.0,30.2,34.8,1.174,0.0372
25.15,93.14,963.0,2.5,35.1,0.0,0.0,1.0,35.1,30.2,34.8,1.175,0.0371
25.15,93.15,963.0,2.5,35.1,0.0,0.0,1.0,35.1,30.1,34.8,1.175,0.0371
25.15,93.16,963.0,2.5,35.1,0.0,0.0,1.0,35.1,30.1,34.8,1.175,0.0371
25.15,93.17,963.0,2.5,35.1,0.0,0.0,1.0,35.1,30.0,34.9,1.176,0.0371
25.16,92.52,963.0,2.5,33.1,0.0,0.0,1.0,33.1,33.5,33.4,1.162,0.0375
25.16,92.53,963.0,2.5,33.1,0.0,0.0,1.0,33.1,33.5,33.4,1.161,0.0376
25.16,92.54,963.0,2.5,33.1,0.0,0.0,1.0,33.1,33.6,33.4,1.161,0.0376
25.16,92.55,963.0,2.5,33.1,0.0,0.0,1.0,33.1,33.6,33.3,1.16,0.0376
25.16,92.56,963.0,2.5,33.1,0.0,0.0,1.0,33.1,33.7,33.2,1.16,0.0376
25.16,92.57,963.0,2.5,33.1,0.0,0.0,1.0,33.1,33.7,33.2,1.159,0.0376
25.16,92.58,963.0,2.5,33.1,0.0,0.0,1.0,33.1,33.7,33.1,1.158,0.0377
25.16,92.59,963.0,2.5,33.1,0.0,0.0,1.0,33.1,33.8,33.1,1.157,0.0377
25.16,92.6,963.0,2.5,33.1,0.0,0.0,1.0,33.1,33.8,33.0,1.157,0.0377
25.16,92.61,963.0,2.5,33.2,0.0,0.0,1.0,33.2,33.9,32.9,1.156,0.0377
25.16,92.62,963.0,2.5,33.2,0.0,0.0,1.0,33.2,34.0,32.9,1.155,0.0378
25.16,92.63,963.0,2.5,33.2,0.0,0.0,1.0,33.2,34.0,32.8,1.154,0.0378
25.16,92.64,963.0,2.5,33.2,0.0,0.0,1.0,33.2,34.1,32.7,1.153,0.0378
25.16,92.65,963.0,2.5,33.3,0.0,0.0,1.0,33.3,34.1,32.6,1.152,0.0379
25.16,92.66,963.0,2.5,33.3,0.0,0.0,1.0,33.3,34.2,32.5,1.151,0.0379
25.16,92.67,963.0,2.5,33.3,0.0,0.0,1.0,33.3,34.3,32.4,1.15,0.0379
25.16,92.68,963.0,2.5,33.4,0.0,0.0,1.0,33.4,34.4,32.3,1.149,0.038
25.16,92.69,963.0,2.5,33.4,0.0,0.0,1.0,33.4,34.4,32.1,1.149,0.038
25.16,92.7,963.0,2.5,33.5,0.0,0.0,1.0,33.5,34.5,32.0,1.148,0.038
25.16,92.71,963.0,2.5,33.5,0.0,0.0,1.0,33.5,34.6,31.9,1.147,0.038
25.16,92.72,963.0,2.5,33.6,0.0,0.0,1.0,33.6,34.7,31.7,1.147,0.038
25.16,92.73,963.0,2.5,33.6,0.0,0.0,1.0,33.6,34.8,31.6,1.146,0.0381
25.16,92.74,963.0,2.5,33.7,0.0,0.0,1.0,33.7,34.8,31.5,1.147,0.038
25.16,92.75,963.0,2.5,33.8,0.0,0.0,1.0,33.8,34.9,31.4,1.147,0.038
25.16,92.76,963.0,2.5,33.8,0.0,0.0,1.0,33.8,34.9,31.3,1.147,0.038
25.16,92.77,963.0,2.5,33.7,0.0,0.0,1.0,33.7,34.9,31.4,1.146,0.0381
25.16,92.78,963.0,2.5,33.7,0.0,0.0,1.0,33.7,34.8,31.5,1.145,0.0381
25.16,92.79,963.0,2.5,33.5,0.0,0.0,1.0,33.5,34.7,31.7,1.145,0.0381
25.16,92.8,963.0,2.5,33.4,0.0,0.0,1.0,33.4,34.6,32.0,1.145,0.0381
25.16,92.81,963.0,2.5,33.2,0.0,0.0,1.0,33.2,34.4,32.3,1.146,0.0381
25.16,92.82,963.0,2.5,33.1,0.0,0.0,1.0,33.1,34.2,32.7,1.147,0.038
25.16,92.83,963.0,2.5,33.0,0.0,0.0,1.0,33.0,34.1,33.0,1.149,0.038
25.16,92.84,963.0,2.5,32.8,0.0,0.0,1.0,32.8,33.9,33.2,1.15,0.0379
25.16,92.85,963.0,2.5,32.8,0.0,0.0,1.0,32.8,33.8,33.4,1.151,0.0379
25.16,92.86,963.0,2.5,32.8,0.0,0.0,1.0,32.8,33.6,33.6,1.152,0.0379
25.16,92.87,963.0,2.5,32.8,0.0,0.0,1.0,32.8,33.5,33.7,1.154,0.0378
25.16,92.88,963.0,2.5,32.9,0.0,0.0,1.0,32.9,33.3,33.8,1.155,0.0378
25.16,92.89,963.0,2.5,33.0,0.0,0.0,1.0,33.0,33.1,33.9,1.156,0.0377
25.16,92.9,963.0,2.5,33.1,0.0,0.0,1.0,33.1,33.0,34.0,1.158,0.0377
25.16,92.91,963.0,2.5,33.2,0.0,0.0,1.0,33.2,32.8,34.0,1.159,0.0376
25.16,92.92,963.0,2.5,33.4,0.0,0.0,1.0,33.4,32.5,34.1,1.161,0.0376
25.16,92.93,963.0,2.5,33.6,0.0,0.0,1.0,33.6,32.3,34.1,1.162,0.0375
25.16,92.94,963.0,2.5,33.8,0.0,0.0,1.0,33.8,32.1,34.1,1.164,0.0375
25.16,92.95,963.0,2.5,33.9,0.0,0.0,1.0,33.9,31.9,34.2,1.165,0.0374
25.16,92.96,963.0,2.5,34.1,0.0,0.0,1.0,34.1,31.7,34.2,1.166,0.0374
25.16,92.97,963.0,2.5,34.2,0.0,0.0,1.0,34.2,31.6,34.2,1.167,0.0374
25.16,92.98,963.0,2.5,34.3,0.0,0.0,1.0,34.3,31.4,34.2,1.168,0.0373
25.16,92.99,963.0,2.5,34.4,0.0,0.0,1.0,34.4,31.3,34.3,1.168,0.0373
25.16,93.0,963.0,2.5,34.5,0.0,0.0,1.0,34.5,31.2,34.3,1.169,0.0373
25.16,93.01,963.0,2.5,34.5,0.0,0.0,1.0,34.5,31.2,34.3,1.169,0.0373
25.16,93.02,963.0,2.5,34.6,0.0,0.0,1.0,34.6,31.1,34.3,1.17,0.0373
25.16,93.03,963.0,2.5,34.6,0.0,0.0,1.0,34.6,31.0,34.3,1.17,0.0373
25.16,93.04,963.0,2.5,34.6,0.0,0.0,1.0,34.6,31.0,34.4,1.17,0.0373
25.16,93.05,963.0,2.5,34.7,0.0,0.0,1.0,34.7,30.9,34.4,1.171,0.0372
25.16,93.06,963.0,2.5,34.7,0.0,0.0,1.0,34.7,30.8,34.5,1.171,0.0372
25.16,93.07,963.0,2.5,34.8,0.0,0.0,1.0,34.8,30.7,34.5,1.172,0.0372
25.16,93.08,963.0,2.5,34.8,0.0,0.0,1.0,34.8,30.6,34.6,1.172,0.0372
25.16,93.09,963.0,2.5,34.9,0.0,0.0,1.0,34.9,30.5,34.6,1.173,0.0372
25.16,93.1,963.0,2.5,35.0,0.0,0.0,1.0,35.0,30.4,34.7,1.173,0.0372
25.16,93.11,963.0,2.5,35.0,0.0,0.0,1.0,35.0,30.3,34.7,1.174,0.0372
25.16,93.12,963.0,2.5,35.1,0.0,0.0,1.0,35.1,30.2,34.8,1.174,0.0372
25.16,93.13,963.0,2.5,35.1,0.0,0.0,1.0,35.1,30.1,34.8,1.174,0.0372
25.16,93.14,963.0,2.5,35.1,0.0,0.0,1.0,35.1,30.0,34.8,1.175,0.0371
25.16,93.15,963.0,2.5,35.2,0.0,0.0,1.0,35.2,30.0,34.8,1.175,0.0371
25.16,93.16,963.0,2.5,35.2,0.0,0.0,1.0,35.2,29.9,34.9,1.176,0.0371
25.16,93.17,963.0,2.5,35.2,0.0,0.0,1.0,35.2,29.9,34.9,1.176,0.0371
25.16,93.18,963.0,2.5,35.2,0.0,0.0,1.0,35.2,29.9,34.9,1.176,0.0371
25.17,92.52,963.0,2.5,33.1,0.0,0.0,1.0,33.1,33.5,33.5,1.162,0.0375
25.17,92.53,963.0,2.5,33.1,0.0,0.0,1.0,33.1,33.5,33.4,1.162,0.0375
25.17,92.54,963.0,2.5,33.1,0.0,0.0,1.0,33.1,33.6,33.4,1.161,0.0376
25.17,92.55,963.0,2.5,33.1,0.0,0.0,1.0,33.1,33.6,33.3,1.161,0.0376
25.17,92.56,963.0,2.5,33.1,0.0,0.0,1.0,33.1,33.6,33.3,1.16,0.0376
25.17,92.57,963.0,2.5,33.1,0.0,0.0,1.0,33.1,33.7,33.2,1.159,0.0376
25.17,92.58,963.0,2.5,33.1,0.0,0.0,1.0,33.1,33.7,33.1,1.159,0.0376
25.17,92.59,963.0,2.5,33.1,0.0,0.0,1.0,33.1,33.8,33.1,1.158,0.0377
25.17,92.6,963.0,2.5,33.2,0.0,0.0,1.0,33.2,33.8,33.0,1.157,0.0377
25.17,92.61,963.0,2.5,33.2,0.0,0.0,1.0,33.2,33.9,32.9,1.156,0.0377
25.17,92.62,963.0,2.5,33.2,0.0,0.0,1.0,33.2,33.9,32.9,1.155,0.0378
25.17,92.63,963.0,2.5,33.2,0.0,0.0,1.0,33.2,34.0,32.8,1.154,0.0378
25.17,92.64,963.0,2.5,33.2,0.0,0.0,1.0,33.2,34.1,32.7,1.154,0.0378
25.17,92.65,963.0,2.5,33.3,0.0,0.0,1.0,33.3,34.1,32.6,1.153,0.0378
25.17,92.66,963.0,2.5,33.3,0.0,0.0,1.0,33.3,34.2,32.5,1.152,0.0379
25.17,92.67,963.0,2.5,33.3,0.0,0.0,1.0,33.3,34.3,32.4,1.151,0.0379
25.17,92.68,963.0,2.5,33.4,0.0,0.0,1.0,33.4,34.3,32.3,1.15,0.0379
25.17,92.69,963.0,2.5,33.4,0.0,0.0,1.0,33.4,34.4,32.1,1.149,0.038
25.17,92.7,963.0,2.5,33.5,0.0,0.0,1.0,33.5,34.5,32.0,1.149,0.038
25.17,92.71,963.0,2.5,33.5,0.0,0.0,1.0,33.5,34.6,31.8,1.148,0.038
25.17,92.72,963.0,2.5,33.6,0.0,0.0,1.0,33.6,34.7,31.7,1.148,0.038
25.17,92.73,963.0,2.5,33.7,0.0,0.0,1.0,33.7,34.8,31.5,1.148,0.038
25.17,92.74,963.0,2.5,33.8,0.0,0.0,1.0,33.8,34.9,31.4,1.148,0.038
25.17,92.75,963.0,2.5,33.8,0.0,0.0,1.0,33.8,34.9,31.2,1.149,0.038
25.17,92.76,963.0,2.5,33.9,0.0,0.0,1.0,33.9,35.0,31.2,1.149,0.038
25.17,92.77,963.0,2.5,33.8,0.0,0.0,1.0,33.8,34.9,31.2,1.149,0.038
25.17,92.78,963.0,2.5,33.7,0.0,0.0,1.0,33.7,34.8,31.4,1.148,0.038
25.17,92.79,963.0,2.5,33.6,0.0,0.0,1.0,33.6,34.7,31.7,1.147,0.038
25.17,92.8,963.0,2.5,33.5,0.0,0.0,1.0,33.5,34.6,32.0,1.147,0.038
25.17,92.81,963.0,2.5,33.3,0.0,0.0,1.0,33.3,34.4,32.3,1.147,0.038
25.17,92.82,963.0,2.5,33.2,0.0,0.0,1.0,33.2,34.2,32.6,1.148,0.038
25.17,92.83,963.0,2.5,33.1,0.0,0.0,1.0,33.1,34.1,32.9,1.149,0.038
25.17,92.84,963.0,2.5,33.0,0.0,0.0,1.0,33.0,33.9,33.1,1.151,0.0379
25.17,92.85,963.0,2.5,32.9,0.0,0.0,1.0,32.9,33.7,33.3,1.152,0.0379
25.17,92.86,963.0,2.5,32.9,0.0,0.0,1.0,32.9,33.6,33.5,1.153,0.0378
25.17,92.87,963.0,2.5,32.9,0.0,0.0,1.0,32.9,33.4,33.6,1.154,0.0378
25.17,92.88,963.0,2.5,33.0,0.0,0.0,1.0,33.0,33.2,33.7,1.156,0.0377
25.17,92.89,963.0,2.5,33.1,0.0,0.0,1.0,33.1,33.1,33.8,1.157,0.0377
25.17,92.9,963.0,2.5,33.2,0.0,0.0,1.0,33.2,32.9,33.9,1.159,0.0376
25.17,92.91,963.0,2.5,33.4,0.0,0.0,1.0,33.4,32.7,34.0,1.16,0.0376
25.17,92.92,963.0,2.5,33.5,0.0,0.0,1.0,33.5,32.4,34.0,1.162,0.0375
25.17,92.93,963.0,2.5,33.7,0.0,0.0,1.0,33.7,32.2,34.1,1.163,0.0375
25.17,92.94,963.0,2.5,33.9,0.0,0.0,1.0,33.9,32.0,34.1,1.165,0.0374
25.17,92.95,963.0,2.5,34.1,0.0,0.0,1.0,34.1,31.8,34.2,1.166,0.0374
25.17,92.96,963.0,2.5,34.2,0.0,0.0,1.0,34.2,31.6,34.2,1.167,0.0374
25.17,92.97,963.0,2.5,34.4,0.0,0.0,1.0,34.4,31.4,34.2,1.168,0.0373
25.17,92.98,963.0,2.5,34.5,0.0,0.0,1.0,34.5,31.3,34.2,1.168,0.0373
25.17,92.99,963.0,2.5,34.6,0.0,0.0,1.0,34.6,31.2,34.2,1.169,0.0373
25.17,93.0,963.0,2.5,34.6,0.0,0.0,1.0,34.6,31.1,34.3,1.169,0.0373
25.17,93.01,963.0,2.5,34.6,0.0,0.0,1.0,34.6,31.1,34.3,1.17,0.0373
25.17,93.02,963.0,2.5,34.7,0.0,0.0,1.0,34.7,31.0,34.3,1.17,0.0373
25.17,93.03,963.0,2.5,34.7,0.0,0.0,1.0,34.7,31.0,34.3,1.17,0.0373
25.17,93.04,963.0,2.5,34.7,0.0,0.0,1.0,34.7,30.9,34.4,1.17,0.0373
25.17,93.05,963.0,2.5,34.7,0.0,0.0,1.0,34.7,30.8,34.4,1.171,0.0372
25.17,93.06,963.0,2.5,34.8,0.0,0.0,1.0,34.8,30.7,34.5,1.171,0.0372
25.17,93.07,963.0,2.5,34.8,0.0,0.0,1.0,34.8,30.6,34.5,1.172,0.0372
25.17,93.08,963.0,2.5,34.9,0.0,0.0,1.0,34.9,30.5,34.6,1.172,0.0372
25.17,93.09,963.0,2.5,35.0,0.0,0.0,1.0,35.0,30.4,34.6,1.173,0.0372
25.17,93.1,963.0,2.5,35.0,0.0,0.0,1.0,35.0,30.3,34.7,1.173,0.0372
25.17,93.11,963.0,2.5,35.1,0.0,0.0,1.0,35.1,30.2,34.7,1.174,0.0372
25.17,93.12,963.0,2.5,35.2,0.0,0.0,1.0,35.2,30.1,34.8,1.174,0.0372
25.17,93.13,963.0,2.5,35.2,0.0,0.0,1.0,35.2,30.0,34.8,1.175,0.0371
25.17,93.14,963.0,2.5,35.3,0.0,0.0,1.0,35.3,29.9,34.9,1.175,0.0371
25.17,93.15,963.0,2.5,35.3,0.0,0.0,1.0,35.3,29.8,34.9,1.175,0.0371
25.17,93.16,963.0,2.5,35.3,0.0,0.0,1.0,35.3,29.8,34.9,1.176,0.0371
25.17,93.17,963.0,2.5,35.3,0.0,0.0,1.0,35.3,29.8,34.9,1.176,0.0371
25.17,93.18,963.0,2.5,35.3,0.0,0.0,1.0,35.3,29.8,34.9,1.176,0.0371
25.18,92.51,963.0,2.5,33.0,0.0,0.0,1.0,33.0,33.4,33.5,1.164,0.0375
25.18,92.52,963.0,2.5,33.1,0.0,0.0,1.0,33.1,33.5,33.5,1.163,0.0375
25.18,92.53,963.0,2.5,33.1,0.0,0.0,1.0,33.1,33.5,33.4,1.162,0.0375
25.18,92.54,963.0,2.5,33.1,0.0,0.0,1.0,33.1,33.6,33.4,1.162,0.0375
25.18,92.55,963.0,2.5,33.1,0.0,0.0,1.0,33.1,33.6,33.3,1.161,0.0376
25.18,92.56,963.0,2.5,33.1,0.0,0.0,1.0,33.1,33.6,33.3,1.16,0.0376
25.18,92.57,963.0,2.5,33.1,0.0,0.0,1.0,33.1,33.7,33.2,1.16,0.0376
25.18,92.58,963.0,2.5,33.1,0.0,0.0,1.0,33.1,33.7,33.2,1.159,0.0376
25.18,92.59,963.0,2.5,33.1,0.0,0.0,1.0,33.1,33.8,33.1,1.158,0.0377
25.18,92.6,963.0,2.5,33.2,0.0,0.0,1.0,33.2,33.8,33.0,1.157,0.0377
25.18,92.61,963.0,2.5,33.2,0.0,0.0,1.0,33.2,33.9,33.0,1.157,0.0377
25.18,92.62,963.0,2.5,33.2,0.0,0.0,1.0,33.2,33.9,32.9,1.156,0.0377
25.18,92.63,963.0,2.5,33.2,0.0,0.0,1.0,33.2,34.0,32.8,1.155,0.0378
25.18,92.64,963.0,2.5,33.2,0.0,0.0,1.0,33.2,34.0,32.7,1.154,0.0378
25.18,92.65,963.0,2.5,33.3,0.0,0.0,1.0,33.3,34.1,32.6,1.153,0.0378
25.18,92.66,963.0,2.5,33.3,0.0,0.0,1.0,33.3,34.2,32.5,1.152,0.0379
25.18,92.67,963.0,2.5,33.4,0.0,0.0,1.0,33.4,34.3,32.4,1.152,0.0379
25.18,92.68,963.0,2.5,33.4,0.0,0.0,1.0,33.4,34.3,32.3,1.151,0.0379
25.18,92.69,963.0,2.5,33.4,0.0,0.0,1.0,33.4,34.4,32.1,1.15,0.0379
25.18,92.7,963.0,2.5,33.5,0.0,0.0,1.0,33.5,34.5,32.0,1.149,0.038
25.18,92.71,963.0,2.5,33.6,0.0,0.0,1.0,33.6,34.6,31.8,1.149,0.038
25.18,92.72,963.0,2.5,33.6,0.0,0.0,1.0,33.6,34.7,31.7,1.149,0.038
25.18,92.73,963.0,2.5,33.7,0.0,0.0,1.0,33.7,34.8,31.5,1.149,0.038
25.18,92.74,963.0,2.5,33.8,0.0,0.0,1.0,33.8,34.9,31.3,1.149,0.038
25.18,92.75,963.0,2.5,33.9,0.0,0.0,1.0,33.9,35.0,31.2,1.15,0.0379
25.18,92.76,963.0,2.5,33.88,0.0,0.0,1.0,33.88,35.0,31.12,1.15,0.0379
25.18,92.77,963.0,2.5,33.8,0.0,0.0,1.0,33.8,35.0,31.2,1.15,0.0379
25.18,92.78,963.0,2.5,33.8,0.0,0.0,1.0,33.8,34.9,31.4,1.149,0.038
25.18,92.79,963.0,2.5,33.6,0.0,0.0,1.0,33.6,34.7,31.6,1.148,0.038
25.18,92.8,963.0,2.5,33.5,0.0,0.0,1.0,33.5,34.6,31.9,1.148,0.038
25.18,92.81,963.0,2.5,33.4,0.0,0.0,1.0,33.4,34.4,32.2,1.148,0.038
25.18,92.82,963.0,2.5,33.3,0.0,0.0,1.0,33.3,34.2,32.5,1.149,0.038
25.18,92.83,963.0,2.5,33.2,0.0,0.0,1.0,33.2,34.0,32.8,1.15,0.0379
25.18,92.84,963.0,2.5,33.1,0.0,0.0,1.0,33.1,33.9,33.0,1.151,0.0379
25.18,92.85,963.0,2.5,33.1,0.0,0.0,1.0,33.1,33.7,33.2,1.153,0.0378
25.18,92.86,963.0,2.5,33.0,0.0,0.0,1.0,33.0,33.5,33.4,1.154,0.0378
25.18,92.87,963.0,2.5,33.1,0.0,0.0,1.0,33.1,33.4,33.6,1.155,0.0378
25.18,92.88,963.0,2.5,33.1,0.0,0.0,1.0,33.1,33.2,33.7,1.157,0.0377
25.18,92.89,963.0,2.5,33.2,0.0,0.0,1.0,33.2,33.0,33.8,1.158,0.0377
25.18,92.9,963.0,2.5,33.3,0.0,0.0,1.0,33.3,32.8,33.9,1.16,0.0376
25.18,92.91,963.0,2.5,33.5,0.0,0.0,1.0,33.5,32.6,34.0,1.161,0.0376
25.18,92.92,963.0,2.5,33.6,0.0,0.0,1.0,33.6,32.3,34.0,1.163,0.0375
25.18,92.93,963.0,2.5,33.8,0.0,0.0,1.0,33.8,32.1,34.1,1.164,0.0375
25.18,92.94,963.0,2.5,34.0,0.0,0.0,1.0,34.0,31.9,34.1,1.165,0.0374
25.18,92.95,963.0,2.5,34.2,0.0,0.0,1.0,34.2,31.7,34.2,1.167,0.0374
25.18,92.96,963.0,2.5,34.3,0.0,0.0,1.0,34.3,31.5,34.2,1.168,0.0373
25.18,92.97,963.0,2.5,34.5,0.0,0.0,1.0,34.5,31.3,34.2,1.168,0.0373
25.18,92.98,963.0,2.5,34.6,0.0,0.0,1.0,34.6,31.2,34.2,1.169,0.0373
25.18,92.99,963.0,2.5,34.7,0.0,0.0,1.0,34.7,31.1,34.2,1.169,0.0373
25.18,93.0,963.0,2.5,34.7,0.0,0.0,1.0,34.7,31.0,34.2,1.17,0.0373
25.18,93.01,963.0,2.5,34.7,0.0,0.0,1.0,34.7,31.0,34.3,1.17,0.0373
25.18,93.02,963.0,2.5,34.7,0.0,0.0,1.0,34.7,31.0,34.3,1.17,0.0373
25.18,93.03,963.0,2.5,34.7,0.0,0.0,1.0,34.7,30.9,34.3,1.17,0.0373
25.18,93.04,963.0,2.5,34.8,0.0,0.0,1.0,34.8,30.9,34.4,1.171,0.0372
25.18,93.05,963.0,2.5,34.8,0.0,0.0,1.0,34.8,30.8,34.4,1.171,0.0372
25.18,93.06,963.0,2.5,34.8,0.0,0.0,1.0,34.8,30.7,34.5,1.171,0.0372
25.18,93.07,963.0,2.5,34.9,0.0,0.0,1.0,34.9,30.6,34.5,1.172,0.0372
25.18,93.08,963.0,2.5,35.0,0.0,0.0,1.0,35.0,30.4,34.6,1.172,0.0372
25.18,93.09,963.0,2.5,35.1,0.0,0.0,1.0,35.1,30.3,34.7,1.173,0.0372
25.18,93.1,963.0,2.5,35.1,0.0,0.0,1.0,35.1,30.2,34.7,1.173,0.0372
25.18,93.11,963.0,2.5,35.2,0.0,0.0,1.0,35.2,30.0,34.8,1.174,0.0372
25.18,93.12,963.0,2.5,35.3,0.0,0.0,1.0,35.3,29.9,34.8,1.174,0.0372
25.18,93.13,963.0,2.5,35.3,0.0,0.0,1.0,35.3,29.8,34.9,1.175,0.0371
25.18,93.14,963.0,2.5,35.4,0.0,0.0,1.0,35.4,29.8,34.9,1.175,0.0371
25.18,93.15,963.0,2.5,35.4,0.0,0.0,1.0,35.4,29.7,34.9,1.176,0.0371
25.18,93.16,963.0,2.5,35.4,0.0,0.0,1.0,35.4,29.7,34.9,1.176,0.0371
25.18,93.17,963.0,2.5,35.4,0.0,0.0,1.0,35.4,29.7,35.0,1.176,0.0371
25.18,93.18,963.0,2.5,35.4,0.0,0.0,1.0,35.4,29.7,35.0,1.177,0.0371
25.18,93.19,963.0,2.5,35.4,0.0,0.0,1.0,35.4,29.7,35.0,1.177,0.0371
25.19,92.51,963.0,2.5,33.0,0.0,0.0,1.0,33.0,33.4,33.5,1.164,0.0375
25.19,92.52,963.0,2.5,33.0,0.0,0.0,1.0,33.0,33.5,33.5,1.163,0.0375
25.19,92.53,963.0,2.5,33.1,0.0,0.0,1.0,33.1,33.5,33.4,1.163,0.0375
25.19,92.54,963.0,2.5,33.1,0.0,0.0,1.0,33.1,33.5,33.4,1.162,0.0375
25.19,92.55,963.0,2.5,33.1,0.0,0.0,1.0,33.1,33.6,33.4,1.162,0.0375
25.19,92.56,963.0,2.5,33.1,0.0,0.0,1.0,33.1,33.6,33.3,1.161,0.0376
25.19,92.57,963.0,2.5,33.1,0.0,0.0,1.0,33.1,33.7,33.2,1.16,0.0376
25.19,92.58,963.0,2.5,33.1,0.0,0.0,1.0,33.1,33.7,33.2,1.16,0.0376
25.19,92.59,963.0,2.5,33.1,0.0,0.0,1.0,33.1,33.7,33.1,1.159,0.0376
25.19,92.6,963.0,2.5,33.2,0.0,0.0,1.0,33.2,33.8,33.1,1.158,0.0377
25.19,92.61,963.0,2.5,33.2,0.0,0.0,1.0,33.2,33.8,33.0,1.157,0.0377
25.19,92.62,963.0,2.5,33.2,0.0,0.0,1.0,33.2,33.9,32.9,1.156,0.0377
25.19,92.63,963.0,2.5,33.2,0.0,0.0,1.0,33.2,34.0,32.8,1.156,0.0377
25.19,92.64,963.0,2.5,33.3,0.0,0.0,1.0,33.3,34.0,32.7,1.155,0.0378
25.19,92.65,963.0,2.5,33.3,0.0,0.0,1.0,33.3,34.1,32.6,1.154,0.0378
25.19,92.66,963.0,2.5,33.3,0.0,0.0,1.0,33.3,34.2,32.5,1.153,0.0378
25.19,92.67,963.0,2.5,33.4,0.0,0.0,1.0,33.4,34.2,32.4,1.152,0.0379
25.19,92.68,963.0,2.5,33.4,0.0,0.0,1.0,33.4,34.3,32.3,1.151,0.0379
25.19,92.69,963.0,2.5,33.5,0.0,0.0,1.0,33.5,34.4,32.2,1.151,0.0379
25.19,92.7,963.0,2.5,33.5,0.0,0.0,1.0,33.5,34.5,32.0,1.15,0.0379
25.19,92.71,963.0,2.5,33.6,0.0,0.0,1.0,33.6,34.6,31.9,1.15,0.0379
25.19,92.72,963.0,2.5,33.6,0.0,0.0,1.0,33.6,34.7,31.7,1.149,0.038
25.19,92.73,963.0,2.5,33.7,0.0,0.0,1.0,33.7,34.8,31.5,1.149,0.038
25.19,92.74,963.0,2.5,33.8,0.0,0.0,1.0,33.8,34.9,31.4,1.149,0.038
25.19,92.75,963.0,2.5,33.8,0.0,0.0,1.0,33.8,34.9,31.2,1.15,0.0379
25.19,92.76,963.0,2.5,33.9,0.0,0.0,1.0,33.9,35.0,31.2,1.15,0.0379
25.19,92.77,963.0,2.5,33.8,0.0,0.0,1.0,33.8,34.9,31.2,1.15,0.0379
25.19,92.78,963.0,2.5,33.7,0.0,0.0,1.0,33.7,34.8,31.4,1.149,0.038
25.19,92.79,963.0,2.5,33.6,0.0,0.0,1.0,33.6,34.7,31.7,1.149,0.038
25.19,92.8,963.0,2.5,33.5,0.0,0.0,1.0,33.5,34.5,31.9,1.149,0.038
25.19,92.81,963.0,2.5,33.4,0.0,0.0,1.0,33.4,34.4,32.2,1.149,0.038
25.19,92.82,963.0,2.5,33.3,0.0,0.0,1.0,33.3,34.2,32.5,1.15,0.0379
25.19,92.83,963.0,2.5,33.2,0.0,0.0,1.0,33.2,34.0,32.8,1.151,0.0379
25.19,92.84,963.0,2.5,33.2,0.0,0.0,1.0,33.2,33.8,33.0,1.152,0.0379
25.19,92.85,963.0,2.5,33.2,0.0,0.0,1.0,33.2,33.7,33.2,1.154,0.0378
25.19,92.86,963.0,2.5,33.2,0.0,0.0,1.0,33.2,33.5,33.4,1.155,0.0378
25.19,92.87,963.0,2.5,33.2,0.0,0.0,1.0,33.2,33.3,33.5,1.156,0.0377
25.19,92.88,963.0,2.5,33.2,0.0,0.0,1.0,33.2,33.1,33.7,1.158,0.0377
25.19,92.89,963.0,2.5,33.3,0.0,0.0,1.0,33.3,32.9,33.8,1.159,0.0376
25.19,92.9,963.0,2.5,33.5,0.0,0.0,1.0,33.5,32.7,33.9,1.161,0.0376
25.19,92.91,963.0,2.5,33.6,0.0,0.0,1.0,33.6,32.5,34.0,1.162,0.0375
25.19,92.92,963.0,2.5,33.7,0.0,0.0,1.0,33.7,32.2,34.0,1.163,0.0375
25.19,92.93,963.0,2.5,33.9,0.0,0.0,1.0,33.9,32.0,34.1,1.165,0.0374
25.19,92.94,963.0,2.5,34.1,0.0,0.0,1.0,34.1,31.8,34.1,1.166,0.0374
25.19,92.95,963.0,2.5,34.3,0.0,0.0,1.0,34.3,31.5,34.2,1.167,0.0374
25.19,92.96,963.0,2.5,34.4,0.0,0.0,1.0,34.4,31.4,34.2,1.168,0.0373
25.19,92.97,963.0,2.5,34.6,0.0,0.0,1.0,34.6,31.2,34.2,1.169,0.0373
25.19,92.98,963.0,2.5,34.7,0.0,0.0,1.0,34.7,31.1,34.2,1.169,0.0373
25.19,92.99,963.0,2.5,34.8,0.0,0.0,1.0,34.8,31.0,34.2,1.17,0.0373
25.19,93.0,963.0,2.5,34.8,0.0,0.0,1.0,34.8,31.0,34.2,1.17,0.0373
25.19,93.01,963.0,2.5,34.8,0.0,0.0,1.0,34.8,31.0,34.2,1.17,0.0373
25.19,93.02,963.0,2.5,34.8,0.0,0.0,1.0,34.8,30.9,34.3,1.17,0.0373
25.19,93.03,963.0,2.5,34.8,0.0,0.0,1.0,34.8,30.9,34.3,1.17,0.0373
25.19,93.04,963.0,2.5,34.8,0.0,0.0,1.0,34.8,30.8,34.4,1.171,0.0372
25.19,93.05,963.0,2.5,34.8,0.0,0.0,1.0,34.8,30.7,34.4,1.171,0.0372
25.19,93.06,963.0,2.5,34.9,0.0,0.0,1.0,34.9,30.6,34.5,1.172,0.0372
25.19,93.07,963.0,2.5,35.0,0.0,0.0,1.0,35.0,30.5,34.6,1.172,0.0372
25.19,93.08,963.0,2.5,35.0,0.0,0.0,1.0,35.0,30.3,34.6,1.173,0.0372
25.19,93.09,963.0,2.5,35.1,0.0,0.0,1.0,35.1,30.2,34.7,1.173,0.0372
25.19,93.1,963.0,2.5,35.2,0.0,0.0,1.0,35.2,30.0,34.7,1.174,0.0372
25.19,93.11,963.0,2.5,35.3,0.0,0.0,1.0,35.3,29.9,34.8,1.174,0.0372
25.19,93.12,963.0,2.5,35.4,0.0,0.0,1.0,35.4,29.8,34.9,1.175,0.0371
25.19,93.13,963.0,2.5,35.4,0.0,0.0,1.0,35.4,29.7,34.9,1.175,0.0371
25.19,93.14,963.0,2.5,35.5,0.0,0.0,1.0,35.5,29.6,34.9,1.175,0.0371
25.19,93.15,963.0,2.5,35.5,0.0,0.0,1.0,35.5,29.6,35.0,1.176,0.0371
25.19,93.16,963.0,2.5,35.5,0.0,0.0,1.0,35.5,29.5,35.0,1.176,0.0371
25.19,93.17,963.0,2.5,35.5,0.0,0.0,1.0,35.5,29.5,35.0,1.176,0.0371
25.19,93.18,963.0,2.5,35.5,0.0,0.0,1.0,35.5,29.5,35.0,1.177,0.0371
25.19,93.19,963.0,2.5,35.4,0.0,0.0,1.0,35.4,29.6,35.0,1.177,0.0371
25.2,92.5,963.0,2.5,33.0,0.0,0.0,1.0,33.0,33.4,33.6,1.165,0.0374
25.2,92.51,963.0,2.5,33.0,0.0,0.0,1.0,33.0,33.4,33.5,1.164,0.0375
25.2,92.52,963.0,2.5,33.0,0.0,0.0,1.0,33.0,33.4,33.5,1.164,0.0375
25.2,92.53,963.0,2.5,33.1,0.0,0.0,1.0,33.1,33.5,33.5,1.163,0.0375
25.2,92.54,963.0,2.5,33.1,0.0,0.0,1.0,33.1,33.5,33.4,1.163,0.0375
25.2,92.55,963.0,2.5,33.1,0.0,0.0,1.0,33.1,33.6,33.4,1.162,0.0375
25.2,92.56,963.0,2.5,33.1,0.0,0.0,1.0,33.1,33.6,33.3,1.162,0.0375
25.2,92.57,963.0,2.5,33.1,0.0,0.0,1.0,33.1,33.6,33.3,1.161,0.0376
25.2,92.58,963.0,2.5,33.1,0.0,0.0,1.0,33.1,33.7,33.2,1.16,0.0376
25.2,92.59,963.0,2.5,33.1,0.0,0.0,1.0,33.1,33.7,33.1,1.159,0.0376
25.2,92.6,963.0,2.5,33.2,0.0,0.0,1.0,33.2,33.8,33.1,1.159,0.0376
25.2,92.61,963.0,2.5,33.2,0.0,0.0,1.0,33.2,33.8,33.0,1.158,0.0377
25.2,92.62,963.0,2.5,33.2,0.0,0.0,1.0,33.2,33.9,32.9,1.157,0.0377
25.2,92.63,963.0,2.5,33.2,0.0,0.0,1.0,33.2,33.9,32.8,1.156,0.0377
25.2,92.64,963.0,18.4,33.3,270.0,-1.0,-0.0,33.3,34.0,32.8,1.155,0.2733
25.2,92.65,963.0,9.7,33.3,270.0,-1.0,-0.0,33.3,34.1,32.7,1.155,0.1459
25.2,92.66,963.0,8.8,33.3,270.0,-1.0,-0.0,33.3,34.1,32.6,1.154,0.1326
25.2,92.67,963.0,9.6,33.4,270.0,-1.0,-0.0,33.4,34.2,32.5,1.153,0.1446
25.2,92.68,963.0,10.3,33.4,270.0,-1.0,-0.0,33.4,34.3,32.3,1.152,0.1552
25.2,92.69,963.0,10.4,33.4,270.0,-1.0,-0.0,33.4,34.4,32.2,1.151,0.1568
25.2,92.7,963.0,10.7,33.5,270.0,-1.0,-0.0,33.5,34.4,32.1,1.151,0.1613
25.2,92.71,963.0,17.0,33.6,270.0,-1.0,-0.0,33.6,34.5,31.9,1.15,0.2542
25.2,92.72,963.0,17.8,33.6,270.0,-1.0,-0.0,33.6,34.6,31.8,1.15,0.2658
25.2,92.73,963.0,16.6,33.7,270.0,-1.0,-0.0,33.7,34.7,31.6,1.15,0.2484
25.2,92.74,963.0,11.9,33.7,270.0,-1.0,-0.0,33.7,34.8,31.5,1.15,0.1793
25.2,92.75,963.0,10.0,33.8,270.0,-1.0,-0.0,33.8,34.9,31.3,1.15,0.151
25.2,92.76,963.0,7.5,33.8,270.0,-1.0,-0.0,33.8,34.9,31.3,1.15,0.1135
25.2,92.77,963.0,9.9,33.8,270.0,-1.0,-0.0,33.8,34.9,31.4,1.15,0.1495
25.2,92.78,963.0,4.7,33.7,270.0,-1.0,-0.0,33.7,34.8,31.5,1.15,0.0713
25.2,92.79,963.0,2.5,33.6,270.0,-1.0,-0.0,33.6,34.6,31.7,1.15,0.0379
25.2,92.8,963.0,5.3,33.5,270.0,-1.0,-0.0,33.5,34.5,32.0,1.15,0.0803
25.2,92.81,963.0,6.3,33.4,270.0,-1.0,-0.0,33.4,34.3,32.3,1.15,0.0954
25.2,92.82,963.0,8.2,33.4,270.0,-1.0,-0.0,33.4,34.1,32.5,1.151,0.1239
25.2,92.83,963.0,2.6,33.3,270.0,-1.0,-0.0,33.3,33.9,32.8,1.152,0.0394
25.2,92.84,963.0,6.0,33.3,90.0,1.0,0.0,33.3,33.8,33.0,1.153,0.0907
25.2,92.85,963.0,3.0,33.2,90.0,1.0,0.0,33.2,33.6,33.2,1.155,0.0453
25.2,92.86,963.0,10.7,33.2,90.0,1.0,0.0,33.2,33.4,33.4,1.156,0.1606
25.2,92.87,963.0,2.5,33.3,90.0,1.0,0.0,33.3,33.2,33.5,1.157,0.0377
25.2,92.88,963.0,2.5,33.3,90.0,1.0,0.0,33.3,33.0,33.6,1.159,0.0376
25.2,92.89,963.0,4.7,33.4,90.0,1.0,0.0,33.4,32.8,33.8,1.16,0.0706
25.2,92.9,963.0,10.9,33.5,90.0,1.0,0.0,33.5,32.6,33.9,1.161,0.1629
25.2,92.91,963.0,11.1,33.7,90.0,1.0,0.0,33.7,32.4,34.0,1.163,0.1655
25.2,92.92,963.0,7.4,33.8,90.0,1.0,0.0,33.8,32.1,34.0,1.164,0.1106
25.2,92.93,963.0,5.2,34.0,90.0,1.0,0.0,34.0,31.9,34.1,1.166,0.0777
25.2,92.94,963.0,11.4,34.2,90.0,1.0,0.0,34.2,31.7,34.1,1.167,0.1694
25.2,92.95,963.0,10.6,34.4,90.0,1.0,0.0,34.4,31.5,34.2,1.168,0.1575
25.2,92.96,963.0,3.2,34.5,90.0,1.0,0.0,34.5,31.3,34.2,1.169,0.0478
25.2,92.97,963.0,6.5,34.7,90.0,1.0,0.0,34.7,31.1,34.2,1.169,0.0968
25.2,92.98,963.0,10.6,34.8,90.0,1.0,0.0,34.8,31.0,34.2,1.17,0.1572
25.2,92.99,963.0,15.6,34.8,90.0,1.0,0.0,34.8,31.0,34.2,1.17,0.2298
25.2,93.0,963.0,21.8,34.9,90.0,1.0,0.0,34.9,30.9,34.2,1.17,0.3174
25.2,93.01,963.0,21.5,34.8,90.0,1.0,0.0,34.8,30.9,34.2,1.17,0.3132
25.2,93.02,963.0,15.3,34.8,90.0,1.0,0.0,34.8,30.9,34.3,1.17,0.2255
25.2,93.03,963.0,11.5,34.8,90.0,1.0,0.0,34.8,30.9,34.3,1.17,0.1704
25.2,93.04,963.0,10.5,34.8,90.0,1.0,0.0,34.8,30.8,34.4,1.171,0.1556
25.2,93.05,963.0,13.2,34.9,90.0,1.0,0.0,34.9,30.7,34.4,1.171,0.195
25.2,93.06,963.0,15.8,34.9,90.0,1.0,0.0,34.9,30.6,34.5,1.172,0.2323
25.2,93.07,963.0,19.2,35.0,90.0,1.0,0.0,35.0,30.4,34.6,1.172,0.2806
25.2,93.08,963.0,15.5,35.1,90.0,1.0,0.0,35.1,30.2,34.6,1.173,0.2278
25.2,93.09,963.0,18.0,35.2,90.0,1.0,0.0,35.2,30.1,34.7,1.173,0.2634
25.2,93.1,963.0,11.7,35.3,90.0,1.0,0.0,35.3,29.9,34.8,1.174,0.1727
25.2,93.11,963.0,10.6,35.4,90.0,1.0,0.0,35.4,29.7,34.8,1.174,0.1567
25.2,93.12,963.0,11.3,35.5,90.0,1.0,0.0,35.5,29.6,34.9,1.175,0.1668
25.2,93.13,963.0,10.2,35.6,90.0,1.0,0.0,35.6,29.5,34.9,1.175,0.1507
25.2,93.14,963.0,16.1,35.6,90.0,1.0,0.0,35.6,29.4,35.0,1.176,0.2358
25.2,93.15,963.0,18.3,35.6,90.0,1.0,0.0,35.6,29.4,35.0,1.176,0.267
25.2,93.16,963.0,16.0,35.6,90.0,1.0,0.0,35.6,29.4,35.0,1.176,0.2344
25.2,93.17,963.0,16.8,35.6,90.0,1.0,0.0,35.6,29.4,35.0,1.177,0.2456
25.2,93.18,963.0,13.6,35.6,90.0,1.0,0.0,35.6,29.4,35.0,1.177,0.1998
25.2,93.19,963.0,14.1,35.5,90.0,1.0,0.0,35.5,29.4,35.0,1.177,0.207
25.2,93.2,963.0,24.3,35.5,90.0,1.0,0.0,35.5,29.5,35.0,1.177,0.3496
25.21,92.5,963.0,13.0,33.0,90.0,1.0,0.0,33.0,33.4,33.6,1.166,0.1929
25.21,92.51,963.0,12.4,33.0,90.0,1.0,0.0,33.0,33.4,33.6,1.165,0.1843
25.21,92.52,963.0,16.5,33.0,90.0,1.0,0.0,33.0,33.4,33.5,1.165,0.2438
25.21,92.53,963.0,11.9,33.0,90.0,1.0,0.0,33.0,33.5,33.5,1.164,0.1772
25.21,92.54,963.0,16.3,33.1,90.0,1.0,0.0,33.1,33.5,33.4,1.163,0.2413
25.21,92.55,963.0,13.3,33.1,90.0,1.0,0.0,33.1,33.5,33.4,1.163,0.1978
25.21,92.56,963.0,2.5,33.1,90.0,1.0,0.0,33.1,33.6,33.4,1.162,0.0375
25.21,92.57,963.0,2.9,33.1,90.0,1.0,0.0,33.1,33.6,33.3,1.162,0.0435
25.21,92.58,963.0,7.2,33.1,90.0,1.0,0.0,33.1,33.7,33.2,1.161,0.108
25.21,92.59,963.0,5.7,33.1,90.0,1.0,0.0,33.1,33.7,33.2,1.16,0.0856
25.21,92.6,963.0,11.4,33.1,270.0,-1.0,-0.0,33.1,33.7,33.1,1.159,0.1705
25.21,92.61,963.0,13.3,33.2,270.0,-1.0,-0.0,33.2,33.8,33.0,1.159,0.1985
25.21,92.62,963.0,12.1,33.2,270.0,-1.0,-0.0,33.2,33.8,33.0,1.158,0.181
25.21,92.63,963.0,26.5,33.2,317.4,-0.6769,0.7361,33.2,33.9,32.9,1.157,0.3857
25.21,92.64,1489.0,21.1,33.2,299.4,-0.8712,0.4909,33.2,34.0,32.8,1.156,0.3114
25.21,92.65,1235.0,16.1,33.3,227.3,-0.7349,-0.6782,33.3,34.0,32.7,1.155,0.2401
25.21,92.66,1208.0,7.2,33.3,268.4,-0.9996,-0.0279,33.3,34.1,32.6,1.155,0.1085
25.21,92.67,1230.0,7.1,33.3,284.4,-0.9686,0.2487,33.3,34.2,32.5,1.154,0.1071
25.21,92.68,1252.0,5.5,33.4,280.0,-0.9848,0.1736,33.4,34.2,32.4,1.153,0.0831
25.21,92.69,1254.0,8.9,33.4,272.6,-0.999,0.0454,33.4,34.3,32.3,1.152,0.1343
25.21,92.7,1262.0,10.7,33.5,315.3,-0.7034,0.7108,33.5,34.4,32.1,1.152,0.1612
25.21,92.71,1447.0,12.4,33.5,311.9,-0.7443,0.6678,33.5,34.5,32.0,1.151,0.1866
25.21,92.72,1473.0,11.8,33.6,267.7,-0.9992,-0.0401,33.6,34.6,31.8,1.151,0.1777
25.21,92.73,1435.0,19.6,33.6,249.7,-0.9379,-0.3469,33.6,34.6,31.7,1.15,0.2917
25.21,92.74,1296.0,18.4,33.7,246.3,-0.9157,-0.4019,33.7,34.7,31.6,1.15,0.2745
25.21,92.75,1244.0,16.6,33.7,253.0,-0.9563,-0.2924,33.7,34.8,31.5,1.15,0.2484
25.21,92.76,1171.0,12.3,33.7,269.3,-0.9999,-0.0122,33.7,34.8,31.5,1.15,0.1852
25.21,92.77,1240.0,7.5,33.7,245.6,-0.9107,-0.4131,33.7,34.7,31.5,1.15,0.1135
25.21,92.78,1093.0,12.5,33.7,220.3,-0.6468,-0.7627,33.7,34.7,31.7,1.15,0.1882
25.21,92.79,997.0,5.0,33.6,278.3,-0.9895,0.1444,33.6,34.5,31.9,1.15,0.0758
25.21,92.8,1111.0,5.7,33.5,351.2,-0.153,0.9882,33.5,34.4,32.1,1.151,0.0863
25.21,92.81,1138.0,8.6,33.4,291.7,-0.9291,0.3697,33.4,34.2,32.3,1.151,0.1299
25.21,92.82,1191.0,7.5,33.4,237.0,-0.8387,-0.5446,33.4,34.1,32.6,1.152,0.1133
25.21,92.83,1035.0,15.9,33.3,195.0,-0.2588,-0.9659,33.3,33.9,32.8,1.153,0.2376
25.21,92.84,796.0,6.8,33.3,154.4,0.4321,-0.9018,33.3,33.7,33.0,1.154,0.1026
25.21,92.85,880.0,10.0,33.3,121.6,0.8517,-0.524,33.3,33.5,33.2,1.156,0.1502
25.21,92.86,664.0,11.5,33.3,85.7,0.9972,0.075,33.3,33.3,33.4,1.157,0.1723
25.21,92.87,902.0,13.1,33.4,32.2,0.5329,0.8462,33.4,33.1,33.5,1.158,0.1957
25.21,92.88,947.0,6.6,33.4,114.4,0.9107,-0.4131,33.4,32.9,33.6,1.16,0.0991
25.21,92.89,833.0,12.4,33.5,156.4,0.4003,-0.9164,33.5,32.7,33.8,1.161,0.185
25.21,92.9,659.0,15.3,33.6,117.5,0.887,-0.4617,33.6,32.5,33.9,1.162,0.2271
25.21,92.91,651.0,6.8,33.8,55.7,0.8261,0.5635,33.8,32.3,34.0,1.164,0.1017
25.21,92.92,756.0,11.3,33.9,54.2,0.8111,0.585,33.9,32.1,34.0,1.165,0.1682
25.21,92.93,819.0,10.4,34.1,115.3,0.9041,-0.4274,34.1,31.8,34.1,1.166,0.1548
25.21,92.94,643.0,13.3,34.2,117.0,0.891,-0.454,34.2,31.6,34.2,1.167,0.1971
25.21,92.95,665.0,10.6,34.4,30.0,0.5,0.866,34.4,31.4,34.2,1.168,0.1575
25.21,92.96,875.0,5.8,34.6,37.1,0.6032,0.7976,34.6,31.2,34.2,1.169,0.0864
25.21,92.97,781.0,13.7,34.7,127.0,0.7986,-0.6018,34.7,31.1,34.2,1.17,0.2024
25.21,92.98,665.0,16.6,34.8,127.3,0.7955,-0.606,34.8,31.0,34.2,1.17,0.2442
25.21,92.99,521.0,16.3,34.9,143.5,0.5948,-0.8039,34.9,30.9,34.2,1.17,0.2399
25.21,93.0,328.0,18.3,34.9,112.9,0.9212,-0.3891,34.9,30.9,34.2,1.17,0.2684
25.21,93.01,337.0,22.1,34.9,69.8,0.9385,0.3453,34.9,30.9,34.2,1.17,0.3216
25.21,93.02,529.0,19.1,34.9,52.6,0.7944,0.6074,34.9,30.9,34.2,1.17,0.2797
25.21,93.03,639.0,11.7,34.9,61.6,0.8796,0.4756,34.9,30.9,34.3,1.17,0.1733
25.21,93.04,670.0,13.5,34.9,97.8,0.9907,-0.1357,34.9,30.8,34.4,1.171,0.1994
25.21,93.05,592.0,15.4,34.9,113.3,0.9184,-0.3955,34.9,30.7,34.4,1.171,0.2268
25.21,93.06,514.0,21.0,35.0,109.2,0.9444,-0.3289,35.0,30.5,34.5,1.172,0.3058
25.21,93.07,411.0,19.4,35.1,89.1,0.9999,0.0157,35.1,30.3,34.6,1.172,0.2834
25.21,93.08,522.0,13.1,35.2,83.8,0.9942,0.108,35.2,30.1,34.7,1.173,0.1932
25.21,93.09,447.0,23.0,35.3,79.4,0.9829,0.184,35.3,29.9,34.7,1.173,0.3331
25.21,93.1,634.0,19.0,35.4,63.7,0.8965,0.4431,35.4,29.8,34.8,1.174,0.2773
25.21,93.11,666.0,13.4,35.5,87.8,0.9993,0.0384,35.5,29.6,34.9,1.174,0.1974
25.21,93.12,647.0,16.4,35.6,88.5,0.9997,0.0262,35.6,29.5,34.9,1.175,0.2403
25.21,93.13,677.0,19.2,35.7,106.5,0.9588,-0.284,35.7,29.4,35.0,1.175,0.2799
25.21,93.14,505.0,17.7,35.7,121.4,0.8536,-0.521,35.7,29.3,35.0,1.176,0.2585
25.21,93.15,438.0,16.7,35.7,89.6,1.0,0.007,35.7,29.2,35.0,1.176,0.2444
25.21,93.16,508.0,17.9,35.7,84.4,0.9952,0.0976,35.7,29.2,35.0,1.177,0.2611
25.21,93.17,483.0,19.4,35.7,81.9,0.99,0.1409,35.7,29.2,35.1,1.177,0.2822
25.21,93.18,579.0,16.7,35.7,79.0,0.9816,0.1908,35.7,29.3,35.1,1.177,0.2441
25.21,93.19,565.0,10.3,35.6,84.3,0.9951,0.0993,35.6,29.3,35.1,1.177,0.1519
25.21,93.2,605.0,13.3,35.6,76.3,0.9715,0.2368,35.6,29.4,35.1,1.178,0.1953
25.22,92.5,598.0,11.5,33.0,84.1,0.9947,0.1028,33.0,33.4,33.6,1.166,0.171
25.22,92.51,613.0,8.1,33.0,120.6,0.8607,-0.509,33.0,33.4,33.6,1.166,0.1208
25.22,92.52,494.0,8.5,33.0,85.7,0.9972,0.075,33.0,33.4,33.6,1.165,0.1269
25.22,92.53,629.0,13.0,33.0,89.1,0.9999,0.0157,33.0,33.4,33.5,1.165,0.1931
25.22,92.54,499.0,11.7,33.0,97.7,0.991,-0.134,33.0,33.5,33.5,1.164,0.1742
25.22,92.55,589.0,23.2,33.1,48.6,0.7501,0.6613,33.1,33.5,33.4,1.164,0.3384
25.22,92.56,906.0,15.4,33.1,42.2,0.6717,0.7408,33.1,33.5,33.4,1.163,0.2283
25.22,92.57,882.0,5.8,33.1,189.7,-0.1685,-0.9857,33.1,33.6,33.3,1.162,0.087
25.22,92.58,763.0,8.3,33.1,248.7,-0.9317,-0.3633,33.1,33.6,33.3,1.162,0.1242
25.22,92.59,806.0,20.0,33.1,7.1,0.1236,0.9923,33.1,33.7,33.2,1.161,0.2946
25.22,92.6,1282.0,23.7,33.1,327.4,-0.5388,0.8425,33.1,33.7,33.2,1.16,0.3465
25.22,92.61,1337.0,12.1,33.2,273.9,-0.9977,0.068,33.2,33.8,33.1,1.159,0.1809
25.22,92.62,1303.0,13.7,33.2,297.5,-0.887,0.4617,33.2,33.8,33.0,1.159,0.2043
25.22,92.63,1498.0,14.7,33.2,300.9,-0.8581,0.5135,33.2,33.9,32.9,1.158,0.2191
25.22,92.64,1497.0,8.0,33.2,172.2,0.1357,-0.9907,33.2,33.9,32.8,1.157,0.1203
25.22,92.65,1299.0,13.6,33.3,195.0,-0.2588,-0.9659,33.3,34.0,32.8,1.156,0.2034
25.22,92.66,1163.0,6.9,33.3,213.0,-0.5446,-0.8387,33.3,34.0,32.7,1.156,0.1039
25.22,92.67,1153.0,2.5,33.3,217.1,-0.6032,-0.7976,33.3,34.1,32.6,1.155,0.0378
25.22,92.68,1114.0,4.0,33.4,55.3,0.8221,0.5693,33.4,34.2,32.5,1.154,0.0604
25.22,92.69,1210.0,3.4,33.4,44.4,0.6997,0.7145,33.4,34.2,32.3,1.153,0.0514
25.22,92.7,1174.0,3.5,33.5,81.4,0.9888,0.1495,33.5,34.3,32.2,1.152,0.053
25.22,92.71,1223.0,11.7,33.5,66.3,0.9157,0.4019,33.5,34.4,32.1,1.152,0.176
25.22,92.72,1293.0,14.5,33.6,43.7,0.6909,0.723,33.6,34.5,32.0,1.151,0.2175
25.22,92.73,1492.0,7.8,33.6,39.2,0.632,0.7749,33.6,34.5,31.8,1.151,0.1179
25.22,92.74,1445.0,3.1,33.6,166.6,0.2317,-0.9728,33.6,34.6,31.8,1.151,0.047
25.22,92.75,1416.0,7.2,33.7,221.1,-0.6574,-0.7536,33.7,34.6,31.7,1.151,0.1089
25.22,92.76,1309.0,10.7,33.7,194.8,-0.2554,-0.9668,33.7,34.6,31.7,1.151,0.1613
25.22,92.77,1153.0,8.6,33.7,122.9,0.8396,-0.5432,33.7,34.6,31.7,1.151,0.1299
25.22,92.78,1191.0,4.9,33.6,115.7,0.9011,-0.4337,33.6,34.5,31.8,1.151,0.0742
25.22,92.79,1100.0,9.3,33.6,209.4,-0.4909,-0.8712,33.6,34.4,32.0,1.151,0.1404
25.22,92.8,987.0,3.5,33.5,344.0,-0.2756,0.9613,33.5,34.3,32.2,1.152,0.053
25.22,92.81,1185.0,6.9,33.5,330.6,-0.4909,0.8712,33.5,34.1,32.4,1.152,0.1043
25.22,92.82,1138.0,5.2,33.4,143.1,0.6004,-0.7997,33.4,34.0,32.6,1.153,0.0786
25.22,92.83,1080.0,11.1,33.4,156.4,0.4003,-0.9164,33.4,33.8,32.8,1.154,0.1668
25.22,92.84,881.0,15.2,33.4,205.1,-0.4242,-0.9056,33.4,33.6,33.0,1.156,0.2268
25.22,92.85,726.0,9.6,33.4,176.6,0.0593,-0.9982,33.4,33.4,33.2,1.157,0.1441
25.22,92.86,640.0,5.1,33.4,288.4,-0.9489,0.3156,33.4,33.2,33.4,1.158,0.0768
25.22,92.87,766.0,10.8,33.4,55.5,0.8241,0.5664,33.4,33.0,33.5,1.159,0.1617
25.22,92.88,795.0,4.3,33.5,57.8,0.8462,0.5329,33.5,32.8,33.7,1.161,0.0646
25.22,92.89,824.0,9.0,33.6,163.1,0.2907,-0.9568,33.6,32.6,33.8,1.162,0.1346
25.22,92.9,577.0,2.6,33.7,106.3,0.9598,-0.2807,33.7,32.4,33.9,1.163,0.039
25.22,92.91,806.0,5.5,33.8,337.9,-0.3762,0.9265,33.8,32.2,34.0,1.165,0.0823
25.22,92.92,706.0,4.8,34.0,207.3,-0.4586,-0.8886,34.0,32.0,34.1,1.166,0.0718
25.22,92.93,699.0,4.7,34.1,131.3,0.7513,-0.66,34.1,31.8,34.1,1.167,0.0702
25.22,92.94,629.0,6.2,34.3,317.6,-0.6743,0.7385,34.3,31.5,34.2,1.168,0.0925
25.22,92.95,815.0,10.6,34.5,332.4,-0.4633,0.8862,34.5,31.4,34.2,1.169,0.1574
25.22,92.96,866.0,7.5,34.6,148.1,0.5284,-0.849,34.6,31.2,34.2,1.169,0.1117
25.22,92.97,655.0,11.7,34.7,160.1,0.3404,-0.9403,34.7,31.0,34.2,1.17,0.1733
25.22,92.98,586.0,2.5,34.8,353.5,-0.1132,0.9936,34.8,31.0,34.2,1.17,0.0373
25.22,92.99,687.0,7.0,34.9,233.2,-0.8007,-0.599,34.9,30.9,34.2,1.17,0.1042
25.22,93.0,481.0,15.3,34.9,212.9,-0.5432,-0.8396,34.9,30.9,34.2,1.17,0.2255
25.22,93.01,358.0,2.5,34.9,39.6,0.6374,0.7705,34.9,30.9,34.2,1.17,0.0373
25.22,93.02,527.0,12.5,34.9,355.9,-0.0715,0.9974,34.9,30.9,34.2,1.17,0.185
25.22,93.03,675.0,6.4,34.9,68.8,0.9323,0.3616,34.9,30.8,34.3,1.17,0.0953
25.22,93.04,585.0,5.3,34.9,147.4,0.5388,-0.8425,34.9,30.7,34.4,1.171,0.0789
25.22,93.05,562.0,8.5,35.0,157.3,0.3859,-0.9225,35.0,30.6,34.4,1.171,0.1262
25.22,93.06,388.0,8.1,35.1,140.3,0.6388,-0.7694,35.1,30.4,34.5,1.172,0.1202
25.22,93.07,404.0,8.6,35.2,342.8,-0.2957,0.9553,35.2,30.2,34.6,1.172,0.1276
25.22,93.08,595.0,7.1,35.3,125.3,0.8161,-0.5779,35.3,30.0,34.7,1.173,0.1054
25.22,93.09,301.0,4.9,35.4,169.0,0.1908,-0.9816,35.4,29.8,34.8,1.173,0.0728
25.22,93.1,474.0,11.2,35.5,1.8,0.0314,0.9995,35.5,29.6,34.8,1.174,0.1654
25.22,93.11,586.0,5.0,35.6,79.3,0.9826,0.1857,35.6,29.4,34.9,1.175,0.0742
25.22,93.12,497.0,7.0,35.7,149.7,0.5045,-0.8634,35.7,29.3,35.0,1.175,0.1037
25.22,93.13,434.0,6.4,35.8,77.7,0.977,0.213,35.8,29.2,35.0,1.176,0.0948
25.22,93.14,531.0,4.6,35.8,298.1,-0.8821,0.471,35.8,29.1,35.1,1.176,0.0682
25.22,93.15,488.0,5.5,35.9,235.3,-0.8221,-0.5693,35.9,29.1,35.1,1.177,0.0814
25.22,93.16,452.0,4.5,35.9,133.1,0.7302,-0.6833,35.9,29.1,35.1,1.177,0.0667
25.22,93.17,410.0,2.5,35.8,42.1,0.6704,0.742,35.8,29.1,35.1,1.177,0.0371
25.22,93.18,497.0,11.5,35.8,24.8,0.4195,0.9078,35.8,29.1,35.1,1.177,0.1694
25.22,93.19,676.0,5.5,35.7,42.7,0.6782,0.7349,35.7,29.2,35.1,1.177,0.0814
25.22,93.2,599.0,4.2,35.7,40.7,0.6521,0.7581,35.7,29.3,35.1,1.178,0.0622
25.22,93.21,755.0,15.3,35.6,37.4,0.6074,0.7944,35.6,29.3,35.1,1.178,0.224
25.23,92.49,878.0,20.2,33.0,206.0,-0.4384,-0.8988,33.0,33.3,33.7,1.167,0.2959
25.23,92.5,641.0,9.1,33.0,241.7,-0.8805,-0.4741,33.0,33.3,33.7,1.167,0.1355
25.23,92.51,769.0,11.2,33.0,287.4,-0.9542,0.299,33.0,33.4,33.6,1.166,0.1666
25.23,92.52,726.0,16.0,33.0,245.1,-0.907,-0.421,33.0,33.4,33.6,1.166,0.2364
25.23,92.53,596.0,6.7,33.0,238.3,-0.8508,-0.5255,33.0,33.4,33.6,1.165,0.1001
25.23,92.54,637.0,12.2,33.0,242.5,-0.887,-0.4617,33.0,33.5,33.5,1.165,0.1814
25.23,92.55,453.0,3.9,33.1,289.0,-0.9455,0.3256,33.1,33.5,33.5,1.164,0.0584
25.23,92.56,669.0,23.2,33.1,29.1,0.4863,0.8738,33.1,33.5,33.4,1.164,0.3384
25.23,92.57,990.0,19.7,33.1,8.6,0.1495,0.9888,33.1,33.6,33.4,1.163,0.2898
25.23,92.58,1178.0,19.9,33.1,259.1,-0.982,-0.1891,33.1,33.6,33.3,1.162,0.2929
25.23,92.59,892.0,25.8,33.1,283.4,-0.9728,0.2317,33.1,33.6,33.3,1.162,0.3746
25.23,92.6,1339.0,16.0,33.1,4.4,0.0767,0.9971,33.1,33.7,33.2,1.161,0.2374
25.23,92.61,1301.0,2.8,33.1,240.7,-0.8721,-0.4894,33.1,33.7,33.1,1.16,0.0421
25.23,92.62,1305.0,2.5,33.2,319.3,-0.6521,0.7581,33.2,33.8,33.1,1.16,0.0376
25.23,92.63,1321.0,12.5,33.2,60.9,0.8738,0.4863,33.2,33.8,33.0,1.159,0.1867
25.23,92.64,1459.0,10.9,33.2,87.3,0.9989,0.0471,33.2,33.9,32.9,1.158,0.1633
25.23,92.65,1334.0,8.1,33.3,135.6,0.6997,-0.7145,33.3,33.9,32.8,1.157,0.1218
25.23,92.66,1313.0,2.8,33.3,208.0,-0.4695,-0.8829,33.3,34.0,32.7,1.156,0.0423
25.23,92.67,1271.0,6.1,33.3,176.9,0.0541,-0.9985,33.3,34.0,32.6,1.156,0.0919
25.23,92.68,1161.0,5.8,33.4,235.7,-0.8261,-0.5635,33.4,34.1,32.5,1.155,0.0875
25.23,92.69,1189.0,2.5,33.4,275.4,-0.9956,0.0941,33.4,34.2,32.4,1.154,0.0378
25.23,92.7,1167.0,2.5,33.4,222.1,-0.6704,-0.742,33.4,34.2,32.3,1.154,0.0378
25.23,92.71,1147.0,3.8,33.5,76.6,0.9728,0.2317,33.5,34.3,32.2,1.153,0.0575
25.23,92.72,1189.0,7.1,33.5,31.7,0.5255,0.8508,33.5,34.4,32.1,1.152,0.1073
25.23,92.73,1298.0,7.6,33.6,63.2,0.8926,0.4509,33.6,34.4,32.0,1.152,0.1148
25.23,92.74,1276.0,10.4,33.6,73.0,0.9563,0.2924,33.6,34.5,31.9,1.152,0.1567
25.23,92.75,1375.0,10.0,33.6,96.3,0.994,-0.1097,33.6,34.5,31.9,1.151,0.1509
25.23,92.76,1248.0,14.6,33.6,154.3,0.4337,-0.9011,33.6,34.5,31.9,1.151,0.219
25.23,92.77,1038.0,12.0,33.6,155.0,0.4226,-0.9063,33.6,34.5,31.9,1.152,0.1805
25.23,92.78,971.0,3.4,33.6,358.8,-0.0209,0.9998,33.6,34.4,32.0,1.152,0.0515
25.23,92.79,1124.0,7.2,33.5,337.4,-0.3843,0.9232,33.5,34.3,32.2,1.152,0.1088
25.23,92.8,1138.0,9.8,33.5,295.7,-0.9011,0.4337,33.5,34.2,32.3,1.153,0.1476
25.23,92.81,1232.0,2.5,33.5,205.6,-0.4321,-0.9018,33.5,34.0,32.5,1.154,0.0378
25.23,92.82,1104.0,12.9,33.4,168.5,0.1994,-0.9799,33.4,33.9,32.7,1.155,0.1933
25.23,92.83,911.0,7.7,33.4,130.1,0.7649,-0.6441,33.4,33.7,32.9,1.156,0.1159
25.23,92.84,979.0,5.0,33.4,111.8,0.9285,-0.3714,33.4,33.5,33.1,1.157,0.0753
25.23,92.85,864.0,7.3,33.4,189.9,-0.1719,-0.9851,33.4,33.3,33.3,1.158,0.1097
25.23,92.86,797.0,10.8,33.4,219.5,-0.6361,-0.7716,33.4,33.1,33.4,1.159,0.1617
25.23,92.87,653.0,6.4,33.5,72.8,0.9553,0.2957,33.5,33.0,33.6,1.16,0.0961
25.23,92.88,845.0,5.2,33.6,324.9,-0.575,0.8181,33.6,32.8,33.7,1.162,0.078
25.23,92.89,760.0,10.2,33.6,168.7,0.1959,-0.9806,33.6,32.6,33.8,1.163,0.1523
25.23,92.9,591.0,2.5,33.8,213.3,-0.549,-0.8358,33.8,32.3,33.9,1.164,0.0375
25.23,92.91,709.0,9.4,33.9,17.5,0.3007,0.9537,33.9,32.1,34.0,1.165,0.1402
25.23,92.92,817.0,2.5,34.0,0.0,0.0,1.0,34.0,31.9,34.1,1.166,0.0374
25.23,92.93,722.0,5.5,34.2,245.8,-0.9121,-0.4099,34.2,31.7,34.1,1.167,0.0821
25.23,92.94,760.0,7.8,34.3,294.1,-0.9128,0.4083,34.3,31.5,34.2,1.168,0.1162
25.23,92.95,802.0,2.5,34.5,83.9,0.9943,0.1063,34.5,31.3,34.2,1.169,0.0373
25.23,92.96,765.0,6.8,34.6,141.0,0.6293,-0.7771,34.6,31.2,34.2,1.17,0.1012
25.23,92.97,669.0,4.6,34.7,146.2,0.5563,-0.831,34.7,31.0,34.2,1.17,0.0685
25.23,92.98,669.0,5.0,34.8,86.8,0.9984,0.0558,34.8,31.0,34.2,1.17,0.0745
25.23,92.99,676.0,8.9,34.9,118.0,0.8829,-0.4695,34.9,30.9,34.2,1.17,0.1322
25.23,93.0,563.0,14.9,34.9,175.0,0.0872,-0.9962,34.9,30.9,34.2,1.17,0.2198
25.23,93.01,295.0,3.1,34.9,96.8,0.993,-0.1184,34.9,30.9,34.2,1.17,0.0462
25.23,93.02,554.0,8.8,34.9,36.4,0.5934,0.8049,34.9,30.9,34.2,1.17,0.1308
25.23,93.03,474.0,4.6,34.9,71.8,0.95,0.3123,34.9,30.8,34.3,1.171,0.0685
25.23,93.04,590.0,2.5,34.9,56.4,0.8329,0.5534,34.9,30.7,34.4,1.171,0.0372
25.23,93.05,501.0,10.2,35.0,149.0,0.515,-0.8572,35.0,30.5,34.5,1.171,0.1512
25.23,93.06,369.0,2.5,35.1,112.4,0.9245,-0.3811,35.1,30.3,34.6,1.172,0.0372
25.23,93.07,482.0,2.5,35.2,155.7,0.4115,-0.9114,35.2,30.1,34.6,1.172,0.0372
25.23,93.08,361.0,10.1,35.4,103.8,0.9711,-0.2385,35.4,29.9,34.7,1.173,0.1495
25.23,93.09,421.0,12.4,35.5,326.7,-0.549,0.8358,35.5,29.7,34.8,1.173,0.1831
25.23,93.1,624.0,5.4,35.7,323.5,-0.5948,0.8039,35.7,29.5,34.9,1.174,0.0802
25.23,93.11,531.0,8.0,35.8,111.7,0.9291,-0.3697,35.8,29.3,34.9,1.175,0.1184
25.23,93.12,549.0,2.6,35.9,245.7,-0.9114,-0.4115,35.9,29.1,35.0,1.175,0.0386
25.23,93.13,504.0,3.4,35.9,323.8,-0.5906,0.807,35.9,29.0,35.1,1.176,0.0504
25.23,93.14,617.0,3.6,36.0,312.3,-0.7396,0.673,36.0,28.9,35.1,1.177,0.0533
25.23,93.15,564.0,9.0,36.0,208.4,-0.4756,-0.8796,36.0,28.9,35.1,1.177,0.1329
25.23,93.16,416.0,5.9,36.0,211.4,-0.521,-0.8536,36.0,28.9,35.1,1.177,0.0873
25.23,93.17,438.0,2.5,35.9,55.2,0.8211,0.5707,35.9,28.9,35.1,1.177,0.0371
25.23,93.18,443.0,2.5,35.9,48.8,0.7524,0.6587,35.9,29.0,35.1,1.178,0.037
25.23,93.19,461.0,10.5,35.8,71.0,0.9455,0.3256,35.8,29.1,35.1,1.178,0.1547
25.23,93.2,530.0,8.0,35.7,37.0,0.6018,0.7986,35.7,29.2,35.1,1.178,0.1181
25.23,93.21,623.0,10.9,35.7,47.5,0.7373,0.6756,35.7,29.2,35.1,1.178,0.1605
25.24,92.49,1006.0,14.5,33.0,185.8,-0.1011,-0.9949,33.0,33.3,33.7,1.168,0.2144
25.24,92.5,822.0,16.9,33.0,257.5,-0.9763,-0.2164,33.0,33.3,33.7,1.167,0.2491
25.24,92.51,912.0,15.9,33.0,281.9,-0.9785,0.2062,33.0,33.3,33.7,1.167,0.2348
25.24,92.52,906.0,17.8,33.0,254.3,-0.9627,-0.2706,33.0,33.4,33.6,1.166,0.2622
25.24,92.53,788.0,13.9,33.0,253.1,-0.9568,-0.2907,33.0,33.4,33.6,1.166,0.206
25.24,92.54,803.0,13.9,33.0,254.3,-0.9627,-0.2706,33.0,33.4,33.5,1.165,0.2062
25.24,92.55,692.0,13.2,33.0,227.6,-0.7385,-0.6743,33.0,33.5,33.5,1.165,0.196
25.24,92.56,576.0,4.2,33.1,5.4,0.0941,0.9956,33.1,33.5,33.5,1.164,0.0629
25.24,92.57,797.0,27.8,33.1,6.1,0.1063,0.9943,33.1,33.5,33.4,1.164,0.4007
25.24,92.58,1327.0,28.0,33.1,352.2,-0.1357,0.9907,33.1,33.6,33.4,1.163,0.4037
25.24,92.59,1553.0,22.3,33.1,262.2,-0.9907,-0.1357,33.1,33.6,33.3,1.163,0.3263
25.24,92.6,1247.0,8.6,33.1,226.7,-0.7278,-0.6858,33.1,33.6,33.2,1.162,0.1287
25.24,92.61,1404.0,3.2,33.1,20.5,0.3502,0.9367,33.1,33.7,33.2,1.161,0.0481
25.24,92.62,1322.0,8.9,33.2,160.9,0.3272,-0.9449,33.2,33.7,33.1,1.161,0.1333
25.24,92.63,1192.0,6.7,33.2,141.3,0.6252,-0.7804,33.2,33.8,33.0,1.16,0.1006
25.24,92.64,1191.0,8.5,33.2,103.8,0.9711,-0.2385,33.2,33.8,33.0,1.159,0.1275
25.24,92.65,1141.0,2.5,33.2,76.0,0.9703,0.2419,33.2,33.9,32.9,1.158,0.0377
25.24,92.66,1200.0,2.5,33.3,274.0,-0.9976,0.0698,33.3,33.9,32.8,1.158,0.0377
25.24,92.67,1144.0,2.5,33.3,14.0,0.2419,0.9703,33.3,34.0,32.7,1.157,0.0377
25.24,92.68,1247.0,8.9,33.3,307.4,-0.7944,0.6074,33.3,34.0,32.6,1.156,0.1338
25.24,92.69,1280.0,2.5,33.4,196.3,-0.2807,-0.9598,33.4,34.1,32.5,1.155,0.0378
25.24,92.7,1216.0,6.4,33.4,186.8,-0.1184,-0.993,33.4,34.2,32.4,1.155,0.0965
25.24,92.71,1121.0,3.1,33.4,109.3,0.9438,-0.3305,33.4,34.2,32.3,1.154,0.0469
25.24,92.72,1190.0,7.3,33.5,352.6,-0.1288,0.9917,33.5,34.3,32.2,1.154,0.1101
25.24,92.73,1302.0,4.6,33.5,102.0,0.9781,-0.2079,33.5,34.3,32.2,1.153,0.0696
25.24,92.74,1166.0,6.7,33.5,166.7,0.23,-0.9732,33.5,34.4,32.1,1.153,0.1012
25.24,92.75,1137.0,6.6,33.6,102.5,0.9763,-0.2164,33.6,34.4,32.1,1.153,0.0997
25.24,92.76,1130.0,7.9,33.6,129.7,0.7694,-0.6388,33.6,34.4,32.1,1.153,0.1192
25.24,92.77,1010.0,5.2,33.5,60.9,0.8738,0.4863,33.5,34.3,32.1,1.153,0.0786
25.24,92.78,1193.0,8.0,33.5,325.7,-0.5635,0.8261,33.5,34.2,32.2,1.153,0.1207
25.24,92.79,1177.0,3.3,33.5,300.8,-0.859,0.512,33.5,34.1,32.3,1.154,0.0499
25.24,92.8,1235.0,2.5,33.5,38.7,0.6252,0.7804,33.5,34.0,32.5,1.154,0.0378
25.24,92.81,1203.0,7.0,33.4,163.0,0.2924,-0.9563,33.4,33.9,32.7,1.155,0.1055
25.24,92.82,1066.0,11.4,33.4,173.9,0.1063,-0.9943,33.4,33.7,32.8,1.156,0.171
25.24,92.83,916.0,13.5,33.4,204.3,-0.4115,-0.9114,33.4,33.6,33.0,1.157,0.2018
25.24,92.84,751.0,6.2,33.4,173.3,0.1167,-0.9932,33.4,33.4,33.2,1.158,0.0933
25.24,92.85,761.0,4.1,33.4,38.8,0.6266,0.7793,33.4,33.2,33.3,1.159,0.0617
25.24,92.86,832.0,8.3,33.5,142.9,0.6032,-0.7976,33.5,33.0,33.5,1.16,0.1244
25.24,92.87,595.0,4.0,33.5,63.0,0.891,0.454,33.5,32.9,33.6,1.162,0.06
25.24,92.88,878.0,6.9,33.6,5.7,0.0993,0.9951,33.6,32.7,33.7,1.163,0.1033
25.24,92.89,768.0,10.7,33.7,166.9,0.2267,-0.974,33.7,32.5,33.8,1.164,0.1595
25.24,92.9,614.0,2.5,33.8,188.8,-0.153,-0.9882,33.8,32.3,33.9,1.165,0.0374
25.24,92.91,727.0,4.1,33.9,333.4,-0.4478,0.8942,33.9,32.1,34.0,1.166,0.0613
25.24,92.92,706.0,4.6,34.0,12.7,0.2198,0.9755,34.0,31.9,34.1,1.167,0.0687
25.24,92.93,839.0,4.8,34.2,356.2,-0.0663,0.9978,34.2,31.7,34.1,1.168,0.0716
25.24,92.94,827.0,3.1,34.3,165.3,0.2538,-0.9673,34.3,31.5,34.2,1.169,0.0463
25.24,92.95,763.0,4.4,34.5,136.8,0.6845,-0.729,34.5,31.3,34.2,1.169,0.0656
25.24,92.96,747.0,8.5,34.6,146.5,0.5519,-0.8339,34.6,31.2,34.2,1.17,0.1263
25.24,92.97,584.0,11.8,34.7,184.3,-0.075,-0.9972,34.7,31.1,34.2,1.17,0.1748
25.24,92.98,447.0,5.5,34.8,147.6,0.5358,-0.8443,34.8,31.0,34.2,1.17,0.0819
25.24,92.99,467.0,9.7,34.8,90.7,0.9999,-0.0122,34.8,30.9,34.2,1.17,0.144
25.24,93.0,444.0,11.6,34.9,131.1,0.7536,-0.6574,34.9,30.9,34.2,1.17,0.1719
25.24,93.01,274.0,4.9,34.9,239.0,-0.8572,-0.515,34.9,30.9,34.2,1.17,0.073
25.24,93.02,381.0,11.0,34.9,0.7,0.0122,0.9999,34.9,30.9,34.3,1.17,0.1631
25.24,93.03,554.0,10.2,34.9,308.0,-0.788,0.6157,34.9,30.8,34.3,1.171,0.1512
25.24,93.04,540.0,5.6,35.0,169.0,0.1908,-0.9816,35.0,30.6,34.4,1.171,0.0833
25.24,93.05,415.0,8.2,35.1,170.6,0.1633,-0.9866,35.1,30.4,34.5,1.172,0.1217
25.24,93.06,337.0,2.5,35.2,131.1,0.7536,-0.6574,35.2,30.2,34.6,1.172,0.0372
25.24,93.07,400.0,5.3,35.3,97.3,0.9919,-0.1271,35.3,30.0,34.7,1.172,0.0788
25.24,93.08,320.0,3.7,35.5,2.8,0.0488,0.9988,35.5,29.7,34.8,1.173,0.055
25.24,93.09,492.0,11.8,35.6,324.4,-0.5821,0.8131,35.6,29.5,34.8,1.173,0.1743
25.24,93.1,564.0,5.4,35.8,146.6,0.5505,-0.8348,35.8,29.3,34.9,1.174,0.0802
25.24,93.11,378.0,5.7,35.9,90.4,1.0,-0.007,35.9,29.1,35.0,1.175,0.0845
25.24,93.12,563.0,6.8,36.0,49.8,0.7638,0.6455,36.0,29.0,35.0,1.175,0.1008
25.24,93.13,489.0,2.7,36.0,307.1,-0.7976,0.6032,36.0,28.9,35.1,1.176,0.0401
25.24,93.14,604.0,5.1,36.1,20.8,0.3551,0.9348,36.1,28.8,35.2,1.177,0.0755
25.24,93.15,608.0,4.0,36.1,132.1,0.742,-0.6704,36.1,28.7,35.2,1.177,0.0593
25.24,93.16,537.0,9.7,36.1,190.8,-0.1874,-0.9823,36.1,28.7,35.2,1.178,0.143
25.24,93.17,367.0,3.3,36.0,214.3,-0.5635,-0.8261,36.0,28.8,35.2,1.178,0.0489
25.24,93.18,468.0,2.5,36.0,49.6,0.7615,0.6481,36.0,28.9,35.2,1.178,0.037
25.24,93.19,397.0,2.5,35.9,167.3,0.2198,-0.9755,35.9,29.0,35.1,1.178,0.037
25.24,93.2,464.0,6.8,35.8,38.5,0.6225,0.7826,35.8,29.1,35.1,1.178,0.1005
25.24,93.21,531.0,6.5,35.7,34.8,0.5707,0.8211,35.7,29.2,35.1,1.178,0.0961
25.25,92.49,919.0,15.0,33.0,7.0,0.1219,0.9925,33.0,33.3,33.8,1.168,0.2216
25.25,92.5,1110.0,16.0,33.0,315.2,-0.7046,0.7096,33.0,33.3,33.7,1.168,0.236
25.25,92.51,1211.0,8.1,33.0,300.9,-0.8581,0.5135,33.0,33.3,33.7,1.168,0.1206
25.25,92.52,1215.0,12.0,33.0,218.4,-0.6211,-0.7837,33.0,33.3,33.7,1.167,0.1782
25.25,92.53,971.0,17.2,33.0,243.0,-0.891,-0.454,33.0,33.4,33.6,1.167,0.2534
25.25,92.54,1014.0,19.7,33.0,241.7,-0.8805,-0.4741,33.0,33.4,33.6,1.166,0.2891
25.25,92.55,728.0,19.1,33.0,224.3,-0.6984,-0.7157,33.0,33.4,33.5,1.166,0.2806
25.25,92.56,658.0,17.4,33.0,292.6,-0.9232,0.3843,33.0,33.5,33.5,1.165,0.2567
25.25,92.57,901.0,24.0,33.0,353.5,-0.1132,0.9936,33.0,33.5,33.5,1.165,0.3491
25.25,92.58,1292.0,23.9,33.1,4.2,0.0732,0.9973,33.1,33.5,33.4,1.164,0.3481
25.25,92.59,1535.0,9.6,33.1,23.4,0.3971,0.9178,33.1,33.6,33.4,1.164,0.1433
25.25,92.6,1514.0,11.1,33.1,199.9,-0.3404,-0.9403,33.1,33.6,33.3,1.163,0.1655
25.25,92.61,1270.0,11.4,33.1,178.4,0.0279,-0.9996,33.1,33.6,33.2,1.162,0.1701
25.25,92.62,1224.0,2.9,33.1,206.6,-0.4478,-0.8942,33.1,33.7,33.2,1.162,0.0435
25.25,92.63,1205.0,5.2,33.2,272.7,-0.9989,0.0471,33.2,33.7,33.1,1.161,0.0781
25.25,92.64,1230.0,4.4,33.2,323.4,-0.5962,0.8028,33.2,33.8,33.0,1.16,0.0661
25.25,92.65,1294.0,6.5,33.2,323.0,-0.6018,0.7986,33.2,33.8,33.0,1.16,0.0976
25.25,92.66,1361.0,5.9,33.2,255.9,-0.9699,-0.2436,33.2,33.9,32.9,1.159,0.0887
25.25,92.67,1258.0,9.3,33.3,269.3,-0.9999,-0.0122,33.3,33.9,32.8,1.158,0.1396
25.25,92.68,1358.0,5.3,33.3,243.9,-0.898,-0.4399,33.3,34.0,32.7,1.157,0.0798
25.25,92.69,1199.0,6.8,33.3,184.6,-0.0802,-0.9968,33.3,34.0,32.6,1.157,0.1023
25.25,92.7,1188.0,6.0,33.4,207.5,-0.4617,-0.887,33.4,34.1,32.6,1.156,0.0904
25.25,92.71,1065.0,2.5,33.4,1.9,0.0332,0.9995,33.4,34.1,32.5,1.155,0.0378
25.25,92.72,1215.0,5.4,33.4,37.3,0.606,0.7955,33.4,34.2,32.4,1.155,0.0815
25.25,92.73,1173.0,4.0,33.5,79.7,0.9839,0.1788,33.5,34.2,32.3,1.154,0.0604
25.25,92.74,1233.0,2.5,33.5,290.8,-0.9348,0.3551,33.5,34.2,32.3,1.154,0.0378
25.25,92.75,1195.0,6.6,33.5,200.9,-0.3567,-0.9342,33.5,34.2,32.3,1.154,0.0996
25.25,92.76,1079.0,11.3,33.5,189.1,-0.1582,-0.9874,33.5,34.2,32.3,1.154,0.1698
25.25,92.77,913.0,2.5,33.5,321.2,-0.6266,0.7793,33.5,34.2,32.3,1.154,0.0378
25.25,92.78,1097.0,12.8,33.5,27.7,0.4648,0.8854,33.5,34.1,32.4,1.155,0.1918
25.25,92.79,1202.0,3.8,33.5,79.1,0.982,0.1891,33.5,34.0,32.5,1.155,0.0574
25.25,92.8,1115.0,6.2,33.5,100.0,0.9848,-0.1736,33.5,33.9,32.6,1.156,0.0934
25.25,92.81,1175.0,2.9,33.4,128.3,0.7848,-0.6198,33.4,33.8,32.8,1.156,0.0438
25.25,92.82,1070.0,4.3,33.4,176.6,0.0593,-0.9982,33.4,33.6,32.9,1.157,0.0648
25.25,92.83,1068.0,5.3,33.4,146.6,0.5505,-0.8348,33.4,33.5,33.1,1.158,0.0798
25.25,92.84,959.0,14.5,33.5,221.9,-0.6678,-0.7443,33.5,33.3,33.2,1.159,0.216
25.25,92.85,792.0,13.6,33.5,209.7,-0.4955,-0.8686,33.5,33.1,33.4,1.16,0.2027
25.25,92.86,658.0,9.7,33.5,166.8,0.2284,-0.9736,33.5,33.0,33.5,1.162,0.145
25.25,92.87,553.0,6.7,33.6,4.6,0.0802,0.9968,33.6,32.8,33.6,1.163,0.1003
25.25,92.88,826.0,9.8,33.7,55.7,0.8261,0.5635,33.7,32.6,33.8,1.164,0.1462
25.25,92.89,692.0,10.3,33.7,151.3,0.4802,-0.8771,33.7,32.4,33.9,1.165,0.1535
25.25,92.9,598.0,3.9,33.8,313.6,-0.7242,0.6896,33.8,32.2,34.0,1.166,0.0583
25.25,92.91,760.0,7.9,33.9,342.6,-0.299,0.9542,33.9,32.0,34.0,1.167,0.1178
25.25,92.92,789.0,2.5,34.1,236.3,-0.832,-0.5548,34.1,31.8,34.1,1.168,0.0373
25.25,92.93,731.0,4.5,34.2,117.1,0.8902,-0.4555,34.2,31.7,34.2,1.168,0.0672
25.25,92.94,738.0,5.7,34.3,94.8,0.9965,-0.0837,34.3,31.5,34.2,1.169,0.085
25.25,92.95,719.0,5.0,34.4,146.5,0.5519,-0.8339,34.4,31.3,34.2,1.17,0.0745
25.25,92.96,634.0,8.1,34.6,97.0,0.9925,-0.1219,34.6,31.2,34.3,1.17,0.1204
25.25,92.97,694.0,2.5,34.7,167.0,0.225,-0.9744,34.7,31.1,34.3,1.17,0.0373
25.25,92.98,587.0,12.7,34.8,206.1,-0.4399,-0.898,34.8,31.0,34.3,1.17,0.1879
25.25,92.99,404.0,10.6,34.8,178.8,0.0209,-0.9998,34.8,30.9,34.3,1.17,0.1572
25.25,93.0,318.0,6.9,34.8,87.7,0.9992,0.0401,34.8,30.9,34.3,1.17,0.1027
25.25,93.01,411.0,10.9,34.9,327.1,-0.5432,0.8396,34.9,30.9,34.3,1.171,0.1615
25.25,93.02,550.0,12.2,34.9,337.8,-0.3778,0.9259,34.9,30.8,34.3,1.171,0.1805
25.25,93.03,699.0,2.5,34.9,70.4,0.9421,0.3355,34.9,30.7,34.4,1.171,0.0372
25.25,93.04,560.0,10.8,35.0,149.0,0.515,-0.8572,35.0,30.6,34.5,1.171,0.16
25.25,93.05,464.0,9.5,35.1,151.1,0.4833,-0.8755,35.1,30.3,34.5,1.172,0.1408
25.25,93.06,350.0,5.2,35.3,168.5,0.1994,-0.9799,35.3,30.1,34.6,1.172,0.0773
25.25,93.07,335.0,2.5,35.4,284.9,-0.9664,0.2571,35.4,29.9,34.7,1.172,0.0372
25.25,93.08,356.0,14.6,35.6,318.3,-0.6652,0.7466,35.6,29.6,34.8,1.173,0.2149
25.25,93.09,614.0,8.9,35.8,325.0,-0.5736,0.8192,35.8,29.4,34.9,1.173,0.1319
25.25,93.1,541.0,9.6,35.9,172.5,0.1305,-0.9914,35.9,29.2,34.9,1.174,0.1421
25.25,93.11,374.0,6.1,36.0,153.4,0.4478,-0.8942,36.0,29.0,35.0,1.174,0.0905
25.25,93.12,404.0,10.5,36.1,44.6,0.7022,0.712,36.1,28.8,35.1,1.175,0.1551
25.25,93.13,564.0,6.6,36.1,12.5,0.2164,0.9763,36.1,28.7,35.1,1.177,0.0977
25.25,93.14,567.0,6.9,36.2,118.4,0.8796,-0.4756,36.2,28.6,35.2,1.177,0.1021
25.25,93.15,482.0,8.8,36.2,116.8,0.8926,-0.4509,36.2,28.6,35.2,1.178,0.1299
25.25,93.16,467.0,6.4,36.2,87.1,0.9987,0.0506,36.2,28.6,35.2,1.178,0.0946
25.25,93.17,490.0,3.9,36.1,229.7,-0.7627,-0.6468,36.1,28.7,35.2,1.178,0.0577
25.25,93.18,404.0,4.3,36.1,106.2,0.9603,-0.279,36.1,28.8,35.2,1.178,0.0636
25.25,93.19,460.0,2.7,36.0,276.7,-0.9932,0.1167,36.0,28.9,35.2,1.178,0.04
25.25,93.2,412.0,4.3,35.9,303.6,-0.8329,0.5534,35.9,29.0,35.2,1.178,0.0636
25.25,93.21,520.0,7.6,35.8,314.7,-0.7108,0.7034,35.8,29.1,35.1,1.178,0.1123
25.25,93.22,547.0,2.8,35.7,321.2,-0.6266,0.7793,35.7,29.2,35.1,1.179,0.0414
25.26,92.49,954.0,14.8,33.0,359.7,-0.0052,1.0,33.0,33.3,33.8,1.169,0.2185
25.26,92.5,1143.0,6.1,33.0,0.0,0.0,1.0,33.0,33.3,33.8,1.169,0.0909
25.26,92.51,1106.0,3.9,33.0,106.2,0.9603,-0.279,33.0,33.3,33.7,1.168,0.0582
25.26,92.52,1116.0,12.4,33.0,67.9,0.9265,0.3762,33.0,33.3,33.7,1.168,0.1838
25.26,92.53,1225.0,8.1,33.0,335.0,-0.4226,0.9063,33.0,33.4,33.7,1.168,0.1206
25.26,92.54,1302.0,8.7,33.0,227.2,-0.7337,-0.6794,33.0,33.4,33.6,1.167,0.1296
25.26,92.55,1076.0,14.0,33.0,221.8,-0.6665,-0.7455,33.0,33.4,33.6,1.167,0.2073
25.26,92.56,1036.0,16.9,33.0,242.8,-0.8894,-0.4571,33.0,33.4,33.5,1.166,0.2493
25.26,92.57,877.0,15.8,33.0,306.4,-0.8049,0.5934,33.0,33.5,33.5,1.166,0.2335
25.26,92.58,1276.0,22.8,33.0,341.2,-0.3223,0.9466,33.0,33.5,33.5,1.165,0.3326
25.26,92.59,1447.0,3.6,33.1,30.4,0.506,0.8625,33.1,33.5,33.4,1.165,0.0539
25.26,92.6,1353.0,2.8,33.1,138.4,0.6639,-0.7478,33.1,33.6,33.4,1.164,0.042
25.26,92.61,1395.0,5.2,33.1,272.2,-0.9993,0.0384,33.1,33.6,33.3,1.163,0.0779
25.26,92.62,1358.0,5.6,33.1,244.8,-0.9048,-0.4258,33.1,33.6,33.2,1.163,0.0839
25.26,92.63,1335.0,4.8,33.1,218.9,-0.628,-0.7782,33.1,33.7,33.2,1.162,0.072
25.26,92.64,1264.0,3.4,33.2,190.3,-0.1788,-0.9839,33.2,33.7,33.1,1.161,0.0511
25.26,92.65,1250.0,5.2,33.2,43.9,0.6934,0.7206,33.2,33.8,33.0,1.161,0.0781
25.26,92.66,1358.0,6.1,33.2,4.7,0.0819,0.9966,33.2,33.8,33.0,1.16,0.0916
25.26,92.67,1404.0,3.9,33.2,282.9,-0.9748,0.2233,33.2,33.8,32.9,1.159,0.0587
25.26,92.68,1380.0,4.4,33.3,183.3,-0.0576,-0.9983,33.3,33.9,32.8,1.159,0.0662
25.26,92.69,1295.0,3.5,33.3,186.5,-0.1132,-0.9936,33.3,33.9,32.8,1.158,0.0527
25.26,92.7,1293.0,7.1,33.3,169.7,0.1788,-0.9839,33.3,34.0,32.7,1.157,0.1068
25.26,92.71,1120.0,8.1,33.4,197.1,-0.294,-0.9558,33.4,34.0,32.6,1.157,0.1218
25.26,92.72,1099.0,3.0,33.4,18.7,0.3206,0.9472,33.4,34.0,32.6,1.156,0.0453
25.26,92.73,1192.0,7.5,33.4,45.8,0.7169,0.6972,33.4,34.1,32.5,1.156,0.1129
25.26,92.74,1230.0,2.5,33.4,47.3,0.7349,0.6782,33.4,34.1,32.5,1.156,0.0377
25.26,92.75,1202.0,2.5,33.5,191.3,-0.1959,-0.9806,33.5,34.1,32.5,1.156,0.0377
25.26,92.76,1180.0,7.0,33.5,182.1,-0.0366,-0.9993,33.5,34.1,32.5,1.156,0.1054
25.26,92.77,1026.0,6.2,33.5,176.3,0.0645,-0.9979,33.5,34.0,32.5,1.156,0.0934
25.26,92.78,1025.0,4.4,33.5,64.2,0.9003,0.4352,33.5,33.9,32.6,1.156,0.0664
25.26,92.79,1074.0,10.6,33.5,81.4,0.9888,0.1495,33.5,33.9,32.7,1.157,0.159
25.26,92.8,1065.0,7.3,33.4,68.9,0.933,0.36,33.4,33.8,32.8,1.157,0.1098
25.26,92.81,1140.0,4.0,33.4,93.4,0.9982,-0.0593,33.4,33.6,32.9,1.158,0.0602
25.26,92.82,1059.0,12.2,33.4,168.9,0.1925,-0.9813,33.4,33.5,33.1,1.159,0.1823
25.26,92.83,835.0,6.8,33.5,101.4,0.9803,-0.1977,33.5,33.3,33.2,1.16,0.1021
25.26,92.84,1025.0,8.4,33.5,56.7,0.8358,0.549,33.5,33.2,33.3,1.161,0.1258
25.26,92.85,951.0,11.2,33.5,206.2,-0.4415,-0.8973,33.5,33.0,33.5,1.162,0.1672
25.26,92.86,770.0,17.0,33.6,212.3,-0.5344,-0.8453,33.6,32.9,33.6,1.163,0.2514
25.26,92.87,580.0,8.4,33.6,236.3,-0.832,-0.5548,33.6,32.7,33.7,1.164,0.1255
25.26,92.88,653.0,10.1,33.7,78.7,0.9806,0.1959,33.7,32.5,33.8,1.165,0.1505
25.26,92.89,630.0,2.5,33.8,320.9,-0.6307,0.776,33.8,32.3,33.9,1.166,0.0374
25.26,92.9,693.0,9.3,33.9,314.3,-0.7157,0.6984,33.9,32.1,34.0,1.167,0.1385
25.26,92.91,793.0,2.5,34.0,355.8,-0.0732,0.9973,34.0,32.0,34.1,1.168,0.0373
25.26,92.92,754.0,5.5,34.1,117.7,0.8854,-0.4648,34.1,31.8,34.1,1.168,0.0821
25.26,92.93,729.0,4.2,34.2,144.5,0.5807,-0.8141,34.2,31.6,34.2,1.169,0.0627
25.26,92.94,669.0,3.5,34.3,118.4,0.8796,-0.4756,34.3,31.5,34.2,1.17,0.0522
25.26,92.95,687.0,5.9,34.4,170.9,0.1582,-0.9874,34.4,31.3,34.3,1.17,0.0879
25.26,92.96,523.0,7.6,34.5,126.8,0.8007,-0.599,34.5,31.2,34.3,1.17,0.113
25.26,92.97,572.0,10.8,34.6,72.7,0.9548,0.2974,34.6,31.1,34.3,1.171,0.16
25.26,92.98,604.0,4.6,34.7,162.8,0.2957,-0.9553,34.7,31.0,34.3,1.171,0.0685
25.26,92.99,461.0,13.8,34.8,178.8,0.0209,-0.9998,34.8,30.9,34.3,1.171,0.2037
25.26,93.0,253.0,2.5,34.8,117.3,0.8886,-0.4586,34.8,30.9,34.3,1.171,0.0372
25.26,93.01,440.0,10.3,34.8,351.2,-0.153,0.9882,34.8,30.8,34.3,1.171,0.1527
25.26,93.02,511.0,3.3,34.9,351.9,-0.1409,0.99,34.9,30.7,34.4,1.171,0.0492
25.26,93.03,523.0,9.0,34.9,124.0,0.829,-0.5592,34.9,30.6,34.4,1.171,0.1336
25.26,93.04,384.0,11.3,35.0,145.4,0.5678,-0.8231,35.0,30.5,34.5,1.172,0.1672
25.26,93.05,287.0,6.8,35.2,116.6,0.8942,-0.4478,35.2,30.2,34.6,1.172,0.101
25.26,93.06,308.0,5.9,35.4,337.6,-0.3811,0.9245,35.4,30.0,34.7,1.172,0.0877
25.26,93.07,425.0,11.7,35.5,345.9,-0.2436,0.9699,35.5,29.7,34.7,1.172,0.173
25.26,93.08,595.0,8.3,35.7,3.7,0.0645,0.9979,35.7,29.5,34.8,1.172,0.1232
25.26,93.09,635.0,3.5,35.9,139.2,0.6534,-0.757,35.9,29.2,34.9,1.173,0.052
25.26,93.1,529.0,13.2,36.0,171.7,0.1444,-0.9895,36.0,29.0,34.9,1.173,0.1947
25.26,93.11,302.0,7.6,36.1,154.8,0.4258,-0.9048,36.1,28.9,35.0,1.174,0.1127
25.26,93.12,356.0,6.0,36.2,345.8,-0.2453,0.9694,36.2,28.7,35.1,1.175,0.089
25.26,93.13,449.0,7.0,36.2,63.1,0.8918,0.4524,36.2,28.6,35.2,1.177,0.1035
25.26,93.14,436.0,7.2,36.3,109.2,0.9444,-0.3289,36.3,28.5,35.3,1.178,0.1064
25.26,93.15,389.0,3.3,36.3,157.4,0.3843,-0.9232,36.3,28.5,35.3,1.179,0.0488
25.26,93.16,360.0,6.0,36.2,66.7,0.9184,0.3955,36.2,28.5,35.3,1.179,0.0887
25.26,93.17,449.0,6.1,36.2,92.2,0.9993,-0.0384,36.2,28.6,35.2,1.178,0.0902
25.26,93.18,354.0,2.5,36.1,327.8,-0.5329,0.8462,36.1,28.7,35.2,1.178,0.037
25.26,93.19,472.0,8.6,36.0,15.4,0.2656,0.9641,36.0,28.8,35.2,1.178,0.1269
25.26,93.2,564.0,8.3,35.9,357.3,-0.0471,0.9989,35.9,28.9,35.2,1.178,0.1225
25.26,93.21,682.0,2.5,35.8,67.8,0.9259,0.3778,35.8,29.0,35.1,1.178,0.037
25.26,93.22,571.0,3.3,35.7,206.9,-0.4524,-0.8918,35.7,29.2,35.1,1.179,0.0488
25.26,93.23,609.0,4.7,35.6,310.6,-0.7593,0.6508,35.6,29.3,35.1,1.179,0.0695
25.27,92.49,921.0,15.2,33.0,14.0,0.2419,0.9703,33.0,33.2,33.8,1.17,0.2241
25.27,92.5,1110.0,8.6,33.0,30.7,0.5105,0.8599,33.0,33.3,33.8,1.169,0.1279
25.27,92.51,1108.0,10.0,33.0,149.8,0.503,-0.8643,33.0,33.3,33.8,1.169,0.1485
25.27,92.52,891.0,7.9,33.0,101.9,0.9785,-0.2062,33.0,33.3,33.7,1.169,0.1176
25.27,92.53,1067.0,15.9,33.0,42.5,0.6756,0.7373,33.0,33.3,33.7,1.168,0.2346
25.27,92.54,1192.0,13.0,33.0,103.3,0.9732,-0.23,33.0,33.4,33.7,1.168,0.1926
25.27,92.55,991.0,7.2,33.0,125.6,0.8131,-0.5821,33.0,33.4,33.6,1.168,0.1073
25.27,92.56,1087.0,10.7,33.0,3.1,0.0541,0.9985,33.0,33.4,33.6,1.167,0.1591
25.27,92.57,1261.0,20.6,33.0,321.1,-0.628,0.7782,33.0,33.4,33.6,1.167,0.3015
25.27,92.58,1507.0,10.0,33.0,332.5,-0.4617,0.887,33.0,33.5,33.5,1.166,0.1489
25.27,92.59,1485.0,2.5,33.0,139.9,0.6441,-0.7649,33.0,33.5,33.5,1.166,0.0374
25.27,92.6,1463.0,3.0,33.1,194.8,-0.2554,-0.9668,33.1,33.5,33.4,1.165,0.0449
25.27,92.61,1413.0,4.6,33.1,148.3,0.5255,-0.8508,33.1,33.6,33.4,1.165,0.0688
25.27,92.62,1365.0,5.6,33.1,152.0,0.4695,-0.8829,33.1,33.6,33.3,1.164,0.0838
25.27,92.63,1289.0,4.7,33.1,173.4,0.1149,-0.9934,33.1,33.6,33.3,1.163,0.0705
25.27,92.64,1247.0,3.9,33.1,191.8,-0.2045,-0.9789,33.1,33.7,33.2,1.163,0.0585
25.27,92.65,1194.0,4.5,33.2,26.9,0.4524,0.8918,33.2,33.7,33.1,1.162,0.0675
25.27,92.66,1347.0,7.0,33.2,14.6,0.2521,0.9677,33.2,33.7,33.1,1.161,0.105
25.27,92.67,1364.0,8.0,33.2,84.9,0.996,0.0889,33.2,33.8,33.0,1.161,0.1199
25.27,92.68,1365.0,7.7,33.2,142.4,0.6101,-0.7923,33.2,33.8,32.9,1.16,0.1155
25.27,92.69,1210.0,9.1,33.3,157.9,0.3762,-0.9265,33.3,33.8,32.9,1.16,0.1363
25.27,92.7,1153.0,5.6,33.3,124.1,0.8281,-0.5606,33.3,33.9,32.8,1.159,0.0842
25.27,92.71,1131.0,4.0,33.3,290.4,-0.9373,0.3486,33.3,33.9,32.8,1.158,0.0602
25.27,92.72,1188.0,4.3,33.4,189.1,-0.1582,-0.9874,33.4,33.9,32.7,1.158,0.0647
25.27,92.73,1024.0,3.7,33.4,69.0,0.9336,0.3584,33.4,34.0,32.7,1.158,0.0557
25.27,92.74,1221.0,7.8,33.4,21.9,0.373,0.9278,33.4,34.0,32.6,1.157,0.1173
25.27,92.75,1206.0,5.7,33.4,159.8,0.3453,-0.9385,33.4,33.9,32.6,1.157,0.0858
25.27,92.76,1086.0,12.1,33.4,171.7,0.1444,-0.9895,33.4,33.9,32.7,1.157,0.1812
25.27,92.77,902.0,5.0,33.4,217.2,-0.6046,-0.7965,33.4,33.9,32.7,1.158,0.0753
25.27,92.78,987.0,2.5,33.4,285.5,-0.9636,0.2672,33.4,33.8,32.8,1.158,0.0377
25.27,92.79,909.0,9.6,33.4,104.5,0.9681,-0.2504,33.4,33.7,32.9,1.158,0.144
25.27,92.8,926.0,6.1,33.4,2.4,0.0419,0.9991,33.4,33.6,33.0,1.159,0.0917
25.27,92.81,1063.0,4.3,33.4,43.6,0.6896,0.7242,33.4,33.5,33.1,1.16,0.0646
25.27,92.82,1004.0,7.2,33.5,173.7,0.1097,-0.994,33.5,33.4,33.2,1.16,0.108
25.27,92.83,882.0,11.4,33.5,214.1,-0.5606,-0.8281,33.5,33.2,33.3,1.161,0.1702
25.27,92.84,764.0,6.8,33.5,73.4,0.9583,0.2857,33.5,33.1,33.4,1.162,0.1019
25.27,92.85,931.0,7.5,33.5,36.0,0.5878,0.809,33.5,32.9,33.5,1.163,0.1122
25.27,92.86,917.0,7.5,33.6,192.7,-0.2198,-0.9755,33.6,32.8,33.7,1.164,0.1121
25.27,92.87,747.0,14.4,33.6,173.7,0.1097,-0.994,33.6,32.6,33.8,1.165,0.2135
25.27,92.88,550.0,2.5,33.7,166.6,0.2317,-0.9728,33.7,32.4,33.9,1.166,0.0374
25.27,92.89,728.0,12.7,33.8,316.0,-0.6947,0.7193,33.8,32.3,33.9,1.167,0.1884
25.27,92.9,783.0,5.4,33.9,285.8,-0.9622,0.2723,33.9,32.1,34.0,1.168,0.0806
25.27,92.91,765.0,6.0,34.0,148.3,0.5255,-0.8508,34.0,31.9,34.1,1.168,0.0895
25.27,92.92,654.0,6.0,34.1,132.0,0.7431,-0.6691,34.1,31.8,34.2,1.169,0.0894
25.27,92.93,664.0,4.3,34.2,91.1,0.9998,-0.0192,34.2,31.6,34.2,1.17,0.0641
25.27,92.94,652.0,5.8,34.3,78.6,0.9803,0.1977,34.3,31.5,34.2,1.17,0.0864
25.27,92.95,693.0,7.6,34.4,170.7,0.1616,-0.9869,34.4,31.3,34.3,1.17,0.113
25.27,92.96,464.0,11.5,34.5,189.1,-0.1582,-0.9874,34.5,31.2,34.3,1.171,0.1703
25.27,92.97,406.0,4.7,34.6,44.1,0.6959,0.7181,34.6,31.1,34.3,1.171,0.07
25.27,92.98,549.0,8.1,34.7,92.8,0.9988,-0.0488,34.7,31.0,34.3,1.171,0.1203
25.27,92.99,396.0,12.0,34.7,155.2,0.4195,-0.9078,34.7,30.9,34.3,1.171,0.1776
25.27,93.0,273.0,5.3,34.8,296.5,-0.8949,0.4462,34.8,30.9,34.4,1.171,0.0789
25.27,93.01,455.0,11.5,34.8,355.5,-0.0785,0.9969,34.8,30.8,34.4,1.171,0.1703
25.27,93.02,563.0,2.5,34.9,339.4,-0.3518,0.9361,34.9,30.7,34.4,1.172,0.0372
25.27,93.03,491.0,8.3,35.0,150.8,0.4879,-0.8729,35.0,30.5,34.5,1.172,0.1232
25.27,93.04,380.0,7.9,35.1,169.7,0.1788,-0.9839,35.1,30.4,34.5,1.172,0.1173
25.27,93.05,296.0,2.5,35.3,337.7,-0.3795,0.9252,35.3,30.1,34.6,1.172,0.0372
25.27,93.06,413.0,5.8,35.4,324.8,-0.5764,0.8171,35.4,29.9,34.7,1.172,0.0862
25.27,93.07,415.0,4.4,35.6,130.9,0.7559,-0.6547,35.6,29.6,34.8,1.172,0.0655
25.27,93.08,341.0,12.3,35.8,64.3,0.9011,0.4337,35.8,29.3,34.8,1.172,0.1818
25.27,93.09,551.0,12.6,36.0,63.0,0.891,0.454,36.0,29.1,34.9,1.172,0.1861
25.27,93.1,487.0,13.2,36.2,142.6,0.6074,-0.7944,36.2,28.9,34.9,1.172,0.1948
25.27,93.11,284.0,3.8,36.2,243.7,-0.8965,-0.4431,36.2,28.7,35.0,1.173,0.0565
25.27,93.12,445.0,4.6,36.3,336.9,-0.3923,0.9198,36.3,28.6,35.1,1.175,0.0683
25.27,93.13,390.0,5.0,36.3,123.0,0.8387,-0.5446,36.3,28.5,35.2,1.177,0.074
25.27,93.14,377.0,4.0,36.3,55.0,0.8192,0.5736,36.3,28.4,35.3,1.179,0.0592
25.27,93.15,447.0,3.1,36.3,145.3,0.5693,-0.8221,36.3,28.4,35.3,1.18,0.0458
25.27,93.16,313.0,5.5,36.3,203.1,-0.3923,-0.9198,36.3,28.4,35.3,1.179,0.0813
25.27,93.17,320.0,5.0,36.2,32.4,0.5358,0.8443,36.2,28.5,35.3,1.179,0.0739
25.27,93.18,420.0,3.1,36.2,349.9,-0.1754,0.9845,36.2,28.6,35.2,1.178,0.0459
25.27,93.19,396.0,2.7,36.1,87.5,0.999,0.0436,36.1,28.7,35.2,1.178,0.04
25.27,93.2,423.0,8.2,35.9,59.6,0.8625,0.506,35.9,28.9,35.2,1.178,0.1211
25.27,93.21,501.0,10.7,35.8,52.3,0.7912,0.6115,35.8,29.0,35.2,1.178,0.1576
25.27,93.22,588.0,7.0,35.7,26.1,0.4399,0.898,35.7,29.1,35.1,1.179,0.1034
25.27,93.23,658.0,7.8,35.6,280.3,-0.9839,0.1788,35.6,29.3,35.1,1.179,0.1151
25.27,93.24,623.0,16.9,35.5,260.7,-0.9869,-0.1616,35.5,29.4,35.1,1.18,0.2464
25.28,92.49,850.0,13.5,32.9,350.5,-0.165,0.9863,32.9,33.2,33.8,1.17,0.1995
25.28,92.5,1020.0,5.9,32.9,39.0,0.6293,0.7771,32.9,33.2,33.8,1.17,0.0879
25.28,92.51,965.0,8.6,32.9,123.3,0.8358,-0.549,32.9,33.3,33.8,1.17,0.1278
25.28,92.52,901.0,2.5,33.0,215.9,-0.5864,-0.81,33.0,33.3,33.8,1.17,0.0373
25.28,92.53,920.0,6.7,33.0,74.1,0.9617,0.274,33.0,33.3,33.7,1.169,0.0998
25.28,92.54,947.0,10.1,33.0,91.3,0.9997,-0.0227,33.0,33.3,33.7,1.169,0.15
25.28,92.55,914.0,3.7,33.0,37.5,0.6088,0.7934,33.0,33.3,33.7,1.168,0.0553
25.28,92.56,1020.0,13.5,33.0,11.6,0.2011,0.9796,33.0,33.4,33.6,1.168,0.1999
25.28,92.57,1252.0,15.1,33.0,4.4,0.0767,0.9971,33.0,33.4,33.6,1.168,0.223
25.28,92.58,1405.0,6.6,33.0,21.8,0.3714,0.9285,33.0,33.4,33.6,1.167,0.0985
25.28,92.59,1406.0,4.1,33.0,107.8,0.9521,-0.3057,33.0,33.5,33.5,1.167,0.0613
25.28,92.6,1374.0,6.0,33.0,121.5,0.8526,-0.5225,33.0,33.5,33.5,1.166,0.0896
25.28,92.61,1328.0,7.8,33.0,116.8,0.8926,-0.4509,33.0,33.5,33.4,1.166,0.1164
25.28,92.62,1285.0,5.1,33.1,93.6,0.998,-0.0628,33.1,33.5,33.4,1.165,0.0763
25.28,92.63,1320.0,2.5,33.1,88.7,0.9997,0.0227,33.1,33.6,33.3,1.165,0.0374
25.28,92.64,1286.0,5.2,33.1,166.7,0.23,-0.9732,33.1,33.6,33.3,1.164,0.0779
25.28,92.65,1194.0,2.5,33.1,67.4,0.9232,0.3843,33.1,33.6,33.2,1.164,0.0375
25.28,92.66,1309.0,5.6,33.2,94.5,0.9969,-0.0785,33.2,33.7,33.2,1.163,0.0839
25.28,92.67,1183.0,9.1,33.2,105.2,0.965,-0.2622,33.2,33.7,33.1,1.162,0.1361
25.28,92.68,1249.0,9.4,33.2,85.9,0.9974,0.0715,33.2,33.7,33.1,1.162,0.1406
25.28,92.69,1200.0,3.8,33.2,207.0,-0.454,-0.891,33.2,33.8,33.0,1.161,0.0571
25.28,92.7,1164.0,4.4,33.3,282.5,-0.9763,0.2164,33.3,33.8,33.0,1.161,0.0661
25.28,92.71,1224.0,3.8,33.3,241.3,-0.8771,-0.4802,33.3,33.8,32.9,1.16,0.0571
25.28,92.72,1118.0,5.2,33.3,190.9,-0.1891,-0.982,33.3,33.8,32.9,1.16,0.0781
25.28,92.73,1097.0,2.5,33.3,60.3,0.8686,0.4955,33.3,33.8,32.8,1.159,0.0376
25.28,92.74,1149.0,9.6,33.4,78.1,0.9785,0.2062,33.4,33.8,32.8,1.159,0.1439
25.28,92.75,1147.0,7.9,33.4,95.2,0.9959,-0.0906,33.4,33.8,32.8,1.159,0.1186
25.28,92.76,1131.0,8.1,33.4,100.8,0.9823,-0.1874,33.4,33.8,32.8,1.159,0.1216
25.28,92.77,1109.0,7.6,33.4,246.0,-0.9135,-0.4067,33.4,33.7,32.9,1.159,0.1141
25.28,92.78,1053.0,11.8,33.4,189.4,-0.1633,-0.9866,33.4,33.7,32.9,1.16,0.1763
25.28,92.79,814.0,2.5,33.4,75.2,0.9668,0.2554,33.4,33.6,33.0,1.16,0.0376
25.28,92.8,1058.0,11.3,33.4,328.2,-0.527,0.8499,33.4,33.5,33.1,1.161,0.1688
25.28,92.81,1058.0,2.5,33.4,116.8,0.8926,-0.4509,33.4,33.4,33.2,1.161,0.0376
25.28,92.82,1037.0,2.6,33.5,131.9,0.7443,-0.6678,33.5,33.2,33.3,1.162,0.039
25.28,92.83,1015.0,8.0,33.5,196.1,-0.2773,-0.9608,33.5,33.1,33.4,1.163,0.1197
25.28,92.84,843.0,7.8,33.5,197.7,-0.304,-0.9527,33.5,33.0,33.5,1.164,0.1166
25.28,92.85,828.0,13.1,33.6,94.6,0.9968,-0.0802,33.6,32.8,33.6,1.164,0.1947
25.28,92.86,816.0,13.3,33.6,149.6,0.506,-0.8625,33.6,32.7,33.7,1.165,0.1975
25.28,92.87,535.0,12.0,33.7,123.4,0.8348,-0.5505,33.7,32.5,33.8,1.166,0.1783
25.28,92.88,648.0,14.0,33.7,15.1,0.2605,0.9655,33.7,32.3,33.9,1.167,0.2073
25.28,92.89,879.0,7.8,33.8,345.6,-0.2487,0.9686,33.8,32.2,34.0,1.168,0.1162
25.28,92.9,838.0,7.2,33.9,195.4,-0.2656,-0.9641,33.9,32.0,34.1,1.168,0.1073
25.28,92.91,705.0,8.3,34.0,185.2,-0.0906,-0.9959,34.0,31.9,34.1,1.169,0.1235
25.28,92.92,630.0,6.3,34.1,232.4,-0.7923,-0.6101,34.1,31.7,34.2,1.17,0.0938
25.28,92.93,609.0,5.4,34.2,208.5,-0.4772,-0.8788,34.2,31.6,34.2,1.17,0.0804
25.28,92.94,510.0,2.8,34.3,50.5,0.7716,0.6361,34.3,31.5,34.3,1.171,0.0417
25.28,92.95,653.0,8.3,34.4,72.2,0.9521,0.3057,34.4,31.3,34.3,1.171,0.1233
25.28,92.96,574.0,8.8,34.5,219.4,-0.6347,-0.7727,34.5,31.2,34.3,1.171,0.1306
25.28,92.97,481.0,8.9,34.5,209.7,-0.4955,-0.8686,34.5,31.1,34.3,1.171,0.1321
25.28,92.98,379.0,12.7,34.6,119.9,0.8669,-0.4985,34.6,31.0,34.4,1.172,0.1876
25.28,92.99,320.0,2.5,34.7,83.1,0.9928,0.1201,34.7,30.9,34.4,1.172,0.0372
25.28,93.0,384.0,8.9,34.8,310.0,-0.766,0.6428,34.8,30.8,34.4,1.172,0.132
25.28,93.01,465.0,7.3,34.8,320.4,-0.6374,0.7705,34.8,30.7,34.4,1.172,0.1084
25.28,93.02,526.0,2.5,34.9,151.5,0.4772,-0.8788,34.9,30.6,34.5,1.172,0.0372
25.28,93.03,410.0,7.3,35.0,191.0,-0.1908,-0.9816,35.0,30.5,34.5,1.172,0.1084
25.28,93.04,345.0,6.9,35.2,231.5,-0.7826,-0.6225,35.2,30.3,34.6,1.172,0.1025
25.28,93.05,302.0,8.7,35.3,284.8,-0.9668,0.2554,35.3,30.0,34.7,1.172,0.1291
25.28,93.06,401.0,4.4,35.5,286.3,-0.9598,0.2807,35.5,29.7,34.7,1.172,0.0655
25.28,93.07,333.0,6.3,35.7,221.4,-0.6613,-0.7501,35.7,29.5,34.8,1.172,0.0936
25.28,93.08,283.0,6.8,36.0,265.0,-0.9962,-0.0872,36.0,29.2,34.8,1.171,0.1011
25.28,93.09,318.0,2.5,36.2,43.5,0.6884,0.7254,36.2,29.0,34.9,1.171,0.0372
25.28,93.1,303.0,3.5,36.3,333.5,-0.4462,0.8949,36.3,28.8,34.9,1.17,0.0522
25.28,93.11,396.0,9.7,36.4,294.8,-0.9078,0.4195,36.4,28.6,35.0,1.171,0.1439
25.28,93.12,406.0,4.0,36.4,230.7,-0.7738,-0.6334,36.4,28.5,35.1,1.173,0.0595
25.28,93.13,333.0,5.6,36.4,244.6,-0.9033,-0.4289,36.4,28.5,35.2,1.176,0.083
25.28,93.14,346.0,5.5,36.3,272.9,-0.9987,0.0506,36.3,28.4,35.3,1.179,0.0813
25.28,93.15,340.0,4.2,36.3,314.6,-0.712,0.7022,36.3,28.35,35.35,1.18,0.0621
25.28,93.16,420.0,7.9,36.3,279.8,-0.9854,0.1702,36.3,28.4,35.3,1.179,0.1166
25.28,93.17,374.0,7.8,36.3,255.0,-0.9659,-0.2588,36.3,28.5,35.3,1.179,0.1151
25.28,93.18,369.0,4.1,36.2,282.5,-0.9763,0.2164,36.2,28.6,35.2,1.178,0.0607
25.28,93.19,396.0,4.8,36.1,268.6,-0.9997,-0.0244,36.1,28.7,35.2,1.178,0.071
25.28,93.2,366.0,4.3,36.0,297.3,-0.8886,0.4586,36.0,28.9,35.2,1.178,0.0636
25.28,93.21,446.0,4.9,35.8,347.7,-0.213,0.977,35.8,29.0,35.2,1.178,0.0725
25.28,93.22,486.0,14.9,35.7,7.9,0.1374,0.9905,35.7,29.1,35.2,1.179,0.2181
25.28,93.23,823.0,15.3,35.6,17.2,0.2957,0.9553,35.6,29.3,35.1,1.18,0.2236
25.28,93.24,860.0,4.5,35.5,48.7,0.7513,0.66,35.5,29.4,35.1,1.18,0.0665
25.29,92.49,984.0,11.5,32.9,81.0,0.9877,0.1564,32.9,33.2,33.9,1.171,0.1703
25.29,92.5,1007.0,17.4,32.9,99.7,0.9857,-0.1685,32.9,33.2,33.9,1.171,0.2554
25.29,92.51,908.0,15.6,32.9,101.5,0.9799,-0.1994,32.9,33.2,33.8,1.171,0.2296
25.29,92.52,927.0,13.2,32.9,93.2,0.9984,-0.0558,32.9,33.3,33.8,1.17,0.1952
25.29,92.53,889.0,13.8,32.9,92.9,0.9987,-0.0506,32.9,33.3,33.8,1.17,0.2039
25.29,92.54,909.0,14.8,32.9,83.9,0.9943,0.1063,32.9,33.3,33.8,1.17,0.2183
25.29,92.55,929.0,14.2,33.0,73.8,0.9603,0.279,33.0,33.3,33.7,1.169,0.2098
25.29,92.56,1010.0,20.4,33.0,56.0,0.829,0.5592,33.0,33.3,33.7,1.169,0.2982
25.29,92.57,1228.0,28.6,33.0,56.7,0.8358,0.549,33.0,33.4,33.7,1.169,0.4095
25.29,92.58,1439.0,29.3,33.0,79.3,0.9826,0.1857,33.0,33.4,33.6,1.168,0.419
25.29,92.59,1378.0,29.2,33.0,98.4,0.9893,-0.1461,33.0,33.4,33.6,1.168,0.4177
25.29,92.6,1322.0,28.5,33.0,101.8,0.9789,-0.2045,33.0,33.4,33.6,1.168,0.4085
25.29,92.61,1218.0,26.9,33.0,97.7,0.991,-0.134,33.0,33.5,33.5,1.167,0.3877
25.29,92.62,1225.0,25.5,33.0,88.0,0.9994,0.0349,33.0,33.5,33.5,1.167,0.3689
25.29,92.63,1242.0,26.5,33.1,90.9,0.9999,-0.0157,33.1,33.5,33.4,1.166,0.3827
25.29,92.64,1214.0,25.8,33.1,99.1,0.9874,-0.1582,33.1,33.5,33.4,1.166,0.3733
25.29,92.65,1133.0,22.7,33.1,92.1,0.9993,-0.0366,33.1,33.6,33.3,1.165,0.3312
25.29,92.66,1192.0,26.2,33.1,91.1,0.9998,-0.0192,33.1,33.6,33.3,1.165,0.379
25.29,92.67,1119.0,22.6,33.1,98.7,0.9885,-0.1513,33.1,33.6,33.2,1.164,0.3302
25.29,92.68,1102.0,24.9,33.2,77.9,0.9778,0.2096,33.2,33.7,33.2,1.163,0.362
25.29,92.69,1258.0,23.7,33.2,74.2,0.9622,0.2723,33.2,33.7,33.1,1.163,0.3456
25.29,92.7,1273.0,21.8,33.2,93.4,0.9982,-0.0593,33.2,33.7,33.1,1.162,0.3196
25.29,92.71,1224.0,23.7,33.2,95.3,0.9957,-0.0924,33.2,33.7,33.1,1.162,0.3459
25.29,92.72,1215.0,22.4,33.3,116.1,0.898,-0.4399,33.3,33.7,33.0,1.162,0.3279
25.29,92.73,964.0,21.8,33.3,116.5,0.8949,-0.4462,33.3,33.7,33.0,1.161,0.3199
25.29,92.74,959.0,21.3,33.3,87.6,0.9991,0.0419,33.3,33.7,33.0,1.161,0.3129
25.29,92.75,987.0,21.5,33.3,99.6,0.986,-0.1668,33.3,33.7,33.0,1.161,0.3157
25.29,92.76,865.0,21.1,33.3,78.7,0.9806,0.1959,33.3,33.6,33.0,1.161,0.3101
25.29,92.77,1096.0,21.1,33.4,71.4,0.9478,0.319,33.4,33.6,33.1,1.161,0.3101
25.29,92.78,1041.0,19.8,33.4,113.7,0.9157,-0.4019,33.4,33.5,33.1,1.162,0.2915
25.29,92.79,888.0,10.4,33.4,78.6,0.9803,0.1977,33.4,33.4,33.2,1.162,0.1554
25.29,92.8,1093.0,19.0,33.4,74.9,0.9655,0.2605,33.4,33.3,33.2,1.162,0.2802
25.29,92.81,1017.0,19.2,33.4,106.6,0.9583,-0.2857,33.4,33.2,33.3,1.163,0.2828
25.29,92.82,951.0,17.9,33.5,99.0,0.9877,-0.1564,33.5,33.1,33.4,1.164,0.2641
25.29,92.83,944.0,17.6,33.5,105.4,0.9641,-0.2656,33.5,33.0,33.5,1.164,0.2598
25.29,92.84,830.0,18.3,33.5,143.4,0.5962,-0.8028,33.5,32.9,33.6,1.165,0.2695
25.29,92.85,563.0,11.4,33.6,110.9,0.9342,-0.3567,33.6,32.7,33.7,1.166,0.1695
25.29,92.86,727.0,10.9,33.6,110.8,0.9348,-0.3551,33.6,32.6,33.8,1.167,0.162
25.29,92.87,465.0,11.1,33.7,179.1,0.0157,-0.9999,33.7,32.4,33.9,1.167,0.165
25.29,92.88,447.0,13.1,33.8,18.6,0.319,0.9478,33.8,32.3,34.0,1.168,0.1941
25.29,92.89,782.0,19.3,33.8,39.0,0.6293,0.7771,33.8,32.1,34.0,1.169,0.2827
25.29,92.9,836.0,11.0,33.9,89.2,0.9999,0.014,33.9,32.0,34.1,1.169,0.1632
25.29,92.91,786.0,6.5,34.0,105.5,0.9636,-0.2672,34.0,31.8,34.2,1.17,0.0968
25.29,92.92,792.0,4.1,34.1,118.9,0.8755,-0.4833,34.1,31.7,34.2,1.17,0.0611
25.29,92.93,736.0,8.4,34.2,160.3,0.3371,-0.9415,34.2,31.6,34.3,1.171,0.1248
25.29,92.94,593.0,10.5,34.3,183.9,-0.068,-0.9977,34.3,31.4,34.3,1.171,0.1556
25.29,92.95,472.0,4.6,34.4,76.4,0.972,0.2351,34.4,31.3,34.3,1.172,0.0684
25.29,92.96,620.0,2.8,34.4,34.9,0.5721,0.8202,34.4,31.2,34.4,1.172,0.0417
25.29,92.97,529.0,15.0,34.5,186.6,-0.1149,-0.9934,34.5,31.1,34.4,1.172,0.2208
25.29,92.98,239.0,8.9,34.6,217.3,-0.606,-0.7955,34.6,31.0,34.4,1.172,0.132
25.29,92.99,350.0,11.6,34.7,319.8,-0.6455,0.7638,34.7,30.9,34.4,1.172,0.1716
25.29,93.0,464.0,10.6,34.7,330.7,-0.4894,0.8721,34.7,30.8,34.5,1.172,0.157
25.29,93.01,585.0,3.5,34.8,318.3,-0.6652,0.7466,34.8,30.7,34.5,1.173,0.052
25.29,93.02,530.0,2.5,34.9,183.8,-0.0663,-0.9978,34.9,30.5,34.5,1.173,0.0372
25.29,93.03,530.0,4.3,35.0,270.0,-1.0,-0.0,35.0,30.4,34.6,1.173,0.0639
25.29,93.04,530.0,6.7,35.2,270.0,-1.0,-0.0,35.2,30.2,34.6,1.173,0.0995
25.29,93.05,530.0,8.2,35.4,270.0,-1.0,-0.0,35.4,29.9,34.7,1.172,0.1217
25.29,93.06,530.0,4.7,35.6,270.0,-1.0,-0.0,35.6,29.6,34.8,1.172,0.0699
25.29,93.07,530.0,7.1,35.8,270.0,-1.0,-0.0,35.8,29.4,34.8,1.171,0.1056
25.29,93.08,530.0,8.9,36.1,270.0,-1.0,-0.0,36.1,29.1,34.8,1.17,0.1322
25.29,93.09,530.0,7.6,36.3,270.0,-1.0,-0.0,36.3,28.8,34.9,1.169,0.1131
25.29,93.1,530.0,8.1,36.5,270.0,-1.0,-0.0,36.5,28.7,34.9,1.168,0.1206
25.29,93.11,530.0,4.8,36.6,270.0,-1.0,-0.0,36.6,28.5,34.9,1.168,0.0716
25.29,93.12,530.0,4.5,36.6,270.0,-1.0,-0.0,36.6,28.5,35.0,1.17,0.0671
25.29,93.13,530.0,7.1,36.5,270.0,-1.0,-0.0,36.5,28.4,35.1,1.173,0.1054
25.29,93.14,530.0,6.6,36.4,270.0,-1.0,-0.0,36.4,28.4,35.3,1.178,0.0976
25.29,93.15,530.0,6.8,36.3,270.0,-1.0,-0.0,36.3,28.4,35.3,1.179,0.1004
25.29,93.16,530.0,4.0,36.3,270.0,-1.0,-0.0,36.3,28.4,35.3,1.179,0.0592
25.29,93.17,530.0,5.6,36.3,270.0,-1.0,-0.0,36.3,28.5,35.3,1.178,0.0828
25.29,93.18,530.0,5.8,36.2,270.0,-1.0,-0.0,36.2,28.6,35.2,1.178,0.0858
25.29,93.19,530.0,4.8,36.1,270.0,-1.0,-0.0,36.1,28.7,35.2,1.178,0.071
25.29,93.2,530.0,5.9,36.0,270.0,-1.0,-0.0,36.0,28.9,35.2,1.178,0.0873
25.29,93.21,530.0,3.0,35.8,270.0,-1.0,-0.0,35.8,29.0,35.2,1.179,0.0444
25.29,93.22,530.0,2.5,35.7,270.0,-1.0,-0.0,35.7,29.1,35.2,1.179,0.037
25.29,93.23,530.0,10.5,35.6,90.0,1.0,0.0,35.6,29.3,35.2,1.18,0.1544
25.29,93.24,530.0,11.8,35.5,90.0,1.0,0.0,35.5,29.4,35.2,1.181,0.1732
25.29,93.25,530.0,2.5,35.3,0.0,0.0,1.0,35.3,29.5,35.2,1.181,0.0369
25.3,92.49,530.0,29.8,32.9,90.0,1.0,0.0,32.9,33.2,33.9,1.172,0.424
25.3,92.5,530.0,16.7,32.9,90.0,1.0,0.0,32.9,33.2,33.9,1.172,0.2452
25.3,92.51,530.0,13.4,32.9,90.0,1.0,0.0,32.9,33.2,33.9,1.172,0.1977
25.3,92.52,530.0,14.1,32.9,90.0,1.0,0.0,32.9,33.2,33.9,1.171,0.208
25.3,92.53,530.0,12.8,32.9,90.0,1.0,0.0,32.9,33.2,33.8,1.171,0.1892
25.3,92.54,530.0,13.4,32.9,90.0,1.0,0.0,32.9,33.3,33.8,1.171,0.1979
25.3,92.55,530.0,14.1,32.9,90.0,1.0,0.0,32.9,33.3,33.8,1.171,0.208
25.3,92.56,530.0,16.8,32.9,90.0,1.0,0.0,32.9,33.3,33.8,1.17,0.247
25.3,92.57,530.0,23.8,32.9,90.0,1.0,0.0,32.9,33.3,33.7,1.17,0.3449
25.3,92.58,530.0,29.8,32.9,90.0,1.0,0.0,32.9,33.4,33.7,1.17,0.4248
25.3,92.59,530.0,28.1,33.0,90.0,1.0,0.0,33.0,33.4,33.7,1.169,0.4029
25.3,92.6,530.0,26.5,33.0,90.0,1.0,0.0,33.0,33.4,33.6,1.169,0.3817
25.3,92.61,530.0,23.5,33.0,90.0,1.0,0.0,33.0,33.4,33.6,1.168,0.3414
25.3,92.62,530.0,23.7,33.0,90.0,1.0,0.0,33.0,33.4,33.6,1.168,0.3441
25.3,92.63,530.0,24.2,33.0,90.0,1.0,0.0,33.0,33.5,33.5,1.168,0.351
25.3,92.64,530.0,23.3,33.0,90.0,1.0,0.0,33.0,33.5,33.5,1.167,0.3389
25.3,92.65,530.0,20.8,33.1,90.0,1.0,0.0,33.1,33.5,33.4,1.167,0.3043
25.3,92.66,530.0,22.7,33.1,90.0,1.0,0.0,33.1,33.5,33.4,1.166,0.331
25.3,92.67,530.0,20.4,33.1,90.0,1.0,0.0,33.1,33.6,33.3,1.166,0.2989
25.3,92.68,530.0,19.8,33.1,90.0,1.0,0.0,33.1,33.6,33.3,1.165,0.2908
25.3,92.69,530.0,24.7,33.1,90.0,1.0,0.0,33.1,33.6,33.3,1.165,0.3587
25.3,92.7,530.0,25.1,33.2,90.0,1.0,0.0,33.2,33.6,33.2,1.164,0.3644
25.3,92.71,530.0,23.6,33.2,90.0,1.0,0.0,33.2,33.6,33.2,1.164,0.3439
25.3,92.72,530.0,23.4,33.2,90.0,1.0,0.0,33.2,33.6,33.2,1.164,0.3412
25.3,92.73,530.0,15.3,33.2,90.0,1.0,0.0,33.2,33.6,33.2,1.163,0.2269
25.3,92.74,530.0,15.1,33.3,90.0,1.0,0.0,33.3,33.6,33.2,1.163,0.224
25.3,92.75,530.0,16.1,33.3,90.0,1.0,0.0,33.3,33.6,33.2,1.163,0.2384
25.3,92.76,530.0,11.9,33.3,90.0,1.0,0.0,33.3,33.5,33.2,1.163,0.1773
25.3,92.77,530.0,19.6,33.3,90.0,1.0,0.0,33.3,33.5,33.2,1.163,0.2884
25.3,92.78,530.0,17.9,33.3,90.0,1.0,0.0,33.3,33.4,33.3,1.163,0.2643
25.3,92.79,530.0,12.7,33.4,90.0,1.0,0.0,33.4,33.3,33.3,1.164,0.1889
25.3,92.8,530.0,19.5,33.4,90.0,1.0,0.0,33.4,33.2,33.4,1.164,0.2868
25.3,92.81,530.0,17.1,33.4,90.0,1.0,0.0,33.4,33.1,33.5,1.165,0.2524
25.3,92.82,530.0,14.9,33.5,90.0,1.0,0.0,33.5,33.0,33.5,1.165,0.2207
25.3,92.83,530.0,14.6,33.5,90.0,1.0,0.0,33.5,32.9,33.6,1.166,0.2162
25.3,92.84,530.0,10.7,33.5,90.0,1.0,0.0,33.5,32.8,33.7,1.166,0.1592
25.3,92.85,530.0,2.5,33.6,90.0,1.0,0.0,33.6,32.6,33.8,1.167,0.0374
25.3,92.86,530.0,7.1,33.7,90.0,1.0,0.0,33.7,32.5,33.9,1.168,0.1058
25.3,92.87,530.0,2.5,33.7,270.0,-1.0,-0.0,33.7,32.3,33.9,1.168,0.0373
25.3,92.88,530.0,3.0,33.8,270.0,-1.0,-0.0,33.8,32.2,34.0,1.169,0.0448
25.3,92.89,530.0,9.0,33.9,90.0,1.0,0.0,33.9,32.1,34.1,1.17,0.1337
25.3,92.9,530.0,10.9,33.9,90.0,1.0,0.0,33.9,31.9,34.1,1.17,0.1616
25.3,92.91,530.0,9.2,34.0,90.0,1.0,0.0,34.0,31.8,34.2,1.171,0.1365
25.3,92.92,530.0,9.4,34.1,90.0,1.0,0.0,34.1,31.7,34.2,1.171,0.1395
25.3,92.93,530.0,7.4,34.2,90.0,1.0,0.0,34.2,31.5,34.3,1.172,0.1099
25.3,92.94,530.0,2.5,34.3,90.0,1.0,0.0,34.3,31.4,34.3,1.172,0.0372
25.3,92.95,530.0,2.5,34.3,270.0,-1.0,-0.0,34.3,31.3,34.4,1.172,0.0372
25.3,92.96,530.0,3.2,34.4,90.0,1.0,0.0,34.4,31.2,34.4,1.172,0.0476
25.3,92.97,530.0,2.5,34.5,270.0,-1.0,-0.0,34.5,31.1,34.4,1.173,0.0372
25.3,92.98,530.0,10.4,34.6,270.0,-1.0,-0.0,34.6,31.0,34.4,1.173,0.1539
25.3,92.99,530.0,6.5,34.6,270.0,-1.0,-0.0,34.6,30.9,34.5,1.173,0.0965
25.3,93.0,530.0,2.5,34.7,270.0,-1.0,-0.0,34.7,30.8,34.5,1.173,0.0372
25.3,93.01,530.0,2.5,34.8,90.0,1.0,0.0,34.8,30.7,34.5,1.173,0.0372
25.3,93.02,530.0,2.5,34.9,0.0,0.0,1.0,34.9,30.5,34.6,1.173,0.0372
25.3,93.03,530.0,2.5,35.1,0.0,0.0,1.0,35.1,30.3,34.6,1.173,0.0372
25.3,93.04,530.0,2.5,35.2,0.0,0.0,1.0,35.2,30.1,34.7,1.173,0.0372
25.3,93.05,530.0,2.5,35.4,0.0,0.0,1.0,35.4,29.8,34.7,1.173,0.0372
25.3,93.06,530.0,2.5,35.7,0.0,0.0,1.0,35.7,29.6,34.8,1.172,0.0372
25.3,93.07,530.0,2.5,35.9,0.0,0.0,1.0,35.9,29.3,34.8,1.171,0.0372
25.3,93.08,530.0,2.5,36.2,0.0,0.0,1.0,36.2,29.0,34.8,1.169,0.0373
25.3,93.09,530.0,2.5,36.4,0.0,0.0,1.0,36.4,28.7,34.8,1.168,0.0373
25.3,93.1,530.0,2.5,36.7,0.0,0.0,1.0,36.7,28.5,34.8,1.166,0.0374
25.3,93.11,530.0,2.5,36.8,0.0,0.0,1.0,36.8,28.4,34.8,1.165,0.0374
25.3,93.12,530.0,2.5,36.8,0.0,0.0,1.0,36.8,28.3,34.8,1.165,0.0374
25.3,93.13,530.0,2.5,36.7,0.0,0.0,1.0,36.7,28.4,34.9,1.168,0.0373
25.3,93.14,530.0,2.5,36.5,0.0,0.0,1.0,36.5,28.4,35.1,1.173,0.0372
25.3,93.15,530.0,2.5,36.4,0.0,0.0,1.0,36.4,28.4,35.2,1.176,0.0371
25.3,93.16,530.0,2.5,36.3,0.0,0.0,1.0,36.3,28.5,35.2,1.177,0.0371
25.3,93.17,530.0,2.5,36.3,0.0,0.0,1.0,36.3,28.5,35.2,1.177,0.0371
25.3,93.18,530.0,2.5,36.2,0.0,0.0,1.0,36.2,28.6,35.2,1.177,0.0371
25.3,93.19,530.0,2.5,36.1,0.0,0.0,1.0,36.1,28.8,35.2,1.178,0.037
25.3,93.2,530.0,2.5,35.9,0.0,0.0,1.0,35.9,28.9,35.2,1.178,0.037
25.3,93.21,530.0,2.5,35.8,0.0,0.0,1.0,35.8,29.0,35.2,1.179,0.037
25.3,93.22,530.0,2.5,35.7,0.0,0.0,1.0,35.7,29.2,35.2,1.179,0.037
25.3,93.23,530.0,2.5,35.6,0.0,0.0,1.0,35.6,29.3,35.2,1.18,0.037
25.3,93.24,530.0,2.5,35.4,0.0,0.0,1.0,35.4,29.4,35.2,1.181,0.0369
25.3,93.25,530.0,2.5,35.3,0.0,0.0,1.0,35.3,29.5,35.2,1.182,0.0369
25.3,93.26,530.0,2.5,35.2,0.0,0.0,1.0,35.2,29.6,35.2,1.182,0.0369
25.31,92.5,530.0,2.5,32.9,0.0,0.0,1.0,32.9,33.2,33.9,1.173,0.0372
25.31,92.51,530.0,2.5,32.9,0.0,0.0,1.0,32.9,33.2,33.9,1.172,0.0372
25.31,92.52,530.0,2.5,32.9,0.0,0.0,1.0,32.9,33.2,33.9,1.172,0.0372
25.31,92.53,530.0,2.5,32.9,0.0,0.0,1.0,32.9,33.2,33.9,1.172,0.0372
25.31,92.54,530.0,2.5,32.9,0.0,0.0,1.0,32.9,33.2,33.9,1.172,0.0372
25.31,92.55,530.0,2.5,32.9,0.0,0.0,1.0,32.9,33.3,33.8,1.172,0.0372
25.31,92.56,530.0,2.5,32.9,0.0,0.0,1.0,32.9,33.3,33.8,1.171,0.0372
25.31,92.57,530.0,2.5,32.9,0.0,0.0,1.0,32.9,33.3,33.8,1.171,0.0372
25.31,92.58,530.0,2.5,32.9,0.0,0.0,1.0,32.9,33.3,33.8,1.171,0.0372
25.31,92.59,530.0,2.5,32.9,0.0,0.0,1.0,32.9,33.3,33.7,1.171,0.0372
25.31,92.6,530.0,2.5,32.9,0.0,0.0,1.0,32.9,33.4,33.7,1.17,0.0373
25.31,92.61,530.0,2.5,32.9,0.0,0.0,1.0,32.9,33.4,33.7,1.17,0.0373
25.31,92.62,530.0,2.5,33.0,0.0,0.0,1.0,33.0,33.4,33.6,1.17,0.0373
25.31,92.63,530.0,2.5,33.0,0.0,0.0,1.0,33.0,33.4,33.6,1.169,0.0373
25.31,92.64,530.0,2.5,33.0,0.0,0.0,1.0,33.0,33.4,33.6,1.169,0.0373
25.31,92.65,530.0,2.5,33.0,0.0,0.0,1.0,33.0,33.5,33.5,1.168,0.0373
25.31,92.66,530.0,2.5,33.0,0.0,0.0,1.0,33.0,33.5,33.5,1.168,0.0373
25.31,92.67,530.0,2.5,33.0,0.0,0.0,1.0,33.0,33.5,33.5,1.168,0.0373
25.31,92.68,530.0,2.5,33.1,0.0,0.0,1.0,33.1,33.5,33.4,1.167,0.0374
25.31,92.69,530.0,2.5,33.1,0.0,0.0,1.0,33.1,33.5,33.4,1.167,0.0374
25.31,92.7,530.0,2.5,33.1,0.0,0.0,1.0,33.1,33.5,33.4,1.166,0.0374
25.31,92.71,530.0,2.5,33.1,0.0,0.0,1.0,33.1,33.5,33.3,1.166,0.0374
25.31,92.72,530.0,2.5,33.2,0.0,0.0,1.0,33.2,33.5,33.3,1.166,0.0374
25.31,92.73,530.0,2.5,33.2,0.0,0.0,1.0,33.2,33.5,33.3,1.166,0.0374
25.31,92.74,530.0,2.5,33.2,0.0,0.0,1.0,33.2,33.5,33.3,1.165,0.0374
25.31,92.75,530.0,2.5,33.2,0.0,0.0,1.0,33.2,33.4,33.3,1.165,0.0374
25.31,92.76,530.0,2.5,33.3,0.0,0.0,1.0,33.3,33.4,33.3,1.165,0.0374
25.31,92.77,530.0,2.5,33.3,0.0,0.0,1.0,33.3,33.3,33.4,1.165,0.0374
25.31,92.78,530.0,2.5,33.3,0.0,0.0,1.0,33.3,33.3,33.4,1.165,0.0374
25.31,92.79,530.0,2.5,33.3,0.0,0.0,1.0,33.3,33.2,33.5,1.166,0.0374
25.31,92.8,530.0,2.5,33.4,0.0,0.0,1.0,33.4,33.1,33.5,1.166,0.0374
25.31,92.81,530.0,2.5,33.4,0.0,0.0,1.0,33.4,33.0,33.6,1.166,0.0374
25.31,92.82,530.0,2.5,33.4,0.0,0.0,1.0,33.4,32.9,33.7,1.167,0.0374
25.31,92.83,530.0,2.5,33.5,0.0,0.0,1.0,33.5,32.8,33.7,1.167,0.0374
25.31,92.84,530.0,2.5,33.5,0.0,0.0,1.0,33.5,32.7,33.8,1.168,0.0373
25.31,92.85,530.0,2.5,33.6,0.0,0.0,1.0,33.6,32.5,33.9,1.168,0.0373
25.31,92.86,530.0,2.5,33.7,0.0,0.0,1.0,33.7,32.4,33.9,1.169,0.0373
25.31,92.87,530.0,2.5,33.7,0.0,0.0,1.0,33.7,32.3,34.0,1.17,0.0373
25.31,92.88,530.0,2.5,33.8,0.0,0.0,1.0,33.8,32.1,34.1,1.17,0.0373
25.31,92.89,530.0,2.5,33.9,0.0,0.0,1.0,33.9,32.0,34.1,1.171,0.0372
25.31,92.9,530.0,2.5,33.9,0.0,0.0,1.0,33.9,31.9,34.2,1.171,0.0372
25.31,92.91,530.0,2.5,34.0,0.0,0.0,1.0,34.0,31.7,34.2,1.171,0.0372
25.31,92.92,530.0,2.5,34.1,0.0,0.0,1.0,34.1,31.6,34.3,1.172,0.0372
25.31,92.93,530.0,2.5,34.2,0.0,0.0,1.0,34.2,31.5,34.3,1.172,0.0372
25.31,92.94,530.0,2.5,34.2,0.0,0.0,1.0,34.2,31.4,34.3,1.172,0.0372
25.31,92.95,530.0,2.5,34.3,0.0,0.0,1.0,34.3,31.3,34.4,1.173,0.0372
25.31,92.96,530.0,2.5,34.4,0.0,0.0,1.0,34.4,31.2,34.4,1.173,0.0372
25.31,92.97,530.0,2.5,34.5,0.0,0.0,1.0,34.5,31.1,34.4,1.173,0.0372
25.31,92.98,530.0,2.5,34.5,0.0,0.0,1.0,34.5,31.0,34.5,1.173,0.0372
25.31,92.99,530.0,2.5,34.6,0.0,0.0,1.0,34.6,30.9,34.5,1.174,0.0372
25.31,93.0,530.0,2.5,34.7,0.0,0.0,1.0,34.7,30.8,34.5,1.174,0.0372
25.31,93.01,530.0,2.5,34.8,0.0,0.0,1.0,34.8,30.6,34.6,1.174,0.0372
25.31,93.02,530.0,2.5,34.9,0.0,0.0,1.0,34.9,30.5,34.6,1.174,0.0372
25.31,93.03,530.0,2.5,35.1,0.0,0.0,1.0,35.1,30.3,34.7,1.174,0.0372
25.31,93.04,530.0,2.5,35.2,0.0,0.0,1.0,35.2,30.1,34.7,1.174,0.0372
25.31,93.05,530.0,2.5,35.4,0.0,0.0,1.0,35.4,29.8,34.8,1.173,0.0372
25.31,93.06,530.0,2.5,35.7,0.0,0.0,1.0,35.7,29.5,34.8,1.172,0.0372
25.31,93.07,530.0,2.5,36.0,0.0,0.0,1.0,36.0,29.2,34.8,1.171,0.0372
25.31,93.08,530.0,2.5,36.2,0.0,0.0,1.0,36.2,28.9,34.8,1.169,0.0373
25.31,93.09,530.0,2.5,36.5,0.0,0.0,1.0,36.5,28.7,34.8,1.167,0.0374
25.31,93.1,530.0,2.5,36.8,0.0,0.0,1.0,36.8,28.4,34.8,1.164,0.0375
25.31,93.11,530.0,2.5,37.0,0.0,0.0,1.0,37.0,28.3,34.7,1.162,0.0375
25.31,93.12,530.0,2.5,37.1,0.0,0.0,1.0,37.1,28.2,34.7,1.161,0.0376
25.31,93.13,530.0,2.5,37.0,0.0,0.0,1.0,37.0,28.3,34.8,1.163,0.0375
25.31,93.14,530.0,2.5,36.7,0.0,0.0,1.0,36.7,28.4,34.9,1.168,0.0373
25.31,93.15,530.0,2.5,36.5,0.0,0.0,1.0,36.5,28.5,35.1,1.173,0.0372
25.31,93.16,530.0,2.5,36.3,0.0,0.0,1.0,36.3,28.5,35.1,1.175,0.0371
25.31,93.17,530.0,2.5,36.2,0.0,0.0,1.0,36.2,28.6,35.2,1.176,0.0371
25.31,93.18,530.0,2.5,36.1,0.0,0.0,1.0,36.1,28.7,35.2,1.177,0.0371
25.31,93.19,530.0,2.5,36.0,0.0,0.0,1.0,36.0,28.8,35.2,1.177,0.0371
25.31,93.2,530.0,2.5,35.9,0.0,0.0,1.0,35.9,28.9,35.2,1.178,0.037
25.31,93.21,530.0,2.5,35.8,0.0,0.0,1.0,35.8,29.1,35.2,1.179,0.037
25.31,93.22,530.0,2.5,35.6,0.0,0.0,1.0,35.6,29.2,35.2,1.18,0.037
25.31,93.23,530.0,2.5,35.5,0.0,0.0,1.0,35.5,29.3,35.2,1.181,0.0369
25.31,93.24,530.0,2.5,35.4,0.0,0.0,1.0,35.4,29.4,35.2,1.182,0.0369
25.31,93.25,530.0,2.5,35.3,0.0,0.0,1.0,35.3,29.5,35.2,1.182,0.0369
25.31,93.26,530.0,2.5,35.2,0.0,0.0,1.0,35.2,29.6,35.2,1.183,0.0369
25.31,93.27,530.0,2.5,35.1,0.0,0.0,1.0,35.1,29.7,35.2,1.184,0.0368
25.32,92.5,530.0,2.5,32.9,0.0,0.0,1.0,32.9,33.1,34.0,1.173,0.0372
25.32,92.51,530.0,2.5,32.9,0.0,0.0,1.0,32.9,33.2,34.0,1.173,0.0372
25.32,92.52,530.0,2.5,32.9,0.0,0.0,1.0,32.9,33.2,34.0,1.173,0.0372
25.32,92.53,530.0,2.5,32.9,0.0,0.0,1.0,32.9,33.2,33.9,1.173,0.0372
25.32,92.54,530.0,2.5,32.9,0.0,0.0,1.0,32.9,33.2,33.9,1.173,0.0372
25.32,92.55,530.0,2.5,32.9,0.0,0.0,1.0,32.9,33.2,33.9,1.173,0.0372
25.32,92.56,530.0,2.5,32.9,0.0,0.0,1.0,32.9,33.2,33.9,1.173,0.0372
25.32,92.57,530.0,2.5,32.9,0.0,0.0,1.0,32.9,33.3,33.9,1.172,0.0372
25.32,92.58,530.0,2.5,32.9,0.0,0.0,1.0,32.9,33.3,33.8,1.172,0.0372
25.32,92.59,530.0,2.5,32.9,0.0,0.0,1.0,32.9,33.3,33.8,1.172,0.0372
25.32,92.6,530.0,2.5,32.9,0.0,0.0,1.0,32.9,33.3,33.8,1.172,0.0372
25.32,92.61,530.0,2.5,32.9,0.0,0.0,1.0,32.9,33.3,33.8,1.171,0.0372
25.32,92.62,530.0,2.5,32.9,0.0,0.0,1.0,32.9,33.4,33.7,1.171,0.0372
25.32,92.63,530.0,2.5,32.9,0.0,0.0,1.0,32.9,33.4,33.7,1.171,0.0372
25.32,92.64,530.0,2.5,32.9,0.0,0.0,1.0,32.9,33.4,33.7,1.171,0.0372
25.32,92.65,530.0,2.5,33.0,0.0,0.0,1.0,33.0,33.4,33.6,1.17,0.0373
25.32,92.66,530.0,2.5,33.0,0.0,0.0,1.0,33.0,33.4,33.6,1.17,0.0373
25.32,92.67,530.0,2.5,33.0,0.0,0.0,1.0,33.0,33.4,33.6,1.17,0.0373
25.32,92.68,530.0,2.5,33.0,0.0,0.0,1.0,33.0,33.4,33.6,1.169,0.0373
25.32,92.69,530.0,2.5,33.0,0.0,0.0,1.0,33.0,33.4,33.5,1.169,0.0373
25.32,92.7,530.0,2.5,33.1,0.0,0.0,1.0,33.1,33.4,33.5,1.169,0.0373
25.32,92.71,530.0,2.5,33.1,0.0,0.0,1.0,33.1,33.4,33.5,1.168,0.0373
25.32,92.72,530.0,2.5,33.1,0.0,0.0,1.0,33.1,33.4,33.5,1.168,0.0373
25.32,92.73,530.0,2.5,33.1,0.0,0.0,1.0,33.1,33.4,33.5,1.168,0.0373
25.32,92.74,530.0,2.5,33.2,0.0,0.0,1.0,33.2,33.4,33.5,1.168,0.0373
25.32,92.75,530.0,2.5,33.2,0.0,0.0,1.0,33.2,33.3,33.5,1.167,0.0374
25.32,92.76,530.0,2.5,33.2,0.0,0.0,1.0,33.2,33.3,33.5,1.167,0.0374
25.32,92.77,530.0,2.5,33.2,0.0,0.0,1.0,33.2,33.2,33.5,1.167,0.0374
25.32,92.78,530.0,2.5,33.3,0.0,0.0,1.0,33.3,33.2,33.5,1.167,0.0374
25.32,92.79,530.0,2.5,33.3,0.0,0.0,1.0,33.3,33.1,33.6,1.168,0.0373
25.32,92.8,530.0,2.5,33.4,0.0,0.0,1.0,33.4,33.0,33.6,1.168,0.0373
25.32,92.81,530.0,2.5,33.4,0.0,0.0,1.0,33.4,32.9,33.7,1.168,0.0373
25.32,92.82,530.0,2.5,33.4,0.0,0.0,1.0,33.4,32.8,33.8,1.169,0.0373
25.32,92.83,530.0,2.5,33.5,0.0,0.0,1.0,33.5,32.7,33.8,1.169,0.0373
25.32,92.84,530.0,2.5,33.5,0.0,0.0,1.0,33.5,32.6,33.9,1.169,0.0373
25.32,92.85,530.0,2.5,33.6,0.0,0.0,1.0,33.6,32.4,34.0,1.17,0.0373
25.32,92.86,530.0,2.5,33.7,0.0,0.0,1.0,33.7,32.3,34.0,1.17,0.0373
25.32,92.87,530.0,2.5,33.7,0.0,0.0,1.0,33.7,32.2,34.1,1.171,0.0372
25.32,92.88,530.0,2.5,33.8,0.0,0.0,1.0,33.8,32.1,34.1,1.171,0.0372
25.32,92.89,530.0,2.5,33.9,0.0,0.0,1.0,33.9,31.9,34.2,1.171,0.0372
25.32,92.9,530.0,2.5,34.0,0.0,0.0,1.0,34.0,31.8,34.2,1.172,0.0372
25.32,92.91,530.0,2.5,34.0,0.0,0.0,1.0,34.0,31.7,34.3,1.172,0.0372
25.32,92.92,530.0,2.5,34.1,0.0,0.0,1.0,34.1,31.6,34.3,1.172,0.0372
25.32,92.93,530.0,2.5,34.2,0.0,0.0,1.0,34.2,31.5,34.3,1.173,0.0372
25.32,92.94,530.0,2.5,34.2,0.0,0.0,1.0,34.2,31.4,34.4,1.173,0.0372
25.32,92.95,530.0,2.5,34.3,0.0,0.0,1.0,34.3,31.3,34.4,1.173,0.0372
25.32,92.96,530.0,2.5,34.4,0.0,0.0,1.0,34.4,31.2,34.4,1.174,0.0372
25.32,92.97,530.0,2.5,34.4,0.0,0.0,1.0,34.4,31.1,34.5,1.174,0.0372
25.32,92.98,530.0,2.5,34.5,0.0,0.0,1.0,34.5,31.0,34.5,1.174,0.0372
25.32,92.99,530.0,2.5,34.6,0.0,0.0,1.0,34.6,30.9,34.5,1.174,0.0372
25.32,93.0,530.0,2.5,34.7,0.0,0.0,1.0,34.7,30.8,34.6,1.174,0.0372
25.32,93.01,530.0,2.5,34.8,0.0,0.0,1.0,34.8,30.6,34.6,1.175,0.0371
25.32,93.02,530.0,2.5,34.9,0.0,0.0,1.0,34.9,30.5,34.7,1.175,0.0371
25.32,93.03,530.0,2.5,35.0,0.0,0.0,1.0,35.0,30.3,34.7,1.175,0.0371
25.32,93.04,530.0,2.5,35.2,0.0,0.0,1.0,35.2,30.0,34.7,1.174,0.0372
25.32,93.05,530.0,2.5,35.4,0.0,0.0,1.0,35.4,29.8,34.8,1.173,0.0372
25.32,93.06,530.0,2.5,35.7,0.0,0.0,1.0,35.7,29.5,34.8,1.172,0.0372
25.32,93.07,530.0,2.5,36.0,0.0,0.0,1.0,36.0,29.2,34.8,1.171,0.0372
25.32,93.08,530.0,2.5,36.3,0.0,0.0,1.0,36.3,28.9,34.8,1.169,0.0373
25.32,93.09,530.0,2.5,36.6,0.0,0.0,1.0,36.6,28.6,34.8,1.166,0.0374
25.32,93.1,530.0,2.5,36.9,0.0,0.0,1.0,36.9,28.4,34.8,1.164,0.0375
25.32,93.11,530.0,2.5,37.1,0.0,0.0,1.0,37.1,28.2,34.7,1.161,0.0376
25.32,93.12,530.0,2.5,37.17,0.0,0.0,1.0,37.17,28.15,34.68,1.16,0.0376
25.32,93.13,530.0,2.5,37.1,0.0,0.0,1.0,37.1,28.2,34.7,1.162,0.0375
25.32,93.14,530.0,2.5,36.8,0.0,0.0,1.0,36.8,28.3,34.8,1.166,0.0374
25.32,93.15,530.0,2.5,36.6,0.0,0.0,1.0,36.6,28.5,35.0,1.17,0.0373
25.32,93.16,530.0,2.5,36.4,0.0,0.0,1.0,36.4,28.6,35.1,1.173,0.0372
25.32,93.17,530.0,2.5,36.2,0.0,0.0,1.0,36.2,28.7,35.1,1.175,0.0371
25.32,93.18,530.0,2.5,36.1,0.0,0.0,1.0,36.1,28.8,35.1,1.176,0.0371
25.32,93.19,530.0,2.5,36.0,0.0,0.0,1.0,36.0,28.9,35.2,1.177,0.0371
25.32,93.2,530.0,2.5,35.8,0.0,0.0,1.0,35.8,29.0,35.2,1.178,0.037
25.32,93.21,530.0,2.5,35.7,0.0,0.0,1.0,35.7,29.1,35.2,1.179,0.037
25.32,93.22,530.0,2.5,35.6,0.0,0.0,1.0,35.6,29.2,35.2,1.18,0.037
25.32,93.23,530.0,2.5,35.4,0.0,0.0,1.0,35.4,29.4,35.2,1.181,0.0369
25.32,93.24,530.0,2.5,35.3,0.0,0.0,1.0,35.3,29.5,35.2,1.182,0.0369
25.32,93.25,530.0,2.5,35.2,0.0,0.0,1.0,35.2,29.6,35.2,1.183,0.0369
25.32,93.26,530.0,2.5,35.1,0.0,0.0,1.0,35.1,29.7,35.2,1.184,0.0368
25.32,93.27,530.0,2.5,35.0,0.0,0.0,1.0,35.0,29.8,35.2,1.185,0.0368
25.33,92.5,530.0,2.5,32.8,0.0,0.0,1.0,32.8,33.1,34.0,1.174,0.0372
25.33,92.51,530.0,2.5,32.8,0.0,0.0,1.0,32.8,33.1,34.0,1.174,0.0372
25.33,92.52,530.0,2.5,32.8,0.0,0.0,1.0,32.8,33.2,34.0,1.174,0.0372
25.33,92.53,530.0,2.5,32.8,0.0,0.0,1.0,32.8,33.2,34.0,1.174,0.0372
25.33,92.54,530.0,2.5,32.8,0.0,0.0,1.0,32.8,33.2,34.0,1.174,0.0372
25.33,92.55,530.0,2.5,32.8,0.0,0.0,1.0,32.8,33.2,34.0,1.174,0.0372
25.33,92.56,530.0,2.5,32.8,0.0,0.0,1.0,32.8,33.2,33.9,1.174,0.0372
25.33,92.57,530.0,2.5,32.8,0.0,0.0,1.0,32.8,33.2,33.9,1.174,0.0372
25.33,92.58,530.0,2.5,32.8,0.0,0.0,1.0,32.8,33.3,33.9,1.173,0.0372
25.33,92.59,530.0,2.5,32.8,0.0,0.0,1.0,32.8,33.3,33.9,1.173,0.0372
25.33,92.6,530.0,2.5,32.9,0.0,0.0,1.0,32.9,33.3,33.9,1.173,0.0372
25.33,92.61,530.0,2.5,32.9,0.0,0.0,1.0,32.9,33.3,33.8,1.173,0.0372
25.33,92.62,530.0,2.5,32.9,0.0,0.0,1.0,32.9,33.3,33.8,1.173,0.0372
25.33,92.63,530.0,2.5,32.9,0.0,0.0,1.0,32.9,33.3,33.8,1.173,0.0372
25.33,92.64,530.0,2.5,32.9,0.0,0.0,1.0,32.9,33.3,33.8,1.172,0.0372
25.33,92.65,530.0,2.5,32.9,0.0,0.0,1.0,32.9,33.3,33.8,1.172,0.0372
25.33,92.66,530.0,2.5,32.9,0.0,0.0,1.0,32.9,33.4,33.7,1.172,0.0372
25.33,92.67,530.0,2.5,32.9,0.0,0.0,1.0,32.9,33.4,33.7,1.172,0.0372
25.33,92.68,530.0,2.5,32.9,0.0,0.0,1.0,32.9,33.4,33.7,1.171,0.0372
25.33,92.69,530.0,2.5,33.0,0.0,0.0,1.0,33.0,33.4,33.7,1.171,0.0372
25.33,92.7,530.0,2.5,33.0,0.0,0.0,1.0,33.0,33.4,33.7,1.171,0.0372
25.33,92.71,530.0,2.5,33.0,0.0,0.0,1.0,33.0,33.3,33.6,1.171,0.0372
25.33,92.72,530.0,2.5,33.0,0.0,0.0,1.0,33.0,33.3,33.6,1.17,0.0373
25.33,92.73,530.0,2.5,33.1,0.0,0.0,1.0,33.1,33.3,33.6,1.17,0.0373
25.33,92.74,530.0,2.5,33.1,0.0,0.0,1.0,33.1,33.3,33.6,1.17,0.0373
25.33,92.75,530.0,2.5,33.1,0.0,0.0,1.0,33.1,33.2,33.6,1.17,0.0373
25.33,92.76,530.0,2.5,33.2,0.0,0.0,1.0,33.2,33.2,33.6,1.17,0.0373
25.33,92.77,530.0,2.5,33.2,0.0,0.0,1.0,33.2,33.1,33.7,1.169,0.0373
25.33,92.78,530.0,2.5,33.2,0.0,0.0,1.0,33.2,33.1,33.7,1.169,0.0373
25.33,92.79,530.0,2.5,33.3,0.0,0.0,1.0,33.3,33.0,33.7,1.17,0.0373
25.33,92.8,530.0,2.5,33.3,0.0,0.0,1.0,33.3,32.9,33.8,1.17,0.0373
25.33,92.81,530.0,2.5,33.4,0.0,0.0,1.0,33.4,32.8,33.8,1.17,0.0373
25.33,92.82,530.0,2.5,33.4,0.0,0.0,1.0,33.4,32.7,33.9,1.17,0.0373
25.33,92.83,530.0,2.5,33.5,0.0,0.0,1.0,33.5,32.6,33.9,1.17,0.0373
25.33,92.84,530.0,2.5,33.5,0.0,0.0,1.0,33.5,32.5,34.0,1.171,0.0372
25.33,92.85,530.0,2.5,33.6,0.0,0.0,1.0,33.6,32.4,34.0,1.171,0.0372
25.33,92.86,530.0,2.5,33.7,0.0,0.0,1.0,33.7,32.2,34.1,1.171,0.0372
25.33,92.87,530.0,2.5,33.8,0.0,0.0,1.0,33.8,32.1,34.1,1.172,0.0372
25.33,92.88,530.0,2.5,33.8,0.0,0.0,1.0,33.8,32.0,34.2,1.172,0.0372
25.33,92.89,530.0,2.5,33.9,0.0,0.0,1.0,33.9,31.9,34.2,1.172,0.0372
25.33,92.9,530.0,2.5,34.0,0.0,0.0,1.0,34.0,31.8,34.3,1.173,0.0372
25.33,92.91,530.0,2.5,34.1,0.0,0.0,1.0,34.1,31.6,34.3,1.173,0.0372
25.33,92.92,530.0,2.5,34.1,0.0,0.0,1.0,34.1,31.5,34.3,1.173,0.0372
25.33,92.93,530.0,2.5,34.2,0.0,0.0,1.0,34.2,31.5,34.4,1.173,0.0372
25.33,92.94,530.0,2.5,34.2,0.0,0.0,1.0,34.2,31.4,34.4,1.173,0.0372
25.33,92.95,530.0,2.5,34.3,0.0,0.0,1.0,34.3,31.3,34.4,1.174,0.0372
25.33,92.96,530.0,2.5,34.4,0.0,0.0,1.0,34.4,31.2,34.4,1.174,0.0372
25.33,92.97,530.0,2.5,34.4,0.0,0.0,1.0,34.4,31.1,34.5,1.174,0.0372
25.33,92.98,530.0,2.5,34.5,0.0,0.0,1.0,34.5,31.0,34.5,1.175,0.0371
25.33,92.99,530.0,2.5,34.5,0.0,0.0,1.0,34.5,30.9,34.6,1.175,0.0371
25.33,93.0,530.0,2.5,34.6,0.0,0.0,1.0,34.6,30.8,34.6,1.175,0.0371
25.33,93.01,530.0,2.5,34.7,0.0,0.0,1.0,34.7,30.6,34.6,1.175,0.0371
25.33,93.02,530.0,2.5,34.9,0.0,0.0,1.0,34.9,30.5,34.7,1.175,0.0371
25.33,93.03,530.0,2.5,35.0,0.0,0.0,1.0,35.0,30.3,34.7,1.175,0.0371
25.33,93.04,530.0,2.5,35.2,0.0,0.0,1.0,35.2,30.0,34.8,1.175,0.0371
25.33,93.05,530.0,2.5,35.4,0.0,0.0,1.0,35.4,29.8,34.8,1.174,0.0372
25.33,93.06,530.0,2.5,35.6,0.0,0.0,1.0,35.6,29.5,34.8,1.173,0.0372
25.33,93.07,530.0,2.5,35.9,0.0,0.0,1.0,35.9,29.2,34.8,1.171,0.0372
25.33,93.08,530.0,2.5,36.2,0.0,0.0,1.0,36.2,28.9,34.8,1.169,0.0373
25.33,93.09,530.0,2.5,36.5,0.0,0.0,1.0,36.5,28.7,34.8,1.167,0.0374
25.33,93.1,530.0,2.5,36.8,0.0,0.0,1.0,36.8,28.4,34.8,1.164,0.0375
25.33,93.11,530.0,2.5,37.0,0.0,0.0,1.0,37.0,28.3,34.7,1.162,0.0375
25.33,93.12,530.0,2.5,37.1,0.0,0.0,1.0,37.1,28.2,34.7,1.161,0.0376
25.33,93.13,530.0,2.5,37.0,0.0,0.0,1.0,37.0,28.3,34.7,1.162,0.0375
25.33,93.14,530.0,2.5,36.8,0.0,0.0,1.0,36.8,28.4,34.8,1.166,0.0374
25.33,93.15,530.0,2.5,36.5,0.0,0.0,1.0,36.5,28.5,34.9,1.169,0.0373
25.33,93.16,530.0,2.5,36.3,0.0,0.0,1.0,36.3,28.6,35.0,1.172,0.0372
25.33,93.17,530.0,2.5,36.2,0.0,0.0,1.0,36.2,28.7,35.1,1.175,0.0371
25.33,93.18,530.0,2.5,36.0,0.0,0.0,1.0,36.0,28.9,35.1,1.176,0.0371
25.33,93.19,530.0,2.5,35.9,0.0,0.0,1.0,35.9,29.0,35.1,1.178,0.037
25.33,93.2,530.0,2.5,35.8,0.0,0.0,1.0,35.8,29.1,35.2,1.179,0.037
25.33,93.21,530.0,2.5,35.6,0.0,0.0,1.0,35.6,29.2,35.2,1.18,0.037
25.33,93.22,530.0,2.5,35.5,0.0,0.0,1.0,35.5,29.3,35.2,1.181,0.0369
25.33,93.23,530.0,2.5,35.4,0.0,0.0,1.0,35.4,29.4,35.2,1.182,0.0369
25.33,93.24,530.0,2.5,35.3,0.0,0.0,1.0,35.3,29.5,35.2,1.183,0.0369
25.33,93.25,530.0,2.5,35.2,0.0,0.0,1.0,35.2,29.6,35.2,1.184,0.0368
25.33,93.26,530.0,2.5,35.1,0.0,0.0,1.0,35.1,29.7,35.2,1.185,0.0368
25.33,93.27,530.0,2.5,35.0,0.0,0.0,1.0,35.0,29.8,35.2,1.185,0.0368
25.33,93.28,530.0,2.5,34.9,0.0,0.0,1.0,34.9,29.9,35.2,1.186,0.0368
25.34,92.5,530.0,2.5,32.8,0.0,0.0,1.0,32.8,33.1,34.1,1.175,0.0371
25.34,92.51,530.0,2.5,32.8,0.0,0.0,1.0,32.8,33.1,34.1,1.175,0.0371
25.34,92.52,530.0,2.5,32.8,0.0,0.0,1.0,32.8,33.1,34.0,1.175,0.0371
25.34,92.53,530.0,2.5,32.8,0.0,0.0,1.0,32.8,33.1,34.0,1.175,0.0371
25.34,92.54,530.0,2.5,32.8,0.0,0.0,1.0,32.8,33.2,34.0,1.175,0.0371
25.34,92.55,530.0,2.5,32.8,0.0,0.0,1.0,32.8,33.2,34.0,1.175,0.0371
25.34,92.56,530.0,2.5,32.8,0.0,0.0,1.0,32.8,33.2,34.0,1.175,0.0371
25.34,92.57,530.0,2.5,32.8,0.0,0.0,1.0,32.8,33.2,34.0,1.175,0.0371
25.34,92.58,530.0,2.5,32.8,0.0,0.0,1.0,32.8,33.2,34.0,1.175,0.0371
25.34,92.59,530.0,2.5,32.8,0.0,0.0,1.0,32.8,33.2,34.0,1.175,0.0371
25.34,92.6,530.0,2.5,32.8,0.0,0.0,1.0,32.8,33.2,33.9,1.175,0.0371
25.34,92.61,530.0,2.5,32.8,0.0,0.0,1.0,32.8,33.3,33.9,1.175,0.0371
25.34,92.62,530.0,2.5,32.8,0.0,0.0,1.0,32.8,33.3,33.9,1.175,0.0371
25.34,92.63,530.0,2.5,32.8,0.0,0.0,1.0,32.8,33.3,33.9,1.175,0.0371
25.34,92.64,530.0,2.5,32.8,0.0,0.0,1.0,32.8,33.3,33.9,1.174,0.0372
25.34,92.65,530.0,2.5,32.8,0.0,0.0,1.0,32.8,33.3,33.9,1.174,0.0372
25.34,92.66,530.0,2.5,32.8,0.0,0.0,1.0,32.8,33.3,33.9,1.174,0.0372
25.34,92.67,530.0,2.5,32.9,0.0,0.0,1.0,32.9,33.3,33.8,1.174,0.0372
25.34,92.68,530.0,2.5,32.9,0.0,0.0,1.0,32.9,33.3,33.8,1.174,0.0372
25.34,92.69,530.0,2.5,32.9,0.0,0.0,1.0,32.9,33.3,33.8,1.173,0.0372
25.34,92.7,530.0,2.5,32.9,0.0,0.0,1.0,32.9,33.3,33.8,1.173,0.0372
25.34,92.71,530.0,2.5,32.9,0.0,0.0,1.0,32.9,33.3,33.8,1.173,0.0372
25.34,92.72,530.0,2.5,33.0,0.0,0.0,1.0,33.0,33.3,33.8,1.173,0.0372
25.34,92.73,530.0,2.5,33.0,0.0,0.0,1.0,33.0,33.2,33.8,1.172,0.0372
25.34,92.74,530.0,2.5,33.0,0.0,0.0,1.0,33.0,33.2,33.8,1.172,0.0372
25.34,92.75,530.0,2.5,33.1,0.0,0.0,1.0,33.1,33.2,33.8,1.172,0.0372
25.34,92.76,530.0,2.5,33.1,0.0,0.0,1.0,33.1,33.1,33.8,1.172,0.0372
25.34,92.77,530.0,2.5,33.2,0.0,0.0,1.0,33.2,33.0,33.8,1.172,0.0372
25.34,92.78,530.0,2.5,33.2,0.0,0.0,1.0,33.2,33.0,33.8,1.172,0.0372
25.34,92.79,530.0,2.5,33.2,0.0,0.0,1.0,33.2,32.9,33.8,1.172,0.0372
25.34,92.8,530.0,2.5,33.3,0.0,0.0,1.0,33.3,32.8,33.9,1.172,0.0372
25.34,92.81,530.0,2.5,33.4,0.0,0.0,1.0,33.4,32.7,33.9,1.172,0.0372
25.34,92.82,530.0,2.5,33.4,0.0,0.0,1.0,33.4,32.6,34.0,1.172,0.0372
25.34,92.83,530.0,2.5,33.5,0.0,0.0,1.0,33.5,32.5,34.0,1.172,0.0372
25.34,92.84,530.0,2.5,33.5,0.0,0.0,1.0,33.5,32.4,34.1,1.172,0.0372
25.34,92.85,530.0,2.5,33.6,0.0,0.0,1.0,33.6,32.3,34.1,1.172,0.0372
25.34,92.86,530.0,2.5,33.7,0.0,0.0,1.0,33.7,32.2,34.1,1.173,0.0372
25.34,92.87,530.0,2.5,33.8,0.0,0.0,1.0,33.8,32.0,34.2,1.173,0.0372
25.34,92.88,530.0,2.5,33.8,0.0,0.0,1.0,33.8,31.9,34.2,1.173,0.0372
25.34,92.89,530.0,2.5,33.9,0.0,0.0,1.0,33.9,31.8,34.3,1.173,0.0372
25.34,92.9,530.0,2.5,34.0,0.0,0.0,1.0,34.0,31.7,34.3,1.173,0.0372
25.34,92.91,530.0,2.5,34.1,0.0,0.0,1.0,34.1,31.6,34.3,1.173,0.0372
25.34,92.92,530.0,2.5,34.1,0.0,0.0,1.0,34.1,31.5,34.4,1.173,0.0372
25.34,92.93,530.0,2.5,34.2,0.0,0.0,1.0,34.2,31.4,34.4,1.174,0.0372
25.34,92.94,530.0,2.5,34.3,0.0,0.0,1.0,34.3,31.3,34.4,1.174,0.0372
25.34,92.95,530.0,2.5,34.3,0.0,0.0,1.0,34.3,31.3,34.4,1.174,0.0372
25.34,92.96,530.0,2.5,34.3,0.0,0.0,1.0,34.3,31.2,34.5,1.174,0.0372
25.34,92.97,530.0,2.5,34.4,0.0,0.0,1.0,34.4,31.1,34.5,1.175,0.0371
25.34,92.98,530.0,2.5,34.4,0.0,0.0,1.0,34.4,31.0,34.5,1.175,0.0371
25.34,92.99,530.0,2.5,34.5,0.0,0.0,1.0,34.5,30.9,34.6,1.175,0.0371
25.34,93.0,530.0,2.5,34.6,0.0,0.0,1.0,34.6,30.8,34.6,1.176,0.0371
25.34,93.01,530.0,2.5,34.7,0.0,0.0,1.0,34.7,30.7,34.7,1.176,0.0371
25.34,93.02,530.0,2.5,34.8,0.0,0.0,1.0,34.8,30.5,34.7,1.176,0.0371
25.34,93.03,530.0,2.5,34.9,0.0,0.0,1.0,34.9,30.3,34.8,1.176,0.0371
25.34,93.04,530.0,2.5,35.1,0.0,0.0,1.0,35.1,30.1,34.8,1.176,0.0371
25.34,93.05,530.0,2.5,35.3,0.0,0.0,1.0,35.3,29.8,34.8,1.175,0.0371
25.34,93.06,530.0,2.5,35.6,0.0,0.0,1.0,35.6,29.6,34.9,1.174,0.0372
25.34,93.07,530.0,2.5,35.8,0.0,0.0,1.0,35.8,29.3,34.9,1.172,0.0372
25.34,93.08,530.0,2.5,36.1,0.0,0.0,1.0,36.1,29.0,34.9,1.17,0.0373
25.34,93.09,530.0,2.5,36.4,0.0,0.0,1.0,36.4,28.8,34.8,1.168,0.0373
25.34,93.1,530.0,2.5,36.6,0.0,0.0,1.0,36.6,28.6,34.8,1.166,0.0374
25.34,93.11,530.0,2.5,36.8,0.0,0.0,1.0,36.8,28.4,34.8,1.164,0.0375
25.34,93.12,530.0,2.5,36.9,0.0,0.0,1.0,36.9,28.3,34.8,1.163,0.0375
25.34,93.13,530.0,2.5,36.8,0.0,0.0,1.0,36.8,28.4,34.8,1.164,0.0375
25.34,93.14,530.0,2.5,36.7,0.0,0.0,1.0,36.7,28.5,34.9,1.167,0.0374
25.34,93.15,530.0,2.5,36.4,0.0,0.0,1.0,36.4,28.6,34.9,1.17,0.0373
25.34,93.16,530.0,2.5,36.2,0.0,0.0,1.0,36.2,28.7,35.0,1.173,0.0372
25.34,93.17,530.0,2.5,36.1,0.0,0.0,1.0,36.1,28.8,35.1,1.175,0.0371
25.34,93.18,530.0,2.5,35.9,0.0,0.0,1.0,35.9,29.0,35.1,1.177,0.0371
25.34,93.19,530.0,2.5,35.8,0.0,0.0,1.0,35.8,29.1,35.2,1.179,0.037
25.34,93.2,530.0,2.5,35.6,0.0,0.0,1.0,35.6,29.2,35.2,1.18,0.037
25.34,93.21,530.0,2.5,35.5,0.0,0.0,1.0,35.5,29.3,35.2,1.181,0.0369
25.34,93.22,530.0,2.5,35.4,0.0,0.0,1.0,35.4,29.4,35.2,1.182,0.0369
25.34,93.23,530.0,2.5,35.3,0.0,0.0,1.0,35.3,29.5,35.2,1.183,0.0369
25.34,93.24,530.0,2.5,35.2,0.0,0.0,1.0,35.2,29.6,35.2,1.184,0.0368
25.34,93.25,530.0,2.5,35.1,0.0,0.0,1.0,35.1,29.7,35.3,1.185,0.0368
25.34,93.26,530.0,2.5,35.0,0.0,0.0,1.0,35.0,29.8,35.3,1.186,0.0368
25.34,93.27,530.0,2.5,34.9,0.0,0.0,1.0,34.9,29.8,35.3,1.186,0.0368
25.34,93.28,530.0,2.5,34.8,0.0,0.0,1.0,34.8,29.9,35.3,1.187,0.0367
25.35,92.5,530.0,2.5,32.8,0.0,0.0,1.0,32.8,33.1,34.1,1.176,0.0371
25.35,92.51,530.0,2.5,32.8,0.0,0.0,1.0,32.8,33.1,34.1,1.176,0.0371
25.35,92.52,530.0,2.5,32.8,0.0,0.0,1.0,32.8,33.1,34.1,1.176,0.0371
25.35,92.53,530.0,2.5,32.8,0.0,0.0,1.0,32.8,33.1,34.1,1.176,0.0371
25.35,92.54,530.0,2.5,32.8,0.0,0.0,1.0,32.8,33.1,34.1,1.176,0.0371
25.35,92.55,530.0,2.5,32.8,0.0,0.0,1.0,32.8,33.2,34.1,1.176,0.0371
25.35,92.56,530.0,2.5,32.8,0.0,0.0,1.0,32.8,33.2,34.1,1.176,0.0371
25.35,92.57,530.0,2.5,32.8,0.0,0.0,1.0,32.8,33.2,34.1,1.176,0.0371
25.35,92.58,530.0,2.5,32.8,0.0,0.0,1.0,32.8,33.2,34.0,1.176,0.0371
25.35,92.59,530.0,2.5,32.8,0.0,0.0,1.0,32.8,33.2,34.0,1.176,0.0371
25.35,92.6,530.0,2.5,32.8,0.0,0.0,1.0,32.8,33.2,34.0,1.176,0.0371
25.35,92.61,530.0,2.5,32.8,0.0,0.0,1.0,32.8,33.2,34.0,1.176,0.0371
25.35,92.62,530.0,2.5,32.8,0.0,0.0,1.0,32.8,33.2,34.0,1.176,0.0371
25.35,92.63,530.0,2.5,32.8,0.0,0.0,1.0,32.8,33.2,34.0,1.176,0.0371
25.35,92.64,530.0,2.5,32.8,0.0,0.0,1.0,32.8,33.2,34.0,1.176,0.0371
25.35,92.65,530.0,2.5,32.8,0.0,0.0,1.0,32.8,33.2,34.0,1.176,0.0371
25.35,92.66,530.0,2.5,32.8,0.0,0.0,1.0,32.8,33.2,34.0,1.176,0.0371
25.35,92.67,530.0,2.5,32.8,0.0,0.0,1.0,32.8,33.2,34.0,1.176,0.0371
25.35,92.68,530.0,2.5,32.8,0.0,0.0,1.0,32.8,33.2,34.0,1.176,0.0371
25.35,92.69,530.0,2.5,32.8,0.0,0.0,1.0,32.8,33.2,33.9,1.176,0.0371
25.35,92.7,530.0,2.5,32.8,0.0,0.0,1.0,32.8,33.2,33.9,1.176,0.0371
25.35,92.71,530.0,2.5,32.9,0.0,0.0,1.0,32.9,33.2,33.9,1.175,0.0371
25.35,92.72,530.0,2.5,32.9,0.0,0.0,1.0,32.9,33.2,33.9,1.175,0.0371
25.35,92.73,530.0,2.5,32.9,0.0,0.0,1.0,32.9,33.2,33.9,1.175,0.0371
25.35,92.74,530.0,2.5,33.0,0.0,0.0,1.0,33.0,33.1,33.9,1.175,0.0371
25.35,92.75,530.0,2.5,33.0,0.0,0.0,1.0,33.0,33.1,33.9,1.174,0.0372
25.35,92.76,530.0,2.5,33.0,0.0,0.0,1.0,33.0,33.0,33.9,1.174,0.0372
25.35,92.77,530.0,2.5,33.1,0.0,0.0,1.0,33.1,33.0,33.9,1.174,0.0372
25.35,92.78,530.0,2.5,33.1,0.0,0.0,1.0,33.1,32.9,33.9,1.174,0.0372
25.35,92.79,530.0,2.5,33.2,0.0,0.0,1.0,33.2,32.8,34.0,1.174,0.0372
25.35,92.8,530.0,2.5,33.3,0.0,0.0,1.0,33.3,32.7,34.0,1.173,0.0372
25.35,92.81,530.0,2.5,33.3,0.0,0.0,1.0,33.3,32.6,34.0,1.173,0.0372
25.35,92.82,530.0,2.5,33.4,0.0,0.0,1.0,33.4,32.5,34.1,1.173,0.0372
25.35,92.83,530.0,2.5,33.5,0.0,0.0,1.0,33.5,32.4,34.1,1.173,0.0372
25.35,92.84,530.0,2.5,33.5,0.0,0.0,1.0,33.5,32.3,34.1,1.173,0.0372
25.35,92.85,530.0,2.5,33.6,0.0,0.0,1.0,33.6,32.2,34.2,1.173,0.0372
25.35,92.86,530.0,2.5,33.7,0.0,0.0,1.0,33.7,32.1,34.2,1.174,0.0372
25.35,92.87,530.0,2.5,33.8,0.0,0.0,1.0,33.8,32.0,34.2,1.174,0.0372
25.35,92.88,530.0,2.5,33.9,0.0,0.0,1.0,33.9,31.9,34.3,1.174,0.0372
25.35,92.89,530.0,2.5,33.9,0.0,0.0,1.0,33.9,31.7,34.3,1.174,0.0372
25.35,92.9,530.0,2.5,34.0,0.0,0.0,1.0,34.0,31.6,34.3,1.174,0.0372
25.35,92.91,530.0,2.5,34.1,0.0,0.0,1.0,34.1,31.6,34.3,1.174,0.0372
25.35,92.92,530.0,2.5,34.2,0.0,0.0,1.0,34.2,31.5,34.4,1.174,0.0372
25.35,92.93,530.0,2.5,34.2,0.0,0.0,1.0,34.2,31.4,34.4,1.174,0.0372
25.35,92.94,530.0,2.5,34.3,0.0,0.0,1.0,34.3,31.3,34.4,1.174,0.0372
25.35,92.95,530.0,2.5,34.3,0.0,0.0,1.0,34.3,31.3,34.4,1.174,0.0372
25.35,92.96,530.0,2.5,34.3,0.0,0.0,1.0,34.3,31.2,34.5,1.174,0.0372
25.35,92.97,530.0,2.5,34.4,0.0,0.0,1.0,34.4,31.1,34.5,1.175,0.0371
25.35,92.98,530.0,2.5,34.4,0.0,0.0,1.0,34.4,31.0,34.5,1.175,0.0371
25.35,92.99,530.0,2.5,34.5,0.0,0.0,1.0,34.5,30.9,34.6,1.176,0.0371
25.35,93.0,530.0,2.5,34.5,0.0,0.0,1.0,34.5,30.8,34.6,1.176,0.0371
25.35,93.01,530.0,2.5,34.6,0.0,0.0,1.0,34.6,30.7,34.7,1.177,0.0371
25.35,93.02,530.0,2.5,34.7,0.0,0.0,1.0,34.7,30.5,34.7,1.177,0.0371
25.35,93.03,530.0,2.5,34.9,0.0,0.0,1.0,34.9,30.3,34.8,1.177,0.0371
25.35,93.04,530.0,2.5,35.0,0.0,0.0,1.0,35.0,30.1,34.8,1.177,0.0371
25.35,93.05,530.0,2.5,35.2,0.0,0.0,1.0,35.2,29.9,34.9,1.176,0.0371
25.35,93.06,530.0,2.5,35.4,0.0,0.0,1.0,35.4,29.7,34.9,1.175,0.0371
25.35,93.07,530.0,2.5,35.7,0.0,0.0,1.0,35.7,29.4,34.9,1.174,0.0372
25.35,93.08,530.0,2.5,35.9,0.0,0.0,1.0,35.9,29.2,34.9,1.172,0.0372
25.35,93.09,530.0,2.5,36.2,0.0,0.0,1.0,36.2,28.9,34.9,1.17,0.0373
25.35,93.1,530.0,2.5,36.4,0.0,0.0,1.0,36.4,28.7,34.9,1.168,0.0373
25.35,93.11,530.0,2.5,36.6,0.0,0.0,1.0,36.6,28.6,34.8,1.167,0.0374
25.35,93.12,530.0,2.5,36.6,0.0,0.0,1.0,36.6,28.5,34.8,1.166,0.0374
25.35,93.13,530.0,2.5,36.6,0.0,0.0,1.0,36.6,28.6,34.9,1.167,0.0374
25.35,93.14,530.0,2.5,36.4,0.0,0.0,1.0,36.4,28.6,34.9,1.169,0.0373
25.35,93.15,530.0,2.5,36.3,0.0,0.0,1.0,36.3,28.7,35.0,1.172,0.0372
25.35,93.16,530.0,2.5,36.1,0.0,0.0,1.0,36.1,28.9,35.0,1.174,0.0372
25.35,93.17,530.0,2.5,35.9,0.0,0.0,1.0,35.9,29.0,35.1,1.176,0.0371
25.35,93.18,530.0,2.5,35.8,0.0,0.0,1.0,35.8,29.1,35.1,1.178,0.037
25.35,93.19,530.0,2.5,35.6,0.0,0.0,1.0,35.6,29.2,35.2,1.18,0.037
25.35,93.2,530.0,2.5,35.5,0.0,0.0,1.0,35.5,29.3,35.2,1.181,0.0369
25.35,93.21,530.0,2.5,35.4,0.0,0.0,1.0,35.4,29.4,35.2,1.182,0.0369
25.35,93.22,530.0,2.5,35.3,0.0,0.0,1.0,35.3,29.5,35.3,1.184,0.0368
25.35,93.23,530.0,2.5,35.2,0.0,0.0,1.0,35.2,29.6,35.3,1.185,0.0368
25.35,93.24,530.0,2.5,35.1,0.0,0.0,1.0,35.1,29.6,35.3,1.185,0.0368
25.35,93.25,530.0,2.5,35.0,0.0,0.0,1.0,35.0,29.7,35.3,1.186,0.0368
25.35,93.26,530.0,2.5,34.9,0.0,0.0,1.0,34.9,29.8,35.3,1.187,0.0367
25.35,93.27,530.0,2.5,34.8,0.0,0.0,1.0,34.8,29.9,35.3,1.188,0.0367
25.35,93.28,530.0,2.5,34.8,0.0,0.0,1.0,34.8,29.9,35.3,1.188,0.0367
25.35,93.29,530.0,2.5,34.7,0.0,0.0,1.0,34.7,30.0,35.3,1.188,0.0367
25.36,92.51,530.0,2.5,32.8,0.0,0.0,1.0,32.8,33.1,34.2,1.177,0.0371
25.36,92.52,530.0,2.5,32.8,0.0,0.0,1.0,32.8,33.1,34.1,1.177,0.0371
25.36,92.53,530.0,2.5,32.8,0.0,0.0,1.0,32.8,33.1,34.1,1.177,0.0371
25.36,92.54,530.0,2.5,32.7,0.0,0.0,1.0,32.7,33.1,34.1,1.177,0.0371
25.36,92.55,530.0,2.5,32.7,0.0,0.0,1.0,32.7,33.1,34.1,1.177,0.0371
25.36,92.56,530.0,2.5,32.7,0.0,0.0,1.0,32.7,33.1,34.1,1.177,0.0371
25.36,92.57,530.0,2.5,32.7,0.0,0.0,1.0,32.7,33.1,34.1,1.178,0.037
25.36,92.58,530.0,2.5,32.7,0.0,0.0,1.0,32.7,33.2,34.1,1.178,0.037
25.36,92.59,530.0,2.5,32.7,0.0,0.0,1.0,32.7,33.2,34.1,1.178,0.037
25.36,92.6,530.0,2.5,32.7,0.0,0.0,1.0,32.7,33.2,34.1,1.178,0.037
25.36,92.61,530.0,2.5,32.7,0.0,0.0,1.0,32.7,33.2,34.1,1.178,0.037
25.36,92.62,530.0,2.5,32.7,0.0,0.0,1.0,32.7,33.2,34.1,1.178,0.037
25.36,92.63,530.0,2.5,32.7,0.0,0.0,1.0,32.7,33.2,34.1,1.178,0.037
25.36,92.64,530.0,2.5,32.7,0.0,0.0,1.0,32.7,33.2,34.1,1.178,0.037
25.36,92.65,530.0,2.5,32.7,0.0,0.0,1.0,32.7,33.2,34.1,1.179,0.037
25.36,92.66,530.0,2.5,32.7,0.0,0.0,1.0,32.7,33.2,34.1,1.179,0.037
25.36,92.67,530.0,2.5,32.7,0.0,0.0,1.0,32.7,33.2,34.1,1.179,0.037
25.36,92.68,530.0,2.5,32.7,0.0,0.0,1.0,32.7,33.2,34.1,1.179,0.037
25.36,92.69,530.0,2.5,32.7,0.0,0.0,1.0,32.7,33.2,34.1,1.178,0.037
25.36,92.7,530.0,2.5,32.8,0.0,0.0,1.0,32.8,33.2,34.1,1.178,0.037
25.36,92.71,530.0,2.5,32.8,0.0,0.0,1.0,32.8,33.2,34.1,1.178,0.037
25.36,92.72,530.0,2.5,32.8,0.0,0.0,1.0,32.8,33.1,34.1,1.178,0.037
25.36,92.73,530.0,2.5,32.8,0.0,0.0,1.0,32.8,33.1,34.1,1.177,0.0371
25.36,92.74,530.0,2.5,32.9,0.0,0.0,1.0,32.9,33.1,34.1,1.177,0.0371
25.36,92.75,530.0,2.5,32.9,0.0,0.0,1.0,32.9,33.0,34.1,1.177,0.0371
25.36,92.76,530.0,2.5,33.0,0.0,0.0,1.0,33.0,33.0,34.1,1.176,0.0371
25.36,92.77,530.0,2.5,33.0,0.0,0.0,1.0,33.0,32.9,34.1,1.176,0.0371
25.36,92.78,530.0,2.5,33.1,0.0,0.0,1.0,33.1,32.8,34.1,1.176,0.0371
25.36,92.79,530.0,2.5,33.2,0.0,0.0,1.0,33.2,32.8,34.1,1.176,0.0371
25.36,92.8,530.0,2.5,33.2,0.0,0.0,1.0,33.2,32.7,34.1,1.175,0.0371
25.36,92.81,530.0,2.5,33.3,0.0,0.0,1.0,33.3,32.6,34.1,1.175,0.0371
25.36,92.82,530.0,2.5,33.4,0.0,0.0,1.0,33.4,32.5,34.1,1.175,0.0371
25.36,92.83,530.0,2.5,33.4,0.0,0.0,1.0,33.4,32.4,34.2,1.175,0.0371
25.36,92.84,530.0,2.5,33.5,0.0,0.0,1.0,33.5,32.3,34.2,1.175,0.0371
25.36,92.85,530.0,2.5,33.6,0.0,0.0,1.0,33.6,32.1,34.2,1.175,0.0371
25.36,92.86,530.0,2.5,33.7,0.0,0.0,1.0,33.7,32.0,34.3,1.175,0.0371
25.36,92.87,530.0,2.5,33.8,0.0,0.0,1.0,33.8,31.9,34.3,1.174,0.0372
25.36,92.88,530.0,2.5,33.9,0.0,0.0,1.0,33.9,31.8,34.3,1.174,0.0372
25.36,92.89,530.0,2.5,34.0,0.0,0.0,1.0,34.0,31.7,34.3,1.174,0.0372
25.36,92.9,530.0,2.5,34.1,0.0,0.0,1.0,34.1,31.6,34.4,1.174,0.0372
25.36,92.91,530.0,2.5,34.1,0.0,0.0,1.0,34.1,31.5,34.4,1.174,0.0372
25.36,92.92,530.0,2.5,34.2,0.0,0.0,1.0,34.2,31.4,34.4,1.174,0.0372
25.36,92.93,530.0,2.5,34.3,0.0,0.0,1.0,34.3,31.4,34.4,1.174,0.0372
25.36,92.94,530.0,2.5,34.3,0.0,0.0,1.0,34.3,31.3,34.4,1.174,0.0372
25.36,92.95,530.0,2.5,34.3,0.0,0.0,1.0,34.3,31.3,34.4,1.174,0.0372
25.36,92.96,530.0,2.5,34.4,0.0,0.0,1.0,34.4,31.2,34.4,1.174,0.0372
25.36,92.97,530.0,2.5,34.4,0.0,0.0,1.0,34.4,31.1,34.5,1.175,0.0371
25.36,92.98,530.0,2.5,34.4,0.0,0.0,1.0,34.4,31.1,34.5,1.175,0.0371
25.36,92.99,530.0,2.5,34.4,0.0,0.0,1.0,34.4,31.0,34.6,1.176,0.0371
25.36,93.0,530.0,2.5,34.5,0.0,0.0,1.0,34.5,30.9,34.6,1.177,0.0371
25.36,93.01,530.0,2.5,34.6,0.0,0.0,1.0,34.6,30.7,34.7,1.177,0.0371
25.36,93.02,530.0,2.5,34.7,0.0,0.0,1.0,34.7,30.6,34.8,1.178,0.037
25.36,93.03,530.0,2.5,34.8,0.0,0.0,1.0,34.8,30.4,34.8,1.178,0.037
25.36,93.04,530.0,2.5,34.9,0.0,0.0,1.0,34.9,30.2,34.9,1.178,0.037
25.36,93.05,530.0,2.5,35.1,0.0,0.0,1.0,35.1,30.0,34.9,1.178,0.037
25.36,93.06,530.0,2.5,35.3,0.0,0.0,1.0,35.3,29.8,34.9,1.177,0.0371
25.36,93.07,530.0,9.7,35.5,90.0,1.0,0.0,35.5,29.6,35.0,1.176,0.1433
25.36,93.08,530.0,5.0,35.7,90.0,1.0,0.0,35.7,29.3,35.0,1.175,0.0742
25.36,93.09,530.0,9.1,35.9,90.0,1.0,0.0,35.9,29.1,34.9,1.173,0.1348
25.36,93.1,530.0,5.4,36.1,90.0,1.0,0.0,36.1,28.9,34.9,1.171,0.0804
25.36,93.11,530.0,7.4,36.3,90.0,1.0,0.0,36.3,28.8,34.9,1.17,0.1101
25.36,93.12,530.0,11.2,36.3,90.0,1.0,0.0,36.3,28.8,34.9,1.17,0.166
25.36,93.13,530.0,6.9,36.3,90.0,1.0,0.0,36.3,28.8,34.9,1.171,0.1026
25.36,93.14,530.0,8.1,36.2,90.0,1.0,0.0,36.2,28.8,35.0,1.172,0.1202
25.36,93.15,530.0,8.7,36.0,90.0,1.0,0.0,36.0,28.9,35.0,1.174,0.1288
25.36,93.16,530.0,8.5,35.9,90.0,1.0,0.0,35.9,29.0,35.1,1.176,0.1257
25.36,93.17,530.0,7.9,35.7,90.0,1.0,0.0,35.7,29.1,35.1,1.178,0.1167
25.36,93.18,530.0,8.7,35.6,90.0,1.0,0.0,35.6,29.2,35.2,1.18,0.1282
25.36,93.19,530.0,2.5,35.5,270.0,-1.0,-0.0,35.5,29.3,35.2,1.182,0.0369
25.36,93.2,530.0,5.4,35.4,270.0,-1.0,-0.0,35.4,29.4,35.3,1.183,0.0796
25.36,93.21,530.0,2.5,35.2,270.0,-1.0,-0.0,35.2,29.5,35.3,1.184,0.0368
25.36,93.22,530.0,2.5,35.1,90.0,1.0,0.0,35.1,29.6,35.3,1.185,0.0368
25.36,93.23,530.0,3.2,35.0,90.0,1.0,0.0,35.0,29.6,35.3,1.186,0.0471
25.36,93.24,530.0,6.4,35.0,90.0,1.0,0.0,35.0,29.7,35.3,1.187,0.0939
25.36,93.25,530.0,5.5,34.9,90.0,1.0,0.0,34.9,29.8,35.3,1.188,0.0807
25.36,93.26,530.0,5.8,34.8,90.0,1.0,0.0,34.8,29.9,35.3,1.188,0.0851
25.36,93.27,530.0,5.9,34.7,90.0,1.0,0.0,34.7,29.9,35.3,1.189,0.0865
25.36,93.28,530.0,7.0,34.7,90.0,1.0,0.0,34.7,30.0,35.3,1.189,0.1025
25.36,93.29,530.0,7.4,34.6,90.0,1.0,0.0,34.6,30.0,35.3,1.19,0.1082
25.37,92.51,530.0,15.3,32.7,270.0,-1.0,-0.0,32.7,33.1,34.2,1.178,0.224
25.37,92.52,530.0,14.4,32.7,270.0,-1.0,-0.0,32.7,33.1,34.2,1.178,0.2111
25.37,92.53,530.0,12.6,32.7,270.0,-1.0,-0.0,32.7,33.1,34.2,1.178,0.1852
25.37,92.54,530.0,12.7,32.7,270.0,-1.0,-0.0,32.7,33.1,34.2,1.178,0.1866
25.37,92.55,530.0,12.6,32.7,270.0,-1.0,-0.0,32.7,33.1,34.2,1.179,0.185
25.37,92.56,530.0,12.2,32.7,270.0,-1.0,-0.0,32.7,33.1,34.2,1.179,0.1792
25.37,92.57,530.0,11.4,32.7,270.0,-1.0,-0.0,32.7,33.1,34.2,1.179,0.1676
25.37,92.58,530.0,11.5,32.7,270.0,-1.0,-0.0,32.7,33.1,34.2,1.179,0.1691
25.37,92.59,530.0,15.2,32.7,270.0,-1.0,-0.0,32.7,33.1,34.2,1.179,0.2224
25.37,92.6,530.0,20.6,32.6,270.0,-1.0,-0.0,32.6,33.2,34.2,1.18,0.2982
25.37,92.61,530.0,16.4,32.6,270.0,-1.0,-0.0,32.6,33.2,34.2,1.18,0.2393
25.37,92.62,530.0,11.3,32.6,270.0,-1.0,-0.0,32.6,33.2,34.2,1.18,0.1661
25.37,92.63,530.0,11.1,32.6,270.0,-1.0,-0.0,32.6,33.2,34.2,1.18,0.1632
25.37,92.64,530.0,13.5,32.6,270.0,-1.0,-0.0,32.6,33.2,34.2,1.181,0.1977
25.37,92.65,530.0,17.0,32.6,270.0,-1.0,-0.0,32.6,33.2,34.2,1.181,0.2476
25.37,92.66,530.0,12.8,32.6,270.0,-1.0,-0.0,32.6,33.2,34.2,1.181,0.1876
25.37,92.67,530.0,10.3,32.6,270.0,-1.0,-0.0,32.6,33.2,34.2,1.181,0.1514
25.37,92.68,530.0,8.8,32.6,270.0,-1.0,-0.0,32.6,33.2,34.2,1.181,0.1295
25.37,92.69,530.0,11.0,32.6,270.0,-1.0,-0.0,32.6,33.1,34.2,1.181,0.1616
25.37,92.7,530.0,9.1,32.7,270.0,-1.0,-0.0,32.7,33.1,34.2,1.181,0.1339
25.37,92.71,530.0,9.0,32.7,270.0,-1.0,-0.0,32.7,33.1,34.2,1.181,0.1325
25.37,92.72,530.0,9.8,32.7,270.0,-1.0,-0.0,32.7,33.1,34.2,1.181,0.1441
25.37,92.73,530.0,7.9,32.7,270.0,-1.0,-0.0,32.7,33.1,34.2,1.18,0.1165
25.37,92.74,530.0,10.2,32.8,270.0,-1.0,-0.0,32.8,33.0,34.2,1.18,0.1501
25.37,92.75,530.0,9.7,32.8,270.0,-1.0,-0.0,32.8,33.0,34.2,1.179,0.1429
25.37,92.76,530.0,10.7,32.9,270.0,-1.0,-0.0,32.9,32.9,34.2,1.179,0.1575
25.37,92.77,530.0,15.4,33.0,270.0,-1.0,-0.0,33.0,32.9,34.2,1.178,0.2254
25.37,92.78,530.0,16.9,33.0,270.0,-1.0,-0.0,33.0,32.8,34.2,1.178,0.2468
25.37,92.79,530.0,16.4,33.1,270.0,-1.0,-0.0,33.1,32.7,34.2,1.178,0.2397
25.37,92.8,530.0,15.1,33.2,270.0,-1.0,-0.0,33.2,32.6,34.2,1.177,0.2213
25.37,92.81,530.0,14.6,33.3,270.0,-1.0,-0.0,33.3,32.5,34.2,1.177,0.2142
25.37,92.82,530.0,14.7,33.3,270.0,-1.0,-0.0,33.3,32.4,34.2,1.176,0.2158
25.37,92.83,530.0,10.5,33.4,270.0,-1.0,-0.0,33.4,32.3,34.3,1.176,0.155
25.37,92.84,530.0,3.6,33.5,270.0,-1.0,-0.0,33.5,32.2,34.3,1.176,0.0534
25.37,92.85,530.0,3.7,33.6,270.0,-1.0,-0.0,33.6,32.1,34.3,1.176,0.0549
25.37,92.86,530.0,2.5,33.7,90.0,1.0,0.0,33.7,32.0,34.3,1.175,0.0371
25.37,92.87,530.0,3.9,33.8,90.0,1.0,0.0,33.8,31.9,34.3,1.175,0.0579
25.37,92.88,530.0,2.5,33.9,90.0,1.0,0.0,33.9,31.7,34.4,1.175,0.0371
25.37,92.89,530.0,3.3,34.0,90.0,1.0,0.0,34.0,31.6,34.4,1.175,0.049
25.37,92.9,530.0,3.5,34.1,90.0,1.0,0.0,34.1,31.5,34.4,1.174,0.052
25.37,92.91,530.0,2.5,34.2,90.0,1.0,0.0,34.2,31.5,34.4,1.174,0.0372
25.37,92.92,530.0,2.5,34.2,270.0,-1.0,-0.0,34.2,31.4,34.4,1.174,0.0372
25.37,92.93,530.0,3.6,34.3,90.0,1.0,0.0,34.3,31.3,34.4,1.173,0.0535
25.37,92.94,530.0,9.8,34.3,90.0,1.0,0.0,34.3,31.3,34.4,1.173,0.1451
25.37,92.95,530.0,2.5,34.4,90.0,1.0,0.0,34.4,31.3,34.4,1.173,0.0372
25.37,92.96,530.0,6.5,34.4,90.0,1.0,0.0,34.4,31.2,34.4,1.174,0.0964
25.37,92.97,530.0,4.9,34.4,90.0,1.0,0.0,34.4,31.2,34.4,1.174,0.0728
25.37,92.98,530.0,3.1,34.4,90.0,1.0,0.0,34.4,31.1,34.5,1.175,0.046
25.37,92.99,530.0,8.5,34.4,90.0,1.0,0.0,34.4,31.0,34.6,1.176,0.1257
25.37,93.0,530.0,3.4,34.5,90.0,1.0,0.0,34.5,30.9,34.6,1.177,0.0504
25.37,93.01,530.0,5.2,34.5,90.0,1.0,0.0,34.5,30.8,34.7,1.178,0.0769
25.37,93.02,530.0,9.0,34.6,90.0,1.0,0.0,34.6,30.6,34.8,1.179,0.1327
25.37,93.03,530.0,10.5,34.7,90.0,1.0,0.0,34.7,30.5,34.8,1.179,0.1546
25.37,93.04,530.0,13.0,34.8,90.0,1.0,0.0,34.8,30.3,34.9,1.18,0.1906
25.37,93.05,530.0,7.0,34.9,90.0,1.0,0.0,34.9,30.1,35.0,1.179,0.1034
25.37,93.06,530.0,12.2,35.1,151.0,0.4848,-0.8746,35.1,29.9,35.0,1.179,0.1792
25.37,93.07,258.0,7.0,35.3,142.5,0.6088,-0.7934,35.3,29.7,35.0,1.178,0.1035
25.37,93.08,390.0,9.1,35.5,85.7,0.9972,0.075,35.5,29.5,35.0,1.177,0.1344
25.37,93.09,275.0,3.6,35.6,95.8,0.9949,-0.1011,35.6,29.3,35.0,1.176,0.0534
25.37,93.1,381.0,6.4,35.8,72.7,0.9548,0.2974,35.8,29.2,35.0,1.175,0.0949
25.37,93.11,323.0,11.5,35.9,124.5,0.8241,-0.5664,35.9,29.1,35.0,1.174,0.1698
25.37,93.12,216.0,7.6,35.9,85.5,0.9969,0.0785,35.9,29.0,35.0,1.174,0.1127
25.37,93.13,338.0,9.5,35.9,68.6,0.9311,0.3649,35.9,29.0,35.1,1.175,0.1405
25.37,93.14,304.0,7.9,35.9,104.8,0.9668,-0.2554,35.9,29.1,35.1,1.176,0.1169
25.37,93.15,287.0,8.1,35.7,93.1,0.9985,-0.0541,35.7,29.1,35.1,1.178,0.1196
25.37,93.16,293.0,6.6,35.6,82.3,0.991,0.134,35.6,29.2,35.2,1.179,0.0975
25.37,93.17,309.0,8.9,35.5,91.3,0.9997,-0.0227,35.5,29.3,35.2,1.181,0.131
25.37,93.18,288.0,12.6,35.4,40.8,0.6534,0.757,35.4,29.4,35.3,1.183,0.1844
25.37,93.19,551.0,15.6,35.3,11.4,0.1977,0.9803,35.3,29.4,35.3,1.184,0.2271
25.37,93.2,679.0,4.6,35.2,283.0,-0.9744,0.225,35.2,29.5,35.3,1.185,0.0677
25.37,93.21,577.0,8.6,35.1,154.1,0.4368,-0.8996,35.1,29.6,35.3,1.186,0.1261
25.37,93.22,484.0,5.5,35.0,176.2,0.0663,-0.9978,35.0,29.7,35.3,1.187,0.0807
25.37,93.23,440.0,5.3,34.9,175.0,0.0872,-0.9962,34.9,29.7,35.4,1.188,0.0778
25.37,93.24,351.0,7.5,34.8,109.1,0.9449,-0.3272,34.8,29.8,35.4,1.189,0.1098
25.37,93.25,378.0,5.8,34.8,82.6,0.9917,0.1288,34.8,29.9,35.4,1.189,0.085
25.37,93.26,370.0,6.7,34.7,93.8,0.9978,-0.0663,34.7,29.9,35.4,1.19,0.098
25.37,93.27,367.0,8.1,34.6,99.9,0.9851,-0.1719,34.6,30.0,35.4,1.19,0.1184
25.37,93.28,335.0,6.7,34.6,104.6,0.9677,-0.2521,34.6,30.0,35.4,1.19,0.098
25.37,93.29,325.0,8.3,34.6,95.5,0.9954,-0.0958,34.6,30.1,35.4,1.191,0.1212
25.38,92.51,964.0,28.8,32.7,265.9,-0.9974,-0.0715,32.7,33.0,34.2,1.179,0.4086
25.38,92.52,936.0,14.8,32.7,257.8,-0.9774,-0.2113,32.7,33.0,34.2,1.179,0.2167
25.38,92.53,884.0,13.2,32.7,261.6,-0.9893,-0.1461,32.7,33.1,34.2,1.179,0.1937
25.38,92.54,887.0,12.2,32.7,269.8,-1.0,-0.0035,32.7,33.1,34.3,1.18,0.1791
25.38,92.55,883.0,12.3,32.7,267.6,-0.9991,-0.0419,32.7,33.1,34.3,1.18,0.1805
25.38,92.56,874.0,11.6,32.6,263.7,-0.994,-0.1097,32.6,33.1,34.3,1.18,0.1704
25.38,92.57,851.0,14.7,32.6,266.6,-0.9982,-0.0593,32.6,33.1,34.3,1.18,0.215
25.38,92.58,852.0,12.4,32.6,290.2,-0.9385,0.3453,32.6,33.1,34.3,1.181,0.1818
25.38,92.59,960.0,19.9,32.6,302.0,-0.848,0.5299,32.6,33.1,34.3,1.181,0.2882
25.38,92.6,1127.0,20.5,32.6,273.9,-0.9977,0.068,32.6,33.1,34.3,1.181,0.2965
25.38,92.61,996.0,19.0,32.6,235.3,-0.8221,-0.5693,32.6,33.1,34.3,1.182,0.2754
25.38,92.62,846.0,12.7,32.6,241.3,-0.8771,-0.4802,32.6,33.1,34.3,1.182,0.186
25.38,92.63,841.0,9.2,32.5,286.2,-0.9603,0.279,32.5,33.1,34.3,1.182,0.1353
25.38,92.64,911.0,11.6,32.5,306.4,-0.8049,0.5934,32.5,33.1,34.3,1.183,0.17
25.38,92.65,1016.0,12.3,32.5,266.3,-0.9979,-0.0645,32.5,33.1,34.3,1.183,0.1801
25.38,92.66,891.0,15.3,32.5,239.6,-0.8625,-0.506,32.5,33.1,34.3,1.183,0.2231
25.38,92.67,818.0,13.1,32.5,249.7,-0.9379,-0.3469,32.5,33.1,34.3,1.184,0.1914
25.38,92.68,775.0,8.2,32.5,275.8,-0.9949,0.1011,32.5,33.1,34.4,1.184,0.1205
25.38,92.69,839.0,9.8,32.5,271.8,-0.9995,0.0314,32.5,33.1,34.4,1.184,0.1438
25.38,92.7,783.0,9.3,32.5,255.4,-0.9677,-0.2521,32.5,33.1,34.4,1.184,0.1365
25.38,92.71,780.0,10.1,32.6,275.0,-0.9962,0.0872,32.6,33.1,34.4,1.184,0.1481
25.38,92.72,805.0,10.1,32.6,263.2,-0.993,-0.1184,32.6,33.1,34.4,1.183,0.1482
25.38,92.73,750.0,13.8,32.6,271.5,-0.9997,0.0262,32.6,33.0,34.3,1.183,0.2016
25.38,92.74,814.0,15.5,32.7,277.3,-0.9919,0.1271,32.7,33.0,34.3,1.183,0.2259
25.38,92.75,800.0,14.6,32.7,272.4,-0.9991,0.0419,32.7,32.9,34.3,1.182,0.2133
25.38,92.76,830.0,13.9,32.8,297.8,-0.8846,0.4664,32.8,32.9,34.3,1.181,0.2034
25.38,92.77,966.0,12.4,32.9,305.1,-0.8181,0.575,32.9,32.8,34.3,1.181,0.1818
25.38,92.78,1011.0,15.1,32.9,274.5,-0.9969,0.0785,32.9,32.7,34.3,1.18,0.2208
25.38,92.79,996.0,16.3,33.0,262.9,-0.9923,-0.1236,33.0,32.7,34.3,1.18,0.2379
25.38,92.8,959.0,15.7,33.1,262.6,-0.9917,-0.1288,33.1,32.6,34.3,1.179,0.2295
25.38,92.81,944.0,15.0,33.2,268.2,-0.9995,-0.0314,33.2,32.5,34.3,1.179,0.2195
25.38,92.82,947.0,13.3,33.3,249.4,-0.9361,-0.3518,33.3,32.4,34.3,1.178,0.1953
25.38,92.83,825.0,15.9,33.4,219.2,-0.632,-0.7749,33.4,32.3,34.3,1.178,0.2326
25.38,92.84,631.0,7.6,33.5,178.1,0.0332,-0.9995,33.5,32.2,34.3,1.177,0.1124
25.38,92.85,633.0,6.6,33.6,169.6,0.1805,-0.9836,33.6,32.0,34.4,1.177,0.0977
25.38,92.86,469.0,8.7,33.7,196.8,-0.289,-0.9573,33.7,31.9,34.4,1.176,0.1286
25.38,92.87,423.0,3.7,33.8,294.1,-0.9128,0.4083,33.8,31.8,34.4,1.176,0.0549
25.38,92.88,507.0,2.5,33.9,290.3,-0.9379,0.3469,33.9,31.7,34.4,1.175,0.0371
25.38,92.89,438.0,2.9,34.0,172.9,0.1236,-0.9923,34.0,31.6,34.4,1.175,0.0431
25.38,92.9,434.0,3.4,34.1,319.7,-0.6468,0.7627,34.1,31.5,34.4,1.174,0.0505
25.38,92.91,503.0,4.5,34.2,4.1,0.0715,0.9974,34.2,31.4,34.4,1.174,0.0668
25.38,92.92,547.0,3.5,34.3,147.6,0.5358,-0.8443,34.3,31.4,34.4,1.173,0.052
25.38,92.93,429.0,11.9,34.3,164.0,0.2756,-0.9613,34.3,31.3,34.3,1.173,0.1758
25.38,92.94,257.0,7.7,34.4,77.5,0.9763,0.2164,34.4,31.3,34.3,1.173,0.1142
25.38,92.95,471.0,9.4,34.4,67.2,0.9219,0.3875,34.4,31.2,34.3,1.173,0.1392
25.38,92.96,349.0,3.8,34.4,146.1,0.5577,-0.83,34.4,31.2,34.4,1.173,0.0565
25.38,92.97,393.0,8.0,34.4,62.0,0.8829,0.4695,34.4,31.2,34.4,1.174,0.1185
25.38,92.98,443.0,9.3,34.4,115.6,0.9018,-0.4321,34.4,31.1,34.5,1.175,0.1375
25.38,92.99,292.0,6.9,34.4,92.6,0.999,-0.0454,34.4,31.1,34.5,1.176,0.1022
25.38,93.0,435.0,8.4,34.4,63.8,0.8973,0.4415,34.4,31.0,34.6,1.177,0.1241
25.38,93.01,386.0,9.9,34.5,128.6,0.7815,-0.6239,34.5,30.8,34.7,1.178,0.146
25.38,93.02,279.0,11.7,34.5,120.4,0.8625,-0.506,34.5,30.7,34.8,1.179,0.172
25.38,93.03,236.0,8.5,34.6,123.0,0.8387,-0.5446,34.6,30.6,34.9,1.18,0.1253
25.38,93.04,163.0,9.2,34.7,64.6,0.9033,0.4289,34.7,30.4,34.9,1.181,0.1354
25.38,93.05,335.0,10.9,34.8,43.5,0.6884,0.7254,34.8,30.2,35.0,1.181,0.1601
25.38,93.06,363.0,8.1,34.9,68.0,0.9272,0.3746,34.9,30.0,35.1,1.181,0.1193
25.38,93.07,411.0,6.2,35.0,236.4,-0.8329,-0.5534,35.0,29.9,35.1,1.181,0.0914
25.38,93.08,277.0,3.3,35.2,75.2,0.9668,0.2554,35.2,29.7,35.1,1.181,0.0487
25.38,93.09,432.0,3.3,35.3,1.9,0.0332,0.9995,35.3,29.6,35.1,1.18,0.0488
25.38,93.1,359.0,7.0,35.4,163.8,0.279,-0.9603,35.4,29.4,35.1,1.179,0.1034
25.38,93.11,264.0,2.5,35.5,148.9,0.5165,-0.8563,35.5,29.3,35.1,1.179,0.037
25.38,93.12,320.0,2.5,35.6,310.9,-0.7559,0.6547,35.6,29.3,35.2,1.179,0.037
25.38,93.13,282.0,3.5,35.5,92.6,0.999,-0.0454,35.5,29.3,35.2,1.18,0.0517
25.38,93.14,316.0,2.7,35.5,290.8,-0.9348,0.3551,35.5,29.3,35.2,1.181,0.0399
25.38,93.15,306.0,2.5,35.4,356.9,-0.0541,0.9985,35.4,29.3,35.2,1.182,0.0369
25.38,93.16,349.0,2.5,35.3,163.9,0.2773,-0.9608,35.3,29.4,35.3,1.183,0.0369
25.38,93.17,281.0,2.8,35.2,135.2,0.7046,-0.7096,35.2,29.5,35.3,1.185,0.0412
25.38,93.18,299.0,6.5,35.1,1.6,0.0279,0.9996,35.1,29.5,35.3,1.186,0.0954
25.38,93.19,443.0,16.8,35.0,34.8,0.5707,0.8211,35.0,29.6,35.4,1.187,0.2435
25.38,93.2,655.0,9.6,35.0,94.3,0.9972,-0.075,35.0,29.7,35.4,1.188,0.1404
25.38,93.21,425.0,5.7,34.9,200.2,-0.3453,-0.9385,34.9,29.7,35.4,1.189,0.0835
25.38,93.22,520.0,6.3,34.8,305.8,-0.8111,0.585,34.8,29.8,35.4,1.189,0.0923
25.38,93.23,517.0,7.6,34.8,192.2,-0.2113,-0.9774,34.8,29.8,35.4,1.19,0.1111
25.38,93.24,332.0,8.5,34.7,226.2,-0.7218,-0.6921,34.7,29.9,35.4,1.19,0.1242
25.38,93.25,369.0,2.5,34.6,44.2,0.6972,0.7169,34.6,29.9,35.4,1.191,0.0366
25.38,93.26,345.0,3.5,34.6,133.5,0.7254,-0.6884,34.6,30.0,35.4,1.191,0.0513
25.38,93.27,309.0,2.5,34.6,69.7,0.9379,0.3469,34.6,30.0,35.4,1.192,0.0366
25.38,93.28,351.0,2.5,34.5,103.1,0.974,-0.2267,34.5,30.1,35.4,1.192,0.0366
25.38,93.29,301.0,2.6,34.5,155.3,0.4179,-0.9085,34.5,30.1,35.4,1.192,0.0381
25.38,93.3,292.0,2.8,34.4,254.9,-0.9655,-0.2605,34.4,30.2,35.4,1.192,0.041
25.39,92.52,938.0,3.4,32.7,161.7,0.314,-0.9494,32.7,33.0,34.3,1.18,0.0503
25.39,92.53,897.0,3.2,32.7,214.8,-0.5707,-0.8211,32.7,33.0,34.3,1.18,0.0473
25.39,92.54,873.0,2.5,32.6,134.4,0.7145,-0.6997,32.6,33.1,34.3,1.181,0.0369
25.39,92.55,874.0,2.5,32.6,172.3,0.134,-0.991,32.6,33.1,34.3,1.181,0.0369
25.39,92.56,853.0,3.7,32.6,320.4,-0.6374,0.7705,32.6,33.1,34.3,1.181,0.0546
25.39,92.57,945.0,4.7,32.6,272.4,-0.9991,0.0419,32.6,33.1,34.3,1.182,0.0693
25.39,92.58,858.0,3.9,32.6,317.9,-0.6704,0.742,32.6,33.1,34.3,1.182,0.0575
25.39,92.59,1017.0,10.5,32.5,8.8,0.153,0.9882,32.5,33.1,34.4,1.183,0.154
25.39,92.6,1121.0,8.2,32.5,100.3,0.9839,-0.1788,32.5,33.1,34.4,1.183,0.1206
25.39,92.61,980.0,12.1,32.5,154.7,0.4274,-0.9041,32.5,33.1,34.4,1.184,0.177
25.39,92.62,844.0,8.0,32.5,183.8,-0.0663,-0.9978,32.5,33.1,34.4,1.184,0.1175
25.39,92.63,778.0,3.0,32.5,133.3,0.7278,-0.6858,32.5,33.1,34.4,1.185,0.0442
25.39,92.64,793.0,6.6,32.4,54.3,0.8121,0.5835,32.4,33.1,34.4,1.185,0.097
25.39,92.65,874.0,7.7,32.4,55.6,0.8251,0.565,32.4,33.1,34.4,1.186,0.113
25.39,92.66,903.0,5.6,32.4,88.8,0.9998,0.0209,32.4,33.1,34.5,1.186,0.0823
25.39,92.67,877.0,6.1,32.4,198.2,-0.3123,-0.95,32.4,33.1,34.5,1.186,0.0896
25.39,92.68,757.0,2.9,32.4,187.2,-0.1253,-0.9921,32.4,33.1,34.5,1.187,0.0426
25.39,92.69,805.0,3.7,32.4,75.7,0.969,0.247,32.4,33.1,34.5,1.187,0.0544
25.39,92.7,780.0,2.5,32.4,284.3,-0.969,0.247,32.4,33.1,34.5,1.187,0.0367
25.39,92.71,811.0,2.5,32.4,337.1,-0.3891,0.9212,32.4,33.1,34.5,1.187,0.0367
25.39,92.72,810.0,6.2,32.5,314.2,-0.7169,0.6972,32.5,33.0,34.5,1.186,0.0911
25.39,92.73,920.0,8.5,32.5,316.5,-0.6884,0.7254,32.5,33.0,34.5,1.186,0.1246
25.39,92.74,965.0,5.2,32.6,280.6,-0.9829,0.184,32.6,33.0,34.5,1.185,0.0765
25.39,92.75,944.0,6.1,32.6,235.5,-0.8241,-0.5664,32.6,32.9,34.5,1.185,0.0897
25.39,92.76,878.0,5.5,32.7,200.4,-0.3486,-0.9373,32.7,32.9,34.4,1.184,0.081
25.39,92.77,815.0,3.7,32.8,32.5,0.5373,0.8434,32.8,32.8,34.4,1.183,0.0545
25.39,92.78,956.0,7.5,32.9,22.3,0.3795,0.9252,32.9,32.7,34.4,1.183,0.1103
25.39,92.79,989.0,2.5,33.0,61.0,0.8746,0.4848,33.0,32.6,34.4,1.182,0.0369
25.39,92.8,973.0,3.0,33.0,116.6,0.8942,-0.4478,33.0,32.5,34.4,1.181,0.0443
25.39,92.81,955.0,6.3,33.1,125.5,0.8141,-0.5807,33.1,32.5,34.4,1.18,0.093
25.39,92.82,881.0,8.5,33.3,131.0,0.7547,-0.6561,33.3,32.3,34.4,1.18,0.1253
25.39,92.83,815.0,14.3,33.4,169.4,0.184,-0.9829,33.4,32.2,34.4,1.179,0.2095
25.39,92.84,523.0,12.7,33.5,188.7,-0.1513,-0.9885,33.5,32.1,34.4,1.178,0.1866
25.39,92.85,497.0,3.9,33.6,322.7,-0.606,0.7955,33.6,32.0,34.4,1.178,0.0577
25.39,92.86,600.0,9.3,33.7,302.9,-0.8396,0.5432,33.7,31.9,34.4,1.177,0.1373
25.39,92.87,624.0,8.3,33.8,263.1,-0.9928,-0.1201,33.8,31.8,34.4,1.177,0.1226
25.39,92.88,575.0,6.1,33.9,227.4,-0.7361,-0.6769,33.9,31.7,34.4,1.176,0.0904
25.39,92.89,520.0,5.4,34.0,276.8,-0.993,0.1184,34.0,31.6,34.4,1.175,0.0801
25.39,92.9,591.0,3.5,34.1,270.7,-0.9999,0.0122,34.1,31.5,34.4,1.175,0.052
25.39,92.91,521.0,5.6,34.2,216.0,-0.5878,-0.809,34.2,31.4,34.4,1.174,0.0831
25.39,92.92,478.0,4.3,34.3,218.8,-0.6266,-0.7793,34.3,31.3,34.3,1.173,0.0639
25.39,92.93,438.0,7.8,34.4,216.2,-0.5906,-0.807,34.4,31.3,34.3,1.172,0.1158
25.39,92.94,320.0,9.7,34.4,232.2,-0.7902,-0.6129,34.4,31.3,34.3,1.172,0.1438
25.39,92.95,288.0,12.4,34.5,61.2,0.8763,0.4818,34.5,31.2,34.3,1.172,0.1832
25.39,92.96,472.0,4.1,34.5,63.2,0.8926,0.4509,34.5,31.2,34.3,1.172,0.061
25.39,92.97,334.0,8.2,34.4,148.4,0.524,-0.8517,34.4,31.2,34.4,1.173,0.1216
25.39,92.98,297.0,2.5,34.4,87.2,0.9988,0.0488,34.4,31.2,34.4,1.174,0.0372
25.39,92.99,337.0,2.5,34.4,309.1,-0.776,0.6307,34.4,31.1,34.5,1.176,0.0371
25.39,93.0,319.0,4.9,34.4,100.8,0.9823,-0.1874,34.4,31.0,34.6,1.177,0.0726
25.39,93.01,314.0,6.6,34.4,115.9,0.8996,-0.4368,34.4,30.9,34.7,1.179,0.0975
25.39,93.02,247.0,2.5,34.4,293.4,-0.9178,0.3971,34.4,30.8,34.8,1.18,0.037
25.39,93.03,332.0,3.2,34.5,50.2,0.7683,0.6401,34.5,30.6,34.9,1.182,0.0472
25.39,93.04,299.0,2.5,34.5,246.8,-0.9191,-0.3939,34.5,30.5,35.0,1.183,0.0369
25.39,93.05,320.0,2.5,34.6,66.7,0.9184,0.3955,34.6,30.3,35.1,1.184,0.0368
25.39,93.06,322.0,3.5,34.7,20.8,0.3551,0.9348,34.7,30.2,35.1,1.184,0.0516
25.39,93.07,401.0,6.7,34.8,96.8,0.993,-0.1184,34.8,30.0,35.2,1.184,0.0985
25.39,93.08,302.0,6.8,34.9,221.0,-0.6561,-0.7547,34.9,29.9,35.2,1.184,0.1
25.39,93.09,272.0,6.6,35.0,81.3,0.9885,0.1513,35.0,29.8,35.2,1.184,0.0971
25.39,93.1,327.0,6.2,35.0,80.7,0.9869,0.1616,35.0,29.7,35.3,1.184,0.0912
25.39,93.11,297.0,3.8,35.1,157.7,0.3795,-0.9252,35.1,29.6,35.3,1.184,0.056
25.39,93.12,239.0,2.5,35.1,170.8,0.1599,-0.9871,35.1,29.6,35.3,1.184,0.0368
25.39,93.13,241.0,5.6,35.1,16.8,0.289,0.9573,35.1,29.6,35.3,1.185,0.0823
25.39,93.14,374.0,3.5,35.1,56.4,0.8329,0.5534,35.1,29.6,35.4,1.186,0.0515
25.39,93.15,289.0,3.7,35.0,198.0,-0.309,-0.9511,35.0,29.6,35.4,1.187,0.0544
25.39,93.16,285.0,4.4,35.0,108.6,0.9478,-0.319,35.0,29.6,35.4,1.188,0.0646
25.39,93.17,254.0,2.5,34.9,93.5,0.9981,-0.061,34.9,29.7,35.4,1.189,0.0367
25.39,93.18,283.0,2.5,34.8,62.5,0.887,0.4617,34.8,29.7,35.4,1.189,0.0367
25.39,93.19,277.0,7.8,34.8,49.5,0.7604,0.6494,34.8,29.8,35.5,1.19,0.114
25.39,93.2,411.0,17.1,34.7,36.2,0.5906,0.807,34.7,29.8,35.5,1.191,0.2469
25.39,93.21,632.0,9.2,34.7,337.1,-0.3891,0.9212,34.7,29.9,35.5,1.191,0.1342
25.39,93.22,625.0,8.3,34.6,225.0,-0.7071,-0.7071,34.6,29.9,35.5,1.192,0.1211
25.39,93.23,485.0,4.4,34.6,201.1,-0.36,-0.933,34.6,29.9,35.5,1.192,0.0644
25.39,93.24,522.0,12.1,34.5,246.7,-0.9184,-0.3955,34.5,30.0,35.5,1.193,0.1757
25.39,93.25,364.0,8.8,34.5,184.2,-0.0732,-0.9973,34.5,30.0,35.5,1.193,0.1282
25.39,93.26,300.0,2.5,34.5,106.2,0.9603,-0.279,34.5,30.1,35.5,1.193,0.0366
25.39,93.27,349.0,2.5,34.4,266.8,-0.9984,-0.0558,34.4,30.1,35.4,1.193,0.0366
25.39,93.28,297.0,3.1,34.4,134.0,0.7193,-0.6947,34.4,30.1,35.4,1.193,0.0453
25.39,93.29,295.0,2.5,34.4,26.9,0.4524,0.8918,34.4,30.2,35.4,1.193,0.0366
25.39,93.3,329.0,3.8,34.4,315.5,-0.7009,0.7133,34.4,30.2,35.4,1.193,0.0556
25.4,92.52,906.0,3.2,32.6,45.9,0.7181,0.6959,32.6,33.0,34.3,1.181,0.0473
25.4,92.53,934.0,2.5,32.6,216.6,-0.5962,-0.8028,32.6,33.0,34.4,1.181,0.0369
25.4,92.54,861.0,2.5,32.6,187.6,-0.1323,-0.9912,32.6,33.0,34.4,1.182,0.0369
25.4,92.55,880.0,3.2,32.6,8.6,0.1495,0.9888,32.6,33.0,34.4,1.182,0.0472
25.4,92.56,939.0,4.3,32.6,343.2,-0.289,0.9573,32.6,33.1,34.4,1.183,0.0634
25.4,92.57,982.0,2.5,32.5,228.8,-0.7524,-0.6587,32.5,33.1,34.4,1.183,0.0369
25.4,92.58,924.0,5.1,32.5,238.7,-0.8545,-0.5195,32.5,33.1,34.4,1.184,0.0751
25.4,92.59,915.0,4.9,32.5,100.3,0.9839,-0.1788,32.5,33.1,34.4,1.184,0.0721
25.4,92.6,902.0,12.4,32.5,101.7,0.9792,-0.2028,32.5,33.1,34.5,1.185,0.1812
25.4,92.61,851.0,8.8,32.4,100.6,0.9829,-0.184,32.4,33.1,34.5,1.185,0.1291
25.4,92.62,861.0,3.0,32.4,157.6,0.3811,-0.9245,32.4,33.1,34.5,1.186,0.0441
25.4,92.63,781.0,3.9,32.4,184.2,-0.0732,-0.9973,32.4,33.1,34.5,1.187,0.0573
25.4,92.64,763.0,2.5,32.4,23.9,0.4051,0.9143,32.4,33.1,34.5,1.187,0.0367
25.4,92.65,838.0,4.3,32.3,104.7,0.9673,-0.2538,32.3,33.1,34.6,1.188,0.0631
25.4,92.66,736.0,6.0,32.3,77.4,0.9759,0.2181,32.3,33.1,34.6,1.189,0.0879
25.4,92.67,871.0,4.7,32.3,65.7,0.9114,0.4115,32.3,33.1,34.6,1.189,0.0689
25.4,92.68,785.0,5.5,32.3,196.8,-0.289,-0.9573,32.3,33.1,34.6,1.189,0.0806
25.4,92.69,739.0,2.5,32.3,58.3,0.8508,0.5255,32.3,33.1,34.6,1.19,0.0367
25.4,92.7,809.0,2.7,32.3,324.8,-0.5764,0.8171,32.3,33.1,34.6,1.19,0.0396
25.4,92.71,794.0,4.8,32.3,352.7,-0.1271,0.9919,32.3,33.0,34.6,1.19,0.0703
25.4,92.72,929.0,7.1,32.3,311.7,-0.7466,0.6652,32.3,33.0,34.6,1.19,0.1039
25.4,92.73,913.0,2.5,32.4,302.5,-0.8434,0.5373,32.4,33.0,34.6,1.189,0.0367
25.4,92.74,956.0,2.5,32.4,51.1,0.7782,0.628,32.4,32.9,34.6,1.189,0.0367
25.4,92.75,940.0,3.2,32.5,156.6,0.3971,-0.9178,32.5,32.9,34.6,1.188,0.047
25.4,92.76,883.0,2.5,32.6,203.6,-0.4003,-0.9164,32.6,32.8,34.6,1.187,0.0367
25.4,92.77,911.0,5.9,32.7,289.4,-0.9432,0.3322,32.7,32.8,34.6,1.186,0.0867
25.4,92.78,932.0,2.5,32.8,0.0,0.0,1.0,32.8,32.7,34.5,1.185,0.0368
25.4,92.79,962.0,2.5,32.9,149.7,0.5045,-0.8634,32.9,32.6,34.5,1.184,0.0368
25.4,92.8,884.0,6.5,33.0,169.5,0.1822,-0.9833,33.0,32.5,34.5,1.183,0.0957
25.4,92.81,801.0,4.8,33.1,164.2,0.2723,-0.9622,33.1,32.4,34.5,1.182,0.0708
25.4,92.82,769.0,2.6,33.2,218.5,-0.6225,-0.7826,33.2,32.3,34.5,1.181,0.0384
25.4,92.83,751.0,4.2,33.3,217.0,-0.6018,-0.7986,33.3,32.2,34.5,1.18,0.0621
25.4,92.84,685.0,9.0,33.4,256.5,-0.9724,-0.2334,33.4,32.1,34.5,1.18,0.1326
25.4,92.85,698.0,7.2,33.6,270.3,-1.0,0.0052,33.6,32.0,34.5,1.179,0.1063
25.4,92.86,686.0,4.8,33.7,247.7,-0.9252,-0.3795,33.7,31.9,34.5,1.178,0.071
25.4,92.87,652.0,2.9,33.8,221.6,-0.6639,-0.7478,33.8,31.8,34.4,1.177,0.043
25.4,92.88,632.0,2.7,33.9,193.8,-0.2385,-0.9711,33.9,31.6,34.4,1.176,0.0401
25.4,92.89,586.0,4.1,34.0,185.6,-0.0976,-0.9952,34.0,31.5,34.4,1.176,0.0608
25.4,92.9,531.0,2.8,34.2,83.5,0.9936,0.1132,34.2,31.4,34.4,1.175,0.0416
25.4,92.91,594.0,4.2,34.3,31.9,0.5284,0.849,34.3,31.4,34.4,1.174,0.0624
25.4,92.92,621.0,2.5,34.4,226.4,-0.7242,-0.6896,34.4,31.3,34.3,1.173,0.0372
25.4,92.93,557.0,6.0,34.4,188.2,-0.1426,-0.9898,34.4,31.3,34.3,1.172,0.0892
25.4,92.94,471.0,15.3,34.5,179.2,0.014,-0.9999,34.5,31.2,34.3,1.171,0.2253
25.4,92.95,165.0,8.9,34.5,178.4,0.0279,-0.9996,34.5,31.2,34.3,1.171,0.1321
25.4,92.96,248.0,4.9,34.5,27.9,0.4679,0.8838,34.5,31.2,34.3,1.171,0.0729
25.4,92.97,274.0,5.5,34.5,24.6,0.4163,0.9092,34.5,31.2,34.3,1.172,0.0818
25.4,92.98,374.0,2.5,34.4,23.4,0.3971,0.9178,34.4,31.2,34.4,1.174,0.0372
25.4,92.99,322.0,3.7,34.4,143.0,0.6018,-0.7986,34.4,31.1,34.5,1.175,0.0549
25.4,93.0,301.0,4.9,34.4,144.5,0.5807,-0.8141,34.4,31.0,34.6,1.177,0.0726
25.4,93.01,222.0,3.0,34.3,71.4,0.9478,0.319,34.3,30.9,34.7,1.179,0.0444
25.4,93.02,325.0,3.2,34.3,134.0,0.7193,-0.6947,34.3,30.8,34.8,1.181,0.0473
25.4,93.03,167.0,6.7,34.4,141.6,0.6211,-0.7837,34.4,30.7,34.9,1.183,0.0986
25.4,93.04,194.0,4.5,34.4,346.5,-0.2334,0.9724,34.4,30.6,35.0,1.185,0.0662
25.4,93.05,276.0,5.6,34.4,16.4,0.2823,0.9593,34.4,30.4,35.1,1.186,0.0823
25.4,93.06,329.0,3.0,34.5,131.3,0.7513,-0.66,34.5,30.3,35.2,1.187,0.0441
25.4,93.07,226.0,5.0,34.5,55.3,0.8221,0.5693,34.5,30.2,35.3,1.188,0.0734
25.4,93.08,401.0,2.5,34.6,320.3,-0.6388,0.7694,34.6,30.1,35.3,1.188,0.0367
25.4,93.09,251.0,8.8,34.6,162.6,0.299,-0.9542,34.6,30.0,35.4,1.189,0.1287
25.4,93.1,190.0,2.5,34.6,119.4,0.8712,-0.4909,34.6,29.9,35.4,1.189,0.0367
25.4,93.11,224.0,5.0,34.7,15.2,0.2622,0.965,34.7,29.9,35.4,1.19,0.0732
25.4,93.12,310.0,4.0,34.7,277.4,-0.9917,0.1288,34.7,29.9,35.5,1.19,0.0586
25.4,93.13,237.0,3.7,34.7,216.7,-0.5976,-0.8018,34.7,29.8,35.5,1.191,0.0542
25.4,93.14,236.0,6.7,34.6,53.3,0.8018,0.5976,34.6,29.8,35.5,1.192,0.0979
25.4,93.15,338.0,2.5,34.6,93.8,0.9978,-0.0663,34.6,29.8,35.5,1.192,0.0366
25.4,93.16,234.0,4.0,34.6,159.7,0.3469,-0.9379,34.6,29.9,35.6,1.193,0.0585
25.4,93.17,245.0,2.5,34.5,299.7,-0.8686,0.4955,34.5,29.9,35.6,1.193,0.0366
25.4,93.18,250.0,2.5,34.5,356.8,-0.0558,0.9984,34.5,29.9,35.6,1.194,0.0365
25.4,93.19,277.0,4.9,34.5,343.6,-0.2823,0.9593,34.5,29.9,35.6,1.194,0.0715
25.4,93.2,367.0,10.8,34.5,25.2,0.4258,0.9048,34.5,30.0,35.6,1.194,0.1569
25.4,93.21,525.0,15.6,34.4,37.6,0.6101,0.7923,34.4,30.0,35.6,1.194,0.2252
25.4,93.22,683.0,9.4,34.4,81.3,0.9885,0.1513,34.4,30.0,35.6,1.195,0.1367
25.4,93.23,561.0,9.8,34.4,260.7,-0.9869,-0.1616,34.4,30.0,35.5,1.195,0.1424
25.4,93.24,643.0,9.3,34.4,222.1,-0.6704,-0.742,34.4,30.1,35.5,1.195,0.1352
25.4,93.25,387.0,14.3,34.4,194.0,-0.2419,-0.9703,34.4,30.1,35.5,1.195,0.2067
25.4,93.26,288.0,5.6,34.4,262.6,-0.9917,-0.1288,34.4,30.1,35.5,1.195,0.0817
25.4,93.27,369.0,2.5,34.3,89.1,0.9999,0.0157,34.3,30.2,35.5,1.195,0.0365
25.4,93.28,289.0,3.4,34.3,178.2,0.0314,-0.9995,34.3,30.2,35.5,1.195,0.0496
25.4,93.29,283.0,3.1,34.3,4.0,0.0698,0.9976,34.3,30.2,35.5,1.195,0.0453
25.4,93.3,366.0,6.6,34.3,357.5,-0.0436,0.999,34.3,30.3,35.4,1.195,0.0962
25.41,92.53,934.0,4.2,32.6,183.9,-0.068,-0.9977,32.6,33.0,34.4,1.183,0.0619
25.41,92.54,881.0,3.3,32.6,206.3,-0.4431,-0.8965,32.6,33.0,34.4,1.183,0.0487
25.41,92.55,861.0,2.5,32.5,287.6,-0.9532,0.3024,32.5,33.0,34.4,1.183,0.0369
25.41,92.56,887.0,4.1,32.5,357.5,-0.0436,0.999,32.5,33.0,34.4,1.184,0.0604
25.41,92.57,964.0,4.5,32.5,34.2,0.5621,0.8271,32.5,33.0,34.5,1.185,0.0662
25.41,92.58,980.0,5.5,32.5,126.3,0.8059,-0.592,32.5,33.1,34.5,1.185,0.0809
25.41,92.59,883.0,8.3,32.4,163.6,0.2823,-0.9593,32.4,33.1,34.5,1.186,0.1217
25.41,92.6,780.0,7.6,32.4,139.7,0.6468,-0.7627,32.4,33.1,34.5,1.187,0.1114
25.41,92.61,738.0,3.8,32.4,70.3,0.9415,0.3371,32.4,33.1,34.6,1.187,0.0558
25.41,92.62,812.0,4.6,32.3,65.4,0.9092,0.4163,32.3,33.1,34.6,1.188,0.0675
25.41,92.63,786.0,2.5,32.3,174.5,0.0958,-0.9954,32.3,33.1,34.6,1.189,0.0367
25.41,92.64,765.0,2.5,32.3,160.8,0.3289,-0.9444,32.3,33.1,34.6,1.19,0.0367
25.41,92.65,760.0,3.8,32.2,105.9,0.9617,-0.274,32.2,33.1,34.7,1.19,0.0557
25.41,92.66,739.0,2.5,32.2,264.9,-0.996,-0.0889,32.2,33.1,34.7,1.191,0.0366
25.41,92.67,757.0,4.5,32.2,56.6,0.8348,0.5505,32.2,33.1,34.7,1.192,0.0658
25.41,92.68,801.0,2.5,32.2,75.9,0.9699,0.2436,32.2,33.1,34.8,1.192,0.0366
25.41,92.69,762.0,2.5,32.1,312.1,-0.742,0.6704,32.1,33.1,34.8,1.193,0.0366
25.41,92.7,823.0,2.6,32.1,3.1,0.0541,0.9985,32.1,33.1,34.8,1.193,0.038
25.41,92.71,828.0,5.4,32.2,351.6,-0.1461,0.9893,32.2,33.1,34.8,1.193,0.0789
25.41,92.72,958.0,5.7,32.2,347.5,-0.2164,0.9763,32.2,33.0,34.8,1.193,0.0833
25.41,92.73,967.0,2.5,32.2,237.4,-0.8425,-0.5388,32.2,33.0,34.8,1.192,0.0366
25.41,92.74,928.0,3.0,32.3,141.5,0.6225,-0.7826,32.3,33.0,34.8,1.192,0.0439
25.41,92.75,909.0,2.5,32.4,181.4,-0.0244,-0.9997,32.4,32.9,34.7,1.191,0.0366
25.41,92.76,892.0,2.8,32.5,329.6,-0.506,0.8625,32.5,32.8,34.7,1.19,0.0411
25.41,92.77,969.0,2.6,32.6,352.8,-0.1253,0.9921,32.6,32.8,34.7,1.189,0.0382
25.41,92.78,956.0,9.0,32.7,92.8,0.9988,-0.0488,32.7,32.7,34.6,1.187,0.1318
25.41,92.79,958.0,3.1,32.8,101.8,0.9789,-0.2045,32.8,32.6,34.6,1.186,0.0456
25.41,92.8,940.0,3.0,32.9,239.0,-0.8572,-0.515,32.9,32.5,34.6,1.185,0.0442
25.41,92.81,919.0,5.9,33.0,264.1,-0.9947,-0.1028,33.0,32.4,34.6,1.184,0.0868
25.41,92.82,925.0,3.0,33.1,243.0,-0.891,-0.454,33.1,32.3,34.6,1.183,0.0442
25.41,92.83,885.0,7.0,33.3,206.4,-0.4446,-0.8957,33.3,32.2,34.5,1.182,0.1031
25.41,92.84,767.0,9.3,33.4,216.4,-0.5934,-0.8049,33.4,32.1,34.5,1.181,0.1368
25.41,92.85,696.0,2.5,33.5,206.8,-0.4509,-0.8926,33.5,32.0,34.5,1.18,0.037
25.41,92.86,724.0,2.5,33.7,171.9,0.1409,-0.99,33.7,31.8,34.5,1.179,0.037
25.41,92.87,677.0,7.4,33.8,134.8,0.7096,-0.7046,33.8,31.7,34.5,1.178,0.1093
25.41,92.88,593.0,5.8,33.9,185.3,-0.0924,-0.9957,33.9,31.6,34.5,1.177,0.0859
25.41,92.89,531.0,3.2,34.1,187.1,-0.1236,-0.9923,34.1,31.5,34.4,1.176,0.0475
25.41,92.9,513.0,3.0,34.2,198.1,-0.3107,-0.9505,34.2,31.4,34.4,1.175,0.0445
25.41,92.91,459.0,4.0,34.3,85.4,0.9968,0.0802,34.3,31.3,34.4,1.174,0.0594
25.41,92.92,521.0,7.0,34.4,89.0,0.9998,0.0175,34.4,31.3,34.3,1.172,0.104
25.41,92.93,462.0,12.5,34.5,130.5,0.7604,-0.6494,34.5,31.3,34.3,1.171,0.1848
25.41,92.94,314.0,7.6,34.5,160.2,0.3387,-0.9409,34.5,31.2,34.2,1.171,0.1129
25.41,92.95,281.0,7.8,34.5,298.7,-0.8771,0.4802,34.5,31.2,34.2,1.17,0.116
25.41,92.96,408.0,4.5,34.5,264.3,-0.9951,-0.0993,34.5,31.2,34.2,1.171,0.067
25.41,92.97,270.0,5.4,34.5,171.2,0.153,-0.9882,34.5,31.2,34.3,1.172,0.0803
25.41,92.98,274.0,4.9,34.4,87.2,0.9988,0.0488,34.4,31.2,34.4,1.173,0.0728
25.41,92.99,276.0,5.1,34.4,105.4,0.9641,-0.2656,34.4,31.1,34.5,1.175,0.0757
25.41,93.0,240.0,2.5,34.3,130.6,0.7593,-0.6508,34.3,31.1,34.6,1.178,0.037
25.41,93.01,235.0,4.3,34.3,238.7,-0.8545,-0.5195,34.3,31.0,34.7,1.18,0.0635
25.41,93.02,184.0,6.6,34.3,96.2,0.9942,-0.108,34.3,30.9,34.9,1.182,0.0972
25.41,93.03,217.0,5.7,34.2,358.6,-0.0244,0.9997,34.2,30.8,35.0,1.185,0.0838
25.41,93.04,328.0,5.7,34.2,294.5,-0.91,0.4147,34.2,30.7,35.1,1.187,0.0837
25.41,93.05,276.0,2.8,34.2,194.0,-0.2419,-0.9703,34.2,30.6,35.2,1.188,0.0411
25.41,93.06,259.0,5.6,34.2,85.9,0.9974,0.0715,34.2,30.5,35.3,1.19,0.082
25.41,93.07,286.0,2.8,34.2,341.8,-0.3123,0.95,34.2,30.4,35.4,1.191,0.041
25.41,93.08,325.0,8.1,34.2,115.4,0.9033,-0.4289,34.2,30.3,35.5,1.193,0.1181
25.41,93.09,199.0,2.5,34.2,155.3,0.4179,-0.9085,34.2,30.2,35.5,1.194,0.0365
25.41,93.1,274.0,3.9,34.2,308.9,-0.7782,0.628,34.2,30.2,35.6,1.195,0.0569
25.41,93.11,261.0,3.3,34.2,337.4,-0.3843,0.9232,34.2,30.2,35.6,1.196,0.0481
25.41,93.12,350.0,2.5,34.2,36.8,0.599,0.8007,34.2,30.1,35.7,1.197,0.0364
25.41,93.13,302.0,5.8,34.2,210.1,-0.5015,-0.8652,34.2,30.1,35.7,1.197,0.0844
25.41,93.14,224.0,4.3,34.2,244.8,-0.9048,-0.4258,34.2,30.1,35.7,1.198,0.0626
25.41,93.15,256.0,3.8,34.2,76.0,0.9703,0.2419,34.2,30.1,35.7,1.198,0.0553
25.41,93.16,247.0,2.5,34.2,358.2,-0.0314,0.9995,34.2,30.1,35.7,1.198,0.0364
25.41,93.17,285.0,2.5,34.2,349.2,-0.1874,0.9823,34.2,30.1,35.7,1.198,0.0364
25.41,93.18,285.0,2.5,34.2,310.4,-0.7615,0.6481,34.2,30.1,35.7,1.198,0.0364
25.41,93.19,315.0,2.5,34.2,258.9,-0.9813,-0.1925,34.2,30.1,35.7,1.198,0.0364
25.41,93.2,282.0,2.5,34.2,29.4,0.4909,0.8712,34.2,30.1,35.7,1.198,0.0364
25.41,93.21,363.0,10.2,34.2,70.9,0.9449,0.3272,34.2,30.1,35.7,1.198,0.1478
25.41,93.22,366.0,20.1,34.2,41.7,0.6652,0.7466,34.2,30.1,35.6,1.198,0.2869
25.41,93.23,755.0,13.0,34.2,4.7,0.0819,0.9966,34.2,30.2,35.6,1.197,0.1879
25.41,93.24,696.0,12.2,34.2,198.6,-0.319,-0.9478,34.2,30.2,35.6,1.197,0.1765
25.41,93.25,462.0,12.7,34.2,221.0,-0.6561,-0.7547,34.2,30.2,35.6,1.197,0.1837
25.41,93.26,453.0,10.9,34.2,228.9,-0.7536,-0.6574,34.2,30.2,35.5,1.197,0.158
25.41,93.27,281.0,6.9,34.2,156.9,0.3923,-0.9198,34.2,30.2,35.5,1.197,0.1004
25.41,93.28,294.0,2.5,34.2,321.7,-0.6198,0.7848,34.2,30.3,35.5,1.196,0.0365
25.41,93.29,289.0,2.5,34.2,334.2,-0.4352,0.9003,34.2,30.3,35.5,1.196,0.0365
25.41,93.3,337.0,5.1,34.2,41.5,0.6626,0.749,34.2,30.3,35.5,1.196,0.0743
25.42,92.53,942.0,3.3,32.6,190.0,-0.1736,-0.9848,32.6,33.0,34.5,1.184,0.0486
25.42,92.54,901.0,2.5,32.5,172.5,0.1305,-0.9914,32.5,33.0,34.5,1.184,0.0368
25.42,92.55,901.0,3.1,32.5,304.2,-0.8271,0.5621,32.5,33.0,34.5,1.185,0.0456
25.42,92.56,944.0,2.9,32.5,81.2,0.9882,0.153,32.5,33.0,34.5,1.185,0.0427
25.42,92.57,912.0,8.5,32.4,131.6,0.7478,-0.6639,32.4,33.0,34.5,1.186,0.1246
25.42,92.58,802.0,7.5,32.4,109.1,0.9449,-0.3272,32.4,33.0,34.6,1.187,0.11
25.42,92.59,850.0,2.5,32.4,144.9,0.575,-0.8181,32.4,33.0,34.6,1.187,0.0367
25.42,92.6,766.0,4.0,32.3,188.9,-0.1547,-0.988,32.3,33.1,34.6,1.188,0.0587
25.42,92.61,752.0,2.5,32.3,234.0,-0.809,-0.5878,32.3,33.1,34.6,1.189,0.0367
25.42,92.62,745.0,2.5,32.2,46.5,0.7254,0.6884,32.2,33.1,34.7,1.19,0.0367
25.42,92.63,776.0,2.5,32.2,80.9,0.9874,0.1582,32.2,33.1,34.7,1.191,0.0366
25.42,92.64,753.0,2.5,32.2,211.1,-0.5165,-0.8563,32.2,33.1,34.8,1.192,0.0366
25.42,92.65,737.0,2.5,32.1,49.6,0.7615,0.6481,32.1,33.1,34.8,1.193,0.0366
25.42,92.66,773.0,2.6,32.1,297.4,-0.8878,0.4602,32.1,33.1,34.8,1.194,0.038
25.42,92.67,767.0,2.5,32.0,245.2,-0.9078,-0.4195,32.0,33.1,34.9,1.195,0.0365
25.42,92.68,763.0,2.5,32.0,266.7,-0.9983,-0.0576,32.0,33.1,34.9,1.195,0.0365
25.42,92.69,766.0,2.5,32.0,1.2,0.0209,0.9998,32.0,33.1,34.9,1.196,0.0365
25.42,92.7,805.0,2.6,32.0,39.7,0.6388,0.7694,32.0,33.1,34.9,1.196,0.0379
25.42,92.71,816.0,6.3,32.0,5.2,0.0906,0.9959,32.0,33.1,34.9,1.196,0.0918
25.42,92.72,963.0,6.3,32.0,20.6,0.3518,0.9361,32.0,33.0,34.9,1.196,0.0918
25.42,92.73,965.0,2.5,32.1,164.3,0.2706,-0.9627,32.1,33.0,34.9,1.196,0.0365
25.42,92.74,905.0,2.5,32.1,244.6,-0.9033,-0.4289,32.1,33.0,34.9,1.195,0.0365
25.42,92.75,941.0,2.5,32.2,327.5,-0.5373,0.8434,32.2,32.9,34.9,1.194,0.0365
25.42,92.76,922.0,4.1,32.3,101.8,0.9789,-0.2045,32.3,32.9,34.8,1.193,0.0599
25.42,92.77,920.0,14.9,32.4,129.4,0.7727,-0.6347,32.4,32.8,34.8,1.191,0.2159
25.42,92.78,681.0,17.0,32.5,95.6,0.9952,-0.0976,32.5,32.7,34.8,1.19,0.2457
25.42,92.79,877.0,17.0,32.7,51.0,0.7771,0.6293,32.7,32.6,34.7,1.188,0.2461
25.42,92.8,956.0,5.2,32.8,48.6,0.7501,0.6613,32.8,32.5,34.7,1.187,0.0764
25.42,92.81,963.0,4.7,32.9,163.5,0.284,-0.9588,32.9,32.4,34.7,1.186,0.0691
25.42,92.82,843.0,11.1,33.1,116.3,0.8965,-0.4431,33.1,32.3,34.6,1.184,0.1626
25.42,92.83,838.0,7.4,33.2,91.2,0.9998,-0.0209,33.2,32.2,34.6,1.183,0.1089
25.42,92.84,839.0,4.6,33.4,182.7,-0.0471,-0.9989,33.4,32.1,34.6,1.182,0.0679
25.42,92.85,722.0,6.4,33.5,194.6,-0.2521,-0.9677,33.5,32.0,34.6,1.181,0.0944
25.42,92.86,683.0,9.2,33.6,158.5,0.3665,-0.9304,33.6,31.8,34.5,1.18,0.1355
25.42,92.87,506.0,13.2,33.8,96.1,0.9943,-0.1063,33.8,31.7,34.5,1.179,0.1937
25.42,92.88,647.0,3.7,33.9,347.7,-0.213,0.977,33.9,31.6,34.5,1.177,0.0548
25.42,92.89,597.0,3.7,34.0,190.2,-0.1771,-0.9842,34.0,31.5,34.5,1.176,0.0549
25.42,92.9,557.0,4.5,34.2,177.3,0.0471,-0.9989,34.2,31.4,34.4,1.175,0.0668
25.42,92.91,484.0,5.9,34.3,208.3,-0.4741,-0.8805,34.3,31.3,34.4,1.174,0.0876
25.42,92.92,426.0,7.8,34.4,179.5,0.0087,-1.0,34.4,31.3,34.3,1.172,0.1158
25.42,92.93,289.0,2.5,34.5,212.4,-0.5358,-0.8443,34.5,31.3,34.3,1.171,0.0372
25.42,92.94,399.0,4.8,34.5,303.6,-0.8329,0.5534,34.5,31.2,34.2,1.17,0.0715
25.42,92.95,355.0,3.6,34.55,252.1,-0.9516,-0.3074,34.55,31.23,34.22,1.17,0.0537
25.42,92.96,371.0,6.5,34.5,129.8,0.7683,-0.6401,34.5,31.2,34.2,1.17,0.0968
25.42,92.97,251.0,5.6,34.5,198.8,-0.3223,-0.9466,34.5,31.2,34.3,1.171,0.0833
25.42,92.98,238.0,2.7,34.4,193.8,-0.2385,-0.9711,34.4,31.2,34.4,1.173,0.0402
25.42,92.99,185.0,2.9,34.4,82.0,0.9903,0.1392,34.4,31.2,34.5,1.176,0.043
25.42,93.0,248.0,5.6,34.3,351.9,-0.1409,0.99,34.3,31.1,34.6,1.178,0.0828
25.42,93.01,324.0,4.2,34.2,186.4,-0.1115,-0.9938,34.2,31.0,34.8,1.181,0.062
25.42,93.02,143.0,6.1,34.2,174.6,0.0941,-0.9956,34.2,30.9,34.9,1.184,0.0898
25.42,93.03,171.0,7.7,34.1,2.9,0.0506,0.9987,34.1,30.8,35.0,1.186,0.113
25.42,93.04,337.0,7.8,34.1,50.6,0.7727,0.6347,34.1,30.7,35.2,1.189,0.1141
25.42,93.05,295.0,7.6,34.1,148.0,0.5299,-0.848,34.1,30.7,35.3,1.191,0.111
25.42,93.06,175.0,2.5,34.0,174.3,0.0993,-0.9951,34.0,30.6,35.4,1.193,0.0366
25.42,93.07,250.0,2.5,34.0,62.1,0.8838,0.4679,34.0,30.5,35.5,1.195,0.0365
25.42,93.08,198.0,4.2,33.9,103.6,0.972,-0.2351,33.9,30.5,35.6,1.197,0.0612
25.42,93.09,225.0,4.7,33.8,310.7,-0.7581,0.6521,33.8,30.4,35.7,1.199,0.0683
25.42,93.1,275.0,2.5,33.8,320.5,-0.6361,0.7716,33.8,30.4,35.8,1.201,0.0363
25.42,93.11,259.0,2.5,33.7,272.0,-0.9994,0.0349,33.7,30.4,35.9,1.203,0.0363
25.42,93.12,276.0,4.4,33.7,57.4,0.8425,0.5388,33.7,30.4,35.9,1.204,0.0637
25.42,93.13,318.0,4.6,33.7,54.1,0.81,0.5864,33.7,30.4,36.0,1.205,0.0666
25.42,93.14,344.0,4.0,33.7,214.3,-0.5635,-0.8261,33.7,30.4,36.0,1.205,0.0579
25.42,93.15,236.0,7.3,33.7,233.7,-0.8059,-0.592,33.7,30.4,36.0,1.205,0.1054
25.42,93.16,235.0,4.6,33.7,278.4,-0.9893,0.1461,33.7,30.3,35.9,1.205,0.0666
25.42,93.17,253.0,3.1,33.8,314.0,-0.7193,0.6947,33.8,30.3,35.9,1.204,0.0449
25.42,93.18,289.0,2.5,33.8,336.2,-0.4035,0.915,33.8,30.3,35.9,1.203,0.0363
25.42,93.19,294.0,2.5,33.9,10.7,0.1857,0.9826,33.9,30.3,35.8,1.203,0.0363
25.42,93.2,337.0,2.5,33.9,189.4,-0.1633,-0.9866,33.9,30.3,35.8,1.202,0.0363
25.42,93.21,256.0,2.9,34.0,123.5,0.8339,-0.5519,34.0,30.3,35.8,1.201,0.0421
25.42,93.22,297.0,11.2,34.0,14.0,0.2419,0.9703,34.0,30.3,35.7,1.201,0.1617
25.42,93.23,531.0,21.3,34.1,35.5,0.5807,0.8141,34.1,30.3,35.7,1.2,0.3027
25.42,93.24,752.0,4.8,34.1,41.4,0.6613,0.7501,34.1,30.3,35.7,1.2,0.0697
25.42,93.25,621.0,9.3,34.1,181.8,-0.0314,-0.9995,34.1,30.3,35.6,1.199,0.1348
25.42,93.26,518.0,12.9,34.1,173.9,0.1063,-0.9943,34.1,30.3,35.6,1.199,0.1862
25.42,93.27,294.0,9.4,34.1,201.1,-0.36,-0.933,34.1,30.3,35.6,1.198,0.1363
25.42,93.28,296.0,2.5,34.1,75.1,0.9664,0.2571,34.1,30.3,35.6,1.198,0.0364
25.42,93.29,306.0,2.5,34.1,137.9,0.6704,-0.742,34.1,30.3,35.5,1.198,0.0364
25.42,93.3,272.0,3.3,34.1,145.9,0.5606,-0.8281,34.1,30.3,35.5,1.197,0.0481
25.43,92.54,875.0,5.5,32.5,36.0,0.5878,0.809,32.5,33.0,34.5,1.185,0.0809
25.43,92.55,931.0,4.4,32.5,127.4,0.7944,-0.6074,32.5,33.0,34.5,1.186,0.0647
25.43,92.56,808.0,8.8,32.4,130.5,0.7604,-0.6494,32.4,33.0,34.6,1.187,0.1289
25.43,92.57,787.0,4.0,32.4,105.2,0.965,-0.2622,32.4,33.0,34.6,1.187,0.0588
25.43,92.58,782.0,2.9,32.4,19.7,0.3371,0.9415,32.4,33.0,34.6,1.188,0.0426
25.43,92.59,855.0,2.5,32.3,56.4,0.8329,0.5534,32.3,33.0,34.7,1.189,0.0367
25.43,92.6,797.0,3.4,32.3,179.4,0.0105,-0.9999,32.3,33.0,34.7,1.19,0.0498
25.43,92.61,770.0,2.5,32.2,127.1,0.7976,-0.6032,32.2,33.1,34.7,1.191,0.0366
25.43,92.62,784.0,2.6,32.2,232.4,-0.7923,-0.6101,32.2,33.1,34.8,1.192,0.0381
25.43,92.63,731.0,2.5,32.1,76.4,0.972,0.2351,32.1,33.1,34.8,1.193,0.0366
25.43,92.64,791.0,2.5,32.1,285.5,-0.9636,0.2672,32.1,33.1,34.9,1.194,0.0365
25.43,92.65,734.0,2.8,32.0,279.9,-0.9851,0.1719,32.0,33.1,34.9,1.195,0.0409
25.43,92.66,803.0,2.5,32.0,7.7,0.134,0.991,32.0,33.1,34.9,1.196,0.0365
25.43,92.67,781.0,2.5,31.9,310.6,-0.7593,0.6508,31.9,33.1,35.0,1.198,0.0364
25.43,92.68,820.0,2.5,31.9,230.6,-0.7727,-0.6347,31.9,33.1,35.0,1.198,0.0364
25.43,92.69,761.0,2.5,31.8,198.6,-0.319,-0.9478,31.8,33.1,35.0,1.199,0.0364
25.43,92.7,777.0,2.5,31.8,24.7,0.4179,0.9085,31.8,33.1,35.1,1.2,0.0363
25.43,92.71,812.0,4.8,31.8,5.6,0.0976,0.9952,31.8,33.1,35.1,1.2,0.0697
25.43,92.72,896.0,7.1,31.8,40.2,0.6455,0.7638,31.8,33.1,35.1,1.2,0.103
25.43,92.73,949.0,3.6,31.9,9.9,0.1719,0.9851,31.9,33.0,35.1,1.199,0.0524
25.43,92.74,984.0,4.3,32.0,105.2,0.965,-0.2622,32.0,33.0,35.0,1.198,0.0626
25.43,92.75,921.0,12.2,32.0,130.8,0.757,-0.6534,32.0,33.0,35.0,1.197,0.1765
25.43,92.76,781.0,17.3,32.2,128.3,0.7848,-0.6198,32.2,32.9,35.0,1.196,0.2486
25.43,92.77,644.0,17.2,32.3,134.0,0.7193,-0.6947,32.3,32.8,34.9,1.194,0.2477
25.43,92.78,474.0,8.9,32.4,106.0,0.9613,-0.2756,32.4,32.7,34.9,1.192,0.1298
25.43,92.79,582.0,17.8,32.6,38.9,0.628,0.7782,32.6,32.6,34.8,1.191,0.2567
25.43,92.8,832.0,13.9,32.7,32.3,0.5344,0.8453,32.7,32.5,34.8,1.189,0.202
25.43,92.81,882.0,16.6,32.8,116.0,0.8988,-0.4384,32.8,32.4,34.7,1.187,0.2407
25.43,92.82,645.0,15.8,33.0,120.1,0.8652,-0.5015,33.0,32.3,34.7,1.186,0.2296
25.43,92.83,679.0,9.3,33.1,56.7,0.8358,0.549,33.1,32.2,34.7,1.185,0.1364
25.43,92.84,773.0,4.4,33.3,55.8,0.8271,0.5621,33.3,32.1,34.6,1.183,0.0649
25.43,92.85,741.0,8.3,33.4,133.0,0.7314,-0.682,33.4,31.9,34.6,1.182,0.1221
25.43,92.86,630.0,19.4,33.6,149.6,0.506,-0.8625,33.6,31.8,34.6,1.181,0.2813
25.43,92.87,307.0,9.3,33.7,93.7,0.9979,-0.0645,33.7,31.7,34.6,1.179,0.1371
25.43,92.88,615.0,16.3,33.9,54.7,0.8161,0.5779,33.9,31.6,34.5,1.178,0.2383
25.43,92.89,549.0,4.3,34.0,180.0,0.0,-1.0,34.0,31.5,34.5,1.177,0.0637
25.43,92.9,507.0,3.2,34.1,261.5,-0.989,-0.1478,34.1,31.4,34.4,1.175,0.0475
25.43,92.91,537.0,2.6,34.3,280.7,-0.9826,0.1857,34.3,31.3,34.4,1.174,0.0386
25.43,92.92,519.0,5.0,34.4,243.6,-0.8957,-0.4446,34.4,31.3,34.3,1.173,0.0743
25.43,92.93,481.0,7.2,34.5,238.4,-0.8517,-0.524,34.5,31.3,34.3,1.171,0.107
25.43,92.94,424.0,4.8,34.5,149.8,0.503,-0.8643,34.5,31.2,34.2,1.171,0.0715
25.43,92.95,377.0,6.2,34.5,171.3,0.1513,-0.9885,34.5,31.2,34.2,1.17,0.0923
25.43,92.96,270.0,2.5,34.5,204.7,-0.4179,-0.9085,34.5,31.2,34.3,1.171,0.0372
25.43,92.97,320.0,2.5,34.5,291.5,-0.9304,0.3665,34.5,31.2,34.3,1.172,0.0372
25.43,92.98,292.0,5.3,34.4,202.4,-0.3811,-0.9245,34.4,31.2,34.4,1.174,0.0787
25.43,92.99,197.0,3.8,34.3,251.8,-0.95,-0.3123,34.3,31.2,34.5,1.176,0.0564
25.43,93.0,262.0,2.5,34.2,343.2,-0.289,0.9573,34.2,31.1,34.7,1.179,0.037
25.43,93.01,248.0,5.9,34.2,129.6,0.7705,-0.6374,34.2,31.0,34.8,1.182,0.087
25.43,93.02,168.0,2.5,34.1,193.3,-0.23,-0.9732,34.1,31.0,34.9,1.185,0.0368
25.43,93.03,206.0,2.5,34.0,239.2,-0.859,-0.512,34.0,30.9,35.1,1.188,0.0367
25.43,93.04,161.0,4.6,33.9,111.5,0.9304,-0.3665,33.9,30.8,35.2,1.191,0.0673
25.43,93.05,164.0,4.4,33.9,33.4,0.5505,0.8348,33.9,30.7,35.4,1.194,0.0643
25.43,93.06,254.0,3.4,33.8,331.2,-0.4818,0.8763,33.8,30.7,35.5,1.197,0.0495
25.43,93.07,238.0,3.4,33.7,239.2,-0.859,-0.512,33.7,30.7,35.7,1.2,0.0494
25.43,93.08,211.0,2.5,33.6,345.6,-0.2487,0.9686,33.6,30.6,35.8,1.202,0.0363
25.43,93.09,298.0,4.6,33.5,324.6,-0.5793,0.8151,33.5,30.6,35.9,1.205,0.0666
25.43,93.1,305.0,2.5,33.3,258.4,-0.9796,-0.2011,33.3,30.6,36.0,1.208,0.0361
25.43,93.11,293.0,3.0,33.2,140.5,0.6361,-0.7716,33.2,30.7,36.1,1.21,0.0433
25.43,93.12,248.0,4.7,33.2,144.5,0.5807,-0.8141,33.2,30.7,36.2,1.211,0.0677
25.43,93.13,198.0,2.8,33.1,57.5,0.8434,0.5373,33.1,30.7,36.2,1.212,0.0403
25.43,93.14,286.0,9.4,33.1,19.7,0.3371,0.9415,33.1,30.6,36.2,1.212,0.1348
25.43,93.15,420.0,3.7,33.2,342.9,-0.294,0.9558,33.2,30.6,36.2,1.212,0.0532
25.43,93.16,374.0,3.4,33.3,209.6,-0.4939,-0.8695,33.3,30.6,36.2,1.211,0.049
25.43,93.17,347.0,6.3,33.4,243.9,-0.898,-0.4399,33.4,30.5,36.1,1.21,0.0907
25.43,93.18,305.0,2.8,33.5,233.6,-0.8049,-0.5934,33.5,30.5,36.0,1.208,0.0404
25.43,93.19,305.0,2.5,33.6,254.1,-0.9617,-0.274,33.6,30.4,36.0,1.207,0.0361
25.43,93.2,289.0,2.5,33.7,102.8,0.9751,-0.2215,33.7,30.4,35.9,1.206,0.0362
25.43,93.21,296.0,2.5,33.8,272.6,-0.999,0.0454,33.8,30.4,35.9,1.205,0.0362
25.43,93.22,290.0,4.7,33.8,32.2,0.5329,0.8462,33.8,30.4,35.8,1.204,0.0681
25.43,93.23,395.0,14.9,33.9,33.3,0.549,0.8358,33.9,30.3,35.8,1.203,0.2137
25.43,93.24,608.0,14.2,33.9,78.0,0.9781,0.2079,33.9,30.3,35.7,1.202,0.2041
25.43,93.25,470.0,9.8,34.0,141.6,0.6211,-0.7837,34.0,30.3,35.7,1.201,0.1417
25.43,93.26,414.0,9.7,34.0,112.7,0.9225,-0.3859,34.0,30.3,35.7,1.201,0.1403
25.43,93.27,376.0,7.1,34.0,197.4,-0.299,-0.9542,34.0,30.3,35.6,1.2,0.103
25.43,93.28,244.0,4.5,34.0,171.2,0.153,-0.9882,34.0,30.4,35.6,1.2,0.0654
25.43,93.29,265.0,2.5,34.1,42.8,0.6794,0.7337,34.1,30.4,35.6,1.199,0.0364
25.43,93.3,286.0,2.5,34.1,328.9,-0.5165,0.8563,34.1,30.4,35.5,1.199,0.0364
25.44,92.54,811.0,4.6,32.5,96.9,0.9928,-0.1201,32.5,33.0,34.6,1.186,0.0676
25.44,92.55,804.0,5.7,32.4,112.0,0.9272,-0.3746,32.4,33.0,34.6,1.187,0.0837
25.44,92.56,757.0,2.7,32.4,88.3,0.9996,0.0297,32.4,33.0,34.6,1.188,0.0397
25.44,92.57,806.0,2.5,32.3,295.4,-0.9033,0.4289,32.3,33.0,34.7,1.189,0.0367
25.44,92.58,775.0,2.5,32.3,313.7,-0.723,0.6909,32.3,33.0,34.7,1.189,0.0367
25.44,92.59,825.0,4.0,32.3,95.7,0.9951,-0.0993,32.3,33.0,34.7,1.19,0.0586
25.44,92.6,765.0,4.2,32.2,150.8,0.4879,-0.8729,32.2,33.0,34.8,1.191,0.0615
25.44,92.61,733.0,2.5,32.1,325.9,-0.5606,0.8281,32.1,33.1,34.8,1.193,0.0366
25.44,92.62,801.0,2.5,32.1,9.3,0.1616,0.9869,32.1,33.1,34.8,1.194,0.0365
25.44,92.63,744.0,2.5,32.0,222.9,-0.6807,-0.7325,32.0,33.1,34.9,1.195,0.0365
25.44,92.64,765.0,2.9,32.0,343.2,-0.289,0.9573,32.0,33.1,34.9,1.196,0.0423
25.44,92.65,813.0,2.5,31.9,271.2,-0.9998,0.0209,31.9,33.1,35.0,1.198,0.0364
25.44,92.66,766.0,2.5,31.8,211.0,-0.515,-0.8572,31.8,33.1,35.0,1.199,0.0364
25.44,92.67,789.0,2.5,31.8,50.3,0.7694,0.6388,31.8,33.1,35.1,1.2,0.0363
25.44,92.68,790.0,4.9,31.7,93.3,0.9983,-0.0576,31.7,33.1,35.1,1.201,0.0711
25.44,92.69,782.0,4.1,31.7,96.2,0.9942,-0.108,31.7,33.1,35.2,1.202,0.0595
25.44,92.7,779.0,4.4,31.7,78.9,0.9813,0.1925,31.7,33.1,35.2,1.203,0.0638
25.44,92.71,803.0,5.2,31.6,64.3,0.9011,0.4337,31.6,33.1,35.2,1.203,0.0753
25.44,92.72,835.0,7.4,31.7,38.8,0.6266,0.7793,31.7,33.1,35.2,1.203,0.1071
25.44,92.73,948.0,5.6,31.7,108.3,0.9494,-0.314,31.7,33.1,35.2,1.203,0.0811
25.44,92.74,791.0,15.2,31.8,133.4,0.7266,-0.6871,31.8,33.0,35.2,1.202,0.2181
25.44,92.75,681.0,17.2,31.9,125.7,0.8121,-0.5835,31.9,33.0,35.1,1.2,0.2464
25.44,92.76,533.0,9.8,32.0,117.1,0.8902,-0.4555,32.0,32.9,35.1,1.199,0.142
25.44,92.77,568.0,6.9,32.1,121.6,0.8517,-0.524,32.1,32.8,35.0,1.197,0.1004
25.44,92.78,442.0,3.1,32.3,98.1,0.99,-0.1409,32.3,32.8,35.0,1.195,0.0453
25.44,92.79,557.0,12.0,32.4,2.9,0.0506,0.9987,32.4,32.7,34.9,1.193,0.1743
25.44,92.8,746.0,10.4,32.6,93.9,0.9977,-0.068,32.6,32.5,34.9,1.191,0.1516
25.44,92.81,539.0,20.5,32.8,123.0,0.8387,-0.5446,32.8,32.4,34.8,1.189,0.2945
25.44,92.82,455.0,7.4,32.9,63.6,0.8957,0.4446,32.9,32.3,34.8,1.188,0.1084
25.44,92.83,622.0,13.0,33.1,31.0,0.515,0.8572,33.1,32.2,34.7,1.186,0.1897
25.44,92.84,738.0,12.6,33.2,102.6,0.9759,-0.2181,33.2,32.1,34.7,1.185,0.1841
25.44,92.85,552.0,20.0,33.4,130.2,0.7638,-0.6455,33.4,32.0,34.7,1.183,0.2891
25.44,92.86,401.0,16.0,33.5,138.1,0.6678,-0.7443,33.5,31.8,34.6,1.182,0.2332
25.44,92.87,247.0,7.8,33.7,227.5,-0.7373,-0.6756,33.7,31.7,34.6,1.18,0.115
25.44,92.88,268.0,19.2,33.8,45.5,0.7133,0.7009,33.8,31.6,34.6,1.179,0.2789
25.44,92.89,597.0,15.5,34.0,17.8,0.3057,0.9521,34.0,31.5,34.5,1.178,0.2269
25.44,92.9,646.0,3.8,34.1,117.1,0.8902,-0.4555,34.1,31.4,34.5,1.176,0.0564
25.44,92.91,554.0,5.5,34.2,133.2,0.729,-0.6845,34.2,31.4,34.4,1.175,0.0816
25.44,92.92,551.0,3.8,34.3,168.1,0.2062,-0.9785,34.3,31.3,34.4,1.173,0.0565
25.44,92.93,460.0,8.7,34.4,173.9,0.1063,-0.9943,34.4,31.3,34.3,1.172,0.1291
25.44,92.94,332.0,5.4,34.5,167.6,0.2147,-0.9767,34.5,31.2,34.3,1.171,0.0804
25.44,92.95,329.0,2.7,34.5,6.8,0.1184,0.993,34.5,31.2,34.3,1.171,0.0402
25.44,92.96,400.0,3.5,34.5,259.3,-0.9826,-0.1857,34.5,31.2,34.3,1.172,0.0521
25.44,92.97,313.0,4.4,34.4,165.2,0.2554,-0.9668,34.4,31.2,34.4,1.173,0.0654
25.44,92.98,294.0,2.5,34.4,189.5,-0.165,-0.9863,34.4,31.2,34.4,1.175,0.0371
25.44,92.99,286.0,4.6,34.3,255.4,-0.9677,-0.2521,34.3,31.2,34.6,1.177,0.0681
25.44,93.0,265.0,4.6,34.2,139.9,0.6441,-0.7649,34.2,31.1,34.7,1.18,0.068
25.44,93.01,198.0,5.8,34.1,140.0,0.6428,-0.766,34.1,31.1,34.9,1.184,0.0854
25.44,93.02,154.0,2.5,34.0,253.7,-0.9598,-0.2807,34.0,31.0,35.0,1.187,0.0367
25.44,93.03,184.0,2.6,33.9,353.7,-0.1097,0.994,33.9,30.9,35.2,1.19,0.0381
25.44,93.04,219.0,2.5,33.8,320.7,-0.6334,0.7738,33.8,30.9,35.3,1.194,0.0365
25.44,93.05,227.0,2.5,33.7,273.0,-0.9986,0.0523,33.7,30.8,35.5,1.197,0.0364
25.44,93.06,220.0,4.2,33.6,11.4,0.1977,0.9803,33.6,30.8,35.6,1.2,0.061
25.44,93.07,330.0,2.5,33.4,113.1,0.9198,-0.3923,33.4,30.8,35.8,1.204,0.0362
25.44,93.08,215.0,2.5,33.2,206.3,-0.4431,-0.8965,33.2,30.8,36.0,1.207,0.0361
25.44,93.09,299.0,3.9,33.1,26.5,0.4462,0.8949,33.1,30.8,36.1,1.211,0.0562
25.44,93.1,302.0,4.1,32.9,154.3,0.4337,-0.9011,32.9,30.8,36.3,1.214,0.0589
25.44,93.11,207.0,4.7,32.7,148.7,0.5195,-0.8545,32.7,30.9,36.4,1.217,0.0673
25.44,93.12,201.0,2.5,32.6,41.4,0.6613,0.7501,32.6,30.9,36.5,1.219,0.0358
25.44,93.13,252.0,2.5,32.6,4.7,0.0819,0.9966,32.6,30.9,36.5,1.22,0.0358
25.44,93.14,256.0,2.5,32.6,72.4,0.9532,0.3024,32.6,30.9,36.5,1.22,0.0358
25.44,93.15,266.0,6.7,32.7,81.4,0.9888,0.1495,32.7,30.9,36.5,1.219,0.0957
25.44,93.16,281.0,7.5,32.8,40.9,0.6547,0.7559,32.8,30.8,36.4,1.217,0.1073
25.44,93.17,409.0,4.9,33.0,54.4,0.8131,0.5821,33.0,30.7,36.3,1.216,0.0702
25.44,93.18,352.0,3.2,33.1,130.8,0.757,-0.6534,33.1,30.7,36.2,1.214,0.046
25.44,93.19,356.0,3.4,33.3,133.9,0.7206,-0.6934,33.3,30.6,36.1,1.212,0.0489
25.44,93.2,293.0,3.6,33.4,148.3,0.5255,-0.8508,33.4,30.5,36.0,1.21,0.0519
25.44,93.21,280.0,3.4,33.5,140.7,0.6334,-0.7738,33.5,30.5,36.0,1.208,0.0491
25.44,93.22,228.0,2.5,33.6,67.3,0.9225,0.3859,33.6,30.5,35.9,1.207,0.0361
25.44,93.23,300.0,7.7,33.7,47.2,0.7337,0.6794,33.7,30.4,35.8,1.205,0.1112
25.44,93.24,360.0,14.4,33.8,65.7,0.9114,0.4115,33.8,30.4,35.8,1.204,0.2066
25.44,93.25,451.0,9.1,33.9,113.4,0.9178,-0.3971,33.9,30.4,35.7,1.203,0.1315
25.44,93.26,269.0,7.5,33.9,121.5,0.8526,-0.5225,33.9,30.4,35.7,1.203,0.1085
25.44,93.27,353.0,5.0,33.9,86.4,0.998,0.0628,33.9,30.4,35.7,1.202,0.0725
25.44,93.28,277.0,3.6,34.0,176.0,0.0698,-0.9976,34.0,30.4,35.6,1.201,0.0523
25.44,93.29,263.0,2.5,34.0,137.9,0.6704,-0.742,34.0,30.4,35.6,1.201,0.0363
25.45,92.55,783.0,20.0,32.4,100.8,0.9823,-0.1874,32.4,33.0,34.6,1.188,0.2879
25.45,92.56,734.0,18.2,32.3,84.4,0.9952,0.0976,32.3,33.0,34.7,1.189,0.2627
25.45,92.57,829.0,19.9,32.3,82.2,0.9907,0.1357,32.3,33.0,34.7,1.19,0.286
25.45,92.58,804.0,19.0,32.2,99.8,0.9854,-0.1702,32.2,33.0,34.7,1.191,0.2734
25.45,92.59,745.0,20.5,32.2,96.9,0.9928,-0.1201,32.2,33.0,34.8,1.192,0.2938
25.45,92.6,740.0,18.5,32.1,83.8,0.9942,0.108,32.1,33.0,34.8,1.193,0.266
25.45,92.61,797.0,17.4,32.1,84.6,0.9956,0.0941,32.1,33.0,34.9,1.194,0.2505
25.45,92.62,782.0,19.6,32.0,93.3,0.9983,-0.0576,32.0,33.1,34.9,1.196,0.2805
25.45,92.63,768.0,17.8,31.9,86.0,0.9976,0.0698,31.9,33.1,35.0,1.197,0.2554
25.45,92.64,814.0,18.4,31.9,87.6,0.9991,0.0419,31.9,33.1,35.0,1.199,0.2633
25.45,92.65,788.0,20.0,31.8,89.4,0.9999,0.0105,31.8,33.1,35.1,1.2,0.285
25.45,92.66,819.0,18.5,31.7,94.7,0.9966,-0.0819,31.7,33.1,35.2,1.202,0.264
25.45,92.67,749.0,19.8,31.6,105.0,0.9659,-0.2588,31.6,33.2,35.2,1.203,0.2816
25.45,92.68,685.0,19.6,31.6,101.3,0.9806,-0.1959,31.6,33.2,35.3,1.204,0.2786
25.45,92.69,649.0,19.0,31.5,93.1,0.9985,-0.0541,31.5,33.2,35.3,1.205,0.2702
25.45,92.7,658.0,18.9,31.5,86.0,0.9976,0.0698,31.5,33.2,35.3,1.206,0.2686
25.45,92.71,683.0,20.1,31.5,78.0,0.9781,0.2079,31.5,33.2,35.3,1.206,0.285
25.45,92.72,767.0,21.1,31.5,77.6,0.9767,0.2147,31.5,33.2,35.3,1.206,0.2985
25.45,92.73,802.0,24.4,31.5,98.5,0.989,-0.1478,31.5,33.1,35.3,1.206,0.3425
25.45,92.74,671.0,21.8,31.6,119.1,0.8738,-0.4863,31.6,33.1,35.3,1.205,0.3082
25.45,92.75,523.0,16.5,31.7,108.6,0.9478,-0.319,31.7,33.0,35.3,1.203,0.2361
25.45,92.76,536.0,10.7,31.8,99.1,0.9874,-0.1582,31.8,33.0,35.2,1.202,0.1545
25.45,92.77,480.0,13.1,32.0,116.3,0.8965,-0.4431,32.0,32.9,35.1,1.2,0.1889
25.45,92.78,388.0,8.1,32.1,65.3,0.9085,0.4179,32.1,32.8,35.1,1.198,0.1176
25.45,92.79,565.0,12.9,32.3,61.8,0.8813,0.4726,32.3,32.7,35.0,1.195,0.1868
25.45,92.8,543.0,19.0,32.5,111.4,0.9311,-0.3649,32.5,32.6,34.9,1.193,0.2729
25.45,92.81,385.0,11.3,32.7,106.9,0.9568,-0.2907,32.7,32.5,34.9,1.191,0.1645
25.45,92.82,460.0,8.9,32.8,61.7,0.8805,0.4741,32.8,32.3,34.8,1.189,0.1301
25.45,92.83,491.0,13.7,33.0,95.6,0.9952,-0.0976,33.0,32.2,34.8,1.188,0.1994
25.45,92.84,426.0,18.9,33.2,112.9,0.9212,-0.3891,33.2,32.1,34.8,1.186,0.2731
25.45,92.85,300.0,11.9,33.3,109.2,0.9444,-0.3289,33.3,32.0,34.7,1.184,0.1742
25.45,92.86,327.0,8.9,33.5,41.4,0.6613,0.7501,33.5,31.8,34.7,1.183,0.1308
25.45,92.87,468.0,4.2,33.6,175.1,0.0854,-0.9963,33.6,31.7,34.6,1.182,0.062
25.45,92.88,221.0,2.5,33.8,152.2,0.4664,-0.8846,33.8,31.6,34.6,1.18,0.037
25.45,92.89,415.0,14.8,33.9,59.3,0.8599,0.5105,33.9,31.5,34.6,1.179,0.2167
25.45,92.9,414.0,14.5,34.0,88.4,0.9996,0.0279,34.0,31.4,34.5,1.177,0.2127
25.45,92.91,425.0,11.8,34.2,73.8,0.9603,0.279,34.2,31.4,34.5,1.176,0.1739
25.45,92.92,497.0,11.3,34.3,84.0,0.9945,0.1045,34.3,31.3,34.4,1.175,0.1668
25.45,92.93,455.0,9.0,34.3,117.5,0.887,-0.4617,34.3,31.3,34.4,1.174,0.1332
25.45,92.94,392.0,4.9,34.4,135.4,0.7022,-0.712,34.4,31.3,34.3,1.173,0.0728
25.45,92.95,368.0,3.5,34.4,108.6,0.9478,-0.319,34.4,31.2,34.3,1.173,0.052
25.45,92.96,364.0,6.7,34.4,118.2,0.8813,-0.4726,34.4,31.2,34.4,1.173,0.0995
25.45,92.97,289.0,3.8,34.3,134.3,0.7157,-0.6984,34.3,31.2,34.4,1.175,0.0564
25.45,92.98,297.0,2.5,34.3,58.9,0.8563,0.5165,34.3,31.2,34.5,1.176,0.0371
25.45,92.99,320.0,5.0,34.2,159.3,0.3535,-0.9354,34.2,31.2,34.6,1.179,0.0739
25.45,93.0,180.0,7.0,34.1,171.8,0.1426,-0.9898,34.1,31.1,34.8,1.182,0.1031
25.45,93.01,145.0,2.5,34.0,319.3,-0.6521,0.7581,34.0,31.1,34.9,1.185,0.0368
25.45,93.02,221.0,4.1,33.9,312.6,-0.7361,0.6769,33.9,31.0,35.1,1.189,0.0601
25.45,93.03,214.0,2.5,33.8,246.3,-0.9157,-0.4019,33.8,31.0,35.3,1.192,0.0366
25.45,93.04,200.0,2.5,33.6,209.3,-0.4894,-0.8721,33.6,30.9,35.4,1.196,0.0365
25.45,93.05,185.0,2.5,33.5,343.8,-0.279,0.9603,33.5,30.9,35.6,1.2,0.0363
25.45,93.06,231.0,2.5,33.3,339.0,-0.3584,0.9336,33.3,30.9,35.8,1.204,0.0362
25.45,93.07,225.0,3.4,33.1,92.0,0.9994,-0.0349,33.1,30.9,36.0,1.208,0.0491
25.45,93.08,228.0,2.5,32.9,321.5,-0.6225,0.7826,32.9,30.9,36.1,1.212,0.036
25.45,93.09,250.0,2.5,32.7,63.4,0.8942,0.4478,32.7,31.0,36.3,1.217,0.0358
25.45,93.1,256.0,2.6,32.5,113.1,0.9198,-0.3923,32.5,31.0,36.5,1.221,0.0372
25.45,93.11,225.0,2.5,32.3,207.5,-0.4617,-0.887,32.3,31.1,36.6,1.224,0.0356
25.45,93.12,204.0,2.5,32.1,225.4,-0.712,-0.7022,32.1,31.1,36.8,1.227,0.0355
25.45,93.13,193.0,2.5,32.1,22.3,0.3795,0.9252,32.1,31.2,36.8,1.228,0.0355
25.45,93.14,237.0,2.5,32.1,21.3,0.3633,0.9317,32.1,31.1,36.8,1.227,0.0355
25.45,93.15,237.0,2.5,32.2,90.0,1.0,0.0,32.2,31.1,36.7,1.226,0.0356
25.45,93.16,237.0,2.5,32.4,90.0,1.0,0.0,32.4,31.0,36.6,1.224,0.0356
25.45,93.17,237.0,6.2,32.6,90.0,1.0,0.0,32.6,30.9,36.5,1.221,0.0885
25.45,93.18,237.0,4.1,32.8,90.0,1.0,0.0,32.8,30.8,36.4,1.218,0.0587
25.45,93.19,237.0,4.3,33.0,90.0,1.0,0.0,33.0,30.7,36.3,1.216,0.0617
25.45,93.2,237.0,2.5,33.2,90.0,1.0,0.0,33.2,30.7,36.2,1.213,0.036
25.45,93.21,237.0,2.5,33.3,90.0,1.0,0.0,33.3,30.6,36.1,1.211,0.036
25.45,93.22,237.0,2.5,33.5,270.0,-1.0,-0.0,33.5,30.6,36.0,1.21,0.036
25.45,93.23,237.0,2.5,33.6,90.0,1.0,0.0,33.6,30.5,35.9,1.208,0.0361
25.45,93.24,237.0,4.4,33.7,90.0,1.0,0.0,33.7,30.5,35.8,1.207,0.0636
25.45,93.25,237.0,7.7,33.7,90.0,1.0,0.0,33.7,30.5,35.8,1.205,0.1112
25.45,93.26,237.0,2.5,33.8,90.0,1.0,0.0,33.8,30.5,35.7,1.204,0.0362
25.45,93.27,237.0,4.2,33.8,90.0,1.0,0.0,33.8,30.4,35.7,1.204,0.0608
25.45,93.28,237.0,2.5,33.9,90.0,1.0,0.0,33.9,30.4,35.7,1.203,0.0363
25.45,93.29,237.0,2.5,33.9,90.0,1.0,0.0,33.9,30.5,35.6,1.202,0.0363
25.46,92.55,237.0,34.6,32.3,90.0,1.0,0.0,32.3,33.0,34.7,1.189,0.4776
25.46,92.56,237.0,17.4,32.3,90.0,1.0,0.0,32.3,33.0,34.7,1.19,0.2513
25.46,92.57,237.0,20.5,32.3,90.0,1.0,0.0,32.3,33.0,34.8,1.191,0.294
25.46,92.58,237.0,19.7,32.2,90.0,1.0,0.0,32.2,33.0,34.8,1.192,0.2828
25.46,92.59,237.0,17.8,32.1,90.0,1.0,0.0,32.1,33.0,34.8,1.193,0.2562
25.46,92.6,237.0,17.6,32.1,90.0,1.0,0.0,32.1,33.0,34.9,1.194,0.2532
25.46,92.61,237.0,19.5,32.0,90.0,1.0,0.0,32.0,33.0,34.9,1.196,0.2791
25.46,92.62,237.0,19.0,31.9,90.0,1.0,0.0,31.9,33.1,35.0,1.197,0.272
25.46,92.63,237.0,18.5,31.9,90.0,1.0,0.0,31.9,33.1,35.1,1.199,0.2646
25.46,92.64,237.0,20.0,31.8,90.0,1.0,0.0,31.8,33.1,35.1,1.2,0.285
25.46,92.65,237.0,19.2,31.7,90.0,1.0,0.0,31.7,33.1,35.2,1.202,0.2736
25.46,92.66,237.0,20.2,31.6,90.0,1.0,0.0,31.6,33.2,35.2,1.204,0.2868
25.46,92.67,237.0,17.9,31.5,90.0,1.0,0.0,31.5,33.2,35.3,1.205,0.2551
25.46,92.68,237.0,15.8,31.4,90.0,1.0,0.0,31.4,33.2,35.4,1.207,0.2256
25.46,92.69,237.0,14.6,31.4,90.0,1.0,0.0,31.4,33.2,35.4,1.208,0.2087
25.46,92.7,237.0,14.9,31.3,90.0,1.0,0.0,31.3,33.2,35.4,1.209,0.2127
25.46,92.71,237.0,15.7,31.3,90.0,1.0,0.0,31.3,33.2,35.5,1.21,0.2236
25.46,92.72,237.0,18.5,31.3,90.0,1.0,0.0,31.3,33.2,35.5,1.21,0.2622
25.46,92.73,237.0,19.6,31.3,90.0,1.0,0.0,31.3,33.2,35.5,1.209,0.2775
25.46,92.74,237.0,15.3,31.4,90.0,1.0,0.0,31.4,33.2,35.4,1.208,0.2184
25.46,92.75,237.0,10.2,31.5,90.0,1.0,0.0,31.5,33.1,35.4,1.207,0.1467
25.46,92.76,237.0,10.7,31.7,90.0,1.0,0.0,31.7,33.0,35.3,1.205,0.1541
25.46,92.77,237.0,8.7,31.8,90.0,1.0,0.0,31.8,32.9,35.2,1.202,0.1258
25.46,92.78,237.0,5.4,32.0,90.0,1.0,0.0,32.0,32.8,35.2,1.2,0.0784
25.46,92.79,237.0,11.7,32.2,90.0,1.0,0.0,32.2,32.7,35.1,1.198,0.1693
25.46,92.8,237.0,10.9,32.4,90.0,1.0,0.0,32.4,32.6,35.0,1.195,0.1582
25.46,92.81,237.0,5.3,32.6,90.0,1.0,0.0,32.6,32.5,35.0,1.193,0.0774
25.46,92.82,237.0,8.0,32.7,90.0,1.0,0.0,32.7,32.4,34.9,1.191,0.1169
25.46,92.83,237.0,9.1,32.9,90.0,1.0,0.0,32.9,32.2,34.9,1.189,0.133
25.46,92.84,237.0,6.8,33.1,90.0,1.0,0.0,33.1,32.1,34.8,1.187,0.0998
25.46,92.85,237.0,2.5,33.3,90.0,1.0,0.0,33.3,32.0,34.8,1.186,0.0368
25.46,92.86,237.0,3.2,33.4,90.0,1.0,0.0,33.4,31.9,34.7,1.184,0.0471
25.46,92.87,237.0,8.3,33.6,90.0,1.0,0.0,33.6,31.8,34.7,1.183,0.122
25.46,92.88,237.0,2.5,33.7,270.0,-1.0,-0.0,33.7,31.6,34.7,1.181,0.0369
25.46,92.89,237.0,6.4,33.8,90.0,1.0,0.0,33.8,31.6,34.6,1.18,0.0945
25.46,92.9,237.0,6.4,34.0,90.0,1.0,0.0,34.0,31.5,34.6,1.179,0.0945
25.46,92.91,237.0,6.8,34.1,90.0,1.0,0.0,34.1,31.4,34.5,1.177,0.1006
25.46,92.92,237.0,9.3,34.2,90.0,1.0,0.0,34.2,31.3,34.5,1.176,0.1374
25.46,92.93,237.0,7.8,34.2,90.0,1.0,0.0,34.2,31.3,34.4,1.175,0.1155
25.46,92.94,237.0,5.6,34.3,90.0,1.0,0.0,34.3,31.3,34.4,1.175,0.083
25.46,92.95,237.0,4.7,34.3,90.0,1.0,0.0,34.3,31.3,34.4,1.175,0.0697
25.46,92.96,237.0,4.6,34.3,90.0,1.0,0.0,34.3,31.2,34.5,1.175,0.0683
25.46,92.97,237.0,2.5,34.3,90.0,1.0,0.0,34.3,31.2,34.5,1.177,0.0371
25.46,92.98,237.0,2.5,34.2,90.0,1.0,0.0,34.2,31.2,34.6,1.179,0.037
25.46,92.99,237.0,3.0,34.1,90.0,1.0,0.0,34.1,31.2,34.7,1.181,0.0443
25.46,93.0,237.0,2.5,34.0,270.0,-1.0,-0.0,34.0,31.1,34.9,1.184,0.0368
25.46,93.01,237.0,3.3,33.9,270.0,-1.0,-0.0,33.9,31.1,35.0,1.187,0.0485
25.46,93.02,237.0,2.5,33.8,270.0,-1.0,-0.0,33.8,31.0,35.2,1.191,0.0366
25.46,93.03,237.0,2.5,33.6,270.0,-1.0,-0.0,33.6,31.0,35.3,1.195,0.0365
25.46,93.04,237.0,2.5,33.5,270.0,-1.0,-0.0,33.5,31.0,35.5,1.199,0.0364
25.46,93.05,237.0,2.5,33.3,270.0,-1.0,-0.0,33.3,31.0,35.7,1.203,0.0363
25.46,93.06,237.0,2.5,33.1,270.0,-1.0,-0.0,33.1,31.0,35.9,1.208,0.0361
25.46,93.07,237.0,2.5,32.9,270.0,-1.0,-0.0,32.9,31.0,36.1,1.212,0.036
25.46,93.08,237.0,2.5,32.6,270.0,-1.0,-0.0,32.6,31.1,36.3,1.217,0.0358
25.46,93.09,237.0,2.5,32.3,90.0,1.0,0.0,32.3,31.1,36.5,1.222,0.0357
25.46,93.1,237.0,2.5,32.1,90.0,1.0,0.0,32.1,31.2,36.7,1.227,0.0355
25.46,93.11,237.0,2.5,31.8,270.0,-1.0,-0.0,31.8,31.3,36.9,1.231,0.0354
25.46,93.12,237.0,2.5,31.6,270.0,-1.0,-0.0,31.6,31.3,37.0,1.234,0.0353
25.46,93.13,237.0,2.5,31.6,270.0,-1.0,-0.0,31.6,31.4,37.1,1.235,0.0353
25.46,93.14,237.0,2.5,31.6,0.0,0.0,1.0,31.6,31.3,37.1,1.234,0.0353
25.46,93.15,237.0,2.5,31.8,0.0,0.0,1.0,31.8,31.3,37.0,1.232,0.0354
25.46,93.16,237.0,2.5,32.0,0.0,0.0,1.0,32.0,31.2,36.8,1.23,0.0355
25.46,93.17,237.0,2.5,32.2,0.0,0.0,1.0,32.2,31.1,36.7,1.226,0.0356
25.46,93.18,237.0,2.5,32.5,0.0,0.0,1.0,32.5,31.0,36.5,1.223,0.0357
25.46,93.19,237.0,2.5,32.8,0.0,0.0,1.0,32.8,30.9,36.4,1.22,0.0358
25.46,93.2,237.0,2.5,33.0,0.0,0.0,1.0,33.0,30.8,36.3,1.217,0.0358
25.46,93.21,237.0,2.5,33.2,0.0,0.0,1.0,33.2,30.7,36.2,1.214,0.0359
25.46,93.22,237.0,2.5,33.3,0.0,0.0,1.0,33.3,30.6,36.1,1.212,0.036
25.46,93.23,237.0,2.5,33.4,0.0,0.0,1.0,33.4,30.6,36.0,1.21,0.036
25.46,93.24,237.0,2.5,33.6,0.0,0.0,1.0,33.6,30.5,35.9,1.209,0.0361
25.46,93.25,237.0,2.5,33.6,0.0,0.0,1.0,33.6,30.5,35.8,1.207,0.0361
25.46,93.26,237.0,2.5,33.7,0.0,0.0,1.0,33.7,30.5,35.8,1.206,0.0362
25.46,93.27,237.0,2.5,33.8,0.0,0.0,1.0,33.8,30.5,35.7,1.205,0.0362
25.46,93.28,237.0,2.5,33.8,0.0,0.0,1.0,33.8,30.5,35.7,1.204,0.0362
25.46,93.29,237.0,2.5,33.9,0.0,0.0,1.0,33.9,30.5,35.7,1.203,0.0363
25.47,92.56,237.0,2.5,32.3,0.0,0.0,1.0,32.3,33.0,34.8,1.191,0.0366
25.47,92.57,237.0,2.5,32.2,0.0,0.0,1.0,32.2,33.0,34.8,1.192,0.0366
25.47,92.58,237.0,2.5,32.2,0.0,0.0,1.0,32.2,33.0,34.9,1.193,0.0366
25.47,92.59,237.0,2.5,32.1,0.0,0.0,1.0,32.1,33.0,34.9,1.194,0.0365
25.47,92.6,237.0,2.5,32.0,0.0,0.0,1.0,32.0,33.0,35.0,1.196,0.0365
25.47,92.61,237.0,2.5,31.9,0.0,0.0,1.0,31.9,33.0,35.0,1.197,0.0364
25.47,92.62,237.0,2.5,31.9,0.0,0.0,1.0,31.9,33.1,35.1,1.199,0.0364
25.47,92.63,237.0,2.5,31.8,0.0,0.0,1.0,31.8,33.1,35.1,1.2,0.0363
25.47,92.64,237.0,2.5,31.7,0.0,0.0,1.0,31.7,33.1,35.2,1.202,0.0363
25.47,92.65,237.0,2.5,31.6,0.0,0.0,1.0,31.6,33.2,35.3,1.204,0.0362
25.47,92.66,237.0,2.5,31.5,0.0,0.0,1.0,31.5,33.2,35.3,1.206,0.0362
25.47,92.67,237.0,2.5,31.4,0.0,0.0,1.0,31.4,33.2,35.4,1.208,0.0361
25.47,92.68,237.0,2.5,31.3,0.0,0.0,1.0,31.3,33.2,35.5,1.209,0.0361
25.47,92.69,237.0,2.5,31.2,0.0,0.0,1.0,31.2,33.3,35.5,1.211,0.036
25.47,92.7,237.0,2.5,31.2,0.0,0.0,1.0,31.2,33.3,35.6,1.212,0.036
25.47,92.71,237.0,2.5,31.1,0.0,0.0,1.0,31.1,33.3,35.6,1.213,0.036
25.47,92.72,237.0,2.5,31.1,0.0,0.0,1.0,31.1,33.3,35.6,1.213,0.036
25.47,92.73,237.0,2.5,31.2,0.0,0.0,1.0,31.2,33.3,35.6,1.212,0.036
25.47,92.74,237.0,2.5,31.2,0.0,0.0,1.0,31.2,33.2,35.5,1.211,0.036
25.47,92.75,237.0,2.5,31.4,0.0,0.0,1.0,31.4,33.2,35.5,1.209,0.0361
25.47,92.76,237.0,2.5,31.5,0.0,0.0,1.0,31.5,33.1,35.4,1.207,0.0361
25.47,92.77,237.0,2.5,31.7,0.0,0.0,1.0,31.7,33.0,35.3,1.205,0.0362
25.47,92.78,237.0,2.5,31.9,0.0,0.0,1.0,31.9,32.9,35.3,1.202,0.0363
25.47,92.79,237.0,2.5,32.1,0.0,0.0,1.0,32.1,32.8,35.2,1.2,0.0363
25.47,92.8,237.0,2.5,32.3,0.0,0.0,1.0,32.3,32.6,35.1,1.197,0.0364
25.47,92.81,237.0,2.5,32.5,0.0,0.0,1.0,32.5,32.5,35.0,1.195,0.0365
25.47,92.82,237.0,2.5,32.6,0.0,0.0,1.0,32.6,32.4,35.0,1.193,0.0366
25.47,92.83,237.0,2.5,32.8,0.0,0.0,1.0,32.8,32.3,34.9,1.191,0.0366
25.47,92.84,237.0,2.5,33.0,0.0,0.0,1.0,33.0,32.1,34.9,1.189,0.0367
25.47,92.85,237.0,2.5,33.2,0.0,0.0,1.0,33.2,32.0,34.8,1.187,0.0367
25.47,92.86,237.0,2.5,33.3,0.0,0.0,1.0,33.3,31.9,34.8,1.185,0.0368
25.47,92.87,237.0,2.5,33.5,0.0,0.0,1.0,33.5,31.8,34.7,1.184,0.0368
25.47,92.88,237.0,2.5,33.6,0.0,0.0,1.0,33.6,31.7,34.7,1.183,0.0369
25.47,92.89,237.0,2.5,33.8,0.0,0.0,1.0,33.8,31.6,34.7,1.181,0.0369
25.47,92.9,237.0,2.5,33.9,0.0,0.0,1.0,33.9,31.5,34.6,1.18,0.037
25.47,92.91,237.0,2.5,34.0,0.0,0.0,1.0,34.0,31.4,34.6,1.179,0.037
25.47,92.92,237.0,2.5,34.1,0.0,0.0,1.0,34.1,31.4,34.6,1.178,0.037
25.47,92.93,237.0,2.5,34.1,0.0,0.0,1.0,34.1,31.3,34.5,1.177,0.0371
25.47,92.94,237.0,2.5,34.2,0.0,0.0,1.0,34.2,31.3,34.5,1.177,0.0371
25.47,92.95,237.0,2.5,34.2,0.0,0.0,1.0,34.2,31.3,34.5,1.177,0.0371
25.47,92.96,237.0,2.5,34.2,0.0,0.0,1.0,34.2,31.3,34.6,1.178,0.037
25.47,92.97,237.0,2.5,34.1,0.0,0.0,1.0,34.1,31.2,34.6,1.179,0.037
25.47,92.98,237.0,2.5,34.1,0.0,0.0,1.0,34.1,31.2,34.7,1.181,0.0369
25.47,92.99,237.0,2.5,34.0,0.0,0.0,1.0,34.0,31.2,34.8,1.183,0.0369
25.47,93.0,237.0,2.5,33.9,0.0,0.0,1.0,33.9,31.1,34.9,1.186,0.0368
25.47,93.01,237.0,2.5,33.8,0.0,0.0,1.0,33.8,31.1,35.1,1.19,0.0367
25.47,93.02,237.0,2.5,33.7,0.0,0.0,1.0,33.7,31.1,35.3,1.193,0.0366
25.47,93.03,237.0,2.5,33.5,0.0,0.0,1.0,33.5,31.0,35.4,1.197,0.0364
25.47,93.04,237.0,2.5,33.4,0.0,0.0,1.0,33.4,31.0,35.6,1.201,0.0363
25.47,93.05,237.0,2.5,33.2,0.0,0.0,1.0,33.2,31.0,35.8,1.206,0.0362
25.47,93.06,237.0,2.5,32.9,0.0,0.0,1.0,32.9,31.0,36.0,1.211,0.036
25.47,93.07,237.0,2.5,32.7,0.0,0.0,1.0,32.7,31.1,36.2,1.216,0.0359
25.47,93.08,237.0,2.5,32.4,0.0,0.0,1.0,32.4,31.2,36.5,1.221,0.0357
25.47,93.09,237.0,2.5,32.0,0.0,0.0,1.0,32.0,31.2,36.7,1.227,0.0355
25.47,93.1,237.0,2.5,31.7,0.0,0.0,1.0,31.7,31.3,37.0,1.232,0.0354
25.47,93.11,237.0,2.5,31.4,0.0,0.0,1.0,31.4,31.4,37.2,1.237,0.0353
25.47,93.12,237.0,2.5,31.2,0.0,0.0,1.0,31.2,31.5,37.3,1.24,0.0352
25.47,93.13,237.0,2.5,31.1,0.0,0.0,1.0,31.1,31.5,37.3,1.241,0.0351
25.47,93.14,237.0,2.5,31.2,0.0,0.0,1.0,31.2,31.5,37.3,1.24,0.0352
25.47,93.15,237.0,2.5,31.4,0.0,0.0,1.0,31.4,31.4,37.2,1.238,0.0352
25.47,93.16,237.0,2.5,31.6,0.0,0.0,1.0,31.6,31.3,37.0,1.234,0.0353
25.47,93.17,237.0,2.5,32.0,0.0,0.0,1.0,32.0,31.2,36.9,1.231,0.0354
25.47,93.18,237.0,2.5,32.3,0.0,0.0,1.0,32.3,31.1,36.7,1.227,0.0355
25.47,93.19,237.0,2.5,32.6,0.0,0.0,1.0,32.6,30.9,36.5,1.223,0.0357
25.47,93.2,237.0,2.5,32.8,0.0,0.0,1.0,32.8,30.8,36.4,1.22,0.0358
25.47,93.21,237.0,2.5,33.0,0.0,0.0,1.0,33.0,30.8,36.2,1.217,0.0358
25.47,93.22,237.0,2.5,33.2,0.0,0.0,1.0,33.2,30.7,36.1,1.215,0.0359
25.47,93.23,237.0,2.5,33.3,0.0,0.0,1.0,33.3,30.6,36.0,1.213,0.036
25.47,93.24,237.0,2.5,33.5,0.0,0.0,1.0,33.5,30.6,35.9,1.211,0.036
25.47,93.25,237.0,2.5,33.6,0.0,0.0,1.0,33.6,30.6,35.9,1.209,0.0361
25.47,93.26,237.0,2.5,33.6,0.0,0.0,1.0,33.6,30.5,35.8,1.208,0.0361
25.47,93.27,237.0,2.5,33.7,0.0,0.0,1.0,33.7,30.5,35.8,1.207,0.0361
25.47,93.28,237.0,2.5,33.8,0.0,0.0,1.0,33.8,30.5,35.7,1.206,0.0362
25.47,93.29,237.0,2.5,33.8,0.0,0.0,1.0,33.8,30.5,35.7,1.205,0.0362
25.48,92.57,237.0,2.5,32.2,0.0,0.0,1.0,32.2,33.0,34.9,1.193,0.0366
25.48,92.58,237.0,2.5,32.1,0.0,0.0,1.0,32.1,33.0,34.9,1.194,0.0365
25.48,92.59,237.0,2.5,32.0,0.0,0.0,1.0,32.0,33.0,35.0,1.195,0.0365
25.48,92.6,237.0,2.5,32.0,0.0,0.0,1.0,32.0,33.0,35.0,1.197,0.0364
25.48,92.61,237.0,2.5,31.9,0.0,0.0,1.0,31.9,33.0,35.1,1.198,0.0364
25.48,92.62,237.0,2.5,31.8,0.0,0.0,1.0,31.8,33.1,35.1,1.2,0.0363
25.48,92.63,237.0,2.5,31.7,0.0,0.0,1.0,31.7,33.1,35.2,1.202,0.0363
25.48,92.64,237.0,2.5,31.6,0.0,0.0,1.0,31.6,33.1,35.3,1.204,0.0362
25.48,92.65,237.0,2.5,31.5,0.0,0.0,1.0,31.5,33.2,35.3,1.206,0.0362
25.48,92.66,237.0,2.5,31.4,0.0,0.0,1.0,31.4,33.2,35.4,1.208,0.0361
25.48,92.67,237.0,2.5,31.3,0.0,0.0,1.0,31.3,33.2,35.5,1.21,0.036
25.48,92.68,237.0,2.5,31.2,0.0,0.0,1.0,31.2,33.3,35.5,1.211,0.036
25.48,92.69,237.0,2.5,31.1,0.0,0.0,1.0,31.1,33.3,35.6,1.213,0.036
25.48,92.7,237.0,2.5,31.0,0.0,0.0,1.0,31.0,33.3,35.6,1.214,0.0359
25.48,92.71,237.0,2.5,31.0,0.0,0.0,1.0,31.0,33.3,35.7,1.215,0.0359
25.48,92.72,237.0,2.5,31.0,0.0,0.0,1.0,31.0,33.3,35.7,1.215,0.0359
25.48,92.73,237.0,2.5,31.0,0.0,0.0,1.0,31.0,33.3,35.7,1.215,0.0359
25.48,92.74,237.0,2.5,31.1,0.0,0.0,1.0,31.1,33.3,35.6,1.214,0.0359
25.48,92.75,237.0,2.5,31.2,0.0,0.0,1.0,31.2,33.2,35.6,1.212,0.036
25.48,92.76,237.0,2.5,31.4,0.0,0.0,1.0,31.4,33.1,35.5,1.21,0.036
25.48,92.77,237.0,2.5,31.5,0.0,0.0,1.0,31.5,33.0,35.4,1.207,0.0361
25.48,92.78,237.0,2.5,31.7,0.0,0.0,1.0,31.7,32.9,35.3,1.204,0.0362
25.48,92.79,237.0,2.5,31.9,0.0,0.0,1.0,31.9,32.8,35.2,1.202,0.0363
25.48,92.8,237.0,2.5,32.2,0.0,0.0,1.0,32.2,32.7,35.2,1.199,0.0364
25.48,92.81,237.0,2.5,32.4,0.0,0.0,1.0,32.4,32.5,35.1,1.196,0.0365
25.48,92.82,237.0,2.5,32.6,0.0,0.0,1.0,32.6,32.4,35.0,1.194,0.0365
25.48,92.83,237.0,2.5,32.7,0.0,0.0,1.0,32.7,32.3,35.0,1.192,0.0366
25.48,92.84,237.0,2.5,32.9,0.0,0.0,1.0,32.9,32.1,34.9,1.19,0.0367
25.48,92.85,237.0,2.5,33.1,0.0,0.0,1.0,33.1,32.0,34.9,1.188,0.0367
25.48,92.86,237.0,2.5,33.3,0.0,0.0,1.0,33.3,31.9,34.8,1.187,0.0367
25.48,92.87,237.0,2.5,33.4,0.0,0.0,1.0,33.4,31.8,34.8,1.185,0.0368
25.48,92.88,237.0,2.5,33.5,0.0,0.0,1.0,33.5,31.7,34.8,1.184,0.0368
25.48,92.89,237.0,2.5,33.7,0.0,0.0,1.0,33.7,31.6,34.7,1.183,0.0369
25.48,92.9,237.0,2.5,33.8,0.0,0.0,1.0,33.8,31.5,34.7,1.182,0.0369
25.48,92.91,237.0,2.5,33.9,0.0,0.0,1.0,33.9,31.5,34.7,1.181,0.0369
25.48,92.92,237.0,2.5,34.0,0.0,0.0,1.0,34.0,31.4,34.6,1.18,0.037
25.48,92.93,237.0,2.5,34.0,0.0,0.0,1.0,34.0,31.4,34.6,1.18,0.037
25.48,92.94,237.0,2.5,34.1,0.0,0.0,1.0,34.1,31.3,34.6,1.179,0.037
25.48,92.95,237.0,2.5,34.1,0.0,0.0,1.0,34.1,31.3,34.6,1.18,0.037
25.48,92.96,237.0,2.5,34.1,0.0,0.0,1.0,34.1,31.3,34.7,1.18,0.037
25.48,92.97,237.0,2.5,34.0,0.0,0.0,1.0,34.0,31.2,34.7,1.182,0.0369
25.48,92.98,237.0,2.5,34.0,0.0,0.0,1.0,34.0,31.2,34.8,1.184,0.0368
25.48,92.99,237.0,2.5,33.9,0.0,0.0,1.0,33.9,31.2,34.9,1.186,0.0368
25.48,93.0,237.0,2.5,33.8,0.0,0.0,1.0,33.8,31.2,35.0,1.189,0.0367
25.48,93.01,237.0,2.5,33.7,0.0,0.0,1.0,33.7,31.1,35.2,1.192,0.0366
25.48,93.02,237.0,2.5,33.6,0.0,0.0,1.0,33.6,31.1,35.3,1.196,0.0365
25.48,93.03,237.0,2.5,33.4,0.0,0.0,1.0,33.4,31.1,35.5,1.2,0.0363
25.48,93.04,237.0,2.5,33.2,0.0,0.0,1.0,33.2,31.1,35.7,1.204,0.0362
25.48,93.05,237.0,2.5,33.0,0.0,0.0,1.0,33.0,31.1,35.9,1.209,0.0361
25.48,93.06,237.0,2.5,32.8,0.0,0.0,1.0,32.8,31.1,36.1,1.214,0.0359
25.48,93.07,237.0,2.5,32.5,0.0,0.0,1.0,32.5,31.1,36.4,1.219,0.0358
25.48,93.08,237.0,2.5,32.2,0.0,0.0,1.0,32.2,31.2,36.6,1.225,0.0356
25.48,93.09,237.0,2.5,31.8,0.0,0.0,1.0,31.8,31.3,36.9,1.231,0.0354
25.48,93.1,237.0,2.5,31.4,0.0,0.0,1.0,31.4,31.5,37.1,1.237,0.0353
25.48,93.11,237.0,2.5,31.1,0.0,0.0,1.0,31.1,31.6,37.4,1.241,0.0351
25.48,93.12,237.0,2.5,30.8,0.0,0.0,1.0,30.8,31.7,37.5,1.245,0.035
25.48,93.13,237.0,2.5,30.8,0.0,0.0,1.0,30.8,31.7,37.6,1.246,0.035
25.48,93.14,237.0,2.5,30.8,0.0,0.0,1.0,30.8,31.6,37.5,1.245,0.035
25.48,93.15,237.0,2.5,31.1,0.0,0.0,1.0,31.1,31.6,37.4,1.242,0.0351
25.48,93.16,237.0,2.5,31.4,0.0,0.0,1.0,31.4,31.4,37.2,1.238,0.0352
25.48,93.17,237.0,2.5,31.7,0.0,0.0,1.0,31.7,31.3,37.0,1.234,0.0353
25.48,93.18,237.0,2.5,32.1,0.0,0.0,1.0,32.1,31.1,36.8,1.23,0.0355
25.48,93.19,237.0,2.5,32.4,0.0,0.0,1.0,32.4,31.0,36.6,1.226,0.0356
25.48,93.2,237.0,2.5,32.7,0.0,0.0,1.0,32.7,30.9,36.4,1.222,0.0357
25.48,93.21,237.0,2.5,32.9,0.0,0.0,1.0,32.9,30.8,36.3,1.219,0.0358
25.48,93.22,237.0,2.5,33.1,0.0,0.0,1.0,33.1,30.7,36.2,1.217,0.0358
25.48,93.23,237.0,2.5,33.3,0.0,0.0,1.0,33.3,30.7,36.1,1.215,0.0359
25.48,93.24,237.0,2.5,33.4,0.0,0.0,1.0,33.4,30.6,36.0,1.213,0.036
25.48,93.25,237.0,2.5,33.5,0.0,0.0,1.0,33.5,30.6,35.9,1.211,0.036
25.48,93.26,237.0,2.5,33.6,0.0,0.0,1.0,33.6,30.6,35.8,1.209,0.0361
25.48,93.27,237.0,2.5,33.7,0.0,0.0,1.0,33.7,30.6,35.8,1.208,0.0361
25.48,93.28,237.0,2.5,33.7,0.0,0.0,1.0,33.7,30.5,35.7,1.207,0.0361
25.49,92.58,237.0,2.5,32.1,0.0,0.0,1.0,32.1,33.0,34.9,1.195,0.0365
25.49,92.59,237.0,2.5,32.0,0.0,0.0,1.0,32.0,33.0,35.0,1.196,0.0365
25.49,92.6,237.0,2.5,31.9,0.0,0.0,1.0,31.9,33.0,35.1,1.198,0.0364
25.49,92.61,237.0,2.5,31.8,0.0,0.0,1.0,31.8,33.0,35.1,1.2,0.0363
25.49,92.62,237.0,2.5,31.7,0.0,0.0,1.0,31.7,33.1,35.2,1.201,0.0363
25.49,92.63,237.0,2.5,31.7,0.0,0.0,1.0,31.7,33.1,35.2,1.203,0.0363
25.49,92.64,237.0,2.5,31.5,0.0,0.0,1.0,31.5,33.1,35.3,1.205,0.0362
25.49,92.65,237.0,2.5,31.4,0.0,0.0,1.0,31.4,33.2,35.4,1.207,0.0361
25.49,92.66,237.0,2.5,31.3,0.0,0.0,1.0,31.3,33.2,35.5,1.209,0.0361
25.49,92.67,237.0,2.5,31.2,0.0,0.0,1.0,31.2,33.3,35.5,1.211,0.036
25.49,92.68,237.0,2.5,31.1,0.0,0.0,1.0,31.1,33.3,35.6,1.213,0.036
25.49,92.69,237.0,2.5,31.0,0.0,0.0,1.0,31.0,33.3,35.7,1.215,0.0359
25.49,92.7,237.0,2.5,30.9,0.0,0.0,1.0,30.9,33.4,35.7,1.216,0.0359
25.49,92.71,237.0,2.5,30.9,0.0,0.0,1.0,30.9,33.4,35.7,1.217,0.0358
25.49,92.72,237.0,2.5,30.8,0.0,0.0,1.0,30.8,33.4,35.7,1.217,0.0358
25.49,92.73,237.0,2.5,30.9,0.0,0.0,1.0,30.9,33.4,35.7,1.217,0.0358
25.49,92.74,237.0,2.5,31.0,0.0,0.0,1.0,31.0,33.3,35.7,1.216,0.0359
25.49,92.75,237.0,2.5,31.1,0.0,0.0,1.0,31.1,33.3,35.6,1.214,0.0359
25.49,92.76,237.0,2.5,31.2,0.0,0.0,1.0,31.2,33.2,35.6,1.212,0.036
25.49,92.77,237.0,2.5,31.4,0.0,0.0,1.0,31.4,33.1,35.5,1.209,0.0361
25.49,92.78,237.0,2.5,31.6,0.0,0.0,1.0,31.6,33.0,35.4,1.206,0.0362
25.49,92.79,237.0,2.5,31.8,0.0,0.0,1.0,31.8,32.8,35.3,1.203,0.0363
25.49,92.8,237.0,2.5,32.1,0.0,0.0,1.0,32.1,32.7,35.2,1.201,0.0363
25.49,92.81,237.0,2.5,32.3,0.0,0.0,1.0,32.3,32.6,35.2,1.198,0.0364
25.49,92.82,237.0,2.5,32.5,0.0,0.0,1.0,32.5,32.4,35.1,1.196,0.0365
25.49,92.83,237.0,2.5,32.7,0.0,0.0,1.0,32.7,32.3,35.0,1.193,0.0366
25.49,92.84,237.0,2.5,32.8,0.0,0.0,1.0,32.8,32.2,35.0,1.191,0.0366
25.49,92.85,237.0,2.5,33.0,0.0,0.0,1.0,33.0,32.0,34.9,1.19,0.0367
25.49,92.86,237.0,2.5,33.2,0.0,0.0,1.0,33.2,31.9,34.9,1.188,0.0367
25.49,92.87,237.0,2.5,33.3,0.0,0.0,1.0,33.3,31.8,34.9,1.187,0.0367
25.49,92.88,237.0,2.5,33.4,0.0,0.0,1.0,33.4,31.7,34.8,1.186,0.0368
25.49,92.89,237.0,2.5,33.6,0.0,0.0,1.0,33.6,31.6,34.8,1.185,0.0368
25.49,92.9,237.0,2.5,33.7,0.0,0.0,1.0,33.7,31.6,34.8,1.184,0.0368
25.49,92.91,237.0,2.5,33.8,0.0,0.0,1.0,33.8,31.5,34.8,1.183,0.0369
25.49,92.92,237.0,2.5,33.8,0.0,0.0,1.0,33.8,31.4,34.7,1.182,0.0369
25.49,92.93,237.0,2.5,33.9,0.0,0.0,1.0,33.9,31.4,34.7,1.182,0.0369
25.49,92.94,237.0,2.5,33.9,0.0,0.0,1.0,33.9,31.3,34.7,1.182,0.0369
25.49,92.95,237.0,2.5,33.9,0.0,0.0,1.0,33.9,31.3,34.7,1.182,0.0369
25.49,92.96,237.0,2.5,33.9,0.0,0.0,1.0,33.9,31.3,34.8,1.183,0.0369
25.49,92.97,237.0,2.5,33.9,0.0,0.0,1.0,33.9,31.3,34.8,1.184,0.0368
25.49,92.98,237.0,2.5,33.8,0.0,0.0,1.0,33.8,31.2,34.9,1.186,0.0368
25.49,92.99,237.0,2.5,33.8,0.0,0.0,1.0,33.8,31.2,35.0,1.189,0.0367
25.49,93.0,237.0,2.5,33.7,0.0,0.0,1.0,33.7,31.2,35.2,1.191,0.0366
25.49,93.01,237.0,2.5,33.6,0.0,0.0,1.0,33.6,31.1,35.3,1.195,0.0365
25.49,93.02,237.0,2.5,33.5,0.0,0.0,1.0,33.5,31.1,35.4,1.198,0.0364
25.49,93.03,237.0,2.5,33.3,0.0,0.0,1.0,33.3,31.1,35.6,1.202,0.0363
25.49,93.04,237.0,2.5,33.1,0.0,0.0,1.0,33.1,31.1,35.8,1.206,0.0362
25.49,93.05,237.0,2.5,32.9,0.0,0.0,1.0,32.9,31.1,36.0,1.211,0.036
25.49,93.06,237.0,2.5,32.7,0.0,0.0,1.0,32.7,31.1,36.2,1.216,0.0359
25.49,93.07,237.0,2.5,32.4,0.0,0.0,1.0,32.4,31.2,36.4,1.222,0.0357
25.49,93.08,237.0,2.5,32.0,0.0,0.0,1.0,32.0,31.3,36.7,1.227,0.0355
25.49,93.09,237.0,2.5,31.6,0.0,0.0,1.0,31.6,31.4,37.0,1.234,0.0353
25.49,93.1,237.0,2.5,31.2,0.0,0.0,1.0,31.2,31.5,37.2,1.239,0.0352
25.49,93.11,237.0,2.5,30.9,0.0,0.0,1.0,30.9,31.6,37.5,1.244,0.0351
25.49,93.12,237.0,2.5,30.6,0.0,0.0,1.0,30.6,31.7,37.6,1.248,0.035
25.49,93.13,237.0,2.5,30.5,0.0,0.0,1.0,30.5,31.8,37.7,1.249,0.0349
25.49,93.14,237.0,2.5,30.6,0.0,0.0,1.0,30.6,31.7,37.6,1.248,0.035
25.49,93.15,237.0,2.5,30.9,0.0,0.0,1.0,30.9,31.6,37.5,1.245,0.035
25.49,93.16,237.0,2.5,31.2,0.0,0.0,1.0,31.2,31.5,37.3,1.241,0.0351
25.49,93.17,237.0,2.5,31.6,0.0,0.0,1.0,31.6,31.3,37.1,1.236,0.0353
25.49,93.18,237.0,2.5,32.0,0.0,0.0,1.0,32.0,31.2,36.8,1.232,0.0354
25.49,93.19,237.0,2.5,32.3,0.0,0.0,1.0,32.3,31.0,36.6,1.228,0.0355
25.49,93.2,237.0,2.5,32.6,0.0,0.0,1.0,32.6,30.9,36.5,1.224,0.0356
25.49,93.21,237.0,2.5,32.9,0.0,0.0,1.0,32.9,30.8,36.3,1.221,0.0357
25.49,93.22,237.0,2.5,33.0,0.0,0.0,1.0,33.0,30.8,36.2,1.218,0.0358
25.49,93.23,237.0,2.5,33.2,0.0,0.0,1.0,33.2,30.7,36.1,1.216,0.0359
25.49,93.24,237.0,2.5,33.3,0.0,0.0,1.0,33.3,30.7,36.0,1.214,0.0359
25.49,93.25,237.0,2.5,33.5,0.0,0.0,1.0,33.5,30.6,35.9,1.212,0.036
25.49,93.26,237.0,2.5,33.5,0.0,0.0,1.0,33.5,30.6,35.9,1.211,0.036
25.49,93.27,237.0,2.5,33.6,0.0,0.0,1.0,33.6,30.6,35.8,1.21,0.036
25.49,93.28,237.0,2.5,33.7,0.0,0.0,1.0,33.7,30.6,35.8,1.208,0.0361
25.49,93.29,237.0,2.5,33.7,0.0,0.0,1.0,33.7,30.6,35.7,1.207,0.0361
25.5,92.59,237.0,2.5,32.0,0.0,0.0,1.0,32.0,33.0,35.0,1.197,0.0364
25.5,92.6,237.0,2.5,31.9,0.0,0.0,1.0,31.9,33.0,35.1,1.199,0.0364
25.5,92.61,237.0,2.5,31.8,0.0,0.0,1.0,31.8,33.0,35.2,1.2,0.0363
25.5,92.62,237.0,2.5,31.7,0.0,0.0,1.0,31.7,33.1,35.2,1.202,0.0363
25.5,92.63,237.0,2.5,31.6,0.0,0.0,1.0,31.6,33.1,35.3,1.204,0.0362
25.5,92.64,237.0,2.5,31.5,0.0,0.0,1.0,31.5,33.2,35.4,1.206,0.0362
25.5,92.65,237.0,2.5,31.4,0.0,0.0,1.0,31.4,33.2,35.4,1.208,0.0361
25.5,92.66,237.0,2.5,31.3,0.0,0.0,1.0,31.3,33.2,35.5,1.21,0.036
25.5,92.67,237.0,2.5,31.1,0.0,0.0,1.0,31.1,33.3,35.6,1.212,0.036
25.5,92.68,237.0,2.5,31.0,0.0,0.0,1.0,31.0,33.3,35.6,1.214,0.0359
25.5,92.69,237.0,2.5,30.9,0.0,0.0,1.0,30.9,33.4,35.7,1.216,0.0359
25.5,92.7,237.0,2.5,30.8,0.0,0.0,1.0,30.8,33.4,35.8,1.218,0.0358
25.5,92.71,237.0,2.5,30.8,0.0,0.0,1.0,30.8,33.4,35.8,1.219,0.0358
25.5,92.72,237.0,2.5,30.8,0.0,0.0,1.0,30.8,33.4,35.8,1.219,0.0358
25.5,92.73,237.0,2.5,30.8,0.0,0.0,1.0,30.8,33.4,35.8,1.218,0.0358
25.5,92.74,237.0,2.5,30.9,0.0,0.0,1.0,30.9,33.4,35.8,1.217,0.0358
25.5,92.75,237.0,2.5,31.0,0.0,0.0,1.0,31.0,33.3,35.7,1.216,0.0359
25.5,92.76,237.0,2.5,31.1,0.0,0.0,1.0,31.1,33.2,35.6,1.213,0.036
25.5,92.77,237.0,2.5,31.3,0.0,0.0,1.0,31.3,33.1,35.5,1.211,0.036
25.5,92.78,237.0,2.5,31.5,0.0,0.0,1.0,31.5,33.0,35.5,1.208,0.0361
25.5,92.79,237.0,2.5,31.8,0.0,0.0,1.0,31.8,32.9,35.4,1.205,0.0362
25.5,92.8,237.0,2.5,32.0,0.0,0.0,1.0,32.0,32.7,35.3,1.202,0.0363
25.5,92.81,237.0,2.5,32.2,0.0,0.0,1.0,32.2,32.6,35.2,1.199,0.0364
25.5,92.82,237.0,2.5,32.4,0.0,0.0,1.0,32.4,32.5,35.1,1.197,0.0364
25.5,92.83,237.0,2.5,32.6,0.0,0.0,1.0,32.6,32.3,35.1,1.195,0.0365
25.5,92.84,237.0,2.5,32.8,0.0,0.0,1.0,32.8,32.2,35.0,1.193,0.0366
25.5,92.85,237.0,2.5,32.9,0.0,0.0,1.0,32.9,32.1,35.0,1.191,0.0366
25.5,92.86,237.0,2.5,33.1,0.0,0.0,1.0,33.1,32.0,35.0,1.19,0.0367
25.5,92.87,237.0,2.5,33.2,0.0,0.0,1.0,33.2,31.8,34.9,1.188,0.0367
25.5,92.88,237.0,2.5,33.3,0.0,0.0,1.0,33.3,31.8,34.9,1.187,0.0367
25.5,92.89,237.0,2.5,33.5,0.0,0.0,1.0,33.5,31.7,34.9,1.186,0.0368
25.5,92.9,237.0,2.5,33.6,0.0,0.0,1.0,33.6,31.6,34.9,1.185,0.0368
25.5,92.91,237.0,2.5,33.6,0.0,0.0,1.0,33.6,31.5,34.8,1.185,0.0368
25.5,92.92,237.0,2.5,33.7,0.0,0.0,1.0,33.7,31.5,34.8,1.184,0.0368
25.5,92.93,237.0,2.5,33.8,0.0,0.0,1.0,33.8,31.4,34.8,1.184,0.0368
25.5,92.94,237.0,2.5,33.8,0.0,0.0,1.0,33.8,31.4,34.8,1.184,0.0368
25.5,92.95,237.0,2.5,33.8,0.0,0.0,1.0,33.8,31.3,34.9,1.185,0.0368
25.5,92.96,237.0,2.5,33.8,0.0,0.0,1.0,33.8,31.3,34.9,1.186,0.0368
25.5,92.97,237.0,2.5,33.8,0.0,0.0,1.0,33.8,31.3,35.0,1.187,0.0367
25.5,92.98,237.0,2.5,33.7,0.0,0.0,1.0,33.7,31.2,35.0,1.189,0.0367
25.5,92.99,237.0,2.5,33.7,0.0,0.0,1.0,33.7,31.2,35.1,1.191,0.0366
25.5,93.0,237.0,2.5,33.6,0.0,0.0,1.0,33.6,31.2,35.2,1.194,0.0365
25.5,93.01,237.0,2.5,33.5,0.0,0.0,1.0,33.5,31.1,35.4,1.197,0.0364
25.5,93.02,237.0,2.5,33.4,0.0,0.0,1.0,33.4,31.1,35.5,1.2,0.0363
25.5,93.03,237.0,2.5,33.2,0.0,0.0,1.0,33.2,31.1,35.7,1.204,0.0362
25.5,93.04,237.0,2.5,33.1,0.0,0.0,1.0,33.1,31.1,35.9,1.208,0.0361
25.5,93.05,237.0,2.5,32.8,0.0,0.0,1.0,32.8,31.1,36.0,1.213,0.036
25.5,93.06,237.0,2.5,32.6,0.0,0.0,1.0,32.6,31.1,36.3,1.218,0.0358
25.5,93.07,237.0,2.5,32.3,0.0,0.0,1.0,32.3,31.2,36.5,1.223,0.0357
25.5,93.08,237.0,2.5,32.0,0.0,0.0,1.0,32.0,31.3,36.7,1.229,0.0355
25.5,93.09,237.0,2.5,31.6,0.0,0.0,1.0,31.6,31.4,37.0,1.235,0.0353
25.5,93.1,237.0,2.5,31.2,0.0,0.0,1.0,31.2,31.5,37.3,1.241,0.0351
25.5,93.11,237.0,2.5,30.8,0.0,0.0,1.0,30.8,31.7,37.5,1.245,0.035
25.5,93.12,237.0,2.5,30.5,0.0,0.0,1.0,30.5,31.8,37.7,1.249,0.0349
25.5,93.13,237.0,2.5,30.45,0.0,0.0,1.0,30.45,31.8,37.75,1.25,0.0349
25.5,93.14,237.0,2.5,30.5,0.0,0.0,1.0,30.5,31.8,37.7,1.249,0.0349
25.5,93.15,237.0,2.5,30.8,0.0,0.0,1.0,30.8,31.7,37.5,1.246,0.035
25.5,93.16,237.0,2.5,31.2,0.0,0.0,1.0,31.2,31.5,37.3,1.242,0.0351
25.5,93.17,237.0,2.5,31.6,0.0,0.0,1.0,31.6,31.3,37.1,1.237,0.0353
25.5,93.18,237.0,2.5,32.0,0.0,0.0,1.0,32.0,31.2,36.8,1.233,0.0354
25.5,93.19,237.0,2.5,32.3,0.0,0.0,1.0,32.3,31.1,36.6,1.229,0.0355
25.5,93.2,237.0,2.5,32.6,0.0,0.0,1.0,32.6,30.9,36.5,1.225,0.0356
25.5,93.21,237.0,2.5,32.8,0.0,0.0,1.0,32.8,30.8,36.3,1.222,0.0357
25.5,93.22,237.0,2.5,33.0,0.0,0.0,1.0,33.0,30.8,36.2,1.22,0.0358
25.5,93.23,237.0,2.5,33.2,0.0,0.0,1.0,33.2,30.7,36.1,1.217,0.0358
25.5,93.24,237.0,2.5,33.3,0.0,0.0,1.0,33.3,30.7,36.0,1.215,0.0359
25.5,93.25,237.0,2.5,33.4,0.0,0.0,1.0,33.4,30.6,35.9,1.214,0.0359
25.5,93.26,237.0,2.5,33.5,0.0,0.0,1.0,33.5,30.6,35.9,1.212,0.036
25.5,93.27,237.0,2.5,33.6,0.0,0.0,1.0,33.6,30.6,35.8,1.211,0.036
25.5,93.28,237.0,2.5,33.6,0.0,0.0,1.0,33.6,30.6,35.8,1.209,0.0361
25.5,93.29,237.0,2.5,33.7,0.0,0.0,1.0,33.7,30.6,35.7,1.208,0.0361
25.51,92.59,237.0,2.5,31.9,0.0,0.0,1.0,31.9,33.0,35.1,1.198,0.0364
25.51,92.6,237.0,18.1,31.9,270.0,-1.0,-0.0,31.9,33.0,35.1,1.2,0.2589
25.51,92.61,237.0,17.7,31.8,270.0,-1.0,-0.0,31.8,33.0,35.2,1.201,0.2531
25.51,92.62,237.0,16.9,31.7,270.0,-1.0,-0.0,31.7,33.1,35.2,1.203,0.2416
25.51,92.63,237.0,16.9,31.6,270.0,-1.0,-0.0,31.6,33.1,35.3,1.205,0.2412
25.51,92.64,237.0,18.8,31.5,270.0,-1.0,-0.0,31.5,33.2,35.4,1.207,0.267
25.51,92.65,237.0,19.4,31.3,270.0,-1.0,-0.0,31.3,33.2,35.5,1.209,0.2747
25.51,92.66,237.0,17.8,31.2,270.0,-1.0,-0.0,31.2,33.3,35.5,1.211,0.2524
25.51,92.67,237.0,16.0,31.1,270.0,-1.0,-0.0,31.1,33.3,35.6,1.213,0.2272
25.51,92.68,237.0,14.5,31.0,270.0,-1.0,-0.0,31.0,33.3,35.7,1.215,0.2061
25.51,92.69,237.0,13.3,30.9,270.0,-1.0,-0.0,30.9,33.4,35.7,1.217,0.189
25.51,92.7,237.0,13.2,30.8,270.0,-1.0,-0.0,30.8,33.4,35.8,1.218,0.1875
25.51,92.71,237.0,13.2,30.7,270.0,-1.0,-0.0,30.7,33.5,35.8,1.219,0.1873
25.51,92.72,237.0,13.2,30.7,270.0,-1.0,-0.0,30.7,33.5,35.8,1.22,0.1872
25.51,92.73,237.0,13.7,30.7,270.0,-1.0,-0.0,30.7,33.5,35.8,1.219,0.1943
25.51,92.74,237.0,17.2,30.8,270.0,-1.0,-0.0,30.8,33.4,35.8,1.218,0.2428
25.51,92.75,237.0,13.0,30.9,270.0,-1.0,-0.0,30.9,33.4,35.7,1.217,0.1848
25.51,92.76,237.0,10.7,31.1,270.0,-1.0,-0.0,31.1,33.3,35.7,1.214,0.1529
25.51,92.77,237.0,11.0,31.3,270.0,-1.0,-0.0,31.3,33.2,35.6,1.212,0.1574
25.51,92.78,237.0,9.9,31.5,270.0,-1.0,-0.0,31.5,33.0,35.5,1.209,0.1422
25.51,92.79,237.0,6.8,31.7,270.0,-1.0,-0.0,31.7,32.9,35.4,1.206,0.0982
25.51,92.8,237.0,3.7,31.9,270.0,-1.0,-0.0,31.9,32.8,35.3,1.203,0.0536
25.51,92.81,237.0,2.5,32.1,90.0,1.0,0.0,32.1,32.6,35.3,1.2,0.0363
25.51,92.82,237.0,2.5,32.3,90.0,1.0,0.0,32.3,32.5,35.2,1.198,0.0364
25.51,92.83,237.0,2.5,32.5,270.0,-1.0,-0.0,32.5,32.3,35.1,1.196,0.0365
25.51,92.84,237.0,2.5,32.7,90.0,1.0,0.0,32.7,32.2,35.1,1.194,0.0365
25.51,92.85,237.0,2.5,32.9,90.0,1.0,0.0,32.9,32.1,35.1,1.192,0.0366
25.51,92.86,237.0,2.5,33.0,270.0,-1.0,-0.0,33.0,32.0,35.0,1.191,0.0366
25.51,92.87,237.0,3.5,33.1,270.0,-1.0,-0.0,33.1,31.9,35.0,1.19,0.0513
25.51,92.88,237.0,2.5,33.2,270.0,-1.0,-0.0,33.2,31.8,35.0,1.189,0.0367
25.51,92.89,237.0,2.5,33.4,270.0,-1.0,-0.0,33.4,31.7,35.0,1.188,0.0367
25.51,92.9,237.0,4.1,33.4,270.0,-1.0,-0.0,33.4,31.6,34.9,1.187,0.0602
25.51,92.91,237.0,6.0,33.5,270.0,-1.0,-0.0,33.5,31.6,34.9,1.187,0.0881
25.51,92.92,237.0,6.0,33.6,270.0,-1.0,-0.0,33.6,31.5,34.9,1.187,0.0881
25.51,92.93,237.0,3.2,33.6,90.0,1.0,0.0,33.6,31.4,34.9,1.186,0.0471
25.51,92.94,237.0,2.5,33.7,270.0,-1.0,-0.0,33.7,31.4,34.9,1.187,0.0367
25.51,92.95,237.0,2.5,33.7,270.0,-1.0,-0.0,33.7,31.4,35.0,1.187,0.0367
25.51,92.96,237.0,2.5,33.7,90.0,1.0,0.0,33.7,31.3,35.0,1.188,0.0367
25.51,92.97,237.0,3.6,33.6,270.0,-1.0,-0.0,33.6,31.3,35.1,1.19,0.0528
25.51,92.98,237.0,2.5,33.6,270.0,-1.0,-0.0,33.6,31.3,35.1,1.191,0.0366
25.51,92.99,237.0,2.5,33.5,90.0,1.0,0.0,33.5,31.2,35.2,1.194,0.0365
25.51,93.0,237.0,2.5,33.5,90.0,1.0,0.0,33.5,31.2,35.3,1.196,0.0365
25.51,93.01,237.0,2.5,33.4,90.0,1.0,0.0,33.4,31.2,35.5,1.199,0.0364
25.51,93.02,237.0,4.1,33.3,90.0,1.0,0.0,33.3,31.1,35.6,1.202,0.0595
25.51,93.03,237.0,3.5,33.1,90.0,1.0,0.0,33.1,31.1,35.7,1.206,0.0506
25.51,93.04,237.0,2.6,33.0,90.0,1.0,0.0,33.0,31.1,35.9,1.21,0.0375
25.51,93.05,237.0,2.7,32.8,90.0,1.0,0.0,32.8,31.1,36.1,1.214,0.0388
25.51,93.06,237.0,2.5,32.6,90.0,1.0,0.0,32.6,31.1,36.3,1.219,0.0358
25.51,93.07,237.0,2.5,32.3,90.0,1.0,0.0,32.3,31.2,36.5,1.224,0.0356
25.51,93.08,237.0,2.5,32.0,90.0,1.0,0.0,32.0,31.3,36.7,1.23,0.0355
25.51,93.09,237.0,2.5,31.6,90.0,1.0,0.0,31.6,31.4,37.0,1.235,0.0353
25.51,93.1,237.0,2.5,31.2,90.0,1.0,0.0,31.2,31.5,37.3,1.24,0.0352
25.51,93.11,237.0,2.5,30.9,90.0,1.0,0.0,30.9,31.6,37.5,1.245,0.035
25.51,93.12,237.0,2.5,30.6,90.0,1.0,0.0,30.6,31.7,37.6,1.248,0.035
25.51,93.13,237.0,2.5,30.5,90.0,1.0,0.0,30.5,31.8,37.7,1.249,0.0349
25.51,93.14,237.0,2.5,30.6,270.0,-1.0,-0.0,30.6,31.7,37.6,1.248,0.035
25.51,93.15,237.0,2.5,30.9,270.0,-1.0,-0.0,30.9,31.6,37.5,1.245,0.035
25.51,93.16,237.0,2.5,31.3,270.0,-1.0,-0.0,31.3,31.5,37.3,1.241,0.0351
25.51,93.17,237.0,2.5,31.7,270.0,-1.0,-0.0,31.7,31.3,37.0,1.237,0.0353
25.51,93.18,237.0,2.5,32.0,270.0,-1.0,-0.0,32.0,31.2,36.8,1.233,0.0354
25.51,93.19,237.0,2.5,32.4,270.0,-1.0,-0.0,32.4,31.0,36.6,1.229,0.0355
25.51,93.2,237.0,2.5,32.6,270.0,-1.0,-0.0,32.6,30.9,36.4,1.226,0.0356
25.51,93.21,237.0,2.5,32.9,270.0,-1.0,-0.0,32.9,30.8,36.3,1.223,0.0357
25.51,93.22,237.0,2.5,33.1,270.0,-1.0,-0.0,33.1,30.8,36.2,1.221,0.0357
25.51,93.23,237.0,3.3,33.2,270.0,-1.0,-0.0,33.2,30.7,36.1,1.219,0.0472
25.51,93.24,237.0,2.7,33.3,270.0,-1.0,-0.0,33.3,30.7,36.0,1.217,0.0387
25.51,93.25,237.0,5.3,33.4,270.0,-1.0,-0.0,33.4,30.6,35.9,1.215,0.076
25.51,93.26,237.0,10.7,33.5,270.0,-1.0,-0.0,33.5,30.6,35.9,1.213,0.1531
25.51,93.27,237.0,5.6,33.6,270.0,-1.0,-0.0,33.6,30.6,35.8,1.212,0.0805
25.51,93.28,237.0,6.3,33.6,270.0,-1.0,-0.0,33.6,30.6,35.8,1.211,0.0906
25.51,93.29,237.0,5.4,33.7,270.0,-1.0,-0.0,33.7,30.6,35.7,1.209,0.0778
25.52,92.6,756.0,33.2,31.8,268.4,-0.9996,-0.0279,31.8,33.0,35.2,1.2,0.4563
25.52,92.61,743.0,18.5,31.7,265.5,-0.9969,-0.0785,31.7,33.0,35.2,1.202,0.264
25.52,92.62,718.0,17.9,31.6,266.9,-0.9985,-0.0541,31.6,33.1,35.3,1.204,0.2553
25.52,92.63,718.0,17.5,31.5,277.4,-0.9917,0.1288,31.5,33.1,35.3,1.205,0.2495
25.52,92.64,776.0,17.0,31.4,280.2,-0.9842,0.1771,31.4,33.2,35.4,1.207,0.2422
25.52,92.65,795.0,17.2,31.3,266.1,-0.9977,-0.068,31.3,33.2,35.5,1.21,0.2444
25.52,92.66,746.0,19.0,31.2,257.9,-0.9778,-0.2096,31.2,33.3,35.6,1.212,0.2686
25.52,92.67,692.0,18.0,31.1,257.7,-0.977,-0.213,31.1,33.3,35.6,1.214,0.2545
25.52,92.68,647.0,16.3,31.0,259.0,-0.9816,-0.1908,31.0,33.4,35.7,1.216,0.2308
25.52,92.69,612.0,14.3,30.8,263.8,-0.9942,-0.108,30.8,33.4,35.8,1.217,0.203
25.52,92.7,608.0,14.4,30.8,269.4,-0.9999,-0.0105,30.8,33.4,35.8,1.219,0.204
25.52,92.71,608.0,13.2,30.7,270.0,-1.0,-0.0,30.7,33.5,35.8,1.22,0.1872
25.52,92.72,608.0,13.4,30.68,272.7,-0.9989,0.0471,30.68,33.48,35.84,1.22,0.19
25.52,92.73,624.0,15.5,30.7,287.5,-0.9537,0.3007,30.7,33.5,35.8,1.22,0.219
25.52,92.74,727.0,12.4,30.8,266.2,-0.9978,-0.0663,30.8,33.4,35.8,1.219,0.1762
25.52,92.75,603.0,13.5,30.9,236.6,-0.8348,-0.5505,30.9,33.4,35.7,1.217,0.1918
25.52,92.76,538.0,12.0,31.0,258.9,-0.9813,-0.1925,31.0,33.3,35.7,1.215,0.1711
25.52,92.77,544.0,11.1,31.2,264.9,-0.996,-0.0889,31.2,33.2,35.6,1.212,0.1588
25.52,92.78,513.0,7.9,31.4,233.5,-0.8039,-0.5948,31.4,33.0,35.5,1.209,0.1137
25.52,92.79,426.0,9.2,31.7,221.6,-0.6639,-0.7478,31.7,32.9,35.4,1.207,0.1325
25.52,92.8,339.0,9.7,31.9,209.5,-0.4924,-0.8704,31.9,32.8,35.4,1.204,0.1399
25.52,92.81,214.0,5.4,32.1,207.6,-0.4633,-0.8862,32.1,32.6,35.3,1.201,0.0784
25.52,92.82,220.0,2.5,32.3,320.8,-0.632,0.7749,32.3,32.5,35.2,1.199,0.0364
25.52,92.83,245.0,2.5,32.5,96.0,0.9945,-0.1045,32.5,32.4,35.2,1.197,0.0364
25.52,92.84,218.0,2.5,32.6,143.1,0.6004,-0.7997,32.6,32.2,35.1,1.195,0.0365
25.52,92.85,221.0,3.6,32.8,45.9,0.7181,0.6959,32.8,32.1,35.1,1.194,0.0526
25.52,92.86,280.0,4.7,32.9,341.9,-0.3107,0.9505,32.9,32.0,35.1,1.192,0.0687
25.52,92.87,334.0,2.5,33.0,116.2,0.8973,-0.4415,33.0,31.9,35.1,1.191,0.0366
25.52,92.88,264.0,3.3,33.2,173.6,0.1115,-0.9938,33.2,31.8,35.0,1.19,0.0484
25.52,92.89,253.0,4.4,33.2,36.8,0.599,0.8007,33.2,31.7,35.0,1.19,0.0645
25.52,92.9,352.0,6.4,33.3,20.2,0.3453,0.9385,33.3,31.6,35.0,1.189,0.0938
25.52,92.91,403.0,2.5,33.4,344.5,-0.2672,0.9636,33.4,31.6,35.0,1.189,0.0367
25.52,92.92,404.0,10.1,33.5,178.0,0.0349,-0.9994,33.5,31.5,35.0,1.189,0.1475
25.52,92.93,147.0,4.8,33.5,153.9,0.4399,-0.898,33.5,31.5,35.0,1.189,0.0704
25.52,92.94,297.0,4.2,33.5,10.4,0.1805,0.9836,33.5,31.4,35.1,1.189,0.0616
25.52,92.95,250.0,3.9,33.5,188.5,-0.1478,-0.989,33.5,31.4,35.1,1.19,0.0572
25.52,92.96,200.0,4.8,33.5,44.6,0.7022,0.712,33.5,31.3,35.1,1.191,0.0703
25.52,92.97,336.0,3.3,33.5,42.5,0.6756,0.7373,33.5,31.3,35.2,1.192,0.0483
25.52,92.98,261.0,6.3,33.5,187.5,-0.1305,-0.9914,33.5,31.3,35.3,1.194,0.0919
25.52,92.99,179.0,4.7,33.4,133.1,0.7302,-0.6833,33.4,31.2,35.3,1.196,0.0685
25.52,93.0,180.0,2.5,33.4,63.8,0.8973,0.4415,33.4,31.2,35.4,1.198,0.0364
25.52,93.01,207.0,3.6,33.3,128.5,0.7826,-0.6225,33.3,31.2,35.5,1.201,0.0523
25.52,93.02,124.0,3.9,33.2,133.2,0.729,-0.6845,33.2,31.1,35.7,1.204,0.0565
25.52,93.03,140.0,2.5,33.1,45.3,0.7108,0.7034,33.1,31.1,35.8,1.208,0.0361
25.52,93.04,166.0,3.4,33.0,74.2,0.9622,0.2723,33.0,31.1,35.9,1.211,0.049
25.52,93.05,163.0,2.8,32.8,84.2,0.9949,0.1011,32.8,31.1,36.1,1.215,0.0402
25.52,93.06,173.0,3.7,32.6,78.9,0.9813,0.1925,32.6,31.1,36.3,1.22,0.0529
25.52,93.07,181.0,2.5,32.3,78.8,0.981,0.1942,32.3,31.2,36.5,1.224,0.0356
25.52,93.08,185.0,3.5,32.1,81.4,0.9888,0.1495,32.1,31.2,36.7,1.229,0.0497
25.52,93.09,194.0,3.5,31.7,92.6,0.999,-0.0454,31.7,31.3,36.9,1.234,0.0495
25.52,93.1,181.0,2.5,31.4,71.0,0.9455,0.3256,31.4,31.4,37.1,1.239,0.0352
25.52,93.11,212.0,3.2,31.1,57.0,0.8387,0.5446,31.1,31.6,37.4,1.243,0.0449
25.52,93.12,225.0,2.5,30.9,115.9,0.8996,-0.4368,30.9,31.6,37.5,1.246,0.035
25.52,93.13,205.0,2.5,30.8,316.5,-0.6884,0.7254,30.8,31.7,37.5,1.247,0.035
25.52,93.14,263.0,2.5,30.9,334.2,-0.4352,0.9003,30.9,31.6,37.5,1.246,0.035
25.52,93.15,261.0,2.5,31.1,264.2,-0.9949,-0.1011,31.1,31.5,37.3,1.243,0.0351
25.52,93.16,258.0,2.5,31.5,283.8,-0.9711,0.2385,31.5,31.4,37.1,1.24,0.0352
25.52,93.17,271.0,2.5,31.8,289.3,-0.9438,0.3305,31.8,31.2,36.9,1.236,0.0353
25.52,93.18,264.0,2.5,32.2,313.7,-0.723,0.6909,32.2,31.1,36.7,1.233,0.0354
25.52,93.19,302.0,2.7,32.5,300.8,-0.859,0.512,32.5,31.0,36.5,1.229,0.0383
25.52,93.2,299.0,2.6,32.7,260.4,-0.986,-0.1668,32.7,30.9,36.4,1.226,0.037
25.52,93.21,291.0,2.5,33.0,276.9,-0.9928,0.1201,33.0,30.8,36.3,1.224,0.0356
25.52,93.22,306.0,3.7,33.1,293.8,-0.915,0.4035,33.1,30.7,36.2,1.222,0.0528
25.52,93.23,328.0,3.4,33.2,274.7,-0.9966,0.0819,33.2,30.7,36.1,1.219,0.0487
25.52,93.24,313.0,3.3,33.4,311.5,-0.749,0.6626,33.4,30.7,36.0,1.218,0.0473
25.52,93.25,383.0,10.2,33.4,330.6,-0.4909,0.8712,33.4,30.6,35.9,1.216,0.1456
25.52,93.26,537.0,5.7,33.5,274.0,-0.9976,0.0698,33.5,30.6,35.9,1.214,0.0818
25.52,93.27,393.0,11.2,33.6,244.1,-0.8996,-0.4368,33.6,30.6,35.8,1.213,0.1601
25.52,93.28,413.0,9.9,33.6,268.9,-0.9998,-0.0192,33.6,30.6,35.8,1.211,0.142
25.52,93.29,388.0,7.9,33.7,255.5,-0.9681,-0.2504,33.7,30.6,35.8,1.21,0.1136
25.53,92.61,767.0,2.5,31.7,227.3,-0.7349,-0.6782,31.7,33.0,35.2,1.202,0.0363
25.53,92.62,747.0,2.5,31.6,203.7,-0.4019,-0.9157,31.6,33.1,35.3,1.204,0.0362
25.53,92.63,732.0,2.5,31.5,208.0,-0.4695,-0.8829,31.5,33.1,35.4,1.206,0.0362
25.53,92.64,713.0,2.5,31.4,94.8,0.9965,-0.0837,31.4,33.1,35.4,1.208,0.0361
25.53,92.65,728.0,3.3,31.3,47.1,0.7325,0.6807,31.3,33.2,35.5,1.21,0.0476
25.53,92.66,770.0,2.5,31.2,42.1,0.6704,0.742,31.2,33.2,35.6,1.212,0.036
25.53,92.67,741.0,3.7,31.1,210.2,-0.503,-0.8643,31.1,33.3,35.6,1.214,0.0532
25.53,92.68,691.0,4.5,31.0,202.8,-0.3875,-0.9219,31.0,33.3,35.7,1.216,0.0645
25.53,92.69,638.0,2.9,30.9,231.0,-0.7771,-0.6293,30.9,33.4,35.8,1.217,0.0416
25.53,92.7,645.0,2.5,30.8,223.0,-0.682,-0.7314,30.8,33.4,35.8,1.219,0.0358
25.53,92.71,608.0,2.5,30.7,219.3,-0.6334,-0.7738,30.7,33.5,35.8,1.219,0.0358
25.53,92.72,613.0,2.5,30.7,342.3,-0.304,0.9527,30.7,33.5,35.8,1.22,0.0358
25.53,92.73,656.0,2.5,30.7,118.1,0.8821,-0.471,30.7,33.5,35.8,1.219,0.0358
25.53,92.74,585.0,11.0,30.8,111.3,0.9317,-0.3633,30.8,33.4,35.8,1.218,0.1567
25.53,92.75,555.0,2.5,30.9,111.5,0.9304,-0.3665,30.9,33.4,35.7,1.217,0.0358
25.53,92.76,569.0,2.5,31.0,130.8,0.757,-0.6534,31.0,33.3,35.7,1.215,0.0359
25.53,92.77,548.0,6.2,31.2,184.3,-0.075,-0.9972,31.2,33.2,35.6,1.212,0.0891
25.53,92.78,414.0,5.6,31.4,177.4,0.0454,-0.999,31.4,33.0,35.5,1.21,0.0806
25.53,92.79,408.0,2.5,31.6,147.6,0.5358,-0.8443,31.6,32.9,35.5,1.207,0.0361
25.53,92.8,370.0,4.2,31.8,192.5,-0.2164,-0.9763,31.8,32.8,35.4,1.204,0.0608
25.53,92.81,306.0,8.7,32.0,241.2,-0.8763,-0.4818,32.0,32.6,35.3,1.202,0.1258
25.53,92.82,265.0,6.2,32.2,234.9,-0.8181,-0.575,32.2,32.5,35.3,1.2,0.09
25.53,92.83,216.0,2.9,32.4,228.4,-0.7478,-0.6639,32.4,32.4,35.2,1.198,0.0422
25.53,92.84,217.0,2.5,32.6,195.1,-0.2605,-0.9655,32.6,32.2,35.2,1.196,0.0365
25.53,92.85,166.0,3.0,32.7,36.5,0.5948,0.8039,32.7,32.1,35.2,1.195,0.0438
25.53,92.86,278.0,4.9,32.8,73.5,0.9588,0.284,32.8,32.0,35.1,1.194,0.0715
25.53,92.87,201.0,6.4,33.0,108.6,0.9478,-0.319,33.0,31.9,35.1,1.193,0.0934
25.53,92.88,227.0,3.5,33.1,114.7,0.9085,-0.4179,33.1,31.8,35.1,1.192,0.0512
25.53,92.89,164.0,3.9,33.1,121.3,0.8545,-0.5195,33.1,31.7,35.1,1.191,0.0571
25.53,92.9,176.0,8.5,33.2,65.3,0.9085,0.4179,33.2,31.7,35.1,1.191,0.1241
25.53,92.91,253.0,6.1,33.3,70.5,0.9426,0.3338,33.3,31.6,35.1,1.191,0.0892
25.53,92.92,227.0,8.9,33.3,109.4,0.9432,-0.3322,33.3,31.5,35.1,1.191,0.1299
25.53,92.93,179.0,2.5,33.4,137.9,0.6704,-0.742,33.4,31.5,35.1,1.191,0.0366
25.53,92.94,216.0,3.1,33.4,14.4,0.2487,0.9686,33.4,31.4,35.2,1.191,0.0454
25.53,92.95,253.0,5.1,33.4,124.7,0.8221,-0.5693,33.4,31.4,35.2,1.192,0.0746
25.53,92.96,143.0,3.7,33.4,146.6,0.5505,-0.8348,33.4,31.4,35.2,1.193,0.0541
25.53,92.97,175.0,8.8,33.4,58.1,0.849,0.5284,33.4,31.3,35.3,1.195,0.128
25.53,92.98,260.0,3.1,33.4,115.8,0.9003,-0.4352,33.4,31.3,35.4,1.196,0.0452
25.53,92.99,141.0,3.8,33.3,156.2,0.4035,-0.915,33.3,31.2,35.4,1.198,0.0553
25.53,93.0,174.0,2.5,33.3,68.6,0.9311,0.3649,33.3,31.2,35.5,1.2,0.0363
25.53,93.01,159.0,2.5,33.2,109.9,0.9403,-0.3404,33.2,31.2,35.6,1.203,0.0363
25.53,93.02,158.0,2.5,33.1,348.5,-0.1994,0.9799,33.1,31.1,35.7,1.206,0.0362
25.53,93.03,190.0,2.8,33.0,261.0,-0.9877,-0.1564,33.0,31.1,35.8,1.209,0.0404
25.53,93.04,147.0,2.5,32.9,204.3,-0.4115,-0.9114,32.9,31.1,36.0,1.213,0.036
25.53,93.05,160.0,2.5,32.8,200.6,-0.3518,-0.9361,32.8,31.1,36.1,1.216,0.0359
25.53,93.06,135.0,2.5,32.6,354.8,-0.0906,0.9959,32.6,31.1,36.3,1.22,0.0358
25.53,93.07,170.0,2.5,32.4,73.4,0.9583,0.2857,32.4,31.1,36.4,1.224,0.0356
25.53,93.08,142.0,2.5,32.2,164.9,0.2605,-0.9655,32.2,31.2,36.6,1.228,0.0355
25.53,93.09,140.0,2.5,31.9,31.4,0.521,0.8536,31.9,31.3,36.8,1.233,0.0354
25.53,93.1,179.0,2.5,31.7,47.9,0.742,0.6704,31.7,31.3,37.0,1.237,0.0353
25.53,93.11,162.0,2.5,31.4,12.1,0.2096,0.9778,31.4,31.4,37.2,1.24,0.0352
25.53,93.12,221.0,4.6,31.2,1.3,0.0227,0.9997,31.2,31.5,37.3,1.242,0.0646
25.53,93.13,277.0,2.5,31.2,327.9,-0.5314,0.8471,31.2,31.5,37.3,1.243,0.0351
25.53,93.14,267.0,2.5,31.3,356.6,-0.0593,0.9982,31.3,31.5,37.3,1.242,0.0351
25.53,93.15,292.0,2.5,31.5,22.8,0.3875,0.9219,31.5,31.4,37.1,1.24,0.0352
25.53,93.16,282.0,2.5,31.8,198.0,-0.309,-0.9511,31.8,31.2,36.9,1.238,0.0352
25.53,93.17,256.0,2.5,32.1,258.7,-0.9806,-0.1959,32.1,31.1,36.8,1.235,0.0353
25.53,93.18,273.0,2.5,32.4,317.3,-0.6782,0.7349,32.4,31.0,36.6,1.232,0.0354
25.53,93.19,302.0,2.5,32.7,333.4,-0.4478,0.8942,32.7,30.9,36.4,1.229,0.0355
25.53,93.2,309.0,2.5,32.9,102.5,0.9763,-0.2164,32.9,30.8,36.3,1.226,0.0356
25.53,93.21,301.0,2.5,33.1,19.0,0.3256,0.9455,33.1,30.7,36.2,1.224,0.0356
25.53,93.22,330.0,2.5,33.2,29.7,0.4955,0.8686,33.2,30.7,36.1,1.222,0.0357
25.53,93.23,331.0,2.5,33.3,140.4,0.6374,-0.7705,33.3,30.7,36.0,1.22,0.0358
25.53,93.24,306.0,2.5,33.4,348.9,-0.1925,0.9813,33.4,30.6,36.0,1.218,0.0358
25.53,93.25,377.0,3.7,33.5,15.1,0.2605,0.9655,33.5,30.6,35.9,1.217,0.053
25.53,93.26,396.0,8.2,33.5,46.2,0.7218,0.6921,33.5,30.6,35.9,1.215,0.1174
25.53,93.27,520.0,4.9,33.6,14.5,0.2504,0.9681,33.6,30.6,35.8,1.214,0.0704
25.53,93.28,515.0,4.5,33.6,232.0,-0.788,-0.6157,33.6,30.6,35.8,1.212,0.0647
25.53,93.29,451.0,7.9,33.7,229.7,-0.7627,-0.6468,33.7,30.6,35.8,1.211,0.1135
25.54,92.62,735.0,2.5,31.6,74.5,0.9636,0.2672,31.6,33.1,35.3,1.204,0.0362
25.54,92.63,738.0,2.5,31.5,115.4,0.9033,-0.4289,31.5,33.1,35.4,1.206,0.0362
25.54,92.64,723.0,2.5,31.4,229.0,-0.7547,-0.6561,31.4,33.1,35.4,1.208,0.0361
25.54,92.65,727.0,2.5,31.3,331.6,-0.4756,0.8796,31.3,33.2,35.5,1.21,0.036
25.54,92.66,733.0,2.9,31.2,77.2,0.9751,0.2215,31.2,33.2,35.6,1.212,0.0417
25.54,92.67,743.0,2.6,31.1,125.1,0.8181,-0.575,31.1,33.3,35.6,1.213,0.0374
25.54,92.68,695.0,2.8,31.0,189.0,-0.1564,-0.9877,31.0,33.3,35.7,1.215,0.0402
25.54,92.69,675.0,2.6,30.9,211.5,-0.5225,-0.8526,30.9,33.4,35.7,1.217,0.0373
25.54,92.7,639.0,2.5,30.8,186.8,-0.1184,-0.993,30.8,33.4,35.8,1.218,0.0358
25.54,92.71,637.0,2.5,30.8,190.9,-0.1891,-0.982,30.8,33.4,35.8,1.219,0.0358
25.54,92.72,625.0,5.1,30.7,123.7,0.832,-0.5548,30.7,33.4,35.8,1.219,0.0729
25.54,92.73,566.0,10.5,30.8,134.3,0.7157,-0.6984,30.8,33.4,35.8,1.219,0.1495
25.54,92.74,440.0,3.5,30.8,95.2,0.9959,-0.0906,30.8,33.4,35.8,1.218,0.0501
25.54,92.75,558.0,4.0,30.9,26.4,0.4446,0.8957,30.9,33.3,35.7,1.216,0.0574
25.54,92.76,529.0,2.5,31.1,93.7,0.9979,-0.0645,31.1,33.2,35.7,1.214,0.0359
25.54,92.77,557.0,2.5,31.2,156.7,0.3955,-0.9184,31.2,33.1,35.6,1.212,0.036
25.54,92.78,506.0,6.6,31.4,192.3,-0.213,-0.977,31.4,33.0,35.5,1.21,0.095
25.54,92.79,395.0,5.7,31.6,188.0,-0.1392,-0.9903,31.6,32.9,35.5,1.207,0.0823
25.54,92.8,364.0,2.5,31.8,306.2,-0.807,0.5906,31.8,32.8,35.4,1.205,0.0362
25.54,92.81,426.0,4.0,32.0,268.9,-0.9998,-0.0192,32.0,32.6,35.4,1.203,0.058
25.54,92.82,362.0,5.2,32.2,202.3,-0.3795,-0.9252,32.2,32.5,35.3,1.201,0.0755
25.54,92.83,305.0,6.5,32.4,217.6,-0.6101,-0.7923,32.4,32.4,35.3,1.199,0.0944
25.54,92.84,233.0,5.5,32.5,193.6,-0.2351,-0.972,32.5,32.2,35.3,1.197,0.0801
25.54,92.85,171.0,3.7,32.6,205.8,-0.4352,-0.9003,32.6,32.1,35.2,1.196,0.054
25.54,92.86,149.0,3.1,32.8,93.7,0.9979,-0.0645,32.8,32.0,35.2,1.195,0.0453
25.54,92.87,166.0,2.5,32.9,9.8,0.1702,0.9854,32.9,31.9,35.2,1.194,0.0365
25.54,92.88,175.0,2.5,33.0,95.7,0.9951,-0.0993,33.0,31.8,35.2,1.193,0.0366
25.54,92.89,160.0,2.5,33.0,187.0,-0.1219,-0.9925,33.0,31.8,35.2,1.193,0.0366
25.54,92.9,138.0,3.5,33.1,16.9,0.2907,0.9568,33.1,31.7,35.2,1.193,0.0512
25.54,92.91,243.0,2.5,33.2,56.4,0.8329,0.5534,33.2,31.6,35.2,1.193,0.0366
25.54,92.92,171.0,4.3,33.2,188.2,-0.1426,-0.9898,33.2,31.6,35.2,1.193,0.0628
25.54,92.93,136.0,5.8,33.3,316.6,-0.6871,0.7266,33.3,31.5,35.2,1.193,0.0847
25.54,92.94,276.0,2.5,33.3,101.1,0.9813,-0.1925,33.3,31.5,35.3,1.194,0.0365
25.54,92.95,133.0,5.3,33.3,177.3,0.0471,-0.9989,33.3,31.4,35.3,1.194,0.0774
25.54,92.96,143.0,2.5,33.3,132.7,0.7349,-0.6782,33.3,31.4,35.3,1.195,0.0365
25.54,92.97,128.0,2.5,33.3,340.2,-0.3387,0.9409,33.3,31.3,35.4,1.197,0.0364
25.54,92.98,183.0,5.0,33.3,85.9,0.9974,0.0715,33.3,31.3,35.5,1.198,0.0728
25.54,92.99,137.0,2.5,33.2,167.7,0.213,-0.977,33.2,31.3,35.5,1.2,0.0363
25.54,93.0,129.0,2.5,33.2,63.2,0.8926,0.4509,33.2,31.2,35.6,1.202,0.0363
25.54,93.01,158.0,2.5,33.1,283.8,-0.9711,0.2385,33.1,31.2,35.7,1.205,0.0362
25.54,93.02,131.0,2.5,33.1,356.5,-0.061,0.9981,33.1,31.1,35.8,1.207,0.0361
25.54,93.03,217.0,2.5,33.0,2.1,0.0366,0.9993,33.0,31.1,35.9,1.21,0.036
25.54,93.04,181.0,3.0,32.9,228.8,-0.7524,-0.6587,32.9,31.1,36.0,1.213,0.0431
25.54,93.05,168.0,2.5,32.8,225.9,-0.7181,-0.6959,32.8,31.1,36.1,1.217,0.0358
25.54,93.06,174.0,2.5,32.7,235.5,-0.8241,-0.5664,32.7,31.1,36.2,1.22,0.0358
25.54,93.07,155.0,2.5,32.6,0.0,0.0,1.0,32.6,31.1,36.4,1.224,0.0356
25.54,93.08,176.0,2.5,32.4,329.9,-0.5015,0.8652,32.4,31.1,36.5,1.227,0.0355
25.54,93.09,169.0,2.5,32.2,229.9,-0.7649,-0.6441,32.2,31.2,36.6,1.231,0.0354
25.54,93.1,154.0,2.5,32.0,356.9,-0.0541,0.9985,32.0,31.2,36.8,1.234,0.0353
25.54,93.11,202.0,2.7,31.8,351.7,-0.1444,0.9895,31.8,31.3,36.9,1.237,0.0381
25.54,93.12,222.0,2.5,31.7,351.2,-0.153,0.9882,31.7,31.3,37.0,1.238,0.0352
25.54,93.13,237.0,2.5,31.7,40.0,0.6428,0.766,31.7,31.3,37.0,1.239,0.0352
25.54,93.14,264.0,2.5,31.8,42.1,0.6704,0.742,31.8,31.2,36.9,1.239,0.0352
25.54,93.15,254.0,2.5,32.0,82.1,0.9905,0.1374,32.0,31.1,36.8,1.237,0.0353
25.54,93.16,271.0,2.8,32.3,17.2,0.2957,0.9553,32.3,31.0,36.7,1.235,0.0396
25.54,93.17,321.0,3.0,32.5,302.7,-0.8415,0.5402,32.5,30.9,36.5,1.233,0.0424
25.54,93.18,311.0,2.5,32.8,274.2,-0.9973,0.0732,32.8,30.8,36.4,1.231,0.0354
25.54,93.19,322.0,2.5,33.0,205.5,-0.4305,-0.9026,33.0,30.8,36.3,1.228,0.0355
25.54,93.2,294.0,2.5,33.1,145.2,0.5707,-0.8211,33.1,30.7,36.2,1.226,0.0356
25.54,93.21,283.0,2.5,33.2,242.7,-0.8886,-0.4586,33.2,30.7,36.1,1.224,0.0356
25.54,93.22,287.0,2.5,33.3,15.4,0.2656,0.9641,33.3,30.6,36.0,1.222,0.0357
25.54,93.23,306.0,2.5,33.4,36.0,0.5878,0.809,33.4,30.6,36.0,1.221,0.0357
25.54,93.24,323.0,2.5,33.5,344.9,-0.2605,0.9655,33.5,30.6,35.9,1.219,0.0358
25.54,93.25,356.0,3.4,33.5,54.5,0.8141,0.5807,33.5,30.6,35.9,1.217,0.0487
25.54,93.26,372.0,2.5,33.6,84.9,0.996,0.0889,33.6,30.6,35.8,1.216,0.0359
25.54,93.27,359.0,9.0,33.6,52.3,0.7912,0.6115,33.6,30.6,35.8,1.214,0.1289
25.54,93.28,511.0,10.4,33.6,41.5,0.6626,0.749,33.6,30.6,35.8,1.213,0.1488
25.54,93.29,555.0,3.9,33.7,25.3,0.4274,0.9041,33.7,30.6,35.7,1.212,0.0561
25.55,92.63,704.0,3.1,31.5,53.1,0.7997,0.6004,31.5,33.1,35.4,1.206,0.0448
25.55,92.64,727.0,2.5,31.4,41.1,0.6574,0.7536,31.4,33.1,35.4,1.208,0.0361
25.55,92.65,734.0,2.5,31.3,130.8,0.757,-0.6534,31.3,33.2,35.5,1.209,0.0361
25.55,92.66,692.0,3.2,31.2,130.8,0.757,-0.6534,31.2,33.2,35.6,1.211,0.0461
25.55,92.67,681.0,3.2,31.1,82.2,0.9907,0.1357,31.1,33.3,35.6,1.213,0.046
25.55,92.68,703.0,2.5,31.0,99.3,0.9869,-0.1616,31.0,33.3,35.7,1.215,0.0359
25.55,92.69,676.0,2.5,30.9,179.0,0.0175,-0.9998,30.9,33.3,35.7,1.216,0.0359
25.55,92.7,650.0,3.1,30.9,213.7,-0.5548,-0.832,30.9,33.4,35.7,1.217,0.0444
25.55,92.71,611.0,6.3,30.8,191.5,-0.1994,-0.9799,30.8,33.4,35.8,1.218,0.0901
25.55,92.72,495.0,7.3,30.8,153.5,0.4462,-0.8949,30.8,33.4,35.8,1.218,0.1043
25.55,92.73,446.0,2.5,30.8,96.7,0.9932,-0.1167,30.8,33.4,35.8,1.218,0.0358
25.55,92.74,488.0,2.8,30.9,330.3,-0.4955,0.8686,30.9,33.4,35.7,1.217,0.0401
25.55,92.75,506.0,4.6,31.0,56.2,0.831,0.5563,31.0,33.3,35.7,1.215,0.066
25.55,92.76,552.0,2.5,31.1,60.2,0.8678,0.497,31.1,33.2,35.7,1.214,0.0359
25.55,92.77,537.0,4.5,31.3,150.9,0.4863,-0.8738,31.3,33.1,35.6,1.212,0.0647
25.55,92.78,453.0,4.4,31.5,169.0,0.1908,-0.9816,31.5,33.0,35.5,1.209,0.0635
25.55,92.79,430.0,2.5,31.6,149.0,0.515,-0.8572,31.6,32.9,35.5,1.207,0.0361
25.55,92.8,417.0,2.5,31.8,216.9,-0.6004,-0.7997,31.8,32.7,35.4,1.205,0.0362
25.55,92.81,418.0,4.2,32.0,159.1,0.3567,-0.9342,32.0,32.6,35.4,1.203,0.0609
25.55,92.82,320.0,3.7,32.2,176.6,0.0593,-0.9982,32.2,32.5,35.4,1.201,0.0537
25.55,92.83,326.0,2.7,32.3,183.1,-0.0541,-0.9985,32.3,32.4,35.3,1.2,0.0393
25.55,92.84,253.0,5.3,32.5,209.8,-0.497,-0.8678,32.5,32.2,35.3,1.198,0.0771
25.55,92.85,211.0,2.6,32.6,199.5,-0.3338,-0.9426,32.6,32.1,35.3,1.197,0.0379
25.55,92.86,192.0,2.5,32.7,246.9,-0.9198,-0.3923,32.7,32.0,35.3,1.196,0.0365
25.55,92.87,196.0,2.5,32.8,233.0,-0.7986,-0.6018,32.8,31.9,35.3,1.195,0.0365
25.55,92.88,160.0,2.5,32.9,201.8,-0.3714,-0.9285,32.9,31.9,35.3,1.195,0.0365
25.55,92.89,169.0,2.5,32.9,237.7,-0.8453,-0.5344,32.9,31.8,35.3,1.195,0.0365
25.55,92.9,148.0,2.5,33.0,354.7,-0.0924,0.9957,33.0,31.7,35.3,1.194,0.0365
25.55,92.91,198.0,4.7,33.1,34.5,0.5664,0.8241,33.1,31.6,35.3,1.194,0.0686
25.55,92.92,244.0,3.7,33.1,6.8,0.1184,0.993,33.1,31.6,35.3,1.195,0.054
25.55,92.93,289.0,2.5,33.1,211.0,-0.515,-0.8572,33.1,31.5,35.3,1.195,0.0365
25.55,92.94,199.0,5.5,33.1,108.2,0.95,-0.3123,33.1,31.5,35.4,1.196,0.0801
25.55,92.95,246.0,2.6,33.2,196.2,-0.279,-0.9603,33.2,31.4,35.4,1.197,0.0379
25.55,92.96,137.0,2.5,33.2,188.4,-0.1461,-0.9893,33.2,31.4,35.4,1.198,0.0364
25.55,92.97,191.0,2.5,33.2,198.7,-0.3206,-0.9472,33.2,31.4,35.5,1.199,0.0364
25.55,92.98,121.0,3.5,33.1,136.2,0.6921,-0.7218,33.1,31.3,35.5,1.2,0.0509
25.55,92.99,128.0,2.5,33.1,49.2,0.757,0.6534,33.1,31.3,35.6,1.202,0.0363
25.55,93.0,128.0,2.5,33.1,15.1,0.2605,0.9655,33.1,31.2,35.7,1.204,0.0362
25.55,93.01,168.0,2.5,33.1,19.0,0.3256,0.9455,33.1,31.2,35.7,1.206,0.0362
25.55,93.02,162.0,2.5,33.0,344.9,-0.2605,0.9655,33.0,31.1,35.8,1.209,0.0361
25.55,93.03,188.0,2.5,33.0,22.0,0.3746,0.9272,33.0,31.1,35.9,1.211,0.036
25.55,93.04,209.0,2.5,32.9,187.7,-0.134,-0.991,32.9,31.1,36.0,1.214,0.0359
25.55,93.05,168.0,2.5,32.9,180.0,0.0,-1.0,32.9,31.0,36.1,1.217,0.0358
25.55,93.06,156.0,2.5,32.8,273.0,-0.9986,0.0523,32.8,31.0,36.2,1.22,0.0358
25.55,93.07,170.0,2.5,32.7,260.2,-0.9854,-0.1702,32.7,31.0,36.3,1.223,0.0357
25.55,93.08,151.0,2.5,32.6,267.6,-0.9991,-0.0419,32.6,31.0,36.4,1.226,0.0356
25.55,93.09,169.0,2.5,32.5,335.7,-0.4115,0.9114,32.5,31.0,36.5,1.229,0.0355
25.55,93.1,181.0,2.5,32.4,277.4,-0.9917,0.1288,32.4,31.0,36.6,1.232,0.0354
25.55,93.11,173.0,2.5,32.3,350.0,-0.1736,0.9848,32.3,31.0,36.6,1.234,0.0353
25.55,93.12,227.0,2.9,32.3,27.2,0.4571,0.8894,32.3,31.0,36.7,1.235,0.041
25.55,93.13,238.0,2.5,32.3,316.7,-0.6858,0.7278,32.3,31.0,36.7,1.235,0.0353
25.55,93.14,250.0,2.5,32.5,110.3,0.9379,-0.3469,32.5,30.9,36.6,1.235,0.0353
25.55,93.15,236.0,2.5,32.6,38.7,0.6252,0.7804,32.6,30.9,36.5,1.234,0.0353
25.55,93.16,259.0,3.8,32.8,339.4,-0.3518,0.9361,32.8,30.8,36.4,1.233,0.0538
25.55,93.17,325.0,2.5,33.0,33.2,0.5476,0.8368,33.0,30.7,36.3,1.231,0.0354
25.55,93.18,288.0,2.5,33.2,125.2,0.8171,-0.5764,33.2,30.6,36.2,1.229,0.0355
25.55,93.19,311.0,2.5,33.3,113.4,0.9178,-0.3971,33.3,30.6,36.1,1.228,0.0355
25.55,93.2,279.0,2.5,33.4,78.4,0.9796,0.2011,33.4,30.6,36.1,1.226,0.0356
25.55,93.21,316.0,2.7,33.4,310.1,-0.7649,0.6441,33.4,30.6,36.0,1.224,0.0385
25.55,93.22,323.0,2.5,33.5,236.0,-0.829,-0.5592,33.5,30.6,36.0,1.223,0.0357
25.55,93.23,302.0,2.5,33.5,266.2,-0.9978,-0.0663,33.5,30.6,35.9,1.221,0.0357
25.55,93.24,321.0,2.5,33.6,264.2,-0.9949,-0.1011,33.6,30.6,35.9,1.219,0.0358
25.55,93.25,301.0,2.5,33.6,38.9,0.628,0.7782,33.6,30.6,35.9,1.218,0.0358
25.55,93.26,359.0,2.5,33.6,30.4,0.506,0.8625,33.6,30.6,35.8,1.216,0.0359
25.55,93.27,321.0,2.5,33.6,191.3,-0.1959,-0.9806,33.6,30.6,35.8,1.215,0.0359
25.55,93.28,323.0,5.0,33.7,47.9,0.742,0.6704,33.7,30.6,35.8,1.214,0.0718
25.55,93.29,405.0,8.6,33.7,41.0,0.6561,0.7547,33.7,30.6,35.7,1.212,0.1234
25.56,92.64,694.0,2.6,31.5,112.0,0.9272,-0.3746,31.5,33.1,35.4,1.207,0.0376
25.56,92.65,682.0,4.3,31.4,105.7,0.9627,-0.2706,31.4,33.1,35.5,1.209,0.062
25.56,92.66,665.0,6.8,31.3,99.5,0.9863,-0.165,31.3,33.2,35.5,1.211,0.0978
25.56,92.67,654.0,2.5,31.2,94.0,0.9976,-0.0698,31.2,33.2,35.6,1.212,0.036
25.56,92.68,661.0,3.0,31.1,74.7,0.9646,0.2639,31.1,33.3,35.6,1.214,0.0431
25.56,92.69,674.0,2.5,31.0,53.5,0.8039,0.5948,31.0,33.3,35.7,1.215,0.0359
25.56,92.7,687.0,2.5,31.0,97.9,0.9905,-0.1374,31.0,33.3,35.7,1.216,0.0359
25.56,92.71,672.0,6.1,30.9,178.6,0.0244,-0.9997,30.9,33.3,35.7,1.216,0.0874
25.56,92.72,534.0,6.9,30.9,186.3,-0.1097,-0.994,30.9,33.3,35.7,1.217,0.0987
25.56,92.73,500.0,3.2,30.9,225.4,-0.712,-0.7022,30.9,33.3,35.7,1.216,0.0459
25.56,92.74,478.0,3.8,31.0,120.6,0.8607,-0.509,31.0,33.3,35.7,1.216,0.0545
25.56,92.75,452.0,2.5,31.1,196.7,-0.2874,-0.9578,31.1,33.2,35.7,1.214,0.0359
25.56,92.76,469.0,3.0,31.2,53.5,0.8039,0.5948,31.2,33.2,35.6,1.213,0.0431
25.56,92.77,496.0,3.5,31.3,80.7,0.9869,0.1616,31.3,33.1,35.6,1.211,0.0504
25.56,92.78,483.0,5.8,31.5,148.8,0.518,-0.8554,31.5,33.0,35.5,1.209,0.0836
25.56,92.79,371.0,5.1,31.7,148.2,0.527,-0.8499,31.7,32.8,35.5,1.207,0.0736
25.56,92.8,374.0,2.8,31.8,78.5,0.9799,0.1994,31.8,32.7,35.5,1.205,0.0405
25.56,92.81,385.0,3.4,32.0,102.1,0.9778,-0.2096,32.0,32.6,35.4,1.203,0.0493
25.56,92.82,356.0,3.4,32.1,155.2,0.4195,-0.9078,32.1,32.5,35.4,1.202,0.0493
25.56,92.83,309.0,2.5,32.3,152.4,0.4633,-0.8862,32.3,32.4,35.4,1.2,0.0363
25.56,92.84,306.0,4.6,32.4,173.2,0.1184,-0.993,32.4,32.2,35.3,1.199,0.0669
25.56,92.85,195.0,4.9,32.5,195.8,-0.2723,-0.9622,32.5,32.1,35.3,1.198,0.0713
25.56,92.86,188.0,2.5,32.6,290.3,-0.9379,0.3469,32.6,32.0,35.3,1.197,0.0364
25.56,92.87,213.0,2.5,32.7,263.0,-0.9925,-0.1219,32.7,32.0,35.3,1.197,0.0364
25.56,92.88,187.0,2.5,32.8,214.1,-0.5606,-0.8281,32.8,31.9,35.3,1.196,0.0365
25.56,92.89,181.0,2.5,32.8,190.0,-0.1736,-0.9848,32.8,31.8,35.4,1.196,0.0365
25.56,92.9,141.0,2.5,32.9,216.4,-0.5934,-0.8049,32.9,31.7,35.4,1.196,0.0365
25.56,92.91,170.0,2.5,32.9,65.6,0.9107,0.4131,32.9,31.7,35.4,1.196,0.0365
25.56,92.92,159.0,4.0,33.0,92.3,0.9992,-0.0401,33.0,31.6,35.4,1.197,0.0583
25.56,92.93,166.0,3.8,33.0,106.9,0.9568,-0.2907,33.0,31.6,35.4,1.197,0.0554
25.56,92.94,131.0,2.5,33.0,248.7,-0.9317,-0.3633,33.0,31.5,35.5,1.198,0.0364
25.56,92.95,153.0,4.2,33.0,78.4,0.9796,0.2011,33.0,31.5,35.5,1.199,0.0611
25.56,92.96,152.0,2.5,33.0,190.8,-0.1874,-0.9823,33.0,31.4,35.5,1.2,0.0363
25.56,92.97,134.0,2.9,33.0,119.3,0.8721,-0.4894,33.0,31.4,35.6,1.201,0.0421
25.56,92.98,116.0,2.5,33.0,180.0,0.0,-1.0,33.0,31.3,35.6,1.202,0.0363
25.56,92.99,128.0,2.5,33.0,271.7,-0.9996,0.0297,33.0,31.3,35.7,1.204,0.0362
25.56,93.0,117.0,2.5,33.0,339.6,-0.3486,0.9373,33.0,31.2,35.8,1.206,0.0362
25.56,93.01,145.0,2.5,33.0,44.8,0.7046,0.7096,33.0,31.2,35.8,1.208,0.0361
25.56,93.02,137.0,2.5,33.0,352.9,-0.1236,0.9923,33.0,31.1,35.9,1.21,0.036
25.56,93.03,196.0,2.5,33.0,29.1,0.4863,0.8738,33.0,31.1,35.9,1.213,0.036
25.56,93.04,184.0,2.5,32.9,124.0,0.829,-0.5592,32.9,31.1,36.0,1.215,0.0359
25.56,93.05,168.0,2.5,32.9,339.1,-0.3567,0.9342,32.9,31.0,36.1,1.218,0.0358
25.56,93.06,217.0,3.4,32.9,282.8,-0.9751,0.2215,32.9,31.0,36.1,1.22,0.0486
25.56,93.07,187.0,3.5,32.9,260.1,-0.9851,-0.1719,32.9,30.9,36.2,1.223,0.0499
25.56,93.08,202.0,2.5,32.8,266.5,-0.9981,-0.061,32.8,30.9,36.3,1.225,0.0356
25.56,93.09,184.0,3.6,32.8,261.0,-0.9877,-0.1564,32.8,30.9,36.3,1.228,0.0511
25.56,93.1,188.0,2.6,32.8,294.7,-0.9085,0.4179,32.8,30.9,36.3,1.23,0.0369
25.56,93.11,211.0,2.5,32.8,266.7,-0.9983,-0.0576,32.8,30.8,36.4,1.231,0.0354
25.56,93.12,185.0,2.5,32.9,13.2,0.2284,0.9736,32.9,30.8,36.3,1.232,0.0354
25.56,93.13,261.0,3.1,33.0,342.2,-0.3057,0.9521,33.0,30.7,36.3,1.232,0.0439
25.56,93.14,258.0,2.5,33.2,238.4,-0.8517,-0.524,33.2,30.6,36.2,1.232,0.0354
25.56,93.15,246.0,4.2,33.3,298.8,-0.8763,0.4818,33.3,30.6,36.1,1.232,0.0594
25.56,93.16,308.0,2.7,33.4,323.7,-0.592,0.8059,33.4,30.5,36.1,1.231,0.0383
25.56,93.17,300.0,2.5,33.5,108.2,0.95,-0.3123,33.5,30.5,36.0,1.23,0.0355
25.56,93.18,289.0,2.5,33.6,268.0,-0.9994,-0.0349,33.6,30.4,36.0,1.229,0.0355
25.56,93.19,299.0,2.5,33.6,112.5,0.9239,-0.3827,33.6,30.4,35.9,1.227,0.0355
25.56,93.2,267.0,2.5,33.6,12.1,0.2096,0.9778,33.6,30.5,35.9,1.226,0.0356
25.56,93.21,341.0,2.5,33.6,327.0,-0.5446,0.8387,33.6,30.5,35.9,1.224,0.0356
25.56,93.22,310.0,2.5,33.6,246.1,-0.9143,-0.4051,33.6,30.5,35.9,1.223,0.0357
25.56,93.23,339.0,2.5,33.6,308.9,-0.7782,0.628,33.6,30.5,35.9,1.221,0.0357
25.56,93.24,334.0,2.5,33.7,239.5,-0.8616,-0.5075,33.7,30.5,35.8,1.22,0.0358
25.56,93.25,322.0,3.0,33.7,289.6,-0.9421,0.3355,33.7,30.5,35.8,1.218,0.043
25.56,93.26,359.0,2.5,33.7,317.9,-0.6704,0.742,33.7,30.5,35.8,1.217,0.0358
25.56,93.27,367.0,5.6,33.7,290.5,-0.9367,0.3502,33.7,30.5,35.8,1.216,0.0802
25.56,93.28,408.0,5.2,33.7,283.5,-0.9724,0.2334,33.7,30.6,35.8,1.214,0.0747
25.56,93.29,397.0,5.6,33.7,260.9,-0.9874,-0.1582,33.7,30.6,35.7,1.213,0.0804
25.57,92.65,620.0,10.1,31.4,153.9,0.4399,-0.898,31.4,33.1,35.5,1.208,0.1452
25.57,92.66,506.0,2.5,31.3,93.2,0.9984,-0.0558,31.3,33.1,35.5,1.21,0.036
25.57,92.67,617.0,5.1,31.2,25.0,0.4226,0.9063,31.2,33.2,35.6,1.211,0.0734
25.57,92.68,622.0,8.9,31.2,84.8,0.9959,0.0906,31.2,33.2,35.6,1.213,0.1275
25.57,92.69,637.0,2.6,31.1,79.5,0.9833,0.1822,31.1,33.3,35.7,1.214,0.0374
25.57,92.7,634.0,3.8,31.0,108.4,0.9489,-0.3156,31.0,33.3,35.7,1.215,0.0545
25.57,92.71,607.0,7.0,31.0,131.9,0.7443,-0.6678,31.0,33.3,35.7,1.215,0.1003
25.57,92.72,516.0,4.9,31.0,142.6,0.6074,-0.7944,31.0,33.3,35.7,1.215,0.0703
25.57,92.73,509.0,6.7,31.0,134.5,0.7133,-0.7009,31.0,33.3,35.7,1.215,0.096
25.57,92.74,398.0,4.1,31.1,90.0,1.0,0.0,31.1,33.2,35.7,1.214,0.0589
25.57,92.75,509.0,3.8,31.2,21.8,0.3714,0.9285,31.2,33.2,35.6,1.213,0.0546
25.57,92.76,486.0,3.8,31.3,135.5,0.7009,-0.7133,31.3,33.1,35.6,1.212,0.0547
25.57,92.77,442.0,5.8,31.4,144.1,0.5864,-0.81,31.4,33.0,35.6,1.21,0.0835
25.57,92.78,369.0,5.3,31.6,130.7,0.7581,-0.6521,31.6,32.9,35.5,1.208,0.0765
25.57,92.79,355.0,2.5,31.7,160.5,0.3338,-0.9426,31.7,32.8,35.5,1.207,0.0361
25.57,92.8,341.0,2.5,31.8,128.4,0.7837,-0.6211,31.8,32.7,35.5,1.205,0.0362
25.57,92.81,325.0,3.6,32.0,131.2,0.7524,-0.6587,32.0,32.6,35.4,1.203,0.0522
25.57,92.82,281.0,2.5,32.1,117.7,0.8854,-0.4648,32.1,32.5,35.4,1.202,0.0363
25.57,92.83,297.0,4.1,32.3,114.8,0.9078,-0.4195,32.3,32.3,35.4,1.201,0.0595
25.57,92.84,238.0,5.0,32.4,113.0,0.9205,-0.3907,32.4,32.2,35.4,1.2,0.0726
25.57,92.85,248.0,2.5,32.5,288.8,-0.9466,0.3223,32.5,32.1,35.4,1.199,0.0364
25.57,92.86,246.0,2.5,32.6,203.8,-0.4035,-0.915,32.6,32.1,35.4,1.198,0.0364
25.57,92.87,205.0,2.5,32.6,167.7,0.213,-0.977,32.6,32.0,35.4,1.198,0.0364
25.57,92.88,184.0,2.5,32.7,208.1,-0.471,-0.8821,32.7,31.9,35.4,1.198,0.0364
25.57,92.89,178.0,2.5,32.8,153.4,0.4478,-0.8942,32.8,31.8,35.4,1.198,0.0364
25.57,92.9,157.0,2.5,32.8,245.7,-0.9114,-0.4115,32.8,31.8,35.5,1.198,0.0364
25.57,92.91,154.0,2.5,32.8,139.2,0.6534,-0.757,32.8,31.7,35.5,1.198,0.0364
25.57,92.92,133.0,2.5,32.9,4.7,0.0819,0.9966,32.9,31.6,35.5,1.198,0.0364
25.57,92.93,187.0,4.3,32.9,15.2,0.2622,0.965,32.9,31.6,35.5,1.199,0.0625
25.57,92.94,236.0,2.5,32.9,172.4,0.1323,-0.9912,32.9,31.5,35.6,1.2,0.0363
25.57,92.95,133.0,4.0,32.9,160.2,0.3387,-0.9409,32.9,31.5,35.6,1.201,0.0581
25.57,92.96,141.0,2.5,32.9,117.2,0.8894,-0.4571,32.9,31.4,35.7,1.202,0.0363
25.57,92.97,120.0,2.5,32.9,139.4,0.6508,-0.7593,32.9,31.4,35.7,1.203,0.0363
25.57,92.98,121.0,2.6,32.9,314.9,-0.7083,0.7059,32.9,31.3,35.7,1.204,0.0377
25.57,92.99,165.0,2.5,32.9,349.1,-0.1891,0.982,32.9,31.3,35.8,1.206,0.0362
25.57,93.0,135.0,2.5,32.9,248.3,-0.9291,-0.3697,32.9,31.2,35.8,1.208,0.0361
25.57,93.01,146.0,2.5,32.9,345.1,-0.2571,0.9664,32.9,31.2,35.9,1.209,0.0361
25.57,93.02,169.0,3.6,32.9,278.4,-0.9893,0.1461,32.9,31.1,35.9,1.211,0.0519
25.57,93.03,159.0,2.5,32.9,117.1,0.8902,-0.4555,32.9,31.1,36.0,1.213,0.036
25.57,93.04,163.0,2.5,32.9,45.6,0.7145,0.6997,32.9,31.0,36.0,1.216,0.0359
25.57,93.05,182.0,3.5,33.0,354.0,-0.1045,0.9945,33.0,31.0,36.1,1.218,0.0501
25.57,93.06,249.0,4.6,33.0,316.6,-0.6871,0.7266,33.0,30.9,36.1,1.22,0.0657
25.57,93.07,265.0,4.4,33.0,246.9,-0.9198,-0.3923,33.0,30.9,36.1,1.223,0.0627
25.57,93.08,206.0,2.5,33.1,317.9,-0.6704,0.742,33.1,30.8,36.1,1.225,0.0356
25.57,93.09,267.0,5.3,33.1,287.7,-0.9527,0.304,33.1,30.7,36.1,1.227,0.0753
25.57,93.1,246.0,3.4,33.2,244.5,-0.9026,-0.4305,33.2,30.7,36.1,1.228,0.0483
25.57,93.11,230.0,2.7,33.3,242.1,-0.8838,-0.4679,33.3,30.6,36.1,1.229,0.0383
25.57,93.12,214.0,3.6,33.5,292.5,-0.9239,0.3827,33.5,30.5,36.0,1.23,0.051
25.57,93.13,264.0,2.6,33.7,350.3,-0.1685,0.9857,33.7,30.4,35.9,1.23,0.0369
25.57,93.14,277.0,3.0,33.8,346.8,-0.2284,0.9736,33.8,30.3,35.9,1.23,0.0425
25.57,93.15,337.0,2.5,34.0,331.0,-0.4848,0.8746,34.0,30.2,35.8,1.23,0.0355
25.57,93.16,303.0,3.4,34.0,154.1,0.4368,-0.8996,34.0,30.2,35.8,1.23,0.0482
25.57,93.17,261.0,2.5,34.0,64.2,0.9003,0.4352,34.0,30.2,35.8,1.229,0.0355
25.57,93.18,320.0,2.5,34.0,115.4,0.9033,-0.4289,34.0,30.2,35.8,1.228,0.0355
25.57,93.19,252.0,2.7,34.0,139.1,0.6547,-0.7559,34.0,30.3,35.8,1.227,0.0384
25.57,93.2,269.0,3.9,33.9,350.3,-0.1685,0.9857,33.9,30.3,35.8,1.226,0.0555
25.57,93.21,347.0,2.5,33.8,12.9,0.2233,0.9748,33.8,30.4,35.8,1.225,0.0356
25.57,93.22,328.0,2.5,33.8,255.7,-0.969,-0.247,33.8,30.4,35.8,1.223,0.0357
25.57,93.23,335.0,5.6,33.8,280.3,-0.9839,0.1788,33.8,30.4,35.8,1.222,0.0799
25.57,93.24,353.0,8.1,33.7,282.4,-0.9767,0.2147,33.7,30.5,35.8,1.22,0.1155
25.57,93.25,379.0,6.8,33.7,287.4,-0.9542,0.299,33.7,30.5,35.8,1.219,0.0971
25.57,93.26,404.0,5.3,33.7,310.7,-0.7581,0.6521,33.7,30.5,35.8,1.217,0.0759
25.57,93.27,466.0,7.5,33.7,287.8,-0.9521,0.3057,33.7,30.5,35.8,1.216,0.1073
25.57,93.28,462.0,4.5,33.7,325.5,-0.5664,0.8241,33.7,30.5,35.7,1.215,0.0646
25.57,93.29,558.0,8.7,33.7,331.8,-0.4726,0.8813,33.7,30.6,35.7,1.214,0.1246
25.58,92.66,605.0,4.7,31.4,259.3,-0.9826,-0.1857,31.4,33.1,35.5,1.209,0.0678
25.58,92.67,594.0,7.6,31.3,177.8,0.0384,-0.9993,31.3,33.1,35.6,1.21,0.1093
25.58,92.68,415.0,2.5,31.2,82.8,0.9921,0.1253,31.2,33.2,35.6,1.212,0.036
25.58,92.69,602.0,11.8,31.2,54.8,0.8171,0.5764,31.2,33.2,35.6,1.212,0.1687
25.58,92.7,587.0,4.1,31.1,137.2,0.6794,-0.7337,31.1,33.2,35.6,1.213,0.0589
25.58,92.71,526.0,8.0,31.1,132.2,0.7408,-0.6717,31.1,33.2,35.7,1.214,0.1146
25.58,92.72,451.0,7.9,31.1,143.6,0.5934,-0.8049,31.1,33.2,35.7,1.214,0.1132
25.58,92.73,367.0,9.6,31.1,111.4,0.9311,-0.3649,31.1,33.2,35.7,1.213,0.1375
25.58,92.74,363.0,4.2,31.2,64.3,0.9011,0.4337,31.2,33.2,35.6,1.213,0.0604
25.58,92.75,413.0,5.9,31.3,77.1,0.9748,0.2233,31.3,33.1,35.6,1.212,0.0848
25.58,92.76,396.0,4.4,31.4,95.8,0.9949,-0.1011,31.4,33.0,35.6,1.211,0.0634
25.58,92.77,402.0,2.7,31.5,111.6,0.9298,-0.3681,31.5,33.0,35.6,1.209,0.039
25.58,92.78,371.0,2.5,31.6,187.3,-0.1271,-0.9919,31.6,32.9,35.5,1.208,0.0361
25.58,92.79,360.0,2.5,31.7,134.5,0.7133,-0.7009,31.7,32.8,35.5,1.206,0.0362
25.58,92.8,332.0,2.5,31.9,166.1,0.2402,-0.9707,31.9,32.6,35.5,1.205,0.0362
25.58,92.81,309.0,2.5,32.0,140.5,0.6361,-0.7716,32.0,32.5,35.5,1.203,0.0363
25.58,92.82,297.0,4.4,32.1,198.9,-0.3239,-0.9461,32.1,32.4,35.5,1.202,0.0638
25.58,92.83,206.0,4.8,32.2,180.0,0.0,-1.0,32.2,32.3,35.4,1.201,0.0697
25.58,92.84,178.0,2.5,32.3,337.2,-0.3875,0.9219,32.3,32.2,35.4,1.2,0.0363
25.58,92.85,221.0,2.5,32.4,59.8,0.8643,0.503,32.4,32.1,35.4,1.2,0.0363
25.58,92.86,209.0,3.5,32.5,105.3,0.9646,-0.2639,32.5,32.1,35.5,1.199,0.0509
25.58,92.87,198.0,2.5,32.6,138.0,0.6691,-0.7431,32.6,32.0,35.5,1.199,0.0364
25.58,92.88,203.0,2.5,32.6,219.3,-0.6334,-0.7738,32.6,31.9,35.5,1.199,0.0364
25.58,92.89,166.0,2.5,32.7,149.0,0.515,-0.8572,32.7,31.8,35.5,1.199,0.0364
25.58,92.9,200.0,2.5,32.7,209.7,-0.4955,-0.8686,32.7,31.8,35.5,1.199,0.0364
25.58,92.91,147.0,3.0,32.7,233.9,-0.808,-0.5892,32.7,31.7,35.6,1.2,0.0436
25.58,92.92,156.0,2.5,32.7,246.8,-0.9191,-0.3939,32.7,31.7,35.6,1.2,0.0363
25.58,92.93,135.0,2.5,32.7,126.2,0.807,-0.5906,32.7,31.6,35.6,1.201,0.0363
25.58,92.94,123.0,4.0,32.8,101.6,0.9796,-0.2011,32.8,31.6,35.7,1.202,0.058
25.58,92.95,115.0,2.5,32.8,86.5,0.9981,0.061,32.8,31.5,35.7,1.203,0.0363
25.58,92.96,124.0,2.5,32.8,270.0,-1.0,-0.0,32.8,31.5,35.8,1.204,0.0362
25.58,92.97,115.0,2.5,32.8,331.8,-0.4726,0.8813,32.8,31.4,35.8,1.205,0.0362
25.58,92.98,166.0,2.5,32.8,292.0,-0.9272,0.3746,32.8,31.4,35.8,1.206,0.0362
25.58,92.99,131.0,2.5,32.8,286.5,-0.9588,0.284,32.8,31.3,35.9,1.208,0.0361
25.58,93.0,170.0,3.8,32.8,284.6,-0.9677,0.2521,32.8,31.3,35.9,1.209,0.0548
25.58,93.01,155.0,4.4,32.8,306.1,-0.808,0.5892,32.8,31.2,36.0,1.211,0.0634
25.58,93.02,235.0,2.5,32.9,347.3,-0.2198,0.9755,32.9,31.2,36.0,1.213,0.036
25.58,93.03,183.0,3.3,32.9,198.8,-0.3223,-0.9466,32.9,31.1,36.0,1.214,0.0474
25.58,93.04,158.0,2.5,32.9,264.0,-0.9945,-0.1045,32.9,31.0,36.0,1.216,0.0359
25.58,93.05,178.0,5.9,33.0,353.0,-0.1219,0.9925,33.0,31.0,36.0,1.218,0.0844
25.58,93.06,304.0,4.8,33.1,356.2,-0.0663,0.9978,33.1,30.9,36.1,1.22,0.0686
25.58,93.07,299.0,4.2,33.2,198.5,-0.3173,-0.9483,33.2,30.8,36.1,1.222,0.0599
25.58,93.08,204.0,3.2,33.3,287.6,-0.9532,0.3024,33.3,30.7,36.0,1.224,0.0456
25.58,93.09,323.0,2.9,33.4,347.6,-0.2147,0.9767,33.4,30.6,36.0,1.226,0.0413
25.58,93.1,274.0,2.5,33.6,193.5,-0.2334,-0.9724,33.6,30.5,35.9,1.227,0.0355
25.58,93.11,278.0,2.6,33.8,271.7,-0.9996,0.0297,33.8,30.4,35.9,1.228,0.0369
25.58,93.12,276.0,2.5,34.0,265.2,-0.9965,-0.0837,34.0,30.2,35.8,1.229,0.0355
25.58,93.13,273.0,2.6,34.3,270.9,-0.9999,0.0157,34.3,30.1,35.6,1.229,0.0369
25.58,93.14,277.0,2.5,34.5,251.3,-0.9472,-0.3206,34.5,30.0,35.5,1.229,0.0355
25.58,93.15,262.0,2.5,34.6,120.3,0.8634,-0.5045,34.6,29.9,35.5,1.229,0.0355
25.58,93.16,267.0,2.5,34.6,259.5,-0.9833,-0.1822,34.6,29.9,35.5,1.229,0.0355
25.58,93.17,261.0,2.5,34.5,271.2,-0.9998,0.0209,34.5,30.0,35.5,1.229,0.0355
25.58,93.18,268.0,2.5,34.4,109.7,0.9415,-0.3371,34.4,30.0,35.6,1.228,0.0355
25.58,93.19,250.0,3.5,34.3,281.2,-0.981,0.1942,34.3,30.1,35.6,1.227,0.0498
25.58,93.2,285.0,4.3,34.2,315.1,-0.7059,0.7083,34.2,30.2,35.7,1.226,0.0612
25.58,93.21,326.0,3.9,34.1,321.5,-0.6225,0.7826,34.1,30.3,35.7,1.225,0.0555
25.58,93.22,362.0,7.6,34.0,329.4,-0.509,0.8607,34.0,30.3,35.7,1.223,0.1081
25.58,93.23,491.0,7.9,33.9,347.1,-0.2233,0.9748,33.9,30.4,35.7,1.222,0.1125
25.58,93.24,555.0,2.5,33.8,282.7,-0.9755,0.2198,33.8,30.4,35.7,1.221,0.0357
25.58,93.25,502.0,3.5,33.8,194.5,-0.2504,-0.9681,33.8,30.4,35.7,1.219,0.0501
25.58,93.26,471.0,2.7,33.8,11.8,0.2045,0.9789,33.8,30.5,35.7,1.218,0.0387
25.58,93.27,567.0,2.5,33.8,54.8,0.8171,0.5764,33.8,30.5,35.7,1.217,0.0358
25.58,93.28,478.0,2.5,33.7,188.2,-0.1426,-0.9898,33.7,30.5,35.7,1.215,0.0359
25.58,93.29,511.0,4.7,33.7,55.9,0.8281,0.5606,33.7,30.6,35.7,1.214,0.0675
25.59,92.66,635.0,3.0,31.4,226.1,-0.7206,-0.6934,31.4,33.1,35.5,1.208,0.0433
25.59,92.67,609.0,3.6,31.4,201.9,-0.373,-0.9278,31.4,33.1,35.5,1.209,0.0519
25.59,92.68,552.0,12.6,31.3,220.6,-0.6508,-0.7593,31.3,33.1,35.6,1.21,0.1803
25.59,92.69,367.0,4.4,31.3,87.9,0.9993,0.0366,31.3,33.1,35.6,1.211,0.0634
25.59,92.7,556.0,8.6,31.2,70.0,0.9397,0.342,31.2,33.2,35.6,1.212,0.1234
25.59,92.71,441.0,8.9,31.2,139.7,0.6468,-0.7627,31.2,33.2,35.6,1.212,0.1276
25.59,92.72,386.0,7.6,31.2,197.9,-0.3074,-0.9516,31.2,33.1,35.6,1.212,0.1091
25.59,92.73,260.0,3.8,31.3,186.6,-0.1149,-0.9934,31.3,33.1,35.6,1.212,0.0547
25.59,92.74,292.0,4.6,31.3,39.0,0.6293,0.7771,31.3,33.1,35.6,1.211,0.0662
25.59,92.75,349.0,6.3,31.4,62.4,0.8862,0.4633,31.4,33.0,35.6,1.211,0.0906
25.59,92.76,365.0,2.8,31.5,71.0,0.9455,0.3256,31.5,33.0,35.6,1.21,0.0404
25.59,92.77,372.0,2.5,31.6,77.7,0.977,0.213,31.6,32.9,35.6,1.208,0.0361
25.59,92.78,375.0,2.5,31.7,173.3,0.1167,-0.9932,31.7,32.8,35.5,1.207,0.0361
25.59,92.79,311.0,2.5,31.8,155.7,0.4115,-0.9114,31.8,32.7,35.5,1.206,0.0362
25.59,92.8,327.0,2.5,31.9,132.2,0.7408,-0.6717,31.9,32.6,35.5,1.205,0.0362
25.59,92.81,293.0,2.5,32.0,99.4,0.9866,-0.1633,32.0,32.5,35.5,1.204,0.0362
25.59,92.82,320.0,2.5,32.1,61.0,0.8746,0.4848,32.1,32.4,35.5,1.203,0.0363
25.59,92.83,297.0,3.9,32.2,220.5,-0.6494,-0.7604,32.2,32.3,35.5,1.202,0.0566
25.59,92.84,245.0,5.0,32.3,211.0,-0.515,-0.8572,32.3,32.2,35.5,1.201,0.0726
25.59,92.85,189.0,3.7,32.4,184.5,-0.0785,-0.9969,32.4,32.1,35.5,1.201,0.0537
25.59,92.86,153.0,2.5,32.4,79.4,0.9829,0.184,32.4,32.1,35.5,1.2,0.0363
25.59,92.87,199.0,2.6,32.5,19.8,0.3387,0.9409,32.5,32.0,35.5,1.2,0.0378
25.59,92.88,213.0,2.5,32.5,197.4,-0.299,-0.9542,32.5,31.9,35.6,1.2,0.0363
25.59,92.89,176.0,2.5,32.5,214.1,-0.5606,-0.8281,32.5,31.8,35.6,1.201,0.0363
25.59,92.9,169.0,2.5,32.6,40.8,0.6534,0.757,32.6,31.8,35.6,1.201,0.0363
25.59,92.91,221.0,2.5,32.6,263.7,-0.994,-0.1097,32.6,31.7,35.7,1.201,0.0363
25.59,92.92,164.0,3.4,32.6,177.5,0.0436,-0.999,32.6,31.7,35.7,1.202,0.0493
25.59,92.93,137.0,2.5,32.6,208.9,-0.4833,-0.8755,32.6,31.6,35.8,1.203,0.0363
25.59,92.94,128.0,2.5,32.6,233.5,-0.8039,-0.5948,32.6,31.6,35.8,1.204,0.0362
25.59,92.95,115.0,2.5,32.6,29.2,0.4879,0.8729,32.6,31.5,35.8,1.205,0.0362
25.59,92.96,149.0,2.5,32.6,302.6,-0.8425,0.5388,32.6,31.5,35.9,1.206,0.0362
25.59,92.97,145.0,2.5,32.6,292.4,-0.9245,0.3811,32.6,31.4,35.9,1.207,0.0361
25.59,92.98,165.0,2.5,32.6,304.2,-0.8271,0.5621,32.6,31.4,36.0,1.208,0.0361
25.59,92.99,180.0,4.3,32.7,312.5,-0.7373,0.6756,32.7,31.3,36.0,1.209,0.062
25.59,93.0,237.0,2.9,32.7,335.4,-0.4163,0.9092,32.7,31.3,36.0,1.211,0.0418
25.59,93.01,245.0,2.7,32.7,206.0,-0.4384,-0.8988,32.7,31.2,36.0,1.212,0.0389
25.59,93.02,176.0,2.5,32.8,186.3,-0.1097,-0.994,32.8,31.2,36.0,1.214,0.0359
25.59,93.03,188.0,4.4,32.8,291.3,-0.9317,0.3633,32.8,31.1,36.1,1.215,0.0631
25.59,93.04,216.0,2.5,32.9,285.5,-0.9636,0.2672,32.9,31.0,36.1,1.217,0.0358
25.59,93.05,202.0,2.5,33.0,314.1,-0.7181,0.6959,33.0,30.9,36.1,1.219,0.0358
25.59,93.06,258.0,4.5,33.1,28.4,0.4756,0.8796,33.1,30.8,36.0,1.221,0.0643
25.59,93.07,302.0,2.5,33.3,24.3,0.4115,0.9114,33.3,30.7,36.0,1.222,0.0357
25.59,93.08,290.0,2.5,33.4,246.1,-0.9143,-0.4051,33.4,30.6,36.0,1.224,0.0356
25.59,93.09,284.0,3.4,33.6,112.2,0.9259,-0.3778,33.6,30.5,35.9,1.225,0.0484
25.59,93.1,258.0,2.5,33.9,58.2,0.8499,0.527,33.9,30.3,35.8,1.227,0.0355
25.59,93.11,303.0,2.5,34.2,330.1,-0.4985,0.8669,34.2,30.2,35.7,1.228,0.0355
25.59,93.12,280.0,2.5,34.5,307.6,-0.7923,0.6101,34.5,30.0,35.5,1.228,0.0355
25.59,93.13,337.0,2.5,34.8,325.7,-0.5635,0.8261,34.8,29.8,35.4,1.229,0.0355
25.59,93.14,313.0,2.5,35.0,243.4,-0.8942,-0.4478,35.0,29.7,35.3,1.229,0.0355
25.59,93.15,318.0,2.5,35.1,266.4,-0.998,-0.0628,35.1,29.7,35.3,1.229,0.0355
25.59,93.16,309.0,5.1,35.0,267.7,-0.9992,-0.0401,35.0,29.7,35.3,1.229,0.0723
25.59,93.17,313.0,2.5,34.9,241.0,-0.8746,-0.4848,34.9,29.8,35.3,1.229,0.0355
25.59,93.18,286.0,2.5,34.7,35.6,0.5821,0.8131,34.7,29.9,35.4,1.228,0.0355
25.59,93.19,347.0,4.6,34.6,305.8,-0.8111,0.585,34.6,30.0,35.5,1.227,0.0654
25.59,93.2,353.0,3.4,34.4,322.4,-0.6101,0.7923,34.4,30.1,35.6,1.226,0.0484
25.59,93.21,415.0,5.0,34.2,311.8,-0.7455,0.6665,34.2,30.2,35.6,1.225,0.0711
25.59,93.22,436.0,2.5,34.1,203.6,-0.4003,-0.9164,34.1,30.2,35.7,1.224,0.0356
25.59,93.23,384.0,4.9,34.0,103.6,0.972,-0.2351,34.0,30.3,35.7,1.222,0.0699
25.59,93.24,407.0,7.4,33.9,84.1,0.9947,0.1028,33.9,30.4,35.7,1.221,0.1055
25.59,93.25,403.0,2.5,33.9,111.0,0.9336,-0.3584,33.9,30.4,35.7,1.22,0.0358
25.59,93.26,389.0,5.2,33.8,66.6,0.9178,0.3971,33.8,30.5,35.7,1.218,0.0744
25.59,93.27,455.0,8.3,33.8,66.9,0.9198,0.3923,33.8,30.5,35.7,1.217,0.1186
25.59,93.28,471.0,2.6,33.8,94.4,0.9971,-0.0767,33.8,30.5,35.7,1.216,0.0373
25.59,93.29,450.0,4.1,33.7,114.1,0.9128,-0.4083,33.7,30.6,35.7,1.214,0.0589
25.6,92.67,631.0,2.5,31.5,305.2,-0.8171,0.5764,31.5,33.0,35.5,1.208,0.0361
25.6,92.68,645.0,7.2,31.4,213.3,-0.549,-0.8358,31.4,33.1,35.5,1.209,0.1037
25.6,92.69,480.0,14.6,31.4,220.6,-0.6508,-0.7593,31.4,33.1,35.6,1.21,0.2083
25.6,92.7,362.0,4.7,31.3,196.3,-0.2807,-0.9598,31.3,33.1,35.6,1.21,0.0677
25.6,92.71,366.0,7.6,31.3,323.4,-0.5962,0.8028,31.3,33.1,35.6,1.211,0.1092
25.6,92.72,516.0,6.2,31.3,274.8,-0.9965,0.0837,31.3,33.1,35.6,1.211,0.0892
25.6,92.73,379.0,11.7,31.4,218.0,-0.6157,-0.788,31.4,33.1,35.6,1.211,0.1675
25.6,92.74,283.0,4.9,31.4,190.6,-0.184,-0.9829,31.4,33.0,35.6,1.21,0.0706
25.6,92.75,258.0,3.2,31.5,60.4,0.8695,0.4939,31.5,33.0,35.6,1.209,0.0462
25.6,92.76,322.0,3.8,31.5,12.0,0.2079,0.9781,31.5,32.9,35.6,1.209,0.0548
25.6,92.77,351.0,2.5,31.6,352.5,-0.1305,0.9914,31.6,32.8,35.6,1.208,0.0361
25.6,92.78,363.0,2.5,31.7,115.4,0.9033,-0.4289,31.7,32.7,35.5,1.207,0.0361
25.6,92.79,336.0,2.5,31.8,169.4,0.184,-0.9829,31.8,32.7,35.5,1.206,0.0362
25.6,92.8,310.0,3.2,31.9,157.5,0.3827,-0.9239,31.9,32.6,35.5,1.205,0.0463
25.6,92.81,262.0,2.5,32.0,120.8,0.859,-0.512,32.0,32.5,35.5,1.204,0.0362
25.6,92.82,289.0,2.5,32.1,60.2,0.8678,0.497,32.1,32.4,35.5,1.203,0.0363
25.6,92.83,277.0,2.5,32.2,178.7,0.0227,-0.9997,32.2,32.3,35.5,1.202,0.0363
25.6,92.84,250.0,2.7,32.2,136.2,0.6921,-0.7218,32.2,32.2,35.5,1.202,0.0392
25.6,92.85,229.0,4.0,32.3,184.6,-0.0802,-0.9968,32.3,32.1,35.6,1.202,0.058
25.6,92.86,150.0,2.5,32.4,190.2,-0.1771,-0.9842,32.4,32.1,35.6,1.201,0.0363
25.6,92.87,174.0,2.7,32.4,26.0,0.4384,0.8988,32.4,32.0,35.6,1.202,0.0392
25.6,92.88,211.0,2.5,32.4,54.6,0.8151,0.5793,32.4,31.9,35.7,1.202,0.0363
25.6,92.89,199.0,2.5,32.4,201.8,-0.3714,-0.9285,32.4,31.9,35.7,1.202,0.0363
25.6,92.9,157.0,2.5,32.5,222.0,-0.6691,-0.7431,32.5,31.8,35.7,1.203,0.0363
25.6,92.91,197.0,2.5,32.5,97.5,0.9914,-0.1305,32.5,31.7,35.8,1.203,0.0363
25.6,92.92,152.0,2.5,32.5,155.7,0.4115,-0.9114,32.5,31.7,35.8,1.204,0.0362
25.6,92.93,157.0,2.5,32.5,48.4,0.7478,0.6639,32.5,31.7,35.9,1.205,0.0362
25.6,92.94,156.0,2.5,32.5,176.2,0.0663,-0.9978,32.5,31.6,35.9,1.206,0.0362
25.6,92.95,102.0,2.5,32.5,322.5,-0.6088,0.7934,32.5,31.6,36.0,1.207,0.0361
25.6,92.96,176.0,2.6,32.5,330.6,-0.4909,0.8712,32.5,31.5,36.0,1.208,0.0376
25.6,92.97,158.0,3.3,32.5,305.2,-0.8171,0.5764,32.5,31.5,36.0,1.209,0.0476
25.6,92.98,223.0,4.5,32.5,302.1,-0.8471,0.5314,32.5,31.4,36.1,1.21,0.0648
25.6,92.99,218.0,2.5,32.5,199.8,-0.3387,-0.9409,32.5,31.4,36.1,1.211,0.036
25.6,93.0,203.0,2.5,32.6,136.1,0.6934,-0.7206,32.6,31.3,36.1,1.212,0.036
25.6,93.01,188.0,2.5,32.6,34.7,0.5693,0.8221,32.6,31.3,36.1,1.214,0.0359
25.6,93.02,242.0,4.6,32.7,342.1,-0.3074,0.9516,32.7,31.2,36.1,1.215,0.066
25.6,93.03,297.0,2.5,32.8,221.0,-0.6561,-0.7547,32.8,31.1,36.1,1.216,0.0359
25.6,93.04,214.0,2.8,32.9,179.3,0.0122,-0.9999,32.9,31.0,36.1,1.218,0.0401
25.6,93.05,226.0,2.5,33.0,338.7,-0.3633,0.9317,33.0,30.9,36.1,1.219,0.0358
25.6,93.06,244.0,2.8,33.2,34.2,0.5621,0.8271,33.2,30.8,36.0,1.221,0.04
25.6,93.07,283.0,3.1,33.3,86.4,0.998,0.0628,33.3,30.7,36.0,1.222,0.0443
25.6,93.08,249.0,3.3,33.6,124.8,0.8211,-0.5707,33.6,30.5,35.9,1.224,0.047
25.6,93.09,236.0,2.5,33.8,98.2,0.9898,-0.1426,33.8,30.4,35.8,1.225,0.0356
25.6,93.1,240.0,2.7,34.1,34.7,0.5693,0.8221,34.1,30.2,35.7,1.226,0.0384
25.6,93.11,292.0,4.6,34.5,43.0,0.682,0.7314,34.5,30.0,35.5,1.228,0.0653
25.6,93.12,325.0,2.5,34.8,84.2,0.9949,0.1011,34.8,29.8,35.4,1.228,0.0355
25.6,93.13,298.0,4.4,35.1,93.1,0.9985,-0.0541,35.1,29.7,35.2,1.229,0.0624
25.6,93.14,319.0,3.8,35.3,69.0,0.9336,0.3584,35.3,29.5,35.1,1.229,0.0539
25.6,93.15,332.0,5.1,35.4,46.2,0.7218,0.6921,35.4,29.5,35.1,1.23,0.0723
25.6,93.16,408.0,3.5,35.4,106.4,0.9593,-0.2823,35.4,29.5,35.1,1.229,0.0497
25.6,93.17,307.0,7.5,35.2,152.1,0.4679,-0.8838,35.2,29.6,35.2,1.229,0.1062
25.6,93.18,241.0,3.2,35.0,54.3,0.8121,0.5835,35.0,29.7,35.3,1.228,0.0455
25.6,93.19,353.0,6.3,34.8,49.4,0.7593,0.6508,34.8,29.9,35.4,1.227,0.0894
25.6,93.2,343.0,5.8,34.6,58.6,0.8536,0.521,34.6,30.0,35.5,1.226,0.0824
25.6,93.21,429.0,7.3,34.4,79.3,0.9826,0.1857,34.4,30.1,35.5,1.225,0.1037
25.6,93.22,377.0,8.4,34.2,109.6,0.9421,-0.3355,34.2,30.2,35.6,1.224,0.1193
25.6,93.23,358.0,6.2,34.1,100.0,0.9848,-0.1736,34.1,30.3,35.6,1.222,0.0884
25.6,93.24,350.0,7.8,34.0,62.0,0.8829,0.4695,34.0,30.3,35.7,1.221,0.1112
25.6,93.25,450.0,6.8,33.9,94.0,0.9976,-0.0698,33.9,30.4,35.7,1.22,0.0971
25.6,93.26,338.0,7.3,33.9,121.5,0.8526,-0.5225,33.9,30.4,35.7,1.218,0.1043
25.6,93.27,354.0,9.0,33.8,72.6,0.9542,0.299,33.8,30.5,35.7,1.217,0.1285
25.6,93.28,406.0,9.4,33.8,77.1,0.9748,0.2233,33.8,30.5,35.7,1.216,0.1343
25.6,93.29,407.0,8.4,33.8,89.5,1.0,0.0087,33.8,30.5,35.7,1.215,0.1202
25.61,92.68,662.0,2.5,31.5,210.5,-0.5075,-0.8616,31.5,33.0,35.5,1.208,0.0361
25.61,92.69,636.0,9.9,31.5,106.1,0.9608,-0.2773,31.5,33.0,35.5,1.209,0.1422
25.61,92.7,593.0,5.9,31.4,117.2,0.8894,-0.4571,31.4,33.0,35.5,1.209,0.085
25.61,92.71,568.0,5.6,31.4,104.4,0.9686,-0.2487,31.4,33.0,35.6,1.209,0.0807
25.61,92.72,558.0,11.5,31.4,111.3,0.9317,-0.3633,31.4,33.0,35.6,1.209,0.1649
25.61,92.73,462.0,11.2,31.5,148.5,0.5225,-0.8526,31.5,33.0,35.6,1.209,0.1607
25.61,92.74,317.0,7.9,31.5,162.0,0.309,-0.9511,31.5,32.9,35.6,1.209,0.1137
25.61,92.75,273.0,2.5,31.5,56.2,0.831,0.5563,31.5,32.9,35.6,1.208,0.0361
25.61,92.76,343.0,5.7,31.6,42.6,0.6769,0.7361,31.6,32.8,35.6,1.208,0.0822
25.61,92.77,378.0,4.9,31.7,91.4,0.9997,-0.0244,31.7,32.8,35.5,1.207,0.0708
25.61,92.78,340.0,6.2,31.8,120.3,0.8634,-0.5045,31.8,32.7,35.5,1.206,0.0896
25.61,92.79,300.0,4.7,31.8,113.3,0.9184,-0.3955,31.8,32.6,35.5,1.205,0.068
25.61,92.8,293.0,3.9,31.9,118.2,0.8813,-0.4726,31.9,32.5,35.5,1.205,0.0564
25.61,92.81,254.0,2.5,32.0,92.7,0.9989,-0.0471,32.0,32.4,35.5,1.204,0.0362
25.61,92.82,291.0,3.2,32.1,57.8,0.8462,0.5329,32.1,32.4,35.6,1.203,0.0464
25.61,92.83,296.0,4.5,32.1,150.0,0.5,-0.866,32.1,32.3,35.6,1.203,0.0652
25.61,92.84,194.0,4.1,32.2,162.1,0.3074,-0.9516,32.2,32.2,35.6,1.203,0.0594
25.61,92.85,198.0,2.5,32.2,157.2,0.3875,-0.9219,32.2,32.1,35.6,1.202,0.0363
25.61,92.86,164.0,2.7,32.3,241.4,-0.878,-0.4787,32.3,32.1,35.7,1.203,0.0392
25.61,92.87,166.0,2.5,32.3,285.1,-0.9655,0.2605,32.3,32.0,35.7,1.203,0.0363
25.61,92.88,174.0,2.5,32.3,353.9,-0.1063,0.9943,32.3,31.9,35.7,1.203,0.0363
25.61,92.89,200.0,2.5,32.3,258.3,-0.9792,-0.2028,32.3,31.9,35.8,1.204,0.0362
25.61,92.9,171.0,2.5,32.3,248.1,-0.9278,-0.373,32.3,31.8,35.8,1.204,0.0362
25.61,92.91,179.0,2.5,32.3,211.0,-0.515,-0.8572,32.3,31.8,35.9,1.205,0.0362
25.61,92.92,144.0,3.0,32.3,230.4,-0.7705,-0.6374,32.3,31.7,35.9,1.206,0.0434
25.61,92.93,132.0,2.5,32.3,249.1,-0.9342,-0.3567,32.3,31.7,36.0,1.207,0.0361
25.61,92.94,124.0,2.5,32.3,270.0,-1.0,-0.0,32.3,31.6,36.1,1.207,0.0361
25.61,92.95,132.0,4.7,32.3,300.5,-0.8616,0.5075,32.3,31.6,36.1,1.208,0.0678
25.61,92.96,184.0,3.8,32.3,338.0,-0.3746,0.9272,32.3,31.6,36.1,1.21,0.0548
25.61,92.97,219.0,4.0,32.3,329.4,-0.509,0.8607,32.3,31.5,36.2,1.211,0.0576
25.61,92.98,271.0,2.5,32.3,166.9,0.2267,-0.974,32.3,31.5,36.2,1.212,0.036
25.61,92.99,188.0,2.6,32.4,177.7,0.0401,-0.9992,32.4,31.4,36.2,1.213,0.0374
25.61,93.0,205.0,2.5,32.4,338.2,-0.3714,0.9285,32.4,31.4,36.2,1.214,0.0359
25.61,93.01,215.0,2.5,32.5,292.3,-0.9252,0.3795,32.5,31.3,36.2,1.215,0.0359
25.61,93.02,215.0,2.5,32.6,90.0,1.0,0.0,32.6,31.2,36.2,1.216,0.0359
25.61,93.03,215.0,3.0,32.7,90.0,1.0,0.0,32.7,31.1,36.2,1.217,0.043
25.61,93.04,215.0,2.5,32.8,270.0,-1.0,-0.0,32.8,31.0,36.2,1.219,0.0358
25.61,93.05,215.0,2.5,33.0,90.0,1.0,0.0,33.0,30.9,36.1,1.22,0.0358
25.61,93.06,215.0,2.5,33.2,90.0,1.0,0.0,33.2,30.8,36.0,1.221,0.0357
25.61,93.07,215.0,2.5,33.4,90.0,1.0,0.0,33.4,30.7,36.0,1.223,0.0357
25.61,93.08,215.0,2.5,33.6,90.0,1.0,0.0,33.6,30.5,35.9,1.224,0.0356
25.61,93.09,215.0,2.5,33.9,90.0,1.0,0.0,33.9,30.3,35.7,1.225,0.0356
25.61,93.1,215.0,2.5,34.3,90.0,1.0,0.0,34.3,30.1,35.6,1.226,0.0356
25.61,93.11,215.0,2.8,34.6,90.0,1.0,0.0,34.6,29.9,35.4,1.228,0.0398
25.61,93.12,215.0,4.0,35.0,90.0,1.0,0.0,35.0,29.7,35.3,1.228,0.0568
25.61,93.13,215.0,3.0,35.3,90.0,1.0,0.0,35.3,29.5,35.1,1.229,0.0426
25.61,93.14,215.0,3.8,35.5,90.0,1.0,0.0,35.5,29.4,35.0,1.23,0.0539
25.61,93.15,215.0,4.2,35.6,90.0,1.0,0.0,35.6,29.4,35.0,1.23,0.0595
25.61,93.16,215.0,6.9,35.5,90.0,1.0,0.0,35.5,29.4,35.0,1.23,0.0977
25.61,93.17,215.0,3.3,35.4,90.0,1.0,0.0,35.4,29.5,35.1,1.229,0.0468
25.61,93.18,215.0,2.5,35.2,90.0,1.0,0.0,35.2,29.6,35.2,1.228,0.0355
25.61,93.19,215.0,5.0,34.9,90.0,1.0,0.0,34.9,29.8,35.3,1.228,0.071
25.61,93.2,215.0,4.6,34.7,90.0,1.0,0.0,34.7,29.9,35.4,1.226,0.0654
25.61,93.21,215.0,7.7,34.5,90.0,1.0,0.0,34.5,30.0,35.5,1.225,0.1094
25.61,93.22,215.0,5.8,34.3,90.0,1.0,0.0,34.3,30.1,35.5,1.224,0.0826
25.61,93.23,215.0,5.2,34.2,90.0,1.0,0.0,34.2,30.2,35.6,1.223,0.0741
25.61,93.24,215.0,4.9,34.1,90.0,1.0,0.0,34.1,30.3,35.6,1.221,0.07
25.61,93.25,215.0,8.4,34.0,90.0,1.0,0.0,34.0,30.4,35.7,1.22,0.1197
25.61,93.26,215.0,4.4,33.9,90.0,1.0,0.0,33.9,30.4,35.7,1.219,0.0629
25.61,93.27,215.0,5.0,33.9,90.0,1.0,0.0,33.9,30.5,35.7,1.217,0.0716
25.61,93.28,215.0,6.9,33.8,90.0,1.0,0.0,33.8,30.5,35.7,1.216,0.0988
25.61,93.29,215.0,6.9,33.8,90.0,1.0,0.0,33.8,30.5,35.7,1.215,0.0989
25.62,92.69,215.0,28.0,31.5,90.0,1.0,0.0,31.5,33.0,35.5,1.208,0.3886
25.62,92.7,215.0,13.4,31.5,90.0,1.0,0.0,31.5,33.0,35.5,1.208,0.1918
25.62,92.71,215.0,12.6,31.5,90.0,1.0,0.0,31.5,32.9,35.5,1.208,0.1806
25.62,92.72,215.0,12.2,31.5,90.0,1.0,0.0,31.5,32.9,35.5,1.208,0.1749
25.62,92.73,215.0,8.9,31.5,90.0,1.0,0.0,31.5,32.9,35.6,1.208,0.1281
25.62,92.74,215.0,3.7,31.6,90.0,1.0,0.0,31.6,32.9,35.6,1.208,0.0534
25.62,92.75,215.0,2.5,31.6,90.0,1.0,0.0,31.6,32.8,35.6,1.207,0.0361
25.62,92.76,215.0,4.6,31.7,90.0,1.0,0.0,31.7,32.8,35.6,1.207,0.0664
25.62,92.77,215.0,5.9,31.7,90.0,1.0,0.0,31.7,32.7,35.6,1.206,0.0852
25.62,92.78,215.0,4.5,31.8,90.0,1.0,0.0,31.8,32.6,35.6,1.206,0.0651
25.62,92.79,215.0,3.1,31.9,90.0,1.0,0.0,31.9,32.6,35.6,1.205,0.0449
25.62,92.8,215.0,2.8,31.9,90.0,1.0,0.0,31.9,32.5,35.6,1.204,0.0406
25.62,92.81,215.0,2.5,32.0,90.0,1.0,0.0,32.0,32.4,35.6,1.204,0.0362
25.62,92.82,215.0,2.7,32.1,90.0,1.0,0.0,32.1,32.3,35.6,1.204,0.0391
25.62,92.83,215.0,2.9,32.1,90.0,1.0,0.0,32.1,32.3,35.6,1.203,0.0421
25.62,92.84,215.0,2.5,32.2,270.0,-1.0,-0.0,32.2,32.2,35.7,1.203,0.0363
25.62,92.85,215.0,2.5,32.2,270.0,-1.0,-0.0,32.2,32.1,35.7,1.203,0.0363
25.62,92.86,215.0,2.5,32.2,270.0,-1.0,-0.0,32.2,32.0,35.7,1.204,0.0362
25.62,92.87,215.0,2.5,32.2,270.0,-1.0,-0.0,32.2,32.0,35.8,1.204,0.0362
25.62,92.88,215.0,2.5,32.2,270.0,-1.0,-0.0,32.2,31.9,35.8,1.204,0.0362
25.62,92.89,215.0,2.5,32.2,270.0,-1.0,-0.0,32.2,31.9,35.9,1.205,0.0362
25.62,92.9,215.0,2.5,32.2,270.0,-1.0,-0.0,32.2,31.8,36.0,1.206,0.0362
25.62,92.91,215.0,2.5,32.2,270.0,-1.0,-0.0,32.2,31.8,36.0,1.207,0.0361
25.62,92.92,215.0,2.6,32.2,270.0,-1.0,-0.0,32.2,31.8,36.1,1.207,0.0376
25.62,92.93,215.0,3.0,32.2,270.0,-1.0,-0.0,32.2,31.7,36.1,1.208,0.0433
25.62,92.94,215.0,3.3,32.1,270.0,-1.0,-0.0,32.1,31.7,36.2,1.209,0.0476
25.62,92.95,215.0,3.0,32.1,270.0,-1.0,-0.0,32.1,31.6,36.2,1.211,0.0432
25.62,92.96,215.0,2.5,32.1,270.0,-1.0,-0.0,32.1,31.6,36.3,1.212,0.036
25.62,92.97,215.0,2.5,32.1,90.0,1.0,0.0,32.1,31.6,36.3,1.213,0.036
25.62,92.98,215.0,2.5,32.1,90.0,1.0,0.0,32.1,31.5,36.4,1.214,0.0359
25.62,92.99,215.0,2.5,32.2,270.0,-1.0,-0.0,32.2,31.5,36.4,1.215,0.0359
25.62,93.0,215.0,2.5,32.2,270.0,-1.0,-0.0,32.2,31.4,36.4,1.216,0.0359
25.62,93.01,215.0,2.5,32.3,0.0,0.0,1.0,32.3,31.3,36.4,1.217,0.0358
25.62,93.02,215.0,2.5,32.4,0.0,0.0,1.0,32.4,31.3,36.3,1.217,0.0358
25.62,93.03,215.0,2.5,32.5,0.0,0.0,1.0,32.5,31.2,36.3,1.218,0.0358
25.62,93.04,215.0,2.5,32.7,0.0,0.0,1.0,32.7,31.1,36.2,1.219,0.0358
25.62,93.05,215.0,2.5,32.9,0.0,0.0,1.0,32.9,30.9,36.2,1.22,0.0358
25.62,93.06,215.0,2.5,33.1,0.0,0.0,1.0,33.1,30.8,36.1,1.222,0.0357
25.62,93.07,215.0,2.5,33.4,0.0,0.0,1.0,33.4,30.7,36.0,1.223,0.0357
25.62,93.08,215.0,2.5,33.7,0.0,0.0,1.0,33.7,30.5,35.8,1.224,0.0356
25.62,93.09,215.0,2.5,34.0,0.0,0.0,1.0,34.0,30.3,35.7,1.225,0.0356
25.62,93.1,215.0,2.5,34.4,0.0,0.0,1.0,34.4,30.1,35.6,1.226,0.0356
25.62,93.11,215.0,2.5,34.7,0.0,0.0,1.0,34.7,29.9,35.4,1.228,0.0355
25.62,93.12,215.0,2.5,35.1,0.0,0.0,1.0,35.1,29.7,35.2,1.229,0.0355
25.62,93.13,215.0,2.5,35.4,0.0,0.0,1.0,35.4,29.5,35.1,1.229,0.0355
25.62,93.14,215.0,2.5,35.6,0.0,0.0,1.0,35.6,29.4,35.0,1.23,0.0355
25.62,93.15,215.0,2.5,35.67,0.0,0.0,1.0,35.67,29.35,34.98,1.23,0.0355
25.62,93.16,215.0,2.5,35.6,0.0,0.0,1.0,35.6,29.4,35.0,1.23,0.0355
25.62,93.17,215.0,2.5,35.4,0.0,0.0,1.0,35.4,29.5,35.1,1.229,0.0355
25.62,93.18,215.0,2.5,35.2,0.0,0.0,1.0,35.2,29.6,35.2,1.229,0.0355
25.62,93.19,215.0,2.5,35.0,0.0,0.0,1.0,35.0,29.7,35.3,1.228,0.0355
25.62,93.2,215.0,2.5,34.8,0.0,0.0,1.0,34.8,29.9,35.4,1.226,0.0356
25.62,93.21,215.0,2.5,34.6,0.0,0.0,1.0,34.6,30.0,35.5,1.225,0.0356
25.62,93.22,215.0,2.5,34.4,0.0,0.0,1.0,34.4,30.1,35.5,1.224,0.0356
25.62,93.23,215.0,2.5,34.2,0.0,0.0,1.0,34.2,30.2,35.6,1.223,0.0357
25.62,93.24,215.0,2.5,34.1,0.0,0.0,1.0,34.1,30.3,35.6,1.221,0.0357
25.62,93.25,215.0,2.5,34.0,0.0,0.0,1.0,34.0,30.3,35.6,1.22,0.0358
25.62,93.26,215.0,2.5,33.9,0.0,0.0,1.0,33.9,30.4,35.7,1.219,0.0358
25.62,93.27,215.0,2.5,33.9,0.0,0.0,1.0,33.9,30.5,35.7,1.218,0.0358
25.62,93.28,215.0,2.5,33.8,0.0,0.0,1.0,33.8,30.5,35.7,1.216,0.0359
25.62,93.29,215.0,2.5,33.8,0.0,0.0,1.0,33.8,30.5,35.7,1.215,0.0359
25.63,92.7,215.0,2.5,31.6,0.0,0.0,1.0,31.6,32.9,35.5,1.207,0.0361
25.63,92.71,215.0,2.5,31.6,0.0,0.0,1.0,31.6,32.9,35.5,1.207,0.0361
25.63,92.72,215.0,2.5,31.6,0.0,0.0,1.0,31.6,32.9,35.5,1.207,0.0361
25.63,92.73,215.0,2.5,31.6,0.0,0.0,1.0,31.6,32.8,35.5,1.207,0.0361
25.63,92.74,215.0,2.5,31.6,0.0,0.0,1.0,31.6,32.8,35.5,1.207,0.0361
25.63,92.75,215.0,2.5,31.7,0.0,0.0,1.0,31.7,32.8,35.6,1.207,0.0361
25.63,92.76,215.0,2.5,31.7,0.0,0.0,1.0,31.7,32.7,35.6,1.206,0.0362
25.63,92.77,215.0,2.5,31.8,0.0,0.0,1.0,31.8,32.7,35.6,1.206,0.0362
25.63,92.78,215.0,2.5,31.8,0.0,0.0,1.0,31.8,32.6,35.6,1.205,0.0362
25.63,92.79,215.0,2.5,31.9,0.0,0.0,1.0,31.9,32.5,35.6,1.205,0.0362
25.63,92.8,215.0,2.5,32.0,0.0,0.0,1.0,32.0,32.4,35.6,1.205,0.0362
25.63,92.81,215.0,2.5,32.0,0.0,0.0,1.0,32.0,32.4,35.6,1.204,0.0362
25.63,92.82,215.0,2.5,32.0,0.0,0.0,1.0,32.0,32.3,35.6,1.204,0.0362
25.63,92.83,215.0,2.5,32.1,0.0,0.0,1.0,32.1,32.2,35.7,1.204,0.0362
25.63,92.84,215.0,2.5,32.1,0.0,0.0,1.0,32.1,32.2,35.7,1.204,0.0362
25.63,92.85,215.0,2.5,32.1,0.0,0.0,1.0,32.1,32.1,35.8,1.204,0.0362
25.63,92.86,215.0,2.5,32.1,0.0,0.0,1.0,32.1,32.0,35.8,1.205,0.0362
25.63,92.87,215.0,2.5,32.1,0.0,0.0,1.0,32.1,32.0,35.9,1.205,0.0362
25.63,92.88,215.0,2.5,32.1,0.0,0.0,1.0,32.1,31.9,35.9,1.206,0.0362
25.63,92.89,215.0,2.5,32.1,0.0,0.0,1.0,32.1,31.9,36.0,1.206,0.0362
25.63,92.9,215.0,2.5,32.1,0.0,0.0,1.0,32.1,31.9,36.1,1.207,0.0361
25.63,92.91,215.0,2.5,32.1,0.0,0.0,1.0,32.1,31.8,36.1,1.208,0.0361
25.63,92.92,215.0,2.5,32.0,0.0,0.0,1.0,32.0,31.8,36.2,1.209,0.0361
25.63,92.93,215.0,2.5,32.0,0.0,0.0,1.0,32.0,31.7,36.3,1.21,0.036
25.63,92.94,215.0,2.5,31.9,0.0,0.0,1.0,31.9,31.7,36.3,1.211,0.036
25.63,92.95,215.0,2.5,31.9,0.0,0.0,1.0,31.9,31.7,36.4,1.213,0.036
25.63,92.96,215.0,2.5,31.9,0.0,0.0,1.0,31.9,31.7,36.5,1.214,0.0359
25.63,92.97,215.0,2.5,31.9,0.0,0.0,1.0,31.9,31.6,36.5,1.215,0.0359
25.63,92.98,215.0,2.5,31.9,0.0,0.0,1.0,31.9,31.6,36.5,1.216,0.0359
25.63,92.99,215.0,2.5,31.9,0.0,0.0,1.0,31.9,31.5,36.5,1.217,0.0358
25.63,93.0,215.0,2.5,32.0,0.0,0.0,1.0,32.0,31.5,36.5,1.217,0.0358
25.63,93.01,215.0,2.5,32.1,0.0,0.0,1.0,32.1,31.4,36.5,1.218,0.0358
25.63,93.02,215.0,2.5,32.2,0.0,0.0,1.0,32.2,31.3,36.5,1.219,0.0358
25.63,93.03,215.0,2.5,32.4,0.0,0.0,1.0,32.4,31.2,36.4,1.22,0.0358
25.63,93.04,215.0,2.5,32.6,0.0,0.0,1.0,32.6,31.1,36.3,1.22,0.0358
25.63,93.05,215.0,2.5,32.8,0.0,0.0,1.0,32.8,31.0,36.2,1.221,0.0357
25.63,93.06,215.0,2.5,33.0,0.0,0.0,1.0,33.0,30.8,36.1,1.222,0.0357
25.63,93.07,215.0,2.5,33.3,0.0,0.0,1.0,33.3,30.7,36.0,1.223,0.0357
25.63,93.08,215.0,2.5,33.6,0.0,0.0,1.0,33.6,30.5,35.9,1.224,0.0356
25.63,93.09,215.0,2.5,34.0,0.0,0.0,1.0,34.0,30.3,35.7,1.225,0.0356
25.63,93.1,215.0,2.5,34.4,0.0,0.0,1.0,34.4,30.1,35.6,1.226,0.0356
25.63,93.11,215.0,2.5,34.7,0.0,0.0,1.0,34.7,29.9,35.4,1.227,0.0355
25.63,93.12,215.0,2.5,35.1,0.0,0.0,1.0,35.1,29.7,35.2,1.228,0.0355
25.63,93.13,215.0,2.5,35.4,0.0,0.0,1.0,35.4,29.5,35.1,1.229,0.0355
25.63,93.14,215.0,2.5,35.6,0.0,0.0,1.0,35.6,29.4,35.0,1.23,0.0355
25.63,93.15,215.0,2.5,35.6,0.0,0.0,1.0,35.6,29.4,35.0,1.23,0.0355
25.63,93.16,215.0,2.5,35.6,0.0,0.0,1.0,35.6,29.4,35.0,1.23,0.0355
25.63,93.17,215.0,2.5,35.4,0.0,0.0,1.0,35.4,29.5,35.1,1.229,0.0355
25.63,93.18,215.0,2.5,35.2,0.0,0.0,1.0,35.2,29.6,35.2,1.228,0.0355
25.63,93.19,215.0,2.5,35.0,0.0,0.0,1.0,35.0,29.7,35.3,1.227,0.0355
25.63,93.2,215.0,2.5,34.8,0.0,0.0,1.0,34.8,29.9,35.4,1.226,0.0356
25.63,93.21,215.0,2.5,34.6,0.0,0.0,1.0,34.6,30.0,35.4,1.225,0.0356
25.63,93.22,215.0,2.5,34.4,0.0,0.0,1.0,34.4,30.1,35.5,1.224,0.0356
25.63,93.23,215.0,2.5,34.3,0.0,0.0,1.0,34.3,30.2,35.6,1.223,0.0357
25.63,93.24,215.0,2.5,34.1,0.0,0.0,1.0,34.1,30.3,35.6,1.221,0.0357
25.63,93.25,215.0,2.5,34.0,0.0,0.0,1.0,34.0,30.3,35.6,1.22,0.0358
25.63,93.26,215.0,2.5,34.0,0.0,0.0,1.0,34.0,30.4,35.6,1.219,0.0358
25.63,93.27,215.0,2.5,33.9,0.0,0.0,1.0,33.9,30.5,35.7,1.218,0.0358
25.63,93.28,215.0,2.5,33.8,0.0,0.0,1.0,33.8,30.5,35.7,1.216,0.0359
25.64,92.71,215.0,2.5,31.7,0.0,0.0,1.0,31.7,32.8,35.5,1.206,0.0362
25.64,92.72,215.0,2.5,31.7,0.0,0.0,1.0,31.7,32.8,35.5,1.206,0.0362
25.64,92.73,215.0,2.5,31.7,0.0,0.0,1.0,31.7,32.8,35.5,1.206,0.0362
25.64,92.74,215.0,2.5,31.7,0.0,0.0,1.0,31.7,32.7,35.5,1.206,0.0362
25.64,92.75,215.0,2.5,31.7,0.0,0.0,1.0,31.7,32.7,35.6,1.206,0.0362
25.64,92.76,215.0,2.5,31.8,0.0,0.0,1.0,31.8,32.7,35.6,1.206,0.0362
25.64,92.77,215.0,2.5,31.8,0.0,0.0,1.0,31.8,32.6,35.6,1.205,0.0362
25.64,92.78,215.0,2.5,31.9,0.0,0.0,1.0,31.9,32.5,35.6,1.205,0.0362
25.64,92.79,215.0,2.5,31.9,0.0,0.0,1.0,31.9,32.5,35.6,1.205,0.0362
25.64,92.8,215.0,2.5,32.0,0.0,0.0,1.0,32.0,32.4,35.6,1.205,0.0362
25.64,92.81,215.0,2.5,32.0,0.0,0.0,1.0,32.0,32.3,35.7,1.204,0.0362
25.64,92.82,215.0,2.5,32.0,0.0,0.0,1.0,32.0,32.3,35.7,1.204,0.0362
25.64,92.83,215.0,2.5,32.1,0.0,0.0,1.0,32.1,32.2,35.7,1.204,0.0362
25.64,92.84,215.0,2.5,32.1,0.0,0.0,1.0,32.1,32.2,35.8,1.205,0.0362
25.64,92.85,215.0,2.5,32.1,0.0,0.0,1.0,32.1,32.1,35.8,1.205,0.0362
25.64,92.86,215.0,2.5,32.1,0.0,0.0,1.0,32.1,32.0,35.9,1.206,0.0362
25.64,92.87,215.0,2.5,32.1,0.0,0.0,1.0,32.1,32.0,36.0,1.206,0.0362
25.64,92.88,215.0,2.5,32.0,0.0,0.0,1.0,32.0,31.9,36.0,1.207,0.0361
25.64,92.89,215.0,2.5,32.0,0.0,0.0,1.0,32.0,31.9,36.1,1.208,0.0361
25.64,92.9,215.0,2.5,31.9,0.0,0.0,1.0,31.9,31.9,36.2,1.209,0.0361
25.64,92.91,215.0,2.5,31.9,0.0,0.0,1.0,31.9,31.8,36.3,1.21,0.036
25.64,92.92,215.0,2.5,31.8,0.0,0.0,1.0,31.8,31.8,36.3,1.211,0.036
25.64,92.93,215.0,2.5,31.8,0.0,0.0,1.0,31.8,31.8,36.4,1.212,0.036
25.64,92.94,215.0,2.5,31.7,0.0,0.0,1.0,31.7,31.8,36.5,1.213,0.036
25.64,92.95,215.0,2.5,31.7,0.0,0.0,1.0,31.7,31.7,36.6,1.215,0.0359
25.64,92.96,215.0,2.5,31.7,0.0,0.0,1.0,31.7,31.7,36.6,1.216,0.0359
25.64,92.97,215.0,2.5,31.6,0.0,0.0,1.0,31.6,31.7,36.7,1.217,0.0358
25.64,92.98,215.0,2.5,31.6,0.0,0.0,1.0,31.6,31.6,36.7,1.218,0.0358
25.64,92.99,215.0,2.5,31.7,0.0,0.0,1.0,31.7,31.6,36.7,1.219,0.0358
25.64,93.0,215.0,2.5,31.7,0.0,0.0,1.0,31.7,31.5,36.7,1.219,0.0358
25.64,93.01,215.0,2.5,31.8,0.0,0.0,1.0,31.8,31.5,36.7,1.22,0.0358
25.64,93.02,215.0,2.5,32.0,0.0,0.0,1.0,32.0,31.4,36.6,1.22,0.0358
25.64,93.03,215.0,2.5,32.2,0.0,0.0,1.0,32.2,31.3,36.6,1.221,0.0357
25.64,93.04,215.0,2.5,32.4,0.0,0.0,1.0,32.4,31.2,36.5,1.221,0.0357
25.64,93.05,215.0,2.5,32.6,0.0,0.0,1.0,32.6,31.0,36.3,1.222,0.0357
25.64,93.06,215.0,2.5,32.9,0.0,0.0,1.0,32.9,30.9,36.2,1.223,0.0357
25.64,93.07,215.0,2.5,33.2,0.0,0.0,1.0,33.2,30.7,36.1,1.223,0.0357
25.64,93.08,215.0,2.5,33.5,0.0,0.0,1.0,33.5,30.5,35.9,1.224,0.0356
25.64,93.09,215.0,2.5,33.9,0.0,0.0,1.0,33.9,30.3,35.8,1.225,0.0356
25.64,93.1,215.0,2.5,34.3,0.0,0.0,1.0,34.3,30.1,35.6,1.226,0.0356
25.64,93.11,215.0,2.5,34.6,0.0,0.0,1.0,34.6,29.9,35.4,1.227,0.0355
25.64,93.12,215.0,2.5,35.0,0.0,0.0,1.0,35.0,29.7,35.3,1.228,0.0355
25.64,93.13,215.0,2.5,35.2,0.0,0.0,1.0,35.2,29.6,35.2,1.229,0.0355
25.64,93.14,215.0,2.5,35.4,0.0,0.0,1.0,35.4,29.5,35.1,1.229,0.0355
25.64,93.15,215.0,2.5,35.5,0.0,0.0,1.0,35.5,29.5,35.1,1.229,0.0355
25.64,93.16,215.0,2.5,35.4,0.0,0.0,1.0,35.4,29.5,35.1,1.229,0.0355
25.64,93.17,215.0,2.5,35.3,0.0,0.0,1.0,35.3,29.5,35.1,1.229,0.0355
25.64,93.18,215.0,2.5,35.1,0.0,0.0,1.0,35.1,29.7,35.2,1.228,0.0355
25.64,93.19,215.0,2.5,34.9,0.0,0.0,1.0,34.9,29.8,35.3,1.227,0.0355
25.64,93.2,215.0,2.5,34.8,0.0,0.0,1.0,34.8,29.9,35.4,1.226,0.0356
25.64,93.21,215.0,2.5,34.6,0.0,0.0,1.0,34.6,30.0,35.4,1.225,0.0356
25.64,93.22,215.0,2.5,34.4,0.0,0.0,1.0,34.4,30.1,35.5,1.224,0.0356
25.64,93.23,215.0,2.5,34.3,0.0,0.0,1.0,34.3,30.2,35.5,1.222,0.0357
25.64,93.24,215.0,2.5,34.1,0.0,0.0,1.0,34.1,30.3,35.6,1.221,0.0357
25.64,93.25,215.0,2.5,34.0,0.0,0.0,1.0,34.0,30.3,35.6,1.22,0.0358
25.64,93.26,215.0,2.5,34.0,0.0,0.0,1.0,34.0,30.4,35.6,1.219,0.0358
25.64,93.27,215.0,2.5,33.9,0.0,0.0,1.0,33.9,30.5,35.7,1.218,0.0358
25.64,93.28,215.0,2.5,33.8,0.0,0.0,1.0,33.8,30.5,35.7,1.216,0.0359
25.65,92.73,215.0,2.5,31.8,0.0,0.0,1.0,31.8,32.7,35.5,1.206,0.0362
25.65,92.74,215.0,2.5,31.8,0.0,0.0,1.0,31.8,32.7,35.5,1.206,0.0362
25.65,92.75,215.0,2.5,31.8,0.0,0.0,1.0,31.8,32.6,35.6,1.205,0.0362
25.65,92.76,215.0,2.5,31.8,0.0,0.0,1.0,31.8,32.6,35.6,1.205,0.0362
25.65,92.77,215.0,2.5,31.9,0.0,0.0,1.0,31.9,32.5,35.6,1.205,0.0362
25.65,92.78,215.0,2.5,31.9,0.0,0.0,1.0,31.9,32.5,35.6,1.205,0.0362
25.65,92.79,215.0,2.5,31.9,0.0,0.0,1.0,31.9,32.4,35.6,1.205,0.0362
25.65,92.8,215.0,2.5,32.0,0.0,0.0,1.0,32.0,32.4,35.7,1.205,0.0362
25.65,92.81,215.0,2.5,32.0,0.0,0.0,1.0,32.0,32.3,35.7,1.205,0.0362
25.65,92.82,215.0,2.5,32.0,0.0,0.0,1.0,32.0,32.3,35.7,1.205,0.0362
25.65,92.83,215.0,2.5,32.0,0.0,0.0,1.0,32.0,32.2,35.8,1.205,0.0362
25.65,92.84,215.0,2.5,32.0,0.0,0.0,1.0,32.0,32.1,35.8,1.205,0.0362
25.65,92.85,215.0,2.5,32.0,0.0,0.0,1.0,32.0,32.1,35.9,1.206,0.0362
25.65,92.86,215.0,2.5,32.0,0.0,0.0,1.0,32.0,32.0,36.0,1.207,0.0361
25.65,92.87,215.0,2.5,32.0,0.0,0.0,1.0,32.0,32.0,36.0,1.207,0.0361
25.65,92.88,215.0,2.5,31.9,0.0,0.0,1.0,31.9,32.0,36.1,1.208,0.0361
25.65,92.89,215.0,2.5,31.9,0.0,0.0,1.0,31.9,31.9,36.2,1.209,0.0361
25.65,92.9,215.0,2.5,31.8,0.0,0.0,1.0,31.8,31.9,36.3,1.21,0.036
25.65,92.91,215.0,2.5,31.7,0.0,0.0,1.0,31.7,31.9,36.4,1.212,0.036
25.65,92.92,215.0,2.5,31.7,0.0,0.0,1.0,31.7,31.8,36.5,1.213,0.036
25.65,92.93,215.0,2.5,31.6,0.0,0.0,1.0,31.6,31.8,36.6,1.214,0.0359
25.65,92.94,215.0,2.5,31.5,0.0,0.0,1.0,31.5,31.8,36.7,1.216,0.0359
25.65,92.95,215.0,2.5,31.4,0.0,0.0,1.0,31.4,31.8,36.8,1.217,0.0358
25.65,92.96,215.0,2.5,31.4,0.0,0.0,1.0,31.4,31.8,36.8,1.218,0.0358
25.65,92.97,215.0,2.5,31.4,0.0,0.0,1.0,31.4,31.8,36.9,1.219,0.0358
25.65,92.98,215.0,2.5,31.4,0.0,0.0,1.0,31.4,31.7,36.9,1.22,0.0358
25.65,92.99,215.0,2.5,31.4,0.0,0.0,1.0,31.4,31.7,36.9,1.221,0.0357
25.65,93.0,215.0,2.5,31.4,0.0,0.0,1.0,31.4,31.6,36.9,1.221,0.0357
25.65,93.01,215.0,2.5,31.5,0.0,0.0,1.0,31.5,31.6,36.9,1.222,0.0357
25.65,93.02,215.0,2.5,31.7,0.0,0.0,1.0,31.7,31.5,36.8,1.222,0.0357
25.65,93.03,215.0,2.5,31.9,0.0,0.0,1.0,31.9,31.4,36.7,1.222,0.0357
25.65,93.04,215.0,2.5,32.1,0.0,0.0,1.0,32.1,31.3,36.6,1.223,0.0357
25.65,93.05,215.0,2.5,32.4,0.0,0.0,1.0,32.4,31.1,36.5,1.223,0.0357
25.65,93.06,215.0,2.5,32.7,0.0,0.0,1.0,32.7,31.0,36.3,1.223,0.0357
25.65,93.07,215.0,2.5,33.0,0.0,0.0,1.0,33.0,30.8,36.2,1.224,0.0356
25.65,93.08,215.0,2.5,33.4,0.0,0.0,1.0,33.4,30.6,36.0,1.224,0.0356
25.65,93.09,215.0,2.5,33.8,0.0,0.0,1.0,33.8,30.4,35.8,1.225,0.0356
25.65,93.1,215.0,2.5,34.1,0.0,0.0,1.0,34.1,30.2,35.7,1.226,0.0356
25.65,93.11,215.0,2.5,34.5,0.0,0.0,1.0,34.5,30.0,35.5,1.227,0.0355
25.65,93.12,215.0,2.5,34.8,0.0,0.0,1.0,34.8,29.8,35.4,1.227,0.0355
25.65,93.13,215.0,2.5,35.1,0.0,0.0,1.0,35.1,29.7,35.2,1.228,0.0355
25.65,93.14,215.0,2.5,35.2,0.0,0.0,1.0,35.2,29.6,35.2,1.229,0.0355
25.65,93.15,215.0,2.5,35.3,0.0,0.0,1.0,35.3,29.6,35.1,1.229,0.0355
25.65,93.16,215.0,2.5,35.3,0.0,0.0,1.0,35.3,29.6,35.2,1.229,0.0355
25.65,93.17,215.0,2.5,35.2,0.0,0.0,1.0,35.2,29.6,35.2,1.228,0.0355
25.65,93.18,215.0,2.5,35.0,0.0,0.0,1.0,35.0,29.7,35.3,1.227,0.0355
25.65,93.19,215.0,2.5,34.9,0.0,0.0,1.0,34.9,29.8,35.3,1.227,0.0355
25.65,93.2,215.0,2.5,34.7,0.0,0.0,1.0,34.7,29.9,35.4,1.226,0.0356
25.65,93.21,215.0,2.5,34.5,0.0,0.0,1.0,34.5,30.0,35.5,1.225,0.0356
25.65,93.22,215.0,2.5,34.4,0.0,0.0,1.0,34.4,30.1,35.5,1.223,0.0357
25.65,93.23,215.0,2.5,34.2,0.0,0.0,1.0,34.2,30.2,35.6,1.222,0.0357
25.65,93.24,215.0,2.5,34.1,0.0,0.0,1.0,34.1,30.3,35.6,1.221,0.0357
25.65,93.25,215.0,2.5,34.0,0.0,0.0,1.0,34.0,30.4,35.6,1.22,0.0358
25.65,93.26,215.0,2.5,33.9,0.0,0.0,1.0,33.9,30.4,35.6,1.219,0.0358
25.65,93.27,215.0,2.5,33.9,0.0,0.0,1.0,33.9,30.5,35.7,1.218,0.0358
25.65,93.28,215.0,2.5,33.8,0.0,0.0,1.0,33.8,30.5,35.7,1.216,0.0359
25.66,92.74,215.0,2.5,31.8,0.0,0.0,1.0,31.8,32.6,35.6,1.205,0.0362
25.66,92.75,215.0,2.5,31.8,0.0,0.0,1.0,31.8,32.6,35.6,1.205,0.0362
25.66,92.76,215.0,2.5,31.9,0.0,0.0,1.0,31.9,32.5,35.6,1.205,0.0362
25.66,92.77,215.0,2.5,31.9,0.0,0.0,1.0,31.9,32.5,35.6,1.205,0.0362
25.66,92.78,215.0,2.5,31.9,0.0,0.0,1.0,31.9,32.5,35.6,1.205,0.0362
25.66,92.79,215.0,2.5,31.9,0.0,0.0,1.0,31.9,32.4,35.7,1.205,0.0362
25.66,92.8,215.0,2.5,32.0,0.0,0.0,1.0,32.0,32.3,35.7,1.205,0.0362
25.66,92.81,215.0,2.5,32.0,0.0,0.0,1.0,32.0,32.3,35.7,1.205,0.0362
25.66,92.82,215.0,2.5,32.0,0.0,0.0,1.0,32.0,32.2,35.8,1.205,0.0362
25.66,92.83,215.0,2.5,32.0,0.0,0.0,1.0,32.0,32.2,35.8,1.206,0.0362
25.66,92.84,215.0,2.5,32.0,0.0,0.0,1.0,32.0,32.1,35.9,1.206,0.0362
25.66,92.85,215.0,2.5,31.9,0.0,0.0,1.0,31.9,32.1,36.0,1.207,0.0361
25.66,92.86,215.0,2.5,31.9,0.0,0.0,1.0,31.9,32.0,36.1,1.208,0.0361
25.66,92.87,215.0,2.5,31.9,0.0,0.0,1.0,31.9,32.0,36.1,1.208,0.0361
25.66,92.88,215.0,2.5,31.8,0.0,0.0,1.0,31.8,32.0,36.2,1.21,0.036
25.66,92.89,215.0,2.5,31.7,0.0,0.0,1.0,31.7,31.9,36.3,1.211,0.036
25.66,92.9,215.0,2.5,31.7,0.0,0.0,1.0,31.7,31.9,36.4,1.212,0.036
25.66,92.91,215.0,2.5,31.6,0.0,0.0,1.0,31.6,31.9,36.5,1.213,0.036
25.66,92.92,215.0,2.5,31.5,0.0,0.0,1.0,31.5,31.9,36.6,1.215,0.0359
25.66,92.93,215.0,2.5,31.4,0.0,0.0,1.0,31.4,31.9,36.7,1.216,0.0359
25.66,92.94,215.0,2.5,31.3,0.0,0.0,1.0,31.3,31.9,36.9,1.218,0.0358
25.66,92.95,215.0,2.5,31.2,0.0,0.0,1.0,31.2,31.9,36.9,1.219,0.0358
25.66,92.96,215.0,2.5,31.1,0.0,0.0,1.0,31.1,31.8,37.0,1.22,0.0358
25.66,92.97,215.0,2.5,31.1,0.0,0.0,1.0,31.1,31.8,37.1,1.222,0.0357
25.66,92.98,215.0,2.5,31.0,0.0,0.0,1.0,31.0,31.8,37.1,1.222,0.0357
25.66,92.99,215.0,2.5,31.1,0.0,0.0,1.0,31.1,31.8,37.2,1.223,0.0357
25.66,93.0,215.0,2.5,31.1,0.0,0.0,1.0,31.1,31.7,37.2,1.224,0.0356
25.66,93.01,215.0,2.5,31.2,0.0,0.0,1.0,31.2,31.7,37.1,1.224,0.0356
25.66,93.02,215.0,2.5,31.4,0.0,0.0,1.0,31.4,31.6,37.0,1.224,0.0356
25.66,93.03,215.0,2.5,31.6,0.0,0.0,1.0,31.6,31.5,36.9,1.224,0.0356
25.66,93.04,215.0,2.5,31.8,0.0,0.0,1.0,31.8,31.4,36.8,1.224,0.0356
25.66,93.05,215.0,2.5,32.1,0.0,0.0,1.0,32.1,31.2,36.6,1.224,0.0356
25.66,93.06,215.0,2.5,32.5,0.0,0.0,1.0,32.5,31.1,36.5,1.224,0.0356
25.66,93.07,215.0,2.5,32.8,0.0,0.0,1.0,32.8,30.9,36.3,1.224,0.0356
25.66,93.08,215.0,2.5,33.2,0.0,0.0,1.0,33.2,30.7,36.1,1.224,0.0356
25.66,93.09,215.0,2.5,33.6,0.0,0.0,1.0,33.6,30.5,35.9,1.225,0.0356
25.66,93.1,215.0,2.5,34.0,0.0,0.0,1.0,34.0,30.3,35.7,1.226,0.0356
25.66,93.11,215.0,2.5,34.3,0.0,0.0,1.0,34.3,30.1,35.6,1.226,0.0356
25.66,93.12,215.0,2.5,34.6,0.0,0.0,1.0,34.6,29.9,35.5,1.227,0.0355
25.66,93.13,215.0,2.5,34.8,0.0,0.0,1.0,34.8,29.8,35.3,1.227,0.0355
25.66,93.14,215.0,2.5,35.0,0.0,0.0,1.0,35.0,29.7,35.3,1.228,0.0355
25.66,93.15,215.0,2.5,35.1,0.0,0.0,1.0,35.1,29.7,35.2,1.228,0.0355
25.66,93.16,215.0,2.5,35.1,0.0,0.0,1.0,35.1,29.7,35.2,1.228,0.0355
25.66,93.17,215.0,2.5,35.0,0.0,0.0,1.0,35.0,29.7,35.3,1.227,0.0355
25.66,93.18,215.0,2.5,34.9,0.0,0.0,1.0,34.9,29.8,35.3,1.227,0.0355
25.66,93.19,215.0,2.5,34.7,0.0,0.0,1.0,34.7,29.9,35.4,1.226,0.0356
25.66,93.2,215.0,2.5,34.6,0.0,0.0,1.0,34.6,30.0,35.4,1.225,0.0356
25.66,93.21,215.0,2.5,34.5,0.0,0.0,1.0,34.5,30.1,35.5,1.224,0.0356
25.66,93.22,215.0,2.5,34.3,0.0,0.0,1.0,34.3,30.2,35.5,1.223,0.0357
25.66,93.23,215.0,2.5,34.2,0.0,0.0,1.0,34.2,30.2,35.6,1.222,0.0357
25.66,93.24,215.0,2.5,34.1,0.0,0.0,1.0,34.1,30.3,35.6,1.221,0.0357
25.66,93.25,215.0,2.5,34.0,0.0,0.0,1.0,34.0,30.4,35.6,1.22,0.0358
25.66,93.26,215.0,2.5,33.9,0.0,0.0,1.0,33.9,30.4,35.6,1.219,0.0358
25.66,93.27,215.0,2.5,33.9,0.0,0.0,1.0,33.9,30.5,35.7,1.217,0.0358
25.66,93.28,215.0,2.5,33.8,0.0,0.0,1.0,33.8,30.5,35.7,1.216,0.0359
25.67,92.75,215.0,2.5,31.9,0.0,0.0,1.0,31.9,32.5,35.6,1.205,0.0362
25.67,92.76,215.0,2.5,31.9,0.0,0.0,1.0,31.9,32.5,35.6,1.205,0.0362
25.67,92.77,215.0,2.5,31.9,0.0,0.0,1.0,31.9,32.5,35.6,1.205,0.0362
25.67,92.78,215.0,2.5,31.9,0.0,0.0,1.0,31.9,32.4,35.7,1.205,0.0362
25.67,92.79,215.0,2.5,31.9,0.0,0.0,1.0,31.9,32.4,35.7,1.205,0.0362
25.67,92.8,215.0,2.5,31.9,0.0,0.0,1.0,31.9,32.3,35.7,1.205,0.0362
25.67,92.81,215.0,2.5,31.9,0.0,0.0,1.0,31.9,32.3,35.8,1.205,0.0362
25.67,92.82,215.0,2.5,31.9,0.0,0.0,1.0,31.9,32.2,35.8,1.206,0.0362
25.67,92.83,215.0,2.5,31.9,0.0,0.0,1.0,31.9,32.2,35.9,1.206,0.0362
25.67,92.84,215.0,2.5,31.9,0.0,0.0,1.0,31.9,32.1,36.0,1.207,0.0361
25.67,92.85,215.0,2.5,31.9,0.0,0.0,1.0,31.9,32.1,36.0,1.208,0.0361
25.67,92.86,215.0,2.5,31.8,0.0,0.0,1.0,31.8,32.0,36.1,1.209,0.0361
25.67,92.87,215.0,2.5,31.8,0.0,0.0,1.0,31.8,32.0,36.2,1.21,0.036
25.67,92.88,215.0,2.5,31.7,0.0,0.0,1.0,31.7,32.0,36.3,1.211,0.036
25.67,92.89,215.0,2.5,31.6,0.0,0.0,1.0,31.6,32.0,36.4,1.212,0.036
25.67,92.9,215.0,2.5,31.5,0.0,0.0,1.0,31.5,31.9,36.5,1.213,0.036
25.67,92.91,215.0,2.5,31.4,0.0,0.0,1.0,31.4,31.9,36.7,1.215,0.0359
25.67,92.92,215.0,2.5,31.3,0.0,0.0,1.0,31.3,31.9,36.8,1.217,0.0358
25.67,92.93,215.0,2.5,31.2,0.0,0.0,1.0,31.2,31.9,36.9,1.218,0.0358
25.67,92.94,215.0,2.5,31.0,0.0,0.0,1.0,31.0,31.9,37.0,1.22,0.0358
25.67,92.95,215.0,2.5,30.9,0.0,0.0,1.0,30.9,31.9,37.1,1.221,0.0357
25.67,92.96,215.0,2.5,30.8,0.0,0.0,1.0,30.8,31.9,37.3,1.223,0.0357
25.67,92.97,215.0,2.5,30.8,0.0,0.0,1.0,30.8,31.9,37.3,1.224,0.0356
25.67,92.98,215.0,2.5,30.7,0.0,0.0,1.0,30.7,31.9,37.4,1.225,0.0356
25.67,92.99,215.0,2.5,30.7,0.0,0.0,1.0,30.7,31.9,37.4,1.226,0.0356
25.67,93.0,215.0,2.5,30.7,0.0,0.0,1.0,30.7,31.8,37.4,1.226,0.0356
25.67,93.01,215.0,2.5,30.9,0.0,0.0,1.0,30.9,31.8,37.4,1.226,0.0356
25.67,93.02,215.0,2.5,31.0,0.0,0.0,1.0,31.0,31.7,37.3,1.226,0.0356
25.67,93.03,215.0,2.5,31.2,0.0,0.0,1.0,31.2,31.6,37.1,1.226,0.0356
25.67,93.04,215.0,2.5,31.5,0.0,0.0,1.0,31.5,31.5,37.0,1.225,0.0356
25.67,93.05,215.0,2.5,31.8,0.0,0.0,1.0,31.8,31.3,36.8,1.225,0.0356
25.67,93.06,215.0,2.5,32.2,0.0,0.0,1.0,32.2,31.2,36.6,1.225,0.0356
25.67,93.07,215.0,2.5,32.6,0.0,0.0,1.0,32.6,31.0,36.4,1.225,0.0356
25.67,93.08,215.0,2.5,33.0,0.0,0.0,1.0,33.0,30.8,36.2,1.225,0.0356
25.67,93.09,215.0,2.5,33.4,0.0,0.0,1.0,33.4,30.6,36.0,1.225,0.0356
25.67,93.1,215.0,2.5,33.7,0.0,0.0,1.0,33.7,30.4,35.9,1.225,0.0356
25.67,93.11,215.0,2.5,34.1,0.0,0.0,1.0,34.1,30.2,35.7,1.226,0.0356
25.67,93.12,215.0,2.5,34.4,0.0,0.0,1.0,34.4,30.1,35.6,1.226,0.0356
25.67,93.13,215.0,2.5,34.6,0.0,0.0,1.0,34.6,30.0,35.5,1.227,0.0355
25.67,93.14,215.0,2.5,34.7,0.0,0.0,1.0,34.7,29.9,35.4,1.227,0.0355
25.67,93.15,215.0,2.5,34.8,0.0,0.0,1.0,34.8,29.8,35.3,1.227,0.0355
25.67,93.16,215.0,2.5,34.8,0.0,0.0,1.0,34.8,29.8,35.3,1.227,0.0355
25.67,93.17,215.0,2.5,34.8,0.0,0.0,1.0,34.8,29.9,35.4,1.227,0.0355
25.67,93.18,215.0,2.5,34.7,0.0,0.0,1.0,34.7,29.9,35.4,1.226,0.0356
25.67,93.19,215.0,2.5,34.6,0.0,0.0,1.0,34.6,30.0,35.4,1.225,0.0356
25.67,93.2,215.0,2.5,34.5,0.0,0.0,1.0,34.5,30.1,35.5,1.224,0.0356
25.67,93.21,215.0,2.5,34.4,0.0,0.0,1.0,34.4,30.1,35.5,1.224,0.0356
25.67,93.22,215.0,2.5,34.2,0.0,0.0,1.0,34.2,30.2,35.6,1.223,0.0357
25.67,93.23,215.0,2.5,34.1,0.0,0.0,1.0,34.1,30.3,35.6,1.222,0.0357
25.67,93.24,215.0,2.5,34.1,0.0,0.0,1.0,34.1,30.3,35.6,1.22,0.0358
25.67,93.25,215.0,2.5,34.0,0.0,0.0,1.0,34.0,30.4,35.6,1.219,0.0358
25.67,93.26,215.0,2.5,33.9,0.0,0.0,1.0,33.9,30.4,35.7,1.218,0.0358
25.67,93.27,215.0,2.5,33.8,0.0,0.0,1.0,33.8,30.5,35.7,1.217,0.0358
25.67,93.28,215.0,2.5,33.8,0.0,0.0,1.0,33.8,30.5,35.7,1.216,0.0359
25.68,92.76,215.0,2.5,31.9,0.0,0.0,1.0,31.9,32.5,35.6,1.205,0.0362
25.68,92.77,215.0,2.5,31.9,0.0,0.0,1.0,31.9,32.4,35.7,1.205,0.0362
25.68,92.78,215.0,2.5,31.9,0.0,0.0,1.0,31.9,32.4,35.7,1.205,0.0362
25.68,92.79,215.0,2.5,31.9,0.0,0.0,1.0,31.9,32.3,35.7,1.205,0.0362
25.68,92.8,215.0,2.5,31.9,0.0,0.0,1.0,31.9,32.3,35.8,1.205,0.0362
25.68,92.81,215.0,2.5,31.9,0.0,0.0,1.0,31.9,32.2,35.8,1.206,0.0362
25.68,92.82,215.0,2.5,31.9,0.0,0.0,1.0,31.9,32.2,35.9,1.206,0.0362
25.68,92.83,215.0,2.5,31.9,0.0,0.0,1.0,31.9,32.2,36.0,1.207,0.0361
25.68,92.84,215.0,2.5,31.9,0.0,0.0,1.0,31.9,32.1,36.0,1.208,0.0361
25.68,92.85,215.0,2.5,31.8,0.0,0.0,1.0,31.8,32.1,36.1,1.209,0.0361
25.68,92.86,215.0,2.5,31.7,0.0,0.0,1.0,31.7,32.0,36.2,1.21,0.036
25.68,92.87,215.0,2.5,31.7,0.0,0.0,1.0,31.7,32.0,36.3,1.211,0.036
25.68,92.88,215.0,2.5,31.6,0.0,0.0,1.0,31.6,32.0,36.4,1.212,0.036
25.68,92.89,215.0,2.5,31.5,0.0,0.0,1.0,31.5,32.0,36.5,1.213,0.036
25.68,92.9,215.0,2.5,31.4,0.0,0.0,1.0,31.4,32.0,36.7,1.215,0.0359
25.68,92.91,215.0,2.5,31.2,0.0,0.0,1.0,31.2,32.0,36.8,1.217,0.0358
25.68,92.92,215.0,2.5,31.1,0.0,0.0,1.0,31.1,32.0,36.9,1.218,0.0358
25.68,92.93,215.0,2.5,31.0,0.0,0.0,1.0,31.0,32.0,37.1,1.22,0.0358
25.68,92.94,215.0,2.5,30.8,0.0,0.0,1.0,30.8,32.0,37.2,1.222,0.0357
25.68,92.95,215.0,2.5,30.7,0.0,0.0,1.0,30.7,32.0,37.4,1.224,0.0356
25.68,92.96,215.0,2.5,30.5,0.0,0.0,1.0,30.5,32.0,37.5,1.225,0.0356
25.68,92.97,215.0,2.5,30.4,0.0,0.0,1.0,30.4,32.0,37.6,1.226,0.0356
25.68,92.98,215.0,2.5,30.4,0.0,0.0,1.0,30.4,32.0,37.6,1.228,0.0355
25.68,92.99,215.0,2.5,30.3,0.0,0.0,1.0,30.3,32.0,37.7,1.228,0.0355
25.68,93.0,215.0,2.5,30.4,0.0,0.0,1.0,30.4,32.0,37.7,1.229,0.0355
25.68,93.01,215.0,2.5,30.5,0.0,0.0,1.0,30.5,31.9,37.6,1.229,0.0355
25.68,93.02,215.0,2.5,30.6,0.0,0.0,1.0,30.6,31.8,37.5,1.228,0.0355
25.68,93.03,215.0,2.5,30.9,0.0,0.0,1.0,30.9,31.7,37.4,1.228,0.0355
25.68,93.04,215.0,2.5,31.2,0.0,0.0,1.0,31.2,31.6,37.2,1.227,0.0355
25.68,93.05,215.0,2.5,31.5,0.0,0.0,1.0,31.5,31.5,37.0,1.226,0.0356
25.68,93.06,215.0,2.5,31.9,0.0,0.0,1.0,31.9,31.3,36.8,1.226,0.0356
25.68,93.07,215.0,2.5,32.3,0.0,0.0,1.0,32.3,31.1,36.6,1.225,0.0356
25.68,93.08,215.0,2.5,32.7,0.0,0.0,1.0,32.7,30.9,36.4,1.225,0.0356
25.68,93.09,215.0,2.5,33.1,0.0,0.0,1.0,33.1,30.7,36.2,1.225,0.0356
25.68,93.1,215.0,2.5,33.5,0.0,0.0,1.0,33.5,30.5,36.0,1.225,0.0356
25.68,93.11,215.0,2.5,33.8,0.0,0.0,1.0,33.8,30.4,35.8,1.225,0.0356
25.68,93.12,215.0,2.5,34.1,0.0,0.0,1.0,34.1,30.2,35.7,1.226,0.0356
25.68,93.13,215.0,2.5,34.3,0.0,0.0,1.0,34.3,30.1,35.6,1.226,0.0356
25.68,93.14,215.0,2.5,34.5,0.0,0.0,1.0,34.5,30.0,35.5,1.226,0.0356
25.68,93.15,215.0,2.5,34.6,0.0,0.0,1.0,34.6,30.0,35.5,1.226,0.0356
25.68,93.16,215.0,2.5,34.6,0.0,0.0,1.0,34.6,30.0,35.4,1.226,0.0356
25.68,93.17,215.0,2.5,34.6,0.0,0.0,1.0,34.6,30.0,35.4,1.226,0.0356
25.68,93.18,215.0,2.5,34.5,0.0,0.0,1.0,34.5,30.0,35.5,1.225,0.0356
25.68,93.19,215.0,2.5,34.4,0.0,0.0,1.0,34.4,30.1,35.5,1.225,0.0356
25.68,93.2,215.0,2.5,34.4,0.0,0.0,1.0,34.4,30.1,35.5,1.224,0.0356
25.68,93.21,215.0,2.5,34.3,0.0,0.0,1.0,34.3,30.2,35.6,1.223,0.0357
25.68,93.22,215.0,2.5,34.2,0.0,0.0,1.0,34.2,30.3,35.6,1.222,0.0357
25.68,93.23,215.0,2.5,34.1,0.0,0.0,1.0,34.1,30.3,35.6,1.221,0.0357
25.68,93.24,215.0,2.5,34.0,0.0,0.0,1.0,34.0,30.4,35.6,1.22,0.0358
25.68,93.25,215.0,2.5,33.9,0.0,0.0,1.0,33.9,30.4,35.7,1.219,0.0358
25.68,93.26,215.0,2.5,33.9,0.0,0.0,1.0,33.9,30.5,35.7,1.218,0.0358
25.68,93.27,215.0,2.5,33.8,0.0,0.0,1.0,33.8,30.5,35.7,1.217,0.0358
25.69,92.78,215.0,2.5,31.9,0.0,0.0,1.0,31.9,32.3,35.7,1.205,0.0362
25.69,92.79,215.0,2.5,31.9,0.0,0.0,1.0,31.9,32.3,35.8,1.205,0.0362
25.69,92.8,215.0,2.5,31.9,0.0,0.0,1.0,31.9,32.3,35.8,1.206,0.0362
25.69,92.81,215.0,2.5,31.9,0.0,0.0,1.0,31.9,32.2,35.9,1.206,0.0362
25.69,92.82,215.0,2.5,31.9,0.0,0.0,1.0,31.9,32.2,35.9,1.207,0.0361
25.69,92.83,215.0,2.5,31.8,0.0,0.0,1.0,31.8,32.1,36.0,1.208,0.0361
25.69,92.84,215.0,2.5,31.8,0.0,0.0,1.0,31.8,32.1,36.1,1.208,0.0361
25.69,92.85,215.0,2.5,31.7,0.0,0.0,1.0,31.7,32.1,36.2,1.209,0.0361
25.69,92.86,215.0,2.5,31.7,0.0,0.0,1.0,31.7,32.0,36.3,1.21,0.036
25.69,92.87,215.0,2.5,31.6,0.0,0.0,1.0,31.6,32.0,36.4,1.212,0.036
25.69,92.88,215.0,2.5,31.5,0.0,0.0,1.0,31.5,32.0,36.5,1.213,0.036
25.69,92.89,215.0,2.5,31.4,0.0,0.0,1.0,31.4,32.0,36.6,1.215,0.0359
25.69,92.9,215.0,2.5,31.2,0.0,0.0,1.0,31.2,32.0,36.8,1.216,0.0359
25.69,92.91,215.0,2.5,31.1,0.0,0.0,1.0,31.1,32.0,36.9,1.218,0.0358
25.69,92.92,215.0,2.5,30.9,0.0,0.0,1.0,30.9,32.0,37.1,1.22,0.0358
25.69,92.93,215.0,2.5,30.7,0.0,0.0,1.0,30.7,32.0,37.2,1.222,0.0357
25.69,92.94,215.0,2.5,30.6,0.0,0.0,1.0,30.6,32.0,37.4,1.224,0.0356
25.69,92.95,215.0,2.5,30.4,0.0,0.0,1.0,30.4,32.1,37.6,1.226,0.0356
25.69,92.96,215.0,2.5,30.2,0.0,0.0,1.0,30.2,32.1,37.7,1.227,0.0355
25.69,92.97,215.0,2.5,30.1,0.0,0.0,1.0,30.1,32.1,37.8,1.229,0.0355
25.69,92.98,215.0,2.5,30.0,0.0,0.0,1.0,30.0,32.1,37.9,1.23,0.0355
25.69,92.99,215.0,2.5,30.0,0.0,0.0,1.0,30.0,32.1,37.9,1.231,0.0354
25.69,93.0,215.0,2.5,30.0,0.0,0.0,1.0,30.0,32.1,37.9,1.231,0.0354
25.69,93.01,215.0,2.5,30.1,0.0,0.0,1.0,30.1,32.0,37.9,1.231,0.0354
25.69,93.02,215.0,2.5,30.2,0.0,0.0,1.0,30.2,32.0,37.8,1.23,0.0355
25.69,93.03,215.0,2.5,30.5,0.0,0.0,1.0,30.5,31.9,37.6,1.23,0.0355
25.69,93.04,215.0,2.5,30.8,0.0,0.0,1.0,30.8,31.7,37.5,1.229,0.0355
25.69,93.05,215.0,2.5,31.2,0.0,0.0,1.0,31.2,31.6,37.2,1.228,0.0355
25.69,93.06,215.0,2.5,31.6,0.0,0.0,1.0,31.6,31.4,37.0,1.227,0.0355
25.69,93.07,215.0,2.5,32.0,0.0,0.0,1.0,32.0,31.2,36.8,1.226,0.0356
25.69,93.08,215.0,2.5,32.4,0.0,0.0,1.0,32.4,31.0,36.5,1.225,0.0356
25.69,93.09,215.0,2.5,32.8,0.0,0.0,1.0,32.8,30.9,36.3,1.225,0.0356
25.69,93.1,215.0,2.5,33.2,0.0,0.0,1.0,33.2,30.7,36.1,1.225,0.0356
25.69,93.11,215.0,2.5,33.5,0.0,0.0,1.0,33.5,30.5,36.0,1.225,0.0356
25.69,93.12,215.0,2.5,33.8,0.0,0.0,1.0,33.8,30.4,35.8,1.225,0.0356
25.69,93.13,215.0,2.5,34.0,0.0,0.0,1.0,34.0,30.3,35.7,1.225,0.0356
25.69,93.14,215.0,2.5,34.2,0.0,0.0,1.0,34.2,30.2,35.6,1.225,0.0356
25.69,93.15,215.0,2.5,34.3,0.0,0.0,1.0,34.3,30.1,35.6,1.225,0.0356
25.69,93.16,215.0,2.5,34.4,0.0,0.0,1.0,34.4,30.1,35.5,1.225,0.0356
25.69,93.17,215.0,2.5,34.4,0.0,0.0,1.0,34.4,30.1,35.5,1.225,0.0356
25.69,93.18,215.0,2.5,34.3,0.0,0.0,1.0,34.3,30.1,35.5,1.224,0.0356
25.69,93.19,215.0,2.5,34.3,0.0,0.0,1.0,34.3,30.2,35.6,1.224,0.0356
25.69,93.2,215.0,2.5,34.2,0.0,0.0,1.0,34.2,30.2,35.6,1.223,0.0357
25.69,93.21,215.0,2.5,34.1,0.0,0.0,1.0,34.1,30.3,35.6,1.222,0.0357
25.69,93.22,215.0,2.5,34.1,0.0,0.0,1.0,34.1,30.3,35.6,1.222,0.0357
25.69,93.23,215.0,2.5,34.0,0.0,0.0,1.0,34.0,30.4,35.6,1.221,0.0357
25.69,93.24,215.0,2.5,33.9,0.0,0.0,1.0,33.9,30.4,35.7,1.22,0.0358
25.69,93.25,215.0,2.5,33.9,0.0,0.0,1.0,33.9,30.5,35.7,1.219,0.0358
25.69,93.26,215.0,2.5,33.8,0.0,0.0,1.0,33.8,30.5,35.7,1.218,0.0358
25.69,93.27,215.0,2.5,33.8,0.0,0.0,1.0,33.8,30.5,35.7,1.217,0.0358
25.7,92.79,215.0,2.5,31.9,0.0,0.0,1.0,31.9,32.3,35.8,1.206,0.0362
25.7,92.8,215.0,2.5,31.9,0.0,0.0,1.0,31.9,32.2,35.9,1.206,0.0362
25.7,92.81,215.0,2.5,31.9,0.0,0.0,1.0,31.9,32.2,35.9,1.207,0.0361
25.7,92.82,215.0,2.5,31.8,0.0,0.0,1.0,31.8,32.2,36.0,1.207,0.0361
25.7,92.83,215.0,2.5,31.8,0.0,0.0,1.0,31.8,32.1,36.1,1.208,0.0361
25.7,92.84,215.0,2.5,31.7,0.0,0.0,1.0,31.7,32.1,36.2,1.209,0.0361
25.7,92.85,215.0,2.5,31.7,0.0,0.0,1.0,31.7,32.1,36.3,1.21,0.036
25.7,92.86,215.0,2.5,31.6,0.0,0.0,1.0,31.6,32.0,36.4,1.211,0.036
25.7,92.87,215.0,2.5,31.5,0.0,0.0,1.0,31.5,32.0,36.5,1.213,0.036
25.7,92.88,215.0,2.5,31.4,0.0,0.0,1.0,31.4,32.0,36.6,1.214,0.0359
25.7,92.89,215.0,2.5,31.2,0.0,0.0,1.0,31.2,32.0,36.7,1.216,0.0359
25.7,92.9,215.0,2.5,31.1,0.0,0.0,1.0,31.1,32.0,36.9,1.218,0.0358
25.7,92.91,215.0,2.5,30.9,0.0,0.0,1.0,30.9,32.0,37.1,1.22,0.0358
25.7,92.92,215.0,2.5,30.7,0.0,0.0,1.0,30.7,32.0,37.2,1.222,0.0357
25.7,92.93,215.0,2.5,30.6,0.0,0.0,1.0,30.6,32.1,37.4,1.224,0.0356
25.7,92.94,215.0,2.5,30.3,0.0,0.0,1.0,30.3,32.1,37.6,1.226,0.0356
25.7,92.95,215.0,2.5,30.1,0.0,0.0,1.0,30.1,32.1,37.7,1.228,0.0355
25.7,92.96,215.0,2.5,30.0,0.0,0.0,1.0,30.0,32.1,37.9,1.23,0.0355
25.7,92.97,215.0,2.5,29.8,0.0,0.0,1.0,29.8,32.2,38.0,1.231,0.0354
25.7,92.98,215.0,2.5,29.7,0.0,0.0,1.0,29.7,32.2,38.1,1.232,0.0354
25.7,92.99,215.0,2.5,29.6,90.0,1.0,0.0,29.6,32.2,38.2,1.233,0.0354
25.7,93.0,215.0,3.5,29.6,90.0,1.0,0.0,29.6,32.2,38.2,1.234,0.0495
25.7,93.01,215.0,3.7,29.7,90.0,1.0,0.0,29.7,32.2,38.2,1.233,0.0523
25.7,93.02,215.0,2.5,29.8,90.0,1.0,0.0,29.8,32.1,38.1,1.233,0.0354
25.7,93.03,215.0,2.5,30.1,90.0,1.0,0.0,30.1,32.0,37.9,1.232,0.0354
25.7,93.04,215.0,2.5,30.4,270.0,-1.0,-0.0,30.4,31.9,37.7,1.23,0.0355
25.7,93.05,215.0,2.5,30.8,90.0,1.0,0.0,30.8,31.7,37.5,1.229,0.0355
25.7,93.06,215.0,2.6,31.2,270.0,-1.0,-0.0,31.2,31.6,37.2,1.228,0.0369
25.7,93.07,215.0,2.5,31.7,270.0,-1.0,-0.0,31.7,31.4,37.0,1.227,0.0355
25.7,93.08,215.0,2.6,32.1,270.0,-1.0,-0.0,32.1,31.2,36.7,1.226,0.037
25.7,93.09,215.0,2.5,32.5,270.0,-1.0,-0.0,32.5,31.0,36.5,1.225,0.0356
25.7,93.1,215.0,2.5,32.9,90.0,1.0,0.0,32.9,30.8,36.3,1.225,0.0356
25.7,93.11,215.0,2.5,33.2,90.0,1.0,0.0,33.2,30.7,36.1,1.225,0.0356
25.7,93.12,215.0,2.5,33.5,270.0,-1.0,-0.0,33.5,30.5,36.0,1.225,0.0356
25.7,93.13,215.0,2.5,33.7,270.0,-1.0,-0.0,33.7,30.4,35.8,1.225,0.0356
25.7,93.14,215.0,2.5,33.9,90.0,1.0,0.0,33.9,30.3,35.8,1.225,0.0356
25.7,93.15,215.0,2.5,34.0,90.0,1.0,0.0,34.0,30.3,35.7,1.225,0.0356
25.7,93.16,215.0,2.5,34.1,90.0,1.0,0.0,34.1,30.2,35.6,1.224,0.0356
25.7,93.17,215.0,2.5,34.1,90.0,1.0,0.0,34.1,30.2,35.6,1.224,0.0356
25.7,93.18,215.0,2.5,34.1,90.0,1.0,0.0,34.1,30.2,35.6,1.224,0.0356
25.7,93.19,215.0,2.5,34.1,90.0,1.0,0.0,34.1,30.3,35.6,1.223,0.0357
25.7,93.2,215.0,2.5,34.1,90.0,1.0,0.0,34.1,30.3,35.6,1.222,0.0357
25.7,93.21,215.0,2.5,34.0,270.0,-1.0,-0.0,34.0,30.3,35.6,1.222,0.0357
25.7,93.22,215.0,2.5,34.0,270.0,-1.0,-0.0,34.0,30.4,35.7,1.221,0.0357
25.7,93.23,215.0,2.5,33.9,270.0,-1.0,-0.0,33.9,30.4,35.7,1.22,0.0358
25.7,93.24,215.0,2.5,33.9,270.0,-1.0,-0.0,33.9,30.5,35.7,1.219,0.0358
25.7,93.25,215.0,2.5,33.8,90.0,1.0,0.0,33.8,30.5,35.7,1.218,0.0358
25.7,93.26,215.0,2.5,33.8,90.0,1.0,0.0,33.8,30.5,35.7,1.218,0.0358
25.71,92.8,215.0,2.5,31.9,0.0,0.0,1.0,31.9,32.2,35.9,1.206,0.0362
25.71,92.81,215.0,2.5,31.8,0.0,0.0,1.0,31.8,32.2,36.0,1.207,0.0361
25.71,92.82,215.0,4.0,31.8,90.0,1.0,0.0,31.8,32.2,36.0,1.208,0.0577
25.71,92.83,215.0,3.1,31.8,90.0,1.0,0.0,31.8,32.1,36.1,1.209,0.0447
25.71,92.84,215.0,3.3,31.7,90.0,1.0,0.0,31.7,32.1,36.2,1.21,0.0476
25.71,92.85,215.0,3.6,31.6,90.0,1.0,0.0,31.6,32.1,36.3,1.211,0.0519
25.71,92.86,215.0,3.1,31.5,90.0,1.0,0.0,31.5,32.0,36.4,1.212,0.0446
25.71,92.87,215.0,3.7,31.4,90.0,1.0,0.0,31.4,32.0,36.6,1.214,0.0532
25.71,92.88,215.0,3.6,31.3,90.0,1.0,0.0,31.3,32.0,36.7,1.215,0.0517
25.71,92.89,215.0,4.5,31.1,90.0,1.0,0.0,31.1,32.0,36.8,1.217,0.0645
25.71,92.9,215.0,3.9,31.0,90.0,1.0,0.0,31.0,32.0,37.0,1.219,0.0558
25.71,92.91,215.0,3.1,30.8,90.0,1.0,0.0,30.8,32.0,37.2,1.221,0.0443
25.71,92.92,215.0,3.6,30.6,90.0,1.0,0.0,30.6,32.1,37.3,1.223,0.0513
25.71,92.93,215.0,3.4,30.4,90.0,1.0,0.0,30.4,32.1,37.5,1.225,0.0484
25.71,92.94,215.0,3.1,30.1,90.0,1.0,0.0,30.1,32.1,37.7,1.227,0.0441
25.71,92.95,215.0,2.5,29.9,90.0,1.0,0.0,29.9,32.2,37.9,1.23,0.0355
25.71,92.96,215.0,2.5,29.7,90.0,1.0,0.0,29.7,32.2,38.1,1.232,0.0354
25.71,92.97,215.0,3.0,29.5,90.0,1.0,0.0,29.5,32.3,38.2,1.233,0.0424
25.71,92.98,215.0,4.2,29.4,121.9,0.849,-0.5284,29.4,32.3,38.4,1.235,0.0593
25.71,92.99,159.0,5.2,29.3,139.5,0.6494,-0.7604,29.3,32.3,38.4,1.235,0.0734
25.71,93.0,117.0,4.8,29.3,112.5,0.9239,-0.3827,29.3,32.3,38.4,1.236,0.0677
25.71,93.01,113.0,2.5,29.3,15.2,0.2622,0.965,29.3,32.3,38.4,1.235,0.0353
25.71,93.02,160.0,4.2,29.5,50.4,0.7705,0.6374,29.5,32.2,38.3,1.235,0.0593
25.71,93.03,180.0,5.6,29.8,28.6,0.4787,0.878,29.8,32.1,38.1,1.233,0.0791
25.71,93.04,284.0,3.5,30.1,91.9,0.9995,-0.0332,30.1,32.0,37.9,1.232,0.0496
25.71,93.05,177.0,2.5,30.5,85.8,0.9973,0.0732,30.5,31.8,37.7,1.23,0.0355
25.71,93.06,286.0,3.3,30.9,0.6,0.0105,0.9999,30.9,31.7,37.4,1.229,0.0468
25.71,93.07,260.0,2.5,31.4,270.0,-1.0,-0.0,31.4,31.5,37.1,1.228,0.0355
25.71,93.08,286.0,2.5,31.8,275.4,-0.9956,0.0941,31.8,31.3,36.9,1.227,0.0355
25.71,93.09,263.0,4.1,32.2,220.9,-0.6547,-0.7559,32.2,31.1,36.6,1.226,0.0583
25.71,93.1,208.0,2.5,32.6,171.0,0.1564,-0.9877,32.6,30.9,36.4,1.225,0.0356
25.71,93.11,206.0,2.5,33.0,311.6,-0.7478,0.6639,33.0,30.8,36.2,1.225,0.0356
25.71,93.12,228.0,2.5,33.2,65.3,0.9085,0.4179,33.2,30.7,36.1,1.224,0.0356
25.71,93.13,223.0,2.8,33.5,152.8,0.4571,-0.8894,33.5,30.5,36.0,1.224,0.0399
25.71,93.14,165.0,2.5,33.7,135.1,0.7059,-0.7083,33.7,30.5,35.9,1.224,0.0356
25.71,93.15,185.0,2.5,33.8,88.7,0.9997,0.0227,33.8,30.4,35.8,1.224,0.0356
25.71,93.16,166.0,2.5,33.9,55.0,0.8192,0.5736,33.9,30.4,35.7,1.224,0.0356
25.71,93.17,209.0,2.5,33.9,345.2,-0.2554,0.9668,33.9,30.3,35.7,1.223,0.0357
25.71,93.18,207.0,2.5,34.0,112.4,0.9245,-0.3811,34.0,30.3,35.7,1.223,0.0357
25.71,93.19,196.0,2.5,34.0,86.1,0.9977,0.068,34.0,30.4,35.7,1.222,0.0357
25.71,93.2,210.0,2.7,33.9,50.6,0.7727,0.6347,33.9,30.4,35.7,1.222,0.0385
25.71,93.21,239.0,2.5,33.9,28.1,0.471,0.8821,33.9,30.4,35.7,1.221,0.0357
25.71,93.22,242.0,2.5,33.9,23.1,0.3923,0.9198,33.9,30.4,35.7,1.22,0.0358
25.71,93.23,258.0,2.5,33.8,222.0,-0.6691,-0.7431,33.8,30.5,35.7,1.22,0.0358
25.71,93.24,239.0,2.5,33.8,167.3,0.2198,-0.9755,33.8,30.5,35.7,1.219,0.0358
25.71,93.25,210.0,2.5,33.7,195.5,-0.2672,-0.9636,33.7,30.5,35.7,1.218,0.0358
25.71,93.26,213.0,2.5,33.7,31.0,0.515,0.8572,33.7,30.6,35.7,1.217,0.0358
25.72,92.82,103.0,8.3,31.8,75.0,0.9659,0.2588,31.8,32.1,36.1,1.208,0.1195
25.72,92.83,130.0,2.9,31.7,73.2,0.9573,0.289,31.7,32.1,36.2,1.209,0.0418
25.72,92.84,124.0,3.4,31.6,100.3,0.9839,-0.1788,31.6,32.1,36.3,1.21,0.049
25.72,92.85,115.0,4.0,31.6,87.7,0.9992,0.0401,31.6,32.1,36.4,1.212,0.0576
25.72,92.86,128.0,3.9,31.5,91.7,0.9996,-0.0297,31.5,32.1,36.5,1.213,0.0561
25.72,92.87,112.0,3.5,31.3,99.1,0.9874,-0.1582,31.3,32.0,36.6,1.214,0.0503
25.72,92.88,114.0,4.8,31.2,101.0,0.9816,-0.1908,31.2,32.0,36.8,1.216,0.0688
25.72,92.89,89.0,4.4,31.0,93.1,0.9985,-0.0541,31.0,32.0,36.9,1.218,0.063
25.72,92.9,108.0,3.7,30.9,63.9,0.898,0.4399,30.9,32.0,37.1,1.22,0.0529
25.72,92.91,130.0,3.5,30.7,84.7,0.9957,0.0924,30.7,32.1,37.3,1.222,0.05
25.72,92.92,116.0,3.9,30.4,94.7,0.9966,-0.0819,30.4,32.1,37.5,1.224,0.0556
25.72,92.93,122.0,3.7,30.2,81.3,0.9885,0.1513,30.2,32.1,37.7,1.227,0.0526
25.72,92.94,130.0,3.9,30.0,51.1,0.7782,0.628,30.0,32.2,37.9,1.229,0.0553
25.72,92.95,183.0,3.8,29.7,71.6,0.9489,0.3156,29.7,32.2,38.1,1.231,0.0538
25.72,92.96,160.0,3.0,29.5,134.4,0.7145,-0.6997,29.5,32.3,38.2,1.233,0.0424
25.72,92.97,131.0,2.7,29.3,132.2,0.7408,-0.6717,29.3,32.3,38.4,1.235,0.0381
25.72,92.98,115.0,2.5,29.1,109.0,0.9455,-0.3256,29.1,32.4,38.5,1.236,0.0353
25.72,92.99,122.0,2.5,29.0,186.7,-0.1167,-0.9932,29.0,32.4,38.6,1.237,0.0353
25.72,93.0,92.0,4.1,29.0,321.8,-0.6184,0.7859,29.0,32.4,38.6,1.238,0.0578
25.72,93.01,202.0,3.0,29.0,296.0,-0.8988,0.4384,29.0,32.4,38.6,1.237,0.0423
25.72,93.02,125.0,2.5,29.2,170.1,0.1719,-0.9851,29.2,32.3,38.5,1.236,0.0353
25.72,93.03,140.0,2.5,29.5,98.2,0.9898,-0.1426,29.5,32.2,38.3,1.235,0.0353
25.72,93.04,117.0,5.1,29.8,69.4,0.9361,0.3518,29.8,32.1,38.1,1.233,0.0721
25.72,93.05,185.0,3.9,30.2,1.1,0.0192,0.9998,30.2,31.9,37.8,1.232,0.0552
25.72,93.06,214.0,5.4,30.6,76.3,0.9715,0.2368,30.6,31.8,37.6,1.23,0.0765
25.72,93.07,217.0,3.2,31.1,62.9,0.8902,0.4555,31.1,31.6,37.3,1.228,0.0455
25.72,93.08,250.0,4.1,31.5,43.9,0.6934,0.7206,31.5,31.4,37.0,1.227,0.0583
25.72,93.09,290.0,2.6,32.0,133.3,0.7278,-0.6858,32.0,31.2,36.8,1.226,0.037
25.72,93.1,205.0,2.8,32.4,225.3,-0.7108,-0.7034,32.4,31.1,36.6,1.225,0.0399
25.72,93.11,240.0,2.5,32.7,238.9,-0.8563,-0.5165,32.7,30.9,36.4,1.225,0.0356
25.72,93.12,174.0,3.7,33.0,131.3,0.7513,-0.66,33.0,30.8,36.2,1.224,0.0527
25.72,93.13,179.0,2.6,33.2,90.9,0.9999,-0.0157,33.2,30.7,36.1,1.224,0.0371
25.72,93.14,173.0,2.5,33.4,129.3,0.7738,-0.6334,33.4,30.6,36.0,1.224,0.0356
25.72,93.15,165.0,2.5,33.6,84.8,0.9959,0.0906,33.6,30.5,35.9,1.223,0.0357
25.72,93.16,177.0,2.5,33.7,353.4,-0.1149,0.9934,33.7,30.5,35.8,1.223,0.0357
25.72,93.17,227.0,2.5,33.7,82.1,0.9905,0.1374,33.7,30.5,35.8,1.223,0.0357
25.72,93.18,180.0,3.2,33.8,140.4,0.6374,-0.7705,33.8,30.4,35.8,1.222,0.0457
25.72,93.19,166.0,2.5,33.8,120.7,0.8599,-0.5105,33.8,30.4,35.8,1.222,0.0357
25.72,93.2,157.0,2.5,33.8,52.9,0.7976,0.6032,33.8,30.5,35.7,1.221,0.0357
25.72,93.21,196.0,3.6,33.8,57.4,0.8425,0.5388,33.8,30.5,35.7,1.221,0.0514
25.72,93.22,206.0,2.5,33.8,66.8,0.9191,0.3939,33.8,30.5,35.7,1.22,0.0358
25.72,93.23,218.0,3.3,33.7,92.1,0.9993,-0.0366,33.7,30.5,35.7,1.219,0.0472
25.72,93.24,203.0,2.5,33.7,82.1,0.9905,0.1374,33.7,30.6,35.7,1.218,0.0358
25.72,93.25,223.0,2.5,33.7,16.3,0.2807,0.9598,33.7,30.6,35.7,1.218,0.0358
25.73,92.83,138.0,2.5,31.7,205.7,-0.4337,-0.9011,31.7,32.1,36.2,1.21,0.036
25.73,92.84,123.0,2.5,31.6,153.3,0.4493,-0.8934,31.6,32.1,36.3,1.211,0.036
25.73,92.85,104.0,2.5,31.5,149.8,0.503,-0.8643,31.5,32.1,36.4,1.212,0.036
25.73,92.86,106.0,2.5,31.4,35.3,0.5779,0.8161,31.4,32.1,36.6,1.214,0.0359
25.73,92.87,118.0,2.5,31.3,164.0,0.2756,-0.9613,31.3,32.0,36.7,1.215,0.0359
25.73,92.88,84.0,2.5,31.1,151.0,0.4848,-0.8746,31.1,32.0,36.8,1.217,0.0358
25.73,92.89,92.0,2.5,31.0,349.3,-0.1857,0.9826,31.0,32.1,37.0,1.219,0.0358
25.73,92.9,122.0,2.5,30.8,7.6,0.1323,0.9912,30.8,32.1,37.2,1.221,0.0357
25.73,92.91,119.0,2.5,30.6,124.3,0.8261,-0.5635,30.6,32.1,37.4,1.223,0.0357
25.73,92.92,106.0,2.5,30.3,108.1,0.9505,-0.3107,30.3,32.1,37.5,1.225,0.0356
25.73,92.93,114.0,2.5,30.1,34.4,0.565,0.8251,30.1,32.2,37.8,1.228,0.0355
25.73,92.94,131.0,2.5,29.8,83.7,0.994,0.1097,29.8,32.2,38.0,1.23,0.0355
25.73,92.95,115.0,3.0,29.6,70.4,0.9421,0.3355,29.6,32.3,38.2,1.232,0.0425
25.73,92.96,156.0,2.5,29.3,36.5,0.5948,0.8039,29.3,32.3,38.4,1.234,0.0353
25.73,92.97,160.0,2.5,29.1,329.0,-0.515,0.8572,29.1,32.4,38.5,1.236,0.0353
25.73,92.98,186.0,4.1,28.9,271.1,-0.9998,0.0192,28.9,32.4,38.7,1.238,0.0578
25.73,92.99,162.0,3.0,28.8,270.8,-0.9999,0.014,28.8,32.4,38.8,1.239,0.0422
25.73,93.0,187.0,5.3,28.8,281.4,-0.9803,0.1977,28.8,32.5,38.8,1.239,0.0746
25.73,93.01,188.0,2.6,28.8,127.7,0.7912,-0.6115,28.8,32.4,38.7,1.239,0.0366
25.73,93.02,148.0,4.3,29.0,228.9,-0.7536,-0.6574,29.0,32.4,38.6,1.238,0.0606
25.73,93.03,118.0,2.5,29.2,277.0,-0.9925,0.1219,29.2,32.3,38.5,1.236,0.0353
25.73,93.04,151.0,2.8,29.6,325.2,-0.5707,0.8211,29.6,32.2,38.2,1.235,0.0396
25.73,93.05,175.0,2.5,30.0,170.7,0.1616,-0.9869,30.0,32.0,38.0,1.233,0.0354
25.73,93.06,140.0,3.4,30.4,85.3,0.9966,0.0819,30.4,31.9,37.7,1.231,0.0482
25.73,93.07,182.0,4.0,30.9,47.0,0.7314,0.682,30.9,31.7,37.4,1.229,0.0568
25.73,93.08,208.0,2.8,31.3,66.7,0.9184,0.3955,31.3,31.5,37.2,1.228,0.0398
25.73,93.09,210.0,3.4,31.7,48.4,0.7478,0.6639,31.7,31.3,36.9,1.226,0.0484
25.73,93.1,264.0,2.5,32.1,5.8,0.1011,0.9949,32.1,31.2,36.7,1.225,0.0356
25.73,93.11,263.0,5.1,32.5,153.0,0.454,-0.891,32.5,31.0,36.5,1.225,0.0726
25.73,93.12,151.0,4.5,32.8,181.4,-0.0244,-0.9997,32.8,30.9,36.3,1.224,0.0641
25.73,93.13,150.0,2.5,33.0,96.3,0.994,-0.1097,33.0,30.8,36.2,1.224,0.0356
25.73,93.14,146.0,2.5,33.2,105.3,0.9646,-0.2639,33.2,30.7,36.1,1.223,0.0357
25.73,93.15,136.0,2.5,33.4,25.8,0.4352,0.9003,33.4,30.6,36.0,1.223,0.0357
25.73,93.16,174.0,2.5,33.5,17.4,0.299,0.9542,33.5,30.6,35.9,1.223,0.0357
25.73,93.17,185.0,2.7,33.6,110.3,0.9379,-0.3469,33.6,30.6,35.9,1.222,0.0385
25.73,93.18,151.0,2.5,33.6,130.2,0.7638,-0.6455,33.6,30.5,35.8,1.222,0.0357
25.73,93.19,153.0,2.5,33.6,57.4,0.8425,0.5388,33.6,30.5,35.8,1.221,0.0357
25.73,93.2,166.0,2.5,33.7,277.9,-0.9905,0.1374,33.7,30.5,35.8,1.221,0.0357
25.73,93.21,154.0,2.5,33.7,62.8,0.8894,0.4571,33.7,30.5,35.8,1.22,0.0358
25.73,93.22,185.0,2.5,33.7,72.9,0.9558,0.294,33.7,30.6,35.8,1.219,0.0358
25.73,93.23,167.0,2.5,33.6,73.7,0.9598,0.2807,33.6,30.6,35.8,1.219,0.0358
25.73,93.24,199.0,2.5,33.6,58.3,0.8508,0.5255,33.6,30.6,35.8,1.218,0.0358
25.73,93.25,197.0,2.5,33.6,94.9,0.9963,-0.0854,33.6,30.6,35.8,1.217,0.0358
25.74,92.84,105.0,2.5,31.6,93.5,0.9981,-0.061,31.6,32.1,36.4,1.211,0.036
25.74,92.85,104.0,2.5,31.5,0.0,0.0,1.0,31.5,32.1,36.5,1.213,0.036
25.74,92.86,117.0,2.5,31.3,87.2,0.9988,0.0488,31.3,32.1,36.6,1.214,0.0359
25.74,92.87,105.0,2.5,31.2,121.8,0.8499,-0.527,31.2,32.0,36.7,1.216,0.0359
25.74,92.88,98.0,2.5,31.1,231.1,-0.7782,-0.628,31.1,32.1,36.9,1.218,0.0358
25.74,92.89,97.0,2.5,30.9,335.8,-0.4099,0.9121,30.9,32.1,37.1,1.219,0.0358
25.74,92.9,104.0,2.5,30.7,77.1,0.9748,0.2233,30.7,32.1,37.2,1.222,0.0357
25.74,92.91,104.0,2.5,30.5,99.0,0.9877,-0.1564,30.5,32.1,37.4,1.224,0.0356
25.74,92.92,99.0,2.5,30.2,93.0,0.9986,-0.0523,30.2,32.1,37.6,1.226,0.0356
25.74,92.93,103.0,2.5,30.0,27.2,0.4571,0.8894,30.0,32.2,37.8,1.228,0.0355
25.74,92.94,120.0,2.5,29.7,78.6,0.9803,0.1977,29.7,32.2,38.0,1.231,0.0354
25.74,92.95,105.0,2.5,29.5,280.5,-0.9833,0.1822,29.5,32.3,38.2,1.233,0.0354
25.74,92.96,123.0,2.5,29.2,40.1,0.6441,0.7649,29.2,32.3,38.4,1.235,0.0353
25.74,92.97,151.0,4.5,29.0,16.0,0.2756,0.9613,29.0,32.4,38.6,1.237,0.0634
25.74,92.98,230.0,2.5,28.8,17.6,0.3024,0.9532,28.8,32.4,38.7,1.238,0.0352
25.74,92.99,205.0,2.5,28.7,80.2,0.9854,0.1702,28.7,32.5,38.8,1.239,0.0352
25.74,93.0,235.0,3.3,28.6,135.7,0.6984,-0.7157,28.6,32.5,38.9,1.24,0.0464
25.74,93.01,146.0,2.5,28.7,196.7,-0.2874,-0.9578,28.7,32.5,38.8,1.239,0.0352
25.74,93.02,214.0,2.5,28.8,299.6,-0.8695,0.4939,28.8,32.4,38.7,1.239,0.0352
25.74,93.03,167.0,3.7,29.1,234.7,-0.8161,-0.5779,29.1,32.3,38.6,1.237,0.0522
25.74,93.04,161.0,2.5,29.4,293.4,-0.9178,0.3971,29.4,32.2,38.3,1.235,0.0353
25.74,93.05,183.0,2.5,29.8,172.7,0.1271,-0.9919,29.8,32.1,38.1,1.233,0.0354
25.74,93.06,119.0,2.5,30.2,213.1,-0.5461,-0.8377,30.2,31.9,37.8,1.231,0.0354
25.74,93.07,136.0,3.4,30.7,46.5,0.7254,0.6884,30.7,31.8,37.5,1.23,0.0482
25.74,93.08,178.0,4.0,31.1,32.8,0.5417,0.8406,31.1,31.6,37.3,1.228,0.0568
25.74,93.09,220.0,2.5,31.5,44.6,0.7022,0.712,31.5,31.4,37.0,1.227,0.0355
25.74,93.1,199.0,3.1,31.9,124.2,0.8271,-0.5621,31.9,31.3,36.8,1.226,0.0441
25.74,93.11,176.0,4.7,32.3,100.8,0.9823,-0.1874,32.3,31.1,36.6,1.225,0.0669
25.74,93.12,177.0,2.5,32.5,190.8,-0.1874,-0.9823,32.5,31.0,36.4,1.224,0.0356
25.74,93.13,129.0,2.6,32.8,157.5,0.3827,-0.9239,32.8,30.9,36.3,1.223,0.0371
25.74,93.14,116.0,2.5,33.0,7.3,0.1271,0.9919,33.0,30.8,36.2,1.223,0.0357
25.74,93.15,150.0,2.5,33.2,12.7,0.2198,0.9755,33.2,30.7,36.1,1.222,0.0357
25.74,93.16,160.0,2.5,33.3,77.5,0.9763,0.2164,33.3,30.7,36.0,1.222,0.0357
25.74,93.17,158.0,2.5,33.4,116.0,0.8988,-0.4384,33.4,30.7,36.0,1.222,0.0357
25.74,93.18,138.0,2.5,33.5,153.4,0.4478,-0.8942,33.5,30.6,35.9,1.221,0.0357
25.74,93.19,140.0,2.5,33.5,26.6,0.4478,0.8942,33.5,30.6,35.9,1.221,0.0357
25.74,93.2,165.0,2.5,33.5,55.2,0.8211,0.5707,33.5,30.6,35.8,1.22,0.0358
25.74,93.21,155.0,2.5,33.6,111.4,0.9311,-0.3649,33.6,30.6,35.8,1.22,0.0358
25.74,93.22,159.0,2.5,33.6,71.4,0.9478,0.319,33.6,30.6,35.8,1.219,0.0358
25.74,93.23,165.0,2.5,33.6,144.2,0.585,-0.8111,33.6,30.6,35.8,1.218,0.0358
25.74,93.24,149.0,3.8,33.6,109.6,0.9421,-0.3355,33.6,30.7,35.8,1.218,0.0544
25.75,92.86,83.0,2.5,31.3,88.1,0.9995,0.0332,31.3,32.1,36.6,1.215,0.0359
25.75,92.87,84.0,2.5,31.2,53.5,0.8039,0.5948,31.2,32.1,36.8,1.216,0.0359
25.75,92.88,95.0,2.5,31.0,58.6,0.8536,0.521,31.0,32.1,36.9,1.218,0.0358
25.75,92.89,95.0,2.5,30.8,115.9,0.8996,-0.4368,30.8,32.1,37.1,1.22,0.0358
25.75,92.9,88.0,2.5,30.6,119.0,0.8746,-0.4848,30.6,32.1,37.3,1.222,0.0357
25.75,92.91,84.0,2.5,30.4,99.0,0.9877,-0.1564,30.4,32.1,37.5,1.224,0.0356
25.75,92.92,85.0,2.5,30.2,19.3,0.3305,0.9438,30.2,32.1,37.7,1.227,0.0355
25.75,92.93,102.0,2.5,29.9,31.7,0.5255,0.8508,29.9,32.2,37.9,1.229,0.0355
25.75,92.94,120.0,2.5,29.7,36.0,0.5878,0.809,29.7,32.2,38.1,1.231,0.0354
25.75,92.95,133.0,2.5,29.4,194.4,-0.2487,-0.9686,29.4,32.3,38.3,1.234,0.0353
25.75,92.96,113.0,2.5,29.2,109.5,0.9426,-0.3338,29.2,32.4,38.5,1.236,0.0353
25.75,92.97,126.0,2.5,29.0,18.4,0.3156,0.9489,29.0,32.4,38.6,1.237,0.0353
25.75,92.98,167.0,3.8,28.8,87.6,0.9991,0.0419,28.8,32.5,38.8,1.239,0.0535
25.75,92.99,130.0,3.7,28.6,118.2,0.8813,-0.4726,28.6,32.5,38.9,1.24,0.052
25.75,93.0,123.0,5.0,28.6,58.3,0.8508,0.5255,28.6,32.5,38.9,1.24,0.0703
25.75,93.01,195.0,2.8,28.6,16.0,0.2756,0.9613,28.6,32.5,38.9,1.24,0.0394
25.75,93.02,189.0,3.1,28.8,85.6,0.9971,0.0767,28.8,32.4,38.8,1.239,0.0436
25.75,93.03,201.0,2.5,29.0,277.0,-0.9925,0.1219,29.0,32.4,38.6,1.237,0.0353
25.75,93.04,192.0,2.5,29.3,168.9,0.1925,-0.9813,29.3,32.3,38.4,1.236,0.0353
25.75,93.05,169.0,2.5,29.7,128.6,0.7815,-0.6239,29.7,32.1,38.2,1.234,0.0353
25.75,93.06,174.0,2.5,30.1,173.6,0.1115,-0.9938,30.1,32.0,37.9,1.232,0.0354
25.75,93.07,113.0,2.5,30.6,184.0,-0.0698,-0.9976,30.6,31.8,37.6,1.23,0.0355
25.75,93.08,148.0,3.6,31.0,34.8,0.5707,0.8211,31.0,31.7,37.4,1.228,0.0511
25.75,93.09,187.0,3.2,31.4,56.9,0.8377,0.5461,31.4,31.5,37.1,1.227,0.0455
25.75,93.1,192.0,2.5,31.7,169.2,0.1874,-0.9823,31.7,31.4,36.9,1.226,0.0356
25.75,93.11,135.0,2.5,32.1,134.5,0.7133,-0.7009,32.1,31.2,36.7,1.225,0.0356
25.75,93.12,161.0,2.5,32.4,102.2,0.9774,-0.2113,32.4,31.1,36.5,1.224,0.0356
25.75,93.13,122.0,2.5,32.6,143.1,0.6004,-0.7997,32.6,31.0,36.4,1.223,0.0357
25.75,93.14,143.0,2.5,32.8,276.1,-0.9943,0.1063,32.8,30.9,36.3,1.223,0.0357
25.75,93.15,125.0,2.5,33.0,129.8,0.7683,-0.6401,33.0,30.8,36.2,1.222,0.0357
25.75,93.16,134.0,2.5,33.1,71.4,0.9478,0.319,33.1,30.8,36.1,1.222,0.0357
25.75,93.17,135.0,2.5,33.2,75.0,0.9659,0.2588,33.2,30.7,36.0,1.221,0.0357
25.75,93.18,141.0,2.5,33.3,56.3,0.832,0.5548,33.3,30.7,36.0,1.221,0.0357
25.75,93.19,138.0,2.5,33.4,61.0,0.8746,0.4848,33.4,30.7,35.9,1.22,0.0358
25.75,93.2,142.0,2.5,33.4,92.5,0.999,-0.0436,33.4,30.7,35.9,1.22,0.0358
25.75,93.21,137.0,2.5,33.4,62.1,0.8838,0.4679,33.4,30.7,35.9,1.219,0.0358
25.75,93.22,152.0,2.5,33.5,28.0,0.4695,0.8829,33.5,30.7,35.9,1.218,0.0358
25.75,93.23,159.0,2.5,33.5,37.7,0.6115,0.7912,33.5,30.7,35.8,1.218,0.0358
25.76,92.87,87.0,2.5,31.1,196.7,-0.2874,-0.9578,31.1,32.1,36.8,1.217,0.0358
25.76,92.88,78.0,2.5,31.0,101.1,0.9813,-0.1925,31.0,32.1,37.0,1.218,0.0358
25.76,92.89,81.0,2.5,30.8,72.4,0.9532,0.3024,30.8,32.1,37.1,1.22,0.0358
25.76,92.9,82.0,2.5,30.6,74.5,0.9636,0.2672,30.6,32.1,37.3,1.222,0.0357
25.76,92.91,83.0,2.5,30.4,28.4,0.4756,0.8796,30.4,32.1,37.5,1.225,0.0356
25.76,92.92,92.0,2.5,30.2,107.6,0.9532,-0.3024,30.2,32.2,37.7,1.227,0.0355
25.76,92.93,79.0,2.5,29.9,82.1,0.9905,0.1374,29.9,32.2,37.9,1.229,0.0355
25.76,92.94,95.0,2.5,29.7,35.3,0.5779,0.8161,29.7,32.2,38.1,1.231,0.0354
25.76,92.95,107.0,2.5,29.4,78.9,0.9813,0.1925,29.4,32.3,38.3,1.234,0.0353
25.76,92.96,101.0,2.5,29.2,26.0,0.4384,0.8988,29.2,32.4,38.5,1.236,0.0353
25.76,92.97,131.0,2.5,29.0,8.5,0.1478,0.989,29.0,32.4,38.6,1.237,0.0353
25.76,92.98,125.0,2.5,28.8,109.3,0.9438,-0.3305,28.8,32.4,38.8,1.239,0.0352
25.76,92.99,114.0,2.5,28.7,103.7,0.9715,-0.2368,28.7,32.5,38.8,1.239,0.0352
25.76,93.0,118.0,2.5,28.6,57.3,0.8415,0.5402,28.6,32.5,38.9,1.24,0.0352
25.76,93.01,125.0,3.1,28.7,82.5,0.9914,0.1305,28.7,32.5,38.8,1.239,0.0436
25.76,93.02,128.0,3.9,28.8,44.4,0.6997,0.7145,28.8,32.4,38.7,1.239,0.0549
25.76,93.03,194.0,2.7,29.0,67.6,0.9245,0.3811,29.0,32.4,38.6,1.237,0.0381
25.76,93.04,154.0,3.1,29.3,117.4,0.8878,-0.4602,29.3,32.3,38.4,1.236,0.0438
25.76,93.05,158.0,2.6,29.7,130.3,0.7627,-0.6468,29.7,32.1,38.2,1.234,0.0368
25.76,93.06,112.0,2.5,30.1,109.4,0.9432,-0.3322,30.1,32.0,37.9,1.232,0.0354
25.76,93.07,138.0,2.5,30.5,21.8,0.3714,0.9285,30.5,31.9,37.7,1.23,0.0355
25.76,93.08,121.0,2.5,30.9,79.0,0.9816,0.1908,30.9,31.7,37.4,1.228,0.0355
25.76,93.09,145.0,4.0,31.3,47.4,0.7361,0.6769,31.3,31.6,37.2,1.227,0.0569
25.76,93.1,188.0,2.7,31.6,93.3,0.9983,-0.0576,31.6,31.4,37.0,1.226,0.0384
25.76,93.11,141.0,3.1,31.9,174.7,0.0924,-0.9957,31.9,31.3,36.8,1.225,0.0441
25.76,93.12,110.0,2.5,32.2,143.7,0.592,-0.8059,32.2,31.2,36.6,1.224,0.0356
25.76,93.13,114.0,2.5,32.5,349.0,-0.1908,0.9816,32.5,31.1,36.5,1.223,0.0357
25.76,93.14,147.0,2.5,32.7,38.2,0.6184,0.7859,32.7,31.0,36.3,1.222,0.0357
25.76,93.15,138.0,2.5,32.8,164.9,0.2605,-0.9655,32.8,30.9,36.2,1.222,0.0357
25.76,93.16,127.0,2.5,33.0,123.7,0.832,-0.5548,33.0,30.9,36.2,1.221,0.0357
25.76,93.17,129.0,2.5,33.1,53.5,0.8039,0.5948,33.1,30.8,36.1,1.221,0.0357
25.76,93.18,133.0,2.5,33.2,66.5,0.9171,0.3987,33.2,30.8,36.0,1.22,0.0358
25.76,93.19,138.0,2.5,33.3,294.6,-0.9092,0.4163,33.3,30.8,36.0,1.22,0.0358
25.76,93.2,140.0,2.5,33.3,237.6,-0.8443,-0.5358,33.3,30.8,35.9,1.219,0.0358
25.76,93.21,134.0,2.5,33.3,313.6,-0.7242,0.6896,33.3,30.7,35.9,1.219,0.0358
25.76,93.22,146.0,2.5,33.4,24.2,0.4099,0.9121,33.4,30.7,35.9,1.218,0.0358
25.77,92.89,81.0,2.5,30.8,180.0,0.0,-1.0,30.8,32.1,37.1,1.221,0.0357
25.77,92.9,80.0,2.5,30.6,236.3,-0.832,-0.5548,30.6,32.1,37.3,1.223,0.0357
25.77,92.91,78.0,2.5,30.4,158.2,0.3714,-0.9285,30.4,32.1,37.5,1.225,0.0356
25.77,92.92,71.0,2.5,30.2,90.0,1.0,0.0,30.2,32.2,37.7,1.227,0.0355
25.77,92.93,78.0,2.5,29.9,14.9,0.2571,0.9664,29.9,32.2,37.9,1.229,0.0355
25.77,92.94,98.0,2.5,29.7,9.7,0.1685,0.9857,29.7,32.2,38.1,1.231,0.0354
25.77,92.95,99.0,2.5,29.5,77.5,0.9763,0.2164,29.5,32.3,38.3,1.233,0.0354
25.77,92.96,100.0,2.5,29.2,13.2,0.2284,0.9736,29.2,32.3,38.4,1.235,0.0353
25.77,92.97,122.0,2.5,29.0,67.0,0.9205,0.3907,29.0,32.4,38.6,1.237,0.0353
25.77,92.98,113.0,2.5,28.9,117.6,0.8862,-0.4633,28.9,32.4,38.7,1.238,0.0352
25.77,92.99,98.0,2.5,28.8,111.0,0.9336,-0.3584,28.8,32.5,38.8,1.239,0.0352
25.77,93.0,104.0,2.5,28.7,46.1,0.7206,0.6934,28.7,32.5,38.8,1.239,0.0352
25.77,93.01,111.0,2.5,28.8,66.9,0.9198,0.3923,28.8,32.4,38.8,1.239,0.0352
25.77,93.02,114.0,2.5,28.9,37.4,0.6074,0.7944,28.9,32.4,38.7,1.238,0.0352
25.77,93.03,131.0,3.4,29.1,89.3,0.9999,0.0122,29.1,32.3,38.5,1.237,0.0479
25.77,93.04,115.0,2.5,29.4,112.8,0.9219,-0.3875,29.4,32.3,38.4,1.235,0.0353
25.77,93.05,114.0,2.5,29.7,94.7,0.9966,-0.0819,29.7,32.1,38.1,1.234,0.0353
25.77,93.06,111.0,2.5,30.1,102.5,0.9763,-0.2164,30.1,32.0,37.9,1.232,0.0354
25.77,93.07,109.0,2.5,30.4,94.6,0.9968,-0.0802,30.4,31.9,37.7,1.23,0.0355
25.77,93.08,108.0,2.5,30.8,115.4,0.9033,-0.4289,30.8,31.7,37.4,1.228,0.0355
25.77,93.09,106.0,2.5,31.2,68.9,0.933,0.36,31.2,31.6,37.2,1.227,0.0355
25.77,93.1,116.0,2.5,31.5,68.4,0.9298,0.3681,31.5,31.5,37.0,1.226,0.0356
25.77,93.11,127.0,2.5,31.8,33.6,0.5534,0.8329,31.8,31.4,36.8,1.224,0.0356
25.77,93.12,139.0,2.5,32.1,273.5,-0.9981,0.061,32.1,31.3,36.7,1.223,0.0357
25.77,93.13,130.0,2.5,32.3,222.0,-0.6691,-0.7431,32.3,31.2,36.5,1.223,0.0357
25.77,93.14,122.0,2.5,32.5,110.9,0.9342,-0.3567,32.5,31.1,36.4,1.222,0.0357
25.77,93.15,119.0,2.5,32.7,180.0,0.0,-1.0,32.7,31.0,36.3,1.221,0.0357
25.77,93.16,119.0,2.5,32.8,292.2,-0.9259,0.3778,32.8,30.9,36.2,1.221,0.0357
25.77,93.17,126.0,2.5,33.0,267.0,-0.9986,-0.0523,33.0,30.9,36.1,1.22,0.0358
25.77,93.18,118.0,2.5,33.1,301.3,-0.8545,0.5195,33.1,30.9,36.1,1.22,0.0358
25.77,93.19,155.0,2.5,33.1,343.8,-0.279,0.9603,33.1,30.8,36.0,1.219,0.0358
25.77,93.2,149.0,2.5,33.2,255.7,-0.969,-0.247,33.2,30.8,36.0,1.219,0.0358
25.77,93.21,144.0,2.5,33.2,241.0,-0.8746,-0.4848,33.2,30.8,35.9,1.218,0.0358
25.78,92.9,87.0,2.5,30.6,218.2,-0.6184,-0.7859,30.6,32.1,37.3,1.223,0.0357
25.78,92.91,79.0,2.5,30.4,234.3,-0.8121,-0.5835,30.4,32.1,37.5,1.225,0.0356
25.78,92.92,76.0,2.5,30.2,239.4,-0.8607,-0.509,30.2,32.1,37.7,1.227,0.0355
25.78,92.93,71.0,2.5,30.0,6.8,0.1184,0.993,30.0,32.2,37.8,1.229,0.0355
25.78,92.94,91.0,2.5,29.7,5.9,0.1028,0.9947,29.7,32.2,38.0,1.231,0.0354
25.78,92.95,97.0,2.5,29.5,42.0,0.6691,0.7431,29.5,32.3,38.2,1.233,0.0354
25.78,92.96,95.0,2.5,29.3,90.0,1.0,0.0,29.3,32.3,38.4,1.234,0.0353
25.78,92.97,97.0,2.5,29.1,117.4,0.8878,-0.4602,29.1,32.4,38.5,1.236,0.0353
25.78,92.98,74.0,2.5,29.0,104.0,0.9703,-0.2419,29.0,32.4,38.6,1.237,0.0353
25.78,92.99,88.0,2.5,28.9,7.1,0.1236,0.9923,28.9,32.4,38.7,1.238,0.0352
25.78,93.0,103.0,2.5,28.9,48.9,0.7536,0.6574,28.9,32.4,38.7,1.238,0.0352
25.78,93.01,99.0,2.5,28.9,61.0,0.8746,0.4848,28.9,32.4,38.7,1.238,0.0352
25.78,93.02,111.0,2.5,29.0,90.0,1.0,0.0,29.0,32.4,38.6,1.237,0.0353
25.78,93.03,99.0,2.5,29.2,93.7,0.9979,-0.0645,29.2,32.3,38.5,1.236,0.0353
25.78,93.04,109.0,2.5,29.5,66.9,0.9198,0.3923,29.5,32.2,38.3,1.235,0.0353
25.78,93.05,104.0,2.5,29.8,150.2,0.497,-0.8678,29.8,32.1,38.1,1.233,0.0354
25.78,93.06,87.0,2.5,30.1,225.8,-0.7169,-0.6972,30.1,32.0,37.9,1.231,0.0354
25.78,93.07,97.0,2.5,30.4,5.7,0.0993,0.9951,30.4,31.9,37.7,1.23,0.0355
25.78,93.08,114.0,2.5,30.8,355.9,-0.0715,0.9974,30.8,31.8,37.4,1.228,0.0355
25.78,93.09,122.0,2.5,31.1,28.4,0.4756,0.8796,31.1,31.6,37.2,1.227,0.0355
25.78,93.1,129.0,2.5,31.4,24.2,0.4099,0.9121,31.4,31.5,37.0,1.225,0.0356
25.78,93.11,124.0,2.5,31.7,21.8,0.3714,0.9285,31.7,31.4,36.9,1.224,0.0356
25.78,93.12,165.0,2.5,32.0,72.1,0.9516,0.3074,32.0,31.3,36.7,1.223,0.0357
25.78,93.13,131.0,2.5,32.2,176.9,0.0541,-0.9985,32.2,31.2,36.6,1.222,0.0357
25.78,93.14,115.0,2.5,32.4,314.2,-0.7169,0.6972,32.4,31.1,36.5,1.222,0.0357
25.78,93.15,138.0,2.5,32.6,328.6,-0.521,0.8536,32.6,31.1,36.3,1.221,0.0357
25.78,93.16,146.0,3.1,32.7,279.0,-0.9877,0.1564,32.7,31.0,36.3,1.22,0.0443
25.78,93.17,150.0,6.7,32.9,283.9,-0.9707,0.2402,32.9,31.0,36.2,1.22,0.0956
25.78,93.18,186.0,5.6,33.0,269.2,-0.9999,-0.014,33.0,30.9,36.1,1.219,0.0801
25.78,93.19,148.0,3.5,33.0,271.3,-0.9997,0.0227,33.0,30.9,36.1,1.219,0.0501
25.78,93.2,188.0,4.3,33.1,318.7,-0.66,0.7513,33.1,30.9,36.0,1.218,0.0616
25.79,92.91,95.0,2.5,30.4,238.0,-0.848,-0.5299,30.4,32.1,37.5,1.224,0.0356
25.79,92.92,86.0,2.5,30.2,223.5,-0.6884,-0.7254,30.2,32.1,37.6,1.226,0.0356
25.79,92.93,76.0,2.5,30.0,302.0,-0.848,0.5299,30.0,32.2,37.8,1.228,0.0355
25.79,92.94,95.0,2.5,29.8,5.4,0.0941,0.9956,29.8,32.2,38.0,1.23,0.0355
25.79,92.95,95.0,2.5,29.6,119.0,0.8746,-0.4848,29.6,32.3,38.1,1.232,0.0354
25.79,92.96,92.0,2.5,29.4,166.0,0.2419,-0.9703,29.4,32.3,38.3,1.233,0.0354
25.79,92.97,77.0,2.5,29.3,159.2,0.3551,-0.9348,29.3,32.3,38.4,1.235,0.0353
25.79,92.98,73.0,2.5,29.2,309.4,-0.7727,0.6347,29.2,32.4,38.5,1.236,0.0353
25.79,92.99,94.0,2.5,29.1,357.0,-0.0523,0.9986,29.1,32.4,38.6,1.237,0.0353
25.79,93.0,90.0,2.5,29.1,87.1,0.9987,0.0506,29.1,32.4,38.6,1.237,0.0353
25.79,93.01,95.0,2.5,29.1,324.2,-0.585,0.8111,29.1,32.4,38.5,1.237,0.0353
25.79,93.02,100.0,2.5,29.2,85.5,0.9969,0.0785,29.2,32.3,38.5,1.236,0.0353
25.79,93.03,97.0,2.5,29.4,42.0,0.6691,0.7431,29.4,32.3,38.4,1.235,0.0353
25.79,93.04,102.0,2.5,29.6,50.2,0.7683,0.6401,29.6,32.2,38.2,1.234,0.0353
25.79,93.05,100.0,2.5,29.9,332.1,-0.4679,0.8838,29.9,32.1,38.0,1.232,0.0354
25.79,93.06,119.0,2.5,30.2,285.5,-0.9636,0.2672,30.2,32.0,37.8,1.231,0.0354
25.79,93.07,106.0,2.5,30.5,253.1,-0.9568,-0.2907,30.5,31.9,37.6,1.229,0.0355
25.79,93.08,110.0,2.5,30.8,163.3,0.2874,-0.9578,30.8,31.8,37.4,1.228,0.0355
25.79,93.09,97.0,2.5,31.1,296.8,-0.8926,0.4509,31.1,31.7,37.2,1.226,0.0356
25.79,93.1,115.0,2.5,31.4,0.0,0.0,1.0,31.4,31.6,37.1,1.225,0.0356
25.79,93.11,111.0,2.5,31.7,90.0,1.0,0.0,31.7,31.4,36.9,1.224,0.0356
25.79,93.12,115.0,2.5,31.9,64.9,0.9056,0.4242,31.9,31.4,36.7,1.223,0.0357
25.79,93.13,127.0,2.5,32.1,13.5,0.2334,0.9724,32.1,31.3,36.6,1.222,0.0357
25.79,93.14,130.0,2.5,32.3,283.3,-0.9732,0.23,32.3,31.2,36.5,1.221,0.0357
25.79,93.15,140.0,3.3,32.5,333.7,-0.4431,0.8965,32.5,31.1,36.4,1.221,0.0471
25.79,93.16,203.0,7.1,32.6,338.1,-0.373,0.9278,32.6,31.1,36.3,1.22,0.1013
25.79,93.17,306.0,7.8,32.8,291.0,-0.9336,0.3584,32.8,31.0,36.2,1.22,0.1112
25.79,93.18,273.0,6.6,32.9,251.0,-0.9455,-0.3256,32.9,31.0,36.2,1.219,0.0943
25.79,93.19,252.0,7.7,32.9,257.4,-0.9759,-0.2181,32.9,30.9,36.1,1.218,0.11
25.8,92.93,87.0,2.5,30.1,281.4,-0.9803,0.1977,30.1,32.2,37.7,1.228,0.0355
25.8,92.94,89.0,2.5,29.9,48.4,0.7478,0.6639,29.9,32.2,37.9,1.229,0.0355
25.8,92.95,91.0,2.5,29.7,81.0,0.9877,0.1564,29.7,32.2,38.0,1.231,0.0354
25.8,92.96,90.0,2.5,29.6,138.0,0.6691,-0.7431,29.6,32.3,38.2,1.232,0.0354
25.8,92.97,89.0,2.5,29.4,295.9,-0.8996,0.4368,29.4,32.3,38.3,1.234,0.0353
25.8,92.98,97.0,2.5,29.3,270.0,-1.0,-0.0,29.3,32.3,38.4,1.235,0.0353
25.8,92.99,89.0,2.5,29.3,176.8,0.0558,-0.9984,29.3,32.3,38.4,1.235,0.0353
25.8,93.0,81.0,2.5,29.3,5.7,0.0993,0.9951,29.3,32.3,38.4,1.235,0.0353
25.8,93.01,107.0,2.5,29.3,287.6,-0.9532,0.3024,29.3,32.3,38.4,1.235,0.0353
25.8,93.02,83.0,2.5,29.4,180.0,0.0,-1.0,29.4,32.3,38.3,1.235,0.0353
25.8,93.03,97.0,2.5,29.5,13.8,0.2385,0.9711,29.5,32.2,38.2,1.234,0.0353
25.8,93.04,105.0,2.5,29.7,339.7,-0.3469,0.9379,29.7,32.1,38.1,1.233,0.0354
25.8,93.05,114.0,2.5,30.0,289.3,-0.9438,0.3305,30.0,32.1,37.9,1.231,0.0354
25.8,93.06,111.0,2.5,30.3,318.0,-0.6691,0.7431,30.3,32.0,37.8,1.23,0.0355
25.8,93.07,130.0,2.5,30.5,270.0,-1.0,-0.0,30.5,31.9,37.6,1.229,0.0355
25.8,93.08,111.0,2.5,30.8,288.4,-0.9489,0.3156,30.8,31.8,37.4,1.227,0.0355
25.8,93.09,133.0,2.5,31.1,303.7,-0.832,0.5548,31.1,31.7,37.2,1.226,0.0356
25.8,93.1,129.0,2.5,31.4,237.9,-0.8471,-0.5314,31.4,31.6,37.1,1.225,0.0356
25.8,93.11,120.0,2.5,31.6,265.3,-0.9966,-0.0819,31.6,31.5,36.9,1.224,0.0356
25.8,93.12,127.0,2.5,31.8,279.6,-0.986,0.1668,31.8,31.4,36.8,1.223,0.0357
25.8,93.13,127.0,2.5,32.1,323.7,-0.592,0.8059,32.1,31.3,36.6,1.222,0.0357
25.8,93.14,176.0,2.5,32.2,327.6,-0.5358,0.8443,32.2,31.2,36.5,1.221,0.0357
25.8,93.15,178.0,2.6,32.4,312.7,-0.7349,0.6782,32.4,31.2,36.4,1.22,0.0372
25.8,93.16,220.0,7.1,32.5,350.1,-0.1719,0.9851,32.5,31.1,36.3,1.22,0.1013
25.8,93.17,353.0,11.1,32.7,342.4,-0.3024,0.9532,32.7,31.1,36.3,1.219,0.1579
25.81,92.94,90.0,2.5,30.0,204.2,-0.4099,-0.9121,30.0,32.2,37.8,1.228,0.0355
25.81,92.95,88.0,2.5,29.9,90.0,1.0,0.0,29.9,32.2,37.9,1.23,0.0355
25.81,92.96,90.0,2.5,29.7,58.3,0.8508,0.5255,29.7,32.2,38.1,1.231,0.0354
25.81,92.97,93.0,2.5,29.6,282.5,-0.9763,0.2164,29.6,32.2,38.2,1.232,0.0354
25.81,92.98,91.0,2.5,29.5,90.0,1.0,0.0,29.5,32.3,38.2,1.233,0.0354
25.81,92.99,93.0,2.5,29.5,119.0,0.8746,-0.4848,29.5,32.3,38.3,1.234,0.0353
25.81,93.0,88.0,2.5,29.5,354.3,-0.0993,0.9951,29.5,32.3,38.3,1.234,0.0353
25.81,93.01,102.0,2.5,29.5,51.9,0.7869,0.617,29.5,32.2,38.3,1.234,0.0353
25.81,93.02,100.0,2.5,29.6,222.0,-0.6691,-0.7431,29.6,32.2,38.2,1.233,0.0354
25.81,93.03,91.0,2.5,29.7,309.8,-0.7683,0.6401,29.7,32.2,38.1,1.232,0.0354
25.81,93.04,109.0,2.5,29.9,328.6,-0.521,0.8536,29.9,32.1,38.0,1.231,0.0354
25.81,93.05,119.0,2.5,30.1,352.1,-0.1374,0.9905,30.1,32.0,37.8,1.23,0.0355
25.81,93.06,135.0,2.5,30.4,305.1,-0.8181,0.575,30.4,32.0,37.7,1.229,0.0355
25.81,93.07,131.0,2.5,30.6,193.5,-0.2334,-0.9724,30.6,31.9,37.5,1.228,0.0355
25.81,93.08,120.0,2.5,30.9,259.9,-0.9845,-0.1754,30.9,31.8,37.4,1.227,0.0355
25.81,93.09,127.0,2.5,31.1,293.0,-0.9205,0.3907,31.1,31.7,37.2,1.225,0.0356
25.81,93.1,138.0,2.5,31.4,280.6,-0.9829,0.184,31.4,31.6,37.1,1.224,0.0356
25.81,93.11,138.0,4.5,31.6,281.7,-0.9792,0.2028,31.6,31.5,36.9,1.223,0.0642
25.81,93.12,161.0,4.7,31.8,284.3,-0.969,0.247,31.8,31.4,36.8,1.222,0.0671
25.81,93.13,167.0,2.9,32.0,274.0,-0.9976,0.0698,32.0,31.3,36.7,1.221,0.0414
25.81,93.14,166.0,2.5,32.2,34.7,0.5693,0.8221,32.2,31.3,36.5,1.221,0.0357
25.81,93.15,193.0,2.5,32.3,333.4,-0.4478,0.8942,32.3,31.2,36.4,1.22,0.0358
25.82,92.96,81.0,2.5,29.9,31.9,0.5284,0.849,29.9,32.2,37.9,1.23,0.0355
25.82,92.97,94.0,2.5,29.8,353.2,-0.1184,0.993,29.8,32.2,38.0,1.231,0.0354
25.82,92.98,96.0,2.5,29.7,219.3,-0.6334,-0.7738,29.7,32.2,38.1,1.232,0.0354
25.82,92.99,83.0,2.5,29.7,127.9,0.7891,-0.6143,29.7,32.2,38.1,1.232,0.0354
25.82,93.0,82.0,2.5,29.7,57.1,0.8396,0.5432,29.7,32.2,38.1,1.232,0.0354
25.82,93.01,90.0,2.5,29.7,60.9,0.8738,0.4863,29.7,32.2,38.1,1.232,0.0354
25.82,93.02,94.0,2.5,29.8,13.3,0.23,0.9732,29.8,32.2,38.1,1.232,0.0354
25.82,93.03,109.0,2.5,29.9,320.0,-0.6428,0.766,29.9,32.1,38.0,1.231,0.0354
25.82,93.04,124.0,2.5,30.1,338.2,-0.3714,0.9285,30.1,32.1,37.9,1.23,0.0355
25.82,93.05,118.0,2.5,30.3,323.1,-0.6004,0.7997,30.3,32.0,37.7,1.229,0.0355
25.82,93.06,130.0,2.5,30.5,18.7,0.3206,0.9472,30.5,31.9,37.6,1.228,0.0355
25.82,93.07,134.0,2.5,30.7,292.6,-0.9232,0.3843,30.7,31.8,37.5,1.227,0.0355
25.82,93.08,136.0,2.5,30.9,320.6,-0.6347,0.7727,30.9,31.8,37.3,1.226,0.0356
25.82,93.09,180.0,3.1,31.1,318.5,-0.6626,0.749,31.1,31.7,37.2,1.225,0.0441
25.82,93.1,194.0,2.6,31.4,343.3,-0.2874,0.9578,31.4,31.6,37.0,1.224,0.0371
25.82,93.11,243.0,7.9,31.6,287.3,-0.9548,0.2974,31.6,31.5,36.9,1.223,0.1124
25.82,93.12,253.0,6.7,31.8,276.9,-0.9928,0.1201,31.8,31.4,36.8,1.222,0.0955
25.83,93.02,95.0,2.5,30.0,357.9,-0.0366,0.9993,30.0,32.1,37.9,1.23,0.0355
25.83,93.03,119.0,2.5,30.1,315.0,-0.7071,0.7071,30.1,32.1,37.8,1.23,0.0355
25.83,93.04,113.0,2.5,30.2,75.8,0.9694,0.2453,30.2,32.0,37.8,1.229,0.0355
25.83,93.05,124.0,2.5,30.4,326.0,-0.5592,0.829,30.4,32.0,37.6,1.228,0.0355
25.83,93.06,129.0,2.5,30.6,4.5,0.0785,0.9969,30.6,31.9,37.5,1.227,0.0355
25.83,93.07,147.0,2.5,30.8,324.7,-0.5779,0.8161,30.8,31.8,37.4,1.226,0.0356
25.83,93.08,162.0,2.5,31.0,308.3,-0.7848,0.6198,31.0,31.8,37.3,1.225,0.0356
25.83,93.09,184.0,2.5,31.2,247.4,-0.9232,-0.3843,31.2,31.7,37.1,1.224,0.0356
25.83,93.1,159.0,3.2,31.4,128.4,0.7837,-0.6211,31.4,31.6,37.0,1.223,0.0456
