latitude,longitude,elevation,slope,clay_percentage,aspect,aspect_sin,aspect_cos,clay_percent,sand_percent,silt_percent,bulk_density,shear_stress_factor
25.0,92.5,27.0,4.64,28.0,275.6,-0.9952,0.0978,25.6,32.2,42.2,1.257,0.0644
25.0,92.505,31.0,1.23,28.0,317.9,-0.6708,0.7416,24.8,31.9,43.3,1.26,0.017
25.0,92.51,43.0,1.27,28.0,103.0,0.9745,-0.2245,25.8,31.4,42.8,1.261,0.0176
25.0,92.515,26.0,1.1,28.0,208.0,-0.4697,-0.8828,26.8,32.5,40.7,1.26,0.0152
25.0,92.52,26.0,0.68,28.0,294.7,-0.9083,0.4184,24.7,34.0,41.3,1.26,0.0094
25.0,92.525,31.0,0.77,28.0,15.6,0.2681,0.9634,24.7,31.0,44.2,1.261,0.0107
25.0,92.53,39.0,1.19,28.0,51.4,0.7814,0.624,26.9,33.8,39.3,1.261,0.0165
25.0,92.535,44.0,2.32,28.0,282.7,-0.9754,0.2206,25.9,31.4,42.6,1.26,0.0321
25.0,92.54,48.0,0.23,28.0,0.0,0.0,1.0,24.4,30.8,44.8,1.262,0.0032
25.0,92.545,48.0,1.88,28.0,235.0,-0.8191,-0.5736,25.7,33.7,40.6,1.26,0.026
25.0,92.55,29.0,0.73,28.0,261.0,-0.9878,-0.156,24.4,33.6,42.0,1.261,0.0101
25.0,92.555,46.0,0.95,28.0,256.2,-0.9711,-0.2386,24.4,33.5,42.0,1.261,0.0131
25.0,92.56,25.0,3.91,28.0,256.6,-0.9726,-0.2325,25.3,31.1,43.6,1.258,0.0542
25.0,92.565,30.0,2.16,28.0,267.0,-0.9986,-0.0526,22.7,31.9,45.4,1.259,0.0299
25.0,92.57,23.0,0.35,28.0,241.1,-0.8752,-0.4838,22.9,33.3,43.7,1.261,0.0048
25.0,92.575,27.0,3.4,28.0,273.8,-0.9978,0.0669,24.3,33.0,42.7,1.258,0.0471
25.0,92.58,27.0,4.11,28.0,268.4,-0.9996,-0.0276,23.8,31.5,44.7,1.258,0.057
25.0,92.585,25.0,1.57,28.0,259.6,-0.9834,-0.1812,25.4,33.1,41.5,1.26,0.0217
25.0,92.59,22.0,4.42,28.0,267.8,-0.9993,-0.0385,23.9,32.1,44.0,1.257,0.0613
25.0,92.595,22.0,1.03,28.0,296.2,-0.8975,0.441,23.3,35.0,41.7,1.26,0.0143
25.0,92.6,30.0,0.89,28.0,292.5,-0.9238,0.383,26.8,34.6,38.7,1.26,0.0123
25.0,92.605,28.0,5.06,28.0,276.4,-0.9937,0.1121,24.7,34.3,41.0,1.257,0.0702
25.0,92.61,40.0,4.03,28.0,13.3,0.2296,0.9733,25.1,35.1,39.8,1.258,0.0559
25.0,92.615,97.0,6.87,28.0,63.5,0.8953,0.4454,23.3,33.9,42.8,1.258,0.0951
25.0,92.62,94.0,6.04,28.0,75.3,0.9674,0.2533,24.3,34.8,40.9,1.259,0.0836
25.0,92.625,124.0,8.25,28.0,359.3,-0.0124,0.9999,28.1,36.4,35.5,1.258,0.1141
25.0,92.63,240.0,12.87,28.0,343.1,-0.2911,0.9567,26.6,35.8,37.6,1.259,0.1769
25.0,92.635,344.0,12.31,28.0,348.1,-0.2058,0.9786,28.5,34.9,36.6,1.264,0.1687
25.0,92.64,455.0,8.8,28.0,45.1,0.7082,0.706,27.3,31.8,40.9,1.271,0.1204
25.0,92.645,454.0,14.57,28.0,150.6,0.4908,-0.8713,27.6,35.8,36.6,1.266,0.1987
25.0,92.65,227.0,17.01,28.0,180.7,-0.0117,-0.9999,27.3,37.8,35.0,1.255,0.2331
25.0,92.655,146.0,8.09,28.0,163.1,0.2906,-0.9568,30.2,35.6,34.2,1.259,0.1118
25.0,92.66,90.0,13.17,28.0,253.7,-0.9599,-0.2802,25.0,36.3,38.7,1.253,0.1818
25.0,92.665,80.0,8.98,28.0,270.0,-1.0,-0.0,23.7,33.6,42.7,1.256,0.1243
25.0,92.67,90.0,5.6,28.0,249.2,-0.935,-0.3547,26.0,30.5,43.5,1.259,0.0775
25.0,92.675,45.0,1.43,28.0,184.1,-0.0722,-0.9974,23.5,31.6,44.8,1.261,0.0198
25.0,92.68,65.0,1.14,28.0,261.4,-0.9888,-0.1491,25.3,31.8,42.9,1.262,0.0158
25.0,92.685,42.0,6.75,28.0,316.9,-0.6832,0.7302,22.6,33.3,44.0,1.256,0.0936
25.0,92.69,152.0,14.55,28.0,44.9,0.7062,0.708,26.4,36.8,36.8,1.254,0.2003
25.0,92.695,227.0,17.05,28.0,63.7,0.8962,0.4436,28.2,39.5,32.2,1.255,0.2336
25.0,92.7,289.0,19.63,28.0,94.3,0.9972,-0.0752,28.9,37.4,33.7,1.255,0.2677
25.0,92.705,200.0,9.12,28.0,109.9,0.9403,-0.3403,28.2,34.1,37.7,1.26,0.1258
25.0,92.71,234.0,8.1,28.0,110.9,0.9345,-0.356,27.9,33.8,38.4,1.263,0.1116
25.0,92.715,149.0,9.09,28.0,245.4,-0.9094,-0.4158,27.6,34.6,37.8,1.258,0.1256
25.0,92.72,167.0,6.16,28.0,255.1,-0.9662,-0.2578,26.2,32.4,41.4,1.262,0.085
25.0,92.725,121.0,15.69,28.0,242.0,-0.8826,-0.4702,27.1,36.4,36.5,1.252,0.216
25.0,92.73,34.0,8.38,28.0,241.4,-0.878,-0.4786,24.4,34.9,40.6,1.254,0.1162
25.0,92.735,50.0,3.25,28.0,5.4,0.0948,0.9955,26.3,33.2,40.6,1.259,0.045
25.0,92.74,91.0,7.9,28.0,45.4,0.7124,0.7017,25.4,34.8,39.8,1.257,0.1093
25.0,92.745,148.0,13.41,28.0,25.9,0.4369,0.8995,25.9,36.2,37.9,1.255,0.1848
25.0,92.75,307.0,20.09,28.0,41.9,0.6681,0.7441,28.4,34.7,36.9,1.256,0.2735
25.0,92.755,422.0,25.41,28.0,54.0,0.8093,0.5874,31.5,39.7,28.7,1.256,0.3416
25.0,92.76,588.0,25.54,28.0,75.9,0.97,0.2432,31.2,37.8,31.0,1.262,0.3416
25.0,92.765,539.0,18.01,28.0,90.3,1.0,-0.0061,28.7,35.2,36.1,1.267,0.244
25.0,92.77,586.0,15.96,28.0,80.6,0.9866,0.1633,29.2,34.6,36.2,1.27,0.2165
25.0,92.775,586.0,24.25,28.0,108.4,0.949,-0.3152,29.1,39.1,31.8,1.263,0.3252
25.0,92.78,443.0,15.24,28.0,215.9,-0.5871,-0.8095,27.0,35.7,37.3,1.265,0.2078
25.0,92.785,364.0,17.13,28.0,265.4,-0.9967,-0.0806,27.6,34.0,38.3,1.26,0.2338
25.0,92.79,418.0,20.03,28.0,283.9,-0.9708,0.2397,28.4,38.1,33.5,1.26,0.2718
25.0,92.795,452.0,22.03,28.0,291.9,-0.9278,0.373,29.2,35.7,35.1,1.26,0.2977
25.0,92.8,570.0,9.34,28.0,283.6,-0.9719,0.2354,27.4,34.7,37.9,1.275,0.1273
25.0,92.805,491.0,23.88,28.0,266.7,-0.9983,-0.0583,27.8,38.7,33.5,1.26,0.3213
25.0,92.81,544.0,21.21,28.0,269.9,-1.0,-0.0026,26.7,39.0,34.3,1.264,0.2862
25.0,92.815,490.0,29.47,28.0,252.5,-0.9538,-0.3005,30.6,42.5,26.9,1.255,0.392
25.0,92.82,373.0,15.49,28.0,249.0,-0.9336,-0.3584,29.0,34.1,36.9,1.262,0.2116
25.0,92.825,390.0,22.2,28.0,279.5,-0.9862,0.1655,29.6,37.8,32.5,1.257,0.3006
25.0,92.83,441.0,18.31,28.0,267.8,-0.9992,-0.039,27.9,36.5,35.6,1.262,0.2489
25.0,92.835,377.0,10.9,28.0,226.7,-0.7277,-0.6859,29.2,35.6,35.2,1.266,0.1494
25.0,92.84,308.0,13.55,28.0,231.5,-0.7828,-0.6223,28.4,35.9,35.6,1.261,0.1858
25.0,92.845,226.0,17.6,28.0,274.5,-0.9969,0.0783,27.2,36.2,36.6,1.254,0.2411
25.0,92.85,333.0,4.59,28.0,113.3,0.9182,-0.3962,28.4,32.6,39.0,1.269,0.0631
25.0,92.855,194.0,8.55,28.0,208.5,-0.4779,-0.8784,29.8,32.6,37.5,1.261,0.1179
25.0,92.86,200.0,6.16,28.0,86.8,0.9985,0.0552,28.0,35.1,36.9,1.263,0.085
25.0,92.865,200.0,6.26,28.0,147.3,0.5402,-0.8416,29.9,34.4,35.8,1.263,0.0863
25.0,92.87,107.0,4.61,28.0,246.0,-0.9136,-0.4065,24.9,34.6,40.5,1.26,0.0638
25.0,92.875,167.0,1.67,28.0,112.1,0.9267,-0.3757,29.0,32.0,39.0,1.265,0.023
25.0,92.88,96.0,15.66,28.0,254.0,-0.9611,-0.2763,25.1,35.2,39.7,1.251,0.2158
25.0,92.885,89.0,9.15,28.0,299.6,-0.8699,0.4932,24.6,32.8,42.5,1.256,0.1266
25.0,92.89,176.0,8.08,28.0,69.5,0.9368,0.3499,28.1,34.7,37.2,1.26,0.1116
25.0,92.895,139.0,5.1,28.0,247.8,-0.9257,-0.3782,25.6,31.8,42.6,1.261,0.0705
25.0,92.9,142.0,4.28,28.0,253.8,-0.9604,-0.2787,27.7,35.9,36.3,1.262,0.0591
25.0,92.905,118.0,11.02,28.0,257.9,-0.9779,-0.2091,28.4,33.0,38.6,1.256,0.1522
25.0,92.91,101.0,0.59,28.0,118.9,0.8752,-0.4838,29.8,32.6,37.7,1.264,0.0081
25.0,92.915,113.0,5.27,28.0,25.4,0.4282,0.9037,27.4,35.8,36.9,1.26,0.0729
25.0,92.92,185.0,14.07,28.0,32.0,0.5303,0.8478,27.0,36.7,36.3,1.256,0.1936
25.0,92.925,327.0,16.99,28.0,63.3,0.8938,0.4486,27.4,36.8,35.8,1.259,0.2321
25.0,92.93,323.0,7.7,28.0,18.6,0.319,0.9478,29.1,32.6,38.3,1.267,0.1058
25.0,92.935,456.0,14.59,28.0,32.1,0.5315,0.8471,28.4,33.8,37.8,1.266,0.199
25.0,92.94,545.0,15.59,28.0,57.5,0.8433,0.5374,27.4,37.3,35.3,1.269,0.2118
25.0,92.945,607.0,18.83,28.0,69.7,0.938,0.3467,28.6,39.3,32.1,1.269,0.2543
25.0,92.95,664.0,18.58,28.0,88.5,0.9996,0.0266,28.1,36.3,35.6,1.271,0.2507
25.0,92.955,616.0,5.28,28.0,118.9,0.8752,-0.4838,29.2,31.7,39.1,1.28,0.0719
25.0,92.96,619.0,7.48,28.0,238.0,-0.8483,-0.5295,27.2,30.3,42.5,1.279,0.1018
25.0,92.965,546.0,24.54,28.0,251.5,-0.9482,-0.3176,27.6,37.1,35.3,1.261,0.3294
25.0,92.97,473.0,11.12,28.0,207.8,-0.4663,-0.8846,27.5,34.8,37.7,1.27,0.1519
25.0,92.975,371.0,17.2,28.0,263.0,-0.9925,-0.1219,26.2,39.0,34.8,1.261,0.2345
25.0,92.98,435.0,7.11,28.0,241.5,-0.8785,-0.4777,28.4,34.9,36.7,1.271,0.0974
25.0,92.985,311.0,9.62,28.0,265.0,-0.9961,-0.0879,28.3,35.0,36.7,1.264,0.1322
25.0,92.99,420.0,11.65,28.0,351.0,-0.1569,0.9876,28.0,34.5,37.5,1.267,0.1594
25.0,92.995,516.0,17.89,28.0,306.2,-0.8069,0.5907,27.7,35.9,36.4,1.266,0.2426
25.005,92.5,72.0,3.75,28.0,180.8,-0.0137,-0.9999,23.3,35.1,41.6,1.26,0.0519
25.005,92.505,39.0,2.34,28.0,175.0,0.0879,-0.9961,24.5,32.9,42.6,1.26,0.0324
25.005,92.51,31.0,0.73,28.0,128.8,0.7793,-0.6266,24.6,29.0,46.4,1.261,0.0101
25.005,92.515,31.0,0.47,28.0,277.0,-0.9925,0.1219,24.0,31.1,44.8,1.261,0.0065
25.005,92.52,32.0,0.83,28.0,262.1,-0.9906,-0.1369,24.8,30.9,44.3,1.261,0.0115
25.005,92.525,29.0,1.34,28.0,265.1,-0.9964,-0.0847,25.5,31.5,43.0,1.26,0.0186
25.005,92.53,30.0,2.22,28.0,341.1,-0.3238,0.9461,27.3,33.4,39.3,1.259,0.0308
25.005,92.535,66.0,2.86,28.0,290.9,-0.9339,0.3574,25.2,32.6,42.2,1.26,0.0396
25.005,92.54,48.0,1.4,28.0,263.0,-0.9925,-0.1219,25.3,32.3,42.4,1.261,0.0194
25.005,92.545,63.0,1.64,28.0,245.4,-0.9094,-0.416,24.9,34.4,40.7,1.261,0.0227
25.005,92.55,36.0,2.11,28.0,257.5,-0.9764,-0.2159,22.7,31.5,45.8,1.26,0.0292
25.005,92.555,55.0,1.62,28.0,335.7,-0.4121,0.9112,25.0,35.2,39.8,1.261,0.0224
25.005,92.56,62.0,2.07,28.0,263.7,-0.9939,-0.1099,25.1,31.5,43.4,1.261,0.0286
25.005,92.565,51.0,2.27,28.0,205.5,-0.4308,-0.9025,28.0,32.7,39.3,1.26,0.0314
25.005,92.57,26.0,0.6,28.0,328.9,-0.5164,0.8564,24.8,31.7,43.5,1.261,0.0083
25.005,92.575,60.0,2.34,28.0,355.0,-0.0879,0.9961,25.4,32.8,41.8,1.26,0.0324
25.005,92.58,67.0,1.76,28.0,229.6,-0.7618,-0.6479,25.0,33.1,41.9,1.261,0.0244
25.005,92.585,40.0,2.57,28.0,267.5,-0.999,-0.0442,23.6,33.3,43.1,1.259,0.0356
25.005,92.59,65.0,1.01,28.0,239.7,-0.863,-0.5052,26.4,31.1,42.5,1.262,0.014
25.005,92.595,31.0,3.96,28.0,247.2,-0.9218,-0.3876,25.9,31.4,42.7,1.258,0.0549
25.005,92.6,38.0,3.56,28.0,317.3,-0.6787,0.7344,25.9,36.7,37.3,1.259,0.0493
25.005,92.605,77.0,2.7,28.0,261.5,-0.9891,-0.1472,23.9,32.0,44.1,1.261,0.0374
25.005,92.61,31.0,3.28,28.0,226.1,-0.7209,-0.6931,26.7,33.9,39.4,1.259,0.0454
25.005,92.615,37.0,2.44,28.0,82.0,0.9902,0.1398,23.3,30.2,46.4,1.259,0.0338
25.005,92.62,37.0,5.66,28.0,28.1,0.4714,0.8819,25.7,33.1,41.2,1.257,0.0785
25.005,92.625,125.0,13.82,28.0,14.4,0.2482,0.9687,30.6,35.5,33.9,1.253,0.1906
25.005,92.63,277.0,14.82,28.0,23.6,0.4007,0.9162,26.8,36.7,36.5,1.259,0.2032
25.005,92.635,369.0,9.46,28.0,45.8,0.7169,0.6972,27.3,30.4,42.2,1.267,0.1297
25.005,92.64,394.0,14.53,28.0,86.9,0.9986,0.0537,28.1,36.1,35.8,1.264,0.1985
25.005,92.645,383.0,15.0,28.0,127.7,0.7912,-0.6116,27.4,34.3,38.3,1.263,0.2049
25.005,92.65,229.0,15.07,28.0,196.5,-0.2836,-0.959,26.1,36.5,37.4,1.257,0.2068
25.005,92.655,123.0,6.56,28.0,263.1,-0.9927,-0.121,28.1,32.2,39.7,1.259,0.0907
25.005,92.66,215.0,13.47,28.0,280.8,-0.9824,0.1866,26.7,34.3,39.0,1.257,0.1853
25.005,92.665,168.0,4.44,28.0,198.9,-0.3238,-0.9461,28.6,32.8,38.7,1.263,0.0613
25.005,92.67,141.0,6.92,28.0,183.0,-0.0518,-0.9987,26.9,32.3,40.8,1.26,0.0956
25.005,92.675,46.0,4.56,28.0,215.9,-0.5862,-0.8102,26.9,32.5,40.6,1.258,0.0632
25.005,92.68,76.0,8.06,28.0,286.7,-0.9578,0.2875,24.1,32.4,43.6,1.256,0.1116
25.005,92.685,87.0,6.92,28.0,257.7,-0.9771,-0.2128,24.6,31.1,44.3,1.258,0.0958
25.005,92.69,50.0,0.85,28.0,209.1,-0.4863,-0.8738,26.0,33.8,40.3,1.261,0.0118
25.005,92.695,74.0,5.08,28.0,62.7,0.889,0.4579,23.5,31.4,45.1,1.259,0.0703
25.005,92.7,91.0,8.42,28.0,73.6,0.9594,0.282,25.3,34.0,40.7,1.257,0.1165
25.005,92.705,116.0,5.82,28.0,47.8,0.7403,0.6723,29.6,34.7,35.8,1.26,0.0805
25.005,92.71,160.0,8.26,28.0,38.7,0.6253,0.7804,26.1,33.3,40.6,1.26,0.114
25.005,92.715,230.0,4.13,28.0,26.6,0.4479,0.8941,28.2,31.9,39.9,1.266,0.0569
25.005,92.72,225.0,2.4,28.0,46.7,0.7275,0.6861,28.3,33.0,38.7,1.267,0.0331
25.005,92.725,259.0,7.24,28.0,201.6,-0.3676,-0.93,28.9,35.6,35.5,1.264,0.0997
25.005,92.73,106.0,12.13,28.0,191.6,-0.2006,-0.9797,26.5,33.5,40.0,1.254,0.1676
25.005,92.735,47.0,3.99,28.0,185.2,-0.0901,-0.9959,23.4,32.8,43.7,1.259,0.0553
25.005,92.74,36.0,3.51,28.0,45.9,0.7177,0.6963,25.6,30.3,44.0,1.259,0.0486
25.005,92.745,90.0,9.28,28.0,34.9,0.5717,0.8205,25.4,33.9,40.8,1.256,0.1284
25.005,92.75,171.0,14.9,28.0,63.9,0.8978,0.4403,28.3,36.0,35.7,1.254,0.2051
25.005,92.755,208.0,19.14,28.0,62.9,0.8905,0.4551,28.4,35.8,35.8,1.252,0.2619
25.005,92.76,330.0,22.49,28.0,68.9,0.933,0.3598,27.2,37.3,35.5,1.254,0.305
25.005,92.765,358.0,14.31,28.0,67.3,0.9227,0.3855,28.3,33.7,38.0,1.262,0.1959
25.005,92.77,429.0,17.79,28.0,91.8,0.9995,-0.031,28.4,36.9,34.8,1.262,0.2421
25.005,92.775,348.0,17.19,28.0,70.7,0.9437,0.3307,27.1,38.2,34.7,1.26,0.2346
25.005,92.78,532.0,12.67,28.0,34.3,0.5634,0.8262,30.2,33.7,36.0,1.271,0.1726
25.005,92.785,535.0,4.73,28.0,4.4,0.0761,0.9971,28.6,32.3,39.1,1.277,0.0646
25.005,92.79,615.0,7.59,28.0,339.9,-0.3438,0.939,26.6,34.8,38.7,1.278,0.1034
25.005,92.795,661.0,4.01,28.0,308.6,-0.7818,0.6235,28.8,34.9,36.3,1.283,0.0545
25.005,92.8,659.0,6.31,28.0,47.0,0.7309,0.6824,26.8,31.4,41.7,1.281,0.0858
25.005,92.805,737.0,8.3,28.0,313.4,-0.7263,0.6873,28.9,34.0,37.1,1.283,0.1125
25.005,92.81,760.0,9.51,28.0,288.3,-0.9493,0.3143,29.4,35.0,35.6,1.282,0.1289
25.005,92.815,790.0,19.15,28.0,226.0,-0.7191,-0.6949,27.0,37.0,36.0,1.276,0.2571
25.005,92.82,517.0,19.71,28.0,240.8,-0.8728,-0.488,29.2,33.5,37.3,1.264,0.2668
25.005,92.825,614.0,18.6,28.0,288.6,-0.9478,0.3188,28.5,37.7,33.8,1.269,0.2513
25.005,92.83,625.0,18.16,28.0,241.2,-0.8765,-0.4815,29.0,39.1,31.9,1.27,0.2454
25.005,92.835,455.0,17.67,28.0,228.6,-0.7503,-0.6611,30.3,36.9,32.8,1.263,0.2403
25.005,92.84,413.0,6.89,28.0,244.2,-0.9,-0.4359,27.7,32.3,40.0,1.271,0.0944
25.005,92.845,402.0,11.99,28.0,235.5,-0.8246,-0.5657,27.1,34.4,38.5,1.266,0.1641
25.005,92.85,292.0,10.68,28.0,207.8,-0.4666,-0.8844,26.9,37.5,35.6,1.263,0.1467
25.005,92.855,234.0,9.37,28.0,203.8,-0.403,-0.9152,27.0,35.9,37.1,1.262,0.129
25.005,92.86,140.0,4.59,28.0,214.0,-0.5595,-0.8289,27.9,34.2,37.9,1.262,0.0634
25.005,92.865,167.0,3.37,28.0,82.3,0.9909,0.1348,28.4,33.4,38.2,1.264,0.0465
25.005,92.87,148.0,2.47,28.0,249.8,-0.9383,-0.3458,28.3,31.7,40.0,1.264,0.0341
25.005,92.875,152.0,7.86,28.0,314.8,-0.7092,0.705,29.0,33.8,37.2,1.26,0.1085
25.005,92.88,246.0,7.67,28.0,276.4,-0.9939,0.1106,28.0,33.9,38.1,1.263,0.1057
25.005,92.885,167.0,10.75,28.0,221.1,-0.6577,-0.7533,29.7,35.7,34.6,1.258,0.1483
25.005,92.89,102.0,2.39,28.0,295.4,-0.9037,0.4282,27.7,34.9,37.4,1.262,0.033
25.005,92.895,185.0,5.14,28.0,332.0,-0.4692,0.8831,31.3,35.0,33.7,1.263,0.0709
25.005,92.9,182.0,4.58,28.0,298.9,-0.8752,0.4838,28.8,31.1,40.2,1.263,0.0632
25.005,92.905,224.0,5.77,28.0,212.3,-0.5337,-0.8457,27.0,33.9,39.2,1.264,0.0795
25.005,92.91,96.0,13.37,28.0,236.2,-0.8314,-0.5557,23.7,36.7,39.6,1.253,0.1845
25.005,92.915,91.0,3.4,28.0,284.5,-0.968,0.2508,25.6,33.8,40.6,1.261,0.047
25.005,92.92,111.0,6.63,28.0,44.1,0.6959,0.7181,27.7,32.8,39.4,1.259,0.0917
25.005,92.925,175.0,14.1,28.0,42.0,0.6688,0.7434,28.9,40.1,31.0,1.255,0.1941
25.005,92.93,299.0,12.5,28.0,23.9,0.4053,0.9142,28.6,33.4,38.0,1.262,0.1715
25.005,92.935,379.0,11.52,28.0,55.9,0.8283,0.5602,27.9,33.4,38.6,1.266,0.1577
25.005,92.94,414.0,15.23,28.0,79.5,0.9832,0.1824,27.0,36.4,36.6,1.264,0.2078
25.005,92.945,429.0,12.79,28.0,74.0,0.9613,0.2755,26.2,38.6,35.2,1.267,0.1747
25.005,92.95,477.0,10.9,28.0,42.9,0.681,0.7323,27.5,33.7,38.9,1.27,0.1489
25.005,92.955,571.0,12.44,28.0,23.3,0.3951,0.9186,29.0,34.9,36.1,1.272,0.1694
25.005,92.96,681.0,14.04,28.0,329.1,-0.5137,0.8579,28.3,37.4,34.4,1.276,0.1901
25.005,92.965,787.0,9.92,28.0,206.9,-0.4522,-0.8919,26.5,34.6,38.9,1.283,0.1343
25.005,92.97,524.0,17.64,28.0,220.1,-0.644,-0.7651,28.2,36.2,35.6,1.266,0.2394
25.005,92.975,542.0,12.99,28.0,263.1,-0.9927,-0.1205,28.5,36.3,35.2,1.271,0.1769
25.005,92.98,496.0,14.84,28.0,239.1,-0.858,-0.5137,26.9,36.4,36.7,1.267,0.2021
25.005,92.985,405.0,12.11,28.0,254.4,-0.9633,-0.2686,28.2,36.8,35.0,1.266,0.1657
25.005,92.99,438.0,15.17,28.0,339.6,-0.3478,0.9376,28.1,38.0,33.9,1.265,0.2069
25.005,92.995,661.0,24.92,28.0,342.4,-0.3016,0.9534,26.6,39.1,34.3,1.266,0.3328
25.01,92.5,28.0,1.8,28.0,93.6,0.998,-0.0631,25.4,32.9,41.7,1.26,0.0249
25.01,92.505,27.0,0.66,28.0,290.2,-0.9383,0.3458,25.7,32.5,41.8,1.261,0.0091
25.01,92.51,32.0,0.69,28.0,311.5,-0.749,0.6625,26.3,32.9,40.8,1.261,0.0095
25.01,92.515,35.0,0.77,28.0,317.9,-0.6708,0.7416,26.3,32.3,41.4,1.261,0.0107
25.01,92.52,42.0,3.47,28.0,291.1,-0.9329,0.3602,23.3,32.9,43.7,1.259,0.0481
25.01,92.525,57.0,2.65,28.0,283.7,-0.9717,0.2363,23.9,34.5,41.6,1.26,0.0367
25.01,92.53,53.0,3.13,28.0,315.1,-0.7061,0.7081,25.6,35.1,39.3,1.26,0.0433
25.01,92.535,96.0,1.47,28.0,328.3,-0.5249,0.8512,25.6,30.1,44.3,1.263,0.0203
25.01,92.54,75.0,5.0,28.0,257.5,-0.9764,-0.2159,25.6,33.3,41.0,1.259,0.0692
25.01,92.545,77.0,3.92,28.0,265.0,-0.9962,-0.087,29.6,32.0,38.4,1.26,0.0543
25.01,92.55,69.0,7.04,28.0,261.7,-0.9895,-0.1448,25.7,33.4,40.9,1.257,0.0975
25.01,92.555,59.0,3.86,28.0,266.6,-0.9983,-0.0589,26.4,33.6,40.0,1.259,0.0535
25.01,92.56,65.0,5.16,28.0,263.7,-0.9939,-0.1099,26.1,34.4,39.5,1.258,0.0715
25.01,92.565,49.0,4.87,28.0,245.2,-0.9075,-0.42,25.8,33.1,41.1,1.258,0.0675
25.01,92.57,29.0,5.78,28.0,259.8,-0.9843,-0.1765,24.6,30.7,44.7,1.256,0.0802
25.01,92.575,31.0,1.71,28.0,37.0,0.6019,0.7986,25.9,31.0,43.1,1.26,0.0237
25.01,92.58,53.0,2.54,28.0,350.7,-0.1623,0.9867,24.1,34.0,41.9,1.26,0.0352
25.01,92.585,75.0,4.79,28.0,260.4,-0.9861,-0.1659,24.7,29.2,46.1,1.259,0.0663
25.01,92.59,39.0,5.43,28.0,280.8,-0.9822,0.1879,24.4,35.2,40.4,1.257,0.0753
25.01,92.595,93.0,6.52,28.0,289.3,-0.9438,0.3304,25.1,34.5,40.4,1.258,0.0903
25.01,92.6,77.0,5.99,28.0,262.9,-0.9924,-0.123,27.8,35.6,36.7,1.258,0.083
25.01,92.605,80.0,4.45,28.0,276.6,-0.9934,0.1149,22.8,32.9,44.4,1.259,0.0616
25.01,92.61,86.0,6.48,28.0,254.8,-0.965,-0.2623,25.8,30.6,43.5,1.258,0.0897
25.01,92.615,50.0,4.72,28.0,238.0,-0.8485,-0.5292,23.1,33.9,43.0,1.258,0.0654
25.01,92.62,42.0,2.75,28.0,277.1,-0.9923,0.1242,24.4,34.6,40.9,1.259,0.0381
25.01,92.625,56.0,6.29,28.0,43.9,0.6929,0.721,26.3,35.1,38.6,1.257,0.0872
25.01,92.63,122.0,14.64,28.0,53.9,0.808,0.5892,28.1,34.9,37.0,1.253,0.2017
25.01,92.635,211.0,15.33,28.0,80.6,0.9866,0.1631,26.7,36.2,37.1,1.256,0.2105
25.01,92.64,167.0,9.54,28.0,87.6,0.9991,0.0414,27.1,33.7,39.1,1.259,0.1316
25.01,92.645,218.0,9.08,28.0,25.7,0.433,0.9014,28.8,33.2,38.0,1.261,0.1251
25.01,92.65,312.0,9.59,28.0,288.9,-0.9463,0.3233,27.1,36.0,36.9,1.264,0.1318
25.01,92.655,273.0,6.79,28.0,289.5,-0.9427,0.3335,28.3,32.0,39.7,1.265,0.0935
25.01,92.66,352.0,9.67,28.0,164.1,0.2741,-0.9617,28.1,33.2,38.7,1.266,0.1327
25.01,92.665,108.0,14.74,28.0,195.7,-0.2698,-0.9629,27.2,34.3,38.5,1.252,0.2032
25.01,92.67,97.0,5.37,28.0,263.3,-0.9932,-0.1161,27.6,31.2,41.2,1.259,0.0743
25.01,92.675,97.0,11.33,28.0,306.2,-0.8073,0.5901,25.8,35.2,39.0,1.254,0.1567
25.01,92.68,216.0,9.07,28.0,298.6,-0.8778,0.479,25.6,36.2,38.3,1.261,0.125
25.01,92.685,174.0,6.83,28.0,242.3,-0.8855,-0.4646,28.2,33.5,38.2,1.261,0.0943
25.01,92.69,160.0,6.85,28.0,253.2,-0.9572,-0.2894,27.2,31.6,41.2,1.261,0.0946
25.01,92.695,139.0,4.14,28.0,246.6,-0.9176,-0.3976,29.0,34.4,36.6,1.262,0.0572
25.01,92.7,131.0,1.36,28.0,164.6,0.2654,-0.9641,27.0,34.9,38.1,1.264,0.0188
25.01,92.705,116.0,0.43,28.0,74.5,0.9639,0.2664,27.9,31.1,41.0,1.264,0.0059
25.01,92.71,133.0,1.14,28.0,261.4,-0.9888,-0.1491,28.6,31.6,39.8,1.264,0.0157
25.01,92.715,113.0,1.96,28.0,90.0,1.0,0.0,29.0,33.3,37.7,1.263,0.0271
25.01,92.72,133.0,3.41,28.0,2.6,0.0452,0.999,26.6,35.3,38.1,1.262,0.0471
25.01,92.725,173.0,6.34,28.0,117.1,0.8899,-0.4562,27.6,32.9,39.5,1.262,0.0875
25.01,92.73,82.0,11.19,28.0,234.4,-0.8129,-0.5824,24.4,33.0,42.6,1.254,0.1548
25.01,92.735,57.0,6.89,28.0,250.8,-0.9444,-0.3289,24.2,34.8,41.0,1.257,0.0954
25.01,92.74,42.0,4.18,28.0,259.8,-0.9842,-0.1768,27.1,34.3,38.6,1.258,0.0579
25.01,92.745,44.0,0.83,28.0,266.0,-0.9976,-0.0689,25.5,32.2,42.3,1.261,0.0115
25.01,92.75,41.0,6.25,28.0,72.0,0.9513,0.3083,23.5,32.8,43.7,1.256,0.0867
25.01,92.755,78.0,10.09,28.0,49.2,0.7573,0.6531,26.1,36.2,37.7,1.255,0.1396
25.01,92.76,158.0,17.08,28.0,50.0,0.7658,0.6431,30.5,37.3,32.1,1.252,0.2346
25.01,92.765,277.0,14.36,28.0,74.0,0.9613,0.2754,29.2,34.7,36.1,1.259,0.197
25.01,92.77,229.0,16.11,28.0,93.2,0.9985,-0.055,26.2,36.4,37.5,1.256,0.2209
25.01,92.775,261.0,6.99,28.0,53.7,0.8063,0.5916,27.4,31.8,40.7,1.265,0.0962
25.01,92.78,302.0,15.19,28.0,69.4,0.9363,0.3512,29.5,37.1,33.4,1.259,0.2081
25.01,92.785,357.0,15.07,28.0,52.0,0.7876,0.6162,27.2,35.6,37.2,1.262,0.206
25.01,92.79,469.0,16.66,28.0,58.8,0.8555,0.5177,28.5,35.8,35.7,1.265,0.2266
25.01,92.795,513.0,10.4,28.0,86.6,0.9982,0.0595,28.9,34.7,36.3,1.272,0.1419
25.01,92.8,480.0,8.53,28.0,50.6,0.7722,0.6354,26.9,34.3,38.8,1.272,0.1166
25.01,92.805,609.0,13.61,28.0,8.7,0.1521,0.9884,27.9,37.0,35.1,1.273,0.1848
25.01,92.81,721.0,9.97,28.0,333.9,-0.4394,0.8983,24.1,35.5,40.3,1.281,0.1352
25.01,92.815,768.0,6.91,28.0,270.0,-1.0,-0.0,26.8,33.6,39.6,1.285,0.0936
25.01,92.82,721.0,20.12,28.0,266.4,-0.9981,-0.0624,27.7,38.5,33.8,1.272,0.2704
25.01,92.825,745.0,9.75,28.0,283.4,-0.9729,0.2313,26.5,35.2,38.3,1.282,0.1321
25.01,92.83,761.0,5.87,28.0,190.1,-0.1746,-0.9846,30.0,32.9,37.1,1.286,0.0795
25.01,92.835,643.0,18.48,28.0,189.3,-0.1613,-0.9869,26.3,36.7,37.0,1.27,0.2496
25.01,92.84,429.0,18.95,28.0,230.0,-0.7666,-0.6422,27.5,36.8,35.7,1.261,0.2575
25.01,92.845,421.0,3.5,28.0,271.9,-0.9995,0.0325,28.2,33.7,38.2,1.274,0.0479
25.01,92.85,431.0,9.44,28.0,203.9,-0.4053,-0.9142,29.7,34.0,36.3,1.269,0.1292
25.01,92.855,268.0,10.78,28.0,199.3,-0.3302,-0.9439,26.3,34.3,39.4,1.262,0.1482
25.01,92.86,250.0,7.94,28.0,198.8,-0.3219,-0.9468,29.4,37.1,33.5,1.263,0.1094
25.01,92.865,135.0,5.58,28.0,175.3,0.0828,-0.9966,28.0,34.9,37.1,1.261,0.0771
25.01,92.87,152.0,8.55,28.0,21.4,0.3644,0.9312,26.8,33.1,40.0,1.259,0.1181
25.01,92.875,276.0,5.28,28.0,1.1,0.0194,0.9998,28.6,34.3,37.2,1.267,0.0726
25.01,92.88,245.0,3.78,28.0,223.9,-0.6929,-0.721,28.2,33.2,38.6,1.267,0.052
25.01,92.885,228.0,10.05,28.0,261.3,-0.9885,-0.1513,27.3,35.3,37.5,1.261,0.1384
25.01,92.89,218.0,11.76,28.0,258.4,-0.9797,-0.2004,28.1,35.3,36.6,1.259,0.1619
25.01,92.895,186.0,2.98,28.0,272.2,-0.9993,0.0381,27.5,34.6,37.9,1.265,0.0411
25.01,92.9,220.0,1.86,28.0,255.8,-0.9695,-0.245,28.1,33.0,38.8,1.267,0.0256
25.01,92.905,178.0,5.96,28.0,16.0,0.2755,0.9613,28.8,33.5,37.7,1.262,0.0823
25.01,92.91,321.0,3.8,28.0,269.1,-0.9999,-0.0149,29.9,34.6,35.5,1.27,0.0522
25.01,92.915,177.0,13.63,28.0,202.2,-0.3779,-0.9258,26.5,36.0,37.5,1.256,0.1876
25.01,92.92,95.0,2.14,28.0,170.3,0.1687,-0.9857,27.6,32.8,39.7,1.262,0.0296
25.01,92.925,140.0,7.66,28.0,19.1,0.3272,0.945,25.7,34.5,39.8,1.259,0.1059
25.01,92.93,223.0,11.47,28.0,51.2,0.7793,0.6266,27.8,34.9,37.3,1.259,0.1579
25.01,92.935,268.0,9.78,28.0,82.0,0.9904,0.1383,28.7,34.6,36.7,1.263,0.1345
25.01,92.94,247.0,9.13,28.0,53.6,0.805,0.5933,28.3,33.6,38.1,1.262,0.1257
25.01,92.945,364.0,17.24,28.0,29.9,0.4979,0.8673,27.3,35.5,37.3,1.26,0.2352
25.01,92.95,518.0,9.58,28.0,24.2,0.4098,0.9122,27.8,33.1,39.2,1.273,0.1307
25.01,92.955,519.0,13.65,28.0,3.8,0.0666,0.9978,27.4,33.6,39.0,1.269,0.186
25.01,92.96,762.0,9.83,28.0,48.8,0.7519,0.6593,27.3,33.3,39.4,1.282,0.1332
25.01,92.965,634.0,15.07,28.0,103.0,0.9743,-0.225,29.0,35.8,35.2,1.273,0.2042
25.01,92.97,701.0,3.63,28.0,262.8,-0.9921,-0.1254,28.4,33.1,38.4,1.285,0.0493
25.01,92.975,626.0,12.38,28.0,266.6,-0.9983,-0.0588,27.2,34.9,37.9,1.275,0.1682
25.01,92.98,688.0,13.63,28.0,249.6,-0.9374,-0.3482,29.1,32.1,38.8,1.276,0.1847
25.01,92.985,541.0,19.07,28.0,242.1,-0.8836,-0.4683,28.4,39.4,32.2,1.266,0.2581
25.01,92.99,525.0,15.56,28.0,297.9,-0.8841,0.4673,29.0,37.8,33.2,1.268,0.2116
25.01,92.995,672.0,16.42,28.0,352.1,-0.1371,0.9906,28.8,37.0,34.2,1.273,0.2221
25.015,92.5,37.0,3.56,28.0,296.5,-0.8947,0.4467,24.0,35.8,40.2,1.259,0.0493
25.015,92.505,51.0,2.89,28.0,274.5,-0.9969,0.0787,24.3,31.3,44.4,1.26,0.04
25.015,92.51,41.0,2.18,28.0,254.9,-0.9655,-0.2604,25.9,35.4,38.7,1.26,0.0302
25.015,92.515,41.0,3.07,28.0,1.0,0.0167,0.9999,25.7,31.4,42.9,1.259,0.0425
25.015,92.52,95.0,2.78,28.0,321.0,-0.6291,0.7773,25.0,33.1,41.9,1.261,0.0385
25.015,92.525,79.0,2.91,28.0,244.5,-0.9026,-0.4305,25.1,30.9,44.0,1.261,0.0403
25.015,92.53,73.0,6.61,28.0,271.0,-0.9999,0.0171,26.5,33.8,39.7,1.257,0.0916
25.015,92.535,81.0,6.44,28.0,308.0,-0.7878,0.6159,24.3,34.3,41.4,1.258,0.0892
25.015,92.54,143.0,14.84,28.0,282.6,-0.9761,0.2173,28.7,35.7,35.6,1.253,0.2044
25.015,92.545,139.0,10.66,28.0,278.8,-0.9882,0.1531,27.8,35.9,36.3,1.257,0.1472
25.015,92.55,172.0,17.46,28.0,268.4,-0.9996,-0.0284,27.7,36.8,35.5,1.252,0.2396
25.015,92.555,130.0,13.55,28.0,267.6,-0.9992,-0.0412,29.3,34.8,35.9,1.254,0.1868
25.015,92.56,162.0,12.61,28.0,271.8,-0.9995,0.0311,29.0,34.5,36.5,1.256,0.1738
25.015,92.565,137.0,14.57,28.0,264.5,-0.9954,-0.0955,29.0,37.1,33.9,1.253,0.2008
25.015,92.57,137.0,10.7,28.0,239.4,-0.8603,-0.5098,29.6,33.9,36.6,1.257,0.1477
25.015,92.575,40.0,4.45,28.0,217.7,-0.6117,-0.7911,25.0,34.6,40.4,1.258,0.0617
25.015,92.58,75.0,7.85,28.0,311.5,-0.749,0.6625,25.8,35.9,38.3,1.256,0.1087
25.015,92.585,132.0,10.11,28.0,301.6,-0.8518,0.5238,27.6,32.2,40.2,1.257,0.1396
25.015,92.59,169.0,14.06,28.0,274.3,-0.9972,0.0753,28.4,37.4,34.2,1.255,0.1936
25.015,92.595,151.0,10.57,28.0,265.4,-0.9968,-0.0799,27.8,37.9,34.2,1.257,0.1459
25.015,92.6,154.0,13.16,28.0,272.9,-0.9987,0.051,28.1,35.9,36.0,1.255,0.1814
25.015,92.605,163.0,14.36,28.0,269.8,-1.0,-0.0039,28.7,36.7,34.6,1.255,0.1976
25.015,92.61,153.0,12.88,28.0,258.0,-0.978,-0.2084,27.0,37.0,36.0,1.255,0.1776
25.015,92.615,115.0,12.65,28.0,253.8,-0.9604,-0.2787,30.5,35.0,34.5,1.254,0.1746
25.015,92.62,90.0,9.87,28.0,244.6,-0.9037,-0.4282,23.8,34.9,41.3,1.255,0.1366
25.015,92.625,40.0,2.77,28.0,189.6,-0.1672,-0.9859,23.5,30.8,45.7,1.259,0.0384
25.015,92.63,42.0,3.11,28.0,300.8,-0.8593,0.5115,26.4,33.0,40.6,1.259,0.0431
25.015,92.635,68.0,10.73,28.0,30.2,0.5024,0.8646,25.9,35.6,38.4,1.254,0.1485
25.015,92.64,207.0,13.6,28.0,12.2,0.2117,0.9773,28.7,36.4,34.9,1.257,0.1871
25.015,92.645,306.0,11.62,28.0,345.1,-0.2578,0.9662,28.8,36.7,34.5,1.263,0.1595
25.015,92.65,407.0,6.57,28.0,240.0,-0.8659,-0.5002,28.0,32.6,39.4,1.271,0.09
25.015,92.655,248.0,13.66,28.0,175.8,0.0739,-0.9973,26.9,34.8,38.2,1.259,0.1876
25.015,92.66,163.0,6.05,28.0,90.5,1.0,-0.0094,28.1,36.5,35.5,1.261,0.0836
25.015,92.665,247.0,5.72,28.0,324.4,-0.5827,0.8127,27.2,33.3,39.5,1.265,0.0788
25.015,92.67,245.0,14.26,28.0,265.3,-0.9966,-0.0821,29.2,36.1,34.7,1.258,0.1958
25.015,92.675,226.0,12.53,28.0,266.7,-0.9983,-0.0581,27.8,35.2,36.9,1.259,0.1723
25.015,92.68,232.0,1.65,28.0,223.5,-0.6878,-0.7259,27.0,31.2,41.8,1.268,0.0227
25.015,92.685,205.0,4.53,28.0,132.6,0.7365,-0.6765,27.6,35.6,36.7,1.264,0.0625
25.015,92.69,178.0,4.3,28.0,221.1,-0.6575,-0.7534,28.5,32.4,39.1,1.264,0.0593
25.015,92.695,148.0,6.31,28.0,212.4,-0.5361,-0.8442,27.3,32.0,40.7,1.261,0.0872
25.015,92.7,84.0,4.56,28.0,240.1,-0.8672,-0.498,24.0,32.5,43.4,1.26,0.0631
25.015,92.705,108.0,5.56,28.0,359.5,-0.0092,1.0,28.3,30.5,41.2,1.26,0.0769
25.015,92.71,182.0,6.59,28.0,316.2,-0.6919,0.722,28.3,32.8,38.9,1.262,0.0909
25.015,92.715,192.0,10.28,28.0,282.7,-0.9757,0.219,27.4,33.3,39.3,1.259,0.1417
25.015,92.72,222.0,12.01,28.0,258.4,-0.9796,-0.2007,27.4,36.1,36.4,1.259,0.1653
25.015,92.725,149.0,8.73,28.0,294.1,-0.9131,0.4077,28.3,33.3,38.4,1.259,0.1206
25.015,92.73,285.0,14.57,28.0,275.5,-0.9954,0.0955,26.3,37.2,36.5,1.259,0.1998
25.015,92.735,174.0,18.09,28.0,239.1,-0.8579,-0.5138,26.3,38.9,34.8,1.252,0.248
25.015,92.74,116.0,11.1,28.0,249.9,-0.9389,-0.3443,27.1,36.1,36.7,1.255,0.1534
25.015,92.745,106.0,6.35,28.0,237.0,-0.839,-0.5441,27.7,33.4,38.9,1.259,0.0878
25.015,92.75,55.0,4.35,28.0,231.2,-0.7793,-0.6266,25.4,33.4,41.3,1.259,0.0602
25.015,92.755,58.0,1.15,28.0,310.2,-0.7636,0.6456,26.8,30.0,43.2,1.261,0.0159
25.015,92.76,68.0,1.86,28.0,37.4,0.6078,0.7941,26.0,32.3,41.7,1.261,0.0257
25.015,92.765,84.0,11.69,28.0,78.9,0.9814,0.192,24.8,33.8,41.4,1.254,0.1616
25.015,92.77,108.0,12.44,28.0,46.1,0.7207,0.6933,28.0,36.4,35.7,1.254,0.1718
25.015,92.775,238.0,8.83,28.0,25.7,0.4335,0.9011,26.8,38.2,35.0,1.262,0.1216
25.015,92.78,249.0,6.96,28.0,299.7,-0.8682,0.4962,28.0,34.6,37.4,1.264,0.0959
25.015,92.785,299.0,8.92,28.0,300.8,-0.8586,0.5126,27.7,31.4,41.0,1.265,0.1226
25.015,92.79,330.0,9.79,28.0,335.4,-0.4164,0.9092,28.4,34.1,37.5,1.265,0.1344
25.015,92.795,457.0,11.24,28.0,0.5,0.009,1.0,27.0,35.2,37.8,1.269,0.1536
25.015,92.8,530.0,14.78,28.0,334.2,-0.4359,0.9,28.6,36.1,35.3,1.269,0.201
25.015,92.805,696.0,19.34,28.0,333.4,-0.4479,0.8941,29.8,36.1,34.1,1.272,0.2604
25.015,92.81,846.0,15.7,28.0,324.0,-0.5879,0.8089,27.9,36.6,35.6,1.281,0.2112
25.015,92.815,925.0,14.79,28.0,287.1,-0.956,0.2934,28.5,34.1,37.4,1.285,0.1987
25.015,92.82,924.0,15.71,28.0,243.8,-0.8973,-0.4413,28.8,34.8,36.4,1.284,0.2109
25.015,92.825,800.0,15.6,28.0,173.0,0.1223,-0.9925,27.5,37.1,35.4,1.279,0.2103
25.015,92.83,645.0,16.44,28.0,163.6,0.2831,-0.9591,28.3,34.9,36.9,1.272,0.2225
25.015,92.835,515.0,5.25,28.0,311.2,-0.7522,0.6589,28.0,34.2,37.8,1.276,0.0717
25.015,92.84,706.0,11.26,28.0,257.0,-0.9745,-0.2245,28.1,32.9,38.9,1.279,0.1527
25.015,92.845,470.0,19.56,28.0,198.6,-0.3187,-0.9479,27.1,39.9,33.1,1.262,0.2653
25.015,92.85,367.0,9.46,28.0,171.6,0.1455,-0.9894,28.0,33.4,38.6,1.267,0.1297
25.015,92.855,304.0,10.66,28.0,201.0,-0.3579,-0.9338,28.6,34.5,36.9,1.263,0.1465
25.015,92.86,190.0,8.92,28.0,202.5,-0.3834,-0.9236,29.7,34.9,35.4,1.26,0.1231
25.015,92.865,158.0,6.77,28.0,210.5,-0.5071,-0.8619,29.2,33.0,37.9,1.261,0.0935
25.015,92.87,87.0,0.9,28.0,239.5,-0.8614,-0.5079,27.6,32.5,40.0,1.263,0.0124
25.015,92.875,150.0,12.89,28.0,24.3,0.4121,0.9112,27.1,36.3,36.6,1.255,0.1778
25.015,92.88,297.0,12.01,28.0,8.3,0.1436,0.9896,29.0,36.6,34.3,1.262,0.1649
25.015,92.885,362.0,6.66,28.0,285.8,-0.9622,0.2723,28.2,35.0,36.8,1.269,0.0914
25.015,92.89,329.0,12.76,28.0,238.5,-0.853,-0.522,30.6,35.1,34.2,1.263,0.1749
25.015,92.895,243.0,11.02,28.0,235.2,-0.8209,-0.5711,27.0,34.7,38.3,1.261,0.1516
25.015,92.9,217.0,9.71,28.0,252.8,-0.9552,-0.2959,27.0,38.1,34.9,1.261,0.1338
25.015,92.905,192.0,9.6,28.0,254.0,-0.9612,-0.2759,27.3,36.0,36.7,1.26,0.1324
25.015,92.91,170.0,5.95,28.0,89.5,1.0,0.0095,25.5,32.2,42.3,1.262,0.0821
25.015,92.915,193.0,4.28,28.0,151.3,0.4807,-0.8769,27.4,33.3,39.3,1.264,0.059
25.015,92.92,104.0,7.01,28.0,237.2,-0.8407,-0.5415,27.1,33.4,39.5,1.258,0.097
25.015,92.925,126.0,1.36,28.0,37.3,0.6059,0.7955,28.2,32.2,39.7,1.264,0.0188
25.015,92.93,123.0,5.76,28.0,51.6,0.7841,0.6206,28.4,31.7,39.9,1.26,0.0797
25.015,92.935,189.0,11.2,28.0,42.5,0.6758,0.7371,30.3,34.4,35.4,1.258,0.1544
25.015,92.94,270.0,4.47,28.0,30.3,0.5051,0.8631,29.1,35.9,35.0,1.267,0.0615
25.015,92.945,257.0,9.81,28.0,41.7,0.6651,0.7468,27.3,35.5,37.2,1.262,0.135
25.015,92.95,400.0,19.9,28.0,35.7,0.5833,0.8123,26.9,33.6,39.5,1.259,0.2704
25.015,92.955,553.0,11.45,28.0,48.2,0.7451,0.6669,28.6,36.9,34.5,1.273,0.1559
25.015,92.96,536.0,15.36,28.0,102.1,0.9778,-0.2097,26.4,37.7,35.9,1.269,0.2087
25.015,92.965,495.0,4.8,28.0,46.7,0.7275,0.6861,30.2,32.7,37.1,1.276,0.0656
25.015,92.97,594.0,18.23,28.0,28.7,0.4799,0.8773,29.4,37.9,32.6,1.269,0.2465
25.015,92.975,786.0,8.77,28.0,3.7,0.0641,0.9979,27.4,33.0,39.5,1.284,0.1187
25.015,92.98,749.0,9.08,28.0,255.2,-0.967,-0.2548,25.9,33.7,40.3,1.282,0.1231
25.015,92.985,745.0,21.56,28.0,264.7,-0.9957,-0.093,29.6,40.0,30.4,1.272,0.2889
25.015,92.99,712.0,19.23,28.0,263.6,-0.9938,-0.111,27.9,36.7,35.4,1.272,0.2589
25.015,92.995,706.0,5.43,28.0,262.8,-0.9921,-0.1254,29.5,30.6,39.9,1.284,0.0737
25.02,92.5,90.0,6.25,28.0,262.7,-0.9919,-0.1269,23.1,33.6,43.3,1.258,0.0865
25.02,92.505,83.0,5.83,28.0,260.5,-0.9862,-0.1655,24.3,33.4,42.3,1.258,0.0807
25.02,92.51,73.0,6.88,28.0,246.2,-0.9152,-0.4031,25.0,35.6,39.4,1.257,0.0953
25.02,92.515,34.0,4.06,28.0,272.4,-0.9991,0.0419,25.1,33.1,41.8,1.258,0.0563
25.02,92.52,76.0,4.51,28.0,21.4,0.3643,0.9313,24.5,32.6,43.0,1.259,0.0625
25.02,92.525,108.0,10.22,28.0,305.7,-0.8119,0.5838,28.7,36.3,35.0,1.256,0.1413
25.02,92.53,182.0,9.22,28.0,302.2,-0.8466,0.5322,26.7,34.6,38.6,1.26,0.1272
25.02,92.535,195.0,13.43,28.0,318.8,-0.6583,0.7528,27.8,34.5,37.7,1.257,0.1848
25.02,92.54,363.0,10.05,28.0,299.9,-0.8667,0.4988,28.1,36.4,35.4,1.266,0.1378
25.02,92.545,284.0,15.67,28.0,281.4,-0.9801,0.1983,28.6,36.5,34.9,1.258,0.2147
25.02,92.55,419.0,18.76,28.0,277.2,-0.9921,0.1258,28.9,37.0,34.1,1.261,0.255
25.02,92.555,327.0,15.23,28.0,247.5,-0.9238,-0.383,26.7,36.3,37.0,1.26,0.2085
25.02,92.56,314.0,18.49,28.0,271.7,-0.9996,0.0297,26.2,35.3,38.5,1.257,0.2523
25.02,92.565,337.0,14.99,28.0,247.3,-0.9226,-0.3858,29.5,35.2,35.3,1.261,0.2051
25.02,92.57,210.0,16.95,28.0,214.5,-0.5659,-0.8245,28.4,36.5,35.1,1.254,0.2325
25.02,92.575,84.0,8.17,28.0,253.1,-0.9569,-0.2904,24.1,33.9,42.0,1.257,0.1131
25.02,92.58,168.0,13.27,28.0,312.4,-0.7389,0.6738,29.9,37.4,32.7,1.256,0.1828
25.02,92.585,244.0,16.15,28.0,300.7,-0.8595,0.5112,28.1,36.6,35.2,1.256,0.2215
25.02,92.59,317.0,9.0,28.0,290.6,-0.9363,0.3513,29.4,35.7,34.9,1.265,0.1237
25.02,92.595,300.0,16.69,28.0,273.8,-0.9978,0.0663,28.1,36.5,35.5,1.258,0.2283
25.02,92.6,337.0,19.11,28.0,280.7,-0.9825,0.1863,30.5,38.7,30.8,1.258,0.2602
25.02,92.605,365.0,21.83,28.0,269.7,-1.0,-0.005,30.1,38.4,31.5,1.256,0.2961
25.02,92.61,335.0,14.47,28.0,253.2,-0.9574,-0.2887,27.7,35.9,36.4,1.261,0.1982
25.02,92.615,290.0,14.69,28.0,243.4,-0.8945,-0.4471,29.2,35.9,34.9,1.259,0.2014
25.02,92.62,217.0,13.98,28.0,206.1,-0.4403,-0.8978,28.8,34.3,36.9,1.257,0.1922
25.02,92.625,65.0,3.01,28.0,215.6,-0.5817,-0.8134,26.6,33.6,39.8,1.26,0.0417
25.02,92.63,174.0,14.57,28.0,278.8,-0.9883,0.1528,26.8,35.8,37.3,1.255,0.2004
25.02,92.635,105.0,14.64,28.0,255.9,-0.9699,-0.2434,28.8,35.2,36.0,1.252,0.2019
25.02,92.64,110.0,9.72,28.0,4.2,0.0734,0.9973,29.3,36.3,34.5,1.256,0.1344
25.02,92.645,277.0,17.33,28.0,5.1,0.0892,0.996,25.9,34.7,39.4,1.257,0.237
25.02,92.65,423.0,1.46,28.0,200.6,-0.3527,-0.9358,26.6,31.8,41.7,1.276,0.02
25.02,92.655,253.0,12.26,28.0,210.3,-0.5042,-0.8636,25.6,36.8,37.6,1.26,0.1685
25.02,92.66,234.0,5.4,28.0,212.8,-0.5417,-0.8406,27.7,33.9,38.4,1.265,0.0744
25.02,92.665,173.0,8.52,28.0,16.0,0.2758,0.9612,28.9,34.2,36.9,1.26,0.1176
25.02,92.67,379.0,9.96,28.0,345.2,-0.2557,0.9668,29.8,35.0,35.2,1.267,0.1365
25.02,92.675,344.0,13.26,28.0,233.5,-0.8043,-0.5942,28.1,35.8,36.1,1.263,0.1816
25.02,92.68,238.0,15.99,28.0,215.5,-0.58,-0.8146,30.0,34.0,36.1,1.256,0.2193
25.02,92.685,109.0,1.66,28.0,141.8,0.6182,-0.786,26.3,31.9,41.7,1.263,0.0229
25.02,92.69,215.0,9.17,28.0,306.2,-0.8069,0.5907,26.0,36.9,37.2,1.261,0.1264
25.02,92.695,205.0,13.88,28.0,268.4,-0.9996,-0.0281,27.9,34.7,37.4,1.257,0.1908
25.02,92.7,208.0,15.5,28.0,251.6,-0.949,-0.3151,28.5,35.7,35.9,1.255,0.2129
25.02,92.705,117.0,10.17,28.0,274.4,-0.997,0.0775,28.0,33.9,38.1,1.256,0.1406
25.02,92.71,222.0,11.27,28.0,344.0,-0.2749,0.9615,25.5,34.9,39.6,1.259,0.1552
25.02,92.715,310.0,8.67,28.0,338.6,-0.3651,0.931,27.9,33.4,38.7,1.265,0.1192
25.02,92.72,365.0,6.95,28.0,278.9,-0.9879,0.1549,26.4,34.6,39.0,1.269,0.0954
25.02,92.725,329.0,14.17,28.0,271.1,-0.9998,0.0197,28.8,36.1,35.1,1.261,0.1941
25.02,92.73,370.0,3.28,28.0,313.9,-0.7209,0.6931,28.4,34.0,37.5,1.272,0.045
25.02,92.735,369.0,7.99,28.0,209.5,-0.4927,-0.8702,26.9,32.6,40.6,1.268,0.1096
25.02,92.74,247.0,12.69,28.0,192.9,-0.2234,-0.9747,27.4,34.9,37.7,1.259,0.1745
25.02,92.745,148.0,10.04,28.0,218.2,-0.619,-0.7854,26.7,34.3,38.9,1.258,0.1386
25.02,92.75,107.0,8.56,28.0,249.5,-0.9369,-0.3497,27.9,35.0,37.1,1.257,0.1184
25.02,92.755,95.0,6.42,28.0,284.8,-0.9666,0.2561,26.1,32.5,41.3,1.258,0.0889
25.02,92.76,136.0,12.93,28.0,259.0,-0.9817,-0.1903,26.8,36.8,36.4,1.255,0.1783
25.02,92.765,51.0,7.33,28.0,229.6,-0.7612,-0.6485,25.6,35.7,38.7,1.256,0.1016
25.02,92.77,52.0,7.89,28.0,14.6,0.2528,0.9675,24.4,32.6,43.0,1.256,0.1093
25.02,92.775,186.0,20.17,28.0,354.2,-0.1003,0.995,27.0,36.6,36.3,1.251,0.2756
25.02,92.78,420.0,19.55,28.0,333.9,-0.4402,0.8979,27.9,36.4,35.7,1.261,0.2654
25.02,92.785,507.0,8.46,28.0,329.5,-0.5075,0.8617,26.8,38.2,35.0,1.273,0.1156
25.02,92.79,549.0,8.38,28.0,271.5,-0.9996,0.027,27.3,33.6,39.1,1.275,0.1143
25.02,92.795,511.0,8.73,28.0,292.4,-0.9243,0.3816,26.6,36.8,36.6,1.273,0.1192
25.02,92.8,608.0,20.23,28.0,317.4,-0.6775,0.7356,30.4,35.5,34.1,1.267,0.2729
25.02,92.805,784.0,16.45,28.0,2.3,0.0396,0.9992,28.0,34.9,37.1,1.278,0.2216
25.02,92.81,905.0,15.56,28.0,19.0,0.3259,0.9454,27.2,35.1,37.7,1.283,0.2091
25.02,92.815,1049.0,7.54,28.0,43.3,0.6856,0.728,28.3,32.7,39.0,1.296,0.1012
25.02,92.82,1002.0,19.06,28.0,190.5,-0.182,-0.9833,27.9,36.7,35.5,1.284,0.2543
25.02,92.825,707.0,18.36,28.0,181.6,-0.0271,-0.9996,27.7,35.8,36.4,1.273,0.2474
25.02,92.83,668.0,8.61,28.0,274.9,-0.9964,0.0852,28.7,33.1,38.2,1.28,0.117
25.02,92.835,720.0,11.45,28.0,263.5,-0.9936,-0.1128,28.9,36.8,34.3,1.279,0.1552
25.02,92.84,645.0,15.3,28.0,128.9,0.7782,-0.628,27.4,37.9,34.7,1.273,0.2073
25.02,92.845,547.0,13.47,28.0,178.1,0.0338,-0.9994,27.3,37.0,35.7,1.271,0.1833
25.02,92.85,404.0,12.75,28.0,206.4,-0.4448,-0.8957,27.7,36.2,36.1,1.266,0.1743
25.02,92.855,343.0,5.01,28.0,170.6,0.1641,-0.9864,25.2,33.5,41.3,1.27,0.0688
25.02,92.86,317.0,7.99,28.0,183.7,-0.064,-0.9979,26.2,33.4,40.4,1.266,0.1098
25.02,92.865,202.0,8.53,28.0,186.5,-0.1138,-0.9935,29.6,32.8,37.5,1.261,0.1176
25.02,92.87,167.0,3.51,28.0,239.8,-0.8647,-0.5023,30.0,33.5,36.5,1.264,0.0484
25.02,92.875,171.0,2.86,28.0,331.0,-0.4853,0.8744,27.7,31.0,41.3,1.264,0.0395
25.02,92.88,211.0,10.25,28.0,359.7,-0.005,1.0,28.7,33.2,38.1,1.26,0.1412
25.02,92.885,353.0,12.66,28.0,11.1,0.1919,0.9814,28.4,37.1,34.5,1.264,0.1734
25.02,92.89,433.0,3.8,28.0,80.5,0.9864,0.1643,31.7,35.9,32.4,1.274,0.052
25.02,92.895,364.0,2.56,28.0,226.4,-0.7243,-0.6895,29.3,33.3,37.4,1.272,0.0351
25.02,92.9,402.0,2.74,28.0,264.0,-0.9946,-0.1037,27.8,34.4,37.8,1.274,0.0375
25.02,92.905,359.0,11.2,28.0,188.9,-0.1542,-0.988,26.9,34.6,38.5,1.265,0.1535
25.02,92.91,205.0,12.44,28.0,179.1,0.0163,-0.9999,26.1,33.3,40.6,1.258,0.1712
25.02,92.915,137.0,6.82,28.0,272.4,-0.9991,0.0415,28.2,34.7,37.0,1.26,0.0942
25.02,92.92,210.0,5.24,28.0,261.9,-0.99,-0.1409,27.1,34.3,38.7,1.264,0.0723
25.02,92.925,124.0,7.8,28.0,237.1,-0.8393,-0.5437,26.3,34.2,39.5,1.258,0.1079
25.02,92.93,135.0,3.97,28.0,265.9,-0.9974,-0.0716,27.2,32.7,40.1,1.262,0.0549
25.02,92.935,119.0,3.86,28.0,0.0,0.0,1.0,26.7,34.5,38.8,1.262,0.0533
25.02,92.94,203.0,6.89,28.0,16.0,0.275,0.9614,30.0,32.4,37.6,1.262,0.0951
25.02,92.945,236.0,5.82,28.0,321.2,-0.626,0.7798,29.1,32.4,38.6,1.265,0.0802
25.02,92.95,283.0,6.8,28.0,343.4,-0.2864,0.9581,28.0,32.3,39.7,1.266,0.0935
25.02,92.955,351.0,10.14,28.0,359.1,-0.0151,0.9999,29.8,34.8,35.4,1.266,0.1391
25.02,92.96,463.0,16.85,28.0,314.8,-0.709,0.7052,28.1,34.9,37.0,1.264,0.2293
25.02,92.965,566.0,16.38,28.0,282.1,-0.9778,0.2095,27.0,35.3,37.7,1.269,0.2222
25.02,92.97,525.0,6.1,28.0,297.1,-0.8904,0.4551,29.8,32.6,37.6,1.276,0.0833
25.02,92.975,615.0,18.85,28.0,12.9,0.2237,0.9747,28.6,36.6,34.7,1.269,0.2546
25.02,92.98,860.0,19.95,28.0,355.0,-0.0866,0.9962,26.8,35.1,38.2,1.278,0.267
25.02,92.985,979.0,9.24,28.0,288.2,-0.9502,0.3115,27.8,34.6,37.6,1.291,0.1244
25.02,92.99,911.0,19.54,28.0,235.6,-0.825,-0.5652,26.9,39.1,34.0,1.28,0.2613
25.02,92.995,777.0,17.78,28.0,213.9,-0.5575,-0.8302,26.3,36.9,36.7,1.276,0.2393
25.025,92.5,158.0,17.56,28.0,271.8,-0.9995,0.0314,29.1,39.0,31.9,1.252,0.241
25.025,92.505,163.0,17.78,28.0,271.1,-0.9998,0.0186,30.3,38.7,31.0,1.252,0.2439
25.025,92.51,164.0,21.33,28.0,263.7,-0.994,-0.1094,26.3,38.9,34.8,1.249,0.2912
25.025,92.515,120.0,14.31,28.0,246.8,-0.9194,-0.3934,28.7,35.9,35.4,1.253,0.1973
25.025,92.52,63.0,8.02,28.0,329.3,-0.5101,0.8601,24.2,34.2,41.6,1.256,0.1111
25.025,92.525,242.0,9.49,28.0,345.7,-0.2473,0.9689,27.4,35.7,36.9,1.262,0.1306
25.025,92.53,226.0,4.69,28.0,80.2,0.9855,0.1695,27.3,32.7,40.0,1.265,0.0646
25.025,92.535,256.0,5.01,28.0,355.9,-0.0718,0.9974,27.0,30.5,42.5,1.266,0.069
25.025,92.54,314.0,10.89,28.0,12.7,0.2194,0.9756,28.1,35.6,36.3,1.263,0.1496
25.025,92.545,445.0,13.03,28.0,358.7,-0.0233,0.9997,27.0,33.8,39.2,1.267,0.1779
25.025,92.55,547.0,3.25,28.0,127.7,0.7908,-0.612,28.3,31.4,40.3,1.279,0.0443
25.025,92.555,410.0,9.76,28.0,265.7,-0.9972,-0.075,27.9,34.6,37.5,1.268,0.1337
25.025,92.56,534.0,14.26,28.0,270.4,-1.0,0.0078,27.7,35.7,36.6,1.269,0.1941
25.025,92.565,412.0,15.48,28.0,222.7,-0.6779,-0.7352,26.9,34.0,39.1,1.264,0.2112
25.025,92.57,329.0,16.83,28.0,224.0,-0.6949,-0.7191,27.3,36.7,36.0,1.259,0.23
25.025,92.575,193.0,17.84,28.0,259.3,-0.9827,-0.1852,28.9,38.2,32.9,1.253,0.2445
25.025,92.58,269.0,15.79,28.0,319.4,-0.6513,0.7588,28.6,34.5,36.9,1.258,0.2163
25.025,92.585,409.0,14.46,28.0,284.5,-0.9682,0.2503,26.8,37.8,35.4,1.264,0.1976
25.025,92.59,334.0,15.62,28.0,285.5,-0.9639,0.2664,28.1,33.8,38.1,1.26,0.2137
25.025,92.595,484.0,21.68,28.0,299.8,-0.8677,0.4971,28.9,41.0,30.1,1.261,0.293
25.025,92.6,533.0,17.73,28.0,292.8,-0.9215,0.3883,26.0,36.1,37.9,1.267,0.2404
25.025,92.605,609.0,7.58,28.0,218.4,-0.6211,-0.7837,28.7,34.2,37.1,1.278,0.1032
25.025,92.61,428.0,13.06,28.0,184.2,-0.0736,-0.9973,27.2,32.6,40.2,1.266,0.1785
25.025,92.615,376.0,12.73,28.0,161.7,0.3141,-0.9494,28.7,35.3,36.0,1.264,0.1743
25.025,92.62,212.0,16.76,28.0,174.7,0.0924,-0.9957,27.1,36.8,36.1,1.255,0.2298
25.025,92.625,74.0,8.57,28.0,319.9,-0.6441,0.7649,22.8,34.2,43.0,1.256,0.1186
25.025,92.63,328.0,16.74,28.0,335.7,-0.4121,0.9112,26.0,35.6,38.3,1.259,0.2288
25.025,92.635,350.0,21.4,28.0,250.0,-0.9397,-0.3421,28.1,36.3,35.7,1.256,0.2905
25.025,92.64,193.0,10.28,28.0,245.7,-0.9117,-0.4109,28.3,36.4,35.3,1.259,0.1417
25.025,92.645,275.0,12.95,28.0,345.3,-0.2539,0.9672,26.9,35.5,37.6,1.26,0.1779
25.025,92.65,417.0,9.46,28.0,55.5,0.8244,0.566,28.8,36.8,34.4,1.269,0.1295
25.025,92.655,370.0,13.67,28.0,216.5,-0.5944,-0.8042,26.0,34.9,39.1,1.263,0.1871
25.025,92.66,220.0,11.07,28.0,210.9,-0.5141,-0.8577,27.9,34.3,37.8,1.26,0.1524
25.025,92.665,201.0,6.5,28.0,310.8,-0.7568,0.6537,26.5,35.0,38.5,1.263,0.0896
25.025,92.67,295.0,13.3,28.0,7.4,0.1292,0.9916,27.2,33.1,39.7,1.261,0.1824
25.025,92.675,437.0,9.98,28.0,313.5,-0.725,0.6887,28.1,32.8,39.1,1.269,0.1366
25.025,92.68,417.0,17.98,28.0,219.5,-0.6366,-0.7712,27.0,38.4,34.6,1.262,0.2446
25.025,92.685,185.0,7.93,28.0,227.9,-0.7419,-0.6705,27.5,32.4,40.1,1.261,0.1094
25.025,92.69,323.0,15.24,28.0,330.2,-0.4977,0.8673,29.2,33.3,37.5,1.26,0.2086
25.025,92.695,423.0,15.83,28.0,280.9,-0.982,0.1891,27.3,39.0,33.7,1.264,0.2158
25.025,92.7,377.0,20.76,28.0,252.3,-0.9527,-0.3039,29.0,35.4,35.6,1.258,0.2818
25.025,92.705,307.0,19.91,28.0,248.4,-0.93,-0.3674,26.6,37.6,35.8,1.256,0.2711
25.025,92.71,243.0,10.41,28.0,253.4,-0.9581,-0.2864,28.6,34.9,36.5,1.261,0.1433
25.025,92.715,254.0,12.09,28.0,301.6,-0.8516,0.5241,29.7,31.0,39.3,1.26,0.1662
25.025,92.72,356.0,16.57,28.0,306.0,-0.8092,0.5875,25.0,36.0,38.9,1.26,0.2263
25.025,92.725,430.0,16.85,28.0,265.3,-0.9966,-0.082,27.0,37.2,35.8,1.263,0.2295
25.025,92.73,331.0,14.53,28.0,226.7,-0.7278,-0.6858,28.7,36.4,34.9,1.261,0.199
25.025,92.735,251.0,9.2,28.0,192.8,-0.2219,-0.9751,27.8,35.8,36.4,1.262,0.1267
25.025,92.74,172.0,2.14,28.0,232.4,-0.7921,-0.6104,28.4,32.0,39.6,1.265,0.0295
25.025,92.745,228.0,16.42,28.0,277.7,-0.9909,0.1348,27.3,37.4,35.3,1.255,0.2252
25.025,92.75,212.0,11.26,28.0,255.9,-0.9697,-0.2443,28.1,34.0,37.9,1.259,0.1551
25.025,92.755,179.0,16.6,28.0,290.9,-0.9343,0.3565,27.8,34.3,37.9,1.253,0.228
25.025,92.76,319.0,14.33,28.0,273.1,-0.9985,0.0544,29.4,33.9,36.7,1.261,0.1963
25.025,92.765,193.0,18.57,28.0,222.4,-0.6737,-0.739,28.3,34.8,36.9,1.252,0.2544
25.025,92.77,69.0,5.29,28.0,337.2,-0.3878,0.9218,25.4,34.9,39.7,1.258,0.0733
25.025,92.775,279.0,20.3,28.0,18.1,0.3108,0.9505,27.5,35.1,37.4,1.254,0.2767
25.025,92.78,423.0,8.79,28.0,48.1,0.7439,0.6683,27.4,34.8,37.8,1.27,0.1203
25.025,92.785,383.0,7.38,28.0,57.0,0.8389,0.5443,27.5,33.6,38.9,1.269,0.1012
25.025,92.79,494.0,13.06,28.0,353.5,-0.1123,0.9937,28.5,35.3,36.2,1.269,0.1781
25.025,92.795,615.0,18.07,28.0,342.9,-0.2945,0.9556,27.5,38.9,33.6,1.27,0.2442
25.025,92.8,808.0,3.87,28.0,3.0,0.0531,0.9986,28.3,32.4,39.3,1.289,0.0524
25.025,92.805,683.0,12.75,28.0,106.1,0.961,-0.2766,30.5,36.3,33.2,1.277,0.1728
25.025,92.81,745.0,19.87,28.0,67.2,0.9219,0.3874,29.0,37.4,33.6,1.273,0.267
25.025,92.815,824.0,25.28,28.0,58.4,0.852,0.5236,31.6,38.5,29.9,1.272,0.3357
25.025,92.82,994.0,9.42,28.0,94.8,0.9965,-0.0838,29.4,38.0,32.6,1.292,0.1267
25.025,92.825,810.0,14.92,28.0,227.6,-0.7382,-0.6746,27.5,33.8,38.7,1.28,0.2011
25.025,92.83,813.0,4.67,28.0,210.4,-0.5056,-0.8628,25.6,35.2,39.3,1.289,0.0632
25.025,92.835,739.0,20.76,28.0,154.3,0.4336,-0.9011,26.8,38.5,34.7,1.272,0.2787
25.025,92.84,469.0,19.25,28.0,142.2,0.6122,-0.7907,25.8,36.4,37.8,1.263,0.261
25.025,92.845,461.0,12.47,28.0,87.4,0.999,0.0449,27.6,37.8,34.7,1.268,0.1703
25.025,92.85,479.0,9.79,28.0,174.6,0.0937,-0.9956,28.0,31.8,40.1,1.271,0.1338
25.025,92.855,288.0,15.52,28.0,183.9,-0.0679,-0.9977,30.0,35.4,34.6,1.259,0.2125
25.025,92.86,200.0,6.47,28.0,193.7,-0.2375,-0.9714,28.4,31.9,39.7,1.263,0.0892
25.025,92.865,177.0,4.76,28.0,229.9,-0.7654,-0.6436,27.7,33.9,38.4,1.263,0.0657
25.025,92.87,146.0,11.87,28.0,270.0,-1.0,-0.0,29.0,33.5,37.5,1.256,0.1638
25.025,92.875,177.0,13.77,28.0,308.0,-0.7879,0.6158,25.3,36.3,38.3,1.256,0.1895
25.025,92.88,298.0,9.37,28.0,325.5,-0.566,0.8244,28.3,34.2,37.5,1.264,0.1288
25.025,92.885,314.0,7.36,28.0,251.1,-0.9464,-0.3231,28.9,33.2,37.8,1.266,0.1012
25.025,92.89,256.0,3.89,28.0,120.8,0.8593,-0.5115,26.2,33.6,40.2,1.267,0.0535
25.025,92.895,279.0,0.8,28.0,3.7,0.0645,0.9979,29.4,31.8,38.8,1.27,0.011
25.025,92.9,270.0,11.46,28.0,105.0,0.9657,-0.2596,28.4,33.4,38.2,1.261,0.1576
25.025,92.905,226.0,8.64,28.0,132.8,0.7333,-0.6799,27.5,38.5,34.0,1.262,0.119
25.025,92.91,166.0,5.96,28.0,342.0,-0.3096,0.9509,28.8,32.9,38.4,1.262,0.0823
25.025,92.915,326.0,6.92,28.0,288.6,-0.9477,0.3192,30.7,30.5,38.8,1.267,0.0951
25.025,92.92,205.0,4.1,28.0,184.3,-0.0752,-0.9972,28.2,31.8,40.0,1.265,0.0565
25.025,92.925,254.0,3.46,28.0,265.3,-0.9966,-0.0822,28.3,31.0,40.7,1.267,0.0476
25.025,92.93,200.0,12.64,28.0,253.3,-0.9576,-0.288,27.4,36.6,35.9,1.257,0.1741
25.025,92.935,189.0,7.55,28.0,284.3,-0.969,0.2472,27.0,34.5,38.5,1.261,0.1042
25.025,92.94,233.0,8.31,28.0,19.0,0.326,0.9454,29.0,34.8,36.2,1.262,0.1145
25.025,92.945,328.0,11.91,28.0,15.1,0.2599,0.9656,27.0,34.6,38.4,1.263,0.1634
25.025,92.95,438.0,13.98,28.0,335.5,-0.4151,0.9098,28.1,35.3,36.6,1.266,0.1908
25.025,92.955,556.0,18.51,28.0,358.8,-0.0215,0.9998,27.4,36.4,36.2,1.267,0.2506
25.025,92.96,775.0,14.45,28.0,356.6,-0.0593,0.9982,28.6,35.7,35.7,1.279,0.1951
25.025,92.965,815.0,13.27,28.0,251.6,-0.9488,-0.316,28.4,36.8,34.8,1.282,0.179
25.025,92.97,700.0,15.25,28.0,245.5,-0.9096,-0.4154,29.2,36.6,34.2,1.275,0.2063
25.025,92.975,701.0,4.95,28.0,15.6,0.2696,0.963,27.4,34.1,38.5,1.284,0.0672
25.025,92.98,784.0,14.32,28.0,32.8,0.5419,0.8404,27.7,36.6,35.8,1.279,0.1934
25.025,92.985,917.0,18.36,28.0,40.5,0.6497,0.7602,26.8,38.2,35.0,1.281,0.2459
25.025,92.99,1038.0,0.77,28.0,152.2,0.4666,-0.8844,27.5,32.6,39.9,1.301,0.0103
25.025,92.995,905.0,21.29,28.0,227.3,-0.7352,-0.6778,28.5,38.2,33.3,1.278,0.2841
25.03,92.5,442.0,19.95,28.0,269.4,-0.9999,-0.0109,28.9,39.1,32.0,1.261,0.2706
25.03,92.505,440.0,25.15,28.0,277.7,-0.9911,0.1333,30.9,37.7,31.4,1.257,0.3381
25.03,92.51,505.0,19.03,28.0,245.3,-0.9087,-0.4174,29.0,35.8,35.2,1.264,0.258
25.03,92.515,295.0,22.32,28.0,212.4,-0.536,-0.8442,29.6,36.2,34.2,1.253,0.3031
25.03,92.52,156.0,13.14,28.0,233.1,-0.8002,-0.5997,28.5,35.8,35.7,1.255,0.1811
25.03,92.525,154.0,5.71,28.0,230.6,-0.7722,-0.6354,30.3,30.7,39.0,1.261,0.0789
25.03,92.53,92.0,3.78,28.0,316.1,-0.6929,0.721,24.1,33.7,42.2,1.261,0.0523
25.03,92.535,202.0,14.46,28.0,30.3,0.5053,0.863,26.5,35.7,37.8,1.256,0.1988
25.03,92.54,316.0,9.04,28.0,56.7,0.8356,0.5493,25.9,36.1,38.0,1.265,0.1242
25.03,92.545,290.0,7.3,28.0,65.7,0.9117,0.4109,29.8,32.9,37.3,1.266,0.1004
25.03,92.55,369.0,13.29,28.0,16.6,0.2852,0.9585,28.8,35.2,36.0,1.264,0.1819
25.03,92.555,518.0,12.76,28.0,0.0,0.0,1.0,27.9,37.1,35.0,1.27,0.1739
25.03,92.56,597.0,5.81,28.0,285.9,-0.962,0.2732,28.3,35.6,36.0,1.279,0.0791
25.03,92.565,546.0,15.17,28.0,235.9,-0.8282,-0.5604,26.6,35.0,38.3,1.269,0.2062
25.03,92.57,444.0,12.47,28.0,240.4,-0.8694,-0.4941,30.9,35.6,33.5,1.267,0.1704
25.03,92.575,436.0,20.16,28.0,258.9,-0.9814,-0.1921,28.2,37.8,34.0,1.261,0.2733
25.03,92.58,373.0,12.38,28.0,292.9,-0.9211,0.3893,28.1,35.9,36.0,1.265,0.1695
25.03,92.585,522.0,15.93,28.0,328.1,-0.5286,0.8489,28.9,35.9,35.3,1.268,0.2165
25.03,92.59,617.0,16.98,28.0,301.8,-0.85,0.5268,28.6,38.5,33.0,1.271,0.2298
25.03,92.595,684.0,13.88,28.0,281.1,-0.9812,0.1929,28.3,32.9,38.9,1.276,0.188
25.03,92.6,665.0,13.31,28.0,197.7,-0.3037,-0.9528,27.1,34.9,38.0,1.276,0.1804
25.03,92.605,457.0,18.16,28.0,160.3,0.3368,-0.9416,28.6,37.5,33.9,1.263,0.2468
25.03,92.61,354.0,13.79,28.0,185.7,-0.0988,-0.9951,30.3,36.4,33.4,1.263,0.1887
25.03,92.615,211.0,9.98,28.0,161.5,0.3166,-0.9486,29.6,36.7,33.7,1.26,0.1375
25.03,92.62,186.0,6.13,28.0,110.6,0.9363,-0.3512,29.9,35.4,34.7,1.262,0.0846
25.03,92.625,173.0,12.51,28.0,304.3,-0.8258,0.5639,27.4,34.9,37.7,1.256,0.1725
25.03,92.63,312.0,18.81,28.0,355.9,-0.0712,0.9975,26.8,39.0,34.2,1.257,0.2565
25.03,92.635,515.0,6.24,28.0,260.6,-0.9865,-0.1636,27.8,32.6,39.6,1.275,0.0852
25.03,92.64,294.0,15.0,28.0,230.1,-0.7675,-0.6411,28.1,37.4,34.5,1.259,0.2056
25.03,92.645,342.0,9.33,28.0,261.7,-0.9894,-0.1451,29.3,37.2,33.5,1.266,0.1281
25.03,92.65,270.0,6.91,28.0,53.9,0.8076,0.5898,26.0,35.7,38.4,1.265,0.0951
25.03,92.655,414.0,5.85,28.0,317.5,-0.6756,0.7373,29.8,33.7,36.4,1.272,0.0801
25.03,92.66,346.0,19.95,28.0,246.6,-0.918,-0.3967,27.8,36.8,35.4,1.257,0.2714
25.03,92.665,269.0,11.72,28.0,269.7,-1.0,-0.0048,27.5,32.8,39.7,1.261,0.1611
25.03,92.67,345.0,12.86,28.0,340.7,-0.3305,0.9438,26.8,35.9,37.3,1.263,0.1762
25.03,92.675,486.0,6.97,28.0,1.3,0.0221,0.9998,26.0,32.2,41.8,1.274,0.0953
25.03,92.68,468.0,14.6,28.0,177.8,0.0379,-0.9993,29.0,34.7,36.3,1.267,0.1989
25.03,92.685,224.0,7.74,28.0,221.8,-0.6672,-0.7449,28.1,32.3,39.6,1.263,0.1066
25.03,92.69,366.0,17.28,28.0,338.3,-0.3697,0.9292,26.5,35.9,37.6,1.26,0.2357
25.03,92.695,515.0,16.59,28.0,324.4,-0.5819,0.8133,26.4,36.4,37.2,1.267,0.2254
25.03,92.7,610.0,15.28,28.0,265.2,-0.9965,-0.0836,27.6,36.5,35.9,1.272,0.2072
25.03,92.705,492.0,14.75,28.0,223.6,-0.6894,-0.7244,30.0,35.0,35.0,1.267,0.2009
25.03,92.71,418.0,12.07,28.0,275.6,-0.9952,0.0975,27.7,36.8,35.5,1.267,0.165
25.03,92.715,513.0,22.76,28.0,300.6,-0.8608,0.509,26.2,37.8,36.0,1.262,0.3066
25.03,92.72,633.0,15.98,28.0,301.8,-0.8499,0.527,27.7,35.1,37.2,1.272,0.2164
25.03,92.725,665.0,21.47,28.0,262.3,-0.991,-0.1338,27.7,38.1,34.3,1.269,0.2884
25.03,92.73,580.0,22.5,28.0,232.1,-0.7894,-0.6138,24.8,40.9,34.3,1.264,0.3028
25.03,92.735,409.0,20.33,28.0,216.5,-0.5941,-0.8044,27.9,37.9,34.1,1.259,0.276
25.03,92.74,280.0,10.98,28.0,289.1,-0.9448,0.3277,27.7,34.4,37.9,1.262,0.1509
25.03,92.745,473.0,17.41,28.0,277.6,-0.9911,0.133,28.8,34.4,36.8,1.264,0.2367
25.03,92.75,322.0,15.62,28.0,256.0,-0.9704,-0.2416,30.2,35.8,33.9,1.26,0.2137
25.03,92.755,405.0,24.27,28.0,282.5,-0.9764,0.2159,29.4,38.8,31.8,1.256,0.3273
25.03,92.76,420.0,10.47,28.0,236.7,-0.8363,-0.5483,27.7,34.2,38.1,1.268,0.1433
25.03,92.765,303.0,18.66,28.0,195.3,-0.2634,-0.9647,26.7,34.5,38.8,1.257,0.2545
25.03,92.77,92.0,15.78,28.0,210.6,-0.5086,-0.861,28.1,34.9,37.0,1.251,0.2174
25.03,92.775,58.0,11.48,28.0,12.0,0.2079,0.9781,25.1,37.2,37.7,1.253,0.1588
25.03,92.78,292.0,22.97,28.0,39.8,0.6399,0.7684,28.0,40.3,31.7,1.253,0.3115
25.03,92.785,386.0,18.85,28.0,33.7,0.5551,0.8318,28.0,35.7,36.3,1.26,0.2564
25.03,92.79,578.0,13.79,28.0,20.1,0.3441,0.9389,28.2,36.7,35.1,1.272,0.1874
25.03,92.795,618.0,12.98,28.0,83.6,0.9937,0.112,27.8,33.7,38.5,1.274,0.1763
25.03,92.8,604.0,20.56,28.0,101.6,0.9795,-0.2012,27.3,39.6,33.1,1.267,0.2772
25.03,92.805,542.0,8.76,28.0,116.8,0.8923,-0.4514,27.3,34.7,38.0,1.274,0.1195
25.03,92.81,534.0,6.51,28.0,59.1,0.8581,0.5135,28.0,35.2,36.9,1.276,0.0889
25.03,92.815,601.0,19.94,28.0,39.0,0.6289,0.7775,27.3,34.7,37.9,1.267,0.2692
25.03,92.82,818.0,22.98,28.0,40.4,0.6484,0.7613,27.1,39.1,33.7,1.274,0.3064
25.03,92.825,926.0,6.67,28.0,152.1,0.4686,-0.8834,28.1,33.8,38.1,1.291,0.09
25.03,92.83,714.0,22.5,28.0,158.9,0.3601,-0.9329,27.7,39.3,33.0,1.27,0.3013
25.03,92.835,537.0,20.17,28.0,146.1,0.5576,-0.8301,29.8,38.8,31.4,1.265,0.2726
25.03,92.84,407.0,13.62,28.0,165.4,0.2522,-0.9677,24.8,35.7,39.5,1.265,0.1862
25.03,92.845,301.0,1.2,28.0,177.5,0.043,-0.9991,29.3,31.4,39.3,1.271,0.0165
25.03,92.85,386.0,4.01,28.0,26.7,0.449,0.8935,29.5,34.2,36.3,1.272,0.055
25.03,92.855,364.0,17.76,28.0,263.1,-0.9927,-0.1209,25.5,36.6,37.8,1.26,0.2421
25.03,92.86,347.0,14.51,28.0,249.6,-0.9371,-0.3492,27.6,34.6,37.9,1.262,0.1985
25.03,92.865,273.0,7.14,28.0,295.4,-0.9037,0.4282,27.6,32.5,39.9,1.265,0.0983
25.03,92.87,401.0,14.88,28.0,295.0,-0.9064,0.4225,26.3,33.8,39.9,1.264,0.2032
25.03,92.875,386.0,21.02,28.0,257.2,-0.975,-0.2223,27.1,36.8,36.1,1.258,0.2851
25.03,92.88,315.0,9.4,28.0,308.1,-0.7865,0.6177,26.7,36.2,37.2,1.265,0.1291
25.03,92.885,489.0,14.65,28.0,281.6,-0.9795,0.2014,30.1,36.2,33.7,1.267,0.1996
25.03,92.89,368.0,11.05,28.0,230.2,-0.7679,-0.6406,29.1,34.2,36.7,1.266,0.1514
25.03,92.895,363.0,10.79,28.0,196.4,-0.2829,-0.9592,29.5,36.1,34.4,1.266,0.1479
25.03,92.9,184.0,7.98,28.0,155.0,0.4227,-0.9063,28.9,32.9,38.3,1.261,0.1101
25.03,92.905,235.0,3.78,28.0,328.9,-0.5164,0.8564,26.6,33.2,40.2,1.266,0.0521
25.03,92.91,241.0,10.91,28.0,278.9,-0.988,0.1546,27.4,34.6,38.0,1.261,0.1501
25.03,92.915,265.0,6.11,28.0,103.4,0.9728,-0.2318,28.6,34.8,36.6,1.266,0.0841
25.03,92.92,216.0,4.29,28.0,168.3,0.2034,-0.9791,26.5,30.8,42.7,1.265,0.0591
25.03,92.925,191.0,10.92,28.0,324.4,-0.5819,0.8132,28.9,33.6,37.5,1.259,0.1505
25.03,92.93,374.0,8.34,28.0,298.8,-0.8766,0.4812,27.7,31.8,40.5,1.268,0.1144
25.03,92.935,262.0,12.65,28.0,187.6,-0.1321,-0.9912,27.6,35.0,37.5,1.26,0.1738
25.03,92.94,150.0,5.41,28.0,204.1,-0.4081,-0.9129,28.9,35.3,35.9,1.261,0.0748
25.03,92.945,175.0,14.28,28.0,345.5,-0.2507,0.9681,28.5,35.0,36.4,1.255,0.1965
25.03,92.95,398.0,11.86,28.0,29.5,0.4921,0.8705,27.6,34.4,38.0,1.266,0.1623
25.03,92.955,359.0,11.97,28.0,67.4,0.9233,0.384,29.4,36.5,34.1,1.264,0.1641
25.03,92.96,480.0,24.81,28.0,11.5,0.2002,0.9798,26.7,40.2,33.1,1.259,0.3333
25.03,92.965,815.0,20.17,28.0,29.8,0.4965,0.868,28.7,37.2,34.0,1.276,0.2702
25.03,92.97,801.0,13.01,28.0,166.3,0.2372,-0.9715,28.7,36.5,34.8,1.281,0.1757
25.03,92.975,589.0,6.01,28.0,153.7,0.4437,-0.8962,27.6,32.0,40.4,1.279,0.0819
25.03,92.98,706.0,16.79,28.0,60.4,0.8695,0.4939,28.4,38.5,33.1,1.274,0.2267
25.03,92.985,739.0,15.65,28.0,45.4,0.712,0.7021,26.5,39.4,34.1,1.277,0.2112
25.03,92.99,904.0,24.24,28.0,38.1,0.6164,0.7874,29.1,39.2,31.6,1.276,0.3218
25.03,92.995,1096.0,21.5,28.0,345.5,-0.2508,0.968,27.8,34.6,37.6,1.286,0.285
25.035,92.5,562.0,17.28,28.0,319.5,-0.6499,0.76,27.4,35.8,36.9,1.268,0.2343
25.035,92.505,681.0,6.84,28.0,246.1,-0.9139,-0.4058,29.3,34.7,36.0,1.282,0.0929
25.035,92.51,513.0,17.96,28.0,165.6,0.2495,-0.9684,27.2,36.2,36.7,1.266,0.2436
25.035,92.515,365.0,13.56,28.0,175.1,0.0856,-0.9963,26.3,37.5,36.2,1.263,0.1856
25.035,92.52,271.0,11.03,28.0,259.1,-0.9821,-0.1886,26.1,35.8,38.0,1.262,0.1516
25.035,92.525,328.0,17.27,28.0,271.1,-0.9998,0.0192,28.7,35.5,35.7,1.259,0.2358
25.035,92.53,277.0,15.08,28.0,216.9,-0.6001,-0.7999,26.5,36.1,37.5,1.259,0.2066
25.035,92.535,111.0,7.0,28.0,206.1,-0.4392,-0.8984,30.1,32.5,37.4,1.259,0.0968
25.035,92.54,166.0,15.51,28.0,43.1,0.6832,0.7303,25.5,35.9,38.6,1.254,0.2132
25.035,92.545,315.0,17.48,28.0,15.2,0.2624,0.965,30.0,35.8,34.1,1.258,0.2388
25.035,92.55,472.0,5.44,28.0,7.6,0.1321,0.9912,28.3,35.2,36.5,1.274,0.0744
25.035,92.555,410.0,10.18,28.0,19.0,0.3251,0.9457,27.9,37.9,34.2,1.268,0.1394
25.035,92.56,643.0,14.06,28.0,358.1,-0.0323,0.9995,27.3,33.6,39.1,1.274,0.1907
25.035,92.565,662.0,8.68,28.0,229.4,-0.7593,-0.6508,28.5,31.4,40.1,1.279,0.118
25.035,92.57,543.0,3.87,28.0,183.0,-0.0531,-0.9986,28.0,32.7,39.4,1.278,0.0528
25.035,92.575,594.0,7.26,28.0,247.5,-0.9241,-0.3822,29.3,31.7,39.0,1.278,0.0989
25.035,92.58,494.0,10.63,28.0,264.8,-0.9959,-0.09,28.1,34.9,37.0,1.271,0.1451
25.035,92.585,577.0,7.77,28.0,340.0,-0.3425,0.9395,28.2,35.2,36.6,1.277,0.1059
25.035,92.59,623.0,10.09,28.0,351.0,-0.1565,0.9877,27.6,36.9,35.5,1.277,0.1372
25.035,92.595,754.0,4.1,28.0,262.0,-0.9903,-0.1386,27.9,33.4,38.7,1.287,0.0556
25.035,92.6,613.0,16.15,28.0,156.8,0.394,-0.9191,28.4,36.0,35.6,1.271,0.2188
25.035,92.605,486.0,9.71,28.0,203.5,-0.3989,-0.917,25.9,31.6,42.4,1.271,0.1327
25.035,92.61,455.0,10.22,28.0,198.6,-0.319,-0.9478,26.4,34.8,38.9,1.27,0.1397
25.035,92.615,314.0,20.35,28.0,198.1,-0.31,-0.9507,28.9,37.5,33.6,1.256,0.2769
25.035,92.62,100.0,2.09,28.0,168.6,0.1971,-0.9804,28.2,33.5,38.3,1.262,0.0289
25.035,92.625,278.0,15.07,28.0,340.1,-0.3402,0.9403,27.8,35.0,37.3,1.259,0.2065
25.035,92.63,355.0,11.24,28.0,16.3,0.2804,0.9599,28.0,34.3,37.6,1.265,0.1541
25.035,92.635,470.0,8.19,28.0,62.5,0.8866,0.4625,28.4,32.0,39.6,1.272,0.112
25.035,92.64,422.0,1.18,28.0,227.7,-0.7394,-0.6732,27.4,28.9,43.8,1.276,0.0161
25.035,92.645,456.0,8.82,28.0,223.1,-0.6834,-0.73,27.1,32.7,40.2,1.271,0.1206
25.035,92.65,308.0,5.92,28.0,265.1,-0.9963,-0.0862,28.2,31.2,40.5,1.267,0.0814
25.035,92.655,447.0,15.98,28.0,349.0,-0.1914,0.9815,26.8,36.8,36.4,1.265,0.2176
25.035,92.66,591.0,11.11,28.0,265.6,-0.9971,-0.0759,28.5,34.2,37.3,1.274,0.1513
25.035,92.665,432.0,18.13,28.0,230.0,-0.7657,-0.6432,26.0,36.0,38.0,1.262,0.2466
25.035,92.67,379.0,5.29,28.0,271.2,-0.9998,0.0215,29.2,31.9,38.8,1.271,0.0725
25.035,92.675,434.0,5.4,28.0,286.5,-0.959,0.2834,28.6,28.6,42.8,1.273,0.0739
25.035,92.68,406.0,10.07,28.0,145.8,0.5614,-0.8276,28.3,36.9,34.7,1.268,0.1379
25.035,92.685,286.0,4.71,28.0,302.9,-0.8399,0.5427,29.2,31.8,39.1,1.268,0.0648
25.035,92.69,451.0,18.92,28.0,342.9,-0.2935,0.956,30.0,36.4,33.6,1.262,0.2569
25.035,92.695,616.0,13.06,28.0,11.4,0.1975,0.9803,29.2,33.3,37.5,1.274,0.1774
25.035,92.7,680.0,6.18,28.0,191.0,-0.1908,-0.9816,25.8,35.1,39.1,1.282,0.084
25.035,92.705,509.0,15.35,28.0,223.7,-0.6904,-0.7235,26.5,36.3,37.2,1.268,0.2088
25.035,92.71,480.0,13.53,28.0,307.3,-0.795,0.6066,27.3,34.4,38.4,1.268,0.1845
25.035,92.715,656.0,11.17,28.0,317.7,-0.6733,0.7394,28.0,34.4,37.6,1.277,0.1517
25.035,92.72,627.0,12.64,28.0,337.1,-0.3886,0.9214,28.6,37.9,33.5,1.275,0.1716
25.035,92.725,864.0,9.71,28.0,293.2,-0.9188,0.3947,27.1,34.5,38.4,1.286,0.1312
25.035,92.73,695.0,21.28,28.0,200.2,-0.3459,-0.9383,28.2,37.4,34.4,1.27,0.2858
25.035,92.735,496.0,18.36,28.0,197.3,-0.2977,-0.9546,27.1,35.5,37.4,1.265,0.249
25.035,92.74,376.0,12.44,28.0,290.6,-0.9363,0.3511,27.3,32.5,40.3,1.265,0.1703
25.035,92.745,574.0,12.04,28.0,310.0,-0.7663,0.6424,26.3,35.0,38.7,1.273,0.1639
25.035,92.75,514.0,19.24,28.0,285.7,-0.9628,0.2704,26.9,37.6,35.5,1.265,0.2605
25.035,92.755,669.0,18.47,28.0,266.1,-0.9977,-0.0684,26.4,38.6,35.0,1.271,0.2493
25.035,92.76,491.0,21.31,28.0,196.3,-0.2809,-0.9597,26.8,34.3,38.9,1.262,0.288
25.035,92.765,292.0,15.08,28.0,195.1,-0.26,-0.9656,29.3,34.3,36.4,1.259,0.2066
25.035,92.77,229.0,17.29,28.0,259.0,-0.9815,-0.1915,26.9,35.7,37.4,1.255,0.2368
25.035,92.775,232.0,15.6,28.0,247.4,-0.9233,-0.3841,31.2,36.2,32.7,1.256,0.2141
25.035,92.78,121.0,9.4,28.0,111.1,0.933,-0.3598,28.6,34.3,37.1,1.257,0.1299
25.035,92.785,172.0,18.66,28.0,34.9,0.5718,0.8204,28.2,36.8,35.0,1.251,0.2558
25.035,92.79,400.0,19.19,28.0,57.6,0.8439,0.5364,27.0,37.7,35.3,1.26,0.2609
25.035,92.795,360.0,9.64,28.0,90.3,1.0,-0.0058,28.8,33.2,37.9,1.266,0.1323
25.035,92.8,399.0,10.3,28.0,21.8,0.3706,0.9288,27.3,36.1,36.5,1.267,0.1411
25.035,92.805,530.0,13.59,28.0,13.1,0.2267,0.974,28.1,36.3,35.6,1.27,0.185
25.035,92.81,636.0,7.75,28.0,73.0,0.9565,0.2917,31.1,33.6,35.3,1.279,0.1054
25.035,92.815,570.0,6.27,28.0,62.0,0.8827,0.4699,27.9,36.1,36.0,1.278,0.0855
25.035,92.82,688.0,13.88,28.0,44.0,0.6944,0.7195,29.4,38.0,32.6,1.276,0.188
25.035,92.825,749.0,8.98,28.0,104.9,0.9662,-0.2576,27.2,35.8,37.0,1.282,0.1218
25.035,92.83,647.0,13.31,28.0,178.3,0.0304,-0.9995,28.0,31.0,41.0,1.275,0.1806
25.035,92.835,511.0,13.86,28.0,188.2,-0.1419,-0.9899,30.1,38.1,31.8,1.269,0.1888
25.035,92.84,401.0,4.82,28.0,233.1,-0.7993,-0.6009,27.2,34.5,38.3,1.272,0.0661
25.035,92.845,460.0,14.79,28.0,279.3,-0.9868,0.1618,30.2,39.0,30.9,1.266,0.2016
25.035,92.85,444.0,15.71,28.0,310.0,-0.7663,0.6425,28.8,38.0,33.1,1.265,0.214
25.035,92.855,642.0,9.4,28.0,279.0,-0.9878,0.156,27.3,36.9,35.8,1.278,0.1278
25.035,92.86,470.0,19.87,28.0,201.3,-0.363,-0.9318,28.8,38.6,32.6,1.262,0.2693
25.035,92.865,303.0,11.41,28.0,254.0,-0.9613,-0.2755,29.2,37.1,33.8,1.263,0.1566
25.035,92.87,414.0,16.38,28.0,349.4,-0.1833,0.9831,28.7,39.4,31.9,1.263,0.2233
25.035,92.875,594.0,10.51,28.0,278.9,-0.9879,0.1553,26.1,35.1,38.8,1.275,0.1431
25.035,92.88,443.0,17.36,28.0,270.9,-0.9999,0.0159,27.1,34.3,38.6,1.263,0.2362
25.035,92.885,599.0,9.8,28.0,263.4,-0.9934,-0.115,27.7,34.2,38.1,1.276,0.1334
25.035,92.89,423.0,15.75,28.0,203.7,-0.4015,-0.9159,27.9,36.8,35.3,1.264,0.2147
25.035,92.895,339.0,12.54,28.0,192.1,-0.21,-0.9777,28.7,35.5,35.8,1.263,0.1719
25.035,92.9,204.0,9.55,28.0,243.7,-0.8967,-0.4426,28.2,32.7,39.1,1.26,0.1317
25.035,92.905,264.0,9.83,28.0,356.1,-0.0674,0.9977,26.4,32.2,41.4,1.262,0.1353
25.035,92.91,378.0,7.51,28.0,246.0,-0.9134,-0.407,28.5,32.9,38.7,1.269,0.103
25.035,92.915,210.0,11.3,28.0,199.2,-0.3283,-0.9446,28.7,36.2,35.0,1.259,0.1556
25.035,92.92,188.0,10.76,28.0,332.1,-0.4682,0.8836,28.7,37.2,34.1,1.259,0.1483
25.035,92.925,379.0,10.64,28.0,325.0,-0.5736,0.8191,29.3,36.2,34.5,1.266,0.1458
25.035,92.93,343.0,9.07,28.0,192.3,-0.2139,-0.9769,29.0,36.0,35.0,1.266,0.1245
25.035,92.935,222.0,3.92,28.0,166.3,0.2361,-0.9717,28.6,32.9,38.5,1.266,0.054
25.035,92.94,276.0,18.62,28.0,301.4,-0.8531,0.5217,27.9,34.4,37.7,1.256,0.2542
25.035,92.945,399.0,18.32,28.0,278.1,-0.99,0.1409,26.0,36.2,37.8,1.261,0.2493
25.035,92.95,323.0,8.82,28.0,247.0,-0.9206,-0.3905,28.5,34.0,37.5,1.266,0.1211
25.035,92.955,338.0,19.14,28.0,2.8,0.0492,0.9988,28.2,36.4,35.4,1.258,0.2606
25.035,92.96,672.0,17.29,28.0,29.0,0.485,0.8745,28.3,36.7,35.0,1.272,0.2337
25.035,92.965,612.0,18.7,28.0,95.6,0.9953,-0.0968,26.5,37.6,35.9,1.269,0.2527
25.035,92.97,639.0,12.82,28.0,80.7,0.9869,0.1615,26.7,36.7,36.6,1.275,0.174
25.035,92.975,649.0,8.46,28.0,168.9,0.1932,-0.9812,29.3,33.8,36.9,1.279,0.115
25.035,92.98,492.0,12.43,28.0,78.0,0.9783,0.2073,28.0,32.5,39.6,1.269,0.1696
25.035,92.985,695.0,14.88,28.0,27.6,0.4633,0.8862,28.8,35.2,35.9,1.275,0.2014
25.035,92.99,729.0,22.2,28.0,38.9,0.6273,0.7788,28.0,38.0,34.0,1.271,0.2973
25.035,92.995,1015.0,33.37,28.0,30.4,0.506,0.8625,32.0,42.7,25.2,1.273,0.4321
25.04,92.5,667.0,12.23,28.0,195.9,-0.2734,-0.9619,29.1,34.4,36.5,1.276,0.166
25.04,92.505,562.0,15.46,28.0,154.8,0.4255,-0.905,27.4,36.9,35.7,1.27,0.2099
25.04,92.51,415.0,16.08,28.0,178.2,0.0312,-0.9995,28.1,36.7,35.2,1.263,0.2193
25.04,92.515,272.0,4.82,28.0,237.2,-0.8408,-0.5413,27.4,33.4,39.2,1.267,0.0663
25.04,92.52,369.0,16.85,28.0,318.4,-0.6642,0.7475,27.5,37.9,34.6,1.261,0.2299
25.04,92.525,500.0,13.6,28.0,246.5,-0.9173,-0.3983,27.6,34.6,37.7,1.269,0.1853
25.04,92.53,272.0,15.29,28.0,210.2,-0.5027,-0.8645,28.3,35.2,36.5,1.258,0.2096
25.04,92.535,262.0,18.68,28.0,240.6,-0.8714,-0.4905,27.4,37.0,35.6,1.255,0.2552
25.04,92.54,105.0,3.64,28.0,180.8,-0.0141,-0.9999,29.5,32.0,38.5,1.261,0.0503
25.04,92.545,198.0,17.9,28.0,39.8,0.6396,0.7687,26.9,37.5,35.5,1.253,0.2453
25.04,92.55,355.0,20.79,28.0,48.2,0.7451,0.6669,27.8,36.5,35.8,1.257,0.2824
25.04,92.555,453.0,14.36,28.0,13.2,0.2281,0.9736,27.5,36.2,36.4,1.266,0.1959
25.04,92.56,606.0,17.74,28.0,46.4,0.7245,0.6893,29.7,36.6,33.7,1.269,0.2401
25.04,92.565,675.0,12.18,28.0,136.6,0.6867,-0.727,28.2,35.6,36.2,1.277,0.1652
25.04,92.57,448.0,14.72,28.0,114.1,0.9129,-0.4082,29.2,35.2,35.5,1.266,0.2007
25.04,92.575,567.0,9.31,28.0,36.3,0.592,0.806,26.2,34.0,39.8,1.275,0.1269
25.04,92.58,581.0,1.74,28.0,76.8,0.9736,0.2283,28.3,32.6,39.1,1.282,0.0237
25.04,92.585,574.0,7.66,28.0,60.3,0.8688,0.4951,29.1,34.3,36.6,1.277,0.1044
25.04,92.59,648.0,10.66,28.0,355.6,-0.0763,0.9971,28.1,34.8,37.1,1.277,0.1449
25.04,92.595,763.0,9.92,28.0,128.7,0.7808,-0.6248,29.3,37.2,33.5,1.282,0.1344
25.04,92.6,538.0,15.64,28.0,144.7,0.5778,-0.8162,27.4,34.7,37.9,1.268,0.2126
25.04,92.605,533.0,8.03,28.0,147.7,0.5349,-0.8449,29.7,34.0,36.3,1.275,0.1096
25.04,92.61,418.0,11.33,28.0,164.1,0.2735,-0.9619,30.8,32.7,36.6,1.267,0.1551
25.04,92.615,339.0,13.46,28.0,175.0,0.0864,-0.9963,27.6,36.1,36.3,1.262,0.1844
25.04,92.62,178.0,6.62,28.0,236.8,-0.8365,-0.548,27.5,32.1,40.4,1.262,0.0914
25.04,92.625,275.0,11.31,28.0,69.1,0.9339,0.3574,29.7,34.6,35.7,1.262,0.1554
25.04,92.63,250.0,13.49,28.0,66.1,0.9139,0.4058,29.9,35.0,35.1,1.259,0.1853
25.04,92.635,373.0,13.05,28.0,74.8,0.9652,0.2614,27.4,35.9,36.7,1.264,0.1786
25.04,92.64,311.0,5.79,28.0,31.5,0.5229,0.8524,27.5,32.7,39.8,1.268,0.0796
25.04,92.645,460.0,4.25,28.0,8.3,0.1451,0.9894,27.7,32.2,40.1,1.275,0.0581
25.04,92.65,385.0,9.72,28.0,275.0,-0.9962,0.087,26.4,36.7,36.9,1.267,0.1333
25.04,92.655,475.0,16.43,28.0,307.1,-0.7979,0.6027,26.9,36.8,36.3,1.265,0.2236
25.04,92.66,564.0,7.4,28.0,303.9,-0.8298,0.5581,26.8,33.1,40.1,1.276,0.1009
25.04,92.665,548.0,16.38,28.0,246.9,-0.92,-0.392,27.1,36.0,36.9,1.268,0.2224
25.04,92.67,448.0,15.09,28.0,278.3,-0.9896,0.1437,28.0,38.5,33.5,1.265,0.2058
25.04,92.675,587.0,5.48,28.0,199.7,-0.3369,-0.9415,28.3,33.1,38.6,1.279,0.0747
25.04,92.68,357.0,15.87,28.0,182.2,-0.0379,-0.9993,29.9,35.2,34.9,1.261,0.2169
25.04,92.685,301.0,12.57,28.0,302.6,-0.8422,0.5391,26.8,34.3,38.9,1.262,0.1725
25.04,92.69,478.0,9.75,28.0,340.4,-0.3347,0.9423,29.2,33.8,37.0,1.271,0.1332
25.04,92.695,464.0,9.35,28.0,20.8,0.3546,0.935,27.7,33.6,38.7,1.271,0.1278
25.04,92.7,633.0,13.74,28.0,13.8,0.2389,0.9711,27.9,33.7,38.3,1.274,0.1864
25.04,92.705,703.0,13.0,28.0,269.5,-1.0,-0.0086,28.8,33.8,37.4,1.277,0.1762
25.04,92.71,631.0,8.56,28.0,253.9,-0.9608,-0.2771,26.7,33.0,40.3,1.278,0.1165
25.04,92.715,661.0,6.88,28.0,324.5,-0.5803,0.8144,28.5,34.7,36.8,1.281,0.0935
25.04,92.72,730.0,14.89,28.0,312.0,-0.7435,0.6688,28.2,35.4,36.4,1.277,0.2012
25.04,92.725,840.0,11.33,28.0,90.0,1.0,0.0,28.6,34.7,36.7,1.284,0.153
25.04,92.73,730.0,18.63,28.0,161.0,0.3251,-0.9457,28.3,38.9,32.8,1.274,0.2508
25.04,92.735,519.0,16.51,28.0,222.5,-0.6758,-0.7371,30.9,38.3,30.7,1.267,0.2243
25.04,92.74,510.0,18.55,28.0,293.7,-0.9154,0.4025,27.2,36.5,36.2,1.265,0.2515
25.04,92.745,655.0,11.81,28.0,332.1,-0.4683,0.8836,27.4,34.2,38.4,1.276,0.1604
25.04,92.75,696.0,14.72,28.0,297.2,-0.8892,0.4575,27.3,34.6,38.1,1.276,0.1991
25.04,92.755,776.0,9.7,28.0,206.5,-0.4467,-0.8947,27.3,35.6,37.0,1.283,0.1313
25.04,92.76,542.0,21.78,28.0,190.9,-0.1889,-0.982,27.2,37.5,35.3,1.264,0.2935
25.04,92.765,381.0,14.68,28.0,245.3,-0.9089,-0.4171,29.4,35.3,35.2,1.263,0.2006
25.04,92.77,432.0,17.42,28.0,263.5,-0.9935,-0.114,29.7,35.4,34.9,1.263,0.237
25.04,92.775,345.0,18.6,28.0,202.9,-0.3898,-0.9209,27.3,35.8,36.9,1.258,0.2535
25.04,92.78,120.0,10.62,28.0,202.8,-0.3881,-0.9216,27.0,35.3,37.7,1.256,0.1467
25.04,92.785,171.0,7.43,28.0,4.3,0.0757,0.9971,28.6,32.0,39.4,1.261,0.1025
25.04,92.79,251.0,18.91,28.0,41.6,0.6636,0.7481,27.3,38.5,34.1,1.254,0.2584
25.04,92.795,429.0,16.43,28.0,20.5,0.3504,0.9366,28.8,35.6,35.7,1.263,0.2239
25.04,92.8,529.0,5.87,28.0,59.9,0.8648,0.5022,28.2,33.3,38.4,1.276,0.0802
25.04,92.805,481.0,17.63,28.0,116.0,0.8991,-0.4377,26.2,34.7,39.1,1.265,0.2394
25.04,92.81,389.0,9.31,28.0,85.8,0.9974,0.0727,29.9,34.5,35.7,1.268,0.1276
25.04,92.815,493.0,14.43,28.0,23.2,0.3946,0.9189,30.2,35.4,34.5,1.268,0.1965
25.04,92.82,627.0,16.74,28.0,29.7,0.4958,0.8684,27.3,36.4,36.3,1.271,0.2266
25.04,92.825,756.0,4.49,28.0,356.7,-0.0572,0.9984,27.5,35.4,37.1,1.286,0.0609
25.04,92.83,706.0,11.45,28.0,208.0,-0.4701,-0.8826,28.3,35.3,36.3,1.279,0.1552
25.04,92.835,576.0,12.64,28.0,187.4,-0.1281,-0.9918,28.4,34.2,37.4,1.273,0.1719
25.04,92.84,482.0,13.85,28.0,273.5,-0.9982,0.0604,28.8,34.6,36.6,1.268,0.1888
25.04,92.845,591.0,19.6,28.0,293.7,-0.9158,0.4017,30.4,38.1,31.5,1.267,0.2648
25.04,92.85,626.0,9.09,28.0,253.8,-0.9602,-0.2794,27.8,36.4,35.8,1.277,0.1237
25.04,92.855,546.0,9.34,28.0,143.5,0.5955,-0.8034,27.0,34.9,38.0,1.274,0.1274
25.04,92.86,493.0,7.58,28.0,244.8,-0.9049,-0.4256,26.3,35.1,38.6,1.273,0.1036
25.04,92.865,489.0,18.05,28.0,264.4,-0.9952,-0.0975,27.1,37.7,35.1,1.265,0.2449
25.04,92.87,461.0,14.88,28.0,292.2,-0.926,0.3774,28.0,38.1,33.9,1.266,0.2028
25.04,92.875,590.0,11.36,28.0,357.2,-0.0492,0.9988,30.2,32.1,37.7,1.274,0.1546
25.04,92.88,663.0,18.64,28.0,285.4,-0.9642,0.265,27.4,38.0,34.6,1.271,0.2515
25.04,92.885,680.0,11.79,28.0,216.4,-0.5941,-0.8044,28.3,36.6,35.1,1.277,0.16
25.04,92.89,494.0,16.63,28.0,208.2,-0.4723,-0.8814,28.0,34.4,37.6,1.266,0.2261
25.04,92.895,415.0,8.91,28.0,205.8,-0.4357,-0.9001,29.4,33.0,37.5,1.269,0.1221
25.04,92.9,352.0,15.56,28.0,233.4,-0.8033,-0.5956,31.0,34.9,34.1,1.261,0.2127
25.04,92.905,248.0,3.73,28.0,290.5,-0.9366,0.3503,27.4,31.9,40.7,1.267,0.0513
25.04,92.91,375.0,7.37,28.0,313.7,-0.7225,0.6913,27.4,33.2,39.3,1.269,0.1011
25.04,92.915,338.0,14.49,28.0,256.7,-0.9731,-0.2305,29.3,36.2,34.5,1.261,0.1984
25.04,92.92,315.0,13.42,28.0,263.5,-0.9937,-0.1124,28.8,36.9,34.3,1.261,0.1841
25.04,92.925,311.0,6.16,28.0,333.3,-0.4497,0.8932,30.2,35.3,34.5,1.267,0.0847
25.04,92.93,412.0,9.78,28.0,247.3,-0.9225,-0.3861,28.7,33.4,37.9,1.268,0.134
25.04,92.935,244.0,7.06,28.0,297.7,-0.8852,0.4653,27.6,32.6,39.8,1.264,0.0972
25.04,92.94,470.0,18.92,28.0,329.1,-0.5138,0.8579,28.7,39.0,32.3,1.263,0.2567
25.04,92.945,540.0,19.66,28.0,284.0,-0.9703,0.2418,29.3,38.2,32.5,1.265,0.266
25.04,92.95,557.0,22.48,28.0,241.3,-0.8772,-0.4801,29.0,38.1,32.9,1.264,0.3025
25.04,92.955,340.0,15.85,28.0,211.0,-0.5156,-0.8568,28.6,36.9,34.5,1.26,0.2168
25.04,92.96,312.0,13.09,28.0,64.7,0.9042,0.4272,29.3,35.4,35.3,1.262,0.1795
25.04,92.965,440.0,17.87,28.0,42.6,0.6769,0.7361,29.4,37.6,33.0,1.263,0.243
25.04,92.97,551.0,17.57,28.0,68.5,0.9303,0.3669,29.7,36.2,34.2,1.267,0.2383
25.04,92.975,557.0,16.27,28.0,106.8,0.9573,-0.2893,28.8,36.7,34.5,1.269,0.2208
25.04,92.98,466.0,2.56,28.0,358.8,-0.0201,0.9998,27.8,30.4,41.8,1.277,0.035
25.04,92.985,602.0,13.96,28.0,52.3,0.7914,0.6113,28.2,34.7,37.1,1.272,0.1897
25.04,92.99,619.0,12.06,28.0,55.1,0.8202,0.572,29.4,34.2,36.4,1.275,0.1639
25.04,92.995,725.0,23.25,28.0,60.7,0.8717,0.49,27.0,37.6,35.3,1.27,0.3108
25.045,92.5,628.0,9.38,28.0,159.6,0.3479,-0.9375,28.4,33.1,38.4,1.277,0.1276
25.045,92.505,550.0,12.68,28.0,236.5,-0.8341,-0.5516,27.5,34.6,37.9,1.271,0.1727
25.045,92.51,503.0,9.74,28.0,232.2,-0.79,-0.6131,28.0,32.3,39.6,1.272,0.133
25.045,92.515,444.0,13.45,28.0,268.1,-0.9994,-0.0332,29.5,36.4,34.1,1.267,0.1836
25.045,92.52,495.0,14.88,28.0,299.3,-0.872,0.4895,28.2,35.8,35.9,1.267,0.2027
25.045,92.525,575.0,5.91,28.0,231.4,-0.7814,-0.624,28.1,31.0,40.9,1.278,0.0806
25.045,92.53,430.0,9.44,28.0,215.7,-0.5834,-0.8122,26.4,33.3,40.4,1.269,0.1292
25.045,92.535,439.0,14.84,28.0,170.2,0.1695,-0.9855,28.9,36.5,34.6,1.265,0.2025
25.045,92.54,167.0,19.37,28.0,180.4,-0.0077,-1.0,28.8,36.4,34.9,1.251,0.2651
25.045,92.545,85.0,5.32,28.0,96.1,0.9943,-0.1067,27.6,32.4,40.0,1.259,0.0736
25.045,92.55,157.0,19.2,28.0,42.1,0.6708,0.7416,27.6,37.0,35.4,1.25,0.2631
25.045,92.555,345.0,19.18,28.0,49.4,0.7592,0.6509,28.3,37.6,34.1,1.258,0.2612
25.045,92.56,385.0,21.83,28.0,67.9,0.9263,0.3769,28.3,35.7,36.0,1.257,0.2958
25.045,92.565,497.0,24.59,28.0,103.7,0.9716,-0.2365,29.9,39.4,30.7,1.259,0.3305
25.045,92.57,276.0,13.65,28.0,92.6,0.999,-0.045,27.9,34.4,37.7,1.26,0.1873
25.045,92.575,486.0,19.85,28.0,59.4,0.8608,0.5089,28.3,37.3,34.4,1.263,0.2689
25.045,92.58,461.0,13.32,28.0,99.4,0.9865,-0.1636,28.7,35.5,35.8,1.267,0.1818
25.045,92.585,447.0,11.02,28.0,24.8,0.4197,0.9077,28.2,34.1,37.6,1.269,0.1506
25.045,92.59,639.0,8.84,28.0,351.7,-0.1444,0.9895,27.5,32.8,39.7,1.278,0.1202
25.045,92.595,602.0,16.55,28.0,133.5,0.7254,-0.6884,28.2,36.0,35.8,1.27,0.2243
25.045,92.6,433.0,16.37,28.0,132.5,0.7368,-0.6761,29.3,38.8,31.9,1.264,0.223
25.045,92.605,402.0,15.23,28.0,98.2,0.9898,-0.1423,26.8,34.0,39.2,1.263,0.208
25.045,92.61,394.0,11.74,28.0,122.1,0.8476,-0.5307,28.2,37.7,34.2,1.266,0.1607
25.045,92.615,291.0,13.45,28.0,140.6,0.6349,-0.7726,27.2,35.2,37.6,1.26,0.1846
25.045,92.62,208.0,12.57,28.0,169.8,0.1772,-0.9842,29.4,35.4,35.2,1.258,0.173
25.045,92.625,70.0,11.0,28.0,119.7,0.8686,-0.4955,23.2,33.3,43.5,1.254,0.1522
25.045,92.63,111.0,11.23,28.0,41.0,0.6557,0.755,27.3,33.8,38.8,1.255,0.1552
25.045,92.635,221.0,16.39,28.0,31.7,0.5253,0.8509,28.5,35.6,35.9,1.255,0.2248
25.045,92.64,363.0,12.52,28.0,3.9,0.0688,0.9976,29.9,33.8,36.4,1.264,0.1715
25.045,92.645,444.0,10.9,28.0,45.9,0.7181,0.696,27.9,34.6,37.5,1.269,0.149
25.045,92.65,498.0,14.81,28.0,5.3,0.0918,0.9958,27.3,35.3,37.3,1.268,0.2016
25.045,92.655,709.0,12.08,28.0,351.3,-0.1511,0.9885,30.3,38.0,31.7,1.278,0.1638
25.045,92.66,711.0,5.66,28.0,283.9,-0.9706,0.2407,26.3,31.8,42.0,1.284,0.0768
25.045,92.665,733.0,16.67,28.0,263.3,-0.9932,-0.1161,25.4,36.6,38.0,1.275,0.225
25.045,92.67,676.0,16.4,28.0,207.4,-0.4609,-0.8875,28.5,36.7,34.7,1.273,0.2218
25.045,92.675,470.0,15.27,28.0,159.8,0.3454,-0.9384,27.4,34.5,38.1,1.266,0.208
25.045,92.68,418.0,10.23,28.0,277.9,-0.9905,0.1376,26.8,35.8,37.5,1.268,0.1401
25.045,92.685,495.0,16.28,28.0,289.3,-0.9441,0.3298,28.9,35.7,35.4,1.266,0.2214
25.045,92.69,515.0,6.42,28.0,299.6,-0.8695,0.4939,28.3,30.0,41.7,1.275,0.0877
25.045,92.695,551.0,10.91,28.0,301.0,-0.8572,0.515,27.3,35.9,36.8,1.273,0.1487
25.045,92.7,615.0,12.1,28.0,355.0,-0.088,0.9961,26.5,33.6,40.0,1.275,0.1644
25.045,92.705,766.0,2.37,28.0,51.4,0.7814,0.624,29.0,31.1,39.9,1.289,0.0321
25.045,92.71,641.0,3.15,28.0,125.3,0.8163,-0.5776,28.8,33.9,37.3,1.283,0.0428
25.045,92.715,734.0,12.93,28.0,27.0,0.4538,0.8911,27.9,34.9,37.2,1.279,0.1749
25.045,92.72,847.0,5.96,28.0,207.7,-0.465,-0.8853,30.2,35.0,34.8,1.289,0.0806
25.045,92.725,641.0,20.15,28.0,137.9,0.6708,-0.7416,26.7,39.2,34.1,1.269,0.2715
25.045,92.73,573.0,13.59,28.0,71.3,0.9473,0.3204,26.2,34.7,39.2,1.272,0.1847
25.045,92.735,719.0,8.61,28.0,342.0,-0.3085,0.9512,27.2,35.5,37.3,1.282,0.1168
25.045,92.74,718.0,4.36,28.0,242.0,-0.8833,-0.4688,27.9,32.0,40.0,1.285,0.0592
25.045,92.745,683.0,7.55,28.0,294.8,-0.9078,0.4194,28.3,37.4,34.3,1.281,0.1026
25.045,92.75,774.0,7.21,28.0,303.9,-0.8304,0.5571,27.7,32.9,39.4,1.285,0.0977
25.045,92.755,754.0,14.36,28.0,140.6,0.6353,-0.7723,28.4,37.4,34.2,1.278,0.1941
25.045,92.76,575.0,14.62,28.0,221.4,-0.6613,-0.7501,26.5,37.2,36.3,1.271,0.1986
25.045,92.765,557.0,17.13,28.0,270.2,-1.0,0.0032,29.7,37.0,33.2,1.268,0.2323
25.045,92.77,576.0,11.33,28.0,207.5,-0.4617,-0.8871,27.9,34.0,38.1,1.274,0.1542
25.045,92.775,378.0,20.38,28.0,179.9,0.0024,-1.0,29.3,37.2,33.5,1.258,0.2768
25.045,92.78,202.0,15.98,28.0,221.2,-0.6586,-0.7525,28.4,33.0,38.6,1.255,0.2194
25.045,92.785,161.0,9.5,28.0,250.9,-0.9452,-0.3266,28.5,34.9,36.6,1.259,0.1311
25.045,92.79,147.0,6.06,28.0,38.2,0.618,0.7862,28.7,34.1,37.2,1.261,0.0837
25.045,92.795,245.0,18.59,28.0,63.1,0.8921,0.4518,28.5,37.2,34.3,1.254,0.2542
25.045,92.8,300.0,22.08,28.0,94.6,0.9967,-0.0808,28.8,33.4,37.8,1.254,0.2998
25.045,92.805,212.0,12.94,28.0,48.3,0.7465,0.6654,29.6,33.6,36.9,1.258,0.178
25.045,92.81,454.0,14.51,28.0,19.9,0.3402,0.9403,28.2,34.7,37.0,1.266,0.1979
25.045,92.815,457.0,5.1,28.0,40.8,0.654,0.7565,28.9,33.8,37.4,1.274,0.0698
25.045,92.82,522.0,16.44,28.0,1.6,0.0274,0.9996,27.9,36.8,35.3,1.267,0.2234
25.045,92.825,754.0,13.42,28.0,16.0,0.2748,0.9615,29.7,35.3,34.9,1.279,0.1815
25.045,92.83,753.0,11.86,28.0,183.4,-0.0599,-0.9982,27.2,36.1,36.7,1.28,0.1606
25.045,92.835,543.0,7.81,28.0,235.6,-0.8252,-0.5648,30.2,32.5,37.3,1.275,0.1066
25.045,92.84,675.0,19.5,28.0,321.8,-0.619,0.7854,28.0,38.1,33.9,1.271,0.2626
25.045,92.845,823.0,7.29,28.0,242.2,-0.8849,-0.4659,26.3,34.7,39.1,1.287,0.0986
25.045,92.85,615.0,16.24,28.0,188.5,-0.1481,-0.989,28.2,36.9,34.9,1.271,0.22
25.045,92.855,533.0,3.55,28.0,259.9,-0.9844,-0.1761,27.2,32.7,40.1,1.278,0.0485
25.045,92.86,604.0,13.35,28.0,303.2,-0.8364,0.5481,29.0,38.3,32.7,1.273,0.1814
25.045,92.865,664.0,17.75,28.0,285.1,-0.9654,0.2606,27.2,37.5,35.3,1.272,0.2397
25.045,92.87,688.0,22.65,28.0,261.9,-0.9901,-0.1404,27.5,36.6,35.9,1.269,0.3035
25.045,92.875,605.0,10.43,28.0,309.1,-0.7757,0.6311,25.7,35.2,39.1,1.276,0.1419
25.045,92.88,805.0,13.67,28.0,302.6,-0.8422,0.5391,27.5,36.8,35.8,1.281,0.1845
25.045,92.885,737.0,12.75,28.0,189.1,-0.1588,-0.9873,25.1,34.5,40.4,1.279,0.1726
25.045,92.89,580.0,17.9,28.0,188.2,-0.1418,-0.9899,26.1,38.4,35.5,1.268,0.2424
25.045,92.895,415.0,12.99,28.0,236.9,-0.8373,-0.5468,28.9,36.0,35.1,1.266,0.1776
25.045,92.9,453.0,8.72,28.0,237.5,-0.8433,-0.5374,28.9,30.8,40.2,1.271,0.1193
25.045,92.905,332.0,10.12,28.0,279.3,-0.9869,0.1614,28.5,35.1,36.3,1.265,0.1389
25.045,92.91,482.0,9.07,28.0,349.3,-0.1856,0.9826,26.8,33.8,39.4,1.272,0.1239
25.045,92.915,490.0,16.07,28.0,264.1,-0.9946,-0.1034,27.9,37.1,35.0,1.266,0.2187
25.045,92.92,452.0,18.95,28.0,260.5,-0.9863,-0.1649,28.0,38.5,33.5,1.262,0.2573
25.045,92.925,433.0,21.85,28.0,279.7,-0.9857,0.1684,26.6,38.1,35.3,1.259,0.2956
25.045,92.93,520.0,9.96,28.0,239.8,-0.8642,-0.5032,29.8,37.2,33.0,1.272,0.136
25.045,92.935,344.0,11.44,28.0,256.4,-0.9719,-0.2355,29.1,34.8,36.2,1.264,0.1569
25.045,92.94,472.0,24.87,28.0,340.9,-0.3275,0.9449,27.7,39.6,32.7,1.258,0.3343
25.045,92.945,785.0,19.48,28.0,315.7,-0.6983,0.7159,28.0,38.4,33.6,1.275,0.2616
25.045,92.95,727.0,22.35,28.0,226.7,-0.7276,-0.686,28.3,37.8,33.9,1.27,0.2994
25.045,92.955,501.0,25.93,28.0,233.8,-0.8072,-0.5902,29.5,40.1,30.4,1.258,0.3476
25.045,92.96,438.0,15.2,28.0,241.2,-0.8759,-0.4824,27.7,35.2,37.1,1.265,0.2073
25.045,92.965,369.0,7.49,28.0,196.3,-0.2803,-0.9599,27.2,33.4,39.5,1.269,0.1027
25.045,92.97,311.0,3.55,28.0,119.7,0.8683,-0.496,26.8,31.0,42.2,1.269,0.0488
25.045,92.975,338.0,13.7,28.0,42.1,0.6708,0.7416,27.7,36.0,36.3,1.262,0.1877
25.045,92.98,493.0,8.53,28.0,24.0,0.4071,0.9134,30.2,34.8,35.1,1.273,0.1165
25.045,92.985,476.0,3.25,28.0,44.1,0.6965,0.7176,28.8,34.6,36.6,1.276,0.0444
25.045,92.99,534.0,6.92,28.0,356.6,-0.0592,0.9982,27.3,35.0,37.7,1.276,0.0944
25.045,92.995,598.0,7.25,28.0,1.2,0.0212,0.9998,28.7,33.5,37.8,1.278,0.0987
25.05,92.5,603.0,21.02,28.0,29.7,0.4956,0.8685,29.7,35.8,34.5,1.267,0.2831
25.05,92.505,771.0,2.11,28.0,178.6,0.0244,-0.9997,29.1,33.2,37.7,1.289,0.0286
25.05,92.51,566.0,15.26,28.0,212.0,-0.53,-0.848,28.1,37.7,34.2,1.27,0.2072
25.05,92.515,538.0,10.22,28.0,289.6,-0.9418,0.3361,27.2,35.9,36.9,1.273,0.1394
25.05,92.52,627.0,3.36,28.0,28.3,0.4746,0.8802,28.8,34.5,36.6,1.282,0.0457
25.05,92.525,590.0,18.59,28.0,136.8,0.6839,-0.7296,28.5,36.6,34.9,1.268,0.2514
25.05,92.53,380.0,22.75,28.0,153.5,0.4456,-0.8952,29.1,37.4,33.6,1.256,0.3079
25.05,92.535,212.0,19.24,28.0,140.7,0.6332,-0.774,28.8,36.0,35.2,1.252,0.2632
25.05,92.54,108.0,7.78,28.0,211.7,-0.526,-0.8505,29.3,34.0,36.7,1.258,0.1076
25.05,92.545,95.0,7.71,28.0,264.5,-0.9954,-0.0954,24.4,33.9,41.7,1.257,0.1067
25.05,92.55,95.0,3.87,28.0,20.2,0.3449,0.9386,26.6,33.3,40.1,1.261,0.0535
25.05,92.555,159.0,13.35,28.0,65.8,0.9121,0.4101,28.2,35.4,36.4,1.255,0.184
25.05,92.56,193.0,13.59,28.0,85.0,0.9963,0.0863,30.5,35.4,34.1,1.256,0.1871
25.05,92.565,180.0,18.59,28.0,92.5,0.999,-0.0443,27.2,35.8,37.0,1.252,0.2546
25.05,92.57,178.0,7.29,28.0,71.4,0.948,0.3183,30.1,35.4,34.6,1.261,0.1006
25.05,92.575,221.0,16.07,28.0,60.5,0.87,0.493,28.2,36.4,35.4,1.255,0.2206
25.05,92.58,321.0,18.85,28.0,40.3,0.6473,0.7622,27.2,36.8,36.0,1.257,0.257
25.05,92.585,483.0,19.47,28.0,8.5,0.1474,0.9891,27.4,36.1,36.5,1.263,0.2639
25.05,92.59,673.0,10.33,28.0,77.4,0.976,0.218,27.6,32.8,39.6,1.278,0.1403
25.05,92.595,523.0,22.59,28.0,153.9,0.4405,-0.8977,28.5,40.0,31.5,1.262,0.3044
25.05,92.6,297.0,17.52,28.0,155.8,0.4097,-0.9122,28.6,37.5,33.9,1.257,0.2395
25.05,92.605,233.0,11.05,28.0,112.4,0.9244,-0.3814,27.3,32.5,40.2,1.26,0.1521
25.05,92.61,222.0,12.13,28.0,106.9,0.9567,-0.291,28.0,36.4,35.6,1.259,0.1669
25.05,92.615,170.0,8.58,28.0,125.4,0.8153,-0.579,30.6,35.7,33.8,1.26,0.1184
25.05,92.62,134.0,7.33,28.0,129.8,0.7679,-0.6406,30.1,34.1,35.8,1.259,0.1013
25.05,92.625,87.0,2.06,28.0,216.8,-0.5992,-0.8006,25.5,34.9,39.5,1.262,0.0285
25.05,92.63,105.0,6.57,28.0,10.8,0.1871,0.9823,28.0,34.1,37.9,1.259,0.0909
25.05,92.635,201.0,11.46,28.0,22.1,0.3768,0.9263,28.1,32.9,38.9,1.258,0.1579
25.05,92.64,294.0,6.19,28.0,15.9,0.2734,0.9619,28.7,34.2,37.1,1.267,0.0851
25.05,92.645,306.0,3.71,28.0,11.2,0.1941,0.981,26.8,33.4,39.9,1.269,0.051
25.05,92.65,358.0,11.7,28.0,349.5,-0.1822,0.9833,27.7,34.2,38.1,1.265,0.1603
25.05,92.655,511.0,19.94,28.0,31.0,0.5152,0.8571,26.0,38.2,35.8,1.264,0.2698
25.05,92.66,671.0,20.5,28.0,12.2,0.2114,0.9774,28.5,35.0,36.6,1.27,0.2758
25.05,92.665,879.0,5.12,28.0,217.0,-0.6019,-0.7986,28.8,34.9,36.4,1.291,0.0691
25.05,92.67,599.0,21.98,28.0,167.7,0.2137,-0.9769,27.4,36.5,36.0,1.266,0.2956
25.05,92.675,482.0,8.87,28.0,254.1,-0.9618,-0.2738,29.9,32.9,37.2,1.272,0.1212
25.05,92.68,556.0,15.48,28.0,296.9,-0.8921,0.4519,26.5,36.0,37.5,1.269,0.2103
25.05,92.685,608.0,13.06,28.0,277.6,-0.9912,0.1327,26.2,36.1,37.6,1.273,0.1775
25.05,92.69,587.0,5.94,28.0,292.5,-0.9242,0.382,28.3,33.8,37.9,1.279,0.0809
25.05,92.695,648.0,4.11,28.0,22.0,0.3754,0.9269,29.3,32.0,38.8,1.282,0.0559
25.05,92.7,654.0,4.45,28.0,76.0,0.9701,0.2426,30.0,32.4,37.6,1.282,0.0605
25.05,92.705,667.0,10.0,28.0,114.3,0.9116,-0.411,27.4,33.0,39.6,1.278,0.1359
25.05,92.71,581.0,9.18,28.0,138.6,0.6616,-0.7499,29.3,34.1,36.6,1.276,0.125
25.05,92.715,545.0,16.41,28.0,46.8,0.729,0.6846,28.0,38.0,34.1,1.268,0.2228
25.05,92.72,784.0,11.24,28.0,84.0,0.9945,0.105,27.8,35.0,37.2,1.282,0.152
25.05,92.725,566.0,18.21,28.0,158.9,0.3604,-0.9328,29.1,38.1,32.8,1.267,0.2466
25.05,92.73,475.0,7.88,28.0,87.9,0.9994,0.0359,28.8,36.3,34.9,1.272,0.1078
25.05,92.735,571.0,10.88,28.0,55.4,0.8227,0.5685,26.1,34.0,39.9,1.274,0.1482
25.05,92.74,585.0,16.05,28.0,41.2,0.6587,0.7524,29.8,36.0,34.2,1.27,0.2177
25.05,92.745,789.0,12.8,28.0,4.5,0.0791,0.9969,29.7,38.7,31.7,1.281,0.1729
25.05,92.75,813.0,14.69,28.0,137.3,0.6783,-0.7348,27.2,38.1,34.7,1.28,0.1981
25.05,92.755,595.0,13.75,28.0,108.7,0.9472,-0.3207,28.5,33.2,38.4,1.272,0.1869
25.05,92.76,734.0,8.7,28.0,326.9,-0.5462,0.8377,28.6,34.9,36.5,1.282,0.118
25.05,92.765,724.0,14.32,28.0,219.3,-0.6332,-0.774,28.3,35.8,35.9,1.277,0.1937
25.05,92.77,535.0,20.72,28.0,176.1,0.0689,-0.9976,27.3,38.8,33.9,1.264,0.2799
25.05,92.775,344.0,13.28,28.0,210.4,-0.5061,-0.8625,27.2,34.4,38.4,1.263,0.1819
25.05,92.78,330.0,13.0,28.0,270.7,-0.9999,0.0129,28.0,34.2,37.8,1.262,0.1782
25.05,92.785,347.0,16.31,28.0,238.9,-0.8566,-0.516,29.4,35.3,35.3,1.26,0.2229
25.05,92.79,178.0,15.8,28.0,207.8,-0.4666,-0.8844,28.7,35.4,36.0,1.254,0.2171
25.05,92.795,95.0,6.91,28.0,144.2,0.5852,-0.8109,24.6,35.1,40.4,1.258,0.0956
25.05,92.8,79.0,15.33,28.0,45.1,0.7078,0.7064,25.9,34.3,39.8,1.25,0.2115
25.05,92.805,290.0,11.93,28.0,4.6,0.0808,0.9967,24.6,34.2,41.2,1.262,0.1638
25.05,92.81,291.0,10.14,28.0,40.0,0.6427,0.7661,29.4,32.0,38.6,1.263,0.1394
25.05,92.815,428.0,17.99,28.0,359.5,-0.0083,1.0,25.9,38.3,35.8,1.262,0.2447
25.05,92.82,618.0,14.38,28.0,350.9,-0.1576,0.9875,27.6,37.7,34.7,1.273,0.1951
25.05,92.825,683.0,5.88,28.0,349.5,-0.1831,0.9831,26.7,33.1,40.3,1.282,0.0799
25.05,92.83,720.0,2.06,28.0,58.3,0.8507,0.5256,26.4,32.1,41.5,1.287,0.0279
25.05,92.835,702.0,5.25,28.0,273.7,-0.9979,0.0649,29.4,34.1,36.5,1.284,0.0713
25.05,92.84,726.0,3.5,28.0,284.1,-0.9699,0.2437,27.4,35.1,37.4,1.286,0.0475
25.05,92.845,717.0,7.51,28.0,113.1,0.92,-0.3918,28.4,34.6,37.0,1.282,0.1019
25.05,92.85,674.0,12.68,28.0,242.9,-0.8906,-0.4548,27.9,34.3,37.7,1.276,0.172
25.05,92.855,614.0,9.26,28.0,284.1,-0.9699,0.2437,28.6,32.0,39.4,1.277,0.126
25.05,92.86,714.0,14.45,28.0,327.5,-0.5367,0.8438,28.1,34.2,37.7,1.277,0.1954
25.05,92.865,833.0,14.75,28.0,321.4,-0.6245,0.781,26.5,36.0,37.5,1.281,0.1988
25.05,92.87,921.0,17.66,28.0,254.8,-0.9651,-0.2621,29.2,35.7,35.1,1.282,0.2366
25.05,92.875,749.0,14.88,28.0,263.6,-0.9937,-0.1121,27.4,36.3,36.3,1.278,0.2009
25.05,92.88,891.0,13.39,28.0,263.0,-0.9927,-0.121,26.1,34.7,39.1,1.284,0.1804
25.05,92.885,720.0,19.6,28.0,195.2,-0.2623,-0.965,27.5,35.6,36.9,1.272,0.2637
25.05,92.89,545.0,8.33,28.0,232.4,-0.7918,-0.6108,29.8,32.5,37.7,1.275,0.1136
25.05,92.895,630.0,17.19,28.0,260.9,-0.9875,-0.1574,29.0,38.9,32.1,1.271,0.2325
25.05,92.9,496.0,17.07,28.0,233.0,-0.7987,-0.6017,27.6,37.9,34.5,1.266,0.2319
25.05,92.905,444.0,17.58,28.0,254.0,-0.9612,-0.2759,27.6,39.3,33.1,1.263,0.2391
25.05,92.91,408.0,13.1,28.0,335.4,-0.4169,0.909,27.6,36.3,36.1,1.265,0.1792
25.05,92.915,657.0,16.56,28.0,341.5,-0.3171,0.9484,30.5,35.8,33.7,1.272,0.2241
25.05,92.92,692.0,15.47,28.0,289.7,-0.9414,0.3374,28.5,38.1,33.4,1.275,0.2092
25.05,92.925,751.0,15.66,28.0,246.8,-0.9195,-0.3932,28.5,36.1,35.4,1.277,0.2114
25.05,92.93,581.0,16.42,28.0,193.9,-0.2408,-0.9706,29.2,36.7,34.1,1.27,0.2226
25.05,92.935,463.0,18.87,28.0,279.7,-0.9857,0.1686,28.3,37.0,34.7,1.263,0.2561
25.05,92.94,639.0,23.45,28.0,323.7,-0.5922,0.8058,27.7,33.8,38.5,1.266,0.3143
25.05,92.945,815.0,15.47,28.0,25.8,0.4348,0.9005,27.8,38.5,33.7,1.28,0.2084
25.05,92.95,890.0,10.35,28.0,258.1,-0.9784,-0.2066,27.9,35.5,36.6,1.287,0.1396
25.05,92.955,777.0,25.92,28.0,230.2,-0.7688,-0.6395,32.0,39.4,28.6,1.269,0.3445
25.05,92.96,577.0,22.11,28.0,223.6,-0.69,-0.7238,28.9,37.8,33.3,1.265,0.2975
25.05,92.965,481.0,15.01,28.0,251.4,-0.9479,-0.3185,28.1,36.2,35.7,1.267,0.2044
25.05,92.97,491.0,10.59,28.0,235.7,-0.8264,-0.5631,28.9,33.9,37.2,1.271,0.1446
25.05,92.975,375.0,8.59,28.0,232.3,-0.7911,-0.6116,27.9,35.2,36.9,1.268,0.1178
25.05,92.98,398.0,12.3,28.0,33.5,0.5522,0.8337,28.1,33.3,38.6,1.266,0.1683
25.05,92.985,558.0,13.4,28.0,342.7,-0.2979,0.9546,25.6,35.9,38.5,1.271,0.1823
25.05,92.99,627.0,11.72,28.0,321.7,-0.6192,0.7852,29.1,36.0,34.9,1.275,0.1593
25.05,92.995,722.0,15.92,28.0,311.4,-0.7497,0.6617,28.4,35.9,35.6,1.276,0.215
25.055,92.5,416.0,21.2,28.0,47.1,0.732,0.6813,29.2,38.2,32.6,1.259,0.2872
25.055,92.505,549.0,21.81,28.0,52.0,0.7881,0.6156,24.5,36.3,39.1,1.264,0.2939
25.055,92.51,664.0,10.36,28.0,62.8,0.8897,0.4565,30.5,33.3,36.2,1.278,0.1407
25.055,92.515,633.0,11.4,28.0,170.0,0.1737,-0.9848,27.8,35.4,36.8,1.276,0.1549
25.055,92.52,464.0,18.82,28.0,156.2,0.4033,-0.9151,29.3,38.0,32.6,1.263,0.2554
25.055,92.525,319.0,15.5,28.0,150.1,0.4988,-0.8667,26.8,33.3,39.9,1.26,0.2121
25.055,92.53,222.0,8.37,28.0,211.7,-0.5253,-0.8509,28.7,35.0,36.2,1.262,0.1153
25.055,92.535,193.0,17.13,28.0,274.6,-0.9967,0.0806,26.7,35.8,37.5,1.253,0.2351
25.055,92.54,247.0,17.55,28.0,277.6,-0.9913,0.1319,27.3,36.4,36.4,1.255,0.2403
25.055,92.545,235.0,11.03,28.0,233.8,-0.8066,-0.5911,30.3,32.9,36.8,1.26,0.1518
25.055,92.55,131.0,8.82,28.0,213.0,-0.5444,-0.8388,27.8,33.1,39.2,1.258,0.1219
25.055,92.555,104.0,1.56,28.0,239.2,-0.8593,-0.5115,28.3,33.9,37.9,1.263,0.0216
25.055,92.56,117.0,3.32,28.0,289.0,-0.9455,0.3256,29.0,32.9,38.0,1.262,0.0459
25.055,92.565,123.0,2.3,28.0,306.4,-0.805,0.5933,28.6,32.0,39.4,1.263,0.0318
25.055,92.57,141.0,5.01,28.0,17.9,0.3074,0.9516,28.2,33.2,38.7,1.261,0.0693
25.055,92.575,207.0,5.87,28.0,315.6,-0.6991,0.715,28.4,34.3,37.3,1.263,0.081
25.055,92.58,215.0,10.26,28.0,357.4,-0.0447,0.999,30.9,35.4,33.7,1.26,0.1414
25.055,92.585,389.0,15.63,28.0,36.7,0.5971,0.8022,27.9,36.1,36.0,1.263,0.2133
25.055,92.59,441.0,15.43,28.0,88.1,0.9995,0.0324,28.2,37.8,34.0,1.265,0.2103
25.055,92.595,398.0,16.31,28.0,121.1,0.8566,-0.516,29.3,37.8,32.9,1.262,0.2225
25.055,92.6,289.0,12.34,28.0,153.4,0.4475,-0.8943,29.3,35.9,34.8,1.261,0.1695
25.055,92.605,201.0,8.41,28.0,146.4,0.553,-0.8332,29.4,34.3,36.3,1.261,0.116
25.055,92.61,165.0,5.83,28.0,117.2,0.8892,-0.4575,28.8,34.5,36.7,1.262,0.0805
25.055,92.615,154.0,4.37,28.0,150.4,0.4932,-0.8699,26.6,33.6,39.7,1.263,0.0603
25.055,92.62,98.0,3.66,28.0,158.6,0.3649,-0.931,27.0,34.6,38.5,1.261,0.0506
25.055,92.625,94.0,1.76,28.0,249.2,-0.9348,-0.3553,23.6,33.8,42.6,1.262,0.0243
25.055,92.63,87.0,2.39,28.0,0.0,0.0,1.0,25.4,31.1,43.5,1.261,0.0331
25.055,92.635,136.0,14.05,28.0,15.4,0.2655,0.9641,27.1,34.1,38.8,1.254,0.1936
25.055,92.64,330.0,16.86,28.0,15.5,0.2668,0.9637,27.9,35.4,36.6,1.259,0.2304
25.055,92.645,430.0,11.84,28.0,5.9,0.1028,0.9947,28.4,36.6,35.0,1.267,0.1619
25.055,92.65,540.0,6.52,28.0,51.9,0.7866,0.6175,28.4,31.4,40.2,1.276,0.089
25.055,92.655,501.0,8.64,28.0,57.1,0.8399,0.5428,28.5,34.9,36.6,1.273,0.118
25.055,92.66,623.0,17.49,28.0,23.0,0.3906,0.9205,29.9,37.2,32.9,1.27,0.2366
25.055,92.665,793.0,14.36,28.0,99.6,0.986,-0.1668,28.5,37.6,33.9,1.28,0.1938
25.055,92.67,580.0,12.87,28.0,132.7,0.7351,-0.678,27.7,35.7,36.6,1.272,0.1751
25.055,92.675,637.0,6.42,28.0,4.6,0.0798,0.9968,29.2,31.7,39.1,1.28,0.0874
25.055,92.68,693.0,6.57,28.0,349.2,-0.1871,0.9823,29.4,32.3,38.3,1.282,0.0892
25.055,92.685,751.0,6.08,28.0,228.6,-0.75,-0.6615,26.5,31.8,41.6,1.285,0.0824
25.055,92.69,622.0,14.22,28.0,154.4,0.4326,-0.9016,28.7,35.0,36.3,1.273,0.193
25.055,92.695,521.0,16.36,28.0,107.9,0.9515,-0.3078,28.8,36.1,35.1,1.267,0.2223
25.055,92.7,531.0,13.92,28.0,74.7,0.9644,0.2646,27.6,34.0,38.4,1.27,0.1894
25.055,92.705,587.0,12.67,28.0,92.3,0.9992,-0.0398,29.7,37.6,32.8,1.273,0.1723
25.055,92.71,522.0,13.54,28.0,112.3,0.9252,-0.3795,27.8,33.6,38.6,1.27,0.1843
25.055,92.715,495.0,5.97,28.0,356.1,-0.0687,0.9976,28.2,35.6,36.2,1.275,0.0816
25.055,92.72,627.0,14.81,28.0,87.0,0.9986,0.0526,27.8,37.7,34.5,1.273,0.2008
25.055,92.725,509.0,13.03,28.0,153.2,0.4504,-0.8928,28.0,36.8,35.2,1.27,0.1775
25.055,92.73,419.0,9.77,28.0,78.7,0.9806,0.1961,26.7,33.6,39.8,1.269,0.1337
25.055,92.735,543.0,13.32,28.0,68.3,0.9294,0.3691,26.3,36.1,37.7,1.271,0.1813
25.055,92.74,507.0,14.01,28.0,61.5,0.8785,0.4777,29.9,33.8,36.3,1.269,0.1908
25.055,92.745,663.0,18.11,28.0,77.9,0.9778,0.2095,27.0,38.2,34.8,1.271,0.2446
25.055,92.75,576.0,20.3,28.0,116.6,0.8938,-0.4485,26.8,37.3,35.9,1.266,0.274
25.055,92.755,496.0,10.91,28.0,61.7,0.8806,0.4739,25.4,34.3,40.3,1.271,0.1489
25.055,92.76,668.0,18.04,28.0,42.7,0.6783,0.7347,27.2,35.0,37.8,1.272,0.2435
25.055,92.765,737.0,6.85,28.0,180.9,-0.0149,-0.9999,26.4,30.1,43.5,1.284,0.0929
25.055,92.77,547.0,13.15,28.0,196.1,-0.2769,-0.9609,30.0,33.9,36.1,1.271,0.179
25.055,92.775,511.0,15.36,28.0,251.5,-0.9481,-0.3181,29.2,37.8,33.0,1.268,0.2089
25.055,92.78,459.0,15.89,28.0,255.7,-0.9688,-0.2477,27.2,35.6,37.2,1.265,0.2164
25.055,92.785,440.0,16.24,28.0,235.8,-0.8267,-0.5627,30.7,36.1,33.2,1.264,0.2213
25.055,92.79,294.0,18.35,28.0,214.9,-0.5715,-0.8206,29.2,37.9,32.9,1.256,0.2507
25.055,92.795,166.0,14.87,28.0,218.2,-0.619,-0.7854,27.6,38.7,33.7,1.254,0.2046
25.055,92.8,84.0,3.54,28.0,295.7,-0.901,0.4338,22.0,34.9,43.1,1.26,0.049
25.055,92.805,193.0,15.87,28.0,32.3,0.534,0.8455,30.7,34.8,34.5,1.254,0.2181
25.055,92.81,326.0,15.17,28.0,12.0,0.2087,0.978,26.3,33.1,40.5,1.26,0.2077
25.055,92.815,460.0,13.47,28.0,358.3,-0.03,0.9995,26.0,39.1,34.8,1.267,0.1838
25.055,92.82,567.0,17.5,28.0,7.2,0.1253,0.9921,29.2,40.1,30.7,1.268,0.2371
25.055,92.825,775.0,10.17,28.0,327.3,-0.5406,0.8413,30.9,35.0,34.1,1.283,0.1376
25.055,92.83,719.0,8.83,28.0,213.7,-0.5554,-0.8316,29.7,32.4,37.9,1.281,0.1198
25.055,92.835,645.0,6.48,28.0,78.9,0.9813,0.1925,28.7,35.2,36.2,1.28,0.0882
25.055,92.84,741.0,9.83,28.0,75.7,0.9692,0.2464,28.7,34.5,36.8,1.281,0.1333
25.055,92.845,688.0,5.85,28.0,20.0,0.3418,0.9398,29.0,33.4,37.6,1.283,0.0794
25.055,92.85,838.0,9.41,28.0,277.2,-0.992,0.1259,28.9,35.9,35.2,1.286,0.1271
25.055,92.855,709.0,13.17,28.0,250.1,-0.9406,-0.3396,28.3,36.0,35.6,1.277,0.1784
25.055,92.86,758.0,15.4,28.0,299.8,-0.8674,0.4976,28.1,34.3,37.5,1.277,0.208
25.055,92.865,847.0,16.46,28.0,336.1,-0.4045,0.9146,27.9,35.9,36.2,1.28,0.2214
25.055,92.87,1030.0,8.35,28.0,290.6,-0.9361,0.3518,27.1,35.2,37.7,1.294,0.1122
25.055,92.875,899.0,17.2,28.0,277.0,-0.9925,0.1219,27.7,37.4,35.0,1.282,0.2307
25.055,92.88,1068.0,6.53,28.0,239.8,-0.8639,-0.5036,26.0,34.1,39.9,1.297,0.0877
25.055,92.885,841.0,24.08,28.0,217.1,-0.603,-0.7978,27.9,39.8,32.3,1.274,0.3203
25.055,92.89,709.0,23.86,28.0,258.9,-0.9812,-0.1932,26.8,37.8,35.4,1.268,0.319
25.055,92.895,755.0,7.78,28.0,277.1,-0.9923,0.1235,26.7,34.3,39.0,1.284,0.1054
25.055,92.9,726.0,23.63,28.0,259.0,-0.9816,-0.1907,28.2,33.2,38.5,1.269,0.3159
25.055,92.905,671.0,25.93,28.0,253.9,-0.9606,-0.2778,33.7,38.2,28.1,1.265,0.3457
25.055,92.91,590.0,13.05,28.0,251.0,-0.9455,-0.3256,29.1,36.6,34.3,1.273,0.1774
25.055,92.915,595.0,17.49,28.0,298.6,-0.8778,0.479,26.1,36.1,37.8,1.269,0.2368
25.055,92.92,742.0,14.56,28.0,298.6,-0.8784,0.4779,26.8,35.2,38.0,1.278,0.1967
25.055,92.925,720.0,11.46,28.0,225.5,-0.7135,-0.7007,29.1,33.5,37.4,1.279,0.1553
25.055,92.93,599.0,17.31,28.0,269.8,-1.0,-0.0032,26.8,38.1,35.1,1.27,0.2343
25.055,92.935,719.0,21.39,28.0,293.8,-0.9151,0.4032,27.7,38.5,33.7,1.271,0.287
25.055,92.94,758.0,11.52,28.0,250.6,-0.9435,-0.3315,28.7,36.3,35.0,1.281,0.1559
25.055,92.945,651.0,9.67,28.0,11.6,0.2004,0.9797,26.8,32.0,41.2,1.278,0.1314
25.055,92.95,926.0,14.85,28.0,5.1,0.0881,0.9961,28.1,35.7,36.2,1.285,0.1994
25.055,92.955,917.0,17.89,28.0,237.2,-0.8406,-0.5416,26.4,36.4,37.3,1.282,0.2396
25.055,92.96,750.0,23.63,28.0,233.0,-0.7988,-0.6016,27.3,37.9,34.8,1.27,0.3156
25.055,92.965,652.0,17.11,28.0,210.5,-0.5078,-0.8615,28.4,35.6,36.0,1.272,0.2313
25.055,92.97,483.0,12.66,28.0,216.9,-0.5998,-0.8002,26.1,34.9,39.1,1.269,0.1727
25.055,92.975,471.0,14.92,28.0,242.5,-0.8868,-0.4622,28.5,37.3,34.2,1.266,0.2034
25.055,92.98,359.0,5.17,28.0,337.2,-0.3872,0.922,28.0,30.5,41.5,1.27,0.071
25.055,92.985,555.0,18.59,28.0,20.1,0.3445,0.9388,28.7,39.6,31.7,1.267,0.2516
25.055,92.99,677.0,15.67,28.0,5.7,0.0993,0.9951,28.3,36.9,34.8,1.274,0.212
25.055,92.995,836.0,17.54,28.0,2.6,0.0455,0.999,29.6,36.6,33.7,1.279,0.2356
25.06,92.5,287.0,16.92,28.0,29.7,0.496,0.8683,28.2,37.9,34.0,1.257,0.2315
25.06,92.505,420.0,16.35,28.0,70.6,0.9433,0.3319,27.5,34.2,38.3,1.263,0.2229
25.06,92.51,385.0,14.76,28.0,72.7,0.9546,0.2978,28.1,34.9,36.9,1.263,0.2017
25.06,92.515,499.0,7.15,28.0,45.2,0.7093,0.705,28.7,33.7,37.6,1.274,0.0977
25.06,92.52,474.0,5.37,28.0,228.2,-0.7459,-0.6661,28.1,35.5,36.5,1.274,0.0735
25.06,92.525,436.0,14.8,28.0,268.3,-0.9995,-0.0301,28.0,35.9,36.1,1.265,0.2019
25.06,92.53,466.0,22.36,28.0,286.6,-0.9586,0.2849,27.2,38.6,34.2,1.26,0.3019
25.06,92.535,554.0,16.85,28.0,268.3,-0.9996,-0.0295,27.2,35.6,37.2,1.268,0.2286
25.06,92.54,457.0,16.33,28.0,195.7,-0.2699,-0.9629,26.3,37.1,36.6,1.265,0.2223
25.06,92.545,270.0,15.82,28.0,200.0,-0.3425,-0.9395,30.1,38.7,31.2,1.258,0.2167
25.06,92.55,189.0,13.45,28.0,249.3,-0.9356,-0.3531,26.5,37.1,36.4,1.256,0.1852
25.06,92.555,185.0,6.99,28.0,301.8,-0.8501,0.5266,27.2,33.7,39.1,1.262,0.0964
25.06,92.56,254.0,10.77,28.0,279.3,-0.9868,0.1618,27.1,35.9,37.0,1.261,0.1482
25.06,92.565,216.0,16.18,28.0,248.7,-0.9319,-0.3628,29.1,37.2,33.7,1.255,0.222
25.06,92.57,148.0,10.69,28.0,296.6,-0.8945,0.4471,27.6,35.6,36.7,1.257,0.1476
25.06,92.575,301.0,10.26,28.0,357.2,-0.0496,0.9988,29.5,36.4,34.1,1.263,0.141
25.06,92.58,330.0,8.33,28.0,268.4,-0.9996,-0.0271,27.2,35.9,36.9,1.266,0.1144
25.06,92.585,297.0,3.09,28.0,48.5,0.749,0.6625,28.3,32.6,39.0,1.269,0.0425
25.06,92.59,366.0,5.01,28.0,126.9,0.7995,-0.6006,27.0,34.3,38.7,1.27,0.0688
25.06,92.595,244.0,10.22,28.0,191.2,-0.1944,-0.9809,30.6,34.2,35.3,1.261,0.1407
25.06,92.6,188.0,8.79,28.0,229.1,-0.7554,-0.6553,26.6,33.0,40.5,1.26,0.1213
25.06,92.605,142.0,4.35,28.0,209.0,-0.4843,-0.8749,28.4,32.8,38.9,1.262,0.0601
25.06,92.61,121.0,5.24,28.0,261.3,-0.9885,-0.1515,28.8,33.3,38.0,1.26,0.0725
25.06,92.615,128.0,0.77,28.0,195.6,-0.2681,-0.9634,28.5,29.7,41.8,1.264,0.0106
25.06,92.62,108.0,1.68,28.0,252.2,-0.9522,-0.3056,27.8,33.7,38.5,1.263,0.0232
25.06,92.625,119.0,0.84,28.0,258.3,-0.9792,-0.203,27.8,28.1,44.1,1.264,0.0116
25.06,92.63,105.0,1.08,28.0,295.0,-0.9066,0.422,28.1,36.4,35.6,1.263,0.0149
25.06,92.635,127.0,5.82,28.0,15.3,0.2643,0.9644,27.8,35.8,36.4,1.26,0.0805
25.06,92.64,204.0,12.8,28.0,47.3,0.7354,0.6776,29.2,35.0,35.8,1.257,0.1763
25.06,92.645,282.0,10.48,28.0,73.1,0.957,0.29,30.7,34.8,34.5,1.263,0.144
25.06,92.65,258.0,16.39,28.0,72.9,0.9559,0.2938,27.3,36.8,35.8,1.257,0.2245
25.06,92.655,369.0,18.73,28.0,36.0,0.5883,0.8086,26.4,36.1,37.5,1.259,0.2551
25.06,92.66,534.0,17.11,28.0,42.4,0.674,0.7387,27.9,36.9,35.3,1.267,0.2322
25.06,92.665,598.0,18.06,28.0,111.8,0.9284,-0.3716,31.1,36.6,32.3,1.269,0.2443
25.06,92.67,412.0,15.27,28.0,117.3,0.8887,-0.4585,27.0,35.9,37.0,1.264,0.2084
25.06,92.675,472.0,17.83,28.0,58.7,0.8548,0.5189,30.0,37.0,33.0,1.264,0.2422
25.06,92.68,580.0,20.69,28.0,53.7,0.8062,0.5916,30.0,35.5,34.4,1.266,0.2791
25.06,92.685,697.0,18.67,28.0,109.8,0.9411,-0.338,27.3,37.0,35.6,1.272,0.2517
25.06,92.69,465.0,23.39,28.0,145.8,0.5628,-0.8266,28.7,38.5,32.8,1.259,0.3153
25.06,92.695,337.0,10.91,28.0,113.4,0.918,-0.3967,30.0,35.1,34.9,1.264,0.1497
25.06,92.7,388.0,12.76,28.0,69.5,0.9364,0.3509,27.5,35.1,37.4,1.265,0.1746
25.06,92.705,417.0,15.75,28.0,101.2,0.9811,-0.1937,27.8,37.9,34.3,1.264,0.2147
25.06,92.71,333.0,15.43,28.0,60.7,0.8721,0.4893,27.3,35.6,37.1,1.26,0.2112
25.06,92.715,553.0,13.2,28.0,48.3,0.7469,0.6649,26.8,35.9,37.4,1.271,0.1797
25.06,92.72,490.0,17.01,28.0,109.5,0.9425,-0.3343,27.2,38.5,34.3,1.265,0.2313
25.06,92.725,450.0,13.19,28.0,149.3,0.5098,-0.8603,26.5,35.4,38.1,1.267,0.1801
25.06,92.73,287.0,7.04,28.0,184.6,-0.08,-0.9968,28.0,34.2,37.8,1.266,0.0968
25.06,92.735,326.0,16.11,28.0,79.3,0.9826,0.1856,27.1,36.2,36.8,1.26,0.2202
25.06,92.74,341.0,14.22,28.0,65.2,0.9078,0.4195,28.3,37.6,34.1,1.262,0.1946
25.06,92.745,433.0,21.97,28.0,75.2,0.9666,0.2561,26.1,37.5,36.4,1.259,0.2972
25.06,92.75,445.0,13.38,28.0,96.5,0.9936,-0.1128,28.4,37.5,34.1,1.267,0.1826
25.06,92.755,406.0,7.81,28.0,71.8,0.9502,0.3116,29.0,33.9,37.1,1.27,0.107
25.06,92.76,488.0,22.45,28.0,39.7,0.6391,0.7691,25.6,36.7,37.7,1.261,0.3028
25.06,92.765,726.0,8.54,28.0,38.1,0.6164,0.7874,28.4,35.3,36.3,1.282,0.1158
25.06,92.77,607.0,6.36,28.0,214.9,-0.5724,-0.82,29.5,33.2,37.3,1.279,0.0866
25.06,92.775,634.0,8.6,28.0,281.4,-0.9804,0.1971,26.5,35.2,38.2,1.278,0.117
25.06,92.78,637.0,19.33,28.0,266.9,-0.9986,-0.0538,30.0,33.1,36.9,1.269,0.2608
25.06,92.785,615.0,17.44,28.0,218.4,-0.6206,-0.7841,28.5,36.7,34.8,1.27,0.236
25.06,92.79,389.0,21.64,28.0,212.5,-0.5367,-0.8438,27.2,37.1,35.8,1.258,0.2931
25.06,92.795,278.0,15.39,28.0,206.5,-0.447,-0.8946,27.9,34.5,37.6,1.258,0.211
25.06,92.8,141.0,10.38,28.0,211.7,-0.5247,-0.8513,28.7,33.9,37.4,1.257,0.1433
25.06,92.805,121.0,6.96,28.0,44.9,0.7064,0.7078,28.1,33.0,38.9,1.259,0.0962
25.06,92.81,228.0,18.12,28.0,17.1,0.2937,0.9559,28.6,36.8,34.6,1.254,0.248
25.06,92.815,436.0,20.99,28.0,26.4,0.4448,0.8956,26.9,35.5,37.6,1.26,0.2843
25.06,92.82,574.0,20.73,28.0,21.3,0.3632,0.9317,28.2,38.0,33.8,1.266,0.2796
25.06,92.825,791.0,14.63,28.0,23.0,0.3905,0.9206,26.3,38.0,35.7,1.279,0.1975
25.06,92.83,816.0,15.21,28.0,218.9,-0.6279,-0.7783,27.9,36.5,35.7,1.28,0.205
25.06,92.835,578.0,16.99,28.0,154.2,0.4351,-0.9004,26.9,37.7,35.3,1.269,0.2303
25.06,92.84,539.0,18.12,28.0,72.3,0.9528,0.3036,27.1,38.5,34.4,1.266,0.2457
25.06,92.845,678.0,18.69,28.0,21.0,0.3585,0.9335,29.5,38.8,31.7,1.272,0.2519
25.06,92.85,857.0,11.21,28.0,24.9,0.4214,0.9069,29.3,37.8,32.9,1.285,0.1513
25.06,92.855,859.0,15.32,28.0,296.5,-0.8951,0.4459,28.7,35.3,35.9,1.282,0.2061
25.06,92.86,980.0,12.22,28.0,299.4,-0.8713,0.4908,26.7,34.2,39.1,1.289,0.1642
25.06,92.865,966.0,9.98,28.0,302.0,-0.8476,0.5307,27.6,35.8,36.5,1.29,0.1343
25.06,92.87,1074.0,13.59,28.0,300.9,-0.8581,0.5134,29.5,36.7,33.9,1.292,0.1819
25.06,92.875,1091.0,17.61,28.0,256.8,-0.9736,-0.2284,28.2,37.9,34.0,1.289,0.2347
25.06,92.88,1001.0,5.93,28.0,227.3,-0.7346,-0.6785,30.8,36.4,32.8,1.295,0.0798
25.06,92.885,1020.0,16.2,28.0,275.3,-0.9957,0.0923,28.5,36.3,35.2,1.287,0.2168
25.06,92.89,1028.0,20.06,28.0,229.5,-0.76,-0.6499,28.2,38.0,33.8,1.284,0.2671
25.06,92.895,781.0,13.1,28.0,256.7,-0.9731,-0.2305,27.6,34.0,38.3,1.28,0.1771
25.06,92.9,974.0,19.33,28.0,301.2,-0.8553,0.5181,28.2,40.4,31.5,1.283,0.258
25.06,92.905,964.0,19.59,28.0,206.0,-0.4391,-0.8984,27.8,36.7,35.5,1.282,0.2615
25.06,92.91,652.0,9.19,28.0,270.4,-1.0,0.0061,28.8,34.0,37.2,1.278,0.125
25.06,92.915,965.0,23.83,28.0,311.4,-0.7504,0.661,29.1,37.8,33.0,1.279,0.3159
25.06,92.92,946.0,20.14,28.0,261.7,-0.9896,-0.1435,27.1,36.4,36.5,1.281,0.2688
25.06,92.925,912.0,20.42,28.0,267.2,-0.9988,-0.048,26.4,36.4,37.2,1.279,0.2728
25.06,92.93,928.0,16.78,28.0,260.5,-0.9863,-0.1647,25.8,35.7,38.5,1.283,0.225
25.06,92.935,862.0,12.48,28.0,250.3,-0.9417,-0.3366,28.6,33.3,38.1,1.284,0.1683
25.06,92.94,853.0,12.72,28.0,248.0,-0.9274,-0.3741,26.7,34.2,39.1,1.284,0.1715
25.06,92.945,777.0,17.98,28.0,271.9,-0.9994,0.0337,25.4,39.7,34.9,1.276,0.2419
25.06,92.95,864.0,18.18,28.0,336.0,-0.4075,0.9132,28.5,38.0,33.6,1.279,0.2439
25.06,92.955,1079.0,12.0,28.0,298.5,-0.8791,0.4766,31.0,36.6,32.4,1.293,0.1608
25.06,92.96,966.0,27.13,28.0,214.7,-0.5698,-0.8218,32.0,41.0,27.0,1.276,0.3574
25.06,92.965,655.0,21.47,28.0,214.8,-0.5711,-0.8209,29.0,40.5,30.5,1.268,0.2887
25.06,92.97,641.0,14.05,28.0,266.1,-0.9977,-0.0675,28.1,33.1,38.8,1.274,0.1906
25.06,92.975,638.0,14.62,28.0,219.1,-0.6301,-0.7765,27.9,34.1,38.1,1.273,0.1983
25.06,92.98,437.0,12.8,28.0,204.0,-0.4071,-0.9134,29.1,34.2,36.7,1.267,0.1749
25.06,92.985,429.0,9.97,28.0,26.1,0.4394,0.8983,27.7,34.0,38.4,1.269,0.1364
25.06,92.99,596.0,15.48,28.0,353.3,-0.1167,0.9932,28.3,35.7,36.0,1.271,0.21
25.06,92.995,706.0,12.42,28.0,7.0,0.1224,0.9925,28.4,34.6,37.0,1.278,0.1683
25.065,92.5,248.0,1.38,28.0,125.1,0.8179,-0.5754,27.2,32.7,40.1,1.269,0.019
25.065,92.505,241.0,8.54,28.0,25.9,0.4367,0.8996,29.2,34.3,36.5,1.263,0.1176
25.065,92.51,384.0,16.48,28.0,10.3,0.1792,0.9838,27.8,35.3,36.9,1.262,0.2248
25.065,92.515,534.0,11.43,28.0,39.1,0.6308,0.776,27.1,31.8,41.1,1.272,0.1558
25.065,92.52,542.0,5.44,28.0,34.5,0.5662,0.8243,28.6,32.0,39.4,1.277,0.0742
25.065,92.525,613.0,9.9,28.0,312.6,-0.7359,0.6771,26.9,33.8,39.3,1.276,0.1347
25.065,92.53,661.0,11.14,28.0,245.2,-0.9081,-0.4188,28.0,34.6,37.4,1.277,0.1513
25.065,92.535,530.0,18.09,28.0,172.4,0.132,-0.9912,28.0,35.1,36.9,1.266,0.2453
25.065,92.54,335.0,10.6,28.0,173.1,0.12,-0.9928,29.3,34.1,36.6,1.265,0.1454
25.065,92.545,343.0,9.81,28.0,285.0,-0.966,0.2584,28.6,32.9,38.5,1.266,0.1346
25.065,92.55,380.0,14.6,28.0,242.0,-0.8831,-0.4691,28.0,35.7,36.3,1.263,0.1996
25.065,92.555,220.0,3.17,28.0,194.1,-0.2437,-0.9699,29.0,31.2,39.8,1.266,0.0437
25.065,92.56,326.0,12.32,28.0,338.0,-0.3742,0.9274,29.7,34.0,36.3,1.263,0.1689
25.065,92.565,424.0,11.92,28.0,270.8,-0.9999,0.0141,28.7,33.2,38.1,1.267,0.163
25.065,92.57,329.0,22.53,28.0,240.3,-0.8685,-0.4957,28.0,37.8,34.2,1.254,0.3056
25.065,92.575,217.0,4.47,28.0,51.5,0.7821,0.6231,26.4,31.9,41.7,1.265,0.0616
25.065,92.58,378.0,8.8,28.0,324.5,-0.5801,0.8145,26.7,35.7,37.6,1.268,0.1207
25.065,92.585,344.0,11.65,28.0,265.9,-0.9974,-0.0722,27.6,35.7,36.7,1.264,0.1598
25.065,92.59,363.0,7.78,28.0,312.6,-0.7366,0.6763,27.3,34.0,38.8,1.268,0.1068
25.065,92.595,437.0,12.5,28.0,284.5,-0.968,0.2508,27.8,34.1,38.1,1.267,0.1708
25.065,92.6,419.0,16.3,28.0,228.5,-0.7494,-0.6621,28.1,36.9,35.0,1.263,0.2222
25.065,92.605,242.0,15.17,28.0,235.9,-0.8282,-0.5604,28.6,37.1,34.3,1.257,0.2082
25.065,92.61,266.0,9.7,28.0,240.8,-0.8727,-0.4882,27.9,34.8,37.3,1.263,0.1334
25.065,92.615,158.0,8.15,28.0,198.3,-0.3135,-0.9496,28.6,36.6,34.8,1.26,0.1125
25.065,92.62,129.0,9.28,28.0,253.0,-0.9565,-0.2917,28.1,35.2,36.8,1.257,0.1283
25.065,92.625,110.0,2.53,28.0,238.8,-0.8554,-0.5179,25.6,34.0,40.3,1.262,0.035
25.065,92.63,106.0,1.97,28.0,263.4,-0.9933,-0.1156,26.9,32.7,40.4,1.263,0.0272
25.065,92.635,106.0,2.23,28.0,14.7,0.2533,0.9674,27.8,33.6,38.6,1.262,0.0308
25.065,92.64,144.0,7.19,28.0,1.6,0.0285,0.9996,26.5,32.7,40.7,1.26,0.0993
25.065,92.645,233.0,4.79,28.0,10.5,0.1822,0.9833,28.7,32.6,38.7,1.265,0.066
25.065,92.65,227.0,5.62,28.0,62.3,0.8856,0.4644,29.8,34.0,36.1,1.264,0.0775
25.065,92.655,279.0,12.73,28.0,43.5,0.6881,0.7256,29.5,35.9,34.6,1.261,0.1747
25.065,92.66,392.0,18.66,28.0,58.6,0.8538,0.5205,27.7,37.7,34.5,1.26,0.2539
25.065,92.665,456.0,19.56,28.0,103.3,0.9734,-0.2292,29.8,38.9,31.3,1.262,0.2653
25.065,92.67,310.0,11.25,28.0,128.6,0.7813,-0.6241,28.2,32.9,39.0,1.263,0.1545
25.065,92.675,331.0,10.96,28.0,77.0,0.9742,0.2257,27.6,33.5,38.9,1.264,0.1504
25.065,92.68,354.0,12.14,28.0,72.3,0.9524,0.3048,27.3,35.6,37.2,1.264,0.1664
25.065,92.685,397.0,17.83,28.0,90.5,1.0,-0.0093,27.6,35.7,36.7,1.261,0.2428
25.065,92.69,351.0,10.14,28.0,113.9,0.9141,-0.4054,27.5,39.8,32.7,1.266,0.1391
25.065,92.695,324.0,4.76,28.0,131.9,0.7443,-0.6679,28.2,34.0,37.8,1.269,0.0654
25.065,92.7,295.0,6.94,28.0,111.5,0.9301,-0.3673,28.2,33.7,38.1,1.266,0.0954
25.065,92.705,279.0,8.45,28.0,105.9,0.9617,-0.2742,28.0,33.5,38.5,1.264,0.1163
25.065,92.71,254.0,4.33,28.0,74.0,0.9613,0.2755,28.5,32.4,39.0,1.267,0.0596
25.065,92.715,300.0,14.78,28.0,78.7,0.9807,0.1958,29.4,36.0,34.6,1.26,0.2025
25.065,92.72,306.0,12.68,28.0,70.4,0.9421,0.3354,29.1,35.5,35.3,1.262,0.1739
25.065,92.725,376.0,12.82,28.0,57.2,0.8409,0.5412,26.2,34.7,39.0,1.264,0.1755
25.065,92.73,430.0,9.04,28.0,158.5,0.367,-0.9302,24.9,34.0,41.1,1.27,0.1237
25.065,92.735,227.0,11.62,28.0,149.8,0.5024,-0.8646,29.1,37.1,33.8,1.259,0.16
25.065,92.74,251.0,6.46,28.0,89.0,0.9998,0.0175,26.4,35.8,37.8,1.265,0.0889
25.065,92.745,229.0,11.46,28.0,72.3,0.9527,0.3038,27.7,35.4,36.8,1.26,0.1577
25.065,92.75,313.0,14.1,28.0,61.2,0.876,0.4823,26.6,33.7,39.7,1.261,0.1932
25.065,92.755,351.0,10.97,28.0,71.8,0.9499,0.3125,25.8,35.7,38.4,1.265,0.1504
25.065,92.76,374.0,17.92,28.0,29.6,0.4945,0.8692,28.6,39.1,32.2,1.26,0.2442
25.065,92.765,634.0,20.64,28.0,50.0,0.7656,0.6434,28.9,39.6,31.5,1.268,0.278
25.065,92.77,618.0,13.68,28.0,80.1,0.9852,0.1713,27.3,36.7,35.9,1.273,0.1858
25.065,92.775,676.0,15.36,28.0,33.3,0.5496,0.8355,24.9,38.2,36.9,1.274,0.2079
25.065,92.78,849.0,1.22,28.0,207.6,-0.4639,-0.8859,27.3,32.4,40.3,1.293,0.0165
25.065,92.785,657.0,18.43,28.0,198.6,-0.3182,-0.948,28.5,37.9,33.7,1.271,0.2487
25.065,92.79,531.0,21.39,28.0,206.1,-0.4404,-0.8978,26.2,36.7,37.1,1.263,0.2888
25.065,92.795,303.0,19.6,28.0,198.5,-0.3178,-0.9482,28.2,37.7,34.1,1.256,0.2671
25.065,92.8,191.0,12.44,28.0,202.0,-0.3745,-0.9272,28.0,37.3,34.7,1.257,0.1714
25.065,92.805,97.0,1.66,28.0,16.2,0.2792,0.9602,25.7,31.6,42.7,1.262,0.023
25.065,92.81,219.0,9.8,28.0,5.7,0.0988,0.9951,28.1,33.3,38.5,1.261,0.135
25.065,92.815,270.0,12.57,28.0,29.7,0.4955,0.8686,26.8,35.5,37.7,1.26,0.1727
25.065,92.82,414.0,21.49,28.0,9.1,0.1574,0.9875,29.4,37.4,33.2,1.259,0.291
25.065,92.825,661.5,26.99,28.0,15.1,0.2611,0.9653,31.8,40.2,28.0,1.264,0.359
25.065,92.83,909.0,9.55,28.0,193.9,-0.2402,-0.9707,28.0,33.9,38.2,1.288,0.1288
25.065,92.835,497.0,27.1,28.0,178.4,0.0281,-0.9996,30.9,41.8,27.3,1.257,0.3624
25.065,92.84,394.0,12.74,28.0,75.8,0.9693,0.246,27.5,33.5,39.1,1.265,0.1743
25.065,92.845,553.0,24.23,28.0,39.2,0.6326,0.7745,26.9,40.3,32.7,1.262,0.3252
25.065,92.85,745.0,26.24,28.0,30.2,0.5029,0.8643,31.8,37.9,30.4,1.268,0.3487
25.065,92.855,982.0,14.71,28.0,32.5,0.5371,0.8435,30.1,33.2,36.7,1.287,0.1973
25.065,92.86,968.0,16.45,28.0,84.0,0.9946,0.1042,26.4,36.7,36.9,1.285,0.2204
25.065,92.865,1013.0,17.39,28.0,21.7,0.37,0.929,26.1,36.3,37.7,1.286,0.2324
25.065,92.87,1261.0,12.87,28.0,358.4,-0.0275,0.9996,29.8,33.8,36.5,1.3,0.1713
25.065,92.875,1243.0,9.73,28.0,128.7,0.7803,-0.6254,27.7,32.1,40.2,1.302,0.1298
25.065,92.88,1153.0,4.94,28.0,203.2,-0.3947,-0.9188,27.2,33.3,39.5,1.302,0.0661
25.065,92.885,1163.0,12.36,28.0,232.3,-0.791,-0.6118,29.2,36.8,34.0,1.296,0.1652
25.065,92.89,1018.0,13.27,28.0,228.9,-0.754,-0.6568,27.3,36.4,36.3,1.29,0.1779
25.065,92.895,1007.0,21.28,28.0,276.1,-0.9942,0.1071,30.2,37.8,32.0,1.283,0.2829
25.065,92.9,1060.0,13.17,28.0,226.5,-0.7258,-0.6879,28.8,36.2,35.0,1.291,0.1765
25.065,92.905,845.0,16.24,28.0,188.7,-0.1511,-0.9885,27.4,36.3,36.3,1.28,0.2185
25.065,92.91,770.0,16.66,28.0,293.3,-0.9187,0.395,30.6,34.3,35.1,1.277,0.2245
25.065,92.915,964.0,21.99,28.0,337.6,-0.3804,0.9248,27.3,35.7,37.0,1.28,0.2925
25.065,92.92,1146.0,15.35,28.0,308.0,-0.7885,0.615,28.9,35.8,35.3,1.293,0.2047
25.065,92.925,1134.0,19.04,28.0,231.6,-0.7834,-0.6215,28.4,36.8,34.8,1.289,0.2531
25.065,92.93,930.0,12.09,28.0,211.9,-0.5286,-0.8489,29.6,36.5,33.9,1.287,0.1627
25.065,92.935,951.0,10.88,28.0,288.4,-0.949,0.3153,29.9,36.0,34.1,1.289,0.1464
25.065,92.94,991.0,15.21,28.0,282.9,-0.9748,0.2229,28.0,37.0,35.0,1.287,0.2039
25.065,92.945,1012.0,12.61,28.0,291.9,-0.9278,0.373,27.1,34.9,38.0,1.29,0.1692
25.065,92.95,1075.0,16.45,28.0,292.3,-0.9249,0.3801,28.6,34.3,37.1,1.289,0.2197
25.065,92.955,1125.0,0.05,28.0,270.0,-1.0,-0.0,27.2,32.6,40.2,1.305,0.0007
25.065,92.96,1075.0,12.64,28.0,189.0,-0.1562,-0.9877,30.4,36.2,33.4,1.292,0.1694
25.065,92.965,902.0,23.19,28.0,223.3,-0.6857,-0.7279,28.2,34.6,37.2,1.277,0.3084
25.065,92.97,761.0,15.39,28.0,206.5,-0.447,-0.8946,27.6,34.9,37.6,1.278,0.2077
25.065,92.975,654.0,16.54,28.0,180.7,-0.0121,-0.9999,28.2,35.4,36.4,1.272,0.2238
25.065,92.98,462.0,11.6,28.0,206.5,-0.4463,-0.8949,26.4,35.3,38.3,1.269,0.1585
25.065,92.985,469.0,14.07,28.0,354.2,-0.1004,0.9949,26.8,34.5,38.6,1.267,0.1919
25.065,92.99,713.0,19.4,28.0,18.1,0.3112,0.9504,29.4,37.1,33.4,1.272,0.2611
25.065,92.995,806.0,12.57,28.0,34.1,0.56,0.8285,27.2,35.0,37.8,1.282,0.1698
25.07,92.5,265.0,9.25,28.0,359.4,-0.011,0.9999,26.7,34.2,39.0,1.263,0.1273
25.07,92.505,347.0,4.85,28.0,315.6,-0.6994,0.7147,28.6,32.2,39.1,1.27,0.0666
25.07,92.51,326.0,4.25,28.0,277.7,-0.991,0.1336,29.4,32.2,38.4,1.269,0.0584
25.07,92.515,357.0,5.54,28.0,25.8,0.435,0.9004,28.9,31.9,39.3,1.27,0.076
25.07,92.52,414.0,12.44,28.0,2.3,0.0407,0.9992,29.2,35.9,34.9,1.266,0.1702
25.07,92.525,579.0,14.34,28.0,12.8,0.2214,0.9752,27.1,36.7,36.2,1.271,0.1949
25.07,92.53,665.0,5.04,28.0,214.8,-0.5701,-0.8216,26.3,32.2,41.5,1.282,0.0685
25.07,92.535,506.0,13.19,28.0,189.0,-0.1572,-0.9876,29.8,37.8,32.4,1.269,0.1798
25.07,92.54,432.0,12.71,28.0,257.3,-0.9755,-0.2201,27.6,34.9,37.5,1.267,0.1737
25.07,92.545,456.0,11.99,28.0,273.5,-0.9982,0.0608,27.7,37.5,34.8,1.268,0.1638
25.07,92.55,445.0,14.74,28.0,194.8,-0.2561,-0.9666,29.6,35.0,35.4,1.266,0.201
25.07,92.555,200.0,5.92,28.0,196.6,-0.286,-0.9582,28.7,30.5,40.8,1.263,0.0817
25.07,92.56,345.0,14.17,28.0,351.0,-0.1566,0.9877,28.5,36.4,35.1,1.262,0.194
25.07,92.565,451.0,11.72,28.0,347.5,-0.2164,0.9763,30.6,35.5,33.9,1.268,0.1602
25.07,92.57,549.0,13.21,28.0,202.7,-0.3865,-0.9223,27.2,35.6,37.2,1.271,0.1798
25.07,92.575,233.0,7.65,28.0,208.4,-0.4749,-0.88,29.1,33.1,37.8,1.263,0.1054
25.07,92.58,430.0,16.27,28.0,355.4,-0.08,0.9968,28.1,36.3,35.6,1.264,0.2216
25.07,92.585,526.0,11.97,28.0,283.0,-0.9744,0.2248,28.3,34.4,37.3,1.271,0.1632
25.07,92.59,478.0,16.3,28.0,261.6,-0.9893,-0.1461,29.8,35.9,34.3,1.266,0.2217
25.07,92.595,483.0,10.84,28.0,256.2,-0.9711,-0.2386,28.6,36.2,35.2,1.27,0.1481
25.07,92.6,432.0,5.22,28.0,188.5,-0.1475,-0.9891,28.6,33.7,37.7,1.273,0.0715
25.07,92.605,392.0,8.2,28.0,180.4,-0.0062,-1.0,29.3,35.1,35.6,1.269,0.1124
25.07,92.61,287.0,12.55,28.0,162.6,0.2985,-0.9544,27.6,35.0,37.4,1.261,0.1723
25.07,92.615,178.0,8.23,28.0,268.0,-0.9994,-0.0343,27.0,33.7,39.3,1.26,0.1136
25.07,92.62,282.0,11.96,28.0,265.4,-0.9968,-0.0797,26.7,33.5,39.8,1.261,0.1643
25.07,92.625,161.0,13.67,28.0,235.4,-0.8234,-0.5675,25.6,35.1,39.3,1.255,0.1883
25.07,92.63,143.0,10.05,28.0,255.4,-0.9677,-0.2521,30.5,29.7,39.8,1.257,0.1388
25.07,92.635,116.0,4.23,28.0,319.9,-0.6436,0.7653,26.7,32.2,41.1,1.261,0.0585
25.07,92.64,200.0,9.04,28.0,338.5,-0.367,0.9302,27.7,34.3,38.0,1.26,0.1247
25.07,92.645,265.0,2.56,28.0,210.1,-0.5016,-0.8651,27.7,33.5,38.8,1.268,0.0352
25.07,92.65,161.0,3.95,28.0,173.3,0.1172,-0.9931,28.4,32.7,39.0,1.263,0.0545
25.07,92.655,196.0,3.08,28.0,343.5,-0.2836,0.959,29.0,33.3,37.7,1.265,0.0425
25.07,92.66,213.0,6.18,28.0,81.0,0.9878,0.156,29.0,30.4,40.6,1.263,0.0852
25.07,92.665,213.0,12.15,28.0,83.1,0.9928,0.1199,27.3,35.2,37.5,1.258,0.1673
25.07,92.67,239.0,5.0,28.0,56.2,0.8312,0.5559,27.8,30.8,41.4,1.265,0.0689
25.07,92.675,262.0,7.16,28.0,26.8,0.4503,0.8929,28.3,32.1,39.6,1.265,0.0985
25.07,92.68,352.0,6.03,28.0,43.6,0.6893,0.7245,27.7,33.3,39.0,1.269,0.0828
25.07,92.685,339.0,6.41,28.0,127.6,0.7921,-0.6104,29.9,35.6,34.4,1.268,0.088
25.07,92.69,283.0,4.41,28.0,156.0,0.4072,-0.9133,28.6,33.7,37.7,1.268,0.0606
25.07,92.695,268.0,1.48,28.0,143.8,0.5908,-0.8068,28.9,32.4,38.7,1.269,0.0204
25.07,92.7,262.0,0.7,28.0,144.1,0.5862,-0.8102,28.8,32.2,39.0,1.27,0.0096
25.07,92.705,258.0,0.57,28.0,174.8,0.0901,-0.9959,29.4,31.1,39.5,1.27,0.0078
25.07,92.71,252.0,4.79,28.0,274.8,-0.9966,0.0829,28.2,32.5,39.3,1.266,0.066
25.07,92.715,265.0,0.15,28.0,42.1,0.6708,0.7416,26.4,32.7,40.9,1.27,0.0021
25.07,92.72,254.0,2.4,28.0,131.5,0.749,-0.6625,28.5,30.6,41.0,1.268,0.033
25.07,92.725,237.0,7.34,28.0,104.3,0.9691,-0.2467,27.2,34.8,37.9,1.263,0.1012
25.07,92.73,222.0,10.48,28.0,98.0,0.9902,-0.1395,27.4,34.2,38.4,1.26,0.1444
25.07,92.735,211.0,3.31,28.0,263.1,-0.9928,-0.1201,28.7,34.1,37.2,1.266,0.0456
25.07,92.74,215.0,1.69,28.0,283.6,-0.972,0.2351,29.5,33.9,36.6,1.267,0.0233
25.07,92.745,218.0,0.91,28.0,199.9,-0.3402,-0.9403,28.0,29.7,42.2,1.268,0.0125
25.07,92.75,200.0,5.22,28.0,100.6,0.9828,-0.1847,28.4,32.5,39.1,1.264,0.072
25.07,92.755,201.0,10.23,28.0,52.8,0.7961,0.6051,30.0,33.4,36.5,1.26,0.141
25.07,92.76,310.0,13.76,28.0,34.2,0.5614,0.8276,28.3,33.0,38.8,1.261,0.1886
25.07,92.765,405.0,20.05,28.0,85.3,0.9967,0.0816,31.1,35.8,33.1,1.259,0.2723
25.07,92.77,340.0,21.58,28.0,81.2,0.9882,0.1532,28.7,41.4,29.9,1.256,0.2928
25.07,92.775,466.0,22.44,28.0,42.2,0.672,0.7406,25.9,38.9,35.2,1.26,0.3029
25.07,92.78,648.0,25.87,28.0,56.9,0.8373,0.5468,32.9,41.8,25.3,1.264,0.3452
25.07,92.785,733.0,13.37,28.0,106.3,0.96,-0.28,28.5,36.8,34.7,1.278,0.1809
25.07,92.79,581.0,18.13,28.0,183.5,-0.0604,-0.9982,29.5,35.7,34.7,1.268,0.2454
25.07,92.795,404.0,19.32,28.0,189.6,-0.1666,-0.986,28.8,36.6,34.6,1.26,0.2626
25.07,92.8,233.0,16.68,28.0,194.6,-0.2518,-0.9678,27.8,37.3,34.8,1.255,0.2287
25.07,92.805,112.0,1.44,28.0,198.7,-0.3212,-0.947,26.5,33.0,40.4,1.263,0.0199
25.07,92.81,209.0,12.88,28.0,29.2,0.4873,0.8733,27.7,34.6,37.7,1.258,0.1772
25.07,92.815,313.0,16.4,28.0,2.8,0.0488,0.9988,27.0,34.1,38.9,1.259,0.2243
25.07,92.82,505.0,18.16,28.0,2.2,0.0383,0.9993,27.3,41.8,30.9,1.265,0.2464
25.07,92.825,643.0,20.44,28.0,18.5,0.3169,0.9485,28.7,37.2,34.1,1.269,0.2752
25.07,92.83,861.0,14.43,28.0,108.2,0.9498,-0.3127,30.0,35.4,34.6,1.282,0.1944
25.07,92.835,562.0,29.44,28.0,174.8,0.0907,-0.9959,32.5,40.0,27.5,1.258,0.3907
25.07,92.84,295.0,12.27,28.0,156.6,0.3966,-0.918,26.6,34.9,38.5,1.262,0.1684
25.07,92.845,361.0,20.02,28.0,38.8,0.6263,0.7796,28.5,37.5,33.9,1.258,0.2721
25.07,92.85,581.0,24.86,28.0,43.0,0.6824,0.7309,29.4,40.6,30.0,1.263,0.3329
25.07,92.855,702.0,23.61,28.0,80.6,0.9865,0.1636,27.3,38.1,34.6,1.268,0.3159
25.07,92.86,653.0,13.8,28.0,56.9,0.8378,0.546,27.8,33.9,38.2,1.275,0.1871
25.07,92.865,837.0,25.06,28.0,24.6,0.4168,0.909,32.0,38.4,29.5,1.273,0.3327
25.07,92.87,1081.0,18.15,28.0,71.5,0.9481,0.3181,27.1,36.1,36.8,1.288,0.2419
25.07,92.875,942.0,25.25,28.0,95.1,0.9961,-0.0884,32.8,40.9,26.4,1.277,0.334
25.07,92.88,1039.0,18.91,28.0,38.2,0.6188,0.7856,27.9,38.8,33.3,1.286,0.252
25.07,92.885,1213.0,10.92,28.0,344.3,-0.2701,0.9628,28.5,35.1,36.4,1.299,0.1458
25.07,92.89,1226.0,14.65,28.0,269.8,-1.0,-0.0038,26.9,34.0,39.1,1.297,0.195
25.07,92.895,1212.0,16.02,28.0,257.4,-0.976,-0.2179,27.5,34.4,38.1,1.295,0.2131
25.07,92.9,1163.0,12.71,28.0,208.8,-0.4819,-0.8762,28.9,35.4,35.7,1.296,0.1698
25.07,92.905,1013.0,18.04,28.0,231.3,-0.7805,-0.6251,27.6,37.3,35.1,1.285,0.241
25.07,92.91,958.0,17.91,28.0,292.2,-0.9258,0.3781,30.1,36.2,33.7,1.283,0.2397
25.07,92.915,1136.0,16.71,28.0,319.3,-0.6525,0.7578,27.5,35.7,36.7,1.292,0.2225
25.07,92.92,1187.0,8.68,28.0,300.1,-0.8654,0.5012,28.3,33.4,38.3,1.3,0.1161
25.07,92.925,1213.0,10.2,28.0,222.8,-0.679,-0.7341,29.1,34.7,36.2,1.3,0.1362
25.07,92.93,1054.0,16.24,28.0,239.7,-0.8634,-0.5046,26.3,32.8,40.9,1.289,0.217
25.07,92.935,1065.0,12.33,28.0,295.3,-0.9042,0.4271,25.9,33.6,40.5,1.292,0.1653
25.07,92.94,1148.0,5.98,28.0,237.3,-0.8411,-0.5409,26.2,32.7,41.2,1.301,0.0801
25.07,92.945,1008.0,7.06,28.0,80.8,0.987,0.1605,29.5,35.7,34.8,1.294,0.095
25.07,92.95,1168.0,4.09,28.0,358.6,-0.0251,0.9997,27.3,31.9,40.8,1.303,0.0547
25.07,92.955,1080.0,9.2,28.0,178.7,0.0222,-0.9998,31.1,34.7,34.2,1.296,0.1234
25.07,92.96,1005.0,11.51,28.0,118.6,0.8783,-0.4782,27.3,35.4,37.3,1.291,0.1546
25.07,92.965,982.0,12.79,28.0,186.6,-0.1148,-0.9934,28.2,37.4,34.4,1.289,0.1717
25.07,92.97,778.0,20.79,28.0,207.2,-0.4567,-0.8896,29.9,39.4,30.7,1.274,0.2786
25.07,92.975,642.0,13.36,28.0,182.0,-0.034,-0.9994,30.4,35.5,34.1,1.275,0.1812
25.07,92.98,539.0,10.41,28.0,179.4,0.0098,-1.0,30.5,34.1,35.5,1.273,0.1419
25.07,92.985,457.0,6.11,28.0,232.9,-0.7975,-0.6033,29.5,32.6,37.9,1.273,0.0836
25.07,92.99,474.0,9.46,28.0,49.0,0.7549,0.6558,29.2,34.2,36.6,1.271,0.1293
25.07,92.995,567.0,13.26,28.0,38.4,0.6212,0.7837,28.7,34.9,36.4,1.272,0.1803
25.075,92.5,250.0,7.75,28.0,326.3,-0.5546,0.8321,28.9,34.9,36.2,1.264,0.1067
25.075,92.505,307.0,12.27,28.0,350.5,-0.1652,0.9863,27.3,35.9,36.8,1.262,0.1684
25.075,92.51,466.0,11.95,28.0,327.7,-0.5349,0.8449,27.0,36.1,36.9,1.269,0.1632
25.075,92.515,487.0,13.82,28.0,285.5,-0.9639,0.2664,28.0,37.6,34.4,1.268,0.1884
25.075,92.52,532.0,14.34,28.0,284.2,-0.9696,0.2447,27.8,38.6,33.6,1.269,0.1952
25.075,92.525,550.0,13.04,28.0,322.5,-0.6089,0.7933,27.5,35.7,36.9,1.271,0.1775
25.075,92.53,717.0,4.38,28.0,285.8,-0.9622,0.2724,28.8,34.8,36.3,1.285,0.0594
25.075,92.535,571.0,12.94,28.0,233.7,-0.8057,-0.5924,29.1,34.9,35.9,1.272,0.176
25.075,92.54,580.0,5.66,28.0,274.6,-0.9968,0.0801,28.1,35.3,36.6,1.278,0.0772
25.075,92.545,579.0,8.37,28.0,147.5,0.5371,-0.8435,29.8,35.8,34.4,1.276,0.1141
25.075,92.55,455.0,18.68,28.0,163.3,0.287,-0.9579,26.6,38.5,34.9,1.263,0.2536
25.075,92.555,253.0,10.78,28.0,243.7,-0.8963,-0.4433,27.8,35.0,37.2,1.261,0.1483
25.075,92.56,370.0,13.48,28.0,336.4,-0.4011,0.916,27.1,34.6,38.3,1.264,0.1844
25.075,92.565,474.0,6.67,28.0,300.6,-0.8604,0.5096,25.8,31.7,42.6,1.273,0.0912
25.075,92.57,430.0,10.74,28.0,166.9,0.2273,-0.9738,27.9,34.8,37.3,1.268,0.147
25.075,92.575,288.0,5.19,28.0,253.5,-0.9588,-0.2841,27.9,35.7,36.5,1.267,0.0714
25.075,92.58,404.0,16.33,28.0,345.8,-0.2453,0.9695,29.8,35.9,34.3,1.263,0.2226
25.075,92.585,574.0,16.14,28.0,344.7,-0.2639,0.9646,28.8,37.5,33.8,1.27,0.2189
25.075,92.59,685.0,11.23,28.0,290.5,-0.9367,0.3502,26.8,36.3,37.0,1.278,0.1524
25.075,92.595,644.0,14.61,28.0,197.0,-0.2929,-0.9562,30.2,35.5,34.3,1.274,0.198
25.075,92.6,434.0,21.74,28.0,177.4,0.0451,-0.999,29.5,39.8,30.8,1.259,0.2942
25.075,92.605,243.0,15.27,28.0,151.7,0.4739,-0.8806,28.7,31.7,39.6,1.257,0.2095
25.075,92.61,192.0,6.42,28.0,312.1,-0.742,0.6704,27.7,31.9,40.4,1.262,0.0886
25.075,92.615,319.0,14.17,28.0,312.6,-0.7364,0.6765,26.8,34.4,38.7,1.261,0.1941
25.075,92.62,364.0,12.44,28.0,273.6,-0.998,0.0631,27.6,34.1,38.4,1.264,0.1704
25.075,92.625,333.0,13.98,28.0,254.5,-0.9636,-0.2673,29.3,36.2,34.5,1.262,0.1914
25.075,92.63,297.0,11.78,28.0,214.0,-0.5599,-0.8286,30.3,35.6,34.2,1.262,0.1618
25.075,92.635,159.0,11.79,28.0,245.2,-0.9081,-0.4187,29.9,35.7,34.4,1.257,0.1625
25.075,92.64,209.0,11.49,28.0,298.9,-0.8752,0.4838,27.4,36.0,36.6,1.259,0.1582
25.075,92.645,258.0,1.29,28.0,293.4,-0.9178,0.3971,26.7,30.9,42.4,1.269,0.0177
25.075,92.65,218.0,10.5,28.0,281.7,-0.979,0.2036,28.2,33.0,38.9,1.26,0.1446
25.075,92.655,296.0,11.63,28.0,285.4,-0.9642,0.2653,25.9,35.7,38.4,1.262,0.1597
25.075,92.66,273.0,9.63,28.0,242.8,-0.8896,-0.4567,28.4,33.6,38.0,1.263,0.1325
25.075,92.665,218.0,9.56,28.0,255.0,-0.9657,-0.2596,27.8,32.2,40.0,1.261,0.1317
25.075,92.67,229.0,6.72,28.0,294.9,-0.9069,0.4213,27.4,35.2,37.3,1.264,0.0926
25.075,92.675,268.0,6.21,28.0,293.7,-0.9159,0.4014,26.1,35.7,38.2,1.266,0.0854
25.075,92.68,273.0,1.73,28.0,10.3,0.178,0.984,28.6,34.8,36.6,1.269,0.0238
25.075,92.685,298.0,3.16,28.0,320.6,-0.6342,0.7731,27.4,33.1,39.5,1.269,0.0434
25.075,92.69,316.0,7.44,28.0,273.9,-0.9977,0.0685,26.6,34.9,38.5,1.266,0.1023
25.075,92.695,307.0,6.46,28.0,255.3,-0.9672,-0.2542,24.6,35.8,39.7,1.267,0.0888
25.075,92.7,287.0,7.8,28.0,257.9,-0.9776,-0.2104,28.0,33.1,38.9,1.265,0.1073
25.075,92.705,278.0,5.69,28.0,306.7,-0.8018,0.5976,30.1,35.2,34.7,1.266,0.0783
25.075,92.71,347.0,7.01,28.0,279.3,-0.9868,0.1616,30.0,34.3,35.7,1.268,0.0962
25.075,92.715,298.0,5.05,28.0,211.3,-0.5189,-0.8549,27.5,34.7,37.8,1.268,0.0694
25.075,92.72,271.0,3.65,28.0,198.1,-0.3101,-0.9507,27.3,33.3,39.5,1.268,0.0502
25.075,92.725,237.0,3.59,28.0,224.6,-0.7017,-0.7125,28.6,34.9,36.5,1.266,0.0495
25.075,92.73,226.0,5.58,28.0,303.3,-0.8361,0.5486,26.8,33.8,39.4,1.264,0.0769
25.075,92.735,291.0,7.85,28.0,294.2,-0.9119,0.4105,28.4,31.9,39.8,1.265,0.108
25.075,92.74,283.0,6.25,28.0,239.5,-0.8614,-0.5079,28.9,35.8,35.2,1.266,0.086
25.075,92.745,235.0,4.13,28.0,195.9,-0.2734,-0.9619,29.5,31.7,38.8,1.266,0.0569
25.075,92.75,213.0,3.14,28.0,217.3,-0.6054,-0.7959,27.9,34.7,37.4,1.266,0.0433
25.075,92.755,191.0,2.51,28.0,280.4,-0.9834,0.1812,27.8,32.5,39.7,1.266,0.0346
25.075,92.76,221.0,3.72,28.0,54.5,0.8146,0.5801,26.9,34.8,38.3,1.266,0.0512
25.075,92.765,229.0,8.4,28.0,104.8,0.9668,-0.2555,27.0,35.9,37.1,1.262,0.1158
25.075,92.77,183.0,9.77,28.0,37.2,0.6052,0.7961,27.7,35.3,37.0,1.259,0.1348
25.075,92.775,367.0,17.84,28.0,48.7,0.7509,0.6604,28.4,37.5,34.0,1.26,0.2431
25.075,92.78,397.0,23.66,28.0,85.3,0.9967,0.0816,29.1,38.9,32.0,1.256,0.3195
25.075,92.785,403.0,26.56,28.0,71.9,0.9507,0.31,31.0,36.1,32.9,1.254,0.3566
25.075,92.79,553.0,16.81,28.0,96.6,0.9934,-0.1151,29.8,36.7,33.5,1.268,0.2281
25.075,92.795,368.0,19.33,28.0,141.9,0.617,-0.7869,27.7,35.5,36.8,1.259,0.2629
25.075,92.8,275.0,15.8,28.0,156.8,0.3935,-0.9193,28.0,36.5,35.6,1.258,0.2164
25.075,92.805,106.0,12.03,28.0,213.0,-0.5439,-0.8391,27.1,33.5,39.4,1.254,0.1662
25.075,92.81,95.0,8.37,28.0,3.1,0.0549,0.9985,22.1,32.5,45.5,1.257,0.1158
25.075,92.815,254.0,17.03,28.0,8.4,0.1467,0.9892,29.1,38.9,32.0,1.256,0.2332
25.075,92.82,400.0,19.25,28.0,38.3,0.6198,0.7848,28.9,38.7,32.4,1.26,0.2617
25.075,92.825,530.0,20.17,28.0,50.2,0.7678,0.6407,27.7,37.4,35.0,1.264,0.2728
25.075,92.83,637.0,22.83,28.0,102.3,0.9772,-0.2123,28.1,38.4,33.6,1.266,0.3065
25.075,92.835,440.0,20.42,28.0,154.7,0.427,-0.9042,28.6,37.1,34.3,1.261,0.2767
25.075,92.84,298.0,8.71,28.0,156.1,0.4047,-0.9144,26.1,35.2,38.7,1.265,0.1197
25.075,92.845,299.0,7.71,28.0,45.8,0.7169,0.6972,27.4,33.0,39.6,1.266,0.106
25.075,92.85,393.0,16.31,28.0,46.4,0.7246,0.6891,29.0,37.8,33.2,1.262,0.2225
25.075,92.855,502.0,23.46,28.0,37.6,0.6107,0.7919,26.5,37.9,35.6,1.261,0.3157
25.075,92.86,739.0,18.85,28.0,31.2,0.5183,0.8552,28.4,36.4,35.3,1.274,0.2536
25.075,92.865,796.0,10.32,28.0,16.3,0.2811,0.9597,26.4,34.8,38.8,1.283,0.1396
25.075,92.87,915.0,22.4,28.0,100.6,0.9831,-0.1832,28.6,37.1,34.4,1.278,0.2982
25.075,92.875,720.0,7.93,28.0,89.2,0.9999,0.0143,28.0,34.6,37.4,1.282,0.1076
25.075,92.88,917.0,26.67,28.0,352.1,-0.1377,0.9905,30.1,38.3,31.6,1.274,0.3523
25.075,92.885,1221.0,21.35,28.0,5.0,0.0873,0.9962,29.4,38.4,32.2,1.291,0.282
25.075,92.89,1309.0,12.56,28.0,64.1,0.8995,0.437,27.1,37.2,35.7,1.302,0.167
25.075,92.895,1319.0,10.12,28.0,135.4,0.702,-0.7122,27.0,33.6,39.4,1.304,0.1347
25.075,92.9,1181.0,10.79,28.0,174.3,0.099,-0.9951,28.2,34.7,37.1,1.298,0.1442
25.075,92.905,1128.0,13.78,28.0,251.6,-0.9488,-0.3159,29.4,36.4,34.3,1.294,0.1841
25.075,92.91,1103.0,7.05,28.0,295.7,-0.901,0.4338,26.8,33.2,40.0,1.298,0.0946
25.075,92.915,1182.0,11.7,28.0,335.7,-0.4121,0.9112,28.1,35.8,36.1,1.298,0.1562
25.075,92.92,1293.0,5.16,28.0,345.6,-0.2489,0.9685,28.5,34.2,37.3,1.307,0.0688
25.075,92.925,1270.0,5.62,28.0,213.2,-0.5472,-0.837,28.8,35.1,36.0,1.306,0.075
25.075,92.93,1210.0,16.27,28.0,250.3,-0.9416,-0.3368,28.2,35.4,36.4,1.295,0.2163
25.075,92.935,1171.0,7.44,28.0,203.1,-0.392,-0.92,27.6,32.6,39.9,1.301,0.0995
25.075,92.94,1089.0,21.11,28.0,139.4,0.6514,-0.7588,27.0,37.2,35.8,1.286,0.2801
25.075,92.945,876.0,14.81,28.0,92.6,0.999,-0.0451,28.1,34.5,37.4,1.283,0.1992
25.075,92.95,1077.0,17.86,28.0,40.9,0.6553,0.7554,26.7,37.6,35.7,1.288,0.2381
25.075,92.955,1121.0,11.29,28.0,181.0,-0.018,-0.9998,24.5,33.3,42.2,1.295,0.1512
25.075,92.96,876.0,10.79,28.0,172.1,0.1368,-0.9906,28.5,38.4,33.1,1.286,0.1456
25.075,92.965,931.0,15.34,28.0,73.6,0.9593,0.2824,29.1,38.0,32.9,1.284,0.206
25.075,92.97,954.0,16.15,28.0,156.8,0.394,-0.9191,25.2,36.3,38.5,1.285,0.2165
25.075,92.975,663.0,26.24,28.0,174.4,0.0984,-0.9951,30.8,40.3,28.9,1.265,0.3495
25.075,92.98,460.0,5.99,28.0,200.5,-0.3508,-0.9365,28.7,31.1,40.1,1.273,0.082
25.075,92.985,564.0,8.41,28.0,319.4,-0.6505,0.7595,30.5,38.0,31.5,1.276,0.1146
25.075,92.99,573.0,15.86,28.0,286.0,-0.9611,0.2761,28.0,35.3,36.6,1.27,0.2152
25.075,92.995,643.0,12.65,28.0,308.3,-0.7848,0.6198,27.1,35.2,37.7,1.275,0.1718
25.08,92.5,349.0,8.13,28.0,301.9,-0.849,0.5284,27.8,31.4,40.8,1.267,0.1116
25.08,92.505,387.0,12.29,28.0,298.0,-0.8828,0.4698,29.6,36.0,34.3,1.265,0.1683
25.08,92.51,452.0,13.84,28.0,340.6,-0.3318,0.9433,27.2,34.0,38.7,1.267,0.1888
25.08,92.515,621.0,13.35,28.0,355.0,-0.0871,0.9962,27.0,35.7,37.2,1.274,0.1812
25.08,92.52,690.0,8.05,28.0,323.8,-0.5904,0.8071,27.4,33.3,39.2,1.281,0.1093
25.08,92.525,736.0,14.17,28.0,283.0,-0.9746,0.2241,26.9,34.2,39.0,1.278,0.1915
25.08,92.53,747.0,11.41,28.0,263.2,-0.993,-0.1182,28.1,33.8,38.0,1.28,0.1546
25.08,92.535,712.0,16.41,28.0,226.3,-0.7227,-0.6912,29.9,36.7,33.3,1.275,0.2216
25.08,92.54,542.0,18.87,28.0,182.1,-0.0368,-0.9993,28.4,35.1,36.5,1.266,0.2555
25.08,92.545,368.0,11.53,28.0,183.5,-0.0617,-0.9981,27.7,34.0,38.4,1.265,0.158
25.08,92.55,337.0,5.73,28.0,282.6,-0.976,0.2178,27.6,34.5,37.8,1.269,0.0787
25.08,92.555,390.0,16.53,28.0,292.6,-0.923,0.3848,26.1,40.3,33.6,1.262,0.2254
25.08,92.56,452.0,16.06,28.0,306.7,-0.8022,0.597,29.1,37.0,33.9,1.265,0.2187
25.08,92.565,563.0,8.39,28.0,289.3,-0.944,0.3299,27.9,32.9,39.2,1.276,0.1143
25.08,92.57,501.0,18.63,28.0,226.7,-0.7273,-0.6863,27.8,36.4,35.8,1.265,0.2525
25.08,92.575,330.0,12.62,28.0,272.3,-0.9992,0.0399,31.8,35.4,32.8,1.263,0.173
25.08,92.58,510.0,18.26,28.0,327.8,-0.5336,0.8458,28.4,36.3,35.3,1.265,0.2477
25.08,92.585,611.0,12.02,28.0,324.7,-0.5779,0.8161,27.1,36.6,36.3,1.274,0.1635
25.08,92.59,685.0,3.58,28.0,133.0,0.7315,-0.6819,27.5,33.3,39.2,1.284,0.0486
25.08,92.595,568.0,16.66,28.0,155.0,0.4232,-0.906,29.4,37.8,32.8,1.269,0.2259
25.08,92.6,412.0,17.65,28.0,182.4,-0.0424,-0.9991,28.1,36.2,35.6,1.262,0.2403
25.08,92.605,248.0,6.17,28.0,252.9,-0.9558,-0.294,26.3,35.6,38.1,1.265,0.085
25.08,92.61,380.0,19.63,28.0,292.4,-0.9244,0.3815,29.1,37.0,33.9,1.259,0.2668
25.08,92.615,385.0,17.37,28.0,297.8,-0.8844,0.4667,27.2,35.2,37.6,1.261,0.2367
25.08,92.62,527.0,12.4,28.0,281.2,-0.9809,0.1943,30.2,38.6,31.2,1.271,0.1689
25.08,92.625,428.0,16.91,28.0,213.9,-0.5583,-0.8296,29.3,33.8,36.9,1.263,0.2303
25.08,92.63,273.0,12.76,28.0,243.7,-0.8965,-0.443,27.5,34.3,38.2,1.26,0.1753
25.08,92.635,327.0,19.75,28.0,290.2,-0.9383,0.3458,29.5,36.3,34.1,1.257,0.2688
25.08,92.64,398.0,20.59,28.0,264.1,-0.9947,-0.1031,28.1,41.3,30.7,1.259,0.2793
25.08,92.645,288.0,9.24,28.0,257.7,-0.9769,-0.2136,29.0,37.2,33.8,1.264,0.127
25.08,92.65,363.0,16.96,28.0,294.8,-0.9074,0.4202,28.6,38.8,32.7,1.26,0.2315
25.08,92.655,417.0,16.49,28.0,273.5,-0.9982,0.0604,27.0,35.9,37.1,1.263,0.2247
25.08,92.66,381.0,10.46,28.0,262.9,-0.9923,-0.1237,27.2,38.4,34.3,1.267,0.1433
25.08,92.665,394.0,19.25,28.0,266.3,-0.9979,-0.0654,29.2,37.7,33.1,1.26,0.2617
25.08,92.67,358.0,16.17,28.0,265.9,-0.9974,-0.0719,27.6,37.8,34.6,1.261,0.2208
25.08,92.675,373.0,9.86,28.0,266.1,-0.9976,-0.0686,27.5,34.9,37.6,1.267,0.1352
25.08,92.68,346.0,11.58,28.0,271.4,-0.9997,0.0242,26.9,35.0,38.1,1.264,0.1588
25.08,92.685,378.0,16.27,28.0,286.2,-0.9603,0.279,28.5,36.0,35.5,1.262,0.222
25.08,92.69,428.0,15.57,28.0,272.5,-0.9991,0.0428,30.5,35.8,33.7,1.264,0.2124
25.08,92.695,390.0,17.1,28.0,266.9,-0.9985,-0.0549,26.7,37.5,35.8,1.261,0.2332
25.08,92.7,411.0,9.88,28.0,255.8,-0.9695,-0.2452,28.0,35.2,36.8,1.268,0.1353
25.08,92.705,347.0,13.55,28.0,264.3,-0.9951,-0.0989,29.7,35.6,34.7,1.263,0.1855
25.08,92.71,387.0,10.97,28.0,260.9,-0.9873,-0.1589,27.9,37.2,34.9,1.266,0.1503
25.08,92.715,316.0,10.51,28.0,233.5,-0.8041,-0.5945,28.5,30.4,41.1,1.264,0.1443
25.08,92.72,276.0,8.89,28.0,259.0,-0.9817,-0.1904,26.7,35.1,38.1,1.264,0.1223
25.08,92.725,286.0,5.4,28.0,292.9,-0.9214,0.3886,28.5,34.5,37.0,1.267,0.0743
25.08,92.73,313.0,8.82,28.0,294.6,-0.9093,0.4162,27.8,36.1,36.2,1.265,0.1212
25.08,92.735,351.0,3.26,28.0,277.0,-0.9925,0.1219,29.2,32.8,38.0,1.271,0.0447
25.08,92.74,320.0,6.34,28.0,187.4,-0.1293,-0.9916,29.4,34.0,36.6,1.268,0.0871
25.08,92.745,240.0,5.95,28.0,217.7,-0.6119,-0.7909,31.1,35.1,33.8,1.265,0.0819
25.08,92.75,237.0,5.21,28.0,275.6,-0.9952,0.098,28.7,35.6,35.7,1.265,0.0718
25.08,92.755,249.0,4.94,28.0,279.3,-0.987,0.1608,28.4,32.9,38.7,1.266,0.068
25.08,92.76,251.0,3.45,28.0,267.2,-0.9988,-0.0494,28.2,33.3,38.4,1.267,0.0475
25.08,92.765,246.0,2.33,28.0,228.7,-0.7515,-0.6598,27.6,35.1,37.3,1.268,0.0321
25.08,92.77,224.0,3.97,28.0,225.4,-0.7124,-0.7017,28.4,29.9,41.7,1.266,0.0547
25.08,92.775,197.0,8.98,28.0,112.9,0.9209,-0.3897,27.6,33.4,39.0,1.26,0.1239
25.08,92.78,162.0,11.19,28.0,88.0,0.9994,0.0352,28.2,37.2,34.6,1.257,0.1544
25.08,92.785,204.0,13.63,28.0,69.6,0.9374,0.3482,29.6,37.3,33.1,1.257,0.1875
25.08,92.79,247.0,20.96,28.0,96.1,0.9943,-0.1063,26.8,38.4,34.8,1.252,0.2857
25.08,92.795,163.0,15.03,28.0,120.7,0.8599,-0.5105,29.4,35.3,35.3,1.254,0.2068
25.08,92.8,109.0,9.76,28.0,63.2,0.8929,0.4503,29.6,33.3,37.1,1.256,0.135
25.08,92.805,241.0,5.54,28.0,338.8,-0.3614,0.9324,27.9,32.6,39.6,1.265,0.0763
25.08,92.81,200.0,2.24,28.0,304.0,-0.8286,0.5598,25.5,34.9,39.6,1.266,0.0309
25.08,92.815,263.0,6.92,28.0,58.4,0.8517,0.524,27.3,32.9,39.8,1.265,0.0952
25.08,92.82,264.0,11.39,28.0,71.0,0.9456,0.3255,29.6,35.2,35.3,1.261,0.1566
25.08,92.825,329.0,15.47,28.0,60.1,0.8667,0.4989,28.0,35.0,37.0,1.26,0.2117
25.08,92.83,403.0,19.03,28.0,80.7,0.9869,0.1612,26.8,38.3,34.9,1.26,0.2588
25.08,92.835,385.0,11.5,28.0,149.8,0.5034,-0.8641,27.4,34.3,38.3,1.266,0.1575
25.08,92.84,226.0,8.92,28.0,146.7,0.5496,-0.8355,29.0,34.2,36.8,1.262,0.1229
25.08,92.845,253.0,7.82,28.0,30.7,0.51,0.8602,28.7,31.6,39.8,1.264,0.1076
25.08,92.85,345.0,11.55,28.0,41.6,0.6635,0.7482,27.7,32.7,39.6,1.264,0.1584
25.08,92.855,407.0,12.58,28.0,60.4,0.8695,0.494,27.6,35.4,37.1,1.266,0.172
25.08,92.86,456.0,25.86,28.0,40.2,0.6449,0.7643,31.5,36.9,31.6,1.257,0.347
25.08,92.865,780.0,17.87,28.0,57.6,0.8442,0.536,26.9,39.9,33.2,1.276,0.2405
25.08,92.87,630.0,21.03,28.0,89.0,0.9998,0.0181,29.9,34.5,35.5,1.268,0.283
25.08,92.875,787.0,26.67,28.0,343.9,-0.2772,0.9608,31.6,37.9,30.5,1.269,0.3537
25.08,92.88,1116.0,21.08,28.0,358.4,-0.028,0.9996,29.5,37.6,32.9,1.287,0.2795
25.08,92.885,1175.0,14.01,28.0,116.7,0.8931,-0.4499,29.8,35.2,35.0,1.295,0.1869
25.08,92.89,1003.0,28.59,28.0,100.8,0.9824,-0.1868,33.2,38.0,28.8,1.276,0.375
25.08,92.895,1072.5,23.83,28.0,71.8,0.9499,0.3126,27.5,36.9,35.6,1.283,0.3149
25.08,92.9,1142.0,24.08,28.0,63.7,0.8964,0.4433,28.5,36.9,34.6,1.286,0.3173
25.08,92.905,1272.0,7.51,28.0,116.9,0.8921,-0.4518,28.0,33.6,38.5,1.305,0.1002
25.08,92.91,1082.0,14.01,28.0,99.4,0.9866,-0.1632,26.9,38.7,34.4,1.292,0.1874
25.08,92.915,1231.0,13.78,28.0,58.2,0.8501,0.5266,28.4,35.8,35.8,1.298,0.1835
25.08,92.92,1212.0,11.52,28.0,78.2,0.9788,0.2047,26.6,36.8,36.6,1.299,0.1537
25.08,92.925,1273.0,22.29,28.0,69.0,0.9335,0.3586,29.4,38.7,31.9,1.292,0.2936
25.08,92.93,1360.0,11.04,28.0,140.2,0.6398,-0.7685,27.4,36.6,35.9,1.305,0.1467
25.08,92.935,1122.0,28.83,28.0,152.6,0.4602,-0.8878,32.2,35.5,32.3,1.281,0.3764
25.08,92.94,868.0,27.99,28.0,139.7,0.6472,-0.7623,32.3,39.0,28.7,1.271,0.3693
25.08,92.945,714.0,11.14,28.0,70.9,0.9447,0.328,27.7,36.9,35.4,1.279,0.1511
25.08,92.95,933.0,21.31,28.0,19.6,0.3361,0.9418,28.7,36.8,34.5,1.28,0.2839
25.08,92.955,1084.0,3.33,28.0,42.8,0.6792,0.7339,27.4,35.5,37.0,1.301,0.0446
25.08,92.96,976.0,21.45,28.0,182.9,-0.0503,-0.9987,29.0,39.9,31.0,1.281,0.2855
25.08,92.965,689.0,18.05,28.0,172.1,0.1378,-0.9905,26.4,36.1,37.5,1.273,0.2434
25.08,92.97,651.0,10.65,28.0,122.2,0.8458,-0.5336,28.2,34.1,37.8,1.277,0.1447
25.08,92.975,588.0,10.65,28.0,248.0,-0.927,-0.3751,30.3,33.3,36.4,1.275,0.1449
25.08,92.98,580.0,14.42,28.0,264.7,-0.9957,-0.0927,26.8,34.9,38.3,1.271,0.1959
25.08,92.985,564.0,14.28,28.0,320.6,-0.6351,0.7724,27.2,34.0,38.9,1.271,0.1941
25.08,92.99,778.0,16.41,28.0,312.2,-0.7413,0.6712,28.6,37.0,34.4,1.277,0.2212
25.08,92.995,763.0,20.05,28.0,265.3,-0.9967,-0.0816,28.2,35.2,36.6,1.274,0.2691
25.085,92.5,385.0,15.72,28.0,343.7,-0.2808,0.9598,28.4,37.1,34.5,1.262,0.2147
25.085,92.505,521.0,13.44,28.0,315.6,-0.6992,0.7149,28.6,36.5,34.9,1.27,0.183
25.085,92.51,557.0,11.49,28.0,266.9,-0.9986,-0.0537,28.8,32.6,38.7,1.273,0.1565
25.085,92.515,510.0,5.31,28.0,43.4,0.6866,0.727,29.3,35.7,34.9,1.276,0.0725
25.085,92.52,625.0,17.5,28.0,8.5,0.1481,0.989,28.5,37.4,34.1,1.27,0.2368
25.085,92.525,824.0,17.84,28.0,346.4,-0.2345,0.9721,27.7,37.9,34.4,1.278,0.2397
25.085,92.53,940.0,15.97,28.0,266.8,-0.9985,-0.0555,28.8,35.1,36.1,1.284,0.2143
25.085,92.535,808.0,24.38,28.0,220.7,-0.6521,-0.7582,30.3,39.4,30.3,1.272,0.3245
25.085,92.54,594.0,17.53,28.0,227.5,-0.7367,-0.6762,27.8,38.4,33.8,1.269,0.2374
25.085,92.545,593.0,19.23,28.0,265.1,-0.9963,-0.0854,26.8,37.0,36.2,1.268,0.2597
25.085,92.55,564.0,21.46,28.0,264.9,-0.9961,-0.0884,29.3,40.7,29.9,1.265,0.2892
25.085,92.555,558.0,14.44,28.0,284.1,-0.97,0.243,27.9,35.9,36.2,1.27,0.1964
25.085,92.56,627.0,17.72,28.0,282.7,-0.9754,0.2206,25.4,38.4,36.2,1.27,0.2397
25.085,92.565,629.0,11.3,28.0,292.2,-0.9259,0.3777,29.0,35.5,35.5,1.276,0.1536
25.085,92.57,703.0,17.41,28.0,253.1,-0.9566,-0.2913,27.4,37.5,35.1,1.274,0.2349
25.085,92.575,537.0,20.62,28.0,254.2,-0.9623,-0.2719,27.9,35.0,37.1,1.264,0.2786
25.085,92.58,600.0,15.11,28.0,309.8,-0.7684,0.6399,28.4,36.6,35.0,1.271,0.2051
25.085,92.585,711.0,8.74,28.0,282.7,-0.9756,0.2196,28.2,33.2,38.5,1.281,0.1186
25.085,92.59,634.0,12.02,28.0,166.1,0.2406,-0.9706,28.9,33.9,37.2,1.275,0.1633
25.085,92.595,503.0,11.22,28.0,157.9,0.376,-0.9266,27.5,37.6,34.9,1.271,0.1531
25.085,92.6,449.0,12.7,28.0,230.3,-0.7692,-0.639,28.6,35.1,36.3,1.267,0.1735
25.085,92.605,358.0,11.12,28.0,303.8,-0.8315,0.5556,27.7,33.5,38.9,1.265,0.1525
25.085,92.61,559.0,19.01,28.0,320.9,-0.6311,0.7757,28.9,36.5,34.6,1.267,0.2571
25.085,92.615,627.0,18.95,28.0,277.5,-0.9915,0.1302,28.7,35.1,36.2,1.269,0.2559
25.085,92.62,604.0,13.78,28.0,244.8,-0.905,-0.4254,26.9,37.8,35.3,1.273,0.1871
25.085,92.625,522.0,12.09,28.0,247.9,-0.9268,-0.3756,29.3,34.2,36.5,1.271,0.1648
25.085,92.63,523.0,19.0,28.0,272.0,-0.9994,0.0346,27.4,37.9,34.8,1.265,0.2574
25.085,92.635,534.0,20.69,28.0,285.6,-0.9634,0.2682,29.0,39.6,31.5,1.264,0.2795
25.085,92.64,625.0,13.91,28.0,246.6,-0.9178,-0.3971,28.4,35.0,36.6,1.273,0.1888
25.085,92.645,435.0,10.42,28.0,237.7,-0.8451,-0.5347,30.2,35.6,34.2,1.269,0.1425
25.085,92.65,526.0,16.82,28.0,308.6,-0.7814,0.6241,27.7,34.9,37.3,1.267,0.2284
25.085,92.655,625.0,14.89,28.0,259.5,-0.9831,-0.183,27.6,39.6,32.8,1.273,0.2019
25.085,92.66,477.0,7.05,28.0,261.2,-0.9883,-0.1527,28.0,35.3,36.7,1.273,0.0964
25.085,92.665,606.0,14.87,28.0,286.1,-0.9609,0.2768,27.6,35.7,36.7,1.272,0.2018
25.085,92.67,551.0,13.35,28.0,232.6,-0.7949,-0.6068,29.0,34.4,36.6,1.271,0.1817
25.085,92.675,461.0,13.19,28.0,257.8,-0.9773,-0.2119,26.1,35.3,38.6,1.267,0.1801
25.085,92.68,501.0,12.88,28.0,310.3,-0.7623,0.6473,26.7,34.9,38.3,1.269,0.1757
25.085,92.685,610.0,19.19,28.0,290.9,-0.9342,0.3567,26.7,40.0,33.2,1.268,0.2592
25.085,92.69,626.0,16.79,28.0,277.4,-0.9917,0.1284,29.1,34.6,36.2,1.271,0.2273
25.085,92.695,649.0,20.61,28.0,246.5,-0.9171,-0.3987,30.1,37.7,32.2,1.269,0.2774
25.085,92.7,475.0,14.46,28.0,246.4,-0.9163,-0.4006,27.9,35.8,36.3,1.267,0.1971
25.085,92.705,545.0,21.05,28.0,282.7,-0.9756,0.2194,27.8,37.4,34.8,1.264,0.2842
25.085,92.71,560.0,16.58,28.0,254.3,-0.9628,-0.2703,28.1,36.3,35.7,1.269,0.2249
25.085,92.715,464.0,12.56,28.0,238.3,-0.8505,-0.5259,29.4,35.2,35.4,1.268,0.1715
25.085,92.72,442.0,17.92,28.0,246.5,-0.9168,-0.3993,26.9,38.1,35.0,1.263,0.2436
25.085,92.725,334.0,6.77,28.0,240.4,-0.8698,-0.4934,28.3,34.7,37.0,1.268,0.093
25.085,92.73,383.0,11.97,28.0,275.4,-0.9956,0.0937,29.2,35.8,35.0,1.265,0.164
25.085,92.735,354.0,8.29,28.0,235.1,-0.8199,-0.5725,28.6,29.7,41.7,1.267,0.1138
25.085,92.74,299.0,5.01,28.0,237.1,-0.8395,-0.5433,28.2,33.8,38.0,1.268,0.0689
25.085,92.745,306.0,15.01,28.0,273.2,-0.9985,0.0556,29.2,33.5,37.3,1.26,0.2055
25.085,92.75,314.0,12.8,28.0,265.0,-0.9962,-0.0874,24.8,36.4,38.9,1.262,0.1756
25.085,92.755,286.0,7.86,28.0,259.2,-0.9824,-0.187,28.8,36.3,34.9,1.265,0.1081
25.085,92.76,288.0,3.44,28.0,247.7,-0.9252,-0.3795,27.2,31.5,41.3,1.269,0.0473
25.085,92.765,263.0,11.04,28.0,255.3,-0.9671,-0.2546,25.8,34.6,39.6,1.261,0.1519
25.085,92.77,238.0,8.9,28.0,248.4,-0.9298,-0.3681,28.6,33.5,37.9,1.262,0.1226
25.085,92.775,205.0,7.86,28.0,244.0,-0.8984,-0.4391,29.6,35.9,34.4,1.262,0.1084
25.085,92.78,177.0,5.08,28.0,232.1,-0.7887,-0.6148,27.8,33.5,38.7,1.263,0.0701
25.085,92.785,150.0,2.95,28.0,157.5,0.3829,-0.9238,29.1,35.4,35.5,1.264,0.0407
25.085,92.79,129.0,6.63,28.0,109.5,0.9428,-0.3332,29.9,34.4,35.7,1.26,0.0916
25.085,92.795,111.0,2.98,28.0,118.5,0.8792,-0.4765,29.6,33.2,37.3,1.262,0.0412
25.085,92.8,104.0,1.94,28.0,6.1,0.1058,0.9944,30.0,32.6,37.4,1.263,0.0268
25.085,92.805,145.0,7.13,28.0,77.6,0.9767,0.2144,28.9,35.1,36.0,1.26,0.0985
25.085,92.81,131.0,4.79,28.0,94.1,0.9975,-0.0711,28.1,30.7,41.2,1.261,0.0662
25.085,92.815,139.0,8.32,28.0,67.2,0.9219,0.3873,26.1,34.3,39.6,1.259,0.1149
25.085,92.82,188.0,8.55,28.0,35.0,0.5736,0.8191,27.7,34.2,38.1,1.26,0.118
25.085,92.825,263.0,6.85,28.0,54.6,0.8154,0.5789,27.0,34.9,38.1,1.265,0.0943
25.085,92.83,258.0,10.49,28.0,70.2,0.9412,0.3379,30.6,34.5,34.9,1.262,0.1443
25.085,92.835,326.0,7.6,28.0,114.6,0.909,-0.4169,27.8,32.5,39.7,1.267,0.1044
25.085,92.84,202.0,6.67,28.0,153.1,0.4531,-0.8915,28.1,33.8,38.1,1.263,0.092
25.085,92.845,221.0,3.59,28.0,50.7,0.7737,0.6336,28.7,31.3,40.0,1.266,0.0495
25.085,92.85,242.0,8.0,28.0,62.7,0.8883,0.4593,28.1,31.2,40.7,1.263,0.1102
25.085,92.855,286.0,11.69,28.0,44.3,0.6989,0.7152,30.0,36.2,33.8,1.262,0.1606
25.085,92.86,391.0,13.55,28.0,31.5,0.5218,0.8531,27.3,36.5,36.3,1.264,0.1854
25.085,92.865,493.0,16.13,28.0,70.8,0.9441,0.3296,28.2,37.0,34.8,1.266,0.2194
25.085,92.87,487.0,23.62,28.0,29.8,0.4972,0.8677,27.1,40.3,32.6,1.26,0.318
25.085,92.875,875.0,23.95,28.0,8.7,0.1517,0.9884,26.4,37.4,36.2,1.275,0.3184
25.085,92.88,929.0,18.26,28.0,72.8,0.9555,0.295,27.3,34.7,38.0,1.282,0.2444
25.085,92.885,973.0,22.78,28.0,120.7,0.8597,-0.5107,28.0,38.0,34.1,1.28,0.3025
25.085,92.89,713.0,22.61,28.0,106.8,0.9575,-0.2885,27.5,37.5,35.0,1.27,0.3027
25.085,92.895,852.0,14.24,28.0,85.1,0.9963,0.0861,27.2,34.5,38.3,1.282,0.1919
25.085,92.9,735.0,25.89,28.0,72.7,0.955,0.2967,30.3,38.8,30.9,1.268,0.3444
25.085,92.905,997.0,17.67,28.0,73.0,0.9561,0.2931,27.9,35.8,36.3,1.285,0.2362
25.085,92.91,829.0,16.0,28.0,99.4,0.9867,-0.1628,26.2,33.5,40.3,1.28,0.2153
25.085,92.915,950.0,24.57,28.0,58.3,0.8507,0.5257,28.9,37.9,33.2,1.278,0.3254
25.085,92.92,1071.0,9.66,28.0,128.2,0.786,-0.6182,28.1,32.9,39.0,1.295,0.1296
25.085,92.925,844.0,20.58,28.0,90.0,1.0,0.0,26.3,37.8,35.9,1.277,0.2753
25.085,92.93,1071.0,22.44,28.0,83.8,0.9941,0.1082,27.6,37.0,35.4,1.284,0.2973
25.085,92.935,889.0,24.33,28.0,143.3,0.5979,-0.8016,27.1,40.2,32.7,1.275,0.3231
25.085,92.94,706.0,17.2,28.0,134.9,0.7082,-0.706,28.4,39.0,32.6,1.274,0.2321
25.085,92.945,669.0,13.58,28.0,22.3,0.3794,0.9252,29.6,36.6,33.8,1.275,0.1842
25.085,92.95,931.0,23.43,28.0,20.8,0.3545,0.9351,25.7,35.9,38.3,1.278,0.3111
25.085,92.955,1077.0,6.92,28.0,105.7,0.9628,-0.2702,28.1,36.1,35.8,1.297,0.0929
25.085,92.96,898.0,11.9,28.0,202.6,-0.3836,-0.9235,27.8,37.5,34.7,1.286,0.1603
25.085,92.965,881.0,8.78,28.0,218.9,-0.6282,-0.7781,28.8,34.4,36.8,1.288,0.1185
25.085,92.97,777.0,3.19,28.0,115.4,0.9037,-0.4282,28.3,34.8,36.9,1.288,0.0432
25.085,92.975,857.0,2.67,28.0,227.0,-0.7319,-0.6814,27.1,31.9,41.0,1.292,0.0361
25.085,92.98,745.0,17.89,28.0,249.7,-0.9376,-0.3476,27.6,34.0,38.4,1.275,0.2409
25.085,92.985,744.0,18.27,28.0,282.3,-0.9769,0.2136,27.0,35.7,37.2,1.275,0.2459
25.085,92.99,816.0,19.06,28.0,330.9,-0.4862,0.8739,29.3,39.7,31.0,1.277,0.2557
25.085,92.995,1048.0,26.83,28.0,335.7,-0.4121,0.9112,32.0,36.9,31.1,1.28,0.3526
25.09,92.5,437.0,17.43,28.0,329.4,-0.5094,0.8606,30.3,36.6,33.1,1.263,0.2372
25.09,92.505,573.0,14.57,28.0,337.0,-0.3904,0.9206,27.9,35.9,36.1,1.271,0.1979
25.09,92.51,678.0,11.05,28.0,263.3,-0.9931,-0.1169,27.1,34.2,38.7,1.278,0.15
25.09,92.515,550.0,8.14,28.0,253.9,-0.9607,-0.2777,26.2,33.5,40.3,1.275,0.1111
25.09,92.52,638.0,17.34,28.0,329.2,-0.5121,0.8589,25.8,36.7,37.4,1.271,0.2345
25.09,92.525,820.0,24.21,28.0,340.6,-0.3317,0.9434,26.1,37.6,36.3,1.273,0.3221
25.09,92.53,1065.0,17.1,28.0,315.5,-0.7007,0.7134,28.3,34.4,37.3,1.288,0.2283
25.09,92.535,1041.0,22.5,28.0,230.7,-0.7742,-0.633,28.6,38.3,33.1,1.283,0.2983
25.09,92.54,801.0,24.94,28.0,232.4,-0.7919,-0.6107,26.1,40.3,33.6,1.271,0.3318
25.09,92.545,755.0,17.89,28.0,265.1,-0.9963,-0.0862,29.1,38.1,32.9,1.275,0.2409
25.09,92.55,773.0,21.59,28.0,257.4,-0.9759,-0.2183,27.4,36.5,36.0,1.273,0.2891
25.09,92.555,668.0,12.2,28.0,276.9,-0.9928,0.1194,28.2,33.4,38.4,1.277,0.1655
25.09,92.56,799.0,15.29,28.0,291.5,-0.9302,0.367,29.9,35.7,34.4,1.279,0.2062
25.09,92.565,769.0,18.25,28.0,276.2,-0.9941,0.1084,29.1,39.2,31.7,1.276,0.2454
25.09,92.57,835.0,10.28,28.0,258.6,-0.9804,-0.1971,27.7,35.7,36.6,1.285,0.1389
25.09,92.575,733.0,21.54,28.0,256.3,-0.9716,-0.2365,26.9,38.8,34.3,1.271,0.2889
25.09,92.58,741.0,13.33,28.0,280.9,-0.982,0.1886,25.4,36.9,37.7,1.279,0.1803
25.09,92.585,778.0,12.59,28.0,239.8,-0.8646,-0.5024,27.1,36.0,36.9,1.281,0.1702
25.09,92.59,628.0,16.25,28.0,183.2,-0.0555,-0.9985,27.7,36.5,35.7,1.272,0.22
25.09,92.595,485.0,9.37,28.0,262.0,-0.9904,-0.1384,26.8,35.5,37.7,1.272,0.128
25.09,92.6,605.0,17.47,28.0,260.0,-0.9848,-0.1736,27.8,35.8,36.3,1.27,0.2364
25.09,92.605,430.0,15.11,28.0,273.6,-0.998,0.0625,28.1,33.9,38.0,1.265,0.2061
25.09,92.61,622.0,21.49,28.0,327.4,-0.5385,0.8426,27.7,38.8,33.5,1.267,0.2891
25.09,92.615,764.0,16.72,28.0,300.2,-0.8645,0.5027,27.2,38.3,34.5,1.277,0.2253
25.09,92.62,774.0,16.1,28.0,246.7,-0.9183,-0.3958,28.2,34.6,37.2,1.278,0.217
25.09,92.625,649.0,16.68,28.0,247.0,-0.9203,-0.3911,28.5,37.7,33.8,1.272,0.2256
25.09,92.63,656.0,14.73,28.0,288.3,-0.9496,0.3135,26.7,38.4,34.9,1.274,0.1996
25.09,92.635,732.0,16.47,28.0,269.0,-0.9999,-0.0168,29.7,36.4,33.9,1.276,0.2222
25.09,92.64,651.0,15.72,28.0,197.1,-0.2935,-0.956,27.9,35.0,37.2,1.273,0.2128
25.09,92.645,461.0,5.37,28.0,254.7,-0.9645,-0.264,28.0,33.6,38.4,1.274,0.0735
25.09,92.65,626.0,16.86,28.0,324.1,-0.587,0.8096,28.8,35.7,35.5,1.271,0.2282
25.09,92.655,708.0,9.88,28.0,231.6,-0.7836,-0.6213,28.3,33.7,38.0,1.28,0.1341
25.09,92.66,517.0,7.27,28.0,256.5,-0.9723,-0.2337,29.1,34.6,36.3,1.275,0.0993
25.09,92.665,678.0,12.92,28.0,282.8,-0.9753,0.2209,28.3,33.0,38.6,1.276,0.1752
25.09,92.67,568.0,8.93,28.0,251.6,-0.9488,-0.316,27.3,32.2,40.5,1.275,0.1217
25.09,92.675,628.0,16.96,28.0,264.8,-0.9958,-0.0912,28.4,36.6,35.0,1.271,0.2295
25.09,92.68,540.0,12.52,28.0,300.1,-0.8655,0.5008,26.6,35.3,38.1,1.271,0.1706
25.09,92.685,740.0,16.27,28.0,318.8,-0.6589,0.7523,28.1,36.9,35.0,1.276,0.2196
25.09,92.69,761.0,17.03,28.0,276.3,-0.9939,0.1102,28.0,39.4,32.7,1.276,0.2295
25.09,92.695,774.0,16.35,28.0,252.9,-0.9556,-0.2946,27.8,36.5,35.7,1.277,0.2204
25.09,92.7,674.0,20.13,28.0,268.6,-0.9997,-0.0244,27.8,38.3,33.9,1.27,0.271
25.09,92.705,765.0,20.47,28.0,274.9,-0.9964,0.0851,25.7,36.0,38.3,1.274,0.2745
25.09,92.71,706.0,15.22,28.0,209.7,-0.4952,-0.8688,27.3,37.2,35.4,1.276,0.2057
25.09,92.715,527.0,12.74,28.0,243.9,-0.8983,-0.4394,28.1,34.6,37.3,1.27,0.1736
25.09,92.72,606.0,17.92,28.0,247.2,-0.9221,-0.3869,28.2,36.9,34.9,1.269,0.2425
25.09,92.725,401.0,13.62,28.0,256.2,-0.9713,-0.2377,26.8,35.5,37.8,1.265,0.1862
25.09,92.73,548.0,14.96,28.0,288.0,-0.9512,0.3085,29.5,37.5,32.9,1.269,0.2034
25.09,92.735,484.0,10.42,28.0,218.0,-0.6153,-0.7883,27.0,32.8,40.2,1.271,0.1423
25.09,92.74,402.0,9.67,28.0,288.3,-0.9492,0.3148,29.2,31.2,39.7,1.268,0.1325
25.09,92.745,538.0,16.53,28.0,286.9,-0.9567,0.2912,28.5,36.1,35.4,1.268,0.2244
25.09,92.75,489.0,12.39,28.0,231.4,-0.7813,-0.6241,27.2,36.0,36.8,1.269,0.1691
25.09,92.755,400.0,11.4,28.0,209.9,-0.4988,-0.8667,30.1,35.3,34.6,1.266,0.1561
25.09,92.76,313.0,10.27,28.0,287.9,-0.9517,0.3069,26.6,36.6,36.8,1.264,0.141
25.09,92.765,456.0,21.46,28.0,280.6,-0.9828,0.1845,29.1,38.4,32.5,1.26,0.2904
25.09,92.77,386.0,20.45,28.0,251.2,-0.9467,-0.3222,29.2,36.6,34.2,1.258,0.2777
25.09,92.775,335.0,17.51,28.0,242.6,-0.8882,-0.4595,27.2,33.2,39.6,1.259,0.239
25.09,92.78,240.0,13.17,28.0,229.5,-0.7603,-0.6496,29.7,35.2,35.2,1.259,0.181
25.09,92.785,182.0,11.12,28.0,234.5,-0.8137,-0.5812,27.7,36.5,35.8,1.258,0.1533
25.09,92.79,125.0,7.22,28.0,236.7,-0.8362,-0.5484,28.3,33.3,38.3,1.259,0.0998
25.09,92.795,112.0,4.51,28.0,255.4,-0.9678,-0.2518,28.3,33.2,38.4,1.261,0.0624
25.09,92.8,105.0,4.79,28.0,265.2,-0.9966,-0.0829,27.8,33.9,38.3,1.26,0.0663
25.09,92.805,105.0,1.7,28.0,86.2,0.9978,0.0669,29.0,30.9,40.1,1.263,0.0235
25.09,92.81,107.0,0.77,28.0,53.6,0.805,0.5933,29.0,33.1,37.9,1.264,0.0106
25.09,92.815,113.0,3.84,28.0,25.4,0.4287,0.9035,25.9,35.5,38.6,1.261,0.0531
25.09,92.82,168.0,7.12,28.0,31.7,0.5251,0.851,29.6,33.6,36.8,1.261,0.0983
25.09,92.825,220.0,6.91,28.0,70.4,0.9418,0.3362,26.0,32.1,41.8,1.263,0.0953
25.09,92.83,209.0,5.12,28.0,70.6,0.943,0.3327,29.2,33.3,37.5,1.264,0.0706
25.09,92.835,250.0,7.02,28.0,109.8,0.9409,-0.3387,29.4,30.5,40.1,1.264,0.0967
25.09,92.84,167.0,3.91,28.0,137.9,0.6708,-0.7416,26.7,33.5,39.8,1.263,0.054
25.09,92.845,199.0,3.43,28.0,49.8,0.7636,0.6456,27.5,33.6,38.9,1.265,0.0473
25.09,92.85,206.0,4.6,28.0,54.6,0.8147,0.5799,26.7,35.7,37.6,1.264,0.0634
25.09,92.855,246.0,6.92,28.0,25.9,0.4365,0.8997,27.7,33.6,38.7,1.264,0.0953
25.09,92.86,316.0,14.18,28.0,25.3,0.4268,0.9044,27.6,36.4,36.0,1.261,0.1943
25.09,92.865,476.0,8.67,28.0,62.0,0.8833,0.4688,28.9,33.0,38.0,1.272,0.1185
25.09,92.87,388.0,15.01,28.0,29.1,0.4857,0.8741,29.6,35.5,35.0,1.263,0.2051
25.09,92.875,712.0,29.7,28.0,49.0,0.7544,0.6564,33.7,37.6,28.7,1.264,0.392
25.09,92.88,765.0,20.51,28.0,80.7,0.9868,0.1619,27.3,37.2,35.5,1.274,0.275
25.09,92.885,773.0,28.62,28.0,112.0,0.927,-0.375,31.7,39.2,29.1,1.267,0.3781
25.09,92.89,559.0,6.09,28.0,80.3,0.9858,0.1677,26.0,34.1,39.9,1.277,0.0831
25.09,92.895,791.0,11.69,28.0,71.2,0.9468,0.3217,27.0,34.2,38.8,1.282,0.158
25.09,92.9,626.0,8.86,28.0,25.2,0.4264,0.9046,29.2,34.5,36.4,1.278,0.1205
25.09,92.905,933.0,12.95,28.0,52.5,0.7931,0.6091,29.9,35.0,35.1,1.287,0.1741
25.09,92.91,767.0,12.52,28.0,127.1,0.7971,-0.6039,26.5,34.8,38.6,1.28,0.1694
25.09,92.915,798.0,22.38,28.0,44.4,0.7002,0.7139,27.3,38.1,34.6,1.273,0.2991
25.09,92.92,1063.0,18.13,28.0,80.0,0.9849,0.1729,28.0,36.9,35.1,1.287,0.2418
25.09,92.925,855.0,12.0,28.0,138.4,0.6638,-0.7479,28.3,36.3,35.3,1.284,0.1619
25.09,92.93,903.0,21.77,28.0,94.9,0.9964,-0.0846,27.0,37.6,35.3,1.278,0.2902
25.09,92.935,821.0,23.73,28.0,129.1,0.7764,-0.6302,28.5,37.8,33.7,1.273,0.3161
25.09,92.94,624.0,16.49,28.0,134.5,0.713,-0.7011,27.4,36.1,36.4,1.271,0.2233
25.09,92.945,612.0,7.8,28.0,359.2,-0.0131,0.9999,28.0,33.0,39.0,1.278,0.1062
25.09,92.95,762.0,20.33,28.0,23.6,0.3999,0.9165,28.7,36.9,34.5,1.274,0.2727
25.09,92.955,954.0,18.8,28.0,27.5,0.4618,0.887,28.0,40.1,31.9,1.282,0.2514
25.09,92.96,1066.0,9.44,28.0,159.8,0.3459,-0.9383,27.5,33.1,39.4,1.295,0.1267
25.09,92.965,797.0,27.77,28.0,152.7,0.459,-0.8885,31.9,39.0,29.1,1.269,0.3672
25.09,92.97,595.0,14.61,28.0,130.7,0.7584,-0.6518,27.9,35.3,36.8,1.272,0.1983
25.09,92.975,626.0,23.53,28.0,42.7,0.6787,0.7344,27.6,37.9,34.5,1.265,0.3156
25.09,92.98,917.0,16.59,28.0,351.9,-0.1417,0.9899,27.7,35.9,36.4,1.283,0.2225
25.09,92.985,923.0,7.8,28.0,290.4,-0.9375,0.3479,29.9,34.5,35.6,1.29,0.1052
25.09,92.99,965.0,15.39,28.0,285.1,-0.9657,0.2597,28.7,33.5,37.8,1.286,0.2064
25.09,92.995,995.0,8.57,28.0,293.3,-0.9184,0.3956,27.6,35.8,36.5,1.293,0.1152
25.095,92.5,563.0,18.05,28.0,295.6,-0.9015,0.4328,28.8,37.8,33.4,1.267,0.2446
25.095,92.505,634.0,16.97,28.0,313.1,-0.73,0.6834,27.6,34.7,37.7,1.271,0.2296
25.095,92.51,773.0,11.59,28.0,278.1,-0.9901,0.1405,29.4,31.7,38.9,1.281,0.1568
25.095,92.515,663.0,14.6,28.0,276.6,-0.9934,0.1144,28.4,34.4,37.1,1.274,0.1979
25.095,92.52,803.0,21.35,28.0,326.2,-0.5563,0.831,27.9,37.3,34.8,1.274,0.2858
25.095,92.525,990.0,26.06,28.0,320.0,-0.6431,0.7658,32.5,42.8,24.6,1.278,0.3437
25.095,92.53,1180.0,14.32,28.0,312.9,-0.7322,0.6811,26.1,36.6,37.3,1.295,0.191
25.095,92.535,1165.0,12.42,28.0,217.4,-0.608,-0.794,26.6,32.6,40.8,1.296,0.166
25.095,92.54,1004.0,20.37,28.0,235.1,-0.82,-0.5723,26.6,36.4,37.0,1.283,0.2713
25.095,92.545,951.0,21.39,28.0,268.5,-0.9997,-0.0253,28.2,37.6,34.2,1.28,0.2849
25.095,92.55,994.0,21.29,28.0,246.9,-0.9198,-0.3925,30.1,38.1,31.9,1.282,0.2832
25.095,92.555,797.0,20.78,28.0,257.3,-0.9755,-0.2199,30.7,35.6,33.8,1.275,0.2783
25.095,92.56,910.0,22.25,28.0,298.6,-0.8782,0.4782,28.8,37.7,33.5,1.278,0.2963
25.095,92.565,994.0,23.07,28.0,268.8,-0.9998,-0.021,28.6,37.1,34.3,1.281,0.3059
25.095,92.57,901.0,17.48,28.0,264.6,-0.9955,-0.0946,25.8,35.0,39.2,1.281,0.2345
25.095,92.575,964.0,19.34,28.0,263.2,-0.9929,-0.1188,27.3,37.5,35.1,1.282,0.2583
25.095,92.58,859.0,16.83,28.0,262.8,-0.9922,-0.1248,27.1,37.6,35.3,1.28,0.2262
25.095,92.585,926.0,19.24,28.0,233.9,-0.8081,-0.589,27.3,38.4,34.4,1.281,0.2572
25.095,92.59,652.0,16.44,28.0,215.8,-0.5846,-0.8113,27.8,37.2,35.0,1.272,0.2225
25.095,92.595,685.0,23.63,28.0,288.8,-0.9466,0.3224,27.4,37.6,35.0,1.268,0.3161
25.095,92.6,794.0,9.65,28.0,260.9,-0.9875,-0.1576,25.6,35.6,38.7,1.284,0.1306
25.095,92.605,658.0,21.48,28.0,270.1,-1.0,0.0025,28.9,38.2,32.9,1.268,0.2888
25.095,92.61,795.0,22.73,28.0,307.7,-0.7912,0.6116,26.7,38.3,35.0,1.273,0.3035
25.095,92.615,916.0,16.68,28.0,290.2,-0.9387,0.3448,28.3,35.5,36.2,1.283,0.2237
25.095,92.62,899.0,14.17,28.0,250.0,-0.9396,-0.3423,30.5,35.0,34.5,1.284,0.1907
25.095,92.625,829.0,20.07,28.0,254.5,-0.9639,-0.2664,26.9,37.5,35.6,1.276,0.2689
25.095,92.63,801.0,19.16,28.0,275.6,-0.9953,0.0972,25.0,40.8,34.3,1.276,0.2572
25.095,92.635,863.0,15.94,28.0,253.0,-0.9564,-0.2922,27.7,36.7,35.6,1.281,0.2144
25.095,92.64,717.0,19.35,28.0,202.4,-0.381,-0.9246,29.3,36.2,34.4,1.273,0.2603
25.095,92.645,536.0,7.68,28.0,273.0,-0.9987,0.0515,30.4,32.8,36.9,1.275,0.1048
25.095,92.65,724.0,16.8,28.0,322.4,-0.6098,0.7926,26.5,35.7,37.7,1.275,0.2267
25.095,92.655,777.0,14.04,28.0,244.4,-0.9015,-0.4328,28.6,39.0,32.4,1.279,0.1897
25.095,92.66,615.0,15.66,28.0,286.0,-0.9611,0.2763,27.4,35.6,37.0,1.272,0.2122
25.095,92.665,855.0,19.42,28.0,286.7,-0.9578,0.2873,27.9,38.5,33.6,1.278,0.2602
25.095,92.67,717.0,22.85,28.0,262.4,-0.9913,-0.132,31.2,37.5,31.3,1.27,0.3058
25.095,92.675,799.0,20.54,28.0,269.7,-1.0,-0.0053,26.2,37.9,35.9,1.275,0.2752
25.095,92.68,715.0,16.24,28.0,274.9,-0.9964,0.0853,28.3,37.5,34.2,1.275,0.2193
25.095,92.685,824.0,16.13,28.0,329.2,-0.5126,0.8586,28.6,35.4,36.0,1.28,0.217
25.095,92.69,965.0,18.32,28.0,294.3,-0.9116,0.411,29.3,35.9,34.8,1.283,0.245
25.095,92.695,961.0,24.91,28.0,259.9,-0.9845,-0.1754,28.1,41.1,30.8,1.278,0.3296
25.095,92.7,883.0,25.59,28.0,269.8,-1.0,-0.0041,32.4,40.3,27.3,1.274,0.339
25.095,92.705,959.0,15.83,28.0,232.7,-0.7954,-0.6061,27.5,37.4,35.1,1.285,0.2123
25.095,92.71,710.0,15.24,28.0,191.2,-0.1946,-0.9809,28.3,37.2,34.4,1.276,0.206
25.095,92.715,690.0,15.76,28.0,283.0,-0.9743,0.2253,27.6,36.9,35.5,1.274,0.2132
25.095,92.72,774.0,17.4,28.0,252.7,-0.9546,-0.2979,28.7,39.7,31.6,1.276,0.2344
25.095,92.725,596.0,23.03,28.0,255.4,-0.9677,-0.2523,27.6,38.2,34.2,1.265,0.3093
25.095,92.73,666.0,8.73,28.0,221.4,-0.6611,-0.7503,28.5,35.2,36.4,1.279,0.1187
25.095,92.735,480.0,11.64,28.0,205.6,-0.4319,-0.9019,28.0,32.9,39.1,1.27,0.1589
25.095,92.74,479.0,16.13,28.0,299.2,-0.873,0.4877,29.4,35.1,35.6,1.266,0.2194
25.095,92.745,622.0,10.44,28.0,278.1,-0.9901,0.1402,27.9,33.0,39.1,1.276,0.142
25.095,92.75,505.0,12.56,28.0,177.0,0.0524,-0.9986,25.9,37.3,36.9,1.27,0.1712
25.095,92.755,398.0,1.57,28.0,205.2,-0.4256,-0.9049,29.5,28.6,41.9,1.275,0.0215
25.095,92.76,480.0,24.35,28.0,310.3,-0.7622,0.6474,26.9,37.9,35.2,1.259,0.3275
25.095,92.765,693.0,19.79,28.0,294.6,-0.909,0.4169,27.2,32.8,40.0,1.271,0.2664
25.095,92.77,631.0,18.63,28.0,238.8,-0.8551,-0.5184,27.3,35.7,37.0,1.27,0.2515
25.095,92.775,517.0,20.49,28.0,227.1,-0.733,-0.6802,29.6,36.7,33.6,1.264,0.2769
25.095,92.78,375.0,18.07,28.0,234.9,-0.8179,-0.5754,25.4,38.9,35.7,1.26,0.2462
25.095,92.785,328.0,14.64,28.0,240.9,-0.8736,-0.4867,31.8,36.5,31.7,1.261,0.2004
25.095,92.79,247.0,14.29,28.0,239.0,-0.8573,-0.5149,29.3,34.6,36.2,1.258,0.1962
25.095,92.795,196.0,7.79,28.0,248.7,-0.9319,-0.3628,28.3,35.7,36.1,1.261,0.1075
25.095,92.8,197.0,7.68,28.0,231.8,-0.7858,-0.6185,27.9,34.1,38.0,1.261,0.106
25.095,92.805,112.0,5.39,28.0,214.8,-0.5711,-0.8209,28.3,33.5,38.2,1.26,0.0746
25.095,92.81,119.0,1.82,28.0,261.0,-0.9878,-0.156,28.6,30.7,40.7,1.263,0.0251
25.095,92.815,107.0,0.25,28.0,155.7,0.4121,-0.9112,28.8,30.6,40.6,1.264,0.0035
25.095,92.82,115.0,3.32,28.0,60.2,0.8678,0.4969,28.7,31.6,39.7,1.262,0.0459
25.095,92.825,136.0,5.97,28.0,62.3,0.885,0.4655,28.1,33.7,38.2,1.26,0.0825
25.095,92.83,164.0,5.65,28.0,52.2,0.7903,0.6127,27.8,33.6,38.6,1.262,0.078
25.095,92.835,197.0,6.25,28.0,96.8,0.993,-0.118,27.8,36.0,36.2,1.263,0.0862
25.095,92.84,151.0,2.07,28.0,137.9,0.6708,-0.7416,27.8,33.1,39.1,1.264,0.0286
25.095,92.845,170.0,1.45,28.0,45.1,0.7089,0.7054,29.4,28.3,42.3,1.266,0.02
25.095,92.85,169.0,3.54,28.0,24.0,0.406,0.9139,28.7,33.3,37.9,1.264,0.0488
25.095,92.855,227.0,5.8,28.0,355.4,-0.0796,0.9968,24.5,31.4,44.2,1.264,0.0799
25.095,92.86,271.0,6.57,28.0,0.9,0.0156,0.9999,28.8,32.3,38.9,1.265,0.0904
25.095,92.865,343.0,6.8,28.0,53.7,0.8063,0.5915,28.2,32.6,39.2,1.268,0.0934
25.095,92.87,342.0,5.6,28.0,57.5,0.8434,0.5372,28.0,32.5,39.5,1.269,0.0769
25.095,92.875,396.0,18.71,28.0,58.9,0.8566,0.516,27.5,34.9,37.5,1.26,0.2546
25.095,92.88,518.0,15.2,28.0,87.1,0.9987,0.0512,29.3,36.4,34.3,1.268,0.2068
25.095,92.885,410.0,21.68,28.0,78.8,0.9808,0.1949,29.1,35.7,35.2,1.258,0.2937
25.095,92.89,596.0,17.88,28.0,46.4,0.7241,0.6897,27.1,37.3,35.6,1.269,0.2419
25.095,92.895,634.0,20.99,28.0,80.3,0.9857,0.1683,28.5,41.0,30.6,1.268,0.2825
25.095,92.9,661.0,11.1,28.0,35.9,0.5862,0.8102,26.8,33.0,40.2,1.277,0.1508
25.095,92.905,794.0,24.74,28.0,93.6,0.998,-0.0625,26.3,38.2,35.5,1.271,0.3293
25.095,92.91,632.0,22.64,28.0,113.1,0.9196,-0.3929,27.2,34.3,38.5,1.266,0.3041
25.095,92.915,629.0,19.4,28.0,77.0,0.9742,0.2256,29.0,36.7,34.2,1.269,0.2618
25.095,92.92,712.0,31.57,28.0,84.6,0.9956,0.0937,33.1,41.4,25.5,1.262,0.4148
25.095,92.925,687.0,23.03,28.0,101.3,0.9806,-0.1963,28.6,39.2,32.2,1.268,0.3085
25.095,92.93,628.0,26.73,28.0,110.5,0.9364,-0.351,32.9,39.2,27.9,1.263,0.3561
25.095,92.935,509.0,23.47,28.0,111.1,0.9333,-0.3592,28.6,39.6,31.8,1.261,0.3158
25.095,92.94,471.0,15.68,28.0,55.0,0.8194,0.5733,27.2,40.0,32.8,1.266,0.2135
25.095,92.945,671.0,16.34,28.0,1.9,0.0337,0.9994,28.5,38.9,32.6,1.273,0.221
25.095,92.95,766.0,13.03,28.0,7.6,0.132,0.9913,29.0,34.7,36.3,1.28,0.1761
25.095,92.955,902.0,15.53,28.0,75.9,0.97,0.2431,28.9,34.0,37.1,1.283,0.2087
25.095,92.96,834.0,27.75,28.0,123.2,0.8368,-0.5475,33.4,38.8,27.8,1.27,0.3666
25.095,92.965,612.0,18.99,28.0,143.1,0.6005,-0.7996,28.8,35.6,35.5,1.269,0.2564
25.095,92.97,557.0,9.01,28.0,121.8,0.8502,-0.5264,28.4,35.1,36.5,1.275,0.1228
25.095,92.975,528.0,16.13,28.0,36.2,0.5903,0.8072,29.3,34.5,36.2,1.268,0.2191
25.095,92.98,792.0,24.11,28.0,37.2,0.6042,0.7968,28.0,38.3,33.7,1.272,0.3211
25.095,92.985,887.0,20.06,28.0,29.5,0.4921,0.8705,26.9,38.6,34.5,1.279,0.2682
25.095,92.99,1112.0,19.73,28.0,29.2,0.4885,0.8725,27.8,37.1,35.1,1.288,0.2621
25.095,92.995,1202.0,14.82,28.0,47.5,0.737,0.6759,27.1,34.5,38.4,1.296,0.1974
25.1,92.5,764.0,19.65,28.0,288.5,-0.9484,0.3171,27.2,39.0,33.8,1.274,0.264
25.1,92.505,821.0,17.84,28.0,295.6,-0.9018,0.4322,27.8,33.9,38.2,1.278,0.2397
25.1,92.51,904.0,5.77,28.0,279.6,-0.986,0.167,27.0,33.0,39.9,1.291,0.0779
25.1,92.515,838.0,18.34,28.0,265.9,-0.9974,-0.0719,27.6,36.8,35.5,1.278,0.2462
25.1,92.52,880.0,22.82,28.0,321.6,-0.6212,0.7836,25.7,38.1,36.2,1.276,0.3039
25.1,92.525,1170.0,23.44,28.0,334.2,-0.4351,0.9004,28.3,38.5,33.2,1.287,0.3091
25.1,92.53,1273.0,2.44,28.0,62.2,0.8849,0.4659,28.0,33.6,38.4,1.309,0.0325
25.1,92.535,1190.0,19.0,28.0,112.6,0.9235,-0.3836,27.0,37.0,36.0,1.292,0.252
25.1,92.54,1140.0,4.01,28.0,89.2,0.9999,0.0142,28.8,32.5,38.7,1.302,0.0537
25.1,92.545,1191.0,13.94,28.0,277.4,-0.9918,0.1281,29.1,35.1,35.8,1.296,0.1859
25.1,92.55,1172.0,10.59,28.0,233.9,-0.8075,-0.5899,26.1,33.9,40.0,1.298,0.1416
25.1,92.555,1080.0,19.09,28.0,274.4,-0.997,0.0775,27.1,38.3,34.6,1.287,0.2541
25.1,92.56,1199.0,13.85,28.0,311.0,-0.7542,0.6566,27.1,34.7,38.2,1.296,0.1847
25.1,92.565,1243.0,2.32,28.0,248.5,-0.9301,-0.3673,26.9,33.9,39.2,1.308,0.0309
25.1,92.57,1184.0,9.28,28.0,222.1,-0.6708,-0.7416,29.0,34.5,36.5,1.3,0.124
25.1,92.575,1121.0,12.1,28.0,239.7,-0.8631,-0.505,27.8,34.4,37.8,1.295,0.1619
25.1,92.58,1075.0,18.91,28.0,265.2,-0.9965,-0.0841,27.7,38.0,34.3,1.287,0.2518
25.1,92.585,1092.0,19.45,28.0,224.2,-0.6969,-0.7171,25.6,36.1,38.3,1.287,0.2587
25.1,92.59,820.0,24.1,28.0,251.1,-0.946,-0.3242,28.8,39.4,31.9,1.273,0.3208
25.1,92.595,946.0,16.58,28.0,264.6,-0.9956,-0.0934,26.5,36.7,36.7,1.284,0.2222
25.1,92.6,792.0,7.98,28.0,236.4,-0.8333,-0.5528,28.1,33.2,38.7,1.285,0.108
25.1,92.605,868.0,21.03,28.0,300.9,-0.8577,0.5142,28.3,38.4,33.3,1.277,0.281
25.1,92.61,991.0,21.78,28.0,301.3,-0.8544,0.5196,29.6,38.6,31.7,1.281,0.2897
25.1,92.615,1077.0,8.64,28.0,287.9,-0.9517,0.3072,26.4,36.0,37.5,1.296,0.1159
25.1,92.62,1038.0,7.74,28.0,254.8,-0.9648,-0.263,24.4,35.5,40.1,1.295,0.104
25.1,92.625,1041.0,11.23,28.0,270.9,-0.9999,0.015,28.2,35.7,36.0,1.292,0.1507
25.1,92.63,1041.0,13.05,28.0,268.8,-0.9998,-0.0214,30.2,33.8,36.1,1.291,0.1749
25.1,92.635,1036.0,17.61,28.0,221.0,-0.6567,-0.7542,29.5,40.4,30.1,1.287,0.2351
25.1,92.64,800.0,24.16,28.0,199.8,-0.3384,-0.941,28.3,36.3,35.4,1.272,0.3218
25.1,92.645,611.0,12.19,28.0,278.2,-0.9898,0.1425,27.4,36.7,35.9,1.274,0.1657
25.1,92.65,831.0,20.91,28.0,334.8,-0.4257,0.9049,29.0,38.2,32.8,1.276,0.2797
25.1,92.655,959.0,16.34,28.0,267.3,-0.9989,-0.0474,26.8,34.6,38.6,1.285,0.2189
25.1,92.66,817.0,24.07,28.0,282.2,-0.9774,0.2112,28.6,38.2,33.2,1.273,0.3204
25.1,92.665,1054.0,23.35,28.0,299.8,-0.8678,0.497,28.6,38.1,33.3,1.283,0.3089
25.1,92.67,1033.0,26.46,28.0,269.0,-0.9998,-0.018,33.3,41.0,25.7,1.279,0.3484
25.1,92.675,1045.0,23.82,28.0,247.5,-0.924,-0.3825,31.3,37.3,31.4,1.282,0.315
25.1,92.68,863.0,19.94,28.0,247.5,-0.9236,-0.3833,28.5,36.9,34.6,1.278,0.2669
25.1,92.685,905.0,19.59,28.0,310.8,-0.7573,0.6531,27.4,33.7,38.9,1.28,0.2619
25.1,92.69,1097.0,24.08,28.0,327.1,-0.5427,0.84,28.0,41.0,31.0,1.284,0.3178
25.1,92.695,1283.0,22.34,28.0,285.4,-0.964,0.2659,25.9,36.4,37.8,1.293,0.294
25.1,92.7,1207.0,22.06,28.0,229.1,-0.7561,-0.6545,27.2,38.4,34.5,1.29,0.2911
25.1,92.705,1016.0,23.7,28.0,179.8,0.0041,-1.0,27.5,38.2,34.3,1.281,0.3138
25.1,92.71,765.0,13.08,28.0,218.5,-0.6227,-0.7825,27.4,35.3,37.3,1.28,0.1768
25.1,92.715,833.0,18.78,28.0,300.5,-0.8612,0.5082,28.2,38.2,33.6,1.278,0.2519
25.1,92.72,939.0,16.1,28.0,275.1,-0.996,0.0895,27.0,38.8,34.2,1.284,0.216
25.1,92.725,859.0,27.25,28.0,237.6,-0.8442,-0.5361,33.3,39.6,27.0,1.272,0.36
25.1,92.73,661.0,16.59,28.0,203.1,-0.3919,-0.92,28.0,37.4,34.6,1.273,0.2243
25.1,92.735,583.0,12.57,28.0,275.6,-0.9952,0.098,28.0,35.8,36.2,1.273,0.171
25.1,92.74,683.0,21.78,28.0,293.1,-0.9196,0.3928,27.6,39.3,33.1,1.269,0.2924
25.1,92.745,741.0,22.72,28.0,240.6,-0.8711,-0.4911,28.2,37.4,34.4,1.271,0.3039
25.1,92.75,476.0,19.85,28.0,205.5,-0.4306,-0.9026,29.0,38.9,32.1,1.262,0.2691
25.1,92.755,413.0,13.4,28.0,337.1,-0.3884,0.9215,27.0,37.2,35.8,1.265,0.1832
25.1,92.76,697.0,24.27,28.0,333.7,-0.4432,0.8964,27.2,40.1,32.7,1.268,0.3242
25.1,92.765,820.0,10.75,28.0,273.0,-0.9986,0.0523,27.6,33.9,38.5,1.284,0.1453
25.1,92.77,707.0,12.92,28.0,218.8,-0.6266,-0.7794,26.4,35.2,38.4,1.278,0.175
25.1,92.775,640.0,15.73,28.0,233.2,-0.8005,-0.5994,27.0,36.6,36.4,1.272,0.2131
25.1,92.78,537.0,18.45,28.0,232.6,-0.7944,-0.6074,27.4,34.9,37.7,1.266,0.25
25.1,92.785,436.0,15.09,28.0,231.5,-0.7827,-0.6224,29.0,38.4,32.5,1.265,0.2058
25.1,92.79,368.0,10.9,28.0,200.2,-0.3452,-0.9385,28.3,34.9,36.8,1.266,0.1494
25.1,92.795,254.0,10.99,28.0,222.1,-0.6708,-0.7416,28.2,35.4,36.4,1.261,0.1512
25.1,92.8,223.0,6.73,28.0,221.5,-0.6624,-0.7492,29.0,32.9,38.0,1.263,0.0928
25.1,92.805,165.0,7.22,28.0,230.6,-0.7727,-0.6348,27.8,31.9,40.2,1.261,0.0997
25.1,92.81,142.0,5.0,28.0,232.2,-0.7903,-0.6128,28.5,32.4,39.1,1.262,0.0691
25.1,92.815,111.0,3.39,28.0,239.8,-0.8643,-0.5029,27.9,33.2,38.9,1.262,0.0469
25.1,92.82,112.0,1.38,28.0,284.3,-0.969,0.2472,28.3,33.4,38.3,1.263,0.0191
25.1,92.825,117.0,1.27,28.0,63.3,0.8935,0.449,27.3,32.6,40.1,1.264,0.0175
25.1,92.83,122.0,2.46,28.0,73.9,0.9608,0.2771,25.1,33.2,41.8,1.263,0.034
25.1,92.835,129.0,3.94,28.0,74.9,0.9657,0.2597,27.8,32.5,39.6,1.262,0.0544
25.1,92.84,140.0,3.08,28.0,22.6,0.3841,0.9233,29.7,33.6,36.7,1.263,0.0425
25.1,92.845,179.0,2.6,28.0,33.7,0.5546,0.8321,29.1,34.9,36.0,1.265,0.0359
25.1,92.85,178.0,4.32,28.0,356.6,-0.0594,0.9982,29.2,34.2,36.6,1.264,0.0596
25.1,92.855,255.0,8.03,28.0,16.7,0.2867,0.958,29.5,35.4,35.2,1.264,0.1105
25.1,92.86,314.0,7.21,28.0,26.6,0.4471,0.8945,28.1,34.4,37.5,1.267,0.0991
25.1,92.865,369.0,5.38,28.0,100.9,0.9818,-0.1897,28.2,31.2,40.6,1.27,0.0738
25.1,92.87,296.0,3.72,28.0,72.2,0.9523,0.3052,27.3,31.4,41.3,1.269,0.0511
25.1,92.875,389.0,9.42,28.0,0.6,0.0108,0.9999,27.6,35.2,37.2,1.268,0.1291
25.1,92.88,463.0,6.45,28.0,116.1,0.8983,-0.4394,28.7,33.7,37.6,1.273,0.0882
25.1,92.885,339.0,10.4,28.0,152.6,0.4602,-0.8878,29.4,35.4,35.1,1.265,0.1427
25.1,92.89,299.0,17.49,28.0,84.4,0.9952,0.0977,27.8,39.2,33.0,1.257,0.2391
25.1,92.895,370.0,18.26,28.0,53.2,0.8006,0.5992,27.5,38.0,34.6,1.26,0.2487
25.1,92.9,498.0,13.96,28.0,78.2,0.979,0.2037,28.0,37.6,34.4,1.268,0.1903
25.1,92.905,421.0,25.09,28.0,109.6,0.9421,-0.3352,32.7,38.8,28.4,1.256,0.3376
25.1,92.91,340.0,18.16,28.0,90.9,0.9999,-0.0151,26.3,35.6,38.1,1.258,0.2478
25.1,92.915,416.0,15.73,28.0,81.5,0.989,0.1481,25.2,36.1,38.6,1.264,0.2145
25.1,92.92,382.0,19.85,28.0,93.9,0.9976,-0.0688,27.3,36.1,36.6,1.259,0.2697
25.1,92.925,391.0,20.49,28.0,90.6,0.9999,-0.0106,26.5,39.8,33.7,1.259,0.278
25.1,92.93,378.0,12.56,28.0,95.4,0.9956,-0.0936,27.4,36.5,36.1,1.265,0.1719
25.1,92.935,370.0,10.05,28.0,93.2,0.9984,-0.056,27.8,35.5,36.7,1.266,0.1378
25.1,92.94,368.0,14.53,28.0,27.7,0.4646,0.8855,27.5,37.7,34.8,1.263,0.1986
25.1,92.945,601.0,21.63,28.0,25.6,0.4326,0.9016,29.7,34.7,35.5,1.266,0.2912
25.1,92.95,728.0,13.42,28.0,77.3,0.9753,0.2207,28.4,36.5,35.1,1.278,0.1816
25.1,92.955,654.0,20.18,28.0,114.3,0.9117,-0.4108,28.4,35.4,36.2,1.269,0.2718
25.1,92.96,576.0,20.41,28.0,103.4,0.9727,-0.2322,28.7,37.4,33.8,1.266,0.2755
25.1,92.965,567.0,9.13,28.0,144.1,0.5869,-0.8096,26.6,34.0,39.4,1.275,0.1245
25.1,92.97,445.0,9.62,28.0,140.1,0.6411,-0.7674,29.2,35.6,35.2,1.27,0.1316
25.1,92.975,436.0,12.17,28.0,38.1,0.6164,0.7874,27.9,35.6,36.5,1.267,0.1664
25.1,92.98,616.0,20.64,28.0,40.8,0.6536,0.7569,28.8,39.5,31.7,1.267,0.2782
25.1,92.985,723.0,20.59,28.0,66.0,0.9134,0.4071,26.7,36.6,36.7,1.272,0.2765
25.1,92.99,770.0,26.1,28.0,83.6,0.9938,0.1115,30.1,40.0,29.8,1.269,0.3467
25.1,92.995,778.0,28.21,28.0,88.3,0.9996,0.0296,33.0,39.8,27.3,1.268,0.3728
25.105,92.5,940.0,8.69,28.0,282.8,-0.9753,0.2209,28.5,31.9,39.7,1.29,0.1171
25.105,92.505,957.0,5.07,28.0,128.8,0.7793,-0.6266,26.9,32.0,41.1,1.294,0.0683
25.105,92.51,884.0,4.46,28.0,19.5,0.3341,0.9425,27.0,33.0,40.1,1.292,0.0602
25.105,92.515,1031.0,15.71,28.0,317.9,-0.6708,0.7416,29.4,37.9,32.8,1.288,0.2102
25.105,92.52,1094.0,10.73,28.0,332.3,-0.4645,0.8856,26.6,35.6,37.9,1.295,0.1438
25.105,92.525,1200.0,17.38,28.0,82.0,0.9902,0.1396,30.0,34.9,35.1,1.294,0.2308
25.105,92.53,1138.0,30.85,28.0,130.3,0.7626,-0.6469,30.9,40.0,29.1,1.28,0.4006
25.105,92.535,811.0,29.66,28.0,111.7,0.9291,-0.3697,32.8,42.9,24.3,1.268,0.3903
25.105,92.54,926.0,26.88,28.0,35.8,0.5848,0.8112,31.6,39.3,29.1,1.275,0.3546
25.105,92.545,1225.0,14.61,28.0,26.0,0.4376,0.8991,28.7,35.4,35.9,1.297,0.1945
25.105,92.55,1162.0,11.06,28.0,102.9,0.9747,-0.2237,27.3,35.7,37.0,1.297,0.1479
25.105,92.555,1181.0,5.55,28.0,117.4,0.8878,-0.4601,27.8,34.6,37.6,1.303,0.0742
25.105,92.56,1117.0,18.53,28.0,115.4,0.903,-0.4296,28.0,36.3,35.7,1.289,0.2465
25.105,92.565,1036.0,22.66,28.0,102.9,0.9747,-0.2236,26.8,38.8,34.4,1.283,0.3003
25.105,92.57,1023.0,19.44,28.0,67.9,0.9262,0.377,28.9,36.7,34.4,1.285,0.259
25.105,92.575,1170.0,12.67,28.0,17.4,0.2996,0.9541,27.4,36.5,36.2,1.296,0.1692
25.105,92.58,1239.0,5.12,28.0,289.4,-0.943,0.3327,27.7,33.6,38.7,1.305,0.0684
25.105,92.585,1200.0,7.03,28.0,200.9,-0.3569,-0.9341,26.8,34.6,38.6,1.302,0.094
25.105,92.59,1123.0,11.04,28.0,199.6,-0.3361,-0.9418,24.9,33.8,41.3,1.296,0.1478
25.105,92.595,1015.0,14.95,28.0,222.3,-0.6726,-0.74,27.8,34.8,37.5,1.288,0.2003
25.105,92.6,924.0,21.93,28.0,271.4,-0.9997,0.0247,30.9,39.3,29.8,1.279,0.292
25.105,92.605,1025.0,22.53,28.0,306.9,-0.7992,0.6011,28.9,37.9,33.2,1.282,0.2989
25.105,92.61,1175.0,6.36,28.0,297.6,-0.8863,0.4632,28.0,34.1,37.9,1.302,0.0851
25.105,92.615,1077.0,9.36,28.0,141.6,0.6214,-0.7835,27.7,34.0,38.3,1.295,0.1256
25.105,92.62,1045.0,9.51,28.0,99.2,0.9871,-0.1601,28.0,35.9,36.1,1.294,0.1277
25.105,92.625,1050.0,3.58,28.0,77.2,0.9751,0.2219,28.7,32.0,39.3,1.299,0.0481
25.105,92.63,1059.0,4.08,28.0,308.7,-0.7799,0.6259,26.6,32.9,40.5,1.299,0.0548
25.105,92.635,1095.0,12.98,28.0,221.8,-0.6665,-0.7455,29.3,36.6,34.0,1.293,0.1737
25.105,92.64,886.0,20.17,28.0,209.8,-0.4965,-0.868,28.9,39.1,32.0,1.279,0.2696
25.105,92.645,774.0,15.36,28.0,273.9,-0.9976,0.0687,28.9,35.3,35.8,1.278,0.2073
25.105,92.65,905.0,23.35,28.0,319.2,-0.6534,0.757,28.5,41.2,30.3,1.277,0.3104
25.105,92.655,1103.0,18.92,28.0,304.6,-0.823,0.568,28.0,37.5,34.5,1.288,0.2517
25.105,92.66,1101.0,26.44,28.0,289.7,-0.9413,0.3376,32.8,37.5,29.7,1.282,0.3473
25.105,92.665,1272.0,21.57,28.0,295.3,-0.9042,0.427,28.7,38.3,33.0,1.293,0.2843
25.105,92.67,1271.0,20.29,28.0,267.1,-0.9987,-0.051,27.6,36.8,35.6,1.294,0.268
25.105,92.675,1253.0,19.84,28.0,239.8,-0.8639,-0.5037,27.3,37.9,34.7,1.294,0.2623
25.105,92.68,1088.0,23.15,28.0,252.6,-0.954,-0.2997,28.1,38.1,33.8,1.284,0.3062
25.105,92.685,1124.0,21.61,28.0,291.6,-0.9296,0.3685,29.9,37.9,32.3,1.287,0.2862
25.105,92.69,1235.0,21.04,28.0,315.9,-0.6961,0.718,26.5,36.2,37.2,1.292,0.2779
25.105,92.695,1402.0,11.64,28.0,267.0,-0.9986,-0.053,26.2,36.6,37.2,1.306,0.1545
25.105,92.7,1224.0,24.69,28.0,196.0,-0.2755,-0.9613,28.2,36.8,35.0,1.288,0.3243
25.105,92.705,957.0,19.61,28.0,190.3,-0.179,-0.9839,28.1,35.6,36.4,1.282,0.2618
25.105,92.71,871.0,13.92,28.0,283.7,-0.9716,0.2365,28.2,36.3,35.5,1.283,0.1875
25.105,92.715,1016.0,20.82,28.0,305.6,-0.8128,0.5825,28.3,40.0,31.8,1.283,0.277
25.105,92.72,1094.0,17.69,28.0,281.5,-0.9799,0.1993,27.7,36.2,36.1,1.289,0.2357
25.105,92.725,1080.0,22.98,28.0,225.7,-0.7161,-0.698,29.8,39.2,31.0,1.284,0.3041
25.105,92.73,796.0,21.19,28.0,205.2,-0.4264,-0.9045,26.1,39.3,34.7,1.274,0.2837
25.105,92.735,727.0,14.49,28.0,290.7,-0.9354,0.3537,27.0,37.1,35.9,1.277,0.1959
25.105,92.74,888.0,23.77,28.0,312.8,-0.7343,0.6788,27.9,37.9,34.3,1.276,0.3159
25.105,92.745,1028.0,22.49,28.0,239.7,-0.8638,-0.5039,26.0,36.4,37.6,1.282,0.2984
25.105,92.75,678.0,31.92,28.0,212.8,-0.5422,-0.8402,31.8,37.2,31.0,1.261,0.4193
25.105,92.755,501.0,11.16,28.0,277.1,-0.9924,0.1233,30.0,34.6,35.4,1.271,0.1523
25.105,92.76,702.5,21.91,28.0,354.4,-0.0983,0.9952,28.0,39.6,32.4,1.27,0.2938
25.105,92.765,904.0,9.1,28.0,303.3,-0.8359,0.5489,28.3,32.7,39.0,1.289,0.1227
25.105,92.77,791.0,11.41,28.0,228.0,-0.7432,-0.6691,26.5,36.1,37.4,1.282,0.1543
25.105,92.775,768.0,12.9,28.0,238.3,-0.8512,-0.5248,27.3,34.0,38.7,1.28,0.1744
25.105,92.78,670.0,14.22,28.0,216.5,-0.5955,-0.8034,27.5,36.0,36.5,1.275,0.1927
25.105,92.785,563.0,19.24,28.0,186.7,-0.1158,-0.9933,27.6,38.2,34.2,1.266,0.2603
25.105,92.79,321.0,12.49,28.0,174.6,0.0933,-0.9956,29.5,34.3,36.1,1.262,0.1714
25.105,92.795,341.0,12.34,28.0,260.3,-0.9858,-0.168,28.7,35.5,35.8,1.263,0.1692
25.105,92.8,284.0,12.04,28.0,236.0,-0.8294,-0.5586,26.7,34.6,38.7,1.261,0.1654
25.105,92.805,221.0,12.96,28.0,247.7,-0.9251,-0.3798,28.3,36.5,35.2,1.258,0.1783
25.105,92.81,196.0,10.05,28.0,251.4,-0.9476,-0.3194,28.6,35.0,36.4,1.259,0.1386
25.105,92.815,164.0,7.07,28.0,243.9,-0.8979,-0.4403,29.4,34.0,36.7,1.261,0.0976
25.105,92.82,141.0,4.12,28.0,226.4,-0.7239,-0.6899,29.9,35.4,34.7,1.262,0.0569
25.105,92.825,114.0,3.02,28.0,244.4,-0.9016,-0.4326,26.8,33.8,39.4,1.262,0.0417
25.105,92.83,118.0,3.08,28.0,279.6,-0.9861,0.1663,27.0,31.8,41.2,1.262,0.0426
25.105,92.835,123.0,0.62,28.0,24.3,0.4121,0.9112,26.5,32.0,41.5,1.264,0.0086
25.105,92.84,128.0,1.27,28.0,31.8,0.5262,0.8503,27.7,32.2,40.1,1.264,0.0175
25.105,92.845,142.0,3.67,28.0,44.5,0.7011,0.7131,28.6,33.1,38.3,1.263,0.0507
25.105,92.85,174.0,3.17,28.0,44.2,0.6971,0.717,29.2,36.6,34.2,1.264,0.0437
25.105,92.855,182.0,6.01,28.0,71.3,0.9472,0.3208,27.9,34.2,37.9,1.262,0.083
25.105,92.86,208.0,7.51,28.0,64.1,0.8995,0.437,27.6,30.9,41.4,1.262,0.1036
25.105,92.865,240.0,10.76,28.0,70.1,0.9405,0.3397,28.2,34.1,37.8,1.261,0.1481
25.105,92.87,273.0,8.77,28.0,7.4,0.1281,0.9918,27.0,31.4,41.6,1.264,0.1206
25.105,92.875,394.0,7.91,28.0,19.3,0.3299,0.944,30.5,33.6,35.9,1.269,0.1084
25.105,92.88,405.0,10.57,28.0,114.5,0.9098,-0.4151,26.1,31.8,42.1,1.267,0.1448
25.105,92.885,316.0,9.65,28.0,157.3,0.3856,-0.9227,28.2,33.3,38.5,1.265,0.1325
25.105,92.89,247.0,3.14,28.0,64.2,0.9007,0.4345,30.4,30.6,39.0,1.267,0.0432
25.105,92.895,340.0,9.09,28.0,27.4,0.4604,0.8877,28.0,35.0,37.0,1.266,0.1248
25.105,92.9,390.0,12.14,28.0,99.8,0.9853,-0.1708,27.8,35.2,37.0,1.265,0.1662
25.105,92.905,303.0,12.38,28.0,123.8,0.8308,-0.5566,27.6,35.8,36.7,1.262,0.1699
25.105,92.91,267.0,6.12,28.0,81.5,0.9889,0.1483,27.8,33.5,38.7,1.266,0.0842
25.105,92.915,319.0,9.75,28.0,75.3,0.9671,0.2543,29.6,32.5,37.8,1.265,0.1339
25.105,92.92,311.0,7.66,28.0,110.8,0.9351,-0.3545,25.3,34.8,39.8,1.266,0.1053
25.105,92.925,271.0,8.71,28.0,63.0,0.8911,0.4537,29.8,37.2,33.0,1.264,0.1198
25.105,92.93,381.0,7.48,28.0,71.9,0.9507,0.31,26.3,34.6,39.1,1.269,0.1026
25.105,92.935,312.0,6.12,28.0,114.1,0.9132,-0.4076,27.7,33.0,39.3,1.267,0.0841
25.105,92.94,337.0,10.2,28.0,22.0,0.3744,0.9273,27.5,32.6,39.9,1.265,0.14
25.105,92.945,480.0,16.74,28.0,55.8,0.8275,0.5615,28.7,35.1,36.2,1.265,0.2277
25.105,92.95,507.0,18.71,28.0,81.7,0.9896,0.1437,26.1,37.7,36.2,1.265,0.2536
25.105,92.955,529.0,13.7,28.0,108.0,0.9508,-0.3097,28.6,37.3,34.2,1.27,0.1865
25.105,92.96,431.0,11.0,28.0,96.5,0.9937,-0.1124,30.4,35.3,34.2,1.268,0.1505
25.105,92.965,507.0,7.98,28.0,88.0,0.9994,0.0354,26.4,35.3,38.3,1.274,0.109
25.105,92.97,436.0,8.05,28.0,153.2,0.4512,-0.8924,28.2,35.2,36.6,1.271,0.1102
25.105,92.975,380.0,6.51,28.0,44.5,0.7005,0.7136,27.2,34.5,38.3,1.27,0.0893
25.105,92.98,518.0,13.1,28.0,57.7,0.8457,0.5337,28.5,34.5,37.0,1.27,0.1785
25.105,92.985,505.0,15.95,28.0,79.6,0.9835,0.1807,28.0,36.5,35.5,1.267,0.2169
25.105,92.99,570.0,14.55,28.0,67.5,0.9239,0.3826,27.2,34.6,38.2,1.271,0.1977
25.105,92.995,605.0,12.3,28.0,71.4,0.9478,0.3189,28.6,35.3,36.1,1.274,0.1672
25.11,92.5,930.0,28.71,28.0,132.4,0.7381,-0.6746,34.2,40.2,25.7,1.273,0.3774
25.11,92.505,744.0,17.33,28.0,100.1,0.9846,-0.1751,27.8,39.1,33.1,1.275,0.2336
25.11,92.51,875.0,16.89,28.0,353.9,-0.1065,0.9943,28.9,34.5,36.6,1.281,0.2268
25.11,92.515,1048.0,8.79,28.0,48.6,0.7497,0.6618,26.4,35.1,38.5,1.295,0.118
25.11,92.52,978.0,21.22,28.0,124.8,0.8213,-0.5704,26.9,39.9,33.3,1.281,0.2826
25.11,92.525,825.0,27.13,28.0,114.3,0.9117,-0.4109,32.6,40.4,27.1,1.27,0.3591
25.11,92.53,766.0,32.82,28.0,110.2,0.9386,-0.3449,33.8,42.0,24.2,1.263,0.4291
25.11,92.535,601.0,7.2,28.0,69.8,0.9383,0.3458,28.4,34.8,36.8,1.278,0.0981
25.11,92.54,810.0,25.1,28.0,11.1,0.1917,0.9814,31.6,40.6,27.7,1.271,0.3338
25.11,92.545,1064.0,24.44,28.0,70.9,0.9448,0.3278,28.0,36.9,35.1,1.282,0.3227
25.11,92.55,960.0,27.63,28.0,98.7,0.9884,-0.1518,30.5,37.3,32.2,1.275,0.3637
25.11,92.555,984.0,23.72,28.0,102.8,0.9752,-0.2215,28.7,38.3,33.0,1.28,0.3143
25.11,92.56,862.0,27.71,28.0,111.5,0.9303,-0.3668,33.1,36.1,30.8,1.271,0.3659
25.11,92.565,790.0,24.02,28.0,95.4,0.9956,-0.0936,27.5,40.3,32.3,1.272,0.32
25.11,92.57,820.0,16.42,28.0,30.4,0.5059,0.8626,27.4,38.2,34.4,1.279,0.221
25.11,92.575,1046.0,19.41,28.0,10.4,0.181,0.9835,28.3,36.5,35.2,1.286,0.2584
25.11,92.58,1169.0,5.8,28.0,21.8,0.3713,0.9285,27.5,33.0,39.5,1.302,0.0776
25.11,92.585,1141.0,18.88,28.0,143.3,0.5977,-0.8017,27.9,36.9,35.2,1.29,0.2508
25.11,92.59,893.0,18.62,28.0,89.2,0.9999,0.0147,30.5,37.0,32.4,1.28,0.2494
25.11,92.595,1146.0,19.03,28.0,2.2,0.0391,0.9992,27.7,37.3,35.0,1.29,0.2528
25.11,92.6,1240.0,5.17,28.0,3.4,0.0595,0.9982,27.6,34.2,38.2,1.305,0.0691
25.11,92.605,1237.0,10.0,28.0,141.6,0.6218,-0.7832,27.2,34.4,38.4,1.301,0.1335
25.11,92.61,1101.0,25.43,28.0,124.9,0.82,-0.5724,32.9,40.2,26.9,1.283,0.3347
25.11,92.615,963.0,27.96,28.0,117.5,0.8868,-0.4622,31.8,40.1,28.1,1.275,0.3677
25.11,92.62,854.0,27.65,28.0,88.9,0.9998,0.019,31.2,38.5,30.3,1.271,0.3651
25.11,92.625,973.0,22.29,28.0,52.9,0.7976,0.6032,29.6,39.9,30.5,1.28,0.2963
25.11,92.63,1103.0,16.06,28.0,36.1,0.5899,0.8075,29.7,34.2,36.1,1.291,0.2143
25.11,92.635,1207.0,7.36,28.0,219.8,-0.6396,-0.7687,27.3,33.8,38.9,1.302,0.0984
25.11,92.64,1003.0,20.59,28.0,219.7,-0.6386,-0.7695,25.8,38.9,35.3,1.283,0.2741
25.11,92.645,916.0,19.22,28.0,293.9,-0.9146,0.4045,29.2,36.0,34.8,1.281,0.257
25.11,92.65,1145.0,27.55,28.0,312.8,-0.7335,0.6796,31.2,39.8,29.0,1.283,0.3605
25.11,92.655,1273.0,19.75,28.0,302.3,-0.8456,0.5338,28.9,38.1,33.0,1.294,0.2611
25.11,92.66,1338.0,18.01,28.0,303.2,-0.8372,0.5468,25.6,35.5,38.9,1.299,0.238
25.11,92.665,1452.0,7.26,28.0,325.7,-0.5638,0.8259,29.1,33.8,37.1,1.312,0.0963
25.11,92.67,1444.0,4.06,28.0,213.0,-0.5439,-0.8391,26.5,32.8,40.6,1.314,0.0539
25.11,92.675,1392.0,9.2,28.0,218.8,-0.627,-0.7791,28.9,33.6,37.5,1.308,0.1222
25.11,92.68,1317.0,19.28,28.0,257.4,-0.9758,-0.2186,28.0,40.6,31.4,1.297,0.2546
25.11,92.685,1315.0,18.35,28.0,283.5,-0.9723,0.2336,26.9,35.7,37.4,1.297,0.2427
25.11,92.69,1395.0,15.07,28.0,316.6,-0.6871,0.7265,27.5,37.5,35.0,1.303,0.1995
25.11,92.695,1512.0,3.31,28.0,216.2,-0.5903,-0.8072,28.8,32.3,38.9,1.318,0.0438
25.11,92.7,1348.0,24.66,28.0,203.2,-0.3933,-0.9194,28.1,36.9,34.9,1.293,0.3227
25.11,92.705,1087.0,26.82,28.0,231.8,-0.7855,-0.6189,32.7,39.3,28.0,1.281,0.3522
25.11,92.71,1033.0,21.32,28.0,283.2,-0.9734,0.229,30.4,38.7,31.0,1.284,0.2832
25.11,92.715,1177.0,23.17,28.0,306.1,-0.8079,0.5893,26.1,39.6,34.3,1.288,0.3055
25.11,92.72,1287.0,16.22,28.0,273.9,-0.9977,0.0683,29.9,38.7,31.4,1.298,0.2152
25.11,92.725,1197.0,29.05,28.0,217.8,-0.6128,-0.7902,32.1,44.2,23.7,1.284,0.3782
25.11,92.73,845.0,22.75,28.0,215.2,-0.5763,-0.8172,26.9,38.4,34.6,1.275,0.3033
25.11,92.735,852.0,21.23,28.0,300.4,-0.8624,0.5062,26.4,36.7,36.9,1.276,0.2838
25.11,92.74,1043.0,24.24,28.0,309.3,-0.7741,0.6331,27.8,39.1,33.1,1.282,0.3202
25.11,92.745,1139.0,11.01,28.0,167.2,0.2216,-0.9751,29.1,34.5,36.4,1.296,0.1474
25.11,92.75,852.0,27.55,28.0,194.8,-0.2548,-0.967,31.8,40.7,27.4,1.271,0.3639
25.11,92.755,631.0,8.94,28.0,225.5,-0.7136,-0.7006,29.8,32.4,37.7,1.278,0.1216
25.11,92.76,741.0,18.91,28.0,348.6,-0.198,0.9802,26.3,40.6,33.1,1.274,0.2544
25.11,92.765,969.0,8.39,28.0,333.6,-0.4447,0.8957,28.0,35.5,36.5,1.292,0.1129
25.11,92.77,874.0,12.95,28.0,241.1,-0.8752,-0.4838,26.5,32.9,40.6,1.284,0.1745
25.11,92.775,857.0,10.97,28.0,210.0,-0.5004,-0.8658,28.4,33.9,37.7,1.285,0.1481
25.11,92.78,705.0,20.58,28.0,174.1,0.1029,-0.9947,29.1,38.7,32.2,1.271,0.2766
25.11,92.785,481.0,21.25,28.0,156.9,0.3928,-0.9196,27.5,39.4,33.1,1.262,0.2872
25.11,92.79,345.0,10.01,28.0,274.2,-0.9973,0.0731,24.9,32.8,42.4,1.265,0.1374
25.11,92.795,494.0,16.58,28.0,284.5,-0.9682,0.2501,28.2,37.5,34.3,1.266,0.2254
25.11,92.8,420.0,16.87,28.0,252.5,-0.9536,-0.3012,28.5,33.6,37.9,1.263,0.2298
25.11,92.805,402.0,15.1,28.0,250.4,-0.9422,-0.335,28.5,35.9,35.6,1.263,0.2063
25.11,92.81,329.0,11.85,28.0,217.8,-0.6123,-0.7906,29.5,36.8,33.7,1.263,0.1626
25.11,92.815,235.0,13.27,28.0,228.0,-0.7427,-0.6696,26.7,34.7,38.6,1.258,0.1825
25.11,92.82,170.0,11.0,28.0,250.6,-0.9432,-0.3323,28.8,32.7,38.5,1.258,0.1517
25.11,92.825,170.0,9.21,28.0,273.9,-0.9977,0.0674,29.4,34.7,35.9,1.259,0.1271
25.11,92.83,181.0,6.54,28.0,246.5,-0.9171,-0.3987,25.9,32.8,41.3,1.262,0.0903
25.11,92.835,124.0,6.1,28.0,239.9,-0.8652,-0.5015,28.4,34.6,37.0,1.26,0.0843
25.11,92.84,127.0,0.97,28.0,287.1,-0.9559,0.2936,27.4,30.9,41.7,1.264,0.0134
25.11,92.845,129.0,0.52,28.0,330.5,-0.4921,0.8705,27.9,31.0,41.1,1.265,0.0072
25.11,92.85,135.0,1.85,28.0,62.6,0.8878,0.4601,28.4,29.5,42.1,1.264,0.0255
25.11,92.855,144.0,3.4,28.0,38.3,0.6194,0.7851,27.4,33.2,39.4,1.263,0.047
25.11,92.86,182.0,3.79,28.0,67.1,0.9211,0.3894,27.2,32.8,40.0,1.264,0.0523
25.11,92.865,170.0,6.92,28.0,41.2,0.6585,0.7526,28.0,32.1,39.9,1.261,0.0955
25.11,92.87,274.0,10.26,28.0,22.8,0.3872,0.922,26.7,35.0,38.3,1.262,0.1411
25.11,92.875,338.0,11.48,28.0,90.0,1.0,0.0,26.7,36.6,36.7,1.264,0.1575
25.11,92.88,274.0,12.61,28.0,108.6,0.9475,-0.3196,28.8,35.0,36.1,1.26,0.1733
25.11,92.885,266.0,7.36,28.0,103.3,0.9731,-0.2305,26.6,34.4,39.0,1.265,0.1013
25.11,92.89,244.0,3.66,28.0,70.0,0.94,0.3412,28.8,33.4,37.8,1.267,0.0504
25.11,92.895,288.0,7.99,28.0,82.7,0.9919,0.1273,28.6,32.3,39.1,1.265,0.1099
25.11,92.9,262.0,10.77,28.0,111.4,0.9308,-0.3657,25.9,38.0,36.1,1.262,0.1481
25.11,92.905,218.0,5.19,28.0,115.9,0.8994,-0.4371,27.2,32.7,40.1,1.264,0.0716
25.11,92.91,222.0,2.14,28.0,69.8,0.9383,0.3458,29.4,33.6,37.0,1.267,0.0295
25.11,92.915,231.0,5.81,28.0,78.7,0.9807,0.1954,26.8,34.7,38.5,1.264,0.0801
25.11,92.92,242.0,4.08,28.0,83.6,0.9938,0.1113,27.4,32.9,39.7,1.266,0.0562
25.11,92.925,239.0,1.76,28.0,95.6,0.9953,-0.0971,28.6,33.4,38.1,1.268,0.0242
25.11,92.93,239.0,6.33,28.0,78.6,0.9804,0.1971,28.9,34.1,37.0,1.264,0.0872
25.11,92.935,261.0,4.38,28.0,45.6,0.7147,0.6995,27.7,31.0,41.3,1.267,0.0603
25.11,92.94,293.0,5.18,28.0,46.3,0.7235,0.6903,27.3,32.9,39.8,1.267,0.0713
25.11,92.945,324.0,11.7,28.0,72.7,0.9547,0.2975,29.7,34.2,36.1,1.263,0.1606
25.11,92.95,355.0,13.12,28.0,72.1,0.9518,0.3067,30.1,34.8,35.1,1.263,0.1797
25.11,92.955,396.0,10.89,28.0,88.2,0.9995,0.031,29.2,32.9,37.9,1.267,0.1491
25.11,92.96,361.0,6.97,28.0,83.0,0.9925,0.1219,28.1,35.5,36.3,1.269,0.0956
25.11,92.965,411.0,10.56,28.0,86.0,0.9976,0.0693,27.0,37.2,35.8,1.268,0.1445
25.11,92.97,374.0,7.57,28.0,118.6,0.8783,-0.4781,27.0,35.5,37.5,1.269,0.1038
25.11,92.975,347.0,3.68,28.0,69.2,0.9349,0.3548,28.6,34.9,36.5,1.271,0.0505
25.11,92.98,397.0,9.7,28.0,68.5,0.9305,0.3662,28.5,34.1,37.4,1.268,0.1329
25.11,92.985,410.0,9.2,28.0,49.5,0.7599,0.65,29.7,33.5,36.8,1.269,0.126
25.11,92.99,503.0,9.98,28.0,38.9,0.6276,0.7785,28.8,33.5,37.7,1.272,0.1362
25.11,92.995,548.0,8.65,28.0,54.0,0.8091,0.5877,26.2,35.3,38.5,1.275,0.118
25.115,92.5,490.0,27.06,28.0,60.9,0.8739,0.486,33.3,39.6,27.2,1.257,0.3619
25.115,92.505,615.0,23.49,28.0,10.7,0.186,0.9825,26.8,38.1,35.0,1.265,0.3151
25.115,92.51,920.0,15.95,28.0,355.9,-0.0723,0.9974,27.5,38.2,34.3,1.284,0.214
25.115,92.515,902.0,19.2,28.0,121.1,0.8564,-0.5162,28.3,37.7,34.0,1.28,0.2569
25.115,92.52,739.0,23.75,28.0,120.1,0.8655,-0.501,30.4,37.1,32.5,1.27,0.3171
25.115,92.525,680.0,25.56,28.0,124.8,0.8209,-0.5711,35.7,37.8,26.5,1.266,0.3408
25.115,92.53,464.0,14.31,28.0,90.2,1.0,-0.0039,28.7,36.8,34.4,1.267,0.1951
25.115,92.535,679.0,20.2,28.0,347.7,-0.2124,0.9772,27.8,38.9,33.3,1.27,0.2719
25.115,92.54,826.0,14.78,28.0,75.2,0.9667,0.2559,28.6,36.8,34.6,1.281,0.1991
25.115,92.545,747.0,30.23,28.0,114.1,0.9125,-0.409,33.1,42.9,24.0,1.265,0.398
25.115,92.55,586.0,26.46,28.0,94.9,0.9963,-0.0858,31.6,41.5,26.9,1.261,0.3533
25.115,92.555,704.0,24.2,28.0,91.6,0.9996,-0.0287,30.2,39.1,30.7,1.268,0.3233
25.115,92.56,573.0,24.03,28.0,111.1,0.9326,-0.3608,28.3,37.2,34.6,1.263,0.3224
25.115,92.565,542.0,24.42,28.0,51.6,0.7836,0.6213,28.6,36.5,34.9,1.261,0.3279
25.115,92.57,857.0,30.54,28.0,20.3,0.3472,0.9378,32.8,39.6,27.6,1.269,0.4004
25.115,92.575,1099.0,23.34,28.0,38.5,0.6225,0.7826,28.5,39.4,32.1,1.285,0.3083
25.115,92.58,1197.0,19.39,28.0,110.9,0.9341,-0.357,29.0,39.9,31.1,1.292,0.257
25.115,92.585,972.5,30.72,28.0,138.6,0.6608,-0.7506,31.3,40.8,27.9,1.273,0.4013
25.115,92.59,748.0,21.21,28.0,86.0,0.9975,0.0704,27.3,39.4,33.3,1.272,0.2844
25.115,92.595,1000.0,33.0,28.0,74.9,0.9656,0.26,30.7,40.4,28.9,1.272,0.4282
25.115,92.6,918.0,35.61,28.0,97.7,0.9909,-0.1345,32.5,42.4,25.0,1.267,0.4596
25.115,92.605,903.0,34.28,28.0,104.9,0.9662,-0.2579,32.9,42.4,24.7,1.268,0.4442
25.115,92.61,741.0,33.29,28.0,122.0,0.8483,-0.5295,32.5,37.9,29.5,1.262,0.4349
25.115,92.615,553.0,25.39,28.0,125.7,0.8119,-0.5838,34.0,38.2,27.8,1.261,0.34
25.115,92.62,462.0,8.99,28.0,33.4,0.5506,0.8347,28.0,35.8,36.2,1.271,0.1229
25.115,92.625,686.0,30.01,28.0,45.4,0.7125,0.7017,32.8,40.4,26.8,1.262,0.3963
25.115,92.63,870.0,29.11,28.0,26.7,0.4486,0.8938,30.7,38.0,31.3,1.271,0.3828
25.115,92.635,1187.0,16.96,28.0,22.9,0.3887,0.9214,27.5,32.9,39.6,1.293,0.2256
25.115,92.64,1153.0,5.46,28.0,233.0,-0.7983,-0.6023,28.8,32.9,38.3,1.302,0.0731
25.115,92.645,1129.0,17.24,28.0,304.7,-0.8219,0.5696,29.0,36.5,34.5,1.291,0.2296
25.115,92.65,1331.0,17.95,28.0,343.1,-0.2912,0.9567,27.6,35.5,36.9,1.298,0.2374
25.115,92.655,1441.0,4.75,28.0,330.9,-0.487,0.8734,27.9,33.5,38.6,1.314,0.063
25.115,92.66,1404.0,8.86,28.0,124.5,0.8238,-0.5669,26.2,35.1,38.7,1.309,0.1177
25.115,92.665,1352.0,21.58,28.0,103.1,0.9741,-0.2259,27.6,38.8,33.7,1.296,0.2838
25.115,92.67,1314.0,18.91,28.0,87.7,0.9992,0.0406,29.1,33.5,37.4,1.297,0.2499
25.115,92.675,1366.0,12.37,28.0,45.8,0.7167,0.6973,28.7,33.3,38.0,1.304,0.1643
25.115,92.68,1468.0,6.86,28.0,344.9,-0.2612,0.9653,28.6,33.4,38.0,1.313,0.091
25.115,92.685,1483.0,5.16,28.0,252.7,-0.9549,-0.2969,28.1,34.2,37.7,1.315,0.0684
25.115,92.69,1441.0,3.62,28.0,132.4,0.738,-0.6748,28.0,33.7,38.3,1.315,0.048
25.115,92.695,1440.0,10.57,28.0,94.9,0.9964,-0.0851,27.2,35.5,37.3,1.309,0.1401
25.115,92.7,1425.0,3.32,28.0,134.6,0.7123,-0.7019,28.8,32.3,38.9,1.314,0.0441
25.115,92.705,1399.0,12.31,28.0,233.4,-0.8028,-0.5963,28.5,34.8,36.7,1.306,0.1632
25.115,92.71,1294.0,16.56,28.0,270.4,-1.0,0.0067,28.6,35.3,36.1,1.298,0.2196
25.115,92.715,1401.0,11.73,28.0,306.0,-0.8088,0.5881,27.4,36.3,36.4,1.306,0.1557
25.115,92.72,1417.0,6.88,28.0,298.5,-0.8786,0.4775,25.4,32.5,42.1,1.311,0.0914
25.115,92.725,1459.0,22.59,28.0,212.8,-0.542,-0.8404,29.3,39.3,31.4,1.3,0.2955
25.115,92.73,1065.0,33.66,28.0,237.6,-0.8445,-0.5355,31.4,41.3,27.3,1.275,0.4347
25.115,92.735,1100.0,26.33,28.0,295.1,-0.9059,0.4235,31.0,39.0,30.1,1.282,0.346
25.115,92.74,1276.0,8.93,28.0,220.7,-0.6517,-0.7585,28.8,33.4,37.8,1.304,0.119
25.115,92.745,980.0,24.45,28.0,169.4,0.1837,-0.983,27.5,36.5,36.0,1.279,0.3236
25.115,92.75,826.0,19.41,28.0,183.9,-0.0688,-0.9976,29.3,36.2,34.5,1.277,0.2602
25.115,92.755,626.0,3.33,28.0,214.9,-0.5719,-0.8203,28.7,32.4,38.9,1.282,0.0453
25.115,92.76,778.0,21.27,28.0,333.6,-0.4453,0.8954,28.8,34.1,37.1,1.273,0.285
25.115,92.765,977.0,14.23,28.0,338.2,-0.372,0.9282,26.4,35.5,38.1,1.287,0.191
25.115,92.77,1015.0,7.87,28.0,223.5,-0.6885,-0.7253,29.5,35.5,35.1,1.294,0.1058
25.115,92.775,876.0,21.1,28.0,177.2,0.0489,-0.9988,28.3,38.5,33.2,1.277,0.2819
25.115,92.78,627.0,25.68,28.0,176.1,0.0673,-0.9977,31.6,38.1,30.3,1.264,0.3428
25.115,92.785,393.0,6.56,28.0,161.8,0.3124,-0.9499,28.2,33.8,38.0,1.27,0.09
25.115,92.79,517.0,24.36,28.0,306.2,-0.8074,0.59,25.9,37.7,36.5,1.26,0.3274
25.115,92.795,662.0,14.93,28.0,289.4,-0.9434,0.3316,28.5,36.2,35.3,1.274,0.2022
25.115,92.8,606.0,16.07,28.0,237.0,-0.8387,-0.5446,26.8,38.6,34.6,1.271,0.2178
25.115,92.805,504.0,16.72,28.0,208.0,-0.4696,-0.8829,26.4,37.9,35.7,1.266,0.2272
25.115,92.81,339.0,14.78,28.0,236.9,-0.8378,-0.546,26.2,36.7,37.1,1.261,0.2023
25.115,92.815,359.0,16.14,28.0,271.2,-0.9998,0.0206,29.3,35.6,35.1,1.261,0.2204
25.115,92.82,345.0,18.93,28.0,259.2,-0.9821,-0.1882,27.2,38.2,34.6,1.258,0.2579
25.115,92.825,294.0,16.43,28.0,248.3,-0.9289,-0.3704,29.8,33.9,36.3,1.258,0.2248
25.115,92.83,235.0,10.08,28.0,247.7,-0.925,-0.38,27.4,34.3,38.3,1.261,0.1388
25.115,92.835,226.0,17.14,28.0,253.3,-0.9581,-0.2865,26.0,37.4,36.6,1.255,0.2348
25.115,92.84,146.0,14.44,28.0,252.3,-0.9524,-0.3047,26.7,37.0,36.4,1.254,0.1989
25.115,92.845,147.0,10.78,28.0,268.8,-0.9998,-0.0209,29.5,35.9,34.6,1.257,0.1488
25.115,92.85,142.0,2.54,28.0,262.3,-0.991,-0.1342,27.8,33.1,39.1,1.264,0.0351
25.115,92.855,141.0,3.6,28.0,268.2,-0.9995,-0.0316,27.3,32.7,40.0,1.263,0.0497
25.115,92.86,140.0,0.62,28.0,335.7,-0.4121,0.9112,28.2,33.0,38.8,1.265,0.0086
25.115,92.865,151.0,3.32,28.0,19.9,0.3402,0.9403,28.6,31.5,39.9,1.263,0.0459
25.115,92.87,195.0,5.98,28.0,80.7,0.9869,0.1613,29.3,32.3,38.3,1.263,0.0825
25.115,92.875,168.0,4.42,28.0,109.5,0.9424,-0.3345,29.7,33.3,37.0,1.263,0.061
25.115,92.88,169.0,0.9,28.0,300.5,-0.8614,0.5079,27.6,32.5,39.9,1.266,0.0124
25.115,92.885,176.0,0.92,28.0,46.9,0.7303,0.6832,26.4,29.5,44.1,1.266,0.0127
25.115,92.89,180.0,1.48,28.0,69.8,0.9383,0.3458,27.5,33.1,39.4,1.266,0.0204
25.115,92.895,185.0,2.33,28.0,71.5,0.9484,0.317,28.3,33.8,37.9,1.265,0.0321
25.115,92.9,193.0,2.0,28.0,39.9,0.6421,0.7667,26.8,32.4,40.7,1.266,0.0276
25.115,92.905,212.0,2.17,28.0,336.3,-0.4022,0.9155,26.9,36.1,37.0,1.267,0.0299
25.115,92.91,228.0,2.84,28.0,265.4,-0.9968,-0.0801,28.4,31.7,39.9,1.267,0.0391
25.115,92.915,208.0,3.4,28.0,273.8,-0.9978,0.0669,27.9,32.4,39.7,1.265,0.0469
25.115,92.92,232.0,5.63,28.0,287.0,-0.9564,0.292,28.0,32.9,39.1,1.265,0.0776
25.115,92.925,237.0,7.49,28.0,282.2,-0.9774,0.2116,27.1,33.9,39.0,1.263,0.1032
25.115,92.93,260.0,8.22,28.0,275.5,-0.9954,0.0963,27.7,33.7,38.6,1.264,0.1131
25.115,92.935,251.0,8.23,28.0,271.6,-0.9996,0.0275,26.9,32.1,41.0,1.263,0.1133
25.115,92.94,264.0,5.67,28.0,275.2,-0.9959,0.0901,29.1,32.7,38.2,1.266,0.078
25.115,92.945,260.0,1.51,28.0,261.3,-0.9886,-0.1508,29.2,32.3,38.5,1.269,0.0208
25.115,92.95,260.0,3.44,28.0,335.3,-0.4182,0.9083,25.8,34.8,39.5,1.268,0.0473
25.115,92.955,315.0,2.56,28.0,37.0,0.6019,0.7986,26.9,36.0,37.1,1.27,0.0352
25.115,92.96,296.0,1.42,28.0,127.0,0.7985,-0.602,26.2,34.4,39.4,1.271,0.0195
25.115,92.965,300.0,0.61,28.0,340.1,-0.3402,0.9403,27.2,31.0,41.8,1.271,0.0084
25.115,92.97,306.0,0.9,28.0,325.2,-0.5711,0.8209,27.9,31.2,40.9,1.271,0.0124
25.115,92.975,313.0,6.8,28.0,286.9,-0.9566,0.2915,26.3,33.6,40.2,1.267,0.0935
25.115,92.98,341.0,3.38,28.0,337.7,-0.3802,0.9249,26.9,35.6,37.5,1.271,0.0464
25.115,92.985,368.0,6.04,28.0,5.4,0.0934,0.9956,26.8,33.4,39.8,1.27,0.0829
25.115,92.99,447.0,8.26,28.0,46.9,0.7297,0.6837,28.2,32.2,39.5,1.271,0.113
25.115,92.995,468.0,9.33,28.0,75.3,0.9673,0.2538,28.1,33.7,38.2,1.271,0.1276
25.12,92.5,433.0,23.77,28.0,355.4,-0.0796,0.9968,27.1,39.5,33.4,1.258,0.3204
25.12,92.505,654.0,24.8,28.0,357.9,-0.0369,0.9993,28.2,39.6,32.1,1.265,0.3316
25.12,92.51,898.0,9.82,28.0,69.2,0.9345,0.3559,27.3,34.3,38.3,1.288,0.1324
25.12,92.515,716.0,22.66,28.0,144.9,0.5746,-0.8185,27.7,39.1,33.3,1.27,0.3034
25.12,92.52,554.0,22.08,28.0,143.4,0.5958,-0.8032,30.0,34.5,35.5,1.264,0.2974
25.12,92.525,388.0,20.3,28.0,101.1,0.9811,-0.1933,29.6,37.6,32.8,1.259,0.2756
25.12,92.53,482.0,16.75,28.0,351.9,-0.1403,0.9901,26.4,37.8,35.8,1.265,0.2278
25.12,92.535,688.0,5.98,28.0,65.3,0.9089,0.4171,29.0,32.3,38.7,1.283,0.0812
25.12,92.54,526.0,22.78,28.0,120.7,0.8597,-0.5107,29.0,36.8,34.2,1.262,0.3068
25.12,92.545,472.0,20.4,28.0,108.4,0.9491,-0.3151,26.6,34.6,38.7,1.262,0.2762
25.12,92.55,408.0,15.05,28.0,87.5,0.999,0.0443,29.0,38.4,32.6,1.264,0.2054
25.12,92.555,484.0,19.04,28.0,91.5,0.9997,-0.0259,29.8,36.0,34.2,1.263,0.2583
25.12,92.56,399.0,12.78,28.0,113.2,0.919,-0.3942,26.7,35.8,37.6,1.265,0.1749
25.12,92.565,394.0,14.85,28.0,43.7,0.691,0.7228,26.9,36.9,36.2,1.263,0.2029
25.12,92.57,592.0,28.73,28.0,50.2,0.7687,0.6397,33.2,41.9,24.8,1.26,0.3815
25.12,92.575,747.0,33.09,28.0,71.2,0.9469,0.3215,32.3,40.6,27.1,1.262,0.4326
25.12,92.58,803.0,30.58,28.0,94.1,0.9974,-0.0723,32.7,39.3,28.0,1.267,0.4015
25.12,92.585,704.0,28.16,28.0,129.2,0.7744,-0.6327,32.4,39.8,27.8,1.265,0.3731
25.12,92.59,462.0,23.48,28.0,125.8,0.8108,-0.5854,28.5,40.2,31.3,1.259,0.3165
25.12,92.595,448.0,30.52,28.0,91.2,0.9998,-0.0202,30.4,39.9,29.7,1.252,0.4056
25.12,92.6,450.0,23.37,28.0,82.6,0.9917,0.1287,29.3,36.8,33.9,1.259,0.3151
25.12,92.605,504.0,22.02,28.0,85.6,0.9971,0.0761,29.4,35.6,35.0,1.262,0.2971
25.12,92.61,481.0,12.81,28.0,82.5,0.9914,0.131,27.7,33.6,38.7,1.269,0.1747
25.12,92.615,534.0,18.2,28.0,326.5,-0.552,0.8339,27.9,38.1,33.9,1.266,0.2467
25.12,92.62,757.0,20.6,28.0,267.1,-0.9987,-0.0502,26.2,37.0,36.8,1.273,0.2764
25.12,92.625,515.0,4.45,28.0,29.8,0.4965,0.868,28.6,32.3,39.1,1.277,0.0608
25.12,92.63,825.0,30.58,28.0,19.7,0.3375,0.9413,32.7,39.1,28.2,1.268,0.4012
25.12,92.635,1075.0,25.17,28.0,56.2,0.8314,0.5557,31.9,38.8,29.2,1.282,0.3318
25.12,92.64,1088.0,14.9,28.0,62.2,0.8845,0.4666,29.3,35.6,35.0,1.291,0.1992
25.12,92.645,1200.0,9.97,28.0,23.8,0.4036,0.915,27.6,34.2,38.2,1.3,0.1332
25.12,92.65,1250.0,8.59,28.0,39.1,0.6306,0.7761,28.7,36.3,35.0,1.303,0.1146
25.12,92.655,1318.0,13.73,28.0,102.9,0.9747,-0.2237,26.8,38.0,35.3,1.301,0.1824
25.12,92.66,1195.0,23.48,28.0,132.4,0.7383,-0.6745,28.0,35.8,36.2,1.288,0.3093
25.12,92.665,1023.0,15.29,28.0,118.7,0.8775,-0.4796,27.8,36.6,35.6,1.288,0.2047
25.12,92.67,1063.0,11.64,28.0,20.7,0.3533,0.9355,28.3,33.9,37.8,1.293,0.156
25.12,92.675,1217.0,18.63,28.0,31.7,0.5248,0.8512,27.6,36.6,35.8,1.293,0.2471
25.12,92.68,1352.0,12.33,28.0,28.2,0.4725,0.8813,27.8,35.8,36.4,1.304,0.1638
25.12,92.685,1411.0,5.82,28.0,95.0,0.9961,-0.0877,29.0,33.2,37.8,1.312,0.0773
25.12,92.69,1343.0,9.31,28.0,129.9,0.7668,-0.6419,27.5,34.8,37.7,1.306,0.1239
25.12,92.695,1305.0,8.45,28.0,105.9,0.9617,-0.2742,26.1,35.3,38.7,1.305,0.1126
25.12,92.7,1302.0,7.13,28.0,100.5,0.9832,-0.1825,30.1,34.3,35.6,1.306,0.095
25.12,92.705,1282.0,7.21,28.0,60.9,0.8735,0.4868,29.7,33.0,37.4,1.305,0.0962
25.12,92.71,1364.0,5.17,28.0,334.1,-0.4366,0.8996,26.4,32.4,41.1,1.31,0.0688
25.12,92.715,1364.0,5.73,28.0,66.0,0.9138,0.4061,28.8,31.4,39.8,1.31,0.0762
25.12,92.72,1405.0,4.89,28.0,12.7,0.2206,0.9754,27.4,32.0,40.6,1.312,0.065
25.12,92.725,1448.0,4.69,28.0,37.0,0.6019,0.7986,28.3,36.2,35.5,1.314,0.0622
25.12,92.73,1471.0,20.41,28.0,255.0,-0.9659,-0.259,28.4,36.3,35.4,1.302,0.2678
25.12,92.735,1351.0,28.08,28.0,234.2,-0.8114,-0.5844,31.7,37.7,30.6,1.291,0.3646
25.12,92.74,1157.0,18.7,28.0,206.5,-0.4459,-0.8951,27.1,37.5,35.5,1.291,0.2483
25.12,92.745,1046.0,17.81,28.0,210.8,-0.5116,-0.8592,27.2,36.6,36.2,1.287,0.2377
25.12,92.75,879.0,20.61,28.0,183.2,-0.055,-0.9985,26.9,37.2,35.9,1.278,0.2754
25.12,92.755,668.0,5.16,28.0,307.2,-0.7961,0.6051,27.0,35.5,37.5,1.282,0.0702
25.12,92.76,934.0,25.05,28.0,329.6,-0.5055,0.8628,31.9,39.5,28.6,1.276,0.3318
25.12,92.765,1074.0,2.83,28.0,22.4,0.3817,0.9243,27.1,32.0,40.9,1.301,0.0379
25.12,92.77,980.0,16.83,28.0,141.4,0.6238,-0.7816,28.8,35.9,35.3,1.285,0.2253
25.12,92.775,836.0,20.46,28.0,145.9,0.561,-0.8278,29.8,36.7,33.5,1.276,0.2739
25.12,92.78,669.0,21.85,28.0,168.1,0.2061,-0.9785,27.3,39.1,33.6,1.269,0.2933
25.12,92.785,441.0,11.45,28.0,294.0,-0.9135,0.4069,28.3,34.6,37.1,1.268,0.1566
25.12,92.79,752.0,20.73,28.0,330.9,-0.4865,0.8737,28.6,34.8,36.6,1.273,0.2781
25.12,92.795,774.0,9.14,28.0,247.1,-0.9213,-0.3889,28.6,34.4,37.1,1.283,0.1238
25.12,92.8,689.0,13.89,28.0,210.3,-0.5048,-0.8632,28.1,33.4,38.5,1.276,0.1881
25.12,92.805,559.0,11.95,28.0,237.7,-0.8448,-0.5351,28.9,38.5,32.6,1.272,0.1628
25.12,92.81,575.0,18.62,28.0,269.7,-1.0,-0.0059,28.6,35.5,35.9,1.267,0.252
25.12,92.815,557.0,16.21,28.0,264.1,-0.9947,-0.1025,26.5,36.1,37.4,1.269,0.22
25.12,92.82,545.0,12.52,28.0,248.5,-0.9303,-0.3667,29.0,35.7,35.2,1.271,0.1706
25.12,92.825,475.0,10.94,28.0,201.5,-0.3672,-0.9301,29.1,34.5,36.5,1.27,0.1494
25.12,92.83,364.0,13.35,28.0,264.7,-0.9958,-0.0921,27.1,35.1,37.8,1.263,0.1828
25.12,92.835,453.0,18.21,28.0,276.2,-0.9941,0.1087,28.0,37.5,34.5,1.263,0.2474
25.12,92.84,400.0,17.44,28.0,249.3,-0.9352,-0.3541,28.8,38.9,32.2,1.261,0.2377
25.12,92.845,341.0,18.36,28.0,229.7,-0.7631,-0.6463,27.7,38.0,34.2,1.258,0.2504
25.12,92.85,184.0,12.26,28.0,234.5,-0.8143,-0.5804,29.3,37.5,33.2,1.257,0.1689
25.12,92.855,214.0,12.71,28.0,270.8,-0.9999,0.0132,30.8,33.8,35.3,1.258,0.1749
25.12,92.86,187.0,9.71,28.0,247.5,-0.9238,-0.383,27.1,35.1,37.9,1.259,0.134
25.12,92.865,148.0,9.52,28.0,260.4,-0.9861,-0.1659,26.3,34.8,38.9,1.258,0.1315
25.12,92.87,159.0,8.41,28.0,317.1,-0.6808,0.7325,28.4,34.8,36.9,1.259,0.1162
25.12,92.875,257.0,9.91,28.0,317.7,-0.6736,0.7391,28.9,36.7,34.4,1.262,0.1364
25.12,92.88,289.0,7.02,28.0,268.2,-0.9995,-0.0323,27.7,33.5,38.7,1.266,0.0965
25.12,92.885,253.0,8.63,28.0,241.9,-0.882,-0.4712,29.7,33.7,36.6,1.263,0.1188
25.12,92.89,217.0,7.94,28.0,266.7,-0.9984,-0.057,26.4,34.9,38.7,1.262,0.1095
25.12,92.895,245.0,8.06,28.0,278.1,-0.9901,0.1403,28.8,31.5,39.7,1.263,0.111
25.12,92.9,237.0,6.99,28.0,265.4,-0.9967,-0.081,27.3,33.5,39.2,1.264,0.0963
25.12,92.905,235.0,4.17,28.0,303.0,-0.8383,0.5452,30.1,32.9,37.0,1.266,0.0574
25.12,92.91,277.0,6.6,28.0,302.2,-0.8465,0.5324,30.4,32.4,37.2,1.266,0.0908
25.12,92.915,297.0,11.93,28.0,289.2,-0.9443,0.3292,27.1,36.8,36.2,1.262,0.1638
25.12,92.92,347.0,13.67,28.0,290.3,-0.9379,0.347,27.3,34.1,38.6,1.262,0.1873
25.12,92.925,382.0,17.53,28.0,279.4,-0.9866,0.1635,29.0,36.5,34.5,1.261,0.2389
25.12,92.93,399.0,16.37,28.0,277.8,-0.9908,0.1352,27.5,36.8,35.7,1.262,0.2233
25.12,92.935,422.0,16.56,28.0,270.8,-0.9999,0.0134,27.9,38.4,33.6,1.263,0.2257
25.12,92.94,403.0,14.19,28.0,254.3,-0.9626,-0.271,28.0,35.8,36.2,1.264,0.1939
25.12,92.945,353.0,8.9,28.0,262.7,-0.9919,-0.1268,25.7,35.8,38.5,1.267,0.1221
25.12,92.95,383.0,11.99,28.0,273.5,-0.9982,0.0608,28.0,36.2,35.8,1.265,0.1642
25.12,92.955,366.0,8.5,28.0,253.0,-0.9562,-0.2926,27.2,34.5,38.4,1.268,0.1166
25.12,92.96,339.0,7.12,28.0,292.9,-0.9209,0.3898,27.4,32.3,40.3,1.268,0.0978
25.12,92.965,415.0,10.63,28.0,283.8,-0.9713,0.238,29.7,32.7,37.6,1.268,0.1455
25.12,92.97,384.0,12.31,28.0,285.6,-0.9633,0.2685,26.5,35.4,38.1,1.265,0.1685
25.12,92.975,474.0,14.08,28.0,278.7,-0.9886,0.1505,29.0,34.9,36.1,1.267,0.192
25.12,92.98,422.0,12.34,28.0,250.1,-0.9403,-0.3405,27.7,36.7,35.7,1.267,0.1687
25.12,92.985,399.0,10.78,28.0,258.9,-0.9812,-0.193,27.7,36.0,36.3,1.267,0.1476
25.12,92.99,385.0,5.57,28.0,253.4,-0.9584,-0.2853,28.9,33.2,37.8,1.271,0.0764
25.12,92.995,371.0,2.94,28.0,237.2,-0.8404,-0.542,28.4,31.0,40.5,1.272,0.0403
25.125,92.5,529.0,12.93,28.0,335.3,-0.4185,0.9082,28.7,36.2,35.1,1.27,0.1762
25.125,92.505,634.0,11.89,28.0,354.6,-0.0939,0.9956,29.2,33.6,37.2,1.275,0.1616
25.125,92.51,740.0,17.92,28.0,89.8,1.0,0.0031,27.6,35.6,36.8,1.275,0.2413
25.125,92.515,635.0,20.91,28.0,134.6,0.7124,-0.7018,27.3,36.1,36.6,1.268,0.2815
25.125,92.52,470.0,22.55,28.0,149.2,0.5127,-0.8586,26.7,37.8,35.5,1.26,0.3044
25.125,92.525,276.0,5.4,28.0,64.5,0.9025,0.4306,27.0,35.2,37.8,1.267,0.0743
25.125,92.53,511.0,16.61,28.0,8.7,0.1505,0.9886,31.5,36.4,32.0,1.267,0.2256
25.125,92.535,573.0,13.58,28.0,111.0,0.9338,-0.3578,29.5,35.0,35.5,1.272,0.1846
25.125,92.54,424.0,16.8,28.0,136.1,0.6934,-0.7206,26.4,34.2,39.4,1.263,0.2288
25.125,92.545,354.0,16.88,28.0,116.6,0.8939,-0.4483,26.4,37.3,36.3,1.26,0.2305
25.125,92.55,287.0,12.36,28.0,98.9,0.9881,-0.1541,28.6,34.1,37.3,1.261,0.1697
25.125,92.555,320.0,10.62,28.0,73.4,0.9582,0.286,28.7,35.0,36.3,1.264,0.1458
25.125,92.56,341.0,10.48,28.0,84.5,0.9953,0.0966,28.7,34.3,37.1,1.265,0.1438
25.125,92.565,338.0,9.22,28.0,73.3,0.9577,0.2877,27.7,35.7,36.6,1.266,0.1266
25.125,92.57,388.0,17.21,28.0,76.3,0.9714,0.2373,27.8,36.4,35.8,1.261,0.2346
25.125,92.575,412.0,25.29,28.0,71.2,0.9469,0.3216,32.4,38.7,29.0,1.255,0.3404
25.125,92.58,541.0,26.74,28.0,78.7,0.9808,0.1952,32.1,39.9,28.0,1.259,0.3574
25.125,92.585,511.0,22.02,28.0,117.0,0.8908,-0.4544,25.3,41.0,33.6,1.262,0.2971
25.125,92.59,356.0,10.37,28.0,155.0,0.4222,-0.9065,27.7,36.1,36.2,1.266,0.1422
25.125,92.595,344.0,5.67,28.0,328.3,-0.5252,0.851,27.0,33.4,39.6,1.269,0.0779
25.125,92.6,441.0,14.55,28.0,294.9,-0.907,0.421,28.2,35.9,35.9,1.266,0.1984
25.125,92.605,454.0,16.81,28.0,279.3,-0.9869,0.161,31.6,35.7,32.7,1.264,0.2288
25.125,92.61,490.0,26.46,28.0,306.9,-0.7995,0.6006,32.4,37.6,29.9,1.258,0.3542
25.125,92.615,755.0,30.13,28.0,311.9,-0.7446,0.6675,31.6,39.2,29.2,1.265,0.3968
25.125,92.62,880.0,15.9,28.0,247.0,-0.9206,-0.3904,29.1,35.1,35.8,1.282,0.2137
25.125,92.625,643.0,20.12,28.0,231.0,-0.7774,-0.629,28.6,38.3,33.1,1.269,0.2711
25.125,92.63,648.0,10.44,28.0,54.0,0.8092,0.5875,28.5,33.2,38.3,1.277,0.1419
25.125,92.635,752.0,15.91,28.0,32.2,0.5325,0.8465,28.7,38.2,33.0,1.277,0.2147
25.125,92.64,891.0,20.35,28.0,37.1,0.6029,0.7978,30.5,38.6,31.0,1.279,0.2719
25.125,92.645,1050.0,21.09,28.0,30.7,0.5101,0.8601,26.6,37.7,35.7,1.284,0.2802
25.125,92.65,1225.0,11.67,28.0,52.7,0.7957,0.6057,28.6,35.1,36.3,1.299,0.1557
25.125,92.655,1176.0,18.65,28.0,121.6,0.8518,-0.5239,26.9,36.1,37.0,1.291,0.2477
25.125,92.66,1047.0,9.81,28.0,121.5,0.8524,-0.5229,28.7,35.0,36.3,1.294,0.1317
25.125,92.665,1085.0,13.79,28.0,318.8,-0.6586,0.7525,26.9,37.3,35.8,1.292,0.1845
25.125,92.67,1233.0,15.57,28.0,287.4,-0.9541,0.2994,27.5,35.1,37.4,1.296,0.2071
25.125,92.675,1169.0,8.87,28.0,319.8,-0.6451,0.7641,27.6,32.1,40.3,1.299,0.1187
25.125,92.68,1353.0,13.43,28.0,33.3,0.5491,0.8358,29.2,36.6,34.2,1.303,0.1782
25.125,92.685,1370.0,5.57,28.0,122.0,0.848,-0.5299,29.1,34.0,36.9,1.31,0.0741
25.125,92.69,1301.0,5.28,28.0,163.0,0.2916,-0.9565,26.5,31.7,41.8,1.308,0.0704
25.125,92.695,1281.0,0.74,28.0,184.0,-0.0694,-0.9976,28.1,31.1,40.8,1.311,0.0099
25.125,92.7,1288.0,0.38,28.0,137.9,0.6708,-0.7416,27.1,30.8,42.0,1.311,0.0051
25.125,92.705,1276.0,3.21,28.0,332.3,-0.4646,0.8855,26.5,31.8,41.7,1.308,0.0428
25.125,92.71,1338.0,2.88,28.0,63.0,0.8913,0.4533,27.7,32.3,40.0,1.311,0.0383
25.125,92.715,1299.0,3.45,28.0,342.7,-0.2977,0.9546,27.6,32.5,39.9,1.309,0.046
25.125,92.72,1396.0,6.1,28.0,347.4,-0.2186,0.9758,30.9,32.7,36.4,1.311,0.0811
25.125,92.725,1404.0,4.8,28.0,35.3,0.5778,0.8162,28.5,32.1,39.3,1.312,0.0638
25.125,92.73,1465.0,10.22,28.0,348.8,-0.1944,0.9809,26.3,34.4,39.3,1.31,0.1354
25.125,92.735,1582.0,6.17,28.0,258.9,-0.9812,-0.1931,27.3,33.9,38.8,1.318,0.0815
25.125,92.74,1444.0,22.59,28.0,180.1,-0.0022,-1.0,29.2,37.5,33.2,1.299,0.2957
25.125,92.745,1163.0,31.6,28.0,163.9,0.2775,-0.9607,34.5,42.2,23.3,1.28,0.4094
25.125,92.75,849.0,24.43,28.0,177.8,0.0376,-0.9993,26.1,39.3,34.6,1.274,0.3246
25.125,92.755,706.0,16.74,28.0,309.3,-0.7734,0.6339,25.7,34.1,40.2,1.274,0.2261
25.125,92.76,1041.0,14.81,28.0,339.9,-0.3432,0.9393,30.2,36.7,33.0,1.289,0.1983
25.125,92.765,956.0,18.94,28.0,133.1,0.7304,-0.6831,28.5,38.0,33.6,1.282,0.2532
25.125,92.77,805.0,20.54,28.0,146.0,0.5585,-0.8295,27.0,36.8,36.2,1.275,0.2752
25.125,92.775,643.0,15.44,28.0,166.1,0.2406,-0.9706,28.6,33.9,37.5,1.273,0.2091
25.125,92.78,535.0,3.62,28.0,133.6,0.7236,-0.6902,24.8,33.0,42.2,1.278,0.0494
25.125,92.785,599.0,19.36,28.0,301.9,-0.8489,0.5286,28.0,37.2,34.8,1.268,0.2614
25.125,92.79,722.0,14.16,28.0,333.8,-0.4414,0.8973,28.4,34.1,37.5,1.277,0.1916
25.125,92.795,827.0,13.11,28.0,275.6,-0.9952,0.0981,29.1,33.3,37.6,1.282,0.1769
25.125,92.8,745.0,13.57,28.0,239.3,-0.86,-0.5104,26.8,35.5,37.7,1.278,0.1836
25.125,92.805,703.0,7.92,28.0,257.2,-0.9752,-0.2214,28.1,33.8,38.1,1.282,0.1075
25.125,92.81,714.0,1.3,28.0,196.1,-0.2766,-0.961,26.9,31.7,41.4,1.287,0.0176
25.125,92.815,681.0,8.29,28.0,161.3,0.3205,-0.9472,28.3,34.1,37.6,1.28,0.1126
25.125,92.82,575.0,17.5,28.0,166.0,0.2422,-0.9702,26.9,35.0,38.1,1.268,0.2371
25.125,92.825,373.0,5.09,28.0,149.1,0.5139,-0.8578,27.5,32.7,39.8,1.271,0.0698
25.125,92.83,498.0,12.98,28.0,339.2,-0.3546,0.935,26.8,36.3,36.9,1.269,0.177
25.125,92.835,590.0,7.65,28.0,259.4,-0.9828,-0.1848,28.8,33.5,37.7,1.277,0.1042
25.125,92.84,473.0,14.26,28.0,231.0,-0.7774,-0.629,29.0,33.3,37.7,1.267,0.1944
25.125,92.845,429.0,8.12,28.0,201.0,-0.3591,-0.9333,27.7,33.5,38.8,1.27,0.1112
25.125,92.85,339.0,12.48,28.0,260.4,-0.9861,-0.166,28.0,33.7,38.2,1.263,0.1711
25.125,92.855,392.0,17.26,28.0,265.8,-0.9973,-0.0735,26.3,37.0,36.7,1.261,0.2353
25.125,92.86,316.0,10.19,28.0,251.7,-0.9492,-0.3148,27.6,35.2,37.2,1.264,0.14
25.125,92.865,335.0,18.16,28.0,268.4,-0.9996,-0.0273,27.9,34.4,37.7,1.258,0.2478
25.125,92.87,307.0,17.84,28.0,263.6,-0.9938,-0.1111,31.1,37.9,31.0,1.257,0.2437
25.125,92.875,299.0,13.78,28.0,269.8,-1.0,-0.004,26.7,34.0,39.3,1.26,0.189
25.125,92.88,306.0,4.46,28.0,289.3,-0.9437,0.3308,29.8,35.5,34.7,1.269,0.0613
25.125,92.885,325.0,10.41,28.0,279.0,-0.9876,0.1568,29.2,34.7,36.1,1.264,0.143
25.125,92.89,335.0,16.53,28.0,273.1,-0.9986,0.0535,28.3,34.5,37.1,1.26,0.2258
25.125,92.895,341.0,15.04,28.0,268.7,-0.9998,-0.0222,30.1,34.3,35.6,1.261,0.2058
25.125,92.9,329.0,12.53,28.0,254.2,-0.9621,-0.2726,28.4,35.9,35.7,1.263,0.1718
25.125,92.905,280.0,12.81,28.0,272.0,-0.9994,0.0349,28.5,34.8,36.7,1.261,0.1758
25.125,92.91,337.0,10.54,28.0,323.2,-0.5988,0.8009,27.9,34.7,37.4,1.265,0.1446
25.125,92.915,430.0,20.12,28.0,293.8,-0.9148,0.404,29.5,39.8,30.7,1.26,0.273
25.125,92.92,486.0,20.26,28.0,294.5,-0.9101,0.4143,29.3,36.4,34.3,1.263,0.2742
25.125,92.925,584.0,21.16,28.0,284.6,-0.9679,0.2515,27.2,37.7,35.0,1.266,0.2851
25.125,92.93,584.0,22.98,28.0,269.7,-1.0,-0.0047,26.4,40.3,33.3,1.264,0.3089
25.125,92.935,582.0,21.49,28.0,262.9,-0.9923,-0.1236,27.8,38.1,34.1,1.265,0.2896
25.125,92.94,535.0,18.46,28.0,243.7,-0.8963,-0.4434,27.0,34.5,38.4,1.266,0.2501
25.125,92.945,433.0,17.44,28.0,262.9,-0.9924,-0.1233,27.9,37.4,34.7,1.263,0.2373
25.125,92.95,496.0,17.78,28.0,277.3,-0.9919,0.127,29.5,35.0,35.5,1.265,0.2414
25.125,92.955,474.0,12.66,28.0,251.4,-0.948,-0.3184,27.5,37.5,35.1,1.268,0.1728
25.125,92.96,424.0,9.92,28.0,279.5,-0.9863,0.1647,27.9,33.4,38.6,1.269,0.1358
25.125,92.965,503.0,12.46,28.0,301.4,-0.8534,0.5212,28.1,39.8,32.2,1.27,0.1699
25.125,92.97,540.0,15.69,28.0,287.7,-0.9527,0.304,29.0,38.4,32.6,1.269,0.2131
25.125,92.975,589.0,14.21,28.0,276.8,-0.9931,0.1176,25.3,34.6,40.1,1.272,0.193
25.125,92.98,570.0,16.95,28.0,267.6,-0.9991,-0.0424,27.3,36.6,36.2,1.269,0.2297
25.125,92.985,576.0,13.28,28.0,265.4,-0.9968,-0.0799,28.3,36.7,35.1,1.272,0.1806
25.125,92.99,551.0,12.32,28.0,254.2,-0.9621,-0.2727,29.4,36.5,34.1,1.272,0.1677
25.125,92.995,516.0,18.35,28.0,257.9,-0.9778,-0.2096,27.4,37.6,35.0,1.265,0.2489
25.13,92.5,540.0,15.85,28.0,17.9,0.307,0.9517,25.7,38.1,36.1,1.268,0.2154
25.13,92.505,676.0,8.03,28.0,90.8,0.9999,-0.0141,28.7,34.0,37.3,1.28,0.1091
25.13,92.51,538.0,23.5,28.0,126.9,0.7995,-0.6007,27.2,37.7,35.0,1.262,0.316
25.13,92.515,413.0,22.39,28.0,122.2,0.8462,-0.5329,26.6,37.5,36.0,1.258,0.3028
25.13,92.52,317.0,14.69,28.0,117.0,0.8907,-0.4545,27.3,37.2,35.5,1.26,0.2013
25.13,92.525,293.0,9.87,28.0,48.9,0.7541,0.6567,27.8,35.2,37.0,1.263,0.1357
25.13,92.53,432.0,19.1,28.0,65.6,0.9107,0.4131,27.3,37.5,35.2,1.261,0.2595
25.13,92.535,437.0,20.34,28.0,111.9,0.9281,-0.3724,25.4,38.6,36.0,1.261,0.2756
25.13,92.54,293.0,17.16,28.0,149.2,0.5121,-0.8589,29.1,33.5,37.4,1.257,0.2347
25.13,92.545,170.0,7.39,28.0,195.3,-0.2632,-0.9648,29.5,34.4,36.0,1.261,0.102
25.13,92.55,167.0,10.6,28.0,307.2,-0.7964,0.6047,28.8,35.2,36.1,1.258,0.1462
25.13,92.555,284.0,3.96,28.0,292.8,-0.9218,0.3876,26.6,35.6,37.8,1.268,0.0545
25.13,92.56,194.0,3.96,28.0,205.4,-0.4282,-0.9037,27.8,30.8,41.5,1.264,0.0546
25.13,92.565,221.0,3.7,28.0,345.5,-0.2502,0.9682,28.0,35.3,36.7,1.266,0.051
25.13,92.57,257.0,2.37,28.0,312.3,-0.7394,0.6732,28.7,32.7,38.5,1.268,0.0326
25.13,92.575,249.0,5.65,28.0,267.7,-0.9992,-0.0402,28.8,34.2,37.0,1.265,0.0778
25.13,92.58,253.0,3.18,28.0,15.0,0.2589,0.9659,27.1,35.4,37.5,1.267,0.0438
25.13,92.585,303.0,7.35,28.0,18.7,0.3204,0.9473,28.1,34.8,37.1,1.266,0.1011
25.13,92.59,376.0,11.94,28.0,342.4,-0.3016,0.9534,28.5,35.8,35.7,1.265,0.1635
25.13,92.595,506.0,23.27,28.0,320.9,-0.6308,0.7759,29.7,38.6,31.7,1.261,0.3133
25.13,92.6,712.0,26.12,28.0,311.9,-0.7438,0.6684,32.8,38.2,28.9,1.267,0.3475
25.13,92.605,836.0,32.38,28.0,289.4,-0.9433,0.332,32.9,40.6,26.5,1.266,0.423
25.13,92.61,924.0,32.75,28.0,286.0,-0.961,0.2764,32.1,39.7,28.2,1.27,0.426
25.13,92.615,1015.0,25.68,28.0,285.0,-0.9661,0.2582,33.7,38.8,27.5,1.279,0.3388
25.13,92.62,1049.0,17.47,28.0,234.7,-0.8164,-0.5775,28.5,33.2,38.4,1.287,0.2333
25.13,92.625,832.0,24.16,28.0,210.3,-0.5046,-0.8634,27.0,39.1,33.9,1.273,0.3215
25.13,92.63,659.0,10.03,28.0,294.6,-0.9095,0.4157,29.7,34.5,35.8,1.278,0.1363
25.13,92.635,906.0,19.57,28.0,300.2,-0.8643,0.5029,28.8,36.7,34.4,1.28,0.2617
25.13,92.64,839.0,14.88,28.0,286.3,-0.9599,0.2803,27.5,36.3,36.2,1.281,0.2005
25.13,92.645,981.0,12.88,28.0,351.9,-0.1414,0.99,27.4,33.3,39.3,1.289,0.1729
25.13,92.65,1067.0,9.33,28.0,84.1,0.9947,0.1027,28.4,37.4,34.3,1.295,0.1252
25.13,92.655,998.0,8.23,28.0,104.3,0.969,-0.2472,28.6,34.0,37.4,1.293,0.1107
25.13,92.66,1031.0,12.18,28.0,340.6,-0.3328,0.943,28.2,35.0,36.7,1.291,0.1634
25.13,92.665,1203.0,21.31,28.0,326.6,-0.5503,0.835,28.4,36.2,35.4,1.29,0.2817
25.13,92.67,1359.0,11.44,28.0,308.2,-0.7858,0.6185,30.0,35.1,34.9,1.305,0.152
25.13,92.675,1329.0,12.69,28.0,227.6,-0.738,-0.6748,29.3,37.5,33.2,1.303,0.1686
25.13,92.68,1206.0,0.57,28.0,185.2,-0.0901,-0.9959,28.2,33.7,38.1,1.308,0.0076
25.13,92.685,1319.0,6.15,28.0,9.6,0.1667,0.986,29.1,34.9,35.9,1.308,0.0819
25.13,92.69,1313.0,1.67,28.0,243.6,-0.896,-0.4441,26.8,33.3,40.0,1.311,0.0222
25.13,92.695,1306.0,2.02,28.0,243.2,-0.8925,-0.4511,28.5,32.0,39.5,1.311,0.0269
25.13,92.7,1297.0,5.85,28.0,272.8,-0.9988,0.0484,30.2,31.4,38.4,1.307,0.078
25.13,92.705,1311.0,8.23,28.0,276.7,-0.9932,0.1167,27.7,33.9,38.4,1.306,0.1096
25.13,92.71,1314.0,6.16,28.0,312.2,-0.7408,0.6718,27.0,33.3,39.7,1.307,0.0821
25.13,92.715,1384.0,8.26,28.0,323.1,-0.5999,0.8001,27.2,35.8,37.0,1.308,0.1098
25.13,92.72,1431.0,3.59,28.0,279.1,-0.9874,0.1582,26.7,33.4,39.9,1.314,0.0477
25.13,92.725,1394.0,9.56,28.0,297.8,-0.885,0.4656,27.1,37.0,36.0,1.308,0.127
25.13,92.73,1510.0,7.93,28.0,302.3,-0.845,0.5348,27.6,35.9,36.5,1.314,0.105
25.13,92.735,1469.0,20.99,28.0,155.7,0.4121,-0.9112,26.3,36.9,36.8,1.301,0.2753
25.13,92.74,1158.0,31.36,28.0,177.4,0.0457,-0.999,32.0,37.7,30.3,1.28,0.4066
25.13,92.745,856.0,18.48,28.0,207.7,-0.4649,-0.8854,29.1,39.0,31.9,1.279,0.2478
25.13,92.75,860.0,25.58,28.0,278.5,-0.9891,0.1473,30.9,40.9,28.2,1.273,0.3392
25.13,92.755,927.0,31.1,28.0,286.7,-0.9576,0.2881,33.8,38.2,27.9,1.271,0.4064
25.13,92.76,1035.0,8.19,28.0,204.3,-0.4121,-0.9112,28.6,36.4,34.9,1.295,0.11
25.13,92.765,795.0,17.1,28.0,201.6,-0.3679,-0.9298,29.2,37.1,33.6,1.278,0.2301
25.13,92.77,747.0,13.32,28.0,262.0,-0.9904,-0.1384,27.2,35.8,37.0,1.279,0.1801
25.13,92.775,762.0,12.85,28.0,235.8,-0.8272,-0.5618,29.0,37.8,33.1,1.28,0.1737
25.13,92.78,618.0,10.45,28.0,273.4,-0.9982,0.0592,26.7,36.8,36.5,1.276,0.1421
25.13,92.785,773.0,21.06,28.0,311.7,-0.7465,0.6654,29.1,38.6,32.3,1.273,0.2823
25.13,92.79,876.0,23.91,28.0,305.5,-0.8145,0.5802,28.2,39.1,32.7,1.275,0.3179
25.13,92.795,1032.0,9.94,28.0,284.4,-0.9684,0.2493,28.7,35.6,35.8,1.293,0.1335
25.13,92.8,920.0,18.33,28.0,195.1,-0.2604,-0.9655,26.6,36.3,37.1,1.282,0.2453
25.13,92.805,710.0,18.64,28.0,174.5,0.0959,-0.9954,26.9,36.9,36.2,1.273,0.2511
25.13,92.81,582.0,11.57,28.0,186.0,-0.1053,-0.9944,28.7,33.7,37.6,1.274,0.1574
25.13,92.815,505.0,7.46,28.0,157.8,0.3776,-0.926,26.9,33.5,39.6,1.274,0.1019
25.13,92.82,460.0,7.11,28.0,130.2,0.7639,-0.6454,28.6,33.3,38.1,1.272,0.0973
25.13,92.825,424.0,15.08,28.0,268.9,-0.9998,-0.0184,26.4,35.1,38.6,1.264,0.2058
25.13,92.83,455.0,15.0,28.0,310.7,-0.7578,0.6525,29.0,36.2,34.8,1.266,0.2044
25.13,92.835,600.0,12.93,28.0,315.5,-0.7004,0.7138,26.5,35.0,38.5,1.273,0.1758
25.13,92.84,620.0,15.01,28.0,221.6,-0.6634,-0.7483,28.7,36.8,34.6,1.272,0.2036
25.13,92.845,398.0,11.14,28.0,193.2,-0.2281,-0.9736,28.8,32.5,38.7,1.267,0.1525
25.13,92.85,427.0,15.41,28.0,305.5,-0.8146,0.58,27.2,35.9,36.9,1.264,0.2102
25.13,92.855,559.0,16.96,28.0,260.6,-0.9867,-0.1628,28.7,36.7,34.6,1.268,0.2301
25.13,92.86,377.0,13.77,28.0,259.3,-0.9825,-0.1864,28.3,35.2,36.5,1.264,0.1883
25.13,92.865,513.0,21.2,28.0,290.7,-0.9355,0.3533,27.4,37.4,35.3,1.263,0.2863
25.13,92.87,515.0,23.12,28.0,272.3,-0.9992,0.0395,26.8,35.8,37.4,1.261,0.3114
25.13,92.875,530.0,25.32,28.0,252.4,-0.9532,-0.3023,29.6,39.3,31.1,1.26,0.3394
25.13,92.88,371.0,19.8,28.0,258.1,-0.9784,-0.207,28.4,38.3,33.3,1.258,0.2693
25.13,92.885,455.0,23.1,28.0,294.2,-0.9121,0.4099,26.1,38.9,35.0,1.259,0.3116
25.13,92.89,547.0,20.22,28.0,283.9,-0.9708,0.24,28.1,39.0,32.9,1.265,0.2732
25.13,92.895,544.0,26.04,28.0,261.6,-0.9892,-0.1464,31.7,39.2,29.1,1.26,0.3484
25.13,92.9,475.0,22.59,28.0,262.3,-0.991,-0.1337,28.8,38.7,32.4,1.26,0.3049
25.13,92.905,488.0,20.32,28.0,258.6,-0.9801,-0.1985,27.6,37.7,34.7,1.263,0.275
25.13,92.91,401.0,18.72,28.0,302.2,-0.8458,0.5335,27.6,38.0,34.4,1.26,0.2547
25.13,92.915,670.0,19.48,28.0,333.9,-0.4393,0.8984,28.9,34.8,36.3,1.271,0.2624
25.13,92.92,721.0,17.81,28.0,293.5,-0.9171,0.3988,28.4,35.4,36.2,1.274,0.2401
25.13,92.925,799.0,22.0,28.0,291.6,-0.9295,0.3688,28.4,40.2,31.4,1.274,0.294
25.13,92.93,871.0,17.59,28.0,280.5,-0.9833,0.1817,28.6,33.0,38.4,1.28,0.2361
25.13,92.935,857.0,19.97,28.0,248.3,-0.9294,-0.369,26.2,37.1,36.7,1.278,0.2672
25.13,92.94,736.0,20.57,28.0,245.4,-0.9096,-0.4155,28.9,39.2,31.8,1.272,0.2762
25.13,92.945,700.0,24.7,28.0,270.1,-1.0,0.0022,28.7,38.4,32.8,1.267,0.3298
25.13,92.95,737.0,19.53,28.0,254.2,-0.9624,-0.2716,26.8,36.6,36.6,1.273,0.2626
25.13,92.955,603.0,20.0,28.0,235.8,-0.827,-0.5622,27.7,37.5,34.8,1.267,0.2699
25.13,92.96,531.0,17.54,28.0,274.0,-0.9976,0.0691,28.0,36.1,35.9,1.267,0.2379
25.13,92.965,625.0,11.98,28.0,315.0,-0.7072,0.707,27.8,35.2,36.9,1.275,0.1628
25.13,92.97,682.0,14.08,28.0,300.7,-0.8597,0.5109,28.4,34.7,36.9,1.276,0.1907
25.13,92.975,754.0,15.68,28.0,286.2,-0.9601,0.2795,29.7,37.8,32.4,1.277,0.2116
25.13,92.98,761.0,9.2,28.0,235.2,-0.8213,-0.5706,29.3,36.6,34.1,1.283,0.1246
25.13,92.985,661.0,8.82,28.0,204.6,-0.4169,-0.909,26.4,34.2,39.4,1.279,0.1199
25.13,92.99,619.0,4.92,28.0,325.0,-0.5738,0.819,28.7,31.2,40.0,1.281,0.067
25.13,92.995,732.0,16.49,28.0,319.3,-0.6522,0.758,29.6,35.6,34.8,1.276,0.2225
25.135,92.5,432.0,14.95,28.0,70.4,0.9423,0.3349,28.5,35.7,35.8,1.265,0.2039
25.135,92.505,477.0,18.09,28.0,103.9,0.9707,-0.2402,29.3,37.6,33.1,1.264,0.2457
25.135,92.51,353.0,18.43,28.0,133.3,0.728,-0.6856,30.4,35.4,34.2,1.259,0.2511
25.135,92.515,247.0,16.98,28.0,117.7,0.8853,-0.465,29.2,35.4,35.4,1.256,0.2325
25.135,92.52,210.0,7.65,28.0,149.9,0.5016,-0.8651,28.3,34.8,36.9,1.262,0.1055
25.135,92.525,130.0,4.15,28.0,133.1,0.7297,-0.6837,29.3,34.5,36.2,1.262,0.0573
25.135,92.53,160.0,5.98,28.0,55.4,0.8227,0.5685,28.2,32.7,39.2,1.261,0.0826
25.135,92.535,190.0,5.97,28.0,33.3,0.5496,0.8355,28.0,31.6,40.4,1.263,0.0823
25.135,92.54,248.0,13.48,28.0,326.8,-0.5472,0.837,27.6,40.5,31.9,1.259,0.1852
25.135,92.545,392.0,20.8,28.0,302.4,-0.8442,0.536,29.9,38.7,31.4,1.258,0.2823
25.135,92.55,453.0,21.52,28.0,269.9,-1.0,-0.0025,27.0,37.3,35.6,1.26,0.2911
25.135,92.555,391.0,11.46,28.0,247.2,-0.922,-0.3872,29.8,36.4,33.8,1.266,0.1569
25.135,92.56,374.0,13.38,28.0,261.6,-0.9893,-0.1461,28.6,35.4,36.0,1.264,0.1831
25.135,92.565,356.0,18.01,28.0,278.4,-0.9892,0.1466,26.3,38.1,35.6,1.259,0.2456
25.135,92.57,422.0,21.53,28.0,294.7,-0.9085,0.4179,28.4,38.0,33.6,1.259,0.2915
25.135,92.575,522.0,23.06,28.0,283.9,-0.9707,0.2403,25.5,38.3,36.2,1.262,0.3104
25.135,92.58,525.0,23.16,28.0,262.4,-0.9912,-0.1323,28.8,38.0,33.2,1.262,0.3116
25.135,92.585,465.0,11.03,28.0,240.0,-0.8664,-0.4993,29.1,32.8,38.2,1.269,0.1508
25.135,92.59,427.0,12.93,28.0,321.5,-0.6221,0.783,27.3,38.4,34.4,1.266,0.1767
25.135,92.595,646.0,22.83,28.0,7.7,0.1344,0.9909,28.1,36.7,35.2,1.267,0.3062
25.135,92.6,847.0,25.35,28.0,353.5,-0.1137,0.9935,34.3,36.7,28.9,1.273,0.3363
25.135,92.605,1120.0,22.09,28.0,324.1,-0.5865,0.8099,27.4,37.6,35.0,1.286,0.2924
25.135,92.61,1178.0,18.03,28.0,297.6,-0.8859,0.4638,26.7,35.4,37.9,1.292,0.2396
25.135,92.615,1272.0,17.04,28.0,267.8,-0.9992,-0.0389,29.8,36.5,33.8,1.297,0.2259
25.135,92.62,1166.0,21.53,28.0,198.3,-0.3143,-0.9493,30.4,38.8,30.9,1.289,0.2847
25.135,92.625,895.0,21.91,28.0,213.2,-0.5471,-0.837,28.0,39.3,32.7,1.278,0.292
25.135,92.63,827.0,16.8,28.0,310.9,-0.7559,0.6547,29.2,37.7,33.1,1.279,0.226
25.135,92.635,1094.0,20.72,28.0,336.0,-0.4061,0.9138,29.6,37.1,33.3,1.286,0.2751
25.135,92.64,1175.0,19.08,28.0,268.7,-0.9997,-0.023,27.1,37.2,35.7,1.291,0.2532
25.135,92.645,1086.0,13.38,28.0,236.6,-0.8345,-0.5511,27.4,36.2,36.4,1.292,0.1791
25.135,92.65,1043.0,5.63,28.0,228.3,-0.747,-0.6648,29.5,30.9,39.7,1.297,0.0756
25.135,92.655,1020.0,8.58,28.0,303.6,-0.8333,0.5528,30.0,35.1,34.8,1.294,0.1153
25.135,92.66,1127.0,18.26,28.0,336.2,-0.403,0.9152,28.7,34.7,36.6,1.29,0.2429
25.135,92.665,1324.0,19.07,28.0,324.4,-0.5821,0.8131,26.9,40.1,32.9,1.297,0.2519
25.135,92.67,1410.0,5.36,28.0,288.5,-0.9482,0.3177,30.4,32.8,36.8,1.312,0.0712
25.135,92.675,1354.0,5.6,28.0,235.5,-0.8239,-0.5668,27.4,33.2,39.4,1.309,0.0745
25.135,92.68,1354.0,8.64,28.0,268.5,-0.9997,-0.0262,27.6,33.1,39.3,1.307,0.1149
25.135,92.685,1350.0,4.18,28.0,251.0,-0.9454,-0.3258,28.4,32.2,39.4,1.311,0.0556
25.135,92.69,1330.0,2.0,28.0,194.9,-0.2571,-0.9664,29.9,35.9,34.2,1.312,0.0266
25.135,92.695,1316.0,4.35,28.0,340.0,-0.3423,0.9396,29.0,34.6,36.4,1.309,0.0579
25.135,92.7,1402.0,8.17,28.0,326.1,-0.5571,0.8305,28.5,31.9,39.6,1.309,0.1086
25.135,92.705,1436.0,9.29,28.0,278.7,-0.9884,0.1518,28.6,36.7,34.7,1.31,0.1232
25.135,92.71,1427.0,14.24,28.0,261.0,-0.9877,-0.1566,28.1,37.6,34.4,1.305,0.1885
25.135,92.715,1396.0,7.53,28.0,286.6,-0.9584,0.2856,28.7,33.6,37.7,1.31,0.1
25.135,92.72,1465.0,12.09,28.0,323.8,-0.5912,0.8066,25.0,35.7,39.4,1.309,0.16
25.135,92.725,1570.0,15.77,28.0,297.4,-0.8875,0.4607,27.6,36.2,36.2,1.31,0.2075
25.135,92.73,1596.0,13.06,28.0,225.4,-0.7123,-0.7019,28.3,38.4,33.3,1.313,0.1721
25.135,92.735,1406.0,14.61,28.0,225.8,-0.7168,-0.6973,26.6,34.7,38.7,1.304,0.1934
25.135,92.74,1413.0,22.74,28.0,260.4,-0.9861,-0.1659,28.5,38.3,33.3,1.298,0.2978
25.135,92.745,1336.0,35.09,28.0,267.0,-0.9986,-0.0523,31.8,40.7,27.5,1.284,0.4477
25.135,92.75,1376.0,31.24,28.0,271.2,-0.9998,0.0213,34.1,38.2,27.7,1.289,0.4023
25.135,92.755,1349.0,31.64,28.0,244.3,-0.9011,-0.4336,33.9,43.7,22.4,1.288,0.4073
25.135,92.76,1107.0,22.02,28.0,229.0,-0.7551,-0.6556,27.4,36.1,36.5,1.286,0.2915
25.135,92.765,1082.0,27.23,28.0,265.5,-0.9969,-0.0791,31.8,39.6,28.6,1.281,0.3572
25.135,92.77,1066.0,25.95,28.0,242.1,-0.8841,-0.4673,31.9,36.3,31.8,1.281,0.3416
25.135,92.775,853.0,19.51,28.0,203.9,-0.4057,-0.914,27.5,36.6,35.9,1.278,0.2613
25.135,92.78,740.0,12.37,28.0,287.4,-0.9543,0.2989,28.2,35.9,35.8,1.279,0.1675
25.135,92.785,919.0,23.87,28.0,329.5,-0.5074,0.8617,27.1,37.1,35.8,1.277,0.3169
25.135,92.79,1124.0,17.18,28.0,288.2,-0.9502,0.3116,26.6,37.5,35.9,1.291,0.2288
25.135,92.795,1016.0,15.72,28.0,182.9,-0.0511,-0.9987,28.7,35.8,35.5,1.288,0.2104
25.135,92.8,841.0,19.4,28.0,169.9,0.176,-0.9844,28.8,38.9,32.3,1.277,0.2601
25.135,92.805,667.0,11.51,28.0,239.8,-0.8647,-0.5024,27.0,37.1,35.9,1.277,0.1563
25.135,92.81,738.0,12.76,28.0,259.6,-0.9837,-0.1798,29.1,34.5,36.4,1.279,0.1727
25.135,92.815,626.0,15.6,28.0,196.8,-0.2896,-0.9571,27.2,36.3,36.5,1.272,0.2114
25.135,92.82,469.0,11.86,28.0,282.8,-0.975,0.2222,28.3,35.4,36.3,1.269,0.162
25.135,92.825,673.0,23.62,28.0,305.4,-0.8153,0.579,29.0,39.2,31.8,1.267,0.3162
25.135,92.83,724.0,22.43,28.0,283.4,-0.9729,0.231,28.0,38.0,34.0,1.27,0.3004
25.135,92.835,769.0,16.99,28.0,260.1,-0.985,-0.1723,28.5,36.8,34.6,1.277,0.2288
25.135,92.84,671.0,16.95,28.0,199.1,-0.3271,-0.945,27.4,36.2,36.5,1.273,0.229
25.135,92.845,479.0,11.25,28.0,245.8,-0.9123,-0.4095,27.8,35.2,37.1,1.27,0.1536
25.135,92.85,589.0,21.77,28.0,308.1,-0.7872,0.6167,27.8,39.8,32.5,1.265,0.2932
25.135,92.855,727.0,16.09,28.0,269.0,-0.9999,-0.0172,27.1,37.3,35.6,1.276,0.2172
25.135,92.86,584.0,23.72,28.0,271.6,-0.9996,0.0271,27.8,39.4,32.8,1.264,0.3182
25.135,92.865,739.0,26.46,28.0,293.3,-0.9186,0.3951,30.1,40.1,29.7,1.268,0.3514
25.135,92.87,782.0,26.71,28.0,277.0,-0.9925,0.1224,31.4,38.9,29.7,1.269,0.3542
25.135,92.875,801.0,27.3,28.0,260.7,-0.9868,-0.1616,31.7,39.8,28.6,1.269,0.3614
25.135,92.88,698.0,31.89,28.0,266.1,-0.9976,-0.0686,31.7,38.9,29.4,1.261,0.4189
25.135,92.885,758.0,29.86,28.0,273.5,-0.9982,0.0605,31.7,41.9,26.4,1.265,0.3936
25.135,92.89,733.0,24.49,28.0,285.3,-0.9646,0.2639,27.9,34.4,37.7,1.269,0.3267
25.135,92.895,879.0,25.56,28.0,276.6,-0.9935,0.1142,32.6,38.7,28.7,1.274,0.3387
25.135,92.9,788.0,27.09,28.0,247.8,-0.9255,-0.3786,33.0,40.9,26.0,1.269,0.3589
25.135,92.905,684.0,25.03,28.0,253.7,-0.9598,-0.2807,31.2,36.6,32.2,1.267,0.3339
25.135,92.91,656.0,27.08,28.0,260.9,-0.9875,-0.1574,30.6,39.8,29.6,1.264,0.3602
25.135,92.915,603.0,10.92,28.0,324.4,-0.5819,0.8132,26.7,33.9,39.4,1.275,0.1486
25.135,92.92,814.0,22.54,28.0,342.7,-0.2966,0.955,27.4,37.5,35.1,1.274,0.3009
25.135,92.925,1002.0,12.2,28.0,302.5,-0.8433,0.5374,27.6,36.7,35.8,1.29,0.1638
25.135,92.93,931.0,4.98,28.0,239.9,-0.8654,-0.5012,27.1,33.6,39.3,1.293,0.0671
25.135,92.935,958.0,0.93,28.0,167.3,0.2206,-0.9754,26.4,29.2,44.4,1.298,0.0125
25.135,92.94,915.0,6.04,28.0,263.0,-0.9925,-0.1219,27.5,32.1,40.4,1.292,0.0814
25.135,92.945,945.0,10.75,28.0,258.2,-0.979,-0.2039,28.2,36.3,35.5,1.289,0.1447
25.135,92.95,876.0,11.97,28.0,230.4,-0.7709,-0.6369,28.7,35.9,35.4,1.285,0.1614
25.135,92.955,809.0,20.72,28.0,254.6,-0.9642,-0.2652,27.3,40.1,32.5,1.275,0.2775
25.135,92.96,775.0,20.76,28.0,248.6,-0.9313,-0.3642,27.5,40.1,32.4,1.274,0.2782
25.135,92.965,670.0,12.51,28.0,271.3,-0.9997,0.0224,26.9,34.8,38.3,1.276,0.1698
25.135,92.97,780.0,16.76,28.0,316.2,-0.6918,0.722,28.0,40.2,31.8,1.277,0.2258
25.135,92.975,889.0,9.77,28.0,249.0,-0.9339,-0.3576,27.0,34.6,38.4,1.287,0.1319
25.135,92.98,718.0,13.57,28.0,187.5,-0.1302,-0.9915,28.7,34.2,37.1,1.277,0.1837
25.135,92.985,648.0,6.68,28.0,198.3,-0.3143,-0.9493,25.9,32.8,41.3,1.28,0.0909
25.135,92.99,606.0,6.59,28.0,315.6,-0.7002,0.7139,27.6,30.4,42.1,1.279,0.0897
25.135,92.995,731.0,15.96,28.0,29.8,0.4963,0.8682,28.4,38.7,33.0,1.276,0.2155
25.14,92.5,260.0,15.22,28.0,62.6,0.888,0.4599,28.2,38.5,33.3,1.258,0.2087
25.14,92.505,323.0,12.47,28.0,87.9,0.9994,0.0359,31.2,33.8,35.0,1.263,0.171
25.14,92.51,268.0,15.31,28.0,140.0,0.6433,-0.7656,28.4,35.7,35.8,1.258,0.2099
25.14,92.515,112.0,4.56,28.0,108.9,0.9461,-0.3238,26.8,33.4,39.8,1.261,0.063
25.14,92.52,242.0,8.43,28.0,324.8,-0.5758,0.8176,27.9,32.8,39.3,1.263,0.1161
25.14,92.525,234.0,14.12,28.0,291.8,-0.9286,0.3712,25.9,33.1,41.0,1.258,0.1939
25.14,92.53,336.0,15.39,28.0,300.1,-0.8651,0.5017,27.9,35.8,36.3,1.261,0.2105
25.14,92.535,373.0,18.16,28.0,288.2,-0.9501,0.3118,27.0,36.4,36.6,1.26,0.2474
25.14,92.54,439.0,19.44,28.0,295.7,-0.9012,0.4334,29.1,36.6,34.3,1.261,0.2639
25.14,92.545,527.0,19.0,28.0,298.8,-0.8764,0.4816,27.3,37.4,35.3,1.265,0.2574
25.14,92.55,606.0,15.11,28.0,262.6,-0.9917,-0.1288,27.9,38.2,34.0,1.272,0.2049
25.14,92.555,492.0,13.86,28.0,232.9,-0.7972,-0.6037,27.2,35.2,37.5,1.268,0.1889
25.14,92.56,456.0,14.21,28.0,289.9,-0.94,0.3412,30.1,36.0,33.9,1.266,0.1939
25.14,92.565,579.0,22.01,28.0,299.4,-0.871,0.4913,27.6,39.0,33.4,1.265,0.2963
25.14,92.57,656.0,23.16,28.0,287.6,-0.9534,0.3018,30.2,39.0,30.8,1.267,0.3104
25.14,92.575,709.0,21.42,28.0,280.1,-0.9846,0.1747,29.0,36.8,34.2,1.271,0.2873
25.14,92.58,725.0,20.45,28.0,234.5,-0.8142,-0.5806,28.6,37.6,33.8,1.272,0.2747
25.14,92.585,491.0,12.41,28.0,211.0,-0.5144,-0.8576,28.4,36.1,35.4,1.269,0.1694
25.14,92.59,535.0,16.1,28.0,260.5,-0.9863,-0.1651,28.5,34.6,36.9,1.268,0.2187
25.14,92.595,443.0,13.25,28.0,359.6,-0.0076,1.0,25.7,37.4,36.9,1.267,0.1809
25.14,92.6,772.0,34.84,28.0,20.2,0.3445,0.9388,31.7,43.4,24.9,1.262,0.4527
25.14,92.605,1101.0,31.84,28.0,40.8,0.6539,0.7566,33.0,39.4,27.6,1.278,0.4128
25.14,92.61,1245.0,16.52,28.0,31.4,0.5208,0.8537,27.9,36.7,35.4,1.296,0.2194
25.14,92.615,1356.0,3.54,28.0,201.3,-0.3632,-0.9317,26.3,33.9,39.8,1.311,0.0471
25.14,92.62,1187.0,15.5,28.0,181.9,-0.0324,-0.9995,27.9,35.3,36.7,1.295,0.2064
25.14,92.625,1077.0,20.0,28.0,221.6,-0.664,-0.7478,30.0,38.1,31.9,1.286,0.266
25.14,92.63,913.0,14.75,28.0,270.0,-1.0,-0.0,29.5,36.2,34.3,1.284,0.1983
25.14,92.635,1077.0,18.09,28.0,18.9,0.3246,0.9459,27.9,34.6,37.5,1.288,0.2411
25.14,92.64,1224.0,7.08,28.0,2.5,0.0434,0.9991,29.1,34.6,36.3,1.303,0.0946
25.14,92.645,1202.0,8.97,28.0,241.9,-0.8818,-0.4717,27.6,32.7,39.7,1.301,0.1198
25.14,92.65,1149.0,12.57,28.0,253.4,-0.9585,-0.285,26.0,36.8,37.3,1.295,0.1681
25.14,92.655,1138.0,16.59,28.0,275.7,-0.995,0.1,26.9,35.4,37.7,1.292,0.221
25.14,92.66,1179.0,19.72,28.0,323.2,-0.599,0.8008,29.9,37.0,33.1,1.291,0.2614
25.14,92.665,1427.0,16.47,28.0,339.6,-0.3493,0.937,27.7,38.5,33.9,1.303,0.2176
25.14,92.67,1458.0,4.44,28.0,264.1,-0.9948,-0.1023,27.7,33.9,38.4,1.315,0.0589
25.14,92.675,1419.0,7.1,28.0,228.6,-0.7498,-0.6616,27.6,32.3,40.1,1.311,0.0943
25.14,92.68,1375.0,3.68,28.0,249.2,-0.9349,-0.3548,30.3,31.5,38.3,1.312,0.0489
25.14,92.685,1396.0,4.42,28.0,228.1,-0.7439,-0.6683,30.0,32.3,37.8,1.312,0.0587
25.14,92.69,1323.0,3.56,28.0,193.3,-0.2308,-0.973,30.7,33.5,35.8,1.31,0.0474
25.14,92.695,1335.0,5.11,28.0,314.5,-0.7138,0.7003,27.8,33.9,38.3,1.309,0.068
25.14,92.7,1386.0,8.87,28.0,353.1,-0.1209,0.9927,28.4,33.1,38.5,1.308,0.1179
25.14,92.705,1491.0,12.19,28.0,342.1,-0.3077,0.9515,26.2,33.5,40.3,1.309,0.1613
25.14,92.71,1593.0,11.0,28.0,280.0,-0.9848,0.1738,29.8,35.4,34.9,1.315,0.1451
25.14,92.715,1525.0,11.34,28.0,264.0,-0.9946,-0.104,26.6,34.8,38.7,1.312,0.1499
25.14,92.72,1572.0,13.45,28.0,307.9,-0.7888,0.6146,28.3,38.8,32.9,1.312,0.1773
25.14,92.725,1673.0,9.25,28.0,318.1,-0.6678,0.7444,26.7,34.5,38.8,1.319,0.1219
25.14,92.73,1694.0,5.29,28.0,272.5,-0.9991,0.0429,27.3,36.1,36.6,1.323,0.0697
25.14,92.735,1677.0,13.1,28.0,251.1,-0.9459,-0.3244,27.0,33.7,39.3,1.316,0.1722
25.14,92.74,1618.0,8.29,28.0,254.2,-0.9621,-0.2727,27.3,31.9,40.9,1.318,0.1094
25.14,92.745,1637.0,13.23,28.0,249.5,-0.9365,-0.3508,27.4,33.8,38.8,1.314,0.1742
25.14,92.75,1535.0,13.04,28.0,246.8,-0.9189,-0.3944,27.3,37.3,35.4,1.311,0.1721
25.14,92.755,1545.0,13.45,28.0,228.4,-0.7474,-0.6644,29.0,38.2,32.8,1.311,0.1774
25.14,92.76,1375.0,17.78,28.0,236.3,-0.8322,-0.5545,26.7,35.6,37.8,1.3,0.2349
25.14,92.765,1366.0,14.58,28.0,235.3,-0.8222,-0.5691,28.3,35.2,36.5,1.302,0.1933
25.14,92.77,1226.0,26.58,28.0,208.2,-0.4723,-0.8815,33.5,37.3,29.2,1.287,0.3477
25.14,92.775,922.0,22.24,28.0,204.4,-0.413,-0.9107,27.4,35.2,37.4,1.278,0.2962
25.14,92.78,851.0,13.69,28.0,294.3,-0.9112,0.412,27.1,36.7,36.1,1.283,0.1845
25.14,92.785,1023.0,22.42,28.0,327.9,-0.5312,0.8472,27.7,38.3,34.0,1.282,0.2975
25.14,92.79,1203.0,7.65,28.0,280.6,-0.9828,0.1848,29.4,34.1,36.5,1.302,0.1022
25.14,92.795,1048.0,19.52,28.0,189.6,-0.1672,-0.9859,28.2,35.1,36.7,1.286,0.2598
25.14,92.8,851.0,14.89,28.0,238.0,-0.8478,-0.5303,27.4,38.4,34.2,1.282,0.2004
25.14,92.805,906.0,18.88,28.0,266.5,-0.9981,-0.061,28.6,36.3,35.1,1.281,0.2526
25.14,92.81,830.0,18.32,28.0,201.1,-0.3608,-0.9327,26.7,37.7,35.6,1.278,0.2459
25.14,92.815,595.0,9.66,28.0,214.0,-0.5596,-0.8288,28.8,32.4,38.8,1.276,0.1315
25.14,92.82,688.0,21.12,28.0,305.5,-0.8139,0.581,28.5,37.3,34.2,1.27,0.2837
25.14,92.825,821.0,18.05,28.0,310.7,-0.758,0.6522,27.6,37.3,35.1,1.278,0.2424
25.14,92.83,902.0,17.21,28.0,291.4,-0.9308,0.3655,27.0,37.1,35.9,1.282,0.2308
25.14,92.835,935.0,14.68,28.0,229.6,-0.7613,-0.6484,26.9,36.1,36.9,1.285,0.1972
25.14,92.84,731.0,18.74,28.0,191.3,-0.1959,-0.9806,28.6,37.7,33.6,1.274,0.2522
25.14,92.845,600.0,15.19,28.0,279.7,-0.9857,0.1682,29.5,34.4,36.2,1.271,0.2062
25.14,92.85,777.0,23.7,28.0,309.3,-0.7737,0.6336,27.2,38.6,34.1,1.271,0.3162
25.14,92.855,880.0,19.51,28.0,284.4,-0.9684,0.2494,28.6,37.4,34.1,1.279,0.2611
25.14,92.86,866.0,26.96,28.0,286.1,-0.9608,0.2773,29.5,39.5,31.0,1.272,0.3564
25.14,92.865,1022.0,25.19,28.0,295.6,-0.9015,0.4329,31.3,38.8,29.9,1.28,0.3325
25.14,92.87,1071.0,19.84,28.0,281.9,-0.9785,0.2064,28.0,35.4,36.7,1.286,0.2639
25.14,92.875,1097.0,22.19,28.0,268.7,-0.9998,-0.0219,26.9,35.9,37.2,1.285,0.2939
25.14,92.88,1062.0,29.16,28.0,269.6,-1.0,-0.0071,30.9,36.5,32.7,1.278,0.3813
25.14,92.885,1093.0,22.75,28.0,266.5,-0.9981,-0.0616,27.2,39.3,33.5,1.285,0.3009
25.14,92.89,1036.0,16.31,28.0,266.1,-0.9977,-0.0679,28.4,37.6,34.1,1.288,0.218
25.14,92.895,1073.0,7.08,28.0,254.2,-0.9623,-0.272,27.8,35.2,37.1,1.297,0.095
25.14,92.9,1002.0,16.83,28.0,253.6,-0.9593,-0.2824,25.3,36.9,37.7,1.286,0.2251
25.14,92.905,987.0,22.32,28.0,264.6,-0.9955,-0.0943,25.5,34.8,39.8,1.281,0.2965
25.14,92.91,963.0,22.72,28.0,242.9,-0.8903,-0.4554,27.3,36.5,36.2,1.28,0.3017
25.14,92.915,795.0,19.99,28.0,253.3,-0.958,-0.2866,28.5,37.6,33.9,1.275,0.2681
25.14,92.92,858.0,15.21,28.0,319.1,-0.6543,0.7563,24.7,36.3,39.0,1.282,0.2046
25.14,92.925,1002.0,7.33,28.0,318.5,-0.6631,0.7485,27.4,33.6,39.0,1.294,0.0986
25.14,92.93,955.0,8.47,28.0,186.2,-0.1086,-0.9941,27.4,34.8,37.8,1.291,0.1141
25.14,92.935,853.0,9.37,28.0,127.9,0.7894,-0.6139,29.7,34.5,35.8,1.286,0.1266
25.14,92.94,853.0,3.53,28.0,29.7,0.4949,0.869,27.5,33.1,39.3,1.291,0.0477
25.14,92.945,907.0,3.77,28.0,5.5,0.0955,0.9954,28.5,32.0,39.5,1.293,0.0509
25.14,92.95,919.0,7.98,28.0,316.2,-0.6917,0.7222,28.2,35.6,36.2,1.29,0.1076
25.14,92.955,1009.0,10.98,28.0,271.5,-0.9997,0.0256,25.4,34.3,40.3,1.291,0.1475
25.14,92.96,924.0,17.77,28.0,244.9,-0.9054,-0.4246,28.9,34.7,36.3,1.282,0.2381
25.14,92.965,872.0,17.37,28.0,268.2,-0.9995,-0.0318,28.3,35.5,36.3,1.28,0.2332
25.14,92.97,914.0,15.44,28.0,282.7,-0.9756,0.2193,28.6,35.6,35.8,1.284,0.2073
25.14,92.975,933.0,7.19,28.0,201.7,-0.3703,-0.9289,32.7,35.4,31.9,1.291,0.0969
25.14,92.98,796.0,14.31,28.0,205.9,-0.4368,-0.8996,25.5,35.8,38.7,1.28,0.1931
25.14,92.985,702.0,8.47,28.0,234.5,-0.8144,-0.5803,30.1,34.0,36.0,1.281,0.115
25.14,92.99,709.0,10.35,28.0,225.9,-0.718,-0.696,27.7,32.9,39.5,1.28,0.1404
25.14,92.995,574.0,15.41,28.0,166.6,0.2314,-0.9729,28.3,37.3,34.4,1.27,0.2092
25.145,92.5,163.0,11.97,28.0,50.4,0.7709,0.6369,27.9,34.2,37.8,1.257,0.165
25.145,92.505,231.0,11.38,28.0,91.7,0.9996,-0.0296,27.5,34.9,37.6,1.26,0.1566
25.145,92.51,157.0,6.09,28.0,129.3,0.7743,-0.6328,27.3,35.8,36.8,1.261,0.0841
25.145,92.515,163.0,8.42,28.0,353.4,-0.1153,0.9933,28.4,35.0,36.6,1.26,0.1162
25.145,92.52,305.0,14.16,28.0,26.7,0.4487,0.8937,26.2,33.3,40.5,1.26,0.1942
25.145,92.525,390.0,7.47,28.0,335.3,-0.4177,0.9086,28.9,31.3,39.8,1.269,0.1024
25.145,92.53,425.0,8.61,28.0,344.5,-0.2668,0.9637,27.5,34.2,38.3,1.27,0.1179
25.145,92.535,537.0,18.31,28.0,302.1,-0.8472,0.5314,26.6,35.1,38.3,1.266,0.2482
25.145,92.54,602.0,21.64,28.0,298.6,-0.8783,0.478,27.5,38.7,33.8,1.266,0.2913
25.145,92.545,728.0,21.4,28.0,292.2,-0.926,0.3776,29.5,37.8,32.7,1.271,0.2871
25.145,92.55,751.0,16.46,28.0,246.6,-0.918,-0.3966,27.4,36.6,36.0,1.276,0.2221
25.145,92.555,610.0,19.23,28.0,251.4,-0.9478,-0.3189,28.4,36.1,35.5,1.268,0.2597
25.145,92.56,639.0,27.22,28.0,285.5,-0.9639,0.2664,31.1,41.9,27.0,1.263,0.3622
25.145,92.565,748.0,26.53,28.0,298.1,-0.8818,0.4716,32.9,43.3,23.8,1.268,0.3523
25.145,92.57,876.0,27.25,28.0,293.2,-0.9193,0.3935,32.8,38.8,28.3,1.272,0.36
25.145,92.575,952.0,20.55,28.0,268.0,-0.9994,-0.0344,30.2,38.0,31.8,1.281,0.274
25.145,92.58,863.0,21.36,28.0,203.6,-0.3996,-0.9167,27.8,37.8,34.4,1.277,0.2852
25.145,92.585,591.0,21.06,28.0,252.1,-0.9517,-0.3069,28.8,37.2,34.0,1.266,0.2838
25.145,92.59,744.0,18.45,28.0,279.8,-0.9855,0.1697,28.1,35.7,36.2,1.274,0.2484
25.145,92.595,648.0,14.03,28.0,229.3,-0.7584,-0.6518,29.6,34.1,36.3,1.274,0.1903
25.145,92.6,580.0,4.21,28.0,285.6,-0.963,0.2695,27.1,31.4,41.4,1.28,0.0574
25.145,92.605,668.0,24.72,28.0,23.2,0.3942,0.919,28.9,39.2,31.9,1.266,0.3303
25.145,92.61,1006.0,34.46,28.0,24.4,0.4137,0.9104,31.8,40.4,27.8,1.272,0.4448
25.145,92.615,1297.0,10.25,28.0,21.0,0.3577,0.9338,27.9,30.9,41.2,1.303,0.1366
25.145,92.62,1176.0,7.77,28.0,194.5,-0.2502,-0.9682,28.1,34.7,37.2,1.301,0.1039
25.145,92.625,1164.0,10.65,28.0,252.8,-0.9553,-0.2957,28.3,34.8,36.9,1.298,0.1424
25.145,92.63,1120.0,18.27,28.0,235.6,-0.8246,-0.5657,27.9,38.9,33.2,1.29,0.243
25.145,92.635,976.0,5.05,28.0,303.5,-0.8344,0.5512,28.3,33.9,37.8,1.295,0.068
25.145,92.64,1169.0,17.17,28.0,31.6,0.5235,0.852,29.9,34.4,35.7,1.292,0.2285
25.145,92.645,1241.0,9.09,28.0,45.9,0.7187,0.6953,29.2,31.1,39.7,1.302,0.1213
25.145,92.65,1281.0,6.27,28.0,350.1,-0.1717,0.9852,29.0,32.6,38.4,1.306,0.0836
25.145,92.655,1350.0,6.04,28.0,322.9,-0.6028,0.7979,27.5,32.7,39.9,1.309,0.0804
25.145,92.66,1366.0,7.98,28.0,309.1,-0.7758,0.6309,26.9,35.5,37.5,1.308,0.1061
25.145,92.665,1439.0,7.4,28.0,354.0,-0.1038,0.9946,29.1,34.0,36.9,1.311,0.0982
25.145,92.67,1496.0,1.2,28.0,334.5,-0.4298,0.9029,29.1,34.0,36.9,1.319,0.0159
25.145,92.675,1458.0,6.24,28.0,227.0,-0.7317,-0.6817,29.8,31.7,38.6,1.313,0.0828
25.145,92.68,1421.0,3.02,28.0,214.2,-0.5614,-0.8276,27.3,34.3,38.5,1.314,0.0401
25.145,92.685,1414.0,4.62,28.0,157.1,0.3889,-0.9213,27.7,34.3,38.0,1.313,0.0613
25.145,92.69,1346.0,3.96,28.0,247.2,-0.9218,-0.3876,26.0,30.0,43.9,1.311,0.0527
25.145,92.695,1387.0,8.81,28.0,299.6,-0.8697,0.4936,27.5,36.3,36.1,1.308,0.1171
25.145,92.7,1423.0,8.96,28.0,320.8,-0.6323,0.7747,29.2,34.5,36.3,1.309,0.119
25.145,92.705,1510.0,13.0,28.0,339.0,-0.358,0.9337,27.4,36.1,36.5,1.31,0.1717
25.145,92.71,1640.0,6.13,28.0,356.6,-0.0585,0.9983,28.8,32.3,38.9,1.32,0.0809
25.145,92.715,1618.0,4.66,28.0,295.3,-0.9044,0.4268,27.8,35.2,37.1,1.321,0.0615
25.145,92.72,1675.0,5.62,28.0,317.5,-0.6758,0.7371,28.4,31.7,39.9,1.322,0.0741
25.145,92.725,1691.0,2.78,28.0,60.6,0.8708,0.4916,26.6,34.0,39.4,1.325,0.0366
25.145,92.73,1699.0,6.27,28.0,111.2,0.9323,-0.3617,28.1,34.9,37.0,1.323,0.0826
25.145,92.735,1651.0,12.0,28.0,127.4,0.7944,-0.6074,24.4,33.7,41.9,1.316,0.158
25.145,92.74,1569.0,9.21,28.0,115.4,0.9033,-0.4289,27.8,37.4,34.8,1.315,0.1217
25.145,92.745,1581.0,12.55,28.0,78.7,0.9805,0.1963,26.0,35.7,38.3,1.313,0.1655
25.145,92.75,1613.0,1.9,28.0,170.7,0.1623,-0.9867,29.4,33.5,37.1,1.323,0.0251
25.145,92.755,1548.0,11.92,28.0,190.5,-0.1829,-0.9831,28.9,32.9,38.2,1.312,0.1574
25.145,92.76,1404.0,12.92,28.0,189.2,-0.1605,-0.987,28.6,38.6,32.8,1.305,0.1713
25.145,92.765,1320.0,5.57,28.0,139.8,0.6451,-0.7641,29.8,31.6,38.5,1.308,0.0742
25.145,92.77,1329.0,17.02,28.0,205.2,-0.4254,-0.905,26.9,38.1,35.1,1.299,0.2253
25.145,92.775,1041.0,25.92,28.0,225.7,-0.7153,-0.6989,34.1,37.4,28.5,1.28,0.3415
25.145,92.78,987.0,22.67,28.0,286.9,-0.957,0.2901,29.1,37.1,33.8,1.281,0.3009
25.145,92.785,1163.0,24.05,28.0,309.2,-0.7749,0.632,27.7,39.6,32.7,1.286,0.3169
25.145,92.79,1271.0,11.95,28.0,247.7,-0.925,-0.38,29.4,36.7,33.9,1.301,0.1592
25.145,92.795,1082.0,18.36,28.0,237.6,-0.8444,-0.5356,26.7,35.0,38.3,1.288,0.2446
25.145,92.8,1092.0,22.79,28.0,265.3,-0.9966,-0.0828,27.0,39.7,33.3,1.285,0.3014
25.145,92.805,1047.0,18.92,28.0,230.2,-0.768,-0.6405,27.3,38.6,34.1,1.286,0.2521
25.145,92.81,871.0,19.24,28.0,206.3,-0.4428,-0.8966,27.4,35.7,36.9,1.279,0.2576
25.145,92.815,732.0,17.9,28.0,260.8,-0.9871,-0.1599,26.7,39.2,34.1,1.274,0.2413
25.145,92.82,819.0,19.3,28.0,307.8,-0.7903,0.6128,29.5,35.0,35.6,1.277,0.2588
25.145,92.825,948.0,19.26,28.0,310.0,-0.7663,0.6425,27.7,36.2,36.1,1.282,0.2573
25.145,92.83,1045.0,12.88,28.0,280.8,-0.9824,0.1868,28.4,36.2,35.4,1.291,0.1727
25.145,92.835,991.0,16.9,28.0,191.3,-0.1952,-0.9808,27.3,35.2,37.5,1.286,0.2261
25.145,92.84,745.0,15.77,28.0,221.2,-0.6585,-0.7526,25.8,36.6,37.6,1.277,0.2128
25.145,92.845,777.0,23.9,28.0,299.8,-0.8675,0.4975,28.3,38.7,32.9,1.271,0.3188
25.145,92.85,967.0,23.46,28.0,319.5,-0.65,0.7599,25.7,38.0,36.3,1.279,0.3113
25.145,92.855,1109.0,19.72,28.0,296.5,-0.8949,0.4462,27.9,38.5,33.6,1.288,0.262
25.145,92.86,1128.0,16.55,28.0,289.9,-0.9401,0.3409,26.4,36.1,37.6,1.291,0.2206
25.145,92.865,1211.0,4.98,28.0,302.4,-0.8447,0.5353,30.4,33.7,35.9,1.304,0.0666
25.145,92.87,1175.0,7.44,28.0,289.5,-0.9424,0.3346,29.1,35.7,35.2,1.301,0.0995
25.145,92.875,1255.0,12.93,28.0,308.5,-0.7824,0.6228,28.1,36.6,35.2,1.299,0.1723
25.145,92.88,1319.0,13.16,28.0,262.4,-0.9913,-0.1317,29.5,36.7,33.8,1.302,0.1749
25.145,92.885,1224.0,17.17,28.0,212.9,-0.5438,-0.8392,27.0,34.9,38.2,1.295,0.228
25.145,92.89,1058.0,12.02,28.0,188.5,-0.1477,-0.989,28.7,36.0,35.4,1.292,0.1612
25.145,92.895,1012.0,5.68,28.0,58.1,0.8486,0.529,28.2,32.2,39.6,1.296,0.0764
25.145,92.9,1111.0,8.07,28.0,332.9,-0.4563,0.8898,28.3,32.2,39.5,1.298,0.1082
25.145,92.905,1139.0,13.23,28.0,260.3,-0.9856,-0.1689,29.5,35.4,35.1,1.295,0.1767
25.145,92.91,1071.0,15.96,28.0,239.1,-0.8577,-0.5141,28.9,34.9,36.2,1.29,0.2132
25.145,92.915,991.0,22.52,28.0,261.9,-0.99,-0.1413,28.3,39.2,32.5,1.281,0.299
25.145,92.92,1012.0,19.7,28.0,287.1,-0.9558,0.294,26.0,38.5,35.5,1.284,0.2625
25.145,92.925,1097.0,9.6,28.0,248.3,-0.9291,-0.3698,26.8,31.7,41.4,1.296,0.1287
25.145,92.93,949.0,15.92,28.0,171.5,0.148,-0.989,27.9,35.0,37.1,1.285,0.2135
25.145,92.935,813.0,4.28,28.0,154.4,0.4319,-0.9019,28.1,31.0,40.9,1.289,0.0579
25.145,92.94,881.0,7.3,28.0,345.8,-0.2455,0.9694,26.6,33.3,40.1,1.289,0.0986
25.145,92.945,938.0,6.79,28.0,329.2,-0.5127,0.8586,30.9,34.5,34.6,1.292,0.0915
25.145,92.95,984.0,5.81,28.0,328.0,-0.5293,0.8485,29.8,33.2,37.0,1.295,0.0782
25.145,92.955,1025.0,7.31,28.0,28.0,0.4694,0.883,28.7,33.1,38.2,1.295,0.0983
25.145,92.96,1098.0,5.86,28.0,266.1,-0.9977,-0.0677,28.1,35.5,36.4,1.299,0.0786
25.145,92.965,1018.0,12.35,28.0,265.3,-0.9967,-0.0816,27.7,31.8,40.4,1.29,0.1658
25.145,92.97,1080.0,9.74,28.0,243.5,-0.8952,-0.4457,26.9,36.5,36.7,1.295,0.1306
25.145,92.975,941.0,13.66,28.0,193.5,-0.2328,-0.9725,28.1,34.8,37.1,1.286,0.1836
25.145,92.98,842.0,9.63,28.0,202.4,-0.3811,-0.9245,28.3,34.5,37.2,1.286,0.1301
25.145,92.985,783.0,6.33,28.0,216.3,-0.5915,-0.8063,26.5,32.9,40.6,1.286,0.0857
25.145,92.99,752.0,7.36,28.0,160.9,0.3267,-0.9451,28.4,36.3,35.3,1.284,0.0998
25.145,92.995,660.0,10.39,28.0,184.5,-0.0784,-0.9969,27.8,32.9,39.3,1.278,0.1411
25.15,92.5,78.0,2.49,28.0,343.2,-0.2887,0.9574,22.7,32.7,44.6,1.261,0.0345
25.15,92.505,99.0,8.88,28.0,51.5,0.7821,0.6231,24.0,35.2,40.9,1.257,0.1228
25.15,92.51,176.0,5.2,28.0,290.4,-0.9371,0.349,27.5,31.0,41.5,1.263,0.0718
25.15,92.515,131.0,7.2,28.0,241.9,-0.8818,-0.4717,30.3,32.5,37.2,1.259,0.0995
25.15,92.52,116.0,10.59,28.0,29.4,0.4903,0.8716,28.7,34.6,36.7,1.256,0.1463
25.15,92.525,295.0,16.54,28.0,27.6,0.4629,0.8864,26.4,35.1,38.5,1.258,0.2263
25.15,92.53,381.0,23.48,28.0,26.9,0.4528,0.8916,28.6,37.0,34.4,1.256,0.3172
25.15,92.535,685.0,25.44,28.0,21.4,0.3645,0.9312,30.1,38.3,31.6,1.266,0.3393
25.15,92.54,827.0,14.06,28.0,347.4,-0.2188,0.9758,29.3,36.7,34.0,1.281,0.1896
25.15,92.545,931.0,5.8,28.0,37.6,0.6103,0.7921,27.4,33.0,39.5,1.292,0.0782
25.15,92.55,908.0,10.6,28.0,112.1,0.9263,-0.3768,27.9,36.4,35.7,1.287,0.1429
25.15,92.555,860.0,7.23,28.0,321.5,-0.6228,0.7824,29.6,32.4,38.0,1.288,0.0977
25.15,92.56,1008.0,22.31,28.0,300.4,-0.8626,0.5059,26.5,36.1,37.5,1.282,0.2961
25.15,92.565,1069.0,26.72,28.0,290.2,-0.9385,0.3452,30.3,42.0,27.7,1.28,0.3513
25.15,92.57,1183.0,23.12,28.0,277.6,-0.9912,0.1326,27.3,37.2,35.5,1.288,0.3049
25.15,92.575,1126.0,19.49,28.0,217.2,-0.6041,-0.7969,29.2,35.2,35.5,1.289,0.2588
25.15,92.58,899.0,16.97,28.0,222.4,-0.674,-0.7387,26.2,33.9,39.9,1.282,0.2277
25.15,92.585,899.0,26.58,28.0,270.2,-1.0,0.004,28.6,40.7,30.7,1.274,0.3512
25.15,92.59,901.0,18.2,28.0,222.2,-0.6723,-0.7403,27.5,36.3,36.2,1.281,0.2438
25.15,92.595,654.0,16.87,28.0,260.6,-0.9865,-0.1638,28.7,36.1,35.2,1.272,0.2281
25.15,92.6,851.0,30.46,28.0,294.4,-0.9104,0.4138,33.4,39.9,26.7,1.269,0.3995
25.15,92.605,899.0,22.5,28.0,280.8,-0.9824,0.187,27.4,39.5,33.0,1.277,0.2997
25.15,92.61,929.0,24.59,28.0,326.7,-0.5496,0.8355,27.5,38.3,34.2,1.277,0.3259
25.15,92.615,1284.0,17.17,28.0,342.1,-0.3081,0.9513,29.4,40.1,30.5,1.297,0.2276
25.15,92.62,1225.0,6.98,28.0,266.7,-0.9984,-0.0568,25.8,34.1,40.2,1.303,0.0933
25.15,92.625,1277.0,10.55,28.0,267.2,-0.9988,-0.048,27.5,36.4,36.1,1.302,0.1406
25.15,92.63,1216.0,13.11,28.0,239.8,-0.8641,-0.5033,28.2,36.7,35.1,1.298,0.1747
25.15,92.635,1159.0,16.33,28.0,234.3,-0.8125,-0.583,28.5,36.3,35.2,1.293,0.2175
25.15,92.64,1044.0,5.59,28.0,210.3,-0.5051,-0.8631,27.4,32.6,40.0,1.297,0.0751
25.15,92.645,1074.0,9.65,28.0,42.6,0.6766,0.7364,28.0,35.1,36.9,1.295,0.1294
25.15,92.65,1170.0,8.85,28.0,30.5,0.5079,0.8614,25.0,35.1,39.9,1.299,0.1184
25.15,92.655,1209.0,15.74,28.0,62.7,0.889,0.458,27.2,35.3,37.5,1.295,0.2095
25.15,92.66,1300.0,17.36,28.0,42.3,0.6724,0.7402,28.5,36.9,34.6,1.298,0.2299
25.15,92.665,1442.0,12.04,28.0,38.5,0.6232,0.7821,26.8,37.1,36.1,1.308,0.1595
25.15,92.67,1468.0,4.69,28.0,37.0,0.6019,0.7986,28.1,36.4,35.6,1.315,0.0622
25.15,92.675,1508.0,3.42,28.0,185.2,-0.0901,-0.9959,28.5,34.2,37.3,1.317,0.0453
25.15,92.68,1408.0,8.37,28.0,187.4,-0.1281,-0.9918,27.6,37.0,35.4,1.309,0.1112
25.15,92.685,1361.0,1.38,28.0,234.9,-0.8179,-0.5754,28.2,31.4,40.4,1.313,0.0183
25.15,92.69,1394.0,8.04,28.0,330.7,-0.4897,0.8719,26.8,35.2,38.0,1.309,0.1068
25.15,92.695,1485.0,9.21,28.0,309.1,-0.7758,0.631,27.8,36.5,35.8,1.312,0.122
25.15,92.7,1497.0,13.8,28.0,293.3,-0.9181,0.3963,28.7,34.3,36.9,1.308,0.1824
25.15,92.705,1583.0,7.46,28.0,321.4,-0.6243,0.7812,28.2,33.3,38.6,1.317,0.0986
25.15,92.71,1600.0,8.09,28.0,80.3,0.9858,0.1677,27.3,36.8,35.9,1.317,0.1069
25.15,92.715,1607.0,4.61,28.0,55.5,0.8241,0.5664,28.3,31.8,40.0,1.32,0.0609
25.15,92.72,1646.0,5.84,28.0,79.4,0.9829,0.1843,28.9,31.5,39.6,1.321,0.077
25.15,92.725,1626.0,11.06,28.0,109.6,0.9421,-0.3353,25.5,37.2,37.2,1.316,0.1458
25.15,92.73,1580.0,14.34,28.0,122.1,0.8467,-0.5321,29.4,37.6,33.0,1.311,0.1889
25.15,92.735,1489.0,15.5,28.0,116.6,0.8942,-0.4477,27.6,36.8,35.6,1.307,0.2045
25.15,92.74,1455.0,13.29,28.0,113.5,0.9167,-0.3995,28.5,35.5,36.0,1.307,0.1759
25.15,92.745,1394.0,13.11,28.0,71.6,0.9489,0.3156,29.4,34.8,35.7,1.305,0.1738
25.15,92.75,1529.0,13.12,28.0,34.2,0.5627,0.8267,26.4,35.9,37.7,1.31,0.1733
25.15,92.755,1588.0,6.41,28.0,181.4,-0.024,-0.9997,27.1,36.1,36.8,1.318,0.0847
25.15,92.76,1416.0,16.19,28.0,177.7,0.0402,-0.9992,27.7,36.7,35.7,1.303,0.214
25.15,92.765,1296.0,3.13,28.0,144.9,0.5754,-0.8179,27.1,36.1,36.9,1.309,0.0417
25.15,92.77,1371.0,0.87,28.0,327.9,-0.5307,0.8476,30.1,30.9,39.0,1.314,0.0116
25.15,92.775,1309.0,16.4,28.0,255.3,-0.9674,-0.2531,27.0,36.3,36.7,1.299,0.2174
25.15,92.78,1296.0,23.14,28.0,283.3,-0.9732,0.2301,27.3,37.6,35.1,1.293,0.3039
25.15,92.785,1408.0,17.99,28.0,292.5,-0.924,0.3823,28.2,35.2,36.6,1.301,0.2374
25.15,92.79,1421.0,11.59,28.0,256.6,-0.9726,-0.2325,26.6,34.9,38.6,1.307,0.1537
25.15,92.795,1360.0,18.97,28.0,252.5,-0.9538,-0.3005,27.5,37.7,34.8,1.299,0.2502
25.15,92.8,1317.0,18.94,28.0,242.2,-0.8848,-0.466,28.4,37.8,33.8,1.297,0.2503
25.15,92.805,1199.0,22.64,28.0,221.4,-0.6613,-0.7502,27.6,41.3,31.1,1.289,0.2986
25.15,92.81,1002.0,23.53,28.0,235.4,-0.8231,-0.5679,27.9,39.0,33.1,1.28,0.3119
25.15,92.815,950.0,24.06,28.0,269.2,-0.9999,-0.0133,27.4,40.1,32.5,1.278,0.319
25.15,92.82,996.0,21.11,28.0,295.8,-0.9005,0.4348,26.2,37.7,36.1,1.282,0.2809
25.15,92.825,1119.0,12.8,28.0,313.0,-0.7314,0.6819,28.4,37.9,33.7,1.294,0.1712
25.15,92.83,1152.0,7.0,28.0,197.4,-0.2998,-0.954,30.1,37.5,32.4,1.3,0.0937
25.15,92.835,1001.0,12.43,28.0,195.4,-0.2649,-0.9643,28.0,36.1,35.9,1.29,0.1669
25.15,92.84,938.0,14.63,28.0,275.9,-0.9947,0.1027,28.3,34.4,37.3,1.285,0.1966
25.15,92.845,1028.0,15.61,28.0,302.9,-0.8392,0.5439,28.8,35.3,35.8,1.288,0.2089
25.15,92.85,1091.0,15.57,28.0,318.1,-0.6672,0.7448,26.5,36.6,36.9,1.291,0.2079
25.15,92.855,1237.0,5.33,28.0,336.2,-0.4041,0.9147,30.0,34.1,35.9,1.305,0.0712
25.15,92.86,1177.0,8.18,28.0,156.8,0.3938,-0.9192,28.2,35.2,36.5,1.3,0.1094
25.15,92.865,1104.0,6.84,28.0,75.1,0.9665,0.2568,30.0,34.5,35.5,1.298,0.0918
25.15,92.87,1208.0,10.89,28.0,355.2,-0.0841,0.9965,27.1,34.9,38.0,1.299,0.1454
25.15,92.875,1297.0,6.37,28.0,5.1,0.0885,0.9961,30.2,32.7,37.1,1.307,0.0849
25.15,92.88,1320.0,6.48,28.0,98.6,0.9889,-0.1487,28.9,34.3,36.7,1.307,0.0863
25.15,92.885,1280.0,15.71,28.0,151.6,0.476,-0.8795,28.7,39.0,32.4,1.298,0.2086
25.15,92.89,1071.0,17.26,28.0,164.2,0.2718,-0.9623,28.3,38.1,33.6,1.288,0.2304
25.15,92.895,979.0,2.22,28.0,85.6,0.997,0.0769,27.7,33.4,38.9,1.297,0.0299
25.15,92.9,1074.0,14.8,28.0,359.6,-0.0068,1.0,29.4,37.5,33.1,1.291,0.1979
25.15,92.905,1245.0,10.93,28.0,326.4,-0.5534,0.8329,28.2,34.4,37.5,1.301,0.1457
25.15,92.91,1236.0,10.04,28.0,272.2,-0.9992,0.0393,25.6,33.9,40.4,1.301,0.134
25.15,92.915,1252.0,13.34,28.0,270.7,-0.9999,0.0126,26.7,34.4,38.9,1.299,0.1776
25.15,92.92,1239.0,12.11,28.0,249.7,-0.9378,-0.3472,27.8,35.0,37.2,1.299,0.1615
25.15,92.925,1177.0,18.24,28.0,184.1,-0.0709,-0.9975,28.4,36.2,35.4,1.292,0.2423
25.15,92.93,908.0,19.68,28.0,181.3,-0.0226,-0.9997,27.9,39.1,33.0,1.28,0.2631
25.15,92.935,817.0,1.8,28.0,230.7,-0.7737,-0.6336,29.5,31.8,38.8,1.291,0.0243
25.15,92.94,888.0,10.45,28.0,31.7,0.5259,0.8506,25.7,33.6,40.8,1.287,0.1409
25.15,92.945,975.0,7.48,28.0,46.5,0.7253,0.6884,28.2,36.9,34.9,1.293,0.1007
25.15,92.95,979.0,4.7,28.0,113.5,0.9172,-0.3984,25.8,32.6,41.6,1.295,0.0633
25.15,92.955,942.0,7.49,28.0,63.5,0.8952,0.4457,28.9,34.2,36.9,1.291,0.101
25.15,92.96,1038.0,12.53,28.0,39.4,0.6345,0.773,27.9,36.0,36.1,1.291,0.168
25.15,92.965,1115.0,3.57,28.0,41.5,0.6628,0.7488,28.5,31.2,40.2,1.302,0.0478
25.15,92.97,1085.0,8.76,28.0,140.1,0.6414,-0.7672,27.0,36.2,36.8,1.296,0.1175
25.15,92.975,996.0,12.16,28.0,180.0,0.0,-1.0,29.5,36.2,34.3,1.29,0.1633
25.15,92.98,868.0,13.31,28.0,201.9,-0.3723,-0.9281,29.3,37.9,32.9,1.284,0.1793
25.15,92.985,775.0,11.97,28.0,195.2,-0.2627,-0.9649,28.7,34.2,37.1,1.281,0.1619
25.15,92.99,662.0,10.48,28.0,173.3,0.1165,-0.9932,27.8,34.9,37.2,1.278,0.1423
25.15,92.995,590.0,9.28,28.0,151.1,0.4838,-0.8752,28.7,34.5,36.8,1.276,0.1264
25.155,92.5,177.0,11.13,28.0,214.2,-0.5614,-0.8276,27.2,35.4,37.5,1.258,0.1534
25.155,92.505,95.0,4.26,28.0,358.6,-0.0241,0.9997,26.0,31.0,43.0,1.26,0.059
25.155,92.51,252.0,11.4,28.0,341.0,-0.3252,0.9456,30.0,35.2,34.8,1.261,0.1567
25.155,92.515,287.0,10.98,28.0,255.5,-0.968,-0.2509,29.3,32.8,37.9,1.262,0.1509
25.155,92.52,203.0,13.33,28.0,257.9,-0.9778,-0.2095,27.1,36.1,36.8,1.257,0.1834
25.155,92.525,237.0,0.35,28.0,298.9,-0.8752,0.4838,28.4,28.9,42.7,1.269,0.0048
25.155,92.53,206.0,8.75,28.0,46.3,0.7235,0.6903,26.4,31.6,42.0,1.261,0.1206
25.155,92.535,344.0,32.59,28.0,44.8,0.7041,0.7101,32.7,41.9,25.4,1.247,0.4319
25.155,92.54,663.0,29.35,28.0,56.2,0.8309,0.5565,32.5,39.0,28.5,1.262,0.3884
25.155,92.545,659.0,27.75,28.0,101.4,0.9802,-0.1982,29.8,37.9,32.3,1.263,0.3687
25.155,92.55,558.0,21.53,28.0,84.4,0.9952,0.0982,26.6,39.6,33.7,1.264,0.2903
25.155,92.555,698.0,25.75,28.0,12.0,0.2086,0.978,31.7,39.4,29.0,1.266,0.3432
25.155,92.56,1033.0,29.84,28.0,4.3,0.0752,0.9972,31.6,41.3,27.1,1.276,0.39
25.155,92.565,1274.0,17.61,28.0,349.2,-0.1868,0.9824,26.5,36.4,37.0,1.296,0.2334
25.155,92.57,1347.0,9.01,28.0,121.8,0.8502,-0.5264,28.5,38.4,33.1,1.306,0.1199
25.155,92.575,1190.0,14.66,28.0,165.5,0.2507,-0.9681,28.3,35.0,36.7,1.295,0.1954
25.155,92.58,1092.0,19.89,28.0,263.4,-0.9933,-0.1153,27.8,39.9,32.3,1.287,0.2643
25.155,92.585,1148.0,21.94,28.0,255.4,-0.9679,-0.2515,27.1,37.8,35.1,1.288,0.2901
25.155,92.59,990.0,16.22,28.0,235.2,-0.8215,-0.5702,29.3,33.8,36.9,1.286,0.2172
25.155,92.595,981.0,28.19,28.0,290.2,-0.9387,0.3447,34.0,40.2,25.8,1.276,0.3702
25.155,92.6,1176.0,26.22,28.0,286.4,-0.9593,0.2823,31.4,39.5,29.1,1.285,0.3438
25.155,92.605,1121.0,26.76,28.0,282.5,-0.9762,0.2167,31.3,37.6,31.2,1.283,0.3509
25.155,92.61,1286.0,31.28,28.0,297.5,-0.8873,0.4611,32.6,39.0,28.5,1.285,0.4041
25.155,92.615,1403.0,10.14,28.0,278.3,-0.9895,0.1444,27.6,34.7,37.8,1.308,0.1346
25.155,92.62,1312.0,10.39,28.0,260.0,-0.9849,-0.1734,27.8,35.3,36.9,1.304,0.1383
25.155,92.625,1371.0,6.8,28.0,285.5,-0.9639,0.2664,28.9,30.1,41.0,1.309,0.0905
25.155,92.63,1344.0,11.27,28.0,229.6,-0.7618,-0.6479,25.7,36.6,37.7,1.304,0.1499
25.155,92.635,1241.0,11.96,28.0,235.8,-0.8268,-0.5625,29.6,34.4,36.0,1.3,0.1594
25.155,92.64,1224.0,13.1,28.0,236.9,-0.8376,-0.5463,28.1,33.5,38.4,1.298,0.1746
25.155,92.645,1113.0,5.67,28.0,251.9,-0.9506,-0.3103,27.5,34.9,37.6,1.3,0.076
25.155,92.65,1193.0,4.32,28.0,236.4,-0.8333,-0.5528,27.9,33.1,39.0,1.304,0.0578
25.155,92.655,1071.0,3.81,28.0,155.3,0.4176,-0.9086,28.0,34.8,37.2,1.3,0.0511
25.155,92.66,1132.0,15.5,28.0,38.0,0.6156,0.7881,25.9,36.8,37.3,1.292,0.2068
25.155,92.665,1291.0,20.46,28.0,34.6,0.5684,0.8228,29.8,37.5,32.8,1.295,0.2699
25.155,92.67,1441.0,9.88,28.0,9.5,0.165,0.9863,28.0,34.4,37.5,1.309,0.1311
25.155,92.675,1464.0,2.57,28.0,88.7,0.9998,0.0221,28.5,33.4,38.1,1.316,0.0341
25.155,92.68,1442.0,2.98,28.0,237.7,-0.8454,-0.5341,29.1,32.2,38.7,1.315,0.0395
25.155,92.685,1436.0,5.29,28.0,258.3,-0.979,-0.2036,26.8,32.1,41.1,1.313,0.0702
25.155,92.69,1423.0,9.72,28.0,301.8,-0.8495,0.5276,28.6,35.5,35.9,1.309,0.129
25.155,92.695,1527.0,15.45,28.0,334.4,-0.4322,0.9018,27.7,35.9,36.4,1.308,0.2037
25.155,92.7,1674.0,7.98,28.0,301.6,-0.8517,0.524,29.0,34.2,36.8,1.32,0.1052
25.155,92.705,1601.0,11.58,28.0,157.0,0.3901,-0.9208,25.4,36.7,37.8,1.314,0.1528
25.155,92.71,1484.0,9.72,28.0,109.3,0.9438,-0.3304,27.9,34.4,37.7,1.311,0.1288
25.155,92.715,1544.0,10.37,28.0,64.6,0.9034,0.4288,27.3,34.8,37.9,1.313,0.1371
25.155,92.72,1563.0,13.29,28.0,104.1,0.9698,-0.2439,28.5,34.6,36.8,1.311,0.1753
25.155,92.725,1486.0,13.64,28.0,115.4,0.903,-0.4296,28.6,36.3,35.2,1.308,0.1803
25.155,92.73,1458.0,12.92,28.0,118.7,0.877,-0.4805,27.2,36.0,36.9,1.308,0.1709
25.155,92.735,1375.0,12.32,28.0,126.3,0.8064,-0.5914,27.1,36.6,36.2,1.305,0.1635
25.155,92.74,1328.0,6.79,28.0,109.5,0.9427,-0.3335,27.9,32.9,39.2,1.307,0.0905
25.155,92.745,1335.0,8.76,28.0,26.3,0.4433,0.8964,26.9,33.6,39.4,1.306,0.1166
25.155,92.75,1467.0,14.09,28.0,31.3,0.519,0.8548,29.0,36.9,34.0,1.307,0.1863
25.155,92.755,1551.0,8.47,28.0,120.4,0.8622,-0.5066,27.6,34.6,37.8,1.315,0.112
25.155,92.76,1391.0,15.1,28.0,191.7,-0.2031,-0.9792,24.5,34.7,40.8,1.303,0.1999
25.155,92.765,1285.0,5.13,28.0,234.1,-0.8102,-0.5861,27.6,35.3,37.1,1.307,0.0684
25.155,92.77,1338.0,5.83,28.0,44.7,0.704,0.7102,26.8,31.0,42.2,1.309,0.0776
25.155,92.775,1358.0,7.46,28.0,31.9,0.5281,0.8492,26.0,35.2,38.8,1.308,0.0993
25.155,92.78,1450.0,8.87,28.0,332.2,-0.4663,0.8846,26.5,32.5,41.0,1.311,0.1176
25.155,92.785,1497.0,5.09,28.0,298.7,-0.8775,0.4795,28.1,36.2,35.7,1.316,0.0674
25.155,92.79,1493.0,3.08,28.0,202.6,-0.3841,-0.9233,29.6,30.5,39.9,1.317,0.0408
25.155,92.795,1447.0,3.63,28.0,189.8,-0.1698,-0.9855,28.4,34.7,36.9,1.315,0.0481
25.155,92.8,1430.0,8.16,28.0,229.9,-0.7646,-0.6444,27.3,34.1,38.7,1.31,0.1083
25.155,92.805,1354.0,10.84,28.0,213.9,-0.5582,-0.8297,28.5,34.3,37.1,1.305,0.1441
25.155,92.81,1270.0,12.68,28.0,236.5,-0.8341,-0.5516,27.4,35.7,36.9,1.3,0.1689
25.155,92.815,1229.0,12.34,28.0,253.1,-0.9568,-0.2906,27.2,36.2,36.6,1.299,0.1645
25.155,92.82,1206.0,12.51,28.0,244.5,-0.9029,-0.4298,26.6,34.0,39.4,1.298,0.1669
25.155,92.825,1133.0,7.03,28.0,194.8,-0.2551,-0.9669,25.9,32.7,41.5,1.299,0.0942
25.155,92.83,1086.0,4.45,28.0,169.4,0.1847,-0.9828,27.5,34.2,38.3,1.3,0.0597
25.155,92.835,1056.0,5.02,28.0,234.0,-0.8086,-0.5884,28.2,30.8,41.0,1.298,0.0674
25.155,92.84,1034.0,5.38,28.0,259.1,-0.9818,-0.1897,27.9,32.6,39.6,1.297,0.0723
25.155,92.845,1038.0,7.92,28.0,0.7,0.0129,0.9999,27.5,38.7,33.8,1.295,0.1064
25.155,92.85,1174.0,6.89,28.0,21.8,0.3716,0.9284,26.9,32.4,40.7,1.301,0.0922
25.155,92.855,1151.0,11.72,28.0,121.5,0.853,-0.5218,28.7,36.8,34.4,1.296,0.1567
25.155,92.86,1065.0,11.26,28.0,110.1,0.9388,-0.3443,26.4,34.1,39.5,1.293,0.151
25.155,92.865,1082.0,7.92,28.0,24.0,0.4067,0.9136,28.9,34.9,36.2,1.297,0.1062
25.155,92.87,1193.0,11.7,28.0,39.0,0.6292,0.7772,26.8,36.1,37.1,1.298,0.1562
25.155,92.875,1244.0,12.9,28.0,89.8,1.0,0.0043,27.1,37.1,35.8,1.299,0.1719
25.155,92.88,1194.0,18.21,28.0,120.7,0.8601,-0.5102,26.2,36.6,37.2,1.293,0.2417
25.155,92.885,1075.0,19.67,28.0,129.7,0.7691,-0.6391,27.4,40.2,32.4,1.287,0.2615
25.155,92.89,964.0,9.55,28.0,128.8,0.7798,-0.626,29.2,33.7,37.2,1.291,0.1285
25.155,92.895,969.0,8.66,28.0,346.4,-0.236,0.9718,28.6,34.7,36.7,1.292,0.1165
25.155,92.9,1113.0,17.51,28.0,335.4,-0.4156,0.9095,29.2,37.0,33.8,1.29,0.2332
25.155,92.905,1258.0,8.75,28.0,0.7,0.0117,0.9999,28.6,32.7,38.7,1.303,0.1167
25.155,92.91,1268.0,0.35,28.0,118.9,0.8752,-0.4838,26.7,31.7,41.7,1.31,0.0047
25.155,92.915,1255.0,3.54,28.0,120.9,0.8576,-0.5143,27.6,33.2,39.2,1.307,0.0472
25.155,92.92,1236.0,8.46,28.0,151.9,0.4714,-0.8819,27.1,33.6,39.3,1.302,0.113
25.155,92.925,1123.0,16.69,28.0,157.1,0.3895,-0.921,29.6,40.1,30.3,1.291,0.2225
25.155,92.93,958.0,15.9,28.0,189.3,-0.1609,-0.987,26.6,35.0,38.5,1.285,0.2132
25.155,92.935,840.0,10.91,28.0,197.6,-0.3029,-0.953,29.1,36.7,34.2,1.285,0.1473
25.155,92.94,773.0,3.88,28.0,96.7,0.9931,-0.1171,29.1,34.3,36.6,1.288,0.0525
25.155,92.945,832.0,14.74,28.0,61.3,0.8776,0.4795,30.2,35.9,33.9,1.281,0.1986
25.155,92.95,900.0,9.86,28.0,69.3,0.9352,0.3542,27.5,33.3,39.2,1.288,0.133
25.155,92.955,894.0,7.0,28.0,70.6,0.9434,0.3315,28.9,32.7,38.4,1.29,0.0945
25.155,92.96,941.0,10.3,28.0,64.8,0.9046,0.4263,30.7,34.0,35.3,1.289,0.1387
25.155,92.965,972.0,3.1,28.0,57.8,0.8466,0.5322,27.3,30.1,42.6,1.296,0.0417
25.155,92.97,970.0,8.17,28.0,102.4,0.9767,-0.2146,26.2,32.7,41.2,1.292,0.11
25.155,92.975,941.0,6.38,28.0,105.5,0.9639,-0.2664,25.7,31.5,42.8,1.292,0.086
25.155,92.98,940.0,6.33,28.0,210.7,-0.5104,-0.8599,28.9,35.7,35.4,1.292,0.0853
25.155,92.985,845.0,12.19,28.0,193.0,-0.2245,-0.9745,25.7,36.2,38.1,1.284,0.1645
25.155,92.99,728.0,15.32,28.0,188.3,-0.1443,-0.9895,27.6,37.3,35.2,1.276,0.2071
25.155,92.995,572.0,17.47,28.0,170.0,0.1741,-0.9847,28.5,37.5,33.9,1.268,0.2368
25.16,92.5,201.0,11.4,28.0,189.8,-0.1694,-0.9856,28.2,35.3,36.5,1.259,0.157
25.16,92.505,101.0,3.0,28.0,335.7,-0.4121,0.9112,28.5,35.0,36.5,1.262,0.0415
25.16,92.51,249.0,14.21,28.0,20.3,0.3477,0.9376,28.3,34.9,36.9,1.258,0.1951
25.16,92.515,340.0,7.09,28.0,3.3,0.0578,0.9983,29.5,34.1,36.4,1.268,0.0973
25.16,92.52,374.0,12.74,28.0,260.1,-0.9852,-0.1713,26.9,36.5,36.6,1.264,0.1745
25.16,92.525,301.0,9.64,28.0,226.9,-0.7296,-0.6839,27.2,32.6,40.2,1.264,0.1325
25.16,92.53,257.0,9.43,28.0,225.6,-0.7142,-0.6999,27.1,39.2,33.8,1.262,0.1298
25.16,92.535,184.0,5.77,28.0,60.6,0.871,0.4913,29.0,33.6,37.4,1.263,0.0796
25.16,92.54,307.0,24.19,28.0,67.5,0.9239,0.3825,29.1,38.7,32.3,1.252,0.3273
25.16,92.545,357.0,19.78,28.0,63.1,0.8916,0.4528,28.5,39.2,32.3,1.258,0.269
25.16,92.55,471.0,21.69,28.0,12.5,0.2168,0.9762,29.4,39.2,31.4,1.261,0.2931
25.16,92.555,748.0,26.23,28.0,9.8,0.1695,0.9855,30.6,39.1,30.4,1.268,0.3486
25.16,92.56,960.0,25.37,28.0,35.8,0.5855,0.8107,34.0,39.0,27.0,1.277,0.3355
25.16,92.565,1135.0,23.19,28.0,80.3,0.9856,0.1692,29.8,35.9,34.2,1.286,0.3062
25.16,92.57,1033.0,31.46,28.0,97.6,0.9911,-0.1331,32.9,39.6,27.6,1.275,0.4093
25.16,92.575,1053.0,18.8,28.0,39.1,0.6307,0.7761,30.1,37.8,32.1,1.286,0.2506
25.16,92.58,1299.0,15.61,28.0,354.5,-0.0965,0.9953,26.0,36.8,37.2,1.299,0.2072
25.16,92.585,1333.0,11.76,28.0,231.0,-0.7768,-0.6298,27.4,37.0,35.7,1.304,0.1563
25.16,92.59,1167.0,19.69,28.0,250.7,-0.9439,-0.3303,27.1,37.1,35.8,1.29,0.2612
25.16,92.595,1214.0,23.7,28.0,298.4,-0.8799,0.4751,28.9,36.2,34.9,1.289,0.3118
25.16,92.6,1377.0,20.79,28.0,307.6,-0.7927,0.6096,26.7,39.1,34.1,1.298,0.2735
25.16,92.605,1447.0,18.61,28.0,296.6,-0.8938,0.4484,28.9,39.1,32.0,1.302,0.2451
25.16,92.61,1529.0,9.43,28.0,281.7,-0.9791,0.2033,29.6,35.9,34.5,1.313,0.1248
25.16,92.615,1481.0,7.1,28.0,214.7,-0.57,-0.8216,28.8,33.6,37.5,1.313,0.0941
25.16,92.62,1426.0,9.62,28.0,243.6,-0.8954,-0.4452,28.3,36.1,35.5,1.309,0.1277
25.16,92.625,1405.0,6.53,28.0,249.1,-0.9345,-0.356,26.8,38.9,34.3,1.311,0.0867
25.16,92.63,1385.0,5.89,28.0,240.6,-0.8711,-0.4912,27.0,33.7,39.3,1.31,0.0783
25.16,92.635,1354.0,8.85,28.0,217.7,-0.6117,-0.7911,29.5,32.4,38.1,1.307,0.1177
25.16,92.64,1261.0,9.86,28.0,181.2,-0.0207,-0.9998,28.9,33.7,37.3,1.302,0.1315
25.16,92.645,1179.0,8.31,28.0,261.8,-0.9898,-0.1427,28.0,35.2,36.9,1.3,0.1112
25.16,92.65,1240.0,2.52,28.0,268.7,-0.9997,-0.0226,27.5,30.3,42.2,1.308,0.0336
25.16,92.655,1178.0,9.74,28.0,221.2,-0.6592,-0.752,25.6,34.9,39.6,1.299,0.1302
25.16,92.66,1110.0,1.79,28.0,27.3,0.4591,0.8884,26.7,33.0,40.2,1.303,0.024
25.16,92.665,1206.0,17.95,28.0,1.9,0.0333,0.9994,30.3,39.1,30.6,1.293,0.2384
25.16,92.67,1436.0,14.39,28.0,12.7,0.2206,0.9754,26.5,37.8,35.7,1.305,0.1904
25.16,92.675,1458.0,4.38,28.0,74.2,0.9622,0.2724,28.2,34.5,37.3,1.315,0.0581
25.16,92.68,1457.0,0.66,28.0,69.8,0.9383,0.3458,29.2,28.9,41.9,1.318,0.0087
25.16,92.685,1462.0,6.45,28.0,330.5,-0.4929,0.8701,26.5,35.1,38.4,1.313,0.0856
25.16,92.69,1556.0,10.52,28.0,326.5,-0.5514,0.8342,28.2,35.9,35.9,1.313,0.1391
25.16,92.695,1618.0,5.33,28.0,322.0,-0.6161,0.7876,29.1,33.8,37.1,1.32,0.0704
25.16,92.7,1630.0,7.37,28.0,162.2,0.3056,-0.9522,28.0,31.4,40.6,1.319,0.0973
25.16,92.705,1494.0,11.81,28.0,175.8,0.073,-0.9973,31.4,34.0,34.6,1.31,0.1562
25.16,92.71,1420.0,4.26,28.0,199.0,-0.3253,-0.9456,26.0,31.4,42.6,1.313,0.0566
25.16,92.715,1423.0,6.81,28.0,104.0,0.9705,-0.2412,29.3,30.8,39.9,1.311,0.0904
25.16,92.72,1391.0,10.68,28.0,102.5,0.9764,-0.2159,27.8,34.8,37.4,1.307,0.1418
25.16,92.725,1382.0,9.1,28.0,102.5,0.9762,-0.2171,28.9,33.2,37.8,1.308,0.1209
25.16,92.73,1356.0,8.05,28.0,128.7,0.7809,-0.6247,28.5,38.1,33.4,1.308,0.1071
25.16,92.735,1293.0,2.33,28.0,129.4,0.7728,-0.6347,27.1,32.4,40.5,1.31,0.031
25.16,92.74,1330.0,1.47,28.0,345.8,-0.2455,0.9694,28.3,34.3,37.4,1.312,0.0196
25.16,92.745,1318.0,5.84,28.0,58.4,0.8516,0.5242,25.8,31.2,43.0,1.308,0.0778
25.16,92.75,1384.0,11.82,28.0,53.0,0.7981,0.6025,28.7,34.4,36.9,1.306,0.1568
25.16,92.755,1445.0,12.08,28.0,64.4,0.9021,0.4314,28.4,35.4,36.3,1.308,0.16
25.16,92.76,1477.0,3.97,28.0,193.5,-0.2328,-0.9725,28.8,31.7,39.5,1.316,0.0526
25.16,92.765,1377.0,12.82,28.0,215.7,-0.5841,-0.8117,29.3,34.8,35.9,1.304,0.1702
25.16,92.77,1291.0,8.25,28.0,186.8,-0.1177,-0.993,28.4,33.9,37.7,1.305,0.11
25.16,92.775,1232.0,7.79,28.0,51.4,0.7812,0.6242,28.2,33.7,38.1,1.303,0.104
25.16,92.78,1377.0,16.07,28.0,24.9,0.4211,0.907,26.9,39.1,34.0,1.302,0.2126
25.16,92.785,1495.0,4.11,28.0,22.0,0.3754,0.9269,27.1,33.7,39.2,1.316,0.0545
25.16,92.79,1444.0,10.16,28.0,133.0,0.7317,-0.6816,29.4,35.4,35.1,1.309,0.1348
25.16,92.795,1372.0,5.85,28.0,92.8,0.9988,-0.0484,29.7,34.4,35.9,1.31,0.0778
25.16,92.8,1439.0,6.59,28.0,117.6,0.8859,-0.4639,27.7,34.7,37.6,1.312,0.0875
25.16,92.805,1318.0,13.64,28.0,159.0,0.3591,-0.9333,28.1,35.5,36.4,1.301,0.1813
25.16,92.81,1211.0,8.63,28.0,152.1,0.4678,-0.8838,26.9,33.8,39.3,1.301,0.1153
25.16,92.815,1183.0,3.58,28.0,82.7,0.9919,0.1271,29.4,33.2,37.4,1.304,0.0479
25.16,92.82,1219.0,1.7,28.0,166.0,0.2421,-0.9703,28.8,34.2,37.0,1.307,0.0227
25.16,92.825,1154.0,5.27,28.0,206.6,-0.4481,-0.894,30.3,35.1,34.6,1.302,0.0705
25.16,92.83,1136.0,4.77,28.0,208.3,-0.4736,-0.8807,26.9,32.9,40.1,1.301,0.0639
25.16,92.835,1080.0,5.9,28.0,204.1,-0.4084,-0.9128,27.5,34.7,37.7,1.298,0.0792
25.16,92.84,1041.0,3.27,28.0,159.8,0.3458,-0.9383,28.3,32.6,39.1,1.299,0.0439
25.16,92.845,1026.0,0.51,28.0,270.0,-1.0,-0.0,28.8,32.2,39.0,1.301,0.0068
25.16,92.85,1041.0,6.66,28.0,83.2,0.9929,0.1191,27.7,33.1,39.2,1.296,0.0895
25.16,92.855,1040.0,9.98,28.0,114.0,0.9137,-0.4063,27.0,34.4,38.7,1.293,0.134
25.16,92.86,969.0,7.02,28.0,89.5,1.0,0.0081,29.1,35.9,35.1,1.293,0.0945
25.16,92.865,1041.0,5.96,28.0,26.6,0.4475,0.8943,28.9,33.7,37.4,1.297,0.0801
25.16,92.87,1063.0,9.89,28.0,89.7,1.0,0.0057,26.9,34.8,38.3,1.294,0.1327
25.16,92.875,1042.0,15.87,28.0,101.7,0.9793,-0.2026,29.6,34.1,36.3,1.288,0.2123
25.16,92.88,1005.0,15.67,28.0,103.9,0.9706,-0.2408,29.4,35.7,34.9,1.287,0.2099
25.16,92.885,974.0,10.48,28.0,115.4,0.9031,-0.4294,28.2,34.4,37.4,1.29,0.141
25.16,92.89,925.0,3.7,28.0,313.7,-0.7225,0.6913,28.1,31.7,40.2,1.294,0.0499
25.16,92.895,1019.0,17.78,28.0,336.0,-0.4062,0.9138,28.7,36.8,34.6,1.286,0.2375
25.16,92.9,1220.0,14.06,28.0,332.7,-0.4591,0.8884,27.0,35.1,37.9,1.297,0.1873
25.16,92.905,1243.0,3.09,28.0,79.4,0.9829,0.1842,28.0,32.9,39.0,1.307,0.0412
25.16,92.91,1230.0,6.31,28.0,116.7,0.8935,-0.449,25.4,33.9,40.7,1.304,0.0843
25.16,92.915,1193.0,10.65,28.0,111.4,0.9313,-0.3643,29.1,33.4,37.5,1.299,0.1423
25.16,92.92,1161.0,12.77,28.0,129.8,0.7687,-0.6396,26.1,34.8,39.1,1.296,0.1706
25.16,92.925,1047.0,13.19,28.0,148.8,0.5173,-0.8558,29.8,35.6,34.6,1.291,0.1767
25.16,92.93,959.0,10.05,28.0,157.7,0.3802,-0.9249,27.6,36.5,35.9,1.29,0.1353
25.16,92.935,882.0,9.87,28.0,213.5,-0.5525,-0.8335,27.7,35.0,37.2,1.287,0.1332
25.16,92.94,813.0,10.66,28.0,210.1,-0.5011,-0.8654,27.2,33.8,38.9,1.284,0.1441
25.16,92.945,718.0,3.95,28.0,102.5,0.9764,-0.2159,27.7,33.7,38.7,1.285,0.0536
25.16,92.95,798.0,8.5,28.0,50.8,0.7755,0.6314,29.7,36.8,33.5,1.285,0.115
25.16,92.955,813.0,4.5,28.0,44.1,0.6955,0.7185,25.0,34.6,40.4,1.289,0.0609
25.16,92.96,855.0,14.59,28.0,16.7,0.2865,0.9581,29.5,36.7,33.8,1.282,0.1965
25.16,92.965,1064.0,6.05,28.0,313.9,-0.7205,0.6935,28.4,34.7,36.9,1.298,0.0812
25.16,92.97,929.0,11.11,28.0,198.1,-0.3109,-0.9504,26.6,37.1,36.3,1.288,0.1496
25.16,92.975,876.0,2.88,28.0,87.7,0.9992,0.0395,26.7,34.4,38.9,1.293,0.0389
25.16,92.98,931.0,2.7,28.0,171.2,0.1522,-0.9884,30.0,33.6,36.4,1.295,0.0364
25.16,92.985,829.0,13.04,28.0,164.7,0.2637,-0.9646,26.9,37.1,36.1,1.282,0.176
25.16,92.99,706.0,16.74,28.0,172.3,0.1344,-0.9909,26.6,34.8,38.5,1.274,0.2261
25.16,92.995,529.0,19.81,28.0,167.5,0.217,-0.9762,29.4,35.0,35.6,1.265,0.2679
25.165,92.5,215.0,12.24,28.0,208.4,-0.4763,-0.8793,28.4,35.5,36.1,1.258,0.1685
25.165,92.505,119.0,4.99,28.0,226.1,-0.7201,-0.6938,26.9,33.4,39.7,1.261,0.069
25.165,92.51,154.0,9.45,28.0,17.3,0.2969,0.9549,28.3,33.7,38.0,1.258,0.1305
25.165,92.515,279.0,16.51,28.0,5.6,0.097,0.9953,26.8,37.6,35.6,1.257,0.2261
25.165,92.52,451.0,6.2,28.0,331.3,-0.4795,0.8775,29.3,30.9,39.8,1.273,0.0848
25.165,92.525,375.0,13.36,28.0,241.8,-0.8813,-0.4726,29.3,34.8,36.0,1.264,0.1828
25.165,92.53,338.0,11.81,28.0,232.2,-0.7904,-0.6126,28.6,34.4,36.9,1.264,0.1619
25.165,92.535,246.0,14.1,28.0,237.2,-0.8405,-0.5418,28.4,33.3,38.3,1.258,0.1937
25.165,92.54,201.0,6.07,28.0,301.5,-0.8526,0.5226,30.1,35.9,34.0,1.263,0.0837
25.165,92.545,302.0,15.57,28.0,21.6,0.3674,0.9301,28.0,34.1,37.9,1.259,0.2132
25.165,92.55,462.0,18.08,28.0,22.8,0.3879,0.9217,26.6,35.9,37.5,1.263,0.2457
25.165,92.555,605.0,20.8,28.0,46.8,0.7284,0.6851,28.5,38.9,32.6,1.267,0.2803
25.165,92.56,724.0,27.16,28.0,67.3,0.9228,0.3853,34.5,40.2,25.3,1.266,0.3606
25.165,92.565,804.0,32.25,28.0,94.7,0.9966,-0.0819,30.8,38.9,30.3,1.265,0.4218
25.165,92.57,672.0,24.32,28.0,71.1,0.9464,0.3231,27.6,39.5,32.9,1.267,0.325
25.165,92.575,951.0,30.42,28.0,40.4,0.6486,0.7611,32.5,40.5,27.0,1.273,0.3977
25.165,92.58,1122.0,33.04,28.0,54.9,0.8177,0.5757,31.9,44.3,23.8,1.277,0.427
25.165,92.585,1328.0,26.89,28.0,61.5,0.8785,0.4778,30.8,39.8,29.4,1.291,0.3503
25.165,92.59,1366.0,4.86,28.0,14.1,0.2431,0.97,29.3,33.1,37.6,1.311,0.0646
25.165,92.595,1411.0,8.95,28.0,336.1,-0.4049,0.9143,30.8,33.1,36.1,1.309,0.1188
25.165,92.6,1511.0,2.99,28.0,31.1,0.5164,0.8564,28.2,31.7,40.1,1.318,0.0396
25.165,92.605,1456.0,3.24,28.0,140.6,0.6351,-0.7724,26.9,31.6,41.5,1.316,0.0429
25.165,92.61,1467.0,3.19,28.0,62.4,0.8863,0.4632,26.1,34.9,39.0,1.316,0.0423
25.165,92.615,1482.0,1.6,28.0,60.2,0.8675,0.4974,28.3,32.5,39.2,1.318,0.0212
25.165,92.62,1481.0,1.03,28.0,296.2,-0.8975,0.441,29.3,33.1,37.6,1.318,0.0136
25.165,92.625,1490.0,6.74,28.0,251.9,-0.9504,-0.311,28.6,36.1,35.4,1.314,0.0893
25.165,92.63,1444.0,10.68,28.0,221.1,-0.6576,-0.7534,28.0,31.3,40.7,1.309,0.1416
25.165,92.635,1347.0,12.26,28.0,189.3,-0.1612,-0.9869,27.3,37.2,35.5,1.304,0.1628
25.165,92.64,1228.0,7.44,28.0,236.3,-0.8319,-0.5549,26.7,34.1,39.2,1.303,0.0994
25.165,92.645,1274.0,10.61,28.0,274.3,-0.9972,0.0742,29.0,35.5,35.5,1.302,0.1414
25.165,92.65,1242.0,4.52,28.0,194.5,-0.2502,-0.9682,29.1,32.0,38.9,1.306,0.0603
25.165,92.655,1197.0,7.46,28.0,197.2,-0.2949,-0.9555,26.1,32.9,41.0,1.302,0.0997
25.165,92.66,1116.0,4.72,28.0,350.6,-0.1632,0.9866,29.9,34.0,36.1,1.301,0.0632
25.165,92.665,1279.0,14.59,28.0,358.2,-0.0311,0.9995,28.7,39.5,31.8,1.299,0.1939
25.165,92.67,1378.0,14.84,28.0,67.3,0.9224,0.3862,29.7,37.5,32.9,1.303,0.1966
25.165,92.675,1382.0,7.32,28.0,66.3,0.9157,0.4019,26.4,35.9,37.8,1.309,0.0973
25.165,92.68,1430.0,6.58,28.0,358.2,-0.0312,0.9995,26.4,33.5,40.2,1.312,0.0873
25.165,92.685,1498.0,6.14,28.0,350.9,-0.1586,0.9873,27.8,32.7,39.4,1.315,0.0813
25.165,92.69,1537.0,6.38,28.0,34.2,0.5628,0.8266,28.6,32.5,38.9,1.316,0.0844
25.165,92.695,1591.0,7.38,28.0,44.5,0.7008,0.7134,30.2,33.2,36.6,1.317,0.0975
25.165,92.7,1630.0,5.66,28.0,94.0,0.9975,-0.0702,28.8,30.4,40.7,1.32,0.0747
25.165,92.705,1584.0,6.74,28.0,181.3,-0.0228,-0.9997,27.7,32.7,39.6,1.318,0.089
25.165,92.71,1511.0,9.67,28.0,190.0,-0.1739,-0.9848,26.8,33.7,39.5,1.312,0.128
25.165,92.715,1415.0,10.38,28.0,214.0,-0.5589,-0.8293,29.5,34.5,36.0,1.308,0.1377
25.165,92.72,1358.0,6.26,28.0,201.1,-0.3604,-0.9328,26.8,33.9,39.3,1.309,0.0833
25.165,92.725,1312.0,1.31,28.0,180.0,0.0,-1.0,30.0,32.9,37.2,1.311,0.0174
25.165,92.73,1335.0,5.37,28.0,287.2,-0.9553,0.2957,27.7,33.4,38.9,1.309,0.0715
25.165,92.735,1340.0,8.83,28.0,270.0,-1.0,-0.0,29.9,33.5,36.6,1.306,0.1175
25.165,92.74,1335.0,5.86,28.0,189.1,-0.1576,-0.9875,28.8,30.6,40.6,1.309,0.078
25.165,92.745,1238.0,3.21,28.0,163.2,0.2887,-0.9574,27.8,32.0,40.2,1.307,0.0428
25.165,92.75,1281.0,8.15,28.0,47.2,0.7337,0.6795,27.4,32.7,39.9,1.304,0.1087
25.165,92.755,1336.0,14.64,28.0,60.9,0.8736,0.4867,27.6,36.6,35.8,1.301,0.1943
25.165,92.76,1409.0,9.0,28.0,52.5,0.7938,0.6081,28.5,35.8,35.7,1.309,0.1195
25.165,92.765,1433.0,3.08,28.0,163.5,0.2836,-0.959,28.1,34.2,37.7,1.315,0.0409
25.165,92.77,1357.0,10.93,28.0,183.7,-0.0651,-0.9979,27.3,36.1,36.7,1.305,0.1453
25.165,92.775,1239.0,2.69,28.0,152.7,0.4591,-0.8884,27.8,32.5,39.7,1.307,0.0359
25.165,92.78,1315.0,13.2,28.0,15.1,0.2604,0.9655,28.1,34.7,37.2,1.302,0.1754
25.165,92.785,1467.0,7.15,28.0,75.3,0.9673,0.2535,25.4,32.8,41.8,1.313,0.0948
25.165,92.79,1347.0,10.65,28.0,135.0,0.7067,-0.7075,28.5,32.6,38.9,1.305,0.1416
25.165,92.795,1333.0,8.41,28.0,102.0,0.9781,-0.2082,26.8,35.7,37.4,1.306,0.112
25.165,92.8,1316.0,10.48,28.0,114.1,0.913,-0.408,26.6,34.5,38.9,1.304,0.1395
25.165,92.805,1257.0,9.21,28.0,140.0,0.6429,-0.7659,26.0,32.6,41.4,1.303,0.1228
25.165,92.81,1191.0,6.4,28.0,149.2,0.5125,-0.8587,25.8,32.5,41.7,1.302,0.0856
25.165,92.815,1160.0,0.5,28.0,322.2,-0.6127,0.7903,26.4,30.8,42.8,1.306,0.0067
25.165,92.82,1198.0,2.79,28.0,67.2,0.9219,0.3873,27.1,32.8,40.0,1.306,0.0373
25.165,92.825,1179.0,3.87,28.0,177.0,0.0531,-0.9986,30.3,34.6,35.0,1.304,0.0518
25.165,92.83,1130.0,4.32,28.0,180.7,-0.0119,-0.9999,27.4,32.6,40.0,1.302,0.0579
25.165,92.835,1103.0,6.72,28.0,186.1,-0.1067,-0.9943,28.2,30.4,41.4,1.299,0.0901
25.165,92.84,1012.0,6.8,28.0,117.3,0.8889,-0.4581,28.5,33.5,38.0,1.295,0.0914
25.165,92.845,1048.0,2.28,28.0,325.6,-0.5652,0.8249,28.2,32.4,39.5,1.3,0.0306
25.165,92.85,1045.0,4.35,28.0,172.5,0.1298,-0.9915,27.9,32.8,39.3,1.298,0.0584
25.165,92.855,972.0,9.01,28.0,137.1,0.6801,-0.7331,26.6,33.5,40.0,1.291,0.1213
25.165,92.86,928.0,5.07,28.0,49.5,0.7601,0.6499,29.7,33.7,36.6,1.293,0.0683
25.165,92.865,1030.0,6.16,28.0,49.2,0.7572,0.6532,30.2,33.7,36.1,1.296,0.0828
25.165,92.87,999.0,9.21,28.0,126.0,0.8088,-0.588,26.0,34.4,39.6,1.292,0.1239
25.165,92.875,934.0,11.82,28.0,120.8,0.8586,-0.5126,26.8,35.8,37.5,1.288,0.159
25.165,92.88,891.0,6.8,28.0,112.0,0.927,-0.375,27.7,33.2,39.2,1.29,0.0918
25.165,92.885,889.0,7.11,28.0,354.6,-0.0937,0.9956,26.8,33.2,40.0,1.29,0.0959
25.165,92.89,1016.0,16.77,28.0,317.9,-0.6708,0.7416,28.6,38.5,32.9,1.287,0.2242
25.165,92.895,1114.0,15.62,28.0,323.1,-0.6009,0.7993,27.1,37.0,35.9,1.292,0.2084
25.165,92.9,1241.0,5.37,28.0,26.1,0.4396,0.8982,30.6,34.7,34.7,1.305,0.0717
25.165,92.905,1199.0,7.93,28.0,126.3,0.8061,-0.5918,29.4,36.0,34.6,1.301,0.106
25.165,92.91,1158.0,12.08,28.0,130.2,0.764,-0.6452,28.3,36.0,35.7,1.296,0.1615
25.165,92.915,1060.0,14.73,28.0,116.0,0.8988,-0.4383,29.2,37.3,33.4,1.29,0.1971
25.165,92.92,1042.0,13.77,28.0,107.0,0.9565,-0.2917,29.3,33.3,37.4,1.29,0.1845
25.165,92.925,988.0,9.78,28.0,156.3,0.4012,-0.916,27.3,34.9,37.8,1.291,0.1316
25.165,92.93,883.0,4.95,28.0,118.1,0.8824,-0.4706,27.0,33.0,39.9,1.291,0.0668
25.165,92.935,947.0,1.17,28.0,104.1,0.9699,-0.2437,28.1,34.8,37.1,1.297,0.0157
25.165,92.94,878.0,10.72,28.0,184.4,-0.0759,-0.9971,29.0,36.3,34.7,1.286,0.1446
25.165,92.945,757.0,6.49,28.0,159.2,0.3555,-0.9347,28.2,32.8,39.0,1.285,0.088
25.165,92.95,771.0,4.78,28.0,25.5,0.4298,0.9029,26.1,33.8,40.1,1.287,0.0647
25.165,92.955,833.0,6.78,28.0,316.6,-0.6872,0.7264,27.0,34.1,38.9,1.288,0.0917
25.165,92.96,858.0,14.68,28.0,328.1,-0.5281,0.8492,27.9,36.6,35.5,1.282,0.1977
25.165,92.965,1057.0,11.64,28.0,29.8,0.4971,0.8677,27.9,33.6,38.5,1.293,0.156
25.165,92.97,1038.0,9.96,28.0,193.3,-0.2303,-0.9731,30.4,35.2,34.4,1.293,0.1338
25.165,92.975,885.0,6.21,28.0,194.8,-0.2557,-0.9668,26.3,33.3,40.3,1.29,0.0839
25.165,92.98,932.0,7.39,28.0,145.8,0.5614,-0.8276,28.6,34.4,37.0,1.291,0.0996
25.165,92.985,777.0,13.92,28.0,183.9,-0.0689,-0.9976,29.8,34.6,35.6,1.279,0.1881
25.165,92.99,683.0,16.54,28.0,167.6,0.2148,-0.9767,30.7,35.5,33.7,1.274,0.2235
25.165,92.995,485.0,21.87,28.0,168.5,0.1992,-0.98,27.5,39.6,32.9,1.261,0.2954
25.17,92.5,316.0,16.08,28.0,182.5,-0.0436,-0.999,28.6,34.7,36.7,1.259,0.22
25.17,92.505,171.0,7.68,28.0,206.1,-0.4395,-0.8982,28.7,32.6,38.7,1.26,0.1061
25.17,92.51,194.0,7.97,28.0,346.3,-0.2373,0.9714,28.2,34.0,37.7,1.261,0.11
25.17,92.515,308.0,13.71,28.0,14.3,0.2467,0.9691,27.9,34.5,37.6,1.261,0.188
25.17,92.52,432.0,14.9,28.0,32.5,0.5369,0.8437,28.5,34.6,36.8,1.265,0.2033
25.17,92.525,534.0,3.58,28.0,278.2,-0.9898,0.1427,25.0,33.1,41.9,1.278,0.0489
25.17,92.53,441.0,14.44,28.0,243.7,-0.8963,-0.4434,28.8,33.6,37.6,1.266,0.197
25.17,92.535,419.0,16.94,28.0,263.8,-0.9942,-0.1076,28.2,35.0,36.8,1.263,0.2307
25.17,92.54,408.0,15.74,28.0,231.7,-0.7843,-0.6204,27.7,39.3,33.0,1.263,0.2148
25.17,92.545,243.0,6.43,28.0,226.5,-0.7258,-0.6879,30.5,34.4,35.1,1.264,0.0886
25.17,92.55,330.0,13.17,28.0,33.3,0.5488,0.8359,27.2,34.4,38.4,1.262,0.1805
25.17,92.555,440.0,16.92,28.0,70.4,0.9418,0.3362,27.5,37.1,35.3,1.264,0.2303
25.17,92.56,433.0,20.4,28.0,90.8,0.9999,-0.0134,30.4,38.3,31.3,1.26,0.2766
25.17,92.565,435.0,23.91,28.0,73.9,0.9606,0.2778,27.0,39.9,33.1,1.257,0.3224
25.17,92.57,557.0,18.94,28.0,55.8,0.8274,0.5616,27.3,36.9,35.8,1.266,0.2564
25.17,92.575,629.0,27.33,28.0,73.2,0.9576,0.2882,31.8,40.8,27.4,1.262,0.3638
25.17,92.58,707.0,32.33,28.0,71.0,0.9452,0.3264,33.0,37.6,29.4,1.261,0.4241
25.17,92.585,837.0,39.29,28.0,58.0,0.8477,0.5305,32.2,40.9,26.9,1.261,0.5022
25.17,92.59,1144.0,32.93,28.0,46.6,0.7267,0.6869,30.4,41.0,28.5,1.278,0.4254
25.17,92.595,1285.0,17.98,28.0,51.6,0.7835,0.6214,27.4,37.3,35.3,1.296,0.2382
25.17,92.6,1347.0,14.27,28.0,61.6,0.8793,0.4763,27.3,34.4,38.3,1.302,0.1893
25.17,92.605,1407.0,7.46,28.0,15.5,0.2676,0.9635,27.9,34.4,37.7,1.31,0.0991
25.17,92.61,1474.0,3.37,28.0,322.4,-0.61,0.7924,28.5,32.0,39.5,1.316,0.0447
25.17,92.615,1454.0,1.97,28.0,209.8,-0.4971,-0.8677,28.5,32.1,39.4,1.317,0.0261
25.17,92.62,1444.0,4.36,28.0,351.9,-0.1414,0.99,25.9,34.7,39.4,1.314,0.0579
25.17,92.625,1530.0,5.44,28.0,325.5,-0.5662,0.8243,29.3,34.8,35.9,1.317,0.072
25.17,92.63,1523.0,8.2,28.0,199.3,-0.3303,-0.9439,28.3,32.7,39.0,1.314,0.1085
25.17,92.635,1393.0,9.56,28.0,213.7,-0.555,-0.8319,29.7,33.0,37.4,1.308,0.127
25.17,92.64,1382.0,12.47,28.0,268.5,-0.9996,-0.027,28.5,34.7,36.8,1.305,0.1655
25.17,92.645,1387.0,7.61,28.0,206.8,-0.4508,-0.8926,29.3,34.0,36.7,1.309,0.1012
25.17,92.65,1262.0,9.36,28.0,180.6,-0.0109,-0.9999,28.6,33.5,37.9,1.303,0.1248
25.17,92.655,1221.0,7.8,28.0,186.8,-0.118,-0.993,29.6,35.6,34.7,1.302,0.1042
25.17,92.66,1125.0,4.33,28.0,265.5,-0.9969,-0.0787,28.6,33.7,37.7,1.301,0.058
25.17,92.665,1215.0,5.73,28.0,67.3,0.9224,0.3862,27.9,34.1,38.0,1.304,0.0766
25.17,92.67,1164.0,12.61,28.0,60.2,0.8675,0.4974,30.7,33.5,35.8,1.296,0.1685
25.17,92.675,1327.0,17.3,28.0,18.7,0.3202,0.9473,29.1,38.4,32.6,1.299,0.2289
25.17,92.68,1461.0,8.71,28.0,357.0,-0.0528,0.9986,28.7,30.1,41.2,1.311,0.1155
25.17,92.685,1481.0,1.48,28.0,343.9,-0.278,0.9606,26.5,33.6,39.9,1.318,0.0196
25.17,92.69,1486.0,2.06,28.0,5.7,0.1,0.995,26.5,34.0,39.6,1.318,0.0273
25.17,92.695,1517.0,3.3,28.0,54.1,0.8104,0.5859,28.4,32.2,39.4,1.318,0.0437
25.17,92.7,1520.0,5.26,28.0,102.5,0.9764,-0.2159,28.2,35.3,36.5,1.316,0.0697
25.17,92.705,1497.0,5.52,28.0,133.5,0.7251,-0.6886,27.3,33.4,39.4,1.315,0.0732
25.17,92.71,1453.0,2.64,28.0,30.5,0.5068,0.8621,28.2,32.8,39.0,1.316,0.035
25.17,92.715,1537.0,1.03,28.0,185.7,-0.1,-0.995,29.9,32.8,37.3,1.321,0.0136
25.17,92.72,1435.0,9.15,28.0,197.2,-0.2955,-0.9554,28.8,39.2,31.9,1.31,0.1214
25.17,92.725,1382.0,10.0,28.0,276.8,-0.993,0.1182,26.6,36.7,36.7,1.307,0.1329
25.17,92.73,1456.0,8.71,28.0,303.0,-0.8387,0.5447,27.9,35.4,36.8,1.311,0.1155
25.17,92.735,1466.0,6.54,28.0,200.6,-0.3527,-0.9358,27.0,32.4,40.6,1.313,0.0867
25.17,92.74,1348.0,9.37,28.0,182.8,-0.049,-0.9988,27.5,34.7,37.8,1.306,0.1247
25.17,92.745,1300.0,5.53,28.0,213.8,-0.5566,-0.8308,27.5,32.3,40.2,1.307,0.0737
25.17,92.75,1267.0,6.57,28.0,159.9,0.343,-0.9393,27.4,35.0,37.6,1.305,0.0877
25.17,92.755,1191.0,8.98,28.0,63.9,0.8981,0.4399,26.5,34.6,38.9,1.3,0.1201
25.17,92.76,1337.0,11.93,28.0,37.4,0.6078,0.7941,27.8,33.5,38.7,1.304,0.1585
25.17,92.765,1360.0,4.08,28.0,116.5,0.895,-0.446,27.3,33.2,39.5,1.311,0.0543
25.17,92.77,1305.0,9.07,28.0,161.0,0.3262,-0.9453,24.5,33.1,42.4,1.305,0.1208
25.17,92.775,1208.0,3.71,28.0,86.5,0.9981,0.0613,30.5,33.2,36.3,1.305,0.0496
25.17,92.78,1309.0,9.43,28.0,24.6,0.4165,0.9091,29.3,33.2,37.5,1.305,0.1255
25.17,92.785,1360.0,8.26,28.0,95.1,0.996,-0.0889,27.5,34.2,38.2,1.308,0.1098
25.17,92.79,1296.0,8.68,28.0,165.7,0.247,-0.969,28.0,35.4,36.5,1.305,0.1156
25.17,92.795,1211.0,6.0,28.0,115.1,0.9052,-0.4249,26.6,33.5,39.9,1.303,0.0802
25.17,92.8,1251.0,9.1,28.0,93.2,0.9984,-0.0558,30.0,33.8,36.1,1.302,0.1215
25.17,92.805,1202.0,9.44,28.0,128.4,0.7835,-0.6213,30.3,34.8,34.9,1.3,0.1262
25.17,92.81,1147.0,0.75,28.0,172.1,0.1378,-0.9905,28.2,33.2,38.6,1.305,0.01
25.17,92.815,1189.0,3.47,28.0,291.1,-0.9329,0.3602,29.2,31.3,39.5,1.305,0.0464
25.17,92.82,1169.0,2.22,28.0,178.7,0.0232,-0.9997,28.2,33.0,38.8,1.305,0.0297
25.17,92.825,1150.0,1.98,28.0,157.0,0.3903,-0.9207,26.4,34.5,39.1,1.304,0.0265
25.17,92.83,1137.0,3.23,28.0,190.1,-0.1749,-0.9846,27.5,33.7,38.8,1.303,0.0432
25.17,92.835,1094.0,12.69,28.0,160.7,0.331,-0.9436,28.2,35.5,36.4,1.293,0.1699
25.17,92.84,923.0,8.62,28.0,106.4,0.9595,-0.2816,27.5,35.3,37.3,1.29,0.1162
25.17,92.845,1051.0,6.47,28.0,20.4,0.3486,0.9373,27.7,34.4,37.9,1.297,0.0869
25.17,92.85,1030.0,7.48,28.0,187.5,-0.1301,-0.9915,27.9,35.1,37.0,1.295,0.1005
25.17,92.855,920.0,7.76,28.0,172.4,0.1318,-0.9913,27.9,31.0,41.1,1.29,0.1047
25.17,92.86,894.0,2.3,28.0,42.1,0.6708,0.7416,28.1,30.3,41.7,1.294,0.031
25.17,92.865,950.0,7.28,28.0,79.7,0.9839,0.1787,26.7,35.4,37.8,1.292,0.0981
25.17,92.87,917.0,7.9,28.0,140.6,0.6344,-0.773,27.1,31.8,41.0,1.29,0.1065
25.17,92.875,842.0,5.64,28.0,110.6,0.9361,-0.3517,26.5,34.1,39.4,1.289,0.0762
25.17,92.88,882.0,8.2,28.0,0.4,0.0062,1.0,29.2,33.7,37.2,1.288,0.1107
25.17,92.885,987.0,15.25,28.0,347.4,-0.2174,0.9761,25.5,34.6,40.0,1.287,0.2044
25.17,92.89,1150.0,14.38,28.0,328.1,-0.5292,0.8485,29.4,36.4,34.3,1.294,0.1919
25.17,92.895,1206.0,2.73,28.0,300.0,-0.8662,0.4997,29.7,33.0,37.3,1.306,0.0365
25.17,92.9,1174.0,6.18,28.0,143.9,0.5895,-0.8078,27.6,36.8,35.5,1.302,0.0827
25.17,92.905,1118.0,7.8,28.0,156.0,0.4066,-0.9136,24.9,33.1,42.0,1.298,0.1046
25.17,92.91,1048.0,11.19,28.0,160.6,0.3314,-0.9435,27.6,37.1,35.3,1.293,0.1501
25.17,92.915,930.0,9.8,28.0,148.3,0.5252,-0.851,27.9,35.1,36.9,1.289,0.132
25.17,92.92,900.0,12.22,28.0,79.4,0.983,0.1834,26.8,34.3,38.9,1.286,0.1646
25.17,92.925,970.0,10.04,28.0,98.4,0.9893,-0.1458,27.4,35.9,36.7,1.29,0.1351
25.17,92.93,874.0,6.61,28.0,160.5,0.3333,-0.9428,29.8,34.6,35.6,1.289,0.0893
25.17,92.935,860.0,10.83,28.0,103.5,0.9723,-0.2337,28.8,34.9,36.3,1.285,0.1462
25.17,92.94,829.0,14.19,28.0,137.3,0.6786,-0.7345,26.9,36.2,36.9,1.281,0.1914
25.17,92.945,673.0,6.6,28.0,127.6,0.7925,-0.6099,26.1,32.9,41.1,1.281,0.0897
25.17,92.95,758.0,12.99,28.0,5.8,0.1013,0.9949,27.6,34.2,38.2,1.279,0.1757
25.17,92.955,904.0,14.42,28.0,345.8,-0.2446,0.9696,27.7,37.0,35.3,1.284,0.1939
25.17,92.96,1009.0,5.04,28.0,301.2,-0.8554,0.5179,28.6,33.0,38.4,1.296,0.0678
25.17,92.965,950.0,6.66,28.0,107.3,0.9546,-0.2979,27.4,33.7,39.0,1.292,0.0898
25.17,92.97,974.0,12.78,28.0,100.9,0.9821,-0.1883,28.6,35.8,35.6,1.288,0.1717
25.17,92.975,907.0,8.25,28.0,148.2,0.5269,-0.8499,30.3,34.6,35.1,1.289,0.1113
25.17,92.98,850.0,9.52,28.0,110.4,0.937,-0.3493,29.0,32.4,38.6,1.286,0.1286
25.17,92.985,848.0,12.33,28.0,167.7,0.2137,-0.9769,27.9,37.2,34.8,1.284,0.1663
25.17,92.99,635.0,22.16,28.0,174.2,0.1014,-0.9948,27.8,38.1,34.1,1.267,0.2977
25.17,92.995,440.0,21.2,28.0,177.2,0.0486,-0.9988,27.6,37.3,35.1,1.26,0.287
25.175,92.5,229.0,5.78,28.0,210.4,-0.5055,-0.8628,29.4,34.2,36.4,1.264,0.0797
25.175,92.505,185.0,3.72,28.0,234.5,-0.8146,-0.5801,27.2,33.3,39.4,1.264,0.0513
25.175,92.51,191.0,7.87,28.0,281.2,-0.981,0.1939,28.1,35.2,36.7,1.261,0.1086
25.175,92.515,212.0,6.67,28.0,31.0,0.5145,0.8575,28.1,34.6,37.4,1.263,0.092
25.175,92.52,292.0,17.13,28.0,41.6,0.6644,0.7474,27.4,37.6,35.0,1.257,0.2343
25.175,92.525,444.0,19.55,28.0,32.1,0.5311,0.8473,26.4,39.2,34.4,1.261,0.2654
25.175,92.53,595.0,7.9,28.0,354.4,-0.0971,0.9953,28.4,35.4,36.2,1.277,0.1076
25.175,92.535,583.0,9.29,28.0,206.1,-0.4392,-0.8984,27.9,34.2,37.8,1.276,0.1265
25.175,92.54,447.0,12.33,28.0,210.4,-0.5053,-0.863,28.6,33.6,37.8,1.268,0.1684
25.175,92.545,393.0,13.8,28.0,238.8,-0.8557,-0.5175,27.4,38.2,34.5,1.264,0.1887
25.175,92.55,319.0,7.17,28.0,212.4,-0.5354,-0.8446,29.5,33.6,37.0,1.267,0.0985
25.175,92.555,286.0,2.82,28.0,100.4,0.9834,-0.1812,26.9,32.0,41.0,1.269,0.0388
25.175,92.56,310.0,2.54,28.0,9.3,0.1623,0.9867,30.1,30.1,39.9,1.27,0.0349
25.175,92.565,330.0,5.04,28.0,301.2,-0.8554,0.5179,25.9,33.9,40.2,1.269,0.0692
25.175,92.57,356.0,4.08,28.0,13.1,0.2265,0.974,28.5,33.3,38.2,1.271,0.056
25.175,92.575,400.0,7.49,28.0,41.0,0.6556,0.7551,28.6,31.7,39.7,1.27,0.1026
25.175,92.58,456.0,12.27,28.0,44.6,0.702,0.7122,27.0,36.0,37.0,1.268,0.1676
25.175,92.585,556.0,25.28,28.0,35.7,0.584,0.8118,32.5,38.0,29.5,1.261,0.3387
25.175,92.59,842.0,37.24,28.0,41.6,0.6643,0.7475,33.5,46.0,20.5,1.263,0.4791
25.175,92.595,1128.0,28.54,28.0,39.9,0.6417,0.767,29.3,38.8,31.9,1.281,0.373
25.175,92.6,1262.0,17.33,28.0,23.1,0.3916,0.9201,28.6,36.0,35.4,1.296,0.2298
25.175,92.605,1417.0,13.72,28.0,4.6,0.081,0.9967,25.0,34.3,40.6,1.305,0.1817
25.175,92.61,1507.0,5.44,28.0,28.8,0.4813,0.8765,26.8,35.4,37.8,1.316,0.072
25.175,92.615,1501.0,1.34,28.0,233.6,-0.805,-0.5933,30.0,31.8,38.2,1.319,0.0177
25.175,92.62,1493.0,5.97,28.0,297.7,-0.885,0.4655,27.3,32.5,40.2,1.315,0.0791
25.175,92.625,1550.0,2.63,28.0,275.0,-0.9963,0.0864,26.6,33.8,39.6,1.32,0.0348
25.175,92.63,1497.0,6.17,28.0,204.6,-0.4155,-0.9096,27.8,31.6,40.7,1.315,0.0817
25.175,92.635,1451.0,8.28,28.0,261.0,-0.9876,-0.157,30.5,35.1,34.4,1.311,0.1098
25.175,92.64,1474.0,9.2,28.0,227.6,-0.738,-0.6748,25.8,37.1,37.1,1.311,0.122
25.175,92.645,1341.0,12.93,28.0,185.8,-0.1017,-0.9948,26.7,36.3,37.0,1.303,0.1717
25.175,92.65,1244.0,7.31,28.0,192.5,-0.2172,-0.9761,29.8,34.9,35.3,1.304,0.0976
25.175,92.655,1215.0,3.48,28.0,224.0,-0.6948,-0.7192,30.2,34.2,35.5,1.306,0.0465
25.175,92.66,1200.0,6.82,28.0,251.1,-0.9461,-0.3238,27.9,36.4,35.7,1.302,0.0912
25.175,92.665,1176.0,2.37,28.0,155.7,0.4121,-0.9112,26.5,34.4,39.0,1.305,0.0317
25.175,92.67,1162.0,5.53,28.0,347.1,-0.2228,0.9749,30.5,34.1,35.4,1.302,0.074
25.175,92.675,1271.0,17.42,28.0,28.7,0.481,0.8767,29.9,38.0,32.1,1.296,0.231
25.175,92.68,1439.0,13.38,28.0,11.1,0.1926,0.9813,28.8,34.2,36.9,1.306,0.1772
25.175,92.685,1506.0,5.35,28.0,3.9,0.0672,0.9977,27.0,34.6,38.4,1.316,0.0709
25.175,92.69,1533.0,3.7,28.0,300.5,-0.8618,0.5072,27.9,31.5,40.6,1.318,0.049
25.175,92.695,1539.0,1.45,28.0,263.2,-0.9931,-0.1176,27.8,31.8,40.4,1.32,0.0192
25.175,92.7,1530.0,2.12,28.0,152.5,0.4619,-0.8869,28.4,27.9,43.7,1.319,0.028
25.175,92.705,1506.0,2.96,28.0,149.8,0.5036,-0.8639,29.7,33.4,36.9,1.318,0.0392
25.175,92.71,1485.0,5.05,28.0,178.3,0.0305,-0.9995,29.1,32.4,38.6,1.315,0.0669
25.175,92.715,1417.0,5.66,28.0,137.9,0.6708,-0.7416,26.7,35.2,38.1,1.312,0.0752
25.175,92.72,1411.0,6.77,28.0,318.8,-0.6582,0.7528,29.7,34.4,36.0,1.311,0.0899
25.175,92.725,1507.0,7.61,28.0,299.9,-0.8672,0.498,28.4,35.7,35.9,1.314,0.1008
25.175,92.73,1478.0,7.42,28.0,158.5,0.3657,-0.9307,28.8,32.4,38.8,1.313,0.0984
25.175,92.735,1385.0,9.78,28.0,140.5,0.6357,-0.772,29.8,36.2,34.1,1.307,0.13
25.175,92.74,1344.0,5.05,28.0,167.7,0.2133,-0.977,26.7,36.5,36.8,1.31,0.0672
25.175,92.745,1298.0,6.07,28.0,182.9,-0.0507,-0.9987,28.0,34.8,37.3,1.307,0.0809
25.175,92.75,1237.0,6.8,28.0,178.7,0.0226,-0.9997,27.4,35.0,37.6,1.304,0.0908
25.175,92.755,1178.0,1.71,28.0,344.3,-0.2703,0.9628,26.1,32.7,41.2,1.306,0.0228
25.175,92.76,1266.0,11.11,28.0,21.5,0.366,0.9306,28.4,34.2,37.4,1.301,0.1481
25.175,92.765,1362.0,2.28,28.0,34.4,0.5652,0.8249,31.0,33.7,35.2,1.313,0.0303
25.175,92.77,1299.0,10.97,28.0,178.1,0.0325,-0.9995,25.8,32.7,41.5,1.303,0.146
25.175,92.775,1167.0,3.47,28.0,180.0,0.0,-1.0,28.0,32.3,39.7,1.304,0.0464
25.175,92.78,1238.0,10.19,28.0,39.8,0.64,0.7684,28.8,32.1,39.2,1.301,0.136
25.175,92.785,1306.0,7.66,28.0,60.3,0.8688,0.4951,28.1,33.0,38.9,1.306,0.1021
25.175,92.79,1305.0,5.27,28.0,148.3,0.5259,-0.8506,27.9,34.4,37.8,1.308,0.0702
25.175,92.795,1227.0,9.44,28.0,184.3,-0.0756,-0.9971,26.4,35.3,38.3,1.301,0.1261
25.175,92.8,1138.0,8.46,28.0,140.2,0.6403,-0.7681,28.3,34.3,37.4,1.298,0.1133
25.175,92.805,1112.0,2.91,28.0,5.1,0.0883,0.9961,27.1,33.0,39.9,1.302,0.039
25.175,92.81,1189.0,7.55,28.0,326.3,-0.5556,0.8315,25.4,31.2,43.4,1.301,0.101
25.175,92.815,1223.0,2.11,28.0,282.5,-0.9764,0.2159,29.4,32.0,38.6,1.307,0.0282
25.175,92.82,1197.0,4.19,28.0,216.9,-0.6006,-0.7995,29.2,32.1,38.8,1.304,0.056
25.175,92.825,1164.0,3.2,28.0,185.5,-0.0965,-0.9953,28.1,31.9,40.1,1.304,0.0428
25.175,92.83,1141.0,8.16,28.0,183.6,-0.0627,-0.998,28.3,35.1,36.6,1.299,0.1093
25.175,92.835,1020.0,16.32,28.0,170.8,0.1596,-0.9872,29.3,35.1,35.6,1.287,0.2183
25.175,92.84,850.0,5.01,28.0,100.4,0.9834,-0.1812,28.3,32.4,39.3,1.29,0.0677
25.175,92.845,1004.0,14.5,28.0,34.7,0.5697,0.8219,29.1,32.7,38.2,1.288,0.1944
25.175,92.85,1064.0,3.03,28.0,167.3,0.2206,-0.9754,27.6,32.4,40.0,1.3,0.0407
25.175,92.855,952.0,9.41,28.0,185.6,-0.0976,-0.9952,29.6,32.9,37.5,1.29,0.1267
25.175,92.86,898.0,4.27,28.0,145.6,0.5655,-0.8248,28.4,33.3,38.4,1.292,0.0576
25.175,92.865,890.0,2.99,28.0,86.7,0.9984,0.0571,28.2,31.4,40.4,1.293,0.0403
25.175,92.87,901.0,3.37,28.0,173.9,0.1067,-0.9943,26.5,33.1,40.5,1.293,0.0455
25.175,92.875,831.0,3.85,28.0,99.3,0.9868,-0.1622,28.3,32.8,38.8,1.29,0.0521
25.175,92.88,890.0,7.02,28.0,359.2,-0.0146,0.9999,27.0,36.4,36.6,1.29,0.0947
25.175,92.885,955.0,15.58,28.0,9.3,0.1611,0.9869,27.2,36.9,35.9,1.285,0.209
25.175,92.89,1167.0,11.75,28.0,11.7,0.203,0.9792,27.0,32.4,40.6,1.297,0.157
25.175,92.895,1160.0,5.75,28.0,88.3,0.9996,0.0296,26.7,31.6,41.6,1.302,0.0769
25.175,92.9,1170.0,2.84,28.0,117.4,0.8876,-0.4606,30.5,32.8,36.6,1.304,0.038
25.175,92.905,1137.0,4.84,28.0,183.7,-0.0637,-0.998,29.6,31.9,38.5,1.301,0.0649
25.175,92.91,1085.0,10.18,28.0,190.1,-0.1751,-0.9846,30.3,30.3,39.4,1.295,0.1365
25.175,92.915,959.0,16.14,28.0,196.0,-0.2763,-0.9611,26.5,38.3,35.1,1.285,0.2163
25.175,92.92,805.0,9.36,28.0,179.7,0.0054,-1.0,28.1,35.6,36.3,1.284,0.1267
25.175,92.925,793.0,7.87,28.0,75.4,0.9679,0.2514,26.4,34.9,38.7,1.285,0.1066
25.175,92.93,840.0,9.13,28.0,109.1,0.9448,-0.3276,27.2,33.5,39.3,1.286,0.1234
25.175,92.935,740.0,10.04,28.0,149.2,0.5126,-0.8586,26.9,35.3,37.8,1.281,0.1361
25.175,92.94,687.0,10.07,28.0,118.4,0.8799,-0.4752,29.5,33.6,36.9,1.279,0.1367
25.175,92.945,655.0,6.44,28.0,300.7,-0.8599,0.5105,27.5,34.0,38.5,1.281,0.0876
25.175,92.95,745.0,13.84,28.0,359.4,-0.0109,0.9999,29.3,34.3,36.4,1.278,0.1872
25.175,92.955,903.0,11.83,28.0,20.9,0.3561,0.9345,28.7,37.4,33.8,1.286,0.1594
25.175,92.96,942.0,7.07,28.0,76.1,0.9707,0.2403,30.8,31.5,37.7,1.292,0.0953
25.175,92.965,933.0,8.72,28.0,169.9,0.1757,-0.9844,26.2,36.2,37.6,1.29,0.1175
25.175,92.97,790.0,9.71,28.0,140.6,0.6354,-0.7722,29.5,34.6,35.8,1.284,0.1314
25.175,92.975,800.0,11.08,28.0,99.6,0.9859,-0.1673,29.4,34.2,36.4,1.283,0.1498
25.175,92.98,757.0,9.6,28.0,116.1,0.8978,-0.4405,26.8,34.8,38.4,1.282,0.1301
25.175,92.985,725.0,12.75,28.0,121.8,0.8499,-0.5269,29.2,36.5,34.3,1.278,0.1727
25.175,92.99,637.0,14.96,28.0,166.0,0.2421,-0.9703,28.4,38.0,33.6,1.273,0.2028
25.175,92.995,464.0,19.0,28.0,176.4,0.0626,-0.998,27.7,37.5,34.7,1.263,0.2578
25.18,92.5,373.0,19.38,28.0,216.1,-0.5899,-0.8075,27.0,35.8,37.2,1.259,0.2636
25.18,92.505,230.0,8.63,28.0,259.4,-0.9831,-0.1833,27.1,34.4,38.5,1.262,0.1189
25.18,92.51,345.0,10.4,28.0,273.4,-0.9982,0.0595,30.5,37.5,32.0,1.265,0.1427
25.18,92.515,241.0,11.96,28.0,228.6,-0.7504,-0.6609,28.0,37.2,34.8,1.26,0.1645
25.18,92.52,204.0,4.75,28.0,353.2,-0.119,0.9929,28.9,34.6,36.4,1.264,0.0655
25.18,92.525,324.0,16.59,28.0,32.9,0.5427,0.84,27.1,37.6,35.3,1.259,0.2268
25.18,92.53,456.0,18.06,28.0,57.8,0.846,0.5332,27.1,37.9,35.1,1.263,0.2455
25.18,92.535,499.0,10.59,28.0,66.5,0.9173,0.3982,29.3,36.6,34.1,1.271,0.1446
25.18,92.54,531.0,5.78,28.0,257.5,-0.9764,-0.2159,26.4,32.9,40.8,1.276,0.0789
25.18,92.545,477.0,10.68,28.0,228.4,-0.748,-0.6637,27.5,32.8,39.7,1.27,0.1459
25.18,92.55,405.0,11.95,28.0,244.7,-0.9042,-0.4271,28.0,35.3,36.7,1.266,0.1636
25.18,92.555,386.0,13.77,28.0,274.6,-0.9967,0.081,28.1,34.4,37.4,1.264,0.1883
25.18,92.56,425.0,17.73,28.0,294.4,-0.9106,0.4133,27.8,35.1,37.1,1.262,0.2413
25.18,92.565,519.0,19.26,28.0,288.9,-0.946,0.324,28.5,36.1,35.5,1.265,0.2608
25.18,92.57,539.0,23.34,28.0,271.8,-0.9995,0.0322,28.8,42.0,29.2,1.262,0.3139
25.18,92.575,533.0,17.27,28.0,269.6,-1.0,-0.0064,28.9,36.8,34.3,1.267,0.2343
25.18,92.58,537.0,12.27,28.0,269.2,-0.9999,-0.0137,26.8,35.8,37.4,1.271,0.1672
25.18,92.585,530.0,6.33,28.0,293.8,-0.9152,0.403,27.7,31.9,40.5,1.276,0.0864
25.18,92.59,582.0,21.37,28.0,21.5,0.3673,0.9301,29.4,34.9,35.6,1.265,0.2881
25.18,92.595,896.5,37.03,28.0,34.1,0.5608,0.828,33.1,40.6,26.3,1.265,0.4761
25.18,92.6,1211.0,35.32,28.0,46.8,0.7289,0.6846,30.4,43.6,26.1,1.279,0.452
25.18,92.605,1385.0,26.11,28.0,64.6,0.903,0.4296,32.4,39.5,28.1,1.294,0.3401
25.18,92.61,1423.0,17.89,28.0,73.9,0.9609,0.2769,25.6,37.7,36.7,1.302,0.2359
25.18,92.615,1475.0,8.73,28.0,36.6,0.5969,0.8023,28.1,35.4,36.5,1.312,0.1157
25.18,92.62,1547.0,6.02,28.0,356.6,-0.0596,0.9982,30.3,32.7,37.0,1.317,0.0796
25.18,92.625,1581.0,2.75,28.0,302.6,-0.8427,0.5383,26.9,34.8,38.3,1.321,0.0363
25.18,92.63,1573.0,5.96,28.0,254.5,-0.9639,-0.2664,27.0,32.6,40.4,1.318,0.0788
25.18,92.635,1553.0,8.2,28.0,246.4,-0.9166,-0.3998,28.9,36.3,34.8,1.315,0.1085
25.18,92.64,1515.0,8.83,28.0,206.4,-0.4454,-0.8953,26.1,35.0,38.8,1.313,0.1169
25.18,92.645,1413.0,15.21,28.0,215.8,-0.5849,-0.8111,27.2,33.4,39.4,1.304,0.2012
25.18,92.65,1293.0,12.48,28.0,229.4,-0.7592,-0.6509,28.7,34.2,37.1,1.301,0.1661
25.18,92.655,1268.0,8.8,28.0,254.4,-0.963,-0.2694,27.2,31.7,41.1,1.303,0.1174
25.18,92.66,1251.0,6.63,28.0,232.0,-0.7883,-0.6152,27.7,35.5,36.8,1.305,0.0885
25.18,92.665,1196.0,5.0,28.0,224.3,-0.6986,-0.7156,28.9,33.3,37.8,1.304,0.0668
25.18,92.67,1188.0,8.78,28.0,256.2,-0.9713,-0.2379,28.5,31.0,40.5,1.3,0.1174
25.18,92.675,1159.0,12.54,28.0,352.3,-0.1332,0.9911,28.3,35.9,35.8,1.296,0.1675
25.18,92.68,1410.0,17.7,28.0,11.4,0.1971,0.9804,27.6,35.9,36.5,1.302,0.2335
25.18,92.685,1474.0,8.03,28.0,13.6,0.2357,0.9718,28.4,31.9,39.6,1.312,0.1065
25.18,92.69,1548.0,4.04,28.0,2.2,0.0382,0.9993,27.9,35.6,36.6,1.319,0.0534
25.18,92.695,1545.0,2.9,28.0,157.1,0.3899,-0.9209,28.5,32.9,38.5,1.319,0.0384
25.18,92.7,1501.0,5.56,28.0,141.8,0.6185,-0.7858,27.4,33.0,39.6,1.315,0.0737
25.18,92.705,1468.0,3.68,28.0,142.0,0.6152,-0.7884,27.8,32.4,39.8,1.316,0.0488
25.18,92.71,1450.0,3.2,28.0,95.1,0.996,-0.0888,26.8,30.6,42.6,1.315,0.0424
25.18,92.715,1463.0,4.23,28.0,14.8,0.2551,0.9669,28.0,31.2,40.9,1.315,0.0561
25.18,92.72,1522.0,2.76,28.0,351.4,-0.1491,0.9888,27.0,34.7,38.3,1.319,0.0365
25.18,92.725,1511.0,8.57,28.0,141.7,0.6201,-0.7845,26.7,33.6,39.8,1.313,0.1135
25.18,92.73,1403.0,10.61,28.0,152.3,0.4651,-0.8853,28.3,34.9,36.8,1.307,0.1409
25.18,92.735,1344.0,4.58,28.0,160.4,0.3362,-0.9418,28.3,30.2,41.6,1.31,0.061
25.18,92.74,1327.0,2.46,28.0,151.3,0.4802,-0.8772,28.9,30.7,40.4,1.311,0.0327
25.18,92.745,1306.0,3.64,28.0,190.6,-0.1835,-0.983,27.5,33.9,38.6,1.309,0.0485
25.18,92.75,1264.0,6.47,28.0,201.9,-0.3722,-0.9281,28.5,34.3,37.2,1.305,0.0863
25.18,92.755,1200.0,2.55,28.0,261.0,-0.9878,-0.156,28.7,35.3,36.0,1.306,0.0341
25.18,92.76,1257.0,8.03,28.0,18.2,0.3119,0.9501,28.5,36.2,35.3,1.304,0.1071
25.18,92.765,1335.0,5.31,28.0,64.0,0.8989,0.4381,27.0,33.1,39.9,1.309,0.0707
25.18,92.77,1298.0,7.19,28.0,180.4,-0.0071,-1.0,28.2,34.6,37.2,1.306,0.0958
25.18,92.775,1208.0,7.18,28.0,202.7,-0.3852,-0.9228,28.4,33.4,38.1,1.302,0.096
25.18,92.78,1181.0,6.08,28.0,78.2,0.9787,0.2052,28.0,36.7,35.3,1.302,0.0813
25.18,92.785,1230.0,11.4,28.0,72.5,0.9538,0.3006,25.5,36.8,37.7,1.3,0.152
25.18,92.79,1242.0,9.84,28.0,91.6,0.9996,-0.0286,28.2,34.9,36.9,1.301,0.1314
25.18,92.795,1225.0,7.75,28.0,135.1,0.7063,-0.7079,30.7,34.4,35.0,1.303,0.1035
25.18,92.8,1145.0,3.16,28.0,120.3,0.8635,-0.5044,27.6,35.0,37.4,1.303,0.0423
25.18,92.805,1197.0,7.14,28.0,311.8,-0.7459,0.6661,27.1,34.8,38.1,1.302,0.0955
25.18,92.81,1229.0,1.91,28.0,342.7,-0.2969,0.9549,28.4,34.8,36.7,1.308,0.0255
25.18,92.815,1229.0,0.84,28.0,137.9,0.6708,-0.7416,28.4,28.9,42.7,1.308,0.0112
25.18,92.82,1218.0,4.39,28.0,199.1,-0.3278,-0.9448,29.4,33.9,36.7,1.305,0.0587
25.18,92.825,1156.0,4.98,28.0,216.0,-0.5876,-0.8092,26.5,32.6,41.0,1.302,0.0667
25.18,92.83,1147.0,6.48,28.0,184.5,-0.0791,-0.9969,28.9,36.4,34.8,1.3,0.0868
25.18,92.835,1042.0,17.63,28.0,179.5,0.0085,-1.0,28.7,39.0,32.3,1.287,0.2353
25.18,92.84,827.0,8.83,28.0,172.4,0.133,-0.9911,27.8,34.4,37.8,1.286,0.1194
25.18,92.845,887.0,15.28,28.0,46.3,0.7232,0.6906,28.4,38.4,33.2,1.283,0.2054
25.18,92.85,1017.0,9.19,28.0,71.8,0.9497,0.3132,29.2,37.1,33.6,1.293,0.1235
25.18,92.855,938.0,9.59,28.0,181.2,-0.0213,-0.9998,29.0,34.7,36.3,1.29,0.1291
25.18,92.86,847.0,3.42,28.0,139.8,0.6456,-0.7636,26.6,36.6,36.8,1.291,0.0462
25.18,92.865,892.0,3.6,28.0,354.3,-0.1,0.995,29.0,32.9,38.1,1.293,0.0486
25.18,92.87,910.0,7.04,28.0,184.2,-0.0727,-0.9974,27.9,33.6,38.5,1.291,0.0949
25.18,92.875,768.0,3.79,28.0,112.9,0.9211,-0.3894,28.1,34.3,37.6,1.288,0.0513
25.18,92.88,884.0,9.53,28.0,358.5,-0.0268,0.9996,28.1,34.0,37.9,1.287,0.1286
25.18,92.885,937.0,12.32,28.0,5.2,0.0905,0.9959,27.8,35.4,36.8,1.287,0.1658
25.18,92.89,1103.0,10.41,28.0,31.9,0.5283,0.8491,29.4,36.9,33.7,1.295,0.1395
25.18,92.895,1094.0,9.86,28.0,82.8,0.9921,0.1257,27.9,34.7,37.4,1.296,0.1321
25.18,92.9,1125.0,6.82,28.0,75.6,0.9685,0.249,26.7,31.3,42.1,1.299,0.0914
25.18,92.905,1124.0,3.02,28.0,142.2,0.6127,-0.7903,27.5,33.4,39.1,1.302,0.0405
25.18,92.91,1083.0,5.97,28.0,175.6,0.0773,-0.997,28.2,32.5,39.2,1.298,0.0801
25.18,92.915,1019.0,10.82,28.0,196.9,-0.2915,-0.9566,29.5,36.2,34.3,1.292,0.1453
25.18,92.92,899.0,14.13,28.0,218.6,-0.6244,-0.7811,28.7,36.8,34.5,1.284,0.1901
25.18,92.925,821.0,13.12,28.0,214.2,-0.5627,-0.8267,27.0,37.7,35.3,1.282,0.1771
25.18,92.93,705.0,5.52,28.0,129.6,0.771,-0.6368,31.0,34.8,34.2,1.284,0.0749
25.18,92.935,759.0,4.38,28.0,130.4,0.7618,-0.6479,28.3,34.8,36.9,1.287,0.0593
25.18,92.94,655.0,3.14,28.0,293.5,-0.9172,0.3984,29.5,31.8,38.6,1.284,0.0427
25.18,92.945,781.0,10.84,28.0,303.4,-0.8352,0.5499,27.8,36.1,36.1,1.282,0.1467
25.18,92.95,761.0,5.47,28.0,294.5,-0.9099,0.4148,28.6,36.4,34.9,1.286,0.0741
25.18,92.955,821.0,6.96,28.0,22.0,0.3751,0.927,29.0,32.8,38.2,1.287,0.0942
25.18,92.96,875.0,6.23,28.0,25.8,0.4358,0.9,29.5,36.4,34.2,1.29,0.0841
25.18,92.965,920.0,1.32,28.0,161.8,0.3124,-0.9499,29.3,31.5,39.2,1.296,0.0178
25.18,92.97,853.0,14.36,28.0,207.8,-0.4666,-0.8844,29.0,34.6,36.4,1.282,0.1935
25.18,92.975,692.0,10.37,28.0,159.0,0.3584,-0.9336,27.6,35.2,37.2,1.279,0.1407
25.18,92.98,681.0,8.62,28.0,112.3,0.9249,-0.3802,27.3,35.4,37.3,1.28,0.1171
25.18,92.985,634.0,8.49,28.0,141.7,0.6197,-0.7849,28.4,35.6,36.0,1.278,0.1155
25.18,92.99,563.0,14.76,28.0,145.3,0.5695,-0.822,29.1,34.5,36.4,1.27,0.2006
25.18,92.995,416.0,16.33,28.0,184.9,-0.0858,-0.9963,27.7,37.0,35.3,1.263,0.2226
25.185,92.5,460.0,14.95,28.0,215.8,-0.5853,-0.8108,29.3,35.0,35.8,1.266,0.2038
25.185,92.505,351.0,11.37,28.0,251.3,-0.9471,-0.321,29.7,32.8,37.5,1.265,0.1558
25.185,92.51,395.0,5.42,28.0,293.4,-0.9176,0.3974,26.9,32.1,41.0,1.271,0.0743
25.185,92.515,389.0,12.42,28.0,245.5,-0.9098,-0.415,27.0,34.2,38.8,1.265,0.17
25.185,92.52,303.0,13.43,28.0,238.7,-0.8542,-0.52,27.8,36.4,35.8,1.261,0.1842
25.185,92.525,264.0,3.75,28.0,256.9,-0.9738,-0.2275,28.4,34.7,36.9,1.267,0.0516
25.185,92.53,288.0,14.09,28.0,59.6,0.8623,0.5064,27.4,33.5,39.1,1.26,0.1932
25.185,92.535,392.0,16.51,28.0,25.7,0.4333,0.9012,29.6,36.9,33.4,1.262,0.2252
25.185,92.54,557.0,9.08,28.0,11.0,0.191,0.9816,28.5,32.7,38.8,1.275,0.1238
25.185,92.545,550.0,6.76,28.0,257.9,-0.9778,-0.2095,28.0,34.7,37.2,1.276,0.0922
25.185,92.55,532.0,11.88,28.0,272.2,-0.9993,0.0378,26.3,34.2,39.5,1.271,0.162
25.185,92.555,558.0,15.93,28.0,290.8,-0.9349,0.355,26.4,34.7,38.9,1.269,0.2163
25.185,92.56,634.0,17.42,28.0,296.3,-0.8964,0.4433,28.3,37.8,33.8,1.271,0.2355
25.185,92.565,698.0,20.15,28.0,303.1,-0.8373,0.5468,25.4,36.5,38.1,1.271,0.271
25.185,92.57,836.0,23.54,28.0,276.3,-0.994,0.1094,29.2,37.8,33.0,1.274,0.3135
25.185,92.575,746.0,30.21,28.0,256.4,-0.9719,-0.2354,31.8,36.7,31.5,1.265,0.3978
25.185,92.58,698.0,27.85,28.0,261.7,-0.9895,-0.1447,35.9,40.8,23.3,1.265,0.3693
25.185,92.585,669.0,22.33,28.0,267.8,-0.9993,-0.0387,30.8,39.2,30.0,1.268,0.2996
25.185,92.59,682.0,14.04,28.0,267.3,-0.9989,-0.0477,27.8,35.8,36.5,1.276,0.1901
25.185,92.595,657.0,6.44,28.0,272.5,-0.999,0.044,27.9,31.4,40.7,1.281,0.0876
25.185,92.6,687.0,15.28,28.0,346.3,-0.2367,0.9716,29.2,37.9,32.9,1.275,0.2067
25.185,92.605,924.3333333333334,25.34,28.0,354.4,-0.0967,0.9953,34.0,37.8,28.2,1.276,0.3354
25.185,92.61,1161.6666666666667,25.31,28.0,355.4,-0.0798,0.9968,30.0,38.1,31.9,1.285,0.3327
25.185,92.615,1399.0,18.64,28.0,355.0,-0.0879,0.9961,25.9,40.4,33.7,1.3,0.2459
25.185,92.62,1500.0,11.08,28.0,6.3,0.1101,0.9939,27.3,33.9,38.8,1.311,0.1466
25.185,92.625,1595.0,6.34,28.0,13.1,0.2263,0.9741,28.7,34.8,36.5,1.319,0.0837
25.185,92.63,1609.0,2.17,28.0,274.5,-0.9969,0.0787,28.6,33.4,38.0,1.323,0.0286
25.185,92.635,1598.0,3.36,28.0,191.5,-0.1987,-0.9801,29.3,33.5,37.2,1.321,0.0444
25.185,92.64,1551.0,7.11,28.0,129.6,0.7708,-0.6371,26.6,34.3,39.1,1.316,0.0941
25.185,92.645,1518.0,7.13,28.0,162.4,0.3018,-0.9534,25.2,34.5,40.3,1.315,0.0944
25.185,92.65,1431.0,8.63,28.0,206.3,-0.4437,-0.8962,29.0,34.7,36.3,1.31,0.1145
25.185,92.655,1381.0,7.91,28.0,202.8,-0.3878,-0.9218,27.0,34.0,39.0,1.309,0.1051
25.185,92.66,1302.0,11.67,28.0,228.8,-0.7524,-0.6587,25.6,37.4,37.0,1.302,0.1554
25.185,92.665,1244.0,12.06,28.0,277.2,-0.9921,0.1255,28.2,33.2,38.6,1.3,0.1607
25.185,92.67,1329.0,13.22,28.0,284.7,-0.9673,0.2536,29.0,37.1,34.0,1.302,0.1756
25.185,92.675,1304.0,17.07,28.0,277.4,-0.9916,0.1294,27.9,37.8,34.4,1.298,0.2261
25.185,92.68,1369.0,9.96,28.0,339.0,-0.3582,0.9336,27.5,35.7,36.8,1.306,0.1324
25.185,92.685,1469.0,9.13,28.0,354.2,-0.1006,0.9949,27.8,36.1,36.1,1.311,0.121
25.185,92.69,1530.0,4.27,28.0,50.3,0.7698,0.6383,27.6,33.0,39.4,1.318,0.0565
25.185,92.695,1517.0,3.83,28.0,173.1,0.1206,-0.9927,26.4,30.2,43.4,1.317,0.0507
25.185,92.7,1463.0,3.53,28.0,152.2,0.4657,-0.8849,27.1,32.8,40.0,1.316,0.0468
25.185,92.705,1462.0,3.59,28.0,129.3,0.7737,-0.6336,28.6,31.5,39.9,1.315,0.0476
25.185,92.71,1423.0,7.72,28.0,118.9,0.8752,-0.4838,28.4,33.0,38.7,1.31,0.1025
25.185,92.715,1396.0,7.73,28.0,91.7,0.9996,-0.0293,28.2,32.2,39.6,1.309,0.1028
25.185,92.72,1419.0,7.63,28.0,87.0,0.9987,0.0519,26.8,33.3,39.9,1.31,0.1014
25.185,92.725,1403.0,9.53,28.0,103.0,0.9744,-0.2249,27.8,33.6,38.6,1.308,0.1266
25.185,92.73,1381.0,3.02,28.0,154.8,0.4262,-0.9046,25.4,29.2,45.4,1.313,0.0401
25.185,92.735,1355.0,4.12,28.0,145.8,0.5614,-0.8276,28.2,34.1,37.6,1.311,0.0548
25.185,92.74,1321.0,2.51,28.0,175.3,0.0819,-0.9966,29.7,36.0,34.3,1.311,0.0334
25.185,92.745,1311.0,2.58,28.0,215.3,-0.5783,-0.8158,26.2,33.6,40.2,1.31,0.0344
25.185,92.75,1284.0,5.09,28.0,200.6,-0.3527,-0.9358,27.3,33.1,39.7,1.307,0.0679
25.185,92.755,1227.0,4.62,28.0,214.5,-0.5671,-0.8237,28.4,33.1,38.5,1.305,0.0617
25.185,92.76,1217.0,7.16,28.0,70.6,0.9433,0.3319,29.5,33.3,37.2,1.303,0.0957
25.185,92.765,1269.0,5.92,28.0,37.3,0.6065,0.7951,27.5,33.7,38.8,1.306,0.079
25.185,92.77,1300.0,2.75,28.0,173.5,0.1123,-0.9937,27.2,32.7,40.2,1.31,0.0366
25.185,92.775,1221.0,10.38,28.0,195.1,-0.26,-0.9656,25.6,33.5,40.9,1.3,0.1386
25.185,92.78,1122.0,7.8,28.0,200.7,-0.3541,-0.9352,28.1,36.6,35.3,1.298,0.1046
25.185,92.785,1092.0,0.58,28.0,169.7,0.178,-0.984,30.5,29.9,39.6,1.303,0.0078
25.185,92.79,1112.0,3.65,28.0,64.2,0.9002,0.4354,28.3,34.1,37.6,1.301,0.0489
25.185,92.795,1120.0,7.67,28.0,101.5,0.98,-0.199,28.0,33.9,38.1,1.298,0.1028
25.185,92.8,1085.0,6.54,28.0,33.8,0.556,0.8312,28.4,36.6,35.0,1.298,0.0877
25.185,92.805,1216.0,6.8,28.0,16.6,0.2864,0.9581,28.0,34.3,37.7,1.303,0.0909
25.185,92.81,1200.0,2.58,28.0,95.1,0.9961,-0.0881,27.0,32.1,40.8,1.306,0.0345
25.185,92.815,1212.0,2.18,28.0,49.2,0.7568,0.6537,29.0,32.2,38.8,1.307,0.0291
25.185,92.82,1225.0,0.76,28.0,312.1,-0.7416,0.6708,28.3,32.3,39.5,1.308,0.0101
25.185,92.825,1221.0,6.9,28.0,232.6,-0.7944,-0.6074,28.0,32.1,39.9,1.303,0.0922
25.185,92.83,1151.0,11.47,28.0,182.8,-0.0487,-0.9988,26.8,33.9,39.3,1.296,0.1534
25.185,92.835,1017.0,18.03,28.0,171.4,0.1491,-0.9888,29.6,34.1,36.3,1.286,0.2407
25.185,92.84,827.0,13.61,28.0,197.0,-0.2932,-0.9561,28.8,34.2,37.0,1.282,0.1836
25.185,92.845,784.0,5.15,28.0,43.4,0.6871,0.7266,27.3,33.5,39.1,1.287,0.0697
25.185,92.85,893.0,14.42,28.0,48.4,0.7475,0.6643,29.2,36.3,34.5,1.284,0.1939
25.185,92.855,956.0,2.98,28.0,136.4,0.6895,-0.7242,27.4,29.8,42.8,1.296,0.0401
25.185,92.86,855.0,3.78,28.0,207.5,-0.4622,-0.8868,27.1,32.8,40.1,1.291,0.0511
25.185,92.865,897.0,9.0,28.0,69.4,0.9363,0.3513,27.1,35.2,37.7,1.288,0.1215
25.185,92.87,911.0,10.97,28.0,133.3,0.7273,-0.6863,25.9,34.7,39.4,1.287,0.1479
25.185,92.875,763.0,4.11,28.0,257.2,-0.9752,-0.2212,28.6,32.1,39.3,1.287,0.0557
25.185,92.88,895.0,10.05,28.0,342.3,-0.3041,0.9526,25.8,34.1,40.1,1.287,0.1356
25.185,92.885,933.0,9.38,28.0,350.3,-0.1685,0.9857,26.5,33.7,39.8,1.29,0.1263
25.185,92.89,1059.0,9.64,28.0,78.2,0.9788,0.2047,25.5,33.6,40.9,1.294,0.1294
25.185,92.895,968.0,11.32,28.0,95.1,0.996,-0.0893,27.9,35.3,36.8,1.289,0.1523
25.185,92.9,1041.0,15.99,28.0,62.5,0.8874,0.4611,27.8,39.7,32.5,1.288,0.2139
25.185,92.905,1101.0,13.67,28.0,81.8,0.9897,0.1429,27.6,34.5,37.9,1.293,0.1828
25.185,92.91,1076.0,14.13,28.0,108.4,0.9489,-0.3155,26.7,35.3,38.0,1.291,0.1891
25.185,92.915,1021.0,6.84,28.0,142.7,0.6067,-0.795,26.6,33.7,39.7,1.295,0.092
25.185,92.92,980.0,5.55,28.0,213.1,-0.5454,-0.8381,28.6,32.4,39.0,1.295,0.0747
25.185,92.925,939.0,13.59,28.0,203.7,-0.4012,-0.916,27.3,37.3,35.4,1.286,0.1827
25.185,92.93,757.0,15.39,28.0,197.7,-0.3036,-0.9528,28.4,32.5,39.1,1.277,0.2078
25.185,92.935,675.0,3.78,28.0,102.1,0.9777,-0.2102,26.9,32.2,40.9,1.284,0.0513
25.185,92.94,743.0,10.15,28.0,331.2,-0.4816,0.8764,28.2,35.9,35.8,1.281,0.1376
25.185,92.945,833.0,7.19,28.0,321.2,-0.6266,0.7794,29.6,33.5,37.0,1.287,0.0972
25.185,92.95,842.0,5.69,28.0,280.9,-0.9819,0.1892,28.7,32.3,39.0,1.289,0.0769
25.185,92.955,852.0,3.31,28.0,323.8,-0.5903,0.8072,27.5,33.5,39.0,1.291,0.0447
25.185,92.96,889.0,4.15,28.0,356.5,-0.0618,0.9981,28.3,34.5,37.2,1.292,0.056
25.185,92.965,925.0,2.71,28.0,44.5,0.7015,0.7127,27.7,33.0,39.3,1.295,0.0365
25.185,92.97,923.0,11.16,28.0,184.7,-0.0819,-0.9966,28.0,33.8,38.2,1.288,0.1503
25.185,92.975,727.0,17.79,28.0,184.8,-0.084,-0.9965,27.6,37.4,35.0,1.274,0.2398
25.185,92.98,601.0,7.1,28.0,146.8,0.5477,-0.8367,27.8,33.3,38.9,1.278,0.0967
25.185,92.985,622.0,11.31,28.0,130.6,0.7593,-0.6507,28.3,36.1,35.6,1.275,0.1538
25.185,92.99,470.0,9.84,28.0,138.1,0.6679,-0.7442,26.8,36.8,36.3,1.271,0.1345
25.185,92.995,492.0,2.97,28.0,32.5,0.5374,0.8433,26.8,28.9,44.3,1.277,0.0406
25.19,92.5,547.0,14.11,28.0,213.9,-0.5577,-0.83,26.3,35.9,37.7,1.27,0.192
25.19,92.505,442.0,10.68,28.0,236.4,-0.8333,-0.5528,26.1,32.2,41.7,1.269,0.146
25.19,92.51,442.0,2.72,28.0,297.4,-0.8881,0.4596,26.5,36.4,37.1,1.275,0.0372
25.19,92.515,464.0,6.64,28.0,264.6,-0.9956,-0.0939,28.2,33.1,38.7,1.273,0.0908
25.19,92.52,431.0,11.21,28.0,249.8,-0.9383,-0.3458,26.9,36.1,37.0,1.268,0.1533
25.19,92.525,395.0,15.85,28.0,220.9,-0.655,-0.7556,28.6,36.2,35.2,1.263,0.2162
25.19,92.53,215.0,5.03,28.0,243.9,-0.898,-0.44,28.0,32.1,39.8,1.264,0.0694
25.19,92.535,356.0,16.09,28.0,13.9,0.2398,0.9708,25.6,34.9,39.5,1.261,0.2198
25.19,92.54,497.0,15.89,28.0,29.3,0.4891,0.8722,28.8,38.6,32.6,1.267,0.2161
25.19,92.545,606.0,9.69,28.0,34.3,0.5632,0.8263,29.0,36.0,35.0,1.276,0.1319
25.19,92.55,639.0,6.81,28.0,50.2,0.7677,0.6408,26.8,36.7,36.5,1.28,0.0926
25.19,92.555,683.0,5.91,28.0,18.2,0.3124,0.9499,28.5,33.7,37.8,1.282,0.0803
25.19,92.56,738.0,11.33,28.0,28.1,0.4707,0.8823,27.0,35.5,37.6,1.28,0.1535
25.19,92.565,861.0,16.03,28.0,11.9,0.2064,0.9785,28.1,35.9,36.0,1.281,0.2156
25.19,92.57,1021.0,18.48,28.0,26.2,0.4409,0.8976,26.5,36.5,37.0,1.285,0.2467
25.19,92.575,1163.0,6.61,28.0,327.1,-0.5427,0.84,25.8,32.2,42.0,1.301,0.0885
25.19,92.58,1119.0,15.74,28.0,231.7,-0.7843,-0.6204,27.5,36.3,36.1,1.292,0.21
25.19,92.585,987.0,30.3,28.0,243.9,-0.8979,-0.4403,31.9,38.9,29.3,1.274,0.396
25.19,92.59,860.0,30.09,28.0,273.4,-0.9982,0.06,31.5,40.7,27.8,1.269,0.3951
25.19,92.595,1022.0,38.21,28.0,302.3,-0.8457,0.5337,30.6,42.4,27.0,1.269,0.4874
25.19,92.6,1283.0,40.36,28.0,298.9,-0.8752,0.4838,31.5,43.2,25.3,1.278,0.5067
25.19,92.605,1436.0,28.94,28.0,289.1,-0.945,0.3269,32.3,42.2,25.4,1.293,0.3742
25.19,92.61,1465.0,17.2,28.0,283.4,-0.973,0.231,27.9,36.5,35.5,1.304,0.2268
25.19,92.615,1508.0,8.66,28.0,292.2,-0.9258,0.3781,28.2,35.4,36.3,1.313,0.1147
25.19,92.62,1523.0,3.7,28.0,313.7,-0.7225,0.6913,27.2,36.1,36.7,1.318,0.049
25.19,92.625,1553.0,5.24,28.0,354.9,-0.0881,0.9961,29.4,35.4,35.2,1.318,0.0693
25.19,92.63,1615.0,2.77,28.0,74.5,0.9639,0.2664,26.6,34.5,38.9,1.322,0.0366
25.19,92.635,1566.0,13.84,28.0,146.6,0.5507,-0.8347,28.6,35.2,36.2,1.311,0.1825
25.19,92.64,1408.0,12.98,28.0,147.2,0.5419,-0.8405,29.4,35.8,34.8,1.306,0.172
25.19,92.645,1371.0,9.45,28.0,103.8,0.9711,-0.2386,28.6,32.5,38.9,1.307,0.1256
25.19,92.65,1368.0,11.53,28.0,102.1,0.9778,-0.2094,27.8,35.8,36.4,1.305,0.1532
25.19,92.655,1328.0,7.46,28.0,64.9,0.9054,0.4247,27.4,34.4,38.2,1.307,0.0993
25.19,92.66,1424.0,6.87,28.0,329.0,-0.5145,0.8575,29.2,33.9,36.9,1.311,0.0912
25.19,92.665,1432.0,9.58,28.0,275.7,-0.995,0.1,26.3,36.1,37.6,1.309,0.1271
25.19,92.67,1441.0,4.66,28.0,323.5,-0.5949,0.8038,26.8,31.4,41.7,1.314,0.0618
25.19,92.675,1498.0,10.56,28.0,282.0,-0.9782,0.2078,27.5,37.3,35.2,1.311,0.1398
25.19,92.68,1480.0,8.03,28.0,267.6,-0.9991,-0.0422,29.5,35.5,35.0,1.313,0.1064
25.19,92.685,1492.0,3.04,28.0,274.3,-0.9972,0.0747,28.5,32.7,38.8,1.317,0.0403
25.19,92.69,1484.0,2.5,28.0,2.4,0.0411,0.9992,26.8,32.4,40.7,1.317,0.0331
25.19,92.695,1536.0,1.85,28.0,117.4,0.8878,-0.4601,27.6,33.2,39.2,1.32,0.0245
25.19,92.7,1469.0,7.03,28.0,190.5,-0.1822,-0.9833,27.3,36.2,36.6,1.313,0.0932
25.19,92.705,1414.0,8.53,28.0,178.6,0.024,-0.9997,27.1,34.4,38.4,1.309,0.1133
25.19,92.71,1318.0,6.05,28.0,162.8,0.2964,-0.9551,29.2,33.8,37.0,1.308,0.0806
25.19,92.715,1312.0,7.67,28.0,66.1,0.914,0.4057,26.4,34.1,39.6,1.306,0.1022
25.19,92.72,1373.0,9.68,28.0,84.3,0.9951,0.099,29.9,37.3,32.8,1.307,0.1286
25.19,92.725,1329.0,6.11,28.0,87.3,0.9989,0.0464,29.0,33.1,37.9,1.308,0.0814
25.19,92.73,1378.0,4.26,28.0,113.6,0.9165,-0.4,29.3,33.1,37.6,1.312,0.0566
25.19,92.735,1299.0,4.96,28.0,129.0,0.7768,-0.6298,27.4,35.5,37.0,1.308,0.0661
25.19,92.74,1323.0,2.79,28.0,42.9,0.6809,0.7324,27.8,33.0,39.2,1.311,0.0371
25.19,92.745,1335.0,1.98,28.0,226.5,-0.7258,-0.6879,26.3,34.2,39.5,1.312,0.0263
25.19,92.75,1299.0,4.98,28.0,196.8,-0.2887,-0.9574,27.4,32.0,40.7,1.308,0.0664
25.19,92.755,1251.0,10.16,28.0,195.4,-0.2656,-0.9641,28.6,34.4,37.0,1.302,0.1355
25.19,92.76,1125.0,4.89,28.0,80.6,0.9867,0.1625,29.6,35.5,34.9,1.301,0.0655
25.19,92.765,1265.0,10.09,28.0,21.3,0.3633,0.9317,26.7,33.7,39.7,1.302,0.1346
25.19,92.77,1292.0,1.61,28.0,98.1,0.99,-0.1412,27.6,32.2,40.2,1.31,0.0214
25.19,92.775,1261.0,3.26,28.0,186.3,-0.1104,-0.9939,27.8,33.3,38.9,1.308,0.0435
25.19,92.78,1235.0,5.9,28.0,251.5,-0.9483,-0.3174,26.3,32.1,41.6,1.304,0.0788
25.19,92.785,1228.0,8.73,28.0,248.4,-0.9296,-0.3685,28.7,33.7,37.6,1.302,0.1166
25.19,92.79,1178.0,9.5,28.0,207.1,-0.4561,-0.8899,27.1,34.7,38.2,1.299,0.1271
25.19,92.795,1078.0,5.92,28.0,175.5,0.078,-0.997,27.8,33.6,38.6,1.298,0.0795
25.19,92.8,1074.0,4.77,28.0,15.6,0.2689,0.9632,27.5,35.2,37.3,1.299,0.064
25.19,92.805,1159.0,8.49,28.0,45.7,0.7158,0.6983,27.1,36.6,36.4,1.299,0.1137
25.19,92.81,1179.0,4.69,28.0,62.6,0.8877,0.4604,28.0,32.0,40.0,1.303,0.0628
25.19,92.815,1197.0,4.12,28.0,46.4,0.7239,0.6899,27.7,33.3,39.0,1.304,0.0551
25.19,92.82,1229.0,3.75,28.0,0.0,0.0,1.0,27.6,34.0,38.4,1.306,0.0501
25.19,92.825,1263.0,4.32,28.0,200.9,-0.357,-0.9341,27.1,35.4,37.4,1.307,0.0576
25.19,92.83,1158.0,15.53,28.0,190.6,-0.1843,-0.9829,28.4,37.2,34.4,1.293,0.2071
25.19,92.835,988.0,15.26,28.0,203.5,-0.3983,-0.9172,30.0,36.5,33.5,1.287,0.2045
25.19,92.84,906.0,11.35,28.0,212.8,-0.5413,-0.8408,28.2,36.0,35.8,1.287,0.1529
25.19,92.845,818.0,7.13,28.0,215.1,-0.5748,-0.8183,29.2,34.9,35.9,1.287,0.0964
25.19,92.85,803.0,7.07,28.0,50.2,0.7678,0.6407,26.3,32.5,41.2,1.286,0.0957
25.19,92.855,898.0,12.17,28.0,68.9,0.9332,0.3593,28.2,35.5,36.3,1.286,0.1639
25.19,92.86,881.0,10.34,28.0,158.6,0.3645,-0.9312,26.7,36.9,36.4,1.287,0.1395
25.19,92.865,727.0,12.94,28.0,123.6,0.8329,-0.5534,26.2,35.1,38.6,1.278,0.1752
25.19,92.87,753.0,9.47,28.0,44.9,0.7056,0.7086,27.1,34.7,38.2,1.282,0.1283
25.19,92.875,846.0,13.33,28.0,323.2,-0.5991,0.8007,29.4,35.2,35.4,1.283,0.1797
25.19,92.88,944.0,7.73,28.0,333.2,-0.4502,0.8929,29.1,30.6,40.3,1.291,0.1042
25.19,92.885,968.0,1.62,28.0,204.3,-0.4121,-0.9112,28.3,32.5,39.2,1.297,0.0218
25.19,92.89,918.0,10.5,28.0,120.9,0.8576,-0.5143,26.2,35.3,38.6,1.288,0.1415
25.19,92.895,872.0,8.6,28.0,119.9,0.8667,-0.4988,27.8,33.5,38.7,1.288,0.1161
25.19,92.9,842.0,16.53,28.0,93.1,0.9986,-0.0535,28.4,34.7,37.0,1.28,0.2223
25.19,92.905,856.0,17.64,28.0,94.5,0.9969,-0.0781,28.2,35.4,36.4,1.28,0.2367
25.19,92.91,817.0,19.43,28.0,76.6,0.973,0.2309,25.8,38.3,35.9,1.276,0.2607
25.19,92.915,938.0,13.7,28.0,54.9,0.8184,0.5747,26.9,38.6,34.5,1.286,0.1842
25.19,92.92,958.0,2.37,28.0,102.5,0.9764,-0.2159,27.9,34.7,37.4,1.296,0.0319
25.19,92.925,929.0,9.13,28.0,188.7,-0.1509,-0.9886,28.6,32.4,38.9,1.29,0.123
25.19,92.93,798.0,13.75,28.0,190.8,-0.1872,-0.9823,25.4,36.9,37.7,1.28,0.1857
25.19,92.935,687.0,2.83,28.0,199.1,-0.3273,-0.9449,27.8,31.8,40.4,1.285,0.0384
25.19,92.94,751.0,10.46,28.0,11.8,0.2043,0.9789,28.2,33.9,37.9,1.281,0.1417
25.19,92.945,869.0,6.74,28.0,1.7,0.0304,0.9995,29.0,33.1,37.9,1.289,0.0911
25.19,92.95,870.0,1.99,28.0,253.4,-0.9581,-0.2863,28.8,33.6,37.6,1.293,0.0269
25.19,92.955,859.0,1.04,28.0,303.0,-0.8383,0.5452,28.7,33.7,37.6,1.293,0.014
25.19,92.96,880.0,2.26,28.0,52.8,0.7969,0.6041,27.0,32.5,40.5,1.293,0.0305
25.19,92.965,883.0,1.82,28.0,106.3,0.9597,-0.2809,25.7,32.4,41.9,1.294,0.0245
25.19,92.97,871.0,9.88,28.0,156.6,0.397,-0.9178,27.5,35.3,37.1,1.287,0.1333
25.19,92.975,722.0,14.8,28.0,180.2,-0.0034,-1.0,29.2,36.8,34.0,1.277,0.2
25.19,92.98,605.0,14.32,28.0,179.0,0.0176,-0.9998,29.7,37.6,32.7,1.272,0.1944
25.19,92.985,465.0,9.81,28.0,190.8,-0.1871,-0.9823,28.9,32.7,38.5,1.27,0.1342
25.19,92.99,434.0,9.68,28.0,242.2,-0.8849,-0.4659,28.5,34.6,36.9,1.269,0.1325
25.19,92.995,385.0,9.16,28.0,127.2,0.797,-0.6039,28.5,32.8,38.7,1.268,0.1255
25.195,92.5,616.0,10.8,28.0,200.4,-0.3485,-0.9373,27.3,34.8,37.9,1.276,0.1469
25.195,92.505,526.0,10.54,28.0,201.8,-0.3716,-0.9284,27.8,34.5,37.7,1.272,0.1438
25.195,92.51,442.0,0.85,28.0,122.3,0.8454,-0.5341,30.0,32.2,37.8,1.277,0.0116
25.195,92.515,518.0,5.94,28.0,310.5,-0.7603,0.6496,26.9,32.4,40.7,1.276,0.0811
25.195,92.52,510.0,8.31,28.0,251.4,-0.9475,-0.3197,29.9,32.0,38.1,1.273,0.1135
25.195,92.525,471.0,10.01,28.0,221.0,-0.6567,-0.7542,27.6,31.5,40.9,1.27,0.1369
25.195,92.53,376.0,15.03,28.0,234.7,-0.8166,-0.5772,29.6,35.8,34.6,1.263,0.2053
25.195,92.535,315.0,3.37,28.0,64.0,0.899,0.438,26.3,32.3,41.4,1.27,0.0463
25.195,92.54,402.0,12.57,28.0,55.3,0.8216,0.57,28.7,34.3,37.0,1.266,0.1719
25.195,92.545,443.0,15.78,28.0,84.4,0.9951,0.0984,27.1,38.2,34.7,1.265,0.215
25.195,92.55,430.0,17.28,28.0,75.4,0.9677,0.2523,26.3,35.3,38.4,1.263,0.2352
25.195,92.555,522.0,18.06,28.0,72.4,0.9534,0.3016,28.3,38.9,32.8,1.266,0.2449
25.195,92.56,529.0,17.8,28.0,70.1,0.9403,0.3403,29.2,39.2,31.6,1.266,0.2415
25.195,92.565,632.0,19.87,28.0,66.9,0.9196,0.3929,27.0,34.4,38.6,1.269,0.2678
25.195,92.57,672.0,22.82,28.0,64.3,0.9008,0.4342,26.2,38.2,35.6,1.268,0.3059
25.195,92.575,816.0,24.62,28.0,53.9,0.8077,0.5896,27.9,38.0,34.1,1.272,0.3275
25.195,92.58,944.0,26.72,28.0,30.4,0.5067,0.8621,31.9,34.8,33.3,1.275,0.3527
25.195,92.585,1253.0,21.21,28.0,12.2,0.2106,0.9776,28.7,35.5,35.9,1.292,0.28
25.195,92.59,1326.0,17.53,28.0,297.1,-0.89,0.4559,29.1,37.8,33.0,1.298,0.2321
25.195,92.595,1398.0,21.64,28.0,298.2,-0.8809,0.4732,27.9,40.8,31.3,1.298,0.2841
25.195,92.6,1515.0,14.41,28.0,294.7,-0.9087,0.4173,30.2,37.2,32.6,1.309,0.1901
25.195,92.605,1506.0,5.53,28.0,259.4,-0.9828,-0.1845,28.3,34.0,37.8,1.316,0.0732
25.195,92.61,1497.0,7.19,28.0,293.2,-0.9192,0.3939,27.6,33.9,38.5,1.314,0.0953
25.195,92.615,1556.0,4.8,28.0,310.6,-0.7595,0.6505,26.1,35.8,38.1,1.318,0.0635
25.195,92.62,1552.0,3.45,28.0,322.3,-0.6114,0.7913,27.7,36.1,36.2,1.319,0.0456
25.195,92.625,1604.0,0.63,28.0,296.7,-0.8935,0.449,27.6,31.3,41.1,1.324,0.0083
25.195,92.63,1557.0,9.19,28.0,164.5,0.2665,-0.9638,29.2,31.5,39.4,1.315,0.1215
25.195,92.635,1447.0,8.81,28.0,158.2,0.3708,-0.9287,28.6,31.2,40.2,1.311,0.1168
25.195,92.64,1412.0,6.54,28.0,199.2,-0.3291,-0.9443,26.6,35.7,37.7,1.311,0.0869
25.195,92.645,1338.0,11.55,28.0,189.4,-0.1627,-0.9867,28.2,35.0,36.8,1.304,0.1535
25.195,92.65,1209.0,7.08,28.0,135.4,0.702,-0.7122,28.8,34.2,37.0,1.302,0.0947
25.195,92.655,1249.0,11.63,28.0,38.6,0.6239,0.7815,29.8,32.4,37.8,1.3,0.1551
25.195,92.66,1371.0,11.99,28.0,31.6,0.5246,0.8513,29.1,34.1,36.9,1.305,0.1592
25.195,92.665,1431.0,3.86,28.0,79.8,0.9843,0.1765,28.9,32.6,38.5,1.314,0.0512
25.195,92.67,1383.0,9.22,28.0,62.3,0.8853,0.4649,28.1,34.8,37.2,1.308,0.1225
25.195,92.675,1507.0,14.36,28.0,56.3,0.8319,0.555,28.5,35.2,36.3,1.308,0.1896
25.195,92.68,1526.0,1.21,28.0,9.8,0.1698,0.9855,29.5,30.8,39.7,1.32,0.016
25.195,92.685,1528.0,9.94,28.0,89.4,0.9999,0.0113,26.4,33.5,40.1,1.313,0.1315
25.195,92.69,1528.0,4.14,28.0,126.2,0.8071,-0.5904,27.6,34.9,37.5,1.318,0.0548
25.195,92.695,1485.0,6.65,28.0,109.9,0.9401,-0.3408,27.1,34.1,38.8,1.314,0.0881
25.195,92.7,1488.0,1.79,28.0,148.9,0.5164,-0.8564,28.5,33.4,38.1,1.318,0.0237
25.195,92.705,1458.0,6.68,28.0,212.0,-0.5294,-0.8483,29.5,32.4,38.1,1.313,0.0886
25.195,92.71,1388.0,12.78,28.0,209.4,-0.491,-0.8712,27.3,31.0,41.7,1.305,0.1695
25.195,92.715,1259.0,8.93,28.0,182.3,-0.04,-0.9992,25.1,33.6,41.3,1.303,0.1191
25.195,92.72,1230.0,4.88,28.0,73.1,0.9568,0.2906,27.5,32.0,40.5,1.305,0.0652
25.195,92.725,1284.0,6.93,28.0,52.2,0.7904,0.6126,29.1,34.4,36.5,1.306,0.0924
25.195,92.73,1305.0,10.24,28.0,91.3,0.9998,-0.022,28.6,39.7,31.7,1.304,0.1363
25.195,92.735,1280.0,7.31,28.0,99.4,0.9867,-0.1625,28.5,35.0,36.5,1.305,0.0975
25.195,92.74,1284.0,6.86,28.0,60.9,0.8734,0.487,27.7,37.9,34.4,1.306,0.0915
25.195,92.745,1339.0,2.48,28.0,50.1,0.767,0.6417,26.5,33.5,40.0,1.311,0.033
25.195,92.75,1312.0,3.88,28.0,149.8,0.5034,-0.8641,28.6,32.1,39.3,1.309,0.0517
25.195,92.755,1280.0,11.67,28.0,155.3,0.4175,-0.9087,27.0,35.6,37.4,1.301,0.1555
25.195,92.76,1123.0,4.72,28.0,177.5,0.0435,-0.9991,30.6,35.9,33.4,1.301,0.0632
25.195,92.765,1197.0,11.16,28.0,42.7,0.6783,0.7348,28.7,37.7,33.6,1.299,0.149
25.195,92.77,1269.0,5.96,28.0,72.8,0.9555,0.295,27.3,32.7,40.0,1.306,0.0795
25.195,92.775,1228.0,11.04,28.0,101.2,0.9811,-0.1935,27.3,35.3,37.4,1.3,0.1473
25.195,92.78,1231.0,5.44,28.0,76.1,0.9708,0.2397,27.9,31.3,40.8,1.305,0.0726
25.195,92.785,1251.0,2.0,28.0,194.9,-0.2571,-0.9664,27.7,33.8,38.5,1.308,0.0267
25.195,92.79,1197.0,8.11,28.0,192.7,-0.2206,-0.9754,29.3,36.5,34.2,1.301,0.1084
25.195,92.795,1111.0,8.87,28.0,209.3,-0.4894,-0.8721,28.2,34.4,37.4,1.297,0.1189
25.195,92.8,1060.0,1.65,28.0,241.1,-0.8752,-0.4838,27.1,31.4,41.4,1.301,0.0221
25.195,92.805,1097.0,3.76,28.0,26.8,0.4514,0.8923,30.3,33.5,36.2,1.301,0.0504
25.195,92.81,1119.0,3.41,28.0,18.4,0.3161,0.9487,28.1,33.5,38.4,1.302,0.0457
25.195,92.815,1154.0,6.57,28.0,23.9,0.4056,0.9141,28.9,33.9,37.2,1.301,0.0879
25.195,92.82,1225.0,5.52,28.0,355.7,-0.0744,0.9972,27.3,33.7,39.0,1.304,0.0738
25.195,92.825,1251.0,1.82,28.0,122.1,0.8474,-0.5309,28.4,32.2,39.3,1.309,0.0243
25.195,92.83,1208.0,6.47,28.0,188.2,-0.1426,-0.9898,28.4,35.2,36.4,1.303,0.0865
25.195,92.835,1138.0,16.85,28.0,211.5,-0.5222,-0.8528,25.7,37.6,36.7,1.291,0.2245
25.195,92.84,948.0,17.22,28.0,208.6,-0.4783,-0.8782,30.4,35.1,34.5,1.284,0.2306
25.195,92.845,864.0,11.14,28.0,215.7,-0.5838,-0.8119,29.5,33.5,37.0,1.285,0.1504
25.195,92.85,787.0,8.13,28.0,203.3,-0.3963,-0.9181,27.5,33.8,38.7,1.285,0.1101
25.195,92.855,732.0,5.76,28.0,93.4,0.9983,-0.0591,26.7,34.6,38.7,1.284,0.0782
25.195,92.86,781.0,10.58,28.0,104.8,0.9669,-0.2553,28.4,35.0,36.5,1.282,0.1432
25.195,92.865,684.0,4.11,28.0,269.2,-0.9999,-0.0138,28.1,32.1,39.8,1.284,0.0558
25.195,92.87,780.0,15.6,28.0,327.5,-0.5375,0.8433,28.4,36.6,35.0,1.278,0.2104
25.195,92.875,921.0,11.83,28.0,330.2,-0.4974,0.8675,28.2,34.7,37.1,1.287,0.1593
25.195,92.88,963.0,3.4,28.0,294.7,-0.9083,0.4184,28.6,34.2,37.2,1.296,0.0458
25.195,92.885,946.0,4.65,28.0,171.7,0.1437,-0.9896,29.7,33.7,36.5,1.294,0.0626
25.195,92.89,882.0,7.2,28.0,167.3,0.2206,-0.9754,28.7,33.4,37.9,1.289,0.0972
25.195,92.895,822.0,9.81,28.0,169.2,0.1871,-0.9823,26.7,35.0,38.3,1.285,0.1326
25.195,92.9,711.0,7.94,28.0,121.8,0.85,-0.5268,29.6,36.1,34.3,1.282,0.1078
25.195,92.905,748.0,9.53,28.0,95.8,0.9949,-0.1005,30.0,33.7,36.3,1.282,0.1291
25.195,92.91,694.0,5.93,28.0,60.8,0.8731,0.4875,31.8,34.2,34.0,1.283,0.0805
25.195,92.915,799.0,14.31,28.0,20.2,0.3452,0.9385,26.7,35.7,37.6,1.28,0.1931
25.195,92.92,935.0,9.56,28.0,10.1,0.1759,0.9844,28.3,35.2,36.5,1.289,0.1288
25.195,92.925,966.0,7.35,28.0,192.1,-0.2089,-0.9779,25.5,33.0,41.5,1.293,0.0989
25.195,92.93,808.0,15.18,28.0,181.9,-0.0331,-0.9995,28.7,36.2,35.1,1.28,0.2046
25.195,92.935,693.0,6.66,28.0,204.5,-0.4152,-0.9097,27.3,35.4,37.2,1.282,0.0905
25.195,92.94,701.0,8.75,28.0,28.6,0.4788,0.8779,30.3,32.9,36.8,1.281,0.1188
25.195,92.945,829.0,11.22,28.0,26.9,0.453,0.8915,27.1,33.0,39.9,1.284,0.1515
25.195,92.95,879.0,2.46,28.0,22.1,0.377,0.9262,26.0,30.7,43.3,1.293,0.0332
25.195,92.955,869.0,1.79,28.0,217.2,-0.605,-0.7963,27.4,30.7,41.8,1.293,0.0242
25.195,92.96,854.0,1.83,28.0,46.9,0.7303,0.6832,25.6,33.4,41.0,1.293,0.0247
25.195,92.965,891.0,2.06,28.0,257.2,-0.9752,-0.2212,28.9,30.4,40.7,1.294,0.0278
25.195,92.97,846.0,9.34,28.0,169.9,0.1748,-0.9846,25.5,34.0,40.4,1.286,0.1262
25.195,92.975,728.0,14.31,28.0,193.2,-0.2289,-0.9734,28.0,36.7,35.2,1.277,0.1936
25.195,92.98,596.0,6.85,28.0,234.6,-0.8154,-0.5789,25.5,34.5,40.0,1.278,0.0933
25.195,92.985,658.0,11.52,28.0,281.8,-0.9788,0.2047,27.6,34.5,37.9,1.277,0.1564
25.195,92.99,638.0,18.92,28.0,206.5,-0.4455,-0.8953,30.0,37.3,32.7,1.27,0.2553
25.195,92.995,349.0,29.87,28.0,178.0,0.0344,-0.9994,32.4,40.1,27.4,1.249,0.3987
25.2,92.5,621.0,11.46,28.0,178.2,0.031,-0.9995,27.0,34.7,38.3,1.275,0.1558
25.2,92.505,519.0,10.9,28.0,185.4,-0.0933,-0.9956,28.0,34.6,37.4,1.272,0.1487
25.2,92.51,428.0,2.53,28.0,42.1,0.6708,0.7416,28.0,36.0,36.0,1.275,0.0346
25.2,92.515,552.0,9.37,28.0,340.9,-0.3267,0.9451,28.6,35.7,35.7,1.274,0.1278
25.2,92.52,585.0,6.85,28.0,256.6,-0.9728,-0.2317,26.4,37.5,36.1,1.278,0.0933
25.2,92.525,524.0,9.35,28.0,220.5,-0.6495,-0.7604,28.7,33.7,37.5,1.273,0.1276
25.2,92.53,459.0,13.68,28.0,202.1,-0.3765,-0.9264,24.8,35.5,39.7,1.267,0.1867
25.2,92.535,297.0,10.2,28.0,203.6,-0.3996,-0.9167,27.2,32.7,40.0,1.263,0.1402
25.2,92.54,293.0,2.33,28.0,264.4,-0.9952,-0.0978,27.4,31.4,41.2,1.27,0.032
25.2,92.545,293.0,2.05,28.0,287.7,-0.9524,0.3048,28.8,35.4,35.8,1.27,0.0282
25.2,92.55,304.0,4.94,28.0,300.4,-0.8627,0.5057,28.0,32.5,39.4,1.268,0.0679
25.2,92.555,337.0,5.65,28.0,10.5,0.1815,0.9834,26.3,36.4,37.3,1.269,0.0776
25.2,92.56,402.0,9.07,28.0,16.7,0.2869,0.9579,26.8,32.6,40.6,1.269,0.1242
25.2,92.565,491.0,14.88,28.0,42.6,0.6764,0.7366,28.2,34.4,37.4,1.267,0.2027
25.2,92.57,599.0,17.46,28.0,34.8,0.5711,0.8209,27.9,36.1,36.0,1.269,0.2364
25.2,92.575,751.0,14.87,28.0,28.0,0.4702,0.8826,27.3,35.9,36.8,1.278,0.2008
25.2,92.58,835.0,17.41,28.0,62.7,0.8883,0.4594,27.4,38.0,34.5,1.279,0.2339
25.2,92.585,896.0,27.44,28.0,49.7,0.7629,0.6465,32.8,40.0,27.2,1.273,0.362
25.2,92.59,1173.0,29.77,28.0,26.6,0.4476,0.8942,31.4,39.3,29.3,1.282,0.3873
25.2,92.595,1411.0,20.68,28.0,13.2,0.2285,0.9736,27.9,37.3,34.8,1.299,0.2719
25.2,92.6,1543.0,7.48,28.0,352.1,-0.1368,0.9906,30.6,33.5,35.9,1.315,0.099
25.2,92.605,1542.0,4.12,28.0,314.7,-0.7109,0.7033,26.3,31.7,42.0,1.318,0.0545
25.2,92.61,1594.0,5.03,28.0,294.7,-0.9086,0.4176,25.8,32.0,42.2,1.32,0.0664
25.2,92.615,1579.0,3.13,28.0,237.0,-0.8383,-0.5452,28.9,34.4,36.7,1.321,0.0413
25.2,92.62,1564.0,2.13,28.0,113.6,0.9165,-0.4,27.2,29.8,43.0,1.321,0.0281
25.2,92.625,1564.0,1.3,28.0,82.4,0.9913,0.1315,27.6,34.8,37.6,1.321,0.0172
25.2,92.63,1567.0,3.83,28.0,202.9,-0.3896,-0.921,27.1,32.5,40.4,1.319,0.0506
25.2,92.635,1502.0,9.01,28.0,222.9,-0.6801,-0.7331,27.7,33.2,39.1,1.313,0.1193
25.2,92.64,1450.0,8.0,28.0,228.4,-0.7476,-0.6641,29.9,35.2,34.8,1.311,0.1062
25.2,92.645,1408.0,11.43,28.0,208.4,-0.4756,-0.8797,29.0,37.3,33.8,1.307,0.1516
25.2,92.65,1271.0,12.56,28.0,186.2,-0.1089,-0.9941,29.0,37.0,33.9,1.3,0.1673
25.2,92.655,1185.0,4.52,28.0,68.6,0.9313,0.3642,26.3,34.0,39.7,1.304,0.0604
25.2,92.66,1300.0,13.41,28.0,43.9,0.6933,0.7207,26.6,37.2,36.2,1.301,0.1783
25.2,92.665,1358.0,5.34,28.0,101.6,0.9794,-0.2017,24.6,30.8,44.6,1.31,0.071
25.2,92.67,1281.0,7.5,28.0,137.0,0.682,-0.7314,27.0,33.2,39.8,1.305,0.1
25.2,92.675,1261.0,18.32,28.0,54.2,0.8111,0.5849,29.1,35.5,35.3,1.295,0.2427
25.2,92.68,1476.0,11.75,28.0,80.1,0.9851,0.172,28.6,37.0,34.4,1.309,0.1556
25.2,92.685,1297.0,10.24,28.0,108.3,0.9496,-0.3133,27.7,34.2,38.1,1.303,0.1364
25.2,92.69,1419.0,16.53,28.0,66.9,0.9202,0.3915,28.0,37.7,34.4,1.303,0.2184
25.2,92.695,1414.0,11.76,28.0,81.2,0.9883,0.1527,27.2,35.9,36.9,1.307,0.1559
25.2,92.7,1451.0,8.87,28.0,63.9,0.8983,0.4393,28.2,33.1,38.7,1.311,0.1176
25.2,92.705,1483.0,1.68,28.0,252.2,-0.9522,-0.3056,28.9,31.6,39.5,1.318,0.0222
25.2,92.71,1442.0,10.66,28.0,210.1,-0.5011,-0.8654,26.1,36.8,37.2,1.309,0.1413
25.2,92.715,1319.0,12.36,28.0,223.5,-0.6886,-0.7251,28.4,34.1,37.5,1.302,0.1644
25.2,92.72,1282.0,9.9,28.0,236.5,-0.8338,-0.552,29.1,34.8,36.1,1.303,0.1319
25.2,92.725,1222.0,6.4,28.0,201.6,-0.3684,-0.9297,27.5,32.5,40.0,1.304,0.0855
25.2,92.73,1177.0,3.64,28.0,183.2,-0.0564,-0.9984,28.8,32.5,38.7,1.304,0.0487
25.2,92.735,1158.0,1.67,28.0,8.9,0.1541,0.9881,31.4,32.4,36.2,1.305,0.0223
25.2,92.74,1206.0,9.48,28.0,33.6,0.554,0.8325,27.9,33.4,38.8,1.3,0.1267
25.2,92.745,1298.0,7.99,28.0,67.1,0.9212,0.389,28.5,32.7,38.8,1.305,0.1065
25.2,92.75,1261.0,13.44,28.0,126.5,0.8043,-0.5942,27.1,36.0,36.9,1.299,0.1789
25.2,92.755,1155.0,10.96,28.0,135.9,0.6959,-0.7181,28.2,33.7,38.1,1.297,0.1466
25.2,92.76,1121.0,2.22,28.0,182.7,-0.0463,-0.9989,28.6,31.4,40.1,1.303,0.0297
25.2,92.765,1116.0,6.28,28.0,57.2,0.8407,0.5415,28.2,32.3,39.5,1.299,0.0842
25.2,92.77,1181.0,10.17,28.0,112.1,0.9264,-0.3765,26.8,34.6,38.6,1.299,0.1359
25.2,92.775,1048.0,3.4,28.0,145.0,0.5742,-0.8187,28.2,34.3,37.4,1.299,0.0457
25.2,92.78,1132.0,14.05,28.0,41.1,0.6569,0.754,29.8,38.0,32.2,1.294,0.1876
25.2,92.785,1238.0,11.18,28.0,66.0,0.9134,0.407,28.5,33.9,37.6,1.3,0.1491
25.2,92.79,1213.0,4.68,28.0,155.4,0.4166,-0.9091,29.2,36.5,34.4,1.305,0.0625
25.2,92.795,1163.0,7.84,28.0,143.1,0.5998,-0.8001,27.7,32.6,39.7,1.3,0.1049
25.2,92.8,1102.0,3.09,28.0,227.1,-0.7324,-0.6809,28.9,34.4,36.7,1.302,0.0414
25.2,92.805,1126.0,3.4,28.0,339.6,-0.3482,0.9374,28.3,31.8,39.8,1.302,0.0456
25.2,92.81,1158.0,1.76,28.0,307.9,-0.7893,0.6141,26.9,31.2,42.0,1.305,0.0235
25.2,92.815,1145.0,5.32,28.0,327.3,-0.5397,0.8418,28.4,32.3,39.3,1.301,0.0713
25.2,92.82,1237.0,5.02,28.0,5.9,0.1022,0.9948,26.8,33.3,39.9,1.305,0.0671
25.2,92.825,1233.0,5.53,28.0,128.8,0.7798,-0.6261,27.2,34.3,38.4,1.305,0.0738
25.2,92.83,1176.0,7.97,28.0,119.3,0.8722,-0.4892,28.2,35.1,36.6,1.3,0.1067
25.2,92.835,1164.0,8.46,28.0,134.5,0.7129,-0.7013,28.4,32.8,38.8,1.3,0.1132
25.2,92.84,1071.0,12.43,28.0,190.8,-0.1875,-0.9823,26.6,33.8,39.6,1.292,0.1666
25.2,92.845,946.0,13.14,28.0,209.3,-0.4888,-0.8724,29.3,34.1,36.6,1.287,0.1766
25.2,92.85,866.0,12.98,28.0,226.4,-0.7246,-0.6892,28.7,35.3,36.0,1.284,0.1749
25.2,92.855,786.0,12.0,28.0,209.6,-0.4945,-0.8692,27.2,34.9,38.0,1.281,0.1623
25.2,92.86,680.0,4.18,28.0,73.4,0.9584,0.2853,26.2,31.7,42.2,1.284,0.0568
25.2,92.865,807.0,14.38,28.0,338.4,-0.3679,0.9298,27.8,36.2,35.9,1.28,0.194
25.2,92.87,920.0,10.91,28.0,323.0,-0.6014,0.7989,27.5,38.3,34.2,1.288,0.1469
25.2,92.875,962.0,6.12,28.0,321.1,-0.6283,0.778,28.1,32.9,39.0,1.293,0.0825
25.2,92.88,1004.0,1.59,28.0,255.5,-0.9683,-0.2498,27.6,31.8,40.7,1.299,0.0214
25.2,92.885,955.0,7.22,28.0,156.6,0.3973,-0.9177,25.6,34.8,39.6,1.292,0.0973
25.2,92.89,887.0,7.38,28.0,155.8,0.4092,-0.9125,27.5,33.1,39.3,1.289,0.0997
25.2,92.895,836.0,9.98,28.0,182.3,-0.0408,-0.9992,27.6,35.7,36.7,1.285,0.1349
25.2,92.9,710.0,9.39,28.0,175.6,0.0761,-0.9971,28.8,33.4,37.8,1.281,0.1274
25.2,92.905,670.0,3.15,28.0,83.8,0.9941,0.1081,27.2,35.6,37.2,1.284,0.0428
25.2,92.91,716.0,11.12,28.0,329.2,-0.5119,0.859,30.0,35.5,34.5,1.279,0.1508
25.2,92.915,840.0,11.73,28.0,358.3,-0.0303,0.9995,25.7,34.2,40.1,1.284,0.1583
25.2,92.92,925.0,8.18,28.0,34.7,0.5688,0.8224,29.6,33.3,37.1,1.29,0.1103
25.2,92.925,959.0,7.22,28.0,156.6,0.3973,-0.9177,27.7,33.2,39.1,1.292,0.0973
25.2,92.93,808.0,12.22,28.0,181.9,-0.0332,-0.9994,29.0,37.3,33.7,1.282,0.1651
25.2,92.935,741.0,9.06,28.0,210.1,-0.5012,-0.8654,28.1,32.5,39.4,1.282,0.1228
25.2,92.94,669.0,2.94,28.0,57.2,0.8404,0.542,29.4,31.8,38.9,1.284,0.0399
25.2,92.945,769.0,10.72,28.0,16.3,0.2799,0.96,27.5,34.0,38.4,1.282,0.1451
25.2,92.95,852.0,8.8,28.0,44.6,0.7021,0.7121,26.7,34.3,39.0,1.287,0.1189
25.2,92.955,880.0,7.37,28.0,89.1,0.9999,0.0154,29.7,33.6,36.7,1.289,0.0995
25.2,92.96,854.0,2.39,28.0,358.8,-0.0215,0.9998,27.9,30.4,41.7,1.292,0.0323
25.2,92.965,922.0,1.81,28.0,118.1,0.8818,-0.4717,28.3,31.9,39.9,1.295,0.0244
25.2,92.97,839.0,7.65,28.0,176.5,0.0602,-0.9982,29.5,33.9,36.6,1.287,0.1034
25.2,92.975,787.0,8.29,28.0,211.6,-0.5239,-0.8518,26.8,33.3,40.0,1.285,0.1122
25.2,92.98,714.0,11.9,28.0,241.9,-0.8821,-0.4711,28.7,36.2,35.1,1.279,0.1612
25.2,92.985,687.0,6.31,28.0,188.9,-0.1544,-0.988,27.3,35.1,37.6,1.282,0.0857
25.2,92.99,604.0,18.03,28.0,171.3,0.1518,-0.9884,27.8,36.7,35.5,1.269,0.2439
25.2,92.995,363.0,25.59,28.0,181.1,-0.0188,-0.9998,32.1,39.2,28.7,1.253,0.3447
25.205,92.5,609.0,7.63,28.0,159.2,0.3556,-0.9346,26.2,30.8,43.0,1.278,0.1039
25.205,92.505,546.0,11.36,28.0,171.5,0.1476,-0.989,27.1,34.4,38.5,1.272,0.1549
25.205,92.51,409.0,1.88,28.0,14.3,0.2465,0.9691,29.6,34.0,36.4,1.275,0.0257
25.205,92.515,578.0,13.67,28.0,19.4,0.3324,0.9432,29.1,35.0,35.9,1.272,0.1858
25.205,92.52,640.0,1.88,28.0,68.7,0.9316,0.3635,27.9,31.4,40.7,1.284,0.0256
25.205,92.525,590.0,11.33,28.0,216.6,-0.5962,-0.8029,28.3,38.4,33.3,1.274,0.1542
25.205,92.53,478.0,13.25,28.0,214.6,-0.5685,-0.8227,27.6,38.3,34.1,1.268,0.1808
25.205,92.535,395.0,12.97,28.0,262.3,-0.991,-0.1337,29.6,36.2,34.2,1.265,0.1774
25.205,92.54,447.0,8.27,28.0,306.0,-0.8093,0.5874,27.8,35.9,36.3,1.271,0.1132
25.205,92.545,481.0,13.45,28.0,285.9,-0.9617,0.2741,28.3,32.2,39.5,1.268,0.1834
25.205,92.55,513.0,16.88,28.0,273.9,-0.9976,0.0687,29.4,35.3,35.3,1.266,0.2294
25.205,92.555,502.0,14.92,28.0,262.5,-0.9914,-0.1305,27.1,35.3,37.7,1.268,0.2031
25.205,92.56,478.0,11.55,28.0,250.1,-0.9404,-0.3401,29.9,34.7,35.4,1.269,0.1578
25.205,92.565,432.0,4.74,28.0,265.9,-0.9974,-0.0719,26.2,32.5,41.3,1.273,0.0649
25.205,92.57,472.0,13.87,28.0,9.8,0.171,0.9853,30.0,31.9,38.2,1.267,0.1892
25.205,92.575,677.0,14.67,28.0,52.1,0.789,0.6144,27.6,36.5,36.0,1.275,0.1986
25.205,92.58,634.0,14.45,28.0,58.6,0.854,0.5203,27.7,36.7,35.6,1.273,0.196
25.205,92.585,812.0,22.69,28.0,14.8,0.2557,0.9668,25.7,40.5,33.8,1.274,0.3028
25.205,92.59,1041.0,26.71,28.0,14.7,0.2535,0.9673,31.5,37.9,30.6,1.279,0.3514
25.205,92.595,1302.0,27.42,28.0,19.0,0.3255,0.9456,30.8,38.0,31.2,1.289,0.3573
25.205,92.6,1535.0,18.14,28.0,37.7,0.6115,0.7913,27.3,32.8,39.9,1.306,0.2384
25.205,92.605,1563.0,10.24,28.0,73.7,0.9599,0.2804,27.8,34.3,37.9,1.314,0.1353
25.205,92.61,1586.0,8.01,28.0,71.9,0.9506,0.3104,29.1,35.5,35.4,1.317,0.1058
25.205,92.615,1607.0,4.67,28.0,151.1,0.4838,-0.8752,28.2,32.3,39.4,1.32,0.0617
25.205,92.62,1514.0,7.64,28.0,102.0,0.9783,-0.2074,28.4,37.3,34.4,1.314,0.1012
25.205,92.625,1579.0,4.1,28.0,357.1,-0.0502,0.9987,26.7,32.7,40.6,1.32,0.0542
25.205,92.63,1586.0,1.55,28.0,116.2,0.8975,-0.441,26.9,32.6,40.4,1.322,0.0205
25.205,92.635,1567.0,5.31,28.0,232.5,-0.7929,-0.6094,30.2,31.4,38.5,1.318,0.0702
25.205,92.64,1529.0,7.25,28.0,197.7,-0.3037,-0.9528,27.1,34.4,38.5,1.315,0.096
25.205,92.645,1445.0,16.23,28.0,181.9,-0.0339,-0.9994,30.0,33.4,36.7,1.304,0.2143
25.205,92.65,1236.0,15.52,28.0,173.7,0.1099,-0.9939,27.7,37.2,35.1,1.297,0.2063
25.205,92.655,1167.0,3.24,28.0,149.4,0.5086,-0.861,28.0,34.0,38.0,1.304,0.0433
25.205,92.66,1187.0,10.74,28.0,32.0,0.5302,0.8479,29.3,36.9,33.8,1.299,0.1435
25.205,92.665,1329.0,5.93,28.0,23.4,0.3977,0.9175,29.5,32.1,38.4,1.308,0.079
25.205,92.67,1283.0,7.35,28.0,158.8,0.3623,-0.9321,27.9,34.2,37.9,1.305,0.098
25.205,92.675,1208.0,3.9,28.0,77.4,0.9758,0.2187,27.5,33.9,38.6,1.305,0.0521
25.205,92.68,1298.0,13.5,28.0,57.7,0.8457,0.5337,27.9,36.3,35.8,1.301,0.1794
25.205,92.685,1337.0,4.21,28.0,183.5,-0.061,-0.9981,28.4,31.8,39.8,1.31,0.056
25.205,92.69,1224.0,9.4,28.0,119.1,0.8739,-0.4861,29.1,30.9,40.0,1.301,0.1255
25.205,92.695,1256.0,15.12,28.0,66.6,0.9178,0.3971,28.0,36.6,35.4,1.298,0.201
25.205,92.7,1332.0,16.07,28.0,36.6,0.5956,0.8033,28.7,36.1,35.2,1.3,0.2129
25.205,92.705,1489.0,10.25,28.0,27.8,0.467,0.8843,30.0,33.9,36.2,1.311,0.1357
25.205,92.71,1493.0,3.58,28.0,189.9,-0.1724,-0.985,28.5,34.1,37.4,1.317,0.0474
25.205,92.715,1427.0,8.16,28.0,225.6,-0.7144,-0.6998,28.4,34.1,37.5,1.31,0.1083
25.205,92.72,1392.0,11.39,28.0,241.4,-0.8783,-0.4781,26.2,33.1,40.8,1.306,0.1512
25.205,92.725,1330.0,12.77,28.0,248.7,-0.9315,-0.3637,24.8,32.5,42.6,1.303,0.1696
25.205,92.73,1309.0,13.49,28.0,256.8,-0.9737,-0.2277,28.5,33.9,37.6,1.301,0.1793
25.205,92.735,1275.0,12.49,28.0,235.0,-0.819,-0.5738,27.9,38.9,33.2,1.301,0.1662
25.205,92.74,1181.0,7.03,28.0,229.9,-0.7648,-0.6443,27.4,35.0,37.7,1.301,0.0941
25.205,92.745,1195.0,5.92,28.0,142.7,0.6065,-0.7951,28.3,33.9,37.8,1.303,0.0792
25.205,92.75,1098.0,3.74,28.0,171.3,0.1513,-0.9885,27.9,32.7,39.3,1.301,0.0501
25.205,92.755,1130.0,4.1,28.0,292.0,-0.9274,0.3741,29.4,32.7,37.9,1.302,0.0549
25.205,92.76,1125.0,3.7,28.0,236.4,-0.8333,-0.5528,28.1,34.7,37.2,1.302,0.0496
25.205,92.765,1094.0,6.05,28.0,247.4,-0.9233,-0.384,27.1,32.9,40.0,1.299,0.0811
25.205,92.77,1084.0,6.46,28.0,327.4,-0.5395,0.842,29.2,34.6,36.2,1.298,0.0867
25.205,92.775,1190.0,9.16,28.0,257.2,-0.9751,-0.2218,27.7,33.9,38.3,1.3,0.1225
25.205,92.78,1048.0,8.11,28.0,167.3,0.2206,-0.9754,28.6,37.1,34.3,1.295,0.1089
25.205,92.785,1050.0,11.36,28.0,56.7,0.836,0.5487,27.4,36.1,36.4,1.293,0.1523
25.205,92.79,1159.0,10.92,28.0,99.2,0.9872,-0.1596,27.2,36.8,36.0,1.297,0.1461
25.205,92.795,1019.0,9.26,28.0,109.6,0.9422,-0.3351,28.1,33.6,38.3,1.293,0.1245
25.205,92.8,1104.0,5.84,28.0,11.1,0.1933,0.9811,28.0,35.1,36.8,1.299,0.0783
25.205,92.805,1120.0,2.69,28.0,332.7,-0.4591,0.8884,28.6,32.2,39.2,1.303,0.036
25.205,92.81,1146.0,5.2,28.0,10.8,0.1876,0.9823,27.7,33.6,38.8,1.302,0.0696
25.205,92.815,1210.0,3.92,28.0,358.5,-0.0262,0.9997,25.8,35.5,38.7,1.305,0.0524
25.205,92.82,1215.0,3.04,28.0,143.6,0.5929,-0.8053,27.5,31.2,41.3,1.306,0.0406
25.205,92.825,1167.0,9.57,28.0,147.4,0.5384,-0.8427,29.0,34.9,36.2,1.299,0.128
25.205,92.83,1072.0,10.38,28.0,142.9,0.6035,-0.7974,27.6,35.4,36.9,1.294,0.1392
25.205,92.835,1020.0,13.73,28.0,108.5,0.9484,-0.317,27.7,36.4,35.9,1.289,0.1841
25.205,92.84,994.0,13.82,28.0,96.7,0.9931,-0.1171,29.2,35.0,35.8,1.288,0.1855
25.205,92.845,991.0,5.17,28.0,103.3,0.9731,-0.2305,27.1,36.5,36.3,1.295,0.0696
25.205,92.85,973.0,8.05,28.0,184.7,-0.0825,-0.9966,26.1,32.2,41.6,1.292,0.1084
25.205,92.855,849.0,15.03,28.0,183.1,-0.0535,-0.9986,27.8,38.2,34.0,1.281,0.2024
25.205,92.86,703.0,3.56,28.0,163.2,0.2887,-0.9574,27.4,34.8,37.8,1.285,0.0483
25.205,92.865,789.0,11.58,28.0,3.3,0.057,0.9984,26.8,37.9,35.2,1.282,0.1566
25.205,92.87,909.0,11.68,28.0,6.0,0.1043,0.9945,27.8,32.7,39.5,1.287,0.1573
25.205,92.875,996.0,5.59,28.0,31.5,0.5231,0.8523,28.6,32.2,39.2,1.295,0.0752
25.205,92.88,993.0,6.59,28.0,155.7,0.4121,-0.9112,28.0,36.0,36.0,1.294,0.0887
25.205,92.885,890.0,9.62,28.0,174.8,0.0901,-0.9959,28.4,31.7,39.9,1.288,0.1297
25.205,92.89,823.0,4.36,28.0,141.4,0.6242,-0.7813,30.2,30.8,39.1,1.289,0.059
25.205,92.895,830.0,9.44,28.0,138.8,0.6588,-0.7523,27.6,33.8,38.6,1.285,0.1276
25.205,92.9,697.0,8.54,28.0,161.1,0.3232,-0.9463,28.3,34.6,37.1,1.281,0.1159
25.205,92.905,687.0,7.38,28.0,33.2,0.5482,0.8363,27.4,36.4,36.3,1.281,0.1003
25.205,92.91,806.0,7.77,28.0,30.0,0.5002,0.8659,27.0,33.8,39.2,1.286,0.1051
25.205,92.915,806.0,8.26,28.0,74.9,0.9656,0.2601,27.3,33.3,39.4,1.285,0.1118
25.205,92.92,844.0,9.8,28.0,53.3,0.8013,0.5983,27.4,35.1,37.5,1.286,0.1324
25.205,92.925,910.0,8.53,28.0,100.7,0.9826,-0.1855,28.4,35.0,36.6,1.289,0.1151
25.205,92.93,816.0,7.29,28.0,186.1,-0.1054,-0.9944,30.8,34.6,34.6,1.287,0.0986
25.205,92.935,782.0,9.2,28.0,177.5,0.0443,-0.999,27.1,34.2,38.7,1.284,0.1245
25.205,92.94,653.0,0.75,28.0,155.7,0.4121,-0.9112,27.5,29.3,43.2,1.285,0.0102
25.205,92.945,770.0,6.7,28.0,27.3,0.4591,0.8884,27.9,32.4,39.7,1.285,0.0908
25.205,92.95,758.0,9.57,28.0,105.4,0.9642,-0.265,28.5,36.7,34.8,1.282,0.1297
25.205,92.955,725.0,7.37,28.0,41.8,0.667,0.7451,28.3,34.2,37.4,1.283,0.1
25.205,92.96,855.0,7.7,28.0,352.7,-0.1263,0.992,29.5,33.6,36.9,1.288,0.104
25.205,92.965,860.0,4.78,28.0,102.3,0.9769,-0.2136,25.1,35.0,40.0,1.29,0.0646
25.205,92.97,837.0,3.5,28.0,139.7,0.6462,-0.7632,25.1,31.2,43.6,1.291,0.0473
25.205,92.975,813.0,1.93,28.0,181.5,-0.0266,-0.9996,27.4,32.2,40.4,1.291,0.0261
25.205,92.98,803.0,7.97,28.0,164.7,0.2631,-0.9648,29.3,34.3,36.4,1.285,0.1079
25.205,92.985,677.0,12.41,28.0,173.2,0.1184,-0.993,26.1,34.6,39.2,1.277,0.1683
25.205,92.99,583.0,17.68,28.0,172.2,0.1353,-0.9908,24.4,36.9,38.7,1.269,0.2393
25.205,92.995,359.0,24.24,28.0,188.8,-0.1536,-0.9881,28.7,38.2,33.1,1.254,0.3274
25.21,92.5,568.0,9.58,28.0,164.9,0.2609,-0.9654,28.3,32.5,39.3,1.275,0.1305
25.21,92.505,486.0,8.99,28.0,159.4,0.3522,-0.9359,26.7,34.7,38.6,1.272,0.1228
25.21,92.51,419.0,4.52,28.0,252.5,-0.9536,-0.3012,26.8,31.2,42.0,1.273,0.0619
25.21,92.515,462.0,8.81,28.0,32.2,0.5333,0.8459,26.8,34.6,38.6,1.271,0.1205
25.21,92.52,551.0,13.19,28.0,34.3,0.5633,0.8262,28.1,37.6,34.3,1.271,0.1795
25.21,92.525,657.0,4.13,28.0,321.6,-0.6215,0.7834,27.2,32.7,40.1,1.283,0.0561
25.21,92.53,608.0,12.62,28.0,242.0,-0.8826,-0.4702,28.6,33.6,37.8,1.274,0.1715
25.21,92.535,551.0,14.72,28.0,225.9,-0.7182,-0.6958,24.6,35.7,39.7,1.27,0.2001
25.21,92.54,424.0,2.01,28.0,93.2,0.9984,-0.0566,27.0,31.3,41.7,1.275,0.0275
25.21,92.545,549.0,12.6,28.0,344.6,-0.2652,0.9642,26.6,36.3,37.1,1.271,0.1716
25.21,92.55,641.0,9.03,28.0,300.8,-0.8588,0.5123,27.7,34.2,38.1,1.278,0.1228
25.21,92.555,631.0,13.07,28.0,263.9,-0.9943,-0.1069,27.4,38.0,34.6,1.274,0.1775
25.21,92.56,616.0,13.55,28.0,258.6,-0.9802,-0.1978,29.0,37.4,33.7,1.273,0.184
25.21,92.565,583.0,15.06,28.0,256.3,-0.9717,-0.2363,25.8,35.8,38.4,1.271,0.2044
25.21,92.57,552.0,12.17,28.0,253.4,-0.9583,-0.2856,28.1,36.3,35.6,1.272,0.1657
25.21,92.575,521.0,3.36,28.0,50.0,0.7656,0.6433,28.7,32.3,39.0,1.278,0.0459
25.21,92.58,590.0,14.67,28.0,13.7,0.2368,0.9715,30.2,36.0,33.8,1.271,0.1993
25.21,92.585,777.0,24.71,28.0,17.8,0.3065,0.9519,27.4,38.0,34.5,1.27,0.3292
25.21,92.59,1031.0,25.05,28.0,18.6,0.319,0.9477,32.4,39.8,27.8,1.28,0.3308
25.21,92.595,1223.0,20.77,28.0,40.8,0.6537,0.7568,25.8,39.7,34.5,1.292,0.2745
25.21,92.6,1320.0,8.82,28.0,36.2,0.5908,0.8068,25.1,35.5,39.3,1.305,0.1175
25.21,92.605,1349.0,15.28,28.0,63.0,0.8908,0.4543,29.0,37.5,33.5,1.301,0.2026
25.21,92.61,1445.0,16.47,28.0,51.3,0.7808,0.6248,28.0,37.8,34.2,1.304,0.2174
25.21,92.615,1535.0,11.18,28.0,97.8,0.9908,-0.1357,29.4,35.8,34.8,1.312,0.1478
25.21,92.62,1418.0,9.22,28.0,78.4,0.9794,0.2019,26.4,32.7,40.9,1.309,0.1224
25.21,92.625,1568.0,11.23,28.0,52.4,0.792,0.6105,28.6,37.5,33.8,1.313,0.1483
25.21,92.63,1540.0,2.34,28.0,67.2,0.9216,0.3882,30.2,35.3,34.4,1.32,0.0309
25.21,92.635,1584.0,3.09,28.0,150.0,0.5,-0.866,28.5,32.5,39.0,1.321,0.0408
25.21,92.64,1493.0,9.46,28.0,169.7,0.178,-0.984,28.3,34.0,37.7,1.312,0.1253
25.21,92.645,1419.0,14.97,28.0,162.0,0.3091,-0.951,28.0,36.9,35.1,1.304,0.1981
25.21,92.65,1237.0,14.85,28.0,185.1,-0.0881,-0.9961,26.1,36.8,37.1,1.297,0.1976
25.21,92.655,1153.0,4.39,28.0,230.6,-0.773,-0.6345,29.6,32.9,37.5,1.302,0.0588
25.21,92.66,1188.0,9.16,28.0,11.6,0.2006,0.9797,27.3,32.6,40.2,1.3,0.1225
25.21,92.665,1312.0,5.54,28.0,65.2,0.9076,0.4198,28.6,33.9,37.5,1.308,0.0738
25.21,92.67,1229.0,7.65,28.0,157.6,0.3813,-0.9245,26.1,34.9,39.0,1.303,0.1022
25.21,92.675,1187.0,2.08,28.0,54.9,0.8179,0.5754,26.6,33.6,39.8,1.306,0.0278
25.21,92.68,1250.0,8.62,28.0,41.1,0.6577,0.7533,29.7,34.8,35.5,1.303,0.115
25.21,92.685,1302.0,2.76,28.0,80.5,0.9864,0.1646,27.6,32.3,40.1,1.31,0.0368
25.21,92.69,1258.0,9.29,28.0,185.0,-0.0879,-0.9961,29.7,36.0,34.3,1.303,0.1239
25.21,92.695,1138.0,4.27,28.0,88.5,0.9996,0.0266,27.9,33.2,38.9,1.302,0.0572
25.21,92.7,1260.0,15.47,28.0,25.8,0.4348,0.9005,25.8,35.4,38.8,1.298,0.2055
25.21,92.705,1389.0,13.93,28.0,39.0,0.63,0.7766,29.1,35.4,35.5,1.304,0.1846
25.21,92.71,1454.0,9.65,28.0,75.1,0.9664,0.2569,27.3,32.0,40.8,1.31,0.128
25.21,92.715,1433.0,8.05,28.0,79.9,0.9845,0.1756,28.8,33.9,37.3,1.311,0.1068
25.21,92.72,1479.0,3.23,28.0,65.0,0.9066,0.422,28.0,33.9,38.1,1.316,0.0428
25.21,92.725,1457.0,4.19,28.0,235.3,-0.8219,-0.5696,26.1,33.6,40.2,1.315,0.0556
25.21,92.73,1437.0,9.86,28.0,236.3,-0.8323,-0.5544,28.2,36.9,34.9,1.309,0.1308
25.21,92.735,1360.0,9.82,28.0,223.7,-0.6905,-0.7233,30.6,34.2,35.1,1.306,0.1306
25.21,92.74,1311.0,12.54,28.0,233.9,-0.8078,-0.5895,28.6,36.1,35.3,1.302,0.1668
25.21,92.745,1228.0,8.13,28.0,244.9,-0.9056,-0.4241,27.9,35.4,36.7,1.302,0.1086
25.21,92.75,1250.0,10.58,28.0,270.3,-1.0,0.0053,29.3,38.3,32.4,1.301,0.1411
25.21,92.755,1229.0,11.07,28.0,249.5,-0.9366,-0.3503,28.3,35.2,36.6,1.3,0.1477
25.21,92.76,1181.0,9.44,28.0,268.6,-0.9997,-0.0239,28.3,33.0,38.8,1.299,0.1263
25.21,92.765,1225.0,12.08,28.0,288.4,-0.9489,0.3157,26.7,36.5,36.8,1.299,0.1611
25.21,92.77,1249.0,10.48,28.0,269.4,-0.9999,-0.0107,28.3,37.6,34.1,1.301,0.1398
25.21,92.775,1223.0,9.14,28.0,200.3,-0.3461,-0.9382,29.2,34.0,36.8,1.301,0.1221
25.21,92.78,1097.0,10.52,28.0,203.1,-0.3919,-0.92,27.0,36.1,36.9,1.295,0.141
25.21,92.785,1051.0,5.89,28.0,202.5,-0.3829,-0.9238,29.7,35.4,34.9,1.297,0.0791
25.21,92.79,1001.0,6.64,28.0,120.2,0.8641,-0.5033,27.9,35.3,36.8,1.295,0.0893
25.21,92.795,992.0,4.89,28.0,336.5,-0.3989,0.917,26.9,33.5,39.6,1.296,0.0658
25.21,92.8,1080.0,10.3,28.0,30.3,0.5042,0.8636,29.2,33.7,37.1,1.295,0.1381
25.21,92.805,1150.0,6.38,28.0,58.4,0.8517,0.5241,27.7,33.6,38.8,1.301,0.0854
25.21,92.81,1139.0,2.01,28.0,94.9,0.9964,-0.0847,28.9,33.2,37.9,1.304,0.0269
25.21,92.815,1147.0,5.48,28.0,49.3,0.7582,0.652,27.6,34.8,37.5,1.301,0.0734
25.21,92.82,1202.0,1.34,28.0,129.7,0.7698,-0.6383,27.9,32.9,39.2,1.307,0.0179
25.21,92.825,1132.0,8.43,28.0,176.9,0.0546,-0.9985,28.6,33.7,37.7,1.298,0.1129
25.21,92.83,1053.0,12.67,28.0,183.2,-0.0559,-0.9984,28.3,36.2,35.4,1.292,0.1698
25.21,92.835,906.0,14.39,28.0,169.5,0.1821,-0.9833,25.6,37.1,37.3,1.284,0.1936
25.21,92.84,799.0,6.97,28.0,118.1,0.882,-0.4713,26.7,34.4,38.9,1.286,0.0944
25.21,92.845,848.0,12.39,28.0,68.8,0.9323,0.3617,29.1,34.0,36.8,1.284,0.1671
25.21,92.85,879.0,8.82,28.0,107.1,0.9556,-0.2946,27.8,34.1,38.1,1.288,0.119
25.21,92.855,802.0,13.06,28.0,159.6,0.3484,-0.9373,27.4,36.9,35.7,1.281,0.1764
25.21,92.86,660.0,3.42,28.0,97.6,0.9911,-0.1328,26.4,30.8,42.8,1.284,0.0465
25.21,92.865,794.0,13.21,28.0,356.7,-0.0574,0.9984,26.7,32.4,40.9,1.281,0.1784
25.21,92.87,896.0,8.06,28.0,38.9,0.6279,0.7783,25.6,36.4,38.0,1.289,0.1088
25.21,92.875,905.0,10.64,28.0,73.1,0.9568,0.2909,27.9,35.6,36.5,1.287,0.1435
25.21,92.88,951.0,7.11,28.0,74.8,0.9649,0.2627,27.3,34.8,37.9,1.292,0.0958
25.21,92.885,938.0,6.81,28.0,193.5,-0.233,-0.9725,26.8,32.2,41.0,1.292,0.0918
25.21,92.89,834.0,12.72,28.0,189.6,-0.1672,-0.9859,27.9,36.5,35.6,1.283,0.1716
25.21,92.895,714.0,10.8,28.0,157.9,0.3766,-0.9264,28.4,35.3,36.3,1.28,0.1464
25.21,92.9,656.0,8.62,28.0,143.7,0.5924,-0.8056,30.5,31.9,37.6,1.279,0.1172
25.21,92.905,591.0,1.0,28.0,204.3,-0.4121,-0.9112,26.2,34.4,39.4,1.283,0.0136
25.21,92.91,640.0,7.93,28.0,48.4,0.7483,0.6633,29.4,34.4,36.3,1.279,0.1079
25.21,92.915,684.0,10.64,28.0,46.2,0.7217,0.6922,29.2,34.2,36.6,1.278,0.1445
25.21,92.92,771.0,10.67,28.0,54.2,0.8108,0.5853,27.1,34.3,38.7,1.282,0.1444
25.21,92.925,795.0,9.16,28.0,71.3,0.9473,0.3204,28.2,31.4,40.3,1.284,0.124
25.21,92.93,823.0,3.67,28.0,163.7,0.2801,-0.96,27.5,33.9,38.7,1.29,0.0496
25.21,92.935,733.0,9.22,28.0,168.2,0.2047,-0.9788,28.2,34.9,36.9,1.282,0.125
25.21,92.94,663.0,4.09,28.0,250.5,-0.9427,-0.3335,29.8,32.8,37.4,1.283,0.0556
25.21,92.945,709.0,6.22,28.0,85.8,0.9973,0.0729,28.7,35.6,35.7,1.283,0.0844
25.21,92.95,671.0,5.77,28.0,42.5,0.6757,0.7372,28.6,31.5,39.9,1.282,0.0784
25.21,92.955,784.0,12.74,28.0,332.6,-0.4609,0.8874,27.5,34.5,38.0,1.281,0.1722
25.21,92.96,873.0,3.01,28.0,332.5,-0.4611,0.8874,26.2,31.5,42.3,1.292,0.0406
25.21,92.965,831.0,5.04,28.0,151.4,0.4785,-0.8781,27.7,32.9,39.3,1.289,0.0682
25.21,92.97,795.0,3.89,28.0,128.9,0.7787,-0.6274,29.4,33.1,37.4,1.289,0.0526
25.21,92.975,788.0,10.16,28.0,132.5,0.7368,-0.6761,26.2,35.4,38.5,1.283,0.1375
25.21,92.98,673.0,10.36,28.0,134.9,0.7078,-0.7064,26.7,34.2,39.0,1.278,0.1407
25.21,92.985,658.0,6.84,28.0,165.7,0.2472,-0.969,28.2,32.5,39.3,1.281,0.093
25.21,92.99,556.0,12.29,28.0,173.6,0.1113,-0.9938,26.8,37.8,35.4,1.272,0.1673
25.21,92.995,440.0,16.23,28.0,217.7,-0.611,-0.7916,27.0,39.9,33.0,1.264,0.2211
25.215,92.5,560.0,8.66,28.0,187.8,-0.1356,-0.9908,27.5,34.5,38.0,1.275,0.1181
25.215,92.505,484.0,4.4,28.0,210.1,-0.502,-0.8648,26.4,32.0,41.6,1.276,0.0601
25.215,92.51,493.0,8.98,28.0,270.7,-0.9999,0.0126,26.8,36.6,36.6,1.272,0.1227
25.215,92.515,486.0,6.15,28.0,270.0,-1.0,-0.0,28.8,31.5,39.7,1.274,0.0841
25.215,92.52,493.0,9.37,28.0,22.1,0.3756,0.9268,26.4,34.0,39.6,1.272,0.128
25.215,92.525,640.0,12.29,28.0,20.8,0.3548,0.935,26.1,34.2,39.7,1.275,0.1669
25.215,92.53,698.0,3.25,28.0,232.3,-0.7908,-0.612,27.2,31.1,41.6,1.285,0.0441
25.215,92.535,605.0,16.5,28.0,193.5,-0.2335,-0.9724,28.9,36.0,35.1,1.27,0.2236
25.215,92.54,408.0,4.87,28.0,227.5,-0.7374,-0.6755,27.8,32.0,40.2,1.272,0.0667
25.215,92.545,547.0,14.38,28.0,5.2,0.0911,0.9958,27.4,35.9,36.7,1.27,0.1956
25.215,92.55,665.0,12.1,28.0,10.9,0.1885,0.9821,28.1,35.3,36.7,1.277,0.1641
25.215,92.555,759.0,7.58,28.0,304.6,-0.8236,0.5672,25.9,33.1,41.0,1.284,0.1027
25.215,92.56,741.0,14.64,28.0,262.1,-0.9906,-0.1369,28.6,35.3,36.1,1.277,0.1979
25.215,92.565,723.0,16.64,28.0,262.6,-0.9916,-0.1296,28.5,36.1,35.4,1.275,0.2246
25.215,92.57,702.0,16.45,28.0,251.2,-0.9464,-0.323,27.5,37.6,34.9,1.274,0.2223
25.215,92.575,627.0,16.29,28.0,242.3,-0.8851,-0.4655,29.2,36.1,34.7,1.272,0.2205
25.215,92.58,565.0,8.13,28.0,281.2,-0.9809,0.1946,26.6,35.4,37.9,1.276,0.1108
25.215,92.585,655.0,18.41,28.0,22.4,0.3805,0.9248,29.4,37.8,32.9,1.271,0.2485
25.215,92.59,875.0,21.73,28.0,22.4,0.3809,0.9246,28.2,38.7,33.2,1.277,0.2899
25.215,92.595,1026.0,30.25,28.0,18.1,0.3112,0.9504,31.6,42.1,26.3,1.276,0.3948
25.215,92.6,1433.0,15.11,28.0,11.9,0.2063,0.9785,28.0,34.4,37.7,1.305,0.1997
25.215,92.605,1292.0,7.26,28.0,215.8,-0.5853,-0.8108,27.9,33.2,38.9,1.306,0.0968
25.215,92.61,1329.0,7.54,28.0,43.3,0.6856,0.728,29.5,36.7,33.9,1.307,0.1004
25.215,92.615,1389.0,13.06,28.0,88.0,0.9994,0.0343,26.7,35.1,38.2,1.305,0.1732
25.215,92.62,1337.0,6.21,28.0,82.1,0.9906,0.1369,27.1,29.4,43.5,1.308,0.0827
25.215,92.625,1404.0,13.42,28.0,30.5,0.5081,0.8613,29.2,35.3,35.5,1.305,0.1778
25.215,92.63,1544.0,7.66,28.0,10.8,0.1871,0.9823,27.3,34.2,38.5,1.315,0.1014
25.215,92.635,1537.0,5.41,28.0,120.2,0.8638,-0.5038,29.1,29.5,41.4,1.317,0.0716
25.215,92.64,1496.0,10.42,28.0,186.5,-0.1123,-0.9937,30.0,36.8,33.2,1.311,0.138
25.215,92.645,1353.0,13.14,28.0,185.5,-0.0962,-0.9954,27.5,34.4,38.0,1.303,0.1745
25.215,92.65,1262.0,7.82,28.0,209.8,-0.4971,-0.8677,28.8,34.6,36.6,1.304,0.1043
25.215,92.655,1233.0,8.63,28.0,223.4,-0.6869,-0.7267,26.6,34.0,39.4,1.302,0.1152
25.215,92.66,1151.0,0.28,28.0,113.9,0.9146,-0.4045,28.9,30.1,41.0,1.306,0.0037
25.215,92.665,1231.0,8.71,28.0,60.9,0.8738,0.4863,28.2,32.7,39.0,1.302,0.1163
25.215,92.67,1226.0,5.77,28.0,123.4,0.8351,-0.5501,28.6,32.1,39.3,1.304,0.0771
25.215,92.675,1175.0,2.42,28.0,156.2,0.4032,-0.9151,27.2,34.3,38.5,1.305,0.0324
25.215,92.68,1187.0,8.48,28.0,43.4,0.6872,0.7265,26.0,34.0,40.0,1.3,0.1134
25.215,92.685,1284.0,5.64,28.0,57.8,0.8461,0.5331,28.6,32.7,38.7,1.307,0.0752
25.215,92.69,1240.0,6.61,28.0,161.9,0.3099,-0.9508,25.5,32.4,42.1,1.304,0.0883
25.215,92.695,1173.0,2.39,28.0,176.3,0.0645,-0.9979,27.6,34.4,37.9,1.305,0.032
25.215,92.7,1198.0,8.88,28.0,25.5,0.4311,0.9023,29.1,36.6,34.3,1.301,0.1187
25.215,92.705,1315.0,9.27,28.0,47.0,0.7319,0.6814,28.2,36.2,35.5,1.305,0.1234
25.215,92.71,1310.0,11.77,28.0,101.8,0.9788,-0.205,30.3,35.9,33.8,1.303,0.1565
25.215,92.715,1272.0,12.54,28.0,83.6,0.9937,0.1117,29.2,35.8,35.0,1.3,0.167
25.215,92.72,1335.0,13.68,28.0,59.3,0.8601,0.5102,27.2,33.8,39.0,1.302,0.1816
25.215,92.725,1397.0,7.72,28.0,8.4,0.1458,0.9893,28.0,33.7,38.3,1.309,0.1026
25.215,92.73,1470.0,2.75,28.0,283.2,-0.9737,0.2277,27.9,31.7,40.3,1.317,0.0364
25.215,92.735,1408.0,7.78,28.0,229.7,-0.7626,-0.6469,26.1,31.3,42.6,1.31,0.1033
25.215,92.74,1381.0,8.19,28.0,241.6,-0.8795,-0.4759,26.9,35.8,37.4,1.308,0.1089
25.215,92.745,1339.0,9.96,28.0,244.9,-0.9056,-0.4242,27.3,33.6,39.1,1.305,0.1325
25.215,92.75,1306.0,8.28,28.0,268.0,-0.9994,-0.0341,25.6,36.0,38.4,1.305,0.1104
25.215,92.755,1334.0,8.43,28.0,271.5,-0.9996,0.0268,28.1,35.6,36.4,1.306,0.1123
25.215,92.76,1310.0,7.81,28.0,264.2,-0.9949,-0.1013,27.7,34.9,37.4,1.306,0.104
25.215,92.765,1320.0,1.37,28.0,214.2,-0.5614,-0.8276,26.0,33.3,40.7,1.312,0.0182
25.215,92.77,1290.0,5.45,28.0,135.1,0.7063,-0.708,28.5,32.5,39.0,1.307,0.0727
25.215,92.775,1252.0,9.14,28.0,173.6,0.1117,-0.9937,28.9,37.2,33.9,1.302,0.122
25.215,92.78,1129.0,10.25,28.0,209.8,-0.4968,-0.8679,28.3,34.8,36.9,1.297,0.1372
25.215,92.785,1094.0,7.1,28.0,229.2,-0.7569,-0.6535,27.6,34.3,38.0,1.298,0.0952
25.215,92.79,1047.0,6.16,28.0,250.1,-0.9403,-0.3404,28.7,32.7,38.6,1.297,0.0827
25.215,92.795,1057.0,3.77,28.0,227.3,-0.7354,-0.6776,28.8,31.6,39.6,1.299,0.0506
25.215,92.8,1002.0,3.51,28.0,134.1,0.7177,-0.6963,28.4,33.7,38.0,1.297,0.0472
25.215,92.805,1014.0,7.16,28.0,33.9,0.5577,0.83,27.0,34.2,38.8,1.295,0.0962
25.215,92.81,1107.0,6.84,28.0,342.1,-0.3069,0.9517,28.3,32.6,39.0,1.299,0.0917
25.215,92.815,1129.0,5.34,28.0,339.2,-0.3555,0.9347,29.4,31.3,39.3,1.301,0.0715
25.215,92.82,1195.0,2.84,28.0,54.5,0.8144,0.5803,27.3,30.9,41.9,1.305,0.038
25.215,92.825,1158.0,6.18,28.0,180.0,0.0,-1.0,30.5,35.4,34.0,1.301,0.0827
25.215,92.83,1086.0,10.87,28.0,190.8,-0.1871,-0.9823,27.4,34.0,38.7,1.294,0.1457
25.215,92.835,968.0,13.26,28.0,206.7,-0.4497,-0.8932,28.0,35.0,36.9,1.288,0.1781
25.215,92.84,874.0,12.43,28.0,202.5,-0.3831,-0.9237,27.2,37.5,35.3,1.285,0.1675
25.215,92.845,763.0,4.54,28.0,145.6,0.5652,-0.8249,28.3,31.5,40.2,1.287,0.0615
25.215,92.85,808.0,8.23,28.0,91.6,0.9996,-0.0275,25.9,33.1,41.0,1.285,0.1114
25.215,92.855,759.0,11.99,28.0,143.1,0.6006,-0.7996,27.3,34.0,38.6,1.28,0.1623
25.215,92.86,637.0,2.63,28.0,13.6,0.2345,0.9721,26.7,35.1,38.2,1.283,0.0358
25.215,92.865,804.0,9.78,28.0,4.2,0.073,0.9973,28.2,37.6,34.2,1.284,0.1323
25.215,92.87,810.0,6.27,28.0,94.1,0.9974,-0.0723,29.2,34.8,36.0,1.287,0.0849
25.215,92.875,796.0,10.54,28.0,74.8,0.9652,0.2615,28.8,36.0,35.2,1.283,0.1426
25.215,92.88,859.0,10.94,28.0,50.1,0.7666,0.6421,25.2,34.0,40.8,1.285,0.1477
25.215,92.885,921.0,1.98,28.0,80.1,0.9851,0.172,30.5,35.4,34.1,1.295,0.0267
25.215,92.89,865.0,9.67,28.0,175.2,0.0843,-0.9964,28.4,35.0,36.7,1.287,0.1305
25.215,92.895,750.0,14.99,28.0,173.6,0.1107,-0.9939,27.1,37.3,35.7,1.278,0.2024
25.215,92.9,597.0,4.92,28.0,129.4,0.7726,-0.6349,28.2,33.2,38.7,1.28,0.067
25.215,92.905,695.0,8.67,28.0,307.3,-0.7955,0.6059,28.2,33.9,37.9,1.281,0.1177
25.215,92.91,690.0,8.58,28.0,254.7,-0.9647,-0.2634,27.2,36.8,36.0,1.28,0.1166
25.215,92.915,655.0,2.87,28.0,251.5,-0.9486,-0.3166,28.2,33.6,38.2,1.284,0.039
25.215,92.92,674.0,6.04,28.0,37.1,0.6028,0.7979,27.3,35.8,36.9,1.282,0.0821
25.215,92.925,740.0,9.98,28.0,46.5,0.725,0.6887,27.5,35.0,37.4,1.281,0.1353
25.215,92.93,796.0,6.11,28.0,87.3,0.9989,0.0464,27.2,32.4,40.5,1.287,0.0827
25.215,92.935,745.0,3.88,28.0,184.6,-0.0796,-0.9968,26.3,32.2,41.6,1.287,0.0526
25.215,92.94,728.0,5.45,28.0,180.0,0.0,-1.0,28.2,33.6,38.2,1.285,0.0739
25.215,92.945,649.0,3.85,28.0,132.8,0.7342,-0.6789,28.7,32.1,39.2,1.283,0.0523
25.215,92.95,682.0,12.28,28.0,331.1,-0.4827,0.8758,28.6,33.6,37.8,1.277,0.1666
25.215,92.955,841.0,12.1,28.0,337.9,-0.377,0.9262,29.0,37.0,34.0,1.284,0.1633
25.215,92.96,882.0,1.67,28.0,197.9,-0.3074,-0.9516,28.4,31.6,40.0,1.294,0.0225
25.215,92.965,813.0,7.83,28.0,138.7,0.6599,-0.7513,27.4,34.3,38.3,1.286,0.1059
25.215,92.97,778.0,10.23,28.0,144.0,0.5875,-0.8092,29.0,35.2,35.8,1.283,0.1384
25.215,92.975,666.0,9.79,28.0,133.2,0.7287,-0.6848,26.4,33.7,39.9,1.278,0.133
25.215,92.98,659.0,3.14,28.0,113.5,0.9172,-0.3984,26.9,35.0,38.1,1.284,0.0427
25.215,92.985,644.0,6.14,28.0,162.0,0.309,-0.9511,26.8,32.0,41.2,1.281,0.0835
25.215,92.99,556.0,7.44,28.0,228.6,-0.7498,-0.6617,29.3,34.4,36.3,1.276,0.1015
25.215,92.995,557.0,9.04,28.0,270.7,-0.9999,0.0125,29.1,34.8,36.1,1.275,0.1232
25.22,92.5,591.0,7.92,28.0,207.7,-0.465,-0.8853,28.6,34.0,37.4,1.277,0.1079
25.22,92.505,529.0,5.7,28.0,272.3,-0.9992,0.0398,29.3,31.6,39.1,1.276,0.0778
25.22,92.51,595.0,11.32,28.0,285.2,-0.9648,0.263,26.9,36.3,36.7,1.274,0.1541
25.22,92.515,582.0,10.89,28.0,234.3,-0.8123,-0.5832,28.4,36.0,35.6,1.274,0.1483
25.22,92.52,482.0,5.83,28.0,263.9,-0.9943,-0.107,27.8,32.5,39.6,1.274,0.0797
25.22,92.525,571.0,10.67,28.0,21.8,0.3721,0.9282,29.0,35.9,35.1,1.274,0.1453
25.22,92.53,658.0,8.5,28.0,67.7,0.9255,0.3787,27.9,34.8,37.3,1.279,0.1156
25.22,92.535,628.0,9.27,28.0,183.5,-0.0606,-0.9982,27.5,32.6,39.9,1.277,0.1261
25.22,92.54,494.0,10.97,28.0,237.5,-0.8431,-0.5378,28.6,33.6,37.7,1.271,0.1497
25.22,92.545,523.0,6.88,28.0,32.9,0.5434,0.8395,29.1,35.5,35.4,1.275,0.094
25.22,92.55,596.0,14.85,28.0,30.5,0.5081,0.8613,27.2,36.4,36.4,1.271,0.2016
25.22,92.555,753.0,17.85,28.0,18.2,0.3124,0.9499,27.9,35.9,36.2,1.275,0.2404
25.22,92.56,904.0,9.08,28.0,354.2,-0.1012,0.9949,26.7,33.1,40.1,1.289,0.1224
25.22,92.565,913.0,8.69,28.0,254.5,-0.9639,-0.2664,25.0,33.5,41.5,1.289,0.1172
25.22,92.57,863.0,17.91,28.0,251.4,-0.9476,-0.3195,28.2,36.1,35.7,1.28,0.2403
25.22,92.575,809.0,16.92,28.0,247.5,-0.9242,-0.3819,28.7,35.2,36.0,1.278,0.2277
25.22,92.58,746.0,19.75,28.0,241.4,-0.8781,-0.4785,28.3,34.7,37.0,1.273,0.2654
25.22,92.585,636.0,11.92,28.0,303.1,-0.8381,0.5456,25.7,36.9,37.5,1.276,0.1619
25.22,92.59,862.0,21.89,28.0,17.8,0.3064,0.9519,27.6,39.3,33.1,1.276,0.2922
25.22,92.595,1021.0,21.75,28.0,9.7,0.1688,0.9856,25.3,35.9,38.8,1.283,0.2888
25.22,92.6,1258.0,24.34,28.0,25.5,0.4309,0.9024,29.6,38.7,31.7,1.29,0.3195
25.22,92.605,1432.0,10.63,28.0,297.1,-0.8904,0.4552,26.7,33.5,39.8,1.308,0.141
25.22,92.61,1344.0,9.77,28.0,206.6,-0.4485,-0.8938,29.5,34.2,36.3,1.306,0.1299
25.22,92.615,1277.0,4.82,28.0,122.8,0.8408,-0.5413,29.1,32.8,38.1,1.307,0.0643
25.22,92.62,1298.0,9.67,28.0,24.6,0.4164,0.9092,26.9,33.9,39.1,1.304,0.1288
25.22,92.625,1433.0,13.59,28.0,28.4,0.4758,0.8795,26.6,38.6,34.7,1.306,0.1799
25.22,92.63,1512.0,12.94,28.0,75.0,0.9658,0.2594,28.4,34.8,36.8,1.31,0.1709
25.22,92.635,1493.0,9.84,28.0,88.7,0.9997,0.0229,27.0,33.4,39.6,1.312,0.1303
25.22,92.64,1516.0,2.84,28.0,168.5,0.199,-0.98,28.1,31.6,40.3,1.318,0.0376
25.22,92.645,1444.0,12.18,28.0,201.0,-0.3578,-0.9338,27.4,36.8,35.8,1.308,0.1613
25.22,92.65,1313.0,10.28,28.0,196.7,-0.2871,-0.9579,25.9,32.3,41.9,1.304,0.1369
25.22,92.655,1269.0,7.91,28.0,201.6,-0.3686,-0.9296,25.3,33.0,41.7,1.304,0.1055
25.22,92.66,1183.0,8.01,28.0,221.6,-0.6637,-0.748,28.3,36.3,35.4,1.301,0.1071
25.22,92.665,1163.0,3.42,28.0,217.0,-0.6019,-0.7986,27.3,33.3,39.4,1.304,0.0457
25.22,92.67,1135.0,1.77,28.0,279.2,-0.987,0.1605,27.3,32.8,39.9,1.304,0.0237
25.22,92.675,1168.0,3.7,28.0,270.9,-0.9999,0.0154,28.8,36.2,35.0,1.304,0.0495
25.22,92.68,1136.0,3.04,28.0,320.0,-0.6424,0.7663,29.4,33.2,37.4,1.303,0.0407
25.22,92.685,1209.0,6.23,28.0,41.8,0.6663,0.7457,27.7,32.6,39.7,1.303,0.0833
25.22,92.69,1218.0,8.68,28.0,118.8,0.8765,-0.4813,27.6,33.9,38.5,1.301,0.116
25.22,92.695,1135.0,3.65,28.0,120.9,0.8582,-0.5133,28.6,31.3,40.1,1.302,0.0489
25.22,92.7,1185.0,6.89,28.0,354.0,-0.1041,0.9946,26.4,35.7,37.9,1.302,0.0921
25.22,92.705,1256.0,4.71,28.0,59.6,0.8621,0.5067,28.3,34.1,37.6,1.306,0.0629
25.22,92.71,1227.0,9.69,28.0,113.7,0.9158,-0.4015,28.7,36.3,35.1,1.301,0.1294
25.22,92.715,1187.0,2.06,28.0,58.3,0.8507,0.5256,28.8,34.4,36.8,1.306,0.0275
25.22,92.72,1246.0,13.96,28.0,7.9,0.1373,0.9905,25.7,35.1,39.2,1.298,0.1859
25.22,92.725,1435.0,14.58,28.0,21.9,0.373,0.9278,27.1,34.5,38.4,1.305,0.1929
25.22,92.73,1489.0,6.34,28.0,68.5,0.9303,0.3667,26.9,33.6,39.4,1.314,0.084
25.22,92.735,1476.0,3.32,28.0,230.7,-0.774,-0.6332,28.1,31.6,40.3,1.316,0.044
25.22,92.74,1452.0,4.37,28.0,202.8,-0.3875,-0.9219,28.6,33.4,38.0,1.314,0.058
25.22,92.745,1405.0,5.33,28.0,244.8,-0.9049,-0.4257,29.8,35.1,35.1,1.312,0.0708
25.22,92.75,1412.0,5.27,28.0,263.2,-0.993,-0.1184,27.4,33.2,39.4,1.312,0.07
25.22,92.755,1394.0,4.57,28.0,169.0,0.191,-0.9816,27.4,33.4,39.2,1.312,0.0607
25.22,92.76,1333.0,10.14,28.0,148.8,0.5176,-0.8556,29.4,34.6,36.1,1.305,0.1349
25.22,92.765,1240.0,10.55,28.0,148.0,0.5304,-0.8477,28.4,36.0,35.6,1.301,0.1407
25.22,92.77,1174.0,5.88,28.0,110.9,0.9341,-0.3571,29.5,32.6,37.9,1.302,0.0787
25.22,92.775,1203.0,4.95,28.0,74.7,0.9646,0.2637,28.3,30.0,41.6,1.304,0.0662
25.22,92.78,1197.0,2.74,28.0,193.0,-0.225,-0.9744,26.6,33.4,40.0,1.306,0.0366
25.22,92.785,1156.0,4.77,28.0,189.3,-0.1613,-0.9869,26.4,34.8,38.8,1.302,0.0639
25.22,92.79,1114.0,6.56,28.0,161.8,0.3124,-0.9499,26.1,34.4,39.4,1.299,0.0879
25.22,92.795,1046.0,4.77,28.0,171.3,0.1508,-0.9886,28.8,32.3,38.9,1.298,0.0641
25.22,92.8,1031.0,4.37,28.0,289.8,-0.9411,0.3382,29.4,31.5,39.1,1.298,0.0587
25.22,92.805,1072.0,10.15,28.0,325.8,-0.5622,0.827,30.2,35.4,34.3,1.294,0.1362
25.22,92.81,1180.0,7.23,28.0,331.2,-0.4813,0.8765,29.0,34.1,36.8,1.301,0.0967
25.22,92.815,1184.0,3.3,28.0,246.7,-0.9183,-0.3958,29.4,32.7,37.9,1.305,0.0441
25.22,92.82,1157.0,4.53,28.0,130.6,0.7589,-0.6512,27.3,35.9,36.8,1.303,0.0606
25.22,92.825,1132.0,7.84,28.0,117.5,0.8871,-0.4616,26.6,32.7,40.7,1.299,0.105
25.22,92.83,1093.0,6.21,28.0,170.5,0.1652,-0.9863,29.0,36.3,34.7,1.299,0.0833
25.22,92.835,1024.0,11.67,28.0,195.9,-0.274,-0.9617,28.5,35.2,36.3,1.291,0.1567
25.22,92.84,893.0,13.0,28.0,193.5,-0.2335,-0.9724,28.1,32.7,39.2,1.285,0.1751
25.22,92.845,798.0,11.33,28.0,209.8,-0.4976,-0.8674,28.5,34.8,36.8,1.282,0.1532
25.22,92.85,718.0,8.0,28.0,192.9,-0.2236,-0.9747,28.4,35.6,36.0,1.282,0.1086
25.22,92.855,660.0,4.08,28.0,193.1,-0.2265,-0.974,29.5,32.5,37.9,1.283,0.0555
25.22,92.86,648.0,7.43,28.0,336.0,-0.4063,0.9137,29.6,31.8,38.7,1.28,0.101
25.22,92.865,780.0,10.06,28.0,45.1,0.7089,0.7054,28.7,34.4,36.9,1.283,0.1361
25.22,92.87,774.0,9.02,28.0,118.0,0.883,-0.4694,29.0,33.1,37.9,1.283,0.1222
25.22,92.875,705.0,2.27,28.0,72.5,0.9536,0.3012,28.6,33.3,38.0,1.286,0.0308
25.22,92.88,786.0,11.02,28.0,6.1,0.1061,0.9944,27.4,36.1,36.5,1.282,0.1491
25.22,92.885,900.0,4.78,28.0,67.6,0.9248,0.3805,28.9,31.7,39.4,1.292,0.0645
25.22,92.89,818.0,13.36,28.0,156.4,0.401,-0.9161,26.3,34.5,39.2,1.282,0.1802
25.22,92.895,681.0,14.07,28.0,159.2,0.3547,-0.935,29.3,36.9,33.8,1.276,0.1905
25.22,92.9,582.0,2.67,28.0,16.8,0.2887,0.9574,26.6,31.4,42.0,1.281,0.0364
25.22,92.905,726.0,12.33,28.0,0.0,0.0,1.0,28.3,33.7,38.0,1.279,0.167
25.22,92.91,802.0,2.6,28.0,283.9,-0.9706,0.2409,27.0,30.9,42.1,1.29,0.0352
25.22,92.915,737.0,8.45,28.0,227.0,-0.7315,-0.6818,28.7,34.8,36.6,1.282,0.1146
25.22,92.92,700.0,6.15,28.0,219.3,-0.6333,-0.7739,28.0,34.1,37.9,1.283,0.0835
25.22,92.925,653.0,1.76,28.0,82.6,0.9916,0.129,26.1,31.4,42.5,1.285,0.0239
25.22,92.93,704.0,10.06,28.0,61.2,0.8764,0.4817,28.5,34.7,36.8,1.28,0.1365
25.22,92.935,739.0,6.38,28.0,111.3,0.9314,-0.364,27.3,36.0,36.7,1.284,0.0865
25.22,92.94,663.0,6.16,28.0,141.4,0.6238,-0.7816,29.1,32.2,38.8,1.281,0.0838
25.22,92.945,654.0,8.77,28.0,323.6,-0.5938,0.8046,28.0,31.4,40.6,1.279,0.1192
25.22,92.95,788.0,13.37,28.0,336.8,-0.3931,0.9195,28.5,36.2,35.3,1.28,0.1807
25.22,92.955,874.0,5.8,28.0,21.8,0.3713,0.9285,26.9,33.4,39.8,1.29,0.0783
25.22,92.96,883.0,9.48,28.0,148.9,0.5164,-0.8564,27.3,33.5,39.2,1.287,0.128
25.22,92.965,730.0,13.21,28.0,150.7,0.4899,-0.8718,27.4,36.5,36.0,1.278,0.1788
25.22,92.97,677.0,8.23,28.0,124.3,0.8263,-0.5632,29.0,35.5,35.5,1.28,0.1118
25.22,92.975,648.0,3.85,28.0,152.2,0.4666,-0.8844,30.0,29.7,40.3,1.283,0.0523
25.22,92.98,617.0,2.73,28.0,124.2,0.8275,-0.5614,27.0,31.7,41.2,1.282,0.0372
25.22,92.985,621.0,2.77,28.0,350.4,-0.1672,0.9859,29.3,36.2,34.5,1.283,0.0377
25.22,92.99,665.0,7.88,28.0,268.4,-0.9996,-0.0287,25.4,35.0,39.6,1.28,0.1071
25.22,92.995,617.0,8.23,28.0,228.7,-0.7518,-0.6594,26.6,35.2,38.2,1.278,0.112
25.225,92.5,632.0,5.09,28.0,214.4,-0.5648,-0.8252,26.8,35.1,38.0,1.281,0.0693
25.225,92.505,595.0,8.17,28.0,301.7,-0.8507,0.5256,26.4,34.2,39.4,1.277,0.1113
25.225,92.51,708.0,10.16,28.0,291.1,-0.9328,0.3604,26.1,35.9,38.0,1.28,0.1378
25.225,92.515,660.0,11.96,28.0,241.4,-0.8781,-0.4784,28.5,36.3,35.2,1.276,0.1624
25.225,92.52,606.0,14.83,28.0,248.4,-0.9299,-0.3677,27.7,36.8,35.5,1.272,0.2012
25.225,92.525,562.0,4.24,28.0,213.9,-0.5572,-0.8304,28.5,32.6,38.9,1.279,0.0578
25.225,92.53,544.0,4.28,28.0,44.2,0.6968,0.7173,28.8,33.4,37.8,1.278,0.0584
25.225,92.535,616.0,2.74,28.0,17.5,0.3001,0.9539,28.3,31.8,39.8,1.282,0.0373
25.225,92.54,590.0,10.87,28.0,222.7,-0.6785,-0.7346,28.8,34.9,36.3,1.275,0.1479
25.225,92.545,474.0,4.26,28.0,180.7,-0.0121,-0.9999,27.9,31.4,40.7,1.275,0.0583
25.225,92.55,515.0,12.05,28.0,36.4,0.5934,0.8049,26.6,34.0,39.4,1.271,0.1643
25.225,92.555,647.0,16.35,28.0,34.3,0.5635,0.8261,29.3,35.9,34.8,1.272,0.2213
25.225,92.56,759.0,17.57,28.0,41.2,0.6582,0.7528,27.3,35.3,37.4,1.276,0.2366
25.225,92.565,887.0,16.85,28.0,21.4,0.3647,0.9311,26.9,35.7,37.4,1.281,0.2263
25.225,92.57,1043.0,6.12,28.0,299.4,-0.8712,0.4909,27.8,33.4,38.8,1.297,0.0822
25.225,92.575,940.0,21.23,28.0,251.1,-0.9458,-0.3247,26.9,38.3,34.8,1.28,0.2829
25.225,92.58,916.0,22.0,28.0,257.5,-0.9763,-0.2164,27.5,39.3,33.2,1.278,0.2931
25.225,92.585,852.0,25.57,28.0,248.3,-0.9293,-0.3694,32.4,38.1,29.5,1.273,0.3391
25.225,92.59,738.0,5.78,28.0,346.1,-0.2395,0.9709,28.4,35.5,36.0,1.285,0.0784
25.225,92.595,951.0,25.92,28.0,12.4,0.2144,0.9767,30.9,40.3,28.8,1.276,0.3426
25.225,92.6,1216.0,27.73,28.0,354.7,-0.0923,0.9957,31.4,40.2,28.4,1.286,0.3618
25.225,92.605,1478.0,11.5,28.0,13.8,0.2384,0.9712,29.3,35.3,35.4,1.31,0.1522
25.225,92.61,1415.0,9.66,28.0,168.7,0.1954,-0.9807,28.6,35.1,36.3,1.309,0.1282
25.225,92.615,1310.0,9.09,28.0,193.0,-0.2246,-0.9745,30.5,36.2,33.3,1.305,0.1211
25.225,92.62,1258.0,2.03,28.0,197.7,-0.3041,-0.9526,29.4,34.4,36.2,1.309,0.0271
25.225,92.625,1276.0,9.15,28.0,76.1,0.9706,0.2405,29.4,36.4,34.2,1.303,0.122
25.225,92.63,1297.0,11.33,28.0,70.3,0.9415,0.3371,26.3,35.1,38.6,1.302,0.1509
25.225,92.635,1344.0,11.18,28.0,19.1,0.3273,0.9449,28.9,35.8,35.3,1.304,0.1487
25.225,92.64,1485.0,6.01,28.0,26.3,0.4437,0.8962,27.9,35.6,36.4,1.314,0.0797
25.225,92.645,1439.0,10.15,28.0,156.3,0.4016,-0.9158,27.3,33.8,38.9,1.309,0.1346
25.225,92.65,1320.0,8.47,28.0,186.2,-0.1086,-0.9941,28.2,33.8,38.0,1.306,0.1128
25.225,92.655,1290.0,4.33,28.0,211.5,-0.5222,-0.8528,29.1,33.2,37.7,1.308,0.0577
25.225,92.66,1255.0,7.05,28.0,261.2,-0.9883,-0.1527,28.6,35.2,36.2,1.304,0.0941
25.225,92.665,1271.0,7.17,28.0,272.3,-0.9992,0.0395,26.9,35.3,37.8,1.305,0.0956
25.225,92.67,1260.0,7.44,28.0,259.5,-0.9832,-0.1824,28.9,33.6,37.5,1.304,0.0993
25.225,92.675,1247.0,2.43,28.0,214.9,-0.5722,-0.8201,27.2,30.4,42.4,1.308,0.0324
25.225,92.68,1225.0,2.84,28.0,208.1,-0.4714,-0.8819,28.3,33.1,38.6,1.307,0.0379
25.225,92.685,1203.0,8.72,28.0,150.2,0.4976,-0.8674,27.6,32.9,39.4,1.301,0.1165
25.225,92.69,1091.0,5.39,28.0,163.4,0.2857,-0.9583,27.7,31.2,41.1,1.299,0.0723
25.225,92.695,1112.0,6.89,28.0,6.0,0.1041,0.9946,28.9,31.9,39.1,1.299,0.0924
25.225,92.7,1212.0,7.07,28.0,6.7,0.1159,0.9933,26.8,34.4,38.9,1.303,0.0945
25.225,92.705,1236.0,5.18,28.0,146.3,0.5546,-0.8321,30.3,35.4,34.2,1.305,0.0692
25.225,92.71,1136.0,4.93,28.0,88.7,0.9997,0.023,25.8,33.4,40.8,1.301,0.0661
25.225,92.715,1238.0,9.13,28.0,354.5,-0.0951,0.9955,27.3,34.8,38.0,1.302,0.1219
25.225,92.72,1297.0,4.31,28.0,47.7,0.7398,0.6728,28.4,34.9,36.6,1.308,0.0575
25.225,92.725,1289.0,12.01,28.0,74.3,0.9627,0.2707,28.7,32.9,38.4,1.302,0.1598
25.225,92.73,1355.0,13.32,28.0,44.9,0.7055,0.7087,27.9,36.3,35.8,1.303,0.1768
25.225,92.735,1458.0,5.99,28.0,56.1,0.8298,0.558,27.9,33.6,38.5,1.313,0.0795
25.225,92.74,1414.0,8.55,28.0,99.5,0.9863,-0.1652,28.5,35.1,36.4,1.309,0.1136
25.225,92.745,1433.0,5.86,28.0,93.3,0.9983,-0.0581,27.7,32.8,39.4,1.312,0.0778
25.225,92.75,1408.0,6.78,28.0,165.6,0.2492,-0.9685,29.7,32.6,37.7,1.311,0.0901
25.225,92.755,1317.0,11.78,28.0,163.2,0.2887,-0.9574,29.0,35.4,35.6,1.303,0.1567
25.225,92.76,1207.0,7.37,28.0,145.3,0.5697,-0.8219,29.0,36.4,34.5,1.302,0.0985
25.225,92.765,1210.0,3.56,28.0,112.5,0.9238,-0.383,26.8,34.2,38.9,1.305,0.0476
25.225,92.77,1183.0,6.02,28.0,118.7,0.8772,-0.4802,27.9,32.8,39.3,1.302,0.0805
25.225,92.775,1159.0,11.71,28.0,101.6,0.9795,-0.2013,27.6,33.1,39.2,1.297,0.1565
25.225,92.78,1141.0,11.85,28.0,103.7,0.9716,-0.2366,26.8,32.6,40.6,1.296,0.1584
25.225,92.785,1109.0,10.76,28.0,134.5,0.7138,-0.7003,28.4,36.8,34.7,1.295,0.1442
25.225,92.79,1007.0,3.76,28.0,184.7,-0.0819,-0.9966,27.4,31.6,41.1,1.297,0.0506
25.225,92.795,1043.0,5.91,28.0,316.0,-0.6943,0.7197,28.8,33.1,38.1,1.297,0.0794
25.225,92.8,1082.0,7.22,28.0,310.6,-0.7591,0.651,26.7,35.9,37.4,1.297,0.0969
25.225,92.805,1126.0,7.78,28.0,312.6,-0.7366,0.6763,30.1,31.7,38.3,1.299,0.1042
25.225,92.81,1175.0,4.33,28.0,324.4,-0.5815,0.8135,26.9,35.4,37.7,1.303,0.0579
25.225,92.815,1188.0,2.97,28.0,205.7,-0.4335,-0.9011,28.3,32.4,39.3,1.305,0.0397
25.225,92.82,1128.0,9.7,28.0,164.8,0.2629,-0.9648,29.0,32.9,38.2,1.297,0.1299
25.225,92.825,1022.0,5.52,28.0,129.6,0.771,-0.6368,27.3,33.1,39.6,1.296,0.0742
25.225,92.83,1066.0,7.29,28.0,86.0,0.9976,0.0699,29.0,32.9,38.1,1.297,0.0978
25.225,92.835,1031.0,10.75,28.0,133.6,0.7236,-0.6902,26.5,35.5,37.9,1.292,0.1444
25.225,92.84,934.0,9.92,28.0,206.9,-0.4522,-0.8919,29.7,33.7,36.6,1.289,0.1336
25.225,92.845,874.0,9.38,28.0,236.8,-0.8372,-0.5469,28.0,31.6,40.3,1.287,0.1266
25.225,92.85,843.0,10.19,28.0,237.6,-0.8443,-0.5358,27.3,34.4,38.3,1.285,0.1377
25.225,92.855,777.0,10.78,28.0,219.9,-0.6417,-0.7669,27.6,32.8,39.5,1.282,0.1459
25.225,92.86,696.0,9.87,28.0,229.8,-0.7641,-0.6451,29.0,34.9,36.1,1.28,0.1339
25.225,92.865,664.0,3.47,28.0,133.5,0.7258,-0.6879,27.3,31.1,41.6,1.284,0.0471
25.225,92.87,654.0,8.05,28.0,50.8,0.7749,0.632,27.1,33.4,39.5,1.279,0.1095
25.225,92.875,754.0,10.88,28.0,340.1,-0.341,0.9401,27.7,35.2,37.1,1.281,0.1473
25.225,92.88,836.0,5.47,28.0,327.1,-0.5436,0.8393,26.6,33.1,40.3,1.289,0.074
25.225,92.885,835.0,5.15,28.0,148.1,0.5285,-0.8489,30.2,33.7,36.1,1.289,0.0696
25.225,92.89,759.0,10.77,28.0,163.8,0.2785,-0.9604,27.3,35.9,36.8,1.281,0.1459
25.225,92.895,651.0,10.16,28.0,191.3,-0.1954,-0.9807,29.0,33.0,38.0,1.278,0.138
25.225,92.9,582.0,2.53,28.0,351.8,-0.1424,0.9898,28.3,32.6,39.2,1.281,0.0345
25.225,92.905,695.0,11.02,28.0,36.8,0.5995,0.8004,26.8,29.9,43.2,1.279,0.1495
25.225,92.91,739.0,7.22,28.0,50.6,0.7727,0.6348,28.0,34.3,37.7,1.284,0.0979
25.225,92.915,776.0,0.99,28.0,309.0,-0.7768,0.6298,28.9,31.8,39.2,1.29,0.0134
25.225,92.92,750.0,7.35,28.0,237.4,-0.8424,-0.5388,27.8,32.5,39.7,1.284,0.0996
25.225,92.925,706.0,10.13,28.0,225.1,-0.7086,-0.7056,29.4,35.2,35.4,1.28,0.1374
25.225,92.93,623.0,4.52,28.0,194.5,-0.2502,-0.9682,29.2,35.0,35.8,1.281,0.0615
25.225,92.935,629.0,1.76,28.0,13.6,0.2345,0.9721,29.1,31.8,39.1,1.284,0.0239
25.225,92.94,653.0,8.64,28.0,322.9,-0.6032,0.7976,27.4,32.9,39.7,1.279,0.1175
25.225,92.945,751.0,9.77,28.0,320.1,-0.6416,0.767,26.7,34.9,38.4,1.282,0.1324
25.225,92.95,786.0,2.87,28.0,342.2,-0.3051,0.9523,27.3,30.8,42.0,1.289,0.0388
25.225,92.955,799.0,4.21,28.0,90.0,1.0,0.0,28.2,32.1,39.6,1.288,0.057
25.225,92.96,786.0,8.85,28.0,136.6,0.6865,-0.7271,28.7,36.2,35.2,1.284,0.1198
25.225,92.965,685.0,7.98,28.0,176.7,0.0576,-0.9983,25.4,34.2,40.4,1.281,0.1084
25.225,92.97,645.0,3.07,28.0,179.0,0.0167,-0.9999,28.0,30.0,42.0,1.283,0.0417
25.225,92.975,631.0,4.97,28.0,110.0,0.9395,-0.3425,28.2,30.6,41.2,1.281,0.0676
25.225,92.98,615.0,2.95,28.0,295.1,-0.9058,0.4237,27.7,33.0,39.3,1.282,0.0401
25.225,92.985,653.0,5.6,28.0,344.1,-0.2746,0.9615,29.5,34.8,35.7,1.281,0.0762
25.225,92.99,710.0,1.82,28.0,321.5,-0.6228,0.7824,28.5,30.1,41.4,1.287,0.0247
25.225,92.995,678.0,4.03,28.0,205.7,-0.4331,-0.9013,29.6,33.7,36.7,1.284,0.0547
25.23,92.5,647.0,5.38,28.0,292.3,-0.9251,0.3796,27.7,35.4,36.8,1.281,0.0732
25.23,92.505,665.0,10.55,28.0,315.6,-0.6995,0.7147,29.1,37.6,33.2,1.278,0.1433
25.23,92.51,781.0,9.91,28.0,314.8,-0.7094,0.7048,30.0,35.1,34.9,1.283,0.1341
25.23,92.515,789.0,12.98,28.0,263.8,-0.9942,-0.1078,29.6,36.2,34.2,1.281,0.1753
25.23,92.52,756.0,13.47,28.0,224.5,-0.7011,-0.713,26.7,32.4,40.9,1.279,0.1821
25.23,92.525,617.0,11.87,28.0,222.5,-0.6755,-0.7374,27.7,38.3,34.0,1.275,0.1613
25.23,92.53,600.0,6.87,28.0,267.6,-0.9992,-0.0412,27.6,33.0,39.4,1.278,0.0936
25.23,92.535,612.0,2.4,28.0,22.7,0.3852,0.9228,28.6,31.2,40.2,1.282,0.0327
25.23,92.54,639.0,7.22,28.0,226.4,-0.7236,-0.6902,28.8,33.5,37.6,1.28,0.0982
25.23,92.545,524.0,13.03,28.0,217.8,-0.6134,-0.7898,27.0,37.7,35.3,1.27,0.1775
25.23,92.55,455.0,2.63,28.0,346.4,-0.2345,0.9721,28.1,36.0,35.9,1.276,0.036
25.23,92.555,569.0,13.57,28.0,26.8,0.4503,0.8929,25.6,35.8,38.6,1.271,0.1846
25.23,92.56,672.0,13.99,28.0,28.2,0.4725,0.8813,29.7,37.2,33.0,1.275,0.1896
25.23,92.565,790.0,18.48,28.0,28.8,0.4811,0.8767,27.4,37.0,35.6,1.276,0.2484
25.23,92.57,967.0,23.86,28.0,16.0,0.2762,0.9611,28.1,36.8,35.1,1.279,0.3163
25.23,92.575,1218.0,16.66,28.0,316.3,-0.6904,0.7235,27.6,38.7,33.7,1.295,0.2214
25.23,92.58,1185.0,24.12,28.0,258.9,-0.9812,-0.193,29.4,37.5,33.1,1.287,0.3175
25.23,92.585,1131.0,29.5,28.0,238.7,-0.8544,-0.5197,28.6,42.2,29.2,1.281,0.3844
25.23,92.59,889.0,26.15,28.0,242.8,-0.8893,-0.4572,32.0,40.9,27.1,1.274,0.3459
25.23,92.595,905.0,22.98,28.0,352.2,-0.1356,0.9908,27.9,39.0,33.1,1.277,0.3057
25.23,92.6,1312.0,25.25,28.0,5.1,0.0886,0.9961,31.5,41.5,27.1,1.291,0.3304
25.23,92.605,1378.0,7.88,28.0,92.1,0.9994,-0.0359,30.1,37.4,32.5,1.309,0.1047
25.23,92.61,1307.0,6.83,28.0,120.4,0.8626,-0.5059,26.9,33.6,39.5,1.307,0.091
25.23,92.615,1317.0,0.17,28.0,0.0,0.0,1.0,28.9,30.8,40.2,1.313,0.0023
25.23,92.62,1310.0,3.31,28.0,185.3,-0.0932,-0.9957,28.4,30.1,41.5,1.31,0.0441
25.23,92.625,1259.0,4.49,28.0,95.8,0.9949,-0.1011,29.5,36.6,33.9,1.307,0.0599
25.23,92.63,1302.0,9.19,28.0,353.9,-0.1055,0.9944,27.2,33.8,39.0,1.304,0.1225
25.23,92.635,1421.0,10.08,28.0,334.9,-0.4246,0.9054,27.1,36.4,36.5,1.308,0.1338
25.23,92.64,1464.0,6.63,28.0,119.1,0.8734,-0.4871,29.3,32.7,38.0,1.313,0.0879
25.23,92.645,1364.0,10.9,28.0,133.3,0.7277,-0.6859,28.5,37.2,34.3,1.305,0.1449
25.23,92.65,1331.0,5.32,28.0,122.9,0.8392,-0.5439,26.1,32.4,41.5,1.309,0.0708
25.23,92.655,1313.0,1.32,28.0,121.1,0.8563,-0.5164,27.4,30.6,42.1,1.311,0.0176
25.23,92.66,1319.0,0.96,28.0,126.4,0.805,-0.5933,28.5,31.9,39.6,1.312,0.0128
25.23,92.665,1303.0,3.99,28.0,125.7,0.8117,-0.5841,29.0,32.3,38.7,1.309,0.0532
25.23,92.67,1278.0,8.58,28.0,135.3,0.7029,-0.7113,27.2,35.2,37.6,1.304,0.1144
25.23,92.675,1195.0,8.8,28.0,138.1,0.6676,-0.7445,24.5,34.3,41.2,1.3,0.1177
25.23,92.68,1162.0,6.4,28.0,129.0,0.7773,-0.6291,28.6,34.6,36.7,1.301,0.0857
25.23,92.685,1124.0,2.79,28.0,302.0,-0.848,0.5299,26.5,32.3,41.2,1.303,0.0374
25.23,92.69,1188.0,8.43,28.0,268.8,-0.9998,-0.0201,25.6,33.3,41.2,1.3,0.1128
25.23,92.695,1121.0,3.9,28.0,253.9,-0.961,-0.2765,24.6,32.2,43.2,1.302,0.0522
25.23,92.7,1169.0,6.8,28.0,48.9,0.7532,0.6578,29.0,36.9,34.1,1.301,0.091
25.23,92.705,1200.0,8.84,28.0,104.0,0.9701,-0.2426,28.2,34.7,37.2,1.301,0.1181
25.23,92.71,1131.0,2.43,28.0,84.6,0.9956,0.0937,27.7,29.7,42.6,1.303,0.0325
25.23,92.715,1204.0,6.7,28.0,63.4,0.8941,0.4478,29.7,33.0,37.3,1.303,0.0895
25.23,92.72,1184.0,5.54,28.0,88.2,0.9995,0.0307,28.8,33.6,37.6,1.303,0.0741
25.23,92.725,1207.0,7.19,28.0,20.4,0.349,0.9371,29.9,36.7,33.4,1.302,0.0961
25.23,92.73,1303.0,10.23,28.0,18.9,0.3234,0.9463,26.3,36.3,37.4,1.304,0.1362
25.23,92.735,1379.0,8.38,28.0,96.2,0.9942,-0.1079,28.0,32.9,39.2,1.308,0.1114
25.23,92.74,1287.0,10.07,28.0,119.5,0.8704,-0.4924,26.1,38.3,35.6,1.303,0.1342
25.23,92.745,1291.0,9.75,28.0,57.9,0.8469,0.5318,27.7,34.6,37.7,1.304,0.1299
25.23,92.75,1379.0,7.01,28.0,73.1,0.9568,0.2907,27.7,35.7,36.6,1.309,0.0932
25.23,92.755,1327.0,7.26,28.0,176.4,0.0635,-0.998,28.8,32.2,39.0,1.307,0.0967
25.23,92.76,1251.0,8.64,28.0,189.2,-0.1597,-0.9872,28.1,30.7,41.2,1.303,0.1153
25.23,92.765,1176.0,10.33,28.0,168.6,0.1971,-0.9804,28.7,32.6,38.6,1.298,0.1381
25.23,92.77,1071.0,12.95,28.0,149.2,0.5116,-0.8592,28.8,30.6,40.6,1.292,0.1735
25.23,92.775,977.0,6.7,28.0,148.7,0.5201,-0.8541,30.6,37.0,32.5,1.293,0.0902
25.23,92.78,970.0,1.82,28.0,28.8,0.4813,0.8765,27.6,32.8,39.6,1.297,0.0245
25.23,92.785,1005.0,8.48,28.0,1.4,0.0241,0.9997,26.9,32.9,40.3,1.293,0.114
25.23,92.79,1120.0,10.09,28.0,312.5,-0.7373,0.6756,28.3,35.4,36.3,1.296,0.1352
25.23,92.795,1126.0,7.29,28.0,278.0,-0.9902,0.1398,27.0,34.2,38.7,1.299,0.0977
25.23,92.8,1138.0,5.84,28.0,304.3,-0.8261,0.5635,29.8,34.5,35.7,1.301,0.0782
25.23,92.805,1184.0,7.23,28.0,315.5,-0.7014,0.7128,27.7,35.7,36.6,1.301,0.0967
25.23,92.81,1229.0,1.7,28.0,326.9,-0.5457,0.838,27.3,32.0,40.7,1.308,0.0227
25.23,92.815,1209.0,7.09,28.0,167.1,0.224,-0.9746,27.4,32.6,40.0,1.302,0.0948
25.23,92.82,1107.0,9.03,28.0,178.1,0.0339,-0.9994,28.9,35.6,35.5,1.297,0.121
25.23,92.825,1049.0,9.1,28.0,194.6,-0.2525,-0.9676,27.8,35.6,36.6,1.294,0.1222
25.23,92.83,951.0,10.58,28.0,161.2,0.3223,-0.9466,27.2,35.0,37.8,1.289,0.1424
25.23,92.835,871.0,6.04,28.0,73.6,0.9595,0.2816,30.0,36.9,33.1,1.29,0.0816
25.23,92.84,981.0,6.02,28.0,40.3,0.647,0.7625,27.0,32.9,40.1,1.294,0.081
25.23,92.845,952.0,5.98,28.0,207.0,-0.4543,-0.8908,28.0,32.2,39.7,1.293,0.0806
25.23,92.85,887.0,9.69,28.0,204.9,-0.4208,-0.9072,28.8,35.2,36.0,1.287,0.1308
25.23,92.855,796.0,6.75,28.0,220.2,-0.6454,-0.7639,26.0,32.8,41.2,1.286,0.0914
25.23,92.86,796.0,7.78,28.0,241.8,-0.8813,-0.4726,28.6,34.8,36.6,1.285,0.1053
25.23,92.865,731.0,9.51,28.0,211.4,-0.5203,-0.854,26.7,33.3,40.0,1.281,0.129
25.23,92.87,652.0,4.2,28.0,50.5,0.7714,0.6363,29.0,32.5,38.5,1.283,0.0571
25.23,92.875,778.0,10.82,28.0,356.2,-0.0658,0.9978,26.8,37.7,35.4,1.282,0.1464
25.23,92.88,844.0,4.16,28.0,340.5,-0.3336,0.9427,28.8,32.5,38.7,1.29,0.0562
25.23,92.885,847.0,4.88,28.0,188.5,-0.1473,-0.9891,29.3,32.1,38.6,1.29,0.0659
25.23,92.89,759.0,7.19,28.0,180.8,-0.0142,-0.9999,29.0,35.7,35.3,1.284,0.0975
25.23,92.895,720.0,10.3,28.0,201.8,-0.3706,-0.9288,28.3,33.2,38.5,1.28,0.1397
25.23,92.9,589.0,7.83,28.0,206.4,-0.4443,-0.8959,27.7,33.0,39.2,1.277,0.1067
25.23,92.905,596.0,8.14,28.0,43.7,0.6913,0.7226,27.3,35.0,37.7,1.277,0.1109
25.23,92.91,693.0,9.59,28.0,23.5,0.3988,0.917,29.8,36.0,34.3,1.28,0.1302
25.23,92.915,752.0,7.53,28.0,15.8,0.272,0.9623,27.2,35.8,37.0,1.284,0.1021
25.23,92.92,821.0,4.1,28.0,305.5,-0.8137,0.5813,26.8,32.0,41.3,1.289,0.0555
25.23,92.925,794.0,7.67,28.0,225.5,-0.7136,-0.7005,28.8,34.9,36.3,1.285,0.1039
25.23,92.93,726.0,8.96,28.0,246.6,-0.9178,-0.3971,27.0,33.7,39.3,1.282,0.1215
25.23,92.935,731.0,8.03,28.0,285.9,-0.9616,0.2746,26.9,33.2,39.9,1.283,0.1089
25.23,92.94,765.0,7.29,28.0,290.9,-0.934,0.3572,26.3,35.7,38.0,1.285,0.0987
25.23,92.945,777.0,4.21,28.0,302.7,-0.8419,0.5396,27.4,32.3,40.3,1.288,0.057
25.23,92.95,805.0,1.26,28.0,312.7,-0.7354,0.6776,27.9,32.8,39.3,1.291,0.017
25.23,92.955,792.0,3.01,28.0,140.8,0.6323,-0.7747,28.3,33.0,38.7,1.289,0.0407
25.23,92.96,764.0,4.67,28.0,149.6,0.5056,-0.8628,29.1,31.6,39.2,1.287,0.0633
25.23,92.965,721.0,5.42,28.0,157.1,0.3883,-0.9215,28.6,34.9,36.5,1.284,0.0736
25.23,92.97,676.0,9.28,28.0,175.3,0.0824,-0.9966,27.8,35.3,36.9,1.279,0.1261
25.23,92.975,557.0,6.27,28.0,93.6,0.998,-0.0633,27.8,30.7,41.5,1.277,0.0855
25.23,92.98,669.0,5.41,28.0,350.2,-0.1707,0.9853,28.6,33.9,37.5,1.282,0.0735
25.23,92.985,651.0,1.6,28.0,50.3,0.7698,0.6383,29.5,31.3,39.2,1.285,0.0217
25.23,92.99,687.0,2.98,28.0,90.0,1.0,0.0,28.2,34.4,37.4,1.285,0.0405
25.23,92.995,651.0,4.35,28.0,160.0,0.3423,-0.9396,27.4,31.0,41.6,1.282,0.0592
25.235,92.5,729.0,8.37,28.0,278.5,-0.9889,0.1485,26.8,33.7,39.5,1.282,0.1135
25.235,92.505,740.0,9.9,28.0,311.7,-0.7462,0.6657,26.3,35.2,38.6,1.281,0.1342
25.235,92.51,846.0,11.8,28.0,326.3,-0.5547,0.832,28.8,35.2,36.0,1.284,0.1593
25.235,92.515,915.0,9.6,28.0,251.9,-0.9504,-0.3111,28.7,35.7,35.6,1.289,0.1294
25.235,92.52,793.0,12.67,28.0,210.5,-0.5076,-0.8616,28.7,33.1,38.2,1.281,0.1712
25.235,92.525,720.0,12.39,28.0,238.7,-0.8543,-0.5197,27.8,37.8,34.4,1.278,0.1679
25.235,92.53,678.0,11.11,28.0,231.9,-0.7869,-0.6171,29.7,35.8,34.6,1.278,0.1508
25.235,92.535,598.0,3.29,28.0,284.0,-0.9702,0.2422,27.4,34.9,37.7,1.281,0.0448
25.235,92.54,692.0,7.47,28.0,284.9,-0.9663,0.2576,29.1,35.3,35.6,1.281,0.1015
25.235,92.545,632.0,10.91,28.0,211.8,-0.5266,-0.8501,28.0,34.9,37.2,1.276,0.1483
25.235,92.55,527.0,12.49,28.0,241.6,-0.8799,-0.4752,27.3,33.4,39.3,1.271,0.1702
25.235,92.555,526.0,6.05,28.0,18.8,0.3222,0.9467,28.7,32.8,38.5,1.276,0.0826
25.235,92.56,628.0,11.48,28.0,27.1,0.4556,0.8902,28.5,37.4,34.1,1.276,0.156
25.235,92.565,708.0,17.4,28.0,27.9,0.4672,0.8842,28.4,38.7,32.9,1.274,0.2347
25.235,92.57,907.0,26.81,28.0,24.8,0.4194,0.9078,32.1,38.2,29.7,1.274,0.354
25.235,92.575,1170.0,27.88,28.0,20.8,0.3549,0.9349,32.0,35.2,32.8,1.284,0.3642
25.235,92.58,1405.0,13.1,28.0,339.9,-0.3436,0.9391,30.9,35.2,34.0,1.305,0.1737
25.235,92.585,1390.0,24.1,28.0,246.3,-0.9157,-0.4019,29.4,38.0,32.6,1.296,0.3151
25.235,92.59,1224.0,35.29,28.0,238.3,-0.8504,-0.5262,32.9,41.0,26.1,1.28,0.4513
25.235,92.595,1015.0,25.98,28.0,263.6,-0.9938,-0.1111,32.1,39.7,28.1,1.279,0.3425
25.235,92.6,1169.5,17.62,28.0,14.9,0.2574,0.9663,29.2,38.0,32.8,1.292,0.2343
25.235,92.605,1324.0,7.4,28.0,3.6,0.0623,0.9981,28.6,35.5,35.9,1.307,0.0985
25.235,92.61,1300.0,4.89,28.0,260.6,-0.9867,-0.1625,28.0,34.0,38.0,1.308,0.0652
25.235,92.615,1310.0,4.23,28.0,241.1,-0.8752,-0.4838,27.6,30.4,41.9,1.309,0.0563
25.235,92.62,1264.0,6.85,28.0,181.3,-0.0224,-0.9997,27.9,33.3,38.8,1.305,0.0914
25.235,92.625,1189.0,3.04,28.0,13.7,0.2366,0.9716,24.2,36.3,39.5,1.305,0.0406
25.235,92.63,1316.0,14.33,28.0,21.7,0.3693,0.9293,28.3,36.4,35.4,1.301,0.1902
25.235,92.635,1428.0,6.74,28.0,61.9,0.8822,0.4709,27.4,34.3,38.2,1.312,0.0895
25.235,92.64,1372.0,13.78,28.0,126.0,0.8095,-0.5872,29.9,36.2,33.9,1.303,0.1828
25.235,92.645,1283.0,9.06,28.0,149.9,0.5012,-0.8654,28.0,35.0,36.9,1.304,0.1208
25.235,92.65,1233.0,9.47,28.0,95.1,0.996,-0.0893,26.6,31.0,42.5,1.301,0.1265
25.235,92.655,1268.0,8.04,28.0,87.2,0.9988,0.0492,27.9,33.8,38.3,1.304,0.1073
25.235,92.66,1240.0,8.75,28.0,112.8,0.922,-0.3871,26.7,34.3,39.0,1.302,0.1168
25.235,92.665,1208.0,8.76,28.0,129.2,0.7753,-0.6316,28.6,36.3,35.2,1.301,0.1171
25.235,92.67,1142.0,8.96,28.0,118.6,0.8778,-0.479,28.3,34.5,37.2,1.298,0.12
25.235,92.675,1132.0,1.78,28.0,243.5,-0.8947,-0.4467,29.1,30.0,40.8,1.304,0.0238
25.235,92.68,1128.0,7.89,28.0,327.0,-0.5446,0.8387,27.1,34.7,38.2,1.299,0.1057
25.235,92.685,1249.0,11.31,28.0,309.4,-0.7722,0.6354,28.0,33.8,38.1,1.301,0.1507
25.235,92.69,1256.0,6.24,28.0,234.4,-0.8136,-0.5815,26.4,31.8,41.8,1.305,0.0833
25.235,92.695,1185.0,10.91,28.0,222.1,-0.6708,-0.7416,28.8,33.7,37.5,1.298,0.1458
25.235,92.7,1112.0,7.14,28.0,201.9,-0.373,-0.9278,28.6,34.7,36.7,1.299,0.0957
25.235,92.705,1068.0,4.17,28.0,108.3,0.9496,-0.3136,28.6,35.0,36.4,1.299,0.056
25.235,92.71,1089.0,3.74,28.0,36.3,0.5916,0.8062,28.0,33.7,38.3,1.3,0.0502
25.235,92.715,1121.0,6.14,28.0,22.6,0.3841,0.9233,28.5,34.6,36.9,1.3,0.0823
25.235,92.72,1189.0,6.74,28.0,0.0,0.0,1.0,29.9,34.5,35.6,1.302,0.0901
25.235,92.725,1240.0,5.75,28.0,354.9,-0.0892,0.996,27.7,33.7,38.7,1.305,0.0768
25.235,92.73,1290.0,3.14,28.0,4.7,0.0819,0.9966,28.2,33.9,38.0,1.309,0.0418
25.235,92.735,1295.0,6.54,28.0,114.6,0.9094,-0.416,26.7,30.1,43.2,1.306,0.0872
25.235,92.74,1242.0,5.9,28.0,103.3,0.9731,-0.2305,27.0,33.7,39.3,1.305,0.0788
25.235,92.745,1271.0,6.03,28.0,70.8,0.9443,0.3292,28.1,32.0,39.8,1.306,0.0804
25.235,92.75,1277.0,10.98,28.0,79.1,0.9819,0.1895,29.3,36.7,34.0,1.302,0.1463
25.235,92.755,1308.0,5.91,28.0,114.4,0.911,-0.4125,27.7,33.4,39.0,1.307,0.0788
25.235,92.76,1234.0,9.33,28.0,146.5,0.552,-0.8339,27.7,34.5,37.7,1.302,0.1245
25.235,92.765,1170.0,12.53,28.0,144.4,0.582,-0.8132,27.5,33.1,39.4,1.296,0.1674
25.235,92.77,1052.0,6.46,28.0,133.8,0.7215,-0.6925,27.4,35.2,37.4,1.297,0.0867
25.235,92.775,1091.0,8.54,28.0,298.4,-0.8793,0.4762,28.4,35.2,36.4,1.297,0.1145
25.235,92.78,1124.0,10.96,28.0,274.1,-0.9974,0.0718,26.2,35.8,38.0,1.296,0.1467
25.235,92.785,1105.0,9.33,28.0,280.1,-0.9845,0.1754,29.5,33.3,37.2,1.296,0.1251
25.235,92.79,1153.0,5.09,28.0,331.7,-0.4739,0.8806,27.2,32.2,40.6,1.302,0.0681
25.235,92.795,1184.0,6.09,28.0,282.4,-0.9768,0.2141,28.9,34.0,37.2,1.302,0.0815
25.235,92.8,1176.0,6.38,28.0,291.3,-0.9314,0.364,26.5,32.7,40.9,1.302,0.0853
25.235,92.805,1225.0,3.68,28.0,285.2,-0.9648,0.2628,28.8,33.6,37.6,1.306,0.0491
25.235,92.81,1193.0,3.9,28.0,172.4,0.1318,-0.9913,28.8,29.8,41.4,1.304,0.0522
25.235,92.815,1157.0,4.22,28.0,163.0,0.2924,-0.9563,28.5,32.4,39.1,1.303,0.0565
25.235,92.82,1122.0,5.12,28.0,176.5,0.0602,-0.9982,26.8,36.1,37.1,1.301,0.0686
25.235,92.825,1067.0,7.78,28.0,153.4,0.4472,-0.8944,28.3,34.7,37.0,1.296,0.1045
25.235,92.83,999.0,8.42,28.0,181.4,-0.0243,-0.9997,26.6,34.5,38.9,1.293,0.1132
25.235,92.835,918.0,8.07,28.0,170.9,0.1583,-0.9874,27.7,37.1,35.2,1.29,0.1088
25.235,92.84,858.0,12.13,28.0,87.6,0.9991,0.0416,29.2,31.7,39.0,1.284,0.1637
25.235,92.845,927.0,9.78,28.0,68.0,0.9273,0.3744,29.0,33.4,37.7,1.289,0.1318
25.235,92.85,923.0,6.56,28.0,124.1,0.8277,-0.5612,28.0,33.1,38.8,1.291,0.0885
25.235,92.855,862.0,6.32,28.0,213.5,-0.5516,-0.8341,26.8,35.0,38.2,1.289,0.0854
25.235,92.86,830.0,5.88,28.0,193.1,-0.2268,-0.9739,28.8,34.9,36.3,1.288,0.0795
25.235,92.865,761.0,13.49,28.0,171.8,0.1423,-0.9898,28.0,34.3,37.7,1.279,0.1824
25.235,92.87,591.0,3.01,28.0,82.4,0.9912,0.1323,25.2,34.3,40.5,1.281,0.041
25.235,92.875,768.0,15.14,28.0,357.1,-0.0498,0.9988,28.9,35.4,35.6,1.278,0.2044
25.235,92.88,863.0,4.74,28.0,346.2,-0.2386,0.9711,28.0,35.1,36.9,1.291,0.064
25.235,92.885,849.0,5.82,28.0,173.4,0.1145,-0.9934,29.4,32.0,38.6,1.289,0.0787
25.235,92.89,761.0,6.97,28.0,182.5,-0.0441,-0.999,26.7,33.7,39.6,1.285,0.0944
25.235,92.895,726.0,6.4,28.0,190.6,-0.1842,-0.9829,24.2,33.0,42.8,1.284,0.0868
25.235,92.9,650.0,8.23,28.0,194.4,-0.2485,-0.9686,28.3,35.8,35.9,1.279,0.1119
25.235,92.905,585.0,1.15,28.0,314.1,-0.7187,0.6953,28.3,31.5,40.1,1.282,0.0157
25.235,92.91,664.0,8.56,28.0,355.2,-0.0836,0.9965,26.0,34.2,39.8,1.279,0.1164
25.235,92.915,736.0,8.54,28.0,3.1,0.0538,0.9986,26.8,35.0,38.1,1.282,0.1158
25.235,92.92,815.0,6.5,28.0,47.8,0.7412,0.6713,31.3,34.6,34.1,1.287,0.088
25.235,92.925,813.0,3.16,28.0,123.9,0.83,-0.5578,27.6,34.2,38.2,1.29,0.0427
25.235,92.93,784.0,6.62,28.0,253.6,-0.9593,-0.2823,28.9,34.1,37.0,1.286,0.0896
25.235,92.935,780.0,6.0,28.0,271.1,-0.9998,0.0189,27.2,33.0,39.8,1.286,0.0813
25.235,92.94,786.0,3.67,28.0,308.3,-0.7848,0.6198,25.5,32.5,42.1,1.288,0.0497
25.235,92.945,820.0,2.91,28.0,290.6,-0.9362,0.3515,27.8,32.8,39.4,1.29,0.0394
25.235,92.95,804.0,3.83,28.0,149.3,0.5098,-0.8603,27.7,33.4,38.9,1.289,0.0518
25.235,92.955,762.0,4.36,28.0,146.4,0.5533,-0.833,27.5,32.9,39.5,1.287,0.0591
25.235,92.96,740.0,6.92,28.0,165.0,0.2591,-0.9658,27.9,33.9,38.3,1.284,0.0938
25.235,92.965,644.0,6.58,28.0,161.4,0.3195,-0.9476,28.3,31.5,40.2,1.28,0.0895
25.235,92.97,630.0,8.32,28.0,156.5,0.3993,-0.9168,27.8,35.2,37.0,1.278,0.1132
25.235,92.975,509.0,0.17,28.0,0.0,0.0,1.0,26.5,32.3,41.2,1.28,0.0023
25.235,92.98,633.0,13.33,28.0,59.8,0.8643,0.5029,28.6,37.1,34.4,1.274,0.181
25.235,92.985,629.0,7.35,28.0,81.6,0.9892,0.1463,25.7,34.0,40.4,1.279,0.1
25.235,92.99,652.0,9.5,28.0,83.2,0.9929,0.1187,25.5,31.9,42.5,1.278,0.1291
25.235,92.995,649.0,6.26,28.0,93.1,0.9985,-0.0543,28.9,33.1,38.0,1.281,0.0851
25.24,92.5,809.0,12.31,28.0,270.5,-1.0,0.0091,28.6,35.0,36.4,1.282,0.1663
25.24,92.505,810.0,12.1,28.0,297.9,-0.8839,0.4678,27.9,36.3,35.7,1.282,0.1635
25.24,92.51,910.0,12.87,28.0,313.4,-0.7271,0.6866,26.3,32.3,41.3,1.286,0.1732
25.24,92.515,968.0,13.67,28.0,263.7,-0.9939,-0.1103,27.2,35.7,37.1,1.287,0.1836
25.24,92.52,883.0,18.68,28.0,245.3,-0.9088,-0.4172,27.7,37.8,34.6,1.28,0.2502
25.24,92.525,826.0,16.15,28.0,247.6,-0.9247,-0.3808,26.1,35.3,38.6,1.28,0.2173
25.24,92.53,772.0,14.28,28.0,233.6,-0.805,-0.5933,27.1,35.9,37.0,1.279,0.1929
25.24,92.535,674.0,7.94,28.0,273.3,-0.9984,0.057,28.8,33.2,38.0,1.28,0.1079
25.24,92.54,780.0,10.44,28.0,258.5,-0.9799,-0.1994,29.7,33.7,36.6,1.282,0.1413
25.24,92.545,637.0,11.82,28.0,239.2,-0.8586,-0.5126,27.5,34.5,38.0,1.276,0.1605
25.24,92.55,672.0,11.17,28.0,237.8,-0.8461,-0.5331,28.9,33.9,37.2,1.278,0.1516
25.24,92.555,531.0,7.92,28.0,222.7,-0.6779,-0.7352,25.7,35.1,39.2,1.275,0.1081
25.24,92.56,569.0,5.84,28.0,21.1,0.3603,0.9328,28.8,32.5,38.8,1.278,0.0796
25.24,92.565,627.0,9.42,28.0,14.1,0.2437,0.9699,27.0,33.2,39.8,1.277,0.1282
25.24,92.57,731.0,21.12,28.0,10.9,0.1884,0.9821,28.4,40.3,31.3,1.272,0.2833
25.24,92.575,1009.0,28.41,28.0,4.4,0.0764,0.9971,31.7,41.0,27.3,1.277,0.3726
25.24,92.58,1274.0,30.25,28.0,10.1,0.1756,0.9845,33.6,37.3,29.1,1.286,0.3917
25.24,92.585,1587.0,18.06,28.0,330.3,-0.496,0.8683,27.0,35.7,37.4,1.308,0.237
25.24,92.59,1559.0,20.12,28.0,247.2,-0.9218,-0.3876,28.8,37.7,33.5,1.306,0.2634
25.24,92.595,1444.0,30.82,28.0,235.8,-0.8267,-0.5627,31.7,40.7,27.6,1.292,0.3966
25.24,92.6,1221.0,17.88,28.0,256.7,-0.973,-0.2308,27.8,34.5,37.7,1.294,0.2373
25.24,92.605,1369.0,10.15,28.0,2.6,0.0452,0.999,27.8,36.4,35.8,1.306,0.1349
25.24,92.61,1401.0,1.19,28.0,17.6,0.3018,0.9534,27.0,33.6,39.5,1.315,0.0158
25.24,92.615,1389.0,5.52,28.0,154.7,0.4274,-0.904,28.0,34.2,37.8,1.311,0.0734
25.24,92.62,1313.0,8.21,28.0,172.5,0.1308,-0.9914,27.9,36.2,35.9,1.306,0.1093
25.24,92.625,1245.0,6.6,28.0,175.1,0.0855,-0.9963,28.3,34.4,37.3,1.304,0.0881
25.24,92.63,1197.0,8.57,28.0,66.7,0.9184,0.3956,28.1,35.0,36.9,1.301,0.1145
25.24,92.635,1305.0,13.0,28.0,78.6,0.9802,0.1978,29.0,37.8,33.2,1.301,0.1729
25.24,92.64,1243.0,9.04,28.0,100.8,0.9823,-0.1873,29.1,36.1,34.8,1.302,0.1207
25.24,92.645,1275.0,9.41,28.0,125.6,0.8135,-0.5816,26.7,33.2,40.0,1.303,0.1255
25.24,92.65,1146.0,6.82,28.0,170.9,0.1576,-0.9875,29.0,34.8,36.2,1.3,0.0913
25.24,92.655,1156.0,2.71,28.0,288.3,-0.9492,0.3148,26.6,31.7,41.7,1.304,0.0363
25.24,92.66,1161.0,4.24,28.0,280.8,-0.9822,0.1877,28.7,33.9,37.4,1.303,0.0567
25.24,92.665,1170.0,2.32,28.0,204.9,-0.4212,-0.9069,28.7,33.3,37.9,1.305,0.031
25.24,92.67,1124.0,3.54,28.0,334.1,-0.436,0.8999,25.7,30.9,43.4,1.302,0.0474
25.24,92.675,1226.0,8.98,28.0,320.0,-0.6422,0.7666,28.1,34.2,37.7,1.302,0.1199
25.24,92.68,1246.0,10.12,28.0,292.9,-0.921,0.3895,27.4,35.1,37.5,1.301,0.1351
25.24,92.685,1296.0,5.08,28.0,297.3,-0.889,0.4579,27.1,32.7,40.2,1.308,0.0677
25.24,92.69,1287.0,2.52,28.0,225.6,-0.7145,-0.6997,29.6,33.1,37.2,1.309,0.0336
25.24,92.695,1265.0,3.82,28.0,169.1,0.1884,-0.9821,27.2,34.2,38.6,1.307,0.051
25.24,92.7,1221.0,8.04,28.0,177.1,0.0509,-0.9987,27.0,34.1,38.9,1.302,0.1074
25.24,92.705,1123.0,7.57,28.0,173.4,0.1148,-0.9934,28.1,34.4,37.6,1.299,0.1014
25.24,92.71,1088.0,6.41,28.0,288.0,-0.951,0.3092,28.8,35.8,35.4,1.298,0.086
25.24,92.715,1158.0,6.96,28.0,321.3,-0.6251,0.7806,27.8,34.6,37.6,1.301,0.0931
25.24,92.72,1184.0,3.76,28.0,333.2,-0.4514,0.8923,29.4,33.3,37.3,1.304,0.0503
25.24,92.725,1217.0,6.7,28.0,15.5,0.2676,0.9635,28.6,32.3,39.0,1.303,0.0895
25.24,92.73,1298.0,2.7,28.0,14.3,0.2476,0.9688,25.4,33.7,40.9,1.31,0.036
25.24,92.735,1263.0,7.29,28.0,162.8,0.2951,-0.9555,27.4,34.4,38.2,1.304,0.0973
25.24,92.74,1175.0,5.01,28.0,160.2,0.3384,-0.941,27.3,35.3,37.4,1.303,0.067
25.24,92.745,1180.0,5.31,28.0,94.9,0.9963,-0.0856,28.6,33.5,37.9,1.303,0.071
25.24,92.75,1167.0,8.32,28.0,73.4,0.9584,0.2853,24.9,31.5,43.7,1.3,0.1113
25.24,92.755,1222.0,12.94,28.0,94.2,0.9973,-0.0735,31.1,32.9,36.0,1.298,0.1725
25.24,92.76,1150.0,15.88,28.0,131.6,0.7483,-0.6633,28.6,37.3,34.0,1.293,0.2116
25.24,92.765,1032.0,12.66,28.0,138.7,0.6597,-0.7515,28.2,34.5,37.3,1.291,0.1698
25.24,92.77,980.0,5.57,28.0,339.5,-0.35,0.9368,29.4,34.1,36.4,1.295,0.075
25.24,92.775,1124.0,11.66,28.0,350.5,-0.1654,0.9862,30.8,35.3,33.9,1.295,0.1561
25.24,92.78,1185.0,3.55,28.0,347.5,-0.2171,0.9761,29.0,32.7,38.3,1.304,0.0475
25.24,92.785,1185.0,4.53,28.0,257.0,-0.9743,-0.2255,29.1,33.1,37.8,1.304,0.0606
25.24,92.79,1167.0,5.39,28.0,306.9,-0.7999,0.6001,28.2,32.1,39.7,1.302,0.0721
25.24,92.795,1242.0,5.0,28.0,351.1,-0.1541,0.9881,27.8,33.3,38.9,1.306,0.0667
25.24,92.8,1254.0,1.96,28.0,288.7,-0.9474,0.3201,27.4,31.6,40.9,1.309,0.0261
25.24,92.805,1253.0,2.06,28.0,165.5,0.2502,-0.9682,27.0,32.0,41.0,1.308,0.0275
25.24,92.81,1219.0,3.87,28.0,181.5,-0.0266,-0.9996,27.2,32.5,40.3,1.306,0.0517
25.24,92.815,1185.0,7.12,28.0,159.8,0.3453,-0.9385,26.4,33.6,40.1,1.301,0.0953
25.24,92.82,1101.0,11.47,28.0,177.0,0.0531,-0.9986,27.9,36.4,35.6,1.294,0.1537
25.24,92.825,981.0,8.26,28.0,177.2,0.0495,-0.9988,26.0,34.0,40.0,1.292,0.1112
25.24,92.83,955.0,7.64,28.0,180.8,-0.0134,-0.9999,28.2,35.6,36.2,1.292,0.1029
25.24,92.835,846.0,11.94,28.0,179.8,0.0042,-1.0,28.0,37.5,34.6,1.284,0.1611
25.24,92.84,742.0,4.12,28.0,187.2,-0.1246,-0.9922,28.2,34.4,37.4,1.286,0.0559
25.24,92.845,774.0,5.59,28.0,66.7,0.9183,0.3959,27.4,34.3,38.3,1.286,0.0757
25.24,92.85,781.0,11.93,28.0,65.0,0.906,0.4233,31.7,35.7,32.6,1.281,0.1614
25.24,92.855,864.0,10.97,28.0,77.9,0.9777,0.21,29.6,36.2,34.1,1.285,0.1481
25.24,92.86,822.0,11.87,28.0,143.9,0.5896,-0.8077,26.5,35.3,38.2,1.283,0.1603
25.24,92.865,693.0,12.97,28.0,169.4,0.1833,-0.9831,28.3,36.9,34.8,1.277,0.1758
25.24,92.87,594.0,5.72,28.0,352.3,-0.1344,0.9909,27.3,34.4,38.3,1.279,0.0779
25.24,92.875,793.0,15.71,28.0,16.1,0.2779,0.9606,26.8,35.6,37.6,1.279,0.2117
25.24,92.88,866.0,2.8,28.0,33.5,0.5519,0.8339,26.4,34.1,39.5,1.292,0.0378
25.24,92.885,834.0,6.31,28.0,155.0,0.4221,-0.9065,28.5,33.8,37.7,1.288,0.0853
25.24,92.89,765.0,5.18,28.0,174.9,0.0891,-0.996,27.2,33.2,39.6,1.286,0.0702
25.24,92.895,743.0,7.76,28.0,187.6,-0.1318,-0.9913,29.2,33.4,37.5,1.283,0.1052
25.24,92.9,629.0,7.69,28.0,164.6,0.2662,-0.9639,29.2,34.3,36.5,1.279,0.1046
25.24,92.905,612.0,4.48,28.0,351.4,-0.1491,0.9888,29.6,34.7,35.7,1.281,0.061
25.24,92.91,707.0,7.89,28.0,20.1,0.3436,0.9391,27.0,35.4,37.6,1.282,0.1071
25.24,92.915,743.0,1.72,28.0,48.5,0.749,0.6625,28.6,33.0,38.4,1.288,0.0233
25.24,92.92,727.0,2.83,28.0,90.0,1.0,0.0,28.8,33.7,37.6,1.287,0.0384
25.24,92.925,743.0,7.15,28.0,13.2,0.2291,0.9734,27.4,35.8,36.8,1.284,0.0969
25.24,92.93,850.0,6.03,28.0,350.7,-0.1615,0.9869,27.1,33.4,39.5,1.289,0.0815
25.24,92.935,848.0,2.0,28.0,145.5,0.5658,-0.8246,29.9,30.9,39.2,1.292,0.027
25.24,92.94,821.0,1.28,28.0,143.0,0.6019,-0.7986,28.3,34.3,37.4,1.292,0.0173
25.24,92.945,830.0,4.0,28.0,140.1,0.6421,-0.7667,28.8,32.3,39.0,1.29,0.0541
25.24,92.95,767.0,5.49,28.0,151.5,0.477,-0.8789,27.0,32.4,40.6,1.286,0.0744
25.24,92.955,745.0,2.95,28.0,137.1,0.6803,-0.7329,26.5,30.1,43.4,1.287,0.04
25.24,92.96,729.0,4.87,28.0,139.2,0.6532,-0.7572,27.3,34.2,38.5,1.285,0.0661
25.24,92.965,680.0,7.03,28.0,198.2,-0.313,-0.9497,27.9,31.4,40.7,1.281,0.0955
25.24,92.97,611.0,7.12,28.0,192.0,-0.2086,-0.978,26.7,32.8,40.5,1.279,0.0969
25.24,92.975,557.0,11.83,28.0,216.3,-0.5918,-0.8061,28.0,36.0,36.0,1.272,0.1612
25.24,92.98,441.0,7.33,28.0,111.8,0.9288,-0.3706,26.0,35.0,39.0,1.272,0.1003
25.24,92.985,509.0,9.98,28.0,69.9,0.9389,0.3441,26.7,33.7,39.7,1.272,0.1362
25.24,92.99,502.0,14.4,28.0,85.6,0.997,0.0774,28.8,35.6,35.6,1.268,0.1961
25.24,92.995,529.0,10.57,28.0,73.3,0.9578,0.2874,28.7,33.5,37.8,1.272,0.1442
25.245,92.5,972.0,14.83,28.0,260.9,-0.9875,-0.1576,27.5,35.1,37.3,1.287,0.1989
25.245,92.505,951.0,14.72,28.0,282.9,-0.9748,0.2231,26.8,36.3,36.9,1.286,0.1976
25.245,92.51,1031.0,18.87,28.0,312.6,-0.7359,0.6771,26.8,36.3,37.0,1.286,0.2515
25.245,92.515,1184.0,18.62,28.0,287.9,-0.9518,0.3066,27.6,36.6,35.8,1.292,0.2471
25.245,92.52,1135.0,18.98,28.0,241.4,-0.8776,-0.4794,28.8,34.9,36.4,1.29,0.2521
25.245,92.525,1018.0,18.36,28.0,226.7,-0.7282,-0.6854,29.1,38.6,32.3,1.285,0.2451
25.245,92.53,906.0,17.57,28.0,213.8,-0.556,-0.8312,27.4,37.5,35.1,1.282,0.2355
25.245,92.535,753.0,11.3,28.0,266.3,-0.9979,-0.0646,26.6,36.2,37.2,1.281,0.153
25.245,92.54,893.0,11.78,28.0,292.1,-0.9265,0.3764,28.3,37.1,34.6,1.286,0.1588
25.245,92.545,832.0,15.07,28.0,228.4,-0.7476,-0.6642,27.0,34.8,38.2,1.281,0.203
25.245,92.55,713.0,12.37,28.0,204.4,-0.4138,-0.9104,27.4,34.8,37.9,1.278,0.1676
25.245,92.555,631.0,11.59,28.0,232.4,-0.7925,-0.6099,29.6,32.2,38.2,1.276,0.1575
25.245,92.56,587.0,4.26,28.0,295.3,-0.9044,0.4266,29.0,37.8,33.2,1.28,0.058
25.245,92.565,663.0,14.49,28.0,336.7,-0.3961,0.9182,28.2,35.6,36.2,1.274,0.1964
25.245,92.57,826.0,25.41,28.0,344.5,-0.2666,0.9638,30.5,40.3,29.2,1.272,0.3373
25.245,92.575,1124.0,25.08,28.0,350.7,-0.1613,0.9869,32.3,36.8,30.9,1.284,0.3301
25.245,92.58,1291.0,23.89,28.0,359.8,-0.0041,1.0,29.3,39.9,30.9,1.292,0.3135
25.245,92.585,1570.0,17.67,28.0,15.5,0.2679,0.9634,27.5,39.5,33.0,1.308,0.2321
25.245,92.59,1600.0,0.99,28.0,110.2,0.9383,-0.3458,29.6,32.2,38.2,1.323,0.0131
25.245,92.595,1564.0,6.26,28.0,222.8,-0.6798,-0.7334,29.6,32.2,38.3,1.317,0.0828
25.245,92.6,1519.0,20.39,28.0,228.3,-0.7467,-0.6652,30.0,37.2,32.8,1.304,0.2672
25.245,92.605,1315.0,12.74,28.0,187.1,-0.1231,-0.9924,28.4,32.1,39.6,1.302,0.1694
25.245,92.61,1293.0,7.39,28.0,113.0,0.9207,-0.3903,28.7,33.9,37.4,1.306,0.0985
25.245,92.615,1264.0,10.37,28.0,105.8,0.9625,-0.2715,29.7,36.0,34.3,1.302,0.1383
25.245,92.62,1243.0,7.37,28.0,131.4,0.7506,-0.6608,28.5,33.9,37.6,1.304,0.0984
25.245,92.625,1178.0,5.04,28.0,155.9,0.4078,-0.9131,27.4,32.9,39.7,1.303,0.0674
25.245,92.63,1162.0,0.88,28.0,97.4,0.9916,-0.129,27.5,33.0,39.5,1.306,0.0118
25.245,92.635,1176.0,6.05,28.0,70.3,0.9413,0.3375,28.3,34.5,37.2,1.302,0.0809
25.245,92.64,1198.0,2.55,28.0,163.6,0.2825,-0.9593,26.5,30.2,43.4,1.306,0.0341
25.245,92.645,1133.0,6.51,28.0,83.0,0.9925,0.1219,27.8,33.9,38.3,1.3,0.0872
25.245,92.65,1212.0,13.19,28.0,321.6,-0.6209,0.7839,29.3,39.2,31.5,1.297,0.1759
25.245,92.655,1318.0,12.66,28.0,298.8,-0.8761,0.4821,25.4,33.4,41.3,1.302,0.1683
25.245,92.66,1321.0,11.37,28.0,243.3,-0.8933,-0.4494,29.8,34.9,35.3,1.303,0.1513
25.245,92.665,1227.0,10.2,28.0,214.7,-0.569,-0.8223,29.3,37.6,33.0,1.301,0.1361
25.245,92.67,1172.0,5.58,28.0,280.5,-0.9831,0.1829,27.4,35.1,37.4,1.302,0.0747
25.245,92.675,1245.0,8.61,28.0,335.8,-0.4096,0.9123,28.7,33.5,37.8,1.303,0.1149
25.245,92.68,1311.0,7.97,28.0,310.8,-0.7574,0.6529,28.0,34.4,37.6,1.306,0.1062
25.245,92.685,1337.0,1.37,28.0,214.2,-0.5614,-0.8276,29.5,32.4,38.2,1.312,0.0182
25.245,92.69,1291.0,9.57,28.0,168.0,0.2079,-0.9782,29.2,33.4,37.4,1.304,0.1275
25.245,92.695,1171.0,10.54,28.0,176.4,0.0628,-0.998,26.3,34.7,39.0,1.298,0.1409
25.245,92.7,1104.0,7.1,28.0,163.2,0.2887,-0.9574,28.7,33.5,37.8,1.298,0.0952
25.245,92.705,1051.0,6.13,28.0,16.0,0.2759,0.9612,27.8,33.8,38.4,1.297,0.0823
25.245,92.71,1208.0,8.81,28.0,6.7,0.1159,0.9933,28.1,33.2,38.7,1.301,0.1177
25.245,92.715,1206.0,4.59,28.0,280.0,-0.9849,0.1732,27.1,31.3,41.6,1.304,0.0614
25.245,92.72,1222.0,3.09,28.0,268.9,-0.9998,-0.0184,30.1,32.8,37.1,1.306,0.0413
25.245,92.725,1205.0,3.2,28.0,12.1,0.2091,0.9779,29.2,35.4,35.3,1.306,0.0427
25.245,92.73,1277.0,6.4,28.0,64.8,0.9051,0.4251,27.1,33.8,39.1,1.306,0.0854
25.245,92.735,1253.0,4.3,28.0,153.8,0.4416,-0.8972,26.4,32.6,41.0,1.307,0.0574
25.245,92.74,1209.0,5.67,28.0,211.7,-0.5252,-0.851,27.5,34.6,37.8,1.304,0.0758
25.245,92.745,1168.0,5.73,28.0,209.5,-0.4921,-0.8705,28.5,33.3,38.2,1.302,0.0767
25.245,92.75,1121.0,6.86,28.0,198.3,-0.3137,-0.9495,28.3,36.6,35.1,1.299,0.092
25.245,92.755,1053.0,8.82,28.0,142.6,0.608,-0.7939,29.5,34.3,36.2,1.295,0.1184
25.245,92.76,997.0,4.93,28.0,123.6,0.8333,-0.5528,28.9,34.4,36.7,1.296,0.0663
25.245,92.765,1005.0,6.58,28.0,36.8,0.5994,0.8004,29.2,32.6,38.2,1.295,0.0885
25.245,92.77,1090.0,7.03,28.0,357.1,-0.051,0.9987,28.4,34.6,37.0,1.298,0.0943
25.245,92.775,1129.0,7.35,28.0,67.8,0.9261,0.3772,26.3,34.4,39.3,1.299,0.0985
25.245,92.78,1139.0,4.42,28.0,37.2,0.6044,0.7967,27.8,33.1,39.1,1.302,0.0592
25.245,92.785,1191.0,5.91,28.0,340.2,-0.3387,0.9409,29.3,32.8,37.9,1.303,0.079
25.245,92.79,1237.0,2.36,28.0,281.1,-0.9812,0.1929,27.9,31.7,40.4,1.308,0.0315
25.245,92.795,1199.0,4.06,28.0,110.5,0.9368,-0.3499,28.6,33.5,37.9,1.305,0.0543
25.245,92.8,1212.0,5.82,28.0,81.0,0.9878,0.156,27.6,34.5,37.9,1.304,0.0778
25.245,92.805,1215.0,4.17,28.0,103.4,0.9728,-0.2315,26.8,32.9,40.3,1.305,0.0557
25.245,92.81,1195.0,6.4,28.0,159.9,0.3445,-0.9388,27.9,34.1,38.0,1.302,0.0856
25.245,92.815,1109.0,5.86,28.0,145.3,0.5688,-0.8224,28.4,33.5,38.1,1.299,0.0786
25.245,92.82,1110.0,3.28,28.0,149.9,0.501,-0.8655,27.2,33.0,39.8,1.302,0.0439
25.245,92.825,1059.0,6.67,28.0,202.1,-0.3767,-0.9264,27.7,33.5,38.8,1.297,0.0896
25.245,92.83,1001.0,9.98,28.0,216.7,-0.5976,-0.8018,26.9,34.7,38.4,1.292,0.1341
25.245,92.835,917.0,11.45,28.0,229.3,-0.7582,-0.652,29.3,39.1,31.6,1.287,0.1542
25.245,92.84,868.0,11.93,28.0,245.0,-0.906,-0.4233,27.6,35.6,36.7,1.285,0.1609
25.245,92.845,827.0,9.81,28.0,204.9,-0.4207,-0.9072,29.7,35.6,34.7,1.285,0.1326
25.245,92.85,710.0,9.95,28.0,184.7,-0.0819,-0.9966,29.8,35.3,34.9,1.28,0.135
25.245,92.855,651.0,7.94,28.0,97.4,0.9918,-0.1282,27.9,33.7,38.4,1.279,0.108
25.245,92.86,692.0,10.16,28.0,69.6,0.9371,0.3491,26.8,36.7,36.6,1.279,0.1379
25.245,92.865,714.0,6.37,28.0,139.9,0.6438,-0.7652,25.5,33.3,41.2,1.283,0.0865
25.245,92.87,606.0,3.61,28.0,121.3,0.8544,-0.5196,26.2,34.5,39.2,1.281,0.0492
25.245,92.875,681.0,13.71,28.0,22.5,0.3828,0.9238,26.4,35.2,38.5,1.276,0.1857
25.245,92.88,833.0,6.91,28.0,18.1,0.3112,0.9503,29.7,32.4,37.9,1.288,0.0934
25.245,92.885,797.0,6.99,28.0,131.0,0.7546,-0.6561,28.1,34.4,37.4,1.286,0.0946
25.245,92.89,752.0,4.62,28.0,128.9,0.7788,-0.6273,28.5,31.6,40.0,1.286,0.0626
25.245,92.895,746.0,8.66,28.0,157.8,0.3775,-0.926,25.3,35.1,39.6,1.283,0.1174
25.245,92.9,610.0,8.48,28.0,170.3,0.1687,-0.9857,26.6,32.5,41.0,1.277,0.1155
25.245,92.905,598.0,2.42,28.0,271.3,-0.9997,0.0235,29.1,32.2,38.8,1.282,0.0329
25.245,92.91,611.0,6.49,28.0,350.5,-0.1658,0.9862,28.3,31.6,40.1,1.279,0.0884
25.245,92.915,711.0,8.43,28.0,3.5,0.0606,0.9982,27.8,38.5,33.7,1.281,0.1144
25.245,92.92,760.0,4.55,28.0,330.9,-0.4857,0.8741,28.7,30.7,40.6,1.287,0.0616
25.245,92.925,781.0,3.74,28.0,310.8,-0.7565,0.6539,30.0,33.0,37.0,1.288,0.0506
25.245,92.93,803.0,6.34,28.0,101.9,0.9786,-0.2057,27.7,35.4,36.9,1.287,0.0858
25.245,92.935,758.0,6.75,28.0,105.6,0.9633,-0.2684,28.1,35.4,36.6,1.285,0.0915
25.245,92.94,771.0,4.98,28.0,82.1,0.9906,0.1369,28.2,34.6,37.2,1.287,0.0674
25.245,92.945,770.0,4.78,28.0,102.3,0.9769,-0.2136,30.9,32.8,36.3,1.287,0.0647
25.245,92.95,753.0,3.34,28.0,143.1,0.6003,-0.7998,25.5,34.9,39.6,1.287,0.0453
25.245,92.955,723.0,5.94,28.0,135.7,0.6988,-0.7153,28.8,35.0,36.2,1.284,0.0806
25.245,92.96,678.0,6.67,28.0,107.8,0.9522,-0.3056,27.9,34.1,38.0,1.282,0.0906
25.245,92.965,687.0,1.6,28.0,227.6,-0.7384,-0.6744,28.7,32.8,38.5,1.286,0.0217
25.245,92.97,659.0,4.92,28.0,242.5,-0.8871,-0.4616,27.2,32.9,39.9,1.282,0.0669
25.245,92.975,647.0,10.37,28.0,210.4,-0.5055,-0.8628,27.9,33.4,38.7,1.277,0.141
25.245,92.98,500.0,12.65,28.0,206.6,-0.4483,-0.8939,28.9,37.2,33.9,1.269,0.1726
25.245,92.985,445.0,7.53,28.0,182.7,-0.0476,-0.9989,31.7,36.0,32.3,1.272,0.103
25.245,92.99,367.0,4.27,28.0,86.2,0.9978,0.0665,29.0,31.8,39.2,1.271,0.0586
25.245,92.995,450.0,13.31,28.0,45.8,0.7174,0.6967,27.0,35.3,37.7,1.267,0.1817
25.25,92.5,1100.0,6.79,28.0,265.2,-0.9965,-0.0835,27.5,33.6,38.9,1.298,0.0911
25.25,92.505,1095.0,14.99,28.0,289.5,-0.9426,0.3338,27.5,35.9,36.6,1.291,0.2003
25.25,92.51,1190.0,15.69,28.0,324.4,-0.582,0.8132,25.8,36.3,37.9,1.295,0.2088
25.25,92.515,1325.0,4.76,28.0,290.2,-0.9383,0.3458,27.6,34.7,37.7,1.309,0.0634
25.25,92.52,1219.0,13.61,28.0,199.3,-0.3303,-0.9439,28.9,34.5,36.6,1.297,0.1814
25.25,92.525,1095.0,14.14,28.0,188.4,-0.1462,-0.9893,26.5,34.5,39.0,1.292,0.1891
25.25,92.53,968.0,12.53,28.0,207.2,-0.4569,-0.8895,29.3,37.2,33.5,1.288,0.1684
25.25,92.535,896.0,14.44,28.0,276.0,-0.9946,0.1042,28.6,35.2,36.3,1.284,0.1942
25.25,92.54,995.0,12.51,28.0,261.0,-0.9877,-0.1566,27.1,33.4,39.4,1.289,0.168
25.25,92.545,861.0,13.71,28.0,205.3,-0.4273,-0.9041,27.8,34.9,37.2,1.283,0.1847
25.25,92.55,773.0,12.92,28.0,229.8,-0.7639,-0.6453,29.9,35.0,35.1,1.28,0.1747
25.25,92.555,712.0,13.62,28.0,238.1,-0.8488,-0.5287,28.9,38.0,33.2,1.277,0.1844
25.25,92.56,644.0,9.08,28.0,280.4,-0.9836,0.1802,28.0,35.8,36.2,1.278,0.1235
25.25,92.565,741.0,13.25,28.0,344.1,-0.2746,0.9615,27.7,37.3,35.0,1.279,0.1792
25.25,92.57,872.0,19.29,28.0,2.5,0.0436,0.999,28.1,38.4,33.5,1.279,0.2583
25.25,92.575,1093.0,23.22,28.0,20.7,0.3539,0.9353,27.4,39.6,33.0,1.284,0.3071
25.25,92.58,1276.0,22.64,28.0,18.2,0.3123,0.95,25.5,37.0,37.5,1.292,0.2979
25.25,92.585,1492.0,16.41,28.0,26.6,0.4484,0.8938,30.5,36.1,33.5,1.306,0.2163
25.25,92.59,1541.0,5.36,28.0,68.3,0.9288,0.3705,28.2,31.9,39.9,1.317,0.0709
25.25,92.595,1527.0,6.99,28.0,95.1,0.996,-0.0891,28.5,33.5,38.0,1.315,0.0925
25.25,92.6,1530.0,9.59,28.0,138.3,0.6649,-0.7469,27.9,35.6,36.5,1.313,0.1269
25.25,92.605,1400.0,14.59,28.0,179.0,0.0173,-0.9999,27.1,36.1,36.8,1.304,0.1932
25.25,92.61,1268.0,12.15,28.0,162.8,0.2963,-0.9551,27.8,37.2,35.0,1.301,0.1618
25.25,92.615,1193.0,4.62,28.0,140.7,0.6333,-0.7739,26.1,31.5,42.4,1.304,0.0618
25.25,92.62,1205.0,4.32,28.0,279.1,-0.9875,0.1578,30.7,33.9,35.4,1.305,0.0577
25.25,92.625,1205.0,3.4,28.0,245.3,-0.9083,-0.4184,26.5,31.0,42.4,1.305,0.0454
25.25,92.63,1180.0,1.25,28.0,239.9,-0.8654,-0.5012,26.8,32.5,40.8,1.306,0.0167
25.25,92.635,1194.0,7.26,28.0,292.5,-0.9241,0.3822,27.5,35.0,37.5,1.302,0.0971
25.25,92.64,1229.0,6.52,28.0,247.0,-0.9203,-0.3913,29.5,33.4,37.0,1.304,0.0871
25.25,92.645,1149.0,4.91,28.0,335.9,-0.4077,0.9131,28.0,34.1,37.8,1.302,0.0657
25.25,92.65,1308.0,12.78,28.0,351.8,-0.1426,0.9898,26.5,34.0,39.5,1.302,0.1699
25.25,92.655,1375.0,6.17,28.0,299.2,-0.8732,0.4873,29.5,31.1,39.3,1.31,0.082
25.25,92.66,1361.0,7.41,28.0,225.9,-0.7187,-0.6953,28.9,34.8,36.3,1.308,0.0986
25.25,92.665,1284.0,10.82,28.0,227.5,-0.7376,-0.6752,28.6,37.5,33.9,1.302,0.1442
25.25,92.67,1231.0,6.84,28.0,275.2,-0.9958,0.0911,28.9,32.3,38.8,1.304,0.0913
25.25,92.675,1295.0,7.94,28.0,341.2,-0.3219,0.9468,30.9,36.0,33.2,1.305,0.1059
25.25,92.68,1364.0,3.66,28.0,284.4,-0.9687,0.2483,30.6,33.0,36.3,1.312,0.0487
25.25,92.685,1311.0,6.57,28.0,179.1,0.0156,-0.9999,27.2,31.7,41.1,1.307,0.0875
25.25,92.69,1248.0,4.62,28.0,136.5,0.6889,-0.7248,29.9,31.5,38.5,1.306,0.0617
25.25,92.695,1252.0,8.01,28.0,241.8,-0.8811,-0.473,28.5,34.2,37.4,1.303,0.1069
25.25,92.7,1181.0,11.76,28.0,219.4,-0.6344,-0.773,28.6,34.5,36.9,1.297,0.1571
25.25,92.705,1090.0,7.33,28.0,209.3,-0.4888,-0.8724,26.0,32.0,42.0,1.297,0.0984
25.25,92.71,1068.0,11.54,28.0,40.6,0.6512,0.7589,27.8,32.5,39.7,1.293,0.1547
25.25,92.715,1246.0,10.31,28.0,16.1,0.2766,0.961,27.0,33.5,39.5,1.301,0.1376
25.25,92.72,1244.0,5.24,28.0,117.0,0.8907,-0.4545,29.0,33.7,37.3,1.305,0.07
25.25,92.725,1204.0,6.95,28.0,118.7,0.8769,-0.4807,29.3,33.8,36.9,1.302,0.0929
25.25,92.73,1185.0,7.17,28.0,80.0,0.9848,0.1736,25.5,33.2,41.3,1.301,0.0959
25.25,92.735,1226.0,6.08,28.0,63.4,0.8942,0.4477,28.0,33.9,38.1,1.304,0.0812
25.25,92.74,1233.0,1.97,28.0,74.9,0.9657,0.2597,29.3,34.1,36.6,1.308,0.0263
25.25,92.745,1235.0,6.2,28.0,257.3,-0.9756,-0.2194,27.8,34.2,38.0,1.304,0.0828
25.25,92.75,1209.0,9.32,28.0,224.5,-0.7003,-0.7138,28.9,34.3,36.8,1.301,0.1245
25.25,92.755,1117.0,10.54,28.0,222.1,-0.6708,-0.7416,28.4,36.2,35.4,1.296,0.1411
25.25,92.76,1070.0,11.57,28.0,218.2,-0.6186,-0.7857,28.4,33.6,37.9,1.293,0.1551
25.25,92.765,955.0,6.11,28.0,219.6,-0.6378,-0.7702,27.7,33.3,39.0,1.293,0.0823
25.25,92.77,987.0,2.29,28.0,26.7,0.449,0.8935,26.5,32.3,41.2,1.298,0.0308
25.25,92.775,991.0,14.13,28.0,54.8,0.8173,0.5761,26.7,33.9,39.4,1.288,0.1895
25.25,92.78,1133.0,13.96,28.0,21.4,0.365,0.931,28.9,35.1,36.1,1.294,0.1864
25.25,92.785,1224.0,4.49,28.0,2.6,0.0457,0.999,28.0,30.1,41.9,1.305,0.06
25.25,92.79,1212.0,6.42,28.0,119.6,0.8695,-0.4939,27.8,36.6,35.6,1.303,0.0858
25.25,92.795,1168.0,6.09,28.0,130.7,0.7582,-0.652,27.5,32.2,40.3,1.302,0.0815
25.25,92.8,1142.0,7.13,28.0,87.3,0.9989,0.0477,27.6,36.3,36.1,1.3,0.0955
25.25,92.805,1174.0,4.82,28.0,66.4,0.9163,0.4005,29.3,33.3,37.4,1.303,0.0645
25.25,92.81,1176.0,3.29,28.0,158.9,0.3595,-0.9332,27.6,33.7,38.7,1.304,0.044
25.25,92.815,1120.0,6.12,28.0,187.7,-0.134,-0.991,26.4,32.9,40.7,1.3,0.082
25.25,92.82,1069.0,5.14,28.0,173.7,0.1099,-0.9939,28.9,33.7,37.4,1.298,0.069
25.25,92.825,1030.0,5.54,28.0,88.2,0.9995,0.0307,27.8,34.5,37.8,1.297,0.0744
25.25,92.83,1072.0,4.43,28.0,99.6,0.986,-0.1667,28.0,34.2,37.8,1.299,0.0595
25.25,92.835,1017.0,7.55,28.0,208.8,-0.4812,-0.8766,29.9,35.2,34.9,1.294,0.1015
25.25,92.84,955.0,11.66,28.0,218.8,-0.6266,-0.7794,28.0,34.6,37.5,1.288,0.1569
25.25,92.845,855.0,10.89,28.0,215.4,-0.5788,-0.8154,28.3,34.2,37.5,1.285,0.147
25.25,92.85,797.0,12.85,28.0,230.9,-0.7756,-0.6312,26.6,33.0,40.4,1.281,0.1736
25.25,92.855,710.0,11.76,28.0,219.4,-0.6344,-0.773,27.7,35.9,36.3,1.279,0.1594
25.25,92.86,635.0,5.64,28.0,192.6,-0.2184,-0.9759,28.7,35.1,36.1,1.281,0.0767
25.25,92.865,613.0,7.22,28.0,142.4,0.6102,-0.7923,26.1,36.3,37.5,1.279,0.0983
25.25,92.87,534.0,4.33,28.0,355.2,-0.083,0.9965,28.2,33.6,38.1,1.278,0.0591
25.25,92.875,689.0,16.21,28.0,352.2,-0.136,0.9907,28.1,35.2,36.7,1.274,0.2191
25.25,92.88,824.0,3.32,28.0,44.1,0.6959,0.7181,28.0,30.3,41.6,1.29,0.0449
25.25,92.885,731.0,9.19,28.0,142.4,0.6107,-0.7918,29.2,36.0,34.7,1.282,0.1246
25.25,92.89,695.0,9.87,28.0,107.3,0.9549,-0.2968,28.4,31.9,39.7,1.28,0.1339
25.25,92.895,679.0,11.84,28.0,116.4,0.8954,-0.4453,29.8,34.6,35.6,1.277,0.1607
25.25,92.9,601.0,2.81,28.0,113.9,0.9146,-0.4045,26.8,32.4,40.8,1.282,0.0382
25.25,92.905,659.0,8.31,28.0,329.7,-0.5043,0.8635,28.2,34.1,37.7,1.279,0.113
25.25,92.91,728.0,9.39,28.0,296.4,-0.8959,0.4442,28.1,34.6,37.3,1.281,0.1274
25.25,92.915,733.0,4.27,28.0,303.9,-0.8296,0.5583,26.7,33.3,39.9,1.286,0.0579
25.25,92.92,770.0,5.67,28.0,310.5,-0.7599,0.6501,29.1,29.9,41.0,1.286,0.0768
25.25,92.925,798.0,2.34,28.0,176.2,0.066,-0.9978,30.8,32.6,36.6,1.29,0.0317
25.25,92.93,729.0,6.42,28.0,132.8,0.734,-0.6792,28.0,30.4,41.7,1.284,0.0871
25.25,92.935,721.0,2.94,28.0,94.4,0.997,-0.0774,28.6,33.9,37.5,1.286,0.0399
25.25,92.94,725.0,3.64,28.0,73.7,0.9597,0.2809,28.1,32.1,39.8,1.286,0.0494
25.25,92.945,739.0,2.53,28.0,86.1,0.9977,0.0675,27.1,29.4,43.4,1.287,0.0343
25.25,92.95,728.0,4.97,28.0,148.9,0.5164,-0.8564,25.8,32.1,42.1,1.285,0.0674
25.25,92.955,664.0,8.17,28.0,148.3,0.5255,-0.8508,27.2,33.3,39.5,1.28,0.111
25.25,92.96,605.0,5.22,28.0,64.9,0.9055,0.4244,26.3,35.2,38.5,1.28,0.0711
25.25,92.965,703.0,5.17,28.0,2.8,0.0496,0.9988,30.0,33.7,36.3,1.284,0.0702
25.25,92.97,696.0,2.55,28.0,196.4,-0.2825,-0.9593,27.9,33.2,38.9,1.286,0.0346
25.25,92.975,660.0,8.46,28.0,197.2,-0.296,-0.9552,27.6,36.0,36.4,1.279,0.115
25.25,92.98,553.0,10.78,28.0,221.3,-0.6604,-0.751,29.1,34.7,36.2,1.273,0.1469
25.25,92.985,516.0,9.12,28.0,214.0,-0.5595,-0.8289,26.7,35.6,37.8,1.273,0.1245
25.25,92.99,419.0,10.08,28.0,190.5,-0.1819,-0.9833,27.1,35.7,37.2,1.268,0.138
25.25,92.995,340.0,12.25,28.0,136.3,0.691,-0.7228,28.1,33.3,38.6,1.263,0.168
25.255,92.5,1104.0,14.47,28.0,350.2,-0.1706,0.9853,29.2,38.1,32.7,1.292,0.1934
25.255,92.505,1232.0,10.28,28.0,306.6,-0.8023,0.5969,28.6,32.6,38.8,1.301,0.1372
25.255,92.51,1213.0,4.67,28.0,61.7,0.8803,0.4745,28.3,34.6,37.1,1.305,0.0624
25.255,92.515,1271.0,12.03,28.0,87.1,0.9987,0.0512,28.1,32.9,39.0,1.301,0.1602
25.255,92.52,1224.0,12.91,28.0,156.7,0.3957,-0.9184,28.5,36.3,35.2,1.298,0.1721
25.255,92.525,1059.0,12.55,28.0,203.8,-0.4037,-0.9149,28.2,38.1,33.6,1.292,0.1682
25.255,92.53,1019.0,13.25,28.0,264.9,-0.9961,-0.0886,26.8,35.2,38.0,1.29,0.1777
25.255,92.535,1038.0,20.45,28.0,288.3,-0.9493,0.3143,28.1,37.1,34.9,1.284,0.2721
25.255,92.54,1137.0,16.44,28.0,252.4,-0.953,-0.303,26.7,37.3,36.0,1.292,0.219
25.255,92.545,948.0,19.49,28.0,230.0,-0.7663,-0.6425,28.1,36.7,35.2,1.282,0.2603
25.255,92.55,908.0,16.45,28.0,252.8,-0.9552,-0.296,27.4,39.1,33.5,1.283,0.2207
25.255,92.555,860.0,18.72,28.0,244.7,-0.9038,-0.4279,31.0,37.3,31.7,1.279,0.2509
25.255,92.56,762.0,20.56,28.0,250.7,-0.9436,-0.331,28.0,37.0,35.0,1.273,0.2759
25.255,92.565,735.0,12.78,28.0,281.9,-0.9786,0.2059,26.3,34.6,39.1,1.279,0.173
25.255,92.57,809.0,12.38,28.0,354.6,-0.0941,0.9956,27.8,33.9,38.3,1.282,0.1672
25.255,92.575,955.0,18.65,28.0,7.5,0.1304,0.9915,28.6,36.0,35.3,1.283,0.2492
25.255,92.58,1146.0,24.99,28.0,4.1,0.0713,0.9975,30.0,38.1,31.9,1.285,0.3288
25.255,92.585,1423.0,19.57,28.0,3.9,0.0682,0.9977,27.3,36.5,36.2,1.301,0.2575
25.255,92.59,1503.0,4.68,28.0,86.5,0.9982,0.0606,26.1,32.3,41.6,1.316,0.062
25.255,92.595,1428.0,7.61,28.0,144.2,0.5853,-0.8108,29.0,37.2,33.8,1.311,0.101
25.255,92.6,1394.0,9.9,28.0,132.2,0.7411,-0.6714,26.3,33.1,40.6,1.308,0.1314
25.255,92.605,1310.0,10.32,28.0,159.8,0.3454,-0.9384,27.5,35.0,37.6,1.304,0.1374
25.255,92.61,1222.0,8.9,28.0,229.2,-0.7572,-0.6532,27.7,35.3,37.0,1.301,0.1189
25.255,92.615,1207.0,10.4,28.0,304.2,-0.8268,0.5625,27.9,35.7,36.4,1.3,0.1389
25.255,92.62,1326.0,8.17,28.0,282.4,-0.9767,0.2146,28.8,34.1,37.1,1.306,0.1088
25.255,92.625,1238.0,11.15,28.0,223.9,-0.6931,-0.7209,27.2,34.6,38.2,1.3,0.1488
25.255,92.63,1183.0,8.96,28.0,295.8,-0.9005,0.4348,27.7,35.1,37.3,1.3,0.1198
25.255,92.635,1307.0,9.99,28.0,318.1,-0.668,0.7442,28.0,35.1,37.0,1.304,0.133
25.255,92.64,1315.0,7.8,28.0,191.7,-0.2034,-0.9791,28.2,33.7,38.1,1.306,0.1039
25.255,92.645,1172.0,3.87,28.0,170.0,0.1729,-0.9849,28.1,30.7,41.2,1.304,0.0518
25.255,92.65,1248.0,14.25,28.0,11.0,0.191,0.9816,28.5,35.1,36.4,1.298,0.1896
25.255,92.655,1423.0,9.97,28.0,0.9,0.0153,0.9999,29.0,32.9,38.0,1.309,0.1323
25.255,92.66,1425.0,2.62,28.0,212.1,-0.5307,-0.8476,28.5,31.7,39.8,1.315,0.0348
25.255,92.665,1384.0,9.33,28.0,223.5,-0.6886,-0.7251,28.5,34.5,36.9,1.308,0.1239
25.255,92.67,1305.0,10.92,28.0,242.7,-0.889,-0.458,26.1,35.5,38.4,1.303,0.1454
25.255,92.675,1295.0,7.22,28.0,306.0,-0.8087,0.5882,28.1,36.6,35.3,1.306,0.0962
25.255,92.68,1380.0,3.03,28.0,318.6,-0.6614,0.75,28.6,32.0,39.4,1.313,0.0403
25.255,92.685,1335.0,8.53,28.0,180.7,-0.012,-0.9999,28.9,35.4,35.7,1.306,0.1136
25.255,92.69,1229.0,2.83,28.0,238.5,-0.8531,-0.5218,27.2,33.2,39.6,1.307,0.0378
25.255,92.695,1309.0,4.39,28.0,286.5,-0.9587,0.2844,27.2,35.1,37.7,1.309,0.0585
25.255,92.7,1251.0,12.09,28.0,209.4,-0.4905,-0.8714,27.3,36.1,36.6,1.3,0.1611
25.255,92.705,1121.0,11.58,28.0,202.2,-0.3772,-0.9261,28.6,33.6,37.8,1.295,0.155
25.255,92.71,1060.0,2.97,28.0,303.7,-0.8315,0.5555,29.2,30.2,40.6,1.3,0.0399
25.255,92.715,1150.0,8.87,28.0,63.1,0.8921,0.4518,27.5,34.8,37.7,1.299,0.1187
25.255,92.72,1131.0,7.8,28.0,117.7,0.8857,-0.4642,29.1,33.3,37.6,1.299,0.1045
25.255,92.725,1086.0,7.33,28.0,86.5,0.9981,0.0617,28.1,32.5,39.4,1.297,0.0984
25.255,92.73,1139.0,3.52,28.0,349.9,-0.1752,0.9845,27.9,31.0,41.1,1.303,0.0471
25.255,92.735,1147.0,2.75,28.0,46.9,0.7303,0.6832,27.7,33.0,39.3,1.304,0.0368
25.255,92.74,1172.0,7.87,28.0,357.0,-0.052,0.9986,28.9,36.4,34.7,1.3,0.1053
25.255,92.745,1286.0,4.37,28.0,1.3,0.0235,0.9997,28.4,32.6,39.1,1.308,0.0583
25.255,92.75,1249.0,5.33,28.0,180.6,-0.0096,-1.0,30.7,34.3,35.0,1.306,0.0711
25.255,92.755,1192.0,6.97,28.0,205.7,-0.4333,-0.9013,27.0,33.7,39.3,1.302,0.0932
25.255,92.76,1138.0,8.49,28.0,222.4,-0.6741,-0.7386,28.6,32.3,39.0,1.298,0.1137
25.255,92.765,1081.0,8.98,28.0,244.7,-0.904,-0.4275,27.4,35.5,37.1,1.296,0.1204
25.255,92.77,1070.0,10.59,28.0,195.9,-0.2739,-0.9617,27.0,33.2,39.9,1.294,0.142
25.255,92.775,900.0,6.17,28.0,107.1,0.9558,-0.294,28.0,33.7,38.3,1.291,0.0833
25.255,92.78,1038.0,16.71,28.0,18.3,0.3142,0.9494,28.2,35.9,35.9,1.288,0.2232
25.255,92.785,1187.0,6.18,28.0,34.3,0.5642,0.8256,31.5,35.0,33.5,1.302,0.0827
25.255,92.79,1128.0,7.89,28.0,124.0,0.8293,-0.5588,27.8,32.5,39.7,1.299,0.1057
25.255,92.795,1109.0,10.21,28.0,107.7,0.9529,-0.3034,26.6,35.3,38.0,1.296,0.1368
25.255,92.8,1073.0,5.91,28.0,78.9,0.9814,0.192,28.3,32.3,39.4,1.298,0.0793
25.255,92.805,1129.0,6.3,28.0,27.1,0.4555,0.8903,25.5,32.9,41.6,1.3,0.0844
25.255,92.81,1172.0,1.61,28.0,98.1,0.99,-0.1412,27.9,27.0,45.1,1.306,0.0215
25.255,92.815,1125.0,4.25,28.0,192.6,-0.2177,-0.976,28.0,36.3,35.7,1.301,0.057
25.255,92.82,1099.0,9.82,28.0,182.7,-0.0467,-0.9989,29.0,35.4,35.6,1.296,0.1316
25.255,92.825,951.0,11.08,28.0,158.2,0.3717,-0.9284,29.2,33.8,37.0,1.289,0.1491
25.255,92.83,916.0,11.22,28.0,79.3,0.9827,0.1853,27.4,33.3,39.3,1.287,0.1512
25.255,92.835,988.0,8.65,28.0,51.2,0.7793,0.6266,27.8,33.6,38.6,1.292,0.1164
25.255,92.84,1012.0,4.25,28.0,240.4,-0.8695,-0.494,27.1,34.2,38.7,1.297,0.0571
25.255,92.845,951.0,10.23,28.0,234.7,-0.8162,-0.5778,26.6,31.9,41.5,1.29,0.1377
25.255,92.85,907.0,12.23,28.0,225.5,-0.713,-0.7012,28.4,35.0,36.6,1.286,0.1647
25.255,92.855,798.0,13.21,28.0,216.1,-0.5892,-0.808,26.5,38.2,35.3,1.281,0.1784
25.255,92.86,716.0,11.89,28.0,216.7,-0.5974,-0.802,27.5,33.5,39.0,1.279,0.1611
25.255,92.865,628.0,6.3,28.0,202.0,-0.3745,-0.9272,26.8,33.8,39.4,1.28,0.0857
25.255,92.87,613.0,6.0,28.0,336.3,-0.4014,0.9159,28.7,36.9,34.4,1.28,0.0817
25.255,92.875,725.0,13.03,28.0,41.3,0.66,0.7512,30.2,36.4,33.4,1.278,0.1764
25.255,92.88,788.0,9.87,28.0,102.5,0.9762,-0.217,26.4,34.8,38.7,1.283,0.1336
25.255,92.885,687.0,15.34,28.0,143.2,0.5995,-0.8004,25.8,36.9,37.4,1.275,0.2075
25.255,92.89,567.0,9.07,28.0,158.9,0.36,-0.9329,27.9,33.8,38.3,1.275,0.1236
25.255,92.895,537.0,2.55,28.0,99.0,0.9878,-0.156,28.0,34.6,37.4,1.279,0.0348
25.255,92.9,560.0,9.26,28.0,330.6,-0.4905,0.8714,28.3,33.9,37.9,1.275,0.1262
25.255,92.905,680.0,12.38,28.0,347.7,-0.2128,0.9771,27.5,32.4,40.2,1.277,0.1679
25.255,92.91,776.0,6.05,28.0,339.7,-0.3477,0.9376,27.8,33.0,39.2,1.286,0.082
25.255,92.915,780.0,4.5,28.0,329.1,-0.5136,0.858,28.4,31.7,39.8,1.287,0.061
25.255,92.92,844.0,1.09,28.0,96.0,0.9945,-0.1047,29.2,31.9,38.9,1.293,0.0147
25.255,92.925,778.0,7.88,28.0,162.6,0.2986,-0.9544,25.7,33.7,40.6,1.285,0.1067
25.255,92.93,711.0,4.37,28.0,180.7,-0.0117,-0.9999,27.6,35.0,37.5,1.285,0.0593
25.255,92.935,701.0,0.81,28.0,124.2,0.8268,-0.5625,28.3,33.3,38.5,1.287,0.011
25.255,92.94,703.0,2.67,28.0,64.8,0.9049,0.4257,26.9,33.1,40.0,1.286,0.0362
25.255,92.945,721.0,0.82,28.0,90.0,1.0,0.0,30.1,32.2,37.7,1.288,0.0111
25.255,92.95,703.0,5.13,28.0,155.1,0.4204,-0.9074,27.2,31.8,41.0,1.284,0.0696
25.255,92.955,639.0,8.09,28.0,144.9,0.5754,-0.8179,28.0,30.9,41.2,1.279,0.11
25.255,92.96,586.0,5.41,28.0,63.2,0.8924,0.4513,28.7,33.6,37.7,1.279,0.0737
25.255,92.965,682.0,8.27,28.0,53.5,0.8039,0.5948,27.3,35.4,37.3,1.28,0.1124
25.255,92.97,673.0,6.51,28.0,83.0,0.9925,0.1219,25.8,33.6,40.6,1.281,0.0885
25.255,92.975,696.0,2.22,28.0,147.8,0.5333,-0.8459,27.5,31.8,40.7,1.286,0.0301
25.255,92.98,640.0,8.91,28.0,197.0,-0.2922,-0.9564,29.2,35.1,35.7,1.278,0.1212
25.255,92.985,545.0,13.51,28.0,191.6,-0.2018,-0.9794,27.6,35.5,36.9,1.271,0.1838
25.255,92.99,403.0,14.83,28.0,190.6,-0.1833,-0.9831,27.0,38.5,34.5,1.264,0.2025
25.255,92.995,283.0,13.46,28.0,185.2,-0.0901,-0.9959,29.1,37.4,33.5,1.26,0.1847
25.26,92.5,1149.0,12.7,28.0,342.1,-0.3069,0.9518,27.6,36.8,35.6,1.295,0.1698
25.26,92.505,1257.0,2.4,28.0,157.3,0.3852,-0.9228,27.4,33.8,38.8,1.308,0.032
25.26,92.51,1110.0,12.75,28.0,137.9,0.6708,-0.7416,28.2,33.5,38.4,1.294,0.1706
25.26,92.515,1088.0,15.71,28.0,88.4,0.9996,0.0282,28.9,37.2,33.9,1.29,0.2099
25.26,92.52,1118.0,13.38,28.0,63.5,0.8947,0.4466,30.9,36.1,33.0,1.294,0.1788
25.26,92.525,1195.0,6.37,28.0,350.7,-0.1608,0.987,29.0,34.6,36.4,1.302,0.0852
25.26,92.53,1229.0,7.28,28.0,317.6,-0.6747,0.7381,29.4,34.7,35.9,1.303,0.0973
25.26,92.535,1290.0,11.23,28.0,293.3,-0.9186,0.3952,27.4,35.7,36.9,1.302,0.1496
25.26,92.54,1308.0,9.82,28.0,223.2,-0.6849,-0.7286,26.8,38.7,34.6,1.304,0.1308
25.26,92.545,1163.0,16.17,28.0,220.8,-0.6536,-0.7569,28.1,36.2,35.7,1.293,0.2154
25.26,92.55,1087.0,9.73,28.0,230.4,-0.7705,-0.6375,28.1,36.0,35.9,1.295,0.1305
25.26,92.555,1053.0,7.82,28.0,249.3,-0.9351,-0.3543,26.7,33.4,39.9,1.296,0.105
25.26,92.56,1038.0,16.46,28.0,257.4,-0.9758,-0.2185,27.8,37.6,34.6,1.288,0.22
25.26,92.565,988.0,22.45,28.0,249.9,-0.9391,-0.3437,28.5,39.4,32.1,1.281,0.2981
25.26,92.57,895.0,17.57,28.0,280.1,-0.9845,0.1757,28.4,37.2,34.3,1.281,0.2357
25.26,92.575,1044.0,21.7,28.0,329.2,-0.5125,0.8587,28.6,40.3,31.1,1.284,0.288
25.26,92.58,1239.0,25.63,28.0,330.6,-0.4905,0.8714,32.3,37.5,30.1,1.288,0.3358
25.26,92.585,1465.0,12.17,28.0,346.3,-0.2374,0.9714,27.4,34.5,38.1,1.308,0.1612
25.26,92.59,1450.0,1.64,28.0,149.9,0.501,-0.8655,27.4,32.8,39.9,1.317,0.0217
25.26,92.595,1440.0,5.11,28.0,224.7,-0.7033,-0.7109,26.6,34.7,38.8,1.313,0.0678
25.26,92.6,1386.0,7.01,28.0,207.4,-0.46,-0.8879,30.1,34.1,35.7,1.31,0.0932
25.26,92.605,1330.0,8.77,28.0,275.2,-0.9959,0.0901,28.0,36.3,35.7,1.306,0.1167
25.26,92.61,1400.0,13.12,28.0,277.8,-0.9907,0.1364,27.7,34.5,37.8,1.305,0.1739
25.26,92.615,1362.0,11.87,28.0,259.4,-0.9829,-0.1843,26.9,33.5,39.7,1.305,0.1576
25.26,92.62,1361.0,4.68,28.0,266.5,-0.9982,-0.0606,31.5,33.7,34.8,1.311,0.0622
25.26,92.625,1357.0,7.48,28.0,260.0,-0.9848,-0.1739,26.7,33.9,39.4,1.308,0.0995
25.26,92.63,1338.0,10.29,28.0,259.9,-0.9846,-0.175,27.5,35.6,37.0,1.305,0.1369
25.26,92.635,1325.0,4.45,28.0,174.0,0.1038,-0.9946,28.5,33.1,38.4,1.309,0.0593
25.26,92.64,1260.0,13.39,28.0,142.0,0.6151,-0.7885,28.7,35.1,36.2,1.299,0.1783
25.26,92.645,1136.0,1.13,28.0,107.5,0.9536,-0.3012,29.1,32.2,38.7,1.304,0.0151
25.26,92.65,1254.0,13.31,28.0,7.6,0.1329,0.9911,30.2,35.6,34.2,1.299,0.1772
25.26,92.655,1372.0,13.97,28.0,57.7,0.8449,0.5349,28.6,35.3,36.1,1.303,0.1853
25.26,92.66,1388.0,10.01,28.0,77.7,0.9769,0.2138,26.7,34.4,38.9,1.307,0.133
25.26,92.665,1410.0,4.22,28.0,62.8,0.889,0.4578,27.7,32.5,39.8,1.313,0.056
25.26,92.67,1422.0,2.37,28.0,268.6,-0.9997,-0.024,28.4,33.9,37.7,1.315,0.0314
25.26,92.675,1409.0,6.7,28.0,260.8,-0.987,-0.1607,30.5,34.1,35.4,1.311,0.089
25.26,92.68,1403.0,5.45,28.0,178.4,0.0283,-0.9996,26.3,36.8,36.8,1.312,0.0724
25.26,92.685,1313.0,6.63,28.0,202.7,-0.3862,-0.9224,29.4,34.0,36.5,1.307,0.0883
25.26,92.69,1295.0,6.17,28.0,281.1,-0.9812,0.1931,28.2,32.8,39.0,1.307,0.0822
25.26,92.695,1334.0,1.04,28.0,279.4,-0.9865,0.1636,29.0,36.3,34.7,1.312,0.0138
25.26,92.7,1298.0,9.24,28.0,195.4,-0.265,-0.9643,27.9,35.1,37.0,1.304,0.1231
25.26,92.705,1176.0,12.91,28.0,218.0,-0.6151,-0.7884,27.0,36.9,36.1,1.296,0.1724
25.26,92.71,1116.0,11.0,28.0,244.3,-0.9008,-0.4341,28.9,35.8,35.3,1.295,0.1473
25.26,92.715,1091.0,3.37,28.0,263.2,-0.993,-0.1182,28.8,33.8,37.4,1.301,0.0452
25.26,92.72,1109.0,1.97,28.0,209.8,-0.4971,-0.8677,29.2,33.3,37.5,1.303,0.0264
25.26,92.725,1061.0,5.5,28.0,24.8,0.4198,0.9076,28.0,31.8,40.2,1.298,0.0738
25.26,92.73,1197.0,7.15,28.0,355.5,-0.0787,0.9969,27.3,34.5,38.3,1.302,0.0956
25.26,92.735,1187.0,3.41,28.0,317.2,-0.6791,0.7341,26.1,30.9,42.9,1.305,0.0456
25.26,92.74,1241.0,2.94,28.0,332.9,-0.4552,0.8904,29.0,32.5,38.5,1.307,0.0392
25.26,92.745,1233.0,3.2,28.0,123.4,0.8349,-0.5503,28.5,31.8,39.7,1.307,0.0427
25.26,92.75,1210.0,4.99,28.0,130.4,0.7613,-0.6484,26.8,33.9,39.3,1.304,0.0667
25.26,92.755,1176.0,4.84,28.0,109.2,0.9445,-0.3285,27.4,33.8,38.9,1.303,0.0648
25.26,92.76,1182.0,4.18,28.0,147.3,0.5402,-0.8416,27.4,33.8,38.7,1.304,0.0559
25.26,92.765,1114.0,8.26,28.0,160.8,0.3281,-0.9446,26.2,34.6,39.1,1.298,0.1107
25.26,92.77,1044.0,16.45,28.0,143.2,0.5993,-0.8005,27.0,35.5,37.5,1.288,0.2199
25.26,92.775,876.0,5.26,28.0,260.1,-0.985,-0.1725,26.6,33.0,40.3,1.291,0.071
25.26,92.78,1028.0,15.63,28.0,353.7,-0.1092,0.994,27.5,37.5,34.9,1.288,0.2092
25.26,92.785,1156.0,6.07,28.0,58.5,0.8526,0.5226,27.1,35.2,37.7,1.301,0.0813
25.26,92.79,1084.0,11.36,28.0,152.3,0.4652,-0.8852,26.0,33.3,40.6,1.294,0.1522
25.26,92.795,977.0,8.65,28.0,111.1,0.9333,-0.3592,30.4,32.0,37.6,1.292,0.1164
25.26,92.8,1029.0,10.27,28.0,39.4,0.6346,0.7729,29.5,33.6,36.8,1.293,0.1379
25.26,92.805,1118.0,7.45,28.0,28.3,0.4738,0.8806,27.1,35.6,37.4,1.299,0.0998
25.26,92.81,1145.0,2.72,28.0,65.3,0.9083,0.4184,28.3,34.5,37.1,1.304,0.0364
25.26,92.815,1138.0,3.94,28.0,164.9,0.2607,-0.9654,28.5,31.7,39.8,1.302,0.0528
25.26,92.82,1078.0,10.78,28.0,170.5,0.1652,-0.9863,29.4,35.3,35.2,1.294,0.1445
25.26,92.825,949.0,12.49,28.0,179.8,0.0041,-1.0,27.0,38.1,34.9,1.288,0.1679
25.26,92.83,855.0,4.42,28.0,145.3,0.5693,-0.8221,29.3,33.8,36.9,1.291,0.0597
25.26,92.835,885.0,12.18,28.0,37.7,0.6116,0.7912,27.3,37.4,35.3,1.285,0.1642
25.26,92.84,1027.0,10.07,28.0,41.5,0.6624,0.7491,26.4,36.2,37.4,1.293,0.1352
25.26,92.845,1019.0,4.24,28.0,141.0,0.6298,-0.7767,28.9,31.8,39.4,1.297,0.057
25.26,92.85,969.0,10.31,28.0,212.2,-0.5332,-0.846,29.5,34.5,36.0,1.29,0.1387
25.26,92.855,864.0,12.83,28.0,212.2,-0.5327,-0.8463,31.1,35.5,33.4,1.284,0.1729
25.26,92.86,775.0,12.71,28.0,205.5,-0.4302,-0.9028,26.6,35.5,37.9,1.28,0.1719
25.26,92.865,659.0,13.18,28.0,214.6,-0.5679,-0.8231,28.8,36.9,34.3,1.275,0.1788
25.26,92.87,581.0,8.64,28.0,203.7,-0.4022,-0.9155,27.5,34.9,37.6,1.276,0.1177
25.26,92.875,519.0,6.5,28.0,61.9,0.8825,0.4704,28.9,29.3,41.7,1.275,0.0888
25.26,92.88,635.0,15.07,28.0,83.9,0.9943,0.107,26.2,34.0,39.7,1.273,0.2042
25.26,92.885,548.0,2.48,28.0,95.3,0.9958,-0.0917,26.5,29.4,44.1,1.28,0.0338
25.26,92.89,631.0,8.39,28.0,303.5,-0.8339,0.5519,27.1,34.5,38.4,1.278,0.1142
25.26,92.895,630.0,8.59,28.0,292.8,-0.9217,0.3879,28.1,34.7,37.3,1.278,0.1169
25.26,92.9,690.0,9.62,28.0,298.3,-0.8801,0.4748,27.2,35.0,37.8,1.28,0.1306
25.26,92.905,711.0,7.51,28.0,306.5,-0.8038,0.5949,28.8,32.6,38.6,1.282,0.1019
25.26,92.91,769.0,4.77,28.0,322.9,-0.603,0.7977,29.2,34.3,36.5,1.287,0.0646
25.26,92.915,778.0,1.68,28.0,132.7,0.7354,-0.6776,28.7,33.5,37.8,1.29,0.0227
25.26,92.92,749.0,7.66,28.0,101.1,0.9814,-0.1919,29.9,32.2,37.9,1.284,0.1038
25.26,92.925,752.0,2.19,28.0,119.6,0.8696,-0.4937,28.5,30.4,41.1,1.288,0.0297
25.26,92.93,730.0,3.37,28.0,137.9,0.6708,-0.7416,26.5,32.9,40.6,1.286,0.0457
25.26,92.935,708.0,2.96,28.0,177.0,0.0521,-0.9986,29.6,35.5,34.9,1.286,0.0402
25.26,92.94,678.0,5.1,28.0,80.4,0.986,0.1669,27.3,35.9,36.8,1.283,0.0693
25.26,92.945,723.0,0.61,28.0,317.9,-0.6708,0.7416,29.1,33.0,37.9,1.288,0.0083
25.26,92.95,686.0,8.47,28.0,179.0,0.0181,-0.9998,29.9,33.2,36.9,1.28,0.1151
25.26,92.955,573.0,10.34,28.0,162.2,0.3052,-0.9523,28.5,36.1,35.4,1.274,0.1409
25.26,92.96,511.0,6.31,28.0,90.0,1.0,0.0,26.2,33.0,40.8,1.275,0.0862
25.26,92.965,573.0,9.95,28.0,70.5,0.9425,0.3341,26.9,33.5,39.6,1.275,0.1355
25.26,92.97,570.0,11.07,28.0,71.0,0.9458,0.3249,29.6,31.7,38.7,1.274,0.1507
25.26,92.975,637.0,5.34,28.0,68.8,0.9324,0.3613,27.8,33.6,38.6,1.281,0.0727
25.26,92.98,604.0,5.67,28.0,132.1,0.742,-0.6703,28.1,32.6,39.3,1.279,0.0772
25.26,92.985,570.0,7.42,28.0,182.8,-0.0483,-0.9988,28.9,34.1,37.0,1.277,0.1011
25.26,92.99,473.0,12.82,28.0,206.0,-0.4381,-0.8989,28.8,32.0,39.2,1.268,0.175
25.26,92.995,364.0,13.16,28.0,202.1,-0.3767,-0.9264,28.3,35.8,35.9,1.264,0.1801
25.265,92.5,1181.0,3.84,28.0,12.4,0.2142,0.9768,27.7,29.4,42.9,1.304,0.0514
25.265,92.505,1214.0,7.86,28.0,170.3,0.1692,-0.9856,27.6,35.7,36.6,1.302,0.105
25.265,92.51,1044.0,14.28,28.0,177.8,0.0388,-0.9992,29.0,36.6,34.4,1.29,0.1912
25.265,92.515,958.0,4.99,28.0,130.4,0.7613,-0.6484,28.7,32.9,38.4,1.294,0.0672
25.265,92.52,987.0,12.82,28.0,58.1,0.8491,0.5283,27.7,36.3,36.0,1.289,0.1721
25.265,92.525,1079.0,13.51,28.0,58.1,0.8486,0.529,29.3,34.1,36.6,1.292,0.1808
25.265,92.53,1115.0,11.7,28.0,39.0,0.6292,0.7772,27.8,35.2,36.9,1.295,0.1566
25.265,92.535,1241.0,10.77,28.0,36.5,0.5949,0.8038,27.0,36.1,37.0,1.301,0.1436
25.265,92.54,1269.0,7.1,28.0,130.8,0.7569,-0.6535,27.1,29.3,43.7,1.305,0.0947
25.265,92.545,1159.0,13.38,28.0,153.3,0.4493,-0.8934,26.8,34.9,38.3,1.295,0.1787
25.265,92.55,1055.0,9.49,28.0,157.9,0.3761,-0.9266,27.7,34.5,37.8,1.294,0.1274
25.265,92.555,1003.0,2.52,28.0,50.8,0.7753,0.6316,29.5,32.4,38.1,1.298,0.0339
25.265,92.56,1083.0,9.72,28.0,342.0,-0.3094,0.9509,27.0,36.8,36.2,1.295,0.1304
25.265,92.565,1167.0,10.19,28.0,293.8,-0.915,0.4035,28.2,33.0,38.7,1.298,0.1363
25.265,92.57,1156.0,18.54,28.0,272.5,-0.999,0.0444,27.2,36.0,36.8,1.291,0.2463
25.265,92.575,1182.0,24.86,28.0,302.7,-0.8415,0.5402,27.7,35.8,36.6,1.287,0.3267
25.265,92.58,1408.0,21.03,28.0,320.4,-0.638,0.77,26.2,39.9,33.9,1.299,0.2763
25.265,92.585,1480.0,4.91,28.0,335.9,-0.4077,0.9131,27.7,32.9,39.3,1.315,0.0651
25.265,92.59,1487.0,2.77,28.0,291.7,-0.9291,0.3698,27.8,32.1,40.2,1.317,0.0367
25.265,92.595,1498.0,3.52,28.0,241.1,-0.8752,-0.4838,28.6,32.9,38.5,1.317,0.0466
25.265,92.6,1457.0,4.62,28.0,257.9,-0.9779,-0.2089,28.3,34.2,37.5,1.314,0.0613
25.265,92.605,1481.0,4.05,28.0,288.0,-0.9512,0.3085,26.6,33.6,39.8,1.316,0.0537
25.265,92.61,1479.0,3.05,28.0,215.0,-0.5729,-0.8197,29.3,36.8,33.9,1.317,0.0404
25.265,92.615,1437.0,4.18,28.0,212.7,-0.5402,-0.8416,28.3,33.8,38.0,1.314,0.0555
25.265,92.62,1417.0,3.63,28.0,210.6,-0.5094,-0.8605,28.2,32.3,39.5,1.314,0.0482
25.265,92.625,1382.0,3.42,28.0,125.6,0.8128,-0.5825,28.0,32.1,39.9,1.312,0.0455
25.265,92.63,1382.0,5.41,28.0,151.7,0.474,-0.8805,27.4,32.9,39.8,1.311,0.0719
25.265,92.635,1298.0,12.92,28.0,174.6,0.094,-0.9956,28.3,33.2,38.5,1.301,0.1719
25.265,92.64,1152.0,8.31,28.0,180.4,-0.0062,-1.0,28.6,34.3,37.2,1.299,0.1113
25.265,92.645,1151.0,3.95,28.0,331.3,-0.481,0.8767,25.9,34.2,39.9,1.303,0.0529
25.265,92.65,1213.0,4.37,28.0,60.4,0.8696,0.4937,27.4,32.2,40.4,1.305,0.0584
25.265,92.655,1189.0,7.61,28.0,81.4,0.9889,0.1488,27.7,32.8,39.5,1.301,0.1018
25.265,92.66,1233.0,7.82,28.0,28.1,0.4709,0.8822,28.3,36.4,35.3,1.303,0.1044
25.265,92.665,1311.0,7.46,28.0,26.5,0.4459,0.8951,29.4,31.8,38.7,1.306,0.0994
25.265,92.67,1351.0,6.53,28.0,11.3,0.1962,0.9806,27.1,30.6,42.3,1.309,0.0869
25.265,92.675,1424.0,1.48,28.0,356.0,-0.0694,0.9976,27.4,30.7,41.9,1.316,0.0196
25.265,92.68,1377.0,2.76,28.0,143.4,0.5959,-0.803,27.4,30.4,42.2,1.313,0.0367
25.265,92.685,1385.0,3.61,28.0,118.1,0.8818,-0.4717,27.0,33.5,39.4,1.312,0.048
25.265,92.69,1347.0,4.46,28.0,135.4,0.7018,-0.7123,27.6,32.6,39.8,1.31,0.0594
25.265,92.695,1329.0,7.71,28.0,110.6,0.9359,-0.3523,28.9,33.7,37.3,1.307,0.1026
25.265,92.7,1299.0,6.84,28.0,115.0,0.9064,-0.4224,26.7,35.6,37.7,1.306,0.0912
25.265,92.705,1278.0,2.99,28.0,213.3,-0.5496,-0.8355,28.5,31.8,39.7,1.309,0.0398
25.265,92.71,1255.0,4.15,28.0,210.5,-0.5073,-0.8618,26.0,34.3,39.8,1.307,0.0554
25.265,92.715,1215.0,7.19,28.0,214.2,-0.5626,-0.8267,27.3,36.2,36.5,1.303,0.0961
25.265,92.72,1150.0,10.8,28.0,205.1,-0.4238,-0.9058,27.6,34.2,38.2,1.297,0.1445
25.265,92.725,1041.0,3.19,28.0,270.0,-1.0,-0.0,30.0,34.0,36.0,1.299,0.0428
25.265,92.73,1150.0,10.95,28.0,39.2,0.6316,0.7753,27.7,34.6,37.8,1.297,0.1465
25.265,92.735,1192.0,2.9,28.0,19.7,0.3371,0.9415,25.4,34.2,40.5,1.305,0.0388
25.265,92.74,1198.0,2.58,28.0,22.3,0.3787,0.9255,25.6,30.3,44.1,1.306,0.0345
25.265,92.745,1234.0,1.55,28.0,147.8,0.5326,-0.8464,28.0,29.9,42.0,1.308,0.0207
25.265,92.75,1175.0,7.42,28.0,178.4,0.0276,-0.9996,28.7,33.4,37.9,1.301,0.0993
25.265,92.755,1103.0,4.64,28.0,172.4,0.1328,-0.9911,28.5,31.9,39.6,1.3,0.0622
25.265,92.76,1094.0,6.24,28.0,133.0,0.7317,-0.6817,28.2,32.9,38.9,1.299,0.0837
25.265,92.765,1028.0,13.64,28.0,154.8,0.4258,-0.9048,29.4,35.3,35.3,1.29,0.1828
25.265,92.77,873.0,8.37,28.0,100.5,0.9832,-0.1823,27.4,35.3,37.3,1.288,0.113
25.265,92.775,1001.0,11.31,28.0,8.8,0.1527,0.9883,29.1,34.4,36.5,1.291,0.1519
25.265,92.78,1072.0,4.89,28.0,9.7,0.1678,0.9858,26.0,32.1,41.9,1.299,0.0656
25.265,92.785,1086.0,7.47,28.0,111.3,0.9316,-0.3635,26.9,33.5,39.6,1.297,0.1002
25.265,92.79,1024.0,10.08,28.0,138.9,0.6568,-0.7541,25.8,33.5,40.6,1.293,0.1354
25.265,92.795,951.0,5.35,28.0,146.9,0.5465,-0.8374,27.7,32.0,40.3,1.294,0.0721
25.265,92.8,945.0,7.91,28.0,38.8,0.627,0.779,27.9,31.7,40.4,1.291,0.1066
25.265,92.805,1060.0,10.51,28.0,16.6,0.2857,0.9583,28.1,34.9,37.0,1.294,0.141
25.265,92.81,1124.0,4.33,28.0,53.8,0.807,0.5905,28.1,32.3,39.6,1.301,0.058
25.265,92.815,1105.0,3.76,28.0,155.0,0.4234,-0.906,26.9,34.5,38.7,1.301,0.0504
25.265,92.82,1064.0,9.18,28.0,162.2,0.3056,-0.9522,27.8,32.3,40.0,1.295,0.1232
25.265,92.825,950.0,11.69,28.0,161.0,0.3256,-0.9455,26.2,34.3,39.5,1.288,0.1573
25.265,92.83,867.0,6.18,28.0,179.0,0.0166,-0.9999,29.6,36.4,34.0,1.29,0.0835
25.265,92.835,841.0,3.14,28.0,75.3,0.9673,0.2538,27.6,31.4,40.9,1.291,0.0424
25.265,92.84,881.0,11.87,28.0,74.1,0.9617,0.2741,27.4,34.8,37.8,1.285,0.1601
25.265,92.845,899.0,11.08,28.0,47.2,0.7338,0.6794,29.9,33.1,37.0,1.287,0.1493
25.265,92.85,1015.0,2.29,28.0,32.6,0.5381,0.8429,26.5,30.6,42.9,1.299,0.0308
25.265,92.855,933.0,11.81,28.0,204.9,-0.421,-0.9071,26.6,37.5,35.9,1.287,0.159
25.265,92.86,824.0,11.39,28.0,219.3,-0.6332,-0.774,26.7,35.3,38.0,1.283,0.1539
25.265,92.865,776.0,11.67,28.0,226.6,-0.7262,-0.6875,27.9,35.3,36.8,1.281,0.1579
25.265,92.87,681.0,12.55,28.0,223.3,-0.6862,-0.7274,28.5,32.8,38.7,1.277,0.1702
25.265,92.875,613.0,11.88,28.0,205.6,-0.4315,-0.9021,28.9,35.7,35.4,1.275,0.1615
25.265,92.88,490.0,6.37,28.0,76.6,0.9729,0.2311,31.1,35.4,33.5,1.274,0.0871
25.265,92.885,639.0,14.95,28.0,322.7,-0.6055,0.7959,25.3,37.7,37.0,1.273,0.2027
25.265,92.89,704.0,5.13,28.0,305.9,-0.8102,0.5861,28.7,34.4,36.9,1.284,0.0696
25.265,92.895,692.0,6.33,28.0,281.4,-0.9804,0.1971,27.3,32.0,40.7,1.282,0.086
25.265,92.9,726.0,7.44,28.0,323.7,-0.5916,0.8062,27.3,34.5,38.3,1.283,0.1009
25.265,92.905,798.0,7.72,28.0,321.0,-0.6297,0.7768,27.3,35.1,37.7,1.285,0.1045
25.265,92.91,832.0,2.54,28.0,200.1,-0.3438,-0.939,26.9,30.0,43.1,1.291,0.0343
25.265,92.915,756.0,8.1,28.0,160.5,0.3346,-0.9424,30.0,32.5,37.5,1.283,0.1098
25.265,92.92,697.0,5.3,28.0,99.2,0.987,-0.1605,29.0,34.7,36.2,1.283,0.072
25.265,92.925,741.0,2.37,28.0,136.0,0.6943,-0.7197,28.0,33.9,38.0,1.288,0.0321
25.265,92.93,667.0,3.74,28.0,130.8,0.7565,-0.6539,29.6,30.7,39.7,1.284,0.0508
25.265,92.935,698.0,7.03,28.0,119.9,0.8665,-0.4991,26.2,35.1,38.7,1.282,0.0955
25.265,92.94,605.0,3.33,28.0,58.1,0.8487,0.5289,26.4,33.0,40.6,1.281,0.0453
25.265,92.945,729.0,5.55,28.0,346.1,-0.2403,0.9707,25.4,34.7,40.0,1.285,0.0753
25.265,92.95,700.0,8.67,28.0,188.1,-0.1414,-0.99,27.2,33.4,39.5,1.281,0.1177
25.265,92.955,577.0,13.25,28.0,181.1,-0.0191,-0.9998,28.2,36.5,35.3,1.272,0.1802
25.265,92.96,463.0,4.55,28.0,170.3,0.1693,-0.9856,28.1,34.5,37.4,1.275,0.0622
25.265,92.965,498.0,9.69,28.0,88.7,0.9997,0.0233,28.2,34.1,37.8,1.272,0.1323
25.265,92.97,467.0,10.11,28.0,55.7,0.8266,0.5628,26.3,34.7,39.0,1.27,0.1382
25.265,92.975,599.0,8.8,28.0,54.3,0.8121,0.5836,29.0,33.4,37.7,1.277,0.1198
25.265,92.98,558.0,4.0,28.0,131.9,0.7448,-0.6673,28.3,35.5,36.2,1.279,0.0545
25.265,92.985,552.0,4.46,28.0,124.0,0.8286,-0.5598,28.9,33.0,38.1,1.278,0.0608
25.265,92.99,514.0,9.81,28.0,169.2,0.1871,-0.9823,25.7,33.2,41.0,1.272,0.1339
25.265,92.995,381.0,15.26,28.0,165.5,0.2502,-0.9682,28.4,35.0,36.6,1.263,0.2084
25.27,92.5,1133.0,12.08,28.0,24.6,0.4155,0.9096,26.6,35.4,38.0,1.295,0.1616
25.27,92.505,1231.0,3.6,28.0,122.5,0.8434,-0.5373,27.5,34.1,38.4,1.306,0.0481
25.27,92.51,1099.0,12.64,28.0,196.0,-0.2764,-0.961,28.6,33.4,38.0,1.293,0.1692
25.27,92.515,1014.0,11.41,28.0,195.2,-0.2627,-0.9649,28.1,37.8,34.1,1.291,0.1532
25.27,92.52,903.0,5.35,28.0,119.2,0.8729,-0.4879,27.0,33.9,39.1,1.292,0.0722
25.27,92.525,968.0,12.96,28.0,38.6,0.6245,0.781,28.0,36.2,35.8,1.288,0.1741
25.27,92.53,1084.0,12.38,28.0,27.5,0.4624,0.8867,26.2,35.2,38.7,1.293,0.1658
25.27,92.535,1164.0,13.35,28.0,60.1,0.8671,0.4982,29.4,35.6,35.0,1.295,0.1783
25.27,92.54,1203.0,9.65,28.0,134.5,0.7132,-0.7009,27.8,34.4,37.9,1.3,0.1289
25.27,92.545,1044.0,12.79,28.0,144.4,0.5815,-0.8135,29.3,36.9,33.7,1.291,0.1715
25.27,92.55,1017.0,5.58,28.0,107.1,0.9556,-0.2946,27.4,33.5,39.2,1.296,0.075
25.27,92.555,1015.0,4.54,28.0,358.7,-0.0226,0.9997,27.4,34.4,38.3,1.297,0.061
25.27,92.56,1097.0,9.63,28.0,24.1,0.4077,0.9131,27.1,33.9,39.0,1.296,0.1291
25.27,92.565,1171.0,11.51,28.0,33.5,0.5515,0.8342,29.1,35.4,35.6,1.297,0.1538
25.27,92.57,1268.0,17.06,28.0,353.4,-0.1141,0.9935,27.1,35.3,37.5,1.297,0.2262
25.27,92.575,1478.0,17.42,28.0,320.5,-0.6354,0.7722,28.8,38.5,32.8,1.305,0.2294
25.27,92.58,1512.0,4.51,28.0,289.1,-0.9449,0.3273,27.5,32.0,40.5,1.317,0.0597
25.27,92.585,1504.0,0.77,28.0,152.2,0.4666,-0.8844,25.6,31.7,42.7,1.32,0.0102
25.27,92.59,1500.0,0.8,28.0,106.4,0.9592,-0.2828,27.3,31.7,40.9,1.319,0.0106
25.27,92.595,1500.0,3.01,28.0,119.4,0.8711,-0.491,26.6,32.3,41.1,1.317,0.0399
25.27,92.6,1474.0,5.48,28.0,169.7,0.178,-0.984,28.0,34.5,37.4,1.314,0.0727
25.27,92.605,1405.0,4.34,28.0,121.6,0.8521,-0.5234,26.6,32.7,40.7,1.313,0.0576
25.27,92.61,1434.0,10.73,28.0,89.7,1.0,0.0052,29.1,37.0,33.9,1.308,0.1423
25.27,92.615,1406.0,11.27,28.0,100.6,0.9828,-0.1844,27.9,33.8,38.3,1.307,0.1495
25.27,92.62,1397.0,10.05,28.0,125.3,0.8164,-0.5775,27.8,34.9,37.3,1.308,0.1334
25.27,92.625,1303.0,11.34,28.0,122.7,0.8419,-0.5397,28.8,33.9,37.4,1.303,0.1509
25.27,92.63,1288.0,8.73,28.0,90.7,0.9999,-0.0129,29.2,35.0,35.9,1.304,0.1164
25.27,92.635,1301.0,6.98,28.0,102.7,0.9757,-0.219,28.0,33.8,38.2,1.306,0.093
25.27,92.64,1261.0,7.34,28.0,189.2,-0.1604,-0.987,27.1,33.7,39.2,1.304,0.098
25.27,92.645,1173.0,4.6,28.0,181.9,-0.0335,-0.9994,25.9,35.0,39.1,1.303,0.0615
25.27,92.65,1180.0,3.06,28.0,345.4,-0.2525,0.9676,27.2,31.8,41.0,1.305,0.0409
25.27,92.655,1225.0,9.27,28.0,325.8,-0.5614,0.8276,27.3,35.4,37.4,1.301,0.1238
25.27,92.66,1316.0,9.9,28.0,313.1,-0.7307,0.6827,28.1,33.5,38.4,1.304,0.1318
25.27,92.665,1345.0,5.62,28.0,324.9,-0.5754,0.8179,27.6,33.7,38.7,1.309,0.0748
25.27,92.67,1397.0,4.14,28.0,335.0,-0.4223,0.9064,28.8,31.3,39.9,1.312,0.055
25.27,92.675,1411.0,4.75,28.0,108.1,0.9506,-0.3105,27.3,32.3,40.5,1.312,0.0631
25.27,92.68,1371.0,9.66,28.0,159.0,0.3588,-0.9334,27.9,34.5,37.6,1.307,0.1284
25.27,92.685,1251.0,10.17,28.0,139.4,0.6513,-0.7588,29.4,37.4,33.1,1.302,0.1356
25.27,92.69,1234.0,8.9,28.0,111.6,0.9298,-0.3681,28.4,34.5,37.1,1.302,0.1188
25.27,92.695,1193.0,10.81,28.0,107.2,0.955,-0.2965,27.9,37.4,34.7,1.299,0.1444
25.27,92.7,1177.0,11.06,28.0,85.6,0.9971,0.0762,27.3,35.3,37.4,1.298,0.1478
25.27,92.705,1208.0,7.86,28.0,98.3,0.9896,-0.144,27.2,33.5,39.2,1.302,0.105
25.27,92.71,1157.0,7.67,28.0,106.3,0.96,-0.2801,27.0,36.4,36.7,1.3,0.1027
25.27,92.715,1170.0,6.59,28.0,68.8,0.9326,0.3609,27.4,34.4,38.2,1.301,0.0882
25.27,92.72,1199.0,5.74,28.0,117.7,0.8854,-0.4648,28.9,32.6,38.5,1.303,0.0768
25.27,92.725,1123.0,8.58,28.0,204.6,-0.417,-0.9089,27.7,35.0,37.3,1.298,0.1149
25.27,92.73,1061.0,8.75,28.0,73.1,0.9569,0.2903,26.4,33.9,39.7,1.295,0.1175
25.27,92.735,1168.0,9.22,28.0,9.9,0.1716,0.9852,30.1,31.5,38.4,1.299,0.1233
25.27,92.74,1222.0,2.94,28.0,341.6,-0.3153,0.949,28.4,34.2,37.4,1.306,0.0393
25.27,92.745,1217.0,3.91,28.0,103.4,0.9726,-0.2325,26.3,34.7,39.0,1.305,0.0523
25.27,92.75,1206.0,3.24,28.0,158.6,0.3654,-0.9309,27.5,35.6,36.9,1.306,0.0433
25.27,92.755,1164.0,7.56,28.0,212.3,-0.5344,-0.8452,28.1,34.6,37.2,1.3,0.1012
25.27,92.76,1093.0,9.45,28.0,189.9,-0.1728,-0.985,30.0,34.1,35.8,1.296,0.1267
25.27,92.765,999.0,12.29,28.0,196.8,-0.2887,-0.9574,26.7,36.5,36.8,1.29,0.165
25.27,92.77,883.0,12.91,28.0,227.1,-0.7329,-0.6803,29.2,36.7,34.1,1.285,0.1739
25.27,92.775,842.0,7.34,28.0,5.6,0.0977,0.9952,29.7,36.4,33.9,1.288,0.0992
25.27,92.78,1012.0,14.71,28.0,47.7,0.7392,0.6735,27.2,35.9,36.9,1.288,0.1971
25.27,92.785,1020.0,13.34,28.0,104.1,0.97,-0.243,27.7,35.3,37.0,1.29,0.1789
25.27,92.79,954.0,7.59,28.0,138.2,0.6671,-0.745,26.8,33.0,40.3,1.292,0.1022
25.27,92.795,920.0,1.27,28.0,189.3,-0.1623,-0.9867,27.8,33.1,39.1,1.296,0.0171
25.27,92.8,932.0,8.07,28.0,346.8,-0.2281,0.9736,28.0,31.8,40.2,1.291,0.1087
25.27,92.805,1059.0,9.21,28.0,27.4,0.4598,0.888,28.8,35.6,35.6,1.295,0.1236
25.27,92.81,1077.0,4.93,28.0,56.4,0.8333,0.5528,29.3,34.2,36.5,1.299,0.0662
25.27,92.815,1107.0,3.1,28.0,187.6,-0.1328,-0.9911,27.1,33.7,39.2,1.302,0.0415
25.27,92.82,1023.0,13.05,28.0,183.6,-0.062,-0.9981,25.6,35.7,38.7,1.29,0.175
25.27,92.825,874.0,9.59,28.0,182.4,-0.0425,-0.9991,28.0,36.9,35.2,1.287,0.1294
25.27,92.83,853.0,6.44,28.0,245.0,-0.9066,-0.422,28.4,35.0,36.6,1.289,0.087
25.27,92.835,826.0,4.62,28.0,231.1,-0.7788,-0.6273,28.3,32.3,39.4,1.289,0.0625
25.27,92.84,802.0,4.06,28.0,62.5,0.8868,0.4622,27.6,32.2,40.2,1.289,0.0549
25.27,92.845,859.0,10.14,28.0,37.4,0.6078,0.7941,28.1,33.4,38.5,1.286,0.1369
25.27,92.85,945.0,11.04,28.0,58.4,0.8516,0.5242,29.8,35.8,34.4,1.289,0.1486
25.27,92.855,962.0,1.6,28.0,174.5,0.0965,-0.9953,28.5,30.9,40.6,1.297,0.0215
25.27,92.86,917.0,7.7,28.0,182.7,-0.0465,-0.9989,27.6,35.7,36.8,1.29,0.1039
25.27,92.865,826.0,9.41,28.0,185.9,-0.103,-0.9947,27.4,36.5,36.1,1.285,0.1272
25.27,92.87,751.0,11.56,28.0,180.8,-0.0132,-0.9999,27.8,33.8,38.4,1.28,0.1566
25.27,92.875,620.0,13.47,28.0,169.4,0.1838,-0.983,30.0,35.3,34.7,1.274,0.1828
25.27,92.88,514.0,6.56,28.0,338.9,-0.3595,0.9332,27.8,33.8,38.4,1.275,0.0896
25.27,92.885,728.0,13.11,28.0,327.6,-0.536,0.8442,28.0,36.8,35.2,1.278,0.1775
25.27,92.89,712.0,5.89,28.0,282.8,-0.9752,0.2214,27.4,36.0,36.6,1.284,0.0799
25.27,92.895,751.0,6.87,28.0,301.8,-0.8496,0.5274,29.3,31.3,39.4,1.284,0.0932
25.27,92.9,776.0,7.3,28.0,295.2,-0.9045,0.4264,30.4,33.5,36.2,1.285,0.0989
25.27,92.905,806.0,1.04,28.0,57.0,0.8383,0.5452,28.5,31.9,39.6,1.291,0.0141
25.27,92.91,786.0,6.33,28.0,136.5,0.6884,-0.7253,28.1,31.6,40.3,1.286,0.0857
25.27,92.915,725.0,8.89,28.0,151.9,0.4708,-0.8823,28.0,33.6,38.3,1.282,0.1205
25.27,92.92,647.0,2.69,28.0,96.1,0.9944,-0.1057,25.1,33.4,41.5,1.284,0.0366
25.27,92.925,720.0,3.65,28.0,64.2,0.9002,0.4354,28.9,32.6,38.6,1.286,0.0495
25.27,92.93,675.0,7.56,28.0,168.7,0.1963,-0.9805,28.2,31.7,40.1,1.281,0.1027
25.27,92.935,589.0,7.6,28.0,112.8,0.9221,-0.387,28.5,38.3,33.1,1.277,0.1036
25.27,92.94,623.0,9.49,28.0,341.8,-0.3116,0.9502,27.1,34.9,37.9,1.277,0.1291
25.27,92.945,749.0,4.94,28.0,1.8,0.0312,0.9995,27.5,33.5,39.0,1.286,0.067
25.27,92.95,710.0,9.71,28.0,173.1,0.1208,-0.9927,27.5,32.9,39.6,1.28,0.1318
25.27,92.955,578.0,12.06,28.0,186.0,-0.1051,-0.9945,29.2,35.6,35.2,1.273,0.1641
25.27,92.96,496.0,11.81,28.0,202.2,-0.3779,-0.9258,27.5,34.9,37.6,1.27,0.1612
25.27,92.965,383.0,5.11,28.0,181.2,-0.0201,-0.9998,30.5,30.5,39.0,1.271,0.0701
25.27,92.97,406.0,6.7,28.0,15.5,0.2676,0.9635,28.5,32.2,39.3,1.271,0.0918
25.27,92.975,497.0,14.27,28.0,56.9,0.8373,0.5468,26.5,37.0,36.5,1.268,0.1944
25.27,92.98,546.0,0.88,28.0,86.3,0.9979,0.0649,27.8,35.2,37.0,1.281,0.012
25.27,92.985,498.0,7.61,28.0,144.2,0.5853,-0.8108,27.2,34.6,38.2,1.274,0.1039
25.27,92.99,437.0,13.66,28.0,149.1,0.5137,-0.858,25.4,37.3,37.3,1.266,0.1865
25.27,92.995,288.0,17.7,28.0,158.0,0.3743,-0.9273,29.9,36.5,33.6,1.257,0.2419
25.275,92.5,1082.0,9.87,28.0,33.5,0.5525,0.8335,28.8,34.5,36.7,1.295,0.1324
25.275,92.505,1155.0,7.48,28.0,76.4,0.9721,0.2346,28.6,35.6,35.7,1.3,0.1001
25.275,92.51,1113.0,10.27,28.0,139.1,0.6543,-0.7563,28.2,37.2,34.6,1.296,0.1376
25.275,92.515,1017.0,12.3,28.0,171.2,0.1524,-0.9883,26.3,37.2,36.4,1.29,0.1651
25.275,92.52,896.0,5.56,28.0,182.1,-0.0369,-0.9993,27.4,31.9,40.7,1.291,0.075
25.275,92.525,919.0,7.24,28.0,34.0,0.559,0.8292,29.0,33.8,37.2,1.291,0.0976
25.275,92.53,1002.0,9.7,28.0,57.3,0.8413,0.5406,26.7,35.0,38.3,1.292,0.1304
25.275,92.535,1012.0,10.23,28.0,43.4,0.6871,0.7266,25.0,34.3,40.7,1.292,0.1375
25.275,92.54,1134.0,12.71,28.0,90.0,1.0,0.0,27.7,36.0,36.3,1.295,0.1699
25.275,92.545,1012.0,10.51,28.0,168.5,0.1986,-0.9801,27.8,36.0,36.1,1.292,0.1412
25.275,92.55,951.0,3.93,28.0,95.8,0.9949,-0.1013,28.2,34.6,37.3,1.295,0.0529
25.275,92.555,1005.0,4.46,28.0,45.6,0.7139,0.7002,28.9,35.7,35.4,1.296,0.06
25.275,92.56,1006.0,4.3,28.0,60.7,0.8724,0.4889,28.8,32.7,38.6,1.297,0.0578
25.275,92.565,1042.0,11.63,28.0,24.2,0.4102,0.912,28.3,33.1,38.6,1.292,0.156
25.275,92.57,1195.0,19.81,28.0,3.7,0.0648,0.9979,29.4,37.8,32.7,1.291,0.2625
25.275,92.575,1404.0,16.43,28.0,4.5,0.0792,0.9969,26.2,39.2,34.6,1.302,0.2172
25.275,92.58,1491.0,5.75,28.0,47.1,0.7321,0.6811,28.6,32.8,38.6,1.315,0.0762
25.275,92.585,1473.0,3.12,28.0,110.2,0.9383,-0.3458,28.8,33.9,37.4,1.316,0.0414
25.275,92.59,1472.0,4.75,28.0,108.1,0.9506,-0.3105,26.5,34.3,39.2,1.315,0.063
25.275,92.595,1447.0,3.68,28.0,121.6,0.8513,-0.5246,26.2,33.3,40.5,1.315,0.0488
25.275,92.6,1438.0,4.96,28.0,115.8,0.9005,-0.4349,27.1,33.3,39.6,1.313,0.0658
25.275,92.605,1409.0,10.65,28.0,153.9,0.4396,-0.8982,27.2,33.5,39.3,1.307,0.1414
25.275,92.61,1268.0,11.91,28.0,153.4,0.4471,-0.8945,28.9,31.8,39.3,1.301,0.1586
25.275,92.615,1219.0,1.78,28.0,112.5,0.9238,-0.383,27.3,30.8,41.9,1.307,0.0238
25.275,92.62,1256.0,5.52,28.0,104.9,0.9664,-0.2569,27.0,32.9,40.1,1.306,0.0737
25.275,92.625,1194.0,2.6,28.0,190.3,-0.178,-0.984,27.3,34.3,38.4,1.306,0.0347
25.275,92.63,1211.0,3.32,28.0,240.2,-0.8678,-0.4969,29.3,32.7,37.9,1.306,0.0443
25.275,92.635,1165.0,2.08,28.0,190.0,-0.1732,-0.9849,28.0,31.8,40.2,1.305,0.0278
25.275,92.64,1175.0,1.62,28.0,247.2,-0.9222,-0.3867,27.8,31.1,41.1,1.306,0.0216
25.275,92.645,1154.0,4.61,28.0,310.8,-0.7575,0.6528,27.9,34.2,37.9,1.302,0.0617
25.275,92.65,1228.0,7.83,28.0,351.7,-0.1437,0.9896,29.6,36.1,34.3,1.303,0.1046
25.275,92.655,1291.0,8.4,28.0,351.6,-0.1461,0.9893,27.1,35.8,37.1,1.305,0.1119
25.275,92.66,1375.0,4.72,28.0,356.3,-0.0652,0.9979,29.6,34.2,36.3,1.311,0.0628
25.275,92.665,1374.0,3.64,28.0,81.0,0.9878,0.156,28.3,30.8,41.0,1.312,0.0484
25.275,92.67,1385.0,10.31,28.0,102.0,0.9782,-0.2076,27.8,34.2,38.0,1.307,0.1369
25.275,92.675,1336.0,9.8,28.0,115.9,0.8995,-0.4369,31.0,37.5,31.5,1.305,0.1304
25.275,92.68,1309.0,7.74,28.0,126.3,0.8061,-0.5917,26.7,35.7,37.5,1.306,0.1031
25.275,92.685,1255.0,8.41,28.0,146.4,0.553,-0.8332,27.6,31.9,40.5,1.303,0.1122
25.275,92.69,1185.0,7.43,28.0,169.3,0.186,-0.9825,26.5,33.9,39.6,1.301,0.0994
25.275,92.695,1126.0,6.12,28.0,197.5,-0.3014,-0.9535,29.1,34.2,36.7,1.3,0.082
25.275,92.7,1082.0,0.36,28.0,90.0,1.0,0.0,30.0,31.0,39.0,1.303,0.0048
25.275,92.705,1126.0,2.4,28.0,313.3,-0.7275,0.6861,30.0,29.2,40.8,1.303,0.0321
25.275,92.71,1111.0,4.52,28.0,247.1,-0.9209,-0.3897,29.5,33.4,37.2,1.301,0.0606
25.275,92.715,1095.0,4.06,28.0,147.0,0.5439,-0.8391,27.8,31.9,40.3,1.3,0.0545
25.275,92.72,1051.0,3.46,28.0,74.8,0.9649,0.2626,27.6,31.7,40.7,1.299,0.0465
25.275,92.725,1111.0,8.41,28.0,115.9,0.8996,-0.4368,26.0,33.7,40.3,1.297,0.1128
25.275,92.73,986.0,3.6,28.0,322.1,-0.614,0.7893,30.4,32.8,36.8,1.296,0.0484
25.275,92.735,1161.0,12.88,28.0,357.7,-0.0393,0.9992,28.6,35.4,36.0,1.296,0.172
25.275,92.74,1216.0,1.9,28.0,91.7,0.9996,-0.0299,27.4,31.2,41.4,1.307,0.0254
25.275,92.745,1160.0,8.02,28.0,116.8,0.8925,-0.4511,29.6,33.8,36.6,1.3,0.1073
25.275,92.75,1152.0,2.81,28.0,63.6,0.8957,0.4446,26.8,30.1,43.1,1.304,0.0376
25.275,92.755,1182.0,2.33,28.0,129.4,0.7728,-0.6347,28.5,33.1,38.4,1.305,0.0312
25.275,92.76,1126.0,5.11,28.0,201.2,-0.3614,-0.9324,27.8,29.1,43.1,1.301,0.0685
25.275,92.765,1098.0,8.66,28.0,244.5,-0.9026,-0.4305,28.8,33.9,37.4,1.297,0.1161
25.275,92.77,1060.0,12.97,28.0,241.4,-0.8779,-0.4788,27.9,36.8,35.2,1.292,0.1737
25.275,92.775,987.0,15.57,28.0,223.4,-0.6866,-0.727,26.3,34.6,39.2,1.287,0.2086
25.275,92.78,856.0,9.14,28.0,194.2,-0.2457,-0.9693,28.1,35.5,36.4,1.287,0.1234
25.275,92.785,830.0,4.23,28.0,22.1,0.3765,0.9264,29.3,34.9,35.9,1.29,0.0572
25.275,92.79,925.0,9.67,28.0,43.2,0.6852,0.7284,28.0,29.6,42.4,1.289,0.1303
25.275,92.795,955.0,4.72,28.0,312.3,-0.7394,0.6732,28.9,33.0,38.0,1.294,0.0636
25.275,92.8,981.0,5.83,28.0,282.4,-0.9768,0.2141,26.7,29.2,44.0,1.294,0.0785
25.275,92.805,977.0,3.67,28.0,12.9,0.2239,0.9746,28.0,32.8,39.2,1.296,0.0494
25.275,92.81,1044.0,7.74,28.0,6.1,0.1058,0.9944,27.3,34.1,38.7,1.295,0.104
25.275,92.815,1113.0,2.15,28.0,18.1,0.3105,0.9506,28.9,28.8,42.3,1.303,0.0288
25.275,92.82,1080.0,8.93,28.0,191.5,-0.2001,-0.9798,28.0,37.3,34.7,1.296,0.1198
25.275,92.825,958.0,8.95,28.0,231.4,-0.7813,-0.6242,28.8,34.8,36.4,1.291,0.1205
25.275,92.83,981.0,9.41,28.0,253.6,-0.9595,-0.2817,29.3,33.2,37.5,1.291,0.1266
25.275,92.835,911.0,11.04,28.0,210.1,-0.5017,-0.8651,28.8,37.1,34.0,1.287,0.1488
25.275,92.84,811.0,7.87,28.0,197.0,-0.2926,-0.9562,28.3,31.4,40.3,1.286,0.1065
25.275,92.845,778.0,6.75,28.0,80.8,0.9872,0.1595,26.8,32.0,41.2,1.285,0.0915
25.275,92.85,830.0,11.18,28.0,40.2,0.6454,0.7638,28.0,31.5,40.5,1.284,0.151
25.275,92.855,930.0,5.54,28.0,89.4,0.9999,0.0102,27.4,36.2,36.5,1.293,0.0747
25.275,92.86,831.0,9.2,28.0,145.9,0.5604,-0.8282,27.6,35.0,37.5,1.286,0.1243
25.275,92.865,795.0,8.79,28.0,160.7,0.331,-0.9436,27.6,35.3,37.1,1.284,0.119
25.275,92.87,684.0,16.39,28.0,141.2,0.626,-0.7799,26.8,36.8,36.4,1.274,0.2215
25.275,92.875,564.0,10.66,28.0,141.3,0.625,-0.7806,25.7,35.7,38.6,1.274,0.1452
25.275,92.88,536.0,13.27,28.0,334.3,-0.4341,0.9009,27.2,35.7,37.1,1.27,0.1807
25.275,92.885,778.0,15.72,28.0,351.0,-0.1563,0.9877,28.2,36.6,35.2,1.278,0.212
25.275,92.89,816.0,8.77,28.0,280.4,-0.9836,0.1802,26.4,34.5,39.1,1.285,0.1187
25.275,92.895,806.0,5.82,28.0,292.3,-0.925,0.3799,28.0,32.6,39.3,1.287,0.0788
25.275,92.9,855.0,3.77,28.0,247.9,-0.9264,-0.3766,30.3,32.9,36.8,1.291,0.0509
25.275,92.905,781.0,6.91,28.0,152.2,0.4666,-0.8844,29.2,34.3,36.5,1.285,0.0936
25.275,92.91,747.0,7.17,28.0,147.6,0.5354,-0.8446,30.0,34.1,35.9,1.284,0.0972
25.275,92.915,674.0,6.8,28.0,148.2,0.5274,-0.8496,28.5,31.6,39.9,1.281,0.0924
25.275,92.92,645.0,1.2,28.0,81.8,0.9898,0.1427,29.4,30.3,40.3,1.285,0.0163
25.275,92.925,677.0,3.57,28.0,96.4,0.9938,-0.1115,27.1,34.6,38.3,1.284,0.0485
25.275,92.93,638.0,7.38,28.0,152.8,0.4576,-0.8892,27.2,33.5,39.3,1.279,0.1004
25.275,92.935,561.0,2.89,28.0,60.6,0.871,0.4913,24.7,33.6,41.6,1.28,0.0394
25.275,92.94,663.0,10.63,28.0,29.2,0.488,0.8728,29.4,33.2,37.4,1.278,0.1443
25.275,92.945,726.0,8.42,28.0,84.6,0.9956,0.094,29.8,32.0,38.1,1.282,0.1142
25.275,92.95,677.0,7.5,28.0,159.2,0.3546,-0.935,27.3,32.7,39.9,1.281,0.1019
25.275,92.955,602.0,7.36,28.0,194.5,-0.2502,-0.9682,27.7,33.6,38.7,1.278,0.1002
25.275,92.96,551.0,6.75,28.0,211.1,-0.5164,-0.8564,27.1,32.8,40.1,1.276,0.0921
25.275,92.965,500.0,9.86,28.0,227.2,-0.7335,-0.6796,28.5,36.6,35.0,1.272,0.1346
25.275,92.97,432.0,9.04,28.0,210.5,-0.5081,-0.8613,29.3,34.7,36.0,1.27,0.1237
25.275,92.975,362.0,8.27,28.0,41.9,0.6674,0.7447,25.9,37.0,37.1,1.268,0.1134
25.275,92.98,541.0,10.17,28.0,55.2,0.8214,0.5704,28.5,35.3,36.2,1.273,0.1387
25.275,92.985,465.0,11.39,28.0,144.9,0.575,-0.8181,27.7,31.4,40.9,1.269,0.1556
25.275,92.99,375.0,13.82,28.0,151.2,0.482,-0.8761,28.1,37.3,34.6,1.263,0.1891
25.275,92.995,248.0,14.28,28.0,172.5,0.1306,-0.9914,28.6,33.5,37.9,1.258,0.1961
25.28,92.5,1026.0,7.56,28.0,19.4,0.3318,0.9433,27.8,34.4,37.9,1.295,0.1016
25.28,92.505,1089.0,8.36,28.0,113.5,0.917,-0.3988,27.9,33.1,39.1,1.297,0.1121
25.28,92.51,967.0,11.27,28.0,123.9,0.8296,-0.5583,27.7,38.2,34.0,1.289,0.1516
25.28,92.515,977.0,6.24,28.0,123.0,0.8383,-0.5452,29.2,35.8,35.0,1.294,0.084
25.28,92.52,907.0,5.05,28.0,188.2,-0.1424,-0.9898,28.5,32.2,39.3,1.292,0.0681
25.28,92.525,889.0,1.78,28.0,57.1,0.8392,0.5439,28.3,32.3,39.5,1.294,0.024
25.28,92.53,924.0,9.02,28.0,31.0,0.515,0.8572,26.5,34.8,38.8,1.289,0.1216
25.28,92.535,1026.0,5.13,28.0,72.0,0.9508,0.3098,27.5,34.7,37.8,1.297,0.0689
25.28,92.54,952.0,12.33,28.0,96.0,0.9945,-0.1045,29.1,35.3,35.6,1.288,0.1658
25.28,92.545,1003.0,6.18,28.0,95.8,0.9949,-0.1008,28.0,32.1,39.8,1.295,0.0831
25.28,92.55,941.0,3.7,28.0,140.2,0.6396,-0.7687,28.8,31.9,39.3,1.295,0.0498
25.28,92.555,953.0,4.75,28.0,6.8,0.119,0.9929,30.1,33.3,36.6,1.294,0.064
25.28,92.56,1024.0,8.09,28.0,330.0,-0.4993,0.8664,29.2,36.0,34.7,1.294,0.1088
25.28,92.565,1077.0,13.31,28.0,336.3,-0.4026,0.9154,28.1,36.2,35.7,1.292,0.1782
25.28,92.57,1242.0,20.88,28.0,347.5,-0.2166,0.9763,27.4,36.4,36.2,1.292,0.2759
25.28,92.575,1452.0,10.71,28.0,351.0,-0.1568,0.9876,24.9,35.8,39.2,1.309,0.142
25.28,92.58,1430.0,4.63,28.0,93.5,0.9981,-0.0613,27.8,32.7,39.5,1.313,0.0615
25.28,92.585,1447.0,4.29,28.0,103.8,0.9711,-0.2386,27.6,34.5,37.9,1.314,0.0569
25.28,92.59,1412.0,5.1,28.0,95.1,0.996,-0.089,28.5,37.2,34.4,1.312,0.0678
25.28,92.595,1439.0,4.3,28.0,109.3,0.9439,-0.3302,27.8,32.6,39.6,1.314,0.0571
25.28,92.6,1387.0,8.58,28.0,146.0,0.5593,-0.8289,27.6,35.5,36.9,1.308,0.1141
25.28,92.605,1313.0,4.0,28.0,145.5,0.5658,-0.8246,25.9,31.9,42.2,1.309,0.0533
25.28,92.61,1329.0,5.89,28.0,305.9,-0.8095,0.5871,26.9,33.4,39.7,1.308,0.0785
25.28,92.615,1374.0,7.99,28.0,255.2,-0.967,-0.2549,28.6,34.2,37.3,1.308,0.1063
25.28,92.62,1293.0,6.22,28.0,235.6,-0.8248,-0.5654,30.1,33.4,36.6,1.307,0.0829
25.28,92.625,1312.0,6.98,28.0,294.5,-0.9103,0.4139,27.9,37.6,34.6,1.307,0.093
25.28,92.63,1344.0,4.17,28.0,266.9,-0.9985,-0.0545,28.4,32.7,39.0,1.31,0.0555
25.28,92.635,1308.0,7.97,28.0,247.5,-0.9238,-0.383,29.1,35.0,35.9,1.306,0.1062
25.28,92.64,1290.0,4.32,28.0,208.4,-0.4751,-0.8799,27.0,30.3,42.7,1.308,0.0576
25.28,92.645,1241.0,5.92,28.0,212.5,-0.5374,-0.8433,28.4,34.2,37.3,1.305,0.079
25.28,92.65,1202.0,0.5,28.0,24.3,0.4121,0.9112,27.1,33.8,39.0,1.308,0.0067
25.28,92.655,1249.0,8.43,28.0,36.5,0.5941,0.8044,29.0,33.5,37.5,1.303,0.1125
25.28,92.66,1322.0,8.46,28.0,80.0,0.9848,0.1737,28.2,30.5,41.3,1.306,0.1126
25.28,92.665,1275.0,12.58,28.0,123.2,0.837,-0.5472,28.4,35.3,36.3,1.301,0.1674
25.28,92.67,1199.0,13.64,28.0,98.7,0.9885,-0.1514,27.1,35.7,37.3,1.297,0.1818
25.28,92.675,1238.0,11.33,28.0,75.6,0.9688,0.2479,28.8,36.1,35.0,1.3,0.1511
25.28,92.68,1249.0,6.46,28.0,133.1,0.7296,-0.6839,30.5,36.7,32.8,1.305,0.0862
25.28,92.685,1160.0,2.39,28.0,178.8,0.0215,-0.9998,26.8,32.1,41.1,1.304,0.032
25.28,92.69,1207.0,5.25,28.0,318.3,-0.6654,0.7465,27.6,32.1,40.3,1.304,0.0702
25.28,92.695,1229.0,8.39,28.0,255.6,-0.9685,-0.2492,28.3,32.5,39.2,1.302,0.1121
25.28,92.7,1170.0,8.21,28.0,275.1,-0.996,0.0895,28.9,34.5,36.6,1.3,0.1098
25.28,92.705,1242.0,8.48,28.0,296.9,-0.8916,0.4529,27.3,35.0,37.7,1.303,0.1132
25.28,92.71,1238.0,7.45,28.0,209.2,-0.4875,-0.8731,24.6,33.2,42.2,1.303,0.0995
25.28,92.715,1127.0,6.6,28.0,206.8,-0.4504,-0.8928,29.6,34.9,35.4,1.3,0.0884
25.28,92.72,1134.0,11.15,28.0,220.0,-0.6428,-0.7661,28.9,35.7,35.4,1.296,0.1492
25.28,92.725,975.0,1.81,28.0,160.1,0.3402,-0.9403,25.9,32.5,41.5,1.297,0.0244
25.28,92.73,1104.0,11.47,28.0,353.4,-0.1151,0.9934,27.3,33.7,39.0,1.295,0.1536
25.28,92.735,1178.0,7.46,28.0,52.1,0.789,0.6144,29.9,33.3,36.9,1.301,0.0998
25.28,92.74,1185.0,9.94,28.0,124.9,0.82,-0.5723,29.7,31.0,39.3,1.299,0.1329
25.28,92.745,1077.0,13.72,28.0,96.5,0.9935,-0.1139,29.1,36.0,34.9,1.292,0.1836
25.28,92.75,1157.0,5.02,28.0,54.0,0.8086,0.5884,27.8,33.4,38.8,1.302,0.0672
25.28,92.755,1129.0,4.69,28.0,109.8,0.9409,-0.3387,28.1,33.5,38.4,1.301,0.0628
25.28,92.76,1129.0,3.44,28.0,67.7,0.9252,0.3795,27.8,33.7,38.5,1.302,0.0461
25.28,92.765,1152.0,1.2,28.0,177.5,0.043,-0.9991,29.4,32.9,37.7,1.305,0.016
25.28,92.77,1108.0,5.94,28.0,202.3,-0.3796,-0.9252,26.9,33.4,39.6,1.299,0.0797
25.28,92.775,1055.0,6.59,28.0,243.4,-0.8945,-0.4472,27.0,33.8,39.1,1.297,0.0885
25.28,92.78,1056.0,10.45,28.0,249.2,-0.9348,-0.3553,29.2,32.7,38.1,1.294,0.1402
25.28,92.785,989.0,15.94,28.0,216.2,-0.5912,-0.8066,27.9,35.4,36.7,1.286,0.2136
25.28,92.79,824.0,3.5,28.0,90.9,0.9999,-0.0163,29.7,33.0,37.3,1.29,0.0473
25.28,92.795,988.0,12.27,28.0,0.5,0.0083,1.0,27.2,34.2,38.6,1.289,0.1649
25.28,92.8,1043.0,5.04,28.0,308.3,-0.7848,0.6198,27.9,34.6,37.4,1.298,0.0677
25.28,92.805,1043.0,6.44,28.0,279.1,-0.9874,0.1585,26.9,32.7,40.4,1.296,0.0865
25.28,92.81,1061.0,3.47,28.0,326.7,-0.5486,0.8361,28.0,33.2,38.7,1.3,0.0466
25.28,92.815,1094.0,4.01,28.0,92.4,0.9991,-0.0425,26.2,33.2,40.5,1.3,0.0538
25.28,92.82,1058.0,6.34,28.0,137.9,0.6708,-0.7416,27.4,34.8,37.8,1.297,0.0851
25.28,92.825,1011.0,4.07,28.0,247.0,-0.9206,-0.3904,26.3,34.4,39.3,1.297,0.0547
25.28,92.83,1030.0,4.71,28.0,203.8,-0.403,-0.9152,28.8,34.3,36.9,1.297,0.0633
25.28,92.835,935.0,10.3,28.0,181.1,-0.0198,-0.9998,28.9,31.6,39.6,1.289,0.1387
25.28,92.84,847.0,11.59,28.0,176.2,0.0657,-0.9978,25.9,36.9,37.2,1.284,0.1565
25.28,92.845,729.0,5.12,28.0,119.2,0.8728,-0.488,29.6,35.7,34.7,1.285,0.0694
25.28,92.85,803.0,9.5,28.0,42.1,0.6708,0.7416,31.0,33.8,35.2,1.284,0.1285
25.28,92.855,854.0,5.69,28.0,82.6,0.9916,0.1296,28.1,33.9,38.1,1.289,0.0769
25.28,92.86,816.0,4.94,28.0,167.4,0.2181,-0.9759,27.2,32.0,40.8,1.289,0.0668
25.28,92.865,769.0,15.17,28.0,171.6,0.1458,-0.9893,31.4,33.1,35.5,1.278,0.2048
25.28,92.87,546.0,15.75,28.0,170.5,0.1657,-0.9862,26.4,35.1,38.5,1.269,0.2139
25.28,92.875,489.0,5.22,28.0,26.9,0.4525,0.8918,28.0,32.6,39.4,1.275,0.0714
25.28,92.88,628.0,16.85,28.0,19.2,0.3292,0.9443,28.2,36.0,35.8,1.271,0.2281
25.28,92.885,777.0,14.99,28.0,20.2,0.3455,0.9384,29.6,34.6,35.8,1.279,0.2022
25.28,92.89,881.0,4.63,28.0,345.9,-0.2442,0.9697,28.4,32.1,39.4,1.291,0.0625
25.28,92.895,856.0,3.01,28.0,225.8,-0.7164,-0.6977,27.4,32.8,39.8,1.292,0.0406
25.28,92.9,844.0,7.33,28.0,150.7,0.4888,-0.8724,26.9,32.8,40.3,1.288,0.0991
25.28,92.905,743.0,7.53,28.0,182.7,-0.0476,-0.9989,27.6,34.8,37.6,1.283,0.1021
25.28,92.91,711.0,5.11,28.0,192.2,-0.211,-0.9775,26.8,34.4,38.8,1.284,0.0694
25.28,92.915,655.0,5.19,28.0,197.9,-0.3067,-0.9518,28.1,37.0,35.0,1.282,0.0706
25.28,92.92,624.0,4.12,28.0,266.8,-0.9985,-0.0552,27.3,34.8,37.9,1.282,0.056
25.28,92.925,651.0,2.86,28.0,252.6,-0.9544,-0.2986,26.2,33.1,40.7,1.284,0.0389
25.28,92.93,609.0,6.46,28.0,193.3,-0.23,-0.9732,29.5,32.8,37.7,1.279,0.088
25.28,92.935,540.0,5.92,28.0,212.5,-0.5374,-0.8433,27.4,34.0,38.6,1.277,0.0808
25.28,92.94,521.0,5.55,28.0,62.6,0.8878,0.4601,26.5,34.0,39.6,1.276,0.0758
25.28,92.945,585.0,15.04,28.0,59.6,0.8624,0.5063,27.8,35.2,37.0,1.271,0.2042
25.28,92.95,658.0,3.45,28.0,61.5,0.8786,0.4775,28.1,34.1,37.8,1.283,0.0469
25.28,92.955,614.0,5.63,28.0,198.6,-0.3192,-0.9477,25.9,31.4,42.7,1.28,0.0766
25.28,92.96,564.0,5.39,28.0,200.6,-0.352,-0.936,28.4,33.1,38.5,1.278,0.0735
25.28,92.965,525.0,4.53,28.0,211.5,-0.5219,-0.853,26.7,34.0,39.2,1.277,0.0618
25.28,92.97,496.0,8.07,28.0,197.7,-0.3041,-0.9526,30.1,33.7,36.2,1.273,0.1103
25.28,92.975,389.0,7.24,28.0,206.9,-0.4528,-0.8916,28.6,33.6,37.8,1.27,0.0992
25.28,92.98,382.0,10.25,28.0,96.3,0.9939,-0.1099,27.5,34.5,38.0,1.267,0.1404
25.28,92.985,369.0,10.41,28.0,114.6,0.9093,-0.4162,27.1,33.5,39.4,1.266,0.1427
25.28,92.99,305.0,7.12,28.0,159.8,0.3453,-0.9385,27.9,35.7,36.5,1.266,0.0979
25.28,92.995,251.0,8.3,28.0,222.7,-0.6775,-0.7355,28.7,32.7,38.6,1.263,0.1143
25.285,92.5,1033.0,3.2,28.0,173.5,0.1123,-0.9937,28.0,33.3,38.7,1.299,0.043
25.285,92.505,1005.0,9.05,28.0,130.4,0.7613,-0.6484,27.7,35.0,37.2,1.293,0.1217
25.285,92.51,929.0,5.86,28.0,150.6,0.4904,-0.8715,28.1,32.1,39.8,1.292,0.079
25.285,92.515,915.0,3.61,28.0,107.4,0.9542,-0.2992,27.3,33.1,39.7,1.294,0.0487
25.285,92.52,910.0,1.67,28.0,211.6,-0.5239,-0.8518,27.6,31.1,41.3,1.295,0.0225
25.285,92.525,890.0,1.6,28.0,272.0,-0.9994,0.0356,25.5,34.5,40.0,1.294,0.0216
25.285,92.53,911.0,1.79,28.0,31.1,0.5164,0.8564,29.2,30.8,40.1,1.295,0.0241
25.285,92.535,917.0,7.5,28.0,98.2,0.9897,-0.1434,28.4,33.0,38.6,1.29,0.1012
25.285,92.54,892.0,3.3,28.0,115.5,0.9027,-0.4302,27.1,31.0,41.9,1.293,0.0445
25.285,92.545,892.0,5.14,28.0,81.7,0.9896,0.1437,30.3,31.3,38.4,1.291,0.0694
25.285,92.55,905.0,5.91,28.0,12.0,0.2082,0.9781,28.1,36.0,35.9,1.291,0.0798
25.285,92.555,994.0,10.15,28.0,2.9,0.0502,0.9987,26.8,35.5,37.7,1.291,0.1365
25.285,92.56,1085.0,8.94,28.0,13.5,0.2341,0.9722,29.0,34.6,36.4,1.296,0.1199
25.285,92.565,1148.0,11.35,28.0,357.7,-0.0403,0.9992,28.5,34.0,37.5,1.296,0.1519
25.285,92.57,1287.0,16.03,28.0,2.5,0.0438,0.999,28.5,37.6,33.9,1.298,0.2127
25.285,92.575,1437.0,6.6,28.0,12.1,0.2095,0.9778,27.5,32.5,40.0,1.312,0.0876
25.285,92.58,1401.0,2.6,28.0,190.3,-0.178,-0.984,28.5,33.9,37.6,1.314,0.0345
25.285,92.585,1392.0,1.71,28.0,158.8,0.3614,-0.9324,27.7,31.1,41.2,1.314,0.0227
25.285,92.59,1373.0,2.6,28.0,121.7,0.851,-0.5251,28.7,31.7,39.6,1.313,0.0345
25.285,92.595,1368.0,4.24,28.0,112.9,0.9214,-0.3887,25.7,34.3,40.0,1.311,0.0564
25.285,92.6,1344.0,1.76,28.0,95.6,0.9953,-0.0971,27.5,33.8,38.8,1.312,0.0234
25.285,92.605,1365.0,0.99,28.0,12.0,0.2082,0.9781,30.1,33.2,36.8,1.314,0.0131
25.285,92.61,1361.0,5.29,28.0,86.9,0.9986,0.0536,27.1,31.8,41.1,1.31,0.0704
25.285,92.615,1370.0,6.77,28.0,92.4,0.9991,-0.0418,27.3,33.1,39.6,1.309,0.0901
25.285,92.62,1356.0,4.27,28.0,133.8,0.722,-0.6919,27.5,33.4,39.2,1.311,0.0568
25.285,92.625,1318.0,5.56,28.0,130.8,0.7571,-0.6533,26.5,32.2,41.2,1.308,0.0741
25.285,92.63,1292.0,5.01,28.0,95.9,0.9948,-0.102,25.4,35.4,39.3,1.308,0.0668
25.285,92.635,1309.0,6.54,28.0,131.9,0.7447,-0.6674,27.7,30.1,42.1,1.307,0.0871
25.285,92.64,1215.0,6.13,28.0,149.3,0.5102,-0.86,28.2,32.5,39.4,1.303,0.082
25.285,92.645,1216.0,3.89,28.0,82.4,0.9913,0.1315,27.9,32.3,39.8,1.305,0.052
25.285,92.65,1224.0,2.35,28.0,123.8,0.8311,-0.5562,27.8,28.4,43.8,1.307,0.0314
25.285,92.655,1193.0,2.71,28.0,104.6,0.9678,-0.2518,28.1,30.6,41.3,1.305,0.0362
25.285,92.66,1212.0,6.44,28.0,103.7,0.9713,-0.2377,29.2,34.7,36.1,1.303,0.0861
25.285,92.665,1166.0,9.35,28.0,124.5,0.8237,-0.567,27.8,34.5,37.7,1.299,0.1251
25.285,92.67,1118.0,4.91,28.0,122.1,0.8469,-0.5318,27.3,35.7,37.0,1.301,0.0658
25.285,92.675,1120.0,8.04,28.0,45.9,0.7183,0.6958,27.7,36.5,35.9,1.298,0.1078
25.285,92.68,1217.0,9.72,28.0,39.0,0.6294,0.7771,28.7,35.2,36.1,1.301,0.1298
25.285,92.685,1254.0,2.14,28.0,16.8,0.2887,0.9574,29.7,33.0,37.3,1.308,0.0285
25.285,92.69,1253.0,4.01,28.0,296.1,-0.8981,0.4397,27.2,33.2,39.6,1.307,0.0535
25.285,92.695,1285.0,1.38,28.0,243.1,-0.892,-0.452,28.1,28.4,43.5,1.31,0.0184
25.285,92.7,1242.0,6.34,28.0,264.4,-0.9951,-0.0984,28.4,31.6,40.0,1.304,0.0847
25.285,92.705,1274.0,3.85,28.0,207.8,-0.4666,-0.8844,26.8,33.2,40.0,1.308,0.0513
25.285,92.71,1182.0,7.03,28.0,167.0,0.2257,-0.9742,28.0,34.8,37.2,1.301,0.0941
25.285,92.715,1153.0,5.01,28.0,276.5,-0.9936,0.1132,26.2,33.8,40.0,1.302,0.0671
25.285,92.72,1192.0,5.46,28.0,235.8,-0.8275,-0.5614,25.9,32.1,42.0,1.303,0.073
25.285,92.725,1099.0,14.53,28.0,226.4,-0.7242,-0.6896,28.4,37.3,34.3,1.292,0.1942
25.285,92.73,1012.0,8.42,28.0,110.8,0.9346,-0.3556,27.5,36.5,36.0,1.293,0.1132
25.285,92.735,1046.0,10.72,28.0,76.7,0.973,0.2309,28.2,36.3,35.5,1.293,0.1439
25.285,92.74,1056.0,16.5,28.0,121.5,0.8523,-0.5231,28.0,37.9,34.1,1.288,0.2205
25.285,92.745,890.0,4.87,28.0,78.6,0.9802,0.1981,26.8,32.5,40.7,1.292,0.0657
25.285,92.75,1073.0,14.07,28.0,35.3,0.5772,0.8166,27.9,37.4,34.7,1.291,0.1883
25.285,92.755,1096.0,11.24,28.0,92.6,0.999,-0.045,26.5,35.2,38.3,1.294,0.1506
25.285,92.76,1064.0,12.85,28.0,89.8,1.0,0.0044,29.7,36.2,34.1,1.292,0.1721
25.285,92.765,1097.0,4.87,28.0,62.2,0.8849,0.4659,26.4,33.8,39.8,1.3,0.0653
25.285,92.77,1104.0,0.35,28.0,35.9,0.5862,0.8102,27.8,31.9,40.3,1.304,0.0047
25.285,92.775,1102.0,3.19,28.0,183.7,-0.0645,-0.9979,26.7,31.6,41.7,1.301,0.0428
25.285,92.78,1048.0,4.78,28.0,183.1,-0.0538,-0.9986,28.7,33.2,38.2,1.298,0.0642
25.285,92.785,1018.0,11.21,28.0,163.1,0.29,-0.957,27.6,36.5,35.9,1.291,0.1506
25.285,92.79,857.0,4.47,28.0,214.3,-0.5633,-0.8262,27.4,32.5,40.1,1.291,0.0604
25.285,92.795,953.0,11.37,28.0,353.1,-0.1206,0.9927,29.0,36.4,34.6,1.289,0.1529
25.285,92.8,1058.0,8.63,28.0,345.6,-0.2486,0.9686,28.0,35.4,36.6,1.295,0.1159
25.285,92.805,1101.0,1.37,28.0,342.5,-0.3001,0.9539,28.6,31.9,39.5,1.303,0.0183
25.285,92.81,1081.0,4.2,28.0,153.1,0.4522,-0.8919,26.8,35.2,38.0,1.3,0.0563
25.285,92.815,1035.0,6.35,28.0,138.6,0.6619,-0.7496,26.3,33.2,40.5,1.296,0.0853
25.285,92.82,997.0,6.31,28.0,92.1,0.9994,-0.0359,28.1,35.9,35.9,1.295,0.0849
25.285,92.825,1031.0,2.7,28.0,63.7,0.8966,0.4429,27.6,33.4,39.0,1.299,0.0363
25.285,92.83,1018.0,7.21,28.0,155.7,0.4121,-0.9112,28.8,33.9,37.3,1.295,0.0969
25.285,92.835,915.0,12.45,28.0,183.3,-0.0569,-0.9984,27.9,34.0,38.1,1.286,0.1676
25.285,92.84,796.0,12.56,28.0,176.8,0.0564,-0.9984,28.2,35.2,36.5,1.281,0.1698
25.285,92.845,691.0,5.17,28.0,177.2,0.0496,-0.9988,26.1,33.1,40.9,1.283,0.0702
25.285,92.85,705.0,13.58,28.0,58.0,0.8478,0.5303,30.3,33.7,36.0,1.277,0.1839
25.285,92.855,820.0,11.27,28.0,58.4,0.8521,0.5234,27.8,34.7,37.5,1.283,0.1523
25.285,92.86,810.0,5.08,28.0,140.4,0.6368,-0.7711,28.8,32.1,39.0,1.288,0.0687
25.285,92.865,751.0,12.33,28.0,144.0,0.5878,-0.809,27.0,36.2,36.8,1.28,0.1668
25.285,92.87,632.0,13.28,28.0,168.6,0.1979,-0.9802,28.4,37.5,34.1,1.274,0.1803
25.285,92.875,518.0,11.67,28.0,174.8,0.0914,-0.9958,26.4,33.3,40.3,1.271,0.1591
25.285,92.88,425.0,12.35,28.0,44.6,0.7018,0.7124,28.5,37.9,33.6,1.267,0.1688
25.285,92.885,675.0,24.16,28.0,23.9,0.4046,0.9145,27.6,38.2,34.2,1.267,0.323
25.285,92.89,838.0,10.84,28.0,26.2,0.4411,0.8975,28.0,33.4,38.5,1.284,0.1465
25.285,92.895,848.0,3.02,28.0,182.9,-0.0511,-0.9987,28.8,33.9,37.2,1.291,0.0408
25.285,92.9,785.0,3.52,28.0,165.6,0.2482,-0.9687,26.5,32.3,41.2,1.288,0.0477
25.285,92.905,788.0,4.12,28.0,256.5,-0.9722,-0.2343,27.2,33.0,39.8,1.288,0.0558
25.285,92.91,768.0,5.74,28.0,214.9,-0.572,-0.8202,28.5,32.9,38.5,1.286,0.0778
25.285,92.915,705.0,5.91,28.0,245.6,-0.911,-0.4125,30.5,32.4,37.1,1.283,0.0803
25.285,92.92,725.0,8.15,28.0,280.0,-0.9849,0.1734,27.8,35.3,36.9,1.282,0.1106
25.285,92.925,730.0,6.97,28.0,241.9,-0.882,-0.4713,28.7,33.4,37.9,1.283,0.0946
25.285,92.93,667.0,8.68,28.0,225.9,-0.7179,-0.6961,27.9,32.2,40.0,1.279,0.118
25.285,92.935,623.0,7.59,28.0,221.8,-0.6671,-0.745,30.3,34.9,34.8,1.279,0.1033
25.285,92.94,567.0,9.73,28.0,206.1,-0.4401,-0.8979,25.9,32.8,41.3,1.275,0.1326
25.285,92.945,468.0,6.07,28.0,61.5,0.8791,0.4766,28.1,31.9,40.0,1.274,0.083
25.285,92.95,618.0,12.21,28.0,39.1,0.6311,0.7757,26.0,37.0,36.9,1.275,0.1659
25.285,92.955,637.0,3.57,28.0,118.5,0.8785,-0.4777,25.0,31.2,43.9,1.283,0.0485
25.285,92.96,588.0,6.25,28.0,214.4,-0.5656,-0.8247,28.4,30.2,41.5,1.278,0.0852
25.285,92.965,546.0,6.49,28.0,199.4,-0.3318,-0.9433,28.2,34.7,37.2,1.276,0.0886
25.285,92.97,480.0,7.03,28.0,194.8,-0.2551,-0.9669,27.7,33.4,38.9,1.273,0.0961
25.285,92.975,426.0,8.26,28.0,198.0,-0.3094,-0.9509,27.9,33.9,38.3,1.27,0.1131
25.285,92.98,341.0,10.87,28.0,139.5,0.65,-0.76,31.7,34.4,33.9,1.265,0.1491
25.285,92.985,279.0,0.92,28.0,210.2,-0.5027,-0.8645,27.7,32.6,39.7,1.27,0.0126
25.285,92.99,327.0,5.44,28.0,325.5,-0.5662,0.8243,28.6,32.3,39.1,1.269,0.0747
25.285,92.995,358.0,5.37,28.0,310.9,-0.7553,0.6554,27.2,35.6,37.1,1.27,0.0737
25.29,92.5,1019.0,7.37,28.0,184.0,-0.0694,-0.9976,28.4,31.8,39.9,1.295,0.0991
25.29,92.505,954.0,6.14,28.0,183.8,-0.0668,-0.9978,27.7,34.3,38.0,1.293,0.0827
25.29,92.51,911.0,2.65,28.0,199.3,-0.3299,-0.944,27.5,33.7,38.8,1.294,0.0357
25.29,92.515,910.0,2.73,28.0,285.7,-0.9625,0.2713,30.2,31.6,38.2,1.294,0.0368
25.29,92.52,924.0,3.79,28.0,278.6,-0.9887,0.1497,29.4,31.5,39.1,1.294,0.0511
25.29,92.525,920.0,1.73,28.0,233.6,-0.805,-0.5933,28.2,34.0,37.8,1.295,0.0233
25.29,92.53,906.0,2.67,28.0,146.1,0.5581,-0.8298,25.2,31.2,43.5,1.294,0.036
25.29,92.535,881.0,1.74,28.0,113.2,0.9193,-0.3935,27.6,31.6,40.9,1.294,0.0235
25.29,92.54,894.0,2.48,28.0,301.8,-0.8498,0.5271,31.2,34.0,34.8,1.294,0.0334
25.29,92.545,904.0,5.15,28.0,284.7,-0.9673,0.2536,27.7,33.4,38.9,1.292,0.0695
25.29,92.55,917.0,7.01,28.0,288.3,-0.9492,0.3148,29.3,31.2,39.5,1.291,0.0945
25.29,92.555,943.0,4.49,28.0,326.7,-0.5496,0.8355,29.7,35.8,34.5,1.294,0.0605
25.29,92.56,983.0,8.22,28.0,349.6,-0.1804,0.9836,28.3,33.4,38.3,1.292,0.1107
25.29,92.565,1086.0,13.68,28.0,0.4,0.0074,1.0,27.0,35.0,38.0,1.292,0.183
25.29,92.57,1228.0,18.95,28.0,11.3,0.1962,0.9806,25.1,37.4,37.5,1.293,0.2512
25.29,92.575,1425.0,11.84,28.0,359.8,-0.0043,1.0,28.8,36.1,35.1,1.307,0.157
25.29,92.58,1439.0,0.62,28.0,335.7,-0.4121,0.9112,27.0,35.1,37.9,1.317,0.0082
25.29,92.585,1435.0,4.68,28.0,148.2,0.5271,-0.8498,28.2,30.8,41.0,1.314,0.0621
25.29,92.59,1369.0,5.06,28.0,143.9,0.5889,-0.8082,26.5,34.6,38.9,1.311,0.0673
25.29,92.595,1363.0,2.97,28.0,107.8,0.952,-0.3062,27.7,33.9,38.4,1.312,0.0395
25.29,92.6,1353.0,4.07,28.0,138.9,0.6568,-0.7541,28.0,32.9,39.1,1.311,0.0541
25.29,92.605,1309.0,9.55,28.0,138.6,0.6619,-0.7496,28.3,35.7,36.0,1.304,0.1272
25.29,92.61,1226.0,11.73,28.0,108.7,0.9473,-0.3204,26.7,36.5,36.8,1.299,0.1565
25.29,92.615,1242.0,10.29,28.0,87.8,0.9993,0.0383,29.4,32.7,37.9,1.301,0.1373
25.29,92.62,1233.0,10.21,28.0,93.8,0.9978,-0.0662,27.3,37.3,35.4,1.301,0.1362
25.29,92.625,1230.0,8.82,28.0,84.9,0.996,0.0896,26.0,32.0,42.0,1.302,0.1178
25.29,92.63,1247.0,4.67,28.0,101.9,0.9784,-0.2066,27.9,31.5,40.6,1.306,0.0623
25.29,92.635,1213.0,8.59,28.0,96.8,0.993,-0.1183,28.0,33.9,38.1,1.301,0.1148
25.29,92.64,1229.0,3.89,28.0,133.4,0.7269,-0.6868,28.2,35.9,35.9,1.306,0.0519
25.29,92.645,1166.0,4.71,28.0,141.6,0.6214,-0.7835,29.6,32.8,37.6,1.303,0.063
25.29,92.65,1164.0,4.45,28.0,65.9,0.9127,0.4087,27.7,33.1,39.1,1.303,0.0595
25.29,92.655,1198.0,2.1,28.0,12.7,0.2206,0.9754,27.9,34.7,37.4,1.306,0.0281
25.29,92.66,1200.0,4.57,28.0,156.8,0.3933,-0.9194,26.7,32.8,40.6,1.304,0.0611
25.29,92.665,1124.0,4.66,28.0,180.6,-0.011,-0.9999,29.0,31.5,39.5,1.301,0.0624
25.29,92.67,1118.0,1.54,28.0,87.9,0.9993,0.0368,28.2,31.8,40.0,1.303,0.0206
25.29,92.675,1125.0,2.4,28.0,74.9,0.9654,0.2609,27.5,34.7,37.8,1.303,0.0321
25.29,92.68,1129.0,6.14,28.0,77.7,0.9772,0.2124,25.7,33.7,40.5,1.3,0.0823
25.29,92.685,1148.0,9.45,28.0,28.0,0.4695,0.883,29.7,37.4,32.9,1.298,0.1265
25.29,92.69,1277.0,6.58,28.0,25.4,0.4282,0.9037,26.5,34.9,38.6,1.306,0.0877
25.29,92.695,1253.0,8.68,28.0,84.0,0.9946,0.1041,27.3,33.3,39.4,1.303,0.1158
25.29,92.7,1293.0,6.15,28.0,77.2,0.9752,0.2212,28.4,33.7,37.9,1.307,0.082
25.29,92.705,1277.0,6.47,28.0,138.9,0.6576,-0.7534,26.6,32.4,41.0,1.306,0.0863
25.29,92.71,1207.0,3.26,28.0,202.3,-0.379,-0.9254,26.2,31.9,41.9,1.306,0.0435
25.29,92.715,1224.0,4.75,28.0,280.3,-0.9838,0.1793,25.5,40.0,34.6,1.305,0.0635
25.29,92.72,1222.0,2.87,28.0,217.6,-0.6095,-0.7928,28.9,34.3,36.8,1.306,0.0383
25.29,92.725,1184.0,15.83,28.0,197.7,-0.3041,-0.9526,27.3,37.5,35.1,1.294,0.2108
25.29,92.73,950.0,13.64,28.0,210.2,-0.5036,-0.8639,31.5,34.7,33.8,1.287,0.1832
25.29,92.735,973.0,4.91,28.0,237.9,-0.8469,-0.5318,26.8,35.7,37.5,1.295,0.0661
25.29,92.74,904.0,2.15,28.0,286.9,-0.9568,0.2909,26.9,34.2,38.9,1.294,0.029
25.29,92.745,984.0,6.3,28.0,325.8,-0.5614,0.8276,27.3,36.5,36.2,1.294,0.0848
25.29,92.75,996.0,11.58,28.0,111.6,0.9296,-0.3685,28.3,37.8,33.9,1.29,0.1556
25.29,92.755,908.0,9.58,28.0,135.4,0.7024,-0.7118,27.4,32.3,40.2,1.288,0.1292
25.29,92.76,875.0,10.76,28.0,33.3,0.5484,0.8362,28.7,33.2,38.1,1.286,0.1452
25.29,92.765,1068.0,13.74,28.0,21.6,0.3674,0.9301,26.8,34.2,39.0,1.291,0.184
25.29,92.77,1104.0,5.77,28.0,95.1,0.9961,-0.0885,26.3,32.1,41.5,1.299,0.0774
25.29,92.775,1059.0,6.85,28.0,110.8,0.9347,-0.3555,25.8,34.3,39.8,1.297,0.092
25.29,92.78,1061.0,9.32,28.0,144.2,0.5855,-0.8107,25.3,33.6,41.0,1.295,0.1251
25.29,92.785,925.0,12.24,28.0,149.4,0.5093,-0.8606,27.4,38.4,34.2,1.287,0.1647
25.29,92.79,873.0,5.48,28.0,338.6,-0.3649,0.931,27.6,36.3,36.0,1.29,0.074
25.29,92.795,1015.0,12.41,28.0,343.1,-0.2899,0.9571,27.2,35.3,37.5,1.29,0.1666
25.29,92.8,1085.0,2.05,28.0,2.9,0.0502,0.9987,29.5,35.5,35.0,1.302,0.0275
25.29,92.805,1051.0,5.97,28.0,125.4,0.8154,-0.5789,29.5,35.8,34.7,1.297,0.0802
25.29,92.81,1024.0,6.34,28.0,110.4,0.9373,-0.3484,27.6,33.0,39.4,1.296,0.0852
25.29,92.815,1012.0,6.16,28.0,145.0,0.5741,-0.8188,25.8,30.6,43.5,1.295,0.0829
25.29,92.82,935.0,3.93,28.0,134.0,0.7196,-0.6944,27.3,32.7,40.0,1.294,0.053
25.29,92.825,964.0,8.29,28.0,75.4,0.9677,0.2521,27.3,33.2,39.5,1.292,0.1116
25.29,92.83,972.0,10.72,28.0,94.5,0.9969,-0.0787,27.2,35.2,37.6,1.29,0.1442
25.29,92.835,949.0,8.29,28.0,161.3,0.3205,-0.9472,27.2,34.3,38.5,1.291,0.1117
25.29,92.84,833.0,12.62,28.0,176.8,0.0562,-0.9984,27.2,35.5,37.3,1.283,0.1703
25.29,92.845,724.0,14.39,28.0,177.0,0.0525,-0.9986,27.5,36.6,35.8,1.277,0.1946
25.29,92.85,575.0,3.71,28.0,154.6,0.4292,-0.9032,27.2,31.2,41.6,1.28,0.0506
25.29,92.855,665.0,17.44,28.0,55.7,0.8266,0.5629,28.2,37.3,34.5,1.272,0.2356
25.29,92.86,753.0,13.37,28.0,99.4,0.9866,-0.163,28.4,34.9,36.7,1.279,0.1808
25.29,92.865,626.0,17.05,28.0,147.0,0.5447,-0.8386,26.9,36.8,36.2,1.271,0.2307
25.29,92.87,494.0,11.59,28.0,139.9,0.6439,-0.7651,29.5,36.5,33.9,1.27,0.1582
25.29,92.875,468.0,3.61,28.0,234.3,-0.8124,-0.5831,26.8,31.1,42.1,1.276,0.0493
25.29,92.88,457.0,9.31,28.0,310.4,-0.7615,0.6481,26.1,34.1,39.9,1.271,0.1273
25.29,92.885,575.0,18.15,28.0,0.6,0.011,0.9999,28.5,36.7,34.9,1.268,0.2457
25.29,92.89,787.0,15.86,28.0,6.9,0.1201,0.9928,27.0,35.5,37.5,1.278,0.2138
25.29,92.895,859.0,4.12,28.0,56.6,0.8346,0.5509,28.4,34.4,37.2,1.291,0.0557
25.29,92.9,827.0,2.69,28.0,143.6,0.5937,-0.8047,25.1,31.6,43.2,1.291,0.0364
25.29,92.905,821.0,3.06,28.0,165.4,0.2525,-0.9676,29.7,32.0,38.3,1.29,0.0414
25.29,92.91,775.0,3.49,28.0,186.8,-0.1178,-0.993,28.8,31.9,39.3,1.288,0.0473
25.29,92.915,760.0,5.3,28.0,273.7,-0.9979,0.0643,26.2,35.1,38.7,1.286,0.0718
25.29,92.92,781.0,4.36,28.0,278.2,-0.9897,0.1433,26.2,32.4,41.4,1.288,0.059
25.29,92.925,771.0,2.85,28.0,185.2,-0.0901,-0.9959,30.0,33.5,36.5,1.288,0.0386
25.29,92.93,731.0,7.94,28.0,200.0,-0.3413,-0.9399,27.1,37.1,35.8,1.283,0.1077
25.29,92.935,639.0,7.61,28.0,200.5,-0.3497,-0.9369,27.0,33.9,39.1,1.279,0.1035
25.29,92.94,605.0,9.58,28.0,201.6,-0.3674,-0.9301,25.3,36.2,38.5,1.276,0.1304
25.29,92.945,481.0,7.79,28.0,224.1,-0.6957,-0.7184,27.6,36.6,35.8,1.273,0.1065
25.29,92.95,506.0,9.12,28.0,63.5,0.8953,0.4454,27.7,36.0,36.3,1.273,0.1245
25.29,92.955,553.0,11.09,28.0,49.9,0.7654,0.6435,28.9,34.9,36.2,1.273,0.1511
25.29,92.96,633.0,2.5,28.0,71.4,0.9478,0.3189,26.3,33.6,40.0,1.283,0.034
25.29,92.965,567.0,6.07,28.0,197.7,-0.3041,-0.9526,26.2,31.7,42.1,1.278,0.0827
25.29,92.97,531.0,7.25,28.0,180.8,-0.0141,-0.9999,28.5,32.8,38.7,1.275,0.099
25.29,92.975,439.0,16.12,28.0,171.8,0.143,-0.9897,29.2,35.4,35.4,1.264,0.2197
25.29,92.98,243.0,4.92,28.0,134.8,0.71,-0.7042,26.1,36.7,37.2,1.266,0.0677
25.29,92.985,378.0,9.73,28.0,315.0,-0.7074,0.7068,29.3,33.4,37.3,1.267,0.1334
25.29,92.99,365.0,4.89,28.0,236.1,-0.8301,-0.5576,28.0,32.1,39.9,1.271,0.0671
25.29,92.995,330.0,4.6,28.0,210.2,-0.5027,-0.8645,29.3,31.7,39.0,1.269,0.0632
25.295,92.5,1043.0,6.93,28.0,240.7,-0.8717,-0.49,27.9,34.7,37.4,1.296,0.0931
25.295,92.505,1013.0,7.17,28.0,220.0,-0.6428,-0.766,25.0,34.1,40.9,1.295,0.0964
25.295,92.51,946.0,6.14,28.0,244.3,-0.9011,-0.4336,27.8,35.3,36.9,1.293,0.0827
25.295,92.515,966.0,7.61,28.0,286.0,-0.9614,0.275,29.3,35.0,35.7,1.292,0.1025
25.295,92.52,983.0,3.46,28.0,216.4,-0.594,-0.8045,26.9,30.9,42.2,1.296,0.0466
25.295,92.525,917.0,5.73,28.0,179.0,0.0179,-0.9998,27.5,32.3,40.1,1.292,0.0773
25.295,92.53,882.0,2.34,28.0,138.8,0.6586,-0.7525,27.8,34.7,37.5,1.293,0.0316
25.295,92.535,886.0,2.9,28.0,2.0,0.0354,0.9994,24.5,32.5,43.0,1.293,0.0391
25.295,92.54,933.0,6.11,28.0,342.9,-0.2938,0.9559,30.0,35.4,34.6,1.292,0.0824
25.295,92.545,989.0,7.29,28.0,322.4,-0.6108,0.7918,26.9,33.7,39.4,1.293,0.0981
25.295,92.55,1035.0,5.05,28.0,306.6,-0.8032,0.5957,28.6,31.9,39.5,1.297,0.0679
25.295,92.555,1042.0,9.04,28.0,299.6,-0.8698,0.4933,27.9,34.0,38.1,1.294,0.1214
25.295,92.56,1114.0,13.93,28.0,294.6,-0.9091,0.4165,29.5,34.3,36.2,1.293,0.1862
25.295,92.565,1146.0,10.94,28.0,300.2,-0.8641,0.5034,28.5,34.1,37.4,1.297,0.1463
25.295,92.57,1212.0,16.65,28.0,345.9,-0.2434,0.9699,27.7,36.7,35.5,1.295,0.2213
25.295,92.575,1438.0,11.02,28.0,8.5,0.1476,0.9891,26.9,35.7,37.4,1.308,0.1461
25.295,92.58,1406.0,10.49,28.0,120.3,0.8636,-0.5042,29.0,32.4,38.6,1.307,0.1393
25.295,92.585,1344.0,12.26,28.0,114.6,0.9094,-0.4159,25.8,35.2,39.0,1.304,0.1628
25.295,92.59,1315.0,6.89,28.0,104.8,0.967,-0.2549,28.8,33.0,38.3,1.307,0.0918
25.295,92.595,1313.0,6.54,28.0,101.5,0.9799,-0.1993,26.7,32.8,40.5,1.307,0.0871
25.295,92.6,1292.0,6.12,28.0,131.8,0.7454,-0.6667,29.5,33.8,36.7,1.307,0.0816
25.295,92.605,1241.0,11.83,28.0,135.3,0.7031,-0.711,28.2,34.3,37.5,1.3,0.1577
25.295,92.61,1142.0,9.06,28.0,117.1,0.8905,-0.4549,28.8,36.5,34.7,1.298,0.1213
25.295,92.615,1168.0,9.32,28.0,85.1,0.9964,0.0847,28.1,36.3,35.6,1.299,0.1247
25.295,92.62,1156.0,7.57,28.0,99.5,0.9864,-0.1643,25.9,35.8,38.3,1.3,0.1013
25.295,92.625,1146.0,8.93,28.0,72.7,0.9548,0.2971,27.0,33.6,39.4,1.298,0.1196
25.295,92.63,1203.0,4.27,28.0,93.0,0.9986,-0.0532,28.8,31.7,39.5,1.305,0.0571
25.295,92.635,1142.0,6.14,28.0,113.4,0.9179,-0.3967,28.2,33.8,38.0,1.301,0.0822
25.295,92.64,1160.0,3.13,28.0,72.0,0.9513,0.3083,29.4,32.6,38.0,1.304,0.0419
25.295,92.645,1159.0,2.13,28.0,113.6,0.9165,-0.4,28.5,31.7,39.9,1.305,0.0285
25.295,92.65,1145.0,3.92,28.0,68.7,0.9319,0.3628,26.8,31.3,41.9,1.303,0.0525
25.295,92.655,1184.0,3.32,28.0,56.8,0.8365,0.548,27.0,32.8,40.1,1.305,0.0444
25.295,92.66,1177.0,4.27,28.0,103.1,0.9741,-0.226,28.1,32.5,39.3,1.304,0.0571
25.295,92.665,1167.0,5.41,28.0,158.9,0.3603,-0.9329,25.2,34.5,40.3,1.302,0.0724
25.295,92.67,1088.0,6.36,28.0,145.1,0.5724,-0.82,30.0,34.7,35.3,1.298,0.0853
25.295,92.675,1075.0,2.91,28.0,76.4,0.9721,0.2345,28.5,34.4,37.0,1.301,0.039
25.295,92.68,1100.0,5.36,28.0,346.7,-0.2296,0.9733,29.5,31.5,39.0,1.3,0.0719
25.295,92.685,1167.0,5.78,28.0,16.0,0.2751,0.9614,26.1,34.1,39.8,1.302,0.0773
25.295,92.69,1198.0,6.84,28.0,115.0,0.9064,-0.4224,29.5,32.7,37.8,1.302,0.0915
25.295,92.695,1116.0,8.17,28.0,120.3,0.8632,-0.5049,30.7,32.3,37.0,1.298,0.1095
25.295,92.7,1125.0,11.14,28.0,67.8,0.9257,0.3781,26.4,34.3,39.3,1.296,0.1491
25.295,92.705,1191.0,10.15,28.0,63.3,0.8933,0.4494,28.9,36.3,34.8,1.299,0.1357
25.295,92.71,1206.0,5.94,28.0,59.6,0.8628,0.5056,28.0,33.0,39.0,1.303,0.0794
25.295,92.715,1244.0,1.27,28.0,26.4,0.4454,0.8953,26.1,34.7,39.2,1.309,0.0169
25.295,92.72,1226.0,3.24,28.0,149.4,0.5086,-0.861,28.6,33.7,37.7,1.306,0.0433
25.295,92.725,1195.0,5.33,28.0,146.1,0.5581,-0.8298,29.0,32.8,38.2,1.303,0.0713
25.295,92.73,1148.0,7.29,28.0,238.1,-0.8494,-0.5278,27.3,35.7,37.0,1.3,0.0976
25.295,92.735,1127.0,7.05,28.0,245.3,-0.9085,-0.4179,29.4,34.5,36.1,1.299,0.0945
25.295,92.74,1096.0,12.71,28.0,222.3,-0.673,-0.7397,26.0,34.0,40.0,1.293,0.1702
25.295,92.745,959.0,13.77,28.0,197.7,-0.3043,-0.9526,26.2,38.5,35.3,1.287,0.1849
25.295,92.75,861.0,5.09,28.0,273.2,-0.9984,0.0558,28.2,33.7,38.1,1.29,0.0688
25.295,92.755,964.0,8.27,28.0,306.5,-0.8039,0.5948,28.0,34.2,37.7,1.292,0.1113
25.295,92.76,948.0,1.93,28.0,346.1,-0.2395,0.9709,27.1,31.2,41.6,1.296,0.026
25.295,92.765,997.0,10.91,28.0,76.9,0.974,0.2267,29.0,36.7,34.3,1.291,0.1466
25.295,92.77,992.0,15.17,28.0,94.2,0.9973,-0.0733,28.6,36.8,34.5,1.287,0.2033
25.295,92.775,977.0,13.49,28.0,102.2,0.9774,-0.2112,29.0,36.5,34.4,1.288,0.1811
25.295,92.78,941.0,12.02,28.0,112.5,0.924,-0.3825,27.9,34.4,37.7,1.288,0.1617
25.295,92.785,895.0,7.51,28.0,109.8,0.9407,-0.3392,28.7,35.3,36.0,1.29,0.1013
25.295,92.79,896.0,8.08,28.0,334.5,-0.4304,0.9027,27.5,35.5,37.0,1.289,0.109
25.295,92.795,1024.0,9.14,28.0,351.0,-0.1563,0.9877,30.5,33.4,36.1,1.293,0.1229
25.295,92.8,1056.0,2.44,28.0,114.8,0.9075,-0.42,27.0,30.5,42.4,1.3,0.0327
25.295,92.805,1006.0,5.32,28.0,166.0,0.2411,-0.9705,30.5,34.3,35.2,1.296,0.0715
25.295,92.81,965.0,5.33,28.0,115.2,0.9049,-0.4257,28.0,31.1,40.9,1.294,0.0718
25.295,92.815,966.0,8.13,28.0,99.2,0.9871,-0.1599,26.3,34.4,39.3,1.292,0.1095
25.295,92.82,942.0,8.36,28.0,128.5,0.7829,-0.6221,29.6,33.6,36.8,1.291,0.1126
25.295,92.825,874.0,12.84,28.0,125.7,0.8118,-0.5839,28.2,37.3,34.6,1.284,0.1731
25.295,92.83,808.0,9.36,28.0,93.8,0.9978,-0.0663,29.0,33.9,37.1,1.285,0.1266
25.295,92.835,863.0,14.0,28.0,95.9,0.9946,-0.1036,29.5,37.4,33.1,1.283,0.1886
25.295,92.84,782.0,13.64,28.0,139.9,0.6439,-0.7651,28.4,34.9,36.7,1.28,0.1842
25.295,92.845,676.0,6.38,28.0,163.7,0.2813,-0.9596,27.3,35.2,37.5,1.282,0.0867
25.295,92.85,674.0,11.16,28.0,223.1,-0.6832,-0.7302,29.2,38.1,32.8,1.278,0.1514
25.295,92.855,531.0,7.11,28.0,174.2,0.1008,-0.9949,28.0,32.3,39.7,1.275,0.0971
25.295,92.86,549.0,10.16,28.0,79.1,0.9821,0.1884,28.8,35.1,36.0,1.273,0.1386
25.295,92.865,565.0,10.56,28.0,109.9,0.94,-0.3411,25.4,38.9,35.6,1.274,0.1439
25.295,92.87,485.0,4.61,28.0,82.9,0.9924,0.1233,28.5,33.3,38.1,1.276,0.063
25.295,92.875,575.0,5.77,28.0,39.1,0.6308,0.776,27.2,33.6,39.1,1.278,0.0787
25.295,92.88,564.0,5.52,28.0,9.6,0.1672,0.9859,30.0,34.7,35.4,1.278,0.0753
25.295,92.885,671.0,13.39,28.0,350.0,-0.1736,0.9848,28.7,35.6,35.6,1.276,0.1815
25.295,92.89,800.0,7.04,28.0,27.8,0.4657,0.8849,28.3,31.3,40.4,1.286,0.0953
25.295,92.895,781.0,12.86,28.0,101.5,0.9798,-0.2001,28.6,37.1,34.3,1.281,0.1737
25.295,92.9,754.0,13.49,28.0,91.9,0.9995,-0.0331,26.8,32.6,40.6,1.279,0.1824
25.295,92.905,773.0,10.16,28.0,83.0,0.9925,0.1219,29.9,34.1,36.0,1.282,0.1376
25.295,92.91,776.0,5.88,28.0,70.3,0.9414,0.3373,30.4,35.4,34.2,1.286,0.0797
25.295,92.915,808.0,6.67,28.0,73.7,0.9599,0.2802,28.5,33.2,38.3,1.287,0.0902
25.295,92.92,809.0,6.35,28.0,130.6,0.7587,-0.6514,29.9,32.7,37.4,1.287,0.0859
25.295,92.925,735.0,5.31,28.0,162.0,0.3093,-0.951,27.3,34.7,37.9,1.285,0.072
25.295,92.93,720.0,5.29,28.0,130.0,0.7658,-0.6431,27.0,32.1,40.8,1.284,0.0718
25.295,92.935,675.0,5.08,28.0,200.1,-0.3438,-0.939,28.0,31.5,40.4,1.283,0.069
25.295,92.94,636.0,5.77,28.0,187.1,-0.1244,-0.9922,28.5,34.0,37.5,1.281,0.0785
25.295,92.945,574.0,11.02,28.0,204.8,-0.4197,-0.9077,27.5,34.7,37.8,1.274,0.15
25.295,92.95,458.0,6.05,28.0,167.3,0.2206,-0.9754,28.6,31.7,39.6,1.273,0.0828
25.295,92.955,470.0,8.75,28.0,57.2,0.8404,0.542,28.4,35.3,36.3,1.272,0.1196
25.295,92.96,542.0,8.27,28.0,40.0,0.6431,0.7658,26.8,34.9,38.3,1.275,0.1128
25.295,92.965,582.0,3.64,28.0,200.6,-0.3527,-0.9358,28.6,32.4,38.9,1.28,0.0496
25.295,92.97,482.0,11.4,28.0,174.4,0.098,-0.9952,29.0,34.6,36.4,1.27,0.1556
25.295,92.975,380.0,11.92,28.0,169.5,0.1829,-0.9831,28.2,35.9,35.9,1.265,0.1633
25.295,92.98,273.0,1.93,28.0,0.0,0.0,1.0,29.4,34.3,36.3,1.269,0.0265
25.295,92.985,414.0,7.62,28.0,9.3,0.1611,0.9869,26.5,33.6,39.9,1.27,0.1044
25.295,92.99,406.0,6.34,28.0,264.4,-0.9951,-0.0984,28.6,34.7,36.8,1.271,0.0869
25.295,92.995,403.0,5.35,28.0,266.4,-0.998,-0.0637,26.6,34.3,39.1,1.272,0.0733
25.3,92.5,1137.0,10.71,28.0,192.3,-0.2138,-0.9769,26.7,36.2,37.2,1.297,0.1433
25.3,92.505,1044.0,6.69,28.0,181.8,-0.0306,-0.9995,27.2,33.8,38.9,1.296,0.0899
25.3,92.51,1019.0,2.77,28.0,280.6,-0.9828,0.1845,26.9,31.4,41.8,1.298,0.0372
25.3,92.515,1053.0,3.61,28.0,209.9,-0.4988,-0.8667,27.3,32.3,40.4,1.299,0.0485
25.3,92.52,964.0,7.78,28.0,169.0,0.1907,-0.9816,27.7,34.6,37.7,1.292,0.1048
25.3,92.525,918.0,5.26,28.0,198.2,-0.3124,-0.9499,29.0,36.1,34.9,1.292,0.071
25.3,92.53,876.0,2.27,28.0,191.8,-0.2043,-0.9789,27.6,31.9,40.5,1.293,0.0306
25.3,92.535,879.0,3.05,28.0,8.7,0.1518,0.9884,26.1,34.0,39.9,1.293,0.0412
25.3,92.54,929.0,6.8,28.0,21.2,0.3614,0.9324,29.4,33.3,37.3,1.291,0.0917
25.3,92.545,991.0,5.41,28.0,45.4,0.7115,0.7027,27.0,33.6,39.4,1.295,0.0728
25.3,92.55,996.0,8.08,28.0,42.1,0.6708,0.7416,27.9,36.4,35.6,1.293,0.1087
25.3,92.555,1097.0,13.34,28.0,4.3,0.0758,0.9971,28.5,36.7,34.8,1.293,0.1784
25.3,92.56,1234.0,10.15,28.0,346.1,-0.2408,0.9706,28.2,32.8,38.9,1.301,0.1355
25.3,92.565,1272.0,8.01,28.0,301.9,-0.8486,0.5291,29.3,33.3,37.4,1.304,0.1069
25.3,92.57,1309.0,8.02,28.0,328.5,-0.5226,0.8526,28.6,36.0,35.4,1.306,0.1068
25.3,92.575,1393.0,8.32,28.0,109.0,0.9454,-0.3258,27.0,34.4,38.6,1.309,0.1105
25.3,92.58,1261.0,14.5,28.0,133.1,0.7297,-0.6838,30.6,34.1,35.2,1.298,0.1929
25.3,92.585,1215.0,13.2,28.0,95.3,0.9957,-0.0931,28.2,34.3,37.5,1.298,0.1759
25.3,92.59,1239.0,9.77,28.0,82.4,0.9912,0.1327,27.8,35.7,36.5,1.301,0.1304
25.3,92.595,1238.0,10.72,28.0,82.5,0.9914,0.1311,29.2,36.4,34.5,1.301,0.143
25.3,92.6,1264.0,6.1,28.0,149.7,0.504,-0.8637,28.3,33.7,38.0,1.305,0.0814
25.3,92.605,1145.0,11.17,28.0,170.3,0.1683,-0.9857,28.5,38.7,32.8,1.296,0.1495
25.3,92.61,1068.0,4.9,28.0,190.3,-0.178,-0.984,31.0,34.5,34.5,1.299,0.0658
25.3,92.615,1060.0,4.55,28.0,76.3,0.9714,0.2373,27.7,32.8,39.5,1.299,0.0611
25.3,92.62,1087.0,5.7,28.0,88.3,0.9996,0.0299,27.6,32.3,40.1,1.299,0.0765
25.3,92.625,1063.0,6.24,28.0,45.6,0.7147,0.6994,28.1,32.2,39.7,1.297,0.0838
25.3,92.63,1164.0,6.65,28.0,70.1,0.9401,0.3408,29.3,34.3,36.4,1.301,0.089
25.3,92.635,1103.0,4.38,28.0,84.8,0.9959,0.0907,26.2,32.4,41.4,1.3,0.0587
25.3,92.64,1171.0,1.73,28.0,34.5,0.5665,0.8241,25.6,35.0,39.4,1.305,0.0231
25.3,92.645,1128.0,5.33,28.0,146.1,0.5581,-0.8298,27.3,35.6,37.1,1.301,0.0714
25.3,92.65,1093.0,7.22,28.0,82.8,0.9921,0.1254,26.0,34.9,39.1,1.298,0.0968
25.3,92.655,1144.0,10.04,28.0,81.6,0.9893,0.1458,27.5,32.9,39.6,1.297,0.1344
25.3,92.66,1119.0,7.46,28.0,116.1,0.8982,-0.4397,28.6,33.0,38.4,1.299,0.0999
25.3,92.665,1086.0,11.17,28.0,111.2,0.9322,-0.362,26.9,36.9,36.2,1.294,0.1497
25.3,92.67,1047.0,4.86,28.0,100.8,0.9824,-0.1869,26.3,32.5,41.3,1.298,0.0653
25.3,92.675,1070.0,6.19,28.0,13.9,0.2402,0.9707,28.1,35.3,36.6,1.298,0.0831
25.3,92.68,1153.0,2.97,28.0,334.3,-0.4335,0.9011,29.0,33.5,37.5,1.304,0.0397
25.3,92.685,1117.0,2.53,28.0,86.1,0.9977,0.0675,26.0,32.8,41.3,1.303,0.0339
25.3,92.69,1156.0,0.28,28.0,113.9,0.9146,-0.4045,29.0,31.0,40.0,1.306,0.0037
25.3,92.695,1115.0,4.79,28.0,218.5,-0.6222,-0.7828,29.0,33.1,37.9,1.301,0.0642
25.3,92.7,1090.0,1.93,28.0,118.2,0.8814,-0.4725,29.1,32.8,38.1,1.302,0.0259
25.3,92.705,1099.0,3.87,28.0,75.6,0.9684,0.2493,29.5,34.6,36.0,1.301,0.0519
25.3,92.71,1107.0,7.43,28.0,29.7,0.496,0.8683,30.6,32.7,36.7,1.298,0.0996
25.3,92.715,1213.0,5.12,28.0,23.0,0.3911,0.9203,27.6,33.0,39.5,1.304,0.0684
25.3,92.72,1190.0,7.18,28.0,133.3,0.7275,-0.6861,28.1,34.0,37.9,1.302,0.096
25.3,92.725,1126.0,7.3,28.0,157.3,0.3857,-0.9226,27.5,34.9,37.6,1.299,0.0978
25.3,92.73,1071.0,2.4,28.0,131.5,0.749,-0.6625,28.0,31.3,40.7,1.301,0.0322
25.3,92.735,1098.0,0.33,28.0,69.8,0.9383,0.3458,29.8,30.1,40.0,1.304,0.0044
25.3,92.74,1073.0,1.77,28.0,183.3,-0.0583,-0.9983,26.4,33.5,40.1,1.301,0.0237
25.3,92.745,1067.0,6.97,28.0,280.3,-0.9839,0.1786,27.0,31.6,41.5,1.297,0.0936
25.3,92.75,1095.0,13.39,28.0,263.0,-0.9927,-0.121,29.7,37.5,32.8,1.293,0.1791
25.3,92.755,1038.0,13.49,28.0,209.1,-0.4868,-0.8735,29.2,35.4,35.4,1.29,0.1808
25.3,92.76,884.0,10.08,28.0,179.1,0.0152,-0.9999,27.6,32.4,40.1,1.287,0.136
25.3,92.765,859.0,6.58,28.0,134.2,0.7166,-0.6975,29.0,33.0,37.9,1.289,0.0889
25.3,92.77,803.0,4.22,28.0,145.1,0.5717,-0.8204,28.4,33.7,37.9,1.289,0.0571
25.3,92.775,798.0,2.27,28.0,11.8,0.2043,0.9789,29.8,31.8,38.4,1.29,0.0307
25.3,92.78,842.0,3.3,28.0,100.9,0.9819,-0.1895,28.1,32.9,39.0,1.291,0.0446
25.3,92.785,787.0,5.89,28.0,17.7,0.3046,0.9525,29.2,34.7,36.1,1.287,0.0797
25.3,92.79,941.0,16.3,28.0,330.4,-0.4944,0.8692,31.2,36.0,32.8,1.284,0.2186
25.3,92.795,1043.0,5.9,28.0,345.9,-0.2432,0.97,28.7,32.2,39.1,1.297,0.0793
25.3,92.8,1042.0,0.97,28.0,180.0,0.0,-1.0,28.1,31.8,40.1,1.301,0.013
25.3,92.805,1026.0,6.4,28.0,187.4,-0.1281,-0.9918,28.9,35.8,35.3,1.296,0.086
25.3,92.81,930.0,9.64,28.0,181.8,-0.0317,-0.9995,27.6,37.1,35.3,1.289,0.1299
25.3,92.815,855.0,8.28,28.0,147.1,0.5433,-0.8396,30.9,31.2,38.0,1.287,0.1119
25.3,92.82,807.0,5.5,28.0,178.9,0.0186,-0.9998,28.2,35.1,36.7,1.288,0.0744
25.3,92.825,758.0,1.09,28.0,199.4,-0.3318,-0.9433,27.7,32.7,39.7,1.289,0.0148
25.3,92.83,789.0,5.95,28.0,215.9,-0.5862,-0.8102,27.0,35.0,38.0,1.287,0.0805
25.3,92.835,673.0,7.55,28.0,167.1,0.2238,-0.9746,29.3,33.2,37.5,1.281,0.1026
25.3,92.84,659.0,1.19,28.0,40.3,0.6467,0.7627,29.0,29.7,41.3,1.285,0.0162
25.3,92.845,689.0,7.19,28.0,301.3,-0.8544,0.5196,27.4,34.8,37.8,1.282,0.0976
25.3,92.85,725.0,7.29,28.0,252.8,-0.9554,-0.2952,28.7,32.5,38.8,1.283,0.0989
25.3,92.855,651.0,12.84,28.0,223.0,-0.6816,-0.7318,26.2,33.3,40.5,1.275,0.1743
25.3,92.86,557.0,13.35,28.0,203.0,-0.3899,-0.9208,28.2,33.6,38.2,1.271,0.1817
25.3,92.865,431.0,8.63,28.0,186.1,-0.1065,-0.9943,28.5,35.2,36.3,1.27,0.1182
25.3,92.87,405.0,3.22,28.0,233.1,-0.7993,-0.6009,30.0,33.1,36.9,1.274,0.0441
25.3,92.875,397.0,3.02,28.0,50.1,0.7675,0.6411,27.1,34.0,38.9,1.273,0.0414
25.3,92.88,439.0,13.33,28.0,20.2,0.3449,0.9386,26.5,36.6,37.0,1.266,0.1821
25.3,92.885,621.0,17.22,28.0,24.5,0.4145,0.9101,26.9,36.0,37.1,1.27,0.2331
25.3,92.89,723.0,10.8,28.0,93.3,0.9984,-0.0573,26.4,34.8,38.8,1.28,0.1464
25.3,92.895,610.0,17.41,28.0,121.1,0.8565,-0.5162,29.6,35.9,34.5,1.27,0.2356
25.3,92.9,560.0,19.04,28.0,87.9,0.9993,0.0374,29.9,36.8,33.4,1.267,0.2575
25.3,92.905,623.0,15.98,28.0,68.2,0.9286,0.3711,28.4,34.8,36.8,1.272,0.2164
25.3,92.91,667.0,14.28,28.0,87.3,0.9989,0.0468,29.5,36.4,34.1,1.275,0.1935
25.3,92.915,635.0,16.83,28.0,86.2,0.9978,0.0657,28.2,38.1,33.7,1.271,0.2278
25.3,92.92,687.0,14.37,28.0,66.2,0.9151,0.4032,27.9,34.6,37.5,1.276,0.1945
25.3,92.925,739.0,7.19,28.0,106.0,0.9613,-0.2755,27.6,35.8,36.6,1.284,0.0975
25.3,92.93,652.0,6.14,28.0,127.5,0.7931,-0.6092,27.6,33.8,38.6,1.281,0.0835
25.3,92.935,673.0,6.38,28.0,107.0,0.9561,-0.2931,26.1,34.1,39.8,1.282,0.0867
25.3,92.94,619.0,6.07,28.0,160.7,0.3297,-0.9441,28.3,31.1,40.6,1.28,0.0826
25.3,92.945,572.0,7.98,28.0,170.0,0.173,-0.9849,28.0,31.4,40.6,1.276,0.1088
25.3,92.95,480.0,9.2,28.0,177.5,0.0443,-0.999,28.9,34.7,36.4,1.272,0.1257
25.3,92.955,409.0,5.57,28.0,60.0,0.8664,0.4993,28.1,34.7,37.2,1.272,0.0763
25.3,92.96,529.0,10.38,28.0,7.3,0.1275,0.9918,27.8,33.8,38.4,1.273,0.1415
25.3,92.965,592.0,1.16,28.0,169.7,0.178,-0.984,27.0,34.8,38.2,1.283,0.0158
25.3,92.97,509.0,11.13,28.0,188.4,-0.1461,-0.9893,28.1,36.1,35.8,1.271,0.1519
25.3,92.975,396.0,15.07,28.0,191.2,-0.1935,-0.9811,28.9,34.7,36.5,1.263,0.2059
25.3,92.98,243.0,2.4,28.0,173.9,0.1071,-0.9943,26.6,32.7,40.7,1.268,0.033
25.3,92.985,354.0,14.46,28.0,19.3,0.331,0.9436,28.1,39.6,32.3,1.262,0.1979
25.3,92.99,488.0,4.55,28.0,2.6,0.0452,0.999,28.3,31.3,40.4,1.276,0.0622
25.3,92.995,434.0,6.3,28.0,166.3,0.236,-0.9718,27.1,34.5,38.4,1.272,0.0863
25.305,92.5,1088.0,10.19,28.0,141.7,0.6198,-0.7847,27.3,34.2,38.5,1.295,0.1366
25.305,92.505,1017.0,5.55,28.0,155.4,0.4159,-0.9094,28.3,34.5,37.2,1.296,0.0746
25.305,92.51,999.0,4.46,28.0,101.8,0.979,-0.2038,26.6,35.1,38.3,1.296,0.06
25.305,92.515,1001.0,8.08,28.0,108.3,0.9492,-0.3148,28.4,33.6,38.0,1.293,0.1087
25.305,92.52,954.0,4.34,28.0,132.8,0.7333,-0.6799,26.9,34.8,38.2,1.295,0.0584
25.305,92.525,949.0,4.21,28.0,148.3,0.5253,-0.8509,29.3,36.5,34.3,1.294,0.0567
25.305,92.53,891.0,4.1,28.0,175.7,0.0752,-0.9972,30.8,33.2,36.0,1.292,0.0553
25.305,92.535,877.0,0.36,28.0,163.2,0.2887,-0.9574,27.0,33.3,39.8,1.295,0.0049
25.305,92.54,885.0,2.11,28.0,4.2,0.0731,0.9973,28.6,31.7,39.7,1.294,0.0285
25.305,92.545,914.0,3.21,28.0,38.7,0.6255,0.7802,27.1,32.9,40.0,1.294,0.0433
25.305,92.55,929.0,6.18,28.0,352.4,-0.1328,0.9911,29.2,33.4,37.4,1.292,0.0833
25.305,92.555,1022.0,13.04,28.0,2.4,0.0427,0.9991,26.5,36.7,36.8,1.29,0.1749
25.305,92.56,1162.0,16.3,28.0,29.2,0.4883,0.8727,28.6,38.2,33.3,1.293,0.2171
25.305,92.565,1279.0,12.66,28.0,54.3,0.8119,0.5837,27.0,35.2,37.8,1.301,0.1685
25.305,92.57,1294.0,5.6,28.0,87.1,0.9987,0.0507,27.8,35.8,36.5,1.307,0.0747
25.305,92.575,1284.0,12.03,28.0,117.2,0.8896,-0.4568,26.8,37.5,35.7,1.301,0.1602
25.305,92.58,1196.0,13.66,28.0,144.8,0.5765,-0.8171,29.0,36.9,34.1,1.296,0.1822
25.305,92.585,1084.0,8.47,28.0,118.3,0.8808,-0.4736,27.0,33.5,39.5,1.296,0.1137
25.305,92.59,1125.0,9.1,28.0,82.9,0.9923,0.124,28.7,33.5,37.8,1.297,0.1219
25.305,92.595,1104.0,10.95,28.0,56.7,0.8357,0.5492,27.6,33.7,38.7,1.295,0.1467
25.305,92.6,1232.0,8.3,28.0,47.1,0.7326,0.6807,27.9,35.6,36.5,1.302,0.1109
25.305,92.605,1204.0,4.56,28.0,155.4,0.4167,-0.909,28.2,31.4,40.4,1.304,0.061
25.305,92.61,1159.0,8.26,28.0,213.4,-0.5507,-0.8347,27.1,35.2,37.7,1.299,0.1106
25.305,92.615,1082.0,6.51,28.0,187.2,-0.1259,-0.992,28.3,32.1,39.6,1.298,0.0873
25.305,92.62,1045.0,2.14,28.0,127.6,0.7921,-0.6104,29.8,33.8,36.4,1.3,0.0287
25.305,92.625,1059.0,2.94,28.0,314.2,-0.7175,0.6965,27.1,32.8,40.1,1.3,0.0395
25.305,92.63,1081.0,3.45,28.0,91.9,0.9995,-0.033,29.4,34.9,35.7,1.3,0.0463
25.305,92.635,1057.0,3.63,28.0,19.9,0.3402,0.9403,29.8,34.7,35.5,1.299,0.0487
25.305,92.64,1141.0,7.87,28.0,71.6,0.9487,0.3161,27.0,36.3,36.7,1.299,0.1054
25.305,92.645,1101.0,9.1,28.0,147.4,0.5381,-0.8429,26.3,36.6,37.1,1.296,0.122
25.305,92.65,1005.0,6.45,28.0,169.5,0.1826,-0.9832,28.4,33.9,37.7,1.295,0.0867
25.305,92.655,989.0,3.82,28.0,52.5,0.793,0.6093,27.3,31.3,41.4,1.296,0.0514
25.305,92.66,1046.0,7.28,28.0,102.1,0.9777,-0.21,30.2,32.4,37.4,1.296,0.0978
25.305,92.665,962.0,2.98,28.0,193.0,-0.2247,-0.9744,28.0,29.7,42.3,1.296,0.0401
25.305,92.67,995.0,4.8,28.0,6.8,0.1176,0.9931,27.0,31.7,41.3,1.296,0.0646
25.305,92.675,1046.0,9.91,28.0,42.3,0.6736,0.7391,26.6,34.7,38.6,1.294,0.133
25.305,92.68,1125.0,7.24,28.0,55.8,0.8268,0.5625,29.3,33.1,37.6,1.299,0.097
25.305,92.685,1118.0,4.28,28.0,25.6,0.4319,0.9019,27.3,32.9,39.8,1.301,0.0574
25.305,92.69,1193.0,3.24,28.0,349.0,-0.1903,0.9817,28.1,33.6,38.3,1.305,0.0433
25.305,92.695,1174.0,6.45,28.0,207.4,-0.4609,-0.8874,29.1,33.3,37.6,1.302,0.0863
25.305,92.7,1092.0,3.2,28.0,174.5,0.0965,-0.9953,27.4,31.2,41.4,1.301,0.0429
25.305,92.705,1118.0,4.06,28.0,54.0,0.8094,0.5873,27.9,33.0,39.1,1.301,0.0544
25.305,92.71,1134.0,5.19,28.0,342.1,-0.3067,0.9518,28.0,32.0,40.0,1.301,0.0695
25.305,92.715,1205.0,2.89,28.0,101.4,0.9804,-0.1971,28.8,32.4,38.8,1.306,0.0386
25.305,92.72,1124.0,3.82,28.0,165.2,0.2556,-0.9668,28.7,35.0,36.3,1.302,0.0512
25.305,92.725,1140.0,3.75,28.0,260.4,-0.986,-0.1666,27.7,32.6,39.7,1.302,0.0502
25.305,92.73,1113.0,6.1,28.0,259.8,-0.9843,-0.1767,28.1,36.3,35.6,1.299,0.0818
25.305,92.735,1121.0,4.2,28.0,258.3,-0.9792,-0.203,27.6,35.3,37.2,1.301,0.0563
25.305,92.74,1098.0,4.65,28.0,250.0,-0.9396,-0.3422,26.2,32.4,41.4,1.3,0.0624
25.305,92.745,1093.0,5.59,28.0,285.3,-0.9645,0.2641,28.3,31.8,39.9,1.299,0.075
25.305,92.75,1124.0,0.08,28.0,317.9,-0.6708,0.7416,30.3,31.9,37.8,1.305,0.0011
25.305,92.755,1094.0,10.08,28.0,178.8,0.0202,-0.9998,26.9,36.4,36.6,1.295,0.1352
25.305,92.76,945.0,13.82,28.0,220.3,-0.6463,-0.7631,27.1,35.0,38.0,1.286,0.1857
25.305,92.765,905.0,5.69,28.0,270.0,-1.0,-0.0,27.0,34.9,38.2,1.291,0.0768
25.305,92.77,945.0,12.7,28.0,286.1,-0.9607,0.2777,28.9,37.2,33.9,1.287,0.1708
25.305,92.775,968.0,12.86,28.0,253.0,-0.9565,-0.2916,28.5,34.3,37.2,1.288,0.1728
25.305,92.78,878.0,6.69,28.0,203.9,-0.4057,-0.914,27.8,32.8,39.4,1.29,0.0903
25.305,92.785,860.0,10.11,28.0,355.4,-0.0806,0.9967,26.9,35.8,37.3,1.286,0.1365
25.305,92.79,1057.0,10.84,28.0,354.9,-0.0891,0.996,28.1,35.1,36.8,1.293,0.1455
25.305,92.795,1052.0,1.9,28.0,91.7,0.9996,-0.0299,26.1,31.5,42.4,1.3,0.0255
25.305,92.8,1056.0,2.08,28.0,214.7,-0.5698,-0.8218,28.2,32.0,39.8,1.301,0.0279
25.305,92.805,1022.0,4.83,28.0,181.2,-0.0213,-0.9998,29.0,33.2,37.8,1.297,0.0649
25.305,92.81,971.0,8.86,28.0,203.4,-0.3977,-0.9175,26.5,32.0,41.5,1.291,0.1193
25.305,92.815,878.0,4.05,28.0,244.2,-0.9006,-0.4347,26.2,34.2,39.6,1.292,0.0547
25.305,92.82,940.0,9.09,28.0,271.1,-0.9998,0.0186,29.9,33.7,36.4,1.29,0.1225
25.305,92.825,881.0,10.46,28.0,249.9,-0.9389,-0.3442,27.3,30.6,42.1,1.287,0.1411
25.305,92.83,876.0,9.57,28.0,252.5,-0.9538,-0.3005,29.4,34.5,36.1,1.287,0.1292
25.305,92.835,830.0,15.4,28.0,246.9,-0.9196,-0.393,27.8,35.0,37.2,1.28,0.2075
25.305,92.84,767.0,13.62,28.0,262.0,-0.9902,-0.1394,27.8,38.2,34.0,1.279,0.1841
25.305,92.845,796.0,12.64,28.0,281.0,-0.9817,0.1905,28.5,34.5,37.0,1.281,0.1708
25.305,92.85,810.0,10.13,28.0,239.3,-0.8594,-0.5112,26.9,33.1,40.0,1.284,0.137
25.305,92.855,704.0,11.5,28.0,219.5,-0.6361,-0.7716,28.2,35.8,36.0,1.279,0.1559
25.305,92.86,652.0,12.28,28.0,236.5,-0.8337,-0.5522,27.5,34.3,38.2,1.276,0.1667
25.305,92.865,583.0,16.23,28.0,246.5,-0.9168,-0.3993,26.4,35.2,38.4,1.27,0.2201
25.305,92.87,535.0,16.24,28.0,259.6,-0.9835,-0.1807,28.4,37.1,34.5,1.268,0.2206
25.305,92.875,530.0,13.3,28.0,254.9,-0.9655,-0.2606,27.7,34.0,38.3,1.27,0.1811
25.305,92.88,473.0,3.24,28.0,268.0,-0.9994,-0.0351,27.8,30.7,41.5,1.276,0.0443
25.305,92.885,528.0,10.92,28.0,53.7,0.8058,0.5922,26.5,37.5,36.0,1.272,0.1489
25.305,92.89,588.0,12.48,28.0,101.9,0.9785,-0.2065,29.9,36.2,33.9,1.273,0.1698
25.305,92.895,482.0,17.16,28.0,134.5,0.7129,-0.7013,29.1,36.2,34.8,1.265,0.2332
25.305,92.9,370.0,6.36,28.0,92.6,0.999,-0.0445,29.2,33.7,37.2,1.269,0.0873
25.305,92.905,477.0,15.62,28.0,64.1,0.8995,0.4369,27.6,36.9,35.4,1.266,0.2127
25.305,92.91,493.0,17.97,28.0,90.9,0.9999,-0.0153,25.9,38.3,35.8,1.265,0.2439
25.305,92.915,472.0,15.05,28.0,78.3,0.9791,0.2032,30.3,34.9,34.8,1.266,0.2051
25.305,92.92,548.0,19.08,28.0,68.4,0.93,0.3676,27.9,37.6,34.4,1.266,0.2582
25.305,92.925,600.0,13.81,28.0,71.9,0.9504,0.3112,27.1,34.9,38.0,1.272,0.1877
25.305,92.93,625.0,3.3,28.0,139.2,0.6535,-0.7569,28.5,32.6,38.9,1.282,0.0449
25.305,92.935,556.0,5.71,28.0,106.1,0.9606,-0.2779,29.4,33.8,36.8,1.277,0.0779
25.305,92.94,597.0,7.44,28.0,93.9,0.9977,-0.0685,28.0,34.0,38.1,1.278,0.1013
25.305,92.945,547.0,10.97,28.0,138.9,0.658,-0.7531,29.5,36.0,34.4,1.273,0.1495
25.305,92.95,450.0,10.47,28.0,156.8,0.3938,-0.9192,29.3,35.5,35.2,1.269,0.1432
25.305,92.955,376.0,3.93,28.0,17.5,0.3006,0.9537,26.7,30.8,42.5,1.272,0.0539
25.305,92.96,516.0,11.46,28.0,351.8,-0.1418,0.9899,27.2,33.0,39.8,1.271,0.1563
25.305,92.965,578.0,0.33,28.0,110.2,0.9383,-0.3458,29.1,31.5,39.3,1.283,0.0045
25.305,92.97,514.0,8.41,28.0,199.9,-0.3402,-0.9403,24.7,37.0,38.3,1.274,0.1148
25.305,92.975,438.0,14.33,28.0,197.0,-0.2919,-0.9565,27.8,34.5,37.6,1.266,0.1955
25.305,92.98,268.0,8.95,28.0,221.4,-0.6613,-0.7501,26.3,34.1,39.6,1.263,0.1232
25.305,92.985,319.0,8.55,28.0,27.8,0.4659,0.8849,27.4,33.5,39.1,1.266,0.1174
25.305,92.99,402.0,6.85,28.0,62.9,0.8905,0.455,27.6,33.0,39.4,1.27,0.0939
25.305,92.995,374.0,4.03,28.0,217.8,-0.6127,-0.7903,27.6,33.3,39.1,1.272,0.0553
25.31,92.5,1013.0,2.81,28.0,235.5,-0.8239,-0.5668,27.3,34.9,37.8,1.298,0.0378
25.31,92.505,999.0,5.19,28.0,210.3,-0.5042,-0.8636,26.7,34.1,39.2,1.296,0.0698
25.31,92.51,934.0,5.52,28.0,189.6,-0.1672,-0.9859,30.8,32.3,37.0,1.293,0.0744
25.31,92.515,903.0,2.86,28.0,129.4,0.7722,-0.6354,30.2,36.9,32.9,1.294,0.0386
25.31,92.52,902.0,2.11,28.0,138.9,0.6573,-0.7536,26.6,32.7,40.7,1.294,0.0285
25.31,92.525,875.0,3.85,28.0,118.2,0.8814,-0.4725,29.9,32.2,37.9,1.292,0.052
25.31,92.53,870.0,1.04,28.0,83.7,0.9939,0.1099,27.5,34.4,38.1,1.294,0.014
25.31,92.535,877.0,3.2,28.0,5.5,0.0965,0.9953,28.2,32.1,39.7,1.292,0.0432
25.31,92.54,926.0,4.5,28.0,341.3,-0.3199,0.9474,27.9,35.7,36.4,1.293,0.0607
25.31,92.545,952.0,5.26,28.0,338.2,-0.3711,0.9286,27.2,32.1,40.7,1.294,0.0708
25.31,92.55,1012.0,8.48,28.0,333.1,-0.4517,0.8922,29.2,36.4,34.4,1.293,0.114
25.31,92.555,1086.0,3.66,28.0,347.8,-0.2105,0.9776,28.2,33.3,38.6,1.3,0.0491
25.31,92.56,1075.0,11.17,28.0,94.9,0.9963,-0.0855,27.4,36.9,35.7,1.294,0.1497
25.31,92.565,1069.0,17.52,28.0,66.8,0.9194,0.3934,26.4,39.5,34.0,1.288,0.2337
25.31,92.57,1200.0,12.3,28.0,59.0,0.8572,0.5149,26.9,33.6,39.5,1.298,0.1641
25.31,92.575,1182.0,6.7,28.0,143.4,0.5962,-0.8028,26.0,35.7,38.3,1.302,0.0896
25.31,92.58,1105.0,6.46,28.0,172.3,0.1348,-0.9909,28.0,31.6,40.4,1.299,0.0866
25.31,92.585,1069.0,4.6,28.0,238.0,-0.8478,-0.5303,26.6,31.7,41.8,1.299,0.0617
25.31,92.59,1062.0,2.2,28.0,253.5,-0.9587,-0.2844,27.7,31.4,40.9,1.301,0.0295
25.31,92.595,1058.0,5.22,28.0,25.6,0.4323,0.9017,29.6,34.1,36.2,1.298,0.0701
25.31,92.6,1145.0,6.95,28.0,66.0,0.9133,0.4072,29.4,33.9,36.7,1.3,0.0931
25.31,92.605,1108.0,5.48,28.0,82.9,0.9923,0.1242,28.0,33.2,38.8,1.3,0.0735
25.31,92.61,1157.0,4.96,28.0,111.5,0.9307,-0.3659,27.9,33.5,38.6,1.302,0.0664
25.31,92.615,1076.0,6.21,28.0,160.2,0.3387,-0.9409,30.3,34.5,35.2,1.298,0.0833
25.31,92.62,1054.0,2.52,28.0,309.2,-0.7753,0.6316,28.6,33.7,37.7,1.3,0.0338
25.31,92.625,1104.0,4.47,28.0,303.1,-0.838,0.5457,27.6,34.8,37.6,1.3,0.06
25.31,92.63,1097.0,4.25,28.0,250.5,-0.9426,-0.334,26.3,35.9,37.8,1.3,0.057
25.31,92.635,1079.0,6.47,28.0,230.9,-0.7762,-0.6305,28.5,33.7,37.8,1.298,0.0868
25.31,92.64,1025.0,4.64,28.0,125.1,0.8184,-0.5747,29.0,32.5,38.5,1.297,0.0624
25.31,92.645,1032.0,3.85,28.0,311.6,-0.7476,0.6642,27.2,33.9,38.8,1.298,0.0517
25.31,92.65,1070.0,5.6,28.0,302.5,-0.8434,0.5372,28.3,31.8,39.9,1.298,0.0752
25.31,92.655,1085.0,9.95,28.0,239.4,-0.8604,-0.5096,27.6,33.6,38.8,1.295,0.1334
25.31,92.66,980.0,5.14,28.0,278.9,-0.988,0.1545,27.8,34.9,37.4,1.295,0.0692
25.31,92.665,1099.0,9.33,28.0,289.8,-0.9409,0.3387,25.0,34.3,40.7,1.296,0.1251
25.31,92.67,1036.0,10.76,28.0,213.3,-0.5484,-0.8362,27.7,33.1,39.2,1.292,0.1445
25.31,92.675,939.0,1.13,28.0,270.0,-1.0,-0.0,29.2,30.1,40.8,1.297,0.0152
25.31,92.68,1036.0,12.15,28.0,49.1,0.7554,0.6552,27.2,35.3,37.4,1.291,0.163
25.31,92.685,1081.0,12.5,28.0,53.7,0.8064,0.5914,28.1,37.0,34.9,1.293,0.1674
25.31,92.69,1168.0,12.55,28.0,65.8,0.9119,0.4104,27.1,37.0,35.9,1.296,0.1677
25.31,92.695,1173.0,8.09,28.0,126.0,0.8094,-0.5873,28.4,34.3,37.2,1.3,0.1083
25.31,92.7,1084.0,7.97,28.0,191.8,-0.2053,-0.9787,27.7,37.1,35.1,1.297,0.1069
25.31,92.705,1035.0,4.31,28.0,44.7,0.7029,0.7113,26.9,33.0,40.1,1.298,0.0579
25.31,92.71,1138.0,12.18,28.0,55.5,0.8243,0.5661,29.6,35.0,35.4,1.295,0.1629
25.31,92.715,1158.0,5.37,28.0,69.6,0.9372,0.3489,29.1,29.6,41.3,1.302,0.0719
25.31,92.72,1171.0,2.5,28.0,335.7,-0.4121,0.9112,27.3,32.0,40.7,1.305,0.0334
25.31,92.725,1198.0,3.38,28.0,286.6,-0.9583,0.2859,28.6,34.2,37.2,1.305,0.0452
25.31,92.73,1188.0,1.32,28.0,210.5,-0.5068,-0.8621,28.6,34.7,36.7,1.306,0.0176
25.31,92.735,1178.0,1.71,28.0,178.3,0.0301,-0.9995,28.8,31.2,40.0,1.306,0.0228
25.31,92.74,1158.0,0.37,28.0,155.7,0.4121,-0.9112,26.0,32.8,41.2,1.306,0.0049
25.31,92.745,1172.0,4.33,28.0,215.6,-0.5815,-0.8135,29.2,34.7,36.1,1.303,0.0579
25.31,92.75,1096.0,7.92,28.0,170.3,0.168,-0.9858,27.3,34.1,38.6,1.297,0.1062
25.31,92.755,1034.0,3.58,28.0,123.7,0.8319,-0.555,27.6,29.5,42.9,1.298,0.0481
25.31,92.76,1061.0,7.75,28.0,242.2,-0.8843,-0.467,31.2,34.4,34.4,1.296,0.1041
25.31,92.765,970.0,9.18,28.0,264.0,-0.9945,-0.1044,28.4,35.6,36.0,1.291,0.1236
25.31,92.77,1044.0,8.2,28.0,299.3,-0.8722,0.4891,27.5,32.8,39.7,1.295,0.1101
25.31,92.775,1041.0,8.78,28.0,196.6,-0.2851,-0.9585,25.4,34.0,40.7,1.294,0.118
25.31,92.78,895.0,13.65,28.0,193.3,-0.2293,-0.9733,29.7,33.9,36.4,1.284,0.1838
25.31,92.785,803.0,3.72,28.0,6.4,0.1106,0.9939,26.4,29.1,44.5,1.289,0.0503
25.31,92.79,960.0,14.31,28.0,37.8,0.6127,0.7903,26.8,37.4,35.8,1.286,0.1922
25.31,92.795,1006.0,7.28,28.0,35.2,0.5769,0.8168,27.6,33.9,38.5,1.294,0.0979
25.31,92.8,1065.0,1.25,28.0,2.4,0.0411,0.9992,29.7,34.7,35.6,1.302,0.0168
25.31,92.805,1028.0,4.07,28.0,203.0,-0.391,-0.9204,28.9,34.4,36.7,1.298,0.0547
25.31,92.81,999.0,6.04,28.0,196.8,-0.2887,-0.9574,27.8,33.1,39.1,1.295,0.0813
25.31,92.815,926.0,4.79,28.0,260.4,-0.9861,-0.1659,28.4,33.2,38.5,1.293,0.0646
25.31,92.82,985.0,3.82,28.0,291.8,-0.9283,0.3719,27.3,33.9,38.9,1.296,0.0514
25.31,92.825,951.0,6.18,28.0,261.0,-0.9878,-0.156,28.2,35.1,36.7,1.293,0.0833
25.31,92.83,968.0,5.14,28.0,272.5,-0.999,0.0442,28.1,33.9,38.1,1.294,0.0692
25.31,92.835,955.0,4.4,28.0,237.2,-0.8404,-0.542,29.2,34.8,36.0,1.295,0.0592
25.31,92.84,926.0,4.13,28.0,253.2,-0.9574,-0.2887,29.2,32.7,38.2,1.294,0.0557
25.31,92.845,934.0,2.11,28.0,215.9,-0.5862,-0.8102,28.6,31.1,40.3,1.296,0.0284
25.31,92.85,896.0,8.8,28.0,206.9,-0.4526,-0.8917,27.6,34.2,38.2,1.289,0.1187
25.31,92.855,795.0,11.45,28.0,227.8,-0.7407,-0.6718,28.9,35.4,35.7,1.282,0.1548
25.31,92.86,759.0,10.8,28.0,249.6,-0.9372,-0.3489,27.9,33.1,39.0,1.281,0.1463
25.31,92.865,728.0,11.3,28.0,260.0,-0.9847,-0.174,26.7,33.0,40.3,1.28,0.1531
25.31,92.87,724.0,12.29,28.0,249.4,-0.9363,-0.3512,27.5,35.9,36.5,1.279,0.1664
25.31,92.875,651.0,14.41,28.0,210.9,-0.5138,-0.8579,28.1,35.2,36.7,1.274,0.1953
25.31,92.88,502.0,13.16,28.0,210.5,-0.507,-0.862,29.1,35.3,35.6,1.269,0.1794
25.31,92.885,448.0,5.36,28.0,102.2,0.9773,-0.2119,27.8,32.9,39.3,1.273,0.0734
25.31,92.89,482.0,9.28,28.0,120.3,0.8633,-0.5046,26.5,36.8,36.7,1.272,0.1268
25.31,92.895,365.0,3.06,28.0,148.6,0.5205,-0.8539,28.1,34.7,37.2,1.272,0.042
25.31,92.9,436.0,10.26,28.0,263.1,-0.9927,-0.1207,28.1,32.9,39.0,1.269,0.1404
25.31,92.905,343.0,8.56,28.0,210.9,-0.5135,-0.8581,28.2,33.5,38.3,1.267,0.1175
25.31,92.91,306.0,3.19,28.0,269.0,-0.9998,-0.0178,29.1,34.1,36.8,1.27,0.0438
25.31,92.915,342.0,1.52,28.0,329.5,-0.5081,0.8613,29.2,33.3,37.5,1.272,0.0209
25.31,92.92,329.0,12.62,28.0,52.6,0.7942,0.6076,27.3,35.3,37.4,1.263,0.173
25.31,92.925,479.0,18.41,28.0,33.0,0.5451,0.8384,27.3,35.2,37.5,1.264,0.2499
25.31,92.93,610.0,11.32,28.0,64.4,0.902,0.4317,26.8,34.0,39.3,1.275,0.154
25.31,92.935,566.0,10.46,28.0,137.0,0.6814,-0.7319,28.8,34.0,37.1,1.274,0.1425
25.31,92.94,474.0,9.9,28.0,140.7,0.6332,-0.774,29.7,35.1,35.2,1.271,0.1353
25.31,92.945,430.0,4.27,28.0,175.9,0.0722,-0.9974,27.6,35.7,36.7,1.274,0.0584
25.31,92.95,399.0,3.55,28.0,134.8,0.7097,-0.7045,27.7,31.9,40.4,1.273,0.0486
25.31,92.955,386.0,9.7,28.0,19.7,0.3365,0.9417,29.8,33.0,37.2,1.267,0.133
25.31,92.96,561.0,11.24,28.0,0.5,0.009,1.0,28.6,34.8,36.6,1.273,0.1531
25.31,92.965,586.0,2.07,28.0,83.7,0.9939,0.1099,28.5,34.1,37.4,1.282,0.0282
25.31,92.97,565.0,6.07,28.0,181.9,-0.0338,-0.9994,26.6,31.4,42.0,1.278,0.0827
25.31,92.975,479.0,11.59,28.0,184.0,-0.0701,-0.9975,28.8,37.3,33.9,1.27,0.1582
25.31,92.98,359.0,12.1,28.0,199.8,-0.3395,-0.9406,26.9,35.0,38.1,1.264,0.1658
25.31,92.985,276.0,4.66,28.0,83.0,0.9925,0.1219,26.6,32.1,41.2,1.267,0.0641
25.31,92.99,369.0,11.71,28.0,350.8,-0.1604,0.9871,27.6,32.7,39.7,1.265,0.1604
25.31,92.995,482.0,14.62,28.0,329.4,-0.5096,0.8604,27.3,37.0,35.7,1.267,0.1992
25.315,92.5,1133.0,12.4,28.0,234.0,-0.8093,-0.5874,27.7,35.0,37.2,1.295,0.1658
25.315,92.505,1068.0,9.46,28.0,226.3,-0.7224,-0.6914,26.3,34.8,39.0,1.295,0.1269
25.315,92.51,1017.0,8.69,28.0,224.4,-0.6994,-0.7148,29.2,33.0,37.9,1.293,0.1169
25.315,92.515,958.0,7.63,28.0,228.1,-0.7446,-0.6675,29.4,33.6,37.1,1.292,0.1028
25.315,92.52,927.0,4.95,28.0,210.6,-0.5087,-0.8609,25.7,32.6,41.7,1.293,0.0667
25.315,92.525,883.0,3.47,28.0,203.6,-0.3997,-0.9166,29.2,32.8,38.1,1.292,0.0468
25.315,92.53,871.0,0.69,28.0,171.4,0.1491,-0.9888,27.0,31.2,41.8,1.294,0.0093
25.315,92.535,871.0,2.42,28.0,8.6,0.1491,0.9888,29.0,30.3,40.6,1.293,0.0327
25.315,92.54,913.0,5.12,28.0,26.2,0.441,0.8975,27.9,37.5,34.6,1.292,0.0691
25.315,92.545,952.0,5.98,28.0,30.4,0.5059,0.8626,28.0,31.5,40.4,1.293,0.0806
25.315,92.55,1004.0,6.16,28.0,38.6,0.6238,0.7816,27.8,33.9,38.3,1.295,0.0829
25.315,92.555,1037.0,6.1,28.0,124.5,0.8238,-0.5669,29.5,31.0,39.6,1.296,0.082
25.315,92.56,943.0,9.48,28.0,118.8,0.8764,-0.4815,26.5,31.5,42.0,1.29,0.1277
25.315,92.565,956.0,10.68,28.0,41.1,0.6576,0.7534,28.7,35.0,36.3,1.289,0.1438
25.315,92.57,1086.0,17.32,28.0,37.2,0.605,0.7963,29.3,36.9,33.8,1.289,0.231
25.315,92.575,1206.0,7.34,28.0,44.2,0.6972,0.7169,28.9,35.8,35.3,1.302,0.0981
25.315,92.58,1179.0,5.08,28.0,239.1,-0.8581,-0.5134,30.8,34.0,35.3,1.303,0.068
25.315,92.585,1160.0,9.91,28.0,265.8,-0.9973,-0.0739,27.4,34.4,38.2,1.298,0.1326
25.315,92.59,1166.0,8.23,28.0,226.6,-0.7268,-0.6868,29.1,32.8,38.1,1.3,0.1101
25.315,92.595,1060.0,4.76,28.0,226.3,-0.7224,-0.6914,27.9,35.5,36.6,1.298,0.0639
25.315,92.6,1108.0,2.35,28.0,336.8,-0.3938,0.9192,29.5,34.0,36.5,1.302,0.0315
25.315,92.605,1098.0,2.37,28.0,200.4,-0.3479,-0.9375,28.0,30.8,41.2,1.302,0.0318
25.315,92.61,1069.0,6.1,28.0,122.0,0.8484,-0.5294,27.5,33.7,38.8,1.298,0.0819
25.315,92.615,1041.0,0.9,28.0,332.7,-0.4591,0.8884,29.6,32.5,38.0,1.301,0.0121
25.315,92.62,1083.0,5.2,28.0,353.2,-0.1184,0.993,27.4,32.9,39.7,1.299,0.0698
25.315,92.625,1132.0,5.45,28.0,322.3,-0.6119,0.791,26.3,34.6,39.1,1.301,0.073
25.315,92.63,1159.0,3.54,28.0,291.7,-0.9293,0.3693,27.4,34.2,38.4,1.303,0.0474
25.315,92.635,1155.0,6.24,28.0,213.4,-0.5501,-0.8351,28.7,33.4,37.9,1.301,0.0835
25.315,92.64,1067.0,5.24,28.0,271.2,-0.9998,0.0217,29.7,33.0,37.4,1.298,0.0704
25.315,92.645,1157.0,4.35,28.0,293.0,-0.9203,0.3913,28.1,35.4,36.5,1.303,0.0582
25.315,92.65,1097.0,0.87,28.0,270.0,-1.0,-0.0,29.6,33.6,36.8,1.303,0.0117
25.315,92.655,1157.0,3.61,28.0,319.1,-0.655,0.7556,26.4,33.1,40.6,1.303,0.0483
25.315,92.66,1145.0,7.98,28.0,260.6,-0.9866,-0.1629,27.5,31.7,40.8,1.299,0.1069
25.315,92.665,1134.0,3.47,28.0,236.1,-0.8303,-0.5573,27.7,33.4,38.9,1.302,0.0465
25.315,92.67,1111.0,6.06,28.0,231.9,-0.7867,-0.6173,27.9,34.7,37.5,1.299,0.0813
25.315,92.675,1068.0,13.7,28.0,227.1,-0.7331,-0.6802,28.1,31.5,40.4,1.291,0.1835
25.315,92.68,944.0,8.84,28.0,197.8,-0.3063,-0.9519,28.8,34.7,36.4,1.29,0.1191
25.315,92.685,919.0,3.59,28.0,68.6,0.9313,0.3643,27.5,32.3,40.2,1.294,0.0484
25.315,92.69,967.0,12.5,28.0,55.3,0.8224,0.5689,28.2,35.0,36.8,1.288,0.168
25.315,92.695,1046.0,14.55,28.0,53.1,0.7994,0.6007,27.9,34.5,37.5,1.29,0.1947
25.315,92.7,1124.0,1.62,28.0,297.2,-0.8896,0.4567,26.9,32.2,40.9,1.304,0.0217
25.315,92.705,1059.0,10.63,28.0,186.0,-0.1053,-0.9944,27.9,36.9,35.2,1.294,0.1426
25.315,92.71,936.0,11.3,28.0,76.2,0.9711,0.2386,27.8,34.3,37.8,1.288,0.1521
25.315,92.715,1107.0,11.75,28.0,6.7,0.1166,0.9932,27.8,36.6,35.6,1.294,0.1574
25.315,92.72,1144.0,5.63,28.0,14.8,0.2551,0.9669,28.0,32.3,39.7,1.301,0.0754
25.315,92.725,1203.0,3.54,28.0,106.8,0.9574,-0.2887,28.1,34.1,37.8,1.305,0.0473
25.315,92.73,1126.0,6.52,28.0,136.2,0.6921,-0.7218,27.5,33.7,38.8,1.3,0.0873
25.315,92.735,1120.0,3.78,28.0,117.8,0.8846,-0.4664,29.5,33.5,36.9,1.302,0.0506
25.315,92.74,1095.0,3.62,28.0,69.8,0.9383,0.3458,26.6,33.0,40.4,1.301,0.0485
25.315,92.745,1142.0,3.6,28.0,87.3,0.9989,0.0473,27.1,33.9,38.9,1.303,0.0482
25.315,92.75,1098.0,6.11,28.0,190.6,-0.1845,-0.9828,31.3,29.8,38.9,1.299,0.0819
25.315,92.755,1036.0,3.71,28.0,253.1,-0.9566,-0.2912,26.8,30.9,42.4,1.298,0.0499
25.315,92.76,1079.0,2.95,28.0,337.5,-0.3829,0.9238,26.4,33.4,40.2,1.301,0.0396
25.315,92.765,1084.0,4.12,28.0,274.7,-0.9966,0.0826,28.9,30.0,41.1,1.3,0.0553
25.315,92.77,1085.0,3.86,28.0,189.2,-0.1599,-0.9871,25.5,32.2,42.3,1.3,0.0518
25.315,92.775,1017.0,8.2,28.0,178.6,0.0249,-0.9997,27.7,34.1,38.2,1.294,0.1102
25.315,92.78,940.0,9.47,28.0,190.9,-0.1884,-0.9821,30.6,33.3,36.1,1.29,0.1275
25.315,92.785,852.0,3.24,28.0,177.3,0.0476,-0.9989,26.1,31.8,42.0,1.291,0.0438
25.315,92.79,883.0,7.03,28.0,18.2,0.313,0.9497,25.6,34.3,40.1,1.289,0.0949
25.315,92.795,970.0,9.98,28.0,13.9,0.2399,0.9708,26.2,36.2,37.6,1.29,0.1343
25.315,92.8,1055.0,5.18,28.0,24.6,0.4162,0.9093,29.1,31.9,39.0,1.298,0.0696
25.315,92.805,1053.0,3.51,28.0,215.9,-0.5862,-0.8102,29.3,32.1,38.6,1.299,0.0471
25.315,92.81,1005.0,5.2,28.0,205.1,-0.4243,-0.9055,27.4,32.3,40.3,1.296,0.0699
25.315,92.815,970.0,4.17,28.0,273.1,-0.9985,0.0545,28.8,29.5,41.7,1.295,0.0562
25.315,92.82,1009.0,2.27,28.0,318.8,-0.6582,0.7528,29.7,32.8,37.5,1.298,0.0305
25.315,92.825,1000.0,2.6,28.0,136.2,0.6923,-0.7216,30.1,34.1,35.8,1.298,0.0349
25.315,92.83,976.0,6.08,28.0,156.1,0.405,-0.9143,27.7,35.1,37.1,1.294,0.0819
25.315,92.835,902.0,7.83,28.0,162.5,0.3006,-0.9537,25.2,32.8,42.0,1.29,0.1056
25.315,92.84,844.0,6.48,28.0,135.9,0.6965,-0.7176,27.0,31.9,41.1,1.288,0.0876
25.315,92.845,820.0,8.83,28.0,73.7,0.9596,0.2812,27.5,34.4,38.1,1.285,0.1195
25.315,92.85,888.0,9.9,28.0,73.1,0.957,0.2901,27.7,35.9,36.4,1.287,0.1336
25.315,92.855,871.0,2.11,28.0,184.2,-0.0731,-0.9973,27.8,32.8,39.4,1.293,0.0285
25.315,92.86,851.0,3.97,28.0,171.1,0.1554,-0.9879,29.3,33.5,37.2,1.291,0.0536
25.315,92.865,802.0,5.11,28.0,188.7,-0.1507,-0.9886,29.5,35.1,35.4,1.288,0.0692
25.315,92.87,762.0,7.1,28.0,185.0,-0.0865,-0.9963,27.8,32.8,39.4,1.285,0.0962
25.315,92.875,677.0,8.86,28.0,180.3,-0.0058,-1.0,29.3,34.0,36.6,1.28,0.1203
25.315,92.88,605.0,14.79,28.0,199.3,-0.33,-0.944,28.4,38.4,33.2,1.272,0.2007
25.315,92.885,426.0,10.32,28.0,161.6,0.3157,-0.9489,28.1,34.5,37.5,1.268,0.1413
25.315,92.89,431.0,2.02,28.0,314.6,-0.7117,0.7025,29.1,30.6,40.3,1.276,0.0276
25.315,92.895,451.0,12.5,28.0,308.5,-0.7823,0.6229,28.1,34.3,37.6,1.268,0.1707
25.315,92.9,570.0,13.33,28.0,298.0,-0.883,0.4693,30.5,34.1,35.4,1.272,0.1813
25.315,92.905,563.0,17.0,28.0,267.2,-0.9988,-0.0487,26.3,37.1,36.7,1.268,0.2306
25.315,92.91,555.0,16.46,28.0,255.2,-0.9668,-0.2555,27.4,35.0,37.6,1.268,0.2235
25.315,92.915,487.0,14.14,28.0,216.1,-0.5886,-0.8085,27.8,36.2,36.0,1.268,0.1927
25.315,92.92,350.0,5.69,28.0,207.4,-0.4602,-0.8878,28.5,32.4,39.1,1.269,0.0781
25.315,92.925,398.0,11.12,28.0,68.0,0.9275,0.3738,29.5,31.8,38.7,1.267,0.1522
25.315,92.93,424.0,17.43,28.0,86.7,0.9984,0.0569,28.0,37.1,34.9,1.262,0.2374
25.315,92.935,416.0,14.24,28.0,78.7,0.9807,0.1957,26.3,36.0,37.7,1.265,0.1945
25.315,92.94,474.0,8.14,28.0,29.8,0.4963,0.8682,29.0,34.9,36.0,1.272,0.1113
25.315,92.945,541.0,4.85,28.0,211.3,-0.519,-0.8548,28.9,32.3,38.8,1.278,0.0662
25.315,92.95,401.0,14.57,28.0,151.1,0.4839,-0.8751,25.7,34.7,39.6,1.264,0.199
25.315,92.955,312.0,6.41,28.0,357.3,-0.048,0.9988,28.0,34.3,37.7,1.267,0.0881
25.315,92.96,514.0,16.01,28.0,38.5,0.623,0.7822,26.1,38.5,35.4,1.267,0.2177
25.315,92.965,538.0,11.82,28.0,88.9,0.9998,0.019,27.2,35.2,37.6,1.272,0.161
25.315,92.97,518.0,11.79,28.0,113.6,0.9167,-0.3997,26.9,35.8,37.3,1.271,0.1608
25.315,92.975,454.0,16.01,28.0,125.8,0.811,-0.5851,29.0,35.8,35.2,1.265,0.218
25.315,92.98,349.0,14.38,28.0,150.6,0.4904,-0.8715,28.1,33.5,38.3,1.262,0.1968
25.315,92.985,229.0,5.11,28.0,358.3,-0.0301,0.9995,26.5,34.8,38.7,1.265,0.0704
25.315,92.99,439.0,16.97,28.0,342.5,-0.3003,0.9538,29.1,37.9,33.1,1.263,0.2311
25.315,92.995,522.0,10.59,28.0,331.9,-0.471,0.8821,26.3,35.9,37.8,1.272,0.1445
25.32,92.5,1211.0,9.22,28.0,197.4,-0.2988,-0.9543,28.4,34.2,37.4,1.301,0.1232
25.32,92.505,1133.0,10.13,28.0,208.5,-0.4778,-0.8785,27.0,35.6,37.4,1.297,0.1356
25.32,92.51,1053.0,7.44,28.0,205.2,-0.4263,-0.9046,27.6,35.3,37.1,1.296,0.0999
25.32,92.515,1014.0,6.17,28.0,200.4,-0.349,-0.9371,28.6,36.1,35.3,1.295,0.083
25.32,92.52,951.0,7.21,28.0,208.4,-0.4759,-0.8795,28.6,35.4,36.0,1.292,0.0971
25.32,92.525,902.0,4.78,28.0,189.9,-0.1718,-0.9851,29.6,33.4,37.0,1.292,0.0645
25.32,92.53,868.0,2.9,28.0,231.2,-0.7793,-0.6266,27.9,30.8,41.3,1.292,0.0392
25.32,92.535,870.0,0.8,28.0,3.7,0.0645,0.9979,28.4,32.4,39.2,1.294,0.0108
25.32,92.54,882.0,2.57,28.0,59.4,0.8608,0.509,27.5,33.1,39.5,1.293,0.0347
25.32,92.545,893.0,3.29,28.0,18.2,0.3124,0.9499,28.2,33.9,37.8,1.293,0.0444
25.32,92.55,937.0,6.41,28.0,32.9,0.5435,0.8394,28.5,35.7,35.7,1.292,0.0864
25.32,92.555,988.0,3.63,28.0,113.0,0.9203,-0.3913,27.9,32.8,39.3,1.296,0.0489
25.32,92.56,912.0,3.68,28.0,151.7,0.4748,-0.8801,25.8,36.1,38.0,1.293,0.0496
25.32,92.565,931.0,5.6,28.0,37.8,0.6135,0.7897,28.4,30.9,40.7,1.293,0.0755
25.32,92.57,990.0,11.2,28.0,40.8,0.6531,0.7572,28.4,35.6,35.9,1.29,0.1506
25.32,92.575,1082.0,14.74,28.0,41.0,0.6556,0.7551,27.2,34.7,38.1,1.291,0.1971
25.32,92.58,1190.0,10.82,28.0,19.8,0.3385,0.941,26.5,32.0,41.5,1.299,0.1445
25.32,92.585,1263.0,2.8,28.0,257.1,-0.9747,-0.2237,29.8,32.4,37.8,1.308,0.0373
25.32,92.59,1179.0,8.05,28.0,194.3,-0.2476,-0.9688,28.6,32.0,39.4,1.3,0.1077
25.32,92.595,1125.0,6.07,28.0,261.4,-0.9888,-0.1495,27.7,33.4,38.9,1.3,0.0813
25.32,92.6,1163.0,4.83,28.0,269.3,-0.9999,-0.0118,26.6,33.3,40.0,1.302,0.0647
25.32,92.605,1124.0,6.07,28.0,178.5,0.0254,-0.9997,27.0,35.3,37.7,1.3,0.0813
25.32,92.61,1056.0,2.29,28.0,186.5,-0.1123,-0.9937,29.6,30.3,40.1,1.3,0.0307
25.32,92.615,1084.0,1.27,28.0,296.7,-0.8935,0.449,28.2,33.7,38.1,1.302,0.017
25.32,92.62,1066.0,5.2,28.0,338.0,-0.3749,0.9271,27.3,33.5,39.1,1.298,0.0698
25.32,92.625,1169.0,5.41,28.0,4.9,0.0854,0.9963,28.6,35.0,36.4,1.302,0.0724
25.32,92.63,1161.0,2.88,28.0,117.0,0.8913,-0.4533,27.0,32.1,40.9,1.304,0.0385
25.32,92.635,1146.0,2.68,28.0,136.2,0.6917,-0.7222,29.8,30.7,39.5,1.304,0.0359
25.32,92.64,1127.0,3.83,28.0,237.7,-0.8454,-0.5341,29.6,31.2,39.2,1.302,0.0513
25.32,92.645,1110.0,4.34,28.0,121.6,0.8521,-0.5234,27.4,31.2,41.3,1.301,0.0582
25.32,92.65,1087.0,1.34,28.0,332.7,-0.4591,0.8884,27.2,33.1,39.7,1.302,0.018
25.32,92.655,1131.0,3.4,28.0,38.3,0.6194,0.7851,24.9,35.1,40.0,1.302,0.0456
25.32,92.66,1134.0,2.26,28.0,52.8,0.7969,0.6041,26.2,31.8,42.0,1.303,0.0303
25.32,92.665,1155.0,0.3,28.0,199.9,-0.3402,-0.9403,26.4,33.0,40.6,1.306,0.004
25.32,92.67,1129.0,1.87,28.0,238.8,-0.8551,-0.5185,28.2,30.2,41.6,1.304,0.025
25.32,92.675,1138.0,4.87,28.0,242.2,-0.8849,-0.4659,27.6,33.6,38.8,1.301,0.0653
25.32,92.68,1089.0,10.91,28.0,231.1,-0.7779,-0.6283,26.4,35.9,37.7,1.294,0.1463
25.32,92.685,1016.0,11.18,28.0,231.4,-0.782,-0.6233,27.7,32.8,39.5,1.291,0.1502
25.32,92.69,965.0,4.82,28.0,209.3,-0.4901,-0.8717,28.6,33.0,38.4,1.295,0.0649
25.32,92.695,942.0,11.0,28.0,41.3,0.6606,0.7508,28.6,36.0,35.4,1.289,0.148
25.32,92.7,1112.0,7.77,28.0,33.1,0.5466,0.8374,25.7,29.7,44.6,1.298,0.1042
25.32,92.705,1057.0,10.7,28.0,177.3,0.0476,-0.9989,27.8,36.9,35.3,1.293,0.1436
25.32,92.71,922.0,4.77,28.0,28.3,0.4736,0.8807,26.3,33.8,39.9,1.293,0.0643
25.32,92.715,1131.0,12.42,28.0,4.7,0.0816,0.9967,29.1,36.4,34.5,1.295,0.1661
25.32,92.72,1143.0,3.5,28.0,89.1,0.9999,0.0163,28.9,32.3,38.7,1.303,0.0469
25.32,92.725,1132.0,4.65,28.0,121.7,0.8509,-0.5254,26.9,30.7,42.4,1.301,0.0623
25.32,92.73,1100.0,1.27,28.0,148.2,0.5262,-0.8503,27.1,33.1,39.8,1.303,0.017
25.32,92.735,1113.0,4.14,28.0,96.3,0.9939,-0.1099,27.4,33.0,39.6,1.301,0.0555
25.32,92.74,1092.0,2.85,28.0,102.7,0.9756,-0.2197,25.3,32.8,41.9,1.301,0.0382
25.32,92.745,1102.0,3.79,28.0,67.1,0.9211,0.3894,28.4,34.6,37.0,1.301,0.0508
25.32,92.75,1118.0,0.12,28.0,61.1,0.8752,0.4838,27.7,33.2,39.2,1.305,0.0016
25.32,92.755,1103.0,3.29,28.0,232.8,-0.7966,-0.6045,29.2,35.8,35.1,1.301,0.0441
25.32,92.76,1083.0,3.17,28.0,162.0,0.3084,-0.9512,26.7,33.1,40.2,1.301,0.0425
25.32,92.765,1050.0,2.29,28.0,132.1,0.7416,-0.6708,27.3,31.6,41.2,1.3,0.0307
25.32,92.77,1056.0,2.68,28.0,106.0,0.9611,-0.2763,26.2,32.4,41.4,1.3,0.036
25.32,92.775,1037.0,7.48,28.0,162.5,0.3012,-0.9536,26.8,34.6,38.6,1.295,0.1005
25.32,92.78,930.0,13.25,28.0,178.9,0.0191,-0.9998,26.6,37.1,36.4,1.286,0.1782
25.32,92.785,800.0,3.97,28.0,100.7,0.9826,-0.1858,29.2,30.9,39.9,1.289,0.0537
25.32,92.79,917.0,9.43,28.0,342.0,-0.3084,0.9512,27.2,34.5,38.3,1.289,0.1271
25.32,92.795,959.0,6.99,28.0,329.2,-0.5128,0.8585,28.1,36.3,35.6,1.293,0.0941
25.32,92.8,1023.0,6.18,28.0,357.6,-0.0415,0.9991,27.5,33.3,39.2,1.296,0.0831
25.32,92.805,1068.0,1.3,28.0,326.3,-0.5546,0.8321,26.5,33.7,39.8,1.302,0.0174
25.32,92.81,1042.0,4.08,28.0,211.9,-0.5286,-0.8489,27.8,33.8,38.4,1.298,0.0548
25.32,92.815,1007.0,4.03,28.0,246.7,-0.9187,-0.395,28.7,34.5,36.8,1.297,0.0542
25.32,92.82,1014.0,5.19,28.0,186.2,-0.1087,-0.9941,26.6,32.2,41.3,1.296,0.0698
25.32,92.825,916.0,6.34,28.0,147.2,0.5418,-0.8405,29.0,32.5,38.5,1.291,0.0855
25.32,92.83,920.0,7.33,28.0,93.1,0.9985,-0.054,27.0,34.0,39.0,1.291,0.0988
25.32,92.835,909.0,6.95,28.0,131.9,0.7442,-0.668,27.4,31.6,41.0,1.291,0.0937
25.32,92.84,838.0,9.67,28.0,145.3,0.5695,-0.822,28.6,34.2,37.2,1.285,0.1307
25.32,92.845,768.0,10.17,28.0,135.1,0.7058,-0.7084,27.2,35.1,37.7,1.282,0.1377
25.32,92.85,710.0,11.99,28.0,81.9,0.9901,0.1403,28.0,37.9,34.1,1.278,0.1626
25.32,92.855,798.0,11.07,28.0,79.2,0.9822,0.1878,27.6,35.6,36.8,1.283,0.1497
25.32,92.86,747.0,11.63,28.0,105.4,0.9642,-0.2653,28.2,36.0,35.8,1.28,0.1575
25.32,92.865,743.0,11.98,28.0,93.0,0.9987,-0.0515,25.1,36.9,37.9,1.28,0.1622
25.32,92.87,736.0,9.76,28.0,121.7,0.851,-0.5252,25.8,33.2,41.0,1.281,0.1323
25.32,92.875,652.0,8.63,28.0,153.7,0.4437,-0.8962,28.7,34.1,37.2,1.279,0.1173
25.32,92.88,599.0,15.43,28.0,164.7,0.2637,-0.9646,29.2,39.8,31.0,1.271,0.2093
25.32,92.885,384.0,5.81,28.0,209.6,-0.4946,-0.8691,26.9,33.4,39.7,1.271,0.0796
25.32,92.89,510.0,11.57,28.0,327.6,-0.5356,0.8445,27.7,36.8,35.5,1.271,0.1578
25.32,92.895,558.0,10.82,28.0,325.7,-0.5638,0.8259,28.4,36.3,35.3,1.273,0.1475
25.32,92.9,669.0,7.92,28.0,333.1,-0.4519,0.8921,28.8,31.9,39.3,1.28,0.1076
25.32,92.905,683.0,8.7,28.0,253.0,-0.9564,-0.2919,25.6,34.8,39.6,1.28,0.1182
25.32,92.91,624.0,11.4,28.0,209.9,-0.4988,-0.8667,26.9,35.3,37.8,1.275,0.155
25.32,92.915,507.0,13.91,28.0,191.9,-0.2067,-0.9784,27.6,36.2,36.2,1.269,0.1894
25.32,92.92,380.0,14.03,28.0,203.3,-0.3956,-0.9184,28.8,34.6,36.5,1.264,0.1918
25.32,92.925,276.0,6.97,28.0,194.9,-0.2571,-0.9664,31.0,32.2,36.8,1.265,0.0959
25.32,92.93,261.0,1.23,28.0,52.9,0.7975,0.6033,27.7,31.6,40.7,1.269,0.0169
25.32,92.935,289.0,11.19,28.0,47.7,0.74,0.6726,26.3,34.8,38.9,1.262,0.1538
25.32,92.94,395.0,11.1,28.0,15.9,0.2746,0.9615,28.5,36.7,34.8,1.267,0.152
25.32,92.945,479.0,10.49,28.0,136.8,0.684,-0.7295,29.6,37.5,32.9,1.27,0.1434
25.32,92.95,259.0,9.31,28.0,121.8,0.8497,-0.5273,28.1,36.6,35.3,1.263,0.1281
25.32,92.955,392.0,6.6,28.0,27.8,0.4661,0.8847,26.9,35.1,38.0,1.27,0.0905
25.32,92.96,362.0,10.46,28.0,102.1,0.9778,-0.2098,29.1,33.3,37.6,1.266,0.1434
25.32,92.965,353.0,10.9,28.0,93.0,0.9987,-0.0516,28.8,34.3,36.9,1.265,0.1495
25.32,92.97,352.0,13.13,28.0,124.5,0.8242,-0.5663,26.8,35.8,37.4,1.263,0.1799
25.32,92.975,220.0,9.55,28.0,141.7,0.6193,-0.7851,28.5,33.6,37.9,1.261,0.1316
25.32,92.98,219.0,3.73,28.0,333.9,-0.4404,0.8978,29.2,33.9,36.9,1.266,0.0514
25.32,92.985,279.0,16.05,28.0,330.4,-0.4933,0.8699,29.4,37.4,33.2,1.258,0.2198
25.32,92.99,471.0,16.65,28.0,0.9,0.015,0.9999,27.9,37.2,34.8,1.265,0.2265
25.32,92.995,580.0,12.48,28.0,348.1,-0.207,0.9783,27.6,36.9,35.6,1.273,0.1698
25.325,92.5,1187.0,2.73,28.0,183.2,-0.0564,-0.9984,29.5,31.4,39.2,1.305,0.0365
25.325,92.505,1163.0,7.44,28.0,214.8,-0.5708,-0.8211,26.5,35.4,38.1,1.3,0.0996
25.325,92.51,1079.0,9.36,28.0,191.0,-0.1906,-0.9817,28.5,33.5,38.0,1.295,0.1256
25.325,92.515,1000.0,4.99,28.0,194.9,-0.2571,-0.9664,26.4,31.9,41.7,1.296,0.0671
25.325,92.52,994.0,5.75,28.0,184.6,-0.0803,-0.9968,29.3,34.3,36.4,1.295,0.0774
25.325,92.525,899.0,4.51,28.0,185.2,-0.0912,-0.9958,27.7,35.0,37.3,1.292,0.0609
25.325,92.53,915.0,3.82,28.0,244.4,-0.902,-0.4317,29.5,33.8,36.7,1.293,0.0515
25.325,92.535,870.0,3.04,28.0,212.7,-0.541,-0.8411,28.6,32.8,38.6,1.292,0.041
25.325,92.54,870.0,3.66,28.0,15.5,0.2671,0.9637,26.5,33.4,40.0,1.292,0.0494
25.325,92.545,932.0,4.28,28.0,331.3,-0.4807,0.8769,29.7,33.3,36.9,1.294,0.0577
25.325,92.55,936.0,4.21,28.0,302.7,-0.8419,0.5396,29.9,31.4,38.7,1.294,0.0567
25.325,92.555,972.0,2.45,28.0,128.9,0.7783,-0.6279,29.1,30.8,40.2,1.297,0.033
25.325,92.56,909.0,4.83,28.0,192.9,-0.2231,-0.9748,27.1,33.2,39.7,1.292,0.0652
25.325,92.565,889.0,3.57,28.0,58.3,0.8505,0.526,27.6,33.1,39.3,1.293,0.0482
25.325,92.57,942.0,8.6,28.0,34.8,0.5705,0.8213,28.2,34.3,37.5,1.291,0.1158
25.325,92.575,1014.0,11.55,28.0,36.7,0.5977,0.8017,27.2,36.1,36.8,1.291,0.1551
25.325,92.58,1107.0,14.2,28.0,38.7,0.6247,0.7809,30.0,35.5,34.5,1.292,0.1899
25.325,92.585,1213.0,9.81,28.0,55.7,0.8264,0.5631,28.2,35.5,36.4,1.3,0.1311
25.325,92.59,1205.0,2.47,28.0,145.8,0.5614,-0.8276,24.8,32.4,42.8,1.306,0.033
25.325,92.595,1177.0,0.94,28.0,259.6,-0.9834,-0.1812,28.4,35.0,36.6,1.306,0.0126
25.325,92.6,1202.0,4.66,28.0,178.1,0.0331,-0.9995,27.6,33.4,39.1,1.304,0.0623
25.325,92.605,1095.0,7.3,28.0,172.8,0.1262,-0.992,27.9,37.5,34.6,1.298,0.0979
25.325,92.61,1074.0,3.03,28.0,233.0,-0.7989,-0.6014,27.6,33.3,39.1,1.3,0.0407
25.325,92.615,1063.0,2.97,28.0,334.3,-0.4335,0.9011,29.0,32.5,38.6,1.3,0.0399
25.325,92.62,1121.0,3.76,28.0,335.0,-0.4234,0.906,29.3,31.7,39.0,1.302,0.0504
25.325,92.625,1123.0,2.46,28.0,106.1,0.9608,-0.2771,28.3,30.5,41.2,1.303,0.0329
25.325,92.63,1109.0,3.14,28.0,94.1,0.9974,-0.0723,27.6,31.4,41.1,1.302,0.0421
25.325,92.635,1119.0,2.2,28.0,57.2,0.8404,0.542,28.0,31.3,40.8,1.303,0.0295
25.325,92.64,1130.0,2.17,28.0,153.2,0.4511,-0.8925,28.0,33.2,38.8,1.303,0.0291
25.325,92.645,1085.0,1.32,28.0,154.6,0.4282,-0.9037,27.0,31.6,41.4,1.302,0.0177
25.325,92.65,1109.0,1.97,28.0,333.6,-0.4443,0.8959,28.7,32.8,38.5,1.303,0.0264
25.325,92.655,1116.0,0.26,28.0,77.5,0.9764,0.2159,28.6,34.0,37.5,1.304,0.0035
25.325,92.66,1110.0,1.14,28.0,357.4,-0.0452,0.999,29.8,32.2,38.0,1.303,0.0153
25.325,92.665,1136.0,2.29,28.0,37.3,0.6067,0.795,29.5,35.7,34.8,1.304,0.0306
25.325,92.67,1142.0,2.68,28.0,70.1,0.9406,0.3396,27.2,31.0,41.9,1.303,0.0359
25.325,92.675,1152.0,2.12,28.0,146.1,0.5572,-0.8304,29.0,32.3,38.7,1.304,0.0284
25.325,92.68,1111.0,4.28,28.0,144.0,0.5878,-0.809,26.9,32.3,40.8,1.301,0.0574
25.325,92.685,1091.0,6.28,28.0,207.7,-0.4656,-0.885,28.8,35.1,36.1,1.298,0.0843
25.325,92.69,1013.0,10.85,28.0,193.0,-0.225,-0.9744,27.4,31.5,41.1,1.291,0.1458
25.325,92.695,903.0,3.89,28.0,65.8,0.9124,0.4093,26.8,30.9,42.4,1.293,0.0525
25.325,92.7,1041.0,10.67,28.0,39.7,0.6387,0.7694,28.3,34.7,37.0,1.293,0.1432
25.325,92.705,1049.0,9.85,28.0,148.5,0.5227,-0.8525,24.8,37.0,38.3,1.294,0.1322
25.325,92.71,892.0,2.88,28.0,41.4,0.6609,0.7505,25.9,33.1,41.0,1.293,0.0389
25.325,92.715,1087.0,12.18,28.0,32.2,0.5326,0.8464,27.8,33.2,39.0,1.293,0.1632
25.325,92.72,1076.0,11.39,28.0,78.9,0.9813,0.1923,28.1,33.2,38.7,1.294,0.1526
25.325,92.725,1126.0,4.3,28.0,60.7,0.8724,0.4889,27.6,35.7,36.8,1.301,0.0576
25.325,92.73,1113.0,4.88,28.0,180.0,0.0,-1.0,26.1,32.4,41.5,1.3,0.0654
25.325,92.735,1040.0,4.22,28.0,165.9,0.2437,-0.9699,27.0,31.7,41.3,1.298,0.0567
25.325,92.74,1041.0,2.75,28.0,45.3,0.7109,0.7033,28.5,34.9,36.6,1.299,0.0369
25.325,92.745,1074.0,5.28,28.0,53.8,0.8067,0.591,28.7,34.9,36.4,1.299,0.0708
25.325,92.75,1096.0,4.63,28.0,80.8,0.9872,0.1594,28.0,35.1,36.9,1.3,0.0621
25.325,92.755,1087.0,3.96,28.0,121.1,0.8563,-0.5164,29.4,31.6,39.0,1.3,0.0531
25.325,92.76,1060.0,6.29,28.0,108.9,0.9459,-0.3245,28.5,31.4,40.1,1.297,0.0845
25.325,92.765,1051.0,7.7,28.0,100.6,0.983,-0.1836,27.1,34.3,38.6,1.296,0.1034
25.325,92.77,1035.0,4.69,28.0,160.8,0.3286,-0.9445,27.7,33.8,38.6,1.297,0.063
25.325,92.775,973.0,9.95,28.0,124.5,0.8243,-0.5661,26.3,35.2,38.5,1.291,0.1338
25.325,92.78,935.0,11.81,28.0,159.4,0.3523,-0.9359,27.9,37.4,34.8,1.288,0.1589
25.325,92.785,776.0,1.47,28.0,78.8,0.9811,0.1937,29.3,29.8,40.9,1.29,0.0199
25.325,92.79,940.0,15.18,28.0,345.0,-0.2582,0.9661,28.8,37.3,33.8,1.285,0.2038
25.325,92.795,1040.0,8.06,28.0,327.4,-0.5395,0.842,29.7,32.5,37.8,1.295,0.1083
25.325,92.8,1060.0,1.79,28.0,31.1,0.5164,0.8564,27.6,33.8,38.6,1.301,0.024
25.325,92.805,1067.0,1.19,28.0,128.6,0.7814,-0.624,29.6,31.6,38.8,1.302,0.016
25.325,92.81,1047.0,1.53,28.0,201.7,-0.3698,-0.9291,27.8,31.2,41.0,1.301,0.0205
25.325,92.815,1042.0,1.97,28.0,218.8,-0.6266,-0.7794,29.8,31.6,38.6,1.3,0.0264
25.325,92.82,1020.0,6.18,28.0,180.0,0.0,-1.0,28.0,31.5,40.5,1.296,0.0831
25.325,92.825,933.0,10.62,28.0,187.7,-0.1342,-0.991,28.8,34.9,36.3,1.288,0.1431
25.325,92.83,833.0,7.77,28.0,163.9,0.2766,-0.961,29.8,32.9,37.3,1.287,0.105
25.325,92.835,801.0,6.62,28.0,146.1,0.5574,-0.8302,27.8,34.9,37.3,1.287,0.0896
25.325,92.84,736.0,7.28,28.0,161.6,0.3165,-0.9486,28.3,34.9,36.8,1.283,0.0988
25.325,92.845,679.0,5.17,28.0,154.1,0.4366,-0.8996,29.5,35.9,34.5,1.283,0.0702
25.325,92.85,654.0,2.81,28.0,116.4,0.8957,-0.4446,27.8,33.3,38.9,1.284,0.0382
25.325,92.855,657.0,12.63,28.0,96.1,0.9943,-0.1064,26.4,36.1,37.4,1.276,0.1714
25.325,92.86,630.0,9.09,28.0,124.4,0.8252,-0.5648,30.6,36.5,32.9,1.278,0.1236
25.325,92.865,566.0,8.07,28.0,102.5,0.9761,-0.2172,27.4,33.2,39.4,1.276,0.11
25.325,92.87,599.0,11.02,28.0,79.4,0.983,0.1837,28.2,32.7,39.1,1.275,0.1499
25.325,92.875,602.0,8.01,28.0,121.9,0.8486,-0.5291,29.4,34.4,36.2,1.277,0.1091
25.325,92.88,524.0,10.58,28.0,129.7,0.7698,-0.6383,27.3,32.7,40.0,1.272,0.1443
25.325,92.885,482.0,11.64,28.0,278.0,-0.9902,0.1399,26.8,38.8,34.4,1.27,0.1589
25.325,92.89,553.0,7.74,28.0,310.6,-0.7598,0.6501,28.3,36.2,35.4,1.276,0.1055
25.325,92.895,571.0,8.39,28.0,305.9,-0.8103,0.586,25.8,37.5,36.7,1.276,0.1143
25.325,92.9,640.0,8.98,28.0,346.9,-0.2273,0.9738,27.7,34.5,37.9,1.278,0.1221
25.325,92.905,726.0,3.35,28.0,297.2,-0.8891,0.4576,28.3,33.7,38.0,1.286,0.0454
25.325,92.91,667.0,11.08,28.0,202.7,-0.3852,-0.9228,27.7,34.3,38.1,1.277,0.1505
25.325,92.915,544.0,13.63,28.0,212.0,-0.5299,-0.8481,26.1,37.0,36.9,1.27,0.1856
25.325,92.92,460.0,13.01,28.0,241.5,-0.8788,-0.4772,29.9,33.6,36.4,1.268,0.1775
25.325,92.925,433.0,14.39,28.0,257.7,-0.9771,-0.213,28.1,32.0,39.9,1.265,0.1965
25.325,92.93,405.0,10.68,28.0,198.6,-0.3191,-0.9477,29.7,33.7,36.6,1.267,0.1463
25.325,92.935,253.0,3.63,28.0,278.1,-0.99,0.1407,27.7,30.8,41.5,1.267,0.05
25.325,92.94,414.0,8.36,28.0,6.7,0.1161,0.9932,26.9,36.4,36.6,1.27,0.1145
25.325,92.945,400.0,15.75,28.0,126.3,0.8061,-0.5918,28.3,38.9,32.8,1.263,0.2149
25.325,92.95,246.0,9.38,28.0,207.2,-0.4567,-0.8896,27.7,32.4,39.9,1.262,0.1291
25.325,92.955,252.0,5.59,28.0,47.2,0.7338,0.6794,26.6,35.4,38.0,1.265,0.077
25.325,92.96,313.0,4.53,28.0,334.5,-0.4308,0.9025,29.8,34.6,35.6,1.269,0.0622
25.325,92.965,324.0,6.38,28.0,265.4,-0.9968,-0.08,27.3,31.3,41.4,1.268,0.0876
25.325,92.97,304.0,6.2,28.0,277.3,-0.9918,0.1279,25.8,33.1,41.1,1.267,0.0852
25.325,92.975,338.0,12.38,28.0,290.4,-0.9373,0.3485,29.6,34.4,36.0,1.263,0.1698
25.325,92.98,381.0,14.75,28.0,280.7,-0.9828,0.1849,27.4,37.1,35.5,1.263,0.2016
25.325,92.985,387.0,11.65,28.0,284.8,-0.9669,0.2552,27.3,33.3,39.5,1.266,0.1595
25.325,92.99,434.0,10.75,28.0,346.6,-0.2318,0.9728,25.9,34.7,39.4,1.268,0.1471
25.325,92.995,573.0,15.58,28.0,351.9,-0.1417,0.9899,30.1,35.1,34.8,1.27,0.2115
25.33,92.5,1214.0,1.31,28.0,80.0,0.9847,0.1742,26.5,33.1,40.5,1.307,0.0175
25.33,92.505,1216.0,7.15,28.0,175.5,0.0787,-0.9969,28.1,33.6,38.3,1.303,0.0955
25.33,92.51,1088.0,9.99,28.0,176.8,0.0561,-0.9984,29.1,33.9,37.0,1.295,0.134
25.33,92.515,1039.0,7.25,28.0,180.4,-0.0071,-1.0,28.5,33.6,37.9,1.296,0.0974
25.33,92.52,960.0,7.86,28.0,158.2,0.3711,-0.9286,27.9,37.2,34.9,1.292,0.1058
25.33,92.525,910.0,1.57,28.0,154.8,0.4256,-0.9049,26.0,31.8,42.2,1.295,0.0212
25.33,92.53,935.0,1.96,28.0,103.4,0.9726,-0.2325,27.0,31.0,42.0,1.296,0.0264
25.33,92.535,902.0,4.1,28.0,177.1,0.0502,-0.9987,28.2,34.0,37.8,1.293,0.0553
25.33,92.54,863.0,1.78,28.0,6.7,0.1159,0.9933,27.1,32.3,40.7,1.293,0.024
25.33,92.545,933.0,8.25,28.0,11.4,0.1984,0.9801,28.2,32.1,39.7,1.29,0.1112
25.33,92.55,1006.0,1.28,28.0,37.0,0.6019,0.7986,28.8,35.7,35.5,1.299,0.0172
25.33,92.555,951.0,5.65,28.0,137.1,0.6807,-0.7325,29.2,33.0,37.9,1.293,0.0761
25.33,92.56,933.0,4.89,28.0,156.5,0.3989,-0.917,26.5,32.7,40.7,1.293,0.0659
25.33,92.565,872.0,2.23,28.0,185.3,-0.0924,-0.9957,30.6,32.8,36.5,1.293,0.0301
25.33,92.57,894.0,4.25,28.0,8.3,0.1451,0.9894,28.9,35.7,35.4,1.292,0.0574
25.33,92.575,946.0,8.55,28.0,37.6,0.6095,0.7928,28.0,31.8,40.2,1.291,0.1152
25.33,92.58,1014.0,11.4,28.0,38.9,0.6281,0.7781,29.3,35.5,35.2,1.291,0.1531
25.33,92.585,1104.0,11.27,28.0,46.5,0.7258,0.6879,30.8,38.1,31.0,1.295,0.1509
25.33,92.59,1152.0,5.82,28.0,67.7,0.925,0.3799,26.3,33.7,40.0,1.301,0.0779
25.33,92.595,1143.0,5.71,28.0,85.4,0.9968,0.0794,27.7,31.7,40.6,1.301,0.0765
25.33,92.6,1160.0,9.76,28.0,102.3,0.9769,-0.2137,25.1,33.7,41.2,1.298,0.1306
25.33,92.605,1106.0,6.54,28.0,119.6,0.8696,-0.4937,28.2,34.1,37.7,1.299,0.0877
25.33,92.61,1103.0,3.86,28.0,87.5,0.999,0.0442,28.4,35.0,36.5,1.301,0.0517
25.33,92.615,1109.0,3.87,28.0,95.1,0.9961,-0.0881,28.0,32.5,39.5,1.301,0.0519
25.33,92.62,1097.0,1.97,28.0,66.1,0.9146,0.4045,27.2,33.8,39.0,1.302,0.0264
25.33,92.625,1123.0,0.4,28.0,64.6,0.9037,0.4282,25.5,30.0,44.5,1.305,0.0053
25.33,92.63,1100.0,2.19,28.0,109.8,0.9411,-0.3382,28.4,30.4,41.1,1.302,0.0293
25.33,92.635,1110.0,1.08,28.0,65.0,0.9066,0.422,29.7,31.6,38.7,1.304,0.0145
25.33,92.64,1108.0,1.48,28.0,115.1,0.9058,-0.4237,27.3,34.6,38.2,1.303,0.0198
25.33,92.645,1099.0,2.17,28.0,264.0,-0.9945,-0.1047,28.5,32.7,38.8,1.302,0.0291
25.33,92.65,1104.0,1.64,28.0,20.2,0.3458,0.9383,26.1,32.9,41.0,1.303,0.022
25.33,92.655,1126.0,3.38,28.0,58.5,0.8529,0.522,28.5,33.3,38.1,1.302,0.0453
25.33,92.66,1135.0,2.83,28.0,87.7,0.9992,0.0402,27.5,34.4,38.1,1.303,0.0379
25.33,92.665,1128.0,5.74,28.0,122.9,0.8396,-0.5432,27.1,32.6,40.3,1.3,0.0769
25.33,92.67,1080.0,7.56,28.0,95.6,0.9953,-0.0973,27.1,35.0,37.9,1.297,0.1014
25.33,92.675,1115.0,7.51,28.0,107.5,0.9536,-0.3012,27.5,32.8,39.7,1.298,0.1007
25.33,92.68,1040.0,4.23,28.0,124.3,0.8258,-0.5639,28.5,36.1,35.4,1.298,0.0568
25.33,92.685,1073.0,5.9,28.0,105.1,0.9657,-0.2597,26.4,32.4,41.2,1.298,0.0792
25.33,92.69,1013.0,11.24,28.0,179.2,0.0136,-0.9999,27.5,33.7,38.8,1.291,0.151
25.33,92.695,873.0,2.32,28.0,149.3,0.5109,-0.8596,28.0,33.4,38.6,1.293,0.0313
25.33,92.7,978.0,5.34,28.0,28.1,0.471,0.8821,26.7,33.5,39.8,1.295,0.0719
25.33,92.705,956.0,5.34,28.0,171.2,0.1538,-0.9881,30.2,33.9,35.9,1.294,0.0719
25.33,92.71,885.0,3.67,28.0,316.7,-0.6861,0.7276,27.0,33.3,39.7,1.292,0.0495
25.33,92.715,1003.0,7.77,28.0,73.9,0.961,0.2765,27.2,32.4,40.4,1.294,0.1045
25.33,92.72,923.0,11.27,28.0,73.8,0.9603,0.2791,26.8,37.4,35.7,1.288,0.1517
25.33,92.725,1059.0,11.38,28.0,29.1,0.4866,0.8736,30.2,36.4,33.5,1.293,0.1526
25.33,92.73,1100.0,3.6,28.0,57.5,0.8434,0.5373,28.7,35.0,36.3,1.301,0.0483
25.33,92.735,1093.0,2.89,28.0,205.3,-0.4268,-0.9044,26.9,32.0,41.1,1.301,0.0388
25.33,92.74,1054.0,5.12,28.0,145.1,0.5716,-0.8205,29.3,34.0,36.7,1.298,0.0688
25.33,92.745,1019.0,4.01,28.0,110.7,0.9352,-0.3541,28.2,33.4,38.4,1.297,0.0539
25.33,92.75,1029.0,3.99,28.0,75.1,0.9666,0.2565,28.3,34.8,36.9,1.298,0.0536
25.33,92.755,1037.0,9.26,28.0,112.2,0.9259,-0.3778,27.6,36.2,36.2,1.294,0.1244
25.33,92.76,967.0,16.2,28.0,117.5,0.8872,-0.4614,27.1,36.6,36.3,1.285,0.2171
25.33,92.765,902.0,11.46,28.0,73.2,0.9573,0.2891,28.4,32.8,38.8,1.287,0.1544
25.33,92.77,1026.0,10.88,28.0,97.7,0.9909,-0.1344,27.3,37.6,35.1,1.292,0.1461
25.33,92.775,876.0,13.02,28.0,139.9,0.6448,-0.7644,30.2,36.3,33.5,1.284,0.1755
25.33,92.78,848.0,8.97,28.0,130.8,0.7565,-0.654,26.5,33.5,40.0,1.286,0.1212
25.33,92.785,772.0,8.85,28.0,339.7,-0.3463,0.9381,29.8,35.0,35.2,1.284,0.1198
25.33,92.79,995.0,15.15,28.0,3.6,0.0631,0.998,27.9,33.8,38.4,1.287,0.2031
25.33,92.795,1044.0,6.43,28.0,84.9,0.9961,0.0881,28.4,35.3,36.3,1.296,0.0864
25.33,92.8,1005.0,3.21,28.0,83.9,0.9943,0.1064,29.0,30.6,40.4,1.298,0.0431
25.33,92.805,1050.0,3.16,28.0,30.3,0.5044,0.8635,27.2,32.5,40.2,1.299,0.0424
25.33,92.81,1053.0,1.42,28.0,139.4,0.6507,-0.7594,29.0,32.7,38.2,1.301,0.019
25.33,92.815,1031.0,2.82,28.0,141.7,0.6192,-0.7852,24.8,34.3,40.9,1.299,0.0379
25.33,92.82,1014.0,4.94,28.0,178.8,0.0208,-0.9998,27.1,33.5,39.4,1.296,0.0664
25.33,92.825,944.0,7.73,28.0,174.7,0.0927,-0.9957,26.9,35.0,38.1,1.291,0.1042
25.33,92.83,878.0,6.13,28.0,188.2,-0.1422,-0.9898,26.5,33.6,39.9,1.29,0.0828
25.33,92.835,837.0,5.08,28.0,161.7,0.3133,-0.9497,27.7,33.3,39.0,1.289,0.0687
25.33,92.84,793.0,7.56,28.0,147.7,0.5344,-0.8452,28.5,34.1,37.4,1.285,0.1024
25.33,92.845,724.0,7.99,28.0,159.0,0.3582,-0.9336,28.8,33.8,37.3,1.282,0.1084
25.33,92.85,661.0,9.84,28.0,174.9,0.088,-0.9961,28.3,32.1,39.6,1.278,0.1337
25.33,92.855,550.0,3.51,28.0,189.3,-0.161,-0.987,27.2,31.8,41.0,1.279,0.0479
25.33,92.86,600.0,6.53,28.0,289.8,-0.9411,0.3382,28.4,34.1,37.4,1.279,0.0889
25.33,92.865,589.0,9.2,28.0,241.8,-0.8816,-0.472,28.1,34.1,37.8,1.276,0.1253
25.33,92.87,523.0,5.9,28.0,227.7,-0.7394,-0.6732,29.1,33.3,37.5,1.276,0.0806
25.33,92.875,519.0,4.92,28.0,194.5,-0.2502,-0.9682,28.9,32.8,38.2,1.277,0.0672
25.33,92.88,439.0,5.25,28.0,6.2,0.1075,0.9942,28.0,32.1,39.9,1.273,0.0719
25.33,92.885,611.0,13.73,28.0,319.1,-0.6545,0.7561,26.9,34.9,38.2,1.273,0.1864
25.33,92.89,625.0,11.93,28.0,292.1,-0.9266,0.376,27.2,34.7,38.1,1.275,0.1621
25.33,92.895,691.0,12.06,28.0,293.0,-0.9206,0.3904,27.3,35.2,37.4,1.278,0.1635
25.33,92.9,709.0,7.33,28.0,292.7,-0.9224,0.3863,27.6,34.5,37.8,1.282,0.0995
25.33,92.905,741.0,1.29,28.0,92.5,0.999,-0.0442,28.3,32.1,39.6,1.289,0.0175
25.33,92.91,708.0,5.3,28.0,192.9,-0.2229,-0.9749,28.9,31.9,39.3,1.284,0.0719
25.33,92.915,650.0,8.79,28.0,229.1,-0.7554,-0.6553,27.9,32.2,39.8,1.279,0.1195
25.33,92.92,606.0,9.51,28.0,235.7,-0.8261,-0.5635,28.0,38.4,33.5,1.276,0.1295
25.33,92.925,555.0,16.58,28.0,202.0,-0.3741,-0.9274,28.2,34.7,37.1,1.268,0.225
25.33,92.93,328.0,11.11,28.0,172.4,0.1326,-0.9912,27.4,34.2,38.4,1.264,0.1524
25.33,92.935,359.0,2.82,28.0,14.8,0.2551,0.9669,26.9,33.5,39.6,1.272,0.0387
25.33,92.94,376.0,9.49,28.0,142.2,0.6127,-0.7903,25.9,35.1,39.0,1.267,0.1301
25.33,92.945,226.0,2.6,28.0,223.8,-0.6923,-0.7216,27.2,33.5,39.4,1.267,0.0358
25.33,92.95,343.0,14.28,28.0,289.6,-0.942,0.3355,28.6,35.1,36.3,1.262,0.1955
25.33,92.955,312.0,10.86,28.0,287.2,-0.9554,0.2952,27.2,35.3,37.6,1.263,0.1492
25.33,92.96,400.0,11.38,28.0,324.5,-0.5803,0.8144,27.7,35.1,37.2,1.267,0.1557
25.33,92.965,477.0,11.78,28.0,290.1,-0.9393,0.343,28.6,34.7,36.8,1.269,0.1609
25.33,92.97,472.0,12.8,28.0,263.0,-0.9925,-0.1224,28.6,35.8,35.6,1.268,0.1747
25.33,92.975,449.0,12.42,28.0,279.1,-0.9875,0.1579,26.7,36.9,36.4,1.268,0.1696
25.33,92.98,507.0,11.5,28.0,284.7,-0.9672,0.2539,29.2,35.0,35.8,1.271,0.1569
25.33,92.985,501.0,10.46,28.0,274.0,-0.9976,0.0699,29.4,34.8,35.9,1.271,0.1428
25.33,92.99,520.0,10.8,28.0,309.8,-0.7679,0.6406,26.6,36.5,36.9,1.272,0.1473
25.33,92.995,624.0,11.73,28.0,5.7,0.0995,0.995,27.0,36.6,36.4,1.275,0.1595
25.335,92.5,1162.0,3.92,28.0,106.9,0.9571,-0.2899,29.4,35.4,35.1,1.303,0.0525
25.335,92.505,1152.0,7.56,28.0,134.7,0.7107,-0.7035,27.8,31.4,40.8,1.3,0.1012
25.335,92.51,1068.0,9.04,28.0,160.5,0.3332,-0.9429,25.3,35.8,38.9,1.295,0.1213
25.335,92.515,1001.0,7.92,28.0,159.2,0.355,-0.9349,26.3,35.0,38.7,1.293,0.1066
25.335,92.52,937.0,6.52,28.0,182.7,-0.0471,-0.9989,27.7,32.4,39.9,1.292,0.0879
25.335,92.525,886.0,3.69,28.0,204.7,-0.4178,-0.9085,26.6,33.4,40.0,1.292,0.0498
25.335,92.53,878.0,2.86,28.0,113.4,0.9175,-0.3978,27.5,34.3,38.2,1.293,0.0386
25.335,92.535,866.0,0.92,28.0,222.1,-0.6708,-0.7416,28.0,31.0,41.0,1.294,0.0124
25.335,92.54,866.0,1.94,28.0,353.9,-0.1058,0.9944,29.8,33.2,37.1,1.293,0.0262
25.335,92.545,900.0,4.8,28.0,49.4,0.7595,0.6505,27.7,34.6,37.8,1.292,0.0648
25.335,92.55,921.0,6.05,28.0,91.6,0.9996,-0.0281,29.3,32.0,38.7,1.292,0.0816
25.335,92.555,897.0,3.87,28.0,137.3,0.6781,-0.735,29.7,32.8,37.5,1.293,0.0522
25.335,92.56,871.0,3.61,28.0,93.6,0.998,-0.0631,29.7,33.4,36.9,1.292,0.0487
25.335,92.565,893.0,3.91,28.0,329.1,-0.5132,0.8583,28.3,31.8,39.8,1.292,0.0528
25.335,92.57,930.0,5.14,28.0,282.1,-0.9778,0.2096,25.6,32.1,42.3,1.293,0.0693
25.335,92.575,912.0,3.62,28.0,304.5,-0.8245,0.5658,28.6,32.8,38.7,1.293,0.0488
25.335,92.58,966.0,7.92,28.0,359.3,-0.0129,0.9999,29.3,35.3,35.4,1.292,0.1066
25.335,92.585,1052.0,7.58,28.0,358.5,-0.027,0.9996,27.9,35.0,37.1,1.296,0.1018
25.335,92.59,1100.0,1.78,28.0,63.5,0.8947,0.4467,30.1,31.2,38.7,1.303,0.0238
25.335,92.595,1066.0,5.01,28.0,164.5,0.2666,-0.9638,29.0,34.3,36.7,1.298,0.0673
25.335,92.6,1015.0,6.44,28.0,136.2,0.6924,-0.7215,28.7,32.5,38.9,1.295,0.0866
25.335,92.605,984.0,6.77,28.0,97.7,0.991,-0.1338,29.3,31.4,39.3,1.294,0.0911
25.335,92.61,999.0,9.49,28.0,88.6,0.9997,0.0238,28.4,34.0,37.6,1.292,0.1276
25.335,92.615,988.0,9.43,28.0,58.7,0.8542,0.52,25.0,36.2,38.8,1.292,0.1268
25.335,92.62,1086.0,7.39,28.0,11.6,0.2007,0.9796,27.4,35.0,37.6,1.297,0.0992
25.335,92.625,1116.0,6.38,28.0,98.7,0.9885,-0.1511,29.4,33.7,36.9,1.299,0.0855
25.335,92.63,1069.0,7.98,28.0,96.5,0.9936,-0.1134,27.0,33.5,39.5,1.296,0.1071
25.335,92.635,1100.0,8.12,28.0,75.9,0.9699,0.2437,27.7,33.6,38.7,1.297,0.1089
25.335,92.64,1104.0,2.99,28.0,59.2,0.8586,0.5126,26.7,33.0,40.3,1.302,0.0401
25.335,92.645,1127.0,1.18,28.0,106.8,0.9574,-0.2887,30.1,30.7,39.1,1.304,0.0158
25.335,92.65,1098.0,5.03,28.0,139.2,0.6538,-0.7567,30.0,32.8,37.2,1.3,0.0674
25.335,92.655,1060.0,4.78,28.0,120.7,0.8597,-0.5109,26.9,33.0,40.1,1.298,0.0642
25.335,92.66,1055.0,6.09,28.0,99.7,0.9858,-0.1677,28.2,31.6,40.2,1.297,0.0818
25.335,92.665,1042.0,5.74,28.0,126.4,0.805,-0.5933,27.2,32.3,40.5,1.297,0.0771
25.335,92.67,995.0,5.5,28.0,108.0,0.951,-0.3092,28.7,34.1,37.2,1.295,0.074
25.335,92.675,1012.0,6.03,28.0,63.2,0.8925,0.4511,28.6,33.6,37.8,1.295,0.0811
25.335,92.68,1043.0,2.52,28.0,136.1,0.6929,-0.721,29.0,32.2,38.8,1.3,0.0338
25.335,92.685,980.0,8.98,28.0,102.0,0.9782,-0.2075,28.4,33.0,38.6,1.292,0.1208
25.335,92.69,1010.0,7.94,28.0,135.4,0.7021,-0.7121,31.5,36.5,32.0,1.294,0.1068
25.335,92.695,880.0,1.04,28.0,188.6,-0.1491,-0.9888,26.8,31.0,42.2,1.294,0.014
25.335,92.7,992.0,8.76,28.0,9.4,0.1633,0.9866,25.9,34.7,39.3,1.292,0.1179
25.335,92.705,1033.0,3.64,28.0,142.7,0.6064,-0.7952,27.5,32.2,40.2,1.298,0.0489
25.335,92.71,941.0,5.41,28.0,195.4,-0.2654,-0.9641,26.1,33.5,40.4,1.293,0.0729
25.335,92.715,941.0,6.57,28.0,132.2,0.7404,-0.6721,26.2,34.4,39.4,1.292,0.0886
25.335,92.72,863.0,6.27,28.0,46.6,0.7271,0.6865,26.8,31.6,41.6,1.289,0.0847
25.335,92.725,1017.0,13.21,28.0,36.1,0.5892,0.808,26.9,35.5,37.6,1.29,0.1771
25.335,92.73,1054.0,3.06,28.0,29.2,0.4873,0.8732,26.9,34.6,38.5,1.3,0.0411
25.335,92.735,1064.0,4.15,28.0,163.4,0.2849,-0.9586,28.6,35.7,35.6,1.299,0.0557
25.335,92.74,984.0,5.11,28.0,134.5,0.7138,-0.7003,27.4,33.2,39.4,1.295,0.0688
25.335,92.745,1001.0,4.71,28.0,63.5,0.8948,0.4464,27.8,33.3,38.9,1.296,0.0634
25.335,92.75,1021.0,7.9,28.0,126.0,0.8095,-0.5871,29.1,37.4,33.5,1.294,0.1062
25.335,92.755,919.0,17.29,28.0,142.3,0.6117,-0.7911,27.1,38.3,34.6,1.282,0.2318
25.335,92.76,773.0,7.1,28.0,132.0,0.7427,-0.6696,27.7,33.0,39.4,1.285,0.0962
25.335,92.765,835.0,3.28,28.0,329.9,-0.501,0.8655,28.4,31.9,39.6,1.291,0.0443
25.335,92.77,823.0,8.23,28.0,101.1,0.9813,-0.1923,25.7,35.6,38.7,1.286,0.1113
25.335,92.775,807.0,1.68,28.0,135.3,0.7038,-0.7104,25.1,30.9,43.9,1.291,0.0227
25.335,92.78,802.0,1.68,28.0,349.4,-0.1839,0.9829,28.4,34.1,37.5,1.291,0.0227
25.335,92.785,836.0,7.49,28.0,334.1,-0.4374,0.8993,28.6,34.5,36.9,1.287,0.1013
25.335,92.79,921.0,8.95,28.0,60.1,0.867,0.4982,30.5,35.2,34.4,1.289,0.1207
25.335,92.795,915.0,6.81,28.0,50.2,0.7677,0.6408,28.2,33.4,38.4,1.291,0.0918
25.335,92.8,998.0,7.42,28.0,22.7,0.3861,0.9224,29.0,33.0,38.0,1.294,0.0998
25.335,92.805,1036.0,4.61,28.0,67.6,0.9243,0.3817,27.8,35.4,36.8,1.298,0.0619
25.335,92.81,1029.0,3.02,28.0,121.8,0.8502,-0.5264,28.4,32.4,39.2,1.299,0.0406
25.335,92.815,1008.0,4.41,28.0,98.1,0.9899,-0.1416,30.0,32.6,37.4,1.297,0.0593
25.335,92.82,1018.0,5.05,28.0,180.6,-0.0102,-0.9999,25.5,33.2,41.3,1.297,0.0679
25.335,92.825,919.0,9.82,28.0,164.6,0.2648,-0.9643,28.5,34.9,36.6,1.289,0.1323
25.335,92.83,850.0,8.53,28.0,170.7,0.1617,-0.9868,30.6,32.7,36.7,1.287,0.1153
25.335,92.835,770.0,12.22,28.0,152.3,0.4647,-0.8854,28.3,34.4,37.3,1.281,0.1652
25.335,92.84,657.0,9.43,28.0,151.6,0.4761,-0.8794,30.0,33.6,36.4,1.278,0.1282
25.335,92.845,623.0,2.26,28.0,239.8,-0.8643,-0.5029,27.2,33.9,38.9,1.283,0.0307
25.335,92.85,637.0,4.88,28.0,301.6,-0.8521,0.5234,28.0,32.0,40.1,1.281,0.0664
25.335,92.855,668.0,13.15,28.0,298.7,-0.877,0.4805,28.0,32.9,39.1,1.276,0.1783
25.335,92.86,750.0,7.99,28.0,293.8,-0.9151,0.4033,25.3,31.2,43.5,1.283,0.1083
25.335,92.865,725.0,9.9,28.0,247.9,-0.9267,-0.3757,26.6,32.4,41.0,1.281,0.1342
25.335,92.87,684.0,11.01,28.0,239.7,-0.863,-0.5052,26.7,37.0,36.3,1.278,0.1494
25.335,92.875,626.0,10.59,28.0,204.7,-0.418,-0.9084,29.0,34.8,36.2,1.276,0.144
25.335,92.88,513.0,4.77,28.0,293.9,-0.9146,0.4045,29.0,34.0,36.9,1.277,0.0651
25.335,92.885,660.0,14.49,28.0,352.4,-0.1321,0.9912,28.4,36.7,34.9,1.274,0.1964
25.335,92.89,771.0,9.91,28.0,317.7,-0.6736,0.7391,29.0,34.7,36.3,1.283,0.1341
25.335,92.895,790.0,2.16,28.0,271.5,-0.9997,0.0263,27.8,32.5,39.7,1.29,0.0292
25.335,92.9,772.0,5.06,28.0,182.3,-0.0406,-0.9992,29.4,34.9,35.6,1.287,0.0685
25.335,92.905,701.0,6.76,28.0,133.4,0.727,-0.6866,28.0,34.0,38.0,1.282,0.0918
25.335,92.91,690.0,4.77,28.0,108.7,0.947,-0.3212,28.1,35.4,36.6,1.284,0.0648
25.335,92.915,674.0,4.67,28.0,202.6,-0.3845,-0.9231,27.7,34.2,38.1,1.283,0.0635
25.335,92.92,614.0,6.63,28.0,180.9,-0.0155,-0.9999,28.8,32.8,38.3,1.279,0.0903
25.335,92.925,557.0,13.3,28.0,178.7,0.0228,-0.9997,27.5,34.8,37.7,1.271,0.181
25.335,92.93,376.0,18.61,28.0,200.3,-0.3468,-0.9379,29.2,35.9,35.0,1.26,0.2533
25.335,92.935,239.0,8.6,28.0,119.9,0.8667,-0.4988,26.6,36.1,37.2,1.262,0.1185
25.335,92.94,300.0,11.13,28.0,351.6,-0.1461,0.9893,26.7,34.4,39.0,1.263,0.1528
25.335,92.945,435.0,19.17,28.0,307.5,-0.7934,0.6086,28.8,35.9,35.3,1.261,0.2604
25.335,92.95,513.0,10.55,28.0,276.4,-0.9937,0.112,27.9,35.3,36.8,1.272,0.1439
25.335,92.955,456.0,8.35,28.0,241.7,-0.8808,-0.4734,27.5,34.1,38.5,1.271,0.1143
25.335,92.96,443.0,5.03,28.0,345.8,-0.2447,0.9696,29.1,33.8,37.1,1.274,0.0688
25.335,92.965,542.0,6.51,28.0,347.3,-0.2206,0.9754,27.3,36.6,36.2,1.276,0.0889
25.335,92.97,555.0,2.54,28.0,328.2,-0.5262,0.8503,27.8,34.0,38.2,1.28,0.0346
25.335,92.975,580.0,3.45,28.0,317.9,-0.6708,0.7416,29.7,33.0,37.4,1.28,0.047
25.335,92.98,600.0,1.64,28.0,294.6,-0.9094,0.416,29.8,30.3,39.8,1.283,0.0223
25.335,92.985,592.0,2.73,28.0,266.4,-0.998,-0.0625,29.9,32.0,38.1,1.281,0.0372
25.335,92.99,597.0,3.66,28.0,229.3,-0.7582,-0.652,27.7,34.0,38.3,1.281,0.0498
25.335,92.995,550.0,8.27,28.0,130.0,0.7664,-0.6424,29.5,32.4,38.1,1.275,0.1128
25.34,92.5,1141.0,3.42,28.0,176.5,0.0602,-0.9982,26.9,36.1,37.0,1.303,0.0458
25.34,92.505,1111.0,6.41,28.0,172.2,0.136,-0.9907,26.9,33.7,39.4,1.299,0.0859
25.34,92.51,1029.0,7.19,28.0,181.2,-0.0214,-0.9998,25.2,34.0,40.8,1.295,0.0966
25.34,92.515,984.0,4.82,28.0,222.1,-0.6708,-0.7416,30.0,32.3,37.7,1.295,0.0649
25.34,92.52,966.0,5.98,28.0,245.3,-0.9089,-0.4171,27.0,34.3,38.7,1.294,0.0805
25.34,92.525,940.0,6.73,28.0,226.3,-0.7234,-0.6904,27.8,32.1,40.1,1.292,0.0907
25.34,92.53,884.0,5.34,28.0,254.0,-0.9611,-0.2763,26.9,36.7,36.4,1.291,0.0721
25.34,92.535,914.0,6.78,28.0,261.8,-0.9899,-0.142,28.8,35.8,35.4,1.291,0.0914
25.34,92.54,867.0,3.75,28.0,218.1,-0.6164,-0.7875,27.5,34.5,38.0,1.292,0.0506
25.34,92.545,862.0,2.33,28.0,59.2,0.8593,0.5115,26.4,30.5,43.0,1.293,0.0314
25.34,92.55,888.0,3.76,28.0,55.0,0.8191,0.5736,28.5,33.3,38.2,1.292,0.0508
25.34,92.555,900.0,2.29,28.0,128.3,0.7848,-0.6198,26.3,34.4,39.3,1.294,0.0309
25.34,92.56,863.0,0.95,28.0,311.0,-0.7549,0.6558,27.0,33.1,39.9,1.294,0.0128
25.34,92.565,911.0,7.31,28.0,357.6,-0.042,0.9991,25.5,32.4,42.1,1.29,0.0986
25.34,92.57,992.0,5.68,28.0,21.7,0.3704,0.9289,26.3,32.5,41.2,1.295,0.0764
25.34,92.575,1004.0,1.37,28.0,6.5,0.1123,0.9937,28.2,31.7,40.1,1.299,0.0184
25.34,92.58,1016.0,5.97,28.0,351.1,-0.1547,0.988,25.6,32.7,41.7,1.296,0.0803
25.34,92.585,1108.0,5.97,28.0,4.4,0.0773,0.997,26.2,35.9,37.9,1.299,0.0801
25.34,92.59,1121.0,3.03,28.0,279.7,-0.9856,0.1691,28.0,29.9,42.1,1.302,0.0406
25.34,92.595,1117.0,3.39,28.0,216.3,-0.5922,-0.8058,27.3,33.9,38.8,1.302,0.0454
25.34,92.6,1073.0,8.03,28.0,178.2,0.0318,-0.9995,30.4,32.2,37.4,1.296,0.1078
25.34,92.605,975.0,8.98,28.0,168.5,0.1989,-0.98,30.2,33.0,36.8,1.292,0.1208
25.34,92.61,917.0,5.95,28.0,103.2,0.9735,-0.2286,27.0,30.6,42.5,1.292,0.0802
25.34,92.615,951.0,8.6,28.0,352.8,-0.1248,0.9922,28.7,33.5,37.9,1.291,0.1158
25.34,92.62,1068.0,2.92,28.0,17.4,0.2994,0.9541,28.9,35.0,36.1,1.3,0.0392
25.34,92.625,1000.0,7.8,28.0,153.1,0.4525,-0.8918,27.3,34.5,38.2,1.294,0.1049
25.34,92.63,945.0,5.66,28.0,116.2,0.8975,-0.441,26.2,31.7,42.1,1.293,0.0763
25.34,92.635,956.0,13.1,28.0,61.2,0.8761,0.4822,28.0,37.0,35.0,1.287,0.1761
25.34,92.64,1058.0,10.16,28.0,47.9,0.7418,0.6706,27.8,36.6,35.7,1.294,0.1363
25.34,92.645,1077.0,5.18,28.0,101.4,0.9804,-0.1971,27.5,33.5,39.0,1.299,0.0695
25.34,92.65,1040.0,7.57,28.0,103.4,0.9728,-0.2315,28.5,37.1,34.4,1.295,0.1017
25.34,92.655,1046.0,8.92,28.0,98.0,0.9903,-0.1392,27.1,35.6,37.3,1.294,0.1198
25.34,92.66,1018.0,9.85,28.0,92.6,0.999,-0.0458,26.6,35.7,37.7,1.293,0.1323
25.34,92.665,1038.0,2.56,28.0,152.5,0.4614,-0.8872,28.1,31.5,40.4,1.299,0.0344
25.34,92.67,978.0,1.92,28.0,214.2,-0.5614,-0.8276,28.5,33.5,38.1,1.298,0.0258
25.34,92.675,1010.0,3.29,28.0,61.1,0.8752,0.4838,26.6,33.2,40.2,1.298,0.0442
25.34,92.68,1006.0,7.43,28.0,146.1,0.5578,-0.83,29.1,34.8,36.1,1.294,0.0999
25.34,92.685,901.0,6.03,28.0,163.7,0.2808,-0.9598,25.9,32.6,41.5,1.291,0.0814
25.34,92.69,904.0,3.63,28.0,113.0,0.9203,-0.3913,27.3,33.2,39.5,1.293,0.049
25.34,92.695,876.0,2.7,28.0,14.3,0.2476,0.9688,27.7,31.5,40.8,1.293,0.0364
25.34,92.7,950.0,8.24,28.0,75.3,0.9673,0.2537,27.2,31.0,41.8,1.291,0.111
25.34,92.705,913.0,10.88,28.0,101.0,0.9816,-0.1912,27.3,36.4,36.3,1.287,0.1467
25.34,92.71,913.0,7.27,28.0,92.2,0.9992,-0.0389,30.2,31.7,38.1,1.29,0.0981
25.34,92.715,908.0,6.88,28.0,130.6,0.7596,-0.6504,27.0,34.0,39.0,1.291,0.0928
25.34,92.72,834.0,2.73,28.0,93.6,0.998,-0.0625,30.9,33.2,35.8,1.291,0.0369
25.34,92.725,905.0,13.49,28.0,11.2,0.1947,0.9809,28.5,36.1,35.4,1.285,0.1815
25.34,92.73,1071.0,9.37,28.0,6.6,0.1144,0.9934,28.1,34.1,37.8,1.295,0.1257
25.34,92.735,1070.0,6.59,28.0,139.2,0.6535,-0.7569,28.6,34.2,37.3,1.297,0.0885
25.34,92.74,983.0,7.57,28.0,186.2,-0.1082,-0.9941,31.0,34.7,34.2,1.293,0.1019
25.34,92.745,937.0,8.99,28.0,119.7,0.8685,-0.4958,26.8,35.5,37.7,1.29,0.1211
25.34,92.75,904.0,13.38,28.0,117.9,0.8839,-0.4677,26.7,38.2,35.2,1.285,0.1801
25.34,92.755,825.0,3.96,28.0,125.1,0.8185,-0.5745,27.1,33.4,39.5,1.29,0.0535
25.34,92.76,864.0,10.0,28.0,307.9,-0.7895,0.6138,28.0,34.8,37.2,1.286,0.135
25.34,92.765,934.0,9.04,28.0,271.4,-0.9997,0.025,25.9,33.1,41.0,1.29,0.1218
25.34,92.77,868.0,10.06,28.0,243.0,-0.8913,-0.4535,28.0,35.3,36.6,1.286,0.1358
25.34,92.775,853.0,9.72,28.0,265.3,-0.9967,-0.0812,30.0,35.6,34.4,1.286,0.1313
25.34,92.78,854.0,10.38,28.0,264.7,-0.9957,-0.0922,28.2,34.5,37.3,1.286,0.1401
25.34,92.785,836.0,2.05,28.0,252.3,-0.9524,-0.3048,27.6,33.4,39.0,1.292,0.0277
25.34,92.79,843.0,6.05,28.0,353.2,-0.1186,0.9929,27.3,33.2,39.6,1.289,0.0818
25.34,92.795,942.0,6.68,28.0,334.1,-0.4374,0.8993,29.1,34.8,36.1,1.292,0.09
25.34,92.8,949.0,1.5,28.0,18.0,0.3096,0.9509,27.0,33.8,39.2,1.297,0.0202
25.34,92.805,967.0,3.69,28.0,33.8,0.5566,0.8308,30.2,34.3,35.5,1.296,0.0497
25.34,92.81,1003.0,3.16,28.0,112.2,0.9261,-0.3772,30.3,33.0,36.7,1.297,0.0425
25.34,92.815,946.0,1.83,28.0,68.1,0.9278,0.373,28.3,30.9,40.8,1.296,0.0246
25.34,92.82,1015.0,4.31,28.0,134.3,0.7154,-0.6987,28.0,32.2,39.8,1.297,0.0579
25.34,92.825,893.0,9.28,28.0,175.6,0.077,-0.997,29.2,35.4,35.4,1.288,0.1252
25.34,92.83,851.0,9.64,28.0,169.3,0.1852,-0.9827,29.3,38.2,32.4,1.286,0.1302
25.34,92.835,725.0,8.45,28.0,167.4,0.2177,-0.976,27.0,33.7,39.2,1.282,0.1146
25.34,92.84,705.0,6.93,28.0,287.6,-0.9532,0.3023,27.4,34.5,38.1,1.282,0.0941
25.34,92.845,762.0,11.32,28.0,280.6,-0.983,0.1836,26.4,34.2,39.4,1.281,0.1532
25.34,92.85,742.0,10.97,28.0,274.7,-0.9966,0.082,28.5,33.5,38.0,1.281,0.1486
25.34,92.855,778.0,6.97,28.0,270.5,-1.0,0.0081,28.8,32.8,38.4,1.285,0.0944
25.34,92.86,743.0,2.47,28.0,258.0,-0.9783,-0.2071,26.4,29.5,44.1,1.288,0.0335
25.34,92.865,769.0,2.09,28.0,206.3,-0.4424,-0.8968,27.5,34.6,38.0,1.289,0.0283
25.34,92.87,710.0,9.68,28.0,161.6,0.3159,-0.9488,26.4,31.2,42.4,1.28,0.1314
25.34,92.875,606.0,10.79,28.0,165.8,0.2451,-0.9695,26.9,34.5,38.6,1.275,0.1468
25.34,92.88,524.0,5.31,28.0,297.3,-0.8884,0.4591,28.7,31.6,39.7,1.277,0.0725
25.34,92.885,649.0,13.21,28.0,349.0,-0.1913,0.9815,27.1,34.2,38.7,1.275,0.1792
25.34,92.89,756.0,6.19,28.0,39.7,0.6383,0.7698,27.6,35.7,36.6,1.285,0.0839
25.34,92.895,733.0,7.76,28.0,108.3,0.9496,-0.3135,26.0,34.4,39.6,1.283,0.1052
25.34,92.9,713.0,5.48,28.0,155.7,0.4121,-0.9112,28.2,32.0,39.8,1.284,0.0744
25.34,92.905,645.0,7.67,28.0,133.3,0.7274,-0.6862,27.9,33.2,38.9,1.279,0.1044
25.34,92.91,620.0,7.71,28.0,72.9,0.9559,0.2936,27.1,32.9,40.0,1.278,0.105
25.34,92.915,685.0,3.16,28.0,102.5,0.9764,-0.2159,27.8,32.8,39.4,1.285,0.0429
25.34,92.92,608.0,7.77,28.0,188.0,-0.1383,-0.9904,28.2,34.3,37.5,1.278,0.1058
25.34,92.925,549.0,8.47,28.0,180.7,-0.0121,-0.9999,27.0,37.1,35.9,1.275,0.1155
25.34,92.93,458.0,18.45,28.0,180.2,-0.0027,-1.0,26.2,34.0,39.7,1.263,0.2506
25.34,92.935,213.0,2.95,28.0,195.2,-0.2619,-0.9651,30.2,32.7,37.1,1.266,0.0407
25.34,92.94,408.0,19.06,28.0,336.9,-0.3925,0.9197,27.2,36.6,36.2,1.26,0.2592
25.34,92.945,533.0,11.03,28.0,315.9,-0.6957,0.7183,27.9,36.4,35.8,1.272,0.1504
25.34,92.95,549.0,5.23,28.0,213.3,-0.5496,-0.8355,29.2,33.9,36.9,1.278,0.0713
25.34,92.955,456.0,8.86,28.0,217.2,-0.605,-0.7963,32.2,35.2,32.5,1.271,0.1212
25.34,92.96,424.0,3.43,28.0,324.3,-0.5842,0.8116,26.5,33.4,40.1,1.274,0.047
25.34,92.965,505.0,6.05,28.0,46.1,0.7205,0.6935,28.5,32.2,39.2,1.275,0.0827
25.34,92.97,498.0,5.07,28.0,97.1,0.9924,-0.1232,27.2,35.2,37.7,1.276,0.0693
25.34,92.975,494.0,4.82,28.0,63.4,0.8944,0.4473,27.4,34.5,38.2,1.276,0.0659
25.34,92.98,536.0,5.37,28.0,50.7,0.7737,0.6336,27.1,34.8,38.1,1.277,0.0733
25.34,92.985,554.0,3.68,28.0,54.1,0.8099,0.5866,26.6,34.9,38.5,1.279,0.0502
25.34,92.99,574.0,3.75,28.0,144.9,0.5754,-0.8179,28.0,33.6,38.4,1.28,0.0511
25.34,92.995,500.0,8.38,28.0,175.8,0.0731,-0.9973,26.2,36.5,37.3,1.273,0.1145
25.345,92.5,1158.0,5.26,28.0,119.7,0.8682,-0.4961,29.1,34.0,36.9,1.302,0.0704
25.345,92.505,1135.0,5.03,28.0,191.2,-0.1938,-0.981,28.1,33.0,38.9,1.301,0.0674
25.345,92.51,1071.0,7.73,28.0,238.7,-0.8543,-0.5198,28.5,34.1,37.4,1.296,0.1038
25.345,92.515,1064.0,10.01,28.0,260.9,-0.9875,-0.1576,27.4,34.6,37.9,1.294,0.1343
25.345,92.52,1043.0,9.93,28.0,241.9,-0.8823,-0.4707,27.6,33.9,38.6,1.293,0.1334
25.345,92.525,981.0,6.99,28.0,238.2,-0.8501,-0.5266,28.3,36.3,35.3,1.293,0.0941
25.345,92.53,978.0,6.62,28.0,277.9,-0.9906,0.1369,26.6,34.2,39.2,1.294,0.0891
25.345,92.535,997.0,4.62,28.0,214.5,-0.5671,-0.8237,27.6,33.4,39.1,1.296,0.0622
25.345,92.54,911.0,8.24,28.0,201.1,-0.3599,-0.933,27.0,34.8,38.3,1.29,0.1111
25.345,92.545,861.0,2.84,28.0,182.1,-0.0362,-0.9993,26.9,37.2,35.8,1.292,0.0383
25.345,92.55,861.0,1.49,28.0,87.8,0.9993,0.0381,25.5,30.7,43.8,1.293,0.0201
25.345,92.555,862.0,2.47,28.0,56.4,0.8333,0.5528,29.6,31.4,39.0,1.292,0.0334
25.345,92.56,885.0,2.11,28.0,1.4,0.0244,0.9997,27.2,30.5,42.3,1.294,0.0285
25.345,92.565,899.0,1.41,28.0,80.7,0.9868,0.1616,29.4,32.0,38.6,1.295,0.019
25.345,92.57,889.0,3.79,28.0,81.4,0.9887,0.1497,29.3,33.4,37.3,1.292,0.0512
25.345,92.575,909.0,7.32,28.0,42.7,0.6785,0.7346,26.5,33.3,40.3,1.29,0.0988
25.345,92.58,984.0,9.07,28.0,33.5,0.5517,0.834,26.7,33.6,39.7,1.292,0.122
25.345,92.585,1043.0,10.72,28.0,24.1,0.4081,0.9129,31.1,35.1,33.9,1.293,0.1439
25.345,92.59,1158.0,3.67,28.0,16.3,0.2801,0.96,30.1,32.2,37.7,1.303,0.0491
25.345,92.595,1105.0,9.52,28.0,151.2,0.4819,-0.8762,28.0,35.0,37.0,1.296,0.1276
25.345,92.6,1010.0,11.13,28.0,141.9,0.6164,-0.7875,28.3,36.6,35.1,1.291,0.1495
25.345,92.605,949.0,8.38,28.0,146.7,0.5488,-0.836,27.2,35.3,37.5,1.291,0.1129
25.345,92.61,886.0,4.15,28.0,325.3,-0.5698,0.8218,28.5,34.4,37.1,1.292,0.056
25.345,92.615,1009.0,11.74,28.0,331.0,-0.4843,0.8749,27.1,36.8,36.1,1.291,0.1576
25.345,92.62,1069.0,3.36,28.0,50.0,0.7656,0.6433,25.6,33.3,41.1,1.3,0.0451
25.345,92.625,1047.0,7.19,28.0,141.2,0.6266,-0.7794,26.4,33.7,39.9,1.296,0.0966
25.345,92.63,970.0,10.12,28.0,165.4,0.2515,-0.9678,28.0,33.5,38.4,1.29,0.1362
25.345,92.635,873.0,5.5,28.0,98.3,0.9895,-0.1445,26.6,32.9,40.5,1.29,0.0743
25.345,92.64,956.0,13.99,28.0,51.8,0.7862,0.618,27.9,34.9,37.1,1.287,0.1878
25.345,92.645,1028.0,7.22,28.0,90.9,0.9999,-0.0157,26.7,35.0,38.3,1.295,0.097
25.345,92.65,954.0,10.9,28.0,136.7,0.6861,-0.7276,27.1,35.4,37.5,1.289,0.1467
25.345,92.655,887.0,11.57,28.0,116.5,0.8949,-0.4462,29.0,36.1,34.8,1.286,0.156
25.345,92.66,862.0,13.06,28.0,55.6,0.8249,0.5652,28.3,33.7,38.0,1.284,0.176
25.345,92.665,1019.0,9.79,28.0,27.6,0.4632,0.8862,28.0,36.8,35.3,1.293,0.1315
25.345,92.67,1016.0,4.93,28.0,223.5,-0.6878,-0.7259,29.1,32.7,38.3,1.297,0.0663
25.345,92.675,956.0,3.37,28.0,204.3,-0.4121,-0.9112,28.6,31.2,40.2,1.295,0.0454
25.345,92.68,962.0,1.1,28.0,242.4,-0.8859,-0.4639,29.7,31.6,38.6,1.298,0.0148
25.345,92.685,947.0,7.88,28.0,263.0,-0.9925,-0.1219,27.4,37.8,34.7,1.291,0.1062
25.345,92.69,945.0,6.88,28.0,228.8,-0.7523,-0.6588,27.5,33.3,39.3,1.292,0.0927
25.345,92.695,867.0,7.27,28.0,211.9,-0.5284,-0.849,26.4,33.5,40.1,1.289,0.0982
25.345,92.7,836.0,3.74,28.0,228.0,-0.743,-0.6693,27.5,32.7,39.8,1.29,0.0506
25.345,92.705,823.0,3.77,28.0,236.2,-0.8305,-0.557,29.2,32.8,38.1,1.29,0.051
25.345,92.71,799.0,1.79,28.0,300.5,-0.8614,0.5079,29.6,31.3,39.1,1.29,0.0242
25.345,92.715,839.0,6.29,28.0,84.3,0.9951,0.0992,29.2,33.9,37.0,1.288,0.0851
25.345,92.72,810.0,7.14,28.0,357.9,-0.0359,0.9994,25.8,35.5,38.6,1.286,0.0967
25.345,92.725,965.0,12.73,28.0,11.5,0.1988,0.9801,29.3,35.9,34.8,1.288,0.1711
25.345,92.73,1033.0,3.1,28.0,74.0,0.9615,0.2749,25.8,31.2,43.0,1.299,0.0416
25.345,92.735,980.0,4.42,28.0,115.1,0.9058,-0.4237,29.1,32.7,38.3,1.296,0.0595
25.345,92.74,1000.0,7.81,28.0,162.9,0.2947,-0.9556,27.6,33.3,39.2,1.293,0.1051
25.345,92.745,848.0,12.49,28.0,162.8,0.2961,-0.9552,28.8,35.4,35.7,1.284,0.1684
25.345,92.75,787.0,5.92,28.0,85.6,0.9971,0.0767,26.4,35.6,38.0,1.287,0.0801
25.345,92.755,856.0,9.24,28.0,329.5,-0.5082,0.8612,29.4,34.2,36.4,1.287,0.1248
25.345,92.76,928.0,11.04,28.0,322.6,-0.6078,0.7941,26.2,34.8,38.9,1.288,0.1487
25.345,92.765,1012.0,4.73,28.0,328.6,-0.5217,0.8531,27.2,35.9,36.9,1.297,0.0636
25.345,92.77,999.0,8.42,28.0,264.2,-0.9949,-0.1006,26.8,35.6,37.6,1.293,0.1132
25.345,92.775,997.0,7.58,28.0,272.6,-0.999,0.0448,25.9,34.9,39.2,1.294,0.1019
25.345,92.78,1005.0,10.27,28.0,227.6,-0.7386,-0.6741,28.1,37.7,34.2,1.292,0.138
25.345,92.785,874.0,7.06,28.0,235.8,-0.8274,-0.5617,30.2,34.6,35.2,1.289,0.0954
25.345,92.79,935.0,8.53,28.0,310.5,-0.7608,0.649,31.2,31.3,37.5,1.29,0.115
25.345,92.795,972.0,3.94,28.0,321.2,-0.6266,0.7794,28.1,34.3,37.6,1.296,0.053
25.345,92.8,989.0,4.14,28.0,289.2,-0.9441,0.3296,29.3,30.7,39.9,1.296,0.0557
25.345,92.805,996.0,2.14,28.0,243.1,-0.8916,-0.4529,28.3,33.2,38.5,1.298,0.0288
25.345,92.81,972.0,1.25,28.0,196.8,-0.2887,-0.9574,28.6,29.8,41.6,1.298,0.0168
25.345,92.815,975.0,3.68,28.0,257.5,-0.9764,-0.2159,27.6,32.3,40.1,1.296,0.0495
25.345,92.82,958.0,4.97,28.0,143.2,0.5997,-0.8002,28.2,32.8,39.0,1.294,0.067
25.345,92.825,905.0,8.31,28.0,166.5,0.2337,-0.9723,28.6,33.1,38.3,1.289,0.1121
25.345,92.83,815.0,9.66,28.0,183.6,-0.0633,-0.998,27.3,34.1,38.6,1.285,0.1306
25.345,92.835,734.0,5.15,28.0,251.4,-0.9475,-0.3198,27.9,34.9,37.2,1.285,0.0699
25.345,92.84,786.0,10.73,28.0,304.5,-0.8245,0.5658,27.9,33.8,38.3,1.282,0.1452
25.345,92.845,842.0,6.39,28.0,305.8,-0.8106,0.5856,29.0,34.5,36.5,1.288,0.0864
25.345,92.85,852.0,4.42,28.0,240.7,-0.8724,-0.4887,26.7,31.7,41.5,1.29,0.0597
25.345,92.855,804.0,3.17,28.0,170.7,0.1623,-0.9867,27.9,32.6,39.5,1.29,0.0429
25.345,92.86,797.0,4.41,28.0,141.8,0.6179,-0.7863,30.3,33.7,36.0,1.288,0.0597
25.345,92.865,743.0,11.91,28.0,144.6,0.5795,-0.815,29.4,33.7,36.9,1.28,0.1612
25.345,92.87,624.0,11.73,28.0,144.0,0.5885,-0.8085,29.6,33.2,37.2,1.275,0.1595
25.345,92.875,574.0,1.42,28.0,220.6,-0.6507,-0.7594,28.0,33.1,38.9,1.282,0.0193
25.345,92.88,605.0,11.3,28.0,312.5,-0.7371,0.6758,28.4,36.7,34.9,1.275,0.1537
25.345,92.885,710.0,5.29,28.0,342.5,-0.3005,0.9538,29.2,33.3,37.5,1.284,0.0718
25.345,92.89,694.0,7.4,28.0,119.3,0.8719,-0.4897,29.9,33.3,36.8,1.282,0.1005
25.345,92.895,646.0,9.09,28.0,77.8,0.9774,0.2112,25.7,34.7,39.7,1.278,0.1236
25.345,92.9,728.0,5.8,28.0,121.9,0.8492,-0.5281,26.4,33.6,39.9,1.284,0.0787
25.345,92.905,592.0,10.53,28.0,166.6,0.232,-0.9727,29.6,35.2,35.3,1.275,0.1433
25.345,92.91,546.0,3.66,28.0,70.0,0.94,0.3412,27.7,29.2,43.1,1.279,0.0499
25.345,92.915,614.0,10.62,28.0,61.9,0.8818,0.4716,27.2,33.2,39.6,1.276,0.1444
25.345,92.92,635.0,5.92,28.0,121.8,0.8497,-0.5272,26.5,32.3,41.2,1.28,0.0806
25.345,92.925,559.0,14.39,28.0,177.4,0.0455,-0.999,27.3,36.1,36.6,1.27,0.1957
25.345,92.93,377.0,18.25,28.0,156.7,0.395,-0.9187,26.3,37.1,36.5,1.26,0.2485
25.345,92.935,254.0,6.27,28.0,312.0,-0.7436,0.6686,30.5,34.6,34.9,1.265,0.0863
25.345,92.94,451.0,18.31,28.0,355.2,-0.0842,0.9965,28.0,37.3,34.8,1.263,0.2487
25.345,92.945,586.0,6.75,28.0,8.3,0.1441,0.9896,27.9,31.8,40.2,1.278,0.092
25.345,92.95,569.0,2.18,28.0,229.2,-0.7568,-0.6537,28.7,34.8,36.5,1.281,0.0297
25.345,92.955,561.0,7.4,28.0,228.3,-0.7468,-0.6651,29.2,35.9,35.0,1.276,0.1009
25.345,92.96,482.0,9.17,28.0,230.2,-0.7683,-0.6401,29.1,32.6,38.3,1.272,0.1253
25.345,92.965,457.0,2.25,28.0,129.1,0.7759,-0.6308,29.3,33.1,37.6,1.276,0.0308
25.345,92.97,457.0,2.59,28.0,31.1,0.5164,0.8564,27.2,31.8,41.0,1.276,0.0354
25.345,92.975,496.0,3.58,28.0,9.9,0.1724,0.985,27.6,33.2,39.2,1.277,0.0489
25.345,92.98,519.0,3.13,28.0,313.7,-0.7232,0.6906,28.9,34.4,36.7,1.278,0.0427
25.345,92.985,534.0,2.31,28.0,332.2,-0.4666,0.8844,27.4,35.8,36.8,1.279,0.0315
25.345,92.99,555.0,2.43,28.0,84.6,0.9956,0.0937,28.0,33.8,38.2,1.28,0.0331
25.345,92.995,538.0,2.79,28.0,226.1,-0.72,-0.694,28.5,33.2,38.3,1.279,0.0381
25.35,92.5,1052.0,12.1,28.0,43.7,0.6913,0.7226,28.9,34.7,36.3,1.292,0.1622
25.35,92.505,1130.0,8.22,28.0,43.2,0.6844,0.7291,25.9,34.5,39.7,1.298,0.1101
25.35,92.51,1158.0,2.79,28.0,11.7,0.203,0.9792,28.9,34.8,36.4,1.304,0.0373
25.35,92.515,1178.0,3.1,28.0,248.5,-0.9301,-0.3673,27.7,32.8,39.5,1.305,0.0414
25.35,92.52,1138.0,7.11,28.0,193.7,-0.2376,-0.9714,28.8,32.6,38.6,1.3,0.0952
25.35,92.525,1056.0,7.13,28.0,181.2,-0.0215,-0.9998,28.9,31.5,39.6,1.296,0.0958
25.35,92.53,1012.0,5.83,28.0,152.2,0.4661,-0.8847,29.9,34.3,35.7,1.296,0.0784
25.35,92.535,965.0,7.79,28.0,129.2,0.7751,-0.6318,29.6,34.4,35.9,1.292,0.1049
25.35,92.54,925.0,6.34,28.0,154.6,0.4288,-0.9034,29.6,32.7,37.7,1.292,0.0855
25.35,92.545,864.0,3.75,28.0,180.0,0.0,-1.0,29.7,34.5,35.7,1.291,0.0507
25.35,92.55,859.0,0.25,28.0,204.3,-0.4121,-0.9112,28.3,31.4,40.2,1.294,0.0034
25.35,92.555,860.0,0.2,28.0,31.1,0.5164,0.8564,28.0,31.9,40.1,1.294,0.0027
25.35,92.56,862.0,1.48,28.0,22.5,0.3829,0.9238,29.0,32.4,38.6,1.293,0.02
25.35,92.565,884.0,3.24,28.0,1.8,0.0317,0.9995,28.9,32.3,38.8,1.293,0.0437
25.35,92.57,919.0,3.92,28.0,289.5,-0.9429,0.333,27.6,33.4,39.0,1.293,0.0529
25.35,92.575,907.0,6.05,28.0,269.5,-1.0,-0.0094,28.5,35.3,36.2,1.291,0.0816
25.35,92.58,918.0,6.86,28.0,341.7,-0.3137,0.9495,28.0,32.1,39.9,1.291,0.0925
25.35,92.585,1022.0,10.44,28.0,350.5,-0.1657,0.9862,27.0,35.5,37.5,1.292,0.1403
25.35,92.59,1101.0,4.99,28.0,86.7,0.9984,0.0569,29.5,33.6,36.9,1.3,0.0669
25.35,92.595,1027.0,11.46,28.0,143.0,0.6024,-0.7982,28.1,35.3,36.6,1.292,0.1538
25.35,92.6,938.0,9.74,28.0,145.2,0.5703,-0.8214,30.5,35.9,33.6,1.289,0.1312
25.35,92.605,885.0,4.2,28.0,70.3,0.9412,0.3379,26.0,33.2,40.8,1.292,0.0567
25.35,92.61,963.0,10.22,28.0,348.8,-0.1944,0.9809,27.3,35.4,37.2,1.29,0.1375
25.35,92.615,1063.0,4.28,28.0,316.9,-0.6839,0.7296,28.0,34.2,37.7,1.299,0.0575
25.35,92.62,1018.0,9.11,28.0,159.3,0.3531,-0.9356,29.4,33.7,37.0,1.293,0.1225
25.35,92.625,912.0,10.83,28.0,129.7,0.7698,-0.6383,28.5,35.3,36.2,1.287,0.146
25.35,92.63,895.0,7.84,28.0,116.6,0.8943,-0.4475,28.4,33.7,37.9,1.289,0.1058
25.35,92.635,850.0,3.63,28.0,149.4,0.5094,-0.8605,26.6,32.8,40.6,1.291,0.049
25.35,92.64,840.0,10.14,28.0,61.5,0.8787,0.4774,26.6,34.2,39.2,1.285,0.137
25.35,92.645,936.0,10.03,28.0,72.7,0.9547,0.2976,28.4,35.4,36.2,1.289,0.1351
25.35,92.65,893.0,7.01,28.0,139.4,0.6505,-0.7595,26.4,34.0,39.6,1.29,0.0946
25.35,92.655,842.0,7.52,28.0,131.5,0.749,-0.6625,27.4,34.6,38.0,1.287,0.1017
25.35,92.66,805.0,6.6,28.0,23.3,0.3959,0.9183,28.6,33.7,37.7,1.287,0.0893
25.35,92.665,949.0,14.28,28.0,21.1,0.3601,0.9329,26.8,33.4,39.8,1.286,0.1918
25.35,92.67,1044.0,5.36,28.0,21.3,0.3638,0.9315,29.9,33.5,36.6,1.297,0.072
25.35,92.675,1037.0,1.08,28.0,182.7,-0.0476,-0.9989,29.5,32.4,38.1,1.301,0.0145
25.35,92.68,1025.0,4.57,28.0,282.2,-0.9774,0.2112,26.1,33.6,40.3,1.297,0.0614
25.35,92.685,1054.0,3.77,28.0,252.5,-0.9536,-0.3012,26.9,32.1,41.0,1.299,0.0506
25.35,92.69,1005.0,7.21,28.0,216.1,-0.589,-0.8081,25.3,32.1,42.6,1.294,0.097
25.35,92.695,951.0,6.66,28.0,269.5,-1.0,-0.0085,27.1,34.7,38.2,1.292,0.0898
25.35,92.7,1004.0,8.73,28.0,278.6,-0.9889,0.1488,28.9,33.9,37.2,1.293,0.1174
25.35,92.705,974.0,10.5,28.0,250.9,-0.9451,-0.3269,27.5,35.1,37.4,1.29,0.1413
25.35,92.71,943.0,11.73,28.0,205.9,-0.437,-0.8994,28.6,34.7,36.7,1.288,0.1578
25.35,92.715,786.0,6.26,28.0,160.4,0.3359,-0.9419,26.2,33.7,40.2,1.286,0.0848
25.35,92.72,839.0,3.92,28.0,358.5,-0.0262,0.9997,29.0,32.4,38.7,1.29,0.053
25.35,92.725,855.0,12.12,28.0,36.4,0.5939,0.8046,27.3,33.8,38.9,1.284,0.1635
25.35,92.73,1013.0,8.27,28.0,20.6,0.3522,0.9359,28.0,34.9,37.1,1.294,0.1112
25.35,92.735,992.0,5.77,28.0,137.5,0.6757,-0.7372,27.9,32.6,39.5,1.295,0.0776
25.35,92.74,938.0,9.96,28.0,136.4,0.6902,-0.7236,26.5,34.9,38.6,1.289,0.1342
25.35,92.745,864.0,8.72,28.0,164.7,0.2635,-0.9647,26.6,34.9,38.4,1.287,0.1178
25.35,92.75,789.0,4.03,28.0,318.4,-0.6637,0.748,29.2,32.2,38.6,1.288,0.0546
25.35,92.755,917.0,11.68,28.0,353.8,-0.1086,0.9941,28.5,33.3,38.2,1.287,0.1573
25.35,92.76,996.0,3.71,28.0,354.4,-0.0969,0.9953,29.3,36.6,34.1,1.297,0.0499
25.35,92.765,982.0,2.76,28.0,42.1,0.6708,0.7416,28.4,31.9,39.7,1.297,0.0371
25.35,92.77,1032.0,1.36,28.0,37.3,0.6059,0.7955,28.2,33.3,38.5,1.3,0.0183
25.35,92.775,1001.0,1.87,28.0,207.9,-0.4684,-0.8835,25.9,35.4,38.7,1.298,0.0251
25.35,92.78,1003.0,2.98,28.0,193.0,-0.2247,-0.9744,27.7,34.0,38.3,1.298,0.0401
25.35,92.785,950.0,5.94,28.0,251.7,-0.9492,-0.3148,28.0,33.1,38.9,1.293,0.08
25.35,92.79,970.0,2.5,28.0,24.3,0.4121,0.9112,30.3,32.6,37.1,1.297,0.0336
25.35,92.795,990.0,3.38,28.0,337.7,-0.3802,0.9249,28.8,31.7,39.5,1.297,0.0455
25.35,92.8,1025.0,2.4,28.0,289.4,-0.9433,0.3319,29.8,34.0,36.2,1.299,0.0322
25.35,92.805,1004.0,1.26,28.0,227.3,-0.7354,-0.6776,28.7,33.2,38.1,1.299,0.0169
25.35,92.81,1010.0,2.96,28.0,283.3,-0.9731,0.2305,27.1,32.0,40.8,1.298,0.0398
25.35,92.815,1016.0,3.86,28.0,218.7,-0.6257,-0.7801,28.1,31.5,40.4,1.297,0.0519
25.35,92.82,957.0,9.42,28.0,195.4,-0.2654,-0.9641,28.3,32.5,39.2,1.29,0.1269
25.35,92.825,855.0,5.35,28.0,184.9,-0.0863,-0.9963,26.9,34.9,38.2,1.29,0.0723
25.35,92.83,863.0,5.45,28.0,248.7,-0.9314,-0.3641,27.5,33.6,38.8,1.29,0.0736
25.35,92.835,820.0,7.78,28.0,276.7,-0.9932,0.1164,27.8,34.4,37.8,1.286,0.1053
25.35,92.84,879.0,7.23,28.0,289.7,-0.9416,0.3366,29.9,32.7,37.4,1.289,0.0976
25.35,92.845,863.0,4.08,28.0,210.3,-0.504,-0.8637,25.5,30.9,43.6,1.291,0.0551
25.35,92.85,817.0,6.58,28.0,144.8,0.5759,-0.8175,29.4,35.2,35.4,1.287,0.089
25.35,92.855,768.0,9.69,28.0,137.6,0.6737,-0.739,26.9,34.6,38.5,1.283,0.1312
25.35,92.86,690.0,10.02,28.0,139.4,0.651,-0.7591,26.4,36.0,37.6,1.279,0.136
25.35,92.865,633.0,7.65,28.0,149.0,0.5147,-0.8573,29.4,33.5,37.1,1.279,0.1041
25.35,92.87,574.0,0.93,28.0,236.4,-0.8333,-0.5528,28.9,31.9,39.2,1.282,0.0127
25.35,92.875,624.0,7.86,28.0,325.1,-0.5725,0.8199,29.5,35.2,35.3,1.278,0.107
25.35,92.88,688.0,8.15,28.0,292.8,-0.9216,0.3882,29.0,35.3,35.8,1.281,0.1107
25.35,92.885,680.0,4.03,28.0,144.9,0.5744,-0.8186,30.5,34.3,35.3,1.284,0.0547
25.35,92.89,630.0,7.28,28.0,160.3,0.3377,-0.9412,28.7,33.5,37.8,1.279,0.0991
25.35,92.895,559.0,2.24,28.0,109.3,0.9437,-0.3308,27.8,33.5,38.7,1.28,0.0305
25.35,92.9,617.0,11.57,28.0,79.4,0.9829,0.1843,28.4,36.7,34.8,1.275,0.1573
25.35,92.905,597.0,3.65,28.0,185.6,-0.0984,-0.9951,29.5,32.8,37.7,1.281,0.0497
25.35,92.91,553.0,5.55,28.0,191.2,-0.1941,-0.981,27.1,32.7,40.2,1.277,0.0757
25.35,92.915,501.0,5.5,28.0,116.3,0.8961,-0.4438,27.2,35.5,37.3,1.275,0.0752
25.35,92.92,510.0,10.17,28.0,78.8,0.9811,0.1937,27.6,33.7,38.6,1.272,0.1388
25.35,92.925,536.0,13.28,28.0,146.0,0.5594,-0.8289,25.5,36.5,38.0,1.27,0.1809
25.35,92.93,313.0,14.23,28.0,155.3,0.4179,-0.9085,28.2,35.7,36.1,1.261,0.1949
25.35,92.935,304.0,8.79,28.0,324.1,-0.587,0.8096,25.7,31.6,42.7,1.265,0.1208
25.35,92.94,439.0,11.9,28.0,8.1,0.1407,0.99,28.1,36.9,35.1,1.268,0.1626
25.35,92.945,514.0,8.66,28.0,22.2,0.3775,0.926,29.0,30.2,40.8,1.273,0.1183
25.35,92.95,581.0,2.87,28.0,352.8,-0.1256,0.9921,27.4,29.8,42.8,1.281,0.0391
25.35,92.955,564.0,1.42,28.0,220.6,-0.6507,-0.7594,30.0,33.2,36.8,1.281,0.0193
25.35,92.96,562.0,6.29,28.0,213.1,-0.5459,-0.8378,26.2,34.5,39.3,1.277,0.0858
25.35,92.965,471.0,5.14,28.0,186.3,-0.1099,-0.9939,29.4,32.4,38.2,1.275,0.0703
25.35,92.97,472.0,3.2,28.0,281.3,-0.9807,0.1955,28.8,33.1,38.1,1.276,0.0437
25.35,92.975,482.0,6.16,28.0,6.2,0.1082,0.9941,25.9,29.8,44.2,1.274,0.0842
25.35,92.98,580.0,5.31,28.0,353.9,-0.1064,0.9943,31.3,34.5,34.3,1.279,0.0724
25.35,92.985,575.0,4.27,28.0,134.8,0.7095,-0.7047,27.9,33.5,38.6,1.279,0.0582
25.35,92.99,527.0,6.62,28.0,107.9,0.9514,-0.3079,26.9,33.7,39.4,1.276,0.0903
25.35,92.995,539.0,5.06,28.0,74.4,0.9631,0.269,26.3,33.4,40.3,1.277,0.0691
25.355,92.5,993.0,6.62,28.0,56.8,0.8365,0.548,27.7,34.5,37.8,1.294,0.0891
25.355,92.505,1025.0,6.75,28.0,55.8,0.8271,0.5621,27.8,33.8,38.4,1.295,0.0908
25.355,92.51,1060.0,9.14,28.0,54.1,0.8099,0.5866,28.1,31.6,40.3,1.295,0.1227
25.355,92.515,1120.0,5.67,28.0,80.8,0.9871,0.1602,27.6,36.8,35.6,1.3,0.076
25.355,92.52,1076.0,8.0,28.0,164.0,0.275,-0.9615,28.8,35.9,35.3,1.296,0.1074
25.355,92.525,984.0,9.05,28.0,160.2,0.3382,-0.9411,27.5,32.5,40.0,1.292,0.1217
25.355,92.53,925.0,7.8,28.0,139.5,0.6489,-0.7609,25.7,33.6,40.8,1.29,0.1052
25.355,92.535,879.0,4.96,28.0,140.1,0.6418,-0.7668,27.8,33.0,39.2,1.291,0.067
25.355,92.54,858.0,1.03,28.0,174.3,0.1,-0.995,25.2,33.9,40.9,1.293,0.0139
25.355,92.545,861.0,3.81,28.0,274.3,-0.9972,0.0745,28.4,29.8,41.8,1.291,0.0515
25.355,92.55,863.0,2.21,28.0,268.5,-0.9997,-0.0257,26.8,31.8,41.3,1.293,0.0298
25.355,92.555,860.0,0.63,28.0,350.7,-0.1623,0.9867,28.2,29.5,42.3,1.294,0.0085
25.355,92.56,874.0,2.18,28.0,15.1,0.2597,0.9657,29.6,32.2,38.3,1.293,0.0294
25.355,92.565,897.0,5.01,28.0,350.0,-0.174,0.9847,26.9,32.6,40.5,1.292,0.0676
25.355,92.57,961.0,7.43,28.0,351.7,-0.1446,0.9895,29.3,34.1,36.6,1.292,0.1001
25.355,92.575,1027.0,8.09,28.0,297.0,-0.891,0.4541,27.5,33.3,39.3,1.294,0.1088
25.355,92.58,1026.0,11.42,28.0,284.2,-0.9693,0.2458,30.1,33.9,36.0,1.292,0.1533
25.355,92.585,1077.0,4.15,28.0,298.6,-0.8781,0.4786,27.6,34.0,38.4,1.3,0.0557
25.355,92.59,1061.0,8.4,28.0,136.6,0.6874,-0.7263,27.0,34.9,38.1,1.295,0.1128
25.355,92.595,969.0,9.75,28.0,157.6,0.3815,-0.9244,28.8,35.4,35.7,1.291,0.1312
25.355,92.6,901.0,6.3,28.0,150.8,0.4883,-0.8727,27.5,33.4,39.1,1.291,0.085
25.355,92.605,872.0,2.43,28.0,304.2,-0.8268,0.5625,27.0,31.8,41.2,1.293,0.0328
25.355,92.61,925.0,10.94,28.0,355.5,-0.079,0.9969,27.4,34.7,37.8,1.288,0.1473
25.355,92.615,1066.0,4.66,28.0,351.1,-0.1545,0.988,27.9,34.0,38.1,1.299,0.0625
25.355,92.62,1006.0,10.39,28.0,187.6,-0.1323,-0.9912,29.6,31.5,38.9,1.292,0.1396
25.355,92.625,883.0,9.9,28.0,190.1,-0.175,-0.9846,25.7,35.2,39.1,1.287,0.1336
25.355,92.63,833.0,3.42,28.0,139.8,0.6456,-0.7636,28.0,33.4,38.6,1.29,0.0462
25.355,92.635,837.0,3.63,28.0,215.5,-0.5806,-0.8142,28.7,33.1,38.2,1.29,0.0491
25.355,92.64,781.0,1.25,28.0,82.1,0.9906,0.1369,28.2,32.1,39.7,1.29,0.0169
25.355,92.645,840.0,9.74,28.0,60.9,0.8739,0.486,29.6,30.7,39.7,1.285,0.1317
25.355,92.65,865.0,4.43,28.0,143.8,0.5908,-0.8068,27.9,32.5,39.6,1.291,0.0598
25.355,92.655,777.0,4.65,28.0,131.3,0.7515,-0.6598,27.8,35.9,36.3,1.287,0.063
25.355,92.66,811.0,7.92,28.0,2.2,0.0387,0.9992,28.7,34.1,37.2,1.286,0.1071
25.355,92.665,917.0,9.63,28.0,12.2,0.2117,0.9773,28.1,34.1,37.8,1.289,0.1298
25.355,92.67,978.0,9.26,28.0,75.9,0.9699,0.2437,27.5,34.5,38.0,1.291,0.1246
25.355,92.675,957.0,8.2,28.0,60.7,0.8722,0.4891,28.6,34.7,36.7,1.291,0.1105
25.355,92.68,1049.0,3.45,28.0,8.6,0.1491,0.9888,27.2,33.9,38.9,1.299,0.0463
25.355,92.685,1017.0,2.79,28.0,115.4,0.9037,-0.4282,27.3,32.4,40.3,1.298,0.0375
25.355,92.69,1028.0,1.14,28.0,180.0,0.0,-1.0,27.4,32.9,39.7,1.3,0.0153
25.355,92.695,997.0,4.41,28.0,252.8,-0.9551,-0.2962,29.6,35.7,34.7,1.296,0.0593
25.355,92.7,1005.0,1.23,28.0,345.5,-0.2502,0.9682,24.1,33.8,42.0,1.299,0.0165
25.355,92.705,1018.0,6.12,28.0,166.4,0.2345,-0.9721,28.5,37.1,34.4,1.296,0.0823
25.355,92.71,900.0,12.45,28.0,171.8,0.1424,-0.9898,28.0,34.3,37.6,1.286,0.1676
25.355,92.715,798.0,5.23,28.0,162.9,0.2947,-0.9556,26.0,35.9,38.1,1.288,0.0708
25.355,92.72,812.0,1.79,28.0,37.2,0.605,0.7963,28.4,31.3,40.3,1.291,0.0242
25.355,92.725,823.0,9.58,28.0,344.9,-0.2609,0.9654,28.6,35.1,36.3,1.285,0.1295
25.355,92.73,976.0,5.42,28.0,32.0,0.5302,0.8479,28.7,34.5,36.7,1.295,0.0729
25.355,92.735,904.0,8.91,28.0,134.7,0.7108,-0.7034,24.8,33.6,41.6,1.289,0.1202
25.355,92.74,865.0,10.61,28.0,122.4,0.8444,-0.5357,29.6,35.0,35.4,1.286,0.1432
25.355,92.745,803.0,4.32,28.0,110.0,0.9397,-0.3419,27.1,34.5,38.4,1.289,0.0584
25.355,92.75,839.0,4.82,28.0,336.8,-0.3943,0.919,28.8,32.2,39.0,1.29,0.0651
25.355,92.755,881.0,6.84,28.0,37.3,0.6067,0.795,28.9,36.3,34.8,1.29,0.0923
25.355,92.76,935.0,5.78,28.0,21.3,0.3636,0.9315,26.9,31.5,41.6,1.293,0.0779
25.355,92.765,976.0,2.74,28.0,5.4,0.0938,0.9956,28.8,35.6,35.6,1.297,0.0369
25.355,92.77,983.0,3.09,28.0,45.7,0.7153,0.6989,27.5,34.3,38.1,1.297,0.0416
25.355,92.775,1014.0,1.99,28.0,358.5,-0.0258,0.9997,25.5,32.4,42.1,1.299,0.0267
25.355,92.78,1018.0,1.77,28.0,195.2,-0.2619,-0.9651,29.4,31.9,38.7,1.299,0.0238
25.355,92.785,984.0,6.14,28.0,198.0,-0.309,-0.9511,27.1,32.9,40.1,1.294,0.0827
25.355,92.79,915.0,1.31,28.0,55.6,0.8252,0.5648,27.0,32.1,40.9,1.296,0.0176
25.355,92.795,997.0,6.76,28.0,8.7,0.1515,0.9885,27.5,33.7,38.8,1.294,0.091
25.355,92.8,1033.0,3.04,28.0,71.4,0.948,0.3182,28.3,34.7,37.0,1.299,0.0408
25.355,92.805,1014.0,1.17,28.0,255.9,-0.9699,-0.2437,27.9,35.3,36.8,1.3,0.0157
25.355,92.81,1028.0,0.81,28.0,304.2,-0.8268,0.5625,28.7,32.5,38.8,1.3,0.0109
25.355,92.815,1022.0,1.2,28.0,184.9,-0.0858,-0.9963,26.4,31.1,42.6,1.3,0.0161
25.355,92.82,1007.0,6.63,28.0,202.7,-0.3862,-0.9224,27.1,32.9,39.9,1.295,0.0892
25.355,92.825,914.0,6.4,28.0,214.6,-0.5682,-0.8229,27.9,33.4,38.7,1.291,0.0863
25.355,92.83,914.0,6.12,28.0,254.4,-0.9633,-0.2686,30.3,32.1,37.6,1.291,0.0826
25.355,92.835,885.0,6.31,28.0,272.6,-0.999,0.0449,27.9,31.9,40.2,1.29,0.0852
25.355,92.84,919.0,1.96,28.0,265.0,-0.9962,-0.087,29.3,35.7,35.0,1.295,0.0264
25.355,92.845,882.0,8.28,28.0,195.8,-0.2716,-0.9624,28.0,34.7,37.3,1.288,0.1118
25.355,92.85,778.0,11.56,28.0,179.5,0.0088,-1.0,27.4,33.8,38.7,1.281,0.1564
25.355,92.855,676.0,6.21,28.0,185.7,-0.0991,-0.9951,27.7,34.9,37.4,1.282,0.0844
25.355,92.86,669.0,3.95,28.0,261.7,-0.9896,-0.144,27.8,31.3,40.9,1.283,0.0537
25.355,92.865,666.0,1.81,28.0,199.9,-0.3402,-0.9403,28.7,30.8,40.4,1.285,0.0246
25.355,92.87,639.0,6.31,28.0,267.9,-0.9994,-0.0359,29.6,32.5,37.9,1.28,0.0859
25.355,92.875,662.0,7.93,28.0,323.6,-0.593,0.8052,28.4,36.6,35.0,1.28,0.1078
25.355,92.88,752.0,0.59,28.0,286.8,-0.9574,0.2887,29.4,31.8,38.8,1.29,0.008
25.355,92.885,665.0,6.13,28.0,168.4,0.2006,-0.9797,26.8,30.0,43.2,1.281,0.0834
25.355,92.89,646.0,4.88,28.0,134.3,0.7158,-0.6983,27.5,35.1,37.4,1.282,0.0664
25.355,92.895,605.0,8.12,28.0,171.3,0.1511,-0.9885,27.1,33.7,39.2,1.277,0.1106
25.355,92.9,504.0,5.2,28.0,93.8,0.9979,-0.0655,28.4,30.6,41.0,1.276,0.071
25.355,92.905,599.0,9.19,28.0,67.2,0.9221,0.3869,27.6,34.0,38.5,1.276,0.1252
25.355,92.91,567.0,7.18,28.0,129.7,0.7698,-0.6383,28.9,34.7,36.4,1.277,0.0979
25.355,92.915,518.0,7.68,28.0,160.5,0.3331,-0.9429,26.9,34.7,38.5,1.274,0.1049
25.355,92.92,439.0,7.02,28.0,148.8,0.5182,-0.8553,28.1,36.6,35.4,1.272,0.0961
25.355,92.925,412.0,12.36,28.0,144.7,0.5781,-0.816,28.8,34.0,37.2,1.266,0.1691
25.355,92.93,259.0,3.25,28.0,183.6,-0.0633,-0.998,25.5,32.9,41.5,1.268,0.0447
25.355,92.935,355.0,9.41,28.0,17.7,0.3035,0.9528,30.5,33.5,36.0,1.266,0.1291
25.355,92.94,418.0,9.42,28.0,357.8,-0.0379,0.9993,27.7,32.2,40.1,1.269,0.129
25.355,92.945,522.0,8.92,28.0,359.7,-0.0057,1.0,25.6,35.7,38.7,1.273,0.1218
25.355,92.95,576.0,4.87,28.0,48.4,0.7479,0.6638,28.2,34.0,37.8,1.279,0.0664
25.355,92.955,579.0,1.54,28.0,178.1,0.0335,-0.9994,28.0,32.8,39.1,1.282,0.021
25.355,92.96,549.0,6.29,28.0,181.9,-0.0326,-0.9995,27.9,34.3,37.8,1.277,0.0858
25.355,92.965,468.0,3.96,28.0,243.6,-0.8956,-0.4449,29.2,32.0,38.8,1.275,0.0542
25.355,92.97,518.0,3.6,28.0,283.7,-0.9715,0.2369,28.9,31.5,39.7,1.278,0.0491
25.355,92.975,483.0,2.41,28.0,286.4,-0.9592,0.2828,28.4,32.7,38.9,1.277,0.0329
25.355,92.98,530.0,3.78,28.0,96.9,0.9927,-0.1203,28.5,34.7,36.7,1.278,0.0516
25.355,92.985,475.0,8.61,28.0,130.0,0.7657,-0.6432,27.9,36.7,35.4,1.272,0.1177
25.355,92.99,432.0,7.29,28.0,104.4,0.9687,-0.2483,30.1,35.1,34.7,1.271,0.0998
25.355,92.995,443.0,9.81,28.0,82.7,0.992,0.1263,26.2,34.7,39.1,1.27,0.1342
25.36,92.5,944.0,8.99,28.0,14.8,0.2555,0.9668,28.2,34.8,37.0,1.29,0.1211
25.36,92.505,1021.0,5.11,28.0,40.0,0.6427,0.7661,28.1,33.4,38.5,1.297,0.0687
25.36,92.51,1013.0,5.81,28.0,62.0,0.8833,0.4688,29.0,32.0,39.0,1.296,0.0781
25.36,92.515,1069.0,6.69,28.0,46.0,0.7198,0.6942,27.0,33.8,39.2,1.297,0.0898
25.36,92.52,1095.0,4.15,28.0,179.3,0.0124,-0.9999,25.9,31.1,43.0,1.3,0.0557
25.36,92.525,996.0,10.95,28.0,200.9,-0.3574,-0.934,28.2,34.7,37.1,1.291,0.1471
25.36,92.53,913.0,7.45,28.0,225.0,-0.7077,-0.7065,28.3,36.4,35.2,1.29,0.1005
25.36,92.535,903.0,5.82,28.0,275.6,-0.9952,0.0974,29.8,34.8,35.4,1.291,0.0785
25.36,92.54,923.0,8.17,28.0,284.0,-0.9702,0.2422,26.5,32.8,40.7,1.29,0.1102
25.36,92.545,938.0,5.77,28.0,258.1,-0.9784,-0.2065,29.4,33.4,37.2,1.293,0.0778
25.36,92.55,902.0,5.36,28.0,216.4,-0.5937,-0.8047,30.8,32.2,37.0,1.292,0.0723
25.36,92.555,862.0,2.91,28.0,184.1,-0.0708,-0.9975,27.5,32.7,39.8,1.292,0.0393
25.36,92.56,851.0,2.38,28.0,21.5,0.3668,0.9303,26.5,34.2,39.4,1.292,0.0321
25.36,92.565,901.0,5.21,28.0,14.3,0.2462,0.9692,27.5,34.4,38.1,1.292,0.0703
25.36,92.57,940.0,8.56,28.0,14.2,0.2446,0.9696,28.0,38.0,34.0,1.29,0.1154
25.36,92.575,1048.0,11.07,28.0,354.5,-0.0965,0.9953,28.7,36.7,34.6,1.293,0.1485
25.36,92.58,1136.0,2.62,28.0,347.5,-0.2159,0.9764,27.3,33.0,39.7,1.303,0.0351
25.36,92.585,1093.0,9.85,28.0,147.8,0.5327,-0.8463,29.9,35.6,34.5,1.296,0.132
25.36,92.59,988.0,9.97,28.0,141.8,0.6186,-0.7857,26.7,34.4,39.0,1.291,0.1341
25.36,92.595,954.0,7.96,28.0,141.4,0.6235,-0.7818,25.9,32.4,41.7,1.292,0.1072
25.36,92.6,878.0,2.41,28.0,135.1,0.7053,-0.7089,29.3,34.6,36.1,1.293,0.0325
25.36,92.605,924.0,5.79,28.0,357.5,-0.0443,0.999,25.3,35.1,39.7,1.292,0.0781
25.36,92.61,980.0,8.68,28.0,5.7,0.1,0.995,27.8,34.0,38.3,1.292,0.1168
25.36,92.615,1077.0,6.03,28.0,52.3,0.7913,0.6115,31.7,34.0,34.2,1.298,0.0809
25.36,92.62,1045.0,7.96,28.0,201.5,-0.3662,-0.9305,28.0,36.0,36.0,1.295,0.1069
25.36,92.625,946.0,11.7,28.0,202.2,-0.3775,-0.926,26.7,36.4,37.0,1.288,0.1574
25.36,92.63,852.0,6.49,28.0,241.3,-0.877,-0.4805,27.9,31.5,40.5,1.289,0.0877
25.36,92.635,891.0,2.17,28.0,199.4,-0.3318,-0.9433,27.9,32.9,39.1,1.294,0.0293
25.36,92.64,816.0,7.03,28.0,190.9,-0.1893,-0.9819,28.2,33.6,38.2,1.287,0.0951
25.36,92.645,769.0,3.56,28.0,65.5,0.9098,0.4151,28.8,34.6,36.6,1.288,0.0482
25.36,92.65,842.0,4.12,28.0,86.0,0.9976,0.0689,26.8,34.6,38.6,1.29,0.0557
25.36,92.655,774.0,2.86,28.0,211.4,-0.5208,-0.8537,30.0,34.7,35.2,1.289,0.0387
25.36,92.66,799.0,8.08,28.0,19.2,0.329,0.9443,28.3,32.5,39.2,1.285,0.1094
25.36,92.665,909.0,5.93,28.0,48.8,0.7519,0.6593,28.9,32.4,38.7,1.291,0.08
25.36,92.67,868.0,10.31,28.0,93.8,0.9979,-0.0655,27.2,36.4,36.3,1.286,0.1392
25.36,92.675,897.0,9.65,28.0,30.8,0.5125,0.8587,29.5,33.7,36.8,1.288,0.1301
25.36,92.68,1015.0,8.16,28.0,41.6,0.6639,0.7478,27.7,31.9,40.4,1.294,0.1097
25.36,92.685,1005.0,3.34,28.0,99.8,0.9854,-0.1702,28.3,33.7,38.0,1.297,0.0449
25.36,92.69,1005.0,2.25,28.0,45.0,0.7076,0.7066,26.9,31.8,41.3,1.298,0.0302
25.36,92.695,1033.0,0.46,28.0,51.7,0.7848,0.6198,26.8,34.8,38.4,1.301,0.0062
25.36,92.7,1010.0,6.13,28.0,143.6,0.5939,-0.8046,28.8,34.1,37.1,1.295,0.0825
25.36,92.705,946.0,6.43,28.0,154.0,0.4384,-0.8988,27.5,34.0,38.6,1.292,0.0867
25.36,92.71,908.0,10.71,28.0,175.9,0.0712,-0.9975,27.0,34.3,38.7,1.287,0.1444
25.36,92.715,756.0,5.23,28.0,167.5,0.2159,-0.9764,27.2,35.8,37.0,1.286,0.0709
25.36,92.72,818.0,8.37,28.0,2.8,0.0488,0.9988,28.8,34.8,36.4,1.286,0.1132
25.36,92.725,904.0,8.36,28.0,340.0,-0.3424,0.9396,27.2,33.6,39.1,1.289,0.1128
25.36,92.73,957.0,4.0,28.0,120.7,0.8597,-0.5107,27.9,31.9,40.3,1.295,0.0539
25.36,92.735,868.0,11.12,28.0,170.3,0.1691,-0.9856,28.0,34.9,37.1,1.285,0.1501
25.36,92.74,762.0,7.37,28.0,129.6,0.7707,-0.6372,25.7,32.5,41.8,1.284,0.0999
25.36,92.745,785.0,3.64,28.0,356.8,-0.0564,0.9984,26.2,34.5,39.3,1.288,0.0493
25.36,92.75,826.0,4.98,28.0,305.5,-0.8139,0.581,28.4,30.6,41.0,1.289,0.0673
25.36,92.755,836.0,8.38,28.0,330.4,-0.4938,0.8696,27.1,34.0,38.9,1.286,0.1133
25.36,92.76,955.0,8.35,28.0,342.6,-0.2999,0.954,29.3,35.1,35.6,1.291,0.1125
25.36,92.765,977.0,2.05,28.0,340.9,-0.3268,0.9451,29.2,33.1,37.8,1.297,0.0276
25.36,92.77,989.0,1.7,28.0,326.9,-0.5457,0.838,28.9,31.4,39.8,1.298,0.0229
25.36,92.775,1002.0,2.23,28.0,54.0,0.809,0.5878,30.2,33.6,36.2,1.298,0.03
25.36,92.78,1012.0,0.89,28.0,163.2,0.2887,-0.9574,27.9,30.9,41.2,1.3,0.0119
25.36,92.785,987.0,3.75,28.0,197.5,-0.3012,-0.9536,28.8,33.0,38.3,1.296,0.0505
25.36,92.79,949.0,1.69,28.0,235.2,-0.8207,-0.5713,27.3,33.4,39.3,1.297,0.0227
25.36,92.795,970.0,1.21,28.0,19.9,0.3402,0.9403,30.9,33.0,36.0,1.298,0.0163
25.36,92.8,969.0,3.29,28.0,14.5,0.2502,0.9682,30.4,31.9,37.8,1.296,0.0443
25.36,92.805,1026.0,3.22,28.0,17.7,0.3033,0.9529,28.0,34.7,37.3,1.298,0.0433
25.36,92.81,1023.0,0.58,28.0,141.6,0.6206,-0.7841,28.5,32.3,39.3,1.3,0.0078
25.36,92.815,1018.0,0.92,28.0,173.5,0.1123,-0.9937,29.6,33.4,37.0,1.3,0.0124
25.36,92.82,1007.0,5.28,28.0,171.1,0.1554,-0.9879,27.8,35.7,36.5,1.296,0.071
25.36,92.825,926.0,2.4,28.0,226.7,-0.7275,-0.6861,27.2,34.3,38.5,1.295,0.0323
25.36,92.83,978.0,1.05,28.0,336.9,-0.3916,0.9201,29.0,34.0,37.0,1.298,0.0141
25.36,92.835,943.0,3.47,28.0,181.7,-0.0296,-0.9996,28.1,33.2,38.7,1.295,0.0467
25.36,92.84,917.0,3.74,28.0,123.1,0.8375,-0.5465,28.2,34.2,37.6,1.294,0.0504
25.36,92.845,907.0,6.15,28.0,160.0,0.3417,-0.9398,27.0,34.0,39.0,1.291,0.083
25.36,92.85,815.0,7.21,28.0,184.5,-0.0781,-0.9969,25.9,32.1,42.0,1.287,0.0975
25.36,92.855,780.0,5.88,28.0,241.8,-0.8812,-0.4727,28.3,34.0,37.7,1.286,0.0797
25.36,92.86,766.0,7.99,28.0,197.1,-0.2945,-0.9556,29.1,34.5,36.4,1.284,0.1083
25.36,92.865,645.0,5.25,28.0,221.7,-0.6654,-0.7465,27.7,34.3,38.0,1.281,0.0714
25.36,92.87,697.0,6.12,28.0,311.1,-0.7536,0.6573,29.7,33.4,36.8,1.283,0.0831
25.36,92.875,716.0,2.57,28.0,272.5,-0.999,0.0442,27.2,31.5,41.3,1.286,0.0349
25.36,92.88,699.0,6.63,28.0,120.9,0.8584,-0.513,26.7,34.8,38.5,1.282,0.0901
25.36,92.885,656.0,8.94,28.0,149.8,0.5023,-0.8647,27.9,32.4,39.7,1.279,0.1215
25.36,92.89,562.0,7.63,28.0,153.7,0.4424,-0.8968,27.9,36.2,35.9,1.276,0.1041
25.36,92.895,535.0,2.76,28.0,161.5,0.317,-0.9484,28.9,32.4,38.7,1.279,0.0376
25.36,92.9,516.0,8.42,28.0,225.7,-0.7162,-0.6979,27.1,34.6,38.3,1.274,0.1149
25.36,92.905,431.0,5.36,28.0,138.7,0.6602,-0.7511,29.6,34.3,36.1,1.273,0.0734
25.36,92.91,445.0,4.66,28.0,75.9,0.9699,0.2437,30.4,34.1,35.5,1.274,0.0638
25.36,92.915,451.0,4.12,28.0,94.7,0.9966,-0.0826,28.0,31.0,41.1,1.275,0.0563
25.36,92.92,439.0,8.9,28.0,110.8,0.9348,-0.3551,29.5,35.6,34.9,1.27,0.1218
25.36,92.925,395.0,10.35,28.0,131.6,0.748,-0.6637,26.7,35.2,38.1,1.267,0.1418
25.36,92.93,317.0,8.44,28.0,169.5,0.1815,-0.9834,29.3,33.3,37.4,1.266,0.1159
25.36,92.935,248.0,7.86,28.0,338.2,-0.3711,0.9286,29.3,33.0,37.8,1.263,0.1083
25.36,92.94,446.0,15.39,28.0,344.5,-0.2676,0.9635,29.0,35.6,35.4,1.265,0.2098
25.36,92.945,515.0,5.04,28.0,43.9,0.6929,0.721,28.0,31.4,40.6,1.276,0.0688
25.36,92.95,510.0,3.36,28.0,35.6,0.5822,0.8131,24.5,35.5,40.1,1.278,0.0459
25.36,92.955,563.0,4.15,28.0,40.0,0.6431,0.7658,27.2,35.3,37.4,1.279,0.0566
25.36,92.96,566.0,2.57,28.0,120.6,0.8608,-0.509,27.2,33.4,39.4,1.28,0.035
25.36,92.965,540.0,3.37,28.0,244.0,-0.899,-0.438,26.8,32.6,40.6,1.279,0.046
25.36,92.97,540.0,1.19,28.0,128.6,0.7814,-0.624,28.1,32.0,39.8,1.281,0.0162
25.36,92.975,527.0,5.08,28.0,248.4,-0.9296,-0.3686,27.5,34.5,38.0,1.277,0.0693
25.36,92.98,507.0,4.75,28.0,165.6,0.2488,-0.9686,27.0,35.9,37.1,1.276,0.0649
25.36,92.985,446.0,6.71,28.0,174.7,0.0916,-0.9958,26.7,32.9,40.3,1.272,0.0919
25.36,92.99,389.0,5.66,28.0,191.0,-0.1903,-0.9817,27.1,31.8,41.0,1.271,0.0776
25.36,92.995,348.0,4.67,28.0,175.0,0.0879,-0.9961,29.3,35.6,35.1,1.27,0.0641
25.365,92.5,948.0,1.48,28.0,356.0,-0.0694,0.9976,27.2,29.7,43.1,1.297,0.0199
25.365,92.505,961.0,3.36,28.0,78.3,0.9792,0.203,27.4,31.4,41.2,1.296,0.0452
25.365,92.51,960.0,4.91,28.0,41.2,0.6592,0.752,27.5,32.9,39.6,1.294,0.0661
25.365,92.515,1026.0,9.21,28.0,45.2,0.7095,0.7047,28.4,32.1,39.5,1.293,0.1238
25.365,92.52,1075.0,6.03,28.0,70.8,0.9443,0.3292,28.5,35.3,36.2,1.298,0.0809
25.365,92.525,1061.0,3.14,28.0,211.6,-0.5244,-0.8515,24.3,34.1,41.5,1.3,0.0421
25.365,92.53,1028.0,7.84,28.0,240.2,-0.8674,-0.4976,29.2,33.2,37.5,1.295,0.1053
25.365,92.535,992.0,6.36,28.0,262.3,-0.991,-0.1336,29.7,35.6,34.7,1.294,0.0856
25.365,92.54,1013.0,5.77,28.0,258.1,-0.9784,-0.2065,26.7,35.7,37.5,1.296,0.0776
25.365,92.545,971.0,6.18,28.0,216.1,-0.5895,-0.8078,26.8,33.5,39.7,1.294,0.0832
25.365,92.55,925.0,8.26,28.0,222.9,-0.6809,-0.7323,27.5,33.5,39.0,1.29,0.1114
25.365,92.555,864.0,6.17,28.0,231.3,-0.7809,-0.6246,27.1,37.0,35.9,1.289,0.0834
25.365,92.56,857.0,0.48,28.0,341.3,-0.3212,0.947,28.3,33.2,38.5,1.294,0.0065
25.365,92.565,872.0,3.61,28.0,352.6,-0.1281,0.9918,25.7,33.3,41.0,1.292,0.0487
25.365,92.57,920.0,10.47,28.0,341.0,-0.3256,0.9455,26.7,36.8,36.5,1.288,0.1411
25.365,92.575,1048.0,8.61,28.0,39.9,0.6409,0.7676,29.8,34.7,35.4,1.295,0.1156
25.365,92.58,1037.0,10.3,28.0,113.9,0.9146,-0.4045,26.9,34.0,39.1,1.293,0.1383
25.365,92.585,974.0,11.65,28.0,117.8,0.8842,-0.4671,29.5,35.2,35.3,1.289,0.1567
25.365,92.59,940.0,8.53,28.0,132.5,0.7371,-0.6758,28.4,35.8,35.7,1.29,0.115
25.365,92.595,872.0,5.44,28.0,138.7,0.6604,-0.751,25.8,30.5,43.7,1.29,0.0735
25.365,92.6,868.0,4.12,28.0,274.0,-0.9976,0.0689,28.8,32.7,38.6,1.291,0.0557
25.365,92.605,877.0,3.14,28.0,316.5,-0.6886,0.7251,27.9,34.9,37.2,1.292,0.0424
25.365,92.61,908.0,5.73,28.0,18.3,0.3132,0.9497,27.5,32.8,39.8,1.292,0.0773
25.365,92.615,973.0,9.35,28.0,20.8,0.3546,0.935,28.3,36.8,34.9,1.291,0.1258
25.365,92.62,1063.0,1.4,28.0,97.0,0.9925,-0.1219,28.6,34.5,36.9,1.301,0.0188
25.365,92.625,970.0,7.36,28.0,203.8,-0.4034,-0.915,28.8,33.9,37.3,1.293,0.0991
25.365,92.63,944.0,7.72,28.0,209.4,-0.4902,-0.8716,29.4,33.2,37.4,1.291,0.1041
25.365,92.635,851.0,7.81,28.0,172.5,0.1309,-0.9914,28.5,33.7,37.9,1.288,0.1055
25.365,92.64,807.0,4.48,28.0,200.1,-0.3443,-0.9389,26.3,37.2,36.5,1.289,0.0606
25.365,92.645,777.0,1.5,28.0,213.3,-0.5496,-0.8355,27.4,35.2,37.4,1.29,0.0203
25.365,92.65,785.0,1.65,28.0,356.4,-0.0623,0.9981,31.5,32.6,35.8,1.29,0.0223
25.365,92.655,806.0,4.9,28.0,252.5,-0.9536,-0.3012,28.9,32.4,38.7,1.288,0.0663
25.365,92.66,759.0,1.39,28.0,349.3,-0.1852,0.9827,30.8,32.5,36.6,1.289,0.0188
25.365,92.665,830.0,5.02,28.0,78.9,0.9814,0.1921,29.7,33.7,36.6,1.289,0.0679
25.365,92.67,776.0,5.17,28.0,70.8,0.9441,0.3296,28.3,31.5,40.2,1.287,0.07
25.365,92.675,860.0,9.92,28.0,18.6,0.3183,0.948,28.4,34.8,36.9,1.286,0.134
25.365,92.68,943.0,8.04,28.0,49.2,0.7567,0.6538,28.0,36.1,35.9,1.291,0.1083
25.365,92.685,953.0,9.43,28.0,71.2,0.9464,0.3229,25.9,31.8,42.3,1.29,0.127
25.365,92.69,997.0,5.88,28.0,69.1,0.9341,0.3571,28.0,34.8,37.2,1.295,0.0791
25.365,92.695,990.0,7.02,28.0,120.6,0.8612,-0.5083,29.5,35.9,34.6,1.294,0.0944
25.365,92.7,934.0,3.54,28.0,115.7,0.901,-0.4338,27.3,32.1,40.6,1.294,0.0477
25.365,92.705,963.0,3.65,28.0,139.7,0.6472,-0.7623,28.5,35.5,36.0,1.295,0.0492
25.365,92.71,885.0,10.87,28.0,165.4,0.2527,-0.9675,29.0,33.9,37.1,1.286,0.1466
25.365,92.715,776.0,4.88,28.0,199.7,-0.3365,-0.9417,26.9,34.0,39.1,1.287,0.0661
25.365,92.72,804.0,5.88,28.0,353.0,-0.122,0.9925,27.5,33.1,39.4,1.287,0.0796
25.365,92.725,879.0,6.26,28.0,18.1,0.3111,0.9504,26.8,33.2,40.0,1.29,0.0845
25.365,92.73,909.0,8.06,28.0,94.8,0.9964,-0.0842,27.0,33.2,39.8,1.29,0.1087
25.365,92.735,867.0,9.23,28.0,161.3,0.3206,-0.9472,26.5,35.5,38.0,1.287,0.1246
25.365,92.74,754.0,5.37,28.0,230.7,-0.7737,-0.6336,26.9,34.7,38.4,1.286,0.0728
25.365,92.745,807.0,9.26,28.0,358.1,-0.0331,0.9995,29.7,34.4,35.9,1.285,0.1252
25.365,92.75,918.0,9.66,28.0,334.7,-0.4273,0.9041,26.9,32.5,40.6,1.289,0.1302
25.365,92.755,962.0,8.16,28.0,297.2,-0.8894,0.4571,28.2,34.8,37.1,1.292,0.1099
25.365,92.76,984.0,1.56,28.0,350.5,-0.1652,0.9863,27.4,33.0,39.6,1.298,0.021
25.365,92.765,989.0,1.24,28.0,38.6,0.6238,0.7816,29.4,32.0,38.6,1.299,0.0167
25.365,92.77,1001.0,2.09,28.0,105.8,0.9621,-0.2727,29.6,35.4,35.1,1.298,0.0281
25.365,92.775,979.0,1.03,28.0,48.5,0.749,0.6625,29.0,29.9,41.0,1.298,0.0138
25.365,92.78,1013.0,2.18,28.0,45.1,0.7089,0.7054,28.4,29.3,42.4,1.299,0.0293
25.365,92.785,1006.0,4.14,28.0,192.9,-0.2235,-0.9747,27.7,32.0,40.3,1.297,0.0557
25.365,92.79,942.0,2.46,28.0,246.9,-0.9196,-0.3928,26.6,33.7,39.7,1.296,0.0331
25.365,92.795,989.0,4.5,28.0,341.3,-0.3199,0.9474,30.3,31.6,38.1,1.296,0.0605
25.365,92.8,1017.0,2.75,28.0,277.1,-0.9923,0.1242,27.1,31.3,41.6,1.298,0.037
25.365,92.805,995.0,1.51,28.0,81.3,0.9886,0.1508,28.8,33.8,37.4,1.299,0.0203
25.365,92.81,1021.0,2.5,28.0,55.4,0.8227,0.5685,29.3,33.4,37.4,1.299,0.0336
25.365,92.815,1020.0,3.09,28.0,123.6,0.8333,-0.5528,27.3,33.4,39.3,1.298,0.0415
25.365,92.82,991.0,4.85,28.0,147.4,0.5395,-0.842,29.2,34.5,36.3,1.296,0.0652
25.365,92.825,948.0,4.92,28.0,142.8,0.6052,-0.7961,28.9,32.7,38.4,1.294,0.0663
25.365,92.83,922.0,9.05,28.0,112.4,0.9249,-0.3803,30.1,33.8,36.1,1.289,0.122
25.365,92.835,887.0,8.47,28.0,115.3,0.9044,-0.4266,27.4,35.5,37.1,1.288,0.1144
25.365,92.84,858.0,7.01,28.0,111.8,0.9283,-0.3718,26.5,31.9,41.7,1.288,0.0948
25.365,92.845,841.0,8.19,28.0,118.4,0.8795,-0.4759,27.4,31.0,41.6,1.287,0.1107
25.365,92.85,789.0,4.57,28.0,142.7,0.6067,-0.795,28.3,32.6,39.2,1.288,0.0619
25.365,92.855,777.0,4.21,28.0,184.2,-0.0731,-0.9973,28.1,34.5,37.4,1.288,0.057
25.365,92.86,715.0,2.45,28.0,180.0,0.0,-1.0,27.5,33.0,39.4,1.287,0.0332
25.365,92.865,734.0,2.02,28.0,293.3,-0.9187,0.395,25.7,33.8,40.5,1.288,0.0274
25.365,92.87,729.0,3.91,28.0,108.7,0.9474,-0.3201,28.6,30.0,41.4,1.286,0.053
25.365,92.875,712.0,5.0,28.0,180.6,-0.0103,-0.9999,30.4,33.8,35.8,1.284,0.0679
25.365,92.88,641.0,7.83,28.0,167.2,0.2221,-0.975,28.6,35.1,36.4,1.279,0.1065
25.365,92.885,577.0,3.7,28.0,200.3,-0.3476,-0.9377,28.7,31.0,40.3,1.28,0.0504
25.365,92.89,580.0,3.75,28.0,279.6,-0.986,0.1666,28.7,34.3,37.0,1.28,0.0511
25.365,92.895,588.0,2.42,28.0,350.2,-0.1698,0.9855,28.5,32.5,39.0,1.282,0.0329
25.365,92.9,622.0,3.56,28.0,157.9,0.3757,-0.9267,29.1,37.6,33.3,1.282,0.0484
25.365,92.905,530.0,8.23,28.0,169.3,0.1864,-0.9825,28.5,30.9,40.6,1.274,0.1124
25.365,92.91,479.0,6.22,28.0,147.0,0.5443,-0.8389,27.6,35.7,36.7,1.274,0.085
25.365,92.915,438.0,14.31,28.0,142.2,0.6127,-0.7903,27.0,35.2,37.7,1.266,0.1952
25.365,92.92,276.0,11.67,28.0,148.8,0.5174,-0.8557,27.7,32.7,39.6,1.261,0.1604
25.365,92.925,260.0,4.69,28.0,124.7,0.822,-0.5695,28.4,32.5,39.2,1.266,0.0646
25.365,92.93,229.0,11.15,28.0,40.0,0.6428,0.7661,27.6,35.4,37.0,1.26,0.1535
25.365,92.935,412.0,15.09,28.0,356.8,-0.0566,0.9984,28.4,37.6,34.0,1.264,0.206
25.365,92.94,500.0,7.21,28.0,70.8,0.9441,0.3296,28.5,36.5,35.0,1.274,0.0985
25.365,92.945,454.0,5.99,28.0,68.9,0.9331,0.3597,29.0,35.7,35.3,1.273,0.082
25.365,92.95,538.0,4.3,28.0,344.8,-0.263,0.9648,29.5,31.7,38.8,1.278,0.0587
25.365,92.955,527.0,3.8,28.0,118.6,0.8783,-0.4781,28.1,34.7,37.2,1.278,0.0519
25.365,92.96,506.0,7.78,28.0,90.0,1.0,0.0,26.4,34.7,38.9,1.274,0.1063
25.365,92.965,527.0,1.13,28.0,107.5,0.9536,-0.3012,27.6,31.3,41.1,1.28,0.0154
25.365,92.97,500.0,3.51,28.0,39.0,0.6295,0.777,28.1,32.6,39.3,1.277,0.0479
25.365,92.975,575.0,3.62,28.0,83.7,0.9939,0.1099,25.8,31.9,42.3,1.28,0.0493
25.365,92.98,507.0,7.26,28.0,150.9,0.4868,-0.8735,29.7,34.0,36.3,1.274,0.0992
25.365,92.985,463.0,3.41,28.0,205.9,-0.4369,-0.8995,28.2,31.8,40.0,1.276,0.0466
25.365,92.99,453.0,3.84,28.0,245.5,-0.9101,-0.4143,28.5,31.5,40.1,1.275,0.0525
25.365,92.995,435.0,3.87,28.0,238.1,-0.8492,-0.5281,29.6,33.8,36.6,1.274,0.053
25.37,92.5,946.0,1.32,28.0,341.8,-0.3124,0.9499,27.2,33.3,39.5,1.297,0.0178
25.37,92.505,957.0,1.82,28.0,82.8,0.9921,0.1254,28.7,32.2,39.1,1.297,0.0245
25.37,92.51,950.0,0.93,28.0,167.3,0.2206,-0.9754,27.9,34.3,37.8,1.297,0.0125
25.37,92.515,941.0,4.49,28.0,64.6,0.903,0.4297,27.8,32.8,39.4,1.294,0.0605
25.37,92.52,984.0,8.47,28.0,54.5,0.8144,0.5803,27.1,33.8,39.1,1.292,0.114
25.37,92.525,1028.0,7.43,28.0,61.8,0.8815,0.4721,30.0,35.0,35.0,1.295,0.0999
25.37,92.53,1046.0,4.47,28.0,91.5,0.9997,-0.0254,27.5,33.0,39.5,1.298,0.06
25.37,92.535,1026.0,2.77,28.0,105.5,0.9639,-0.2664,28.8,32.9,38.3,1.299,0.0372
25.37,92.54,1033.0,3.48,28.0,106.1,0.9606,-0.2778,25.7,29.1,45.1,1.298,0.0468
25.37,92.545,1009.0,2.16,28.0,236.4,-0.8333,-0.5528,29.4,32.6,38.0,1.299,0.029
25.37,92.55,1012.0,4.65,28.0,229.7,-0.7622,-0.6473,29.3,30.5,40.2,1.297,0.0625
25.37,92.555,956.0,9.69,28.0,203.2,-0.3945,-0.9189,28.1,32.8,39.1,1.29,0.1305
25.37,92.56,854.0,2.62,28.0,176.6,0.0589,-0.9983,27.7,30.7,41.6,1.292,0.0354
25.37,92.565,910.0,8.67,28.0,355.3,-0.0825,0.9966,28.5,32.7,38.8,1.289,0.1169
25.37,92.57,1007.0,3.43,28.0,299.8,-0.8681,0.4964,30.7,32.1,37.2,1.297,0.0461
25.37,92.575,940.0,7.19,28.0,116.2,0.8975,-0.441,25.9,33.2,40.9,1.292,0.0969
25.37,92.58,951.0,8.98,28.0,108.3,0.9493,-0.3143,28.9,35.4,35.7,1.291,0.1209
25.37,92.585,890.0,7.63,28.0,129.6,0.7707,-0.6372,26.9,34.4,38.7,1.289,0.103
25.37,92.59,865.0,2.14,28.0,99.2,0.9872,-0.1597,28.0,29.7,42.3,1.293,0.0289
25.37,92.595,884.0,7.13,28.0,317.6,-0.6747,0.7381,27.7,34.0,38.3,1.289,0.0963
25.37,92.6,958.0,8.14,28.0,304.7,-0.8223,0.5691,27.5,34.6,37.9,1.292,0.1096
25.37,92.605,966.0,9.36,28.0,265.5,-0.9969,-0.0783,28.0,34.0,38.0,1.291,0.126
25.37,92.61,945.0,7.19,28.0,291.2,-0.9322,0.3619,26.6,33.8,39.5,1.292,0.0969
25.37,92.615,1012.0,4.15,28.0,359.3,-0.0124,0.9999,29.2,33.4,37.4,1.297,0.0558
25.37,92.62,1018.0,7.94,28.0,93.3,0.9984,-0.057,25.8,35.3,38.9,1.294,0.1068
25.37,92.625,1004.0,6.08,28.0,149.0,0.5143,-0.8576,28.6,31.3,40.1,1.295,0.0818
25.37,92.63,926.0,7.53,28.0,179.6,0.0068,-1.0,27.6,33.6,38.8,1.291,0.1015
25.37,92.635,871.0,6.88,28.0,228.8,-0.7523,-0.6588,26.6,36.1,37.3,1.289,0.0929
25.37,92.64,846.0,6.08,28.0,216.7,-0.5983,-0.8013,28.2,35.7,36.0,1.289,0.0822
25.37,92.645,785.0,4.27,28.0,268.5,-0.9996,-0.0266,26.1,34.4,39.5,1.288,0.0578
25.37,92.65,844.0,9.06,28.0,299.9,-0.8672,0.498,28.0,35.2,36.7,1.286,0.1224
25.37,92.655,865.0,5.19,28.0,244.1,-0.8994,-0.4371,26.3,35.9,37.8,1.29,0.0701
25.37,92.66,804.0,7.42,28.0,246.6,-0.9179,-0.3968,28.6,36.9,34.6,1.286,0.1004
25.37,92.665,813.0,2.21,28.0,217.2,-0.6044,-0.7967,26.9,32.4,40.7,1.291,0.0299
25.37,92.67,773.0,1.87,28.0,312.0,-0.743,0.6693,27.5,31.0,41.5,1.289,0.0253
25.37,92.675,835.0,8.5,28.0,35.2,0.5767,0.8169,28.4,33.9,37.8,1.286,0.1149
25.37,92.68,896.0,6.01,28.0,92.7,0.9989,-0.0472,27.1,38.2,34.7,1.291,0.0811
25.37,92.685,830.0,7.93,28.0,89.2,0.9999,0.0143,27.9,31.8,40.3,1.287,0.1072
25.37,92.69,898.0,8.7,28.0,56.5,0.8339,0.5519,26.2,33.6,40.2,1.289,0.1173
25.37,92.695,915.0,4.38,28.0,49.6,0.7618,0.6479,28.8,31.0,40.2,1.293,0.0591
25.37,92.7,948.0,0.86,28.0,176.5,0.0602,-0.9982,30.1,32.4,37.5,1.297,0.0116
25.37,92.705,900.0,6.37,28.0,146.8,0.5475,-0.8368,31.4,31.9,36.8,1.291,0.0859
25.37,92.71,854.0,7.05,28.0,154.1,0.436,-0.8999,28.1,33.7,38.2,1.288,0.0953
25.37,92.715,788.0,1.99,28.0,129.0,0.7768,-0.6298,28.9,29.6,41.4,1.29,0.0269
25.37,92.72,832.0,5.04,28.0,28.6,0.4785,0.8781,25.9,34.3,39.9,1.289,0.0682
25.37,92.725,866.0,1.88,28.0,165.7,0.2465,-0.9691,29.8,34.3,35.9,1.293,0.0254
25.37,92.73,800.0,4.54,28.0,134.5,0.7132,-0.7009,28.9,32.6,38.4,1.288,0.0615
25.37,92.735,810.0,6.47,28.0,67.9,0.9264,0.3764,27.4,33.5,39.1,1.287,0.0876
25.37,92.74,843.0,4.95,28.0,257.4,-0.9759,-0.2181,29.5,33.1,37.4,1.29,0.0669
25.37,92.745,791.0,3.93,28.0,337.7,-0.3792,0.9253,27.7,33.3,39.0,1.288,0.0532
25.37,92.75,907.0,11.64,28.0,25.6,0.4319,0.9019,27.5,35.0,37.5,1.287,0.1568
25.37,92.755,978.0,3.74,28.0,36.3,0.5916,0.8062,28.6,34.1,37.3,1.296,0.0503
25.37,92.76,960.0,8.28,28.0,96.3,0.994,-0.1092,26.7,36.1,37.2,1.292,0.1115
25.37,92.765,962.0,1.89,28.0,107.5,0.9536,-0.3012,29.2,31.3,39.5,1.297,0.0254
25.37,92.77,950.0,1.99,28.0,44.3,0.6988,0.7153,26.7,32.1,41.2,1.296,0.0268
25.37,92.775,987.0,2.07,28.0,331.8,-0.4731,0.881,26.7,33.9,39.4,1.298,0.0278
25.37,92.78,982.0,1.17,28.0,28.9,0.4838,0.8752,26.9,30.2,42.9,1.298,0.0157
25.37,92.785,1005.0,0.95,28.0,49.0,0.7549,0.6558,28.9,29.3,41.8,1.299,0.0128
25.37,92.79,993.0,3.26,28.0,263.0,-0.9925,-0.1219,27.3,33.2,39.5,1.297,0.0438
25.37,92.795,998.0,1.71,28.0,344.3,-0.2703,0.9628,26.4,33.2,40.4,1.298,0.023
25.37,92.8,1022.0,1.7,28.0,91.9,0.9994,-0.0335,27.3,31.4,41.4,1.299,0.0228
25.37,92.805,997.0,2.28,28.0,166.9,0.2259,-0.9741,28.0,31.7,40.3,1.298,0.0306
25.37,92.81,983.0,2.64,28.0,128.7,0.7803,-0.6254,26.6,31.6,41.9,1.297,0.0355
25.37,92.815,968.0,3.49,28.0,116.1,0.8982,-0.4396,26.6,31.6,41.8,1.296,0.047
25.37,92.82,956.0,5.81,28.0,167.3,0.2206,-0.9754,30.5,34.6,34.9,1.293,0.0783
25.37,92.825,868.0,9.36,28.0,148.8,0.5177,-0.8556,27.0,32.7,40.3,1.287,0.1264
25.37,92.83,814.0,7.93,28.0,122.3,0.845,-0.5348,27.6,33.7,38.7,1.286,0.1073
25.37,92.835,793.0,8.94,28.0,98.7,0.9884,-0.1516,27.6,33.0,39.4,1.284,0.121
25.37,92.84,790.0,4.77,28.0,108.7,0.947,-0.3212,27.5,31.1,41.4,1.288,0.0646
25.37,92.845,766.0,5.34,28.0,107.9,0.9514,-0.3081,28.7,34.7,36.5,1.286,0.0724
25.37,92.85,761.0,3.97,28.0,73.4,0.9581,0.2863,29.1,32.3,38.6,1.287,0.0538
25.37,92.855,786.0,2.59,28.0,83.7,0.9939,0.1099,27.6,33.0,39.4,1.289,0.0351
25.37,92.86,766.0,6.17,28.0,164.6,0.2657,-0.964,26.5,31.4,42.1,1.285,0.0836
25.37,92.865,681.0,9.16,28.0,150.3,0.4958,-0.8684,29.5,33.3,37.1,1.28,0.1244
25.37,92.87,625.0,8.82,28.0,76.7,0.9731,0.2305,27.9,35.5,36.6,1.278,0.12
25.37,92.875,717.0,4.83,28.0,62.0,0.8825,0.4702,30.1,37.2,32.8,1.285,0.0655
25.37,92.88,665.0,2.63,28.0,218.8,-0.6266,-0.7794,25.3,29.7,45.0,1.284,0.0357
25.37,92.885,681.0,1.97,28.0,153.6,0.4443,-0.8959,28.2,32.2,39.5,1.286,0.0267
25.37,92.89,634.0,7.86,28.0,172.9,0.1236,-0.9923,30.3,34.7,35.0,1.279,0.1069
25.37,92.895,543.0,8.78,28.0,157.8,0.378,-0.9258,27.6,33.4,39.0,1.274,0.1198
25.37,92.9,490.0,17.34,28.0,116.9,0.8921,-0.4518,27.7,37.9,34.4,1.265,0.2356
25.37,92.905,401.0,10.51,28.0,126.5,0.8041,-0.5945,28.4,33.5,38.1,1.267,0.144
25.37,92.91,379.0,9.88,28.0,135.0,0.7069,-0.7074,27.3,34.9,37.8,1.267,0.1354
25.37,92.915,277.0,5.3,28.0,129.2,0.775,-0.6319,27.6,32.6,39.7,1.267,0.0729
25.37,92.92,320.0,9.2,28.0,285.3,-0.9646,0.2636,27.6,36.3,36.1,1.265,0.1264
25.37,92.925,320.0,11.32,28.0,224.4,-0.6999,-0.7143,27.2,34.0,38.7,1.263,0.1554
25.37,92.93,176.0,7.9,28.0,246.8,-0.9193,-0.3937,29.5,33.6,36.9,1.26,0.1091
25.37,92.935,265.0,10.95,28.0,45.3,0.7107,0.7035,28.6,36.3,35.1,1.261,0.1506
25.37,92.94,313.0,11.53,28.0,46.6,0.7269,0.6868,28.3,33.5,38.2,1.263,0.1583
25.37,92.945,406.0,12.32,28.0,354.6,-0.0946,0.9955,29.0,35.4,35.6,1.266,0.1685
25.37,92.95,532.0,5.23,28.0,357.2,-0.0491,0.9988,27.7,30.7,41.7,1.277,0.0714
25.37,92.955,498.0,7.02,28.0,162.2,0.3064,-0.9519,27.1,32.2,40.7,1.274,0.0959
25.37,92.96,414.0,5.97,28.0,78.5,0.9799,0.1996,27.3,34.2,38.6,1.272,0.0818
25.37,92.965,519.0,5.25,28.0,26.1,0.4403,0.8979,28.0,31.9,40.1,1.276,0.0717
25.37,92.97,497.0,4.33,28.0,144.4,0.5815,-0.8135,26.7,32.3,40.9,1.276,0.0592
25.37,92.975,457.0,12.78,28.0,105.0,0.9661,-0.2583,27.4,36.1,36.5,1.268,0.1745
25.37,92.98,438.0,8.74,28.0,83.3,0.9932,0.1163,27.4,33.5,39.2,1.27,0.1196
25.37,92.985,475.0,1.22,28.0,332.4,-0.4639,0.8859,30.5,33.6,35.9,1.278,0.0167
25.37,92.99,457.0,3.75,28.0,162.5,0.3012,-0.9536,24.7,33.3,42.0,1.275,0.0513
25.37,92.995,412.0,7.82,28.0,130.6,0.759,-0.6511,27.8,34.7,37.5,1.27,0.1071
25.375,92.5,956.0,3.95,28.0,210.5,-0.5068,-0.8621,30.1,34.9,35.0,1.295,0.0532
25.375,92.505,926.0,1.49,28.0,270.0,-1.0,-0.0,28.1,32.9,39.0,1.296,0.0201
25.375,92.51,956.0,1.45,28.0,325.4,-0.5674,0.8234,28.9,34.7,36.4,1.297,0.0195
25.375,92.515,947.0,1.49,28.0,232.4,-0.7927,-0.6097,28.1,33.8,38.1,1.297,0.02
25.375,92.52,940.0,2.4,28.0,109.4,0.9433,-0.3319,27.2,31.9,40.9,1.296,0.0323
25.375,92.525,933.0,6.1,28.0,89.5,1.0,0.0093,25.3,35.6,39.1,1.292,0.0822
25.375,92.53,941.0,7.79,28.0,87.1,0.9987,0.0509,28.2,34.5,37.3,1.291,0.105
25.375,92.535,940.0,6.82,28.0,86.7,0.9983,0.0581,27.1,33.2,39.7,1.292,0.0919
25.375,92.54,948.0,7.94,28.0,62.0,0.8826,0.4701,27.0,34.5,38.4,1.291,0.107
25.375,92.545,1006.0,4.2,28.0,51.5,0.7829,0.6221,27.4,34.8,37.8,1.297,0.0565
25.375,92.55,994.0,5.59,28.0,132.8,0.7338,-0.6794,30.1,34.2,35.7,1.295,0.0752
25.375,92.555,939.0,8.02,28.0,170.8,0.1594,-0.9872,30.9,36.9,32.2,1.291,0.1081
25.375,92.56,854.0,3.07,28.0,190.6,-0.1845,-0.9828,28.3,34.4,37.3,1.292,0.0415
25.375,92.565,886.0,7.58,28.0,22.2,0.3781,0.9257,27.4,34.8,37.8,1.289,0.1023
25.375,92.57,978.0,6.87,28.0,72.7,0.9549,0.2969,26.6,32.3,41.1,1.293,0.0925
25.375,92.575,922.0,7.41,28.0,145.5,0.5661,-0.8243,28.6,33.7,37.7,1.291,0.0999
25.375,92.58,870.0,6.08,28.0,126.0,0.8094,-0.5873,30.1,33.7,36.1,1.29,0.0821
25.375,92.585,859.0,1.65,28.0,0.0,0.0,1.0,27.7,33.5,38.8,1.293,0.0223
25.375,92.59,899.0,7.4,28.0,324.9,-0.5743,0.8186,25.1,34.9,39.9,1.29,0.0998
25.375,92.595,966.0,9.3,28.0,307.3,-0.7952,0.6063,28.8,34.7,36.5,1.291,0.1252
25.375,92.6,999.0,9.94,28.0,302.2,-0.8461,0.533,29.2,34.8,36.0,1.292,0.1336
25.375,92.605,1060.0,6.41,28.0,290.7,-0.9354,0.3536,26.1,34.8,39.1,1.297,0.0861
25.375,92.61,1039.0,5.88,28.0,213.9,-0.5584,-0.8296,28.2,32.3,39.5,1.297,0.079
25.375,92.615,974.0,9.19,28.0,143.5,0.5942,-0.8043,28.5,37.0,34.5,1.291,0.1237
25.375,92.62,908.0,8.86,28.0,114.5,0.9103,-0.414,27.9,31.3,40.8,1.289,0.1195
25.375,92.625,909.0,10.27,28.0,78.9,0.9814,0.1918,27.1,36.9,36.0,1.288,0.1384
25.375,92.63,943.0,5.45,28.0,63.4,0.8943,0.4475,29.2,33.4,37.4,1.293,0.0735
25.375,92.635,952.0,3.96,28.0,201.3,-0.363,-0.9318,27.5,34.6,37.9,1.295,0.0533
25.375,92.64,878.0,6.99,28.0,221.8,-0.6668,-0.7453,26.2,34.4,39.4,1.289,0.0944
25.375,92.645,860.0,9.56,28.0,291.1,-0.9331,0.3596,25.5,35.1,39.4,1.286,0.1291
25.375,92.65,939.0,9.07,28.0,283.3,-0.9732,0.2301,29.5,35.3,35.2,1.29,0.1222
25.375,92.655,897.0,5.29,28.0,239.7,-0.8636,-0.5042,28.7,34.6,36.6,1.291,0.0714
25.375,92.66,892.0,5.54,28.0,245.2,-0.9076,-0.4198,28.1,33.0,38.9,1.291,0.0748
25.375,92.665,856.0,5.05,28.0,178.8,0.0203,-0.9998,27.5,34.9,37.6,1.29,0.0682
25.375,92.67,803.0,6.22,28.0,213.0,-0.5443,-0.8389,27.4,32.0,40.6,1.287,0.0842
25.375,92.675,764.0,2.27,28.0,54.8,0.8168,0.5769,26.7,32.6,40.7,1.289,0.0307
25.375,92.68,826.0,6.35,28.0,72.3,0.9528,0.3035,27.5,34.9,37.6,1.288,0.0859
25.375,92.685,798.0,3.23,28.0,300.7,-0.8599,0.5105,25.5,34.4,40.2,1.289,0.0437
25.375,92.69,855.0,7.38,28.0,13.2,0.2288,0.9735,27.1,34.7,38.2,1.288,0.0997
25.375,92.695,925.0,5.86,28.0,41.0,0.6562,0.7546,27.6,33.0,39.4,1.292,0.079
25.375,92.7,933.0,7.86,28.0,102.5,0.9764,-0.2159,28.7,35.4,35.8,1.291,0.1059
25.375,92.705,895.0,6.82,28.0,153.7,0.443,-0.8965,28.0,32.8,39.2,1.29,0.0921
25.375,92.71,825.0,8.62,28.0,167.3,0.2191,-0.9757,29.0,36.9,34.1,1.286,0.1165
25.375,92.715,746.0,3.89,28.0,173.9,0.1058,-0.9944,29.6,32.9,37.5,1.287,0.0527
25.375,92.72,757.0,7.07,28.0,7.1,0.1231,0.9924,29.3,31.6,39.2,1.284,0.0959
25.375,92.725,870.0,7.33,28.0,46.6,0.7264,0.6873,28.6,32.2,39.3,1.289,0.099
25.375,92.73,846.0,7.37,28.0,157.1,0.3889,-0.9213,28.0,34.0,38.0,1.288,0.0996
25.375,92.735,750.0,2.93,28.0,87.8,0.9992,0.0388,26.8,33.0,40.2,1.288,0.0397
25.375,92.74,848.0,6.34,28.0,39.7,0.6391,0.7692,28.9,36.6,34.5,1.289,0.0857
25.375,92.745,836.0,4.86,28.0,250.2,-0.9408,-0.3389,30.0,31.7,38.2,1.289,0.0657
25.375,92.75,819.0,7.69,28.0,52.4,0.7919,0.6107,28.4,34.1,37.5,1.286,0.1041
25.375,92.755,919.0,9.69,28.0,88.7,0.9997,0.0233,30.3,33.0,36.7,1.289,0.1306
25.375,92.76,823.0,5.79,28.0,69.9,0.9394,0.3429,26.2,32.8,41.0,1.288,0.0783
25.375,92.765,954.0,8.59,28.0,6.8,0.1189,0.9929,26.6,36.8,36.6,1.291,0.1157
25.375,92.77,974.0,2.86,28.0,331.0,-0.4853,0.8744,29.0,31.1,39.9,1.297,0.0385
25.375,92.775,998.0,1.59,28.0,1.9,0.0323,0.9995,28.3,33.3,38.4,1.299,0.0214
25.375,92.78,1002.0,1.63,28.0,257.9,-0.9779,-0.2093,29.6,33.0,37.4,1.299,0.0219
25.375,92.785,992.0,0.59,28.0,73.2,0.9574,0.2887,28.0,32.1,39.9,1.299,0.0079
25.375,92.79,1005.0,0.62,28.0,303.6,-0.8333,0.5528,27.0,32.9,40.1,1.3,0.0083
25.375,92.795,998.0,1.22,28.0,167.8,0.2105,-0.9776,27.7,30.6,41.7,1.299,0.0164
25.375,92.8,984.0,2.38,28.0,108.1,0.9506,-0.3105,26.2,35.1,38.7,1.297,0.032
25.375,92.805,985.0,1.14,28.0,98.6,0.9888,-0.1491,26.6,35.2,38.2,1.298,0.0153
25.375,92.81,981.0,2.06,28.0,135.8,0.6978,-0.7163,29.2,32.6,38.2,1.298,0.0277
25.375,92.815,959.0,1.12,28.0,139.8,0.6451,-0.7641,29.0,35.9,35.0,1.297,0.0151
25.375,92.82,966.0,6.02,28.0,177.6,0.0426,-0.9991,28.4,33.0,38.6,1.294,0.081
25.375,92.825,853.0,9.86,28.0,179.1,0.0155,-0.9999,25.9,35.2,38.8,1.286,0.1332
25.375,92.83,791.0,7.88,28.0,184.1,-0.0714,-0.9974,27.6,36.2,36.2,1.285,0.1067
25.375,92.835,714.0,1.23,28.0,165.5,0.2502,-0.9682,26.5,31.6,41.8,1.288,0.0167
25.375,92.84,770.0,8.13,28.0,78.8,0.9809,0.1946,29.4,32.1,38.5,1.284,0.1101
25.375,92.845,742.0,7.48,28.0,114.6,0.9095,-0.4158,27.3,31.6,41.1,1.283,0.1015
25.375,92.85,715.0,4.05,28.0,102.2,0.9776,-0.2106,26.7,36.2,37.1,1.285,0.055
25.375,92.855,727.0,10.44,28.0,99.9,0.985,-0.1725,28.0,34.0,38.0,1.28,0.1416
25.375,92.86,683.0,14.31,28.0,108.6,0.9476,-0.3194,27.2,35.5,37.2,1.275,0.1939
25.375,92.865,645.0,11.7,28.0,125.8,0.811,-0.585,29.8,33.5,36.8,1.276,0.1589
25.375,92.87,561.0,8.08,28.0,96.4,0.9937,-0.112,27.1,35.6,37.3,1.276,0.1102
25.375,92.875,629.0,13.29,28.0,61.9,0.8822,0.4709,26.3,34.4,39.3,1.274,0.1804
25.375,92.88,673.0,8.37,28.0,117.7,0.885,-0.4656,25.4,33.5,41.1,1.28,0.1137
25.375,92.885,560.0,9.57,28.0,131.3,0.7514,-0.6599,28.0,35.0,37.0,1.274,0.1305
25.375,92.89,561.0,8.49,28.0,104.3,0.9692,-0.2463,27.3,32.7,40.0,1.275,0.1158
25.375,92.895,523.0,14.95,28.0,157.9,0.3768,-0.9263,26.3,35.7,38.0,1.268,0.2035
25.375,92.9,312.0,9.82,28.0,155.8,0.4099,-0.9121,29.4,36.7,33.9,1.264,0.1349
25.375,92.905,364.0,5.99,28.0,286.5,-0.9588,0.284,28.8,34.2,37.0,1.27,0.0822
25.375,92.91,342.0,5.96,28.0,266.7,-0.9984,-0.0571,28.0,33.8,38.2,1.269,0.0818
25.375,92.915,358.0,11.65,28.0,301.4,-0.854,0.5203,29.6,35.4,34.9,1.265,0.1596
25.375,92.92,450.0,12.11,28.0,285.6,-0.9633,0.2686,28.8,34.6,36.6,1.268,0.1654
25.375,92.925,416.0,11.36,28.0,247.0,-0.9207,-0.3904,27.0,38.0,35.0,1.267,0.1555
25.375,92.93,371.0,15.37,28.0,235.4,-0.8235,-0.5673,26.8,34.9,38.4,1.262,0.21
25.375,92.935,259.0,2.15,28.0,198.1,-0.3105,-0.9506,29.0,32.9,38.1,1.269,0.0296
25.375,92.94,335.0,12.58,28.0,14.0,0.2416,0.9704,28.5,35.5,36.0,1.263,0.1724
25.375,92.945,477.0,11.67,28.0,0.5,0.0087,1.0,28.2,36.6,35.2,1.269,0.1594
25.375,92.95,543.0,2.76,28.0,80.5,0.9864,0.1646,27.0,34.4,38.6,1.279,0.0376
25.375,92.955,485.0,8.88,28.0,163.6,0.2816,-0.9595,28.7,34.3,37.0,1.272,0.1214
25.375,92.96,392.0,2.63,28.0,93.7,0.9979,-0.0649,27.1,33.1,39.8,1.273,0.036
25.375,92.965,482.0,4.69,28.0,44.5,0.7003,0.7138,27.9,33.7,38.4,1.275,0.0641
25.375,92.97,451.0,9.51,28.0,153.6,0.4452,-0.8954,29.7,31.1,39.1,1.27,0.1301
25.375,92.975,331.0,9.27,28.0,133.9,0.7206,-0.6933,27.2,32.1,40.7,1.266,0.1272
25.375,92.98,337.0,8.08,28.0,1.1,0.019,0.9998,26.1,33.2,40.6,1.267,0.1109
25.375,92.985,474.0,5.52,28.0,15.1,0.2601,0.9656,26.7,32.6,40.6,1.274,0.0755
25.375,92.99,431.0,11.31,28.0,140.4,0.638,-0.77,29.2,33.2,37.6,1.268,0.1547
25.375,92.995,319.0,13.03,28.0,164.0,0.2756,-0.9613,28.3,36.6,35.1,1.262,0.1787
25.38,92.5,985.0,0.68,28.0,279.7,-0.9858,0.1677,27.8,32.2,40.0,1.299,0.0091
25.38,92.505,986.0,2.28,28.0,241.7,-0.8804,-0.4742,27.4,32.3,40.3,1.298,0.0306
25.38,92.51,966.0,1.65,28.0,139.2,0.6535,-0.7569,28.6,30.6,40.9,1.297,0.0222
25.38,92.515,964.0,1.86,28.0,217.4,-0.6078,-0.7941,27.0,32.4,40.6,1.297,0.025
25.38,92.52,940.0,3.4,28.0,203.2,-0.3931,-0.9195,28.4,29.0,42.7,1.295,0.0458
25.38,92.525,909.0,2.62,28.0,180.0,0.0,-1.0,27.1,32.5,40.4,1.294,0.0353
25.38,92.53,894.0,1.79,28.0,120.5,0.8614,-0.5079,26.9,32.6,40.5,1.294,0.0241
25.38,92.535,893.0,1.96,28.0,86.7,0.9983,0.0581,27.2,32.9,39.9,1.294,0.0264
25.38,92.54,896.0,5.06,28.0,54.3,0.8121,0.5836,27.5,31.0,41.4,1.292,0.0683
25.38,92.545,945.0,7.45,28.0,74.1,0.9619,0.2735,27.9,34.3,37.7,1.292,0.1004
25.38,92.55,932.0,7.21,28.0,96.3,0.9939,-0.1099,28.3,32.4,39.4,1.291,0.0972
25.38,92.555,931.0,5.63,28.0,132.4,0.7379,-0.6749,23.6,32.3,44.1,1.293,0.0759
25.38,92.56,865.0,4.37,28.0,179.3,0.0117,-0.9999,27.0,34.2,38.7,1.291,0.059
25.38,92.565,854.0,1.69,28.0,61.9,0.8822,0.4709,27.5,35.5,37.0,1.293,0.0228
25.38,92.57,879.0,5.8,28.0,87.8,0.9992,0.0391,29.8,33.6,36.6,1.29,0.0783
25.38,92.575,858.0,1.44,28.0,161.3,0.3212,-0.947,26.7,31.2,42.1,1.293,0.0194
25.38,92.58,855.0,1.86,28.0,11.2,0.1941,0.981,28.2,32.8,39.0,1.293,0.0251
25.38,92.585,890.0,5.32,28.0,352.8,-0.1254,0.9921,29.8,34.8,35.4,1.291,0.0718
25.38,92.59,948.0,8.12,28.0,345.4,-0.2519,0.9678,26.4,35.1,38.5,1.291,0.1094
25.38,92.595,1029.0,10.34,28.0,342.2,-0.3052,0.9523,28.5,38.9,32.7,1.293,0.1388
25.38,92.6,1123.0,3.87,28.0,322.4,-0.6103,0.7921,27.0,32.0,41.0,1.302,0.0518
25.38,92.605,1083.0,6.74,28.0,163.2,0.2887,-0.9574,27.4,34.2,38.4,1.298,0.0904
25.38,92.61,1009.0,11.13,28.0,154.0,0.4384,-0.8988,27.0,37.3,35.7,1.291,0.1495
25.38,92.615,905.0,10.52,28.0,142.8,0.6045,-0.7966,27.1,37.0,35.8,1.287,0.1419
25.38,92.62,860.0,7.65,28.0,137.0,0.6818,-0.7316,31.3,31.1,37.6,1.288,0.1034
25.38,92.625,806.0,6.81,28.0,104.0,0.9705,-0.2412,29.0,33.8,37.2,1.287,0.0921
25.38,92.63,831.0,9.61,28.0,56.9,0.8381,0.5454,29.3,36.8,33.9,1.285,0.1299
25.38,92.635,899.0,10.02,28.0,53.4,0.8032,0.5957,28.6,39.0,32.4,1.288,0.1351
25.38,92.64,937.0,5.41,28.0,50.2,0.7685,0.6399,26.1,34.5,39.4,1.293,0.0729
25.38,92.645,960.0,4.61,28.0,350.4,-0.1672,0.9859,28.5,32.7,38.8,1.295,0.0621
25.38,92.65,1017.0,1.13,28.0,107.5,0.9536,-0.3012,29.3,30.8,39.9,1.3,0.0152
25.38,92.655,954.0,7.31,28.0,207.1,-0.4552,-0.8904,27.0,37.3,35.7,1.292,0.0985
25.38,92.66,902.0,8.39,28.0,195.6,-0.2681,-0.9634,29.2,35.3,35.5,1.289,0.1132
25.38,92.665,811.0,3.58,28.0,182.5,-0.043,-0.9991,28.8,31.7,39.5,1.289,0.0484
25.38,92.67,839.0,0.75,28.0,155.7,0.4121,-0.9112,30.2,31.9,37.9,1.293,0.0101
25.38,92.675,799.0,3.5,28.0,187.6,-0.1323,-0.9912,27.5,33.4,39.1,1.289,0.0474
25.38,92.68,778.0,6.2,28.0,39.0,0.6288,0.7776,26.7,34.5,38.8,1.286,0.084
25.38,92.685,884.0,5.45,28.0,334.9,-0.4238,0.9058,27.6,32.1,40.3,1.291,0.0736
25.38,92.69,865.0,2.71,28.0,157.7,0.3802,-0.9249,29.7,31.8,38.5,1.292,0.0366
25.38,92.695,840.0,8.46,28.0,116.6,0.8942,-0.4476,25.8,31.8,42.4,1.287,0.1143
25.38,92.7,798.0,9.74,28.0,89.7,1.0,0.0058,25.5,36.2,38.3,1.284,0.1318
25.38,92.705,841.0,7.0,28.0,81.2,0.9881,0.1538,28.1,33.4,38.5,1.288,0.0946
25.38,92.71,817.0,5.69,28.0,127.5,0.7937,-0.6083,27.5,34.2,38.3,1.288,0.077
25.38,92.715,780.0,2.68,28.0,267.6,-0.9991,-0.0425,28.0,34.8,37.1,1.289,0.0363
25.38,92.72,815.0,2.86,28.0,249.1,-0.9339,-0.3574,29.1,33.1,37.8,1.29,0.0387
25.38,92.725,762.0,4.08,28.0,188.7,-0.1511,-0.9885,27.3,32.9,39.7,1.287,0.0553
25.38,92.73,744.0,1.68,28.0,252.2,-0.9522,-0.3056,25.8,32.7,41.5,1.288,0.0228
25.38,92.735,753.0,8.85,28.0,277.3,-0.9918,0.1275,30.5,34.5,35.1,1.283,0.1199
25.38,92.74,764.0,7.71,28.0,338.6,-0.3647,0.9311,26.8,35.9,37.3,1.284,0.1045
25.38,92.745,880.0,5.16,28.0,285.3,-0.9646,0.2639,26.7,33.8,39.4,1.291,0.0697
25.38,92.75,788.0,7.78,28.0,228.0,-0.7432,-0.669,29.3,33.3,37.4,1.285,0.1053
25.38,92.755,788.0,3.77,28.0,353.7,-0.109,0.994,27.5,34.6,37.9,1.288,0.051
25.38,92.76,854.0,8.73,28.0,355.0,-0.0878,0.9961,27.9,36.2,35.9,1.287,0.1179
25.38,92.765,942.0,9.98,28.0,46.0,0.7198,0.6942,28.6,32.7,38.8,1.289,0.1344
25.38,92.77,977.0,3.81,28.0,49.0,0.7549,0.6558,29.3,35.3,35.4,1.296,0.0513
25.38,92.775,986.0,2.69,28.0,40.5,0.6495,0.7604,27.6,33.3,39.1,1.297,0.0362
25.38,92.78,1013.0,1.61,28.0,73.6,0.9592,0.2828,29.8,32.9,37.3,1.299,0.0216
25.38,92.785,994.0,1.27,28.0,243.3,-0.8935,-0.449,25.4,33.8,40.7,1.299,0.0171
25.38,92.79,1003.0,1.03,28.0,93.2,0.9985,-0.0552,28.9,31.4,39.7,1.299,0.0138
25.38,92.795,993.0,1.95,28.0,136.8,0.6852,-0.7284,27.0,34.0,39.1,1.298,0.0262
25.38,92.8,978.0,1.09,28.0,199.4,-0.3318,-0.9433,29.6,31.7,38.6,1.298,0.0147
25.38,92.805,975.0,1.76,28.0,137.9,0.6708,-0.7416,28.2,30.3,41.6,1.298,0.0237
25.38,92.81,955.0,1.83,28.0,130.7,0.7582,-0.652,27.2,31.0,41.8,1.297,0.0246
25.38,92.815,954.0,0.38,28.0,126.4,0.805,-0.5933,28.8,33.0,38.3,1.298,0.0051
25.38,92.82,951.0,5.1,28.0,172.5,0.131,-0.9914,29.1,31.9,39.0,1.294,0.0687
25.38,92.825,865.0,8.14,28.0,208.9,-0.4838,-0.8752,28.8,36.6,34.6,1.288,0.1099
25.38,92.83,825.0,4.88,28.0,204.9,-0.4208,-0.9072,26.8,35.1,38.2,1.289,0.066
25.38,92.835,787.0,11.37,28.0,199.3,-0.3307,-0.9437,27.4,37.0,35.5,1.282,0.1538
25.38,92.84,634.0,11.89,28.0,136.6,0.6871,-0.7266,28.0,35.4,36.6,1.275,0.1616
25.38,92.845,633.0,14.14,28.0,78.6,0.9804,0.1971,28.0,36.2,35.9,1.274,0.1918
25.38,92.85,684.0,11.7,28.0,103.6,0.972,-0.2351,28.9,33.3,37.8,1.278,0.1587
25.38,92.855,584.0,15.0,28.0,133.9,0.7208,-0.6931,25.6,37.5,36.9,1.271,0.2036
25.38,92.86,497.0,10.64,28.0,118.4,0.8796,-0.4757,28.4,35.4,36.2,1.271,0.1453
25.38,92.865,494.0,4.24,28.0,112.9,0.9214,-0.3887,27.7,34.0,38.4,1.276,0.0579
25.38,92.87,468.0,0.88,28.0,125.4,0.8151,-0.5793,27.0,34.8,38.2,1.278,0.012
25.38,92.875,485.0,5.65,28.0,58.5,0.8531,0.5218,27.1,32.6,40.3,1.275,0.0772
25.38,92.88,520.0,12.49,28.0,75.7,0.9691,0.2466,27.7,35.1,37.1,1.27,0.1703
25.38,92.885,540.0,8.59,28.0,108.0,0.9511,-0.3089,23.7,34.8,41.5,1.274,0.1172
25.38,92.89,473.0,7.73,28.0,142.9,0.6026,-0.798,27.2,32.7,40.2,1.272,0.1057
25.38,92.895,431.0,5.33,28.0,131.3,0.7512,-0.6601,26.9,33.1,39.9,1.273,0.073
25.38,92.9,411.0,9.69,28.0,298.5,-0.8788,0.4771,28.6,35.3,36.0,1.268,0.1327
25.38,92.905,513.0,11.16,28.0,295.0,-0.9062,0.4229,27.0,34.5,38.5,1.271,0.1523
25.38,92.91,495.0,12.99,28.0,260.1,-0.9851,-0.1722,27.7,37.4,34.8,1.269,0.1771
25.38,92.915,473.0,10.3,28.0,287.5,-0.9538,0.3005,29.9,32.5,37.7,1.27,0.1408
25.38,92.92,550.0,5.64,28.0,302.2,-0.8461,0.5331,29.2,35.2,35.6,1.277,0.077
25.38,92.925,526.0,7.92,28.0,209.4,-0.4909,-0.8712,29.1,35.1,35.8,1.274,0.1082
25.38,92.93,428.0,14.39,28.0,196.3,-0.2801,-0.96,27.4,35.0,37.6,1.265,0.1965
25.38,92.935,278.0,11.48,28.0,211.2,-0.5175,-0.8557,28.7,33.7,37.7,1.262,0.1577
25.38,92.94,253.0,7.95,28.0,26.3,0.4438,0.8961,27.7,31.0,41.3,1.263,0.1095
25.38,92.945,404.0,17.03,28.0,42.9,0.6804,0.7328,27.8,35.3,36.9,1.262,0.2321
25.38,92.95,479.0,7.41,28.0,69.9,0.9391,0.3436,28.5,35.5,36.0,1.273,0.1013
25.38,92.955,449.0,10.75,28.0,127.4,0.7949,-0.6068,27.3,34.8,37.9,1.269,0.147
25.38,92.96,363.0,2.29,28.0,81.4,0.9888,0.1491,29.8,34.4,35.9,1.273,0.0314
25.38,92.965,455.0,4.7,28.0,51.9,0.7873,0.6166,27.8,32.3,39.9,1.274,0.0643
25.38,92.97,414.0,7.91,28.0,157.2,0.3878,-0.9218,28.7,35.2,36.1,1.27,0.1084
25.38,92.975,326.0,1.42,28.0,32.9,0.5427,0.84,29.7,31.3,39.0,1.272,0.0195
25.38,92.98,435.0,7.97,28.0,329.1,-0.5132,0.8582,29.2,32.7,38.1,1.271,0.1091
25.38,92.985,447.0,9.23,28.0,137.2,0.6799,-0.7333,26.3,34.3,39.4,1.27,0.1263
25.38,92.99,315.0,9.94,28.0,126.9,0.7995,-0.6006,28.5,33.7,37.8,1.264,0.1366
25.38,92.995,341.0,3.1,28.0,342.6,-0.2988,0.9543,29.0,30.5,40.5,1.271,0.0425
25.385,92.5,969.0,0.46,28.0,173.5,0.1123,-0.9937,29.1,31.8,39.1,1.298,0.0062
25.385,92.505,965.0,2.08,28.0,158.2,0.3706,-0.9288,26.7,32.7,40.6,1.297,0.028
25.385,92.51,935.0,2.27,28.0,84.3,0.995,0.1,27.2,34.5,38.3,1.296,0.0306
25.385,92.515,969.0,2.99,28.0,53.9,0.808,0.5892,29.2,34.2,36.6,1.296,0.0402
25.385,92.52,966.0,2.05,28.0,184.3,-0.0752,-0.9972,27.1,34.4,38.5,1.297,0.0276
25.385,92.525,933.0,3.28,28.0,197.4,-0.2982,-0.9545,27.6,34.0,38.4,1.295,0.0442
25.385,92.53,911.0,1.9,28.0,202.2,-0.3781,-0.9257,29.9,33.0,37.1,1.295,0.0256
25.385,92.535,902.0,2.69,28.0,204.8,-0.42,-0.9075,27.9,30.9,41.2,1.294,0.0363
25.385,92.54,868.0,2.29,28.0,153.3,0.449,-0.8935,27.1,32.8,40.0,1.293,0.0309
25.385,92.545,866.0,4.14,28.0,101.1,0.9813,-0.1923,26.9,34.0,39.1,1.291,0.0559
25.385,92.55,854.0,2.71,28.0,99.7,0.9858,-0.1677,28.4,34.9,36.7,1.292,0.0366
25.385,92.555,858.0,2.88,28.0,91.1,0.9998,-0.0197,26.4,33.8,39.8,1.292,0.0389
25.385,92.56,853.0,0.26,28.0,102.5,0.9764,-0.2159,27.7,33.9,38.4,1.294,0.0035
25.385,92.565,857.0,0.86,28.0,323.0,-0.6019,0.7986,28.4,30.7,40.9,1.294,0.0116
25.385,92.57,865.0,4.8,28.0,311.5,-0.749,0.6625,29.6,32.8,37.7,1.291,0.0648
25.385,92.575,913.0,3.7,28.0,268.2,-0.9995,-0.0307,28.8,33.6,37.6,1.293,0.0499
25.385,92.58,863.0,2.34,28.0,185.0,-0.0879,-0.9961,27.1,34.4,38.5,1.293,0.0316
25.385,92.585,872.0,5.58,28.0,320.6,-0.6346,0.7728,29.4,33.3,37.3,1.29,0.0754
25.385,92.59,939.0,9.59,28.0,336.5,-0.3988,0.917,27.6,34.4,37.9,1.29,0.1291
25.385,92.595,1028.0,6.28,28.0,342.9,-0.2936,0.9559,26.5,34.7,38.8,1.296,0.0844
25.385,92.6,1045.0,0.35,28.0,188.6,-0.1491,-0.9888,27.8,30.4,41.8,1.302,0.0047
25.385,92.605,1022.0,6.14,28.0,160.5,0.3343,-0.9425,29.7,36.0,34.2,1.296,0.0825
25.385,92.61,943.0,9.84,28.0,172.0,0.1398,-0.9902,28.2,33.3,38.5,1.29,0.1325
25.385,92.615,849.0,7.76,28.0,182.6,-0.0462,-0.9989,28.0,31.2,40.8,1.287,0.1049
25.385,92.62,806.0,3.99,28.0,169.6,0.1805,-0.9836,30.0,33.1,37.0,1.289,0.054
25.385,92.625,780.0,1.45,28.0,145.4,0.5674,-0.8234,26.3,34.9,38.8,1.29,0.0196
25.385,92.63,785.0,3.14,28.0,75.3,0.9673,0.2538,26.5,33.7,39.8,1.289,0.0425
25.385,92.635,794.0,7.1,28.0,84.5,0.9954,0.0957,26.1,35.0,38.9,1.286,0.0961
25.385,92.64,797.0,8.53,28.0,57.6,0.8441,0.5361,28.4,34.3,37.2,1.285,0.1154
25.385,92.645,875.0,9.24,28.0,42.4,0.6738,0.7389,28.2,34.2,37.6,1.287,0.1248
25.385,92.65,918.0,8.63,28.0,55.3,0.8223,0.569,29.9,32.0,38.2,1.29,0.1163
25.385,92.655,962.0,5.99,28.0,80.2,0.9854,0.1705,28.3,30.2,41.5,1.293,0.0807
25.385,92.66,936.0,5.85,28.0,176.5,0.0614,-0.9981,27.5,33.9,38.6,1.293,0.0788
25.385,92.665,859.0,9.41,28.0,213.6,-0.553,-0.8332,28.0,36.5,35.5,1.287,0.127
25.385,92.67,797.0,5.13,28.0,198.1,-0.31,-0.9507,28.1,33.9,38.0,1.288,0.0694
25.385,92.675,773.0,3.71,28.0,223.9,-0.6934,-0.7206,26.0,33.9,40.1,1.288,0.0502
25.385,92.68,750.0,4.12,28.0,15.2,0.2619,0.9651,31.3,35.5,33.3,1.287,0.0558
25.385,92.685,843.0,6.01,28.0,36.7,0.5974,0.802,28.6,34.1,37.3,1.289,0.0812
25.385,92.69,835.0,4.43,28.0,147.8,0.5333,-0.8459,28.3,33.0,38.8,1.29,0.0599
25.385,92.695,777.0,6.93,28.0,139.4,0.6502,-0.7597,28.7,32.6,38.6,1.285,0.0939
25.385,92.7,742.0,1.34,28.0,136.2,0.6917,-0.7222,28.9,35.4,35.8,1.289,0.0181
25.385,92.705,760.0,4.38,28.0,93.7,0.9979,-0.0649,27.8,34.0,38.2,1.287,0.0593
25.385,92.71,737.0,2.19,28.0,9.5,0.1643,0.9864,27.2,31.2,41.6,1.288,0.0297
25.385,92.715,798.0,4.62,28.0,332.2,-0.4666,0.8844,28.7,31.5,39.8,1.288,0.0625
25.385,92.72,809.0,4.88,28.0,347.8,-0.2105,0.9776,28.5,35.2,36.4,1.288,0.066
25.385,92.725,882.0,4.16,28.0,338.2,-0.3706,0.9288,27.0,31.6,41.4,1.292,0.0561
25.385,92.73,877.0,9.45,28.0,283.8,-0.9711,0.2386,29.7,37.3,33.0,1.287,0.1276
25.385,92.735,922.0,9.6,28.0,278.8,-0.9883,0.1527,28.4,30.4,41.2,1.289,0.1294
25.385,92.74,903.0,9.85,28.0,273.6,-0.998,0.0629,28.9,36.8,34.4,1.288,0.1328
25.385,92.745,933.0,4.19,28.0,293.1,-0.9195,0.3931,29.7,33.8,36.5,1.294,0.0565
25.385,92.75,932.0,8.29,28.0,267.7,-0.9992,-0.0409,28.0,34.4,37.6,1.29,0.1118
25.385,92.755,927.0,8.98,28.0,233.8,-0.807,-0.5906,28.4,34.1,37.5,1.29,0.121
25.385,92.76,838.0,6.57,28.0,190.8,-0.1871,-0.9823,29.0,36.6,34.4,1.288,0.0888
25.385,92.765,813.0,5.03,28.0,25.4,0.4289,0.9033,27.1,34.4,38.5,1.288,0.0681
25.385,92.77,918.0,10.98,28.0,39.4,0.6344,0.773,28.1,33.6,38.4,1.288,0.1479
25.385,92.775,964.0,4.76,28.0,49.9,0.7654,0.6436,28.2,30.7,41.2,1.295,0.0641
25.385,92.78,972.0,4.01,28.0,44.9,0.7053,0.7089,26.9,33.3,39.8,1.296,0.054
25.385,92.785,1014.0,0.77,28.0,15.6,0.2681,0.9634,30.8,32.2,37.0,1.3,0.0103
25.385,92.79,985.0,2.51,28.0,162.1,0.3074,-0.9516,26.3,30.4,43.3,1.297,0.0338
25.385,92.795,972.0,1.13,28.0,72.5,0.9536,0.3012,26.4,32.2,41.3,1.298,0.0152
25.385,92.8,991.0,0.7,28.0,144.1,0.5862,-0.8102,29.6,31.3,39.1,1.299,0.0094
25.385,92.805,962.0,4.57,28.0,117.4,0.888,-0.4598,28.9,33.2,37.9,1.295,0.0615
25.385,92.81,954.0,0.51,28.0,185.7,-0.1,-0.995,26.8,33.2,40.0,1.298,0.0069
25.385,92.815,953.0,0.26,28.0,257.5,-0.9764,-0.2159,28.7,34.3,37.0,1.298,0.0035
25.385,92.82,953.0,3.12,28.0,114.8,0.9077,-0.4197,29.8,34.2,36.0,1.296,0.042
25.385,92.825,930.0,7.49,28.0,202.9,-0.3893,-0.9211,28.0,32.9,39.1,1.291,0.101
25.385,92.83,831.0,8.04,28.0,182.9,-0.0509,-0.9987,31.1,34.7,34.2,1.287,0.1087
25.385,92.835,788.0,12.95,28.0,163.4,0.2851,-0.9585,25.9,35.5,38.5,1.281,0.1749
25.385,92.84,609.0,18.56,28.0,161.8,0.3131,-0.9497,28.8,35.0,36.2,1.269,0.2508
25.385,92.845,467.0,7.12,28.0,159.8,0.3453,-0.9385,29.4,34.5,36.1,1.273,0.0974
25.385,92.85,491.0,9.43,28.0,74.4,0.9631,0.2692,29.1,37.3,33.6,1.272,0.1288
25.385,92.855,512.0,5.25,28.0,275.0,-0.9963,0.0864,27.8,33.4,38.8,1.276,0.0717
25.385,92.86,499.0,6.59,28.0,299.4,-0.8715,0.4904,27.7,31.4,41.0,1.274,0.0901
25.385,92.865,569.0,8.75,28.0,288.0,-0.9509,0.3096,28.5,34.4,37.1,1.275,0.1193
25.385,92.87,547.0,8.25,28.0,256.5,-0.9725,-0.2329,29.0,32.4,38.6,1.275,0.1125
25.385,92.875,535.0,7.79,28.0,214.9,-0.5715,-0.8206,28.7,35.4,35.9,1.275,0.1063
25.385,92.88,434.0,8.49,28.0,206.1,-0.4394,-0.8983,29.2,35.1,35.7,1.27,0.1162
25.385,92.885,400.0,2.66,28.0,320.3,-0.6383,0.7698,26.8,32.5,40.8,1.274,0.0364
25.385,92.89,470.0,3.7,28.0,313.7,-0.7225,0.6913,27.7,32.5,39.8,1.276,0.0506
25.385,92.895,445.0,5.87,28.0,275.0,-0.9962,0.087,26.9,33.2,39.9,1.273,0.0803
25.385,92.9,479.0,11.41,28.0,305.5,-0.8143,0.5805,27.5,35.1,37.4,1.27,0.1558
25.385,92.905,563.0,8.22,28.0,322.9,-0.6032,0.7976,29.2,33.0,37.7,1.276,0.112
25.385,92.91,595.0,2.07,28.0,250.8,-0.9441,-0.3296,28.1,30.5,41.4,1.282,0.0282
25.385,92.915,551.0,2.96,28.0,183.0,-0.0521,-0.9986,31.1,34.5,34.4,1.28,0.0403
25.385,92.92,543.0,4.84,28.0,133.8,0.7216,-0.6923,28.2,32.7,39.1,1.278,0.066
25.385,92.925,492.0,6.48,28.0,143.6,0.5935,-0.8049,28.1,34.0,37.9,1.274,0.0886
25.385,92.93,451.0,6.6,28.0,185.3,-0.0932,-0.9957,28.1,34.2,37.7,1.273,0.0903
25.385,92.935,376.0,10.81,28.0,195.8,-0.2728,-0.9621,27.2,35.4,37.4,1.266,0.1481
25.385,92.94,266.0,8.24,28.0,206.1,-0.4402,-0.8979,27.9,32.4,39.6,1.264,0.1134
25.385,92.945,245.0,11.89,28.0,48.3,0.7467,0.6652,29.4,32.7,38.0,1.26,0.1635
25.385,92.95,407.0,10.67,28.0,67.7,0.9251,0.3796,28.1,34.0,37.9,1.267,0.1461
25.385,92.955,317.0,3.69,28.0,155.3,0.4178,-0.9085,27.0,33.6,39.4,1.27,0.0507
25.385,92.96,348.0,7.27,28.0,316.4,-0.6899,0.7239,26.9,32.8,40.3,1.268,0.0998
25.385,92.965,410.0,2.5,28.0,348.1,-0.2058,0.9786,27.5,32.1,40.4,1.274,0.0342
25.385,92.97,391.0,6.1,28.0,150.8,0.4873,-0.8732,28.1,36.8,35.1,1.271,0.0836
25.385,92.975,316.0,1.65,28.0,334.0,-0.4379,0.899,29.4,29.7,40.9,1.271,0.0227
25.385,92.98,417.0,7.04,28.0,73.7,0.9596,0.2813,26.4,32.7,40.9,1.271,0.0964
25.385,92.985,351.0,9.41,28.0,148.3,0.5256,-0.8507,27.6,37.4,35.0,1.266,0.1291
25.385,92.99,275.0,1.83,28.0,244.2,-0.9002,-0.4354,28.2,32.4,39.4,1.269,0.0252
25.385,92.995,337.0,7.94,28.0,28.0,0.47,0.8827,25.8,33.1,41.1,1.267,0.109
25.39,92.5,984.0,1.55,28.0,162.6,0.2988,-0.9543,27.0,34.2,38.8,1.298,0.0208
25.39,92.505,971.0,3.53,28.0,181.7,-0.0292,-0.9996,27.2,33.0,39.8,1.296,0.0475
25.39,92.51,922.0,3.14,28.0,167.7,0.2128,-0.9771,27.0,32.3,40.6,1.294,0.0423
25.39,92.515,917.0,3.12,28.0,67.5,0.9238,0.383,28.2,33.1,38.6,1.294,0.0421
25.39,92.52,943.0,1.34,28.0,62.1,0.884,0.4674,27.8,31.4,40.8,1.297,0.018
25.39,92.525,928.0,2.08,28.0,162.8,0.2962,-0.9551,27.3,31.0,41.6,1.295,0.028
25.39,92.53,908.0,3.17,28.0,256.5,-0.9725,-0.233,28.5,32.7,38.8,1.294,0.0427
25.39,92.535,915.0,2.02,28.0,205.7,-0.4331,-0.9013,30.1,31.0,38.9,1.295,0.0272
25.39,92.54,876.0,2.83,28.0,169.5,0.1815,-0.9834,30.0,32.8,37.3,1.293,0.0382
25.39,92.545,866.0,0.25,28.0,335.7,-0.4121,0.9112,25.7,32.6,41.7,1.294,0.0034
25.39,92.55,880.0,0.97,28.0,301.9,-0.8492,0.5281,28.7,33.5,37.8,1.294,0.0131
25.39,92.555,875.0,3.38,28.0,250.4,-0.9419,-0.3359,27.8,34.6,37.6,1.292,0.0456
25.39,92.56,860.0,2.0,28.0,251.8,-0.95,-0.3123,28.2,31.9,39.9,1.293,0.027
25.39,92.565,864.0,5.69,28.0,332.6,-0.4602,0.8878,27.5,34.3,38.2,1.29,0.0769
25.39,92.57,949.0,6.64,28.0,304.3,-0.8262,0.5634,28.1,34.5,37.3,1.292,0.0895
25.39,92.575,930.0,5.22,28.0,191.9,-0.2065,-0.9784,28.2,33.9,37.9,1.293,0.0704
25.39,92.58,859.0,1.76,28.0,339.5,-0.3505,0.9366,27.3,31.8,40.9,1.293,0.0238
25.39,92.585,959.0,10.24,28.0,334.4,-0.4326,0.9016,26.9,33.2,39.9,1.29,0.1378
25.39,92.59,1023.0,7.69,28.0,321.3,-0.6257,0.7801,27.5,34.8,37.7,1.295,0.1033
25.39,92.595,1065.0,5.94,28.0,15.5,0.2675,0.9636,28.3,31.0,40.7,1.298,0.0797
25.39,92.6,1124.0,1.79,28.0,134.2,0.7167,-0.6973,28.7,32.1,39.2,1.303,0.024
25.39,92.605,1043.0,8.36,28.0,163.7,0.2812,-0.9597,29.0,30.4,40.6,1.295,0.1123
25.39,92.61,982.0,7.41,28.0,179.6,0.0069,-1.0,27.4,32.0,40.6,1.293,0.0997
25.39,92.615,912.0,8.82,28.0,209.5,-0.4921,-0.8705,28.3,33.0,38.6,1.289,0.119
25.39,92.62,846.0,7.2,28.0,196.5,-0.2843,-0.9587,29.2,35.6,35.3,1.288,0.0973
25.39,92.625,790.0,4.21,28.0,175.8,0.0731,-0.9973,29.4,34.2,36.4,1.288,0.057
25.39,92.63,772.0,1.65,28.0,176.4,0.0623,-0.9981,27.9,31.6,40.5,1.29,0.0223
25.39,92.635,761.0,1.98,28.0,46.5,0.7258,0.6879,27.7,33.6,38.6,1.289,0.0268
25.39,92.64,796.0,4.67,28.0,20.6,0.3518,0.9361,28.2,34.6,37.2,1.288,0.0632
25.39,92.645,838.0,6.84,28.0,47.2,0.7341,0.6791,26.6,33.6,39.8,1.288,0.0925
25.39,92.65,878.0,2.73,28.0,88.8,0.9998,0.0209,27.8,30.7,41.6,1.293,0.0368
25.39,92.655,839.0,9.13,28.0,84.0,0.9945,0.105,28.9,34.1,37.0,1.286,0.1234
25.39,92.66,895.0,8.16,28.0,59.2,0.8586,0.5127,28.8,34.0,37.2,1.289,0.1101
25.39,92.665,913.0,3.3,28.0,244.5,-0.9027,-0.4302,27.7,31.0,41.3,1.294,0.0445
25.39,92.67,870.0,4.6,28.0,217.9,-0.6137,-0.7895,28.3,33.8,38.0,1.291,0.0621
25.39,92.675,849.0,6.62,28.0,194.8,-0.2554,-0.9668,27.0,34.2,38.8,1.288,0.0895
25.39,92.68,757.0,2.04,28.0,193.1,-0.2265,-0.974,28.8,33.2,37.9,1.289,0.0276
25.39,92.685,814.0,4.16,28.0,32.1,0.5314,0.8471,27.9,33.5,38.6,1.289,0.0563
25.39,92.69,819.0,4.45,28.0,142.3,0.6117,-0.7911,27.7,34.3,38.0,1.289,0.0602
25.39,92.695,752.0,2.99,28.0,137.9,0.6708,-0.7416,27.6,32.5,39.9,1.288,0.0405
25.39,92.7,780.0,3.81,28.0,273.4,-0.9982,0.0597,27.9,33.3,38.8,1.288,0.0516
25.39,92.705,756.0,2.02,28.0,327.7,-0.5349,0.8449,27.5,31.9,40.6,1.289,0.0273
25.39,92.71,810.0,4.09,28.0,336.3,-0.4016,0.9158,28.8,32.2,39.0,1.289,0.0553
25.39,92.715,822.0,3.58,28.0,293.4,-0.918,0.3965,27.5,35.0,37.5,1.29,0.0484
25.39,92.72,835.0,7.22,28.0,256.4,-0.9719,-0.2353,29.9,30.9,39.2,1.287,0.0977
25.39,92.725,792.0,5.06,28.0,355.9,-0.071,0.9975,29.8,34.7,35.6,1.287,0.0685
25.39,92.73,924.0,8.9,28.0,338.8,-0.3614,0.9324,26.9,33.4,39.6,1.29,0.1199
25.39,92.735,939.0,1.99,28.0,340.4,-0.3356,0.942,28.1,31.4,40.5,1.296,0.0268
25.39,92.74,957.0,2.34,28.0,292.8,-0.9216,0.3882,27.2,33.0,39.8,1.296,0.0315
25.39,92.745,955.0,1.45,28.0,254.0,-0.9613,-0.2755,27.6,30.2,42.2,1.297,0.0195
25.39,92.75,950.0,2.21,28.0,230.1,-0.7666,-0.6421,30.4,31.4,38.2,1.296,0.0298
25.39,92.755,930.0,4.12,28.0,173.5,0.1123,-0.9937,27.6,31.8,40.5,1.294,0.0555
25.39,92.76,878.0,4.78,28.0,249.1,-0.9344,-0.3562,28.4,32.9,38.6,1.291,0.0645
25.39,92.765,900.0,7.43,28.0,253.2,-0.9572,-0.2893,28.6,32.8,38.6,1.29,0.1002
25.39,92.77,840.0,2.66,28.0,71.3,0.9472,0.3206,26.8,35.1,38.1,1.291,0.0359
25.39,92.775,915.0,7.17,28.0,21.4,0.3641,0.9314,27.0,36.6,36.4,1.291,0.0967
25.39,92.78,958.0,4.33,28.0,10.3,0.178,0.984,26.6,30.1,43.3,1.295,0.0583
25.39,92.785,990.0,3.13,28.0,57.0,0.8383,0.5452,26.9,33.7,39.4,1.297,0.0421
25.39,92.79,988.0,1.53,28.0,132.1,0.7416,-0.6708,24.6,33.7,41.7,1.298,0.0206
25.39,92.795,972.0,1.09,28.0,199.4,-0.3318,-0.9433,28.7,33.1,38.2,1.298,0.0147
25.39,92.8,970.0,5.91,28.0,136.8,0.685,-0.7286,30.5,32.6,36.9,1.294,0.0796
25.39,92.805,896.0,2.55,28.0,108.2,0.9498,-0.3128,28.2,32.3,39.5,1.294,0.0344
25.39,92.81,956.0,3.66,28.0,12.2,0.2105,0.9776,26.3,31.9,41.8,1.295,0.0493
25.39,92.815,959.0,3.85,28.0,152.2,0.4666,-0.8844,27.2,32.4,40.4,1.295,0.0518
25.39,92.82,896.0,9.61,28.0,102.5,0.9762,-0.217,27.4,32.7,39.8,1.288,0.1296
25.39,92.825,922.0,10.96,28.0,108.9,0.9464,-0.3231,26.8,34.8,38.5,1.288,0.1476
25.39,92.83,833.0,14.94,28.0,140.7,0.6329,-0.7742,29.0,33.7,37.2,1.281,0.2013
25.39,92.835,714.0,20.0,28.0,149.6,0.5061,-0.8625,29.0,37.0,34.0,1.272,0.2689
25.39,92.84,517.0,7.35,28.0,173.2,0.1184,-0.993,26.6,32.1,41.3,1.275,0.1003
25.39,92.845,585.0,12.57,28.0,267.2,-0.9988,-0.049,28.9,35.7,35.5,1.273,0.171
25.39,92.85,506.0,8.53,28.0,312.0,-0.7431,0.6692,29.8,33.3,36.9,1.273,0.1165
25.39,92.855,686.0,12.03,28.0,298.7,-0.8771,0.4802,30.3,35.6,34.1,1.277,0.1632
25.39,92.86,609.0,9.97,28.0,260.6,-0.9865,-0.1639,31.4,36.3,32.3,1.276,0.1357
25.39,92.865,657.0,5.46,28.0,279.6,-0.9861,0.1661,26.9,35.8,37.2,1.282,0.0742
25.39,92.87,625.0,7.33,28.0,229.0,-0.7544,-0.6564,31.4,30.2,38.4,1.279,0.0998
25.39,92.875,572.0,3.58,28.0,239.5,-0.8614,-0.5079,27.6,31.7,40.7,1.28,0.0488
25.39,92.88,593.0,9.49,28.0,270.3,-1.0,0.0059,27.3,34.1,38.6,1.276,0.1292
25.39,92.885,573.0,9.76,28.0,246.9,-0.9196,-0.3928,28.4,35.3,36.3,1.275,0.133
25.39,92.89,525.0,5.18,28.0,252.1,-0.9517,-0.3069,27.3,30.9,41.8,1.277,0.0707
25.39,92.895,545.0,9.41,28.0,294.4,-0.9105,0.4135,28.5,33.0,38.5,1.274,0.1283
25.39,92.9,594.0,6.95,28.0,302.0,-0.848,0.5299,26.4,34.0,39.5,1.278,0.0947
25.39,92.905,610.0,4.6,28.0,221.2,-0.6584,-0.7526,27.7,33.4,38.9,1.281,0.0626
25.39,92.91,533.0,8.27,28.0,156.3,0.4018,-0.9157,29.5,34.8,35.7,1.274,0.1129
25.39,92.915,476.0,2.92,28.0,173.9,0.1058,-0.9944,27.9,33.4,38.6,1.277,0.0399
25.39,92.92,482.0,1.51,28.0,199.9,-0.3402,-0.9403,28.2,32.9,38.9,1.278,0.0206
25.39,92.925,451.0,3.15,28.0,220.7,-0.6527,-0.7577,28.6,33.1,38.3,1.275,0.0431
25.39,92.93,440.0,6.65,28.0,168.4,0.2003,-0.9797,29.4,33.9,36.7,1.272,0.091
25.39,92.935,336.0,7.07,28.0,201.7,-0.3695,-0.9292,26.0,34.9,39.1,1.268,0.0971
25.39,92.94,324.0,9.9,28.0,232.5,-0.793,-0.6092,28.7,31.3,40.0,1.265,0.1359
25.39,92.945,229.0,6.44,28.0,249.9,-0.9393,-0.3432,27.7,36.0,36.3,1.264,0.0887
25.39,92.95,285.0,16.24,28.0,49.6,0.7618,0.6479,28.2,33.0,38.8,1.258,0.2223
25.39,92.955,419.0,10.28,28.0,344.5,-0.2674,0.9636,29.3,33.1,37.6,1.268,0.1407
25.39,92.96,461.0,4.7,28.0,303.8,-0.8311,0.5562,26.6,32.9,40.5,1.275,0.0643
25.39,92.965,465.0,6.15,28.0,165.5,0.2502,-0.9682,26.8,34.6,38.6,1.273,0.0842
25.39,92.97,356.0,7.18,28.0,170.1,0.1711,-0.9853,25.7,29.4,44.9,1.268,0.0986
25.39,92.975,340.0,4.06,28.0,137.9,0.6708,-0.7416,27.3,33.0,39.6,1.27,0.0557
25.39,92.98,303.0,5.01,28.0,83.5,0.9936,0.1132,29.6,34.5,35.9,1.268,0.0689
25.39,92.985,350.0,2.75,28.0,335.7,-0.4121,0.9112,27.9,34.2,37.9,1.272,0.0377
25.39,92.99,347.0,9.25,28.0,240.0,-0.866,-0.5001,26.4,33.4,40.2,1.266,0.127
25.39,92.995,268.0,8.96,28.0,185.9,-0.1025,-0.9947,27.4,33.9,38.6,1.263,0.1233
25.395,92.5,960.0,0.9,28.0,332.7,-0.4591,0.8884,26.2,31.3,42.5,1.298,0.0121
25.395,92.505,967.0,2.16,28.0,182.7,-0.0476,-0.9989,26.6,32.0,41.4,1.297,0.0291
25.395,92.51,922.0,3.19,28.0,195.9,-0.2739,-0.9618,28.5,31.3,40.2,1.294,0.043
25.395,92.515,913.0,1.87,28.0,309.7,-0.7698,0.6383,26.6,31.2,42.2,1.295,0.0252
25.395,92.52,943.0,1.56,28.0,73.0,0.9565,0.2917,29.3,33.1,37.6,1.296,0.021
25.395,92.525,921.0,1.65,28.0,345.5,-0.2502,0.9682,27.9,32.6,39.4,1.295,0.0222
25.395,92.53,971.0,2.47,28.0,267.4,-0.9989,-0.046,28.1,33.4,38.5,1.297,0.0332
25.395,92.535,919.0,6.43,28.0,185.5,-0.0956,-0.9954,27.7,34.0,38.3,1.291,0.0867
25.395,92.54,858.0,2.96,28.0,168.0,0.2082,-0.9781,28.9,33.8,37.2,1.292,0.04
25.395,92.545,868.0,0.8,28.0,31.1,0.5164,0.8564,28.9,33.5,37.5,1.294,0.0108
25.395,92.55,870.0,2.96,28.0,4.0,0.0694,0.9976,28.4,30.2,41.4,1.292,0.04
25.395,92.555,920.0,4.02,28.0,286.4,-0.9592,0.2828,28.7,31.8,39.5,1.293,0.0542
25.395,92.56,890.0,4.62,28.0,261.5,-0.9891,-0.1474,27.7,32.9,39.4,1.292,0.0623
25.395,92.565,908.0,6.2,28.0,318.6,-0.6616,0.7498,28.7,33.6,37.7,1.291,0.0837
25.395,92.57,972.0,2.88,28.0,300.9,-0.8579,0.5138,27.6,31.8,40.6,1.296,0.0388
25.395,92.575,934.0,5.94,28.0,202.3,-0.3796,-0.9252,28.0,35.0,37.0,1.292,0.0801
25.395,92.58,875.0,3.77,28.0,292.1,-0.9264,0.3766,27.7,36.0,36.4,1.292,0.0509
25.395,92.585,959.0,8.97,28.0,353.8,-0.1081,0.9941,27.5,34.7,37.9,1.291,0.1208
25.395,92.59,1033.0,5.1,28.0,65.0,0.9061,0.423,27.2,33.5,39.3,1.297,0.0685
25.395,92.595,997.0,8.61,28.0,94.9,0.9964,-0.0852,28.6,35.6,35.9,1.293,0.1158
25.395,92.6,1020.0,11.19,28.0,96.1,0.9944,-0.1054,29.6,32.2,38.2,1.291,0.1503
25.395,92.605,976.0,8.49,28.0,121.3,0.8547,-0.5191,29.4,34.3,36.3,1.292,0.1143
25.395,92.61,942.0,6.93,28.0,110.1,0.9392,-0.3434,26.5,35.3,38.2,1.292,0.0934
25.395,92.615,934.0,5.7,28.0,162.7,0.2969,-0.9549,29.5,32.6,37.9,1.293,0.0768
25.395,92.62,846.0,9.03,28.0,181.6,-0.0283,-0.9996,27.6,32.6,39.8,1.286,0.122
25.395,92.625,774.0,4.01,28.0,206.7,-0.449,-0.8935,28.7,32.8,38.5,1.288,0.0543
25.395,92.63,783.0,1.56,28.0,253.0,-0.9565,-0.2917,26.9,32.3,40.8,1.29,0.0211
25.395,92.635,766.0,1.25,28.0,215.1,-0.5754,-0.8179,28.2,31.0,40.9,1.29,0.0169
25.395,92.64,765.0,1.52,28.0,65.8,0.9118,0.4107,28.4,35.5,36.1,1.289,0.0206
25.395,92.645,777.0,7.02,28.0,36.2,0.591,0.8067,26.2,33.2,40.6,1.285,0.0951
25.395,92.65,865.0,1.25,28.0,71.4,0.9478,0.3189,28.7,30.6,40.7,1.294,0.0169
25.395,92.655,784.0,4.2,28.0,153.1,0.4522,-0.8919,29.6,33.0,37.4,1.288,0.0569
25.395,92.66,799.0,10.76,28.0,45.9,0.7187,0.6953,27.8,36.2,36.0,1.283,0.1455
25.395,92.665,917.0,4.42,28.0,47.1,0.7322,0.6811,29.6,33.2,37.2,1.293,0.0596
25.395,92.67,852.0,6.35,28.0,172.1,0.1372,-0.9905,27.8,34.4,37.8,1.289,0.0858
25.395,92.675,806.0,5.39,28.0,168.5,0.2001,-0.9798,29.0,32.1,38.9,1.288,0.0729
25.395,92.68,759.0,1.58,28.0,257.5,-0.9764,-0.2159,25.3,34.7,40.0,1.289,0.0214
25.395,92.685,800.0,3.54,28.0,68.3,0.9293,0.3693,30.9,33.8,35.3,1.289,0.0479
25.395,92.69,782.0,5.52,28.0,129.6,0.771,-0.6368,29.8,35.0,35.2,1.287,0.0747
25.395,92.695,738.0,2.27,28.0,328.5,-0.5219,0.853,27.7,33.2,39.2,1.288,0.0308
25.395,92.7,816.0,3.58,28.0,313.0,-0.7315,0.6819,25.6,34.2,40.2,1.29,0.0484
25.395,92.705,781.0,5.03,28.0,238.0,-0.8476,-0.5307,28.3,32.0,39.6,1.287,0.0681
25.395,92.71,769.0,4.77,28.0,15.6,0.2689,0.9632,26.3,32.5,41.2,1.287,0.0646
25.395,92.715,862.0,10.05,28.0,7.3,0.1267,0.9919,28.5,36.7,34.8,1.286,0.1357
25.395,92.72,946.0,5.11,28.0,287.4,-0.954,0.2998,28.5,35.7,35.8,1.294,0.0688
25.395,92.725,889.0,6.87,28.0,267.2,-0.9988,-0.0494,26.9,32.1,41.0,1.29,0.0927
25.395,92.73,940.0,2.63,28.0,6.7,0.1172,0.9931,29.3,33.1,37.6,1.295,0.0354
25.395,92.735,935.0,0.38,28.0,42.1,0.6708,0.7416,29.0,31.5,39.6,1.297,0.0051
25.395,92.74,945.0,1.51,28.0,19.9,0.3402,0.9403,29.2,31.4,39.5,1.297,0.0203
25.395,92.745,960.0,1.47,28.0,39.1,0.6313,0.7755,28.0,32.8,39.2,1.297,0.0198
25.395,92.75,965.0,2.76,28.0,149.8,0.5027,-0.8645,26.3,34.4,39.3,1.296,0.0372
25.395,92.755,918.0,2.34,28.0,194.0,-0.2414,-0.9704,29.2,33.3,37.5,1.295,0.0315
25.395,92.76,925.0,2.22,28.0,330.8,-0.4877,0.873,27.7,32.1,40.2,1.295,0.0299
25.395,92.765,952.0,4.43,28.0,224.1,-0.6959,-0.7181,26.3,34.0,39.7,1.294,0.0597
25.395,92.77,869.0,3.47,28.0,230.3,-0.7698,-0.6383,29.6,32.4,38.0,1.292,0.0468
25.395,92.775,913.0,5.08,28.0,349.5,-0.1819,0.9833,30.5,34.0,35.5,1.292,0.0685
25.395,92.78,957.0,3.28,28.0,30.1,0.501,0.8655,28.0,35.0,37.1,1.296,0.0441
25.395,92.785,963.0,2.29,28.0,81.4,0.9888,0.1491,30.6,29.5,39.9,1.297,0.0308
25.395,92.79,963.0,1.66,28.0,56.8,0.8365,0.548,28.1,33.6,38.3,1.297,0.0223
25.395,92.795,979.0,2.96,28.0,168.0,0.2082,-0.9781,27.5,30.5,42.0,1.297,0.0398
25.395,92.8,912.0,4.18,28.0,150.5,0.4921,-0.8705,27.2,35.0,37.8,1.293,0.0564
25.395,92.805,915.0,3.68,28.0,65.3,0.9087,0.4173,30.0,32.0,38.0,1.294,0.0496
25.395,92.81,939.0,6.41,28.0,88.5,0.9996,0.0265,27.1,31.9,41.1,1.292,0.0864
25.395,92.815,918.0,12.69,28.0,138.5,0.662,-0.7495,28.9,36.4,34.7,1.286,0.1708
25.395,92.82,769.0,12.48,28.0,149.5,0.5074,-0.8617,27.3,35.9,36.8,1.28,0.1688
25.395,92.825,726.0,10.98,28.0,130.2,0.7641,-0.6451,27.4,33.4,39.1,1.28,0.1488
25.395,92.83,643.0,9.93,28.0,144.2,0.5849,-0.8111,29.2,32.8,38.0,1.277,0.135
25.395,92.835,583.0,3.31,28.0,208.8,-0.4818,-0.8763,27.5,32.6,39.9,1.281,0.0451
25.395,92.84,592.0,11.84,28.0,308.7,-0.7802,0.6256,27.5,33.4,39.1,1.274,0.1611
25.395,92.845,715.0,5.94,28.0,282.7,-0.9756,0.2195,29.4,32.0,38.6,1.284,0.0806
25.395,92.85,615.0,9.64,28.0,271.7,-0.9996,0.0292,29.9,34.7,35.3,1.277,0.1311
25.395,92.855,720.0,4.53,28.0,344.9,-0.2608,0.9654,28.8,31.8,39.5,1.285,0.0615
25.395,92.86,692.0,5.17,28.0,239.7,-0.8633,-0.5047,27.2,34.0,38.8,1.283,0.0702
25.395,92.865,674.0,2.58,28.0,215.3,-0.5783,-0.8158,27.4,34.9,37.7,1.285,0.035
25.395,92.87,655.0,4.87,28.0,203.0,-0.3901,-0.9208,28.1,33.1,38.8,1.282,0.0662
25.395,92.875,595.0,5.84,28.0,250.1,-0.9404,-0.3401,28.4,33.8,37.9,1.279,0.0796
25.395,92.88,620.0,2.65,28.0,245.9,-0.913,-0.408,26.8,35.7,37.5,1.283,0.036
25.395,92.885,576.0,3.58,28.0,211.1,-0.5164,-0.8564,28.9,31.2,40.0,1.28,0.0488
25.395,92.89,566.0,5.31,28.0,293.3,-0.9185,0.3955,28.1,35.2,36.7,1.278,0.0724
25.395,92.895,613.0,2.89,28.0,303.4,-0.8351,0.5501,25.9,34.4,39.7,1.282,0.0393
25.395,92.9,594.0,4.09,28.0,82.8,0.9922,0.125,26.9,34.4,38.7,1.28,0.0557
25.395,92.905,622.0,3.97,28.0,156.3,0.4013,-0.916,27.4,35.0,37.6,1.282,0.054
25.395,92.91,530.0,4.92,28.0,207.3,-0.4591,-0.8884,27.9,33.7,38.4,1.277,0.0672
25.395,92.915,545.0,6.64,28.0,281.3,-0.9805,0.1963,30.3,32.9,36.8,1.276,0.0906
25.395,92.92,553.0,7.81,28.0,264.6,-0.9956,-0.0941,28.3,35.7,36.0,1.276,0.1065
25.395,92.925,532.0,9.76,28.0,222.4,-0.6737,-0.739,27.0,36.3,36.7,1.273,0.1332
25.395,92.93,425.0,7.97,28.0,221.9,-0.6673,-0.7448,28.3,35.8,36.0,1.27,0.1092
25.395,92.935,427.0,10.74,28.0,268.5,-0.9997,-0.0262,27.6,34.9,37.5,1.268,0.147
25.395,92.94,420.0,8.34,28.0,244.3,-0.901,-0.4337,28.4,33.1,38.5,1.27,0.1142
25.395,92.945,363.0,16.58,28.0,209.9,-0.4978,-0.8673,28.7,36.7,34.6,1.261,0.2263
25.395,92.95,160.0,4.75,28.0,84.5,0.9954,0.0957,29.5,34.7,35.9,1.262,0.0656
25.395,92.955,371.0,15.55,28.0,19.6,0.3356,0.942,28.0,37.7,34.3,1.262,0.2124
25.395,92.96,424.0,7.89,28.0,86.3,0.9979,0.0645,30.0,33.5,36.6,1.27,0.1081
25.395,92.965,380.0,13.32,28.0,103.8,0.971,-0.239,29.1,36.0,34.9,1.264,0.1823
25.395,92.97,367.0,7.08,28.0,159.3,0.3542,-0.9352,27.2,31.9,40.9,1.269,0.0971
25.395,92.975,263.0,4.16,28.0,130.0,0.7664,-0.6424,30.7,34.6,34.8,1.267,0.0573
25.395,92.98,320.0,7.51,28.0,326.0,-0.559,0.8291,28.4,32.8,38.8,1.267,0.1032
25.395,92.985,373.0,7.77,28.0,324.6,-0.5793,0.8151,27.0,35.2,37.8,1.268,0.1066
25.395,92.99,432.0,1.04,28.0,171.4,0.1491,-0.9888,30.0,30.6,39.5,1.276,0.0142
25.395,92.995,355.0,8.92,28.0,192.9,-0.2233,-0.9748,30.5,35.9,33.6,1.267,0.1224
25.4,92.5,992.0,3.4,28.0,230.5,-0.7718,-0.6358,28.0,33.4,38.7,1.297,0.0457
25.4,92.505,973.0,3.38,28.0,207.1,-0.4557,-0.8901,27.4,31.7,40.9,1.296,0.0455
25.4,92.51,939.0,2.77,28.0,234.9,-0.8179,-0.5754,27.8,33.8,38.4,1.295,0.0373
25.4,92.515,945.0,1.79,28.0,217.2,-0.605,-0.7963,28.9,31.6,39.6,1.296,0.0241
25.4,92.52,914.0,1.48,28.0,110.2,0.9383,-0.3458,29.5,33.5,36.9,1.295,0.0199
25.4,92.525,936.0,2.62,28.0,335.7,-0.4121,0.9112,28.7,32.3,39.0,1.295,0.0353
25.4,92.53,956.0,2.22,28.0,103.3,0.9731,-0.2305,28.1,30.0,41.9,1.296,0.0299
25.4,92.535,927.0,5.35,28.0,167.3,0.2206,-0.9754,29.8,32.0,38.2,1.293,0.0721
25.4,92.54,864.0,4.25,28.0,202.8,-0.3868,-0.9222,27.6,32.5,39.9,1.291,0.0574
25.4,92.545,858.0,0.7,28.0,347.3,-0.2206,0.9754,29.2,34.2,36.5,1.294,0.0094
25.4,92.55,876.0,5.24,28.0,4.5,0.0784,0.9969,27.7,34.7,37.6,1.291,0.0707
25.4,92.555,950.0,6.05,28.0,46.8,0.7292,0.6843,28.5,36.0,35.4,1.293,0.0815
25.4,92.56,949.0,2.14,28.0,99.2,0.9872,-0.1597,27.9,35.1,37.1,1.296,0.0288
25.4,92.565,944.0,3.75,28.0,43.3,0.6857,0.7278,27.9,32.2,39.9,1.295,0.0505
25.4,92.57,997.0,2.75,28.0,51.7,0.7848,0.6198,27.5,32.5,40.0,1.298,0.037
25.4,92.575,974.0,6.68,28.0,233.6,-0.805,-0.5933,29.6,33.2,37.2,1.293,0.09
25.4,92.58,927.0,6.97,28.0,271.9,-0.9995,0.0325,27.1,32.9,40.0,1.291,0.094
25.4,92.585,978.0,1.53,28.0,77.1,0.9748,0.223,27.1,29.6,43.2,1.298,0.0206
25.4,92.59,933.0,9.35,28.0,119.2,0.8726,-0.4884,30.5,34.5,35.0,1.29,0.1259
25.4,92.595,897.0,9.27,28.0,99.8,0.9854,-0.1704,29.2,32.5,38.3,1.288,0.1251
25.4,92.6,905.0,10.34,28.0,88.8,0.9998,0.0218,25.1,34.7,40.2,1.288,0.1394
25.4,92.605,901.0,8.12,28.0,110.4,0.9376,-0.3478,27.3,37.3,35.3,1.289,0.1096
25.4,92.61,855.0,7.22,28.0,99.9,0.985,-0.1724,25.8,33.2,41.0,1.288,0.0976
25.4,92.615,879.0,5.39,28.0,92.4,0.9991,-0.0421,26.9,33.7,39.4,1.291,0.0728
25.4,92.62,851.0,3.07,28.0,177.1,0.0502,-0.9987,24.2,34.2,41.6,1.291,0.0415
25.4,92.625,825.0,2.92,28.0,193.2,-0.2289,-0.9734,27.8,33.2,39.0,1.291,0.0395
25.4,92.63,801.0,3.06,28.0,158.3,0.3698,-0.9291,26.6,33.3,40.1,1.289,0.0414
25.4,92.635,775.0,2.02,28.0,154.3,0.4331,-0.9013,28.1,32.0,39.9,1.289,0.0273
25.4,92.64,769.0,1.42,28.0,136.3,0.6905,-0.7233,26.0,32.0,41.9,1.29,0.0192
25.4,92.645,757.0,4.9,28.0,4.2,0.0734,0.9973,28.1,31.9,40.0,1.286,0.0664
25.4,92.65,855.0,4.92,28.0,58.8,0.8549,0.5187,27.5,34.6,37.9,1.29,0.0665
25.4,92.655,802.0,6.35,28.0,182.8,-0.0484,-0.9988,29.8,31.1,39.1,1.287,0.0859
25.4,92.66,743.0,3.48,28.0,38.4,0.6206,0.7841,29.7,34.4,35.9,1.287,0.0472
25.4,92.665,850.0,10.15,28.0,52.4,0.7924,0.61,28.9,32.6,38.5,1.286,0.137
25.4,92.67,853.0,2.11,28.0,126.4,0.805,-0.5933,27.6,34.0,38.4,1.292,0.0285
25.4,92.675,828.0,3.77,28.0,173.7,0.109,-0.994,30.4,32.5,37.1,1.29,0.051
25.4,92.68,787.0,4.54,28.0,167.6,0.2152,-0.9766,26.1,31.4,42.5,1.288,0.0615
25.4,92.685,750.0,3.39,28.0,148.9,0.5164,-0.8564,26.3,33.8,39.9,1.287,0.0459
25.4,92.69,736.0,2.38,28.0,53.2,0.8011,0.5985,27.9,34.0,38.1,1.287,0.0323
25.4,92.695,775.0,5.54,28.0,346.6,-0.2316,0.9728,30.7,32.8,36.5,1.286,0.0751
25.4,92.7,831.0,3.72,28.0,12.0,0.2074,0.9783,27.8,34.1,38.2,1.29,0.0503
25.4,92.705,839.0,2.64,28.0,187.8,-0.1364,-0.9907,27.8,29.3,42.9,1.291,0.0357
25.4,92.71,785.0,4.66,28.0,239.2,-0.8593,-0.5115,26.3,31.3,42.5,1.288,0.0631
25.4,92.715,797.0,8.26,28.0,352.9,-0.1238,0.9923,29.1,36.1,34.7,1.285,0.1118
25.4,92.72,930.0,7.64,28.0,17.1,0.2948,0.9556,29.1,33.7,37.2,1.291,0.103
25.4,92.725,926.0,3.11,28.0,257.3,-0.9756,-0.2194,28.9,30.0,41.0,1.294,0.0419
25.4,92.73,918.0,0.65,28.0,314.5,-0.7132,0.7009,27.2,31.1,41.6,1.296,0.0088
25.4,92.735,934.0,1.74,28.0,18.9,0.3245,0.9459,27.2,31.1,41.8,1.296,0.0234
25.4,92.74,947.0,0.64,28.0,285.5,-0.9639,0.2664,26.4,31.9,41.6,1.297,0.0086
25.4,92.745,937.0,1.77,28.0,140.3,0.6383,-0.7698,28.1,31.9,40.0,1.296,0.0238
25.4,92.75,923.0,2.53,28.0,84.8,0.996,0.0899,26.7,32.9,40.4,1.295,0.0341
25.4,92.755,941.0,1.37,28.0,175.7,0.0752,-0.9972,26.6,32.3,41.2,1.296,0.0184
25.4,92.76,899.0,1.08,28.0,357.3,-0.0476,0.9989,27.5,34.3,38.2,1.295,0.0146
25.4,92.765,960.0,0.91,28.0,244.2,-0.9002,-0.4354,27.4,32.9,39.7,1.298,0.0122
25.4,92.77,892.0,5.16,28.0,252.7,-0.9549,-0.2969,27.4,34.1,38.6,1.291,0.0697
25.4,92.775,933.0,2.57,28.0,318.7,-0.6597,0.7515,28.6,34.4,37.0,1.295,0.0346
25.4,92.78,926.0,0.8,28.0,22.7,0.3852,0.9228,28.1,31.6,40.3,1.296,0.0108
25.4,92.785,946.0,2.08,28.0,17.2,0.2962,0.9551,27.7,30.7,41.7,1.296,0.028
25.4,92.79,961.0,1.15,28.0,45.9,0.7187,0.6953,28.2,34.1,37.7,1.297,0.0155
25.4,92.795,960.0,2.24,28.0,141.8,0.6188,-0.7855,26.8,32.8,40.4,1.297,0.0301
25.4,92.8,930.0,7.4,28.0,170.4,0.1659,-0.9861,28.1,34.2,37.7,1.291,0.0998
25.4,92.805,831.0,5.77,28.0,166.6,0.2311,-0.9729,28.2,32.6,39.2,1.288,0.0781
25.4,92.81,831.0,3.93,28.0,123.3,0.836,-0.5488,26.2,32.1,41.7,1.29,0.0531
25.4,92.815,793.0,3.41,28.0,178.3,0.0301,-0.9995,29.2,34.2,36.6,1.289,0.0461
25.4,92.82,771.0,6.62,28.0,252.1,-0.9514,-0.3079,26.9,35.2,37.8,1.285,0.0897
25.4,92.825,757.0,10.4,28.0,253.7,-0.9596,-0.2815,28.1,35.9,35.9,1.282,0.1408
25.4,92.83,719.0,12.53,28.0,266.9,-0.9986,-0.0536,29.4,36.5,34.1,1.278,0.1698
25.4,92.835,745.0,11.92,28.0,264.6,-0.9956,-0.0941,29.1,36.0,34.9,1.28,0.1614
25.4,92.84,699.0,8.02,28.0,250.7,-0.9435,-0.3313,28.0,34.3,37.6,1.281,0.1089
25.4,92.845,698.0,1.87,28.0,263.0,-0.9925,-0.1219,27.6,32.2,40.2,1.286,0.0254
25.4,92.85,695.0,6.74,28.0,275.3,-0.9957,0.0924,29.1,35.6,35.3,1.282,0.0915
25.4,92.855,709.0,0.31,28.0,280.4,-0.9834,0.1812,28.8,31.5,39.7,1.288,0.0042
25.4,92.86,696.0,1.6,28.0,215.3,-0.5778,-0.8162,27.3,33.0,39.8,1.287,0.0217
25.4,92.865,686.0,3.3,28.0,234.1,-0.8104,-0.5859,27.0,31.7,41.3,1.285,0.0448
25.4,92.87,662.0,0.69,28.0,125.1,0.8179,-0.5754,25.5,31.2,43.3,1.286,0.0094
25.4,92.875,679.0,1.83,28.0,133.1,0.7303,-0.6832,28.2,32.1,39.7,1.286,0.0248
25.4,92.88,640.0,4.88,28.0,144.6,0.5793,-0.8151,27.9,32.1,40.0,1.282,0.0664
25.4,92.885,609.0,1.57,28.0,136.5,0.6886,-0.7251,29.4,33.6,37.0,1.283,0.0214
25.4,92.89,620.0,1.49,28.0,130.5,0.7603,-0.6496,28.4,30.4,41.2,1.284,0.0203
25.4,92.895,592.0,7.22,28.0,145.4,0.5674,-0.8234,29.6,34.1,36.3,1.278,0.0983
25.4,92.9,515.0,4.63,28.0,99.2,0.9872,-0.1594,27.2,33.4,39.4,1.277,0.0632
25.4,92.905,579.0,4.55,28.0,39.2,0.6327,0.7744,29.4,30.5,40.1,1.279,0.062
25.4,92.91,577.0,3.09,28.0,296.2,-0.8975,0.441,27.4,32.2,40.5,1.281,0.0421
25.4,92.915,603.0,5.68,28.0,304.7,-0.8221,0.5693,28.9,33.9,37.2,1.279,0.0774
25.4,92.92,634.0,1.95,28.0,132.2,0.7403,-0.6723,26.2,33.2,40.6,1.284,0.0265
25.4,92.925,580.0,5.47,28.0,200.9,-0.3568,-0.9342,28.3,33.2,38.6,1.279,0.0745
25.4,92.93,544.0,7.16,28.0,254.9,-0.9654,-0.2609,25.6,34.9,39.5,1.276,0.0977
25.4,92.935,547.0,4.19,28.0,188.5,-0.1471,-0.9891,27.7,33.0,39.4,1.278,0.0572
25.4,92.94,471.0,8.8,28.0,191.0,-0.1915,-0.9815,28.5,34.4,37.1,1.272,0.1203
25.4,92.945,394.0,15.54,28.0,186.9,-0.1195,-0.9928,27.4,36.5,36.1,1.263,0.2121
25.4,92.95,193.0,4.98,28.0,205.7,-0.4334,-0.9012,26.7,34.7,38.5,1.264,0.0687
25.4,92.955,315.0,9.42,28.0,47.0,0.7309,0.6824,29.0,33.5,37.5,1.265,0.1294
25.4,92.96,307.0,12.45,28.0,118.5,0.879,-0.4769,27.9,34.6,37.5,1.262,0.1708
25.4,92.965,209.0,5.08,28.0,90.0,1.0,0.0,27.4,32.4,40.2,1.264,0.0701
25.4,92.97,307.0,10.88,28.0,69.1,0.9343,0.3564,28.1,34.4,37.5,1.263,0.1494
25.4,92.975,278.0,4.46,28.0,353.4,-0.1152,0.9933,31.2,35.3,33.5,1.267,0.0614
25.4,92.98,385.0,9.32,28.0,14.6,0.2517,0.9678,29.4,35.3,35.3,1.268,0.1277
25.4,92.985,438.0,3.18,28.0,137.2,0.6796,-0.7335,29.4,31.2,39.5,1.275,0.0435
25.4,92.99,344.0,9.37,28.0,142.0,0.6151,-0.7884,28.5,33.6,37.9,1.266,0.1286
25.4,92.995,307.0,4.84,28.0,150.1,0.4981,-0.8671,28.2,33.8,38.0,1.268,0.0665
25.405,92.5,1011.0,2.6,28.0,232.3,-0.7908,-0.612,25.1,31.3,43.5,1.298,0.0349
25.405,92.505,997.0,3.16,28.0,215.9,-0.5862,-0.8102,27.2,31.8,41.1,1.297,0.0425
25.405,92.51,966.0,4.29,28.0,213.4,-0.5511,-0.8345,27.4,35.2,37.4,1.295,0.0578
25.405,92.515,934.0,2.87,28.0,187.2,-0.1256,-0.9921,25.8,31.8,42.4,1.295,0.0387
25.405,92.52,916.0,2.16,28.0,282.2,-0.9775,0.2109,26.6,34.0,39.4,1.295,0.0291
25.405,92.525,942.0,0.77,28.0,344.4,-0.2681,0.9634,25.6,34.1,40.3,1.297,0.0104
25.405,92.53,929.0,2.79,28.0,159.5,0.35,-0.9368,28.0,31.6,40.4,1.295,0.0376
25.405,92.535,896.0,2.4,28.0,157.3,0.3852,-0.9228,29.0,31.3,39.7,1.294,0.0324
25.405,92.54,890.0,1.67,28.0,211.6,-0.5239,-0.8518,29.3,32.0,38.6,1.294,0.0225
25.405,92.545,871.0,2.05,28.0,218.9,-0.6283,-0.778,28.5,30.9,40.6,1.293,0.0277
25.405,92.55,862.0,2.11,28.0,185.6,-0.0973,-0.9953,26.8,32.7,40.4,1.293,0.0285
25.405,92.555,834.0,4.58,28.0,99.3,0.9869,-0.1612,25.7,32.9,41.4,1.29,0.0619
25.405,92.56,849.0,3.33,28.0,65.8,0.912,0.4102,25.9,33.4,40.7,1.291,0.045
25.405,92.565,858.0,4.87,28.0,19.1,0.3271,0.945,26.5,35.4,38.1,1.29,0.0658
25.405,92.57,930.0,10.35,28.0,10.2,0.1771,0.9842,26.9,36.0,37.1,1.289,0.1394
25.405,92.575,1039.0,5.24,28.0,28.7,0.48,0.8773,27.8,34.1,38.1,1.297,0.0704
25.405,92.58,1011.0,6.63,28.0,201.3,-0.3633,-0.9317,26.8,30.8,42.4,1.295,0.0892
25.405,92.585,930.0,7.8,28.0,180.8,-0.0131,-0.9999,28.4,34.7,36.8,1.291,0.1051
25.405,92.59,873.0,6.82,28.0,158.4,0.3679,-0.9298,27.7,36.4,35.9,1.289,0.0921
25.405,92.595,818.0,4.84,28.0,131.1,0.7537,-0.6572,28.0,28.8,43.2,1.289,0.0655
25.405,92.6,817.0,5.87,28.0,85.0,0.9962,0.087,29.4,34.6,36.0,1.288,0.0794
25.405,92.605,827.0,7.87,28.0,95.8,0.9949,-0.1007,26.6,33.9,39.6,1.287,0.1064
25.405,92.61,803.0,5.64,28.0,88.8,0.9998,0.0201,28.5,32.2,39.3,1.287,0.0764
25.405,92.615,829.0,3.43,28.0,48.5,0.749,0.6625,28.0,34.1,37.9,1.29,0.0464
25.405,92.62,843.0,2.96,28.0,143.8,0.5908,-0.8068,27.6,35.4,37.0,1.291,0.04
25.405,92.625,787.0,4.71,28.0,171.2,0.1526,-0.9883,29.1,34.4,36.5,1.288,0.0638
25.405,92.63,761.0,2.16,28.0,180.0,0.0,-1.0,29.1,32.0,38.9,1.289,0.0292
25.405,92.635,749.0,1.63,28.0,121.6,0.8521,-0.5234,26.9,31.0,42.1,1.289,0.0221
25.405,92.64,746.0,1.21,28.0,350.2,-0.1698,0.9855,27.8,32.5,39.7,1.289,0.0164
25.405,92.645,770.0,3.09,28.0,312.9,-0.7324,0.6809,28.3,34.1,37.5,1.288,0.0419
25.405,92.65,783.0,4.66,28.0,75.9,0.9699,0.2437,27.7,32.7,39.7,1.287,0.0631
25.405,92.655,790.0,3.24,28.0,117.2,0.8896,-0.4567,28.7,32.4,38.9,1.289,0.0438
25.405,92.66,757.0,1.78,28.0,186.7,-0.1159,-0.9933,28.3,36.7,35.0,1.289,0.0241
25.405,92.665,759.0,6.9,28.0,59.4,0.8609,0.5087,30.2,35.5,34.3,1.285,0.0935
25.405,92.67,819.0,4.94,28.0,63.4,0.8939,0.4482,26.2,35.0,38.8,1.289,0.0668
25.405,92.675,798.0,6.14,28.0,136.8,0.6845,-0.7291,27.9,31.4,40.7,1.287,0.0831
25.405,92.68,740.0,1.98,28.0,203.0,-0.3903,-0.9207,26.9,31.5,41.6,1.288,0.0268
25.405,92.685,766.0,2.89,28.0,275.6,-0.9952,0.0982,28.7,32.9,38.4,1.288,0.0391
25.405,92.69,745.0,2.22,28.0,265.6,-0.997,-0.0769,26.1,31.1,42.9,1.288,0.0301
25.405,92.695,763.0,3.31,28.0,343.8,-0.2792,0.9602,28.4,35.3,36.3,1.288,0.0448
25.405,92.7,801.0,1.45,28.0,10.3,0.178,0.984,27.2,34.5,38.3,1.291,0.0196
25.405,92.705,788.0,3.93,28.0,48.3,0.7462,0.6658,27.1,32.2,40.6,1.288,0.0532
25.405,92.71,847.0,5.59,28.0,342.4,-0.3026,0.9531,26.3,36.2,37.6,1.289,0.0756
25.405,92.715,882.0,7.95,28.0,293.0,-0.9203,0.3913,27.4,34.1,38.4,1.289,0.1073
25.405,92.72,902.0,4.14,28.0,335.0,-0.4223,0.9064,29.3,37.0,33.7,1.293,0.0558
25.405,92.725,948.0,2.99,28.0,333.4,-0.4475,0.8943,28.0,33.0,39.0,1.295,0.0403
25.405,92.73,949.0,2.96,28.0,242.5,-0.8871,-0.4616,28.8,33.7,37.6,1.295,0.0399
25.405,92.735,924.0,0.73,28.0,308.8,-0.7793,0.6266,30.0,34.3,35.7,1.296,0.0098
25.405,92.74,957.0,0.9,28.0,27.3,0.4591,0.8884,28.3,34.2,37.5,1.298,0.0121
25.405,92.745,938.0,2.64,28.0,152.1,0.4679,-0.8838,27.3,33.5,39.2,1.295,0.0356
25.405,92.75,916.0,1.42,28.0,151.9,0.4714,-0.8819,28.6,32.2,39.3,1.295,0.0191
25.405,92.755,916.0,1.69,28.0,70.4,0.9419,0.3359,27.3,33.2,39.4,1.295,0.0228
25.405,92.76,926.0,2.96,28.0,356.0,-0.0694,0.9976,27.4,31.6,41.0,1.295,0.0399
25.405,92.765,968.0,2.47,28.0,26.0,0.4379,0.899,26.2,32.9,40.9,1.297,0.0332
25.405,92.77,965.0,4.05,28.0,252.0,-0.9512,-0.3085,29.1,31.4,39.5,1.295,0.0545
25.405,92.775,946.0,1.38,28.0,234.9,-0.8179,-0.5754,27.5,29.7,42.8,1.297,0.0186
25.405,92.78,951.0,1.72,28.0,279.5,-0.9863,0.1652,28.2,32.5,39.2,1.297,0.0231
25.405,92.785,951.0,0.95,28.0,256.2,-0.9711,-0.2386,26.8,34.1,39.1,1.297,0.0128
25.405,92.79,947.0,0.31,28.0,280.4,-0.9834,0.1812,28.5,33.5,38.0,1.298,0.0042
25.405,92.795,952.0,3.54,28.0,161.4,0.3196,-0.9476,27.1,32.8,40.1,1.295,0.0477
25.405,92.8,888.0,3.79,28.0,199.0,-0.3258,-0.9455,27.8,35.6,36.5,1.292,0.0512
25.405,92.805,889.0,5.19,28.0,261.8,-0.9898,-0.1423,29.1,32.5,38.4,1.291,0.0701
25.405,92.81,875.0,5.01,28.0,287.8,-0.9522,0.3056,28.9,30.5,40.6,1.291,0.0676
25.405,92.815,916.0,6.38,28.0,278.7,-0.9885,0.1511,28.0,30.4,41.6,1.291,0.0861
25.405,92.82,892.0,8.89,28.0,272.2,-0.9993,0.0381,25.9,32.6,41.5,1.288,0.12
25.405,92.825,922.0,8.93,28.0,269.3,-0.9999,-0.0126,31.6,35.6,32.8,1.289,0.1204
25.405,92.83,890.0,10.52,28.0,235.8,-0.8274,-0.5617,30.1,33.9,36.1,1.287,0.1419
25.405,92.835,817.0,9.48,28.0,206.9,-0.4519,-0.8921,28.9,35.2,35.9,1.285,0.1282
25.405,92.84,740.0,5.12,28.0,223.0,-0.6818,-0.7316,27.1,35.8,37.1,1.285,0.0694
25.405,92.845,751.0,2.49,28.0,277.9,-0.9906,0.1369,27.9,31.0,41.1,1.288,0.0337
25.405,92.85,746.0,1.5,28.0,198.0,-0.3096,-0.9509,27.3,33.1,39.5,1.289,0.0203
25.405,92.855,726.0,2.47,28.0,214.2,-0.5614,-0.8276,29.5,33.5,37.0,1.287,0.0335
25.405,92.86,710.0,1.75,28.0,270.0,-1.0,-0.0,28.3,31.2,40.5,1.287,0.0237
25.405,92.865,726.0,3.85,28.0,193.1,-0.2269,-0.9739,27.1,35.1,37.9,1.286,0.0522
25.405,92.87,644.0,8.92,28.0,186.6,-0.1145,-0.9934,27.4,33.9,38.6,1.278,0.1213
25.405,92.875,569.0,4.58,28.0,168.4,0.2018,-0.9794,29.3,32.6,38.0,1.279,0.0624
25.405,92.88,565.0,2.06,28.0,112.7,0.9225,-0.3859,29.9,35.7,34.4,1.281,0.0281
25.405,92.885,555.0,3.12,28.0,112.5,0.9238,-0.383,29.8,33.6,36.5,1.28,0.0425
25.405,92.89,544.0,4.69,28.0,105.5,0.9639,-0.2664,28.9,34.6,36.5,1.278,0.064
25.405,92.895,533.0,2.86,28.0,140.9,0.6302,-0.7764,27.7,34.8,37.5,1.279,0.039
25.405,92.9,505.0,1.88,28.0,1.6,0.0274,0.9996,24.1,31.5,44.4,1.279,0.0256
25.405,92.905,566.0,7.8,28.0,55.1,0.8197,0.5728,28.4,36.0,35.7,1.276,0.1064
25.405,92.91,584.0,7.18,28.0,56.5,0.834,0.5517,28.0,33.2,38.8,1.277,0.0979
25.405,92.915,636.0,5.83,28.0,125.0,0.8187,-0.5742,28.2,32.7,39.1,1.281,0.0793
25.405,92.92,525.0,7.72,28.0,118.9,0.8752,-0.4838,28.1,33.7,38.3,1.275,0.1054
25.405,92.925,570.0,5.79,28.0,69.9,0.9394,0.3429,26.4,32.6,41.0,1.278,0.0789
25.405,92.93,560.0,8.48,28.0,150.8,0.4881,-0.8728,28.7,35.5,35.8,1.275,0.1157
25.405,92.935,439.0,11.24,28.0,122.3,0.8451,-0.5346,28.8,35.4,35.8,1.268,0.1537
25.405,92.94,453.0,8.13,28.0,105.7,0.9625,-0.2713,28.8,33.4,37.8,1.271,0.1113
25.405,92.945,400.0,16.1,28.0,149.7,0.5041,-0.8636,29.1,37.3,33.6,1.263,0.2196
25.405,92.95,202.0,10.49,28.0,208.4,-0.4755,-0.8797,28.7,34.4,36.9,1.259,0.1446
25.405,92.955,236.0,0.5,28.0,313.5,-0.7258,0.6879,27.5,31.6,40.9,1.269,0.0069
25.405,92.96,208.0,5.32,28.0,298.7,-0.8774,0.4797,27.9,33.5,38.6,1.264,0.0734
25.405,92.965,281.0,7.72,28.0,252.5,-0.9539,-0.3003,28.1,34.8,37.1,1.265,0.1062
25.405,92.97,167.0,1.22,28.0,111.9,0.9278,-0.373,28.1,32.9,39.0,1.266,0.0168
25.405,92.975,273.0,8.64,28.0,45.6,0.715,0.6991,29.2,33.8,37.0,1.264,0.1188
25.405,92.98,274.0,6.35,28.0,58.8,0.8556,0.5176,28.8,35.0,36.3,1.266,0.0874
25.405,92.985,331.0,7.89,28.0,71.2,0.9465,0.3226,30.5,33.8,35.7,1.267,0.1083
25.405,92.99,319.0,3.54,28.0,111.7,0.9293,-0.3693,30.6,32.0,37.4,1.27,0.0486
25.405,92.995,308.0,4.89,28.0,104.8,0.9668,-0.2556,28.1,31.1,40.8,1.268,0.0672
25.41,92.5,1032.0,2.77,28.0,199.5,-0.3336,-0.9427,23.4,34.2,42.4,1.299,0.0372
25.41,92.505,1009.0,3.09,28.0,210.0,-0.5,-0.866,29.5,32.8,37.7,1.298,0.0415
25.41,92.51,985.0,3.66,28.0,207.6,-0.4639,-0.8859,27.4,33.3,39.4,1.296,0.0493
25.41,92.515,952.0,2.67,28.0,230.3,-0.7698,-0.6383,27.0,34.3,38.7,1.296,0.0359
25.41,92.52,955.0,3.21,28.0,257.7,-0.9772,-0.2125,27.5,32.1,40.3,1.296,0.0432
25.41,92.525,940.0,1.49,28.0,226.5,-0.7258,-0.6879,27.5,30.3,42.2,1.296,0.0201
25.41,92.53,937.0,1.81,28.0,193.1,-0.2273,-0.9738,28.7,32.6,38.7,1.296,0.0244
25.41,92.535,909.0,3.45,28.0,202.8,-0.3872,-0.922,26.1,33.4,40.5,1.293,0.0465
25.41,92.54,881.0,1.6,28.0,202.7,-0.3852,-0.9228,26.7,32.0,41.3,1.294,0.0216
25.41,92.545,883.0,0.88,28.0,266.3,-0.9979,-0.0649,28.4,34.4,37.1,1.295,0.0119
25.41,92.55,880.0,3.5,28.0,250.1,-0.9401,-0.341,28.7,29.2,42.0,1.292,0.0473
25.41,92.555,862.0,5.42,28.0,276.0,-0.9945,0.1047,28.8,35.1,36.1,1.29,0.0732
25.41,92.56,890.0,5.15,28.0,304.2,-0.8272,0.5619,27.1,34.6,38.4,1.291,0.0695
25.41,92.565,913.0,6.64,28.0,307.3,-0.7953,0.6062,26.8,34.5,38.7,1.291,0.0896
25.41,92.57,961.0,0.96,28.0,315.6,-0.6999,0.7143,27.4,27.3,45.4,1.298,0.0129
25.41,92.575,925.0,8.76,28.0,85.2,0.9965,0.0838,28.3,36.3,35.5,1.29,0.1181
25.41,92.58,974.0,5.7,28.0,56.8,0.837,0.5473,29.8,32.0,38.2,1.294,0.0768
25.41,92.585,980.0,5.22,28.0,168.1,0.2065,-0.9784,25.5,32.6,41.8,1.295,0.0703
25.41,92.59,884.0,8.74,28.0,185.7,-0.0994,-0.9951,27.7,34.1,38.2,1.288,0.118
25.41,92.595,826.0,5.54,28.0,197.8,-0.3056,-0.9522,26.4,34.1,39.5,1.288,0.075
25.41,92.6,791.0,4.86,28.0,155.7,0.4121,-0.9112,26.0,34.3,39.7,1.288,0.0658
25.41,92.605,748.0,5.08,28.0,120.9,0.8581,-0.5134,29.2,34.7,36.1,1.286,0.0689
25.41,92.61,745.0,5.34,28.0,30.6,0.5093,0.8606,28.7,34.6,36.7,1.285,0.0724
25.41,92.615,829.0,4.45,28.0,23.1,0.3928,0.9196,28.5,33.6,37.9,1.289,0.0602
25.41,92.62,817.0,3.06,28.0,109.6,0.9423,-0.3349,29.1,33.4,37.5,1.29,0.0414
25.41,92.625,811.0,1.37,28.0,228.5,-0.749,-0.6625,27.4,30.7,41.8,1.291,0.0185
25.41,92.63,801.0,5.03,28.0,224.7,-0.7038,-0.7104,27.5,32.2,40.3,1.288,0.0681
25.41,92.635,748.0,1.73,28.0,202.8,-0.3872,-0.922,30.6,33.8,35.6,1.288,0.0234
25.41,92.64,773.0,3.12,28.0,344.7,-0.2634,0.9647,27.7,34.1,38.2,1.288,0.0423
25.41,92.645,801.0,0.35,28.0,171.4,0.1491,-0.9888,28.9,33.2,37.9,1.292,0.0047
25.41,92.65,767.0,3.36,28.0,158.5,0.3671,-0.9302,28.0,32.1,39.9,1.288,0.0455
25.41,92.655,746.0,2.76,28.0,114.3,0.9115,-0.4113,25.8,34.1,40.1,1.288,0.0374
25.41,92.66,747.0,1.11,28.0,128.0,0.7883,-0.6152,25.5,30.6,43.9,1.289,0.015
25.41,92.665,734.0,1.14,28.0,5.2,0.0901,0.9959,27.3,33.9,38.8,1.288,0.0154
25.41,92.67,767.0,4.47,28.0,81.2,0.9883,0.1525,29.3,32.8,37.9,1.287,0.0606
25.41,92.675,746.0,3.67,28.0,57.2,0.8404,0.542,28.9,35.5,35.5,1.287,0.0497
25.41,92.68,802.0,4.36,28.0,321.4,-0.6242,0.7813,29.1,30.9,40.0,1.288,0.059
25.41,92.685,806.0,2.7,28.0,241.1,-0.8752,-0.4838,26.8,35.4,37.8,1.29,0.0365
25.41,92.69,779.0,3.87,28.0,259.0,-0.9817,-0.1907,29.9,32.5,37.6,1.288,0.0524
25.41,92.695,793.0,3.25,28.0,325.3,-0.5695,0.822,26.8,32.3,40.9,1.289,0.044
25.41,92.7,826.0,2.35,28.0,254.5,-0.9639,-0.2664,28.3,32.9,38.8,1.291,0.0318
25.41,92.705,782.0,1.61,28.0,253.6,-0.9592,-0.2828,28.0,31.4,40.6,1.29,0.0218
25.41,92.71,818.0,9.27,28.0,16.0,0.2752,0.9614,27.8,34.4,37.8,1.285,0.1254
25.41,92.715,940.0,8.27,28.0,3.9,0.068,0.9977,29.6,33.1,37.3,1.291,0.1114
25.41,92.72,964.0,3.61,28.0,280.9,-0.982,0.1888,27.2,31.9,40.9,1.296,0.0486
25.41,92.725,952.0,1.22,28.0,283.5,-0.9723,0.2337,26.4,33.1,40.6,1.297,0.0164
25.41,92.73,969.0,0.43,28.0,201.2,-0.3614,-0.9324,28.0,30.8,41.2,1.298,0.0058
25.41,92.735,945.0,2.17,28.0,218.1,-0.6169,-0.787,27.5,31.4,41.1,1.296,0.0292
25.41,92.74,939.0,1.94,28.0,159.8,0.3449,-0.9386,32.1,30.5,37.5,1.296,0.0261
25.41,92.745,913.0,1.82,28.0,154.9,0.4238,-0.9058,28.8,31.7,39.5,1.295,0.0245
25.41,92.75,910.0,0.31,28.0,236.4,-0.8333,-0.5528,27.5,34.1,38.4,1.296,0.0042
25.41,92.755,910.0,0.65,28.0,232.3,-0.7908,-0.612,26.7,30.9,42.4,1.296,0.0088
25.41,92.76,903.0,1.7,28.0,14.0,0.2421,0.9703,25.7,31.4,42.9,1.295,0.0229
25.41,92.765,939.0,3.99,28.0,24.3,0.4121,0.9112,26.8,33.4,39.9,1.294,0.0538
25.41,92.77,967.0,1.0,28.0,335.7,-0.4121,0.9112,28.1,31.7,40.2,1.298,0.0134
25.41,92.775,955.0,1.22,28.0,248.1,-0.9278,-0.373,29.7,35.7,34.6,1.297,0.0164
25.41,92.78,959.0,0.97,28.0,301.9,-0.8492,0.5281,29.3,32.0,38.6,1.298,0.013
25.41,92.785,964.0,1.17,28.0,292.8,-0.9216,0.3882,28.3,32.8,38.9,1.298,0.0157
25.41,92.79,967.0,1.83,28.0,143.9,0.5899,-0.8075,27.6,33.9,38.5,1.297,0.0246
25.41,92.795,938.0,0.74,28.0,180.0,0.0,-1.0,28.3,33.6,38.1,1.297,0.01
25.41,92.8,954.0,3.11,28.0,262.7,-0.9918,-0.1279,27.4,33.2,39.4,1.296,0.0419
25.41,92.805,931.0,3.84,28.0,243.7,-0.8962,-0.4437,30.1,32.8,37.2,1.294,0.0518
25.41,92.81,924.0,4.3,28.0,258.6,-0.9802,-0.1982,27.8,36.2,36.0,1.293,0.058
25.41,92.815,916.0,2.84,28.0,294.9,-0.907,0.4212,27.9,32.6,39.5,1.294,0.0383
25.41,92.82,945.0,1.66,28.0,303.2,-0.8365,0.548,25.3,31.8,42.9,1.296,0.0224
25.41,92.825,932.0,3.19,28.0,168.8,0.1936,-0.9811,27.8,31.9,40.4,1.295,0.043
25.41,92.83,890.0,5.99,28.0,167.1,0.2226,-0.9749,29.0,31.0,40.0,1.291,0.0808
25.41,92.835,829.0,7.43,28.0,200.6,-0.3511,-0.9363,26.7,35.2,38.1,1.287,0.1005
25.41,92.84,767.0,5.41,28.0,209.5,-0.493,-0.87,27.1,29.9,43.0,1.286,0.0733
25.41,92.845,746.0,3.86,28.0,201.9,-0.373,-0.9278,29.0,33.0,38.0,1.287,0.0523
25.41,92.85,704.0,1.04,28.0,123.0,0.8383,-0.5452,26.2,32.0,41.8,1.287,0.0141
25.41,92.855,736.0,2.66,28.0,56.2,0.8313,0.5558,29.3,36.1,34.7,1.287,0.0361
25.41,92.86,730.0,2.25,28.0,213.3,-0.5496,-0.8355,27.4,29.9,42.8,1.287,0.0305
25.41,92.865,703.0,4.68,28.0,125.6,0.8126,-0.5828,27.5,31.9,40.6,1.284,0.0635
25.41,92.87,682.0,2.64,28.0,154.6,0.4282,-0.9037,26.7,32.5,40.8,1.285,0.0358
25.41,92.875,661.0,6.21,28.0,223.9,-0.6932,-0.7208,28.5,33.4,38.2,1.281,0.0844
25.41,92.88,603.0,6.63,28.0,202.7,-0.3862,-0.9224,31.0,32.9,36.1,1.279,0.0903
25.41,92.885,553.0,5.04,28.0,216.9,-0.6008,-0.7994,28.9,33.2,37.8,1.278,0.0687
25.41,92.89,532.0,3.14,28.0,274.1,-0.9974,0.0723,27.0,30.9,42.1,1.279,0.0428
25.41,92.895,557.0,2.34,28.0,244.1,-0.8996,-0.4367,29.4,33.2,37.5,1.28,0.0319
25.41,92.9,514.0,5.85,28.0,177.0,0.0526,-0.9986,27.6,30.1,42.3,1.276,0.0799
25.41,92.905,454.0,7.32,28.0,114.7,0.9087,-0.4173,29.6,33.9,36.4,1.272,0.1002
25.41,92.91,460.0,8.81,28.0,69.0,0.9334,0.3589,29.0,33.4,37.6,1.271,0.1205
25.41,92.915,510.0,7.6,28.0,71.8,0.9498,0.3128,24.5,35.6,40.0,1.274,0.1038
25.41,92.92,502.0,3.21,28.0,129.7,0.7698,-0.6383,26.8,35.5,37.7,1.277,0.0438
25.41,92.925,474.0,8.66,28.0,104.7,0.9671,-0.2543,29.1,33.8,37.1,1.272,0.1184
25.41,92.93,463.0,11.78,28.0,122.9,0.8398,-0.5428,28.2,37.2,34.6,1.269,0.1609
25.41,92.935,360.0,11.36,28.0,135.8,0.6974,-0.7167,26.8,34.6,38.7,1.265,0.1557
25.41,92.94,318.0,8.57,28.0,147.5,0.5366,-0.8438,27.2,32.8,39.9,1.266,0.1177
25.41,92.945,232.0,1.54,28.0,185.7,-0.1,-0.995,25.7,35.0,39.3,1.268,0.0212
25.41,92.95,291.0,12.82,28.0,293.1,-0.9196,0.3927,27.9,36.2,35.9,1.261,0.176
25.41,92.955,322.0,8.79,28.0,313.4,-0.7263,0.6874,30.7,34.4,35.0,1.266,0.1207
25.41,92.96,398.0,3.82,28.0,297.4,-0.8875,0.4609,29.0,34.0,37.0,1.273,0.0523
25.41,92.965,353.0,7.43,28.0,149.4,0.5096,-0.8604,30.6,34.4,35.0,1.268,0.102
25.41,92.97,285.0,11.16,28.0,189.4,-0.1639,-0.9865,29.1,34.9,36.1,1.262,0.1534
25.41,92.975,157.0,2.9,28.0,96.8,0.9931,-0.1176,29.2,30.8,40.0,1.264,0.04
25.41,92.98,279.0,8.11,28.0,340.1,-0.3402,0.9403,30.4,33.8,35.9,1.264,0.1116
25.41,92.985,292.0,4.67,28.0,89.3,0.9999,0.0121,28.5,34.2,37.4,1.268,0.0642
25.41,92.99,280.0,9.51,28.0,117.2,0.8898,-0.4563,27.8,34.4,37.9,1.263,0.1308
25.41,92.995,215.0,10.68,28.0,133.2,0.7288,-0.6847,29.2,36.2,34.6,1.26,0.1471
25.415,92.5,1029.0,0.71,28.0,251.2,-0.9467,-0.3221,29.7,32.8,37.5,1.301,0.0095
25.415,92.505,1027.0,1.71,28.0,183.5,-0.0602,-0.9982,27.4,31.1,41.4,1.3,0.023
25.415,92.51,999.0,3.38,28.0,207.1,-0.4557,-0.8901,27.1,30.9,41.9,1.297,0.0455
25.415,92.515,974.0,3.76,28.0,250.6,-0.9431,-0.3325,28.2,32.8,39.1,1.296,0.0506
25.415,92.52,977.0,1.96,28.0,251.3,-0.9474,-0.3201,29.0,31.7,39.3,1.297,0.0264
25.415,92.525,963.0,2.61,28.0,209.5,-0.4921,-0.8705,29.0,33.2,37.8,1.296,0.0351
25.415,92.53,937.0,2.36,28.0,188.8,-0.1526,-0.9883,26.3,31.6,42.2,1.296,0.0318
25.415,92.535,922.0,2.22,28.0,153.8,0.4407,-0.8976,30.3,31.7,38.0,1.295,0.0299
25.415,92.54,902.0,2.29,28.0,212.6,-0.5381,-0.8429,27.2,34.2,38.6,1.294,0.0309
25.415,92.545,888.0,1.37,28.0,6.5,0.1123,0.9937,27.7,32.6,39.7,1.294,0.0185
25.415,92.55,926.0,3.24,28.0,333.6,-0.4448,0.8957,26.9,31.8,41.3,1.294,0.0437
25.415,92.555,939.0,3.82,28.0,275.1,-0.996,0.0893,31.2,33.0,35.7,1.294,0.0515
25.415,92.56,932.0,3.09,28.0,293.9,-0.9146,0.4045,28.3,34.9,36.8,1.295,0.0416
25.415,92.565,961.0,0.78,28.0,36.5,0.5949,0.8038,27.0,32.6,40.4,1.298,0.0105
25.415,92.57,943.0,5.82,28.0,155.0,0.423,-0.9061,29.0,34.4,36.5,1.293,0.0784
25.415,92.575,868.0,3.26,28.0,115.9,0.8998,-0.4363,28.9,31.7,39.3,1.292,0.044
25.415,92.58,918.0,7.72,28.0,72.5,0.9539,0.3003,27.8,35.6,36.6,1.29,0.1041
25.415,92.585,909.0,6.35,28.0,104.5,0.9683,-0.2498,29.0,37.2,33.8,1.291,0.0857
25.415,92.59,890.0,3.66,28.0,154.2,0.4352,-0.9003,27.0,31.8,41.2,1.293,0.0494
25.415,92.595,851.0,6.41,28.0,187.8,-0.136,-0.9907,27.4,31.9,40.7,1.289,0.0866
25.415,92.6,778.0,6.19,28.0,176.2,0.0662,-0.9978,25.6,33.9,40.5,1.286,0.0838
25.415,92.605,742.0,1.61,28.0,172.6,0.1281,-0.9918,26.4,33.7,39.8,1.288,0.0218
25.415,92.61,750.0,3.1,28.0,346.6,-0.2324,0.9726,30.2,32.7,37.1,1.287,0.042
25.415,92.615,795.0,4.43,28.0,61.7,0.8805,0.474,30.0,31.6,38.4,1.288,0.06
25.415,92.62,787.0,3.36,28.0,78.3,0.9792,0.203,28.1,32.7,39.2,1.289,0.0455
25.415,92.625,807.0,3.51,28.0,45.9,0.7177,0.6963,30.0,33.8,36.2,1.289,0.0475
25.415,92.63,830.0,2.72,28.0,160.1,0.3402,-0.9403,27.8,32.1,40.1,1.291,0.0368
25.415,92.635,762.0,3.86,28.0,179.2,0.0133,-0.9999,27.7,33.9,38.4,1.287,0.0523
25.415,92.64,762.0,1.2,28.0,70.6,0.9433,0.3319,28.1,34.1,37.9,1.289,0.0162
25.415,92.645,769.0,2.37,28.0,94.1,0.9974,-0.0719,27.9,33.0,39.2,1.289,0.0321
25.415,92.65,759.0,2.05,28.0,141.1,0.6283,-0.778,27.7,32.5,39.8,1.289,0.0278
25.415,92.655,741.0,1.09,28.0,174.6,0.0948,-0.9955,29.4,33.5,37.1,1.289,0.0148
25.415,92.66,740.0,1.16,28.0,321.6,-0.6206,0.7841,28.2,31.0,40.8,1.289,0.0157
25.415,92.665,757.0,1.94,28.0,258.2,-0.9788,-0.2047,28.9,31.1,40.1,1.289,0.0263
25.415,92.67,733.0,1.12,28.0,164.1,0.2746,-0.9615,29.2,31.9,38.9,1.288,0.0152
25.415,92.675,738.0,4.09,28.0,326.4,-0.5527,0.8334,28.5,32.4,39.2,1.286,0.0555
25.415,92.68,793.0,4.61,28.0,24.3,0.4121,0.9112,26.8,32.0,41.1,1.288,0.0624
25.415,92.685,812.0,2.62,28.0,55.6,0.8252,0.5648,26.4,35.4,38.2,1.29,0.0354
25.415,92.69,819.0,0.85,28.0,150.9,0.4863,-0.8738,28.2,35.5,36.3,1.292,0.0115
25.415,92.695,799.0,1.48,28.0,2.0,0.0348,0.9994,27.8,31.9,40.3,1.291,0.02
25.415,92.7,845.0,1.49,28.0,43.6,0.6895,0.7242,28.1,32.5,39.4,1.293,0.0201
25.415,92.705,818.0,3.75,28.0,223.3,-0.6857,-0.7278,28.0,32.7,39.3,1.29,0.0507
25.415,92.71,797.0,3.02,28.0,2.9,0.0511,0.9987,31.1,34.5,34.4,1.289,0.0409
25.415,92.715,871.0,11.21,28.0,29.3,0.4895,0.872,26.4,36.9,36.6,1.285,0.1513
25.415,92.72,971.0,5.67,28.0,359.0,-0.0181,0.9998,25.6,30.8,43.5,1.294,0.0764
25.415,92.725,971.0,1.08,28.0,180.0,0.0,-1.0,28.4,33.0,38.6,1.298,0.0145
25.415,92.73,952.0,1.23,28.0,165.5,0.2502,-0.9682,27.5,30.4,42.1,1.297,0.0166
25.415,92.735,950.0,0.99,28.0,117.5,0.8871,-0.4616,28.4,34.9,36.7,1.297,0.0133
25.415,92.74,944.0,2.95,28.0,121.4,0.854,-0.5203,28.7,33.4,37.9,1.295,0.0397
25.415,92.745,923.0,1.91,28.0,226.7,-0.728,-0.6856,29.5,31.3,39.2,1.295,0.0257
25.415,92.75,921.0,1.6,28.0,276.1,-0.9943,0.1064,26.2,32.1,41.7,1.296,0.0215
25.415,92.755,926.0,0.99,28.0,260.1,-0.9851,-0.172,27.3,31.8,40.8,1.296,0.0133
25.415,92.76,918.0,1.5,28.0,292.3,-0.9254,0.3789,28.5,33.2,38.3,1.295,0.0202
25.415,92.765,936.0,3.25,28.0,15.6,0.2692,0.9631,28.9,34.4,36.6,1.295,0.0438
25.415,92.77,973.0,3.36,28.0,57.2,0.841,0.541,30.6,31.2,38.2,1.296,0.0452
25.415,92.775,968.0,5.81,28.0,93.4,0.9983,-0.0586,29.1,36.3,34.5,1.294,0.0782
25.415,92.78,967.0,13.78,28.0,89.1,0.9999,0.0162,27.9,38.1,34.0,1.287,0.1851
25.415,92.785,972.0,9.37,28.0,104.3,0.9691,-0.2468,26.9,33.2,39.9,1.291,0.1261
25.415,92.79,926.0,4.17,28.0,105.8,0.9621,-0.2727,27.3,33.2,39.5,1.294,0.0562
25.415,92.795,952.0,1.69,28.0,42.1,0.6708,0.7416,27.3,35.0,37.7,1.297,0.0227
25.415,92.8,948.0,0.23,28.0,0.0,0.0,1.0,28.8,33.9,37.3,1.298,0.0031
25.415,92.805,956.0,1.38,28.0,291.7,-0.9291,0.3698,28.3,31.9,39.8,1.297,0.0186
25.415,92.81,957.0,2.09,28.0,285.8,-0.9621,0.2727,26.4,33.8,39.8,1.297,0.0281
25.415,92.815,966.0,2.16,28.0,178.6,0.0238,-0.9997,27.5,37.1,35.5,1.297,0.0291
25.415,92.82,919.0,5.73,28.0,123.7,0.8324,-0.5542,29.1,33.7,37.3,1.292,0.0773
25.415,92.825,910.0,5.08,28.0,127.9,0.7887,-0.6148,28.4,32.4,39.2,1.292,0.0685
25.415,92.83,864.0,3.32,28.0,135.9,0.6959,-0.7181,28.7,33.1,38.2,1.292,0.0448
25.415,92.835,868.0,4.09,28.0,177.8,0.0377,-0.9993,28.5,33.5,38.1,1.291,0.0552
25.415,92.84,792.0,6.25,28.0,216.2,-0.5905,-0.807,30.0,32.9,37.2,1.286,0.0847
25.415,92.845,779.0,4.35,28.0,214.6,-0.5674,-0.8234,28.3,33.8,37.9,1.288,0.0589
25.415,92.85,729.0,5.95,28.0,203.9,-0.4049,-0.9144,27.5,31.7,40.8,1.284,0.0807
25.415,92.855,683.0,4.58,28.0,86.4,0.9981,0.062,26.9,32.2,40.9,1.284,0.0622
25.415,92.86,734.0,2.63,28.0,132.0,0.7426,-0.6698,28.3,33.8,37.9,1.287,0.0357
25.415,92.865,652.0,7.66,28.0,145.8,0.5614,-0.8276,25.1,31.4,43.5,1.28,0.1041
25.415,92.87,622.0,8.83,28.0,89.6,1.0,0.0064,27.8,35.7,36.5,1.278,0.1201
25.415,92.875,653.0,4.84,28.0,94.7,0.9966,-0.0821,27.8,30.3,42.0,1.282,0.0658
25.415,92.88,615.0,3.17,28.0,225.6,-0.7142,-0.6999,26.4,30.2,43.4,1.282,0.0431
25.415,92.885,614.0,4.25,28.0,262.3,-0.991,-0.1336,26.9,32.4,40.7,1.281,0.0579
25.415,92.89,605.0,4.25,28.0,237.7,-0.8454,-0.5341,29.0,33.6,37.5,1.281,0.0579
25.415,92.895,574.0,6.09,28.0,189.2,-0.16,-0.9871,28.3,35.6,36.1,1.278,0.083
25.415,92.9,499.0,8.19,28.0,197.8,-0.3058,-0.9521,28.1,34.3,37.6,1.273,0.1119
25.415,92.905,436.0,6.58,28.0,229.1,-0.7558,-0.6548,28.4,33.4,38.2,1.272,0.0901
25.415,92.91,423.0,3.73,28.0,333.9,-0.4404,0.8978,28.1,33.9,38.0,1.274,0.0511
25.415,92.915,495.0,7.55,28.0,66.1,0.9146,0.4045,29.5,32.7,37.8,1.274,0.1031
25.415,92.92,477.0,6.53,28.0,140.5,0.6355,-0.7721,28.1,34.0,37.9,1.274,0.0893
25.415,92.925,406.0,8.77,28.0,136.1,0.6929,-0.721,26.3,32.5,41.2,1.269,0.1201
25.415,92.93,365.0,11.34,28.0,127.5,0.793,-0.6093,30.0,35.1,34.9,1.265,0.1554
25.415,92.935,283.0,0.15,28.0,222.1,-0.6708,-0.7416,28.4,31.8,39.7,1.271,0.0021
25.415,92.94,363.0,8.0,28.0,328.0,-0.5304,0.8478,27.3,32.9,39.8,1.268,0.1098
25.415,92.945,403.0,12.43,28.0,288.9,-0.9459,0.3245,26.5,35.6,37.9,1.266,0.17
25.415,92.95,435.0,4.19,28.0,235.3,-0.8219,-0.5696,28.5,33.4,38.2,1.274,0.0574
25.415,92.955,361.0,9.19,28.0,188.6,-0.15,-0.9887,27.9,36.2,35.9,1.267,0.1261
25.415,92.96,274.0,8.75,28.0,173.3,0.1167,-0.9932,29.9,31.9,38.2,1.264,0.1204
25.415,92.965,207.0,8.03,28.0,120.0,0.8661,-0.4999,27.6,34.0,38.4,1.262,0.1107
25.415,92.97,203.0,3.34,28.0,80.2,0.9854,0.1702,27.0,31.8,41.3,1.265,0.0461
25.415,92.975,217.0,9.44,28.0,318.3,-0.6648,0.747,29.1,35.8,35.1,1.261,0.1301
25.415,92.98,328.0,2.31,28.0,55.5,0.8241,0.5664,29.1,33.7,37.1,1.271,0.0317
25.415,92.985,240.0,11.85,28.0,145.9,0.5606,-0.8281,28.2,35.9,35.9,1.26,0.163
25.415,92.99,153.0,6.23,28.0,140.7,0.6338,-0.7735,28.8,32.6,38.6,1.261,0.0861
25.415,92.995,155.0,2.12,28.0,83.8,0.9942,0.1072,28.0,33.9,38.2,1.264,0.0293
25.42,92.5,1045.0,3.93,28.0,190.5,-0.1831,-0.9831,28.3,30.8,41.0,1.299,0.0528
25.42,92.505,1011.0,1.73,28.0,188.6,-0.1491,-0.9888,29.4,29.9,40.7,1.299,0.0232
25.42,92.51,1015.0,0.7,28.0,35.9,0.5862,0.8102,28.8,30.3,41.0,1.3,0.0094
25.42,92.515,1021.0,1.38,28.0,188.6,-0.1491,-0.9888,27.8,32.3,39.9,1.3,0.0185
25.42,92.52,991.0,3.23,28.0,169.9,0.1749,-0.9846,29.6,33.9,36.5,1.297,0.0434
25.42,92.525,965.0,2.75,28.0,194.0,-0.2427,-0.9701,25.2,28.3,46.6,1.296,0.037
25.42,92.53,944.0,4.26,28.0,182.1,-0.0362,-0.9993,30.5,35.1,34.4,1.294,0.0574
25.42,92.535,890.0,6.01,28.0,111.6,0.9299,-0.3679,26.0,33.8,40.2,1.291,0.0811
25.42,92.54,905.0,0.96,28.0,126.4,0.805,-0.5933,27.2,29.9,42.8,1.295,0.0129
25.42,92.545,880.0,0.27,28.0,50.3,0.7698,0.6383,28.0,32.2,39.8,1.295,0.0036
25.42,92.55,908.0,4.88,28.0,49.3,0.7582,0.652,27.8,34.9,37.2,1.292,0.0658
25.42,92.555,936.0,2.14,28.0,11.1,0.1919,0.9814,29.2,33.5,37.3,1.296,0.0288
25.42,92.56,945.0,2.23,28.0,144.8,0.5771,-0.8167,26.7,34.2,39.0,1.296,0.03
25.42,92.565,904.0,5.54,28.0,109.1,0.9448,-0.3277,28.3,31.4,40.3,1.292,0.0747
25.42,92.57,913.0,7.35,28.0,106.1,0.9608,-0.2771,27.3,33.3,39.4,1.29,0.0992
25.42,92.575,868.0,4.87,28.0,165.3,0.253,-0.9675,28.4,31.9,39.7,1.291,0.0658
25.42,92.58,830.0,5.61,28.0,94.6,0.9967,-0.0809,27.9,36.1,36.0,1.289,0.0758
25.42,92.585,860.0,5.0,28.0,74.9,0.9653,0.2611,28.1,34.3,37.6,1.29,0.0676
25.42,92.59,853.0,1.34,28.0,136.2,0.6917,-0.7222,27.3,36.6,36.0,1.293,0.0181
25.42,92.595,843.0,4.0,28.0,174.1,0.1028,-0.9947,27.4,32.4,40.2,1.29,0.0541
25.42,92.6,783.0,5.82,28.0,195.3,-0.2643,-0.9644,28.3,32.5,39.2,1.286,0.0789
25.42,92.605,744.0,1.39,28.0,190.7,-0.1852,-0.9827,29.1,32.2,38.7,1.289,0.0188
25.42,92.61,759.0,0.52,28.0,348.6,-0.1971,0.9804,27.3,34.2,38.5,1.29,0.007
25.42,92.615,753.0,0.36,28.0,163.2,0.2887,-0.9574,27.0,31.5,41.5,1.29,0.0049
25.42,92.62,753.0,1.24,28.0,65.7,0.9111,0.4121,28.7,32.5,38.7,1.289,0.0168
25.42,92.625,762.0,3.43,28.0,60.2,0.8681,0.4964,28.0,33.1,39.0,1.288,0.0465
25.42,92.63,783.0,3.8,28.0,103.0,0.9745,-0.2245,29.0,33.1,37.9,1.288,0.0515
25.42,92.635,747.0,2.2,28.0,145.8,0.5614,-0.8276,26.9,31.6,41.5,1.288,0.0298
25.42,92.64,751.0,0.48,28.0,18.7,0.3212,0.947,25.9,31.9,42.2,1.29,0.0065
25.42,92.645,755.0,1.43,28.0,110.9,0.9339,-0.3574,27.4,32.1,40.5,1.289,0.0194
25.42,92.65,742.0,1.12,28.0,124.0,0.8286,-0.5598,27.1,32.3,40.6,1.289,0.0152
25.42,92.655,744.0,1.49,28.0,316.4,-0.6895,0.7242,27.9,33.8,38.3,1.289,0.0202
25.42,92.66,761.0,4.39,28.0,290.5,-0.9369,0.3496,27.2,35.8,37.0,1.287,0.0595
25.42,92.665,771.0,0.15,28.0,270.0,-1.0,-0.0,28.9,30.8,40.3,1.291,0.002
25.42,92.67,761.0,2.28,28.0,298.3,-0.8804,0.4742,27.7,32.0,40.3,1.289,0.0309
25.42,92.675,790.0,3.71,28.0,273.5,-0.9981,0.0613,28.2,31.8,40.1,1.289,0.0502
25.42,92.68,765.0,1.99,28.0,137.9,0.6708,-0.7416,28.2,32.8,39.0,1.289,0.0269
25.42,92.685,764.0,2.29,28.0,81.4,0.9888,0.1491,28.2,31.8,40.0,1.289,0.031
25.42,92.69,771.0,3.89,28.0,65.8,0.9124,0.4093,28.0,33.4,38.6,1.288,0.0527
25.42,92.695,792.0,2.0,28.0,5.9,0.1028,0.9947,28.6,34.2,37.2,1.29,0.0271
25.42,92.7,806.0,2.97,28.0,39.9,0.6417,0.767,27.0,29.0,44.0,1.29,0.0402
25.42,92.705,832.0,1.24,28.0,294.3,-0.9111,0.4121,29.7,33.1,37.3,1.292,0.0167
25.42,92.71,815.0,1.96,28.0,270.0,-1.0,-0.0,27.7,31.8,40.5,1.291,0.0265
25.42,92.715,832.0,9.12,28.0,21.0,0.358,0.9337,26.4,35.1,38.5,1.286,0.1233
25.42,92.72,966.0,9.23,28.0,42.8,0.6799,0.7333,28.2,33.1,38.7,1.291,0.1242
25.42,92.725,952.0,0.64,28.0,105.5,0.9639,-0.2664,27.0,34.0,39.1,1.298,0.0086
25.42,92.73,963.0,2.47,28.0,123.6,0.8333,-0.5528,28.8,34.0,37.2,1.296,0.0333
25.42,92.735,928.0,4.2,28.0,170.8,0.159,-0.9873,30.7,34.0,35.4,1.294,0.0566
25.42,92.74,890.0,0.99,28.0,46.5,0.7258,0.6879,27.1,33.5,39.5,1.295,0.0133
25.42,92.745,940.0,3.31,28.0,331.2,-0.4818,0.8763,28.4,31.8,39.8,1.295,0.0446
25.42,92.75,941.0,0.75,28.0,213.3,-0.5496,-0.8355,25.9,31.3,42.8,1.297,0.0101
25.42,92.755,929.0,0.75,28.0,213.3,-0.5496,-0.8355,28.5,33.3,38.1,1.297,0.0101
25.42,92.76,930.0,1.35,28.0,252.8,-0.9553,-0.2957,26.9,31.2,41.9,1.296,0.0182
25.42,92.765,922.0,1.15,28.0,206.7,-0.449,-0.8935,27.3,34.5,38.3,1.296,0.0155
25.42,92.77,912.0,9.81,28.0,117.4,0.8882,-0.4594,26.7,34.1,39.2,1.288,0.1323
25.42,92.775,842.0,20.98,28.0,125.8,0.8107,-0.5855,28.9,38.3,32.8,1.276,0.2806
25.42,92.78,686.0,20.52,28.0,98.5,0.9889,-0.1486,29.2,40.6,30.2,1.27,0.276
25.42,92.785,786.0,20.29,28.0,57.0,0.8382,0.5453,28.0,36.4,35.6,1.275,0.272
25.42,92.79,889.0,14.56,28.0,60.2,0.8678,0.4969,27.0,36.0,37.1,1.283,0.1959
25.42,92.795,916.0,10.39,28.0,69.4,0.9359,0.3522,29.9,36.4,33.7,1.288,0.14
25.42,92.8,954.0,2.46,28.0,22.1,0.377,0.9262,27.1,34.1,38.8,1.296,0.0331
25.42,92.805,956.0,0.73,28.0,45.1,0.7089,0.7054,25.4,31.7,42.9,1.298,0.0098
25.42,92.81,963.0,3.99,28.0,125.7,0.8117,-0.5841,28.6,32.3,39.2,1.295,0.0537
25.42,92.815,915.0,7.81,28.0,143.4,0.5956,-0.8033,26.7,33.7,39.6,1.29,0.1053
25.42,92.82,852.0,8.31,28.0,114.5,0.91,-0.4147,29.2,36.4,34.4,1.287,0.1123
25.42,92.825,854.0,10.34,28.0,92.2,0.9993,-0.0381,27.5,34.3,38.1,1.286,0.1396
25.42,92.83,845.0,6.65,28.0,103.8,0.9711,-0.2386,28.7,33.9,37.4,1.288,0.0899
25.42,92.835,826.0,3.92,28.0,95.0,0.9962,-0.087,29.7,32.4,37.9,1.29,0.053
25.42,92.84,839.0,2.23,28.0,215.2,-0.5771,-0.8167,26.5,33.7,39.8,1.292,0.0301
25.42,92.845,794.0,5.03,28.0,173.0,0.1224,-0.9925,27.3,33.6,39.1,1.288,0.0681
25.42,92.85,751.0,8.4,28.0,188.4,-0.1461,-0.9893,27.9,32.7,39.4,1.283,0.1139
25.42,92.855,647.0,3.67,28.0,204.0,-0.4062,-0.9138,29.8,31.5,38.6,1.283,0.0499
25.42,92.86,692.0,5.42,28.0,107.0,0.9561,-0.2931,27.2,30.4,42.3,1.283,0.0736
25.42,92.865,619.0,11.4,28.0,154.4,0.4323,-0.9017,27.3,33.8,38.9,1.275,0.155
25.42,92.87,509.0,10.4,28.0,106.3,0.9596,-0.2815,28.6,36.0,35.5,1.272,0.1419
25.42,92.875,567.0,9.59,28.0,35.8,0.5848,0.8112,27.3,36.5,36.1,1.275,0.1307
25.42,92.88,647.0,3.9,28.0,7.6,0.1318,0.9913,28.2,34.1,37.7,1.283,0.053
25.42,92.885,635.0,2.66,28.0,195.7,-0.2709,-0.9626,26.1,33.5,40.3,1.283,0.0362
25.42,92.89,602.0,3.36,28.0,183.5,-0.0612,-0.9981,30.7,32.7,36.6,1.281,0.0458
25.42,92.895,576.0,2.38,28.0,201.5,-0.3668,-0.9303,26.4,33.8,39.8,1.281,0.0324
25.42,92.9,563.0,1.88,28.0,221.0,-0.6556,-0.7551,27.6,32.9,39.5,1.281,0.0256
25.42,92.905,551.0,4.05,28.0,174.2,0.1014,-0.9948,28.0,35.8,36.3,1.279,0.0552
25.42,92.91,492.0,10.11,28.0,191.3,-0.1965,-0.9805,30.3,34.5,35.2,1.271,0.1381
25.42,92.915,375.0,5.71,28.0,134.8,0.7094,-0.7049,26.4,35.5,38.1,1.27,0.0783
25.42,92.92,421.0,3.24,28.0,110.5,0.9364,-0.3509,30.4,34.2,35.4,1.274,0.0444
25.42,92.925,355.0,7.65,28.0,176.9,0.0535,-0.9986,28.9,35.1,35.9,1.268,0.105
25.42,92.93,286.0,4.33,28.0,275.3,-0.9958,0.0917,28.5,30.1,41.4,1.268,0.0595
25.42,92.935,362.0,8.82,28.0,317.4,-0.6771,0.7359,26.8,35.7,37.4,1.267,0.121
25.42,92.94,401.0,7.51,28.0,320.2,-0.6403,0.7681,28.7,33.8,37.5,1.27,0.1029
25.42,92.945,464.0,5.13,28.0,241.6,-0.8798,-0.4753,27.1,32.7,40.2,1.274,0.0702
25.42,92.95,358.0,6.6,28.0,170.6,0.163,-0.9866,29.5,31.5,38.9,1.269,0.0906
25.42,92.955,349.0,5.16,28.0,282.7,-0.9755,0.2201,26.8,33.4,39.8,1.27,0.0708
25.42,92.96,378.0,9.7,28.0,219.9,-0.6414,-0.7672,27.9,34.6,37.5,1.267,0.133
25.42,92.965,217.0,9.78,28.0,205.3,-0.4271,-0.9042,27.3,32.7,40.0,1.261,0.1347
25.42,92.97,221.0,3.66,28.0,347.8,-0.2105,0.9776,26.8,30.8,42.4,1.266,0.0504
25.42,92.975,280.0,3.12,28.0,67.5,0.9238,0.383,28.9,33.6,37.5,1.269,0.0429
25.42,92.98,242.0,6.97,28.0,165.1,0.2571,-0.9664,28.6,35.2,36.2,1.264,0.096
25.42,92.985,161.0,4.27,28.0,238.7,-0.8547,-0.5191,29.5,33.4,37.1,1.263,0.059
25.42,92.99,203.0,3.72,28.0,281.4,-0.9801,0.1984,25.9,34.7,39.4,1.265,0.0513
25.42,92.995,174.0,3.33,28.0,172.0,0.139,-0.9903,29.3,32.8,38.0,1.264,0.046
25.425,92.5,1043.0,1.25,28.0,177.6,0.0411,-0.9992,31.0,32.3,36.7,1.301,0.0168
25.425,92.505,1032.0,3.15,28.0,159.9,0.3431,-0.9393,27.5,31.5,41.1,1.299,0.0423
25.425,92.51,991.0,3.94,28.0,141.2,0.6266,-0.7794,30.3,30.7,39.0,1.296,0.053
25.425,92.515,978.0,4.4,28.0,108.8,0.9464,-0.323,27.7,36.0,36.4,1.295,0.0592
25.425,92.52,966.0,2.78,28.0,92.3,0.9992,-0.0409,26.4,34.4,39.2,1.296,0.0374
25.425,92.525,976.0,2.25,28.0,131.1,0.754,-0.6568,27.6,30.5,41.9,1.297,0.0303
25.425,92.53,940.0,9.28,28.0,172.4,0.132,-0.9912,29.3,34.7,36.0,1.29,0.125
25.425,92.535,813.0,5.09,28.0,126.2,0.8067,-0.5909,27.0,33.2,39.8,1.288,0.0689
25.425,92.54,887.0,4.23,28.0,17.7,0.3035,0.9528,27.3,32.7,40.0,1.292,0.0571
25.425,92.545,884.0,2.71,28.0,226.2,-0.7213,-0.6926,28.7,32.1,39.2,1.293,0.0366
25.425,92.55,854.0,2.78,28.0,343.9,-0.2773,0.9608,28.0,33.3,38.7,1.292,0.0375
25.425,92.555,931.0,3.68,28.0,35.0,0.5733,0.8194,28.7,34.2,37.1,1.294,0.0496
25.425,92.56,907.0,7.58,28.0,122.5,0.8435,-0.5372,28.3,34.6,37.1,1.29,0.1023
25.425,92.565,859.0,6.69,28.0,149.7,0.5051,-0.8631,28.6,33.6,37.8,1.289,0.0904
25.425,92.57,805.0,5.15,28.0,99.5,0.9863,-0.1652,27.5,33.1,39.4,1.288,0.0697
25.425,92.575,844.0,1.92,28.0,83.2,0.9929,0.1187,28.3,33.9,37.8,1.292,0.0259
25.425,92.58,809.0,2.56,28.0,130.2,0.7643,-0.6449,26.9,33.4,39.7,1.29,0.0346
25.425,92.585,815.0,4.82,28.0,42.1,0.6708,0.7416,29.5,33.4,37.1,1.289,0.0652
25.425,92.59,872.0,1.61,28.0,352.6,-0.1281,0.9918,27.2,32.4,40.4,1.294,0.0217
25.425,92.595,843.0,3.72,28.0,168.0,0.2074,-0.9783,29.4,33.5,37.1,1.291,0.0503
25.425,92.6,808.0,5.64,28.0,195.3,-0.2636,-0.9646,27.7,32.8,39.5,1.288,0.0763
25.425,92.605,747.0,3.19,28.0,175.4,0.0805,-0.9968,28.2,34.1,37.7,1.287,0.0432
25.425,92.61,752.0,2.65,28.0,351.1,-0.1554,0.9879,27.4,31.1,41.5,1.288,0.0359
25.425,92.615,793.0,2.77,28.0,285.5,-0.9639,0.2664,26.8,32.1,41.1,1.289,0.0375
25.425,92.62,765.0,3.11,28.0,216.5,-0.5949,-0.8038,25.9,33.7,40.3,1.288,0.0421
25.425,92.625,749.0,1.01,28.0,113.3,0.9187,-0.395,26.7,30.6,42.7,1.289,0.0137
25.425,92.63,758.0,1.71,28.0,111.4,0.9309,-0.3652,27.6,30.1,42.3,1.289,0.0232
25.425,92.635,738.0,0.52,28.0,276.3,-0.9939,0.1099,28.3,32.2,39.5,1.289,0.007
25.425,92.64,759.0,1.98,28.0,278.3,-0.9896,0.144,29.2,30.0,40.8,1.289,0.0268
25.425,92.645,743.0,1.02,28.0,180.0,0.0,-1.0,27.5,30.3,42.2,1.289,0.0138
25.425,92.65,741.0,1.03,28.0,357.1,-0.0502,0.9987,26.9,33.4,39.6,1.289,0.0139
25.425,92.655,761.0,4.49,28.0,3.3,0.0572,0.9984,26.3,32.9,40.8,1.287,0.0608
25.425,92.66,820.0,2.01,28.0,268.4,-0.9996,-0.0283,28.6,34.5,37.0,1.291,0.0272
25.425,92.665,760.0,3.13,28.0,209.5,-0.4921,-0.8705,29.7,31.0,39.3,1.288,0.0424
25.425,92.67,772.0,2.91,28.0,347.8,-0.2121,0.9772,29.5,32.6,37.8,1.288,0.0394
25.425,92.675,810.0,1.82,28.0,261.0,-0.9878,-0.156,28.9,33.1,38.1,1.291,0.0246
25.425,92.68,767.0,3.7,28.0,229.8,-0.7641,-0.6451,28.8,31.2,40.0,1.288,0.0501
25.425,92.685,768.0,1.41,28.0,226.8,-0.7287,-0.6848,30.0,33.9,36.0,1.29,0.0191
25.425,92.69,750.0,1.59,28.0,15.0,0.2589,0.9659,28.4,33.2,38.4,1.289,0.0215
25.425,92.695,795.0,3.56,28.0,22.1,0.3757,0.9267,28.8,30.5,40.7,1.289,0.0482
25.425,92.7,808.0,2.62,28.0,12.5,0.2159,0.9764,27.6,32.6,39.7,1.29,0.0354
25.425,92.705,840.0,1.66,28.0,338.1,-0.373,0.9278,26.4,33.0,40.6,1.292,0.0224
25.425,92.71,835.0,1.89,28.0,172.2,0.1358,-0.9907,27.2,31.6,41.2,1.292,0.0255
25.425,92.715,807.0,0.82,28.0,26.0,0.4379,0.899,28.0,30.0,42.0,1.292,0.0111
25.425,92.72,848.0,9.81,28.0,29.2,0.4882,0.8727,28.1,35.0,36.9,1.286,0.1325
25.425,92.725,959.0,3.64,28.0,0.0,0.0,1.0,30.3,36.3,33.4,1.295,0.049
25.425,92.73,912.0,1.53,28.0,145.0,0.5729,-0.8197,28.1,31.8,40.1,1.295,0.0206
25.425,92.735,937.0,1.25,28.0,324.9,-0.5754,0.8179,29.4,34.7,35.9,1.296,0.0168
25.425,92.74,930.0,2.7,28.0,291.0,-0.9337,0.3581,27.5,31.6,40.9,1.295,0.0364
25.425,92.745,954.0,0.67,28.0,265.1,-0.9964,-0.0847,27.6,32.5,39.9,1.298,0.009
25.425,92.75,929.0,1.14,28.0,180.0,0.0,-1.0,26.4,33.5,40.1,1.296,0.0154
25.425,92.755,934.0,3.58,28.0,77.2,0.9751,0.2219,27.1,32.9,39.9,1.294,0.0483
25.425,92.76,943.0,6.24,28.0,83.7,0.994,0.109,28.6,33.2,38.2,1.293,0.0841
25.425,92.765,946.0,11.56,28.0,133.2,0.729,-0.6846,28.0,36.2,35.8,1.288,0.1556
25.425,92.77,802.0,20.74,28.0,148.2,0.5268,-0.85,29.1,40.4,30.5,1.275,0.2777
25.425,92.775,622.0,19.52,28.0,133.8,0.722,-0.6919,28.2,37.7,34.1,1.269,0.2633
25.425,92.78,555.0,10.14,28.0,88.4,0.9996,0.0278,27.6,33.9,38.5,1.274,0.1382
25.425,92.785,627.0,13.33,28.0,59.8,0.8643,0.5029,30.6,35.3,34.2,1.274,0.181
25.425,92.79,675.0,16.18,28.0,62.7,0.8886,0.4587,27.9,40.1,32.0,1.274,0.2187
25.425,92.795,761.0,19.48,28.0,44.3,0.6983,0.7159,29.4,37.4,33.2,1.274,0.2618
25.425,92.8,930.0,12.5,28.0,34.0,0.5593,0.829,27.5,34.4,38.0,1.287,0.1682
25.425,92.805,946.0,2.29,28.0,153.3,0.449,-0.8935,28.9,30.9,40.3,1.296,0.0308
25.425,92.81,894.0,4.98,28.0,144.0,0.5876,-0.8092,29.1,30.6,40.3,1.292,0.0672
25.425,92.815,875.0,9.19,28.0,139.1,0.6554,-0.7553,28.3,35.0,36.8,1.287,0.1241
25.425,92.82,771.0,11.86,28.0,142.6,0.6073,-0.7944,25.2,36.1,38.7,1.281,0.1604
25.425,92.825,707.0,10.59,28.0,100.1,0.9845,-0.1752,28.0,34.2,37.7,1.279,0.1437
25.425,92.83,738.0,9.08,28.0,58.1,0.849,0.5284,29.5,34.4,36.1,1.282,0.1231
25.425,92.835,792.0,5.0,28.0,26.2,0.4417,0.8972,28.6,31.6,39.8,1.288,0.0677
25.425,92.84,817.0,4.44,28.0,108.6,0.9476,-0.3194,28.5,33.4,38.1,1.289,0.0601
25.425,92.845,767.0,3.65,28.0,176.0,0.0705,-0.9975,25.9,33.7,40.4,1.288,0.0494
25.425,92.85,753.0,3.13,28.0,180.9,-0.0164,-0.9999,27.1,32.0,40.8,1.288,0.0424
25.425,92.855,712.0,6.8,28.0,178.3,0.0301,-0.9995,28.5,36.3,35.2,1.283,0.0923
25.425,92.86,633.0,9.3,28.0,162.1,0.307,-0.9517,28.5,33.2,38.3,1.278,0.1265
25.425,92.865,555.0,14.6,28.0,142.1,0.6139,-0.7894,29.5,36.3,34.2,1.27,0.1985
25.425,92.87,426.0,9.01,28.0,94.3,0.9972,-0.0752,27.8,35.7,36.5,1.27,0.1233
25.425,92.875,543.0,10.31,28.0,12.3,0.2123,0.9772,28.5,34.6,36.9,1.273,0.1406
25.425,92.88,605.0,4.88,28.0,8.5,0.1473,0.9891,28.0,33.0,39.0,1.28,0.0665
25.425,92.885,628.0,2.89,28.0,85.5,0.9969,0.0787,26.8,30.6,42.6,1.283,0.0393
25.425,92.89,609.0,3.01,28.0,134.2,0.7164,-0.6977,25.3,34.8,39.9,1.282,0.041
25.425,92.895,591.0,6.21,28.0,141.7,0.6193,-0.7851,28.5,33.4,38.1,1.278,0.0846
25.425,92.9,523.0,10.09,28.0,155.5,0.4142,-0.9102,28.2,35.5,36.3,1.273,0.1376
25.425,92.905,428.0,4.41,28.0,141.8,0.6179,-0.7863,27.3,34.2,38.6,1.273,0.0604
25.425,92.91,462.0,1.64,28.0,245.4,-0.9094,-0.416,26.1,31.5,42.4,1.277,0.0224
25.425,92.915,416.0,8.98,28.0,253.9,-0.961,-0.2766,28.8,34.1,37.1,1.269,0.123
25.425,92.92,418.0,5.18,28.0,258.6,-0.9804,-0.1971,27.7,35.4,36.9,1.272,0.071
25.425,92.925,398.0,4.19,28.0,294.9,-0.9074,0.4203,28.7,31.4,39.9,1.272,0.0574
25.425,92.93,449.0,9.79,28.0,270.7,-0.9999,0.0115,30.2,37.8,32.0,1.27,0.1339
25.425,92.935,400.0,4.44,28.0,275.9,-0.9948,0.1023,25.4,32.1,42.5,1.272,0.0609
25.425,92.94,457.0,5.52,28.0,339.3,-0.3533,0.9355,27.2,31.7,41.1,1.274,0.0755
25.425,92.945,491.0,2.45,28.0,175.2,0.0838,-0.9965,27.7,32.9,39.4,1.278,0.0334
25.425,92.95,414.0,3.58,28.0,239.5,-0.8614,-0.5079,29.7,36.3,34.0,1.274,0.049
25.425,92.955,459.0,1.35,28.0,139.5,0.6495,-0.7604,26.0,29.5,44.5,1.277,0.0184
25.425,92.96,396.0,10.21,28.0,159.6,0.349,-0.9371,30.3,34.5,35.2,1.267,0.1399
25.425,92.965,289.0,10.08,28.0,185.8,-0.1011,-0.9949,28.2,35.4,36.4,1.263,0.1386
25.425,92.97,218.0,7.96,28.0,204.7,-0.4174,-0.9087,27.9,34.2,37.9,1.262,0.1097
25.425,92.975,161.0,5.41,28.0,321.9,-0.6169,0.787,27.8,34.0,38.2,1.262,0.0747
25.425,92.98,293.0,8.51,28.0,354.5,-0.096,0.9954,27.5,33.2,39.3,1.265,0.117
25.425,92.985,311.0,5.53,28.0,224.9,-0.7058,-0.7084,29.3,32.6,38.2,1.268,0.076
25.425,92.99,224.0,9.36,28.0,186.3,-0.109,-0.994,26.7,34.3,39.0,1.261,0.129
25.425,92.995,146.0,8.81,28.0,179.0,0.0174,-0.9998,28.4,32.7,38.9,1.258,0.1217
25.43,92.5,1044.0,7.93,28.0,140.3,0.6383,-0.7698,27.5,34.0,38.4,1.295,0.1065
25.43,92.505,990.0,6.77,28.0,130.1,0.7646,-0.6445,27.1,33.2,39.7,1.294,0.0911
25.43,92.51,967.0,5.95,28.0,118.5,0.8792,-0.4765,31.1,32.9,36.0,1.294,0.0801
25.43,92.515,940.0,5.7,28.0,107.4,0.9544,-0.2986,28.5,34.0,37.5,1.293,0.0768
25.43,92.52,937.0,5.56,28.0,94.7,0.9967,-0.0816,28.7,30.8,40.5,1.293,0.0749
25.43,92.525,932.0,7.23,28.0,97.6,0.9911,-0.1331,29.4,33.6,37.1,1.291,0.0975
25.43,92.53,920.0,9.91,28.0,133.9,0.7201,-0.6938,26.3,38.1,35.6,1.289,0.1335
25.43,92.535,810.0,2.59,28.0,151.5,0.477,-0.8789,30.1,31.1,38.8,1.29,0.035
25.43,92.54,880.0,7.41,28.0,34.5,0.5661,0.8243,25.0,35.9,39.1,1.289,0.1001
25.43,92.545,918.0,4.18,28.0,54.2,0.8114,0.5845,27.1,33.2,39.7,1.293,0.0564
25.43,92.55,923.0,1.32,28.0,171.1,0.1554,-0.9879,27.4,31.4,41.1,1.296,0.0178
25.43,92.555,895.0,7.16,28.0,144.6,0.5796,-0.8149,28.7,31.9,39.4,1.29,0.0966
25.43,92.56,820.0,4.33,28.0,138.4,0.6642,-0.7475,28.3,33.4,38.4,1.289,0.0586
25.43,92.565,838.0,3.51,28.0,95.6,0.9953,-0.0971,27.8,35.1,37.1,1.291,0.0474
25.43,92.57,814.0,1.15,28.0,110.2,0.9383,-0.3458,28.0,31.7,40.3,1.292,0.0155
25.43,92.575,831.0,3.42,28.0,111.4,0.9309,-0.3652,26.8,32.8,40.4,1.29,0.0462
25.43,92.58,792.0,2.17,28.0,153.2,0.4511,-0.8925,26.2,34.1,39.7,1.29,0.0294
25.43,92.585,797.0,3.75,28.0,10.3,0.178,0.984,28.9,33.5,37.6,1.289,0.0507
25.43,92.59,857.0,2.1,28.0,32.7,0.5402,0.8416,28.8,30.2,41.0,1.293,0.0283
25.43,92.595,828.0,3.59,28.0,135.4,0.7017,-0.7125,29.9,33.1,37.0,1.29,0.0485
25.43,92.6,812.0,5.91,28.0,148.6,0.5206,-0.8538,27.1,35.8,37.1,1.288,0.0799
25.43,92.605,739.0,2.56,28.0,178.8,0.0201,-0.9998,28.8,32.6,38.5,1.287,0.0347
25.43,92.61,767.0,3.76,28.0,3.1,0.0547,0.9985,27.7,28.9,43.5,1.288,0.0509
25.43,92.615,805.0,1.26,28.0,355.3,-0.0819,0.9966,29.4,32.9,37.7,1.291,0.017
25.43,92.62,789.0,3.93,28.0,208.1,-0.4709,-0.8822,29.2,32.8,38.0,1.288,0.0532
25.43,92.625,744.0,2.14,28.0,170.3,0.1687,-0.9857,28.3,29.8,41.9,1.288,0.029
25.43,92.63,752.0,1.11,28.0,48.1,0.7439,0.6683,27.6,29.8,42.6,1.289,0.015
25.43,92.635,757.0,2.12,28.0,353.0,-0.1213,0.9926,29.2,34.0,36.8,1.289,0.0287
25.43,92.64,789.0,1.65,28.0,266.0,-0.9976,-0.0689,28.8,31.3,39.9,1.29,0.0223
25.43,92.645,755.0,2.7,28.0,194.3,-0.2476,-0.9688,27.2,31.4,41.5,1.288,0.0366
25.43,92.65,743.0,1.84,28.0,240.3,-0.8685,-0.4956,26.4,32.4,41.2,1.288,0.0249
25.43,92.655,739.0,3.41,28.0,18.4,0.3161,0.9487,27.7,31.9,40.4,1.287,0.0462
25.43,92.66,800.0,5.25,28.0,48.0,0.7426,0.6698,29.8,33.6,36.6,1.288,0.071
25.43,92.665,801.0,2.11,28.0,223.2,-0.6841,-0.7294,29.4,32.3,38.4,1.29,0.0285
25.43,92.67,773.0,3.14,28.0,295.8,-0.9007,0.4345,26.7,31.0,42.3,1.288,0.0425
25.43,92.675,825.0,2.71,28.0,9.8,0.1707,0.9853,26.6,32.0,41.4,1.291,0.0366
25.43,92.68,820.0,2.82,28.0,214.4,-0.5645,-0.8254,29.5,33.4,37.1,1.29,0.0381
25.43,92.685,784.0,3.31,28.0,168.3,0.202,-0.9794,26.6,32.9,40.4,1.289,0.0448
25.43,92.69,763.0,2.03,28.0,239.7,-0.863,-0.5052,28.6,32.4,39.0,1.289,0.0275
25.43,92.695,766.0,1.82,28.0,356.8,-0.0564,0.9984,27.3,35.4,37.3,1.289,0.0246
25.43,92.7,795.0,4.44,28.0,4.6,0.0809,0.9967,29.9,34.3,35.8,1.288,0.0601
25.43,92.705,844.0,1.9,28.0,63.3,0.8935,0.449,27.1,33.8,39.1,1.292,0.0257
25.43,92.71,810.0,1.39,28.0,219.0,-0.6291,-0.7773,29.4,32.1,38.5,1.291,0.0188
25.43,92.715,825.0,3.77,28.0,339.2,-0.3546,0.935,28.2,33.3,38.4,1.29,0.051
25.43,92.72,872.0,7.7,28.0,339.0,-0.3589,0.9334,28.3,33.4,38.3,1.288,0.104
25.43,92.725,952.0,4.23,28.0,6.3,0.1093,0.994,25.6,34.3,40.1,1.295,0.057
25.43,92.73,946.0,1.18,28.0,241.1,-0.8752,-0.4838,25.4,32.1,42.5,1.297,0.0159
25.43,92.735,942.0,0.45,28.0,207.3,-0.4591,-0.8884,27.7,32.5,39.8,1.297,0.0061
25.43,92.74,939.0,2.2,28.0,286.5,-0.9587,0.2844,28.3,32.8,38.9,1.296,0.0296
25.43,92.745,953.0,0.12,28.0,335.7,-0.4121,0.9112,26.6,32.0,41.3,1.298,0.0016
25.43,92.75,941.0,7.97,28.0,130.8,0.7574,-0.6529,26.7,38.5,34.8,1.291,0.1074
25.43,92.755,861.0,13.42,28.0,123.3,0.8356,-0.5493,28.7,34.6,36.7,1.283,0.1809
25.43,92.76,809.0,14.52,28.0,113.7,0.9154,-0.4025,28.7,34.9,36.5,1.28,0.1959
25.43,92.765,756.0,17.4,28.0,112.2,0.9261,-0.3772,27.8,37.7,34.5,1.276,0.2344
25.43,92.77,690.0,15.75,28.0,134.5,0.7134,-0.7007,28.9,35.3,35.8,1.274,0.2131
25.43,92.775,557.0,12.9,28.0,151.7,0.4745,-0.8802,26.6,35.0,38.4,1.272,0.1755
25.43,92.78,487.0,6.31,28.0,89.5,1.0,0.009,27.6,32.1,40.4,1.274,0.0863
25.43,92.785,558.0,9.42,28.0,46.5,0.7254,0.6883,30.0,35.2,34.8,1.274,0.1285
25.43,92.79,602.0,11.09,28.0,65.1,0.9073,0.4205,28.1,35.7,36.2,1.275,0.1509
25.43,92.795,641.0,14.0,28.0,31.5,0.5225,0.8526,28.2,35.3,36.6,1.274,0.1899
25.43,92.8,816.0,17.97,28.0,25.4,0.4292,0.9032,30.8,37.9,31.4,1.278,0.2414
25.43,92.805,936.0,5.96,28.0,31.1,0.5164,0.8564,26.3,30.8,42.9,1.292,0.0804
25.43,92.81,906.0,8.8,28.0,153.1,0.4526,-0.8917,29.0,33.3,37.8,1.289,0.1187
25.43,92.815,797.0,14.45,28.0,139.1,0.6553,-0.7554,30.0,35.6,34.4,1.28,0.1949
25.43,92.82,710.0,15.47,28.0,122.1,0.8473,-0.5312,27.6,34.4,38.0,1.276,0.209
25.43,92.825,649.0,6.27,28.0,98.3,0.9895,-0.1447,29.0,31.0,39.9,1.281,0.0853
25.43,92.83,694.0,8.12,28.0,21.0,0.3591,0.9333,26.8,33.7,39.5,1.281,0.1103
25.43,92.835,783.0,7.28,28.0,60.7,0.8719,0.4897,27.2,35.0,37.8,1.285,0.0986
25.43,92.84,757.0,3.05,28.0,83.6,0.9937,0.1117,28.5,34.7,36.8,1.288,0.0413
25.43,92.845,789.0,0.38,28.0,222.1,-0.6708,-0.7416,29.0,31.3,39.8,1.291,0.0051
25.43,92.85,752.0,8.26,28.0,177.2,0.0495,-0.9988,29.3,35.3,35.4,1.283,0.112
25.43,92.855,643.0,7.01,28.0,159.5,0.3505,-0.9366,29.9,34.8,35.3,1.28,0.0953
25.43,92.86,636.0,12.83,28.0,151.8,0.4733,-0.8809,27.9,37.2,34.8,1.275,0.1742
25.43,92.865,441.0,18.38,28.0,154.9,0.4244,-0.9055,29.4,36.4,34.2,1.262,0.2499
25.43,92.87,333.0,9.45,28.0,60.3,0.8688,0.4952,27.6,31.8,40.6,1.265,0.1298
25.43,92.875,524.0,18.93,28.0,29.7,0.4951,0.8688,29.1,37.2,33.8,1.265,0.2565
25.43,92.88,633.0,8.84,28.0,69.4,0.9362,0.3514,28.2,32.8,38.9,1.278,0.1202
25.43,92.885,579.0,4.19,28.0,171.5,0.1471,-0.9891,28.5,32.0,39.4,1.28,0.0571
25.43,92.89,560.0,5.7,28.0,140.9,0.6302,-0.7764,28.5,33.1,38.4,1.278,0.0777
25.43,92.895,501.0,4.67,28.0,164.0,0.2752,-0.9614,26.1,32.7,41.2,1.276,0.0638
25.43,92.9,481.0,1.09,28.0,261.0,-0.9878,-0.156,26.7,32.5,40.8,1.278,0.0149
25.43,92.905,498.0,6.65,28.0,289.9,-0.9401,0.3408,28.1,34.8,37.0,1.274,0.0909
25.43,92.91,521.0,3.96,28.0,311.2,-0.7519,0.6593,26.0,32.5,41.5,1.278,0.054
25.43,92.915,544.0,8.03,28.0,269.6,-1.0,-0.007,29.0,34.7,36.3,1.275,0.1096
25.43,92.92,520.0,7.16,28.0,204.5,-0.415,-0.9098,29.0,33.9,37.0,1.275,0.0978
25.43,92.925,429.0,7.36,28.0,251.1,-0.9464,-0.3231,28.4,35.4,36.2,1.271,0.1008
25.43,92.93,478.0,5.04,28.0,282.3,-0.9769,0.2138,26.7,33.1,40.3,1.275,0.0689
25.43,92.935,448.0,2.22,28.0,182.7,-0.0463,-0.9989,29.7,32.5,37.9,1.276,0.0304
25.43,92.94,439.0,1.59,28.0,64.6,0.9037,0.4282,30.4,31.9,37.7,1.276,0.0217
25.43,92.945,460.0,6.82,28.0,100.1,0.9847,-0.1745,28.2,33.6,38.2,1.273,0.0933
25.43,92.95,418.0,7.27,28.0,184.8,-0.0845,-0.9964,28.6,32.8,38.6,1.271,0.0996
25.43,92.955,332.0,7.96,28.0,141.4,0.6235,-0.7818,28.2,32.8,39.0,1.267,0.1093
25.43,92.96,308.0,7.18,28.0,138.5,0.6629,-0.7487,28.6,35.1,36.3,1.266,0.0987
25.43,92.965,237.0,2.91,28.0,115.5,0.9026,-0.4305,27.9,31.2,41.0,1.267,0.0401
25.43,92.97,286.0,8.51,28.0,315.8,-0.6968,0.7173,28.0,33.8,38.3,1.264,0.1171
25.43,92.975,345.0,6.85,28.0,256.6,-0.9728,-0.2317,29.1,35.3,35.6,1.268,0.0941
25.43,92.98,258.0,6.13,28.0,177.6,0.0418,-0.9991,30.8,33.1,36.1,1.265,0.0844
25.43,92.985,237.0,2.43,28.0,145.1,0.5722,-0.8201,26.3,33.9,39.8,1.267,0.0335
25.43,92.99,223.0,3.76,28.0,175.3,0.0819,-0.9966,27.9,32.1,40.0,1.266,0.0518
25.43,92.995,171.0,6.24,28.0,199.2,-0.3286,-0.9445,26.6,32.1,41.3,1.262,0.0861
25.435,92.5,944.0,5.39,28.0,105.9,0.9618,-0.2737,29.9,31.0,39.0,1.293,0.0726
25.435,92.505,931.0,4.42,28.0,134.9,0.7082,-0.706,27.3,35.1,37.6,1.294,0.0596
25.435,92.51,889.0,4.66,28.0,136.0,0.6947,-0.7193,26.3,31.5,42.2,1.292,0.0629
25.435,92.515,872.0,3.6,28.0,119.3,0.8718,-0.4898,28.8,34.1,37.2,1.292,0.0486
25.435,92.52,858.0,4.73,28.0,115.6,0.9017,-0.4324,30.1,31.8,38.1,1.29,0.0639
25.435,92.525,836.0,4.99,28.0,131.3,0.7513,-0.66,28.8,35.3,35.9,1.289,0.0675
25.435,92.53,800.0,4.98,28.0,122.4,0.8447,-0.5353,28.2,36.6,35.1,1.288,0.0674
25.435,92.535,789.0,1.02,28.0,286.2,-0.9602,0.2794,28.5,29.7,41.8,1.291,0.0138
25.435,92.54,805.0,3.73,28.0,63.7,0.8968,0.4424,29.7,31.4,38.9,1.289,0.0505
25.435,92.545,818.0,6.94,28.0,68.5,0.9301,0.3673,27.0,35.0,38.0,1.287,0.0939
25.435,92.55,850.0,5.59,28.0,71.0,0.9458,0.3249,27.9,34.3,37.9,1.289,0.0756
25.435,92.555,850.0,6.76,28.0,89.5,1.0,0.0084,27.5,35.0,37.6,1.288,0.0914
25.435,92.56,851.0,4.62,28.0,136.5,0.6889,-0.7248,26.6,32.4,41.0,1.29,0.0624
25.435,92.565,791.0,4.19,28.0,155.3,0.4171,-0.9088,27.6,36.1,36.3,1.288,0.0567
25.435,92.57,784.0,0.51,28.0,180.0,0.0,-1.0,29.3,32.3,38.4,1.291,0.0069
25.435,92.575,782.0,2.49,28.0,82.1,0.9906,0.1369,28.7,30.8,40.5,1.289,0.0337
25.435,92.58,790.0,1.35,28.0,32.3,0.5349,0.8449,28.8,32.0,39.2,1.29,0.0183
25.435,92.585,802.0,3.44,28.0,352.3,-0.1344,0.9909,28.2,31.1,40.7,1.289,0.0466
25.435,92.59,850.0,1.76,28.0,105.0,0.9659,-0.2589,28.6,34.9,36.5,1.293,0.0238
25.435,92.595,794.0,5.82,28.0,173.4,0.1145,-0.9934,27.0,32.6,40.4,1.287,0.0788
25.435,92.6,748.0,3.19,28.0,148.9,0.5164,-0.8564,27.6,33.6,38.8,1.287,0.0432
25.435,92.605,746.0,0.05,28.0,270.0,-1.0,-0.0,28.2,31.3,40.5,1.29,0.0007
25.435,92.61,748.0,3.14,28.0,27.3,0.4591,0.8884,28.3,31.9,39.8,1.287,0.0426
25.435,92.615,795.0,4.27,28.0,45.2,0.7095,0.7047,28.4,30.3,41.3,1.288,0.0578
25.435,92.62,801.0,3.2,28.0,199.7,-0.3374,-0.9414,27.8,33.8,38.4,1.289,0.0433
25.435,92.625,742.0,3.57,28.0,200.2,-0.3453,-0.9385,27.5,34.9,37.6,1.287,0.0484
25.435,92.63,742.0,0.31,28.0,280.4,-0.9834,0.1812,31.8,30.7,37.5,1.289,0.0042
25.435,92.635,743.0,2.82,28.0,350.6,-0.1639,0.9865,29.1,30.4,40.5,1.287,0.0382
25.435,92.64,791.0,1.23,28.0,52.9,0.7975,0.6033,28.5,33.5,38.0,1.291,0.0166
25.435,92.645,756.0,3.41,28.0,251.6,-0.9487,-0.3163,27.7,30.4,41.8,1.287,0.0462
25.435,92.65,772.0,3.61,28.0,255.4,-0.9678,-0.2518,27.5,34.8,37.7,1.288,0.0489
25.435,92.655,740.0,1.84,28.0,210.2,-0.5027,-0.8645,27.8,31.1,41.0,1.288,0.0249
25.435,92.66,744.0,2.92,28.0,20.6,0.3527,0.9358,28.4,31.1,40.5,1.287,0.0396
25.435,92.665,788.0,5.06,28.0,21.4,0.3652,0.9309,25.7,33.7,40.5,1.287,0.0685
25.435,92.67,827.0,1.71,28.0,295.6,-0.9018,0.4321,26.1,30.9,43.0,1.292,0.0231
25.435,92.675,801.0,2.16,28.0,139.9,0.6441,-0.7649,27.2,31.5,41.2,1.29,0.0292
25.435,92.68,798.0,2.87,28.0,155.7,0.4121,-0.9112,28.2,33.3,38.5,1.29,0.0388
25.435,92.685,755.0,1.6,28.0,119.8,0.8675,-0.4974,27.7,28.8,43.5,1.289,0.0217
25.435,92.69,784.0,2.58,28.0,337.7,-0.3787,0.9255,29.8,35.2,35.1,1.289,0.0349
25.435,92.695,797.0,0.97,28.0,6.1,0.1058,0.9944,26.2,32.3,41.5,1.291,0.0131
25.435,92.7,801.0,0.88,28.0,49.6,0.7618,0.6479,27.1,30.3,42.6,1.291,0.0119
25.435,92.705,807.0,4.62,28.0,51.1,0.7788,0.6273,29.8,31.7,38.5,1.288,0.0625
25.435,92.71,852.0,1.72,28.0,30.6,0.509,0.8607,28.2,33.9,37.9,1.293,0.0232
25.435,92.715,833.0,2.85,28.0,5.2,0.0901,0.9959,29.1,33.7,37.3,1.291,0.0385
25.435,92.72,902.0,7.0,28.0,18.8,0.322,0.9467,30.5,35.9,33.6,1.29,0.0945
25.435,92.725,950.0,1.83,28.0,338.6,-0.3649,0.931,27.2,31.5,41.4,1.296,0.0246
25.435,92.73,932.0,0.51,28.0,174.3,0.1,-0.995,27.9,32.6,39.5,1.297,0.0069
25.435,92.735,941.0,2.29,28.0,14.3,0.2472,0.969,27.7,33.3,39.1,1.296,0.0308
25.435,92.74,971.0,6.91,28.0,83.4,0.9934,0.1147,25.7,34.9,39.5,1.293,0.093
25.435,92.745,955.0,11.74,28.0,139.9,0.6442,-0.7648,27.6,36.8,35.6,1.288,0.158
25.435,92.75,811.0,18.53,28.0,136.0,0.694,-0.7199,29.1,35.9,35.1,1.277,0.2489
25.435,92.755,712.0,14.45,28.0,120.6,0.8609,-0.5087,28.6,35.7,35.7,1.276,0.1956
25.435,92.76,679.0,14.84,28.0,109.5,0.9427,-0.3337,28.7,35.0,36.2,1.275,0.2009
25.435,92.765,623.0,10.86,28.0,121.5,0.8524,-0.523,27.5,34.8,37.6,1.276,0.1477
25.435,92.77,578.0,8.92,28.0,140.5,0.6354,-0.7722,27.2,35.4,37.4,1.276,0.1215
25.435,92.775,501.0,8.81,28.0,159.3,0.3535,-0.9354,29.5,31.9,38.6,1.273,0.1203
25.435,92.78,432.0,2.46,28.0,100.7,0.9827,-0.1849,27.4,34.3,38.3,1.275,0.0337
25.435,92.785,493.0,6.75,28.0,67.8,0.926,0.3776,28.4,32.1,39.6,1.274,0.0923
25.435,92.79,477.0,7.24,28.0,16.0,0.2757,0.9613,28.2,33.5,38.3,1.273,0.099
25.435,92.795,616.0,16.55,28.0,354.8,-0.0907,0.9959,29.8,38.3,32.0,1.271,0.2241
25.435,92.8,775.0,15.33,28.0,11.9,0.2065,0.9784,29.2,36.6,34.3,1.278,0.2069
25.435,92.805,886.0,14.34,28.0,80.8,0.9872,0.1593,26.4,36.3,37.2,1.283,0.193
25.435,92.81,816.0,20.95,28.0,121.1,0.8564,-0.5163,26.6,35.8,37.6,1.275,0.2804
25.435,92.815,687.0,20.38,28.0,144.9,0.5754,-0.8179,28.7,35.9,35.4,1.27,0.2742
25.435,92.82,510.0,13.16,28.0,115.4,0.9032,-0.4292,27.9,36.9,35.2,1.269,0.1794
25.435,92.825,586.0,13.89,28.0,46.6,0.7267,0.687,27.5,34.8,37.7,1.272,0.1887
25.435,92.83,681.0,6.99,28.0,48.4,0.7474,0.6643,29.2,33.1,37.7,1.281,0.095
25.435,92.835,668.0,7.36,28.0,53.7,0.8062,0.5917,28.2,35.4,36.4,1.281,0.1
25.435,92.84,758.0,5.98,28.0,9.4,0.163,0.9866,28.1,32.0,39.9,1.285,0.0811
25.435,92.845,772.0,5.34,28.0,97.9,0.9904,-0.1382,28.9,33.8,37.2,1.286,0.0724
25.435,92.85,745.0,11.15,28.0,123.0,0.8388,-0.5444,27.5,35.0,37.4,1.281,0.151
25.435,92.855,664.0,15.75,28.0,144.8,0.5766,-0.8171,29.9,36.2,33.9,1.273,0.2132
25.435,92.86,513.0,18.68,28.0,141.4,0.6242,-0.7812,27.1,36.2,36.7,1.265,0.2532
25.435,92.865,398.0,14.42,28.0,163.4,0.2865,-0.9581,28.8,35.0,36.2,1.264,0.197
25.435,92.87,265.0,4.85,28.0,121.0,0.8573,-0.5149,29.7,31.7,38.6,1.267,0.0667
25.435,92.875,354.0,15.8,28.0,51.3,0.7809,0.6247,26.3,36.9,36.7,1.261,0.2159
25.435,92.88,443.0,22.75,28.0,51.6,0.7841,0.6206,27.6,37.1,35.3,1.259,0.3072
25.435,92.885,616.0,11.06,28.0,60.8,0.873,0.4877,29.4,36.4,34.2,1.275,0.1505
25.435,92.89,539.0,3.48,28.0,215.2,-0.5765,-0.8171,29.4,32.6,38.0,1.279,0.0475
25.435,92.895,566.0,4.27,28.0,273.8,-0.9978,0.0665,27.8,31.6,40.7,1.279,0.0582
25.435,92.9,544.0,8.48,28.0,263.9,-0.9943,-0.1066,27.1,33.9,39.0,1.275,0.1157
25.435,92.905,550.0,4.23,28.0,251.2,-0.9467,-0.3221,29.1,32.5,38.3,1.278,0.0577
25.435,92.91,520.0,2.35,28.0,303.8,-0.8311,0.5562,29.4,34.1,36.4,1.279,0.0321
25.435,92.915,573.0,2.89,28.0,150.1,0.4988,-0.8667,26.6,32.2,41.2,1.281,0.0394
25.435,92.92,476.0,2.73,28.0,215.7,-0.5837,-0.8119,26.6,32.3,41.1,1.277,0.0373
25.435,92.925,534.0,6.69,28.0,305.7,-0.8117,0.5841,28.3,35.9,35.8,1.276,0.0913
25.435,92.93,545.0,7.52,28.0,173.4,0.1157,-0.9933,28.8,34.8,36.5,1.276,0.1026
25.435,92.935,402.0,7.84,28.0,146.8,0.5479,-0.8365,27.6,36.6,35.8,1.27,0.1074
25.435,92.94,429.0,5.89,28.0,113.9,0.9146,-0.4045,28.8,35.5,35.7,1.272,0.0807
25.435,92.945,360.0,4.17,28.0,92.3,0.9992,-0.0409,27.1,31.8,41.1,1.271,0.0572
25.435,92.95,426.0,4.27,28.0,88.5,0.9996,0.0266,25.5,34.6,39.9,1.273,0.0585
25.435,92.955,362.0,7.38,28.0,199.4,-0.3328,-0.943,27.5,36.3,36.3,1.268,0.1013
25.435,92.96,303.0,9.2,28.0,220.5,-0.6492,-0.7607,28.1,36.8,35.2,1.264,0.1265
25.435,92.965,238.0,5.71,28.0,287.9,-0.9515,0.3077,27.7,35.0,37.3,1.265,0.0787
25.435,92.97,334.0,3.36,28.0,333.7,-0.4436,0.8962,26.6,34.3,39.0,1.271,0.0461
25.435,92.975,291.0,5.66,28.0,117.4,0.8876,-0.4606,25.8,33.1,41.1,1.267,0.0778
25.435,92.98,288.0,2.1,28.0,259.0,-0.9818,-0.19,27.4,31.3,41.3,1.27,0.0289
25.435,92.985,284.0,4.65,28.0,211.3,-0.5191,-0.8547,29.1,32.7,38.2,1.267,0.064
25.435,92.99,218.0,6.64,28.0,213.2,-0.5481,-0.8364,29.5,31.3,39.2,1.263,0.0916
25.435,92.995,186.0,3.68,28.0,188.8,-0.1536,-0.9881,29.4,35.0,35.6,1.264,0.0508
25.44,92.5,943.0,1.66,28.0,196.2,-0.2792,-0.9602,27.0,32.0,41.0,1.296,0.0224
25.44,92.505,929.0,2.26,28.0,190.5,-0.1824,-0.9832,26.6,34.5,38.8,1.295,0.0305
25.44,92.51,904.0,3.12,28.0,204.3,-0.4121,-0.9112,28.6,31.0,40.4,1.294,0.0421
25.44,92.515,879.0,3.31,28.0,210.8,-0.5126,-0.8586,28.8,34.5,36.7,1.292,0.0447
25.44,92.52,854.0,2.26,28.0,239.8,-0.8643,-0.5029,28.5,31.9,39.7,1.292,0.0305
25.44,92.525,859.0,1.7,28.0,237.7,-0.8454,-0.5341,25.6,30.5,43.9,1.293,0.0229
25.44,92.53,838.0,2.87,28.0,233.6,-0.805,-0.5933,27.0,35.2,37.8,1.291,0.0388
25.44,92.535,829.0,2.79,28.0,242.1,-0.8837,-0.4681,28.0,34.4,37.6,1.291,0.0377
25.44,92.54,815.0,2.24,28.0,159.9,0.3443,-0.9389,28.6,32.9,38.5,1.291,0.0303
25.44,92.545,792.0,1.52,28.0,79.2,0.9823,0.1873,28.9,32.5,38.6,1.29,0.0206
25.44,92.55,820.0,1.92,28.0,149.3,0.5098,-0.8603,28.2,33.2,38.7,1.291,0.026
25.44,92.555,763.0,5.29,28.0,131.7,0.7469,-0.6649,28.4,33.7,37.9,1.286,0.0717
25.44,92.56,758.0,6.15,28.0,67.8,0.9258,0.3781,28.1,32.5,39.4,1.285,0.0834
25.44,92.565,804.0,3.61,28.0,28.1,0.4704,0.8825,28.8,32.3,38.8,1.289,0.0488
25.44,92.57,814.0,1.87,28.0,230.3,-0.7698,-0.6383,28.4,35.4,36.2,1.291,0.0253
25.44,92.575,783.0,2.42,28.0,212.1,-0.5319,-0.8468,28.1,36.7,35.3,1.289,0.0328
25.44,92.58,778.0,1.34,28.0,13.3,0.2296,0.9733,27.7,34.7,37.6,1.29,0.0181
25.44,92.585,806.0,2.96,28.0,28.0,0.4689,0.8832,28.1,33.5,38.4,1.29,0.04
25.44,92.59,824.0,2.77,28.0,79.4,0.9828,0.1845,28.6,32.2,39.2,1.291,0.0374
25.44,92.595,815.0,3.02,28.0,145.8,0.5614,-0.8276,28.3,31.6,40.1,1.29,0.0408
25.44,92.6,780.0,4.26,28.0,180.7,-0.0121,-0.9999,28.5,32.0,39.5,1.288,0.0577
25.44,92.605,740.0,2.33,28.0,177.5,0.0441,-0.999,29.6,31.8,38.6,1.288,0.0316
25.44,92.61,739.0,2.59,28.0,277.6,-0.9913,0.1315,28.3,35.9,35.8,1.287,0.0351
25.44,92.615,746.0,4.06,28.0,6.5,0.1139,0.9935,27.2,35.8,37.0,1.286,0.0551
25.44,92.62,810.0,1.4,28.0,333.7,-0.4424,0.8968,29.1,33.5,37.4,1.291,0.0189
25.44,92.625,768.0,5.31,28.0,236.2,-0.8313,-0.5558,26.4,32.0,41.7,1.286,0.072
25.44,92.63,758.0,1.75,28.0,266.3,-0.9979,-0.0649,26.7,33.8,39.5,1.289,0.0237
25.44,92.635,766.0,3.31,28.0,281.9,-0.9785,0.2061,28.4,32.5,39.1,1.288,0.0448
25.44,92.64,770.0,3.54,28.0,326.5,-0.5514,0.8342,28.6,29.7,41.7,1.288,0.0479
25.44,92.645,818.0,5.45,28.0,295.3,-0.9043,0.427,26.5,33.9,39.6,1.288,0.0737
25.44,92.65,811.0,3.98,28.0,209.4,-0.4909,-0.8712,27.5,31.8,40.7,1.289,0.0538
25.44,92.655,757.0,2.67,28.0,228.7,-0.7512,-0.6601,27.3,31.5,41.2,1.288,0.0362
25.44,92.66,780.0,2.61,28.0,280.0,-0.9847,0.1742,27.4,32.3,40.3,1.289,0.0353
25.44,92.665,765.0,1.34,28.0,346.7,-0.2296,0.9733,29.1,31.6,39.3,1.289,0.0181
25.44,92.67,803.0,3.83,28.0,60.7,0.872,0.4895,28.8,33.0,38.2,1.289,0.0518
25.44,92.675,798.0,2.09,28.0,99.4,0.9865,-0.1636,28.0,32.4,39.6,1.29,0.0283
25.44,92.68,797.0,2.37,28.0,170.0,0.1738,-0.9848,27.3,29.8,42.8,1.29,0.0321
25.44,92.685,757.0,1.19,28.0,224.0,-0.6943,-0.7197,26.4,34.6,39.0,1.289,0.0161
25.44,92.69,782.0,1.74,28.0,76.8,0.9736,0.2283,29.7,31.0,39.3,1.29,0.0235
25.44,92.695,764.0,0.87,28.0,90.0,1.0,0.0,28.7,30.8,40.5,1.29,0.0118
25.44,92.7,782.0,3.34,28.0,80.2,0.9854,0.1702,27.2,32.4,40.5,1.288,0.0452
25.44,92.705,774.0,3.96,28.0,80.9,0.9874,0.158,28.9,32.9,38.2,1.288,0.0536
25.44,92.71,793.0,4.24,28.0,52.0,0.7876,0.6162,27.9,35.3,36.8,1.288,0.0574
25.44,92.715,820.0,2.04,28.0,13.1,0.2265,0.974,27.7,32.9,39.4,1.291,0.0276
25.44,92.72,828.0,8.71,28.0,19.9,0.3402,0.9403,28.5,35.2,36.3,1.286,0.1178
25.44,92.725,965.0,9.11,28.0,43.6,0.6891,0.7247,27.1,34.8,38.0,1.291,0.1226
25.44,92.73,945.0,3.09,28.0,128.7,0.7809,-0.6246,27.6,33.2,39.2,1.295,0.0416
25.44,92.735,931.0,8.62,28.0,156.6,0.3972,-0.9177,28.1,34.8,37.1,1.29,0.1162
25.44,92.74,805.0,14.87,28.0,118.4,0.8799,-0.4752,27.4,33.1,39.5,1.28,0.2005
25.44,92.745,804.0,17.22,28.0,113.2,0.919,-0.3942,28.8,36.2,35.0,1.278,0.2316
25.44,92.75,682.0,13.83,28.0,140.0,0.6422,-0.7665,30.2,37.4,32.3,1.276,0.1873
25.44,92.755,614.0,11.27,28.0,138.8,0.6583,-0.7528,27.1,40.9,32.0,1.275,0.1533
25.44,92.76,531.0,9.55,28.0,103.7,0.9717,-0.2361,26.0,32.7,41.3,1.273,0.1303
25.44,92.765,574.0,7.0,28.0,67.2,0.9216,0.3882,25.6,34.5,39.9,1.277,0.0954
25.44,92.77,579.0,4.76,28.0,158.5,0.3668,-0.9303,27.8,32.4,39.8,1.279,0.0649
25.44,92.775,496.0,7.88,28.0,176.3,0.0649,-0.9979,27.2,37.2,35.6,1.273,0.1077
25.44,92.78,440.0,3.43,28.0,173.1,0.1197,-0.9928,28.2,30.9,40.9,1.275,0.0469
25.44,92.785,436.0,7.85,28.0,27.6,0.4628,0.8865,28.2,35.0,36.8,1.271,0.1075
25.44,92.79,563.0,13.83,28.0,341.5,-0.3175,0.9483,26.1,33.6,40.3,1.271,0.1881
25.44,92.795,671.0,10.91,28.0,348.2,-0.205,0.9788,25.8,34.4,39.7,1.278,0.1481
25.44,92.8,753.0,7.53,28.0,96.9,0.9927,-0.1203,28.4,34.0,37.7,1.284,0.1021
25.44,92.805,655.0,20.35,28.0,124.6,0.8233,-0.5676,28.2,39.0,32.8,1.269,0.274
25.44,92.81,541.0,18.72,28.0,106.3,0.9596,-0.2814,27.5,35.4,37.1,1.266,0.2535
25.44,92.815,559.0,13.35,28.0,106.0,0.9611,-0.2761,26.0,36.6,37.4,1.271,0.1817
25.44,92.82,475.0,9.23,28.0,132.2,0.7405,-0.6721,28.6,34.5,36.9,1.271,0.1262
25.44,92.825,449.0,8.42,28.0,38.3,0.6192,0.7852,29.5,34.7,35.8,1.271,0.1152
25.44,92.83,592.0,12.49,28.0,12.2,0.2109,0.9775,28.3,36.8,34.9,1.273,0.1699
25.44,92.835,667.0,8.94,28.0,22.8,0.3882,0.9216,27.0,32.5,40.6,1.279,0.1215
25.44,92.84,738.0,10.83,28.0,84.3,0.9951,0.0986,28.1,36.1,35.8,1.28,0.1468
25.44,92.845,686.0,18.52,28.0,120.3,0.8636,-0.5041,26.4,36.1,37.6,1.272,0.2497
25.44,92.85,568.0,21.03,28.0,125.4,0.8155,-0.5787,29.3,39.3,31.5,1.265,0.2837
25.44,92.855,462.0,17.88,28.0,120.9,0.8577,-0.5142,28.1,37.3,34.6,1.264,0.2429
25.44,92.86,401.0,11.55,28.0,120.0,0.8658,-0.5005,25.9,34.8,39.4,1.266,0.1582
25.44,92.865,359.0,10.77,28.0,141.1,0.6282,-0.7781,27.6,34.0,38.4,1.265,0.1477
25.44,92.87,252.0,5.45,28.0,212.5,-0.5369,-0.8436,28.6,34.7,36.8,1.266,0.075
25.44,92.875,278.0,3.95,28.0,77.5,0.9764,0.2159,27.6,34.9,37.5,1.268,0.0543
25.44,92.88,267.0,12.03,28.0,58.8,0.8558,0.5174,27.7,34.4,37.9,1.261,0.1653
25.44,92.885,389.0,22.31,28.0,36.5,0.5954,0.8035,26.5,36.2,37.2,1.257,0.302
25.44,92.89,599.0,10.99,28.0,355.5,-0.0786,0.9969,28.7,36.0,35.3,1.275,0.1495
25.44,92.895,584.0,2.88,28.0,338.0,-0.3747,0.9272,27.2,30.6,42.2,1.281,0.0392
25.44,92.9,646.0,0.46,28.0,173.5,0.1123,-0.9937,25.4,30.2,44.4,1.285,0.0062
25.44,92.905,576.0,4.95,28.0,177.0,0.0519,-0.9987,27.6,31.7,40.7,1.279,0.0675
25.44,92.91,559.0,3.95,28.0,149.5,0.5068,-0.8621,29.2,32.4,38.4,1.279,0.0539
25.44,92.915,516.0,1.27,28.0,111.0,0.9334,-0.3589,27.5,30.3,42.1,1.28,0.0173
25.44,92.92,551.0,1.18,28.0,336.8,-0.3938,0.9192,30.1,29.4,40.5,1.281,0.0161
25.44,92.925,535.0,7.55,28.0,132.4,0.7385,-0.6742,28.5,32.3,39.2,1.275,0.1031
25.44,92.93,461.0,11.32,28.0,148.0,0.5295,-0.8483,28.4,36.0,35.6,1.269,0.1547
25.44,92.935,364.0,7.47,28.0,195.9,-0.274,-0.9617,27.8,32.1,40.1,1.268,0.1025
25.44,92.94,334.0,1.42,28.0,53.0,0.7985,0.602,27.9,31.9,40.2,1.272,0.0195
25.44,92.945,379.0,2.83,28.0,88.8,0.9998,0.0201,27.7,35.7,36.6,1.273,0.0388
25.44,92.95,335.0,7.78,28.0,89.6,1.0,0.0073,27.6,34.0,38.4,1.267,0.1068
25.44,92.955,380.0,5.71,28.0,26.7,0.449,0.8935,28.6,34.0,37.3,1.27,0.0783
25.44,92.96,425.0,2.84,28.0,222.1,-0.6708,-0.7416,26.9,31.3,41.8,1.275,0.0389
25.44,92.965,343.0,7.92,28.0,218.3,-0.6196,-0.7849,26.7,37.4,35.9,1.267,0.1088
25.44,92.97,315.0,5.73,28.0,161.7,0.3132,-0.9497,26.7,32.7,40.6,1.268,0.0787
25.44,92.975,247.0,1.07,28.0,154.4,0.4319,-0.9019,30.5,31.9,37.6,1.269,0.0147
25.44,92.98,298.0,2.49,28.0,327.6,-0.5364,0.844,28.6,34.6,36.7,1.27,0.0342
25.44,92.985,284.0,3.35,28.0,266.1,-0.9977,-0.0679,28.4,32.6,39.0,1.269,0.046
25.44,92.99,294.0,7.48,28.0,219.5,-0.6362,-0.7715,26.7,34.1,39.2,1.266,0.1028
25.44,92.995,182.0,13.64,28.0,203.6,-0.3997,-0.9166,28.7,35.2,36.0,1.256,0.1878
25.445,92.5,953.0,1.84,28.0,210.2,-0.5027,-0.8645,27.9,32.1,40.1,1.297,0.0248
25.445,92.505,939.0,2.22,28.0,178.7,0.0232,-0.9997,28.3,33.1,38.6,1.296,0.0299
25.445,92.51,914.0,2.38,28.0,215.7,-0.5834,-0.8122,26.8,33.5,39.7,1.295,0.0321
25.445,92.515,905.0,2.16,28.0,241.7,-0.8807,-0.4737,28.2,31.6,40.2,1.294,0.0291
25.445,92.52,896.0,3.25,28.0,224.1,-0.6965,-0.7176,27.5,31.7,40.8,1.293,0.0438
25.445,92.525,864.0,2.94,28.0,190.1,-0.1746,-0.9846,27.1,31.9,41.0,1.292,0.0397
25.445,92.53,845.0,1.91,28.0,216.4,-0.5933,-0.805,28.9,30.4,40.7,1.292,0.0258
25.445,92.535,837.0,3.21,28.0,193.0,-0.2244,-0.9745,26.2,30.5,43.4,1.291,0.0434
25.445,92.54,790.0,2.79,28.0,168.3,0.203,-0.9792,28.7,33.2,38.1,1.289,0.0378
25.445,92.545,789.0,2.4,28.0,346.4,-0.2358,0.9718,28.8,34.0,37.1,1.29,0.0325
25.445,92.55,831.0,1.07,28.0,148.1,0.5281,-0.8492,26.9,33.6,39.5,1.292,0.0145
25.445,92.555,773.0,5.5,28.0,200.2,-0.3452,-0.9385,27.0,29.9,43.1,1.286,0.0745
25.445,92.56,740.0,1.19,28.0,136.0,0.6943,-0.7197,27.7,31.9,40.3,1.289,0.0161
25.445,92.565,758.0,5.41,28.0,40.9,0.655,0.7556,28.3,31.8,39.9,1.286,0.0733
25.445,92.57,812.0,2.85,28.0,347.5,-0.2163,0.9763,27.8,33.0,39.2,1.29,0.0385
25.445,92.575,807.0,2.22,28.0,224.1,-0.6959,-0.7181,28.5,32.0,39.5,1.29,0.03
25.445,92.58,784.0,2.23,28.0,215.2,-0.5771,-0.8167,30.1,33.5,36.4,1.29,0.0302
25.445,92.585,775.0,0.9,28.0,34.8,0.5711,0.8209,27.4,32.2,40.4,1.29,0.0122
25.445,92.59,797.0,3.34,28.0,103.8,0.9711,-0.2386,25.9,30.0,44.0,1.289,0.0452
25.445,92.595,761.0,3.51,28.0,141.0,0.6295,-0.777,29.0,31.5,39.5,1.288,0.0475
25.445,92.6,749.0,2.41,28.0,113.6,0.9163,-0.4005,30.0,32.7,37.3,1.288,0.0326
25.445,92.605,744.0,2.9,28.0,343.5,-0.2832,0.959,28.5,32.9,38.6,1.287,0.0393
25.445,92.61,798.0,4.27,28.0,303.9,-0.8296,0.5583,26.7,31.0,42.3,1.288,0.0578
25.445,92.615,786.0,3.7,28.0,283.3,-0.9731,0.2305,27.9,30.7,41.5,1.288,0.0501
25.445,92.62,813.0,2.53,28.0,19.0,0.3258,0.9455,26.7,32.8,40.6,1.29,0.0342
25.445,92.625,828.0,3.61,28.0,234.3,-0.8124,-0.5831,28.8,30.9,40.4,1.29,0.0488
25.445,92.63,776.0,1.99,28.0,231.0,-0.7768,-0.6298,26.4,30.0,43.6,1.289,0.0269
25.445,92.635,806.0,4.03,28.0,318.4,-0.6637,0.748,27.6,32.4,40.0,1.289,0.0545
25.445,92.64,829.0,3.78,28.0,313.8,-0.7215,0.6924,26.8,32.3,40.9,1.29,0.0511
25.445,92.645,852.0,1.53,28.0,225.0,-0.707,-0.7072,28.2,31.1,40.8,1.293,0.0206
25.445,92.65,810.0,4.34,28.0,162.8,0.2959,-0.9552,27.6,32.1,40.3,1.289,0.0587
25.445,92.655,779.0,1.0,28.0,204.3,-0.4121,-0.9112,28.2,32.3,39.5,1.29,0.0135
25.445,92.66,794.0,2.37,28.0,291.1,-0.933,0.3598,28.0,31.6,40.4,1.29,0.0321
25.445,92.665,794.0,3.28,28.0,236.3,-0.8317,-0.5552,26.8,33.0,40.2,1.289,0.0444
25.445,92.67,762.0,3.79,28.0,119.7,0.8687,-0.4953,28.8,32.4,38.8,1.287,0.0514
25.445,92.675,761.0,6.89,28.0,76.7,0.9732,0.23,27.9,34.1,38.0,1.285,0.0934
25.445,92.68,790.0,4.81,28.0,83.2,0.993,0.1181,26.8,34.6,38.6,1.288,0.0651
25.445,92.685,771.0,3.06,28.0,136.4,0.6891,-0.7247,30.7,34.1,35.2,1.288,0.0414
25.445,92.69,751.0,5.77,28.0,84.9,0.9961,0.0885,28.6,35.5,36.0,1.285,0.0782
25.445,92.695,780.0,3.73,28.0,102.3,0.9771,-0.213,27.8,34.3,37.9,1.288,0.0505
25.445,92.7,737.0,6.79,28.0,114.1,0.9127,-0.4086,29.7,34.2,36.1,1.284,0.0921
25.445,92.705,731.0,3.94,28.0,43.8,0.6921,0.7218,30.2,32.4,37.4,1.286,0.0534
25.445,92.71,787.0,6.93,28.0,40.6,0.6502,0.7597,27.8,33.3,38.9,1.286,0.0938
25.445,92.715,824.0,5.55,28.0,54.4,0.813,0.5822,28.4,32.2,39.4,1.288,0.0751
25.445,92.72,844.0,1.35,28.0,82.7,0.992,0.1265,26.8,32.4,40.8,1.293,0.0182
25.445,92.725,827.0,11.89,28.0,78.9,0.9811,0.1934,27.8,36.2,36.0,1.283,0.1606
25.445,92.73,885.0,7.12,28.0,68.1,0.9276,0.3736,27.8,32.8,39.4,1.289,0.0962
25.445,92.735,874.0,11.14,28.0,151.4,0.4791,-0.8778,28.2,34.9,36.9,1.286,0.1502
25.445,92.74,711.0,14.7,28.0,153.3,0.4487,-0.8937,28.4,34.9,36.7,1.276,0.1989
25.445,92.745,638.0,12.13,28.0,110.6,0.9363,-0.3512,28.7,35.5,35.8,1.275,0.1648
25.445,92.75,635.0,7.8,28.0,121.5,0.8528,-0.5222,28.3,33.3,38.5,1.279,0.1061
25.445,92.755,566.0,8.49,28.0,156.6,0.397,-0.9178,26.5,33.2,40.3,1.276,0.1157
25.445,92.76,497.0,3.93,28.0,177.0,0.0524,-0.9986,26.9,32.0,41.1,1.277,0.0537
25.445,92.765,497.0,5.74,28.0,62.3,0.8854,0.4648,27.3,34.3,38.4,1.275,0.0784
25.445,92.77,544.0,4.89,28.0,94.0,0.9976,-0.0697,27.7,33.2,39.2,1.278,0.0667
25.445,92.775,491.0,7.45,28.0,155.7,0.4121,-0.9112,29.3,33.3,37.4,1.273,0.1019
25.445,92.78,424.0,4.86,28.0,143.7,0.5917,-0.8061,26.6,33.7,39.7,1.273,0.0666
25.445,92.785,422.0,8.04,28.0,349.7,-0.178,0.984,27.6,33.5,38.9,1.27,0.1101
25.445,92.79,564.0,13.31,28.0,357.8,-0.038,0.9993,29.1,37.2,33.6,1.271,0.1811
25.445,92.795,660.0,5.15,28.0,44.2,0.6978,0.7163,27.6,31.9,40.4,1.282,0.07
25.445,92.8,629.0,11.58,28.0,123.6,0.8333,-0.5528,28.6,34.8,36.6,1.276,0.1573
25.445,92.805,546.0,12.59,28.0,141.1,0.6277,-0.7785,27.8,33.3,38.9,1.271,0.1715
25.445,92.81,454.0,9.61,28.0,131.5,0.7485,-0.6632,28.3,34.0,37.6,1.27,0.1314
25.445,92.815,433.0,11.34,28.0,112.7,0.9224,-0.3862,27.7,32.5,39.8,1.268,0.1551
25.445,92.82,376.0,3.64,28.0,37.3,0.6064,0.7952,28.8,34.1,37.1,1.272,0.0499
25.445,92.825,484.0,14.43,28.0,347.5,-0.2164,0.9763,26.1,37.0,36.9,1.267,0.1967
25.445,92.83,629.0,7.65,28.0,31.0,0.5147,0.8573,27.6,35.2,37.2,1.279,0.1041
25.445,92.835,600.0,10.24,28.0,117.1,0.8899,-0.4562,28.4,34.8,36.9,1.275,0.1394
25.445,92.84,546.0,16.62,28.0,119.9,0.8666,-0.499,28.6,35.1,36.2,1.268,0.2256
25.445,92.845,450.0,16.87,28.0,119.4,0.871,-0.4913,29.8,35.3,34.9,1.264,0.2296
25.445,92.85,396.0,12.86,28.0,114.1,0.9126,-0.4088,27.5,37.7,34.7,1.265,0.1759
25.445,92.855,356.0,9.37,28.0,118.8,0.8764,-0.4815,29.8,36.7,33.6,1.266,0.1286
25.445,92.86,316.0,6.65,28.0,140.8,0.6318,-0.7752,27.2,34.0,38.8,1.267,0.0914
25.445,92.865,265.0,0.37,28.0,335.7,-0.4121,0.9112,29.6,31.3,39.1,1.27,0.0051
25.445,92.87,322.0,11.6,28.0,273.9,-0.9977,0.0677,29.0,37.1,33.9,1.263,0.1592
25.445,92.875,279.0,5.13,28.0,204.9,-0.4204,-0.9074,26.9,32.3,40.8,1.267,0.0706
25.445,92.88,240.0,4.23,28.0,29.1,0.4863,0.8738,28.4,33.5,38.2,1.266,0.0583
25.445,92.885,344.0,18.21,28.0,17.5,0.3003,0.9538,27.9,38.9,33.2,1.259,0.2482
25.445,92.89,556.0,15.67,28.0,30.6,0.5093,0.8606,28.8,34.9,36.3,1.269,0.2128
25.445,92.895,587.0,8.51,28.0,94.9,0.9963,-0.0863,27.7,35.5,36.8,1.276,0.116
25.445,92.9,543.0,10.16,28.0,103.5,0.9725,-0.2328,27.6,35.5,36.9,1.273,0.1386
25.445,92.905,545.0,5.37,28.0,130.9,0.7553,-0.6554,29.6,33.4,37.0,1.277,0.0733
25.445,92.91,481.0,7.07,28.0,87.7,0.9992,0.04,27.9,32.4,39.7,1.273,0.0967
25.445,92.915,550.0,1.76,28.0,277.4,-0.9916,0.129,29.0,31.4,39.6,1.281,0.024
25.445,92.92,485.0,7.36,28.0,163.9,0.278,-0.9606,27.7,34.4,37.9,1.273,0.1006
25.445,92.925,425.0,6.26,28.0,121.7,0.8512,-0.5248,30.0,31.5,38.5,1.272,0.0857
25.445,92.93,427.0,1.12,28.0,30.3,0.5051,0.8631,27.2,32.5,40.3,1.276,0.0153
25.445,92.935,442.0,2.81,28.0,246.1,-0.9146,-0.4045,27.3,33.6,39.2,1.275,0.0385
25.445,92.94,407.0,7.92,28.0,191.9,-0.2067,-0.9784,29.8,35.6,34.6,1.27,0.1085
25.445,92.945,305.0,8.14,28.0,157.5,0.3832,-0.9237,27.5,32.1,40.5,1.265,0.1119
25.445,92.95,274.0,2.05,28.0,281.2,-0.9809,0.1946,29.9,34.5,35.6,1.269,0.0282
25.445,92.955,312.0,7.54,28.0,60.3,0.8687,0.4953,29.1,36.6,34.4,1.266,0.1036
25.445,92.96,340.0,3.95,28.0,71.6,0.9487,0.3161,27.8,33.7,38.5,1.27,0.0542
25.445,92.965,334.0,2.38,28.0,168.8,0.1947,-0.9809,25.8,31.1,43.1,1.271,0.0327
25.445,92.97,299.0,4.09,28.0,136.3,0.6913,-0.7226,28.0,32.6,39.4,1.269,0.0562
25.445,92.975,282.0,3.1,28.0,74.0,0.9615,0.2749,28.1,32.8,39.1,1.269,0.0426
25.445,92.98,314.0,3.89,28.0,12.2,0.2111,0.9775,29.4,33.4,37.2,1.269,0.0535
25.445,92.985,349.0,0.45,28.0,112.5,0.9238,-0.383,29.9,32.2,37.9,1.274,0.0062
25.445,92.99,311.0,3.34,28.0,200.7,-0.3538,-0.9353,27.2,33.3,39.5,1.27,0.0459
25.445,92.995,294.0,6.35,28.0,252.3,-0.9528,-0.3035,29.0,33.6,37.5,1.266,0.0874
25.45,92.5,961.0,3.76,28.0,183.9,-0.0684,-0.9977,28.9,33.4,37.7,1.295,0.0506
25.45,92.505,928.0,1.71,28.0,185.2,-0.0901,-0.9959,29.3,31.8,38.9,1.296,0.023
25.45,92.51,931.0,1.11,28.0,232.0,-0.7883,-0.6152,28.6,31.8,39.6,1.296,0.0149
25.45,92.515,916.0,2.05,28.0,203.7,-0.4016,-0.9158,25.7,31.7,42.6,1.295,0.0276
25.45,92.52,898.0,2.8,28.0,197.1,-0.2943,-0.9557,27.8,35.6,36.6,1.294,0.0378
25.45,92.525,869.0,2.49,28.0,209.7,-0.496,-0.8683,26.6,34.9,38.5,1.293,0.0336
25.45,92.53,860.0,1.65,28.0,206.0,-0.4379,-0.899,27.8,33.3,39.0,1.293,0.0223
25.45,92.535,843.0,3.18,28.0,180.0,0.0,-1.0,29.2,34.8,36.0,1.291,0.043
25.45,92.54,804.0,3.43,28.0,228.5,-0.749,-0.6625,28.4,34.1,37.5,1.289,0.0464
25.45,92.545,803.0,0.77,28.0,291.5,-0.9301,0.3673,29.4,32.5,38.1,1.291,0.0104
25.45,92.55,809.0,1.45,28.0,96.8,0.9931,-0.1176,28.4,30.1,41.5,1.291,0.0196
25.45,92.555,800.0,3.86,28.0,170.8,0.1599,-0.9871,26.4,32.6,40.9,1.289,0.0522
25.45,92.56,742.0,3.76,28.0,169.0,0.1912,-0.9815,25.0,32.5,42.5,1.287,0.051
25.45,92.565,735.0,4.97,28.0,16.2,0.2792,0.9602,28.2,31.6,40.2,1.285,0.0674
25.45,92.57,826.0,4.47,28.0,7.3,0.1265,0.992,27.7,31.0,41.3,1.289,0.0605
25.45,92.575,813.0,1.31,28.0,182.3,-0.0393,-0.9992,26.8,33.1,40.1,1.291,0.0177
25.45,92.58,803.0,1.1,28.0,208.0,-0.4697,-0.8828,26.0,32.8,41.3,1.291,0.0149
25.45,92.585,796.0,2.39,28.0,180.0,0.0,-1.0,27.1,30.9,42.0,1.29,0.0323
25.45,92.59,761.0,2.87,28.0,118.4,0.8793,-0.4762,27.8,31.6,40.6,1.288,0.0389
25.45,92.595,772.0,1.71,28.0,143.0,0.6019,-0.7986,28.8,34.2,37.0,1.289,0.0232
25.45,92.6,737.0,0.92,28.0,170.4,0.1672,-0.9859,28.2,30.9,40.8,1.289,0.0125
25.45,92.605,756.0,4.07,28.0,352.7,-0.1264,0.992,29.9,33.3,36.7,1.287,0.0551
25.45,92.61,808.0,3.41,28.0,1.7,0.0301,0.9995,26.8,32.6,40.6,1.289,0.0461
25.45,92.615,816.0,1.11,28.0,224.1,-0.6959,-0.7181,29.1,33.1,37.9,1.292,0.015
25.45,92.62,794.0,2.37,28.0,77.5,0.9764,0.2159,28.1,31.3,40.6,1.29,0.0321
25.45,92.625,825.0,4.02,28.0,94.9,0.9964,-0.0847,28.8,33.2,38.0,1.29,0.0543
25.45,92.63,788.0,0.91,28.0,115.8,0.9002,-0.4354,27.5,32.5,40.0,1.291,0.0123
25.45,92.635,818.0,2.46,28.0,35.9,0.5862,0.8102,29.3,33.0,37.7,1.291,0.0332
25.45,92.64,823.0,2.08,28.0,54.9,0.8179,0.5754,28.4,32.7,39.0,1.291,0.0281
25.45,92.645,839.0,2.14,28.0,168.9,0.1919,-0.9814,27.2,33.1,39.7,1.292,0.0289
25.45,92.65,786.0,4.43,28.0,198.3,-0.3134,-0.9496,28.0,36.5,35.5,1.288,0.06
25.45,92.655,765.0,3.32,28.0,309.3,-0.774,0.6332,27.7,36.7,35.6,1.288,0.045
25.45,92.66,823.0,3.09,28.0,12.5,0.2166,0.9763,28.6,31.9,39.5,1.29,0.0418
25.45,92.665,818.0,5.11,28.0,158.8,0.3614,-0.9324,26.6,29.9,43.5,1.288,0.0692
25.45,92.67,739.0,9.16,28.0,158.4,0.3676,-0.93,28.0,35.3,36.7,1.282,0.1242
25.45,92.675,667.0,5.55,28.0,111.0,0.9338,-0.3578,28.5,33.8,37.8,1.282,0.0754
25.45,92.68,704.0,8.2,28.0,70.3,0.9413,0.3377,28.0,35.8,36.2,1.281,0.1113
25.45,92.685,716.0,5.87,28.0,109.2,0.9444,-0.3287,29.6,34.0,36.4,1.284,0.0797
25.45,92.69,670.0,5.44,28.0,103.9,0.9708,-0.2397,28.9,33.5,37.5,1.282,0.0739
25.45,92.695,693.0,6.68,28.0,94.4,0.9971,-0.0763,28.0,35.5,36.5,1.282,0.0907
25.45,92.7,661.0,3.93,28.0,66.1,0.9146,0.4045,28.3,35.0,36.8,1.283,0.0534
25.45,92.705,721.0,4.25,28.0,54.0,0.8092,0.5875,28.4,31.1,40.6,1.285,0.0577
25.45,92.71,705.0,6.59,28.0,84.6,0.9955,0.0946,28.5,32.5,39.0,1.283,0.0894
25.45,92.715,732.0,8.96,28.0,52.3,0.7917,0.6109,25.8,34.2,40.0,1.282,0.1215
25.45,92.72,802.0,7.83,28.0,88.8,0.9998,0.0217,27.6,34.2,38.1,1.286,0.1059
25.45,92.725,735.0,7.97,28.0,84.3,0.9951,0.0994,26.2,33.8,40.0,1.283,0.1081
25.45,92.73,816.0,7.97,28.0,49.8,0.7636,0.6456,29.5,34.8,35.7,1.286,0.1078
25.45,92.735,826.0,8.48,28.0,161.0,0.3253,-0.9456,27.9,35.8,36.3,1.286,0.1147
25.45,92.74,674.0,13.73,28.0,178.7,0.0221,-0.9998,27.8,38.2,34.0,1.276,0.186
25.45,92.745,580.0,7.31,28.0,160.8,0.329,-0.9443,29.1,34.8,36.1,1.277,0.0996
25.45,92.75,552.0,7.19,28.0,104.6,0.9678,-0.2518,28.5,32.6,38.9,1.276,0.0981
25.45,92.755,548.0,5.77,28.0,104.2,0.9693,-0.2458,26.6,33.3,40.0,1.277,0.0787
25.45,92.76,527.0,4.16,28.0,175.7,0.0741,-0.9972,27.9,33.0,39.1,1.278,0.0568
25.45,92.765,475.0,2.51,28.0,167.0,0.2254,-0.9743,27.6,33.4,39.0,1.277,0.0343
25.45,92.77,484.0,6.97,28.0,108.5,0.9484,-0.317,25.9,34.4,39.7,1.274,0.0953
25.45,92.775,436.0,6.22,28.0,155.7,0.4121,-0.9112,27.2,36.7,36.1,1.272,0.0852
25.45,92.78,384.0,2.48,28.0,50.1,0.767,0.6417,27.8,32.0,40.3,1.273,0.034
25.45,92.785,464.0,10.77,28.0,350.8,-0.1606,0.987,27.9,35.4,36.7,1.27,0.1471
25.45,92.79,573.0,9.43,28.0,35.0,0.5734,0.8193,26.2,38.0,35.7,1.275,0.1285
25.45,92.795,601.0,8.7,28.0,93.7,0.9979,-0.0649,29.4,33.4,37.2,1.277,0.1185
25.45,92.8,563.0,6.48,28.0,153.2,0.4511,-0.8925,27.9,33.9,38.2,1.277,0.0884
25.45,92.805,499.0,10.21,28.0,154.0,0.4388,-0.8986,28.0,33.3,38.6,1.271,0.1395
25.45,92.81,400.0,9.26,28.0,152.8,0.4573,-0.8893,28.5,34.6,36.9,1.268,0.1269
25.45,92.815,353.0,3.8,28.0,61.4,0.8783,0.4781,27.1,31.8,41.1,1.271,0.0521
25.45,92.82,432.0,10.35,28.0,329.2,-0.5116,0.8593,28.5,36.3,35.1,1.269,0.1416
25.45,92.825,511.0,4.71,28.0,359.4,-0.0109,0.9999,27.6,33.5,39.0,1.277,0.0643
25.45,92.83,515.0,9.67,28.0,97.7,0.991,-0.134,26.9,33.2,39.9,1.273,0.132
25.45,92.835,488.0,11.42,28.0,108.6,0.9475,-0.3197,28.7,36.3,35.0,1.27,0.1559
25.45,92.84,450.0,11.11,28.0,119.1,0.8741,-0.4857,29.8,35.2,35.0,1.269,0.1518
25.45,92.845,392.0,9.02,28.0,135.5,0.7013,-0.7129,28.9,35.8,35.3,1.268,0.1236
25.45,92.85,336.0,5.83,28.0,152.2,0.4661,-0.8847,29.1,31.8,39.1,1.269,0.08
25.45,92.855,301.0,2.84,28.0,250.1,-0.9405,-0.3399,27.4,33.3,39.3,1.27,0.039
25.45,92.86,319.0,10.45,28.0,289.2,-0.9446,0.3284,26.1,35.9,38.0,1.264,0.1435
25.45,92.865,362.0,18.86,28.0,297.9,-0.8837,0.4681,29.8,36.4,33.8,1.259,0.2568
25.45,92.87,480.0,10.3,28.0,256.7,-0.9733,-0.2294,30.5,32.9,36.7,1.271,0.1407
25.45,92.875,320.0,14.42,28.0,192.3,-0.2131,-0.977,29.9,35.8,34.4,1.261,0.1975
25.45,92.88,227.0,3.78,28.0,232.0,-0.7879,-0.6158,27.6,34.9,37.6,1.266,0.0521
25.45,92.885,279.0,12.96,28.0,23.2,0.3942,0.919,26.6,37.1,36.2,1.26,0.178
25.45,92.89,440.0,16.97,28.0,63.1,0.8918,0.4523,26.7,35.9,37.4,1.263,0.2311
25.45,92.895,418.0,19.23,28.0,88.0,0.9994,0.0342,26.0,35.2,38.8,1.261,0.2612
25.45,92.9,452.0,16.46,28.0,74.6,0.9641,0.2656,27.9,35.7,36.4,1.264,0.2242
25.45,92.905,497.0,15.13,28.0,96.5,0.9935,-0.1139,29.9,35.3,34.7,1.267,0.206
25.45,92.91,421.0,9.75,28.0,72.2,0.9519,0.3065,27.8,35.3,36.9,1.269,0.1335
25.45,92.915,550.0,13.45,28.0,68.1,0.9276,0.3737,28.4,35.4,36.2,1.271,0.183
25.45,92.92,511.0,10.81,28.0,128.2,0.7855,-0.6189,29.7,33.8,36.6,1.271,0.1476
25.45,92.925,431.0,9.14,28.0,112.1,0.9265,-0.3764,27.5,36.1,36.4,1.27,0.1251
25.45,92.93,450.0,4.67,28.0,101.9,0.9784,-0.2066,30.4,33.5,36.1,1.274,0.0639
25.45,92.935,414.0,5.08,28.0,159.9,0.3438,-0.939,30.4,34.0,35.6,1.272,0.0696
25.45,92.94,366.0,5.48,28.0,186.5,-0.1123,-0.9937,27.8,30.9,41.3,1.27,0.0752
25.45,92.945,318.0,1.22,28.0,68.1,0.9278,0.373,27.3,28.7,44.0,1.272,0.0167
25.45,92.95,374.0,7.1,28.0,238.3,-0.8505,-0.526,28.8,31.7,39.4,1.269,0.0974
25.45,92.955,252.0,1.33,28.0,159.7,0.347,-0.9379,27.6,31.6,40.8,1.269,0.0183
25.45,92.96,352.0,8.1,28.0,55.1,0.8202,0.572,26.6,35.0,38.4,1.267,0.1112
25.45,92.965,334.0,6.3,28.0,145.8,0.5614,-0.8276,29.5,30.2,40.3,1.268,0.0865
25.45,92.97,260.0,9.82,28.0,146.3,0.5551,-0.8318,29.5,37.0,33.5,1.262,0.1351
25.45,92.975,189.0,6.68,28.0,79.2,0.9824,0.1867,28.2,34.0,37.8,1.262,0.0922
25.45,92.98,282.0,6.25,28.0,37.9,0.6149,0.7886,26.5,35.7,37.8,1.266,0.086
25.45,92.985,276.0,6.8,28.0,73.1,0.9566,0.2915,26.5,32.5,41.0,1.265,0.0936
25.45,92.99,317.0,2.38,28.0,55.1,0.8199,0.5725,28.1,33.4,38.5,1.271,0.0327
25.45,92.995,300.0,3.26,28.0,126.4,0.805,-0.5933,27.4,33.0,39.6,1.269,0.0448
25.455,92.5,958.0,4.78,28.0,112.4,0.9248,-0.3805,27.6,34.5,37.9,1.294,0.0644
25.455,92.505,942.0,4.34,28.0,110.7,0.9354,-0.3535,29.2,32.8,38.0,1.294,0.0585
25.455,92.51,931.0,2.33,28.0,120.8,0.8593,-0.5115,28.9,33.3,37.8,1.295,0.0314
25.455,92.515,921.0,1.22,28.0,152.4,0.4639,-0.8859,29.7,34.0,36.4,1.296,0.0164
25.455,92.52,912.0,1.89,28.0,187.8,-0.1358,-0.9907,26.8,31.5,41.7,1.295,0.0255
25.455,92.525,888.0,3.05,28.0,188.7,-0.1518,-0.9884,27.6,33.2,39.2,1.293,0.0412
25.455,92.53,859.0,3.0,28.0,165.1,0.2571,-0.9664,28.9,30.0,41.1,1.292,0.0405
25.455,92.535,837.0,2.19,28.0,119.6,0.8696,-0.4937,28.5,33.6,37.8,1.292,0.0296
25.455,92.54,840.0,2.86,28.0,227.5,-0.7371,-0.6758,29.8,35.7,34.5,1.291,0.0386
25.455,92.545,803.0,2.52,28.0,213.4,-0.5509,-0.8346,28.5,30.8,40.7,1.29,0.0341
25.455,92.55,803.0,2.4,28.0,175.1,0.0858,-0.9963,30.2,32.5,37.3,1.29,0.0325
25.455,92.555,761.0,4.47,28.0,168.1,0.2069,-0.9784,28.6,34.5,36.8,1.287,0.0606
25.455,92.56,726.0,1.83,28.0,201.4,-0.3649,-0.931,29.3,32.5,38.2,1.288,0.0248
25.455,92.565,731.0,4.26,28.0,357.9,-0.0362,0.9993,27.6,33.4,39.0,1.286,0.0578
25.455,92.57,801.0,5.2,28.0,32.9,0.5427,0.84,28.0,32.8,39.2,1.288,0.0704
25.455,92.575,808.0,0.45,28.0,207.3,-0.4591,-0.8884,29.1,31.5,39.4,1.292,0.0061
25.455,92.58,794.0,1.89,28.0,173.7,0.109,-0.994,29.9,32.4,37.7,1.29,0.0256
25.455,92.585,775.0,3.15,28.0,146.2,0.5558,-0.8313,28.9,32.9,38.2,1.288,0.0427
25.455,92.59,748.0,2.22,28.0,150.8,0.4877,-0.873,27.9,30.8,41.3,1.288,0.0301
25.455,92.595,741.0,1.91,28.0,93.4,0.9982,-0.0597,29.7,32.4,37.9,1.288,0.0259
25.455,92.6,746.0,0.75,28.0,7.9,0.1378,0.9905,25.4,34.6,40.1,1.289,0.0102
25.455,92.605,754.0,2.93,28.0,345.8,-0.2455,0.9694,26.3,32.2,41.6,1.288,0.0397
25.455,92.61,796.0,3.89,28.0,46.6,0.7269,0.6868,28.8,31.2,40.0,1.289,0.0526
25.455,92.615,801.0,3.33,28.0,118.5,0.8788,-0.4773,28.0,32.7,39.3,1.289,0.0451
25.455,92.62,768.0,3.84,28.0,139.0,0.6559,-0.7548,28.7,32.0,39.3,1.288,0.052
25.455,92.625,750.0,3.63,28.0,97.2,0.9921,-0.1254,28.1,31.0,41.0,1.287,0.0492
25.455,92.63,760.0,1.87,28.0,31.5,0.5231,0.8523,28.7,32.7,38.6,1.289,0.0253
25.455,92.635,778.0,2.66,28.0,39.7,0.6383,0.7698,27.0,31.6,41.3,1.289,0.036
25.455,92.64,796.0,4.57,28.0,35.0,0.5729,0.8197,28.7,32.3,39.0,1.288,0.0619
25.455,92.645,844.0,3.62,28.0,50.0,0.7659,0.6429,29.2,33.2,37.6,1.291,0.0489
25.455,92.65,837.0,1.12,28.0,139.8,0.6451,-0.7641,29.5,30.0,40.5,1.293,0.0151
25.455,92.655,829.0,3.22,28.0,188.3,-0.1439,-0.9896,30.4,30.2,39.3,1.29,0.0435
25.455,92.66,781.0,6.96,28.0,125.3,0.8165,-0.5774,28.3,34.9,36.8,1.285,0.0943
25.455,92.665,758.0,8.41,28.0,124.8,0.8207,-0.5713,28.3,31.3,40.3,1.283,0.114
25.455,92.67,696.0,7.58,28.0,137.0,0.6819,-0.7315,26.2,32.6,41.3,1.282,0.1029
25.455,92.675,660.0,3.68,28.0,151.7,0.4748,-0.8801,27.4,30.3,42.4,1.283,0.05
25.455,92.68,639.0,3.5,28.0,87.2,0.9988,0.0487,27.8,32.2,40.0,1.283,0.0476
25.455,92.685,663.0,5.06,28.0,84.2,0.9949,0.101,29.3,34.0,36.7,1.282,0.0688
25.455,92.69,648.0,1.19,28.0,128.6,0.7814,-0.624,27.3,32.5,40.2,1.285,0.0162
25.455,92.695,650.0,2.37,28.0,62.9,0.89,0.456,29.0,36.2,34.8,1.284,0.0322
25.455,92.7,667.0,1.47,28.0,57.2,0.8404,0.542,28.0,34.0,38.0,1.285,0.02
25.455,92.705,664.0,4.7,28.0,95.6,0.9953,-0.0967,27.8,31.9,40.4,1.283,0.0639
25.455,92.71,659.0,2.74,28.0,64.2,0.9002,0.4354,28.3,30.9,40.8,1.284,0.0372
25.455,92.715,685.0,3.15,28.0,54.7,0.8163,0.5776,27.5,36.9,35.6,1.285,0.0428
25.455,92.72,691.0,7.41,28.0,95.7,0.9951,-0.0993,27.5,35.6,36.9,1.281,0.1007
25.455,92.725,672.0,5.5,28.0,39.4,0.6341,0.7732,26.0,34.4,39.7,1.282,0.0748
25.455,92.73,766.0,8.83,28.0,18.9,0.3238,0.9461,27.7,34.5,37.8,1.283,0.1196
25.455,92.735,820.0,4.11,28.0,147.5,0.5376,-0.8432,27.4,33.5,39.1,1.289,0.0556
25.455,92.74,705.0,12.82,28.0,182.0,-0.0355,-0.9994,27.4,33.2,39.4,1.278,0.1736
25.455,92.745,591.0,11.6,28.0,184.5,-0.0788,-0.9969,28.5,35.3,36.2,1.274,0.1578
25.455,92.75,499.0,7.65,28.0,172.3,0.1338,-0.991,28.8,34.1,37.1,1.274,0.1045
25.455,92.755,457.0,3.37,28.0,97.7,0.9909,-0.1348,28.3,31.5,40.2,1.275,0.0461
25.455,92.76,491.0,4.67,28.0,69.3,0.9356,0.3529,29.2,32.4,38.4,1.276,0.0638
25.455,92.765,486.0,5.45,28.0,142.3,0.6119,-0.791,28.7,35.7,35.6,1.275,0.0745
25.455,92.77,415.0,4.97,28.0,120.9,0.8577,-0.5141,27.6,33.1,39.2,1.272,0.0681
25.455,92.775,441.0,1.92,28.0,145.8,0.5614,-0.8276,27.4,35.6,36.9,1.276,0.0263
25.455,92.78,387.0,1.42,28.0,53.0,0.7985,0.602,28.4,29.8,41.9,1.274,0.0195
25.455,92.785,456.0,7.17,28.0,55.9,0.8282,0.5604,28.7,33.1,38.2,1.272,0.0981
25.455,92.79,458.0,11.39,28.0,80.3,0.9858,0.1677,29.7,32.7,37.6,1.269,0.1556
25.455,92.795,490.0,10.14,28.0,50.7,0.7739,0.6334,29.4,32.9,37.7,1.271,0.1385
25.455,92.8,572.0,7.24,28.0,104.5,0.9682,-0.25,27.4,32.7,40.0,1.277,0.0987
25.455,92.805,458.0,11.67,28.0,165.1,0.2566,-0.9665,27.9,35.6,36.5,1.269,0.1594
25.455,92.81,371.0,5.11,28.0,178.8,0.0201,-0.9998,28.8,33.8,37.4,1.271,0.0701
25.455,92.815,368.0,6.22,28.0,6.6,0.1154,0.9933,29.3,32.6,38.1,1.27,0.0853
25.455,92.82,480.0,8.09,28.0,35.1,0.5754,0.8179,29.1,30.8,40.1,1.272,0.1106
25.455,92.825,485.0,9.49,28.0,103.4,0.9728,-0.2317,27.9,36.7,35.3,1.271,0.1297
25.455,92.83,441.0,8.84,28.0,128.8,0.7799,-0.6259,26.5,33.9,39.6,1.27,0.121
25.455,92.835,387.0,9.02,28.0,122.5,0.843,-0.5379,26.8,32.7,40.5,1.268,0.1236
25.455,92.84,355.0,4.57,28.0,139.3,0.652,-0.7582,28.3,33.6,38.0,1.27,0.0627
25.455,92.845,326.0,2.36,28.0,253.2,-0.9574,-0.2887,28.4,32.9,38.7,1.271,0.0324
25.455,92.85,343.0,13.62,28.0,289.6,-0.9418,0.3362,26.7,35.1,38.2,1.262,0.1866
25.455,92.855,408.0,16.57,28.0,303.9,-0.8302,0.5574,28.1,36.6,35.3,1.263,0.2258
25.455,92.86,510.0,15.57,28.0,313.5,-0.7256,0.6881,28.8,34.4,36.8,1.267,0.2119
25.455,92.865,601.0,10.5,28.0,272.8,-0.9988,0.0482,26.6,35.9,37.4,1.275,0.1429
25.455,92.87,519.0,15.65,28.0,202.2,-0.3785,-0.9256,29.3,34.7,36.0,1.268,0.2127
25.455,92.875,340.0,15.36,28.0,217.0,-0.6016,-0.7988,27.5,35.2,37.3,1.261,0.2101
25.455,92.88,298.0,9.65,28.0,235.5,-0.8241,-0.5665,29.5,35.5,34.9,1.264,0.1326
25.455,92.885,243.0,3.48,28.0,137.2,0.6789,-0.7343,27.4,34.7,37.9,1.267,0.0479
25.455,92.89,253.0,5.89,28.0,115.1,0.9058,-0.4237,26.8,35.9,37.3,1.265,0.0811
25.455,92.895,199.0,2.07,28.0,137.9,0.6708,-0.7416,27.5,34.1,38.4,1.266,0.0285
25.455,92.9,226.0,6.75,28.0,66.8,0.9189,0.3946,27.9,33.3,38.8,1.263,0.0931
25.455,92.905,246.0,11.56,28.0,69.2,0.9351,0.3543,27.5,32.8,39.7,1.26,0.159
25.455,92.91,299.0,10.62,28.0,72.4,0.9533,0.3019,27.7,36.9,35.3,1.263,0.1459
25.455,92.915,303.0,15.83,28.0,86.2,0.9978,0.0665,28.4,38.3,33.3,1.259,0.2167
25.455,92.92,318.0,13.7,28.0,100.3,0.9838,-0.1792,27.8,34.6,37.6,1.261,0.1878
25.455,92.925,259.0,6.26,28.0,79.6,0.9834,0.1812,27.9,35.1,37.0,1.265,0.0862
25.455,92.93,338.0,13.48,28.0,51.9,0.7868,0.6172,25.9,35.1,39.0,1.262,0.1847
25.455,92.935,408.0,13.23,28.0,70.0,0.9397,0.3421,28.5,37.8,33.8,1.265,0.1809
25.455,92.94,419.0,8.27,28.0,148.7,0.5194,-0.8545,27.9,33.4,38.7,1.27,0.1133
25.455,92.945,283.0,5.94,28.0,104.9,0.9663,-0.2575,29.9,36.6,33.5,1.266,0.0817
25.455,92.95,392.0,9.55,28.0,83.2,0.993,0.1181,26.9,35.7,37.4,1.268,0.1308
25.455,92.955,303.0,10.6,28.0,165.0,0.2592,-0.9658,25.8,37.5,36.6,1.263,0.1456
25.455,92.96,210.0,7.77,28.0,106.1,0.961,-0.2765,28.7,33.4,37.9,1.262,0.1071
25.455,92.965,265.0,9.84,28.0,95.9,0.9947,-0.1031,28.4,35.2,36.4,1.262,0.1354
25.455,92.97,192.0,7.0,28.0,153.9,0.4392,-0.8984,26.8,32.4,40.8,1.262,0.0966
25.455,92.975,154.0,2.67,28.0,1.1,0.0192,0.9998,26.2,34.0,39.9,1.264,0.0369
25.455,92.98,239.0,4.22,28.0,23.7,0.4019,0.9157,29.8,34.5,35.7,1.266,0.0581
25.455,92.985,222.0,6.4,28.0,72.5,0.9536,0.3012,29.7,37.3,33.0,1.264,0.0882
25.455,92.99,273.0,4.43,28.0,74.4,0.963,0.2694,25.0,33.9,41.1,1.267,0.061
25.455,92.995,243.0,6.5,28.0,121.6,0.8521,-0.5234,27.5,34.8,37.7,1.264,0.0896
25.46,92.5,875.0,3.38,28.0,150.9,0.4863,-0.8738,30.0,32.2,37.8,1.292,0.0456
25.46,92.505,849.0,6.03,28.0,80.8,0.9871,0.1599,27.4,34.4,38.2,1.289,0.0815
25.46,92.51,892.0,7.88,28.0,66.3,0.9156,0.4021,27.4,33.5,39.1,1.289,0.1064
25.46,92.515,905.0,7.09,28.0,85.0,0.9961,0.0878,27.7,34.1,38.3,1.29,0.0957
25.46,92.52,903.0,6.39,28.0,103.9,0.9709,-0.2395,26.7,34.0,39.4,1.291,0.0862
25.46,92.525,878.0,3.97,28.0,146.2,0.5569,-0.8306,26.0,32.5,41.5,1.292,0.0536
25.46,92.53,845.0,4.27,28.0,163.2,0.2887,-0.9574,29.3,33.2,37.5,1.29,0.0577
25.46,92.535,806.0,0.62,28.0,90.0,1.0,0.0,25.8,31.6,42.6,1.292,0.0084
25.46,92.54,845.0,1.38,28.0,8.6,0.1491,0.9888,28.3,31.8,39.9,1.293,0.0186
25.46,92.545,830.0,2.28,28.0,183.9,-0.0677,-0.9977,29.1,34.2,36.7,1.291,0.0308
25.46,92.55,805.0,2.79,28.0,168.3,0.203,-0.9792,26.3,33.0,40.7,1.29,0.0377
25.46,92.555,782.0,2.85,28.0,185.2,-0.0901,-0.9959,26.9,33.3,39.8,1.289,0.0386
25.46,92.56,755.0,2.59,28.0,195.0,-0.2582,-0.9661,29.5,30.5,40.0,1.288,0.0351
25.46,92.565,738.0,1.0,28.0,335.7,-0.4121,0.9112,28.6,32.9,38.5,1.289,0.0135
25.46,92.57,771.0,5.5,28.0,35.4,0.5788,0.8154,27.3,34.3,38.5,1.286,0.0745
25.46,92.575,817.0,3.07,28.0,58.7,0.8548,0.5189,29.4,32.2,38.3,1.29,0.0415
25.46,92.58,799.0,3.29,28.0,161.8,0.3124,-0.9499,29.4,36.0,34.5,1.289,0.0445
25.46,92.585,762.0,3.57,28.0,159.8,0.3453,-0.9385,28.3,29.5,42.2,1.288,0.0483
25.46,92.59,740.0,1.68,28.0,156.5,0.3993,-0.9168,26.9,33.6,39.5,1.288,0.0228
25.46,92.595,735.0,0.32,28.0,208.5,-0.477,-0.8789,27.5,33.2,39.3,1.289,0.0043
25.46,92.6,735.0,2.06,28.0,14.5,0.2502,0.9682,28.3,33.4,38.3,1.288,0.0279
25.46,92.605,770.0,2.03,28.0,300.3,-0.863,0.5052,27.8,32.8,39.4,1.289,0.0275
25.46,92.61,753.0,2.05,28.0,107.7,0.9524,-0.3048,29.1,33.4,37.5,1.288,0.0278
25.46,92.615,759.0,2.71,28.0,99.7,0.9858,-0.1677,26.2,34.0,39.8,1.288,0.0367
25.46,92.62,745.0,1.36,28.0,99.7,0.9858,-0.1677,26.2,31.3,42.5,1.289,0.0184
25.46,92.625,755.0,1.4,28.0,347.3,-0.2206,0.9754,28.2,32.8,39.0,1.289,0.019
25.46,92.63,769.0,2.23,28.0,319.8,-0.6451,0.7641,27.4,32.3,40.3,1.289,0.0302
25.46,92.635,785.0,1.45,28.0,83.2,0.9931,0.1176,27.2,30.7,42.0,1.29,0.0196
25.46,92.64,772.0,2.11,28.0,90.0,1.0,0.0,25.9,33.6,40.5,1.289,0.0286
25.46,92.645,785.0,3.96,28.0,90.0,1.0,0.0,28.0,32.2,39.8,1.288,0.0536
25.46,92.65,772.0,2.2,28.0,106.5,0.9587,-0.2844,27.9,30.3,41.7,1.289,0.0298
25.46,92.655,774.0,5.14,28.0,131.5,0.749,-0.6625,28.8,32.6,38.7,1.287,0.0696
25.46,92.66,712.0,6.81,28.0,139.1,0.6541,-0.7564,28.1,32.6,39.3,1.283,0.0924
25.46,92.665,683.0,5.98,28.0,134.6,0.7122,-0.702,27.8,35.1,37.0,1.282,0.0813
25.46,92.67,638.0,2.95,28.0,164.8,0.2619,-0.9651,29.4,33.0,37.6,1.283,0.0401
25.46,92.675,633.0,0.88,28.0,97.4,0.9916,-0.129,26.4,34.3,39.3,1.285,0.012
25.46,92.68,636.0,0.89,28.0,163.2,0.2887,-0.9574,28.6,31.2,40.1,1.285,0.0121
25.46,92.685,618.0,2.49,28.0,68.5,0.9307,0.3659,26.0,34.0,40.0,1.283,0.0339
25.46,92.69,652.0,2.51,28.0,39.5,0.6362,0.7715,27.0,36.9,36.1,1.284,0.0341
25.46,92.695,652.0,1.02,28.0,146.4,0.5527,-0.8334,26.5,32.8,40.6,1.285,0.0139
25.46,92.7,637.0,1.69,28.0,137.9,0.6708,-0.7416,28.9,33.7,37.3,1.284,0.023
25.46,92.705,630.0,1.23,28.0,22.1,0.377,0.9262,27.9,33.4,38.7,1.284,0.0167
25.46,92.71,657.0,2.97,28.0,5.0,0.0866,0.9962,28.0,30.7,41.4,1.284,0.0404
25.46,92.715,682.0,1.44,28.0,87.7,0.9992,0.0395,26.7,33.3,40.1,1.286,0.0195
25.46,92.72,658.0,3.15,28.0,105.7,0.9627,-0.2706,27.6,33.3,39.1,1.284,0.0428
25.46,92.725,667.0,5.95,28.0,13.5,0.2328,0.9725,27.1,33.2,39.7,1.282,0.0809
25.46,92.73,760.0,7.11,28.0,22.5,0.3819,0.9242,28.5,32.6,39.0,1.284,0.0964
25.46,92.735,783.0,4.75,28.0,157.1,0.3895,-0.921,26.8,34.3,38.9,1.287,0.0643
25.46,92.74,683.0,10.42,28.0,178.3,0.0293,-0.9996,29.6,33.3,37.1,1.279,0.1414
25.46,92.745,598.0,9.0,28.0,198.9,-0.3231,-0.9464,26.0,37.6,36.4,1.276,0.1226
25.46,92.75,532.0,8.0,28.0,215.6,-0.582,-0.8132,27.0,34.3,38.7,1.275,0.1092
25.46,92.755,483.0,7.19,28.0,224.9,-0.7053,-0.7089,30.0,32.1,37.9,1.273,0.0983
25.46,92.76,442.0,4.15,28.0,183.5,-0.0618,-0.9981,27.5,32.3,40.2,1.274,0.0568
25.46,92.765,410.0,3.36,28.0,134.0,0.7198,-0.6942,26.4,32.5,41.1,1.274,0.046
25.46,92.77,401.0,2.69,28.0,276.1,-0.9944,0.1057,28.3,36.3,35.4,1.274,0.0368
25.46,92.775,415.0,2.35,28.0,160.8,0.3286,-0.9445,27.4,31.3,41.3,1.275,0.0322
25.46,92.78,362.0,4.89,28.0,219.0,-0.6294,-0.7771,27.0,33.1,39.9,1.27,0.0671
25.46,92.785,348.0,2.73,28.0,102.0,0.9781,-0.208,26.7,31.9,41.4,1.272,0.0374
25.46,92.79,352.0,8.19,28.0,46.9,0.7303,0.6832,31.3,34.9,33.7,1.267,0.1124
25.46,92.795,447.0,8.24,28.0,59.5,0.8618,0.5073,27.7,33.4,38.9,1.271,0.1128
25.46,92.8,426.0,11.88,28.0,91.9,0.9995,-0.0331,25.7,33.5,40.9,1.267,0.1625
25.46,92.805,440.0,5.32,28.0,107.4,0.9544,-0.2984,29.8,33.1,37.1,1.273,0.0728
25.46,92.81,398.0,6.25,28.0,156.3,0.4018,-0.9157,28.7,33.2,38.0,1.271,0.0857
25.46,92.815,339.0,3.27,28.0,172.8,0.1259,-0.992,27.1,32.0,40.9,1.271,0.0449
25.46,92.82,341.0,5.21,28.0,95.6,0.9952,-0.098,26.9,32.6,40.5,1.269,0.0716
25.46,92.825,330.0,4.94,28.0,63.4,0.8939,0.4482,28.8,35.1,36.1,1.269,0.0679
25.46,92.83,380.0,3.94,28.0,82.5,0.9915,0.1298,27.7,32.6,39.7,1.272,0.054
25.46,92.835,339.0,1.78,28.0,67.5,0.9238,0.383,25.7,30.8,43.5,1.272,0.0244
25.46,92.84,392.0,5.69,28.0,345.4,-0.2526,0.9676,30.1,32.8,37.0,1.271,0.078
25.46,92.845,436.0,14.44,28.0,319.8,-0.6455,0.7638,27.5,35.9,36.6,1.265,0.1971
25.46,92.85,590.0,14.63,28.0,302.2,-0.8464,0.5326,29.8,33.9,36.3,1.271,0.1987
25.46,92.855,576.0,8.48,28.0,252.2,-0.9519,-0.3064,29.5,36.7,33.8,1.276,0.1156
25.46,92.86,544.0,1.36,28.0,109.5,0.9427,-0.3335,26.8,33.7,39.5,1.281,0.0185
25.46,92.865,568.0,7.51,28.0,66.0,0.9134,0.407,29.2,36.1,34.6,1.276,0.1024
25.46,92.87,598.0,3.89,28.0,200.9,-0.3565,-0.9343,27.2,33.6,39.2,1.281,0.053
25.46,92.875,504.0,13.28,28.0,205.2,-0.4262,-0.9046,25.8,32.4,41.8,1.269,0.181
25.46,92.88,383.0,15.07,28.0,181.0,-0.0167,-0.9999,27.5,38.3,34.2,1.263,0.2059
25.46,92.885,233.0,6.01,28.0,243.7,-0.8963,-0.4435,28.5,32.3,39.2,1.264,0.0828
25.46,92.89,336.0,14.66,28.0,306.9,-0.8001,0.5999,27.4,34.7,37.8,1.261,0.2007
25.46,92.895,391.0,17.74,28.0,269.1,-0.9999,-0.0155,27.6,37.0,35.4,1.261,0.2416
25.46,92.9,331.0,15.41,28.0,247.3,-0.9226,-0.3857,29.4,38.2,32.5,1.26,0.2109
25.46,92.905,284.0,10.56,28.0,234.5,-0.8142,-0.5806,28.1,36.4,35.5,1.263,0.1451
25.46,92.91,222.0,6.98,28.0,246.6,-0.9175,-0.3977,27.0,35.2,37.8,1.263,0.0962
25.46,92.915,235.0,6.23,28.0,281.6,-0.9797,0.2003,28.8,33.2,38.0,1.264,0.0859
25.46,92.92,244.0,4.94,28.0,330.8,-0.4882,0.8727,28.2,32.8,38.9,1.266,0.068
25.46,92.925,311.0,8.64,28.0,268.5,-0.9997,-0.0262,25.0,34.8,40.2,1.265,0.1188
25.46,92.93,240.0,8.28,28.0,167.5,0.2161,-0.9764,28.5,34.0,37.5,1.263,0.114
25.46,92.935,168.0,10.35,28.0,76.8,0.9736,0.2283,28.5,36.1,35.4,1.258,0.1428
25.46,92.94,282.0,10.01,28.0,77.7,0.9769,0.2138,28.0,35.9,36.1,1.263,0.1376
25.46,92.945,206.0,6.66,28.0,143.1,0.6003,-0.7998,29.1,34.7,36.3,1.263,0.0918
25.46,92.95,188.0,6.57,28.0,94.0,0.9976,-0.0689,27.2,30.0,42.8,1.262,0.0907
25.46,92.955,198.0,2.77,28.0,68.3,0.9291,0.3698,28.4,32.9,38.7,1.266,0.0382
25.46,92.96,206.0,3.58,28.0,152.7,0.4591,-0.8884,26.1,32.8,41.1,1.265,0.0494
25.46,92.965,142.0,0.94,28.0,248.7,-0.9316,-0.3635,28.5,32.5,39.0,1.265,0.013
25.46,92.97,200.0,4.49,28.0,305.6,-0.813,0.5823,30.3,32.1,37.6,1.264,0.0619
25.46,92.975,188.0,6.75,28.0,294.3,-0.9114,0.4115,26.8,31.8,41.4,1.262,0.0931
25.46,92.98,249.0,3.38,28.0,121.5,0.8529,-0.522,27.1,33.6,39.3,1.267,0.0465
25.46,92.985,157.0,2.76,28.0,108.0,0.951,-0.3092,27.1,32.2,40.7,1.264,0.0381
25.46,92.99,234.0,3.98,28.0,60.0,0.8659,0.5001,28.2,33.9,37.9,1.266,0.0548
25.46,92.995,192.0,4.82,28.0,171.4,0.1491,-0.9888,26.7,32.3,41.0,1.264,0.0665
25.465,92.5,926.0,12.38,28.0,205.2,-0.4256,-0.9049,28.5,37.4,34.1,1.287,0.1666
25.465,92.505,826.0,8.12,28.0,198.7,-0.3212,-0.947,29.0,35.7,35.3,1.286,0.1098
25.465,92.51,790.0,2.54,28.0,164.7,0.2638,-0.9646,28.6,33.1,38.2,1.289,0.0344
25.465,92.515,783.0,0.26,28.0,282.5,-0.9764,0.2159,25.9,31.7,42.4,1.291,0.0035
25.465,92.52,791.0,3.53,28.0,355.8,-0.0727,0.9974,29.2,34.2,36.6,1.289,0.0478
25.465,92.525,845.0,2.6,28.0,343.9,-0.2766,0.961,29.1,33.3,37.6,1.292,0.0351
25.465,92.53,835.0,1.25,28.0,204.3,-0.4121,-0.9112,29.0,32.7,38.3,1.292,0.0169
25.465,92.535,825.0,1.7,28.0,271.9,-0.9994,0.0335,28.4,34.0,37.5,1.292,0.023
25.465,92.54,836.0,1.36,28.0,142.7,0.6059,-0.7955,28.3,34.5,37.2,1.292,0.0184
25.465,92.545,806.0,3.14,28.0,142.7,0.6054,-0.7959,29.2,31.0,39.8,1.29,0.0425
25.465,92.55,792.0,2.3,28.0,172.3,0.1344,-0.9909,30.3,31.0,38.7,1.29,0.0311
25.465,92.555,766.0,3.15,28.0,162.9,0.2936,-0.9559,26.9,31.7,41.5,1.288,0.0427
25.465,92.56,739.0,1.6,28.0,163.2,0.2887,-0.9574,29.3,30.2,40.5,1.288,0.0217
25.465,92.565,739.0,0.36,28.0,90.0,1.0,0.0,27.9,32.0,40.1,1.289,0.0049
25.465,92.57,739.0,1.03,28.0,354.3,-0.1,0.995,27.8,33.2,39.0,1.289,0.0139
25.465,92.575,757.0,4.24,28.0,62.1,0.8835,0.4684,26.2,33.1,40.7,1.287,0.0574
25.465,92.58,774.0,2.9,28.0,96.8,0.9931,-0.1176,27.7,32.0,40.4,1.289,0.0392
25.465,92.585,751.0,2.47,28.0,154.0,0.4379,-0.899,26.8,34.3,38.8,1.288,0.0335
25.465,92.59,735.0,0.4,28.0,172.6,0.1281,-0.9918,27.4,32.3,40.2,1.289,0.0054
25.465,92.595,744.0,0.06,28.0,0.0,0.0,1.0,26.7,32.5,40.8,1.29,0.0008
25.465,92.6,736.0,2.54,28.0,349.5,-0.1819,0.9833,27.5,34.4,38.1,1.287,0.0344
25.465,92.605,788.0,1.79,28.0,45.8,0.7167,0.6973,27.5,32.3,40.2,1.29,0.0242
25.465,92.61,758.0,2.37,28.0,159.6,0.3479,-0.9375,28.1,35.7,36.2,1.288,0.0321
25.465,92.615,749.0,1.62,28.0,124.2,0.8268,-0.5625,26.1,31.8,42.2,1.289,0.0219
25.465,92.62,742.0,0.47,28.0,32.9,0.5427,0.84,26.3,35.1,38.6,1.289,0.0064
25.465,92.625,756.0,2.71,28.0,344.6,-0.2654,0.9641,28.4,31.3,40.3,1.288,0.0367
25.465,92.63,788.0,1.18,28.0,106.8,0.9574,-0.2887,27.0,33.1,39.9,1.291,0.016
25.465,92.635,750.0,3.1,28.0,127.2,0.7961,-0.6051,29.3,31.9,38.8,1.287,0.042
25.465,92.64,755.0,1.02,28.0,342.3,-0.3041,0.9526,28.3,34.0,37.8,1.289,0.0138
25.465,92.645,767.0,2.41,28.0,14.8,0.2559,0.9667,28.7,31.9,39.3,1.289,0.0326
25.465,92.65,796.0,0.93,28.0,217.4,-0.6078,-0.7941,29.7,32.7,37.6,1.291,0.0126
25.465,92.655,754.0,5.87,28.0,169.9,0.1746,-0.9846,27.6,32.6,39.8,1.285,0.0796
25.465,92.66,694.0,4.65,28.0,164.6,0.265,-0.9643,27.3,34.6,38.0,1.284,0.0631
25.465,92.665,675.0,2.28,28.0,108.9,0.9461,-0.3238,29.0,31.6,39.3,1.285,0.031
25.465,92.67,681.0,1.91,28.0,197.3,-0.2969,-0.9549,28.6,35.0,36.4,1.286,0.0259
25.465,92.675,643.0,2.75,28.0,194.0,-0.2427,-0.9701,27.8,31.2,41.0,1.283,0.0374
25.465,92.68,634.0,1.55,28.0,156.5,0.3982,-0.9173,29.7,30.4,39.9,1.284,0.0211
25.465,92.685,618.0,0.98,28.0,189.1,-0.1576,-0.9875,27.7,33.7,38.6,1.284,0.0133
25.465,92.69,617.0,2.42,28.0,60.5,0.8702,0.4928,28.0,31.8,40.2,1.283,0.0329
25.465,92.695,639.0,2.85,28.0,56.1,0.8296,0.5583,28.0,32.7,39.2,1.283,0.0388
25.465,92.7,645.0,1.45,28.0,51.2,0.7793,0.6266,26.9,31.9,41.2,1.285,0.0197
25.465,92.705,655.0,0.73,28.0,45.1,0.7089,0.7054,28.1,30.2,41.7,1.286,0.0099
25.465,92.71,654.0,1.96,28.0,86.7,0.9983,0.0581,29.7,32.4,37.9,1.285,0.0266
25.465,92.715,657.0,2.68,28.0,117.9,0.884,-0.4674,28.5,34.6,36.9,1.284,0.0364
25.465,92.72,632.0,1.74,28.0,113.2,0.9193,-0.3935,28.0,34.0,38.0,1.284,0.0236
25.465,92.725,645.0,4.72,28.0,13.2,0.2283,0.9736,27.8,33.6,38.6,1.282,0.0642
25.465,92.73,713.0,8.43,28.0,21.3,0.3637,0.9315,28.4,35.9,35.7,1.281,0.1144
25.465,92.735,784.0,3.53,28.0,103.0,0.9743,-0.2251,28.9,31.4,39.7,1.288,0.0478
25.465,92.74,699.0,8.5,28.0,154.7,0.427,-0.9043,28.7,33.8,37.5,1.281,0.1154
25.465,92.745,648.0,6.68,28.0,157.5,0.3832,-0.9237,27.6,34.4,38.0,1.28,0.0909
25.465,92.75,590.0,6.03,28.0,210.1,-0.5017,-0.865,28.4,33.4,38.2,1.279,0.0821
25.465,92.755,556.0,8.42,28.0,230.9,-0.7763,-0.6303,28.6,33.9,37.5,1.275,0.1148
25.465,92.76,496.0,8.84,28.0,221.6,-0.6644,-0.7474,26.8,32.6,40.7,1.272,0.1208
25.465,92.765,439.0,6.12,28.0,254.4,-0.9633,-0.2686,28.2,30.5,41.3,1.272,0.0838
25.465,92.77,467.0,6.25,28.0,263.2,-0.993,-0.118,25.4,34.9,39.7,1.273,0.0855
25.465,92.775,426.0,4.86,28.0,256.5,-0.9723,-0.2337,28.6,33.7,37.8,1.273,0.0666
25.465,92.78,447.0,6.48,28.0,258.9,-0.9813,-0.1925,28.8,35.1,36.1,1.272,0.0887
25.465,92.785,404.0,7.26,28.0,214.3,-0.5638,-0.8259,28.9,33.3,37.8,1.27,0.0995
25.465,92.79,341.0,3.38,28.0,207.1,-0.4557,-0.8901,27.5,31.8,40.6,1.271,0.0464
25.465,92.795,351.0,5.95,28.0,91.6,0.9996,-0.0286,28.4,33.6,38.0,1.269,0.0817
25.465,92.8,338.0,2.66,28.0,80.2,0.9853,0.1709,29.7,34.0,36.3,1.271,0.0365
25.465,92.805,359.0,2.97,28.0,107.8,0.952,-0.3062,29.7,32.4,37.9,1.272,0.0407
25.465,92.81,322.0,0.36,28.0,81.0,0.9878,0.156,28.0,33.3,38.7,1.273,0.0049
25.465,92.815,360.0,3.92,28.0,325.7,-0.5636,0.826,28.2,31.5,40.3,1.271,0.0538
25.465,92.82,379.0,2.35,28.0,340.8,-0.3286,0.9445,29.3,32.4,38.3,1.273,0.0322
25.465,92.825,399.0,7.41,28.0,263.9,-0.9943,-0.1069,26.2,33.9,39.9,1.27,0.1016
25.465,92.83,365.0,4.76,28.0,238.4,-0.8515,-0.5243,27.6,35.1,37.3,1.271,0.0653
25.465,92.835,355.0,5.13,28.0,281.5,-0.98,0.199,29.6,33.7,36.7,1.27,0.0704
25.465,92.84,383.0,8.88,28.0,7.6,0.1322,0.9912,29.2,37.0,33.8,1.268,0.1217
25.465,92.845,511.0,11.98,28.0,344.5,-0.2666,0.9638,28.4,33.2,38.4,1.27,0.1634
25.465,92.85,589.0,3.61,28.0,330.1,-0.4988,0.8667,26.2,33.2,40.6,1.281,0.0492
25.465,92.855,566.0,5.91,28.0,183.5,-0.0608,-0.9982,27.9,33.8,38.2,1.278,0.0806
25.465,92.86,485.0,5.89,28.0,197.7,-0.3046,-0.9525,27.3,34.5,38.2,1.274,0.0805
25.465,92.865,467.0,5.45,28.0,50.6,0.7723,0.6352,28.4,32.2,39.4,1.274,0.0746
25.465,92.87,546.0,8.07,28.0,96.0,0.9945,-0.105,27.0,36.7,36.3,1.275,0.1101
25.465,92.875,452.0,16.17,28.0,146.3,0.5545,-0.8322,26.8,36.3,36.9,1.265,0.2201
25.465,92.88,303.0,7.47,28.0,141.9,0.6164,-0.7875,25.5,32.4,42.1,1.266,0.1027
25.465,92.885,348.0,15.49,28.0,311.0,-0.7551,0.6557,29.5,36.1,34.4,1.261,0.2118
25.465,92.89,486.0,16.08,28.0,315.5,-0.7011,0.7131,27.5,35.8,36.7,1.266,0.2188
25.465,92.895,555.0,10.22,28.0,277.3,-0.9919,0.1268,28.2,38.9,32.9,1.274,0.1393
25.465,92.9,509.0,13.62,28.0,235.0,-0.8191,-0.5737,28.0,37.2,34.8,1.269,0.1856
25.465,92.905,415.0,13.31,28.0,249.1,-0.9342,-0.3569,26.7,35.6,37.7,1.266,0.1818
25.465,92.91,424.0,14.75,28.0,271.5,-0.9997,0.0264,26.5,35.8,37.7,1.265,0.2013
25.465,92.915,422.0,8.78,28.0,247.7,-0.9252,-0.3796,26.8,35.8,37.4,1.27,0.1202
25.465,92.92,365.0,10.74,28.0,271.8,-0.9995,0.0314,27.1,36.4,36.5,1.266,0.1472
25.465,92.925,428.0,7.39,28.0,241.6,-0.88,-0.475,28.4,29.6,42.0,1.271,0.1012
25.465,92.93,303.0,12.44,28.0,191.0,-0.1914,-0.9815,27.0,36.3,36.7,1.262,0.1707
25.465,92.935,210.0,6.85,28.0,231.1,-0.7778,-0.6285,30.1,33.9,36.0,1.263,0.0944
25.465,92.94,227.0,5.34,28.0,267.0,-0.9986,-0.0531,29.2,31.5,39.3,1.265,0.0736
25.465,92.945,205.0,4.34,28.0,298.9,-0.8752,0.4838,29.0,34.5,36.6,1.265,0.0598
25.465,92.95,264.0,11.44,28.0,283.6,-0.9719,0.2355,27.9,38.4,33.7,1.261,0.1573
25.465,92.955,253.0,10.45,28.0,242.4,-0.8863,-0.463,29.8,35.6,34.6,1.261,0.1438
25.465,92.96,178.0,2.16,28.0,40.1,0.6441,0.7649,27.7,34.2,38.0,1.265,0.0298
25.465,92.965,282.0,10.03,28.0,298.5,-0.8787,0.4773,28.0,37.4,34.7,1.263,0.1379
25.465,92.97,263.0,3.27,28.0,262.0,-0.9903,-0.139,28.2,31.6,40.2,1.268,0.045
25.465,92.975,274.0,6.88,28.0,228.8,-0.7523,-0.6588,28.8,31.0,40.1,1.265,0.0947
25.465,92.98,183.0,5.9,28.0,188.0,-0.1391,-0.9903,28.8,34.6,36.7,1.262,0.0815
25.465,92.985,171.0,5.0,28.0,285.1,-0.9653,0.2611,27.4,33.0,39.6,1.263,0.069
25.465,92.99,206.0,5.14,28.0,50.2,0.7684,0.6399,27.4,31.3,41.3,1.264,0.0709
25.465,92.995,229.0,5.0,28.0,301.5,-0.8527,0.5225,28.8,33.2,38.0,1.265,0.0689
25.47,92.5,979.0,11.85,28.0,221.6,-0.6637,-0.748,28.9,36.3,34.9,1.289,0.1593
25.47,92.505,900.0,12.43,28.0,243.2,-0.8927,-0.4507,27.5,35.1,37.4,1.286,0.1674
25.47,92.51,879.0,11.19,28.0,272.9,-0.9987,0.0502,26.1,33.8,40.1,1.286,0.1509
25.47,92.515,910.0,9.52,28.0,279.9,-0.9852,0.1717,27.8,34.2,38.0,1.288,0.1284
25.47,92.52,908.0,6.94,28.0,261.6,-0.9892,-0.1469,28.7,33.8,37.4,1.291,0.0936
25.47,92.525,892.0,3.77,28.0,216.9,-0.6005,-0.7997,30.2,30.1,39.7,1.293,0.0509
25.47,92.53,855.0,3.74,28.0,216.3,-0.5916,-0.8062,26.6,32.8,40.7,1.291,0.0505
25.47,92.535,839.0,2.37,28.0,231.4,-0.7814,-0.624,27.5,30.6,41.9,1.292,0.032
25.47,92.54,829.0,2.62,28.0,176.6,0.0589,-0.9983,27.5,33.7,38.8,1.291,0.0354
25.47,92.545,793.0,1.76,28.0,193.6,-0.2345,-0.9721,29.6,30.1,40.2,1.29,0.0238
25.47,92.55,799.0,1.92,28.0,149.3,0.5098,-0.8603,28.0,34.0,38.0,1.29,0.026
25.47,92.555,764.0,3.06,28.0,189.7,-0.1682,-0.9857,26.9,32.2,40.9,1.288,0.0414
25.47,92.56,746.0,2.67,28.0,225.4,-0.712,-0.7021,28.7,31.9,39.4,1.288,0.0362
25.47,92.565,731.0,1.88,28.0,324.9,-0.5754,0.8179,27.5,32.9,39.5,1.288,0.0255
25.47,92.57,773.0,0.85,28.0,29.1,0.4863,0.8738,26.5,30.9,42.5,1.29,0.0115
25.47,92.575,744.0,1.81,28.0,199.9,-0.3402,-0.9403,26.9,32.9,40.2,1.288,0.0245
25.47,92.58,743.0,0.59,28.0,106.8,0.9574,-0.2887,30.1,31.1,38.9,1.289,0.008
25.47,92.585,741.0,0.43,28.0,122.3,0.8454,-0.5341,28.5,31.3,40.3,1.289,0.0058
25.47,92.59,739.0,0.71,28.0,241.1,-0.8752,-0.4838,28.1,32.8,39.1,1.289,0.0096
25.47,92.595,735.0,1.12,28.0,284.7,-0.9671,0.2546,27.7,30.6,41.7,1.288,0.0152
25.47,92.6,744.0,0.67,28.0,327.7,-0.5349,0.8449,28.4,30.3,41.4,1.289,0.0091
25.47,92.605,745.0,2.65,28.0,98.6,0.9887,-0.15,28.3,33.1,38.6,1.288,0.0359
25.47,92.61,737.0,1.37,28.0,120.0,0.8662,-0.4997,28.4,32.3,39.3,1.288,0.0186
25.47,92.615,733.0,0.31,28.0,56.4,0.8333,0.5528,28.1,32.3,39.5,1.289,0.0042
25.47,92.62,740.0,2.06,28.0,5.7,0.1,0.995,29.0,33.0,37.9,1.288,0.0279
25.47,92.625,769.0,1.3,28.0,72.1,0.9517,0.3069,28.0,32.4,39.5,1.29,0.0176
25.47,92.63,747.0,3.03,28.0,127.0,0.7989,-0.6014,26.8,33.7,39.5,1.287,0.0411
25.47,92.635,737.0,1.78,28.0,351.7,-0.1444,0.9895,27.3,32.6,40.1,1.288,0.0241
25.47,92.64,778.0,2.07,28.0,351.4,-0.1491,0.9888,25.6,29.5,44.8,1.289,0.028
25.47,92.645,773.0,0.82,28.0,69.8,0.9383,0.3458,30.4,29.6,40.0,1.29,0.0111
25.47,92.65,783.0,2.46,28.0,116.0,0.8985,-0.4389,29.0,35.5,35.4,1.289,0.0333
25.47,92.655,754.0,5.62,28.0,163.6,0.2831,-0.9591,27.0,33.5,39.5,1.285,0.0762
25.47,92.66,688.0,6.41,28.0,178.6,0.024,-0.9997,27.7,35.1,37.2,1.282,0.0871
25.47,92.665,641.0,2.22,28.0,182.7,-0.0463,-0.9989,27.2,32.1,40.7,1.284,0.0302
25.47,92.67,649.0,2.13,28.0,82.3,0.991,0.1336,29.9,32.5,37.7,1.284,0.0289
25.47,92.675,646.0,2.02,28.0,134.6,0.7117,-0.7025,26.3,31.9,41.8,1.284,0.0275
25.47,92.68,624.0,1.88,28.0,139.0,0.6556,-0.7551,28.1,36.2,35.7,1.283,0.0256
25.47,92.685,621.0,0.74,28.0,180.0,0.0,-1.0,27.9,32.6,39.6,1.284,0.0101
25.47,92.69,611.0,0.86,28.0,176.5,0.0602,-0.9982,29.0,31.4,39.6,1.284,0.0117
25.47,92.695,606.0,1.82,28.0,82.8,0.9921,0.1254,27.9,30.0,42.1,1.283,0.0248
25.47,92.7,615.0,1.74,28.0,62.7,0.8887,0.4585,25.9,35.4,38.7,1.283,0.0237
25.47,92.705,620.0,0.76,28.0,72.5,0.9536,0.3012,27.7,32.0,40.3,1.284,0.0103
25.47,92.71,619.0,0.91,28.0,0.0,0.0,1.0,26.8,33.4,39.8,1.284,0.0124
25.47,92.715,636.0,1.61,28.0,73.6,0.9592,0.2828,28.1,33.7,38.2,1.284,0.0219
25.47,92.72,627.0,0.7,28.0,324.1,-0.5862,0.8102,29.7,31.5,38.8,1.284,0.0095
25.47,92.725,646.0,4.2,28.0,350.8,-0.159,0.9873,25.9,34.1,40.0,1.282,0.0571
25.47,92.73,700.0,4.08,28.0,346.9,-0.2265,0.974,27.0,32.2,40.8,1.285,0.0554
25.47,92.735,716.0,7.48,28.0,131.8,0.746,-0.6659,27.3,32.5,40.2,1.282,0.1015
25.47,92.74,612.0,10.73,28.0,151.7,0.474,-0.8805,27.5,36.6,35.8,1.276,0.1459
25.47,92.745,548.0,7.46,28.0,99.2,0.9872,-0.1592,28.9,33.8,37.4,1.276,0.1018
25.47,92.75,591.0,5.29,28.0,47.5,0.7372,0.6757,27.8,34.2,38.0,1.279,0.0721
25.47,92.755,611.0,2.71,28.0,135.5,0.7015,-0.7127,28.5,33.3,38.2,1.282,0.0369
25.47,92.76,557.0,4.93,28.0,172.2,0.1355,-0.9908,27.2,34.3,38.5,1.278,0.0672
25.47,92.765,525.0,6.51,28.0,252.3,-0.9525,-0.3046,28.3,31.4,40.3,1.276,0.0889
25.47,92.77,522.0,4.38,28.0,256.5,-0.9724,-0.2332,28.9,32.3,38.8,1.277,0.0598
25.47,92.775,507.0,2.73,28.0,221.3,-0.6604,-0.751,27.1,32.2,40.6,1.278,0.0373
25.47,92.78,486.0,4.89,28.0,156.5,0.3989,-0.917,28.9,32.1,39.0,1.275,0.0669
25.47,92.785,428.0,6.12,28.0,164.4,0.2681,-0.9634,28.1,34.3,37.7,1.272,0.0838
25.47,92.79,382.0,7.33,28.0,221.5,-0.6631,-0.7485,29.3,35.7,35.0,1.269,0.1005
25.47,92.795,331.0,4.23,28.0,264.6,-0.9956,-0.094,27.8,35.1,37.1,1.27,0.0581
25.47,92.8,375.0,5.41,28.0,304.5,-0.8245,0.5658,28.5,32.9,38.6,1.27,0.0742
25.47,92.805,385.0,6.62,28.0,277.9,-0.9906,0.1369,28.0,34.2,37.8,1.27,0.0908
25.47,92.81,391.0,3.29,28.0,267.0,-0.9987,-0.0518,27.9,33.5,38.6,1.273,0.0451
25.47,92.815,382.0,6.12,28.0,251.1,-0.9461,-0.324,28.3,34.6,37.1,1.27,0.0839
25.47,92.82,356.0,6.45,28.0,324.0,-0.5883,0.8086,28.6,32.4,39.0,1.269,0.0885
25.47,92.825,474.0,6.11,28.0,342.9,-0.2938,0.9559,26.5,36.4,37.1,1.274,0.0835
25.47,92.83,459.0,9.22,28.0,256.9,-0.974,-0.2264,29.7,35.8,34.4,1.271,0.1261
25.47,92.835,437.0,9.27,28.0,236.8,-0.8367,-0.5477,25.8,35.9,38.3,1.27,0.1268
25.47,92.84,369.0,3.98,28.0,332.3,-0.465,0.8853,27.2,34.9,38.0,1.271,0.0546
25.47,92.845,499.0,14.42,28.0,8.6,0.1502,0.9887,27.9,36.6,35.5,1.268,0.1964
25.47,92.85,625.0,6.49,28.0,42.8,0.6794,0.7337,28.5,32.2,39.3,1.28,0.0883
25.47,92.855,583.0,3.49,28.0,221.5,-0.6627,-0.7489,29.9,32.7,37.4,1.28,0.0476
25.47,92.86,579.0,6.85,28.0,216.7,-0.5979,-0.8016,25.8,31.4,42.9,1.277,0.0934
25.47,92.865,486.0,8.84,28.0,208.3,-0.4734,-0.8808,27.4,35.0,37.6,1.272,0.1208
25.47,92.87,441.0,10.7,28.0,147.8,0.5326,-0.8464,25.4,34.6,40.0,1.269,0.1463
25.47,92.875,325.0,9.03,28.0,157.7,0.3789,-0.9254,28.0,34.3,37.6,1.265,0.1241
25.47,92.88,293.0,12.83,28.0,307.9,-0.7887,0.6148,28.3,37.2,34.4,1.261,0.1761
25.47,92.885,466.0,17.25,28.0,329.0,-0.515,0.8572,29.9,35.9,34.2,1.264,0.2346
25.47,92.89,561.0,7.64,28.0,336.7,-0.3953,0.9186,28.1,33.7,38.2,1.276,0.1042
25.47,92.895,590.0,1.58,28.0,108.9,0.9459,-0.3245,29.3,32.5,38.3,1.282,0.0215
25.47,92.9,552.0,3.5,28.0,167.3,0.2206,-0.9754,28.7,30.2,41.1,1.279,0.0477
25.47,92.905,530.0,4.34,28.0,241.1,-0.8752,-0.4838,27.5,32.8,39.8,1.278,0.0592
25.47,92.91,515.0,8.75,28.0,208.6,-0.4788,-0.8779,26.3,30.6,43.1,1.273,0.1195
25.47,92.915,394.0,6.85,28.0,240.2,-0.8681,-0.4964,28.3,32.9,38.7,1.27,0.0939
25.47,92.92,455.0,7.3,28.0,290.0,-0.94,0.3412,26.2,35.2,38.6,1.272,0.0999
25.47,92.925,438.0,10.2,28.0,158.0,0.3744,-0.9273,29.6,35.4,35.1,1.269,0.1395
25.47,92.93,287.0,9.4,28.0,175.0,0.0868,-0.9962,27.8,33.6,38.6,1.264,0.1292
25.47,92.935,272.0,10.21,28.0,303.1,-0.8379,0.5459,29.4,34.8,35.8,1.262,0.1405
25.47,92.94,386.0,11.04,28.0,272.3,-0.9992,0.0407,27.4,33.3,39.2,1.266,0.1513
25.47,92.945,280.0,9.46,28.0,277.2,-0.9921,0.1252,28.3,34.5,37.2,1.263,0.1301
25.47,92.95,407.0,8.91,28.0,309.3,-0.7737,0.6336,28.3,38.8,33.0,1.269,0.1221
25.47,92.955,380.0,13.17,28.0,194.7,-0.2533,-0.9674,27.9,38.3,33.8,1.264,0.1803
25.47,92.96,179.0,6.99,28.0,238.2,-0.8501,-0.5266,27.5,33.9,38.6,1.261,0.0965
25.47,92.965,315.0,5.37,28.0,332.7,-0.4591,0.8884,28.5,33.7,37.9,1.268,0.0738
25.47,92.97,263.0,2.41,28.0,232.2,-0.7897,-0.6135,26.9,31.2,41.9,1.269,0.0331
25.47,92.975,289.0,2.63,28.0,87.5,0.9991,0.0433,26.5,31.5,42.0,1.269,0.0362
25.47,92.98,265.0,5.52,28.0,247.0,-0.9205,-0.3907,29.5,34.0,36.5,1.266,0.076
25.47,92.985,251.0,6.41,28.0,197.2,-0.296,-0.9552,28.9,32.9,38.2,1.265,0.0883
25.47,92.99,157.0,1.43,28.0,343.2,-0.2887,0.9574,28.1,33.7,38.2,1.265,0.0197
25.47,92.995,275.0,13.76,28.0,16.8,0.2898,0.9571,30.0,38.0,32.0,1.26,0.1888
25.475,92.5,1081.0,9.62,28.0,245.0,-0.9066,-0.422,27.7,35.1,37.3,1.295,0.129
25.475,92.505,1045.0,13.01,28.0,252.2,-0.9523,-0.3051,29.6,35.6,34.8,1.291,0.1744
25.475,92.51,1010.0,13.09,28.0,250.5,-0.9428,-0.3332,28.2,33.0,38.8,1.289,0.1757
25.475,92.515,967.0,11.41,28.0,245.3,-0.9083,-0.4184,26.8,36.2,37.1,1.289,0.1535
25.475,92.52,925.0,10.35,28.0,244.9,-0.9055,-0.4244,30.2,33.0,36.7,1.288,0.1395
25.475,92.525,889.0,3.93,28.0,227.1,-0.733,-0.6802,29.2,32.4,38.4,1.292,0.053
25.475,92.53,878.0,1.6,28.0,174.5,0.0965,-0.9953,27.9,33.9,38.3,1.294,0.0216
25.475,92.535,861.0,3.1,28.0,145.7,0.5642,-0.8256,28.9,34.4,36.8,1.292,0.0419
25.475,92.54,833.0,2.74,28.0,193.0,-0.225,-0.9744,27.5,32.0,40.5,1.291,0.037
25.475,92.545,814.0,3.72,28.0,203.6,-0.4006,-0.9163,29.0,32.4,38.6,1.289,0.0503
25.475,92.55,773.0,2.22,28.0,166.6,0.2316,-0.9728,25.1,31.5,43.3,1.289,0.0301
25.475,92.555,776.0,1.09,28.0,279.0,-0.9878,0.156,26.8,30.5,42.7,1.29,0.0147
25.475,92.56,776.0,1.34,28.0,227.0,-0.7319,-0.6814,29.2,31.4,39.4,1.29,0.0181
25.475,92.565,760.0,3.41,28.0,221.5,-0.6625,-0.7491,27.7,30.5,41.8,1.288,0.0462
25.475,92.57,731.0,1.34,28.0,67.5,0.9238,0.383,28.2,33.4,38.4,1.288,0.0182
25.475,92.575,769.0,2.26,28.0,323.7,-0.5922,0.8058,26.4,33.2,40.4,1.289,0.0306
25.475,92.58,763.0,1.48,28.0,163.9,0.278,-0.9606,30.2,33.2,36.5,1.289,0.02
25.475,92.585,744.0,1.19,28.0,220.3,-0.6467,-0.7627,29.4,30.9,39.7,1.289,0.0161
25.475,92.59,747.0,1.25,28.0,343.2,-0.2887,0.9574,27.8,30.5,41.7,1.289,0.0169
25.475,92.595,765.0,0.23,28.0,167.3,0.2206,-0.9754,27.5,32.1,40.3,1.29,0.0031
25.475,92.6,743.0,1.61,28.0,172.6,0.1281,-0.9918,29.2,32.5,38.2,1.288,0.0218
25.475,92.605,737.0,0.61,28.0,137.9,0.6708,-0.7416,30.4,31.9,37.7,1.289,0.0083
25.475,92.61,735.0,0.4,28.0,0.0,0.0,1.0,29.1,31.7,39.2,1.289,0.0054
25.475,92.615,744.0,0.89,28.0,281.0,-0.9815,0.1915,30.6,34.8,34.6,1.289,0.0121
25.475,92.62,738.0,0.92,28.0,222.1,-0.6708,-0.7416,26.9,32.9,40.2,1.289,0.0125
25.475,92.625,732.0,0.94,28.0,79.6,0.9834,0.1812,27.0,35.2,37.8,1.288,0.0127
25.475,92.63,741.0,1.31,28.0,2.3,0.0393,0.9992,26.6,34.3,39.2,1.289,0.0177
25.475,92.635,755.0,1.16,28.0,349.7,-0.178,0.984,28.5,34.9,36.6,1.289,0.0157
25.475,92.64,761.0,0.84,28.0,101.7,0.9792,-0.203,28.2,30.6,41.2,1.29,0.0114
25.475,92.645,752.0,0.55,28.0,145.8,0.5614,-0.8276,27.8,33.0,39.1,1.29,0.0074
25.475,92.65,753.0,2.52,28.0,130.9,0.7557,-0.6549,29.0,32.0,39.0,1.288,0.0341
25.475,92.655,723.0,4.48,28.0,141.8,0.6188,-0.7855,29.5,30.7,39.8,1.285,0.0608
25.475,92.66,691.0,2.62,28.0,175.5,0.0784,-0.9969,26.2,34.9,38.9,1.285,0.0356
25.475,92.665,677.0,2.91,28.0,175.9,0.0708,-0.9975,27.3,32.3,40.4,1.285,0.0395
25.475,92.67,640.0,3.63,28.0,166.1,0.2407,-0.9706,29.0,31.4,39.6,1.283,0.0493
25.475,92.675,615.0,2.48,28.0,133.5,0.7258,-0.6879,27.4,32.0,40.5,1.283,0.0337
25.475,92.68,610.0,0.64,28.0,74.5,0.9639,0.2664,27.0,31.0,42.0,1.284,0.0087
25.475,92.685,618.0,0.8,28.0,64.6,0.9037,0.4282,29.2,31.2,39.6,1.284,0.0109
25.475,92.69,616.0,0.85,28.0,158.8,0.3614,-0.9324,26.5,31.9,41.7,1.284,0.0116
25.475,92.695,604.0,0.06,28.0,180.0,0.0,-1.0,27.6,34.6,37.7,1.284,0.0008
25.475,92.7,615.0,2.11,28.0,1.4,0.0244,0.9997,28.4,31.6,40.0,1.283,0.0287
25.475,92.705,641.0,2.28,28.0,13.1,0.2259,0.9741,27.3,35.1,37.6,1.284,0.031
25.475,92.71,654.0,0.87,28.0,204.3,-0.4121,-0.9112,28.9,33.5,37.6,1.285,0.0118
25.475,92.715,627.0,2.16,28.0,248.4,-0.9295,-0.3689,27.3,33.2,39.5,1.283,0.0294
25.475,92.72,640.0,3.12,28.0,304.4,-0.8248,0.5654,29.7,34.0,36.4,1.283,0.0424
25.475,92.725,658.0,5.76,28.0,333.6,-0.445,0.8955,27.8,33.6,38.6,1.282,0.0783
25.475,92.73,731.0,0.97,28.0,6.1,0.1058,0.9944,28.8,34.2,37.0,1.288,0.0131
25.475,92.735,675.0,8.34,28.0,153.4,0.4474,-0.8944,28.9,35.1,36.0,1.28,0.1133
25.475,92.74,599.0,9.64,28.0,178.5,0.0264,-0.9997,27.2,32.1,40.7,1.276,0.1312
25.475,92.745,504.0,4.84,28.0,175.7,0.0743,-0.9972,25.5,33.7,40.7,1.276,0.0661
25.475,92.75,514.0,4.9,28.0,80.0,0.9848,0.1737,28.4,34.5,37.1,1.276,0.0669
25.475,92.755,519.0,8.17,28.0,102.4,0.9767,-0.2146,28.1,33.7,38.2,1.274,0.1115
25.475,92.76,483.0,4.9,28.0,61.6,0.88,0.4749,28.7,33.5,37.8,1.275,0.067
25.475,92.765,560.0,3.83,28.0,6.2,0.1074,0.9942,27.7,32.1,40.2,1.279,0.0522
25.475,92.77,550.0,6.09,28.0,157.2,0.3874,-0.9219,27.5,31.6,41.0,1.277,0.0831
25.475,92.775,461.0,8.23,28.0,165.6,0.2485,-0.9686,30.4,31.9,37.7,1.272,0.1125
25.475,92.78,409.0,6.47,28.0,141.2,0.626,-0.7798,26.2,31.4,42.3,1.271,0.0887
25.475,92.785,372.0,3.31,28.0,62.4,0.8859,0.4639,28.9,33.9,37.2,1.272,0.0454
25.475,92.79,436.0,5.53,28.0,308.8,-0.7798,0.6261,27.3,29.7,43.0,1.273,0.0757
25.475,92.795,433.0,11.39,28.0,266.9,-0.9985,-0.0542,27.6,34.0,38.4,1.268,0.1557
25.475,92.8,425.0,9.1,28.0,289.6,-0.9423,0.3349,27.6,33.3,39.1,1.269,0.1246
25.475,92.805,487.0,5.68,28.0,247.1,-0.9211,-0.3894,27.0,33.1,39.9,1.275,0.0776
25.475,92.81,386.0,1.34,28.0,233.6,-0.805,-0.5933,28.7,29.6,41.7,1.274,0.0184
25.475,92.815,473.0,7.44,28.0,300.7,-0.8603,0.5098,29.7,34.6,35.7,1.273,0.1017
25.475,92.82,453.0,8.52,28.0,255.0,-0.966,-0.2587,28.6,32.4,39.1,1.271,0.1166
25.475,92.825,434.0,5.01,28.0,355.9,-0.0718,0.9974,28.1,35.0,36.8,1.273,0.0686
25.475,92.83,541.0,9.06,28.0,297.1,-0.8905,0.4549,26.8,33.5,39.7,1.274,0.1236
25.475,92.835,507.0,9.76,28.0,225.2,-0.71,-0.7042,28.6,34.5,36.9,1.272,0.1333
25.475,92.84,419.0,8.95,28.0,255.8,-0.9693,-0.2459,30.6,34.4,35.0,1.269,0.1226
25.475,92.845,468.0,6.56,28.0,316.5,-0.6878,0.7259,27.5,34.1,38.3,1.273,0.0897
25.475,92.85,503.0,9.51,28.0,32.1,0.5307,0.8476,27.5,34.6,37.9,1.272,0.1299
25.475,92.855,611.0,4.18,28.0,32.7,0.5402,0.8416,27.3,32.5,40.2,1.281,0.0569
25.475,92.86,565.0,4.24,28.0,146.1,0.5572,-0.8304,27.4,33.6,38.9,1.279,0.0578
25.475,92.865,549.0,7.49,28.0,188.2,-0.1435,-0.9897,24.7,34.7,40.6,1.276,0.1022
25.475,92.87,434.0,9.25,28.0,180.9,-0.0165,-0.9999,28.5,33.3,38.2,1.27,0.1266
25.475,92.875,385.0,7.24,28.0,302.7,-0.8419,0.5397,27.0,34.6,38.4,1.269,0.0993
25.475,92.88,503.0,13.66,28.0,305.2,-0.8172,0.5764,26.1,37.4,36.5,1.269,0.1861
25.475,92.885,526.0,6.17,28.0,292.7,-0.9225,0.3859,28.9,34.7,36.4,1.276,0.0842
25.475,92.89,545.0,1.13,28.0,270.0,-1.0,-0.0,26.7,33.7,39.6,1.281,0.0154
25.475,92.895,526.0,3.55,28.0,144.6,0.5786,-0.8156,27.6,33.2,39.2,1.278,0.0485
25.475,92.9,494.0,2.34,28.0,153.9,0.4392,-0.8984,29.8,31.2,39.0,1.278,0.0319
25.475,92.905,489.0,6.14,28.0,83.6,0.9938,0.1108,26.3,32.4,41.3,1.274,0.084
25.475,92.91,506.0,2.82,28.0,350.6,-0.1639,0.9865,26.2,33.2,40.6,1.278,0.0385
25.475,92.915,538.0,3.01,28.0,262.4,-0.9912,-0.1323,28.3,34.2,37.5,1.279,0.0411
25.475,92.92,499.0,10.45,28.0,184.8,-0.0828,-0.9966,29.4,39.0,31.7,1.271,0.1427
25.475,92.925,353.0,11.89,28.0,181.5,-0.0256,-0.9997,26.1,36.6,37.2,1.264,0.163
25.475,92.93,287.0,6.02,28.0,283.6,-0.9718,0.2356,28.5,31.8,39.7,1.266,0.0828
25.475,92.935,378.0,11.39,28.0,320.7,-0.6332,0.774,28.7,33.9,37.4,1.266,0.156
25.475,92.94,444.0,1.25,28.0,300.1,-0.8654,0.5012,25.5,35.8,38.7,1.277,0.0171
25.475,92.945,389.0,3.77,28.0,227.3,-0.7354,-0.6776,29.0,32.7,38.4,1.272,0.0517
25.475,92.95,399.0,4.43,28.0,153.8,0.4407,-0.8976,29.1,33.3,37.7,1.272,0.0607
25.475,92.955,319.0,6.42,28.0,158.0,0.3753,-0.9269,27.6,32.3,40.1,1.267,0.0883
25.475,92.96,294.0,7.4,28.0,274.8,-0.9965,0.0842,29.5,36.3,34.2,1.266,0.1017
25.475,92.965,330.0,2.34,28.0,278.4,-0.9893,0.1458,29.4,33.4,37.3,1.271,0.0321
25.475,92.97,300.0,6.14,28.0,189.1,-0.1586,-0.9873,28.1,32.5,39.4,1.267,0.0844
25.475,92.975,223.0,1.25,28.0,144.9,0.5754,-0.8179,27.5,30.8,41.7,1.268,0.0172
25.475,92.98,282.0,0.86,28.0,186.9,-0.1197,-0.9928,26.8,32.7,40.5,1.271,0.0118
25.475,92.985,208.0,4.4,28.0,208.6,-0.4788,-0.8779,28.0,33.2,38.8,1.265,0.0606
25.475,92.99,214.0,6.53,28.0,239.8,-0.8639,-0.5036,28.7,35.0,36.3,1.263,0.09
25.475,92.995,150.0,7.3,28.0,173.2,0.1193,-0.9929,27.6,34.8,37.6,1.26,0.1008
25.48,92.5,1150.0,1.13,28.0,239.8,-0.8643,-0.5029,25.4,31.9,42.7,1.305,0.0151
25.48,92.505,1145.0,2.41,28.0,230.3,-0.7698,-0.6383,29.5,31.8,38.7,1.304,0.0322
25.48,92.51,1123.0,5.23,28.0,250.4,-0.9418,-0.3362,28.2,33.2,38.6,1.301,0.0701
25.48,92.515,1114.0,7.18,28.0,255.9,-0.9697,-0.2444,27.5,33.1,39.4,1.299,0.0962
25.48,92.52,1092.0,13.0,28.0,224.4,-0.7002,-0.7139,29.0,35.3,35.7,1.293,0.174
25.48,92.525,948.0,15.91,28.0,213.3,-0.5484,-0.8362,29.8,36.3,33.9,1.285,0.2133
25.48,92.53,852.0,8.98,28.0,206.0,-0.4379,-0.899,24.6,33.0,42.3,1.287,0.1213
25.48,92.535,805.0,4.31,28.0,261.7,-0.9894,-0.145,28.5,34.1,37.4,1.289,0.0583
25.48,92.54,841.0,1.02,28.0,342.3,-0.3041,0.9526,26.3,31.7,42.0,1.293,0.0138
25.48,92.545,822.0,3.63,28.0,144.5,0.5806,-0.8142,28.6,31.7,39.7,1.29,0.0491
25.48,92.55,789.0,3.52,28.0,233.4,-0.8024,-0.5968,28.2,32.4,39.4,1.289,0.0476
25.48,92.555,785.0,2.18,28.0,231.2,-0.7793,-0.6266,28.8,32.9,38.3,1.29,0.0295
25.48,92.56,765.0,1.65,28.0,249.8,-0.9383,-0.3458,27.4,32.6,40.0,1.289,0.0223
25.48,92.565,775.0,1.97,28.0,242.5,-0.8871,-0.4616,25.8,33.2,41.1,1.289,0.0267
25.48,92.57,749.0,0.59,28.0,241.1,-0.8752,-0.4838,27.5,33.5,39.0,1.289,0.008
25.48,92.575,770.0,1.65,28.0,241.1,-0.8752,-0.4838,28.5,34.4,37.1,1.289,0.0223
25.48,92.58,735.0,1.34,28.0,126.4,0.805,-0.5933,29.2,32.8,38.0,1.288,0.0182
25.48,92.585,756.0,1.2,28.0,301.3,-0.8544,0.5196,26.6,30.7,42.7,1.289,0.0162
25.48,92.59,746.0,1.26,28.0,187.0,-0.1224,-0.9925,29.2,31.9,38.8,1.289,0.0171
25.48,92.595,734.0,1.28,28.0,105.5,0.9639,-0.2664,27.2,30.8,41.9,1.288,0.0173
25.48,92.6,740.0,1.09,28.0,81.0,0.9878,0.156,28.4,34.8,36.7,1.289,0.0148
25.48,92.605,737.0,0.35,28.0,118.9,0.8752,-0.4838,27.4,35.1,37.5,1.289,0.0047
25.48,92.61,737.0,0.85,28.0,29.1,0.4863,0.8738,28.2,33.2,38.6,1.289,0.0115
25.48,92.615,750.0,0.86,28.0,3.5,0.0602,0.9982,29.1,33.5,37.4,1.289,0.0116
25.48,92.62,752.0,0.36,28.0,279.0,-0.9878,0.156,26.5,32.5,41.0,1.29,0.0049
25.48,92.625,751.0,0.62,28.0,236.4,-0.8333,-0.5528,27.2,32.7,40.1,1.29,0.0084
25.48,92.63,746.0,0.59,28.0,195.2,-0.2619,-0.9651,28.2,29.8,42.0,1.289,0.008
25.48,92.635,741.0,1.02,28.0,27.0,0.4535,0.8913,30.9,32.2,37.0,1.289,0.0138
25.48,92.64,762.0,1.58,28.0,339.1,-0.3574,0.934,27.0,31.1,41.9,1.289,0.0214
25.48,92.645,767.0,1.26,28.0,223.9,-0.6929,-0.721,30.4,32.8,36.8,1.29,0.017
25.48,92.65,746.0,3.85,28.0,188.4,-0.1469,-0.9892,30.4,32.9,36.7,1.287,0.0522
25.48,92.655,700.0,3.53,28.0,177.5,0.0437,-0.999,27.9,35.9,36.3,1.285,0.0479
25.48,92.66,684.0,3.59,28.0,184.9,-0.0858,-0.9963,27.6,34.3,38.0,1.284,0.0488
25.48,92.665,637.0,3.17,28.0,159.1,0.3574,-0.934,27.2,33.3,39.6,1.283,0.0431
25.48,92.67,632.0,1.49,28.0,172.1,0.1378,-0.9905,27.9,32.0,40.1,1.284,0.0203
25.48,92.675,611.0,1.14,28.0,177.4,0.0452,-0.999,26.3,34.8,38.9,1.283,0.0155
25.48,92.68,612.0,0.56,28.0,113.9,0.9146,-0.4045,27.9,32.1,40.0,1.284,0.0076
25.48,92.685,607.0,0.78,28.0,120.8,0.8593,-0.5115,29.8,32.7,37.5,1.284,0.0106
25.48,92.69,605.0,0.16,28.0,110.2,0.9383,-0.3458,27.3,32.1,40.6,1.284,0.0022
25.48,92.695,606.0,0.55,28.0,338.1,-0.373,0.9278,27.7,31.5,40.7,1.284,0.0075
25.48,92.7,614.0,0.25,28.0,335.7,-0.4121,0.9112,26.0,32.1,41.9,1.284,0.0034
25.48,92.705,610.0,1.32,28.0,58.9,0.8563,0.5164,28.4,29.4,42.1,1.283,0.018
25.48,92.71,626.0,4.18,28.0,27.9,0.4674,0.884,28.3,30.8,40.9,1.282,0.0569
25.48,92.715,675.0,3.15,28.0,336.9,-0.3916,0.9201,28.1,33.4,38.6,1.284,0.0428
25.48,92.72,677.0,1.48,28.0,323.8,-0.5908,0.8068,27.7,34.7,37.5,1.286,0.0201
25.48,92.725,696.0,3.4,28.0,290.5,-0.9365,0.3507,27.6,33.4,38.9,1.285,0.0462
25.48,92.73,698.0,5.13,28.0,125.9,0.8102,-0.5861,28.6,32.3,39.1,1.284,0.0696
25.48,92.735,643.0,6.65,28.0,140.8,0.6318,-0.7752,28.0,31.6,40.4,1.28,0.0905
25.48,92.74,607.0,6.09,28.0,161.8,0.3117,-0.9502,28.4,34.8,36.8,1.279,0.0829
25.48,92.745,541.0,7.4,28.0,212.7,-0.5399,-0.8418,28.3,33.1,38.6,1.275,0.101
25.48,92.75,497.0,4.88,28.0,178.8,0.021,-0.9998,29.3,34.3,36.4,1.276,0.0667
25.48,92.755,455.0,3.9,28.0,110.5,0.9367,-0.3501,28.8,33.6,37.6,1.275,0.0533
25.48,92.76,473.0,4.24,28.0,33.9,0.5572,0.8304,28.2,33.8,37.9,1.275,0.058
25.48,92.765,517.0,5.7,28.0,88.3,0.9996,0.0299,29.8,33.6,36.6,1.276,0.0778
25.48,92.77,476.0,7.14,28.0,113.4,0.918,-0.3965,28.5,34.5,37.0,1.273,0.0976
25.48,92.775,467.0,5.38,28.0,136.7,0.6864,-0.7272,29.6,33.3,37.2,1.274,0.0736
25.48,92.78,407.0,5.58,28.0,167.3,0.2206,-0.9754,28.7,32.5,38.7,1.272,0.0764
25.48,92.785,371.0,4.69,28.0,315.5,-0.7003,0.7138,25.8,31.8,42.4,1.271,0.0643
25.48,92.79,466.0,10.36,28.0,1.7,0.0295,0.9996,29.6,31.2,39.2,1.27,0.1416
25.48,92.795,555.0,6.1,28.0,315.7,-0.6981,0.716,28.2,33.4,38.5,1.277,0.0832
25.48,92.8,543.0,8.66,28.0,243.7,-0.8963,-0.4433,27.9,36.6,35.5,1.275,0.1181
25.48,92.805,487.0,7.42,28.0,178.0,0.0345,-0.9994,28.3,35.1,36.6,1.273,0.1014
25.48,92.81,412.0,4.76,28.0,283.8,-0.9711,0.2386,27.6,33.6,38.8,1.273,0.0652
25.48,92.815,507.0,7.36,28.0,323.8,-0.5908,0.8068,28.3,32.9,38.9,1.274,0.1006
25.48,92.82,517.0,9.4,28.0,261.0,-0.9878,-0.156,27.3,36.0,36.7,1.273,0.1283
25.48,92.825,481.0,10.83,28.0,301.3,-0.8547,0.5192,29.5,34.7,35.8,1.27,0.1479
25.48,92.83,617.0,7.78,28.0,312.0,-0.7432,0.669,27.9,36.4,35.7,1.278,0.1059
25.48,92.835,573.0,6.96,28.0,230.6,-0.7728,-0.6347,27.5,32.4,40.1,1.277,0.0949
25.48,92.84,539.0,8.77,28.0,275.2,-0.9959,0.0901,26.9,33.2,39.9,1.274,0.1197
25.48,92.845,587.0,4.13,28.0,259.7,-0.9838,-0.179,28.3,31.8,39.8,1.28,0.0563
25.48,92.85,526.0,5.85,28.0,242.3,-0.8852,-0.4651,28.2,31.3,40.4,1.276,0.0799
25.48,92.855,539.0,4.18,28.0,84.5,0.9955,0.0951,28.5,31.7,39.8,1.278,0.057
25.48,92.86,533.0,2.14,28.0,211.9,-0.5281,-0.8492,26.8,32.7,40.5,1.28,0.0292
25.48,92.865,507.0,5.14,28.0,169.1,0.1896,-0.9819,26.1,32.3,41.6,1.276,0.0702
25.48,92.87,444.0,5.03,28.0,224.7,-0.7038,-0.7104,28.8,27.6,43.7,1.274,0.0688
25.48,92.875,444.0,5.32,28.0,318.3,-0.6655,0.7464,29.8,35.0,35.2,1.273,0.0728
25.48,92.88,514.0,7.55,28.0,355.3,-0.0813,0.9967,26.8,31.5,41.7,1.274,0.1031
25.48,92.885,577.0,4.04,28.0,346.0,-0.2417,0.9704,29.9,34.0,36.1,1.28,0.055
25.48,92.89,583.0,2.07,28.0,137.9,0.6708,-0.7416,28.3,32.6,39.1,1.282,0.0282
25.48,92.895,550.0,3.03,28.0,196.8,-0.2887,-0.9574,28.0,36.0,36.0,1.279,0.0413
25.48,92.9,532.0,7.96,28.0,170.8,0.1606,-0.987,27.5,35.6,36.9,1.275,0.1086
25.48,92.905,411.0,3.78,28.0,96.9,0.9927,-0.1203,26.3,32.3,41.4,1.273,0.0518
25.48,92.91,524.0,2.43,28.0,16.0,0.2757,0.9613,29.2,31.6,39.2,1.279,0.0331
25.48,92.915,452.0,8.49,28.0,110.2,0.9383,-0.3458,27.1,36.5,36.4,1.271,0.1162
25.48,92.92,472.0,6.27,28.0,94.1,0.9974,-0.0723,27.1,31.5,41.5,1.274,0.0857
25.48,92.925,444.0,6.64,28.0,232.7,-0.7953,-0.6062,29.2,34.1,36.8,1.272,0.0909
25.48,92.93,401.0,7.96,28.0,257.7,-0.977,-0.2132,25.7,33.9,40.3,1.269,0.1091
25.48,92.935,414.0,3.56,28.0,275.5,-0.9954,0.0957,26.2,32.4,41.4,1.274,0.0487
25.48,92.94,407.0,4.83,28.0,160.1,0.3402,-0.9403,28.0,33.8,38.2,1.272,0.0662
25.48,92.945,334.0,3.93,28.0,123.3,0.836,-0.5488,28.4,33.3,38.3,1.27,0.054
25.48,92.95,369.0,1.03,28.0,93.2,0.9985,-0.0552,28.6,33.0,38.5,1.274,0.0141
25.48,92.955,333.0,3.04,28.0,210.5,-0.5081,-0.8613,27.6,33.0,39.3,1.271,0.0417
25.48,92.96,323.0,3.31,28.0,297.6,-0.8859,0.4639,31.0,33.5,35.5,1.27,0.0455
25.48,92.965,360.0,2.43,28.0,196.0,-0.2757,-0.9613,27.7,32.8,39.5,1.272,0.0333
25.48,92.97,282.0,4.88,28.0,188.5,-0.1473,-0.9891,27.7,32.3,40.0,1.267,0.0671
25.48,92.975,275.0,5.25,28.0,260.7,-0.9868,-0.162,27.0,33.4,39.6,1.267,0.0722
25.48,92.98,267.0,1.02,28.0,342.3,-0.3041,0.9526,28.1,31.2,40.7,1.27,0.014
25.48,92.985,292.0,0.82,28.0,270.0,-1.0,-0.0,28.7,31.0,40.2,1.271,0.0113
25.48,92.99,267.0,2.17,28.0,206.8,-0.4511,-0.8925,29.4,32.1,38.5,1.269,0.0298
25.48,92.995,258.0,1.25,28.0,215.1,-0.5754,-0.8179,26.2,32.2,41.6,1.269,0.0172
25.485,92.5,1100.0,6.09,28.0,110.7,0.9352,-0.354,27.7,33.7,38.6,1.299,0.0817
25.485,92.505,1081.0,3.56,28.0,84.5,0.9954,0.0957,28.5,34.3,37.1,1.3,0.0478
25.485,92.51,1106.0,2.63,28.0,61.6,0.8797,0.4755,28.7,32.0,39.3,1.302,0.0352
25.485,92.515,1103.0,2.11,28.0,91.5,0.9996,-0.027,28.0,32.9,39.1,1.302,0.0283
25.485,92.52,1105.0,2.32,28.0,168.5,0.1994,-0.9799,28.7,32.8,38.6,1.302,0.0311
25.485,92.525,1063.0,10.11,28.0,213.3,-0.5492,-0.8357,27.0,33.8,39.2,1.294,0.1357
25.485,92.53,955.0,10.54,28.0,230.6,-0.7724,-0.6351,29.9,34.9,35.2,1.289,0.1419
25.485,92.535,944.0,11.55,28.0,235.7,-0.8261,-0.5635,29.2,36.6,34.2,1.288,0.1555
25.485,92.54,839.0,11.35,28.0,212.2,-0.5327,-0.8463,26.4,35.3,38.3,1.284,0.1533
25.485,92.545,773.0,5.63,28.0,263.6,-0.9938,-0.1109,26.7,33.8,39.4,1.286,0.0763
25.485,92.55,828.0,6.62,28.0,287.9,-0.9514,0.3079,26.7,32.7,40.5,1.288,0.0895
25.485,92.555,809.0,5.08,28.0,255.8,-0.9694,-0.2456,28.8,36.3,34.9,1.288,0.0687
25.485,92.56,806.0,4.9,28.0,260.0,-0.9848,-0.1737,26.5,32.3,41.2,1.288,0.0663
25.485,92.565,794.0,4.18,28.0,207.9,-0.4674,-0.884,27.6,30.6,41.8,1.288,0.0566
25.485,92.57,741.0,1.3,28.0,277.6,-0.9913,0.1315,28.5,33.6,37.8,1.289,0.0176
25.485,92.575,797.0,2.62,28.0,88.8,0.9998,0.0217,27.9,32.5,39.6,1.29,0.0354
25.485,92.58,742.0,3.31,28.0,235.5,-0.8237,-0.567,28.3,32.4,39.3,1.287,0.0449
25.485,92.585,764.0,0.65,28.0,314.5,-0.7132,0.7009,26.7,31.4,41.9,1.29,0.0088
25.485,92.59,750.0,1.55,28.0,212.2,-0.5326,-0.8464,28.7,35.2,36.1,1.289,0.021
25.485,92.595,741.0,1.92,28.0,214.2,-0.5614,-0.8276,27.3,33.0,39.7,1.288,0.026
25.485,92.6,722.0,0.7,28.0,215.9,-0.5862,-0.8102,27.6,33.0,39.4,1.288,0.0095
25.485,92.605,731.0,0.77,28.0,68.5,0.9301,0.3673,28.3,32.4,39.3,1.289,0.0104
25.485,92.61,727.0,1.15,28.0,53.6,0.805,0.5933,28.1,32.7,39.2,1.288,0.0156
25.485,92.615,743.0,1.04,28.0,348.6,-0.1971,0.9804,28.0,34.4,37.6,1.289,0.0141
25.485,92.62,745.0,0.08,28.0,222.1,-0.6708,-0.7416,27.1,31.6,41.3,1.29,0.0011
25.485,92.625,742.0,0.36,28.0,261.0,-0.9878,-0.156,27.6,29.9,42.4,1.289,0.0049
25.485,92.63,744.0,1.26,28.0,280.4,-0.9834,0.1812,28.0,33.6,38.4,1.289,0.0171
25.485,92.635,746.0,1.66,28.0,343.8,-0.2792,0.9602,26.3,33.2,40.5,1.288,0.0225
25.485,92.64,772.0,1.73,28.0,40.9,0.6543,0.7563,27.4,32.6,39.9,1.289,0.0234
25.485,92.645,769.0,1.96,28.0,103.4,0.9726,-0.2325,28.5,33.2,38.3,1.289,0.0265
25.485,92.65,764.0,2.79,28.0,175.8,0.0736,-0.9973,26.5,32.2,41.3,1.288,0.0378
25.485,92.655,720.0,3.83,28.0,186.9,-0.1206,-0.9927,29.4,33.1,37.6,1.286,0.0519
25.485,92.66,697.0,3.75,28.0,190.3,-0.178,-0.984,29.5,32.8,37.7,1.285,0.0509
25.485,92.665,655.0,3.47,28.0,177.5,0.0444,-0.999,26.5,32.0,41.5,1.283,0.0472
25.485,92.67,636.0,2.34,28.0,183.8,-0.066,-0.9978,29.6,34.4,36.0,1.283,0.0318
25.485,92.675,614.0,2.39,28.0,211.1,-0.5164,-0.8564,27.8,30.5,41.7,1.283,0.0325
25.485,92.68,600.0,0.69,28.0,137.9,0.6708,-0.7416,28.5,35.7,35.8,1.283,0.0094
25.485,92.685,605.0,0.8,28.0,22.7,0.3852,0.9228,27.4,33.5,39.1,1.284,0.0109
25.485,92.69,613.0,0.35,28.0,61.1,0.8752,0.4838,29.1,29.4,41.5,1.284,0.0048
25.485,92.695,608.0,0.56,28.0,293.9,-0.9146,0.4045,28.5,31.8,39.7,1.284,0.0076
25.485,92.7,617.0,0.84,28.0,317.9,-0.6708,0.7416,27.0,32.0,41.0,1.284,0.0114
25.485,92.705,619.0,1.49,28.0,267.8,-0.9993,-0.0381,26.6,33.0,40.4,1.284,0.0203
25.485,92.71,616.0,2.07,28.0,331.8,-0.4731,0.881,26.2,31.1,42.7,1.283,0.0282
25.485,92.715,651.0,2.91,28.0,36.9,0.6,0.8,28.2,32.8,39.0,1.284,0.0395
25.485,92.72,657.0,4.0,28.0,348.9,-0.1929,0.9812,28.7,32.9,38.4,1.283,0.0544
25.485,92.725,720.0,0.61,28.0,229.3,-0.7582,-0.652,28.8,31.1,40.2,1.288,0.0083
25.485,92.73,650.0,8.49,28.0,147.6,0.5354,-0.8446,27.9,32.9,39.2,1.279,0.1154
25.485,92.735,593.0,6.21,28.0,143.5,0.5949,-0.8038,26.6,35.0,38.4,1.279,0.0846
25.485,92.74,562.0,4.26,28.0,98.4,0.9892,-0.1467,27.2,30.6,42.2,1.279,0.0581
25.485,92.745,582.0,2.92,28.0,166.8,0.2289,-0.9734,29.4,33.5,37.1,1.281,0.0398
25.485,92.75,512.0,8.05,28.0,160.3,0.3368,-0.9416,27.4,35.3,37.2,1.274,0.1099
25.485,92.755,448.0,4.51,28.0,160.7,0.3301,-0.9439,28.2,32.9,39.0,1.274,0.0617
25.485,92.76,437.0,1.6,28.0,88.0,0.9994,0.0356,26.7,32.5,40.8,1.276,0.0219
25.485,92.765,449.0,4.75,28.0,100.3,0.9838,-0.1793,28.4,35.0,36.6,1.274,0.065
25.485,92.77,422.0,4.21,28.0,144.1,0.5862,-0.8102,27.5,32.1,40.5,1.273,0.0577
25.485,92.775,389.0,3.73,28.0,124.3,0.8262,-0.5633,29.3,32.1,38.7,1.272,0.0511
25.485,92.78,385.0,3.04,28.0,331.7,-0.4744,0.8803,28.9,32.1,39.0,1.273,0.0417
25.485,92.785,436.0,6.14,28.0,294.5,-0.9097,0.4152,27.4,35.4,37.2,1.272,0.0841
25.485,92.79,430.0,4.54,28.0,358.7,-0.0226,0.9997,27.8,35.1,37.0,1.273,0.0622
25.485,92.795,516.0,8.6,28.0,15.1,0.2613,0.9653,27.3,32.2,40.5,1.273,0.1175
25.485,92.8,577.0,3.18,28.0,232.5,-0.7934,-0.6087,26.3,34.4,39.3,1.28,0.0433
25.485,92.805,482.0,5.82,28.0,190.2,-0.1763,-0.9843,27.0,34.8,38.2,1.274,0.0796
25.485,92.81,476.0,7.87,28.0,303.1,-0.8379,0.5458,28.2,36.4,35.3,1.272,0.1076
25.485,92.815,558.0,9.22,28.0,346.6,-0.2324,0.9726,28.4,35.0,36.6,1.275,0.1257
25.485,92.82,635.0,3.34,28.0,9.7,0.1691,0.9856,28.2,32.8,39.0,1.283,0.0454
25.485,92.825,616.0,1.88,28.0,305.0,-0.8191,0.5736,27.6,34.2,38.1,1.283,0.0256
25.485,92.83,654.0,0.23,28.0,192.7,-0.2206,-0.9754,29.1,33.1,37.8,1.286,0.0031
25.485,92.835,612.0,3.72,28.0,168.0,0.2074,-0.9783,28.1,36.4,35.6,1.281,0.0506
25.485,92.84,590.0,4.56,28.0,215.9,-0.5862,-0.8102,28.8,34.7,36.5,1.28,0.0621
25.485,92.845,547.0,1.69,28.0,61.9,0.8822,0.4709,25.9,32.7,41.4,1.28,0.023
25.485,92.85,604.0,3.13,28.0,252.0,-0.9513,-0.3083,23.3,31.1,45.6,1.282,0.0426
25.485,92.855,530.0,2.84,28.0,250.1,-0.9405,-0.3399,28.3,31.9,39.8,1.279,0.0387
25.485,92.86,587.0,4.21,28.0,270.0,-1.0,-0.0,26.3,31.0,42.7,1.28,0.0574
25.485,92.865,530.0,6.06,28.0,218.2,-0.618,-0.7862,27.7,33.3,39.0,1.276,0.0827
25.485,92.87,503.0,6.69,28.0,230.0,-0.7656,-0.6433,27.6,35.2,37.2,1.275,0.0914
25.485,92.875,454.0,2.91,28.0,283.6,-0.9721,0.2345,29.9,32.8,37.3,1.276,0.0398
25.485,92.88,515.0,5.19,28.0,5.7,0.0989,0.9951,28.5,34.9,36.6,1.276,0.0709
25.485,92.885,545.0,0.64,28.0,74.5,0.9639,0.2664,28.2,32.7,39.1,1.281,0.0087
25.485,92.89,518.0,4.57,28.0,91.4,0.9997,-0.0248,29.0,32.6,38.4,1.277,0.0624
25.485,92.895,543.0,5.83,28.0,118.4,0.8793,-0.4763,28.4,33.7,37.9,1.277,0.0795
25.485,92.9,469.0,7.24,28.0,173.1,0.1202,-0.9928,27.5,34.6,37.9,1.273,0.099
25.485,92.905,416.0,1.62,28.0,32.6,0.5395,0.842,29.3,32.6,38.1,1.275,0.0222
25.485,92.91,493.0,4.4,28.0,116.0,0.8986,-0.4387,26.7,33.4,39.9,1.276,0.0601
25.485,92.915,382.0,6.58,28.0,183.6,-0.0623,-0.9981,28.4,32.6,39.0,1.27,0.0902
25.485,92.92,377.0,6.24,28.0,47.7,0.74,0.6727,26.1,33.0,40.8,1.27,0.0856
25.485,92.925,456.0,4.78,28.0,42.6,0.6767,0.7363,28.2,36.7,35.1,1.274,0.0654
25.485,92.93,439.0,1.29,28.0,113.4,0.9178,-0.3971,28.2,34.2,37.6,1.276,0.0176
25.485,92.935,447.0,3.26,28.0,241.9,-0.8825,-0.4704,30.0,30.7,39.3,1.275,0.0446
25.485,92.94,412.0,6.92,28.0,183.4,-0.0592,-0.9982,26.1,30.3,43.6,1.271,0.0948
25.485,92.945,325.0,1.88,28.0,175.3,0.0819,-0.9966,27.3,32.6,40.1,1.271,0.0258
25.485,92.95,379.0,2.91,28.0,62.0,0.8833,0.4688,29.0,34.1,36.9,1.273,0.0399
25.485,92.955,349.0,2.37,28.0,227.7,-0.7394,-0.6732,28.4,31.9,39.7,1.272,0.0325
25.485,92.96,351.0,0.62,28.0,123.6,0.8333,-0.5528,28.2,33.7,38.1,1.274,0.0085
25.485,92.965,343.0,4.52,28.0,117.7,0.8856,-0.4645,26.9,33.3,39.9,1.27,0.0621
25.485,92.97,314.0,2.1,28.0,239.0,-0.8574,-0.5146,27.3,32.3,40.4,1.271,0.0288
25.485,92.975,324.0,1.86,28.0,217.4,-0.6078,-0.7941,29.5,33.6,36.9,1.271,0.0255
25.485,92.98,288.0,6.4,28.0,207.7,-0.4646,-0.8855,27.9,32.9,39.2,1.266,0.088
25.485,92.985,224.0,3.34,28.0,159.3,0.3538,-0.9353,28.5,32.5,39.1,1.266,0.046
25.485,92.99,233.0,4.63,28.0,137.4,0.6769,-0.7361,27.9,34.2,37.9,1.265,0.0638
25.485,92.995,164.0,8.1,28.0,164.3,0.2713,-0.9625,26.6,34.1,39.3,1.26,0.1118
25.49,92.5,1039.0,7.06,28.0,53.6,0.805,0.5933,29.1,36.7,34.1,1.296,0.0948
25.49,92.505,1076.0,2.67,28.0,33.9,0.5581,0.8298,28.6,33.8,37.6,1.301,0.0358
25.49,92.51,1078.0,2.73,28.0,93.6,0.998,-0.0625,30.8,33.7,35.6,1.301,0.0366
25.49,92.515,1073.0,2.69,28.0,83.9,0.9944,0.1057,26.8,32.6,40.6,1.301,0.0361
25.49,92.52,1083.0,3.71,28.0,104.2,0.9695,-0.245,29.0,34.3,36.7,1.3,0.0498
25.49,92.525,1057.0,4.28,28.0,160.4,0.336,-0.9419,26.4,32.7,40.9,1.299,0.0575
25.49,92.53,1012.0,4.86,28.0,221.7,-0.665,-0.7469,28.2,33.7,38.1,1.296,0.0654
25.49,92.535,993.0,3.95,28.0,221.6,-0.6636,-0.7481,29.2,31.7,39.1,1.296,0.0532
25.49,92.54,960.0,6.95,28.0,239.6,-0.8628,-0.5055,25.5,35.4,39.1,1.293,0.0936
25.49,92.545,931.0,8.37,28.0,251.1,-0.9461,-0.3239,27.8,34.7,37.6,1.29,0.1128
25.49,92.55,912.0,4.62,28.0,232.1,-0.789,-0.6143,27.3,36.2,36.5,1.293,0.0623
25.49,92.555,881.0,5.94,28.0,239.6,-0.8628,-0.5056,27.2,37.2,35.7,1.29,0.0802
25.49,92.56,859.0,5.56,28.0,226.1,-0.72,-0.694,28.5,34.6,36.9,1.29,0.0751
25.49,92.565,813.0,6.2,28.0,219.0,-0.6288,-0.7776,29.3,33.8,36.9,1.287,0.0839
25.49,92.57,774.0,7.7,28.0,226.4,-0.7237,-0.6901,27.8,32.6,39.5,1.285,0.1043
25.49,92.575,719.0,1.3,28.0,307.7,-0.7908,0.612,28.2,33.7,38.0,1.288,0.0176
25.49,92.58,788.0,2.68,28.0,12.2,0.2114,0.9774,28.1,33.0,38.8,1.289,0.0363
25.49,92.585,765.0,2.75,28.0,122.6,0.8427,-0.5383,28.0,33.5,38.5,1.288,0.0373
25.49,92.59,762.0,1.5,28.0,112.3,0.9254,-0.3789,26.7,35.0,38.3,1.289,0.0203
25.49,92.595,755.0,0.87,28.0,204.3,-0.4121,-0.9112,29.3,31.0,39.7,1.289,0.0118
25.49,92.6,748.0,2.14,28.0,211.9,-0.5281,-0.8492,28.4,31.2,40.5,1.288,0.029
25.49,92.605,723.0,1.67,28.0,188.9,-0.1541,-0.9881,28.5,32.1,39.4,1.288,0.0226
25.49,92.61,719.0,1.92,28.0,336.4,-0.4009,0.9161,27.0,33.7,39.2,1.287,0.026
25.49,92.615,754.0,2.14,28.0,25.6,0.4319,0.9019,27.4,33.4,39.1,1.288,0.029
25.49,92.62,753.0,0.25,28.0,24.3,0.4121,0.9112,27.8,30.7,41.5,1.29,0.0034
25.49,92.625,758.0,1.07,28.0,25.6,0.4319,0.9019,26.2,33.4,40.4,1.289,0.0145
25.49,92.63,770.0,1.17,28.0,247.2,-0.9216,-0.3882,26.0,30.5,43.5,1.29,0.0158
25.49,92.635,750.0,1.71,28.0,180.0,0.0,-1.0,27.3,31.2,41.5,1.289,0.0232
25.49,92.64,740.0,2.22,28.0,120.9,0.8584,-0.513,28.6,32.4,39.0,1.288,0.0301
25.49,92.645,730.0,2.52,28.0,87.4,0.999,0.0451,27.2,31.8,40.9,1.287,0.0342
25.49,92.65,742.0,2.7,28.0,116.3,0.8966,-0.4429,26.8,34.1,39.2,1.287,0.0366
25.49,92.655,709.0,3.16,28.0,144.1,0.5862,-0.8102,27.0,33.3,39.7,1.286,0.0429
25.49,92.66,697.0,4.73,28.0,154.2,0.4345,-0.9007,27.5,35.9,36.6,1.284,0.0642
25.49,92.665,634.0,3.91,28.0,154.3,0.4338,-0.901,27.6,32.7,39.8,1.282,0.0532
25.49,92.67,635.0,1.13,28.0,87.1,0.9987,0.0502,30.6,32.1,37.3,1.284,0.0154
25.49,92.675,635.0,1.94,28.0,159.8,0.3449,-0.9386,29.3,34.3,36.4,1.284,0.0264
25.49,92.68,603.0,1.93,28.0,181.5,-0.0266,-0.9996,29.2,32.4,38.4,1.283,0.0262
25.49,92.685,601.0,0.31,28.0,137.9,0.6708,-0.7416,29.4,34.3,36.3,1.284,0.0042
25.49,92.69,599.0,1.05,28.0,35.9,0.5862,0.8102,26.8,33.1,40.1,1.283,0.0143
25.49,92.695,616.0,1.52,28.0,13.7,0.2366,0.9716,26.5,28.9,44.6,1.283,0.0207
25.49,92.7,625.0,1.36,28.0,15.4,0.2654,0.9641,26.7,34.1,39.2,1.284,0.0185
25.49,92.705,639.0,1.27,28.0,26.4,0.4454,0.8953,29.6,33.7,36.7,1.285,0.0172
25.49,92.71,645.0,2.37,28.0,272.8,-0.9988,0.048,27.3,34.1,38.6,1.284,0.0322
25.49,92.715,641.0,3.78,28.0,315.0,-0.7074,0.7069,26.5,30.1,43.4,1.282,0.0514
25.49,92.72,692.0,4.03,28.0,334.3,-0.4331,0.9013,27.5,32.1,40.4,1.284,0.0547
25.49,92.725,705.0,4.85,28.0,166.5,0.2331,-0.9724,27.7,32.4,39.9,1.284,0.0658
25.49,92.73,609.0,7.62,28.0,174.2,0.1007,-0.9949,28.3,32.8,38.9,1.278,0.1038
25.49,92.735,571.0,4.77,28.0,180.0,0.0,-1.0,28.3,35.9,35.8,1.279,0.065
25.49,92.74,525.0,2.46,28.0,187.2,-0.1252,-0.9921,27.0,32.6,40.4,1.279,0.0336
25.49,92.745,528.0,6.8,28.0,132.4,0.7382,-0.6746,28.8,33.8,37.4,1.275,0.0929
25.49,92.75,444.0,6.26,28.0,157.4,0.3847,-0.923,27.2,34.5,38.3,1.273,0.0857
25.49,92.755,426.0,3.24,28.0,268.0,-0.9994,-0.0351,27.8,33.7,38.5,1.274,0.0444
25.49,92.76,442.0,1.6,28.0,270.0,-1.0,-0.0,28.8,27.4,43.8,1.276,0.0219
25.49,92.765,426.0,1.01,28.0,217.8,-0.6127,-0.7903,27.2,31.3,41.5,1.276,0.0138
25.49,92.77,428.0,5.64,28.0,259.0,-0.9816,-0.1909,27.3,31.4,41.3,1.272,0.0773
25.49,92.775,407.0,6.06,28.0,273.8,-0.9979,0.0654,28.7,34.2,37.1,1.271,0.0831
25.49,92.78,435.0,8.43,28.0,299.3,-0.8723,0.4889,27.0,33.8,39.2,1.27,0.1154
25.49,92.785,480.0,4.84,28.0,292.8,-0.9222,0.3867,27.5,33.3,39.1,1.275,0.0662
25.49,92.79,468.0,3.07,28.0,305.0,-0.8194,0.5732,28.7,29.7,41.6,1.276,0.042
25.49,92.795,511.0,7.24,28.0,14.3,0.2474,0.9689,30.5,33.5,36.1,1.274,0.0989
25.49,92.8,592.0,1.21,28.0,100.9,0.982,-0.1888,28.7,34.0,37.3,1.283,0.0165
25.49,92.805,507.0,4.58,28.0,230.7,-0.7743,-0.6328,28.6,35.3,36.1,1.276,0.0626
25.49,92.81,541.0,4.19,28.0,304.7,-0.8219,0.5696,28.6,34.2,37.2,1.278,0.0572
25.49,92.815,549.0,5.31,28.0,112.0,0.9275,-0.3739,26.7,31.4,41.9,1.278,0.0724
25.49,92.82,506.0,13.94,28.0,98.7,0.9884,-0.1521,28.1,37.6,34.3,1.269,0.1898
25.49,92.825,511.0,14.68,28.0,64.9,0.9054,0.4247,28.0,37.0,35.0,1.268,0.1999
25.49,92.83,618.0,11.86,28.0,77.2,0.975,0.2222,28.4,35.0,36.6,1.275,0.1612
25.49,92.835,558.0,8.07,28.0,100.9,0.982,-0.1891,28.1,31.1,40.7,1.276,0.11
25.49,92.84,591.0,11.13,28.0,90.0,1.0,0.0,28.5,36.4,35.1,1.274,0.1515
25.49,92.845,558.0,6.62,28.0,93.4,0.9982,-0.0599,27.6,32.9,39.5,1.277,0.0903
25.49,92.85,584.0,2.67,28.0,45.4,0.712,0.7021,28.1,33.2,38.7,1.281,0.0364
25.49,92.855,591.0,4.05,28.0,295.8,-0.9006,0.4347,26.5,33.2,40.3,1.28,0.0552
25.49,92.86,615.0,1.16,28.0,237.4,-0.8422,-0.5391,27.6,34.6,37.8,1.284,0.0158
25.49,92.865,580.0,4.1,28.0,190.1,-0.1756,-0.9845,29.7,32.9,37.4,1.28,0.0559
25.49,92.87,544.0,5.77,28.0,217.2,-0.6047,-0.7964,28.4,33.5,38.1,1.277,0.0787
25.49,92.875,499.0,6.08,28.0,248.1,-0.9278,-0.373,28.0,36.0,36.0,1.275,0.0831
25.49,92.88,504.0,3.93,28.0,342.5,-0.3006,0.9537,30.3,32.1,37.7,1.277,0.0537
25.49,92.885,565.0,3.34,28.0,99.8,0.9854,-0.1702,26.4,34.1,39.5,1.28,0.0455
25.49,92.89,494.0,6.52,28.0,181.4,-0.0236,-0.9997,26.7,33.4,39.9,1.274,0.0891
25.49,92.895,450.0,2.51,28.0,61.6,0.8799,0.4751,30.1,31.2,38.8,1.276,0.0343
25.49,92.9,515.0,3.19,28.0,175.4,0.0805,-0.9968,28.1,32.9,39.1,1.278,0.0435
25.49,92.905,394.0,4.24,28.0,155.7,0.4121,-0.9112,27.7,34.2,38.1,1.272,0.0581
25.49,92.91,447.0,6.8,28.0,56.7,0.8356,0.5493,26.6,35.8,37.6,1.272,0.0931
25.49,92.915,460.0,3.7,28.0,183.2,-0.0556,-0.9985,28.5,35.2,36.3,1.275,0.0506
25.49,92.92,382.0,6.25,28.0,224.2,-0.6974,-0.7167,28.7,33.2,38.1,1.27,0.0857
25.49,92.925,381.0,6.72,28.0,91.9,0.9994,-0.0337,26.7,32.3,41.0,1.27,0.0921
25.49,92.93,378.0,8.53,28.0,53.9,0.8081,0.589,27.8,33.8,38.4,1.268,0.117
25.49,92.935,470.0,2.12,28.0,7.0,0.1213,0.9926,27.6,30.8,41.6,1.277,0.029
25.49,92.94,415.0,8.07,28.0,166.8,0.2281,-0.9736,28.3,33.8,37.9,1.27,0.1105
25.49,92.945,331.0,6.02,28.0,154.8,0.4262,-0.9046,26.7,33.1,40.3,1.268,0.0827
25.49,92.95,319.0,2.29,28.0,26.7,0.449,0.8935,29.5,33.7,36.8,1.271,0.0314
25.49,92.955,367.0,0.43,28.0,143.0,0.6019,-0.7986,29.1,28.8,42.1,1.274,0.0059
25.49,92.96,313.0,4.85,28.0,185.5,-0.0953,-0.9954,27.6,32.2,40.2,1.268,0.0667
25.49,92.965,282.0,1.41,28.0,80.7,0.9868,0.1616,27.7,31.3,41.0,1.27,0.0194
25.49,92.97,317.0,2.66,28.0,71.3,0.9472,0.3206,27.8,34.5,37.7,1.27,0.0365
25.49,92.975,297.0,0.61,28.0,42.1,0.6708,0.7416,27.1,30.5,42.4,1.271,0.0084
25.49,92.98,325.0,1.69,28.0,199.6,-0.3348,-0.9423,27.5,32.8,39.7,1.272,0.0232
25.49,92.985,269.0,7.4,28.0,204.5,-0.4149,-0.9099,27.7,33.8,38.5,1.265,0.1018
25.49,92.99,206.0,4.65,28.0,228.7,-0.7515,-0.6598,29.9,34.8,35.3,1.264,0.0641
25.49,92.995,215.0,3.84,28.0,285.5,-0.9639,0.2664,29.1,33.9,36.9,1.265,0.0529
25.495,92.5,989.0,8.76,28.0,35.7,0.5831,0.8124,29.1,34.5,36.4,1.292,0.1179
25.495,92.505,1052.0,4.39,28.0,34.2,0.5614,0.8276,28.4,32.3,39.2,1.298,0.059
25.495,92.51,1053.0,2.57,28.0,91.3,0.9998,-0.0221,26.7,29.9,43.4,1.3,0.0345
25.495,92.515,1051.0,2.48,28.0,114.3,0.9111,-0.4121,28.0,33.0,39.0,1.3,0.0333
25.495,92.52,1035.0,5.01,28.0,100.4,0.9834,-0.1812,29.2,34.1,36.7,1.297,0.0673
25.495,92.525,1035.0,2.46,28.0,113.1,0.9196,-0.3928,26.5,30.3,43.2,1.299,0.033
25.495,92.53,1018.0,2.36,28.0,195.2,-0.2619,-0.9651,28.8,30.8,40.5,1.299,0.0317
25.495,92.535,995.0,3.53,28.0,183.3,-0.0583,-0.9983,30.8,33.3,35.9,1.297,0.0475
25.495,92.54,956.0,3.83,28.0,173.8,0.1074,-0.9942,29.3,33.5,37.2,1.295,0.0516
25.495,92.545,928.0,3.25,28.0,174.6,0.0948,-0.9955,29.7,31.4,38.9,1.294,0.0438
25.495,92.55,899.0,1.72,28.0,128.9,0.7778,-0.6285,28.3,31.6,40.1,1.295,0.0232
25.495,92.555,909.0,3.0,28.0,253.5,-0.9588,-0.284,29.2,30.0,40.8,1.294,0.0404
25.495,92.56,884.0,3.39,28.0,229.2,-0.7573,-0.6531,27.1,35.0,37.9,1.293,0.0457
25.495,92.565,870.0,6.15,28.0,251.8,-0.9497,-0.3132,29.0,31.7,39.4,1.29,0.083
25.495,92.57,850.0,8.33,28.0,248.9,-0.9331,-0.3597,28.8,35.0,36.2,1.287,0.1126
25.495,92.575,817.0,11.97,28.0,236.1,-0.8303,-0.5573,28.3,35.1,36.5,1.283,0.1617
25.495,92.58,731.0,8.04,28.0,133.5,0.7248,-0.6889,29.6,36.1,34.3,1.283,0.109
25.495,92.585,719.0,4.75,28.0,95.5,0.9954,-0.0957,27.4,32.1,40.6,1.285,0.0644
25.495,92.59,723.0,4.33,28.0,67.7,0.9249,0.3802,27.8,33.2,39.0,1.285,0.0588
25.495,92.595,748.0,1.4,28.0,31.1,0.5164,0.8564,28.1,29.8,42.1,1.289,0.019
25.495,92.6,744.0,0.8,28.0,148.9,0.5164,-0.8564,26.8,29.3,43.9,1.289,0.0108
25.495,92.605,736.0,1.34,28.0,265.1,-0.9964,-0.0847,28.3,33.3,38.5,1.288,0.0182
25.495,92.61,742.0,2.45,28.0,255.2,-0.9668,-0.2556,25.9,30.0,44.1,1.288,0.0332
25.495,92.615,725.0,2.98,28.0,88.9,0.9998,0.0191,29.3,32.5,38.3,1.287,0.0404
25.495,92.62,743.0,1.13,28.0,66.1,0.9146,0.4045,28.1,33.8,38.1,1.289,0.0153
25.495,92.625,733.0,2.86,28.0,64.1,0.8992,0.4375,27.4,33.9,38.7,1.287,0.0388
25.495,92.63,765.0,0.9,28.0,34.8,0.5711,0.8209,27.0,31.2,41.8,1.29,0.0122
25.495,92.635,746.0,1.76,28.0,166.4,0.2345,-0.9721,27.7,30.1,42.2,1.288,0.0238
25.495,92.64,735.0,1.57,28.0,160.8,0.3286,-0.9445,28.8,33.2,38.0,1.288,0.0213
25.495,92.645,720.0,1.45,28.0,134.9,0.7089,-0.7054,28.7,34.4,36.9,1.288,0.0196
25.495,92.65,717.0,3.29,28.0,128.5,0.7824,-0.6228,27.2,31.9,41.0,1.286,0.0446
25.495,92.655,684.0,4.27,28.0,143.0,0.6019,-0.7986,27.0,31.9,41.1,1.284,0.058
25.495,92.66,657.0,5.41,28.0,130.6,0.7594,-0.6507,28.8,32.7,38.6,1.282,0.0735
25.495,92.665,622.0,2.74,28.0,153.2,0.4507,-0.8927,27.1,33.6,39.3,1.283,0.0373
25.495,92.67,614.0,2.47,28.0,118.9,0.8752,-0.4838,28.1,34.5,37.4,1.283,0.0336
25.495,92.675,601.0,3.57,28.0,101.9,0.9784,-0.2068,28.1,31.1,40.8,1.281,0.0486
25.495,92.68,601.0,0.21,28.0,90.0,1.0,0.0,28.4,29.8,41.8,1.284,0.0029
25.495,92.685,601.0,0.0,28.0,0.0,0.0,1.0,29.0,35.5,35.5,1.284,0.0
25.495,92.69,601.0,0.21,28.0,270.0,-1.0,-0.0,26.5,31.8,41.7,1.284,0.0029
25.495,92.695,601.0,1.63,28.0,71.7,0.9492,0.3148,25.7,32.8,41.5,1.283,0.0222
25.495,92.7,610.0,1.59,28.0,75.5,0.9683,0.2498,27.3,31.4,41.3,1.283,0.0216
25.495,92.705,608.0,4.34,28.0,47.2,0.7333,0.6799,30.2,33.9,35.9,1.281,0.0591
25.495,92.71,662.0,5.66,28.0,342.1,-0.308,0.9514,30.4,34.9,34.6,1.282,0.0769
25.495,92.715,703.0,6.56,28.0,284.5,-0.9682,0.2503,30.2,34.2,35.6,1.283,0.089
25.495,92.72,691.0,0.3,28.0,160.1,0.3402,-0.9403,27.8,34.7,37.5,1.287,0.0041
25.495,92.725,698.0,3.26,28.0,167.3,0.2206,-0.9754,25.9,32.4,41.8,1.285,0.0443
25.495,92.73,635.0,6.52,28.0,204.1,-0.4088,-0.9126,25.2,33.3,41.5,1.28,0.0887
25.495,92.735,593.0,4.43,28.0,210.7,-0.5107,-0.8598,27.3,33.5,39.2,1.28,0.0603
25.495,92.74,568.0,7.58,28.0,215.5,-0.5809,-0.814,27.8,34.7,37.5,1.276,0.1034
25.495,92.745,484.0,7.37,28.0,142.3,0.6115,-0.7913,29.6,34.3,36.1,1.273,0.1008
25.495,92.75,465.0,2.65,28.0,305.4,-0.8151,0.5793,29.0,30.8,40.2,1.276,0.0362
25.495,92.755,511.0,8.68,28.0,271.1,-0.9998,0.0195,28.3,34.8,36.9,1.273,0.1186
25.495,92.76,468.0,3.9,28.0,223.2,-0.6852,-0.7284,26.9,32.5,40.6,1.275,0.0533
25.495,92.765,461.0,5.03,28.0,314.4,-0.7145,0.6997,26.8,32.5,40.7,1.274,0.0688
25.495,92.77,530.0,10.7,28.0,284.0,-0.9703,0.2419,28.3,34.9,36.8,1.272,0.146
25.495,92.775,507.0,10.19,28.0,269.7,-1.0,-0.0055,28.8,33.3,37.9,1.272,0.1391
25.495,92.78,529.0,9.63,28.0,275.4,-0.9956,0.0937,28.5,32.9,38.7,1.273,0.1314
25.495,92.785,523.0,5.25,28.0,237.3,-0.8412,-0.5407,26.8,29.5,43.8,1.277,0.0717
25.495,92.79,479.0,2.64,28.0,205.4,-0.4282,-0.9037,28.8,35.3,35.9,1.277,0.0361
25.495,92.795,481.0,5.25,28.0,35.9,0.5862,0.8102,28.5,34.2,37.3,1.275,0.0718
25.495,92.8,554.0,5.57,28.0,44.5,0.7007,0.7135,26.7,33.3,40.0,1.278,0.0759
25.495,92.805,551.0,4.56,28.0,262.1,-0.9906,-0.1369,27.1,32.2,40.7,1.278,0.0622
25.495,92.81,543.0,5.06,28.0,182.3,-0.0406,-0.9992,28.8,29.0,42.1,1.278,0.069
25.495,92.815,462.0,13.4,28.0,139.0,0.6561,-0.7546,27.7,34.5,37.8,1.267,0.1829
25.495,92.82,362.0,15.69,28.0,112.9,0.9212,-0.389,29.9,37.3,32.8,1.261,0.2145
25.495,92.825,352.0,16.31,28.0,77.5,0.9761,0.2172,28.6,37.8,33.6,1.26,0.2229
25.495,92.83,426.0,19.82,28.0,73.2,0.9572,0.2894,27.4,38.2,34.3,1.261,0.2689
25.495,92.835,457.0,10.73,28.0,106.8,0.9576,-0.2883,28.0,35.1,36.9,1.269,0.1467
25.495,92.84,371.0,21.66,28.0,95.6,0.9952,-0.0975,28.1,39.7,32.2,1.257,0.2936
25.495,92.845,418.0,17.64,28.0,52.3,0.7908,0.612,27.1,36.2,36.7,1.262,0.2401
25.495,92.85,567.0,10.44,28.0,9.5,0.1657,0.9862,26.9,36.4,36.7,1.274,0.1422
25.495,92.855,601.0,2.44,28.0,335.1,-0.4208,0.9072,28.8,32.1,39.1,1.282,0.0332
25.495,92.86,606.0,3.37,28.0,164.1,0.2746,-0.9615,29.0,31.6,39.4,1.281,0.0459
25.495,92.865,544.0,4.2,28.0,118.3,0.8808,-0.4734,28.7,31.6,39.7,1.278,0.0573
25.495,92.87,571.0,3.0,28.0,292.3,-0.9254,0.3789,29.8,31.2,39.0,1.28,0.0409
25.495,92.875,564.0,6.92,28.0,254.3,-0.9628,-0.2702,27.3,34.8,37.8,1.277,0.0943
25.495,92.88,538.0,5.86,28.0,216.5,-0.5954,-0.8035,30.0,32.4,37.5,1.277,0.08
25.495,92.885,481.0,8.63,28.0,96.4,0.9938,-0.1112,26.9,32.8,40.3,1.272,0.118
25.495,92.89,521.0,2.98,28.0,291.3,-0.932,0.3625,26.8,33.9,39.3,1.278,0.0407
25.495,92.895,500.0,6.06,28.0,237.8,-0.846,-0.5332,25.9,34.1,40.0,1.275,0.0828
25.495,92.9,464.0,8.46,28.0,142.0,0.6159,-0.7878,27.5,35.7,36.8,1.272,0.1157
25.495,92.905,382.0,4.82,28.0,165.2,0.2559,-0.9667,27.4,34.1,38.6,1.271,0.0661
25.495,92.91,382.0,6.66,28.0,88.1,0.9994,0.034,28.6,32.6,38.7,1.27,0.0913
25.495,92.915,386.0,8.8,28.0,59.1,0.8584,0.513,28.3,34.5,37.2,1.268,0.1207
25.495,92.92,462.0,8.87,28.0,247.1,-0.9215,-0.3884,26.6,34.6,38.9,1.271,0.1213
25.495,92.925,325.0,10.56,28.0,147.3,0.5397,-0.8418,27.5,33.4,39.0,1.264,0.145
25.495,92.93,304.0,10.01,28.0,48.8,0.7529,0.6581,27.6,33.0,39.4,1.264,0.1375
25.495,92.935,442.0,5.0,28.0,35.1,0.5754,0.8179,25.9,32.3,41.8,1.274,0.0684
25.495,92.94,376.0,10.21,28.0,157.1,0.3891,-0.9212,26.8,37.8,35.4,1.267,0.1399
25.495,92.945,275.0,5.83,28.0,99.5,0.9862,-0.1655,27.1,32.9,40.0,1.266,0.0802
25.495,92.95,359.0,5.67,28.0,313.6,-0.7237,0.6901,29.7,35.4,34.9,1.27,0.0778
25.495,92.955,344.0,2.37,28.0,88.6,0.9997,0.024,28.2,31.9,39.8,1.272,0.0325
25.495,92.96,360.0,5.08,28.0,251.8,-0.9498,-0.3128,28.8,34.7,36.5,1.27,0.0697
25.495,92.965,316.0,6.41,28.0,212.9,-0.5435,-0.8394,26.2,35.1,38.7,1.267,0.0881
25.495,92.97,265.0,5.34,28.0,90.0,1.0,0.0,29.4,34.9,35.7,1.266,0.0735
25.495,92.975,316.0,2.75,28.0,314.7,-0.7109,0.7033,29.6,33.3,37.1,1.27,0.0378
25.495,92.98,299.0,3.23,28.0,124.2,0.8268,-0.5625,25.6,34.9,39.5,1.269,0.0444
25.495,92.985,284.0,1.55,28.0,274.2,-0.9973,0.0735,27.2,33.0,39.9,1.27,0.0213
25.495,92.99,301.0,10.05,28.0,254.4,-0.9631,-0.269,28.6,37.3,34.2,1.264,0.1381
25.495,92.995,236.0,7.66,28.0,196.3,-0.2805,-0.9599,28.8,31.6,39.6,1.263,0.1055
