latitude,longitude,elevation,slope,clay_percentage,aspect,aspect_sin,aspect_cos,clay_percent,sand_percent,silt_percent,bulk_density,shear_stress_factor,isric_fetched
24.97,92.78,86.0,4.8,23.3,0.0,0.0,1.0,23.3,37.0,27.7,1.23,0.0727,True
24.97,92.79,48.0,5.7,22.1,47.9,0.742,0.6704,22.1,36.3,29.1,1.22,0.0863,True
24.97,92.8,44.0,7.5,22.8,132.1,0.742,-0.6704,22.8,38.0,29.4,1.19,0.1134,True
24.97,92.81,32.0,11.4,22.6,90.0,1.0,0.0,22.6,39.0,29.7,1.18,0.1717,True
24.97,92.82,98.0,8.2,21.8,180.0,0.0,-1.0,21.8,36.6,30.2,1.17,0.1239,True
24.97,92.83,72.0,11.6,21.0,90.0,1.0,0.0,21.0,39.2,29.2,1.19,0.1747,True
24.97,92.84,64.0,9.3,22.1,47.9,0.742,0.6704,22.1,39.1,30.7,1.19,0.1403,True
24.97,92.85,95.0,5.1,20.8,0.0,0.0,1.0,20.8,36.5,32.5,1.23,0.0772,True
24.97,92.86,54.0,6.1,22.4,90.0,1.0,0.0,22.4,39.6,29.7,1.2,0.0922,True
24.98,92.74,98.0,8.8,23.6,0.0,0.0,1.0,23.6,38.1,26.5,1.15,0.133,True
24.98,92.75,27.0,14.1,24.2,90.0,1.0,0.0,24.2,34.7,26.8,1.2,0.2118,True
24.98,92.76,74.0,15.9,21.4,132.1,0.742,-0.6704,21.4,34.0,29.3,1.17,0.2382,True
24.98,92.77,105.0,17.9,20.4,90.0,1.0,0.0,20.4,35.4,30.1,1.16,0.2673,True
24.98,92.78,116.0,12.6,22.5,47.9,0.742,0.6704,22.5,36.6,30.4,1.17,0.1897,True
24.98,92.79,66.0,16.6,22.1,132.1,0.742,-0.6704,22.1,36.8,30.8,1.19,0.2484,True
24.98,92.8,87.0,19.8,20.7,90.0,1.0,0.0,20.7,37.5,31.1,1.19,0.2943,True
24.98,92.81,134.0,14.7,20.7,90.0,1.0,0.0,20.7,34.7,30.8,1.14,0.2205,True
24.98,92.82,64.0,16.5,21.4,47.9,0.742,0.6704,21.4,37.2,30.2,1.14,0.2468,True
24.98,92.83,176.0,13.8,21.5,180.0,0.0,-1.0,21.5,38.1,29.1,1.14,0.2072,True
24.98,92.84,129.0,10.2,21.4,132.1,0.742,-0.6704,21.4,32.9,32.0,1.15,0.1539,True
24.98,92.85,106.0,16.1,20.8,90.0,1.0,0.0,20.8,36.6,31.0,1.14,0.2407,True
24.98,92.86,108.0,11.9,20.0,47.9,0.742,0.6704,20.0,35.7,32.1,1.16,0.179,True
24.98,92.87,45.0,7.9,22.5,0.0,0.0,1.0,22.5,40.2,29.2,1.2,0.1192,True
24.98,92.88,78.0,6.0,22.3,132.1,0.742,-0.6704,22.3,39.9,31.2,1.19,0.0907,True
24.98,92.89,52.0,11.0,20.9,90.0,1.0,0.0,20.9,40.0,30.5,1.2,0.1653,True
24.98,92.9,98.0,10.7,23.8,132.1,0.742,-0.6704,23.8,40.0,29.3,1.17,0.1609,True
24.98,92.91,143.0,29.8,22.4,132.1,0.742,-0.6704,22.4,33.8,30.6,1.15,0.4303,True
24.99,92.73,95.0,8.9,23.2,47.9,0.742,0.6704,23.2,40.9,28.1,1.17,0.1345,True
24.99,92.74,79.0,14.3,23.8,132.1,0.742,-0.6704,23.8,38.0,26.8,1.16,0.2148,True
24.99,92.75,154.0,33.2,24.4,132.1,0.742,-0.6704,24.4,36.8,25.9,1.14,0.4761,True
24.99,92.76,170.0,40.4,23.5,90.0,1.0,0.0,23.5,35.3,27.4,1.18,0.5636,True
24.99,92.77,268.0,35.0,23.5,90.0,1.0,0.0,23.5,36.5,28.6,1.18,0.4988,True
24.99,92.78,206.0,31.4,24.5,47.9,0.742,0.6704,24.5,38.3,26.4,1.15,0.4531,True
24.99,92.79,162.0,33.4,21.6,132.1,0.742,-0.6704,21.6,37.8,28.2,1.14,0.4787,True
24.99,92.8,269.0,34.1,22.5,90.0,1.0,0.0,22.5,37.3,28.2,1.14,0.4875,True
24.99,92.81,266.0,32.4,21.8,90.0,1.0,0.0,21.8,36.9,30.1,1.15,0.4659,True
24.99,92.82,200.0,29.6,21.7,47.9,0.742,0.6704,21.7,38.5,29.0,1.14,0.4291,True
24.99,92.83,181.0,28.8,22.5,90.0,1.0,0.0,22.5,36.2,30.1,1.12,0.4186,True
24.99,92.84,189.0,21.6,22.5,47.9,0.742,0.6704,22.5,33.3,30.9,1.12,0.3198,True
24.99,92.85,252.0,22.6,22.9,0.0,0.0,1.0,22.9,32.3,29.5,1.12,0.3339,True
24.99,92.86,62.0,22.6,20.3,0.0,0.0,1.0,20.3,36.6,31.2,1.14,0.3336,True
24.99,92.87,66.0,8.4,22.5,47.9,0.742,0.6704,22.5,39.3,30.3,1.17,0.1268,True
24.99,92.88,71.0,11.1,22.6,132.1,0.742,-0.6704,22.6,39.2,29.8,1.18,0.167,True
24.99,92.89,150.0,11.0,21.4,90.0,1.0,0.0,21.4,30.7,32.2,1.21,0.1655,True
24.99,92.9,103.0,15.2,20.9,180.0,0.0,-1.0,20.9,34.8,31.2,1.21,0.2272,True
24.99,92.91,227.0,33.8,20.9,180.0,0.0,-1.0,20.9,31.0,31.6,1.12,0.4816,True
24.99,92.92,532.0,35.0,21.0,270.0,-1.0,-0.0,21.0,29.2,32.1,1.12,0.4962,True
24.99,92.93,524.0,26.9,19.3,227.9,-0.742,-0.6704,19.3,31.1,33.2,1.12,0.3914,True
24.99,92.94,517.0,15.9,22.0,227.9,-0.742,-0.6704,22.0,29.7,32.2,1.1,0.2368,True
25.0,92.71,283.0,16.8,21.8,270.0,-1.0,-0.0,21.8,41.9,28.7,1.15,0.2513,True
25.0,92.72,201.0,20.9,24.0,0.0,0.0,1.0,24.0,40.0,27.4,1.18,0.3102,True
25.0,92.73,27.0,20.9,23.0,0.0,0.0,1.0,23.0,40.2,27.0,1.2,0.3102,True
25.0,92.74,62.0,22.7,24.5,180.0,0.0,-1.0,24.5,38.5,25.9,1.17,0.3356,True
25.0,92.75,253.0,37.2,24.8,180.0,0.0,-1.0,24.8,33.6,28.8,1.12,0.5257,True
25.0,92.76,599.0,41.0,23.9,270.0,-1.0,-0.0,23.9,33.6,30.0,1.12,0.5705,True
25.0,92.77,621.0,38.0,24.7,270.0,-1.0,-0.0,24.7,37.3,29.9,1.18,0.5354,True
25.0,92.78,498.0,30.1,25.2,90.0,1.0,0.0,25.2,36.8,28.7,1.16,0.4361,True
25.0,92.79,474.0,31.7,22.9,90.0,1.0,0.0,22.9,36.4,29.2,1.13,0.4569,True
25.0,92.8,610.0,34.1,24.4,90.0,1.0,0.0,24.4,35.9,29.3,1.15,0.4875,True
25.0,92.81,586.0,32.4,25.5,90.0,1.0,0.0,25.5,35.5,29.0,1.15,0.4659,True
25.0,92.82,343.0,36.5,23.1,90.0,1.0,0.0,23.1,36.3,29.8,1.12,0.5172,True
25.0,92.83,458.0,29.4,22.4,90.0,1.0,0.0,22.4,35.3,31.4,1.14,0.4269,True
25.0,92.84,297.0,33.2,20.1,47.9,0.742,0.6704,20.1,35.2,31.9,1.15,0.4757,True
25.0,92.85,309.0,20.0,20.8,47.9,0.742,0.6704,20.8,34.0,31.7,1.12,0.2972,True
25.0,92.86,166.0,17.4,21.4,0.0,0.0,1.0,21.4,34.6,31.5,1.14,0.2596,True
25.0,92.87,70.0,14.3,20.5,47.9,0.742,0.6704,20.5,34.5,32.7,1.15,0.2144,True
25.0,92.88,95.0,15.2,32.2,90.0,1.0,0.0,32.2,33.6,34.2,1.153,0.2274,False
25.0,92.89,205.0,13.6,32.2,180.0,0.0,-1.0,32.2,33.6,34.2,1.153,0.2039,False
25.0,92.9,173.0,14.5,22.9,132.1,0.742,-0.6704,22.9,34.0,28.7,1.17,0.217,True
25.0,92.91,77.0,33.8,22.3,227.9,-0.742,-0.6704,22.3,31.7,29.2,1.17,0.4816,True
25.0,92.92,179.0,35.0,32.5,270.0,-1.0,-0.0,32.5,33.3,34.2,1.155,0.4966,False
25.0,92.93,323.0,26.9,22.8,180.0,0.0,-1.0,22.8,27.8,30.5,1.12,0.3914,True
25.0,92.94,555.0,30.7,23.7,270.0,-1.0,-0.0,23.7,35.0,30.2,1.13,0.4413,True
25.0,92.95,606.0,27.2,24.7,227.9,-0.742,-0.6704,24.7,35.9,30.9,1.12,0.3947,True
25.0,92.96,661.0,16.2,25.4,90.0,1.0,0.0,25.4,33.1,29.8,1.15,0.2407,True
25.01,92.7,126.0,13.0,22.5,227.9,-0.742,-0.6704,22.5,40.0,28.1,1.16,0.1956,True
25.01,92.71,131.0,19.4,22.6,132.1,0.742,-0.6704,22.6,39.7,27.2,1.16,0.2888,True
25.01,92.72,139.0,24.6,24.9,90.0,1.0,0.0,24.9,40.5,26.8,1.15,0.3623,True
25.01,92.73,74.0,31.9,24.6,90.0,1.0,0.0,24.6,40.0,25.1,1.15,0.4599,True
25.01,92.74,38.0,27.2,32.4,47.9,0.742,0.6704,32.4,34.2,33.4,1.149,0.3978,False
25.01,92.75,33.0,39.8,24.1,227.9,-0.742,-0.6704,24.1,34.7,27.2,1.2,0.5571,True
25.01,92.76,160.0,41.0,32.2,270.0,-1.0,-0.0,32.2,34.2,33.5,1.149,0.571,False
25.01,92.77,227.0,38.0,32.1,270.0,-1.0,-0.0,32.1,34.3,33.6,1.149,0.5358,False
25.01,92.78,301.0,25.2,32.1,312.1,-0.742,0.6704,32.1,34.3,33.7,1.15,0.3702,False
25.01,92.79,463.0,19.5,24.5,180.0,0.0,-1.0,24.5,34.2,29.3,1.12,0.2903,True
25.01,92.8,480.0,31.4,32.0,132.1,0.742,-0.6704,32.0,34.3,33.7,1.15,0.4531,False
25.01,92.81,711.0,28.4,25.2,47.9,0.742,0.6704,25.2,37.4,31.1,1.15,0.4136,True
25.01,92.82,716.0,36.5,25.0,90.0,1.0,0.0,25.0,36.8,30.5,1.15,0.5172,True
25.01,92.83,742.0,35.3,24.1,0.0,0.0,1.0,24.1,34.0,31.2,1.19,0.5025,True
25.01,92.84,419.0,35.3,25.9,0.0,0.0,1.0,25.9,37.4,29.4,1.17,0.502,True
25.01,92.85,370.0,18.1,25.4,47.9,0.742,0.6704,25.4,35.2,29.8,1.15,0.2699,True
25.01,92.86,244.0,15.4,21.9,0.0,0.0,1.0,21.9,36.5,29.7,1.12,0.2307,True
25.01,92.87,149.0,15.0,20.2,47.9,0.742,0.6704,20.2,36.3,31.8,1.15,0.2247,True
25.01,92.88,232.0,15.2,22.1,90.0,1.0,0.0,22.1,30.7,31.1,1.14,0.2276,True
25.01,92.89,208.0,21.6,21.5,90.0,1.0,0.0,21.5,30.7,33.0,1.13,0.3193,True
25.01,92.9,224.0,22.8,22.2,90.0,1.0,0.0,22.2,32.0,31.5,1.14,0.3358,True
25.01,92.91,349.0,29.4,19.9,0.0,0.0,1.0,19.9,29.8,33.3,1.14,0.4254,True
25.01,92.92,92.0,29.4,20.9,0.0,0.0,1.0,20.9,36.3,35.9,1.16,0.425,True
25.01,92.93,213.0,26.7,20.8,227.9,-0.742,-0.6704,20.8,28.5,33.5,1.13,0.3887,True
25.01,92.94,256.0,31.3,20.4,180.0,0.0,-1.0,20.4,28.7,33.7,1.12,0.449,True
25.01,92.95,533.0,31.3,22.5,180.0,0.0,-1.0,22.5,29.3,32.3,1.12,0.4486,True
25.01,92.96,808.0,35.9,23.0,227.9,-0.742,-0.6704,23.0,34.3,31.7,1.15,0.5059,True
25.01,92.97,718.0,19.4,25.0,270.0,-1.0,-0.0,25.0,33.2,31.0,1.15,0.2863,True
25.01,92.98,686.0,18.1,24.9,0.0,0.0,1.0,24.9,29.7,31.2,1.14,0.2676,True
25.01,92.99,537.0,35.1,23.1,90.0,1.0,0.0,23.1,32.8,30.0,1.14,0.4948,True
25.02,92.68,224.0,25.2,24.7,90.0,1.0,0.0,24.7,37.8,28.7,1.15,0.3702,True
25.02,92.69,271.0,26.1,22.0,132.1,0.742,-0.6704,22.0,41.3,28.8,1.14,0.3826,True
25.02,92.7,227.0,36.8,23.5,90.0,1.0,0.0,23.5,42.1,28.1,1.14,0.5213,True
25.02,92.71,197.0,33.8,23.8,132.1,0.742,-0.6704,23.8,40.5,26.6,1.16,0.4842,True
25.02,92.72,370.0,29.2,23.5,90.0,1.0,0.0,23.5,39.8,28.5,1.14,0.4246,True
25.02,92.73,388.0,31.9,24.1,90.0,1.0,0.0,24.1,38.8,28.2,1.14,0.4599,True
25.02,92.74,194.0,29.9,23.7,47.9,0.742,0.6704,23.7,33.1,28.5,1.15,0.4338,True
25.02,92.75,144.0,22.1,22.8,132.1,0.742,-0.6704,22.8,38.4,27.1,1.13,0.3274,True
25.02,92.76,210.0,22.6,22.0,90.0,1.0,0.0,22.0,37.7,29.0,1.16,0.3345,True
25.02,92.77,50.0,39.5,22.6,180.0,0.0,-1.0,22.6,40.4,27.1,1.15,0.5536,True
25.02,92.78,426.0,39.5,23.6,180.0,0.0,-1.0,23.6,33.8,29.3,1.15,0.5531,True
25.02,92.79,568.0,21.9,24.8,227.9,-0.742,-0.6704,24.8,33.7,30.0,1.15,0.3243,True
25.02,92.8,637.0,29.5,24.5,180.0,0.0,-1.0,24.5,35.3,29.5,1.16,0.4282,True
25.02,92.81,895.0,35.7,24.8,270.0,-1.0,-0.0,24.8,40.1,28.8,1.07,0.5074,True
25.02,92.82,962.0,32.3,22.6,227.9,-0.742,-0.6704,22.6,35.4,31.7,1.1,0.4647,True
25.02,92.83,717.0,28.2,23.6,0.0,0.0,1.0,23.6,35.0,30.8,1.17,0.4109,True
25.02,92.84,592.0,25.2,26.8,0.0,0.0,1.0,26.8,36.9,29.1,1.17,0.3702,True
25.02,92.85,377.0,25.2,21.3,0.0,0.0,1.0,21.3,35.2,30.4,1.12,0.3699,True
25.02,92.86,331.0,19.9,22.5,0.0,0.0,1.0,22.5,31.9,29.2,1.14,0.2957,True
25.02,92.87,166.0,23.6,22.3,90.0,1.0,0.0,22.3,32.4,31.5,1.15,0.3478,True
25.02,92.88,214.0,23.0,22.2,180.0,0.0,-1.0,22.2,32.4,30.6,1.12,0.3392,True
25.02,92.89,408.0,23.0,21.8,180.0,0.0,-1.0,21.8,30.7,30.2,1.13,0.3389,True
25.02,92.9,436.0,33.1,20.9,0.0,0.0,1.0,20.9,28.4,32.0,1.16,0.4736,True
25.02,92.91,138.0,33.1,20.4,0.0,0.0,1.0,20.4,31.9,33.5,1.15,0.4732,True
25.02,92.92,251.0,17.5,20.1,90.0,1.0,0.0,20.1,31.0,34.2,1.14,0.2604,True
25.02,92.93,141.0,24.6,19.6,90.0,1.0,0.0,19.6,35.2,36.8,1.18,0.3601,True
25.02,92.94,184.0,27.2,21.2,227.9,-0.742,-0.6704,21.2,29.8,33.5,1.13,0.3951,True
25.02,92.95,315.0,35.9,22.2,227.9,-0.742,-0.6704,22.2,29.4,33.0,1.12,0.5064,True
25.02,92.96,526.0,29.2,23.3,270.0,-1.0,-0.0,23.3,27.2,32.8,1.12,0.4209,True
25.02,92.97,540.0,29.2,22.9,180.0,0.0,-1.0,22.9,30.7,33.2,1.11,0.4206,True
25.02,92.98,795.0,29.2,25.5,180.0,0.0,-1.0,25.5,32.8,29.4,1.11,0.4202,True
25.02,92.99,892.0,35.1,28.0,90.0,1.0,0.0,28.0,34.3,27.1,1.09,0.4948,True
25.02,93.0,719.0,26.3,23.3,0.0,0.0,1.0,23.3,31.5,30.9,1.14,0.381,True
25.02,93.01,493.0,39.7,22.3,90.0,1.0,0.0,22.3,28.8,32.7,1.16,0.5488,True
25.03,92.67,298.0,23.4,24.1,47.9,0.742,0.6704,24.1,38.2,28.6,1.15,0.345,True
25.03,92.68,461.0,25.2,24.6,90.0,1.0,0.0,24.6,39.9,29.6,1.15,0.3702,True
25.03,92.69,394.0,24.8,23.6,180.0,0.0,-1.0,23.6,38.5,29.1,1.14,0.3651,True
25.03,92.7,605.0,36.8,23.8,90.0,1.0,0.0,23.8,38.3,29.5,1.13,0.5213,True
25.03,92.71,471.0,28.5,24.5,90.0,1.0,0.0,24.5,38.8,28.3,1.14,0.4153,True
25.03,92.72,652.0,33.8,24.7,132.1,0.742,-0.6704,24.7,39.8,29.2,1.13,0.4846,True
25.03,92.73,586.0,31.6,26.8,0.0,0.0,1.0,26.8,37.5,28.5,1.12,0.4564,True
25.03,92.74,305.0,32.6,24.9,132.1,0.742,-0.6704,24.9,36.2,27.9,1.16,0.4693,True
25.03,92.75,320.0,39.8,24.7,90.0,1.0,0.0,24.7,35.1,29.2,1.15,0.5576,True
25.03,92.76,420.0,38.0,24.2,0.0,0.0,1.0,24.2,33.0,28.8,1.14,0.5358,True
25.03,92.77,63.0,39.8,22.2,90.0,1.0,0.0,22.2,33.6,30.3,1.1,0.5571,True
25.03,92.78,294.0,30.5,22.6,180.0,0.0,-1.0,22.6,33.2,30.0,1.1,0.4417,True
25.03,92.79,563.0,31.0,24.7,227.9,-0.742,-0.6704,24.7,35.0,28.6,1.08,0.4479,True
25.03,92.8,601.0,24.2,24.7,227.9,-0.742,-0.6704,24.7,37.6,30.2,1.11,0.3565,True
25.03,92.81,532.0,35.7,25.6,270.0,-1.0,-0.0,25.6,35.3,29.7,1.11,0.5074,True
25.03,92.82,797.0,31.4,24.9,227.9,-0.742,-0.6704,24.9,36.3,31.0,1.1,0.4531,True
25.03,92.83,702.0,33.0,25.6,0.0,0.0,1.0,25.6,35.1,28.6,1.15,0.4736,True
25.03,92.84,406.0,33.0,27.0,0.0,0.0,1.0,27.0,35.3,28.3,1.14,0.4736,True
25.03,92.85,426.0,24.2,24.8,90.0,1.0,0.0,24.8,35.2,29.5,1.12,0.3565,True
25.03,92.86,353.0,23.8,22.6,47.9,0.742,0.6704,22.6,35.2,29.8,1.12,0.3506,True
25.03,92.87,386.0,26.3,21.9,132.1,0.742,-0.6704,21.9,31.8,30.6,1.14,0.3849,True
25.03,92.88,348.0,36.6,22.3,90.0,1.0,0.0,22.3,32.1,30.5,1.12,0.5176,True
25.03,92.89,363.0,27.9,20.8,47.9,0.742,0.6704,20.8,31.7,30.8,1.12,0.4062,True
25.03,92.9,189.0,26.1,21.5,270.0,-1.0,-0.0,21.5,34.0,29.3,1.12,0.3816,True
25.03,92.91,233.0,17.8,21.8,90.0,1.0,0.0,21.8,31.8,30.8,1.14,0.2649,True
25.03,92.92,255.0,16.5,23.3,132.1,0.742,-0.6704,23.3,30.7,30.8,1.16,0.2459,True
25.03,92.93,372.0,25.9,20.8,0.0,0.0,1.0,20.8,28.9,34.1,1.13,0.3779,True
25.03,92.94,150.0,35.1,21.8,90.0,1.0,0.0,21.8,33.3,32.9,1.15,0.497,True
25.03,92.95,394.0,28.1,21.3,180.0,0.0,-1.0,21.3,28.2,34.1,1.12,0.4067,True
25.03,92.96,535.0,25.5,22.1,180.0,0.0,-1.0,22.1,33.0,32.4,1.1,0.3715,True
25.03,92.97,753.0,33.5,24.7,227.9,-0.742,-0.6704,24.7,34.9,30.9,1.15,0.4758,True
25.03,92.98,708.0,23.7,26.5,270.0,-1.0,-0.0,26.5,35.4,28.1,1.12,0.3462,True
25.03,92.99,894.0,30.9,28.4,227.9,-0.742,-0.6704,28.4,39.5,23.5,1.1,0.4419,True
25.03,93.0,941.0,33.4,24.1,47.9,0.742,0.6704,24.1,32.5,31.3,1.13,0.4733,True
25.03,93.01,912.0,39.7,22.6,90.0,1.0,0.0,22.6,31.4,32.1,1.08,0.5488,True
25.03,93.02,909.0,31.4,22.9,132.1,0.742,-0.6704,22.9,32.4,31.5,1.12,0.4472,True
25.03,93.03,692.0,34.1,27.6,47.9,0.742,0.6704,27.6,32.2,30.0,1.15,0.4812,True
25.04,92.66,592.0,23.4,25.4,47.9,0.742,0.6704,25.4,39.4,28.6,1.12,0.345,True
25.04,92.67,450.0,19.1,25.1,47.9,0.742,0.6704,25.1,36.7,29.1,1.12,0.2845,True
25.04,92.68,331.0,23.3,24.8,47.9,0.742,0.6704,24.8,36.8,29.4,1.15,0.344,True
25.04,92.69,455.0,25.2,24.3,180.0,0.0,-1.0,24.3,38.5,29.0,1.12,0.3706,True
25.04,92.7,670.0,25.2,24.6,180.0,0.0,-1.0,24.6,38.7,28.2,1.15,0.3709,True
25.04,92.71,668.0,21.3,22.5,90.0,1.0,0.0,22.5,40.5,29.0,1.15,0.3164,True
25.04,92.72,785.0,25.5,24.9,312.1,-0.742,0.6704,24.9,41.1,28.5,1.14,0.375,True
25.04,92.73,738.0,32.5,24.7,47.9,0.742,0.6704,24.7,41.2,28.1,1.12,0.4684,True
25.04,92.74,506.0,27.1,26.5,180.0,0.0,-1.0,26.5,38.2,28.2,1.14,0.3972,True
25.04,92.75,740.0,39.8,25.2,90.0,1.0,0.0,25.2,39.1,28.6,1.19,0.5576,True
25.04,92.76,526.0,34.2,23.3,47.9,0.742,0.6704,23.3,37.9,31.0,1.12,0.4896,True
25.04,92.77,484.0,39.8,24.7,90.0,1.0,0.0,24.7,34.8,28.5,1.17,0.5571,True
25.04,92.78,154.0,35.9,22.4,0.0,0.0,1.0,22.4,35.9,30.5,1.16,0.5103,True
25.04,92.79,295.0,28.0,23.8,270.0,-1.0,-0.0,23.8,34.1,29.1,1.1,0.4082,True
25.04,92.8,426.0,34.2,25.2,270.0,-1.0,-0.0,25.2,35.2,29.5,1.17,0.4888,True
25.04,92.81,381.0,31.4,25.9,227.9,-0.742,-0.6704,25.9,36.3,28.2,1.16,0.4531,True
25.04,92.82,592.0,24.8,24.5,180.0,0.0,-1.0,24.5,36.6,28.6,1.13,0.3647,True
25.04,92.83,643.0,19.2,31.7,47.9,0.742,0.6704,31.7,34.0,34.2,1.15,0.286,False
25.04,92.84,515.0,21.9,25.4,90.0,1.0,0.0,25.4,34.6,29.8,1.15,0.3243,True
25.04,92.85,653.0,24.2,23.9,90.0,1.0,0.0,23.9,35.2,30.1,1.17,0.3565,True
25.04,92.86,463.0,34.2,25.4,132.1,0.742,-0.6704,25.4,35.2,30.5,1.16,0.4883,True
25.04,92.87,495.0,40.4,24.8,90.0,1.0,0.0,24.8,32.4,30.2,1.13,0.5631,True
25.04,92.88,723.0,36.6,31.9,90.0,1.0,0.0,31.9,33.6,34.5,1.152,0.5176,False
25.04,92.89,485.0,31.3,32.0,47.9,0.742,0.6704,32.0,33.5,34.5,1.152,0.451,False
25.04,92.9,332.0,18.5,20.9,0.0,0.0,1.0,20.9,30.3,31.7,1.13,0.2752,True
25.04,92.91,395.0,23.4,21.3,132.1,0.742,-0.6704,21.3,32.7,29.2,1.13,0.3441,True
25.04,92.92,336.0,35.0,21.2,90.0,1.0,0.0,21.2,29.8,29.9,1.13,0.4966,True
25.04,92.93,457.0,24.3,23.3,47.9,0.742,0.6704,23.3,29.5,29.4,1.14,0.356,True
25.04,92.94,504.0,35.1,23.3,90.0,1.0,0.0,23.3,29.4,30.1,1.14,0.497,True
25.04,92.95,615.0,34.4,23.6,0.0,0.0,1.0,23.6,32.4,31.7,1.15,0.4879,True
25.04,92.96,302.0,40.3,24.2,47.9,0.742,0.6704,24.2,27.9,31.1,1.1,0.5581,True
25.04,92.97,540.0,27.5,24.9,180.0,0.0,-1.0,24.9,32.1,30.9,1.14,0.3981,True
25.04,92.98,486.0,30.9,24.1,227.9,-0.742,-0.6704,24.1,30.7,31.3,1.13,0.4423,True
25.04,92.99,678.0,23.2,33.3,270.0,-1.0,-0.0,33.3,32.4,34.2,1.162,0.339,False
25.04,93.0,751.0,47.3,26.9,180.0,0.0,-1.0,26.9,34.0,28.2,1.1,0.6319,True
25.04,93.01,1246.0,47.3,28.6,180.0,0.0,-1.0,28.6,38.2,25.6,1.04,0.6314,True
25.04,93.02,1153.0,37.1,33.6,0.0,0.0,1.0,33.6,32.1,34.3,1.165,0.5178,False
25.04,93.03,808.0,37.1,25.0,0.0,0.0,1.0,25.0,34.4,29.7,1.12,0.5173,True
25.04,93.04,547.0,31.6,23.5,47.9,0.742,0.6704,23.5,29.6,30.4,1.17,0.4494,True
25.05,92.64,292.0,16.4,33.0,227.9,-0.742,-0.6704,33.0,34.0,33.0,1.152,0.2451,False
25.05,92.65,347.0,36.6,33.0,180.0,0.0,-1.0,33.0,34.0,33.0,1.151,0.518,False
25.05,92.66,686.0,36.6,33.0,180.0,0.0,-1.0,33.0,34.1,33.0,1.151,0.518,False
25.05,92.67,624.0,23.3,25.2,47.9,0.742,0.6704,25.2,39.4,27.9,1.12,0.344,True
25.05,92.68,547.0,23.2,23.7,90.0,1.0,0.0,23.7,37.2,31.0,1.14,0.3429,True
25.05,92.69,611.0,23.4,24.8,270.0,-1.0,-0.0,24.8,36.0,29.8,1.15,0.3459,True
25.05,92.7,646.0,29.4,23.6,270.0,-1.0,-0.0,23.6,38.8,28.6,1.13,0.4276,True
25.05,92.71,580.0,27.9,24.4,270.0,-1.0,-0.0,24.4,40.5,28.2,1.12,0.408,True
25.05,92.72,750.0,35.1,25.7,312.1,-0.742,0.6704,25.7,41.7,27.5,1.12,0.5013,True
25.05,92.73,461.0,32.3,26.4,0.0,0.0,1.0,26.4,37.3,27.8,1.12,0.4663,True
25.05,92.74,573.0,27.8,32.6,180.0,0.0,-1.0,32.6,34.3,33.0,1.146,0.407,False
25.05,92.75,814.0,36.2,32.5,227.9,-0.742,-0.6704,32.5,34.3,33.1,1.147,0.5149,False
25.05,92.76,731.0,27.6,23.4,0.0,0.0,1.0,23.4,40.4,28.6,1.2,0.4039,True
25.05,92.77,492.0,27.6,25.6,0.0,0.0,1.0,25.6,38.6,30.1,1.15,0.4036,True
25.05,92.78,331.0,35.3,23.8,90.0,1.0,0.0,23.8,33.8,29.7,1.15,0.5029,True
25.05,92.79,172.0,37.2,31.9,47.9,0.742,0.6704,31.9,34.4,33.7,1.15,0.5257,False
25.05,92.8,83.0,34.2,23.6,270.0,-1.0,-0.0,23.6,34.3,30.1,1.15,0.4888,True
25.05,92.81,294.0,37.3,23.9,180.0,0.0,-1.0,23.9,33.8,30.0,1.18,0.5269,True
25.05,92.82,642.0,37.3,24.7,180.0,0.0,-1.0,24.7,38.5,29.1,1.18,0.5269,True
25.05,92.83,718.0,18.1,31.6,312.1,-0.742,0.6704,31.6,33.9,34.5,1.15,0.2702,False
25.05,92.84,718.0,23.8,23.3,270.0,-1.0,-0.0,23.3,34.6,29.8,1.18,0.3509,True
25.05,92.85,713.0,24.1,24.7,132.1,0.742,-0.6704,24.7,33.3,28.9,1.18,0.3551,True
25.05,92.86,710.0,31.9,25.1,132.1,0.742,-0.6704,25.1,34.4,31.6,1.19,0.4595,True
25.05,92.87,925.0,40.4,24.5,90.0,1.0,0.0,24.5,34.3,32.5,1.12,0.5631,True
25.05,92.88,898.0,38.0,24.0,0.0,0.0,1.0,24.0,33.6,31.8,1.13,0.5349,True
25.05,92.89,541.0,42.1,25.2,90.0,1.0,0.0,25.2,32.3,30.9,1.15,0.582,True
25.05,92.9,489.0,45.9,25.2,90.0,1.0,0.0,25.2,32.6,29.5,1.12,0.6228,True
25.05,92.91,411.0,41.3,22.5,47.9,0.742,0.6704,22.5,34.0,29.5,1.12,0.5719,True
25.05,92.92,689.0,35.0,25.2,90.0,1.0,0.0,25.2,36.5,30.9,1.12,0.4966,True
25.05,92.93,594.0,35.4,25.4,90.0,1.0,0.0,25.4,35.6,30.9,1.14,0.5011,True
25.05,92.94,571.0,34.1,23.3,180.0,0.0,-1.0,23.3,28.9,32.1,1.12,0.4846,True
25.05,92.95,880.0,40.3,24.8,47.9,0.742,0.6704,24.8,32.2,32.2,1.15,0.5585,True
25.05,92.96,544.0,40.8,24.3,90.0,1.0,0.0,24.3,32.4,30.3,1.12,0.5633,True
25.05,92.97,458.0,37.5,23.4,47.9,0.742,0.6704,23.4,29.5,30.4,1.14,0.5243,True
25.05,92.98,396.0,25.2,23.6,47.9,0.742,0.6704,23.6,32.0,30.7,1.14,0.3664,True
25.05,92.99,593.0,23.4,23.9,132.1,0.742,-0.6704,23.9,32.6,29.5,1.15,0.3415,True
25.05,93.0,724.0,37.5,24.8,227.9,-0.742,-0.6704,24.8,34.6,28.2,1.16,0.523,True
25.05,93.01,874.0,39.9,28.6,180.0,0.0,-1.0,28.6,42.7,23.6,1.11,0.5511,True
25.05,93.02,1256.0,39.9,27.9,180.0,0.0,-1.0,27.9,37.7,27.3,1.02,0.5506,True
25.05,93.03,965.0,32.5,24.8,0.0,0.0,1.0,24.8,27.4,32.2,1.1,0.4608,True
25.05,93.04,755.0,44.7,25.7,90.0,1.0,0.0,25.7,29.7,29.9,1.16,0.6027,True
25.05,93.05,609.0,43.5,27.6,47.9,0.742,0.6704,27.6,27.0,29.6,1.17,0.5898,True
25.06,92.63,92.0,16.4,23.6,227.9,-0.742,-0.6704,23.6,40.2,25.3,1.14,0.2449,True
25.06,92.64,169.0,14.7,24.8,227.9,-0.742,-0.6704,24.8,39.6,26.0,1.11,0.2203,True
25.06,92.65,205.0,38.9,23.9,180.0,0.0,-1.0,23.9,39.1,28.5,1.12,0.5456,True
25.06,92.66,573.0,38.9,24.8,180.0,0.0,-1.0,24.8,37.9,28.3,1.1,0.5461,True
25.06,92.67,409.0,23.1,23.4,270.0,-1.0,-0.0,23.4,37.9,29.1,1.09,0.3412,True
25.06,92.68,541.0,25.3,25.5,227.9,-0.742,-0.6704,25.5,36.8,28.3,1.09,0.3719,True
25.06,92.69,393.0,23.4,33.0,270.0,-1.0,-0.0,33.0,34.2,32.8,1.148,0.3459,False
25.06,92.7,362.0,29.4,23.8,270.0,-1.0,-0.0,23.8,38.6,28.5,1.11,0.428,True
25.06,92.71,313.0,32.7,24.8,227.9,-0.742,-0.6704,24.8,39.3,27.4,1.1,0.471,True
25.06,92.72,499.0,26.5,25.8,0.0,0.0,1.0,25.8,38.5,28.4,1.11,0.3894,True
25.06,92.73,271.0,35.1,26.6,312.1,-0.742,0.6704,26.6,37.9,26.7,1.12,0.5022,True
25.06,92.74,316.0,36.2,25.9,227.9,-0.742,-0.6704,25.9,38.1,26.7,1.11,0.5158,True
25.06,92.75,447.0,36.0,25.4,270.0,-1.0,-0.0,25.4,37.9,28.3,1.12,0.5133,True
25.06,92.76,514.0,25.0,23.9,227.9,-0.742,-0.6704,23.9,36.9,30.9,1.12,0.3688,True
25.06,92.77,609.0,27.5,24.1,270.0,-1.0,-0.0,24.1,40.1,29.5,1.16,0.4026,True
25.06,92.78,688.0,37.2,21.9,47.9,0.742,0.6704,21.9,41.9,29.6,1.15,0.5267,True
25.06,92.79,407.0,33.2,22.8,0.0,0.0,1.0,22.8,37.5,31.8,1.15,0.4766,True
25.06,92.8,108.0,34.3,21.9,47.9,0.742,0.6704,21.9,34.7,32.8,1.12,0.4904,True
25.06,92.81,245.0,32.0,23.6,180.0,0.0,-1.0,23.6,36.8,31.6,1.12,0.4612,True
25.06,92.82,530.0,33.8,26.0,180.0,0.0,-1.0,26.0,36.1,28.7,1.14,0.4842,True
25.06,92.83,835.0,38.6,24.3,312.1,-0.742,0.6704,24.3,34.7,31.9,1.12,0.5425,True
25.06,92.84,495.0,36.7,23.0,0.0,0.0,1.0,23.0,35.1,32.1,1.15,0.5197,True
25.06,92.85,808.0,37.2,25.6,227.9,-0.742,-0.6704,25.6,34.8,28.2,1.15,0.5257,True
25.06,92.86,1018.0,36.4,27.2,270.0,-1.0,-0.0,27.2,37.3,25.7,1.1,0.516,True
25.06,92.87,1134.0,35.6,27.4,227.9,-0.742,-0.6704,27.4,38.3,26.3,1.13,0.5058,True
25.06,92.88,988.0,33.3,27.2,47.9,0.742,0.6704,27.2,38.1,26.0,1.11,0.477,True
25.06,92.89,997.0,42.1,27.1,90.0,1.0,0.0,27.1,37.4,26.9,1.1,0.582,True
25.06,92.9,1009.0,45.9,26.6,90.0,1.0,0.0,26.6,38.4,25.3,1.12,0.6228,True
25.06,92.91,747.0,33.7,26.3,90.0,1.0,0.0,26.3,35.7,27.8,1.14,0.4808,True
25.06,92.92,958.0,38.8,27.0,132.1,0.742,-0.6704,27.0,39.3,26.6,1.07,0.5425,True
25.06,92.93,952.0,35.4,25.9,90.0,1.0,0.0,25.9,36.4,27.0,1.11,0.5011,True
25.06,92.94,876.0,31.2,25.5,90.0,1.0,0.0,25.5,36.0,27.2,1.12,0.4477,True
25.06,92.95,871.0,30.1,26.2,90.0,1.0,0.0,26.2,35.3,26.4,1.12,0.4327,True
25.06,92.96,980.0,40.8,22.8,90.0,1.0,0.0,22.8,34.9,30.3,1.1,0.5633,True
25.06,92.97,716.0,33.3,23.3,0.0,0.0,1.0,23.3,35.2,30.1,1.14,0.4729,True
25.06,92.98,416.0,33.3,26.1,0.0,0.0,1.0,26.1,28.2,30.7,1.14,0.4725,True
25.06,92.99,572.0,34.6,25.1,180.0,0.0,-1.0,25.1,32.1,32.4,1.15,0.4883,True
25.06,93.0,887.0,35.1,24.9,270.0,-1.0,-0.0,24.9,32.9,29.6,1.13,0.494,True
25.06,93.01,1151.0,42.2,27.6,227.9,-0.742,-0.6704,27.6,37.2,26.8,1.06,0.5766,True
25.06,93.02,1104.0,20.2,29.2,227.9,-0.742,-0.6704,29.2,35.5,25.5,1.07,0.2961,True
25.06,93.03,940.0,34.6,27.6,180.0,0.0,-1.0,27.6,36.7,25.3,1.13,0.487,True
25.06,93.04,1255.0,44.7,33.9,90.0,1.0,0.0,33.9,31.8,34.4,1.167,0.6027,False
25.06,93.05,1016.0,38.9,28.9,90.0,1.0,0.0,28.9,35.0,24.4,1.12,0.5376,True
25.06,93.06,1088.0,35.1,28.0,132.1,0.742,-0.6704,28.0,35.7,26.5,1.04,0.4923,True
25.06,93.07,877.0,24.8,27.2,0.0,0.0,1.0,27.2,34.8,24.5,1.1,0.3588,True
25.07,92.62,278.0,26.6,24.8,90.0,1.0,0.0,24.8,36.3,27.4,1.12,0.3883,True
25.07,92.63,146.0,29.5,23.5,47.9,0.742,0.6704,23.5,40.5,27.6,1.12,0.4275,True
25.07,92.64,199.0,21.7,24.6,90.0,1.0,0.0,24.6,39.1,27.2,1.1,0.321,True
25.07,92.65,156.0,31.5,24.8,227.9,-0.742,-0.6704,24.8,38.8,26.7,1.12,0.454,True
25.07,92.66,208.0,35.9,24.8,270.0,-1.0,-0.0,24.8,39.1,27.5,1.12,0.5099,True
25.07,92.67,220.0,27.4,25.7,312.1,-0.742,0.6704,25.7,38.4,25.6,1.1,0.4005,True
25.07,92.68,350.0,20.7,24.7,270.0,-1.0,-0.0,24.7,37.7,26.9,1.12,0.3079,True
25.07,92.69,287.0,20.5,22.8,312.1,-0.742,0.6704,22.8,40.0,28.9,1.14,0.3051,True
25.07,92.7,261.0,19.2,24.9,90.0,1.0,0.0,24.9,38.8,28.5,1.12,0.2867,True
25.07,92.71,244.0,20.5,26.9,227.9,-0.742,-0.6704,26.9,39.2,24.7,1.12,0.3056,True
25.07,92.72,251.0,26.2,26.6,270.0,-1.0,-0.0,26.6,39.6,25.8,1.12,0.3856,True
25.07,92.73,226.0,21.9,26.0,312.1,-0.742,0.6704,26.0,40.5,25.5,1.12,0.326,True
25.07,92.74,214.0,18.9,26.1,227.9,-0.742,-0.6704,26.1,39.9,25.7,1.14,0.2831,True
25.07,92.75,196.0,26.4,25.8,270.0,-1.0,-0.0,25.8,39.9,26.5,1.2,0.389,True
25.07,92.76,303.0,24.2,25.5,227.9,-0.742,-0.6704,25.5,38.4,27.8,1.1,0.3583,True
25.07,92.77,346.0,32.9,22.6,180.0,0.0,-1.0,22.6,36.1,30.0,1.09,0.4744,True
25.07,92.78,641.0,45.0,22.6,270.0,-1.0,-0.0,22.6,34.9,31.8,1.16,0.617,True
25.07,92.79,572.0,39.7,22.6,0.0,0.0,1.0,22.6,34.9,32.2,1.12,0.5569,True
25.07,92.8,193.0,39.7,32.0,0.0,0.0,1.0,32.0,34.2,33.8,1.148,0.5564,False
25.07,92.81,203.0,31.6,23.2,180.0,0.0,-1.0,23.2,35.5,30.9,1.12,0.456,True
25.07,92.82,484.0,35.6,20.6,180.0,0.0,-1.0,20.6,34.3,31.8,1.1,0.5066,True
25.07,92.83,811.0,48.7,23.3,0.0,0.0,1.0,23.3,41.1,29.4,1.1,0.6533,True
25.07,92.84,291.0,48.7,22.2,0.0,0.0,1.0,22.2,34.1,29.5,1.14,0.6533,True
25.07,92.85,582.0,32.6,22.1,227.9,-0.742,-0.6704,22.1,34.0,32.1,1.12,0.4685,True
25.07,92.86,646.0,43.2,23.5,180.0,0.0,-1.0,23.5,35.0,31.7,1.12,0.5953,True
25.07,92.87,1074.0,44.0,22.4,227.9,-0.742,-0.6704,22.4,32.5,34.1,1.08,0.6035,True
25.07,92.88,1055.0,33.1,27.1,227.9,-0.742,-0.6704,27.1,38.5,25.1,1.11,0.4745,True
25.07,92.89,1223.0,31.6,27.2,270.0,-1.0,-0.0,27.2,37.0,28.7,1.08,0.4548,True
25.07,92.9,1166.0,31.6,28.4,47.9,0.742,0.6704,28.4,37.4,27.0,1.04,0.4545,True
25.07,92.91,948.0,26.1,27.5,180.0,0.0,-1.0,27.5,37.2,26.5,1.12,0.3812,True
25.07,92.92,1172.0,32.0,28.6,132.1,0.742,-0.6704,28.6,34.8,27.0,1.07,0.4588,True
25.07,92.93,1052.0,31.1,28.7,90.0,1.0,0.0,28.7,38.0,26.2,1.1,0.4468,True
25.07,92.94,1137.0,32.5,28.0,270.0,-1.0,-0.0,28.0,35.0,27.7,1.1,0.464,True
25.07,92.95,1164.0,30.1,27.1,90.0,1.0,0.0,27.1,37.2,28.0,1.11,0.4327,True
25.07,92.96,1004.0,32.2,26.9,0.0,0.0,1.0,26.9,37.6,26.2,1.1,0.4594,True
25.07,92.97,717.0,32.2,28.4,0.0,0.0,1.0,28.4,37.0,23.7,1.08,0.459,True
25.07,92.98,540.0,21.2,24.7,0.0,0.0,1.0,24.7,35.6,30.8,1.15,0.3112,True
25.07,92.99,490.0,30.3,22.6,227.9,-0.742,-0.6704,22.6,30.6,32.2,1.14,0.4338,True
25.07,93.0,533.0,42.2,22.7,227.9,-0.742,-0.6704,22.7,33.0,29.6,1.15,0.5771,True
25.07,93.01,854.0,42.1,28.6,180.0,0.0,-1.0,28.6,35.4,25.2,1.08,0.5755,True
25.07,93.02,1266.0,42.1,29.4,180.0,0.0,-1.0,29.4,34.1,26.5,1.01,0.575,True
25.07,93.03,1222.0,29.2,28.3,90.0,1.0,0.0,28.3,34.7,28.3,1.02,0.418,True
25.07,93.04,1105.0,29.1,27.0,180.0,0.0,-1.0,27.0,38.2,27.0,1.07,0.4167,True
25.07,93.05,1359.0,34.2,29.0,90.0,1.0,0.0,29.0,34.7,25.5,1.01,0.4812,True
25.07,93.06,1105.0,39.2,26.5,90.0,1.0,0.0,26.5,36.3,28.1,1.06,0.5407,True
25.07,93.07,1050.0,34.4,26.1,47.9,0.742,0.6704,26.1,38.1,27.4,1.04,0.4833,True
25.07,93.08,787.0,36.4,28.8,47.9,0.742,0.6704,28.8,36.7,24.8,1.08,0.5072,True
25.08,92.6,367.0,27.6,22.3,90.0,1.0,0.0,22.3,39.2,28.5,1.12,0.4011,True
25.08,92.61,423.0,28.0,26.8,132.1,0.742,-0.6704,26.8,37.5,26.7,1.12,0.4068,True
25.08,92.62,531.0,31.9,24.9,0.0,0.0,1.0,24.9,38.6,28.1,1.11,0.4583,True
25.08,92.63,247.0,42.3,25.1,90.0,1.0,0.0,25.1,35.5,28.2,1.12,0.5842,True
25.08,92.64,400.0,27.1,25.5,90.0,1.0,0.0,25.5,35.8,27.3,1.12,0.3954,True
25.08,92.65,391.0,25.5,25.3,90.0,1.0,0.0,25.3,37.7,27.4,1.1,0.374,True
25.08,92.66,422.0,23.0,25.4,90.0,1.0,0.0,25.4,37.9,27.3,1.11,0.3398,True
25.08,92.67,395.0,23.8,24.9,90.0,1.0,0.0,24.9,37.3,27.8,1.12,0.3512,True
25.08,92.68,372.0,31.9,25.4,132.1,0.742,-0.6704,25.4,36.7,27.4,1.1,0.4603,True
25.08,92.69,424.0,36.3,26.4,90.0,1.0,0.0,26.4,37.0,26.6,1.12,0.5161,True
25.08,92.7,437.0,27.7,25.7,47.9,0.742,0.6704,25.7,38.5,26.6,1.12,0.4056,True
25.08,92.71,401.0,27.3,26.3,90.0,1.0,0.0,26.3,38.5,26.0,1.12,0.4006,True
25.08,92.72,280.0,34.2,26.8,90.0,1.0,0.0,26.8,38.3,26.5,1.12,0.4913,True
25.08,92.73,306.0,28.9,25.9,90.0,1.0,0.0,25.9,37.4,26.6,1.12,0.4228,True
25.08,92.74,286.0,23.7,24.8,47.9,0.742,0.6704,24.8,40.0,28.1,1.13,0.352,True
25.08,92.75,238.0,28.8,25.5,90.0,1.0,0.0,25.5,39.9,27.4,1.16,0.4222,True
25.08,92.76,251.0,21.2,25.0,47.9,0.742,0.6704,25.0,39.3,28.8,1.14,0.3169,True
25.08,92.77,215.0,32.0,24.0,227.9,-0.742,-0.6704,24.0,39.3,28.9,1.15,0.464,True
25.08,92.78,137.0,45.0,23.7,270.0,-1.0,-0.0,23.7,38.0,30.6,1.12,0.6186,True
25.08,92.79,195.0,36.8,23.7,270.0,-1.0,-0.0,23.7,36.5,29.9,1.12,0.5232,True
25.08,92.8,90.0,35.3,22.4,312.1,-0.742,0.6704,22.4,38.1,29.2,1.17,0.5042,True
25.08,92.81,198.0,22.8,21.7,227.9,-0.742,-0.6704,21.7,38.1,31.6,1.14,0.3376,True
25.08,92.82,233.0,40.3,21.7,227.9,-0.742,-0.6704,21.7,34.1,30.3,1.12,0.5629,True
25.08,92.83,366.0,41.4,21.8,270.0,-1.0,-0.0,21.8,33.4,29.8,1.12,0.5751,True
25.08,92.84,230.0,40.5,21.8,312.1,-0.742,0.6704,21.8,33.3,32.0,1.12,0.5647,True
25.08,92.85,351.0,24.6,22.1,270.0,-1.0,-0.0,22.1,32.6,31.5,1.11,0.362,True
25.08,92.86,416.0,44.0,31.2,227.9,-0.742,-0.6704,31.2,33.5,35.3,1.15,0.6041,False
25.08,92.87,611.0,49.6,24.7,180.0,0.0,-1.0,24.7,35.8,30.8,1.1,0.6622,True
25.08,92.88,1148.0,49.6,25.4,180.0,0.0,-1.0,25.4,39.4,28.1,1.1,0.6616,True
25.08,92.89,913.0,33.7,27.0,270.0,-1.0,-0.0,27.0,37.4,26.7,1.08,0.4816,True
25.08,92.9,1033.0,38.5,28.4,270.0,-1.0,-0.0,28.4,36.3,28.0,1.04,0.5399,True
25.08,92.91,973.0,32.1,29.3,270.0,-1.0,-0.0,29.3,36.8,26.4,1.06,0.4605,True
25.08,92.92,1235.0,40.4,30.3,227.9,-0.742,-0.6704,30.3,36.9,26.9,1.03,0.5611,True
25.08,92.93,1356.0,49.9,29.5,0.0,0.0,1.0,29.5,37.1,26.9,1.04,0.6611,True
25.08,92.94,815.0,49.9,28.6,0.0,0.0,1.0,28.6,35.2,26.5,1.08,0.6606,True
25.08,92.95,956.0,27.2,23.5,227.9,-0.742,-0.6704,23.5,34.5,30.9,1.13,0.3944,True
25.08,92.96,915.0,35.0,23.5,0.0,0.0,1.0,23.5,33.2,32.0,1.11,0.494,True
25.08,92.97,596.0,35.0,24.6,0.0,0.0,1.0,24.6,34.4,29.9,1.14,0.4936,True
25.08,92.98,619.0,28.1,23.3,90.0,1.0,0.0,23.3,29.3,34.0,1.15,0.405,True
25.08,92.99,759.0,28.1,25.2,90.0,1.0,0.0,25.2,34.5,30.3,1.16,0.4046,True
25.08,93.0,875.0,34.1,24.8,90.0,1.0,0.0,24.8,34.6,29.6,1.16,0.4812,True
25.08,93.01,811.0,33.8,23.7,227.9,-0.742,-0.6704,23.7,33.0,30.8,1.1,0.4771,True
25.08,93.02,963.0,40.9,28.3,180.0,0.0,-1.0,28.3,38.7,26.4,1.03,0.5615,True
25.08,93.03,1359.0,40.9,29.4,180.0,0.0,-1.0,29.4,33.7,26.2,1.0,0.561,True
25.08,93.04,1337.0,24.7,28.9,90.0,1.0,0.0,28.9,33.3,25.9,1.01,0.3578,True
25.08,93.05,1379.0,21.9,28.5,47.9,0.742,0.6704,28.5,32.8,27.1,1.03,0.3193,True
25.08,93.06,1516.0,39.2,28.1,90.0,1.0,0.0,28.1,32.3,28.2,1.01,0.5407,True
25.08,93.07,1289.0,36.4,27.2,47.9,0.742,0.6704,27.2,33.5,28.1,1.0,0.5072,True
25.08,93.08,1151.0,43.4,27.0,0.0,0.0,1.0,27.0,36.7,28.0,1.06,0.5873,True
25.08,93.09,720.0,43.4,26.4,0.0,0.0,1.0,26.4,37.2,28.0,1.08,0.5868,True
25.09,92.59,624.0,32.0,26.5,47.9,0.742,0.6704,26.5,36.3,25.3,1.12,0.4588,True
25.09,92.6,631.0,27.7,23.6,132.1,0.742,-0.6704,23.6,39.6,28.5,1.14,0.4025,True
25.09,92.61,656.0,33.3,27.3,90.0,1.0,0.0,27.3,40.3,25.8,1.12,0.4758,True
25.09,92.62,785.0,38.3,28.4,47.9,0.742,0.6704,28.4,38.6,26.1,1.09,0.5375,True
25.09,92.63,706.0,42.3,27.9,90.0,1.0,0.0,27.9,38.8,26.7,1.12,0.5842,True
25.09,92.64,658.0,31.1,28.4,132.1,0.742,-0.6704,28.4,38.3,26.6,1.09,0.4484,True
25.09,92.65,632.0,25.5,27.1,90.0,1.0,0.0,27.1,38.2,27.0,1.12,0.374,True
25.09,92.66,571.0,32.9,27.6,132.1,0.742,-0.6704,27.6,38.3,26.7,1.12,0.4723,True
25.09,92.67,618.0,38.0,27.4,90.0,1.0,0.0,27.4,39.4,26.7,1.12,0.5358,True
25.09,92.68,534.0,41.7,26.4,132.1,0.742,-0.6704,26.4,40.5,27.0,1.12,0.5795,True
25.09,92.69,795.0,36.3,27.0,90.0,1.0,0.0,27.0,39.2,28.0,1.08,0.5161,True
25.09,92.7,678.0,46.1,27.5,90.0,1.0,0.0,27.5,39.4,26.1,1.1,0.6288,True
25.09,92.71,661.0,38.5,25.4,47.9,0.742,0.6704,25.4,39.6,28.1,1.12,0.5437,True
25.09,92.72,623.0,34.2,25.2,90.0,1.0,0.0,25.2,39.7,27.0,1.14,0.4918,True
25.09,92.73,585.0,28.9,24.7,90.0,1.0,0.0,24.7,39.9,28.2,1.11,0.4232,True
25.09,92.74,422.0,27.9,25.1,90.0,1.0,0.0,25.1,36.8,29.0,1.12,0.4105,True
25.09,92.75,515.0,28.8,24.8,90.0,1.0,0.0,24.8,37.3,29.5,1.14,0.423,True
25.09,92.76,323.0,36.6,23.0,90.0,1.0,0.0,23.0,38.3,29.8,1.14,0.5239,True
25.09,92.77,408.0,28.7,23.2,90.0,1.0,0.0,23.2,36.5,31.4,1.12,0.422,True
25.09,92.78,244.0,32.9,22.2,47.9,0.742,0.6704,22.2,36.2,30.8,1.14,0.4769,True
25.09,92.79,119.0,31.0,24.4,47.9,0.742,0.6704,24.4,40.1,30.6,1.18,0.451,True
25.09,92.8,101.0,20.6,23.9,47.9,0.742,0.6704,23.9,39.7,28.1,1.2,0.3073,True
25.09,92.81,98.0,11.2,23.7,227.9,-0.742,-0.6704,23.7,44.1,26.8,1.2,0.1693,True
25.09,92.82,169.0,16.1,22.9,227.9,-0.742,-0.6704,22.9,41.2,28.3,1.12,0.2414,True
25.09,92.83,218.0,16.3,24.0,270.0,-1.0,-0.0,24.0,40.2,28.3,1.14,0.2441,True
25.09,92.84,161.0,16.8,24.3,312.1,-0.742,0.6704,24.3,41.9,26.8,1.19,0.2513,True
25.09,92.85,217.0,16.3,22.0,227.9,-0.742,-0.6704,22.0,39.6,29.4,1.15,0.2441,True
25.09,92.86,348.0,21.1,24.5,227.9,-0.742,-0.6704,24.5,33.5,29.6,1.13,0.313,True
25.09,92.87,390.0,48.1,25.7,227.9,-0.742,-0.6704,25.7,30.5,28.9,1.14,0.6467,True
25.09,92.88,695.0,41.9,23.8,270.0,-1.0,-0.0,23.8,35.1,31.6,1.14,0.5802,True
25.09,92.89,576.0,40.1,23.2,312.1,-0.742,0.6704,23.2,31.7,31.8,1.12,0.5591,True
25.09,92.9,631.0,38.5,22.2,270.0,-1.0,-0.0,22.2,32.3,33.2,1.12,0.5399,True
25.09,92.91,656.0,40.4,22.5,227.9,-0.742,-0.6704,22.5,34.9,31.8,1.11,0.5616,True
25.09,92.92,991.0,49.8,22.5,270.0,-1.0,-0.0,22.5,34.9,31.1,1.11,0.6607,True
25.09,92.93,863.0,44.3,23.6,270.0,-1.0,-0.0,23.6,32.6,32.8,1.08,0.6036,True
25.09,92.94,607.0,47.7,24.8,312.1,-0.742,0.6704,24.8,29.7,32.0,1.12,0.6387,True
25.09,92.95,759.0,32.3,24.7,180.0,0.0,-1.0,24.7,34.6,30.0,1.11,0.4606,True
25.09,92.96,1048.0,47.2,22.9,0.0,0.0,1.0,22.9,34.3,31.5,1.11,0.632,True
25.09,92.97,556.0,47.2,25.3,0.0,0.0,1.0,25.3,30.2,32.7,1.15,0.6314,True
25.09,92.98,888.0,36.0,23.0,180.0,0.0,-1.0,23.0,31.8,29.0,1.13,0.5054,True
25.09,92.99,978.0,27.9,26.7,227.9,-0.742,-0.6704,26.7,31.7,29.6,1.1,0.402,True
25.09,93.0,1025.0,21.4,29.0,132.1,0.742,-0.6704,29.0,34.6,26.4,1.1,0.3132,True
25.09,93.01,912.0,22.0,27.7,132.1,0.742,-0.6704,27.7,35.9,26.7,1.08,0.3213,True
25.09,93.02,843.0,37.2,27.6,227.9,-0.742,-0.6704,27.6,35.5,28.4,1.1,0.5181,True
25.09,93.03,1120.0,31.5,27.6,180.0,0.0,-1.0,27.6,38.7,26.5,1.07,0.4477,True
25.09,93.04,1400.0,31.5,29.8,180.0,0.0,-1.0,29.8,29.0,26.0,1.0,0.4473,True
25.09,93.05,1489.0,35.9,34.2,0.0,0.0,1.0,34.2,31.4,34.4,1.169,0.5016,False
25.09,93.06,1159.0,36.7,34.2,47.9,0.742,0.6704,34.2,31.4,34.4,1.169,0.5112,False
25.09,93.07,975.0,38.5,25.7,312.1,-0.742,0.6704,25.7,32.4,28.8,1.12,0.5321,True
25.09,93.08,857.0,32.4,23.6,312.1,-0.742,0.6704,23.6,30.6,31.1,1.12,0.458,True
25.09,93.09,657.0,36.0,29.6,312.1,-0.742,0.6704,29.6,27.1,29.5,1.12,0.502,True
25.09,93.1,404.0,37.1,34.4,180.0,0.0,-1.0,34.4,31.0,34.5,1.171,0.5151,False
25.09,93.11,749.0,37.1,34.5,180.0,0.0,-1.0,34.5,31.0,34.6,1.172,0.5147,False
25.1,92.58,1050.0,32.0,33.1,47.9,0.742,0.6704,33.1,33.8,33.1,1.156,0.4584,False
25.1,92.59,821.0,32.6,33.1,132.1,0.742,-0.6704,33.1,33.8,33.1,1.156,0.4661,False
25.1,92.6,748.0,45.2,33.1,90.0,1.0,0.0,33.1,33.9,33.0,1.155,0.6143,False
25.1,92.61,988.0,33.3,33.1,90.0,1.0,0.0,33.1,33.9,33.0,1.154,0.4758,False
25.1,92.62,1035.0,29.1,33.1,132.1,0.742,-0.6704,33.1,34.0,32.9,1.153,0.4218,False
25.1,92.63,1046.0,34.0,33.1,90.0,1.0,0.0,33.1,34.0,32.9,1.152,0.4854,False
25.1,92.64,792.0,29.1,33.1,0.0,0.0,1.0,33.1,34.1,32.8,1.152,0.4222,False
25.1,92.65,826.0,39.5,33.1,132.1,0.742,-0.6704,33.1,34.1,32.7,1.151,0.5526,False
25.1,92.66,830.0,47.8,33.1,90.0,1.0,0.0,33.1,34.2,32.7,1.15,0.6442,False
25.1,92.67,1012.0,39.6,33.2,90.0,1.0,0.0,33.2,34.2,32.6,1.149,0.5548,False
25.1,92.68,857.0,43.5,33.2,90.0,1.0,0.0,33.2,34.3,32.5,1.148,0.5996,False
25.1,92.69,1141.0,41.7,33.2,132.1,0.742,-0.6704,33.2,34.4,32.4,1.147,0.58,False
25.1,92.7,1203.0,46.9,33.2,0.0,0.0,1.0,33.2,34.4,32.4,1.145,0.6377,False
25.1,92.71,716.0,46.9,33.2,0.0,0.0,1.0,33.2,34.5,32.3,1.144,0.6383,False
25.1,92.72,956.0,36.0,33.3,90.0,1.0,0.0,33.3,34.6,32.2,1.143,0.5142,False
25.1,92.73,648.0,44.7,33.3,47.9,0.742,0.6704,33.3,34.6,32.0,1.141,0.6165,False
25.1,92.74,689.0,39.5,33.4,90.0,1.0,0.0,33.4,34.7,31.9,1.139,0.5585,False
25.1,92.75,470.0,43.4,33.5,90.0,1.0,0.0,33.5,34.8,31.7,1.137,0.6043,False
25.1,92.76,698.0,36.6,33.6,90.0,1.0,0.0,33.6,34.9,31.6,1.135,0.5253,False
25.1,92.77,684.0,32.9,33.6,47.9,0.742,0.6704,33.6,34.9,31.5,1.134,0.479,False
25.1,92.78,528.0,31.0,33.4,47.9,0.742,0.6704,33.4,34.8,31.8,1.136,0.4534,False
25.1,92.79,357.0,25.9,33.1,47.9,0.742,0.6704,33.1,34.6,32.3,1.139,0.3835,False
25.1,92.8,198.0,25.3,32.7,90.0,1.0,0.0,32.7,34.4,33.0,1.142,0.3742,False
25.1,92.81,130.0,24.2,32.2,47.9,0.742,0.6704,32.2,34.1,33.7,1.146,0.3577,False
25.1,92.82,107.0,18.9,22.5,47.9,0.742,0.6704,22.5,42.8,28.2,1.2,0.2822,True
25.1,92.83,117.0,11.3,21.6,270.0,-1.0,-0.0,21.6,41.5,27.9,1.23,0.1705,True
25.1,92.84,134.0,7.0,31.2,312.1,-0.742,0.6704,31.2,33.5,35.2,1.15,0.106,False
25.1,92.85,164.0,18.3,31.2,180.0,0.0,-1.0,31.2,33.5,35.2,1.15,0.273,False
25.1,92.86,315.0,18.3,31.4,180.0,0.0,-1.0,31.4,33.5,35.1,1.15,0.273,False
25.1,92.87,290.0,30.8,31.6,227.9,-0.742,-0.6704,31.6,33.5,34.9,1.151,0.4449,False
25.1,92.88,439.0,26.9,31.8,270.0,-1.0,-0.0,31.8,33.5,34.7,1.151,0.3931,False
25.1,92.89,294.0,30.5,32.0,312.1,-0.742,0.6704,32.0,33.4,34.5,1.152,0.4406,False
25.1,92.9,497.0,27.3,32.3,270.0,-1.0,-0.0,32.3,33.3,34.4,1.154,0.3974,False
25.1,92.91,317.0,44.7,32.5,227.9,-0.742,-0.6704,32.5,33.2,34.3,1.155,0.609,False
25.1,92.92,395.0,49.8,32.7,270.0,-1.0,-0.0,32.7,33.1,34.3,1.156,0.6607,False
25.1,92.93,373.0,44.2,32.8,270.0,-1.0,-0.0,32.8,32.9,34.2,1.158,0.602,False
25.1,92.94,398.0,35.6,33.0,180.0,0.0,-1.0,33.0,32.8,34.2,1.159,0.5023,False
25.1,92.95,725.0,38.7,23.3,270.0,-1.0,-0.0,23.3,32.8,32.3,1.1,0.539,True
25.1,92.96,567.0,43.6,33.4,270.0,-1.0,-0.0,33.4,32.4,34.2,1.162,0.5935,False
25.1,92.97,428.0,42.3,33.5,312.1,-0.742,0.6704,33.5,32.3,34.2,1.163,0.5787,False
25.1,92.98,617.0,28.2,33.6,270.0,-1.0,-0.0,33.6,32.1,34.2,1.164,0.406,False
25.1,92.99,814.0,32.5,33.7,227.9,-0.742,-0.6704,33.7,32.0,34.3,1.165,0.4612,False
25.1,93.0,860.0,28.0,33.9,227.9,-0.742,-0.6704,33.9,31.9,34.3,1.166,0.4026,False
25.1,93.01,872.0,34.6,33.9,180.0,0.0,-1.0,33.9,31.8,34.3,1.166,0.487,False
25.1,93.02,1187.0,35.8,34.0,227.9,-0.742,-0.6704,34.0,31.6,34.3,1.167,0.5012,False
25.1,93.03,1236.0,30.0,34.1,132.1,0.742,-0.6704,34.1,31.5,34.4,1.168,0.4281,False
25.1,93.04,1371.0,33.0,34.2,180.0,0.0,-1.0,34.2,31.5,34.4,1.168,0.4663,False
25.1,93.05,1667.0,42.2,34.2,227.9,-0.742,-0.6704,34.2,31.4,34.4,1.169,0.5746,False
25.1,93.06,1310.0,38.0,34.3,0.0,0.0,1.0,34.3,31.3,34.4,1.17,0.5262,False
25.1,93.07,1263.0,33.5,34.3,0.0,0.0,1.0,34.3,31.2,34.5,1.17,0.4717,False
25.1,93.08,961.0,35.7,34.4,47.9,0.742,0.6704,34.4,31.1,34.5,1.171,0.4983,False
25.1,93.09,835.0,32.4,34.4,47.9,0.742,0.6704,34.4,31.0,34.5,1.171,0.4576,False
25.1,93.1,646.0,28.9,34.5,47.9,0.742,0.6704,34.5,30.9,34.6,1.172,0.4124,False
25.1,93.11,714.0,24.5,34.5,132.1,0.742,-0.6704,34.5,30.9,34.6,1.172,0.3538,False
25.1,93.12,711.0,15.5,34.6,47.9,0.742,0.6704,34.6,30.8,34.6,1.173,0.2278,False
25.11,92.57,763.0,41.3,33.1,180.0,0.0,-1.0,33.1,33.7,33.2,1.157,0.5704,False
25.11,92.58,1164.0,46.0,33.1,312.1,-0.742,0.6704,33.1,33.8,33.1,1.157,0.6217,False
25.11,92.59,849.0,41.7,26.6,180.0,0.0,-1.0,26.6,36.8,26.6,1.09,0.5755,True
25.11,92.6,1256.0,52.0,33.1,270.0,-1.0,-0.0,33.1,33.9,33.0,1.155,0.6823,False
25.11,92.61,1035.0,47.7,33.1,270.0,-1.0,-0.0,33.1,33.9,33.0,1.154,0.6409,False
25.11,92.62,782.0,31.7,25.7,180.0,0.0,-1.0,25.7,38.8,28.9,1.09,0.4557,True
25.11,92.63,1064.0,31.7,33.1,180.0,0.0,-1.0,33.1,34.0,32.8,1.153,0.4557,False
25.11,92.64,1007.0,23.1,33.1,90.0,1.0,0.0,33.1,34.1,32.8,1.152,0.3406,False
25.11,92.65,1166.0,34.0,27.5,90.0,1.0,0.0,27.5,36.7,27.4,1.06,0.4858,True
25.11,92.66,1387.0,47.8,27.4,90.0,1.0,0.0,27.4,29.0,31.2,1.03,0.6442,True
25.11,92.67,1430.0,41.4,33.2,132.1,0.742,-0.6704,33.2,34.3,32.5,1.149,0.5756,False
25.11,92.68,1335.0,43.5,33.2,90.0,1.0,0.0,33.2,34.3,32.5,1.148,0.5996,False
25.11,92.69,1431.0,40.1,33.2,132.1,0.742,-0.6704,33.2,34.4,32.4,1.147,0.5616,False
25.11,92.7,1374.0,44.0,33.3,47.9,0.742,0.6704,33.3,34.5,32.3,1.145,0.6067,False
25.11,92.71,1095.0,36.9,33.3,90.0,1.0,0.0,33.3,34.5,32.2,1.144,0.5248,False
25.11,92.72,1322.0,44.7,33.4,47.9,0.742,0.6704,33.4,34.6,32.0,1.142,0.6159,False
25.11,92.73,904.0,47.7,33.4,90.0,1.0,0.0,33.4,34.7,31.9,1.14,0.6488,False
25.11,92.74,1105.0,43.0,25.2,47.9,0.742,0.6704,25.2,38.8,29.2,1.03,0.5993,True
25.11,92.75,947.0,43.4,24.8,90.0,1.0,0.0,24.8,37.9,29.5,1.08,0.6054,True
25.11,92.76,721.0,26.3,24.9,0.0,0.0,1.0,24.9,35.3,28.5,1.12,0.3914,True
25.11,92.77,887.0,27.8,26.9,47.9,0.742,0.6704,26.9,41.1,25.7,1.1,0.4124,True
25.11,92.78,688.0,34.4,24.9,0.0,0.0,1.0,24.9,38.4,28.8,1.14,0.4986,True
25.11,92.79,375.0,36.6,26.8,90.0,1.0,0.0,26.8,35.5,28.5,1.16,0.5248,True
25.11,92.8,436.0,25.3,32.9,90.0,1.0,0.0,32.9,34.5,32.6,1.141,0.3745,False
25.11,92.81,340.0,25.3,32.5,47.9,0.742,0.6704,32.5,34.2,33.3,1.144,0.3736,False
25.11,92.82,182.0,35.2,32.0,90.0,1.0,0.0,32.0,33.9,34.0,1.147,0.5026,False
25.11,92.83,165.0,28.7,31.7,47.9,0.742,0.6704,31.7,33.8,34.5,1.148,0.4183,False
25.11,92.84,120.0,27.9,31.6,90.0,1.0,0.0,31.6,33.7,34.8,1.149,0.4072,False
25.11,92.85,130.0,20.7,31.5,47.9,0.742,0.6704,31.5,33.6,34.9,1.15,0.3074,False
25.11,92.86,163.0,16.8,31.6,270.0,-1.0,-0.0,31.6,33.6,34.8,1.15,0.2513,False
25.11,92.87,268.0,14.1,22.3,227.9,-0.742,-0.6704,22.3,35.5,29.4,1.12,0.2117,True
25.11,92.88,246.0,20.9,32.0,270.0,-1.0,-0.0,32.0,33.5,34.5,1.152,0.3097,False
25.11,92.89,249.0,20.0,32.2,227.9,-0.742,-0.6704,32.2,33.4,34.4,1.153,0.2966,False
25.11,92.9,237.0,27.3,32.4,270.0,-1.0,-0.0,32.4,33.3,34.3,1.154,0.3974,False
25.11,92.91,211.0,22.8,32.6,312.1,-0.742,0.6704,32.6,33.2,34.3,1.155,0.3355,False
25.11,92.92,223.0,18.8,32.8,270.0,-1.0,-0.0,32.8,33.0,34.2,1.157,0.2785,False
25.11,92.93,231.0,17.2,32.9,90.0,1.0,0.0,32.9,32.8,34.2,1.158,0.2554,False
25.11,92.94,274.0,33.5,33.1,227.9,-0.742,-0.6704,33.1,32.7,34.2,1.16,0.4758,False
25.11,92.95,321.0,38.7,33.3,270.0,-1.0,-0.0,33.3,32.5,34.2,1.161,0.5385,False
25.11,92.96,329.0,30.2,33.5,312.1,-0.742,0.6704,33.5,32.3,34.2,1.162,0.4329,False
25.11,92.97,369.0,20.0,33.6,227.9,-0.742,-0.6704,33.6,32.2,34.2,1.163,0.2941,False
25.11,92.98,381.0,32.5,33.7,227.9,-0.742,-0.6704,33.7,32.0,34.2,1.164,0.4616,False
25.11,92.99,498.0,32.1,33.8,270.0,-1.0,-0.0,33.8,31.9,34.3,1.165,0.4561,False
25.11,93.0,609.0,26.4,25.0,270.0,-1.0,-0.0,25.0,28.6,31.0,1.15,0.3813,True
25.11,93.01,696.0,43.4,23.2,180.0,0.0,-1.0,23.2,29.2,33.3,1.1,0.5888,True
25.11,93.02,1127.0,43.4,27.6,180.0,0.0,-1.0,27.6,33.7,28.6,1.01,0.5883,True
25.11,93.03,1108.0,41.2,34.2,270.0,-1.0,-0.0,34.2,31.5,34.4,1.168,0.5639,False
25.11,93.04,1050.0,47.1,34.2,180.0,0.0,-1.0,34.2,31.4,34.4,1.169,0.6266,False
25.11,93.05,1541.0,47.1,29.3,180.0,0.0,-1.0,29.3,34.0,26.5,1.01,0.6266,True
25.11,93.06,1595.0,46.9,34.4,270.0,-1.0,-0.0,34.4,31.2,34.4,1.17,0.6241,False
25.11,93.07,1450.0,41.2,34.4,0.0,0.0,1.0,34.4,31.1,34.5,1.17,0.563,False
25.11,93.08,1051.0,41.2,34.5,0.0,0.0,1.0,34.5,31.0,34.5,1.171,0.5625,False
25.11,93.09,1021.0,28.9,34.5,47.9,0.742,0.6704,34.5,30.9,34.5,1.171,0.4127,False
25.11,93.1,919.0,28.4,34.6,90.0,1.0,0.0,34.6,30.9,34.6,1.172,0.4058,False
25.11,93.11,900.0,29.7,34.6,0.0,0.0,1.0,34.6,30.8,34.6,1.172,0.4227,False
25.11,93.12,640.0,29.7,34.6,0.0,0.0,1.0,34.6,30.7,34.6,1.173,0.4224,False
25.11,93.13,708.0,18.8,34.7,132.1,0.742,-0.6704,34.7,30.7,34.7,1.173,0.2747,False
25.12,92.56,392.0,28.6,33.1,227.9,-0.742,-0.6704,33.1,33.7,33.2,1.158,0.4134,False
25.12,92.57,625.0,38.4,33.1,227.9,-0.742,-0.6704,33.1,33.7,33.2,1.157,0.5369,False
25.12,92.58,811.0,46.2,33.1,270.0,-1.0,-0.0,33.1,33.8,33.1,1.157,0.6238,False
25.12,92.59,459.0,49.5,33.1,227.9,-0.742,-0.6704,33.1,33.8,33.1,1.156,0.6578,False
25.12,92.6,446.0,52.0,33.1,270.0,-1.0,-0.0,33.1,33.9,33.0,1.155,0.6823,False
25.12,92.61,480.0,48.8,33.1,312.1,-0.742,0.6704,33.1,33.9,33.0,1.154,0.652,False
25.12,92.62,758.0,31.3,33.1,180.0,0.0,-1.0,33.1,34.0,32.9,1.154,0.4502,False
25.12,92.63,868.0,25.9,33.1,180.0,0.0,-1.0,33.1,34.0,32.8,1.153,0.3788,False
25.12,92.64,1090.0,25.9,33.2,180.0,0.0,-1.0,33.2,34.1,32.7,1.152,0.3792,False
25.12,92.65,1248.0,29.5,33.2,270.0,-1.0,-0.0,33.2,34.1,32.7,1.151,0.4278,False
25.12,92.66,1156.0,24.6,33.2,270.0,-1.0,-0.0,33.2,34.2,32.6,1.15,0.362,False
25.12,92.67,1064.0,36.0,33.2,270.0,-1.0,-0.0,33.2,34.3,32.5,1.149,0.5116,False
25.12,92.68,1349.0,37.4,33.3,270.0,-1.0,-0.0,33.3,34.3,32.4,1.148,0.5291,False
25.12,92.69,1341.0,36.8,33.3,270.0,-1.0,-0.0,33.3,34.4,32.3,1.147,0.5223,False
25.12,92.7,1297.0,33.5,33.3,270.0,-1.0,-0.0,33.3,34.5,32.2,1.146,0.4816,False
25.12,92.71,1382.0,39.7,33.4,270.0,-1.0,-0.0,33.4,34.6,32.1,1.144,0.5584,False
25.12,92.72,1409.0,41.5,33.4,270.0,-1.0,-0.0,33.4,34.6,31.9,1.142,0.5802,False
25.12,92.73,1458.0,47.7,33.5,90.0,1.0,0.0,33.5,34.7,31.8,1.14,0.6488,False
25.12,92.74,1138.0,35.0,33.6,0.0,0.0,1.0,33.6,34.8,31.6,1.138,0.504,False
25.12,92.75,878.0,29.7,22.8,0.0,0.0,1.0,22.8,38.3,29.4,1.08,0.4365,True
25.12,92.76,926.0,22.1,33.8,90.0,1.0,0.0,33.8,35.0,31.2,1.131,0.3326,False
25.12,92.77,970.0,34.0,33.85,0.0,0.0,1.0,33.85,35.1,31.05,1.13,0.4949,False
25.12,92.78,662.0,34.0,33.8,0.0,0.0,1.0,33.8,35.0,31.2,1.132,0.494,False
25.12,92.79,750.0,36.6,33.5,90.0,1.0,0.0,33.5,34.8,31.7,1.135,0.5253,False
25.12,92.8,662.0,30.8,33.1,90.0,1.0,0.0,33.1,34.6,32.3,1.14,0.4492,False
25.12,92.81,572.0,37.8,32.7,90.0,1.0,0.0,32.7,34.3,33.0,1.143,0.5362,False
25.12,92.82,538.0,40.1,32.4,90.0,1.0,0.0,32.4,34.1,33.6,1.146,0.5621,False
25.12,92.83,393.0,48.5,32.1,90.0,1.0,0.0,32.1,33.9,34.1,1.148,0.6524,False
25.12,92.84,387.0,48.8,31.9,90.0,1.0,0.0,31.9,33.8,34.3,1.149,0.6548,False
25.12,92.85,210.0,52.0,31.9,90.0,1.0,0.0,31.9,33.7,34.5,1.15,0.6852,False
25.12,92.86,183.0,52.0,31.9,90.0,1.0,0.0,31.9,33.6,34.5,1.15,0.6852,False
25.12,92.87,156.0,52.0,32.0,90.0,1.0,0.0,32.0,33.6,34.4,1.151,0.6846,False
25.12,92.88,280.0,52.0,32.2,90.0,1.0,0.0,32.2,33.5,34.4,1.152,0.684,False
25.12,92.89,213.0,52.0,32.3,90.0,1.0,0.0,32.3,33.4,34.3,1.153,0.6834,False
25.12,92.9,232.0,52.0,32.5,90.0,1.0,0.0,32.5,33.2,34.3,1.155,0.6823,False
25.12,92.91,297.0,52.0,32.7,90.0,1.0,0.0,32.7,33.1,34.2,1.156,0.6817,False
25.12,92.92,344.0,50.8,32.9,90.0,1.0,0.0,32.9,32.9,34.2,1.157,0.6698,False
25.12,92.93,387.0,48.8,33.1,90.0,1.0,0.0,33.1,32.8,34.2,1.159,0.6492,False
25.12,92.94,397.0,48.3,25.0,90.0,1.0,0.0,25.0,29.3,30.6,1.14,0.6437,True
25.12,92.95,372.0,49.5,33.4,90.0,1.0,0.0,33.4,32.4,34.2,1.162,0.6544,False
25.12,92.96,365.0,49.8,33.6,90.0,1.0,0.0,33.6,32.2,34.2,1.163,0.6567,False
25.12,92.97,397.0,48.3,33.7,90.0,1.0,0.0,33.7,32.1,34.2,1.164,0.6414,False
25.12,92.98,418.0,47.2,33.8,90.0,1.0,0.0,33.8,31.9,34.2,1.165,0.6298,False
25.12,92.99,379.0,49.2,25.3,90.0,1.0,0.0,25.3,28.8,30.3,1.16,0.6492,True
25.12,93.0,390.0,48.6,34.1,90.0,1.0,0.0,34.1,31.7,34.3,1.167,0.6428,False
25.12,93.01,536.0,41.0,34.1,227.9,-0.742,-0.6704,34.1,31.6,34.3,1.167,0.5622,False
25.12,93.02,719.0,39.0,34.2,270.0,-1.0,-0.0,34.2,31.5,34.3,1.168,0.5388,False
25.12,93.03,667.0,41.2,34.3,270.0,-1.0,-0.0,34.3,31.4,34.4,1.169,0.5635,False
25.12,93.04,966.0,40.2,34.3,227.9,-0.742,-0.6704,34.3,31.3,34.4,1.169,0.5521,False
25.12,93.05,1101.0,41.1,34.4,270.0,-1.0,-0.0,34.4,31.2,34.4,1.17,0.5619,False
25.12,93.06,1055.0,46.9,34.4,270.0,-1.0,-0.0,34.4,31.1,34.5,1.17,0.6241,False
25.12,93.07,1525.0,48.1,34.5,270.0,-1.0,-0.0,34.5,31.0,34.5,1.171,0.6356,False
25.12,93.08,1153.0,39.2,34.5,0.0,0.0,1.0,34.5,30.9,34.5,1.171,0.5397,False
25.12,93.09,1285.0,32.5,34.6,270.0,-1.0,-0.0,34.6,30.9,34.6,1.172,0.4584,False
25.12,93.1,1168.0,35.2,34.6,0.0,0.0,1.0,34.6,30.8,34.6,1.172,0.4918,False
25.12,93.11,846.0,35.2,34.7,0.0,0.0,1.0,34.7,30.7,34.6,1.173,0.4914,False
25.12,93.12,750.0,22.9,34.7,90.0,1.0,0.0,34.7,30.6,34.7,1.173,0.3317,False
25.12,93.13,729.0,24.9,34.8,90.0,1.0,0.0,34.8,30.6,34.7,1.173,0.3589,False
25.12,93.14,940.0,24.8,34.8,180.0,0.0,-1.0,34.8,30.5,34.7,1.174,0.3573,False
25.13,92.55,281.0,52.0,33.1,90.0,1.0,0.0,33.1,33.6,33.3,1.159,0.6799,False
25.13,92.56,216.0,52.0,24.8,90.0,1.0,0.0,24.8,40.5,25.8,1.12,0.6805,True
25.13,92.57,258.0,52.0,25.7,90.0,1.0,0.0,25.7,40.7,25.4,1.11,0.6805,True
25.13,92.58,284.0,52.0,26.8,90.0,1.0,0.0,26.8,38.0,24.1,1.1,0.6811,True
25.13,92.59,406.0,47.8,25.5,90.0,1.0,0.0,25.5,39.8,25.3,1.14,0.6408,True
25.13,92.6,754.0,37.3,26.4,180.0,0.0,-1.0,26.4,39.7,24.8,1.09,0.5247,True
25.13,92.61,963.0,43.8,25.7,90.0,1.0,0.0,25.7,39.7,26.5,1.09,0.5993,True
25.13,92.62,1082.0,35.4,26.3,132.1,0.742,-0.6704,26.3,40.1,26.6,1.08,0.502,True
25.13,92.63,737.0,16.8,24.4,132.1,0.742,-0.6704,24.4,38.5,28.2,1.12,0.2507,True
25.13,92.64,891.0,22.7,25.5,227.9,-0.742,-0.6704,25.5,34.9,28.2,1.11,0.335,True
25.13,92.65,1064.0,29.5,27.5,270.0,-1.0,-0.0,27.5,37.0,26.5,1.08,0.4278,True
25.13,92.66,1087.0,22.7,25.6,312.1,-0.742,0.6704,25.6,37.0,29.0,1.11,0.3356,True
25.13,92.67,1361.0,29.6,26.2,227.9,-0.742,-0.6704,26.2,33.0,28.4,1.1,0.4299,True
25.13,92.68,1194.0,37.4,26.0,270.0,-1.0,-0.0,26.0,33.5,30.1,1.11,0.5291,True
25.13,92.69,1262.0,36.8,27.6,270.0,-1.0,-0.0,27.6,33.7,27.9,1.1,0.5223,True
25.13,92.7,1296.0,33.5,25.7,270.0,-1.0,-0.0,25.7,35.3,30.8,1.1,0.4816,True
25.13,92.71,1341.0,39.7,28.3,270.0,-1.0,-0.0,28.3,35.8,27.0,1.08,0.5579,True
25.13,92.72,1429.0,41.5,27.2,270.0,-1.0,-0.0,27.2,30.2,29.6,1.04,0.5797,True
25.13,92.73,1511.0,44.5,28.6,270.0,-1.0,-0.0,28.6,31.3,26.9,1.04,0.6143,True
25.13,92.74,1042.0,36.0,24.3,312.1,-0.742,0.6704,24.3,35.7,30.9,1.06,0.5161,True
25.13,92.75,918.0,14.4,25.2,312.1,-0.742,0.6704,25.2,39.5,28.8,1.12,0.2189,True
25.13,92.76,1021.0,7.1,33.8,132.1,0.742,-0.6704,33.8,35.0,31.2,1.133,0.1091,False
25.13,92.77,808.0,23.9,24.3,47.9,0.742,0.6704,24.3,35.6,28.5,1.14,0.3582,True
25.13,92.78,638.0,30.8,23.7,90.0,1.0,0.0,23.7,36.2,28.5,1.14,0.4519,True
25.13,92.79,931.0,23.9,29.6,47.9,0.742,0.6704,29.6,39.5,22.8,1.12,0.3566,True
25.13,92.8,843.0,30.8,27.2,90.0,1.0,0.0,27.2,39.1,24.9,1.12,0.4492,True
25.13,92.81,537.0,37.8,25.1,90.0,1.0,0.0,25.1,40.3,26.8,1.16,0.5362,True
25.13,92.82,405.0,40.1,26.6,90.0,1.0,0.0,26.6,36.9,28.0,1.13,0.5621,True
25.13,92.83,489.0,48.5,24.7,90.0,1.0,0.0,24.7,35.5,29.6,1.15,0.653,True
25.13,92.84,633.0,48.8,32.2,90.0,1.0,0.0,32.2,33.8,34.0,1.149,0.6548,False
25.13,92.85,482.0,52.0,22.0,90.0,1.0,0.0,22.0,30.2,32.2,1.14,0.6852,True
25.13,92.86,382.0,52.0,21.2,90.0,1.0,0.0,21.2,33.7,31.6,1.14,0.6846,True
25.13,92.87,525.0,52.0,22.3,90.0,1.0,0.0,22.3,34.9,31.3,1.16,0.684,True
25.13,92.88,427.0,52.0,23.8,90.0,1.0,0.0,23.8,33.3,31.3,1.14,0.6834,True
25.13,92.89,567.0,52.0,32.5,90.0,1.0,0.0,32.5,33.3,34.2,1.154,0.6829,False
25.13,92.9,506.0,52.0,25.5,90.0,1.0,0.0,25.5,30.2,31.4,1.18,0.6823,True
25.13,92.91,431.0,52.0,24.6,90.0,1.0,0.0,24.6,28.0,33.0,1.12,0.6811,True
25.13,92.92,761.0,50.8,23.1,90.0,1.0,0.0,23.1,33.3,31.7,1.15,0.6692,True
25.13,92.93,927.0,48.8,25.5,90.0,1.0,0.0,25.5,34.1,28.8,1.1,0.6486,True
25.13,92.94,741.0,48.3,24.2,90.0,1.0,0.0,24.2,36.3,28.8,1.14,0.6431,True
25.13,92.95,777.0,49.5,24.3,90.0,1.0,0.0,24.3,33.0,31.7,1.15,0.6544,True
25.13,92.96,530.0,49.8,33.7,90.0,1.0,0.0,33.7,32.1,34.2,1.164,0.6562,False
25.13,92.97,704.0,48.3,22.7,90.0,1.0,0.0,22.7,31.3,32.5,1.15,0.6409,True
25.13,92.98,756.0,47.2,20.9,90.0,1.0,0.0,20.9,33.1,32.3,1.16,0.6293,True
25.13,92.99,626.0,49.2,22.9,90.0,1.0,0.0,22.9,31.0,31.3,1.19,0.6487,True
25.13,93.0,734.0,48.6,23.4,90.0,1.0,0.0,23.4,30.9,30.1,1.19,0.6428,True
25.13,93.01,676.0,40.2,24.7,90.0,1.0,0.0,24.7,29.5,30.8,1.15,0.5526,True
25.13,93.02,719.0,32.1,22.8,132.1,0.742,-0.6704,22.8,28.4,31.3,1.15,0.455,True
25.13,93.03,548.0,30.4,24.8,90.0,1.0,0.0,24.8,28.0,29.7,1.15,0.4329,True
25.13,93.04,617.0,23.5,25.2,132.1,0.742,-0.6704,25.2,26.9,30.2,1.15,0.3411,True
25.13,93.05,777.0,15.3,34.5,270.0,-1.0,-0.0,34.5,31.1,34.4,1.17,0.2255,False
25.13,93.06,970.0,39.6,24.7,227.9,-0.742,-0.6704,24.7,33.3,31.3,1.05,0.5448,True
25.13,93.07,1111.0,48.1,34.6,270.0,-1.0,-0.0,34.6,30.9,34.5,1.171,0.6356,False
25.13,93.08,1144.0,39.6,28.5,312.1,-0.742,0.6704,28.5,38.7,25.8,1.02,0.5443,True
25.13,93.09,1333.0,32.5,34.7,270.0,-1.0,-0.0,34.7,30.8,34.6,1.172,0.4584,False
25.13,93.1,1261.0,25.3,29.4,312.1,-0.742,0.6704,29.4,31.6,25.7,1.01,0.3646,True
25.13,93.11,1090.0,17.4,27.6,47.9,0.742,0.6704,27.6,39.7,26.5,1.08,0.2549,True
25.13,93.12,1023.0,22.9,27.1,90.0,1.0,0.0,27.1,37.6,26.5,1.08,0.3317,True
25.13,93.13,906.0,24.9,24.2,90.0,1.0,0.0,24.2,32.8,30.5,1.16,0.3586,True
25.13,93.14,959.0,19.0,27.0,132.1,0.742,-0.6704,27.0,39.4,27.9,1.1,0.2773,True
25.13,93.15,1268.0,3.5,26.5,132.1,0.742,-0.6704,26.5,37.1,27.2,1.07,0.052,True
25.14,92.54,434.0,45.1,24.2,47.9,0.742,0.6704,24.2,39.5,25.3,1.1,0.6106,True
25.14,92.55,604.0,52.0,33.1,90.0,1.0,0.0,33.1,33.6,33.3,1.159,0.6799,False
25.14,92.56,444.0,52.0,33.1,90.0,1.0,0.0,33.1,33.7,33.2,1.159,0.6799,False
25.14,92.57,651.0,52.0,25.6,90.0,1.0,0.0,25.6,37.8,25.7,1.09,0.6805,True
25.14,92.58,715.0,52.0,24.3,90.0,1.0,0.0,24.3,40.1,24.1,1.1,0.6811,True
25.14,92.59,536.0,47.8,25.4,90.0,1.0,0.0,25.4,39.7,23.3,1.12,0.6403,True
25.14,92.6,696.0,39.3,27.3,132.1,0.742,-0.6704,27.3,38.5,26.3,1.08,0.5479,True
25.14,92.61,1240.0,17.1,25.0,132.1,0.742,-0.6704,25.0,36.3,27.4,1.01,0.2546,True
25.14,92.62,1184.0,3.5,33.2,180.0,0.0,-1.0,33.2,34.0,32.9,1.154,0.0529,False
25.14,92.63,885.0,3.5,33.2,180.0,0.0,-1.0,33.2,34.0,32.8,1.153,0.0529,False
25.14,92.64,1219.0,3.5,25.7,180.0,0.0,-1.0,25.7,35.0,28.1,1.04,0.053,True
25.14,92.65,1142.0,3.5,33.2,180.0,0.0,-1.0,33.2,34.2,32.6,1.151,0.053,False
25.14,92.66,1235.0,3.5,33.3,180.0,0.0,-1.0,33.3,34.2,32.5,1.15,0.0531,False
25.14,92.67,1462.0,3.5,33.3,180.0,0.0,-1.0,33.3,34.3,32.4,1.149,0.0531,False
25.14,92.68,1367.0,3.5,33.3,180.0,0.0,-1.0,33.3,34.4,32.3,1.148,0.0532,False
25.14,92.69,1321.0,3.5,33.4,180.0,0.0,-1.0,33.4,34.4,32.2,1.147,0.0532,False
25.14,92.7,1379.0,3.5,33.4,180.0,0.0,-1.0,33.4,34.5,32.1,1.146,0.0533,False
25.14,92.71,1581.0,3.5,33.5,180.0,0.0,-1.0,33.5,34.6,32.0,1.145,0.0533,False
25.14,92.72,1586.0,3.5,33.5,180.0,0.0,-1.0,33.5,34.7,31.8,1.144,0.0534,False
25.14,92.73,1690.0,3.5,33.6,180.0,0.0,-1.0,33.6,34.7,31.7,1.143,0.0534,False
25.14,92.74,1618.0,3.5,33.6,180.0,0.0,-1.0,33.6,34.8,31.6,1.141,0.0535,False
25.14,92.75,1530.0,3.5,33.7,180.0,0.0,-1.0,33.7,34.9,31.5,1.139,0.0536,False
25.14,92.76,1374.0,3.5,33.7,180.0,0.0,-1.0,33.7,34.9,31.4,1.137,0.0537,False
25.14,92.77,1167.0,3.5,33.7,180.0,0.0,-1.0,33.7,34.9,31.3,1.136,0.0537,False
25.14,92.78,847.0,3.5,33.6,180.0,0.0,-1.0,33.6,34.9,31.5,1.136,0.0537,False
25.14,92.79,1204.0,3.5,33.5,180.0,0.0,-1.0,33.5,34.8,31.7,1.139,0.0536,False
25.14,92.8,853.0,3.5,33.3,180.0,0.0,-1.0,33.3,34.6,32.1,1.141,0.0535,False
25.14,92.81,824.0,3.5,33.1,180.0,0.0,-1.0,33.1,34.4,32.5,1.144,0.0534,False
25.14,92.82,683.0,3.5,32.8,180.0,0.0,-1.0,32.8,34.2,33.0,1.146,0.0533,False
25.14,92.83,915.0,3.5,32.6,180.0,0.0,-1.0,32.6,34.0,33.4,1.147,0.0532,False
25.14,92.84,713.0,3.5,32.5,180.0,0.0,-1.0,32.5,33.9,33.6,1.149,0.0531,False
25.14,92.85,830.0,3.5,32.4,180.0,0.0,-1.0,32.4,33.8,33.8,1.15,0.0531,False
25.14,92.86,869.0,3.5,32.4,180.0,0.0,-1.0,32.4,33.6,34.0,1.151,0.053,False
25.14,92.87,1061.0,3.5,32.4,180.0,0.0,-1.0,32.4,33.5,34.0,1.152,0.053,False
25.14,92.88,1075.0,3.5,32.5,180.0,0.0,-1.0,32.5,33.4,34.1,1.153,0.0529,False
25.14,92.89,1031.0,3.5,32.7,180.0,0.0,-1.0,32.7,33.3,34.1,1.155,0.0529,False
25.14,92.9,994.0,3.5,32.8,180.0,0.0,-1.0,32.8,33.1,34.1,1.156,0.0528,False
25.14,92.91,949.0,3.5,33.0,180.0,0.0,-1.0,33.0,32.9,34.1,1.157,0.0528,False
25.14,92.92,837.0,3.5,33.1,180.0,0.0,-1.0,33.1,32.8,34.1,1.159,0.0527,False
25.14,92.93,956.0,3.5,33.3,180.0,0.0,-1.0,33.3,32.6,34.1,1.161,0.0526,False
25.14,92.94,849.0,3.5,33.5,180.0,0.0,-1.0,33.5,32.4,34.2,1.162,0.0525,False
25.14,92.95,908.0,3.5,33.7,180.0,0.0,-1.0,33.7,32.2,34.2,1.163,0.0525,False
25.14,92.96,915.0,3.5,33.8,180.0,0.0,-1.0,33.8,32.0,34.2,1.165,0.0524,False
25.14,92.97,933.0,3.5,34.0,180.0,0.0,-1.0,34.0,31.8,34.2,1.166,0.0524,False
25.14,92.98,794.0,3.5,34.1,180.0,0.0,-1.0,34.1,31.7,34.2,1.166,0.0524,False
25.14,92.99,701.0,3.5,34.2,180.0,0.0,-1.0,34.2,31.5,34.3,1.167,0.0523,False
25.14,93.0,728.0,3.5,34.3,180.0,0.0,-1.0,34.3,31.4,34.3,1.168,0.0523,False
25.14,93.01,625.0,3.5,34.3,180.0,0.0,-1.0,34.3,31.4,34.3,1.168,0.0523,False
25.14,93.02,750.0,3.5,34.4,180.0,0.0,-1.0,34.4,31.3,34.3,1.169,0.0522,False
25.14,93.03,453.0,3.5,34.4,180.0,0.0,-1.0,34.4,31.2,34.4,1.169,0.0522,False
25.14,93.04,663.0,3.5,34.5,180.0,0.0,-1.0,34.5,31.1,34.4,1.17,0.0522,False
25.14,93.05,626.0,3.5,34.5,180.0,0.0,-1.0,34.5,31.0,34.4,1.17,0.0522,False
25.14,93.06,606.0,3.5,34.6,180.0,0.0,-1.0,34.6,31.0,34.5,1.171,0.0521,False
25.14,93.07,711.0,3.5,34.6,180.0,0.0,-1.0,34.6,30.9,34.5,1.171,0.0521,False
25.14,93.08,761.0,3.5,34.7,180.0,0.0,-1.0,34.7,30.8,34.5,1.172,0.0521,False
25.14,93.09,939.0,3.5,34.7,180.0,0.0,-1.0,34.7,30.7,34.6,1.172,0.0521,False
25.14,93.1,897.0,3.5,34.8,180.0,0.0,-1.0,34.8,30.6,34.6,1.173,0.052,False
25.14,93.11,1450.0,3.5,34.8,180.0,0.0,-1.0,34.8,30.5,34.7,1.173,0.052,False
25.14,93.12,1102.0,3.5,34.9,180.0,0.0,-1.0,34.9,30.4,34.7,1.174,0.052,False
25.14,93.13,946.0,3.5,34.9,180.0,0.0,-1.0,34.9,30.3,34.7,1.174,0.052,False
25.14,93.14,1282.0,3.5,35.0,180.0,0.0,-1.0,35.0,30.3,34.8,1.174,0.052,False
25.14,93.15,1310.0,3.5,35.0,180.0,0.0,-1.0,35.0,30.2,34.8,1.175,0.052,False
25.14,93.16,1180.0,3.5,35.0,180.0,0.0,-1.0,35.0,30.2,34.8,1.175,0.052,False
25.15,92.52,109.0,3.5,33.1,180.0,0.0,-1.0,33.1,33.5,33.4,1.162,0.0525,False
25.15,92.53,366.0,3.5,33.1,180.0,0.0,-1.0,33.1,33.6,33.4,1.161,0.0526,False
25.15,92.54,852.0,3.5,33.1,180.0,0.0,-1.0,33.1,33.6,33.3,1.16,0.0526,False
25.15,92.55,848.0,3.5,33.1,180.0,0.0,-1.0,33.1,33.6,33.3,1.16,0.0526,False
25.15,92.56,1021.0,3.5,33.1,180.0,0.0,-1.0,33.1,33.7,33.2,1.159,0.0527,False
25.15,92.57,1229.0,3.5,33.1,180.0,0.0,-1.0,33.1,33.7,33.2,1.158,0.0527,False
25.15,92.58,835.0,3.5,33.1,180.0,0.0,-1.0,33.1,33.8,33.1,1.158,0.0527,False
25.15,92.59,898.0,3.5,33.1,180.0,0.0,-1.0,33.1,33.8,33.1,1.157,0.0528,False
25.15,92.6,924.0,3.5,33.1,180.0,0.0,-1.0,33.1,33.9,33.0,1.156,0.0528,False
25.15,92.61,979.0,3.5,33.2,180.0,0.0,-1.0,33.2,33.9,32.9,1.155,0.0529,False
25.15,92.62,1224.0,3.5,33.2,180.0,0.0,-1.0,33.2,34.0,32.9,1.154,0.0529,False
25.15,92.63,1224.0,3.5,33.2,180.0,0.0,-1.0,33.2,34.0,32.8,1.154,0.0529,False
25.15,92.64,1088.0,3.5,33.2,180.0,0.0,-1.0,33.2,34.1,32.7,1.153,0.0529,False
25.15,92.65,1121.0,3.5,33.2,180.0,0.0,-1.0,33.2,34.2,32.6,1.152,0.053,False
25.15,92.66,1285.0,3.5,33.3,180.0,0.0,-1.0,33.3,34.2,32.5,1.151,0.053,False
25.15,92.67,1440.0,3.5,33.3,180.0,0.0,-1.0,33.3,34.3,32.4,1.15,0.0531,False
25.15,92.68,1414.0,3.5,33.3,180.0,0.0,-1.0,33.3,34.4,32.3,1.149,0.0531,False
25.15,92.69,1418.0,3.5,33.4,180.0,0.0,-1.0,33.4,34.4,32.2,1.148,0.0532,False
25.15,92.7,1529.0,3.5,33.4,180.0,0.0,-1.0,33.4,34.5,32.0,1.147,0.0532,False
25.15,92.71,1561.0,3.5,33.5,180.0,0.0,-1.0,33.5,34.6,31.9,1.146,0.0533,False
25.15,92.72,1651.0,3.5,33.5,180.0,0.0,-1.0,33.5,34.7,31.8,1.145,0.0533,False
25.15,92.73,1542.0,3.5,33.6,180.0,0.0,-1.0,33.6,34.8,31.6,1.145,0.0533,False
25.15,92.74,1409.0,3.5,33.7,180.0,0.0,-1.0,33.7,34.8,31.5,1.144,0.0534,False
25.15,92.75,1516.0,3.5,33.7,180.0,0.0,-1.0,33.7,34.9,31.4,1.143,0.0534,False
25.15,92.76,1423.0,3.5,33.7,180.0,0.0,-1.0,33.7,34.9,31.4,1.142,0.0535,False
25.15,92.77,1407.0,3.5,33.7,180.0,0.0,-1.0,33.7,34.9,31.4,1.141,0.0535,False
25.15,92.78,1333.0,3.5,33.6,180.0,0.0,-1.0,33.6,34.8,31.6,1.141,0.0535,False
25.15,92.79,1458.0,3.5,33.5,180.0,0.0,-1.0,33.5,34.7,31.8,1.142,0.0535,False
25.15,92.8,1311.0,3.5,33.3,180.0,0.0,-1.0,33.3,34.6,32.1,1.143,0.0534,False
25.15,92.81,1041.0,3.5,33.2,180.0,0.0,-1.0,33.2,34.4,32.4,1.145,0.0533,False
25.15,92.82,1049.0,3.5,33.0,180.0,0.0,-1.0,33.0,34.2,32.8,1.146,0.0533,False
25.15,92.83,1129.0,3.5,32.8,180.0,0.0,-1.0,32.8,34.1,33.1,1.148,0.0532,False
25.15,92.84,971.0,3.5,32.7,180.0,0.0,-1.0,32.7,33.9,33.4,1.149,0.0531,False
25.15,92.85,1135.0,3.5,32.6,180.0,0.0,-1.0,32.6,33.8,33.6,1.15,0.0531,False
25.15,92.86,1144.0,3.5,32.6,180.0,0.0,-1.0,32.6,33.6,33.8,1.152,0.053,False
25.15,92.87,1181.0,3.5,32.6,180.0,0.0,-1.0,32.6,33.5,33.9,1.153,0.0529,False
25.15,92.88,1306.0,3.5,32.7,180.0,0.0,-1.0,32.7,33.4,33.9,1.154,0.0529,False
25.15,92.89,1059.0,3.5,32.8,180.0,0.0,-1.0,32.8,33.2,34.0,1.155,0.0529,False
25.15,92.9,1052.0,3.5,32.9,180.0,0.0,-1.0,32.9,33.0,34.0,1.157,0.0528,False
25.15,92.91,1254.0,3.5,33.1,180.0,0.0,-1.0,33.1,32.8,34.0,1.158,0.0527,False
25.15,92.92,1243.0,3.5,33.3,180.0,0.0,-1.0,33.3,32.6,34.1,1.16,0.0526,False
25.15,92.93,884.0,3.5,33.4,180.0,0.0,-1.0,33.4,32.4,34.1,1.161,0.0526,False
25.15,92.94,911.0,3.5,33.6,180.0,0.0,-1.0,33.6,32.2,34.1,1.163,0.0525,False
25.15,92.95,977.0,3.5,33.8,180.0,0.0,-1.0,33.8,32.0,34.2,1.164,0.0524,False
25.15,92.96,1009.0,3.5,34.0,180.0,0.0,-1.0,34.0,31.8,34.2,1.165,0.0524,False
25.15,92.97,1048.0,3.5,34.1,180.0,0.0,-1.0,34.1,31.7,34.2,1.166,0.0524,False
25.15,92.98,867.0,3.5,34.2,180.0,0.0,-1.0,34.2,31.5,34.2,1.167,0.0523,False
25.15,92.99,648.0,3.5,34.3,180.0,0.0,-1.0,34.3,31.4,34.3,1.168,0.0523,False
25.15,93.0,582.0,3.5,34.4,180.0,0.0,-1.0,34.4,31.3,34.3,1.168,0.0523,False
25.15,93.01,530.0,3.5,34.4,180.0,0.0,-1.0,34.4,31.3,34.3,1.169,0.0522,False
25.15,93.02,526.0,3.5,34.5,180.0,0.0,-1.0,34.5,31.2,34.3,1.169,0.0522,False
25.15,93.03,554.0,3.5,34.5,180.0,0.0,-1.0,34.5,31.1,34.4,1.17,0.0522,False
25.15,93.04,644.0,3.5,34.6,180.0,0.0,-1.0,34.6,31.0,34.4,1.17,0.0522,False
25.15,93.05,623.0,3.5,34.6,180.0,0.0,-1.0,34.6,31.0,34.4,1.17,0.0522,False
25.15,93.06,533.0,3.5,34.6,180.0,0.0,-1.0,34.6,30.9,34.5,1.171,0.0521,False
25.15,93.07,592.0,3.5,34.7,180.0,0.0,-1.0,34.7,30.8,34.5,1.171,0.0521,False
25.15,93.08,639.0,3.5,34.8,180.0,0.0,-1.0,34.8,30.7,34.6,1.172,0.0521,False
25.15,93.09,658.0,3.5,34.8,180.0,0.0,-1.0,34.8,30.6,34.6,1.172,0.0521,False
25.15,93.1,759.0,3.5,34.9,180.0,0.0,-1.0,34.9,30.5,34.6,1.173,0.052,False
25.15,93.11,986.0,3.5,34.9,180.0,0.0,-1.0,34.9,30.4,34.7,1.173,0.052,False
25.15,93.12,1202.0,3.5,35.0,180.0,0.0,-1.0,35.0,30.3,34.7,1.174,0.052,False
25.15,93.13,1317.0,3.5,35.0,180.0,0.0,-1.0,35.0,30.2,34.8,1.174,0.052,False
25.15,93.14,1417.0,3.5,35.1,180.0,0.0,-1.0,35.1,30.2,34.8,1.175,0.052,False
25.15,93.15,1620.0,3.5,35.1,180.0,0.0,-1.0,35.1,30.1,34.8,1.175,0.052,False
25.15,93.16,1099.0,3.5,35.1,180.0,0.0,-1.0,35.1,30.1,34.8,1.175,0.052,False
25.15,93.17,880.0,3.5,35.1,180.0,0.0,-1.0,35.1,30.0,34.9,1.176,0.0519,False
25.16,92.52,347.0,3.5,33.1,180.0,0.0,-1.0,33.1,33.5,33.4,1.162,0.0525,False
25.16,92.53,254.0,3.5,33.1,180.0,0.0,-1.0,33.1,33.5,33.4,1.161,0.0526,False
25.16,92.54,303.0,3.5,33.1,180.0,0.0,-1.0,33.1,33.6,33.4,1.161,0.0526,False
25.16,92.55,486.0,3.5,33.1,180.0,0.0,-1.0,33.1,33.6,33.3,1.16,0.0526,False
25.16,92.56,964.0,3.5,33.1,180.0,0.0,-1.0,33.1,33.7,33.2,1.16,0.0526,False
25.16,92.57,1013.0,3.5,33.1,180.0,0.0,-1.0,33.1,33.7,33.2,1.159,0.0527,False
25.16,92.58,1305.0,3.5,33.1,180.0,0.0,-1.0,33.1,33.7,33.1,1.158,0.0527,False
25.16,92.59,1158.0,3.5,33.1,180.0,0.0,-1.0,33.1,33.8,33.1,1.157,0.0528,False
25.16,92.6,1399.0,3.5,33.1,180.0,0.0,-1.0,33.1,33.8,33.0,1.157,0.0528,False
25.16,92.61,1522.0,3.5,33.2,180.0,0.0,-1.0,33.2,33.9,32.9,1.156,0.0528,False
25.16,92.62,1419.0,3.5,33.2,180.0,0.0,-1.0,33.2,34.0,32.9,1.155,0.0529,False
25.16,92.63,1378.0,3.5,33.2,180.0,0.0,-1.0,33.2,34.0,32.8,1.154,0.0529,False
25.16,92.64,1255.0,3.5,33.2,180.0,0.0,-1.0,33.2,34.1,32.7,1.153,0.0529,False
25.16,92.65,1226.0,3.5,33.3,180.0,0.0,-1.0,33.3,34.1,32.6,1.152,0.053,False
25.16,92.66,1142.0,3.5,33.3,180.0,0.0,-1.0,33.3,34.2,32.5,1.151,0.053,False
25.16,92.67,1398.0,3.5,33.3,180.0,0.0,-1.0,33.3,34.3,32.4,1.15,0.0531,False
25.16,92.68,1452.0,3.5,33.4,180.0,0.0,-1.0,33.4,34.4,32.3,1.149,0.0531,False
25.16,92.69,1574.0,3.5,33.4,180.0,0.0,-1.0,33.4,34.4,32.1,1.149,0.0531,False
25.16,92.7,1621.0,3.5,33.5,180.0,0.0,-1.0,33.5,34.5,32.0,1.148,0.0532,False
25.16,92.71,1412.0,3.5,33.5,180.0,0.0,-1.0,33.5,34.6,31.9,1.147,0.0532,False
25.16,92.72,1374.0,3.5,33.6,180.0,0.0,-1.0,33.6,34.7,31.7,1.147,0.0532,False
25.16,92.73,1350.0,3.5,33.6,180.0,0.0,-1.0,33.6,34.8,31.6,1.146,0.0533,False
25.16,92.74,1305.0,3.5,33.7,180.0,0.0,-1.0,33.7,34.8,31.5,1.147,0.0532,False
25.16,92.75,1385.0,3.5,33.8,180.0,0.0,-1.0,33.8,34.9,31.4,1.147,0.0532,False
25.16,92.76,1475.0,3.5,33.8,180.0,0.0,-1.0,33.8,34.9,31.3,1.147,0.0532,False
25.16,92.77,1275.0,3.5,33.7,180.0,0.0,-1.0,33.7,34.9,31.4,1.146,0.0533,False
25.16,92.78,1372.0,3.5,33.7,180.0,0.0,-1.0,33.7,34.8,31.5,1.145,0.0533,False
25.16,92.79,1440.0,3.5,33.5,180.0,0.0,-1.0,33.5,34.7,31.7,1.145,0.0533,False
25.16,92.8,1412.0,3.5,33.4,180.0,0.0,-1.0,33.4,34.6,32.0,1.145,0.0533,False
25.16,92.81,1206.0,3.5,33.2,180.0,0.0,-1.0,33.2,34.4,32.3,1.146,0.0533,False
25.16,92.82,1197.0,3.5,33.1,180.0,0.0,-1.0,33.1,34.2,32.7,1.147,0.0532,False
25.16,92.83,1123.0,3.5,33.0,180.0,0.0,-1.0,33.0,34.1,33.0,1.149,0.0531,False
25.16,92.84,1038.0,3.5,32.8,180.0,0.0,-1.0,32.8,33.9,33.2,1.15,0.0531,False
25.16,92.85,1044.0,3.5,32.8,180.0,0.0,-1.0,32.8,33.8,33.4,1.151,0.053,False
25.16,92.86,967.0,3.5,32.8,180.0,0.0,-1.0,32.8,33.6,33.6,1.152,0.053,False
25.16,92.87,1062.0,3.5,32.8,180.0,0.0,-1.0,32.8,33.5,33.7,1.154,0.0529,False
25.16,92.88,1005.0,3.5,32.9,180.0,0.0,-1.0,32.9,33.3,33.8,1.155,0.0529,False
25.16,92.89,925.0,3.5,33.0,180.0,0.0,-1.0,33.0,33.1,33.9,1.156,0.0528,False
25.16,92.9,1217.0,3.5,33.1,180.0,0.0,-1.0,33.1,33.0,34.0,1.158,0.0527,False
25.16,92.91,1207.0,3.5,33.2,180.0,0.0,-1.0,33.2,32.8,34.0,1.159,0.0527,False
25.16,92.92,1167.0,3.5,33.4,180.0,0.0,-1.0,33.4,32.5,34.1,1.161,0.0526,False
25.16,92.93,962.0,3.5,33.6,180.0,0.0,-1.0,33.6,32.3,34.1,1.162,0.0525,False
25.16,92.94,789.0,3.5,33.8,180.0,0.0,-1.0,33.8,32.1,34.1,1.164,0.0524,False
25.16,92.95,794.0,3.5,33.9,180.0,0.0,-1.0,33.9,31.9,34.2,1.165,0.0524,False
25.16,92.96,867.0,3.5,34.1,180.0,0.0,-1.0,34.1,31.7,34.2,1.166,0.0524,False
25.16,92.97,910.0,3.5,34.2,180.0,0.0,-1.0,34.2,31.6,34.2,1.167,0.0523,False
25.16,92.98,928.0,3.5,34.3,180.0,0.0,-1.0,34.3,31.4,34.2,1.168,0.0523,False
25.16,92.99,668.0,3.5,34.4,180.0,0.0,-1.0,34.4,31.3,34.3,1.168,0.0523,False
25.16,93.0,494.0,3.5,34.5,180.0,0.0,-1.0,34.5,31.2,34.3,1.169,0.0522,False
25.16,93.01,563.0,3.5,34.5,180.0,0.0,-1.0,34.5,31.2,34.3,1.169,0.0522,False
25.16,93.02,667.0,3.5,34.6,180.0,0.0,-1.0,34.6,31.1,34.3,1.17,0.0522,False
25.16,93.03,395.0,3.5,34.6,180.0,0.0,-1.0,34.6,31.0,34.3,1.17,0.0522,False
25.16,93.04,386.0,3.5,34.6,180.0,0.0,-1.0,34.6,31.0,34.4,1.17,0.0522,False
25.16,93.05,591.0,3.5,34.7,180.0,0.0,-1.0,34.7,30.9,34.4,1.171,0.0521,False
25.16,93.06,477.0,3.5,34.7,180.0,0.0,-1.0,34.7,30.8,34.5,1.171,0.0521,False
25.16,93.07,513.0,3.5,34.8,180.0,0.0,-1.0,34.8,30.7,34.5,1.172,0.0521,False
25.16,93.08,573.0,3.5,34.8,180.0,0.0,-1.0,34.8,30.6,34.6,1.172,0.0521,False
25.16,93.09,522.0,3.5,34.9,180.0,0.0,-1.0,34.9,30.5,34.6,1.173,0.052,False
25.16,93.1,661.0,3.5,35.0,180.0,0.0,-1.0,35.0,30.4,34.7,1.173,0.052,False
25.16,93.11,722.0,3.5,35.0,180.0,0.0,-1.0,35.0,30.3,34.7,1.174,0.052,False
25.16,93.12,777.0,3.5,35.1,180.0,0.0,-1.0,35.1,30.2,34.8,1.174,0.052,False
25.16,93.13,827.0,3.5,35.1,180.0,0.0,-1.0,35.1,30.1,34.8,1.174,0.052,False
25.16,93.14,1096.0,3.5,35.1,180.0,0.0,-1.0,35.1,30.0,34.8,1.175,0.052,False
25.16,93.15,1288.0,3.5,35.2,180.0,0.0,-1.0,35.2,30.0,34.8,1.175,0.052,False
25.16,93.16,1243.0,3.5,35.2,180.0,0.0,-1.0,35.2,29.9,34.9,1.176,0.0519,False
25.16,93.17,1265.0,3.5,35.2,180.0,0.0,-1.0,35.2,29.9,34.9,1.176,0.0519,False
25.16,93.18,755.0,3.5,35.2,180.0,0.0,-1.0,35.2,29.9,34.9,1.176,0.0519,False
25.17,92.52,451.0,3.5,33.1,180.0,0.0,-1.0,33.1,33.5,33.5,1.162,0.0525,False
25.17,92.53,442.0,3.5,33.1,180.0,0.0,-1.0,33.1,33.5,33.4,1.162,0.0525,False
25.17,92.54,402.0,3.5,33.1,180.0,0.0,-1.0,33.1,33.6,33.4,1.161,0.0526,False
25.17,92.55,333.0,3.5,33.1,180.0,0.0,-1.0,33.1,33.6,33.3,1.161,0.0526,False
25.17,92.56,423.0,3.5,33.1,180.0,0.0,-1.0,33.1,33.6,33.3,1.16,0.0526,False
25.17,92.57,587.0,3.5,33.1,180.0,0.0,-1.0,33.1,33.7,33.2,1.159,0.0527,False
25.17,92.58,749.0,3.5,33.1,180.0,0.0,-1.0,33.1,33.7,33.1,1.159,0.0527,False
25.17,92.59,1145.0,3.5,33.1,180.0,0.0,-1.0,33.1,33.8,33.1,1.158,0.0527,False
25.17,92.6,1333.0,3.5,33.2,180.0,0.0,-1.0,33.2,33.8,33.0,1.157,0.0528,False
25.17,92.61,1465.0,3.5,33.2,180.0,0.0,-1.0,33.2,33.9,32.9,1.156,0.0528,False
25.17,92.62,1439.0,3.5,33.2,180.0,0.0,-1.0,33.2,33.9,32.9,1.155,0.0529,False
25.17,92.63,1496.0,3.5,33.2,180.0,0.0,-1.0,33.2,34.0,32.8,1.154,0.0529,False
25.17,92.64,1377.0,3.5,33.2,180.0,0.0,-1.0,33.2,34.1,32.7,1.154,0.0529,False
25.17,92.65,1257.0,3.5,33.3,180.0,0.0,-1.0,33.3,34.1,32.6,1.153,0.0529,False
25.17,92.66,1161.0,3.5,33.3,180.0,0.0,-1.0,33.3,34.2,32.5,1.152,0.053,False
25.17,92.67,1164.0,3.5,33.3,180.0,0.0,-1.0,33.3,34.3,32.4,1.151,0.053,False
25.17,92.68,1456.0,3.5,33.4,180.0,0.0,-1.0,33.4,34.3,32.3,1.15,0.0531,False
25.17,92.69,1488.0,3.5,33.4,180.0,0.0,-1.0,33.4,34.4,32.1,1.149,0.0531,False
25.17,92.7,1518.0,3.5,33.5,180.0,0.0,-1.0,33.5,34.5,32.0,1.149,0.0531,False
25.17,92.71,1468.0,3.5,33.5,180.0,0.0,-1.0,33.5,34.6,31.8,1.148,0.0532,False
25.17,92.72,1422.0,3.5,33.6,180.0,0.0,-1.0,33.6,34.7,31.7,1.148,0.0532,False
25.17,92.73,1457.0,3.5,33.7,180.0,0.0,-1.0,33.7,34.8,31.5,1.148,0.0532,False
25.17,92.74,1331.0,3.5,33.8,180.0,0.0,-1.0,33.8,34.9,31.4,1.148,0.0532,False
25.17,92.75,1263.0,3.5,33.8,180.0,0.0,-1.0,33.8,34.9,31.2,1.149,0.0531,False
25.17,92.76,1330.0,3.5,33.9,180.0,0.0,-1.0,33.9,35.0,31.2,1.149,0.0531,False
25.17,92.77,1281.0,3.5,33.8,180.0,0.0,-1.0,33.8,34.9,31.2,1.149,0.0531,False
25.17,92.78,1304.0,3.5,33.7,180.0,0.0,-1.0,33.7,34.8,31.4,1.148,0.0532,False
25.17,92.79,1286.0,3.5,33.6,180.0,0.0,-1.0,33.6,34.7,31.7,1.147,0.0532,False
25.17,92.8,1221.0,3.5,33.5,180.0,0.0,-1.0,33.5,34.6,32.0,1.147,0.0532,False
25.17,92.81,1141.0,3.5,33.3,180.0,0.0,-1.0,33.3,34.4,32.3,1.147,0.0532,False
25.17,92.82,1162.0,3.5,33.2,180.0,0.0,-1.0,33.2,34.2,32.6,1.148,0.0532,False
25.17,92.83,1121.0,3.5,33.1,180.0,0.0,-1.0,33.1,34.1,32.9,1.149,0.0531,False
25.17,92.84,911.0,3.5,33.0,180.0,0.0,-1.0,33.0,33.9,33.1,1.151,0.053,False
25.17,92.85,1013.0,3.5,32.9,180.0,0.0,-1.0,32.9,33.7,33.3,1.152,0.053,False
25.17,92.86,887.0,3.5,32.9,180.0,0.0,-1.0,32.9,33.6,33.5,1.153,0.0529,False
25.17,92.87,916.0,3.5,32.9,180.0,0.0,-1.0,32.9,33.4,33.6,1.154,0.0529,False
25.17,92.88,896.0,3.5,33.0,180.0,0.0,-1.0,33.0,33.2,33.7,1.156,0.0528,False
25.17,92.89,1147.0,3.5,33.1,180.0,0.0,-1.0,33.1,33.1,33.8,1.157,0.0528,False
25.17,92.9,1177.0,3.5,33.2,180.0,0.0,-1.0,33.2,32.9,33.9,1.159,0.0527,False
25.17,92.91,1029.0,3.5,33.4,180.0,0.0,-1.0,33.4,32.7,34.0,1.16,0.0526,False
25.17,92.92,894.0,3.5,33.5,180.0,0.0,-1.0,33.5,32.4,34.0,1.162,0.0525,False
25.17,92.93,869.0,3.5,33.7,180.0,0.0,-1.0,33.7,32.2,34.1,1.163,0.0525,False
25.17,92.94,811.0,3.5,33.9,180.0,0.0,-1.0,33.9,32.0,34.1,1.165,0.0524,False
25.17,92.95,756.0,3.5,34.1,180.0,0.0,-1.0,34.1,31.8,34.2,1.166,0.0524,False
25.17,92.96,1009.0,3.5,34.2,180.0,0.0,-1.0,34.2,31.6,34.2,1.167,0.0523,False
25.17,92.97,944.0,3.5,34.4,180.0,0.0,-1.0,34.4,31.4,34.2,1.168,0.0523,False
25.17,92.98,846.0,3.5,34.5,180.0,0.0,-1.0,34.5,31.3,34.2,1.168,0.0523,False
25.17,92.99,593.0,3.5,34.6,180.0,0.0,-1.0,34.6,31.2,34.2,1.169,0.0522,False
25.17,93.0,664.0,3.5,34.6,180.0,0.0,-1.0,34.6,31.1,34.3,1.169,0.0522,False
25.17,93.01,707.0,3.5,34.6,180.0,0.0,-1.0,34.6,31.1,34.3,1.17,0.0522,False
25.17,93.02,641.0,3.5,34.7,180.0,0.0,-1.0,34.7,31.0,34.3,1.17,0.0522,False
25.17,93.03,361.0,3.5,34.7,180.0,0.0,-1.0,34.7,31.0,34.3,1.17,0.0522,False
25.17,93.04,570.0,3.5,34.7,180.0,0.0,-1.0,34.7,30.9,34.4,1.17,0.0522,False
25.17,93.05,557.0,3.5,34.7,180.0,0.0,-1.0,34.7,30.8,34.4,1.171,0.0521,False
25.17,93.06,452.0,3.5,34.8,180.0,0.0,-1.0,34.8,30.7,34.5,1.171,0.0521,False
25.17,93.07,511.0,3.5,34.8,180.0,0.0,-1.0,34.8,30.6,34.5,1.172,0.0521,False
25.17,93.08,482.0,3.5,34.9,180.0,0.0,-1.0,34.9,30.5,34.6,1.172,0.0521,False
25.17,93.09,552.0,3.5,35.0,180.0,0.0,-1.0,35.0,30.4,34.6,1.173,0.052,False
25.17,93.1,552.0,3.5,35.0,180.0,0.0,-1.0,35.0,30.3,34.7,1.173,0.052,False
25.17,93.11,682.0,3.5,35.1,180.0,0.0,-1.0,35.1,30.2,34.7,1.174,0.052,False
25.17,93.12,655.0,3.5,35.2,180.0,0.0,-1.0,35.2,30.1,34.8,1.174,0.052,False
25.17,93.13,641.0,3.5,35.2,180.0,0.0,-1.0,35.2,30.0,34.8,1.175,0.052,False
25.17,93.14,848.0,3.5,35.3,180.0,0.0,-1.0,35.3,29.9,34.9,1.175,0.052,False
25.17,93.15,910.0,3.5,35.3,180.0,0.0,-1.0,35.3,29.8,34.9,1.175,0.052,False
25.17,93.16,896.0,3.5,35.3,180.0,0.0,-1.0,35.3,29.8,34.9,1.176,0.0519,False
25.17,93.17,823.0,3.5,35.3,180.0,0.0,-1.0,35.3,29.8,34.9,1.176,0.0519,False
25.17,93.18,1007.0,3.5,35.3,180.0,0.0,-1.0,35.3,29.8,34.9,1.176,0.0519,False
25.18,92.51,356.0,3.5,33.0,180.0,0.0,-1.0,33.0,33.4,33.5,1.164,0.0524,False
25.18,92.52,190.0,3.5,33.1,180.0,0.0,-1.0,33.1,33.5,33.5,1.163,0.0525,False
25.18,92.53,423.0,3.5,33.1,180.0,0.0,-1.0,33.1,33.5,33.4,1.162,0.0525,False
25.18,92.54,539.0,3.5,33.1,180.0,0.0,-1.0,33.1,33.6,33.4,1.162,0.0525,False
25.18,92.55,398.0,3.5,33.1,180.0,0.0,-1.0,33.1,33.6,33.3,1.161,0.0526,False
25.18,92.56,467.0,3.5,33.1,180.0,0.0,-1.0,33.1,33.6,33.3,1.16,0.0526,False
25.18,92.57,577.0,3.5,33.1,180.0,0.0,-1.0,33.1,33.7,33.2,1.16,0.0526,False
25.18,92.58,580.0,3.5,33.1,180.0,0.0,-1.0,33.1,33.7,33.2,1.159,0.0527,False
25.18,92.59,555.0,3.5,33.1,180.0,0.0,-1.0,33.1,33.8,33.1,1.158,0.0527,False
25.18,92.6,1118.0,3.5,33.2,180.0,0.0,-1.0,33.2,33.8,33.0,1.157,0.0528,False
25.18,92.61,1284.0,3.5,33.2,180.0,0.0,-1.0,33.2,33.9,33.0,1.157,0.0528,False
25.18,92.62,1511.0,3.5,33.2,180.0,0.0,-1.0,33.2,33.9,32.9,1.156,0.0528,False
25.18,92.63,1576.0,3.5,33.2,180.0,0.0,-1.0,33.2,34.0,32.8,1.155,0.0529,False
25.18,92.64,1534.0,3.5,33.2,180.0,0.0,-1.0,33.2,34.0,32.7,1.154,0.0529,False
25.18,92.65,1308.0,3.5,33.3,180.0,0.0,-1.0,33.3,34.1,32.6,1.153,0.0529,False
25.18,92.66,1246.0,3.5,33.3,180.0,0.0,-1.0,33.3,34.2,32.5,1.152,0.053,False
25.18,92.67,1195.0,3.5,33.4,180.0,0.0,-1.0,33.4,34.3,32.4,1.152,0.053,False
25.18,92.68,1398.0,3.5,33.4,180.0,0.0,-1.0,33.4,34.3,32.3,1.151,0.053,False
25.18,92.69,1539.0,3.5,33.4,180.0,0.0,-1.0,33.4,34.4,32.1,1.15,0.0531,False
25.18,92.7,1484.0,3.5,33.5,180.0,0.0,-1.0,33.5,34.5,32.0,1.149,0.0531,False
25.18,92.71,1442.0,3.5,33.6,180.0,0.0,-1.0,33.6,34.6,31.8,1.149,0.0531,False
25.18,92.72,1493.0,3.5,33.6,180.0,0.0,-1.0,33.6,34.7,31.7,1.149,0.0531,False
25.18,92.73,1389.0,3.5,33.7,180.0,0.0,-1.0,33.7,34.8,31.5,1.149,0.0531,False
25.18,92.74,1312.0,3.5,33.8,180.0,0.0,-1.0,33.8,34.9,31.3,1.149,0.0531,False
25.18,92.75,1279.0,3.5,33.9,180.0,0.0,-1.0,33.9,35.0,31.2,1.15,0.0531,False
25.18,92.76,1242.0,3.5,33.88,180.0,0.0,-1.0,33.88,35.0,31.12,1.15,0.0531,False
25.18,92.77,1273.0,3.5,33.8,180.0,0.0,-1.0,33.8,35.0,31.2,1.15,0.0531,False
25.18,92.78,1159.0,3.5,33.8,180.0,0.0,-1.0,33.8,34.9,31.4,1.149,0.0531,False
25.18,92.79,1232.0,3.5,33.6,180.0,0.0,-1.0,33.6,34.7,31.6,1.148,0.0532,False
25.18,92.8,1131.0,3.5,33.5,180.0,0.0,-1.0,33.5,34.6,31.9,1.148,0.0532,False
25.18,92.81,1229.0,3.5,33.4,180.0,0.0,-1.0,33.4,34.4,32.2,1.148,0.0532,False
25.18,92.82,1205.0,3.5,33.3,180.0,0.0,-1.0,33.3,34.2,32.5,1.149,0.0531,False
25.18,92.83,1140.0,3.5,33.2,180.0,0.0,-1.0,33.2,34.0,32.8,1.15,0.0531,False
25.18,92.84,829.0,3.5,33.1,180.0,0.0,-1.0,33.1,33.9,33.0,1.151,0.053,False
25.18,92.85,993.0,3.5,33.1,180.0,0.0,-1.0,33.1,33.7,33.2,1.153,0.0529,False
25.18,92.86,851.0,3.5,33.0,180.0,0.0,-1.0,33.0,33.5,33.4,1.154,0.0529,False
25.18,92.87,906.0,3.5,33.1,180.0,0.0,-1.0,33.1,33.4,33.6,1.155,0.0529,False
25.18,92.88,902.0,3.5,33.1,180.0,0.0,-1.0,33.1,33.2,33.7,1.157,0.0528,False
25.18,92.89,1090.0,3.5,33.2,180.0,0.0,-1.0,33.2,33.0,33.8,1.158,0.0527,False
25.18,92.9,1098.0,3.5,33.3,180.0,0.0,-1.0,33.3,32.8,33.9,1.16,0.0526,False
25.18,92.91,1077.0,3.5,33.5,180.0,0.0,-1.0,33.5,32.6,34.0,1.161,0.0526,False
25.18,92.92,930.0,3.5,33.6,180.0,0.0,-1.0,33.6,32.3,34.0,1.163,0.0525,False
25.18,92.93,727.0,3.5,33.8,180.0,0.0,-1.0,33.8,32.1,34.1,1.164,0.0524,False
25.18,92.94,673.0,3.5,34.0,180.0,0.0,-1.0,34.0,31.9,34.1,1.165,0.0524,False
25.18,92.95,819.0,3.5,34.2,180.0,0.0,-1.0,34.2,31.7,34.2,1.167,0.0523,False
25.18,92.96,891.0,3.5,34.3,180.0,0.0,-1.0,34.3,31.5,34.2,1.168,0.0523,False
25.18,92.97,817.0,3.5,34.5,180.0,0.0,-1.0,34.5,31.3,34.2,1.168,0.0523,False
25.18,92.98,671.0,3.5,34.6,180.0,0.0,-1.0,34.6,31.2,34.2,1.169,0.0522,False
25.18,92.99,518.0,3.5,34.7,180.0,0.0,-1.0,34.7,31.1,34.2,1.169,0.0522,False
25.18,93.0,562.0,3.5,34.7,180.0,0.0,-1.0,34.7,31.0,34.2,1.17,0.0522,False
25.18,93.01,666.0,3.5,34.7,180.0,0.0,-1.0,34.7,31.0,34.3,1.17,0.0522,False
25.18,93.02,527.0,3.5,34.7,180.0,0.0,-1.0,34.7,31.0,34.3,1.17,0.0522,False
25.18,93.03,347.0,3.5,34.7,180.0,0.0,-1.0,34.7,30.9,34.3,1.17,0.0522,False
25.18,93.04,560.0,3.5,34.8,180.0,0.0,-1.0,34.8,30.9,34.4,1.171,0.0521,False
25.18,93.05,662.0,3.5,34.8,180.0,0.0,-1.0,34.8,30.8,34.4,1.171,0.0521,False
25.18,93.06,675.0,3.5,34.8,180.0,0.0,-1.0,34.8,30.7,34.5,1.171,0.0521,False
25.18,93.07,521.0,3.5,34.9,180.0,0.0,-1.0,34.9,30.6,34.5,1.172,0.0521,False
25.18,93.08,469.0,3.5,35.0,180.0,0.0,-1.0,35.0,30.4,34.6,1.172,0.0521,False
25.18,93.09,636.0,3.5,35.1,180.0,0.0,-1.0,35.1,30.3,34.7,1.173,0.052,False
25.18,93.1,573.0,3.5,35.1,180.0,0.0,-1.0,35.1,30.2,34.7,1.173,0.052,False
25.18,93.11,537.0,3.5,35.2,180.0,0.0,-1.0,35.2,30.0,34.8,1.174,0.052,False
25.18,93.12,594.0,3.5,35.3,180.0,0.0,-1.0,35.3,29.9,34.8,1.174,0.052,False
25.18,93.13,614.0,3.5,35.3,180.0,0.0,-1.0,35.3,29.8,34.9,1.175,0.052,False
25.18,93.14,630.0,3.5,35.4,180.0,0.0,-1.0,35.4,29.8,34.9,1.175,0.052,False
25.18,93.15,750.0,3.5,35.4,180.0,0.0,-1.0,35.4,29.7,34.9,1.176,0.0519,False
25.18,93.16,715.0,3.5,35.4,180.0,0.0,-1.0,35.4,29.7,34.9,1.176,0.0519,False
25.18,93.17,678.0,3.5,35.4,180.0,0.0,-1.0,35.4,29.7,35.0,1.176,0.0519,False
25.18,93.18,925.0,3.5,35.4,180.0,0.0,-1.0,35.4,29.7,35.0,1.177,0.0519,False
25.18,93.19,1163.0,3.5,35.4,180.0,0.0,-1.0,35.4,29.7,35.0,1.177,0.0519,False
25.19,92.51,441.0,3.5,33.0,180.0,0.0,-1.0,33.0,33.4,33.5,1.164,0.0524,False
25.19,92.52,425.0,3.5,33.0,180.0,0.0,-1.0,33.0,33.5,33.5,1.163,0.0525,False
25.19,92.53,207.0,3.5,33.1,180.0,0.0,-1.0,33.1,33.5,33.4,1.163,0.0525,False
25.19,92.54,490.0,3.5,33.1,180.0,0.0,-1.0,33.1,33.5,33.4,1.162,0.0525,False
25.19,92.55,638.0,3.5,33.1,180.0,0.0,-1.0,33.1,33.6,33.4,1.162,0.0525,False
25.19,92.56,738.0,3.5,33.1,180.0,0.0,-1.0,33.1,33.6,33.3,1.161,0.0526,False
25.19,92.57,1038.0,3.5,33.1,180.0,0.0,-1.0,33.1,33.7,33.2,1.16,0.0526,False
25.19,92.58,1100.0,3.5,33.1,180.0,0.0,-1.0,33.1,33.7,33.2,1.16,0.0526,False
25.19,92.59,855.0,3.5,33.1,180.0,0.0,-1.0,33.1,33.7,33.1,1.159,0.0527,False
25.19,92.6,1281.0,3.5,33.2,180.0,0.0,-1.0,33.2,33.8,33.1,1.158,0.0527,False
25.19,92.61,1457.0,3.5,33.2,180.0,0.0,-1.0,33.2,33.8,33.0,1.157,0.0528,False
25.19,92.62,1516.0,3.5,33.2,180.0,0.0,-1.0,33.2,33.9,32.9,1.156,0.0528,False
25.19,92.63,1588.0,3.5,33.2,180.0,0.0,-1.0,33.2,34.0,32.8,1.156,0.0528,False
25.19,92.64,1407.0,3.5,33.3,180.0,0.0,-1.0,33.3,34.0,32.7,1.155,0.0529,False
25.19,92.65,1368.0,3.5,33.3,180.0,0.0,-1.0,33.3,34.1,32.6,1.154,0.0529,False
25.19,92.66,1426.0,3.5,33.3,180.0,0.0,-1.0,33.3,34.2,32.5,1.153,0.0529,False
25.19,92.67,1422.0,3.5,33.4,180.0,0.0,-1.0,33.4,34.2,32.4,1.152,0.053,False
25.19,92.68,1478.0,3.5,33.4,180.0,0.0,-1.0,33.4,34.3,32.3,1.151,0.053,False
25.19,92.69,1505.0,3.5,33.5,180.0,0.0,-1.0,33.5,34.4,32.2,1.151,0.053,False
25.19,92.7,1464.0,3.5,33.5,180.0,0.0,-1.0,33.5,34.5,32.0,1.15,0.0531,False
25.19,92.71,1281.0,3.5,33.6,180.0,0.0,-1.0,33.6,34.6,31.9,1.15,0.0531,False
25.19,92.72,1373.0,3.5,33.6,180.0,0.0,-1.0,33.6,34.7,31.7,1.149,0.0531,False
25.19,92.73,1381.0,3.5,33.7,180.0,0.0,-1.0,33.7,34.8,31.5,1.149,0.0531,False
25.19,92.74,1340.0,3.5,33.8,180.0,0.0,-1.0,33.8,34.9,31.4,1.149,0.0531,False
25.19,92.75,1302.0,3.5,33.8,180.0,0.0,-1.0,33.8,34.9,31.2,1.15,0.0531,False
25.19,92.76,1115.0,3.5,33.9,180.0,0.0,-1.0,33.9,35.0,31.2,1.15,0.0531,False
25.19,92.77,1309.0,3.5,33.8,180.0,0.0,-1.0,33.8,34.9,31.2,1.15,0.0531,False
25.19,92.78,1233.0,3.5,33.7,180.0,0.0,-1.0,33.7,34.8,31.4,1.149,0.0531,False
25.19,92.79,1174.0,3.5,33.6,180.0,0.0,-1.0,33.6,34.7,31.7,1.149,0.0531,False
25.19,92.8,1099.0,3.5,33.5,180.0,0.0,-1.0,33.5,34.5,31.9,1.149,0.0531,False
25.19,92.81,1179.0,3.5,33.4,180.0,0.0,-1.0,33.4,34.4,32.2,1.149,0.0531,False
25.19,92.82,1237.0,3.5,33.3,180.0,0.0,-1.0,33.3,34.2,32.5,1.15,0.0531,False
25.19,92.83,1139.0,3.5,33.2,180.0,0.0,-1.0,33.2,34.0,32.8,1.151,0.053,False
25.19,92.84,907.0,3.5,33.2,180.0,0.0,-1.0,33.2,33.8,33.0,1.152,0.053,False
25.19,92.85,812.0,3.5,33.2,180.0,0.0,-1.0,33.2,33.7,33.2,1.154,0.0529,False
25.19,92.86,880.0,3.5,33.2,180.0,0.0,-1.0,33.2,33.5,33.4,1.155,0.0529,False
25.19,92.87,751.0,3.5,33.2,180.0,0.0,-1.0,33.2,33.3,33.5,1.156,0.0528,False
25.19,92.88,939.0,3.5,33.2,180.0,0.0,-1.0,33.2,33.1,33.7,1.158,0.0527,False
25.19,92.89,918.0,3.5,33.3,180.0,0.0,-1.0,33.3,32.9,33.8,1.159,0.0527,False
25.19,92.9,842.0,3.5,33.5,180.0,0.0,-1.0,33.5,32.7,33.9,1.161,0.0526,False
25.19,92.91,815.0,3.5,33.6,180.0,0.0,-1.0,33.6,32.5,34.0,1.162,0.0525,False
25.19,92.92,965.0,3.5,33.7,180.0,0.0,-1.0,33.7,32.2,34.0,1.163,0.0525,False
25.19,92.93,796.0,3.5,33.9,180.0,0.0,-1.0,33.9,32.0,34.1,1.165,0.0524,False
25.19,92.94,756.0,3.5,34.1,180.0,0.0,-1.0,34.1,31.8,34.1,1.166,0.0524,False
25.19,92.95,867.0,3.5,34.3,180.0,0.0,-1.0,34.3,31.5,34.2,1.167,0.0523,False
25.19,92.96,878.0,3.5,34.4,180.0,0.0,-1.0,34.4,31.4,34.2,1.168,0.0523,False
25.19,92.97,861.0,3.5,34.6,180.0,0.0,-1.0,34.6,31.2,34.2,1.169,0.0522,False
25.19,92.98,598.0,3.5,34.7,180.0,0.0,-1.0,34.7,31.1,34.2,1.169,0.0522,False
25.19,92.99,433.0,3.5,34.8,180.0,0.0,-1.0,34.8,31.0,34.2,1.17,0.0522,False
25.19,93.0,496.0,3.5,34.8,180.0,0.0,-1.0,34.8,31.0,34.2,1.17,0.0522,False
25.19,93.01,672.0,3.5,34.8,180.0,0.0,-1.0,34.8,31.0,34.2,1.17,0.0522,False
25.19,93.02,493.0,3.5,34.8,180.0,0.0,-1.0,34.8,30.9,34.3,1.17,0.0522,False
25.19,93.03,514.0,3.5,34.8,180.0,0.0,-1.0,34.8,30.9,34.3,1.17,0.0522,False
25.19,93.04,565.0,3.5,34.8,180.0,0.0,-1.0,34.8,30.8,34.4,1.171,0.0521,False
25.19,93.05,839.0,3.5,34.8,180.0,0.0,-1.0,34.8,30.7,34.4,1.171,0.0521,False
25.19,93.06,713.0,3.5,34.9,180.0,0.0,-1.0,34.9,30.6,34.5,1.172,0.0521,False
25.19,93.07,671.0,3.5,35.0,180.0,0.0,-1.0,35.0,30.5,34.6,1.172,0.0521,False
25.19,93.08,649.0,3.5,35.0,180.0,0.0,-1.0,35.0,30.3,34.6,1.173,0.052,False
25.19,93.09,516.0,3.5,35.1,180.0,0.0,-1.0,35.1,30.2,34.7,1.173,0.052,False
25.19,93.1,571.0,3.5,35.2,180.0,0.0,-1.0,35.2,30.0,34.7,1.174,0.052,False
25.19,93.11,596.0,3.5,35.3,180.0,0.0,-1.0,35.3,29.9,34.8,1.174,0.052,False
25.19,93.12,612.0,3.5,35.4,180.0,0.0,-1.0,35.4,29.8,34.9,1.175,0.052,False
25.19,93.13,535.0,3.5,35.4,180.0,0.0,-1.0,35.4,29.7,34.9,1.175,0.052,False
25.19,93.14,588.0,3.5,35.5,180.0,0.0,-1.0,35.5,29.6,34.9,1.175,0.052,False
25.19,93.15,701.0,3.5,35.5,180.0,0.0,-1.0,35.5,29.6,35.0,1.176,0.0519,False
25.19,93.16,534.0,3.5,35.5,180.0,0.0,-1.0,35.5,29.5,35.0,1.176,0.0519,False
25.19,93.17,657.0,3.5,35.5,180.0,0.0,-1.0,35.5,29.5,35.0,1.176,0.0519,False
25.19,93.18,766.0,3.5,35.5,180.0,0.0,-1.0,35.5,29.5,35.0,1.177,0.0519,False
25.19,93.19,802.0,3.5,35.4,180.0,0.0,-1.0,35.4,29.6,35.0,1.177,0.0519,False
25.2,92.5,612.0,3.5,33.0,180.0,0.0,-1.0,33.0,33.4,33.6,1.165,0.0524,False
25.2,92.51,455.0,3.5,33.0,180.0,0.0,-1.0,33.0,33.4,33.5,1.164,0.0524,False
25.2,92.52,603.0,3.5,33.0,180.0,0.0,-1.0,33.0,33.4,33.5,1.164,0.0524,False
25.2,92.53,475.0,3.5,33.1,180.0,0.0,-1.0,33.1,33.5,33.5,1.163,0.0525,False
25.2,92.54,362.0,3.5,33.1,180.0,0.0,-1.0,33.1,33.5,33.4,1.163,0.0525,False
25.2,92.55,356.0,3.5,33.1,180.0,0.0,-1.0,33.1,33.6,33.4,1.162,0.0525,False
25.2,92.56,391.0,3.5,33.1,180.0,0.0,-1.0,33.1,33.6,33.3,1.162,0.0525,False
25.2,92.57,617.0,3.5,33.1,180.0,0.0,-1.0,33.1,33.6,33.3,1.161,0.0526,False
25.2,92.58,836.0,3.5,33.1,180.0,0.0,-1.0,33.1,33.7,33.2,1.16,0.0526,False
25.2,92.59,1117.0,3.5,33.1,180.0,0.0,-1.0,33.1,33.7,33.1,1.159,0.0527,False
25.2,92.6,1545.0,3.5,33.2,180.0,0.0,-1.0,33.2,33.8,33.1,1.159,0.0527,False
25.2,92.61,1597.0,3.5,33.2,180.0,0.0,-1.0,33.2,33.8,33.0,1.158,0.0527,False
25.2,92.62,1557.0,3.5,33.2,180.0,0.0,-1.0,33.2,33.9,32.9,1.157,0.0528,False
25.2,92.63,1563.0,37.7,33.2,132.1,0.742,-0.6704,33.2,33.9,32.8,1.156,0.529,False
25.2,92.64,1470.0,46.2,33.3,90.0,1.0,0.0,33.3,34.0,32.8,1.155,0.6249,False
25.2,92.65,1274.0,37.7,33.3,47.9,0.742,0.6704,33.3,34.1,32.7,1.155,0.5295,False
25.2,92.66,1269.0,25.9,33.3,90.0,1.0,0.0,33.3,34.1,32.6,1.154,0.3785,False
25.2,92.67,1287.0,27.9,33.4,90.0,1.0,0.0,33.4,34.2,32.5,1.153,0.4058,False
25.2,92.68,1427.0,29.8,33.4,90.0,1.0,0.0,33.4,34.3,32.3,1.152,0.4314,False
25.2,92.69,1353.0,30.0,33.4,90.0,1.0,0.0,33.4,34.4,32.2,1.151,0.4344,False
25.2,92.7,1419.0,35.4,33.5,132.1,0.742,-0.6704,33.5,34.4,32.1,1.151,0.5033,False
25.2,92.71,1432.0,43.8,33.6,90.0,1.0,0.0,33.6,34.5,31.9,1.15,0.6019,False
25.2,92.72,1298.0,45.3,33.6,90.0,1.0,0.0,33.6,34.6,31.8,1.15,0.6181,False
25.2,92.73,1186.0,43.1,33.7,90.0,1.0,0.0,33.7,34.7,31.6,1.15,0.5942,False
25.2,92.74,1196.0,34.7,33.7,47.9,0.742,0.6704,33.7,34.8,31.5,1.15,0.495,False
25.2,92.75,1234.0,29.1,33.8,90.0,1.0,0.0,33.8,34.9,31.3,1.15,0.4229,False
25.2,92.76,1115.0,22.4,33.8,47.9,0.742,0.6704,33.8,34.9,31.3,1.15,0.3314,False
25.2,92.77,1135.0,28.8,33.8,90.0,1.0,0.0,33.8,34.9,31.4,1.15,0.4189,False
25.2,92.78,1084.0,22.2,33.7,47.9,0.742,0.6704,33.7,34.8,31.5,1.15,0.3286,False
25.2,92.79,1217.0,12.3,33.6,132.1,0.742,-0.6704,33.6,34.6,31.7,1.15,0.1852,False
25.2,92.8,1069.0,16.3,33.5,90.0,1.0,0.0,33.5,34.5,32.0,1.15,0.2441,False
25.2,92.81,1176.0,19.1,33.4,90.0,1.0,0.0,33.4,34.3,32.3,1.15,0.2845,False
25.2,92.82,1222.0,24.3,33.4,90.0,1.0,0.0,33.4,34.1,32.5,1.151,0.3575,False
25.2,92.83,1137.0,18.5,33.3,47.9,0.742,0.6704,33.3,33.9,32.8,1.152,0.2754,False
25.2,92.84,1069.0,18.3,33.3,270.0,-1.0,-0.0,33.3,33.8,33.0,1.153,0.2723,False
25.2,92.85,902.0,23.7,33.2,312.1,-0.742,0.6704,33.2,33.6,33.2,1.155,0.348,False
25.2,92.86,684.0,30.7,33.2,270.0,-1.0,-0.0,33.2,33.4,33.4,1.156,0.4416,False
25.2,92.87,924.0,23.7,33.3,227.9,-0.742,-0.6704,33.3,33.2,33.5,1.157,0.3474,False
25.2,92.88,999.0,10.8,33.3,312.1,-0.742,0.6704,33.3,33.0,33.6,1.159,0.1617,False
25.2,92.89,878.0,24.1,33.4,312.1,-0.742,0.6704,33.4,32.8,33.8,1.16,0.352,False
25.2,92.9,716.0,31.1,33.5,270.0,-1.0,-0.0,33.5,32.6,33.9,1.161,0.4449,False
25.2,92.91,767.0,31.7,33.7,270.0,-1.0,-0.0,33.7,32.4,34.0,1.163,0.4518,False
25.2,92.92,899.0,24.6,33.8,227.9,-0.742,-0.6704,33.8,32.1,34.0,1.164,0.3576,False
25.2,92.93,814.0,25.2,34.0,312.1,-0.742,0.6704,34.0,31.9,34.1,1.166,0.3652,False
25.2,92.94,660.0,32.4,34.2,270.0,-1.0,-0.0,34.2,31.7,34.1,1.167,0.4591,False
25.2,92.95,852.0,30.6,34.4,270.0,-1.0,-0.0,34.4,31.5,34.2,1.168,0.4358,False
25.2,92.96,857.0,23.7,34.5,227.9,-0.742,-0.6704,34.5,31.3,34.2,1.169,0.3438,False
25.2,92.97,828.0,23.7,34.7,312.1,-0.742,0.6704,34.7,31.1,34.2,1.169,0.3438,False
25.2,92.98,744.0,33.0,34.8,312.1,-0.742,0.6704,34.8,31.0,34.2,1.17,0.4655,False
25.2,92.99,576.0,43.0,34.8,312.1,-0.742,0.6704,34.8,31.0,34.2,1.17,0.5829,False
25.2,93.0,538.0,51.5,34.9,270.0,-1.0,-0.0,34.9,30.9,34.2,1.17,0.6689,False
25.2,93.01,432.0,51.1,34.8,270.0,-1.0,-0.0,34.8,30.9,34.2,1.17,0.6652,False
25.2,93.02,392.0,42.6,34.8,227.9,-0.742,-0.6704,34.8,30.9,34.3,1.17,0.5785,False
25.2,93.03,464.0,32.7,34.8,270.0,-1.0,-0.0,34.8,30.9,34.3,1.17,0.4617,False
25.2,93.04,575.0,30.1,34.8,270.0,-1.0,-0.0,34.8,30.8,34.4,1.171,0.4283,False
25.2,93.05,806.0,36.3,34.9,270.0,-1.0,-0.0,34.9,30.7,34.4,1.171,0.5056,False
25.2,93.06,559.0,41.7,34.9,270.0,-1.0,-0.0,34.9,30.6,34.5,1.172,0.5676,False
25.2,93.07,479.0,47.6,35.0,270.0,-1.0,-0.0,35.0,30.4,34.6,1.172,0.6301,False
25.2,93.08,600.0,41.2,35.1,270.0,-1.0,-0.0,35.1,30.2,34.6,1.173,0.5615,False
25.2,93.09,494.0,45.6,35.2,270.0,-1.0,-0.0,35.2,30.1,34.7,1.173,0.6091,False
25.2,93.1,552.0,37.2,35.3,227.9,-0.742,-0.6704,35.3,29.9,34.8,1.174,0.515,False
25.2,93.11,528.0,30.5,35.4,270.0,-1.0,-0.0,35.4,29.7,34.8,1.174,0.4323,False
25.2,93.12,544.0,32.1,35.5,270.0,-1.0,-0.0,35.5,29.6,34.9,1.175,0.4523,False
25.2,93.13,619.0,33.9,35.6,312.1,-0.742,0.6704,35.6,29.5,34.9,1.175,0.4747,False
25.2,93.14,493.0,42.2,35.6,270.0,-1.0,-0.0,35.6,29.4,35.0,1.176,0.5712,False
25.2,93.15,513.0,46.1,35.6,270.0,-1.0,-0.0,35.6,29.4,35.0,1.176,0.6127,False
25.2,93.16,504.0,42.0,35.6,270.0,-1.0,-0.0,35.6,29.4,35.0,1.176,0.569,False
25.2,93.17,645.0,43.6,35.6,270.0,-1.0,-0.0,35.6,29.4,35.0,1.177,0.5859,False
25.2,93.18,646.0,37.3,35.6,270.0,-1.0,-0.0,35.6,29.4,35.0,1.177,0.5149,False
25.2,93.19,556.0,38.3,35.5,270.0,-1.0,-0.0,35.5,29.4,35.0,1.177,0.5266,False
25.2,93.2,780.0,35.4,35.5,270.0,-1.0,-0.0,35.5,29.5,35.0,1.177,0.4922,False
25.21,92.5,566.0,35.9,33.0,270.0,-1.0,-0.0,33.0,33.4,33.6,1.166,0.5029,False
25.21,92.51,422.0,34.7,33.0,270.0,-1.0,-0.0,33.0,33.4,33.6,1.165,0.4887,False
25.21,92.52,563.0,42.9,33.0,270.0,-1.0,-0.0,33.0,33.4,33.5,1.165,0.5843,False
25.21,92.53,602.0,34.6,33.0,227.9,-0.742,-0.6704,33.0,33.5,33.5,1.164,0.4878,False
25.21,92.54,411.0,42.6,33.1,270.0,-1.0,-0.0,33.1,33.5,33.4,1.163,0.582,False
25.21,92.55,629.0,36.5,33.1,270.0,-1.0,-0.0,33.1,33.5,33.4,1.163,0.5115,False
25.21,92.56,609.0,28.8,33.1,227.9,-0.742,-0.6704,33.1,33.6,33.4,1.162,0.4146,False
25.21,92.57,536.0,16.4,33.1,312.1,-0.742,0.6704,33.1,33.6,33.3,1.162,0.243,False
25.21,92.58,613.0,21.6,33.1,270.0,-1.0,-0.0,33.1,33.7,33.2,1.161,0.3171,False
25.21,92.59,1024.0,25.1,33.1,132.1,0.742,-0.6704,33.1,33.7,33.2,1.16,0.3657,False
25.21,92.6,1313.0,32.3,33.1,90.0,1.0,0.0,33.1,33.7,33.1,1.159,0.461,False
25.21,92.61,1438.0,36.5,33.2,90.0,1.0,0.0,33.2,33.8,33.0,1.159,0.5132,False
25.21,92.62,1411.0,38.2,33.2,132.1,0.742,-0.6704,33.2,33.8,33.0,1.158,0.534,False
25.21,92.63,1552.0,49.1,33.2,180.0,0.0,-1.0,33.2,33.9,32.9,1.157,0.6533,False
25.21,92.64,1489.0,49.1,33.2,180.0,0.0,-1.0,33.2,34.0,32.8,1.156,0.6539,False
25.21,92.65,1235.0,29.1,33.3,0.0,0.0,1.0,33.3,34.0,32.7,1.155,0.4211,False
25.21,92.66,1208.0,25.9,33.3,90.0,1.0,0.0,33.3,34.1,32.6,1.155,0.3782,False
25.21,92.67,1230.0,27.9,33.3,90.0,1.0,0.0,33.3,34.2,32.5,1.154,0.4055,False
25.21,92.68,1252.0,29.8,33.4,90.0,1.0,0.0,33.4,34.2,32.4,1.153,0.431,False
25.21,92.69,1254.0,30.0,33.4,90.0,1.0,0.0,33.4,34.3,32.3,1.152,0.434,False
25.21,92.7,1262.0,30.7,33.5,90.0,1.0,0.0,33.5,34.4,32.1,1.152,0.4432,False
25.21,92.71,1447.0,43.8,33.5,90.0,1.0,0.0,33.5,34.5,32.0,1.151,0.6013,False
25.21,92.72,1473.0,45.3,33.6,90.0,1.0,0.0,33.6,34.6,31.8,1.151,0.6175,False
25.21,92.73,1435.0,43.1,33.6,90.0,1.0,0.0,33.6,34.6,31.7,1.15,0.5942,False
25.21,92.74,1296.0,33.4,33.7,90.0,1.0,0.0,33.7,34.7,31.6,1.15,0.4787,False
25.21,92.75,1244.0,29.1,33.7,90.0,1.0,0.0,33.7,34.8,31.5,1.15,0.4229,False
25.21,92.76,1171.0,22.4,33.7,90.0,1.0,0.0,33.7,34.8,31.5,1.15,0.3314,False
25.21,92.77,1240.0,28.8,33.7,90.0,1.0,0.0,33.7,34.7,31.5,1.15,0.4189,False
25.21,92.78,1093.0,17.9,33.7,0.0,0.0,1.0,33.7,34.7,31.7,1.15,0.2673,False
25.21,92.79,997.0,15.9,33.6,47.9,0.742,0.6704,33.6,34.5,31.9,1.15,0.2382,False
25.21,92.8,1111.0,16.3,33.5,90.0,1.0,0.0,33.5,34.4,32.1,1.151,0.2438,False
25.21,92.81,1138.0,19.1,33.4,90.0,1.0,0.0,33.4,34.2,32.3,1.151,0.2843,False
25.21,92.82,1191.0,24.3,33.4,90.0,1.0,0.0,33.4,34.1,32.6,1.152,0.3572,False
25.21,92.83,1035.0,27.6,33.3,0.0,0.0,1.0,33.3,33.9,32.8,1.153,0.4018,False
25.21,92.84,796.0,27.6,33.3,0.0,0.0,1.0,33.3,33.7,33.0,1.154,0.4015,False
25.21,92.85,880.0,25.3,33.3,0.0,0.0,1.0,33.3,33.5,33.2,1.156,0.3697,False
25.21,92.86,664.0,30.7,33.3,270.0,-1.0,-0.0,33.3,33.3,33.4,1.157,0.4413,False
25.21,92.87,902.0,27.5,33.4,180.0,0.0,-1.0,33.4,33.1,33.5,1.158,0.3987,False
25.21,92.88,947.0,16.8,33.4,270.0,-1.0,-0.0,33.4,32.9,33.6,1.16,0.2492,False
25.21,92.89,833.0,20.9,33.5,0.0,0.0,1.0,33.5,32.7,33.8,1.161,0.3073,False
25.21,92.9,659.0,31.1,33.6,270.0,-1.0,-0.0,33.6,32.5,33.9,1.162,0.4445,False
25.21,92.91,651.0,31.7,33.8,270.0,-1.0,-0.0,33.8,32.3,34.0,1.164,0.4514,False
25.21,92.92,756.0,22.3,33.9,270.0,-1.0,-0.0,33.9,32.1,34.0,1.165,0.3257,False
25.21,92.93,819.0,21.1,34.1,0.0,0.0,1.0,34.1,31.8,34.1,1.166,0.3087,False
25.21,92.94,643.0,32.4,34.2,270.0,-1.0,-0.0,34.2,31.6,34.2,1.167,0.4591,False
25.21,92.95,665.0,30.6,34.4,270.0,-1.0,-0.0,34.4,31.4,34.2,1.168,0.4358,False
25.21,92.96,875.0,24.7,34.6,180.0,0.0,-1.0,34.6,31.2,34.2,1.169,0.3575,False
25.21,92.97,781.0,19.8,34.7,270.0,-1.0,-0.0,34.7,31.1,34.2,1.17,0.2895,False
25.21,92.98,665.0,30.6,34.8,270.0,-1.0,-0.0,34.8,31.0,34.2,1.17,0.4351,False
25.21,92.99,521.0,41.2,34.9,270.0,-1.0,-0.0,34.9,30.9,34.2,1.17,0.563,False
25.21,93.0,328.0,51.5,34.9,270.0,-1.0,-0.0,34.9,30.9,34.2,1.17,0.6689,False
25.21,93.01,337.0,51.1,34.9,270.0,-1.0,-0.0,34.9,30.9,34.2,1.17,0.6652,False
25.21,93.02,529.0,40.7,34.9,270.0,-1.0,-0.0,34.9,30.9,34.2,1.17,0.5573,False
25.21,93.03,639.0,32.7,34.9,270.0,-1.0,-0.0,34.9,30.9,34.3,1.17,0.4617,False
25.21,93.04,670.0,30.1,34.9,270.0,-1.0,-0.0,34.9,30.8,34.4,1.171,0.4283,False
25.21,93.05,592.0,36.3,34.9,270.0,-1.0,-0.0,34.9,30.7,34.4,1.171,0.5056,False
25.21,93.06,514.0,41.7,35.0,270.0,-1.0,-0.0,35.0,30.5,34.5,1.172,0.5676,False
25.21,93.07,411.0,47.6,35.1,270.0,-1.0,-0.0,35.1,30.3,34.6,1.172,0.6301,False
25.21,93.08,522.0,41.2,35.2,270.0,-1.0,-0.0,35.2,30.1,34.7,1.173,0.5615,False
25.21,93.09,447.0,45.6,35.3,270.0,-1.0,-0.0,35.3,29.9,34.7,1.173,0.6091,False
25.21,93.1,634.0,33.1,35.4,270.0,-1.0,-0.0,35.4,29.8,34.8,1.174,0.4652,False
25.21,93.11,666.0,30.5,35.5,270.0,-1.0,-0.0,35.5,29.6,34.9,1.174,0.4323,False
25.21,93.12,647.0,32.1,35.6,270.0,-1.0,-0.0,35.6,29.5,34.9,1.175,0.4523,False
25.21,93.13,677.0,29.5,35.7,270.0,-1.0,-0.0,35.7,29.4,35.0,1.175,0.4191,False
25.21,93.14,505.0,42.2,35.7,270.0,-1.0,-0.0,35.7,29.3,35.0,1.176,0.5712,False
25.21,93.15,438.0,46.1,35.7,270.0,-1.0,-0.0,35.7,29.2,35.0,1.176,0.6127,False
25.21,93.16,508.0,42.0,35.7,270.0,-1.0,-0.0,35.7,29.2,35.0,1.177,0.5685,False
25.21,93.17,483.0,43.6,35.7,270.0,-1.0,-0.0,35.7,29.2,35.1,1.177,0.5859,False
25.21,93.18,579.0,37.3,35.7,270.0,-1.0,-0.0,35.7,29.3,35.1,1.177,0.5149,False
25.21,93.19,565.0,38.3,35.6,270.0,-1.0,-0.0,35.6,29.3,35.1,1.177,0.5266,False
25.21,93.2,605.0,35.4,35.6,270.0,-1.0,-0.0,35.6,29.4,35.1,1.178,0.4917,False
25.22,92.5,598.0,35.9,33.0,270.0,-1.0,-0.0,33.0,33.4,33.6,1.166,0.5029,False
25.22,92.51,613.0,34.7,33.0,270.0,-1.0,-0.0,33.0,33.4,33.6,1.166,0.4882,False
25.22,92.52,494.0,42.9,33.0,270.0,-1.0,-0.0,33.0,33.4,33.6,1.165,0.5843,False
25.22,92.53,629.0,33.5,33.0,270.0,-1.0,-0.0,33.0,33.4,33.5,1.165,0.4738,False
25.22,92.54,499.0,42.6,33.0,270.0,-1.0,-0.0,33.0,33.5,33.5,1.164,0.5815,False
25.22,92.55,589.0,36.5,33.1,270.0,-1.0,-0.0,33.1,33.5,33.4,1.164,0.511,False
25.22,92.56,906.0,34.8,33.1,180.0,0.0,-1.0,33.1,33.5,33.4,1.163,0.4907,False
25.22,92.57,882.0,23.5,33.1,132.1,0.742,-0.6704,33.1,33.6,33.3,1.162,0.3432,False
25.22,92.58,763.0,39.4,33.1,90.0,1.0,0.0,33.1,33.6,33.3,1.162,0.5462,False
25.22,92.59,806.0,46.2,33.1,180.0,0.0,-1.0,33.1,33.7,33.2,1.161,0.6217,False
25.22,92.6,1282.0,46.2,33.1,180.0,0.0,-1.0,33.1,33.7,33.2,1.16,0.6222,False
25.22,92.61,1337.0,36.5,33.2,90.0,1.0,0.0,33.2,33.8,33.1,1.159,0.5132,False
25.22,92.62,1303.0,34.0,33.2,90.0,1.0,0.0,33.2,33.8,33.0,1.159,0.4825,False
25.22,92.63,1498.0,46.7,33.2,90.0,1.0,0.0,33.2,33.9,32.9,1.158,0.6285,False
25.22,92.64,1497.0,38.1,33.2,132.1,0.742,-0.6704,33.2,33.9,32.8,1.157,0.5333,False
25.22,92.65,1299.0,23.5,33.3,0.0,0.0,1.0,33.3,34.0,32.8,1.156,0.3449,False
25.22,92.66,1163.0,16.6,33.3,0.0,0.0,1.0,33.3,34.0,32.7,1.156,0.2471,False
25.22,92.67,1153.0,13.2,33.3,47.9,0.742,0.6704,33.3,34.1,32.6,1.155,0.1977,False
25.22,92.68,1114.0,15.3,33.4,270.0,-1.0,-0.0,33.4,34.2,32.5,1.154,0.2287,False
25.22,92.69,1210.0,11.9,33.4,180.0,0.0,-1.0,33.4,34.2,32.3,1.153,0.1788,False
25.22,92.7,1174.0,21.9,33.5,227.9,-0.742,-0.6704,33.5,34.3,32.2,1.152,0.3238,False
25.22,92.71,1223.0,23.9,33.5,270.0,-1.0,-0.0,33.5,34.4,32.1,1.152,0.3517,False
25.22,92.72,1293.0,23.6,33.6,180.0,0.0,-1.0,33.6,34.5,32.0,1.151,0.3478,False
25.22,92.73,1492.0,24.0,33.6,227.9,-0.742,-0.6704,33.6,34.5,31.8,1.151,0.3534,False
25.22,92.74,1445.0,18.5,33.6,270.0,-1.0,-0.0,33.6,34.6,31.8,1.151,0.2757,False
25.22,92.75,1416.0,19.8,33.7,47.9,0.742,0.6704,33.7,34.6,31.7,1.151,0.2943,False
25.22,92.76,1309.0,21.7,33.7,312.1,-0.742,0.6704,33.7,34.6,31.7,1.151,0.3212,False
25.22,92.77,1153.0,18.9,33.7,0.0,0.0,1.0,33.7,34.6,31.7,1.151,0.2814,False
25.22,92.78,1191.0,23.6,33.6,270.0,-1.0,-0.0,33.6,34.5,31.8,1.151,0.3478,False
25.22,92.79,1100.0,13.9,33.6,0.0,0.0,1.0,33.6,34.4,32.0,1.151,0.2087,False
25.22,92.8,987.0,23.5,33.5,180.0,0.0,-1.0,33.5,34.3,32.2,1.152,0.3461,False
25.22,92.81,1185.0,23.5,33.5,180.0,0.0,-1.0,33.5,34.1,32.4,1.152,0.3461,False
25.22,92.82,1138.0,18.4,33.4,312.1,-0.742,0.6704,33.4,34.0,32.6,1.153,0.2738,False
25.22,92.83,1080.0,23.6,33.4,0.0,0.0,1.0,33.4,33.8,32.8,1.154,0.3469,False
25.22,92.84,881.0,23.6,33.4,0.0,0.0,1.0,33.4,33.6,33.0,1.156,0.3463,False
25.22,92.85,726.0,20.4,33.4,47.9,0.742,0.6704,33.4,33.4,33.2,1.157,0.3013,False
25.22,92.86,640.0,21.1,33.4,227.9,-0.742,-0.6704,33.4,33.2,33.4,1.158,0.3109,False
25.22,92.87,766.0,15.4,33.4,180.0,0.0,-1.0,33.4,33.0,33.5,1.159,0.2291,False
25.22,92.88,795.0,16.8,33.5,270.0,-1.0,-0.0,33.5,32.8,33.7,1.161,0.249,False
25.22,92.89,824.0,28.4,33.6,0.0,0.0,1.0,33.6,32.6,33.8,1.162,0.4093,False
25.22,92.9,577.0,28.4,33.7,0.0,0.0,1.0,33.7,32.4,33.9,1.163,0.409,False
25.22,92.91,806.0,26.6,33.8,180.0,0.0,-1.0,33.8,32.2,34.0,1.165,0.3843,False
25.22,92.92,706.0,12.4,34.0,90.0,1.0,0.0,34.0,32.0,34.1,1.166,0.1842,False
25.22,92.93,699.0,13.4,34.1,270.0,-1.0,-0.0,34.1,31.8,34.1,1.167,0.1986,False
25.22,92.94,629.0,22.2,34.3,180.0,0.0,-1.0,34.3,31.5,34.2,1.168,0.3235,False
25.22,92.95,815.0,22.2,34.5,180.0,0.0,-1.0,34.5,31.4,34.2,1.169,0.3232,False
25.22,92.96,866.0,24.8,34.6,0.0,0.0,1.0,34.6,31.2,34.2,1.169,0.3588,False
25.22,92.97,655.0,24.8,34.7,0.0,0.0,1.0,34.7,31.0,34.2,1.17,0.3585,False
25.22,92.98,586.0,16.0,34.8,312.1,-0.742,0.6704,34.8,31.0,34.2,1.17,0.2356,False
25.22,92.99,687.0,27.8,34.9,47.9,0.742,0.6704,34.9,30.9,34.2,1.17,0.3986,False
25.22,93.0,481.0,24.3,34.9,0.0,0.0,1.0,34.9,30.9,34.2,1.17,0.3517,False
25.22,93.01,358.0,20.3,34.9,180.0,0.0,-1.0,34.9,30.9,34.2,1.17,0.2965,False
25.22,93.02,527.0,20.3,34.9,180.0,0.0,-1.0,34.9,30.9,34.2,1.17,0.2965,False
25.22,93.03,675.0,21.7,34.9,270.0,-1.0,-0.0,34.9,30.8,34.3,1.17,0.316,False
25.22,93.04,585.0,11.2,34.9,0.0,0.0,1.0,34.9,30.7,34.4,1.171,0.1659,False
25.22,93.05,562.0,20.9,35.0,0.0,0.0,1.0,35.0,30.6,34.4,1.171,0.3046,False
25.22,93.06,388.0,20.9,35.1,0.0,0.0,1.0,35.1,30.4,34.5,1.172,0.3044,False
25.22,93.07,404.0,22.7,35.2,180.0,0.0,-1.0,35.2,30.2,34.6,1.172,0.3293,False
25.22,93.08,595.0,32.8,35.3,0.0,0.0,1.0,35.3,30.0,34.7,1.173,0.4618,False
25.22,93.09,301.0,32.8,35.4,0.0,0.0,1.0,35.4,29.8,34.8,1.173,0.4618,False
25.22,93.1,474.0,20.8,35.5,180.0,0.0,-1.0,35.5,29.6,34.8,1.174,0.3025,False
25.22,93.11,586.0,13.8,35.6,180.0,0.0,-1.0,35.6,29.4,34.9,1.175,0.203,False
25.22,93.12,497.0,16.6,35.7,270.0,-1.0,-0.0,35.7,29.3,35.0,1.175,0.2431,False
25.22,93.13,434.0,25.7,35.8,270.0,-1.0,-0.0,35.8,29.2,35.0,1.176,0.3688,False
25.22,93.14,531.0,12.1,35.8,312.1,-0.742,0.6704,35.8,29.1,35.1,1.176,0.1782,False
25.22,93.15,488.0,10.7,35.9,47.9,0.742,0.6704,35.9,29.1,35.1,1.177,0.1577,False
25.22,93.16,452.0,9.3,35.9,47.9,0.742,0.6704,35.9,29.1,35.1,1.177,0.1373,False
25.22,93.17,410.0,13.9,35.8,227.9,-0.742,-0.6704,35.8,29.1,35.1,1.177,0.2041,False
25.22,93.18,497.0,21.4,35.8,180.0,0.0,-1.0,35.8,29.1,35.1,1.177,0.31,False
25.22,93.19,676.0,23.1,35.7,270.0,-1.0,-0.0,35.7,29.2,35.1,1.177,0.3333,False
25.22,93.2,599.0,18.9,35.7,180.0,0.0,-1.0,35.7,29.3,35.1,1.178,0.275,False
25.22,93.21,755.0,18.9,35.6,180.0,0.0,-1.0,35.6,29.3,35.1,1.178,0.275,False
25.23,92.49,878.0,27.4,33.0,0.0,0.0,1.0,33.0,33.3,33.7,1.167,0.3943,False
25.23,92.5,641.0,28.2,33.0,47.9,0.742,0.6704,33.0,33.3,33.7,1.167,0.4049,False
25.23,92.51,769.0,22.0,33.0,47.9,0.742,0.6704,33.0,33.4,33.6,1.166,0.3213,False
25.23,92.52,726.0,24.7,33.0,90.0,1.0,0.0,33.0,33.4,33.6,1.166,0.3584,False
25.23,92.53,596.0,24.5,33.0,47.9,0.742,0.6704,33.0,33.4,33.6,1.165,0.356,False
25.23,92.54,637.0,22.0,33.0,0.0,0.0,1.0,33.0,33.5,33.5,1.165,0.3216,False
25.23,92.55,453.0,33.7,33.1,227.9,-0.742,-0.6704,33.1,33.5,33.5,1.164,0.4767,False
25.23,92.56,669.0,35.1,33.1,180.0,0.0,-1.0,33.1,33.5,33.4,1.164,0.494,False
25.23,92.57,990.0,35.1,33.1,180.0,0.0,-1.0,33.1,33.6,33.4,1.163,0.4944,False
25.23,92.58,1178.0,39.4,33.1,90.0,1.0,0.0,33.1,33.6,33.3,1.162,0.5462,False
25.23,92.59,892.0,52.0,33.1,90.0,1.0,0.0,33.1,33.6,33.3,1.162,0.6782,False
25.23,92.6,1339.0,44.4,33.1,180.0,0.0,-1.0,33.1,33.7,33.2,1.161,0.6026,False
25.23,92.61,1301.0,11.5,33.1,90.0,1.0,0.0,33.1,33.7,33.1,1.16,0.1719,False
25.23,92.62,1305.0,15.8,33.2,227.9,-0.742,-0.6704,33.2,33.8,33.1,1.16,0.2347,False
25.23,92.63,1321.0,19.3,33.2,270.0,-1.0,-0.0,33.2,33.8,33.0,1.159,0.2852,False
25.23,92.64,1459.0,28.0,33.2,270.0,-1.0,-0.0,33.2,33.9,32.9,1.158,0.4054,False
25.23,92.65,1334.0,20.9,33.3,270.0,-1.0,-0.0,33.3,33.9,32.8,1.157,0.3083,False
25.23,92.66,1313.0,16.6,33.3,90.0,1.0,0.0,33.3,34.0,32.7,1.156,0.2471,False
25.23,92.67,1271.0,14.1,33.3,270.0,-1.0,-0.0,33.3,34.0,32.6,1.156,0.2107,False
25.23,92.68,1161.0,13.6,33.4,0.0,0.0,1.0,33.4,34.1,32.5,1.155,0.2036,False
25.23,92.69,1189.0,10.2,33.4,90.0,1.0,0.0,33.4,34.2,32.4,1.154,0.1535,False
25.23,92.7,1167.0,9.4,33.4,47.9,0.742,0.6704,33.4,34.2,32.3,1.154,0.1415,False
25.23,92.71,1147.0,12.1,33.5,227.9,-0.742,-0.6704,33.5,34.3,32.2,1.153,0.1818,False
25.23,92.72,1189.0,24.0,33.5,227.9,-0.742,-0.6704,33.5,34.4,32.1,1.152,0.3531,False
25.23,92.73,1298.0,21.0,33.6,270.0,-1.0,-0.0,33.6,34.4,32.0,1.152,0.3111,False
25.23,92.74,1276.0,18.5,33.6,270.0,-1.0,-0.0,33.6,34.5,31.9,1.152,0.2754,False
25.23,92.75,1375.0,25.3,33.6,270.0,-1.0,-0.0,33.6,34.5,31.9,1.151,0.3713,False
25.23,92.76,1248.0,24.7,33.6,0.0,0.0,1.0,33.6,34.5,31.9,1.151,0.363,False
25.23,92.77,1038.0,24.7,33.6,0.0,0.0,1.0,33.6,34.5,31.9,1.152,0.3627,False
25.23,92.78,971.0,23.7,33.6,90.0,1.0,0.0,33.6,34.4,32.0,1.152,0.3489,False
25.23,92.79,1124.0,18.5,33.5,180.0,0.0,-1.0,33.5,34.3,32.2,1.152,0.2754,False
25.23,92.8,1138.0,16.7,33.5,90.0,1.0,0.0,33.5,34.2,32.3,1.153,0.2492,False
25.23,92.81,1232.0,19.8,33.5,132.1,0.742,-0.6704,33.5,34.0,32.5,1.154,0.2935,False
25.23,92.82,1104.0,22.9,33.4,0.0,0.0,1.0,33.4,33.9,32.7,1.155,0.3369,False
25.23,92.83,911.0,22.9,33.4,0.0,0.0,1.0,33.4,33.7,32.9,1.156,0.3366,False
25.23,92.84,979.0,24.3,33.4,270.0,-1.0,-0.0,33.4,33.5,33.1,1.157,0.3557,False
25.23,92.85,864.0,18.2,33.4,47.9,0.742,0.6704,33.4,33.3,33.3,1.158,0.2697,False
25.23,92.86,797.0,17.5,33.4,0.0,0.0,1.0,33.4,33.1,33.4,1.159,0.2595,False
25.23,92.87,653.0,22.8,33.5,180.0,0.0,-1.0,33.5,33.0,33.6,1.16,0.3341,False
25.23,92.88,845.0,22.8,33.6,180.0,0.0,-1.0,33.6,32.8,33.7,1.162,0.3335,False
25.23,92.89,760.0,20.3,33.6,0.0,0.0,1.0,33.6,32.6,33.8,1.163,0.2983,False
25.23,92.9,591.0,20.3,33.8,0.0,0.0,1.0,33.8,32.3,33.9,1.164,0.2981,False
25.23,92.91,709.0,14.5,33.9,180.0,0.0,-1.0,33.9,32.1,34.0,1.165,0.2149,False
25.23,92.92,817.0,13.3,34.0,180.0,0.0,-1.0,34.0,31.9,34.1,1.166,0.1973,False
25.23,92.93,722.0,13.1,34.2,90.0,1.0,0.0,34.2,31.7,34.1,1.167,0.1942,False
25.23,92.94,760.0,14.6,34.3,90.0,1.0,0.0,34.3,31.5,34.2,1.168,0.2158,False
25.23,92.95,802.0,14.3,34.5,132.1,0.742,-0.6704,34.5,31.3,34.2,1.169,0.2113,False
25.23,92.96,765.0,14.9,34.6,312.1,-0.742,0.6704,34.6,31.2,34.2,1.17,0.2198,False
25.23,92.97,669.0,18.1,34.7,312.1,-0.742,0.6704,34.7,31.0,34.2,1.17,0.2655,False
25.23,92.98,669.0,23.7,34.8,270.0,-1.0,-0.0,34.8,31.0,34.2,1.17,0.3435,False
25.23,92.99,676.0,22.5,34.9,270.0,-1.0,-0.0,34.9,30.9,34.2,1.17,0.3271,False
25.23,93.0,563.0,30.4,34.9,0.0,0.0,1.0,34.9,30.9,34.2,1.17,0.4325,False
25.23,93.01,295.0,30.4,34.9,0.0,0.0,1.0,34.9,30.9,34.2,1.17,0.4325,False
25.23,93.02,554.0,29.6,34.9,180.0,0.0,-1.0,34.9,30.9,34.2,1.17,0.4222,False
25.23,93.03,474.0,21.7,34.9,270.0,-1.0,-0.0,34.9,30.8,34.3,1.171,0.3158,False
25.23,93.04,590.0,14.4,34.9,312.1,-0.742,0.6704,34.9,30.7,34.4,1.171,0.2124,False
25.23,93.05,501.0,16.1,35.0,0.0,0.0,1.0,35.0,30.5,34.5,1.171,0.2368,False
25.23,93.06,369.0,16.1,35.1,0.0,0.0,1.0,35.1,30.3,34.6,1.172,0.2366,False
25.23,93.07,482.0,14.8,35.2,0.0,0.0,1.0,35.2,30.1,34.6,1.172,0.218,False
25.23,93.08,361.0,24.9,35.4,270.0,-1.0,-0.0,35.4,29.9,34.7,1.173,0.3589,False
25.23,93.09,421.0,24.0,35.5,180.0,0.0,-1.0,35.5,29.7,34.8,1.173,0.3467,False
25.23,93.1,624.0,25.4,35.7,132.1,0.742,-0.6704,35.7,29.5,34.9,1.174,0.3654,False
25.23,93.11,531.0,16.9,35.8,270.0,-1.0,-0.0,35.8,29.3,34.9,1.175,0.2474,False
25.23,93.12,549.0,14.1,35.9,227.9,-0.742,-0.6704,35.9,29.1,35.0,1.175,0.2073,False
25.23,93.13,504.0,13.9,35.9,180.0,0.0,-1.0,35.9,29.0,35.1,1.176,0.2043,False
25.23,93.14,617.0,15.1,36.0,132.1,0.742,-0.6704,36.0,28.9,35.1,1.177,0.2213,False
25.23,93.15,564.0,18.0,36.0,0.0,0.0,1.0,36.0,28.9,35.1,1.177,0.2625,False
25.23,93.16,416.0,18.0,36.0,0.0,0.0,1.0,36.0,28.9,35.1,1.177,0.2625,False
25.23,93.17,438.0,8.3,35.9,47.9,0.742,0.6704,35.9,28.9,35.1,1.177,0.1226,False
25.23,93.18,443.0,18.9,35.9,227.9,-0.742,-0.6704,35.9,29.0,35.1,1.178,0.275,False
25.23,93.19,461.0,23.1,35.8,270.0,-1.0,-0.0,35.8,29.1,35.1,1.178,0.3331,False
25.23,93.2,530.0,18.3,35.7,227.9,-0.742,-0.6704,35.7,29.2,35.1,1.178,0.2665,False
25.23,93.21,623.0,14.7,35.7,270.0,-1.0,-0.0,35.7,29.2,35.1,1.178,0.2154,False
25.24,92.49,1006.0,28.2,33.0,47.9,0.742,0.6704,33.0,33.3,33.7,1.168,0.4046,False
25.24,92.5,822.0,29.8,33.0,132.1,0.742,-0.6704,33.0,33.3,33.7,1.167,0.4259,False
25.24,92.51,912.0,30.7,33.0,90.0,1.0,0.0,33.0,33.3,33.7,1.167,0.4375,False
25.24,92.52,906.0,31.5,33.0,90.0,1.0,0.0,33.0,33.4,33.6,1.166,0.4481,False
25.24,92.53,788.0,32.1,33.0,47.9,0.742,0.6704,33.0,33.4,33.6,1.166,0.4557,False
25.24,92.54,803.0,27.2,33.0,47.9,0.742,0.6704,33.0,33.4,33.5,1.165,0.3924,False
25.24,92.55,692.0,25.3,33.0,90.0,1.0,0.0,33.0,33.5,33.5,1.165,0.3668,False
25.24,92.56,576.0,31.3,33.1,227.9,-0.742,-0.6704,33.1,33.5,33.5,1.164,0.4463,False
25.24,92.57,797.0,49.3,33.1,180.0,0.0,-1.0,33.1,33.5,33.4,1.164,0.6513,False
25.24,92.58,1327.0,49.3,33.1,180.0,0.0,-1.0,33.1,33.6,33.4,1.163,0.6519,False
25.24,92.59,1553.0,52.0,33.1,90.0,1.0,0.0,33.1,33.6,33.3,1.163,0.6776,False
25.24,92.6,1247.0,33.8,33.1,0.0,0.0,1.0,33.1,33.6,33.2,1.162,0.4787,False
25.24,92.61,1404.0,19.0,33.1,180.0,0.0,-1.0,33.1,33.7,33.2,1.161,0.2804,False
25.24,92.62,1322.0,15.9,33.2,0.0,0.0,1.0,33.2,33.7,33.1,1.161,0.236,False
25.24,92.63,1192.0,21.4,33.2,227.9,-0.742,-0.6704,33.2,33.8,33.0,1.16,0.3145,False
25.24,92.64,1191.0,28.0,33.2,270.0,-1.0,-0.0,33.2,33.8,33.0,1.159,0.4051,False
25.24,92.65,1141.0,25.0,33.2,312.1,-0.742,0.6704,33.2,33.9,32.9,1.158,0.365,False
25.24,92.66,1200.0,17.7,33.3,90.0,1.0,0.0,33.3,33.9,32.8,1.158,0.2626,False
25.24,92.67,1144.0,17.7,33.3,47.9,0.742,0.6704,33.3,34.0,32.7,1.157,0.2628,False
25.24,92.68,1247.0,12.7,33.3,180.0,0.0,-1.0,33.3,34.0,32.6,1.156,0.1902,False
25.24,92.69,1280.0,10.2,33.4,90.0,1.0,0.0,33.4,34.1,32.5,1.155,0.1533,False
25.24,92.7,1216.0,12.5,33.4,312.1,-0.742,0.6704,33.4,34.2,32.4,1.155,0.1874,False
25.24,92.71,1121.0,11.8,33.4,0.0,0.0,1.0,33.4,34.2,32.3,1.154,0.1772,False
25.24,92.72,1190.0,13.8,33.5,180.0,0.0,-1.0,33.5,34.3,32.2,1.154,0.2067,False
25.24,92.73,1302.0,16.6,33.5,0.0,0.0,1.0,33.5,34.3,32.2,1.153,0.2478,False
25.24,92.74,1166.0,17.1,33.5,227.9,-0.742,-0.6704,33.5,34.4,32.1,1.153,0.255,False
25.24,92.75,1137.0,25.3,33.6,270.0,-1.0,-0.0,33.6,34.4,32.1,1.153,0.3706,False
25.24,92.76,1130.0,19.8,33.6,312.1,-0.742,0.6704,33.6,34.4,32.1,1.153,0.2938,False
25.24,92.77,1010.0,21.9,33.5,180.0,0.0,-1.0,33.5,34.3,32.1,1.153,0.3235,False
25.24,92.78,1193.0,23.7,33.5,90.0,1.0,0.0,33.5,34.2,32.2,1.153,0.3486,False
25.24,92.79,1177.0,16.8,33.5,132.1,0.742,-0.6704,33.5,34.1,32.3,1.154,0.2505,False
25.24,92.8,1235.0,13.4,33.5,270.0,-1.0,-0.0,33.5,34.0,32.5,1.154,0.2008,False
25.24,92.81,1203.0,16.7,33.4,0.0,0.0,1.0,33.4,33.9,32.7,1.155,0.2488,False
25.24,92.82,1066.0,18.2,33.4,0.0,0.0,1.0,33.4,33.7,32.8,1.156,0.2702,False
25.24,92.83,916.0,19.9,33.4,0.0,0.0,1.0,33.4,33.6,33.0,1.157,0.2942,False
25.24,92.84,751.0,25.0,33.4,47.9,0.742,0.6704,33.4,33.4,33.2,1.158,0.365,False
25.24,92.85,761.0,17.8,33.4,312.1,-0.742,0.6704,33.4,33.2,33.3,1.159,0.2638,False
25.24,92.86,832.0,27.4,33.5,0.0,0.0,1.0,33.5,33.0,33.5,1.16,0.3967,False
25.24,92.87,595.0,31.8,33.5,180.0,0.0,-1.0,33.5,32.9,33.6,1.162,0.4535,False
25.24,92.88,878.0,31.8,33.6,180.0,0.0,-1.0,33.6,32.7,33.7,1.163,0.4531,False
25.24,92.89,768.0,18.6,33.7,0.0,0.0,1.0,33.7,32.5,33.8,1.164,0.274,False
25.24,92.9,614.0,18.6,33.8,0.0,0.0,1.0,33.8,32.3,33.9,1.165,0.2738,False
25.24,92.91,727.0,13.9,33.9,180.0,0.0,-1.0,33.9,32.1,34.0,1.166,0.206,False
25.24,92.92,706.0,16.2,34.0,180.0,0.0,-1.0,34.0,31.9,34.1,1.167,0.2391,False
25.24,92.93,839.0,16.2,34.2,180.0,0.0,-1.0,34.2,31.7,34.1,1.168,0.2389,False
25.24,92.94,827.0,10.0,34.3,270.0,-1.0,-0.0,34.3,31.5,34.2,1.169,0.1485,False
25.24,92.95,763.0,10.7,34.5,312.1,-0.742,0.6704,34.5,31.3,34.2,1.169,0.1588,False
25.24,92.96,747.0,19.7,34.6,0.0,0.0,1.0,34.6,31.2,34.2,1.17,0.2881,False
25.24,92.97,584.0,19.7,34.7,0.0,0.0,1.0,34.7,31.1,34.2,1.17,0.2881,False
25.24,92.98,447.0,23.7,34.8,270.0,-1.0,-0.0,34.8,31.0,34.2,1.17,0.3435,False
25.24,92.99,467.0,22.5,34.8,270.0,-1.0,-0.0,34.8,30.9,34.2,1.17,0.3271,False
25.24,93.0,444.0,20.4,34.9,0.0,0.0,1.0,34.9,30.9,34.2,1.17,0.2979,False
25.24,93.01,274.0,23.0,34.9,312.1,-0.742,0.6704,34.9,30.9,34.2,1.17,0.334,False
25.24,93.02,381.0,25.0,34.9,132.1,0.742,-0.6704,34.9,30.9,34.3,1.17,0.3612,False
25.24,93.03,554.0,20.8,34.9,180.0,0.0,-1.0,34.9,30.8,34.3,1.171,0.3033,False
25.24,93.04,540.0,15.3,35.0,0.0,0.0,1.0,35.0,30.6,34.4,1.171,0.2253,False
25.24,93.05,415.0,15.3,35.1,0.0,0.0,1.0,35.1,30.4,34.5,1.172,0.2251,False
25.24,93.06,337.0,13.6,35.2,312.1,-0.742,0.6704,35.2,30.2,34.6,1.172,0.2006,False
25.24,93.07,400.0,9.9,35.3,0.0,0.0,1.0,35.3,30.0,34.7,1.172,0.1467,False
25.24,93.08,320.0,23.4,35.5,132.1,0.742,-0.6704,35.5,29.7,34.8,1.173,0.3386,False
25.24,93.09,492.0,20.7,35.6,180.0,0.0,-1.0,35.6,29.5,34.8,1.173,0.3013,False
25.24,93.1,564.0,22.2,35.8,0.0,0.0,1.0,35.8,29.3,34.9,1.174,0.3218,False
25.24,93.11,378.0,22.2,35.9,0.0,0.0,1.0,35.9,29.1,35.0,1.175,0.3216,False
25.24,93.12,563.0,22.1,36.0,180.0,0.0,-1.0,36.0,29.0,35.0,1.175,0.3202,False
25.24,93.13,489.0,14.1,36.0,180.0,0.0,-1.0,36.0,28.9,35.1,1.176,0.2072,False
25.24,93.14,604.0,14.1,36.1,180.0,0.0,-1.0,36.1,28.8,35.2,1.177,0.207,False
25.24,93.15,608.0,15.8,36.1,47.9,0.742,0.6704,36.1,28.7,35.2,1.177,0.2313,False
25.24,93.16,537.0,20.4,36.1,0.0,0.0,1.0,36.1,28.7,35.2,1.178,0.2959,False
25.24,93.17,367.0,20.4,36.0,0.0,0.0,1.0,36.0,28.8,35.2,1.178,0.2959,False
25.24,93.18,468.0,12.5,36.0,180.0,0.0,-1.0,36.0,28.9,35.2,1.178,0.1837,False
25.24,93.19,397.0,11.1,35.9,227.9,-0.742,-0.6704,35.9,29.0,35.1,1.178,0.1634,False
25.24,93.2,464.0,13.2,35.8,227.9,-0.742,-0.6704,35.8,29.1,35.1,1.178,0.1938,False
25.24,93.21,531.0,10.3,35.7,270.0,-1.0,-0.0,35.7,29.2,35.1,1.178,0.1518,False
25.25,92.49,919.0,22.7,33.0,180.0,0.0,-1.0,33.0,33.3,33.8,1.168,0.3304,False
25.25,92.5,1110.0,29.7,33.0,90.0,1.0,0.0,33.0,33.3,33.7,1.168,0.4242,False
25.25,92.51,1211.0,30.7,33.0,90.0,1.0,0.0,33.0,33.3,33.7,1.168,0.4371,False
25.25,92.52,1215.0,32.1,33.0,47.9,0.742,0.6704,33.0,33.3,33.7,1.167,0.4554,False
25.25,92.53,971.0,28.1,33.0,0.0,0.0,1.0,33.0,33.4,33.6,1.167,0.4036,False
25.25,92.54,1014.0,32.1,33.0,0.0,0.0,1.0,33.0,33.4,33.6,1.166,0.4557,False
25.25,92.55,728.0,40.1,33.0,47.9,0.742,0.6704,33.0,33.4,33.5,1.166,0.5524,False
25.25,92.56,658.0,36.8,33.0,90.0,1.0,0.0,33.0,33.5,33.5,1.165,0.5142,False
25.25,92.57,901.0,40.6,33.0,180.0,0.0,-1.0,33.0,33.5,33.5,1.165,0.5586,False
25.25,92.58,1292.0,40.6,33.1,180.0,0.0,-1.0,33.1,33.5,33.4,1.164,0.5591,False
25.25,92.59,1535.0,28.0,33.1,180.0,0.0,-1.0,33.1,33.6,33.4,1.164,0.4033,False
25.25,92.6,1514.0,28.1,33.1,0.0,0.0,1.0,33.1,33.6,33.3,1.163,0.405,False
25.25,92.61,1270.0,28.1,33.1,0.0,0.0,1.0,33.1,33.6,33.2,1.162,0.4053,False
25.25,92.62,1224.0,14.9,33.1,90.0,1.0,0.0,33.1,33.7,33.2,1.162,0.2213,False
25.25,92.63,1205.0,14.4,33.2,90.0,1.0,0.0,33.2,33.7,33.1,1.161,0.2142,False
25.25,92.64,1230.0,8.8,33.2,47.9,0.742,0.6704,33.2,33.8,33.0,1.16,0.1319,False
25.25,92.65,1294.0,16.9,33.2,90.0,1.0,0.0,33.2,33.8,33.0,1.16,0.2506,False
25.25,92.66,1361.0,17.9,33.2,132.1,0.742,-0.6704,33.2,33.9,32.9,1.159,0.2652,False
25.25,92.67,1258.0,16.1,33.3,90.0,1.0,0.0,33.3,33.9,32.8,1.158,0.2395,False
25.25,92.68,1358.0,19.2,33.3,0.0,0.0,1.0,33.3,34.0,32.7,1.157,0.2842,False
25.25,92.69,1199.0,19.2,33.3,0.0,0.0,1.0,33.3,34.0,32.6,1.157,0.2842,False
25.25,92.7,1188.0,15.1,33.4,0.0,0.0,1.0,33.4,34.1,32.6,1.156,0.2253,False
25.25,92.71,1065.0,18.5,33.4,47.9,0.742,0.6704,33.4,34.1,32.5,1.155,0.2747,False
25.25,92.72,1215.0,18.2,33.4,180.0,0.0,-1.0,33.4,34.2,32.4,1.155,0.2704,False
25.25,92.73,1173.0,14.3,33.5,270.0,-1.0,-0.0,33.5,34.2,32.3,1.154,0.214,False
25.25,92.74,1233.0,8.0,33.5,47.9,0.742,0.6704,33.5,34.2,32.3,1.154,0.1206,False
25.25,92.75,1195.0,14.3,33.5,0.0,0.0,1.0,33.5,34.2,32.3,1.154,0.214,False
25.25,92.76,1079.0,20.0,33.5,0.0,0.0,1.0,33.5,34.2,32.3,1.154,0.2964,False
25.25,92.77,913.0,22.4,33.5,227.9,-0.742,-0.6704,33.5,34.2,32.3,1.154,0.3302,False
25.25,92.78,1097.0,22.0,33.5,180.0,0.0,-1.0,33.5,34.1,32.4,1.155,0.3243,False
25.25,92.79,1202.0,14.6,33.5,227.9,-0.742,-0.6704,33.5,34.0,32.5,1.155,0.2182,False
25.25,92.8,1115.0,13.4,33.5,270.0,-1.0,-0.0,33.5,33.9,32.6,1.156,0.2005,False
25.25,92.81,1175.0,13.0,33.4,0.0,0.0,1.0,33.4,33.8,32.8,1.156,0.1946,False
25.25,92.82,1070.0,19.1,33.4,312.1,-0.742,0.6704,33.4,33.6,32.9,1.157,0.2828,False
25.25,92.83,1068.0,25.0,33.4,47.9,0.742,0.6704,33.4,33.5,33.1,1.158,0.365,False
25.25,92.84,959.0,22.4,33.5,90.0,1.0,0.0,33.5,33.3,33.2,1.159,0.3288,False
25.25,92.85,792.0,20.1,33.5,0.0,0.0,1.0,33.5,33.1,33.4,1.16,0.2963,False
25.25,92.86,658.0,23.3,33.5,47.9,0.742,0.6704,33.5,33.0,33.5,1.162,0.3404,False
25.25,92.87,553.0,30.9,33.6,180.0,0.0,-1.0,33.6,32.8,33.6,1.163,0.4416,False
25.25,92.88,826.0,30.9,33.7,180.0,0.0,-1.0,33.7,32.6,33.8,1.164,0.4412,False
25.25,92.89,692.0,16.4,33.7,0.0,0.0,1.0,33.7,32.4,33.9,1.165,0.2424,False
25.25,92.9,598.0,19.5,33.8,180.0,0.0,-1.0,33.8,32.2,34.0,1.166,0.2863,False
25.25,92.91,760.0,19.5,33.9,180.0,0.0,-1.0,33.9,32.0,34.0,1.167,0.286,False
25.25,92.92,789.0,9.3,34.1,90.0,1.0,0.0,34.1,31.8,34.1,1.168,0.1384,False
25.25,92.93,731.0,12.1,34.2,270.0,-1.0,-0.0,34.2,31.7,34.2,1.168,0.1795,False
25.25,92.94,738.0,10.0,34.3,270.0,-1.0,-0.0,34.3,31.5,34.2,1.169,0.1485,False
25.25,92.95,719.0,16.1,34.4,312.1,-0.742,0.6704,34.4,31.3,34.2,1.17,0.237,False
25.25,92.96,634.0,12.6,34.6,270.0,-1.0,-0.0,34.6,31.2,34.3,1.17,0.1864,False
25.25,92.97,694.0,20.0,34.7,47.9,0.742,0.6704,34.7,31.1,34.3,1.17,0.2923,False
25.25,92.98,587.0,21.9,34.8,0.0,0.0,1.0,34.8,31.0,34.3,1.17,0.3188,False
25.25,92.99,404.0,21.9,34.8,0.0,0.0,1.0,34.8,30.9,34.3,1.17,0.3188,False
25.25,93.0,318.0,14.0,34.8,270.0,-1.0,-0.0,34.8,30.9,34.3,1.17,0.2068,False
25.25,93.01,411.0,16.9,34.9,180.0,0.0,-1.0,34.9,30.9,34.3,1.171,0.2483,False
25.25,93.02,550.0,22.1,34.9,132.1,0.742,-0.6704,34.9,30.8,34.3,1.171,0.3213,False
25.25,93.03,699.0,25.0,34.9,132.1,0.742,-0.6704,34.9,30.7,34.4,1.171,0.3609,False
25.25,93.04,560.0,21.9,35.0,312.1,-0.742,0.6704,35.0,30.6,34.5,1.171,0.3185,False
25.25,93.05,464.0,19.3,35.1,270.0,-1.0,-0.0,35.1,30.3,34.5,1.172,0.282,False
25.25,93.06,350.0,14.0,35.3,0.0,0.0,1.0,35.3,30.1,34.6,1.172,0.2064,False
25.25,93.07,335.0,20.9,35.4,132.1,0.742,-0.6704,35.4,29.9,34.7,1.172,0.3044,False
25.25,93.08,356.0,29.5,35.6,180.0,0.0,-1.0,35.6,29.6,34.8,1.173,0.4198,False
25.25,93.09,614.0,29.5,35.8,180.0,0.0,-1.0,35.8,29.4,34.9,1.173,0.4198,False
25.25,93.1,541.0,20.1,35.9,0.0,0.0,1.0,35.9,29.2,34.9,1.174,0.2927,False
25.25,93.11,374.0,20.1,36.0,0.0,0.0,1.0,36.0,29.0,35.0,1.174,0.2927,False
25.25,93.12,404.0,19.3,36.1,180.0,0.0,-1.0,36.1,28.8,35.1,1.175,0.2813,False
25.25,93.13,564.0,19.3,36.1,180.0,0.0,-1.0,36.1,28.7,35.1,1.177,0.2808,False
25.25,93.14,567.0,14.7,36.2,312.1,-0.742,0.6704,36.2,28.6,35.2,1.177,0.2156,False
25.25,93.15,482.0,14.0,36.2,270.0,-1.0,-0.0,36.2,28.6,35.2,1.178,0.2054,False
25.25,93.16,467.0,12.0,36.2,270.0,-1.0,-0.0,36.2,28.6,35.2,1.178,0.1765,False
25.25,93.17,490.0,13.7,36.1,90.0,1.0,0.0,36.1,28.7,35.2,1.178,0.2011,False
25.25,93.18,404.0,10.7,36.1,0.0,0.0,1.0,36.1,28.8,35.2,1.178,0.1576,False
25.25,93.19,460.0,8.9,36.0,227.9,-0.742,-0.6704,36.0,28.9,35.2,1.178,0.1313,False
25.25,93.2,412.0,21.6,35.9,132.1,0.742,-0.6704,35.9,29.0,35.2,1.178,0.3125,False
25.25,93.21,520.0,17.8,35.8,90.0,1.0,0.0,35.8,29.1,35.1,1.178,0.2595,False
25.25,93.22,547.0,11.2,35.7,47.9,0.742,0.6704,35.7,29.2,35.1,1.179,0.1647,False
25.26,92.49,954.0,22.5,33.0,180.0,0.0,-1.0,33.0,33.3,33.8,1.169,0.3274,False
25.26,92.5,1143.0,22.5,33.0,180.0,0.0,-1.0,33.0,33.3,33.8,1.169,0.3274,False
25.26,92.51,1106.0,17.5,33.0,312.1,-0.742,0.6704,33.0,33.3,33.7,1.168,0.2575,False
25.26,92.52,1116.0,24.0,33.0,270.0,-1.0,-0.0,33.0,33.3,33.7,1.168,0.3482,False
25.26,92.53,1225.0,26.7,33.0,90.0,1.0,0.0,33.0,33.4,33.7,1.168,0.3847,False
25.26,92.54,1302.0,40.1,33.0,47.9,0.742,0.6704,33.0,33.4,33.6,1.167,0.5519,False
25.26,92.55,1076.0,34.6,33.0,90.0,1.0,0.0,33.0,33.4,33.6,1.167,0.4866,False
25.26,92.56,1036.0,36.8,33.0,90.0,1.0,0.0,33.0,33.4,33.5,1.166,0.5137,False
25.26,92.57,877.0,42.8,33.0,132.1,0.742,-0.6704,33.0,33.5,33.5,1.166,0.5827,False
25.26,92.58,1276.0,41.2,33.0,180.0,0.0,-1.0,33.0,33.5,33.5,1.165,0.5654,False
25.26,92.59,1447.0,20.5,33.1,180.0,0.0,-1.0,33.1,33.5,33.4,1.165,0.3006,False
25.26,92.6,1353.0,17.7,33.1,270.0,-1.0,-0.0,33.1,33.6,33.4,1.164,0.2612,False
25.26,92.61,1395.0,14.1,33.1,47.9,0.742,0.6704,33.1,33.6,33.3,1.163,0.2095,False
25.26,92.62,1358.0,14.9,33.1,90.0,1.0,0.0,33.1,33.6,33.2,1.163,0.2211,False
25.26,92.63,1335.0,14.4,33.1,90.0,1.0,0.0,33.1,33.7,33.2,1.162,0.214,False
25.26,92.64,1264.0,8.8,33.2,0.0,0.0,1.0,33.2,33.7,33.1,1.161,0.1318,False
25.26,92.65,1250.0,13.3,33.2,180.0,0.0,-1.0,33.2,33.8,33.0,1.161,0.1981,False
25.26,92.66,1358.0,13.6,33.2,227.9,-0.742,-0.6704,33.2,33.8,33.0,1.16,0.2027,False
25.26,92.67,1404.0,16.1,33.2,90.0,1.0,0.0,33.2,33.8,32.9,1.159,0.2393,False
25.26,92.68,1380.0,14.9,33.3,47.9,0.742,0.6704,33.3,33.9,32.8,1.159,0.2219,False
25.26,92.69,1295.0,11.8,33.3,312.1,-0.742,0.6704,33.3,33.9,32.8,1.158,0.1766,False
25.26,92.7,1293.0,20.8,33.3,0.0,0.0,1.0,33.3,34.0,32.7,1.157,0.3069,False
25.26,92.71,1120.0,20.8,33.4,0.0,0.0,1.0,33.4,34.0,32.6,1.157,0.3069,False
25.26,92.72,1099.0,12.9,33.4,270.0,-1.0,-0.0,33.4,34.0,32.6,1.156,0.1931,False
25.26,92.73,1192.0,18.4,33.4,270.0,-1.0,-0.0,33.4,34.1,32.5,1.156,0.2731,False
25.26,92.74,1230.0,16.8,33.4,227.9,-0.742,-0.6704,33.4,34.1,32.5,1.156,0.25,False
25.26,92.75,1202.0,10.2,33.5,47.9,0.742,0.6704,33.5,34.1,32.5,1.156,0.1532,False
25.26,92.76,1180.0,22.2,33.5,312.1,-0.742,0.6704,33.5,34.1,32.5,1.156,0.3269,False
25.26,92.77,1026.0,18.6,33.5,0.0,0.0,1.0,33.5,34.0,32.5,1.156,0.2759,False
25.26,92.78,1025.0,14.6,33.5,227.9,-0.742,-0.6704,33.5,33.9,32.6,1.156,0.2181,False
25.26,92.79,1074.0,18.1,33.5,270.0,-1.0,-0.0,33.5,33.9,32.7,1.157,0.2685,False
25.26,92.8,1065.0,15.4,33.4,270.0,-1.0,-0.0,33.4,33.8,32.8,1.157,0.2295,False
25.26,92.81,1140.0,17.5,33.4,227.9,-0.742,-0.6704,33.4,33.6,32.9,1.158,0.2597,False
25.26,92.82,1059.0,26.1,33.4,0.0,0.0,1.0,33.4,33.5,33.1,1.159,0.3796,False
25.26,92.83,835.0,26.1,33.5,0.0,0.0,1.0,33.5,33.3,33.2,1.16,0.3793,False
25.26,92.84,1025.0,27.4,33.5,270.0,-1.0,-0.0,33.5,33.2,33.3,1.161,0.3964,False
25.26,92.85,951.0,23.3,33.5,47.9,0.742,0.6704,33.5,33.0,33.5,1.162,0.3404,False
25.26,92.86,770.0,22.6,33.6,0.0,0.0,1.0,33.6,32.9,33.6,1.163,0.3304,False
25.26,92.87,580.0,26.3,33.6,47.9,0.742,0.6704,33.6,32.7,33.7,1.164,0.3806,False
25.26,92.88,653.0,18.9,33.7,270.0,-1.0,-0.0,33.7,32.5,33.8,1.165,0.278,False
25.26,92.89,630.0,16.1,33.8,312.1,-0.742,0.6704,33.8,32.3,33.9,1.166,0.2378,False
25.26,92.9,693.0,12.4,33.9,180.0,0.0,-1.0,33.9,32.1,34.0,1.167,0.184,False
25.26,92.91,793.0,16.0,34.0,132.1,0.742,-0.6704,34.0,32.0,34.1,1.168,0.236,False
25.26,92.92,754.0,11.2,34.1,270.0,-1.0,-0.0,34.1,31.8,34.1,1.168,0.1663,False
25.26,92.93,729.0,7.5,34.2,0.0,0.0,1.0,34.2,31.6,34.2,1.169,0.1117,False
25.26,92.94,669.0,7.8,34.3,270.0,-1.0,-0.0,34.3,31.5,34.2,1.17,0.116,False
25.26,92.95,687.0,19.8,34.4,0.0,0.0,1.0,34.4,31.3,34.3,1.17,0.2895,False
25.26,92.96,523.0,19.8,34.5,0.0,0.0,1.0,34.5,31.2,34.3,1.17,0.2895,False
25.26,92.97,572.0,18.2,34.6,270.0,-1.0,-0.0,34.6,31.1,34.3,1.171,0.2667,False
25.26,92.98,604.0,17.4,34.7,0.0,0.0,1.0,34.7,31.0,34.3,1.171,0.2554,False
25.26,92.99,461.0,24.5,34.8,0.0,0.0,1.0,34.8,30.9,34.3,1.171,0.3541,False
25.26,93.0,253.0,24.5,34.8,0.0,0.0,1.0,34.8,30.9,34.3,1.171,0.3541,False
25.26,93.01,440.0,22.3,34.8,180.0,0.0,-1.0,34.8,30.8,34.3,1.171,0.324,False
25.26,93.02,511.0,15.4,34.9,227.9,-0.742,-0.6704,34.9,30.7,34.4,1.171,0.2268,False
25.26,93.03,523.0,19.2,34.9,270.0,-1.0,-0.0,34.9,30.6,34.4,1.171,0.2808,False
25.26,93.04,384.0,24.8,35.0,312.1,-0.742,0.6704,35.0,30.5,34.5,1.172,0.3579,False
25.26,93.05,287.0,21.9,35.2,312.1,-0.742,0.6704,35.2,30.2,34.6,1.172,0.3182,False
25.26,93.06,308.0,14.4,35.4,180.0,0.0,-1.0,35.4,30.0,34.7,1.172,0.2122,False
25.26,93.07,425.0,20.4,35.5,180.0,0.0,-1.0,35.5,29.7,34.7,1.172,0.2974,False
25.26,93.08,595.0,26.7,35.7,270.0,-1.0,-0.0,35.7,29.5,34.8,1.172,0.3834,False
25.26,93.09,635.0,23.4,35.9,227.9,-0.742,-0.6704,35.9,29.2,34.9,1.173,0.3386,False
25.26,93.1,529.0,26.4,36.0,0.0,0.0,1.0,36.0,29.0,34.9,1.173,0.3791,False
25.26,93.11,302.0,26.4,36.1,0.0,0.0,1.0,36.1,28.9,35.0,1.174,0.3787,False
25.26,93.12,356.0,17.0,36.2,227.9,-0.742,-0.6704,36.2,28.7,35.1,1.175,0.2488,False
25.26,93.13,449.0,12.8,36.2,270.0,-1.0,-0.0,36.2,28.6,35.2,1.177,0.1882,False
25.26,93.14,436.0,14.6,36.3,270.0,-1.0,-0.0,36.3,28.5,35.3,1.178,0.214,False
25.26,93.15,389.0,14.7,36.3,312.1,-0.742,0.6704,36.3,28.5,35.3,1.179,0.2152,False
25.26,93.16,360.0,12.0,36.2,270.0,-1.0,-0.0,36.2,28.5,35.3,1.179,0.1763,False
25.26,93.17,449.0,14.3,36.2,270.0,-1.0,-0.0,36.2,28.6,35.2,1.178,0.2097,False
25.26,93.18,354.0,14.5,36.1,180.0,0.0,-1.0,36.1,28.7,35.2,1.178,0.2125,False
25.26,93.19,472.0,14.5,36.0,180.0,0.0,-1.0,36.0,28.8,35.2,1.178,0.2125,False
25.26,93.2,564.0,16.8,35.9,90.0,1.0,0.0,35.9,28.9,35.2,1.178,0.2454,False
25.26,93.21,682.0,21.6,35.8,132.1,0.742,-0.6704,35.8,29.0,35.1,1.178,0.3125,False
25.26,93.22,571.0,13.7,35.7,0.0,0.0,1.0,35.7,29.2,35.1,1.179,0.2009,False
25.26,93.23,609.0,5.5,35.6,90.0,1.0,0.0,35.6,29.3,35.1,1.179,0.0813,False
25.27,92.49,921.0,22.5,33.0,180.0,0.0,-1.0,33.0,33.2,33.8,1.17,0.3271,False
25.27,92.5,1110.0,22.5,33.0,180.0,0.0,-1.0,33.0,33.3,33.8,1.169,0.3274,False
25.27,92.51,1108.0,25.4,33.0,0.0,0.0,1.0,33.0,33.3,33.8,1.169,0.3669,False
25.27,92.52,891.0,26.1,33.0,227.9,-0.742,-0.6704,33.0,33.3,33.7,1.169,0.3763,False
25.27,92.53,1067.0,21.1,33.0,180.0,0.0,-1.0,33.0,33.3,33.7,1.168,0.3082,False
25.27,92.54,1192.0,25.9,33.0,270.0,-1.0,-0.0,33.0,33.4,33.7,1.168,0.374,False
25.27,92.55,991.0,24.6,33.0,312.1,-0.742,0.6704,33.0,33.4,33.6,1.168,0.3564,False
25.27,92.56,1087.0,20.9,33.0,180.0,0.0,-1.0,33.0,33.4,33.6,1.167,0.3057,False
25.27,92.57,1261.0,37.3,33.0,90.0,1.0,0.0,33.0,33.4,33.6,1.167,0.5193,False
25.27,92.58,1507.0,42.8,33.0,132.1,0.742,-0.6704,33.0,33.5,33.5,1.166,0.5827,False
25.27,92.59,1485.0,17.1,33.0,132.1,0.742,-0.6704,33.0,33.5,33.5,1.166,0.2522,False
25.27,92.6,1463.0,12.3,33.1,90.0,1.0,0.0,33.1,33.5,33.4,1.165,0.1829,False
25.27,92.61,1413.0,10.7,33.1,312.1,-0.742,0.6704,33.1,33.6,33.4,1.165,0.1594,False
25.27,92.62,1365.0,9.5,33.1,0.0,0.0,1.0,33.1,33.6,33.3,1.164,0.1418,False
25.27,92.63,1289.0,9.5,33.1,0.0,0.0,1.0,33.1,33.6,33.3,1.163,0.1419,False
25.27,92.64,1247.0,7.4,33.1,312.1,-0.742,0.6704,33.1,33.7,33.2,1.163,0.1107,False
25.27,92.65,1194.0,18.5,33.2,180.0,0.0,-1.0,33.2,33.7,33.1,1.162,0.2731,False
25.27,92.66,1347.0,18.5,33.2,180.0,0.0,-1.0,33.2,33.7,33.1,1.161,0.2733,False
25.27,92.67,1364.0,19.7,33.2,270.0,-1.0,-0.0,33.2,33.8,33.0,1.161,0.2903,False
25.27,92.68,1365.0,18.8,33.2,0.0,0.0,1.0,33.2,33.8,32.9,1.16,0.2778,False
25.27,92.69,1210.0,18.8,33.3,0.0,0.0,1.0,33.3,33.8,32.9,1.16,0.2778,False
25.27,92.7,1153.0,15.5,33.3,270.0,-1.0,-0.0,33.3,33.9,32.8,1.159,0.2306,False
25.27,92.71,1131.0,13.4,33.3,312.1,-0.742,0.6704,33.3,33.9,32.8,1.158,0.2001,False
25.27,92.72,1188.0,19.8,33.4,0.0,0.0,1.0,33.4,33.9,32.7,1.158,0.2925,False
25.27,92.73,1024.0,23.3,33.4,180.0,0.0,-1.0,33.4,34.0,32.7,1.158,0.3416,False
25.27,92.74,1221.0,23.3,33.4,180.0,0.0,-1.0,33.4,34.0,32.6,1.157,0.3419,False
25.27,92.75,1206.0,14.7,33.4,0.0,0.0,1.0,33.4,33.9,32.6,1.157,0.2193,False
25.27,92.76,1086.0,22.0,33.4,0.0,0.0,1.0,33.4,33.9,32.7,1.157,0.3238,False
25.27,92.77,902.0,22.3,33.4,90.0,1.0,0.0,33.4,33.9,32.7,1.158,0.3277,False
25.27,92.78,987.0,14.3,33.4,312.1,-0.742,0.6704,33.4,33.8,32.8,1.158,0.2133,False
25.27,92.79,909.0,18.1,33.4,270.0,-1.0,-0.0,33.4,33.7,32.9,1.158,0.2683,False
25.27,92.8,926.0,17.5,33.4,227.9,-0.742,-0.6704,33.4,33.6,33.0,1.159,0.2595,False
25.27,92.81,1063.0,16.7,33.4,180.0,0.0,-1.0,33.4,33.5,33.1,1.16,0.2477,False
25.27,92.82,1004.0,15.0,33.5,0.0,0.0,1.0,33.5,33.4,33.2,1.16,0.2231,False
25.27,92.83,882.0,15.0,33.5,0.0,0.0,1.0,33.5,33.2,33.3,1.161,0.2229,False
25.27,92.84,764.0,27.4,33.5,270.0,-1.0,-0.0,33.5,33.1,33.4,1.162,0.396,False
25.27,92.85,931.0,20.1,33.5,180.0,0.0,-1.0,33.5,32.9,33.5,1.163,0.2955,False
25.27,92.86,917.0,29.3,33.6,312.1,-0.742,0.6704,33.6,32.8,33.7,1.164,0.4204,False
25.27,92.87,747.0,23.3,33.6,0.0,0.0,1.0,33.6,32.6,33.8,1.165,0.3395,False
25.27,92.88,550.0,25.8,33.7,132.1,0.742,-0.6704,33.7,32.4,33.9,1.166,0.3733,False
25.27,92.89,728.0,21.3,33.8,180.0,0.0,-1.0,33.8,32.3,33.9,1.167,0.3113,False
25.27,92.9,783.0,12.7,33.9,132.1,0.742,-0.6704,33.9,32.1,34.0,1.168,0.1882,False
25.27,92.91,765.0,13.7,34.0,0.0,0.0,1.0,34.0,31.9,34.1,1.168,0.2028,False
25.27,92.92,654.0,13.7,34.1,0.0,0.0,1.0,34.1,31.8,34.2,1.169,0.2026,False
25.27,92.93,664.0,12.8,34.2,312.1,-0.742,0.6704,34.2,31.6,34.2,1.17,0.1894,False
25.27,92.94,652.0,15.7,34.3,270.0,-1.0,-0.0,34.3,31.5,34.2,1.17,0.2313,False
25.27,92.95,693.0,26.6,34.4,0.0,0.0,1.0,34.4,31.3,34.3,1.17,0.3827,False
25.27,92.96,464.0,26.6,34.5,0.0,0.0,1.0,34.5,31.2,34.3,1.171,0.3824,False
25.27,92.97,406.0,18.2,34.6,270.0,-1.0,-0.0,34.6,31.1,34.3,1.171,0.2667,False
25.27,92.98,549.0,18.6,34.7,270.0,-1.0,-0.0,34.7,31.0,34.3,1.171,0.2724,False
25.27,92.99,396.0,18.5,34.7,0.0,0.0,1.0,34.7,30.9,34.3,1.171,0.271,False
25.27,93.0,273.0,21.7,34.8,180.0,0.0,-1.0,34.8,30.9,34.4,1.171,0.3158,False
25.27,93.01,455.0,21.7,34.8,180.0,0.0,-1.0,34.8,30.8,34.4,1.171,0.3158,False
25.27,93.02,563.0,13.3,34.9,180.0,0.0,-1.0,34.9,30.7,34.4,1.172,0.1963,False
25.27,93.03,491.0,13.7,35.0,0.0,0.0,1.0,35.0,30.5,34.5,1.172,0.2021,False
25.27,93.04,380.0,13.7,35.1,0.0,0.0,1.0,35.1,30.4,34.5,1.172,0.2021,False
25.27,93.05,296.0,14.4,35.3,180.0,0.0,-1.0,35.3,30.1,34.6,1.172,0.2122,False
25.27,93.06,413.0,14.4,35.4,180.0,0.0,-1.0,35.4,29.9,34.7,1.172,0.2122,False
25.27,93.07,415.0,14.8,35.6,227.9,-0.742,-0.6704,35.6,29.6,34.8,1.172,0.218,False
25.27,93.08,341.0,26.7,35.8,270.0,-1.0,-0.0,35.8,29.3,34.8,1.172,0.3834,False
25.27,93.09,551.0,24.8,36.0,270.0,-1.0,-0.0,36.0,29.1,34.9,1.172,0.3579,False
25.27,93.1,487.0,24.0,36.2,0.0,0.0,1.0,36.2,28.9,34.9,1.172,0.347,False
25.27,93.11,284.0,24.0,36.2,0.0,0.0,1.0,36.2,28.7,35.0,1.173,0.3467,False
25.27,93.12,445.0,19.4,36.3,180.0,0.0,-1.0,36.3,28.6,35.1,1.175,0.2827,False
25.27,93.13,390.0,6.9,36.3,0.0,0.0,1.0,36.3,28.5,35.2,1.177,0.1021,False
25.27,93.14,377.0,8.7,36.3,180.0,0.0,-1.0,36.3,28.4,35.3,1.179,0.1283,False
25.27,93.15,447.0,16.4,36.3,0.0,0.0,1.0,36.3,28.4,35.3,1.18,0.2393,False
25.27,93.16,313.0,16.4,36.3,0.0,0.0,1.0,36.3,28.4,35.3,1.179,0.2395,False
25.27,93.17,320.0,14.3,36.2,270.0,-1.0,-0.0,36.2,28.5,35.3,1.179,0.2095,False
25.27,93.18,420.0,12.4,36.2,180.0,0.0,-1.0,36.2,28.6,35.2,1.178,0.1823,False
25.27,93.19,396.0,13.9,36.1,227.9,-0.742,-0.6704,36.1,28.7,35.2,1.178,0.2039,False
25.27,93.2,423.0,20.8,35.9,227.9,-0.742,-0.6704,35.9,28.9,35.2,1.178,0.3014,False
25.27,93.21,501.0,19.7,35.8,270.0,-1.0,-0.0,35.8,29.0,35.2,1.178,0.2862,False
25.27,93.22,588.0,19.1,35.7,132.1,0.742,-0.6704,35.7,29.1,35.1,1.179,0.2775,False
25.27,93.23,658.0,18.1,35.6,90.0,1.0,0.0,35.6,29.3,35.1,1.179,0.2635,False
25.27,93.24,623.0,25.2,35.5,90.0,1.0,0.0,35.5,29.4,35.1,1.18,0.3608,False
25.28,92.49,850.0,20.9,32.9,227.9,-0.742,-0.6704,32.9,33.2,33.8,1.17,0.3049,False
25.28,92.5,1020.0,20.4,32.9,180.0,0.0,-1.0,32.9,33.2,33.8,1.17,0.2979,False
25.28,92.51,965.0,15.8,32.9,270.0,-1.0,-0.0,32.9,33.3,33.8,1.17,0.2327,False
25.28,92.52,901.0,16.9,33.0,312.1,-0.742,0.6704,33.0,33.3,33.8,1.17,0.2485,False
25.28,92.53,920.0,21.8,33.0,227.9,-0.742,-0.6704,33.0,33.3,33.7,1.169,0.3177,False
25.28,92.54,947.0,25.9,33.0,270.0,-1.0,-0.0,33.0,33.3,33.7,1.169,0.3737,False
25.28,92.55,914.0,22.2,33.0,312.1,-0.742,0.6704,33.0,33.3,33.7,1.168,0.3235,False
25.28,92.56,1020.0,26.9,33.0,180.0,0.0,-1.0,33.0,33.4,33.6,1.168,0.3874,False
25.28,92.57,1252.0,26.9,33.0,180.0,0.0,-1.0,33.0,33.4,33.6,1.168,0.3874,False
25.28,92.58,1405.0,18.5,33.0,180.0,0.0,-1.0,33.0,33.4,33.6,1.167,0.2719,False
25.28,92.59,1406.0,8.9,33.0,270.0,-1.0,-0.0,33.0,33.5,33.5,1.167,0.1326,False
25.28,92.6,1374.0,12.9,33.0,312.1,-0.742,0.6704,33.0,33.5,33.5,1.166,0.1915,False
25.28,92.61,1328.0,12.3,33.0,270.0,-1.0,-0.0,33.0,33.5,33.4,1.166,0.1827,False
25.28,92.62,1285.0,10.7,33.1,312.1,-0.742,0.6704,33.1,33.5,33.4,1.165,0.1594,False
25.28,92.63,1320.0,8.9,33.1,312.1,-0.742,0.6704,33.1,33.6,33.3,1.165,0.1328,False
25.28,92.64,1286.0,12.7,33.1,312.1,-0.742,0.6704,33.1,33.6,33.3,1.164,0.1889,False
25.28,92.65,1194.0,14.1,33.1,180.0,0.0,-1.0,33.1,33.6,33.2,1.164,0.2093,False
25.28,92.66,1309.0,15.6,33.2,312.1,-0.742,0.6704,33.2,33.7,33.2,1.163,0.2312,False
25.28,92.67,1183.0,19.7,33.2,270.0,-1.0,-0.0,33.2,33.7,33.1,1.162,0.2901,False
25.28,92.68,1249.0,16.2,33.2,270.0,-1.0,-0.0,33.2,33.7,33.1,1.162,0.2401,False
25.28,92.69,1200.0,13.6,33.2,312.1,-0.742,0.6704,33.2,33.8,33.0,1.161,0.2025,False
25.28,92.7,1164.0,12.2,33.3,90.0,1.0,0.0,33.3,33.8,33.0,1.161,0.182,False
25.28,92.71,1224.0,13.1,33.3,0.0,0.0,1.0,33.3,33.8,32.9,1.16,0.1954,False
25.28,92.72,1118.0,13.1,33.3,0.0,0.0,1.0,33.3,33.8,32.9,1.16,0.1954,False
25.28,92.73,1097.0,14.8,33.3,270.0,-1.0,-0.0,33.3,33.8,32.8,1.159,0.2204,False
25.28,92.74,1149.0,20.6,33.4,270.0,-1.0,-0.0,33.4,33.8,32.8,1.159,0.3036,False
25.28,92.75,1147.0,22.5,33.4,312.1,-0.742,0.6704,33.4,33.8,32.8,1.159,0.3302,False
25.28,92.76,1131.0,27.8,33.4,270.0,-1.0,-0.0,33.4,33.8,32.8,1.159,0.4024,False
25.28,92.77,1109.0,22.3,33.4,90.0,1.0,0.0,33.4,33.7,32.9,1.159,0.3274,False
25.28,92.78,1053.0,27.6,33.4,0.0,0.0,1.0,33.4,33.7,32.9,1.16,0.3994,False
25.28,92.79,814.0,28.1,33.4,180.0,0.0,-1.0,33.4,33.6,33.0,1.16,0.406,False
25.28,92.8,1058.0,28.1,33.4,180.0,0.0,-1.0,33.4,33.5,33.1,1.161,0.4057,False
25.28,92.81,1058.0,11.0,33.4,132.1,0.742,-0.6704,33.4,33.4,33.2,1.161,0.1643,False
25.28,92.82,1037.0,12.8,33.5,47.9,0.742,0.6704,33.5,33.2,33.3,1.162,0.1907,False
25.28,92.83,1015.0,20.7,33.5,0.0,0.0,1.0,33.5,33.1,33.4,1.163,0.3039,False
25.28,92.84,843.0,22.4,33.5,312.1,-0.742,0.6704,33.5,33.0,33.5,1.164,0.3274,False
25.28,92.85,828.0,27.7,33.6,270.0,-1.0,-0.0,33.6,32.8,33.6,1.164,0.3993,False
25.28,92.86,816.0,31.6,33.6,0.0,0.0,1.0,33.6,32.7,33.7,1.165,0.4498,False
25.28,92.87,535.0,31.6,33.7,0.0,0.0,1.0,33.7,32.5,33.8,1.166,0.4494,False
25.28,92.88,648.0,26.8,33.7,180.0,0.0,-1.0,33.7,32.3,33.9,1.167,0.3864,False
25.28,92.89,879.0,32.4,33.8,227.9,-0.742,-0.6704,33.8,32.2,34.0,1.168,0.4588,False
25.28,92.9,838.0,16.2,33.9,0.0,0.0,1.0,33.9,32.0,34.1,1.168,0.2389,False
25.28,92.91,705.0,16.2,34.0,0.0,0.0,1.0,34.0,31.9,34.1,1.169,0.2387,False
25.28,92.92,630.0,17.8,34.1,90.0,1.0,0.0,34.1,31.7,34.2,1.17,0.2613,False
25.28,92.93,609.0,15.1,34.2,47.9,0.742,0.6704,34.2,31.6,34.2,1.17,0.2227,False
25.28,92.94,510.0,18.4,34.3,47.9,0.742,0.6704,34.3,31.5,34.3,1.171,0.2696,False
25.28,92.95,653.0,19.7,34.4,270.0,-1.0,-0.0,34.4,31.3,34.3,1.171,0.2879,False
25.28,92.96,574.0,13.9,34.5,47.9,0.742,0.6704,34.5,31.2,34.3,1.171,0.2051,False
25.28,92.97,481.0,19.6,34.5,312.1,-0.742,0.6704,34.5,31.1,34.3,1.171,0.2865,False
25.28,92.98,379.0,18.6,34.6,270.0,-1.0,-0.0,34.6,31.0,34.4,1.172,0.2721,False
25.28,92.99,320.0,18.6,34.7,312.1,-0.742,0.6704,34.7,30.9,34.4,1.172,0.2721,False
25.28,93.0,384.0,16.5,34.8,132.1,0.742,-0.6704,34.8,30.8,34.4,1.172,0.2423,False
25.28,93.01,465.0,15.8,34.8,132.1,0.742,-0.6704,34.8,30.7,34.4,1.172,0.2323,False
25.28,93.02,526.0,14.3,34.9,0.0,0.0,1.0,34.9,30.6,34.5,1.172,0.2108,False
25.28,93.03,410.0,14.3,35.0,0.0,0.0,1.0,35.0,30.5,34.5,1.172,0.2108,False
25.28,93.04,345.0,20.1,35.2,90.0,1.0,0.0,35.2,30.3,34.6,1.172,0.2932,False
25.28,93.05,302.0,24.3,35.3,90.0,1.0,0.0,35.3,30.0,34.7,1.172,0.3511,False
25.28,93.06,401.0,14.3,35.5,90.0,1.0,0.0,35.5,29.7,34.7,1.172,0.2108,False
25.28,93.07,333.0,21.3,35.7,90.0,1.0,0.0,35.7,29.5,34.8,1.172,0.3099,False
25.28,93.08,283.0,26.1,36.0,90.0,1.0,0.0,36.0,29.2,34.8,1.171,0.3757,False
25.28,93.09,318.0,24.8,36.2,270.0,-1.0,-0.0,36.2,29.0,34.9,1.171,0.3582,False
25.28,93.1,303.0,24.2,36.3,90.0,1.0,0.0,36.3,28.8,34.9,1.17,0.3504,False
25.28,93.11,396.0,14.9,36.4,90.0,1.0,0.0,36.4,28.6,35.0,1.171,0.2196,False
25.28,93.12,406.0,13.8,36.4,90.0,1.0,0.0,36.4,28.5,35.1,1.173,0.2034,False
25.28,93.13,333.0,21.3,36.4,90.0,1.0,0.0,36.4,28.5,35.2,1.176,0.3089,False
25.28,93.14,346.0,20.0,36.3,90.0,1.0,0.0,36.3,28.4,35.3,1.179,0.2901,False
25.28,93.15,340.0,20.6,36.3,90.0,1.0,0.0,36.3,28.35,35.35,1.18,0.2982,False
25.28,93.16,420.0,12.3,36.3,90.0,1.0,0.0,36.3,28.4,35.3,1.179,0.1807,False
25.28,93.17,374.0,17.2,36.3,90.0,1.0,0.0,36.3,28.5,35.3,1.179,0.2508,False
25.28,93.18,369.0,17.7,36.2,90.0,1.0,0.0,36.2,28.6,35.2,1.178,0.2581,False
25.28,93.19,396.0,14.9,36.1,90.0,1.0,0.0,36.1,28.7,35.2,1.178,0.2183,False
25.28,93.2,366.0,18.0,36.0,90.0,1.0,0.0,36.0,28.9,35.2,1.178,0.2623,False
25.28,93.21,446.0,11.8,35.8,227.9,-0.742,-0.6704,35.8,29.0,35.2,1.178,0.1736,False
25.28,93.22,486.0,36.4,35.7,180.0,0.0,-1.0,35.7,29.1,35.2,1.179,0.5033,False
25.28,93.23,823.0,36.4,35.6,180.0,0.0,-1.0,35.6,29.3,35.1,1.18,0.5029,False
25.28,93.24,860.0,33.2,35.5,270.0,-1.0,-0.0,35.5,29.4,35.1,1.18,0.464,False
25.29,92.49,984.0,42.0,32.9,270.0,-1.0,-0.0,32.9,33.2,33.9,1.171,0.5714,False
25.29,92.5,1007.0,43.4,32.9,270.0,-1.0,-0.0,32.9,33.2,33.9,1.171,0.5868,False
25.29,92.51,908.0,36.8,32.9,270.0,-1.0,-0.0,32.9,33.2,33.8,1.171,0.5115,False
25.29,92.52,927.0,38.2,32.9,270.0,-1.0,-0.0,32.9,33.3,33.8,1.17,0.5286,False
25.29,92.53,889.0,35.4,32.9,270.0,-1.0,-0.0,32.9,33.3,33.8,1.17,0.4951,False
25.29,92.54,909.0,36.9,32.9,270.0,-1.0,-0.0,32.9,33.3,33.8,1.17,0.5132,False
25.29,92.55,929.0,38.3,33.0,270.0,-1.0,-0.0,33.0,33.3,33.7,1.169,0.5302,False
25.29,92.56,1010.0,43.6,33.0,270.0,-1.0,-0.0,33.0,33.3,33.7,1.169,0.5899,False
25.29,92.57,1228.0,52.0,33.0,270.0,-1.0,-0.0,33.0,33.4,33.7,1.169,0.6741,False
25.29,92.58,1439.0,52.0,33.0,270.0,-1.0,-0.0,33.0,33.4,33.6,1.168,0.6747,False
25.29,92.59,1378.0,52.0,33.0,270.0,-1.0,-0.0,33.0,33.4,33.6,1.168,0.6747,False
25.29,92.6,1322.0,52.0,33.0,270.0,-1.0,-0.0,33.0,33.4,33.6,1.168,0.6747,False
25.29,92.61,1218.0,52.0,33.0,270.0,-1.0,-0.0,33.0,33.5,33.5,1.167,0.6752,False
25.29,92.62,1225.0,52.0,33.0,270.0,-1.0,-0.0,33.0,33.5,33.5,1.167,0.6752,False
25.29,92.63,1242.0,52.0,33.1,270.0,-1.0,-0.0,33.1,33.5,33.4,1.166,0.6758,False
25.29,92.64,1214.0,52.0,33.1,270.0,-1.0,-0.0,33.1,33.5,33.4,1.166,0.6758,False
25.29,92.65,1133.0,50.1,33.1,270.0,-1.0,-0.0,33.1,33.6,33.3,1.165,0.6585,False
25.29,92.66,1192.0,52.0,33.1,270.0,-1.0,-0.0,33.1,33.6,33.3,1.165,0.6764,False
25.29,92.67,1119.0,49.4,33.1,270.0,-1.0,-0.0,33.1,33.6,33.2,1.164,0.6523,False
25.29,92.68,1102.0,48.6,33.2,270.0,-1.0,-0.0,33.2,33.7,33.2,1.163,0.645,False
25.29,92.69,1258.0,52.0,33.2,270.0,-1.0,-0.0,33.2,33.7,33.1,1.163,0.6776,False
25.29,92.7,1273.0,52.0,33.2,270.0,-1.0,-0.0,33.2,33.7,33.1,1.162,0.6782,False
25.29,92.71,1224.0,52.0,33.2,270.0,-1.0,-0.0,33.2,33.7,33.1,1.162,0.6782,False
25.29,92.72,1215.0,52.0,33.3,270.0,-1.0,-0.0,33.3,33.7,33.0,1.162,0.6782,False
25.29,92.73,964.0,40.7,33.3,270.0,-1.0,-0.0,33.3,33.7,33.0,1.161,0.5617,False
25.29,92.74,959.0,40.4,33.3,270.0,-1.0,-0.0,33.3,33.7,33.0,1.161,0.5582,False
25.29,92.75,987.0,42.2,33.3,270.0,-1.0,-0.0,33.3,33.7,33.0,1.161,0.5786,False
25.29,92.76,865.0,33.6,33.3,270.0,-1.0,-0.0,33.3,33.6,33.0,1.161,0.4767,False
25.29,92.77,1096.0,48.3,33.4,270.0,-1.0,-0.0,33.4,33.6,33.1,1.161,0.6431,False
25.29,92.78,1041.0,45.4,33.4,270.0,-1.0,-0.0,33.4,33.5,33.1,1.162,0.6128,False
25.29,92.79,888.0,35.4,33.4,270.0,-1.0,-0.0,33.4,33.4,33.2,1.162,0.4985,False
25.29,92.8,1093.0,48.1,33.4,270.0,-1.0,-0.0,33.4,33.3,33.2,1.162,0.6405,False
25.29,92.81,1017.0,44.0,33.4,270.0,-1.0,-0.0,33.4,33.2,33.3,1.163,0.5973,False
25.29,92.82,951.0,39.8,33.5,270.0,-1.0,-0.0,33.5,33.1,33.4,1.164,0.5499,False
25.29,92.83,944.0,39.4,33.5,270.0,-1.0,-0.0,33.5,33.0,33.5,1.164,0.5453,False
25.29,92.84,830.0,30.7,33.5,270.0,-1.0,-0.0,33.5,32.9,33.6,1.165,0.4382,False
25.29,92.85,563.0,30.3,33.6,0.0,0.0,1.0,33.6,32.7,33.7,1.166,0.4327,False
25.29,92.86,727.0,29.9,33.6,0.0,0.0,1.0,33.6,32.6,33.8,1.167,0.4272,False
25.29,92.87,465.0,29.9,33.7,0.0,0.0,1.0,33.7,32.4,33.9,1.167,0.4272,False
25.29,92.88,447.0,36.3,33.8,180.0,0.0,-1.0,33.8,32.3,34.0,1.168,0.5069,False
25.29,92.89,782.0,36.3,33.8,180.0,0.0,-1.0,33.8,32.1,34.0,1.169,0.5064,False
25.29,92.9,836.0,31.2,33.9,270.0,-1.0,-0.0,33.9,32.0,34.1,1.169,0.4431,False
25.29,92.91,786.0,26.9,34.0,270.0,-1.0,-0.0,34.0,31.8,34.2,1.17,0.3867,False
25.29,92.92,792.0,27.4,34.1,270.0,-1.0,-0.0,34.1,31.7,34.2,1.17,0.3933,False
25.29,92.93,736.0,22.2,34.2,270.0,-1.0,-0.0,34.2,31.6,34.3,1.171,0.3227,False
25.29,92.94,593.0,17.4,34.3,0.0,0.0,1.0,34.3,31.4,34.3,1.171,0.2554,False
25.29,92.95,472.0,19.7,34.4,270.0,-1.0,-0.0,34.4,31.3,34.3,1.172,0.2876,False
25.29,92.96,620.0,18.0,34.4,180.0,0.0,-1.0,34.4,31.2,34.4,1.172,0.2637,False
25.29,92.97,529.0,32.4,34.5,0.0,0.0,1.0,34.5,31.1,34.4,1.172,0.4572,False
25.29,92.98,239.0,32.4,34.6,0.0,0.0,1.0,34.6,31.0,34.4,1.172,0.4572,False
25.29,92.99,350.0,19.6,34.7,90.0,1.0,0.0,34.7,30.9,34.4,1.172,0.2862,False
25.29,93.0,464.0,14.8,34.7,180.0,0.0,-1.0,34.7,30.8,34.5,1.172,0.218,False
25.29,93.01,585.0,16.5,34.8,132.1,0.742,-0.6704,34.8,30.7,34.5,1.173,0.2421,False
25.29,93.02,530.0,10.0,34.9,47.9,0.742,0.6704,34.9,30.5,34.5,1.173,0.148,False
25.29,93.03,437.0,15.2,35.0,47.9,0.742,0.6704,35.0,30.4,34.6,1.173,0.2235,False
25.29,93.04,270.0,20.1,35.2,90.0,1.0,0.0,35.2,30.2,34.6,1.173,0.293,False
25.29,93.05,391.0,24.3,35.4,90.0,1.0,0.0,35.4,29.9,34.7,1.172,0.3511,False
25.29,93.06,333.0,18.5,35.6,132.1,0.742,-0.6704,35.6,29.6,34.8,1.172,0.2707,False
25.29,93.07,301.0,21.3,35.8,90.0,1.0,0.0,35.8,29.4,34.8,1.171,0.3102,False
25.29,93.08,258.0,26.1,36.1,90.0,1.0,0.0,36.1,29.1,34.8,1.17,0.376,False
25.29,93.09,259.0,22.8,36.3,90.0,1.0,0.0,36.3,28.8,34.9,1.169,0.3315,False
25.29,93.1,438.0,24.2,36.5,90.0,1.0,0.0,36.5,28.7,34.9,1.168,0.351,False
25.29,93.11,543.0,18.4,36.6,132.1,0.742,-0.6704,36.6,28.5,34.9,1.168,0.2702,False
25.29,93.12,499.0,16.1,36.6,47.9,0.742,0.6704,36.6,28.5,35.0,1.17,0.237,False
25.29,93.13,298.0,21.3,36.5,90.0,1.0,0.0,36.5,28.4,35.1,1.173,0.3097,False
25.29,93.14,292.0,20.0,36.4,90.0,1.0,0.0,36.4,28.4,35.3,1.178,0.2903,False
25.29,93.15,319.0,20.6,36.3,90.0,1.0,0.0,36.3,28.4,35.3,1.179,0.2984,False
25.29,93.16,390.0,15.6,36.3,132.1,0.742,-0.6704,36.3,28.4,35.3,1.179,0.2281,False
25.29,93.17,347.0,17.2,36.3,90.0,1.0,0.0,36.3,28.5,35.3,1.178,0.251,False
25.29,93.18,342.0,17.7,36.2,90.0,1.0,0.0,36.2,28.6,35.2,1.178,0.2581,False
25.29,93.19,387.0,14.9,36.1,90.0,1.0,0.0,36.1,28.7,35.2,1.178,0.2183,False
25.29,93.2,404.0,18.0,36.0,90.0,1.0,0.0,36.0,28.9,35.2,1.178,0.2623,False
25.29,93.21,472.0,13.6,35.8,132.1,0.742,-0.6704,35.8,29.0,35.2,1.179,0.1994,False
25.29,93.22,565.0,23.3,35.7,227.9,-0.742,-0.6704,35.7,29.1,35.2,1.179,0.3355,False
25.29,93.23,615.0,30.1,35.6,270.0,-1.0,-0.0,35.6,29.3,35.2,1.18,0.425,False
25.29,93.24,890.0,33.2,35.5,270.0,-1.0,-0.0,35.5,29.4,35.2,1.181,0.4636,False
25.29,93.25,979.0,25.9,35.3,312.1,-0.742,0.6704,35.3,29.5,35.2,1.181,0.3699,False
25.3,92.49,1042.0,42.0,32.9,270.0,-1.0,-0.0,32.9,33.2,33.9,1.172,0.5709,False
25.3,92.5,1131.0,43.4,32.9,270.0,-1.0,-0.0,32.9,33.2,33.9,1.172,0.5863,False
25.3,92.51,1018.0,36.8,32.9,270.0,-1.0,-0.0,32.9,33.2,33.9,1.172,0.5111,False
25.3,92.52,943.0,38.2,32.9,270.0,-1.0,-0.0,32.9,33.2,33.9,1.171,0.5281,False
25.3,92.53,873.0,35.4,32.9,270.0,-1.0,-0.0,32.9,33.2,33.8,1.171,0.4947,False
25.3,92.54,930.0,36.9,32.9,270.0,-1.0,-0.0,32.9,33.3,33.8,1.171,0.5127,False
25.3,92.55,1001.0,38.3,32.9,270.0,-1.0,-0.0,32.9,33.3,33.8,1.171,0.5293,False
25.3,92.56,1228.0,45.7,32.9,227.9,-0.742,-0.6704,32.9,33.3,33.8,1.17,0.6117,False
25.3,92.57,1324.0,52.0,32.9,270.0,-1.0,-0.0,32.9,33.3,33.7,1.17,0.6735,False
25.3,92.58,1240.0,52.0,32.9,270.0,-1.0,-0.0,32.9,33.4,33.7,1.17,0.6735,False
25.3,92.59,1235.0,52.0,33.0,270.0,-1.0,-0.0,33.0,33.4,33.7,1.169,0.6741,False
25.3,92.6,1256.0,52.0,33.0,270.0,-1.0,-0.0,33.0,33.4,33.6,1.169,0.6741,False
25.3,92.61,1063.0,52.0,33.0,270.0,-1.0,-0.0,33.0,33.4,33.6,1.168,0.6747,False
25.3,92.62,1085.0,52.0,33.0,270.0,-1.0,-0.0,33.0,33.4,33.6,1.168,0.6747,False
25.3,92.63,1182.0,52.0,33.0,270.0,-1.0,-0.0,33.0,33.5,33.5,1.168,0.6747,False
25.3,92.64,1168.0,52.0,33.0,270.0,-1.0,-0.0,33.0,33.5,33.5,1.167,0.6752,False
25.3,92.65,1086.0,50.1,33.1,270.0,-1.0,-0.0,33.1,33.5,33.4,1.167,0.6574,False
25.3,92.66,1101.0,52.0,33.1,270.0,-1.0,-0.0,33.1,33.5,33.4,1.166,0.6758,False
25.3,92.67,1061.0,49.4,33.1,270.0,-1.0,-0.0,33.1,33.6,33.3,1.166,0.6512,False
25.3,92.68,1150.0,48.6,33.1,270.0,-1.0,-0.0,33.1,33.6,33.3,1.165,0.6439,False
25.3,92.69,1163.0,52.0,33.1,270.0,-1.0,-0.0,33.1,33.6,33.3,1.165,0.6764,False
25.3,92.7,1089.0,52.0,33.2,270.0,-1.0,-0.0,33.2,33.6,33.2,1.164,0.677,False
25.3,92.71,1126.0,52.0,33.2,270.0,-1.0,-0.0,33.2,33.6,33.2,1.164,0.677,False
25.3,92.72,1178.0,52.0,33.2,270.0,-1.0,-0.0,33.2,33.6,33.2,1.164,0.677,False
25.3,92.73,1068.0,45.2,33.2,312.1,-0.742,0.6704,33.2,33.6,33.2,1.163,0.6101,False
25.3,92.74,1051.0,40.4,33.3,270.0,-1.0,-0.0,33.3,33.6,33.2,1.163,0.5573,False
25.3,92.75,1092.0,42.2,33.3,270.0,-1.0,-0.0,33.3,33.6,33.2,1.163,0.5776,False
25.3,92.76,880.0,39.8,33.3,227.9,-0.742,-0.6704,33.3,33.5,33.2,1.163,0.5504,False
25.3,92.77,791.0,48.3,33.3,270.0,-1.0,-0.0,33.3,33.5,33.2,1.163,0.642,False
25.3,92.78,844.0,45.4,33.3,270.0,-1.0,-0.0,33.3,33.4,33.3,1.163,0.6122,False
25.3,92.79,934.0,39.6,33.4,227.9,-0.742,-0.6704,33.4,33.3,33.3,1.164,0.5476,False
25.3,92.8,1027.0,48.1,33.4,270.0,-1.0,-0.0,33.4,33.2,33.4,1.164,0.6394,False
25.3,92.81,924.0,44.0,33.4,270.0,-1.0,-0.0,33.4,33.1,33.5,1.165,0.5963,False
25.3,92.82,796.0,39.8,33.5,270.0,-1.0,-0.0,33.5,33.0,33.5,1.165,0.5495,False
25.3,92.83,791.0,39.4,33.5,270.0,-1.0,-0.0,33.5,32.9,33.6,1.166,0.5444,False
25.3,92.84,659.0,31.3,33.5,312.1,-0.742,0.6704,33.5,32.8,33.7,1.166,0.4456,False
25.3,92.85,714.0,23.8,33.6,312.1,-0.742,0.6704,33.6,32.6,33.8,1.167,0.3458,False
25.3,92.86,554.0,21.3,33.7,270.0,-1.0,-0.0,33.7,32.5,33.9,1.168,0.311,False
25.3,92.87,399.0,16.1,33.7,312.1,-0.742,0.6704,33.7,32.3,33.9,1.168,0.2374,False
25.3,92.88,450.0,20.3,33.8,227.9,-0.742,-0.6704,33.8,32.2,34.0,1.169,0.2968,False
25.3,92.89,718.0,26.5,33.9,270.0,-1.0,-0.0,33.9,32.1,34.1,1.17,0.3814,False
25.3,92.9,561.0,31.2,33.9,270.0,-1.0,-0.0,33.9,31.9,34.1,1.17,0.4428,False
25.3,92.91,647.0,26.9,34.0,270.0,-1.0,-0.0,34.0,31.8,34.2,1.171,0.3864,False
25.3,92.92,660.0,27.4,34.1,270.0,-1.0,-0.0,34.1,31.7,34.2,1.171,0.393,False
25.3,92.93,651.0,22.2,34.2,270.0,-1.0,-0.0,34.2,31.5,34.3,1.172,0.3224,False
25.3,92.94,604.0,16.8,34.3,312.1,-0.742,0.6704,34.3,31.4,34.3,1.172,0.2466,False
25.3,92.95,480.0,7.5,34.3,227.9,-0.742,-0.6704,34.3,31.3,34.4,1.172,0.1114,False
25.3,92.96,540.0,10.1,34.4,270.0,-1.0,-0.0,34.4,31.2,34.4,1.172,0.1496,False
25.3,92.97,482.0,23.2,34.5,47.9,0.742,0.6704,34.5,31.1,34.4,1.173,0.3358,False
25.3,92.98,232.0,30.0,34.6,90.0,1.0,0.0,34.6,31.0,34.4,1.173,0.4263,False
25.3,92.99,478.0,23.2,34.6,132.1,0.742,-0.6704,34.6,30.9,34.5,1.173,0.3358,False
25.3,93.0,412.0,14.8,34.7,132.1,0.742,-0.6704,34.7,30.8,34.5,1.173,0.2178,False
25.3,93.01,491.0,6.2,34.8,270.0,-1.0,-0.0,34.8,30.7,34.5,1.173,0.0921,False
25.3,93.02,530.0,4.6,34.9,312.1,-0.742,0.6704,34.9,30.5,34.6,1.173,0.0684,False
25.3,93.03,359.0,3.5,35.1,180.0,0.0,-1.0,35.1,30.3,34.6,1.173,0.052,False
25.3,93.04,281.0,3.5,35.2,180.0,0.0,-1.0,35.2,30.1,34.7,1.173,0.052,False
25.3,93.05,379.0,3.5,35.4,180.0,0.0,-1.0,35.4,29.8,34.7,1.173,0.052,False
25.3,93.06,360.0,3.5,35.7,180.0,0.0,-1.0,35.7,29.6,34.8,1.172,0.0521,False
25.3,93.07,322.0,3.5,35.9,180.0,0.0,-1.0,35.9,29.3,34.8,1.171,0.0521,False
25.3,93.08,279.0,3.5,36.2,180.0,0.0,-1.0,36.2,29.0,34.8,1.169,0.0522,False
25.3,93.09,258.0,3.5,36.4,180.0,0.0,-1.0,36.4,28.7,34.8,1.168,0.0523,False
25.3,93.1,440.0,3.5,36.7,180.0,0.0,-1.0,36.7,28.5,34.8,1.166,0.0524,False
25.3,93.11,380.0,3.5,36.8,180.0,0.0,-1.0,36.8,28.4,34.8,1.165,0.0524,False
25.3,93.12,504.0,3.5,36.8,180.0,0.0,-1.0,36.8,28.3,34.8,1.165,0.0524,False
25.3,93.13,308.0,3.5,36.7,180.0,0.0,-1.0,36.7,28.4,34.9,1.168,0.0523,False
25.3,93.14,275.0,3.5,36.5,180.0,0.0,-1.0,36.5,28.4,35.1,1.173,0.052,False
25.3,93.15,329.0,3.5,36.4,180.0,0.0,-1.0,36.4,28.4,35.2,1.176,0.0519,False
25.3,93.16,384.0,3.5,36.3,180.0,0.0,-1.0,36.3,28.5,35.2,1.177,0.0519,False
25.3,93.17,374.0,3.5,36.3,180.0,0.0,-1.0,36.3,28.5,35.2,1.177,0.0519,False
25.3,93.18,430.0,3.5,36.2,180.0,0.0,-1.0,36.2,28.6,35.2,1.177,0.0519,False
25.3,93.19,406.0,3.5,36.1,180.0,0.0,-1.0,36.1,28.8,35.2,1.178,0.0518,False
25.3,93.2,429.0,3.5,35.9,180.0,0.0,-1.0,35.9,28.9,35.2,1.178,0.0518,False
25.3,93.21,486.0,3.5,35.8,180.0,0.0,-1.0,35.8,29.0,35.2,1.179,0.0518,False
25.3,93.22,560.0,3.5,35.7,180.0,0.0,-1.0,35.7,29.2,35.2,1.179,0.0518,False
25.3,93.23,581.0,3.5,35.6,180.0,0.0,-1.0,35.6,29.3,35.2,1.18,0.0517,False
25.3,93.24,865.0,3.5,35.4,180.0,0.0,-1.0,35.4,29.4,35.2,1.181,0.0517,False
25.3,93.25,675.0,3.5,35.3,180.0,0.0,-1.0,35.3,29.5,35.2,1.182,0.0516,False
25.3,93.26,850.0,3.5,35.2,180.0,0.0,-1.0,35.2,29.6,35.2,1.182,0.0516,False
25.31,92.5,1026.0,3.5,32.9,180.0,0.0,-1.0,32.9,33.2,33.9,1.173,0.052,False
25.31,92.51,966.0,3.5,32.9,180.0,0.0,-1.0,32.9,33.2,33.9,1.172,0.0521,False
25.31,92.52,894.0,3.5,32.9,180.0,0.0,-1.0,32.9,33.2,33.9,1.172,0.0521,False
25.31,92.53,866.0,3.5,32.9,180.0,0.0,-1.0,32.9,33.2,33.9,1.172,0.0521,False
25.31,92.54,908.0,3.5,32.9,180.0,0.0,-1.0,32.9,33.2,33.9,1.172,0.0521,False
25.31,92.55,1031.0,3.5,32.9,180.0,0.0,-1.0,32.9,33.3,33.8,1.172,0.0521,False
25.31,92.56,1048.0,3.5,32.9,180.0,0.0,-1.0,32.9,33.3,33.8,1.171,0.0521,False
25.31,92.57,1188.0,3.5,32.9,180.0,0.0,-1.0,32.9,33.3,33.8,1.171,0.0521,False
25.31,92.58,1101.0,3.5,32.9,180.0,0.0,-1.0,32.9,33.3,33.8,1.171,0.0521,False
25.31,92.59,1079.0,3.5,32.9,180.0,0.0,-1.0,32.9,33.3,33.7,1.171,0.0521,False
25.31,92.6,1123.0,3.5,32.9,180.0,0.0,-1.0,32.9,33.4,33.7,1.17,0.0522,False
25.31,92.61,1131.0,3.5,32.9,180.0,0.0,-1.0,32.9,33.4,33.7,1.17,0.0522,False
25.31,92.62,1053.0,3.5,33.0,180.0,0.0,-1.0,33.0,33.4,33.6,1.17,0.0522,False
25.31,92.63,1110.0,3.5,33.0,180.0,0.0,-1.0,33.0,33.4,33.6,1.169,0.0522,False
25.31,92.64,1033.0,3.5,33.0,180.0,0.0,-1.0,33.0,33.4,33.6,1.169,0.0522,False
25.31,92.65,1058.0,3.5,33.0,180.0,0.0,-1.0,33.0,33.5,33.5,1.168,0.0523,False
25.31,92.66,1025.0,3.5,33.0,180.0,0.0,-1.0,33.0,33.5,33.5,1.168,0.0523,False
25.31,92.67,1061.0,3.5,33.0,180.0,0.0,-1.0,33.0,33.5,33.5,1.168,0.0523,False
25.31,92.68,1009.0,3.5,33.1,180.0,0.0,-1.0,33.1,33.5,33.4,1.167,0.0523,False
25.31,92.69,1146.0,3.5,33.1,180.0,0.0,-1.0,33.1,33.5,33.4,1.167,0.0523,False
25.31,92.7,1088.0,3.5,33.1,180.0,0.0,-1.0,33.1,33.5,33.4,1.166,0.0524,False
25.31,92.71,1107.0,3.5,33.1,180.0,0.0,-1.0,33.1,33.5,33.3,1.166,0.0524,False
25.31,92.72,1160.0,3.5,33.2,180.0,0.0,-1.0,33.2,33.5,33.3,1.166,0.0524,False
25.31,92.73,1198.0,3.5,33.2,180.0,0.0,-1.0,33.2,33.5,33.3,1.166,0.0524,False
25.31,92.74,1161.0,3.5,33.2,180.0,0.0,-1.0,33.2,33.5,33.3,1.165,0.0524,False
25.31,92.75,1087.0,3.5,33.2,180.0,0.0,-1.0,33.2,33.4,33.3,1.165,0.0524,False
25.31,92.76,1072.0,3.5,33.3,180.0,0.0,-1.0,33.3,33.4,33.3,1.165,0.0524,False
25.31,92.77,1060.0,3.5,33.3,180.0,0.0,-1.0,33.3,33.3,33.4,1.165,0.0524,False
25.31,92.78,904.0,3.5,33.3,180.0,0.0,-1.0,33.3,33.3,33.4,1.165,0.0524,False
25.31,92.79,923.0,3.5,33.3,180.0,0.0,-1.0,33.3,33.2,33.5,1.166,0.0524,False
25.31,92.8,1062.0,3.5,33.4,180.0,0.0,-1.0,33.4,33.1,33.5,1.166,0.0524,False
25.31,92.81,1000.0,3.5,33.4,180.0,0.0,-1.0,33.4,33.0,33.6,1.166,0.0524,False
25.31,92.82,980.0,3.5,33.4,180.0,0.0,-1.0,33.4,32.9,33.7,1.167,0.0523,False
25.31,92.83,967.0,3.5,33.5,180.0,0.0,-1.0,33.5,32.8,33.7,1.167,0.0523,False
25.31,92.84,928.0,3.5,33.5,180.0,0.0,-1.0,33.5,32.7,33.8,1.168,0.0523,False
25.31,92.85,895.0,3.5,33.6,180.0,0.0,-1.0,33.6,32.5,33.9,1.168,0.0523,False
25.31,92.86,779.0,3.5,33.7,180.0,0.0,-1.0,33.7,32.4,33.9,1.169,0.0522,False
25.31,92.87,734.0,3.5,33.7,180.0,0.0,-1.0,33.7,32.3,34.0,1.17,0.0522,False
25.31,92.88,497.0,3.5,33.8,180.0,0.0,-1.0,33.8,32.1,34.1,1.17,0.0522,False
25.31,92.89,462.0,3.5,33.9,180.0,0.0,-1.0,33.9,32.0,34.1,1.171,0.0521,False
25.31,92.9,467.0,3.5,33.9,180.0,0.0,-1.0,33.9,31.9,34.2,1.171,0.0521,False
25.31,92.91,341.0,3.5,34.0,180.0,0.0,-1.0,34.0,31.7,34.2,1.171,0.0521,False
25.31,92.92,272.0,3.5,34.1,180.0,0.0,-1.0,34.1,31.6,34.3,1.172,0.0521,False
25.31,92.93,587.0,3.5,34.2,180.0,0.0,-1.0,34.2,31.5,34.3,1.172,0.0521,False
25.31,92.94,471.0,3.5,34.2,180.0,0.0,-1.0,34.2,31.4,34.3,1.172,0.0521,False
25.31,92.95,392.0,3.5,34.3,180.0,0.0,-1.0,34.3,31.3,34.4,1.173,0.052,False
25.31,92.96,547.0,3.5,34.4,180.0,0.0,-1.0,34.4,31.2,34.4,1.173,0.052,False
25.31,92.97,558.0,3.5,34.5,180.0,0.0,-1.0,34.5,31.1,34.4,1.173,0.052,False
25.31,92.98,378.0,3.5,34.5,180.0,0.0,-1.0,34.5,31.0,34.5,1.173,0.052,False
25.31,92.99,408.0,3.5,34.6,180.0,0.0,-1.0,34.6,30.9,34.5,1.174,0.052,False
25.31,93.0,595.0,3.5,34.7,180.0,0.0,-1.0,34.7,30.8,34.5,1.174,0.052,False
25.31,93.01,604.0,3.5,34.8,180.0,0.0,-1.0,34.8,30.6,34.6,1.174,0.052,False
25.31,93.02,438.0,3.5,34.9,180.0,0.0,-1.0,34.9,30.5,34.6,1.174,0.052,False
25.31,93.03,438.0,3.5,35.1,180.0,0.0,-1.0,35.1,30.3,34.7,1.174,0.052,False
25.31,93.04,271.0,3.5,35.2,180.0,0.0,-1.0,35.2,30.1,34.7,1.174,0.052,False
25.31,93.05,233.0,3.5,35.4,180.0,0.0,-1.0,35.4,29.8,34.8,1.173,0.052,False
25.31,93.06,304.0,3.5,35.7,180.0,0.0,-1.0,35.7,29.5,34.8,1.172,0.0521,False
25.31,93.07,276.0,3.5,36.0,180.0,0.0,-1.0,36.0,29.2,34.8,1.171,0.0521,False
25.31,93.08,272.0,3.5,36.2,180.0,0.0,-1.0,36.2,28.9,34.8,1.169,0.0522,False
25.31,93.09,319.0,3.5,36.5,180.0,0.0,-1.0,36.5,28.7,34.8,1.167,0.0523,False
25.31,93.1,385.0,3.5,36.8,180.0,0.0,-1.0,36.8,28.4,34.8,1.164,0.0524,False
25.31,93.11,453.0,3.5,37.0,180.0,0.0,-1.0,37.0,28.3,34.7,1.162,0.0525,False
25.31,93.12,356.0,3.5,37.1,180.0,0.0,-1.0,37.1,28.2,34.7,1.161,0.0526,False
25.31,93.13,267.0,3.5,37.0,180.0,0.0,-1.0,37.0,28.3,34.8,1.163,0.0525,False
25.31,93.14,416.0,3.5,36.7,180.0,0.0,-1.0,36.7,28.4,34.9,1.168,0.0523,False
25.31,93.15,349.0,3.5,36.5,180.0,0.0,-1.0,36.5,28.5,35.1,1.173,0.052,False
25.31,93.16,346.0,3.5,36.3,180.0,0.0,-1.0,36.3,28.5,35.1,1.175,0.052,False
25.31,93.17,315.0,3.5,36.2,180.0,0.0,-1.0,36.2,28.6,35.2,1.176,0.0519,False
25.31,93.18,393.0,3.5,36.1,180.0,0.0,-1.0,36.1,28.7,35.2,1.177,0.0519,False
25.31,93.19,454.0,3.5,36.0,180.0,0.0,-1.0,36.0,28.8,35.2,1.177,0.0519,False
25.31,93.2,421.0,3.5,35.9,180.0,0.0,-1.0,35.9,28.9,35.2,1.178,0.0518,False
25.31,93.21,322.0,3.5,35.8,180.0,0.0,-1.0,35.8,29.1,35.2,1.179,0.0518,False
25.31,93.22,539.0,3.5,35.6,180.0,0.0,-1.0,35.6,29.2,35.2,1.18,0.0517,False
25.31,93.23,775.0,3.5,35.5,180.0,0.0,-1.0,35.5,29.3,35.2,1.181,0.0517,False
25.31,93.24,720.0,3.5,35.4,180.0,0.0,-1.0,35.4,29.4,35.2,1.182,0.0516,False
25.31,93.25,687.0,3.5,35.3,180.0,0.0,-1.0,35.3,29.5,35.2,1.182,0.0516,False
25.31,93.26,520.0,3.5,35.2,180.0,0.0,-1.0,35.2,29.6,35.2,1.183,0.0516,False
25.31,93.27,710.0,3.5,35.1,180.0,0.0,-1.0,35.1,29.7,35.2,1.184,0.0516,False
25.32,92.5,1211.0,3.5,32.9,180.0,0.0,-1.0,32.9,33.1,34.0,1.173,0.052,False
25.32,92.51,1052.0,3.5,32.9,180.0,0.0,-1.0,32.9,33.2,34.0,1.173,0.052,False
25.32,92.52,957.0,3.5,32.9,180.0,0.0,-1.0,32.9,33.2,34.0,1.173,0.052,False
25.32,92.53,863.0,3.5,32.9,180.0,0.0,-1.0,32.9,33.2,33.9,1.173,0.052,False
25.32,92.54,876.0,3.5,32.9,180.0,0.0,-1.0,32.9,33.2,33.9,1.173,0.052,False
25.32,92.55,942.0,3.5,32.9,180.0,0.0,-1.0,32.9,33.2,33.9,1.173,0.052,False
25.32,92.56,905.0,3.5,32.9,180.0,0.0,-1.0,32.9,33.2,33.9,1.173,0.052,False
25.32,92.57,1003.0,3.5,32.9,180.0,0.0,-1.0,32.9,33.3,33.9,1.172,0.0521,False
25.32,92.58,1197.0,3.5,32.9,180.0,0.0,-1.0,32.9,33.3,33.8,1.172,0.0521,False
25.32,92.59,1180.0,3.5,32.9,180.0,0.0,-1.0,32.9,33.3,33.8,1.172,0.0521,False
25.32,92.6,1161.0,3.5,32.9,180.0,0.0,-1.0,32.9,33.3,33.8,1.172,0.0521,False
25.32,92.61,1053.0,3.5,32.9,180.0,0.0,-1.0,32.9,33.3,33.8,1.171,0.0521,False
25.32,92.62,1059.0,3.5,32.9,180.0,0.0,-1.0,32.9,33.4,33.7,1.171,0.0521,False
25.32,92.63,1159.0,3.5,32.9,180.0,0.0,-1.0,32.9,33.4,33.7,1.171,0.0521,False
25.32,92.64,1120.0,3.5,32.9,180.0,0.0,-1.0,32.9,33.4,33.7,1.171,0.0521,False
25.32,92.65,1090.0,3.5,33.0,180.0,0.0,-1.0,33.0,33.4,33.6,1.17,0.0522,False
25.32,92.66,1141.0,3.5,33.0,180.0,0.0,-1.0,33.0,33.4,33.6,1.17,0.0522,False
25.32,92.67,1127.0,3.5,33.0,180.0,0.0,-1.0,33.0,33.4,33.6,1.17,0.0522,False
25.32,92.68,1089.0,3.5,33.0,180.0,0.0,-1.0,33.0,33.4,33.6,1.169,0.0522,False
25.32,92.69,943.0,3.5,33.0,180.0,0.0,-1.0,33.0,33.4,33.5,1.169,0.0522,False
25.32,92.7,1113.0,3.5,33.1,180.0,0.0,-1.0,33.1,33.4,33.5,1.169,0.0522,False
25.32,92.71,953.0,3.5,33.1,180.0,0.0,-1.0,33.1,33.4,33.5,1.168,0.0523,False
25.32,92.72,1128.0,3.5,33.1,180.0,0.0,-1.0,33.1,33.4,33.5,1.168,0.0523,False
25.32,92.73,1105.0,3.5,33.1,180.0,0.0,-1.0,33.1,33.4,33.5,1.168,0.0523,False
25.32,92.74,1086.0,3.5,33.2,180.0,0.0,-1.0,33.2,33.4,33.5,1.168,0.0523,False
25.32,92.75,1116.0,3.5,33.2,180.0,0.0,-1.0,33.2,33.3,33.5,1.167,0.0523,False
25.32,92.76,1081.0,3.5,33.2,180.0,0.0,-1.0,33.2,33.3,33.5,1.167,0.0523,False
25.32,92.77,1050.0,3.5,33.2,180.0,0.0,-1.0,33.2,33.2,33.5,1.167,0.0523,False
25.32,92.78,927.0,3.5,33.3,180.0,0.0,-1.0,33.3,33.2,33.5,1.167,0.0523,False
25.32,92.79,913.0,3.5,33.3,180.0,0.0,-1.0,33.3,33.1,33.6,1.168,0.0523,False
25.32,92.8,1028.0,3.5,33.4,180.0,0.0,-1.0,33.4,33.0,33.6,1.168,0.0523,False
25.32,92.81,1039.0,3.5,33.4,180.0,0.0,-1.0,33.4,32.9,33.7,1.168,0.0523,False
25.32,92.82,996.0,3.5,33.4,180.0,0.0,-1.0,33.4,32.8,33.8,1.169,0.0522,False
25.32,92.83,932.0,3.5,33.5,180.0,0.0,-1.0,33.5,32.7,33.8,1.169,0.0522,False
25.32,92.84,837.0,3.5,33.5,180.0,0.0,-1.0,33.5,32.6,33.9,1.169,0.0522,False
25.32,92.85,737.0,3.5,33.6,180.0,0.0,-1.0,33.6,32.4,34.0,1.17,0.0522,False
25.32,92.86,755.0,3.5,33.7,180.0,0.0,-1.0,33.7,32.3,34.0,1.17,0.0522,False
25.32,92.87,735.0,3.5,33.7,180.0,0.0,-1.0,33.7,32.2,34.1,1.171,0.0521,False
25.32,92.88,554.0,3.5,33.8,180.0,0.0,-1.0,33.8,32.1,34.1,1.171,0.0521,False
25.32,92.89,510.0,3.5,33.9,180.0,0.0,-1.0,33.9,31.9,34.2,1.171,0.0521,False
25.32,92.9,664.0,3.5,34.0,180.0,0.0,-1.0,34.0,31.8,34.2,1.172,0.0521,False
25.32,92.91,607.0,3.5,34.0,180.0,0.0,-1.0,34.0,31.7,34.3,1.172,0.0521,False
25.32,92.92,409.0,3.5,34.1,180.0,0.0,-1.0,34.1,31.6,34.3,1.172,0.0521,False
25.32,92.93,248.0,3.5,34.2,180.0,0.0,-1.0,34.2,31.5,34.3,1.173,0.052,False
25.32,92.94,432.0,3.5,34.2,180.0,0.0,-1.0,34.2,31.4,34.4,1.173,0.052,False
25.32,92.95,256.0,3.5,34.3,180.0,0.0,-1.0,34.3,31.3,34.4,1.173,0.052,False
25.32,92.96,350.0,3.5,34.4,180.0,0.0,-1.0,34.4,31.2,34.4,1.174,0.052,False
25.32,92.97,338.0,3.5,34.4,180.0,0.0,-1.0,34.4,31.1,34.5,1.174,0.052,False
25.32,92.98,207.0,3.5,34.5,180.0,0.0,-1.0,34.5,31.0,34.5,1.174,0.052,False
25.32,92.99,489.0,3.5,34.6,180.0,0.0,-1.0,34.6,30.9,34.5,1.174,0.052,False
25.32,93.0,713.0,3.5,34.7,180.0,0.0,-1.0,34.7,30.8,34.6,1.174,0.052,False
25.32,93.01,680.0,3.5,34.8,180.0,0.0,-1.0,34.8,30.6,34.6,1.175,0.052,False
25.32,93.02,543.0,3.5,34.9,180.0,0.0,-1.0,34.9,30.5,34.7,1.175,0.052,False
25.32,93.03,484.0,3.5,35.0,180.0,0.0,-1.0,35.0,30.3,34.7,1.175,0.052,False
25.32,93.04,331.0,3.5,35.2,180.0,0.0,-1.0,35.2,30.0,34.7,1.174,0.052,False
25.32,93.05,313.0,3.5,35.4,180.0,0.0,-1.0,35.4,29.8,34.8,1.173,0.052,False
25.32,93.06,351.0,3.5,35.7,180.0,0.0,-1.0,35.7,29.5,34.8,1.172,0.0521,False
25.32,93.07,257.0,3.5,36.0,180.0,0.0,-1.0,36.0,29.2,34.8,1.171,0.0521,False
25.32,93.08,281.0,3.5,36.3,180.0,0.0,-1.0,36.3,28.9,34.8,1.169,0.0522,False
25.32,93.09,483.0,3.5,36.6,180.0,0.0,-1.0,36.6,28.6,34.8,1.166,0.0524,False
25.32,93.1,391.0,3.5,36.9,180.0,0.0,-1.0,36.9,28.4,34.8,1.164,0.0524,False
25.32,93.11,351.0,3.5,37.1,180.0,0.0,-1.0,37.1,28.2,34.7,1.161,0.0526,False
25.32,93.12,367.0,3.5,37.17,180.0,0.0,-1.0,37.17,28.15,34.68,1.16,0.0526,False
25.32,93.13,250.0,3.5,37.1,180.0,0.0,-1.0,37.1,28.2,34.7,1.162,0.0525,False
25.32,93.14,284.0,3.5,36.8,180.0,0.0,-1.0,36.8,28.3,34.8,1.166,0.0524,False
25.32,93.15,285.0,3.5,36.6,180.0,0.0,-1.0,36.6,28.5,35.0,1.17,0.0522,False
25.32,93.16,334.0,3.5,36.4,180.0,0.0,-1.0,36.4,28.6,35.1,1.173,0.052,False
25.32,93.17,332.0,3.5,36.2,180.0,0.0,-1.0,36.2,28.7,35.1,1.175,0.052,False
25.32,93.18,274.0,3.5,36.1,180.0,0.0,-1.0,36.1,28.8,35.1,1.176,0.0519,False
25.32,93.19,329.0,3.5,36.0,180.0,0.0,-1.0,36.0,28.9,35.2,1.177,0.0519,False
25.32,93.2,313.0,3.5,35.8,180.0,0.0,-1.0,35.8,29.0,35.2,1.178,0.0518,False
25.32,93.21,448.0,3.5,35.7,180.0,0.0,-1.0,35.7,29.1,35.2,1.179,0.0518,False
25.32,93.22,484.0,3.5,35.6,180.0,0.0,-1.0,35.6,29.2,35.2,1.18,0.0517,False
25.32,93.23,696.0,3.5,35.4,180.0,0.0,-1.0,35.4,29.4,35.2,1.181,0.0517,False
25.32,93.24,600.0,3.5,35.3,180.0,0.0,-1.0,35.3,29.5,35.2,1.182,0.0516,False
25.32,93.25,656.0,3.5,35.2,180.0,0.0,-1.0,35.2,29.6,35.2,1.183,0.0516,False
25.32,93.26,595.0,3.5,35.1,180.0,0.0,-1.0,35.1,29.7,35.2,1.184,0.0516,False
25.32,93.27,564.0,3.5,35.0,180.0,0.0,-1.0,35.0,29.8,35.2,1.185,0.0515,False
25.33,92.5,1195.0,3.5,32.8,180.0,0.0,-1.0,32.8,33.1,34.0,1.174,0.052,False
25.33,92.51,1091.0,3.5,32.8,180.0,0.0,-1.0,32.8,33.1,34.0,1.174,0.052,False
25.33,92.52,941.0,3.5,32.8,180.0,0.0,-1.0,32.8,33.2,34.0,1.174,0.052,False
25.33,92.53,908.0,3.5,32.8,180.0,0.0,-1.0,32.8,33.2,34.0,1.174,0.052,False
25.33,92.54,859.0,3.5,32.8,180.0,0.0,-1.0,32.8,33.2,34.0,1.174,0.052,False
25.33,92.55,993.0,3.5,32.8,180.0,0.0,-1.0,32.8,33.2,34.0,1.174,0.052,False
25.33,92.56,925.0,3.5,32.8,180.0,0.0,-1.0,32.8,33.2,33.9,1.174,0.052,False
25.33,92.57,877.0,3.5,32.8,180.0,0.0,-1.0,32.8,33.2,33.9,1.174,0.052,False
25.33,92.58,1010.0,3.5,32.8,180.0,0.0,-1.0,32.8,33.3,33.9,1.173,0.052,False
25.33,92.59,1156.0,3.5,32.8,180.0,0.0,-1.0,32.8,33.3,33.9,1.173,0.052,False
25.33,92.6,1139.0,3.5,32.9,180.0,0.0,-1.0,32.9,33.3,33.9,1.173,0.052,False
25.33,92.61,1082.0,3.5,32.9,180.0,0.0,-1.0,32.9,33.3,33.8,1.173,0.052,False
25.33,92.62,1103.0,3.5,32.9,180.0,0.0,-1.0,32.9,33.3,33.8,1.173,0.052,False
25.33,92.63,1108.0,3.5,32.9,180.0,0.0,-1.0,32.9,33.3,33.8,1.173,0.052,False
25.33,92.64,1110.0,3.5,32.9,180.0,0.0,-1.0,32.9,33.3,33.8,1.172,0.0521,False
25.33,92.65,1106.0,3.5,32.9,180.0,0.0,-1.0,32.9,33.3,33.8,1.172,0.0521,False
25.33,92.66,1128.0,3.5,32.9,180.0,0.0,-1.0,32.9,33.4,33.7,1.172,0.0521,False
25.33,92.67,1058.0,3.5,32.9,180.0,0.0,-1.0,32.9,33.4,33.7,1.172,0.0521,False
25.33,92.68,1044.0,3.5,32.9,180.0,0.0,-1.0,32.9,33.4,33.7,1.171,0.0521,False
25.33,92.69,998.0,3.5,33.0,180.0,0.0,-1.0,33.0,33.4,33.7,1.171,0.0521,False
25.33,92.7,973.0,3.5,33.0,180.0,0.0,-1.0,33.0,33.4,33.7,1.171,0.0521,False
25.33,92.71,869.0,3.5,33.0,180.0,0.0,-1.0,33.0,33.3,33.6,1.171,0.0521,False
25.33,92.72,900.0,3.5,33.0,180.0,0.0,-1.0,33.0,33.3,33.6,1.17,0.0522,False
25.33,92.73,1104.0,3.5,33.1,180.0,0.0,-1.0,33.1,33.3,33.6,1.17,0.0522,False
25.33,92.74,1042.0,3.5,33.1,180.0,0.0,-1.0,33.1,33.3,33.6,1.17,0.0522,False
25.33,92.75,1025.0,3.5,33.1,180.0,0.0,-1.0,33.1,33.2,33.6,1.17,0.0522,False
25.33,92.76,934.0,3.5,33.2,180.0,0.0,-1.0,33.2,33.2,33.6,1.17,0.0522,False
25.33,92.77,1020.0,3.5,33.2,180.0,0.0,-1.0,33.2,33.1,33.7,1.169,0.0522,False
25.33,92.78,810.0,3.5,33.2,180.0,0.0,-1.0,33.2,33.1,33.7,1.169,0.0522,False
25.33,92.79,985.0,3.5,33.3,180.0,0.0,-1.0,33.3,33.0,33.7,1.17,0.0522,False
25.33,92.8,1000.0,3.5,33.3,180.0,0.0,-1.0,33.3,32.9,33.8,1.17,0.0522,False
25.33,92.81,1049.0,3.5,33.4,180.0,0.0,-1.0,33.4,32.8,33.8,1.17,0.0522,False
25.33,92.82,995.0,3.5,33.4,180.0,0.0,-1.0,33.4,32.7,33.9,1.17,0.0522,False
25.33,92.83,882.0,3.5,33.5,180.0,0.0,-1.0,33.5,32.6,33.9,1.17,0.0522,False
25.33,92.84,789.0,3.5,33.5,180.0,0.0,-1.0,33.5,32.5,34.0,1.171,0.0521,False
25.33,92.85,612.0,3.5,33.6,180.0,0.0,-1.0,33.6,32.4,34.0,1.171,0.0521,False
25.33,92.86,633.0,3.5,33.7,180.0,0.0,-1.0,33.7,32.2,34.1,1.171,0.0521,False
25.33,92.87,562.0,3.5,33.8,180.0,0.0,-1.0,33.8,32.1,34.1,1.172,0.0521,False
25.33,92.88,434.0,3.5,33.8,180.0,0.0,-1.0,33.8,32.0,34.2,1.172,0.0521,False
25.33,92.89,636.0,3.5,33.9,180.0,0.0,-1.0,33.9,31.9,34.2,1.172,0.0521,False
25.33,92.9,730.0,3.5,34.0,180.0,0.0,-1.0,34.0,31.8,34.3,1.173,0.052,False
25.33,92.91,703.0,3.5,34.1,180.0,0.0,-1.0,34.1,31.6,34.3,1.173,0.052,False
25.33,92.92,619.0,3.5,34.1,180.0,0.0,-1.0,34.1,31.5,34.3,1.173,0.052,False
25.33,92.93,317.0,3.5,34.2,180.0,0.0,-1.0,34.2,31.5,34.4,1.173,0.052,False
25.33,92.94,324.0,3.5,34.2,180.0,0.0,-1.0,34.2,31.4,34.4,1.173,0.052,False
25.33,92.95,377.0,3.5,34.3,180.0,0.0,-1.0,34.3,31.3,34.4,1.174,0.052,False
25.33,92.96,414.0,3.5,34.4,180.0,0.0,-1.0,34.4,31.2,34.4,1.174,0.052,False
25.33,92.97,473.0,3.5,34.4,180.0,0.0,-1.0,34.4,31.1,34.5,1.174,0.052,False
25.33,92.98,536.0,3.5,34.5,180.0,0.0,-1.0,34.5,31.0,34.5,1.175,0.052,False
25.33,92.99,530.0,3.5,34.5,180.0,0.0,-1.0,34.5,30.9,34.6,1.175,0.052,False
25.33,93.0,571.0,3.5,34.6,180.0,0.0,-1.0,34.6,30.8,34.6,1.175,0.052,False
25.33,93.01,463.0,3.5,34.7,180.0,0.0,-1.0,34.7,30.6,34.6,1.175,0.052,False
25.33,93.02,449.0,3.5,34.9,180.0,0.0,-1.0,34.9,30.5,34.7,1.175,0.052,False
25.33,93.03,572.0,3.5,35.0,180.0,0.0,-1.0,35.0,30.3,34.7,1.175,0.052,False
25.33,93.04,467.0,3.5,35.2,180.0,0.0,-1.0,35.2,30.0,34.8,1.175,0.052,False
25.33,93.05,267.0,3.5,35.4,180.0,0.0,-1.0,35.4,29.8,34.8,1.174,0.052,False
25.33,93.06,358.0,3.5,35.6,180.0,0.0,-1.0,35.6,29.5,34.8,1.173,0.052,False
25.33,93.07,291.0,3.5,35.9,180.0,0.0,-1.0,35.9,29.2,34.8,1.171,0.0521,False
25.33,93.08,318.0,3.5,36.2,180.0,0.0,-1.0,36.2,28.9,34.8,1.169,0.0522,False
25.33,93.09,315.0,3.5,36.5,180.0,0.0,-1.0,36.5,28.7,34.8,1.167,0.0523,False
25.33,93.1,278.0,3.5,36.8,180.0,0.0,-1.0,36.8,28.4,34.8,1.164,0.0524,False
25.33,93.11,301.0,3.5,37.0,180.0,0.0,-1.0,37.0,28.3,34.7,1.162,0.0525,False
25.33,93.12,240.0,3.5,37.1,180.0,0.0,-1.0,37.1,28.2,34.7,1.161,0.0526,False
25.33,93.13,260.0,3.5,37.0,180.0,0.0,-1.0,37.0,28.3,34.7,1.162,0.0525,False
25.33,93.14,248.0,3.5,36.8,180.0,0.0,-1.0,36.8,28.4,34.8,1.166,0.0524,False
25.33,93.15,268.0,3.5,36.5,180.0,0.0,-1.0,36.5,28.5,34.9,1.169,0.0522,False
25.33,93.16,303.0,3.5,36.3,180.0,0.0,-1.0,36.3,28.6,35.0,1.172,0.0521,False
25.33,93.17,253.0,3.5,36.2,180.0,0.0,-1.0,36.2,28.7,35.1,1.175,0.052,False
25.33,93.18,340.0,3.5,36.0,180.0,0.0,-1.0,36.0,28.9,35.1,1.176,0.0519,False
25.33,93.19,327.0,3.5,35.9,180.0,0.0,-1.0,35.9,29.0,35.1,1.178,0.0518,False
25.33,93.2,374.0,3.5,35.8,180.0,0.0,-1.0,35.8,29.1,35.2,1.179,0.0518,False
25.33,93.21,527.0,3.5,35.6,180.0,0.0,-1.0,35.6,29.2,35.2,1.18,0.0517,False
25.33,93.22,650.0,3.5,35.5,180.0,0.0,-1.0,35.5,29.3,35.2,1.181,0.0517,False
25.33,93.23,716.0,3.5,35.4,180.0,0.0,-1.0,35.4,29.4,35.2,1.182,0.0516,False
25.33,93.24,664.0,3.5,35.3,180.0,0.0,-1.0,35.3,29.5,35.2,1.183,0.0516,False
25.33,93.25,668.0,3.5,35.2,180.0,0.0,-1.0,35.2,29.6,35.2,1.184,0.0516,False
25.33,93.26,452.0,3.5,35.1,180.0,0.0,-1.0,35.1,29.7,35.2,1.185,0.0515,False
25.33,93.27,507.0,3.5,35.0,180.0,0.0,-1.0,35.0,29.8,35.2,1.185,0.0515,False
25.33,93.28,422.0,3.5,34.9,180.0,0.0,-1.0,34.9,29.9,35.2,1.186,0.0515,False
25.34,92.5,1130.0,3.5,32.8,180.0,0.0,-1.0,32.8,33.1,34.1,1.175,0.052,False
25.34,92.51,1027.0,3.5,32.8,180.0,0.0,-1.0,32.8,33.1,34.1,1.175,0.052,False
25.34,92.52,961.0,3.5,32.8,180.0,0.0,-1.0,32.8,33.1,34.0,1.175,0.052,False
25.34,92.53,883.0,3.5,32.8,180.0,0.0,-1.0,32.8,33.1,34.0,1.175,0.052,False
25.34,92.54,862.0,3.5,32.8,180.0,0.0,-1.0,32.8,33.2,34.0,1.175,0.052,False
25.34,92.55,899.0,3.5,32.8,180.0,0.0,-1.0,32.8,33.2,34.0,1.175,0.052,False
25.34,92.56,859.0,3.5,32.8,180.0,0.0,-1.0,32.8,33.2,34.0,1.175,0.052,False
25.34,92.57,981.0,3.5,32.8,180.0,0.0,-1.0,32.8,33.2,34.0,1.175,0.052,False
25.34,92.58,1037.0,3.5,32.8,180.0,0.0,-1.0,32.8,33.2,34.0,1.175,0.052,False
25.34,92.59,1117.0,3.5,32.8,180.0,0.0,-1.0,32.8,33.2,34.0,1.175,0.052,False
25.34,92.6,1066.0,3.5,32.8,180.0,0.0,-1.0,32.8,33.2,33.9,1.175,0.052,False
25.34,92.61,915.0,3.5,32.8,180.0,0.0,-1.0,32.8,33.3,33.9,1.175,0.052,False
25.34,92.62,1055.0,3.5,32.8,180.0,0.0,-1.0,32.8,33.3,33.9,1.175,0.052,False
25.34,92.63,940.0,3.5,32.8,180.0,0.0,-1.0,32.8,33.3,33.9,1.175,0.052,False
25.34,92.64,1046.0,3.5,32.8,180.0,0.0,-1.0,32.8,33.3,33.9,1.174,0.052,False
25.34,92.65,1022.0,3.5,32.8,180.0,0.0,-1.0,32.8,33.3,33.9,1.174,0.052,False
25.34,92.66,1003.0,3.5,32.8,180.0,0.0,-1.0,32.8,33.3,33.9,1.174,0.052,False
25.34,92.67,1003.0,3.5,32.9,180.0,0.0,-1.0,32.9,33.3,33.8,1.174,0.052,False
25.34,92.68,994.0,3.5,32.9,180.0,0.0,-1.0,32.9,33.3,33.8,1.174,0.052,False
25.34,92.69,874.0,3.5,32.9,180.0,0.0,-1.0,32.9,33.3,33.8,1.173,0.052,False
25.34,92.7,923.0,3.5,32.9,180.0,0.0,-1.0,32.9,33.3,33.8,1.173,0.052,False
25.34,92.71,884.0,3.5,32.9,180.0,0.0,-1.0,32.9,33.3,33.8,1.173,0.052,False
25.34,92.72,832.0,3.5,33.0,180.0,0.0,-1.0,33.0,33.3,33.8,1.173,0.052,False
25.34,92.73,1051.0,3.5,33.0,180.0,0.0,-1.0,33.0,33.2,33.8,1.172,0.0521,False
25.34,92.74,964.0,3.5,33.0,180.0,0.0,-1.0,33.0,33.2,33.8,1.172,0.0521,False
25.34,92.75,885.0,3.5,33.1,180.0,0.0,-1.0,33.1,33.2,33.8,1.172,0.0521,False
25.34,92.76,878.0,3.5,33.1,180.0,0.0,-1.0,33.1,33.1,33.8,1.172,0.0521,False
25.34,92.77,876.0,3.5,33.2,180.0,0.0,-1.0,33.2,33.0,33.8,1.172,0.0521,False
25.34,92.78,876.0,3.5,33.2,180.0,0.0,-1.0,33.2,33.0,33.8,1.172,0.0521,False
25.34,92.79,834.0,3.5,33.2,180.0,0.0,-1.0,33.2,32.9,33.8,1.172,0.0521,False
25.34,92.8,937.0,3.5,33.3,180.0,0.0,-1.0,33.3,32.8,33.9,1.172,0.0521,False
25.34,92.81,985.0,3.5,33.4,180.0,0.0,-1.0,33.4,32.7,33.9,1.172,0.0521,False
25.34,92.82,1014.0,3.5,33.4,180.0,0.0,-1.0,33.4,32.6,34.0,1.172,0.0521,False
25.34,92.83,828.0,3.5,33.5,180.0,0.0,-1.0,33.5,32.5,34.0,1.172,0.0521,False
25.34,92.84,719.0,3.5,33.5,180.0,0.0,-1.0,33.5,32.4,34.1,1.172,0.0521,False
25.34,92.85,773.0,3.5,33.6,180.0,0.0,-1.0,33.6,32.3,34.1,1.172,0.0521,False
25.34,92.86,747.0,3.5,33.7,180.0,0.0,-1.0,33.7,32.2,34.1,1.173,0.052,False
25.34,92.87,680.0,3.5,33.8,180.0,0.0,-1.0,33.8,32.0,34.2,1.173,0.052,False
25.34,92.88,564.0,3.5,33.8,180.0,0.0,-1.0,33.8,31.9,34.2,1.173,0.052,False
25.34,92.89,761.0,3.5,33.9,180.0,0.0,-1.0,33.9,31.8,34.3,1.173,0.052,False
25.34,92.9,703.0,3.5,34.0,180.0,0.0,-1.0,34.0,31.7,34.3,1.173,0.052,False
25.34,92.91,615.0,3.5,34.1,180.0,0.0,-1.0,34.1,31.6,34.3,1.173,0.052,False
25.34,92.92,624.0,3.5,34.1,180.0,0.0,-1.0,34.1,31.5,34.4,1.173,0.052,False
25.34,92.93,444.0,3.5,34.2,180.0,0.0,-1.0,34.2,31.4,34.4,1.174,0.052,False
25.34,92.94,451.0,3.5,34.3,180.0,0.0,-1.0,34.3,31.3,34.4,1.174,0.052,False
25.34,92.95,552.0,3.5,34.3,180.0,0.0,-1.0,34.3,31.3,34.4,1.174,0.052,False
25.34,92.96,417.0,3.5,34.3,180.0,0.0,-1.0,34.3,31.2,34.5,1.174,0.052,False
25.34,92.97,481.0,3.5,34.4,180.0,0.0,-1.0,34.4,31.1,34.5,1.175,0.052,False
25.34,92.98,547.0,3.5,34.4,180.0,0.0,-1.0,34.4,31.0,34.5,1.175,0.052,False
25.34,92.99,570.0,3.5,34.5,180.0,0.0,-1.0,34.5,30.9,34.6,1.175,0.052,False
25.34,93.0,471.0,3.5,34.6,180.0,0.0,-1.0,34.6,30.8,34.6,1.176,0.0519,False
25.34,93.01,446.0,3.5,34.7,180.0,0.0,-1.0,34.7,30.7,34.7,1.176,0.0519,False
25.34,93.02,406.0,3.5,34.8,180.0,0.0,-1.0,34.8,30.5,34.7,1.176,0.0519,False
25.34,93.03,440.0,3.5,34.9,180.0,0.0,-1.0,34.9,30.3,34.8,1.176,0.0519,False
25.34,93.04,466.0,3.5,35.1,180.0,0.0,-1.0,35.1,30.1,34.8,1.176,0.0519,False
25.34,93.05,350.0,3.5,35.3,180.0,0.0,-1.0,35.3,29.8,34.8,1.175,0.052,False
25.34,93.06,252.0,3.5,35.6,180.0,0.0,-1.0,35.6,29.6,34.9,1.174,0.052,False
25.34,93.07,237.0,3.5,35.8,180.0,0.0,-1.0,35.8,29.3,34.9,1.172,0.0521,False
25.34,93.08,225.0,3.5,36.1,180.0,0.0,-1.0,36.1,29.0,34.9,1.17,0.0522,False
25.34,93.09,224.0,3.5,36.4,180.0,0.0,-1.0,36.4,28.8,34.8,1.168,0.0523,False
25.34,93.1,273.0,3.5,36.6,180.0,0.0,-1.0,36.6,28.6,34.8,1.166,0.0524,False
25.34,93.11,267.0,3.5,36.8,180.0,0.0,-1.0,36.8,28.4,34.8,1.164,0.0524,False
25.34,93.12,229.0,3.5,36.9,180.0,0.0,-1.0,36.9,28.3,34.8,1.163,0.0525,False
25.34,93.13,268.0,3.5,36.8,180.0,0.0,-1.0,36.8,28.4,34.8,1.164,0.0524,False
25.34,93.14,292.0,3.5,36.7,180.0,0.0,-1.0,36.7,28.5,34.9,1.167,0.0523,False
25.34,93.15,304.0,3.5,36.4,180.0,0.0,-1.0,36.4,28.6,34.9,1.17,0.0522,False
25.34,93.16,253.0,3.5,36.2,180.0,0.0,-1.0,36.2,28.7,35.0,1.173,0.052,False
25.34,93.17,275.0,3.5,36.1,180.0,0.0,-1.0,36.1,28.8,35.1,1.175,0.052,False
25.34,93.18,377.0,3.5,35.9,180.0,0.0,-1.0,35.9,29.0,35.1,1.177,0.0519,False
25.34,93.19,360.0,3.5,35.8,180.0,0.0,-1.0,35.8,29.1,35.2,1.179,0.0518,False
25.34,93.2,503.0,3.5,35.6,180.0,0.0,-1.0,35.6,29.2,35.2,1.18,0.0517,False
25.34,93.21,669.0,3.5,35.5,180.0,0.0,-1.0,35.5,29.3,35.2,1.181,0.0517,False
25.34,93.22,835.0,3.5,35.4,180.0,0.0,-1.0,35.4,29.4,35.2,1.182,0.0516,False
25.34,93.23,710.0,3.5,35.3,180.0,0.0,-1.0,35.3,29.5,35.2,1.183,0.0516,False
25.34,93.24,583.0,3.5,35.2,180.0,0.0,-1.0,35.2,29.6,35.2,1.184,0.0516,False
25.34,93.25,467.0,3.5,35.1,180.0,0.0,-1.0,35.1,29.7,35.3,1.185,0.0515,False
25.34,93.26,531.0,3.5,35.0,180.0,0.0,-1.0,35.0,29.8,35.3,1.186,0.0515,False
25.34,93.27,528.0,3.5,34.9,180.0,0.0,-1.0,34.9,29.8,35.3,1.186,0.0515,False
25.34,93.28,447.0,3.5,34.8,180.0,0.0,-1.0,34.8,29.9,35.3,1.187,0.0514,False
25.35,92.5,1048.0,3.5,32.8,180.0,0.0,-1.0,32.8,33.1,34.1,1.176,0.0519,False
25.35,92.51,1156.0,3.5,32.8,180.0,0.0,-1.0,32.8,33.1,34.1,1.176,0.0519,False
25.35,92.52,1121.0,3.5,32.8,180.0,0.0,-1.0,32.8,33.1,34.1,1.176,0.0519,False
25.35,92.53,1010.0,3.5,32.8,180.0,0.0,-1.0,32.8,33.1,34.1,1.176,0.0519,False
25.35,92.54,919.0,3.5,32.8,180.0,0.0,-1.0,32.8,33.1,34.1,1.176,0.0519,False
25.35,92.55,854.0,3.5,32.8,180.0,0.0,-1.0,32.8,33.2,34.1,1.176,0.0519,False
25.35,92.56,858.0,3.5,32.8,180.0,0.0,-1.0,32.8,33.2,34.1,1.176,0.0519,False
25.35,92.57,922.0,3.5,32.8,180.0,0.0,-1.0,32.8,33.2,34.1,1.176,0.0519,False
25.35,92.58,928.0,3.5,32.8,180.0,0.0,-1.0,32.8,33.2,34.0,1.176,0.0519,False
25.35,92.59,1104.0,3.5,32.8,180.0,0.0,-1.0,32.8,33.2,34.0,1.176,0.0519,False
25.35,92.6,920.0,3.5,32.8,180.0,0.0,-1.0,32.8,33.2,34.0,1.176,0.0519,False
25.35,92.61,957.0,3.5,32.8,180.0,0.0,-1.0,32.8,33.2,34.0,1.176,0.0519,False
25.35,92.62,1013.0,3.5,32.8,180.0,0.0,-1.0,32.8,33.2,34.0,1.176,0.0519,False
25.35,92.63,899.0,3.5,32.8,180.0,0.0,-1.0,32.8,33.2,34.0,1.176,0.0519,False
25.35,92.64,838.0,3.5,32.8,180.0,0.0,-1.0,32.8,33.2,34.0,1.176,0.0519,False
25.35,92.65,888.0,3.5,32.8,180.0,0.0,-1.0,32.8,33.2,34.0,1.176,0.0519,False
25.35,92.66,816.0,3.5,32.8,180.0,0.0,-1.0,32.8,33.2,34.0,1.176,0.0519,False
25.35,92.67,1046.0,3.5,32.8,180.0,0.0,-1.0,32.8,33.2,34.0,1.176,0.0519,False
25.35,92.68,1027.0,3.5,32.8,180.0,0.0,-1.0,32.8,33.2,34.0,1.176,0.0519,False
25.35,92.69,996.0,3.5,32.8,180.0,0.0,-1.0,32.8,33.2,33.9,1.176,0.0519,False
25.35,92.7,1001.0,3.5,32.8,180.0,0.0,-1.0,32.8,33.2,33.9,1.176,0.0519,False
25.35,92.71,935.0,3.5,32.9,180.0,0.0,-1.0,32.9,33.2,33.9,1.175,0.052,False
25.35,92.72,845.0,3.5,32.9,180.0,0.0,-1.0,32.9,33.2,33.9,1.175,0.052,False
25.35,92.73,1011.0,3.5,32.9,180.0,0.0,-1.0,32.9,33.2,33.9,1.175,0.052,False
25.35,92.74,927.0,3.5,33.0,180.0,0.0,-1.0,33.0,33.1,33.9,1.175,0.052,False
25.35,92.75,781.0,3.5,33.0,180.0,0.0,-1.0,33.0,33.1,33.9,1.174,0.052,False
25.35,92.76,995.0,3.5,33.0,180.0,0.0,-1.0,33.0,33.0,33.9,1.174,0.052,False
25.35,92.77,1028.0,3.5,33.1,180.0,0.0,-1.0,33.1,33.0,33.9,1.174,0.052,False
25.35,92.78,1002.0,3.5,33.1,180.0,0.0,-1.0,33.1,32.9,33.9,1.174,0.052,False
25.35,92.79,970.0,3.5,33.2,180.0,0.0,-1.0,33.2,32.8,34.0,1.174,0.052,False
25.35,92.8,1011.0,3.5,33.3,180.0,0.0,-1.0,33.3,32.7,34.0,1.173,0.052,False
25.35,92.81,1008.0,3.5,33.3,180.0,0.0,-1.0,33.3,32.6,34.0,1.173,0.052,False
25.35,92.82,942.0,3.5,33.4,180.0,0.0,-1.0,33.4,32.5,34.1,1.173,0.052,False
25.35,92.83,846.0,3.5,33.5,180.0,0.0,-1.0,33.5,32.4,34.1,1.173,0.052,False
25.35,92.84,877.0,3.5,33.5,180.0,0.0,-1.0,33.5,32.3,34.1,1.173,0.052,False
25.35,92.85,815.0,3.5,33.6,180.0,0.0,-1.0,33.6,32.2,34.2,1.173,0.052,False
25.35,92.86,691.0,3.5,33.7,180.0,0.0,-1.0,33.7,32.1,34.2,1.174,0.052,False
25.35,92.87,567.0,3.5,33.8,180.0,0.0,-1.0,33.8,32.0,34.2,1.174,0.052,False
25.35,92.88,688.0,3.5,33.9,180.0,0.0,-1.0,33.9,31.9,34.3,1.174,0.052,False
25.35,92.89,628.0,3.5,33.9,180.0,0.0,-1.0,33.9,31.7,34.3,1.174,0.052,False
25.35,92.9,617.0,3.5,34.0,180.0,0.0,-1.0,34.0,31.6,34.3,1.174,0.052,False
25.35,92.91,518.0,3.5,34.1,180.0,0.0,-1.0,34.1,31.6,34.3,1.174,0.052,False
25.35,92.92,493.0,3.5,34.2,180.0,0.0,-1.0,34.2,31.5,34.4,1.174,0.052,False
25.35,92.93,308.0,3.5,34.2,180.0,0.0,-1.0,34.2,31.4,34.4,1.174,0.052,False
25.35,92.94,457.0,3.5,34.3,180.0,0.0,-1.0,34.3,31.3,34.4,1.174,0.052,False
25.35,92.95,580.0,3.5,34.3,180.0,0.0,-1.0,34.3,31.3,34.4,1.174,0.052,False
25.35,92.96,551.0,3.5,34.3,180.0,0.0,-1.0,34.3,31.2,34.5,1.174,0.052,False
25.35,92.97,455.0,3.5,34.4,180.0,0.0,-1.0,34.4,31.1,34.5,1.175,0.052,False
25.35,92.98,583.0,3.5,34.4,180.0,0.0,-1.0,34.4,31.0,34.5,1.175,0.052,False
25.35,92.99,517.0,3.5,34.5,180.0,0.0,-1.0,34.5,30.9,34.6,1.176,0.0519,False
25.35,93.0,443.0,3.5,34.5,180.0,0.0,-1.0,34.5,30.8,34.6,1.176,0.0519,False
25.35,93.01,420.0,3.5,34.6,180.0,0.0,-1.0,34.6,30.7,34.7,1.177,0.0519,False
25.35,93.02,364.0,3.5,34.7,180.0,0.0,-1.0,34.7,30.5,34.7,1.177,0.0519,False
25.35,93.03,313.0,3.5,34.9,180.0,0.0,-1.0,34.9,30.3,34.8,1.177,0.0519,False
25.35,93.04,419.0,3.5,35.0,180.0,0.0,-1.0,35.0,30.1,34.8,1.177,0.0519,False
25.35,93.05,505.0,3.5,35.2,180.0,0.0,-1.0,35.2,29.9,34.9,1.176,0.0519,False
25.35,93.06,322.0,3.5,35.4,180.0,0.0,-1.0,35.4,29.7,34.9,1.175,0.052,False
25.35,93.07,288.0,3.5,35.7,180.0,0.0,-1.0,35.7,29.4,34.9,1.174,0.052,False
25.35,93.08,212.0,3.5,35.9,180.0,0.0,-1.0,35.9,29.2,34.9,1.172,0.0521,False
25.35,93.09,277.0,3.5,36.2,180.0,0.0,-1.0,36.2,28.9,34.9,1.17,0.0522,False
25.35,93.1,218.0,3.5,36.4,180.0,0.0,-1.0,36.4,28.7,34.9,1.168,0.0523,False
25.35,93.11,213.0,3.5,36.6,180.0,0.0,-1.0,36.6,28.6,34.8,1.167,0.0523,False
25.35,93.12,269.0,3.5,36.6,180.0,0.0,-1.0,36.6,28.5,34.8,1.166,0.0524,False
25.35,93.13,274.0,3.5,36.6,180.0,0.0,-1.0,36.6,28.6,34.9,1.167,0.0523,False
25.35,93.14,235.0,3.5,36.4,180.0,0.0,-1.0,36.4,28.6,34.9,1.169,0.0522,False
25.35,93.15,251.0,3.5,36.3,180.0,0.0,-1.0,36.3,28.7,35.0,1.172,0.0521,False
25.35,93.16,266.0,3.5,36.1,180.0,0.0,-1.0,36.1,28.9,35.0,1.174,0.052,False
25.35,93.17,266.0,3.5,35.9,180.0,0.0,-1.0,35.9,29.0,35.1,1.176,0.0519,False
25.35,93.18,341.0,3.5,35.8,180.0,0.0,-1.0,35.8,29.1,35.1,1.178,0.0518,False
25.35,93.19,419.0,3.5,35.6,180.0,0.0,-1.0,35.6,29.2,35.2,1.18,0.0517,False
25.35,93.2,585.0,3.5,35.5,180.0,0.0,-1.0,35.5,29.3,35.2,1.181,0.0517,False
25.35,93.21,721.0,3.5,35.4,180.0,0.0,-1.0,35.4,29.4,35.2,1.182,0.0516,False
25.35,93.22,560.0,3.5,35.3,180.0,0.0,-1.0,35.3,29.5,35.3,1.184,0.0516,False
25.35,93.23,491.0,3.5,35.2,180.0,0.0,-1.0,35.2,29.6,35.3,1.185,0.0515,False
25.35,93.24,483.0,3.5,35.1,180.0,0.0,-1.0,35.1,29.6,35.3,1.185,0.0515,False
25.35,93.25,464.0,3.5,35.0,180.0,0.0,-1.0,35.0,29.7,35.3,1.186,0.0515,False
25.35,93.26,489.0,3.5,34.9,180.0,0.0,-1.0,34.9,29.8,35.3,1.187,0.0514,False
25.35,93.27,488.0,3.5,34.8,180.0,0.0,-1.0,34.8,29.9,35.3,1.188,0.0514,False
25.35,93.28,399.0,3.5,34.8,180.0,0.0,-1.0,34.8,29.9,35.3,1.188,0.0514,False
25.35,93.29,354.0,3.5,34.7,180.0,0.0,-1.0,34.7,30.0,35.3,1.188,0.0514,False
25.36,92.51,1007.0,3.5,32.8,180.0,0.0,-1.0,32.8,33.1,34.2,1.177,0.0519,False
25.36,92.52,1080.0,3.5,32.8,180.0,0.0,-1.0,32.8,33.1,34.1,1.177,0.0519,False
25.36,92.53,936.0,3.5,32.8,180.0,0.0,-1.0,32.8,33.1,34.1,1.177,0.0519,False
25.36,92.54,940.0,3.5,32.7,180.0,0.0,-1.0,32.7,33.1,34.1,1.177,0.0519,False
25.36,92.55,905.0,3.5,32.7,180.0,0.0,-1.0,32.7,33.1,34.1,1.177,0.0519,False
25.36,92.56,852.0,3.5,32.7,180.0,0.0,-1.0,32.7,33.1,34.1,1.177,0.0519,False
25.36,92.57,926.0,3.5,32.7,180.0,0.0,-1.0,32.7,33.1,34.1,1.178,0.0518,False
25.36,92.58,1113.0,3.5,32.7,180.0,0.0,-1.0,32.7,33.2,34.1,1.178,0.0518,False
25.36,92.59,970.0,3.5,32.7,180.0,0.0,-1.0,32.7,33.2,34.1,1.178,0.0518,False
25.36,92.6,863.0,3.5,32.7,180.0,0.0,-1.0,32.7,33.2,34.1,1.178,0.0518,False
25.36,92.61,988.0,3.5,32.7,180.0,0.0,-1.0,32.7,33.2,34.1,1.178,0.0518,False
25.36,92.62,1046.0,3.5,32.7,180.0,0.0,-1.0,32.7,33.2,34.1,1.178,0.0518,False
25.36,92.63,868.0,3.5,32.7,180.0,0.0,-1.0,32.7,33.2,34.1,1.178,0.0518,False
25.36,92.64,825.0,3.5,32.7,180.0,0.0,-1.0,32.7,33.2,34.1,1.178,0.0518,False
25.36,92.65,819.0,3.5,32.7,180.0,0.0,-1.0,32.7,33.2,34.1,1.179,0.0518,False
25.36,92.66,802.0,3.5,32.7,180.0,0.0,-1.0,32.7,33.2,34.1,1.179,0.0518,False
25.36,92.67,849.0,3.5,32.7,180.0,0.0,-1.0,32.7,33.2,34.1,1.179,0.0518,False
25.36,92.68,1010.0,3.5,32.7,180.0,0.0,-1.0,32.7,33.2,34.1,1.179,0.0518,False
25.36,92.69,1011.0,3.5,32.7,180.0,0.0,-1.0,32.7,33.2,34.1,1.178,0.0518,False
25.36,92.7,995.0,3.5,32.8,180.0,0.0,-1.0,32.8,33.2,34.1,1.178,0.0518,False
25.36,92.71,910.0,3.5,32.8,180.0,0.0,-1.0,32.8,33.2,34.1,1.178,0.0518,False
25.36,92.72,811.0,3.5,32.8,180.0,0.0,-1.0,32.8,33.1,34.1,1.178,0.0518,False
25.36,92.73,960.0,3.5,32.8,180.0,0.0,-1.0,32.8,33.1,34.1,1.177,0.0519,False
25.36,92.74,736.0,3.5,32.9,180.0,0.0,-1.0,32.9,33.1,34.1,1.177,0.0519,False
25.36,92.75,843.0,3.5,32.9,180.0,0.0,-1.0,32.9,33.0,34.1,1.177,0.0519,False
25.36,92.76,964.0,3.5,33.0,180.0,0.0,-1.0,33.0,33.0,34.1,1.176,0.0519,False
25.36,92.77,995.0,3.5,33.0,180.0,0.0,-1.0,33.0,32.9,34.1,1.176,0.0519,False
25.36,92.78,1014.0,3.5,33.1,180.0,0.0,-1.0,33.1,32.8,34.1,1.176,0.0519,False
25.36,92.79,965.0,3.5,33.2,180.0,0.0,-1.0,33.2,32.8,34.1,1.176,0.0519,False
25.36,92.8,979.0,3.5,33.2,180.0,0.0,-1.0,33.2,32.7,34.1,1.175,0.052,False
25.36,92.81,1023.0,3.5,33.3,180.0,0.0,-1.0,33.3,32.6,34.1,1.175,0.052,False
25.36,92.82,1000.0,3.5,33.4,180.0,0.0,-1.0,33.4,32.5,34.1,1.175,0.052,False
25.36,92.83,970.0,3.5,33.4,180.0,0.0,-1.0,33.4,32.4,34.2,1.175,0.052,False
25.36,92.84,911.0,3.5,33.5,180.0,0.0,-1.0,33.5,32.3,34.2,1.175,0.052,False
25.36,92.85,812.0,3.5,33.6,180.0,0.0,-1.0,33.6,32.1,34.2,1.175,0.052,False
25.36,92.86,753.0,3.5,33.7,180.0,0.0,-1.0,33.7,32.0,34.3,1.175,0.052,False
25.36,92.87,700.0,3.5,33.8,180.0,0.0,-1.0,33.8,31.9,34.3,1.174,0.052,False
25.36,92.88,693.0,3.5,33.9,180.0,0.0,-1.0,33.9,31.8,34.3,1.174,0.052,False
25.36,92.89,563.0,3.5,34.0,180.0,0.0,-1.0,34.0,31.7,34.3,1.174,0.052,False
25.36,92.9,529.0,3.5,34.1,180.0,0.0,-1.0,34.1,31.6,34.4,1.174,0.052,False
25.36,92.91,411.0,3.5,34.1,180.0,0.0,-1.0,34.1,31.5,34.4,1.174,0.052,False
25.36,92.92,416.0,3.5,34.2,180.0,0.0,-1.0,34.2,31.4,34.4,1.174,0.052,False
25.36,92.93,280.0,3.5,34.3,180.0,0.0,-1.0,34.3,31.4,34.4,1.174,0.052,False
25.36,92.94,482.0,3.5,34.3,180.0,0.0,-1.0,34.3,31.3,34.4,1.174,0.052,False
25.36,92.95,494.0,3.5,34.3,180.0,0.0,-1.0,34.3,31.3,34.4,1.174,0.052,False
25.36,92.96,552.0,3.5,34.4,180.0,0.0,-1.0,34.4,31.2,34.4,1.174,0.052,False
25.36,92.97,550.0,3.5,34.4,180.0,0.0,-1.0,34.4,31.1,34.5,1.175,0.052,False
25.36,92.98,501.0,3.5,34.4,180.0,0.0,-1.0,34.4,31.1,34.5,1.175,0.052,False
25.36,92.99,374.0,3.5,34.4,180.0,0.0,-1.0,34.4,31.0,34.6,1.176,0.0519,False
25.36,93.0,366.0,3.5,34.5,180.0,0.0,-1.0,34.5,30.9,34.6,1.177,0.0519,False
25.36,93.01,302.0,3.5,34.6,180.0,0.0,-1.0,34.6,30.7,34.7,1.177,0.0519,False
25.36,93.02,285.0,3.5,34.7,180.0,0.0,-1.0,34.7,30.6,34.8,1.178,0.0518,False
25.36,93.03,341.0,3.5,34.8,180.0,0.0,-1.0,34.8,30.4,34.8,1.178,0.0518,False
25.36,93.04,329.0,3.5,34.9,180.0,0.0,-1.0,34.9,30.2,34.9,1.178,0.0518,False
25.36,93.05,283.0,3.5,35.1,180.0,0.0,-1.0,35.1,30.0,34.9,1.178,0.0518,False
25.36,93.06,309.0,21.8,35.3,312.1,-0.742,0.6704,35.3,29.8,34.9,1.177,0.3155,False
25.36,93.07,236.0,28.3,35.5,270.0,-1.0,-0.0,35.5,29.6,35.0,1.176,0.4031,False
25.36,93.08,284.0,21.8,35.7,227.9,-0.742,-0.6704,35.7,29.3,35.0,1.175,0.3161,False
25.36,93.09,199.0,26.8,35.9,270.0,-1.0,-0.0,35.9,29.1,34.9,1.173,0.3844,False
25.36,93.1,258.0,20.5,36.1,227.9,-0.742,-0.6704,36.1,28.9,34.9,1.171,0.2991,False
25.36,93.11,341.0,24.8,36.3,312.1,-0.742,0.6704,36.3,28.8,34.9,1.17,0.3585,False
25.36,93.12,322.0,31.9,36.3,270.0,-1.0,-0.0,36.3,28.8,34.9,1.17,0.4517,False
25.36,93.13,234.0,24.8,36.3,227.9,-0.742,-0.6704,36.3,28.8,34.9,1.171,0.3582,False
25.36,93.14,253.0,24.1,36.2,270.0,-1.0,-0.0,36.2,28.8,35.0,1.172,0.3484,False
25.36,93.15,243.0,25.7,36.0,270.0,-1.0,-0.0,36.0,28.9,35.0,1.174,0.3694,False
25.36,93.16,295.0,25.2,35.9,270.0,-1.0,-0.0,35.9,29.0,35.1,1.176,0.3621,False
25.36,93.17,294.0,23.7,35.7,270.0,-1.0,-0.0,35.7,29.1,35.1,1.178,0.3412,False
25.36,93.18,360.0,25.6,35.6,270.0,-1.0,-0.0,35.6,29.2,35.2,1.18,0.3662,False
25.36,93.19,637.0,19.6,35.5,227.9,-0.742,-0.6704,35.5,29.3,35.2,1.182,0.2838,False
25.36,93.2,649.0,16.5,35.4,90.0,1.0,0.0,35.4,29.4,35.3,1.183,0.2401,False
25.36,93.21,643.0,12.4,35.2,47.9,0.742,0.6704,35.2,29.5,35.3,1.184,0.1814,False
25.36,93.22,488.0,7.5,35.1,312.1,-0.742,0.6704,35.1,29.6,35.3,1.185,0.1101,False
25.36,93.23,551.0,14.7,35.0,312.1,-0.742,0.6704,35.0,29.6,35.3,1.186,0.214,False
25.36,93.24,433.0,19.5,35.0,270.0,-1.0,-0.0,35.0,29.7,35.3,1.187,0.2812,False
25.36,93.25,478.0,16.8,34.9,270.0,-1.0,-0.0,34.9,29.8,35.3,1.188,0.2433,False
25.36,93.26,393.0,17.6,34.8,270.0,-1.0,-0.0,34.8,29.9,35.3,1.188,0.2545,False
25.36,93.27,385.0,17.9,34.7,270.0,-1.0,-0.0,34.7,29.9,35.3,1.189,0.2585,False
25.36,93.28,337.0,21.1,34.7,270.0,-1.0,-0.0,34.7,30.0,35.3,1.189,0.3028,False
25.36,93.29,313.0,22.1,34.6,270.0,-1.0,-0.0,34.6,30.0,35.3,1.19,0.3162,False
25.37,92.51,942.0,40.7,32.7,90.0,1.0,0.0,32.7,33.1,34.2,1.178,0.5536,False
25.37,92.52,988.0,38.8,32.7,90.0,1.0,0.0,32.7,33.1,34.2,1.178,0.5319,False
25.37,92.53,1047.0,35.1,32.7,90.0,1.0,0.0,32.7,33.1,34.2,1.178,0.4881,False
25.37,92.54,1028.0,35.3,32.7,90.0,1.0,0.0,32.7,33.1,34.2,1.178,0.4905,False
25.37,92.55,1010.0,35.0,32.7,90.0,1.0,0.0,32.7,33.1,34.2,1.179,0.4865,False
25.37,92.56,851.0,34.3,32.7,90.0,1.0,0.0,32.7,33.1,34.2,1.179,0.478,False
25.37,92.57,1019.0,32.5,32.7,90.0,1.0,0.0,32.7,33.1,34.2,1.179,0.4557,False
25.37,92.58,948.0,32.5,32.7,90.0,1.0,0.0,32.7,33.1,34.2,1.179,0.4557,False
25.37,92.59,860.0,41.3,32.7,132.1,0.742,-0.6704,32.7,33.1,34.2,1.179,0.5598,False
25.37,92.6,966.0,49.8,32.6,90.0,1.0,0.0,32.6,33.2,34.2,1.18,0.6473,False
25.37,92.61,944.0,42.7,32.6,90.0,1.0,0.0,32.6,33.2,34.2,1.18,0.5747,False
25.37,92.62,1019.0,34.4,32.6,47.9,0.742,0.6704,32.6,33.2,34.2,1.18,0.4788,False
25.37,92.63,915.0,31.6,32.6,90.0,1.0,0.0,32.6,33.2,34.2,1.18,0.4441,False
25.37,92.64,847.0,37.1,32.6,90.0,1.0,0.0,32.6,33.2,34.2,1.181,0.5108,False
25.37,92.65,839.0,43.9,32.6,90.0,1.0,0.0,32.6,33.2,34.2,1.181,0.5871,False
25.37,92.66,824.0,35.6,32.6,90.0,1.0,0.0,32.6,33.2,34.2,1.181,0.4929,False
25.37,92.67,765.0,29.7,32.6,90.0,1.0,0.0,32.6,33.2,34.2,1.181,0.4195,False
25.37,92.68,892.0,25.9,32.6,90.0,1.0,0.0,32.6,33.2,34.2,1.181,0.3699,False
25.37,92.69,910.0,31.5,32.6,90.0,1.0,0.0,32.6,33.1,34.2,1.181,0.4424,False
25.37,92.7,949.0,26.6,32.7,90.0,1.0,0.0,32.7,33.1,34.2,1.181,0.3791,False
25.37,92.71,839.0,26.4,32.7,90.0,1.0,0.0,32.7,33.1,34.2,1.181,0.3765,False
25.37,92.72,848.0,28.6,32.7,90.0,1.0,0.0,32.7,33.1,34.2,1.181,0.4053,False
25.37,92.73,796.0,23.6,32.7,90.0,1.0,0.0,32.7,33.1,34.2,1.18,0.3393,False
25.37,92.74,842.0,29.4,32.8,90.0,1.0,0.0,32.8,33.0,34.2,1.18,0.416,False
25.37,92.75,903.0,28.2,32.8,90.0,1.0,0.0,32.8,33.0,34.2,1.179,0.4008,False
25.37,92.76,957.0,32.6,32.9,132.1,0.742,-0.6704,32.9,32.9,34.2,1.179,0.457,False
25.37,92.77,530.0,40.8,33.0,90.0,1.0,0.0,33.0,32.9,34.2,1.178,0.5547,False
25.37,92.78,530.0,43.6,33.0,90.0,1.0,0.0,33.0,32.8,34.2,1.178,0.5854,False
25.37,92.79,530.0,42.7,33.1,90.0,1.0,0.0,33.1,32.7,34.2,1.178,0.5757,False
25.37,92.8,530.0,40.4,33.2,90.0,1.0,0.0,33.2,32.6,34.2,1.177,0.5507,False
25.37,92.81,530.0,39.4,33.3,90.0,1.0,0.0,33.3,32.5,34.2,1.177,0.5393,False
25.37,92.82,530.0,39.6,33.3,90.0,1.0,0.0,33.3,32.4,34.2,1.176,0.542,False
25.37,92.83,530.0,31.5,33.4,47.9,0.742,0.6704,33.4,32.3,34.3,1.176,0.4443,False
25.37,92.84,530.0,23.4,33.5,47.9,0.742,0.6704,33.5,32.2,34.3,1.176,0.3377,False
25.37,92.85,530.0,11.5,33.6,90.0,1.0,0.0,33.6,32.1,34.3,1.176,0.1695,False
25.37,92.86,530.0,8.9,33.7,312.1,-0.742,0.6704,33.7,32.0,34.3,1.175,0.1317,False
25.37,92.87,530.0,12.0,33.8,270.0,-1.0,-0.0,33.8,31.9,34.3,1.175,0.1769,False
25.37,92.88,530.0,8.9,33.9,227.9,-0.742,-0.6704,33.9,31.7,34.4,1.175,0.1317,False
25.37,92.89,530.0,10.3,34.0,270.0,-1.0,-0.0,34.0,31.6,34.4,1.175,0.1522,False
25.37,92.9,530.0,10.8,34.1,270.0,-1.0,-0.0,34.1,31.5,34.4,1.174,0.1596,False
25.37,92.91,530.0,8.0,34.2,227.9,-0.742,-0.6704,34.2,31.5,34.4,1.174,0.1185,False
25.37,92.92,530.0,8.4,34.2,312.1,-0.742,0.6704,34.2,31.4,34.4,1.174,0.1244,False
25.37,92.93,530.0,21.9,34.3,312.1,-0.742,0.6704,34.3,31.3,34.4,1.173,0.318,False
25.37,92.94,530.0,28.4,34.3,270.0,-1.0,-0.0,34.3,31.3,34.4,1.173,0.4055,False
25.37,92.95,530.0,21.9,34.4,227.9,-0.742,-0.6704,34.4,31.3,34.4,1.173,0.318,False
25.37,92.96,530.0,19.7,34.4,270.0,-1.0,-0.0,34.4,31.2,34.4,1.174,0.2871,False
25.37,92.97,530.0,15.2,34.4,270.0,-1.0,-0.0,34.4,31.2,34.4,1.174,0.2233,False
25.37,92.98,530.0,19.3,34.4,312.1,-0.742,0.6704,34.4,31.1,34.5,1.175,0.2813,False
25.37,92.99,530.0,25.3,34.4,270.0,-1.0,-0.0,34.4,31.0,34.6,1.176,0.3634,False
25.37,93.0,530.0,19.3,34.5,227.9,-0.742,-0.6704,34.5,30.9,34.6,1.177,0.2808,False
25.37,93.01,530.0,20.2,34.5,312.1,-0.742,0.6704,34.5,30.8,34.7,1.178,0.2931,False
25.37,93.02,530.0,26.4,34.6,270.0,-1.0,-0.0,34.6,30.6,34.8,1.179,0.3771,False
25.37,93.03,530.0,30.2,34.7,270.0,-1.0,-0.0,34.7,30.5,34.8,1.179,0.4266,False
25.37,93.04,530.0,36.0,34.8,270.0,-1.0,-0.0,34.8,30.3,34.9,1.18,0.4981,False
25.37,93.05,530.0,28.3,34.9,227.9,-0.742,-0.6704,34.9,30.1,35.0,1.179,0.4021,False
25.37,93.06,530.0,30.8,35.1,0.0,0.0,1.0,35.1,29.9,35.0,1.179,0.4343,False
25.37,93.07,258.0,30.8,35.3,0.0,0.0,1.0,35.3,29.7,35.0,1.178,0.4347,False
25.37,93.08,390.0,16.1,35.5,180.0,0.0,-1.0,35.5,29.5,35.0,1.177,0.2356,False
25.37,93.09,275.0,26.8,35.6,270.0,-1.0,-0.0,35.6,29.3,35.0,1.176,0.3834,False
25.37,93.1,381.0,16.5,35.8,270.0,-1.0,-0.0,35.8,29.2,35.0,1.175,0.2417,False
25.37,93.11,323.0,22.3,35.9,270.0,-1.0,-0.0,35.9,29.1,35.0,1.174,0.3232,False
25.37,93.12,216.0,31.9,35.9,270.0,-1.0,-0.0,35.9,29.0,35.0,1.174,0.4501,False
25.37,93.13,338.0,20.8,35.9,270.0,-1.0,-0.0,35.9,29.0,35.1,1.175,0.3022,False
25.37,93.14,304.0,24.1,35.9,270.0,-1.0,-0.0,35.9,29.1,35.1,1.176,0.3472,False
25.37,93.15,287.0,25.7,35.7,270.0,-1.0,-0.0,35.7,29.1,35.1,1.178,0.3681,False
25.37,93.16,293.0,25.2,35.6,270.0,-1.0,-0.0,35.6,29.2,35.2,1.179,0.3611,False
25.37,93.17,309.0,23.7,35.5,270.0,-1.0,-0.0,35.5,29.3,35.2,1.181,0.3403,False
25.37,93.18,288.0,30.0,35.4,180.0,0.0,-1.0,35.4,29.4,35.3,1.183,0.4227,False
25.37,93.19,551.0,30.0,35.3,180.0,0.0,-1.0,35.3,29.4,35.3,1.184,0.4223,False
25.37,93.2,679.0,20.5,35.2,312.1,-0.742,0.6704,35.2,29.5,35.3,1.185,0.2955,False
25.37,93.21,577.0,16.8,35.1,270.0,-1.0,-0.0,35.1,29.6,35.3,1.186,0.2437,False
25.37,93.22,484.0,11.5,35.0,0.0,0.0,1.0,35.0,29.7,35.3,1.187,0.168,False
25.37,93.23,440.0,11.0,34.9,0.0,0.0,1.0,34.9,29.7,35.4,1.188,0.1606,False
25.37,93.24,351.0,19.5,34.8,270.0,-1.0,-0.0,34.8,29.8,35.4,1.189,0.2807,False
25.37,93.25,378.0,16.8,34.8,270.0,-1.0,-0.0,34.8,29.9,35.4,1.189,0.2431,False
25.37,93.26,370.0,17.6,34.7,270.0,-1.0,-0.0,34.7,29.9,35.4,1.19,0.2541,False
25.37,93.27,367.0,17.9,34.6,270.0,-1.0,-0.0,34.6,30.0,35.4,1.19,0.2583,False
25.37,93.28,335.0,21.1,34.6,270.0,-1.0,-0.0,34.6,30.0,35.4,1.19,0.3025,False
25.37,93.29,325.0,22.1,34.6,270.0,-1.0,-0.0,34.6,30.1,35.4,1.191,0.3159,False
25.38,92.51,964.0,40.7,32.7,90.0,1.0,0.0,32.7,33.0,34.2,1.179,0.5531,False
25.38,92.52,936.0,38.8,32.7,90.0,1.0,0.0,32.7,33.0,34.2,1.179,0.5315,False
25.38,92.53,884.0,35.1,32.7,90.0,1.0,0.0,32.7,33.1,34.2,1.179,0.4877,False
25.38,92.54,887.0,35.3,32.7,90.0,1.0,0.0,32.7,33.1,34.3,1.18,0.4897,False
25.38,92.55,883.0,35.0,32.7,90.0,1.0,0.0,32.7,33.1,34.3,1.18,0.4861,False
25.38,92.56,874.0,34.3,32.6,90.0,1.0,0.0,32.6,33.1,34.3,1.18,0.4776,False
25.38,92.57,851.0,32.5,32.6,90.0,1.0,0.0,32.6,33.1,34.3,1.18,0.4553,False
25.38,92.58,852.0,32.5,32.6,90.0,1.0,0.0,32.6,33.1,34.3,1.181,0.455,False
25.38,92.59,960.0,40.4,32.6,90.0,1.0,0.0,32.6,33.1,34.3,1.181,0.5488,False
25.38,92.6,1127.0,49.8,32.6,90.0,1.0,0.0,32.6,33.1,34.3,1.181,0.6467,False
25.38,92.61,996.0,42.7,32.6,90.0,1.0,0.0,32.6,33.1,34.3,1.182,0.5737,False
25.38,92.62,846.0,32.1,32.6,90.0,1.0,0.0,32.6,33.1,34.3,1.182,0.4496,False
25.38,92.63,841.0,31.6,32.5,90.0,1.0,0.0,32.5,33.1,34.3,1.182,0.4433,False
25.38,92.64,911.0,37.1,32.5,90.0,1.0,0.0,32.5,33.1,34.3,1.183,0.5099,False
25.38,92.65,1016.0,43.9,32.5,90.0,1.0,0.0,32.5,33.1,34.3,1.183,0.5861,False
25.38,92.66,891.0,35.6,32.5,90.0,1.0,0.0,32.5,33.1,34.3,1.183,0.4921,False
25.38,92.67,818.0,29.7,32.5,90.0,1.0,0.0,32.5,33.1,34.3,1.184,0.4185,False
25.38,92.68,775.0,25.9,32.5,90.0,1.0,0.0,32.5,33.1,34.4,1.184,0.3689,False
25.38,92.69,839.0,31.5,32.5,90.0,1.0,0.0,32.5,33.1,34.4,1.184,0.4413,False
25.38,92.7,783.0,26.6,32.5,90.0,1.0,0.0,32.5,33.1,34.4,1.184,0.3782,False
25.38,92.71,780.0,26.4,32.6,90.0,1.0,0.0,32.6,33.1,34.4,1.184,0.3755,False
25.38,92.72,805.0,28.6,32.6,90.0,1.0,0.0,32.6,33.1,34.4,1.183,0.4046,False
25.38,92.73,750.0,23.6,32.6,90.0,1.0,0.0,32.6,33.0,34.3,1.183,0.3384,False
25.38,92.74,814.0,29.4,32.7,90.0,1.0,0.0,32.7,33.0,34.3,1.183,0.415,False
25.38,92.75,800.0,28.2,32.7,90.0,1.0,0.0,32.7,32.9,34.3,1.182,0.3998,False
25.38,92.76,830.0,30.7,32.8,90.0,1.0,0.0,32.8,32.9,34.3,1.181,0.4323,False
25.38,92.77,966.0,40.8,32.9,90.0,1.0,0.0,32.9,32.8,34.3,1.181,0.5533,False
25.38,92.78,1011.0,43.6,32.9,90.0,1.0,0.0,32.9,32.7,34.3,1.18,0.5844,False
25.38,92.79,996.0,42.7,33.0,90.0,1.0,0.0,33.0,32.7,34.3,1.18,0.5747,False
25.38,92.8,959.0,40.4,33.1,90.0,1.0,0.0,33.1,32.6,34.3,1.179,0.5497,False
25.38,92.81,944.0,39.4,33.2,90.0,1.0,0.0,33.2,32.5,34.3,1.179,0.5384,False
25.38,92.82,947.0,39.6,33.3,90.0,1.0,0.0,33.3,32.4,34.3,1.178,0.5411,False
25.38,92.83,825.0,30.3,33.4,90.0,1.0,0.0,33.4,32.3,34.3,1.178,0.4283,False
25.38,92.84,631.0,23.0,33.5,0.0,0.0,1.0,33.5,32.2,34.3,1.177,0.332,False
25.38,92.85,633.0,19.8,33.6,0.0,0.0,1.0,33.6,32.0,34.4,1.177,0.2878,False
25.38,92.86,469.0,19.8,33.7,0.0,0.0,1.0,33.7,31.9,34.4,1.176,0.288,False
25.38,92.87,423.0,21.7,33.8,90.0,1.0,0.0,33.8,31.8,34.4,1.176,0.3144,False
25.38,92.88,507.0,10.4,33.9,180.0,0.0,-1.0,33.9,31.7,34.4,1.175,0.1536,False
25.38,92.89,438.0,12.7,34.0,132.1,0.742,-0.6704,34.0,31.6,34.4,1.175,0.1871,False
25.38,92.9,434.0,17.3,34.1,90.0,1.0,0.0,34.1,31.5,34.4,1.174,0.2533,False
25.38,92.91,503.0,8.6,34.2,180.0,0.0,-1.0,34.2,31.4,34.4,1.174,0.1274,False
25.38,92.92,547.0,14.5,34.3,0.0,0.0,1.0,34.3,31.4,34.4,1.173,0.2135,False
25.38,92.93,429.0,20.7,34.3,0.0,0.0,1.0,34.3,31.3,34.3,1.173,0.3013,False
25.38,92.94,257.0,28.4,34.4,270.0,-1.0,-0.0,34.4,31.3,34.3,1.173,0.4055,False
25.38,92.95,471.0,25.1,34.4,180.0,0.0,-1.0,34.4,31.2,34.3,1.173,0.3616,False
25.38,92.96,349.0,19.7,34.4,270.0,-1.0,-0.0,34.4,31.2,34.4,1.173,0.2874,False
25.38,92.97,393.0,15.2,34.4,270.0,-1.0,-0.0,34.4,31.2,34.4,1.174,0.2233,False
25.38,92.98,443.0,18.3,34.4,0.0,0.0,1.0,34.4,31.1,34.5,1.175,0.2672,False
25.38,92.99,292.0,25.3,34.4,270.0,-1.0,-0.0,34.4,31.1,34.5,1.176,0.3634,False
25.38,93.0,435.0,17.4,34.4,180.0,0.0,-1.0,34.4,31.0,34.6,1.177,0.2541,False
25.38,93.01,386.0,15.9,34.5,270.0,-1.0,-0.0,34.5,30.8,34.7,1.178,0.2326,False
25.38,93.02,279.0,26.4,34.5,270.0,-1.0,-0.0,34.5,30.7,34.8,1.179,0.3771,False
25.38,93.03,236.0,30.2,34.6,270.0,-1.0,-0.0,34.6,30.6,34.9,1.18,0.4263,False
25.38,93.04,163.0,36.0,34.7,270.0,-1.0,-0.0,34.7,30.4,34.9,1.181,0.4977,False
25.38,93.05,335.0,21.1,34.8,270.0,-1.0,-0.0,34.8,30.2,35.0,1.181,0.3048,False
25.38,93.06,363.0,18.3,34.9,270.0,-1.0,-0.0,34.9,30.0,35.1,1.181,0.2659,False
25.38,93.07,411.0,16.9,35.0,90.0,1.0,0.0,35.0,29.9,35.1,1.181,0.2461,False
25.38,93.08,277.0,18.8,35.2,180.0,0.0,-1.0,35.2,29.7,35.1,1.181,0.2729,False
25.38,93.09,432.0,18.8,35.3,180.0,0.0,-1.0,35.3,29.6,35.1,1.18,0.2731,False
25.38,93.1,359.0,11.8,35.4,0.0,0.0,1.0,35.4,29.4,35.1,1.179,0.1734,False
25.38,93.11,264.0,11.8,35.5,0.0,0.0,1.0,35.5,29.3,35.1,1.179,0.1734,False
25.38,93.12,320.0,11.6,35.6,90.0,1.0,0.0,35.6,29.3,35.2,1.179,0.1705,False
25.38,93.13,282.0,7.7,35.5,132.1,0.742,-0.6704,35.5,29.3,35.2,1.18,0.1135,False
25.38,93.14,316.0,6.6,35.5,90.0,1.0,0.0,35.5,29.3,35.2,1.181,0.0973,False
25.38,93.15,306.0,5.7,35.4,47.9,0.742,0.6704,35.4,29.3,35.2,1.182,0.084,False
25.38,93.16,349.0,8.5,35.3,0.0,0.0,1.0,35.3,29.4,35.3,1.183,0.1249,False
25.38,93.17,281.0,8.5,35.2,0.0,0.0,1.0,35.2,29.5,35.3,1.185,0.1247,False
25.38,93.18,299.0,20.3,35.1,227.9,-0.742,-0.6704,35.1,29.5,35.3,1.186,0.2925,False
25.38,93.19,443.0,24.9,35.0,180.0,0.0,-1.0,35.0,29.6,35.4,1.187,0.3547,False
25.38,93.2,655.0,29.1,35.0,227.9,-0.742,-0.6704,35.0,29.7,35.4,1.188,0.4094,False
25.38,93.21,425.0,26.7,34.9,0.0,0.0,1.0,34.9,29.7,35.4,1.189,0.3779,False
25.38,93.22,520.0,11.8,34.8,180.0,0.0,-1.0,34.8,29.8,35.4,1.189,0.172,False
25.38,93.23,517.0,22.1,34.8,0.0,0.0,1.0,34.8,29.8,35.4,1.19,0.3162,False
25.38,93.24,332.0,22.1,34.7,0.0,0.0,1.0,34.7,29.9,35.4,1.19,0.3162,False
25.38,93.25,369.0,12.7,34.6,47.9,0.742,0.6704,34.6,29.9,35.4,1.191,0.1846,False
25.38,93.26,345.0,5.1,34.6,270.0,-1.0,-0.0,34.6,30.0,35.4,1.191,0.0746,False
25.38,93.27,309.0,6.6,34.6,270.0,-1.0,-0.0,34.6,30.0,35.4,1.192,0.0964,False
25.38,93.28,351.0,6.3,34.5,0.0,0.0,1.0,34.5,30.1,35.4,1.192,0.0921,False
25.38,93.29,301.0,6.3,34.5,0.0,0.0,1.0,34.5,30.1,35.4,1.192,0.0921,False
25.38,93.3,292.0,4.2,34.4,90.0,1.0,0.0,34.4,30.2,35.4,1.192,0.0614,False
25.39,92.52,938.0,5.1,32.7,0.0,0.0,1.0,32.7,33.0,34.3,1.18,0.0753,False
25.39,92.53,897.0,5.1,32.7,0.0,0.0,1.0,32.7,33.0,34.3,1.18,0.0753,False
25.39,92.54,873.0,5.1,32.6,47.9,0.742,0.6704,32.6,33.1,34.3,1.181,0.0753,False
25.39,92.55,874.0,5.5,32.6,132.1,0.742,-0.6704,32.6,33.1,34.3,1.181,0.0812,False
25.39,92.56,853.0,11.4,32.6,180.0,0.0,-1.0,32.6,33.1,34.3,1.181,0.1674,False
25.39,92.57,945.0,11.4,32.6,180.0,0.0,-1.0,32.6,33.1,34.3,1.182,0.1672,False
25.39,92.58,858.0,19.2,32.6,180.0,0.0,-1.0,32.6,33.1,34.3,1.182,0.2782,False
25.39,92.59,1017.0,19.2,32.5,180.0,0.0,-1.0,32.5,33.1,34.4,1.183,0.278,False
25.39,92.6,1121.0,23.5,32.5,270.0,-1.0,-0.0,32.5,33.1,34.4,1.183,0.3371,False
25.39,92.61,980.0,17.2,32.5,0.0,0.0,1.0,32.5,33.1,34.4,1.184,0.2498,False
25.39,92.62,844.0,16.6,32.5,0.0,0.0,1.0,32.5,33.1,34.4,1.184,0.2413,False
25.39,92.63,778.0,11.1,32.5,227.9,-0.742,-0.6704,32.5,33.1,34.4,1.185,0.1625,False
25.39,92.64,793.0,18.1,32.4,227.9,-0.742,-0.6704,32.4,33.1,34.4,1.185,0.2622,False
25.39,92.65,874.0,15.7,32.4,270.0,-1.0,-0.0,32.4,33.1,34.4,1.186,0.2282,False
25.39,92.66,903.0,18.3,32.4,270.0,-1.0,-0.0,32.4,33.1,34.5,1.186,0.2647,False
25.39,92.67,877.0,14.7,32.4,0.0,0.0,1.0,32.4,33.1,34.5,1.186,0.214,False
25.39,92.68,757.0,14.7,32.4,0.0,0.0,1.0,32.4,33.1,34.5,1.187,0.2138,False
25.39,92.69,805.0,7.5,32.4,270.0,-1.0,-0.0,32.4,33.1,34.5,1.187,0.11,False
25.39,92.7,780.0,5.0,32.4,312.1,-0.742,0.6704,32.4,33.1,34.5,1.187,0.0734,False
25.39,92.71,811.0,9.8,32.4,132.1,0.742,-0.6704,32.4,33.1,34.5,1.187,0.1434,False
25.39,92.72,810.0,13.6,32.5,180.0,0.0,-1.0,32.5,33.0,34.5,1.186,0.1983,False
25.39,92.73,920.0,18.6,32.5,90.0,1.0,0.0,32.5,33.0,34.5,1.186,0.2689,False
25.39,92.74,965.0,17.5,32.6,132.1,0.742,-0.6704,32.6,33.0,34.5,1.185,0.2538,False
25.39,92.75,944.0,15.9,32.6,90.0,1.0,0.0,32.6,32.9,34.5,1.185,0.2312,False
25.39,92.76,878.0,8.2,32.7,0.0,0.0,1.0,32.7,32.9,34.4,1.184,0.1205,False
25.39,92.77,815.0,17.2,32.8,180.0,0.0,-1.0,32.8,32.8,34.4,1.183,0.25,False
25.39,92.78,956.0,17.2,32.9,180.0,0.0,-1.0,32.9,32.7,34.4,1.183,0.25,False
25.39,92.79,989.0,8.8,33.0,312.1,-0.742,0.6704,33.0,32.6,34.4,1.182,0.1294,False
25.39,92.8,973.0,14.2,33.0,312.1,-0.742,0.6704,33.0,32.5,34.4,1.181,0.2077,False
25.39,92.81,955.0,17.0,33.1,270.0,-1.0,-0.0,33.1,32.5,34.4,1.18,0.2478,False
25.39,92.82,881.0,12.5,33.3,270.0,-1.0,-0.0,33.3,32.3,34.4,1.18,0.1834,False
25.39,92.83,815.0,32.6,33.4,0.0,0.0,1.0,33.4,32.2,34.4,1.179,0.457,False
25.39,92.84,523.0,32.6,33.5,0.0,0.0,1.0,33.5,32.1,34.4,1.178,0.4574,False
25.39,92.85,497.0,21.7,33.6,90.0,1.0,0.0,33.6,32.0,34.4,1.178,0.3139,False
25.39,92.86,600.0,14.6,33.7,47.9,0.742,0.6704,33.7,31.9,34.4,1.177,0.2142,False
25.39,92.87,624.0,21.7,33.8,90.0,1.0,0.0,33.8,31.8,34.4,1.177,0.3141,False
25.39,92.88,575.0,12.6,33.9,132.1,0.742,-0.6704,33.9,31.7,34.4,1.176,0.1855,False
25.39,92.89,520.0,9.3,34.0,47.9,0.742,0.6704,34.0,31.6,34.4,1.175,0.1375,False
25.39,92.9,591.0,17.3,34.1,90.0,1.0,0.0,34.1,31.5,34.4,1.175,0.2531,False
25.39,92.91,521.0,8.7,34.2,0.0,0.0,1.0,34.2,31.4,34.4,1.174,0.1288,False
25.39,92.92,478.0,15.8,34.3,90.0,1.0,0.0,34.3,31.3,34.3,1.173,0.2321,False
25.39,92.93,438.0,15.1,34.4,47.9,0.742,0.6704,34.4,31.3,34.3,1.172,0.2223,False
25.39,92.94,320.0,19.2,34.4,47.9,0.742,0.6704,34.4,31.3,34.3,1.172,0.2806,False
25.39,92.95,288.0,22.0,34.5,180.0,0.0,-1.0,34.5,31.2,34.3,1.172,0.3196,False
25.39,92.96,472.0,24.3,34.5,227.9,-0.742,-0.6704,34.5,31.2,34.3,1.172,0.3511,False
25.39,92.97,334.0,16.8,34.4,0.0,0.0,1.0,34.4,31.2,34.4,1.173,0.2464,False
25.39,92.98,297.0,16.1,34.4,270.0,-1.0,-0.0,34.4,31.2,34.4,1.174,0.2362,False
25.39,92.99,337.0,8.9,34.4,312.1,-0.742,0.6704,34.4,31.1,34.5,1.176,0.1316,False
25.39,93.0,319.0,12.9,34.4,270.0,-1.0,-0.0,34.4,31.0,34.6,1.177,0.1897,False
25.39,93.01,314.0,10.3,34.4,270.0,-1.0,-0.0,34.4,30.9,34.7,1.179,0.1517,False
25.39,93.02,247.0,11.5,34.4,312.1,-0.742,0.6704,34.4,30.8,34.8,1.18,0.169,False
25.39,93.03,332.0,18.1,34.5,270.0,-1.0,-0.0,34.5,30.6,34.9,1.182,0.2628,False
25.39,93.04,299.0,15.1,34.5,90.0,1.0,0.0,34.5,30.5,35.0,1.183,0.2202,False
25.39,93.05,320.0,13.0,34.6,132.1,0.742,-0.6704,34.6,30.3,35.1,1.184,0.19,False
25.39,93.06,322.0,9.8,34.7,180.0,0.0,-1.0,34.7,30.2,35.1,1.184,0.1438,False
25.39,93.07,401.0,19.1,34.8,270.0,-1.0,-0.0,34.8,30.0,35.2,1.184,0.2764,False
25.39,93.08,302.0,12.2,34.9,0.0,0.0,1.0,34.9,29.9,35.2,1.184,0.1785,False
25.39,93.09,272.0,17.6,35.0,270.0,-1.0,-0.0,35.0,29.8,35.2,1.184,0.2554,False
25.39,93.1,327.0,15.2,35.0,270.0,-1.0,-0.0,35.0,29.7,35.3,1.184,0.2214,False
25.39,93.11,297.0,8.9,35.1,227.9,-0.742,-0.6704,35.1,29.6,35.3,1.184,0.1307,False
25.39,93.12,239.0,9.1,35.1,270.0,-1.0,-0.0,35.1,29.6,35.3,1.184,0.1336,False
25.39,93.13,241.0,16.2,35.1,180.0,0.0,-1.0,35.1,29.6,35.3,1.185,0.2354,False
25.39,93.14,374.0,16.2,35.1,180.0,0.0,-1.0,35.1,29.6,35.4,1.186,0.2352,False
25.39,93.15,289.0,10.6,35.0,0.0,0.0,1.0,35.0,29.6,35.4,1.187,0.155,False
25.39,93.16,285.0,7.2,35.0,270.0,-1.0,-0.0,35.0,29.6,35.4,1.188,0.1055,False
25.39,93.17,254.0,7.9,34.9,312.1,-0.742,0.6704,34.9,29.7,35.4,1.189,0.1156,False
25.39,93.18,283.0,13.2,34.8,227.9,-0.742,-0.6704,34.8,29.7,35.4,1.189,0.1921,False
25.39,93.19,277.0,29.1,34.8,227.9,-0.742,-0.6704,34.8,29.8,35.5,1.19,0.4087,False
25.39,93.2,411.0,25.8,34.7,180.0,0.0,-1.0,34.7,29.8,35.5,1.191,0.3654,False
25.39,93.21,632.0,25.8,34.7,180.0,0.0,-1.0,34.7,29.9,35.5,1.191,0.3654,False
25.39,93.22,625.0,17.1,34.6,0.0,0.0,1.0,34.6,29.9,35.5,1.192,0.2467,False
25.39,93.23,485.0,17.1,34.6,0.0,0.0,1.0,34.6,29.9,35.5,1.192,0.2467,False
25.39,93.24,522.0,20.6,34.5,90.0,1.0,0.0,34.5,30.0,35.5,1.193,0.2949,False
25.39,93.25,364.0,22.3,34.5,47.9,0.742,0.6704,34.5,30.0,35.5,1.193,0.3181,False
25.39,93.26,300.0,8.0,34.5,0.0,0.0,1.0,34.5,30.1,35.5,1.193,0.1167,False
25.39,93.27,349.0,6.5,34.4,0.0,0.0,1.0,34.4,30.1,35.4,1.193,0.0949,False
25.39,93.28,297.0,6.5,34.4,0.0,0.0,1.0,34.4,30.1,35.4,1.193,0.0949,False
25.39,93.29,295.0,6.0,34.4,132.1,0.742,-0.6704,34.4,30.2,35.4,1.193,0.0876,False
25.39,93.3,329.0,4.3,34.4,180.0,0.0,-1.0,34.4,30.2,35.4,1.193,0.0628,False
25.4,92.52,906.0,3.6,32.6,270.0,-1.0,-0.0,32.6,33.0,34.3,1.181,0.0532,False
25.4,92.53,934.0,9.1,32.6,0.0,0.0,1.0,32.6,33.0,34.4,1.181,0.1339,False
25.4,92.54,861.0,9.1,32.6,0.0,0.0,1.0,32.6,33.0,34.4,1.182,0.1338,False
25.4,92.55,880.0,7.4,32.6,180.0,0.0,-1.0,32.6,33.0,34.4,1.182,0.109,False
25.4,92.56,939.0,9.7,32.6,90.0,1.0,0.0,32.6,33.1,34.4,1.183,0.1424,False
25.4,92.57,982.0,10.7,32.5,132.1,0.742,-0.6704,32.5,33.1,34.4,1.183,0.1569,False
25.4,92.58,924.0,7.8,32.5,227.9,-0.742,-0.6704,32.5,33.1,34.4,1.184,0.1146,False
25.4,92.59,915.0,16.8,32.5,227.9,-0.742,-0.6704,32.5,33.1,34.4,1.184,0.2441,False
25.4,92.6,902.0,23.5,32.5,270.0,-1.0,-0.0,32.5,33.1,34.5,1.185,0.3365,False
25.4,92.61,851.0,21.6,32.4,312.1,-0.742,0.6704,32.4,33.1,34.5,1.185,0.3107,False
25.4,92.62,861.0,10.2,32.4,227.9,-0.742,-0.6704,32.4,33.1,34.5,1.186,0.1493,False
25.4,92.63,781.0,9.9,32.4,0.0,0.0,1.0,32.4,33.1,34.5,1.187,0.1448,False
25.4,92.64,763.0,9.3,32.4,180.0,0.0,-1.0,32.4,33.1,34.5,1.187,0.1361,False
25.4,92.65,838.0,12.6,32.3,0.0,0.0,1.0,32.3,33.1,34.6,1.188,0.1836,False
25.4,92.66,736.0,18.3,32.3,270.0,-1.0,-0.0,32.3,33.1,34.6,1.189,0.2641,False
25.4,92.67,871.0,16.5,32.3,180.0,0.0,-1.0,32.3,33.1,34.6,1.189,0.2389,False
25.4,92.68,785.0,10.7,32.3,0.0,0.0,1.0,32.3,33.1,34.6,1.189,0.1562,False
25.4,92.69,739.0,8.7,32.3,180.0,0.0,-1.0,32.3,33.1,34.6,1.19,0.1271,False
25.4,92.7,809.0,8.7,32.3,180.0,0.0,-1.0,32.3,33.1,34.6,1.19,0.1271,False
25.4,92.71,794.0,16.5,32.3,180.0,0.0,-1.0,32.3,33.0,34.6,1.19,0.2387,False
25.4,92.72,929.0,16.5,32.3,180.0,0.0,-1.0,32.3,33.0,34.6,1.19,0.2387,False
25.4,92.73,913.0,8.6,32.4,132.1,0.742,-0.6704,32.4,33.0,34.6,1.189,0.1258,False
25.4,92.74,956.0,5.4,32.4,180.0,0.0,-1.0,32.4,32.9,34.6,1.189,0.0791,False
25.4,92.75,940.0,7.1,32.5,0.0,0.0,1.0,32.5,32.9,34.6,1.188,0.104,False
25.4,92.76,883.0,7.2,32.6,132.1,0.742,-0.6704,32.6,32.8,34.6,1.187,0.1056,False
25.4,92.77,911.0,10.8,32.7,90.0,1.0,0.0,32.7,32.8,34.6,1.186,0.158,False
25.4,92.78,932.0,9.8,32.8,132.1,0.742,-0.6704,32.8,32.7,34.5,1.185,0.1436,False
25.4,92.79,962.0,9.7,32.9,0.0,0.0,1.0,32.9,32.6,34.5,1.184,0.1423,False
25.4,92.8,884.0,10.3,33.0,0.0,0.0,1.0,33.0,32.5,34.5,1.183,0.1511,False
25.4,92.81,801.0,17.0,33.1,270.0,-1.0,-0.0,33.1,32.4,34.5,1.182,0.2474,False
25.4,92.82,769.0,17.2,33.2,90.0,1.0,0.0,33.2,32.3,34.5,1.181,0.2504,False
25.4,92.83,751.0,18.5,33.3,47.9,0.742,0.6704,33.3,32.2,34.5,1.18,0.2689,False
25.4,92.84,685.0,17.8,33.4,90.0,1.0,0.0,33.4,32.1,34.5,1.18,0.2591,False
25.4,92.85,698.0,21.7,33.6,90.0,1.0,0.0,33.6,32.0,34.5,1.179,0.3136,False
25.4,92.86,686.0,15.5,33.7,132.1,0.742,-0.6704,33.7,31.9,34.5,1.178,0.2269,False
25.4,92.87,652.0,6.5,33.8,47.9,0.742,0.6704,33.8,31.8,34.4,1.177,0.0962,False
25.4,92.88,632.0,9.3,33.9,47.9,0.742,0.6704,33.9,31.6,34.4,1.176,0.1374,False
25.4,92.89,586.0,7.5,34.0,90.0,1.0,0.0,34.0,31.5,34.4,1.176,0.111,False
25.4,92.9,531.0,7.9,34.2,180.0,0.0,-1.0,34.2,31.4,34.4,1.175,0.117,False
25.4,92.91,594.0,15.0,34.3,270.0,-1.0,-0.0,34.3,31.4,34.4,1.174,0.2205,False
25.4,92.92,621.0,15.8,34.4,90.0,1.0,0.0,34.4,31.3,34.3,1.173,0.2321,False
25.4,92.93,557.0,19.7,34.4,312.1,-0.742,0.6704,34.4,31.3,34.3,1.172,0.2876,False
25.4,92.94,471.0,33.8,34.5,0.0,0.0,1.0,34.5,31.2,34.3,1.171,0.4751,False
25.4,92.95,165.0,33.8,34.5,0.0,0.0,1.0,34.5,31.2,34.3,1.171,0.4751,False
25.4,92.96,248.0,23.9,34.5,270.0,-1.0,-0.0,34.5,31.2,34.3,1.171,0.346,False
25.4,92.97,274.0,16.2,34.5,312.1,-0.742,0.6704,34.5,31.2,34.3,1.172,0.238,False
25.4,92.98,374.0,12.4,34.4,180.0,0.0,-1.0,34.4,31.2,34.4,1.174,0.1829,False
25.4,92.99,322.0,6.9,34.4,312.1,-0.742,0.6704,34.4,31.1,34.5,1.175,0.1022,False
25.4,93.0,301.0,9.8,34.4,0.0,0.0,1.0,34.4,31.0,34.6,1.177,0.1446,False
25.4,93.01,222.0,12.7,34.3,180.0,0.0,-1.0,34.3,30.9,34.7,1.179,0.1865,False
25.4,93.02,325.0,19.1,34.3,0.0,0.0,1.0,34.3,30.8,34.8,1.181,0.2771,False
25.4,93.03,167.0,19.1,34.4,0.0,0.0,1.0,34.4,30.7,34.9,1.183,0.2766,False
25.4,93.04,194.0,14.9,34.4,90.0,1.0,0.0,34.4,30.6,35.0,1.185,0.217,False
25.4,93.05,276.0,10.2,34.4,180.0,0.0,-1.0,34.4,30.4,35.1,1.186,0.1493,False
25.4,93.06,329.0,12.7,34.5,0.0,0.0,1.0,34.5,30.3,35.2,1.187,0.1852,False
25.4,93.07,226.0,21.0,34.5,180.0,0.0,-1.0,34.5,30.2,35.3,1.188,0.3017,False
25.4,93.08,401.0,21.0,34.6,180.0,0.0,-1.0,34.6,30.1,35.3,1.188,0.3017,False
25.4,93.09,251.0,18.2,34.6,0.0,0.0,1.0,34.6,30.0,35.4,1.189,0.2627,False
25.4,93.1,190.0,15.2,34.6,270.0,-1.0,-0.0,34.6,29.9,35.4,1.189,0.2205,False
25.4,93.11,224.0,10.7,34.7,180.0,0.0,-1.0,34.7,29.9,35.4,1.19,0.156,False
25.4,93.12,310.0,10.7,34.7,180.0,0.0,-1.0,34.7,29.9,35.5,1.19,0.156,False
25.4,93.13,237.0,11.4,34.7,227.9,-0.742,-0.6704,34.7,29.8,35.5,1.191,0.166,False
25.4,93.14,236.0,15.3,34.6,270.0,-1.0,-0.0,34.6,29.8,35.5,1.192,0.2214,False
25.4,93.15,338.0,12.8,34.6,0.0,0.0,1.0,34.6,29.8,35.5,1.192,0.1859,False
25.4,93.16,234.0,12.8,34.6,0.0,0.0,1.0,34.6,29.9,35.6,1.193,0.1857,False
25.4,93.17,245.0,4.5,34.5,90.0,1.0,0.0,34.5,29.9,35.6,1.193,0.0658,False
25.4,93.18,250.0,5.5,34.5,132.1,0.742,-0.6704,34.5,29.9,35.6,1.194,0.0803,False
25.4,93.19,277.0,11.2,34.5,180.0,0.0,-1.0,34.5,29.9,35.6,1.194,0.1627,False
25.4,93.2,367.0,21.3,34.5,227.9,-0.742,-0.6704,34.5,30.0,35.6,1.194,0.3042,False
25.4,93.21,525.0,19.7,34.4,227.9,-0.742,-0.6704,34.4,30.0,35.6,1.194,0.2823,False
25.4,93.22,683.0,32.1,34.4,270.0,-1.0,-0.0,34.4,30.0,35.6,1.195,0.4447,False
25.4,93.23,561.0,21.0,34.4,90.0,1.0,0.0,34.4,30.0,35.5,1.195,0.2999,False
25.4,93.24,643.0,29.3,34.4,0.0,0.0,1.0,34.4,30.1,35.5,1.195,0.4095,False
25.4,93.25,387.0,29.3,34.4,0.0,0.0,1.0,34.4,30.1,35.5,1.195,0.4095,False
25.4,93.26,288.0,18.1,34.4,90.0,1.0,0.0,34.4,30.1,35.5,1.195,0.26,False
25.4,93.27,369.0,10.1,34.3,180.0,0.0,-1.0,34.3,30.2,35.5,1.195,0.1468,False
25.4,93.28,289.0,9.9,34.3,0.0,0.0,1.0,34.3,30.2,35.5,1.195,0.1439,False
25.4,93.29,283.0,10.3,34.3,180.0,0.0,-1.0,34.3,30.2,35.5,1.195,0.1496,False
25.4,93.3,366.0,10.3,34.3,180.0,0.0,-1.0,34.3,30.3,35.4,1.195,0.1496,False
25.41,92.53,934.0,6.6,32.6,0.0,0.0,1.0,32.6,33.0,34.4,1.183,0.0972,False
25.41,92.54,881.0,6.6,32.6,0.0,0.0,1.0,32.6,33.0,34.4,1.183,0.0972,False
25.41,92.55,861.0,7.0,32.5,132.1,0.742,-0.6704,32.5,33.0,34.4,1.183,0.103,False
25.41,92.56,887.0,9.6,32.5,180.0,0.0,-1.0,32.5,33.0,34.4,1.184,0.1409,False
25.41,92.57,964.0,13.4,32.5,312.1,-0.742,0.6704,32.5,33.0,34.5,1.185,0.1956,False
25.41,92.58,980.0,19.4,32.5,270.0,-1.0,-0.0,32.5,33.1,34.5,1.185,0.2803,False
25.41,92.59,883.0,12.7,32.4,0.0,0.0,1.0,32.4,33.1,34.5,1.186,0.1854,False
25.41,92.6,780.0,13.6,32.4,270.0,-1.0,-0.0,32.4,33.1,34.5,1.187,0.1981,False
25.41,92.61,738.0,13.6,32.4,312.1,-0.742,0.6704,32.4,33.1,34.6,1.187,0.1981,False
25.41,92.62,812.0,9.2,32.3,180.0,0.0,-1.0,32.3,33.1,34.6,1.188,0.1346,False
25.41,92.63,786.0,6.3,32.3,312.1,-0.742,0.6704,32.3,33.1,34.6,1.189,0.0923,False
25.41,92.64,765.0,6.1,32.3,227.9,-0.742,-0.6704,32.3,33.1,34.6,1.19,0.0893,False
25.41,92.65,760.0,8.8,32.2,270.0,-1.0,-0.0,32.2,33.1,34.7,1.19,0.1286,False
25.41,92.66,739.0,11.0,32.2,227.9,-0.742,-0.6704,32.2,33.1,34.7,1.191,0.1602,False
25.41,92.67,757.0,12.7,32.2,270.0,-1.0,-0.0,32.2,33.1,34.7,1.192,0.1844,False
25.41,92.68,801.0,5.9,32.2,312.1,-0.742,0.6704,32.2,33.1,34.8,1.192,0.0862,False
25.41,92.69,762.0,7.6,32.1,180.0,0.0,-1.0,32.1,33.1,34.8,1.193,0.1109,False
25.41,92.7,823.0,7.6,32.1,180.0,0.0,-1.0,32.1,33.1,34.8,1.193,0.1109,False
25.41,92.71,828.0,15.9,32.2,180.0,0.0,-1.0,32.2,33.1,34.8,1.193,0.2296,False
25.41,92.72,958.0,15.9,32.2,180.0,0.0,-1.0,32.2,33.0,34.8,1.193,0.2296,False
25.41,92.73,967.0,6.1,32.2,90.0,1.0,0.0,32.2,33.0,34.8,1.192,0.0891,False
25.41,92.74,928.0,4.9,32.3,0.0,0.0,1.0,32.3,33.0,34.8,1.192,0.0717,False
25.41,92.75,909.0,4.0,32.4,312.1,-0.742,0.6704,32.4,32.9,34.7,1.191,0.0586,False
25.41,92.76,892.0,9.6,32.5,180.0,0.0,-1.0,32.5,32.8,34.7,1.19,0.1401,False
25.41,92.77,969.0,22.9,32.6,312.1,-0.742,0.6704,32.6,32.8,34.7,1.189,0.3273,False
25.41,92.78,956.0,28.6,32.7,270.0,-1.0,-0.0,32.7,32.7,34.6,1.187,0.4033,False
25.41,92.79,958.0,22.2,32.8,227.9,-0.742,-0.6704,32.8,32.6,34.6,1.186,0.3186,False
25.41,92.8,940.0,11.5,32.9,47.9,0.742,0.6704,32.9,32.5,34.6,1.185,0.1682,False
25.41,92.81,919.0,13.2,33.0,90.0,1.0,0.0,33.0,32.4,34.6,1.184,0.1929,False
25.41,92.82,925.0,17.2,33.1,90.0,1.0,0.0,33.1,32.3,34.6,1.183,0.25,False
25.41,92.83,885.0,16.4,33.3,47.9,0.742,0.6704,33.3,32.2,34.5,1.182,0.2389,False
25.41,92.84,767.0,14.5,33.4,0.0,0.0,1.0,33.4,32.1,34.5,1.181,0.212,False
25.41,92.85,696.0,11.9,33.5,47.9,0.742,0.6704,33.5,32.0,34.5,1.18,0.1747,False
25.41,92.86,724.0,17.8,33.7,312.1,-0.742,0.6704,33.7,31.8,34.5,1.179,0.2593,False
25.41,92.87,677.0,18.7,33.8,270.0,-1.0,-0.0,33.8,31.7,34.5,1.178,0.2722,False
25.41,92.88,593.0,10.4,33.9,0.0,0.0,1.0,33.9,31.6,34.5,1.177,0.1534,False
25.41,92.89,531.0,9.7,34.1,47.9,0.742,0.6704,34.1,31.5,34.4,1.176,0.1433,False
25.41,92.9,513.0,7.0,34.2,47.9,0.742,0.6704,34.2,31.4,34.4,1.175,0.1037,False
25.41,92.91,459.0,15.0,34.3,270.0,-1.0,-0.0,34.3,31.3,34.4,1.174,0.2205,False
25.41,92.92,521.0,18.8,34.4,312.1,-0.742,0.6704,34.4,31.3,34.3,1.172,0.275,False
25.41,92.93,462.0,18.9,34.5,270.0,-1.0,-0.0,34.5,31.3,34.3,1.171,0.2766,False
25.41,92.94,314.0,19.7,34.5,312.1,-0.742,0.6704,34.5,31.2,34.2,1.171,0.2879,False
25.41,92.95,281.0,15.6,34.5,312.1,-0.742,0.6704,34.5,31.2,34.2,1.17,0.2298,False
25.41,92.96,408.0,19.7,34.5,132.1,0.742,-0.6704,34.5,31.2,34.2,1.171,0.2879,False
25.41,92.97,270.0,16.8,34.5,0.0,0.0,1.0,34.5,31.2,34.3,1.172,0.2466,False
25.41,92.98,274.0,11.2,34.4,270.0,-1.0,-0.0,34.4,31.2,34.4,1.173,0.1656,False
25.41,92.99,276.0,10.2,34.4,270.0,-1.0,-0.0,34.4,31.1,34.5,1.175,0.1507,False
25.41,93.0,240.0,7.0,34.3,132.1,0.742,-0.6704,34.3,31.1,34.6,1.178,0.1035,False
25.41,93.01,235.0,10.0,34.3,90.0,1.0,0.0,34.3,31.0,34.7,1.18,0.1472,False
25.41,93.02,184.0,15.6,34.3,270.0,-1.0,-0.0,34.3,30.9,34.9,1.182,0.2275,False
25.41,93.03,217.0,13.7,34.2,180.0,0.0,-1.0,34.2,30.8,35.0,1.185,0.1999,False
25.41,93.04,328.0,14.9,34.2,90.0,1.0,0.0,34.2,30.7,35.1,1.187,0.2166,False
25.41,93.05,276.0,8.4,34.2,312.1,-0.742,0.6704,34.2,30.6,35.2,1.188,0.123,False
25.41,93.06,259.0,9.5,34.2,270.0,-1.0,-0.0,34.2,30.5,35.3,1.19,0.1387,False
25.41,93.07,286.0,9.6,34.2,227.9,-0.742,-0.6704,34.2,30.4,35.4,1.191,0.14,False
25.41,93.08,325.0,15.4,34.2,0.0,0.0,1.0,34.2,30.3,35.5,1.193,0.2226,False
25.41,93.09,199.0,16.5,34.2,312.1,-0.742,0.6704,34.2,30.2,35.5,1.194,0.2379,False
25.41,93.1,274.0,9.5,34.2,90.0,1.0,0.0,34.2,30.2,35.6,1.195,0.1381,False
25.41,93.11,261.0,11.0,34.2,180.0,0.0,-1.0,34.2,30.2,35.6,1.196,0.1595,False
25.41,93.12,350.0,11.0,34.2,180.0,0.0,-1.0,34.2,30.1,35.7,1.197,0.1594,False
25.41,93.13,302.0,9.7,34.2,0.0,0.0,1.0,34.2,30.1,35.7,1.197,0.1408,False
25.41,93.14,224.0,13.4,34.2,90.0,1.0,0.0,34.2,30.1,35.7,1.198,0.1934,False
25.41,93.15,256.0,9.2,34.2,270.0,-1.0,-0.0,34.2,30.1,35.7,1.198,0.1335,False
25.41,93.16,247.0,7.6,34.2,312.1,-0.742,0.6704,34.2,30.1,35.7,1.198,0.1104,False
25.41,93.17,285.0,4.8,34.2,180.0,0.0,-1.0,34.2,30.1,35.7,1.198,0.0698,False
25.41,93.18,285.0,4.0,34.2,90.0,1.0,0.0,34.2,30.1,35.7,1.198,0.0582,False
25.41,93.19,315.0,5.5,34.2,132.1,0.742,-0.6704,34.2,30.1,35.7,1.198,0.08,False
25.41,93.2,282.0,19.7,34.2,227.9,-0.742,-0.6704,34.2,30.1,35.7,1.198,0.2814,False
25.41,93.21,363.0,25.2,34.2,227.9,-0.742,-0.6704,34.2,30.1,35.7,1.198,0.3554,False
25.41,93.22,366.0,40.4,34.2,180.0,0.0,-1.0,34.2,30.1,35.6,1.198,0.541,False
25.41,93.23,755.0,40.4,34.2,180.0,0.0,-1.0,34.2,30.2,35.6,1.197,0.5415,False
25.41,93.24,696.0,27.1,34.2,0.0,0.0,1.0,34.2,30.2,35.6,1.197,0.3806,False
25.41,93.25,462.0,27.1,34.2,0.0,0.0,1.0,34.2,30.2,35.6,1.197,0.3806,False
25.41,93.26,453.0,20.7,34.2,0.0,0.0,1.0,34.2,30.2,35.5,1.197,0.2953,False
25.41,93.27,281.0,20.7,34.2,0.0,0.0,1.0,34.2,30.2,35.5,1.197,0.2953,False
25.41,93.28,294.0,6.3,34.2,312.1,-0.742,0.6704,34.2,30.3,35.5,1.196,0.0918,False
25.41,93.29,289.0,6.5,34.2,227.9,-0.742,-0.6704,34.2,30.3,35.5,1.196,0.0947,False
25.41,93.3,337.0,7.3,34.2,270.0,-1.0,-0.0,34.2,30.3,35.5,1.196,0.1062,False
25.42,92.53,942.0,5.6,32.6,312.1,-0.742,0.6704,32.6,33.0,34.5,1.184,0.0824,False
25.42,92.54,901.0,5.1,32.5,0.0,0.0,1.0,32.5,33.0,34.5,1.184,0.0751,False
25.42,92.55,901.0,7.8,32.5,312.1,-0.742,0.6704,32.5,33.0,34.5,1.185,0.1145,False
25.42,92.56,944.0,15.1,32.5,270.0,-1.0,-0.0,32.5,33.0,34.5,1.185,0.2198,False
25.42,92.57,912.0,13.9,32.4,270.0,-1.0,-0.0,32.4,33.0,34.5,1.186,0.2026,False
25.42,92.58,802.0,19.4,32.4,270.0,-1.0,-0.0,32.4,33.0,34.6,1.187,0.2798,False
25.42,92.59,850.0,10.8,32.4,312.1,-0.742,0.6704,32.4,33.0,34.6,1.187,0.1579,False
25.42,92.6,766.0,10.4,32.3,0.0,0.0,1.0,32.3,33.1,34.6,1.188,0.152,False
25.42,92.61,752.0,5.0,32.3,227.9,-0.742,-0.6704,32.3,33.1,34.6,1.189,0.0733,False
25.42,92.62,745.0,7.6,32.2,270.0,-1.0,-0.0,32.2,33.1,34.7,1.19,0.1111,False
25.42,92.63,776.0,5.1,32.2,270.0,-1.0,-0.0,32.2,33.1,34.7,1.191,0.0746,False
25.42,92.64,753.0,4.3,32.2,90.0,1.0,0.0,32.2,33.1,34.8,1.192,0.0629,False
25.42,92.65,737.0,5.5,32.1,132.1,0.742,-0.6704,32.1,33.1,34.8,1.193,0.0803,False
25.42,92.66,773.0,4.5,32.1,180.0,0.0,-1.0,32.1,33.1,34.8,1.194,0.0657,False
25.42,92.67,767.0,4.5,32.0,132.1,0.742,-0.6704,32.0,33.1,34.9,1.195,0.0657,False
25.42,92.68,763.0,6.4,32.0,90.0,1.0,0.0,32.0,33.1,34.9,1.195,0.0933,False
25.42,92.69,766.0,4.9,32.0,180.0,0.0,-1.0,32.0,33.1,34.9,1.196,0.0714,False
25.42,92.7,805.0,4.9,32.0,180.0,0.0,-1.0,32.0,33.1,34.9,1.196,0.0714,False
25.42,92.71,816.0,17.9,32.0,180.0,0.0,-1.0,32.0,33.1,34.9,1.196,0.257,False
25.42,92.72,963.0,17.9,32.0,180.0,0.0,-1.0,32.0,33.0,34.9,1.196,0.257,False
25.42,92.73,965.0,7.5,32.1,0.0,0.0,1.0,32.1,33.0,34.9,1.196,0.1091,False
25.42,92.74,905.0,8.9,32.1,90.0,1.0,0.0,32.1,33.0,34.9,1.195,0.1295,False
25.42,92.75,941.0,13.2,32.2,312.1,-0.742,0.6704,32.2,32.9,34.9,1.194,0.1912,False
25.42,92.76,922.0,22.2,32.3,312.1,-0.742,0.6704,32.3,32.9,34.8,1.193,0.3167,False
25.42,92.77,920.0,33.2,32.4,312.1,-0.742,0.6704,32.4,32.8,34.8,1.191,0.4598,False
25.42,92.78,681.0,28.6,32.5,270.0,-1.0,-0.0,32.5,32.7,34.8,1.19,0.4023,False
25.42,92.79,877.0,30.6,32.7,227.9,-0.742,-0.6704,32.7,32.6,34.7,1.188,0.4285,False
25.42,92.8,956.0,28.8,32.8,227.9,-0.742,-0.6704,32.8,32.5,34.7,1.187,0.4059,False
25.42,92.81,963.0,25.0,32.9,312.1,-0.742,0.6704,32.9,32.4,34.7,1.186,0.3563,False
25.42,92.82,843.0,21.4,33.1,270.0,-1.0,-0.0,33.1,32.3,34.6,1.184,0.3082,False
25.42,92.83,838.0,17.5,33.2,270.0,-1.0,-0.0,33.2,32.2,34.6,1.183,0.2542,False
25.42,92.84,839.0,14.4,33.4,0.0,0.0,1.0,33.4,32.1,34.6,1.182,0.2104,False
25.42,92.85,722.0,14.4,33.5,0.0,0.0,1.0,33.5,32.0,34.6,1.181,0.2106,False
25.42,92.86,683.0,28.9,33.6,312.1,-0.742,0.6704,33.6,31.8,34.5,1.18,0.4096,False
25.42,92.87,506.0,21.5,33.8,270.0,-1.0,-0.0,33.8,31.7,34.5,1.179,0.3109,False
25.42,92.88,647.0,26.5,33.9,227.9,-0.742,-0.6704,33.9,31.6,34.5,1.177,0.3791,False
25.42,92.89,597.0,7.5,34.0,312.1,-0.742,0.6704,34.0,31.5,34.5,1.176,0.111,False
25.42,92.9,557.0,9.1,34.2,0.0,0.0,1.0,34.2,31.4,34.4,1.175,0.1346,False
25.42,92.91,484.0,9.1,34.3,0.0,0.0,1.0,34.3,31.3,34.4,1.174,0.1347,False
25.42,92.92,426.0,16.7,34.4,0.0,0.0,1.0,34.4,31.3,34.3,1.172,0.2452,False
25.42,92.93,289.0,20.8,34.5,90.0,1.0,0.0,34.5,31.3,34.3,1.171,0.3033,False
25.42,92.94,399.0,13.6,34.5,180.0,0.0,-1.0,34.5,31.2,34.2,1.17,0.201,False
25.42,92.95,355.0,8.3,34.55,90.0,1.0,0.0,34.55,31.23,34.22,1.17,0.1234,False
25.42,92.96,371.0,14.7,34.5,0.0,0.0,1.0,34.5,31.2,34.2,1.17,0.2169,False
25.42,92.97,251.0,14.7,34.5,0.0,0.0,1.0,34.5,31.2,34.3,1.171,0.2167,False
25.42,92.98,238.0,6.9,34.4,47.9,0.742,0.6704,34.4,31.2,34.4,1.173,0.1024,False
25.42,92.99,185.0,10.2,34.4,270.0,-1.0,-0.0,34.4,31.2,34.5,1.176,0.1506,False
25.42,93.0,248.0,9.5,34.3,180.0,0.0,-1.0,34.3,31.1,34.6,1.178,0.1401,False
25.42,93.01,324.0,21.6,34.2,0.0,0.0,1.0,34.2,31.0,34.8,1.181,0.3117,False
25.42,93.02,143.0,21.6,34.2,0.0,0.0,1.0,34.2,30.9,34.9,1.184,0.3109,False
25.42,93.03,171.0,20.0,34.1,180.0,0.0,-1.0,34.1,30.8,35.0,1.186,0.2884,False
25.42,93.04,337.0,20.0,34.1,180.0,0.0,-1.0,34.1,30.7,35.2,1.189,0.2877,False
25.42,93.05,295.0,14.7,34.1,0.0,0.0,1.0,34.1,30.7,35.3,1.191,0.2131,False
25.42,93.06,175.0,14.7,34.0,0.0,0.0,1.0,34.0,30.6,35.4,1.193,0.2127,False
25.42,93.07,250.0,9.3,34.0,180.0,0.0,-1.0,34.0,30.5,35.5,1.195,0.1352,False
25.42,93.08,198.0,14.1,33.9,270.0,-1.0,-0.0,33.9,30.5,35.6,1.197,0.2035,False
25.42,93.09,225.0,8.4,33.8,312.1,-0.742,0.6704,33.8,30.4,35.7,1.199,0.1218,False
25.42,93.1,275.0,6.4,33.8,132.1,0.742,-0.6704,33.8,30.4,35.8,1.201,0.0928,False
25.42,93.11,259.0,7.6,33.7,227.9,-0.742,-0.6704,33.7,30.4,35.9,1.203,0.1099,False
25.42,93.12,276.0,8.3,33.7,270.0,-1.0,-0.0,33.7,30.4,35.9,1.204,0.1199,False
25.42,93.13,318.0,13.4,33.7,270.0,-1.0,-0.0,33.7,30.4,36.0,1.205,0.1923,False
25.42,93.14,344.0,13.4,33.7,90.0,1.0,0.0,33.7,30.4,36.0,1.205,0.1923,False
25.42,93.15,236.0,20.0,33.7,90.0,1.0,0.0,33.7,30.4,36.0,1.205,0.2838,False
25.42,93.16,235.0,15.4,33.7,90.0,1.0,0.0,33.7,30.3,35.9,1.205,0.2204,False
25.42,93.17,253.0,10.6,33.8,90.0,1.0,0.0,33.8,30.3,35.9,1.204,0.1528,False
25.42,93.18,289.0,4.9,33.8,47.9,0.742,0.6704,33.8,30.3,35.9,1.203,0.071,False
25.42,93.19,294.0,5.4,33.9,180.0,0.0,-1.0,33.9,30.3,35.8,1.203,0.0782,False
25.42,93.2,337.0,10.1,33.9,0.0,0.0,1.0,33.9,30.3,35.8,1.202,0.1459,False
25.42,93.21,256.0,12.0,34.0,270.0,-1.0,-0.0,34.0,30.3,35.8,1.201,0.1731,False
25.42,93.22,297.0,33.9,34.0,227.9,-0.742,-0.6704,34.0,30.3,35.7,1.201,0.4644,False
25.42,93.23,531.0,27.1,34.1,180.0,0.0,-1.0,34.1,30.3,35.7,1.2,0.3796,False
25.42,93.24,752.0,27.7,34.1,227.9,-0.742,-0.6704,34.1,30.3,35.7,1.2,0.3874,False
25.42,93.25,621.0,17.5,34.1,90.0,1.0,0.0,34.1,30.3,35.6,1.199,0.2508,False
25.42,93.26,518.0,26.1,34.1,0.0,0.0,1.0,34.1,30.3,35.6,1.199,0.3669,False
25.42,93.27,294.0,26.1,34.1,0.0,0.0,1.0,34.1,30.3,35.6,1.198,0.3672,False
25.42,93.28,296.0,6.7,34.1,47.9,0.742,0.6704,34.1,30.3,35.6,1.198,0.0974,False
25.42,93.29,306.0,5.2,34.1,227.9,-0.742,-0.6704,34.1,30.3,35.5,1.198,0.0757,False
25.42,93.3,272.0,7.3,34.1,270.0,-1.0,-0.0,34.1,30.3,35.5,1.197,0.1062,False
25.43,92.54,875.0,7.2,32.5,270.0,-1.0,-0.0,32.5,33.0,34.5,1.185,0.1058,False
25.43,92.55,931.0,15.1,32.5,0.0,0.0,1.0,32.5,33.0,34.5,1.186,0.2196,False
25.43,92.56,808.0,15.1,32.4,270.0,-1.0,-0.0,32.4,33.0,34.6,1.187,0.2195,False
25.43,92.57,787.0,13.9,32.4,270.0,-1.0,-0.0,32.4,33.0,34.6,1.187,0.2024,False
25.43,92.58,782.0,10.8,32.4,312.1,-0.742,0.6704,32.4,33.0,34.6,1.188,0.1577,False
25.43,92.59,855.0,9.1,32.3,180.0,0.0,-1.0,32.3,33.0,34.7,1.189,0.133,False
25.43,92.6,797.0,7.2,32.3,0.0,0.0,1.0,32.3,33.0,34.7,1.19,0.1053,False
25.43,92.61,770.0,4.2,32.2,270.0,-1.0,-0.0,32.2,33.1,34.7,1.191,0.0615,False
25.43,92.62,784.0,6.6,32.2,0.0,0.0,1.0,32.2,33.1,34.8,1.192,0.0964,False
25.43,92.63,731.0,7.5,32.1,180.0,0.0,-1.0,32.1,33.1,34.8,1.193,0.1094,False
25.43,92.64,791.0,7.5,32.1,180.0,0.0,-1.0,32.1,33.1,34.9,1.194,0.1093,False
25.43,92.65,734.0,8.9,32.0,90.0,1.0,0.0,32.0,33.1,34.9,1.195,0.1295,False
25.43,92.66,803.0,8.6,32.0,180.0,0.0,-1.0,32.0,33.1,34.9,1.196,0.125,False
25.43,92.67,781.0,4.9,31.9,180.0,0.0,-1.0,31.9,33.1,35.0,1.198,0.0713,False
25.43,92.68,820.0,7.4,31.9,0.0,0.0,1.0,31.9,33.1,35.0,1.198,0.1075,False
25.43,92.69,761.0,7.4,31.8,0.0,0.0,1.0,31.8,33.1,35.0,1.199,0.1074,False
25.43,92.7,777.0,4.4,31.8,180.0,0.0,-1.0,31.8,33.1,35.1,1.2,0.0639,False
25.43,92.71,812.0,12.5,31.8,227.9,-0.742,-0.6704,31.8,33.1,35.1,1.2,0.1804,False
25.43,92.72,896.0,10.4,31.8,180.0,0.0,-1.0,31.8,33.1,35.1,1.2,0.1504,False
25.43,92.73,949.0,13.1,31.9,312.1,-0.742,0.6704,31.9,33.0,35.1,1.199,0.189,False
25.43,92.74,984.0,24.0,32.0,312.1,-0.742,0.6704,32.0,33.0,35.0,1.198,0.3395,False
25.43,92.75,921.0,29.7,32.0,312.1,-0.742,0.6704,32.0,33.0,35.0,1.197,0.4139,False
25.43,92.76,781.0,26.2,32.2,270.0,-1.0,-0.0,32.2,32.9,35.0,1.196,0.3692,False
25.43,92.77,644.0,28.7,32.3,270.0,-1.0,-0.0,32.3,32.8,34.9,1.194,0.4022,False
25.43,92.78,474.0,33.2,32.4,312.1,-0.742,0.6704,32.4,32.7,34.9,1.192,0.4594,False
25.43,92.79,582.0,30.3,32.6,270.0,-1.0,-0.0,32.6,32.6,34.8,1.191,0.4236,False
25.43,92.8,832.0,28.7,32.7,180.0,0.0,-1.0,32.7,32.5,34.8,1.189,0.4039,False
25.43,92.81,882.0,34.2,32.8,270.0,-1.0,-0.0,32.8,32.4,34.7,1.187,0.4735,False
25.43,92.82,645.0,27.4,33.0,0.0,0.0,1.0,33.0,32.3,34.7,1.186,0.388,False
25.43,92.83,679.0,18.2,33.1,227.9,-0.742,-0.6704,33.1,32.2,34.7,1.185,0.2636,False
25.43,92.84,773.0,18.0,33.3,312.1,-0.742,0.6704,33.3,32.1,34.6,1.183,0.2612,False
25.43,92.85,741.0,26.5,33.4,312.1,-0.742,0.6704,33.4,31.9,34.6,1.182,0.3775,False
25.43,92.86,630.0,35.3,33.6,0.0,0.0,1.0,33.6,31.8,34.6,1.181,0.4893,False
25.43,92.87,307.0,35.3,33.7,0.0,0.0,1.0,33.7,31.7,34.6,1.179,0.4901,False
25.43,92.88,615.0,34.5,33.9,270.0,-1.0,-0.0,33.9,31.6,34.5,1.178,0.4808,False
25.43,92.89,549.0,22.4,34.0,227.9,-0.742,-0.6704,34.0,31.5,34.5,1.177,0.3238,False
25.43,92.9,507.0,15.4,34.1,90.0,1.0,0.0,34.1,31.4,34.4,1.175,0.226,False
25.43,92.91,537.0,9.3,34.3,47.9,0.742,0.6704,34.3,31.3,34.4,1.174,0.1377,False
25.43,92.92,519.0,18.7,34.4,47.9,0.742,0.6704,34.4,31.3,34.3,1.173,0.2733,False
25.43,92.93,481.0,20.8,34.5,90.0,1.0,0.0,34.5,31.3,34.3,1.171,0.3033,False
25.43,92.94,424.0,11.2,34.5,132.1,0.742,-0.6704,34.5,31.2,34.2,1.171,0.1659,False
25.43,92.95,377.0,13.2,34.5,0.0,0.0,1.0,34.5,31.2,34.2,1.17,0.1952,False
25.43,92.96,270.0,14.4,34.5,90.0,1.0,0.0,34.5,31.2,34.3,1.171,0.2124,False
25.43,92.97,320.0,7.8,34.5,90.0,1.0,0.0,34.5,31.2,34.3,1.172,0.1158,False
25.43,92.98,292.0,11.8,34.4,0.0,0.0,1.0,34.4,31.2,34.4,1.174,0.1742,False
25.43,92.99,197.0,11.8,34.3,0.0,0.0,1.0,34.3,31.2,34.5,1.176,0.1739,False
25.43,93.0,262.0,8.1,34.2,180.0,0.0,-1.0,34.2,31.1,34.7,1.179,0.1195,False
25.43,93.01,248.0,9.9,34.2,0.0,0.0,1.0,34.2,31.0,34.8,1.182,0.1455,False
25.43,93.02,168.0,12.9,34.1,312.1,-0.742,0.6704,34.1,31.0,34.9,1.185,0.1884,False
25.43,93.03,206.0,10.9,34.0,227.9,-0.742,-0.6704,34.0,30.9,35.1,1.188,0.1592,False
25.43,93.04,161.0,19.2,33.9,270.0,-1.0,-0.0,33.9,30.8,35.2,1.191,0.2761,False
25.43,93.05,164.0,14.6,33.9,270.0,-1.0,-0.0,33.9,30.7,35.4,1.194,0.2111,False
25.43,93.06,254.0,11.2,33.8,180.0,0.0,-1.0,33.8,30.7,35.5,1.197,0.1623,False
25.43,93.07,238.0,10.3,33.7,90.0,1.0,0.0,33.7,30.7,35.7,1.2,0.149,False
25.43,93.08,211.0,10.8,33.6,180.0,0.0,-1.0,33.6,30.6,35.8,1.202,0.1559,False
25.43,93.09,298.0,10.8,33.5,180.0,0.0,-1.0,33.5,30.6,35.9,1.205,0.1555,False
25.43,93.1,305.0,8.2,33.3,312.1,-0.742,0.6704,33.3,30.6,36.0,1.208,0.1181,False
25.43,93.11,293.0,9.7,33.2,270.0,-1.0,-0.0,33.2,30.7,36.1,1.21,0.1392,False
25.43,93.12,248.0,6.3,33.2,0.0,0.0,1.0,33.2,30.7,36.2,1.211,0.0906,False
25.43,93.13,198.0,13.4,33.1,270.0,-1.0,-0.0,33.1,30.7,36.2,1.212,0.1912,False
25.43,93.14,286.0,16.4,33.1,180.0,0.0,-1.0,33.1,30.6,36.2,1.212,0.233,False
25.43,93.15,420.0,20.0,33.2,90.0,1.0,0.0,33.2,30.6,36.2,1.212,0.2822,False
25.43,93.16,374.0,15.4,33.3,90.0,1.0,0.0,33.3,30.6,36.2,1.211,0.2193,False
25.43,93.17,347.0,10.6,33.4,90.0,1.0,0.0,33.4,30.5,36.1,1.21,0.152,False
25.43,93.18,305.0,8.7,33.5,47.9,0.742,0.6704,33.5,30.5,36.0,1.208,0.1252,False
25.43,93.19,305.0,5.8,33.6,90.0,1.0,0.0,33.6,30.4,36.0,1.207,0.0837,False
25.43,93.2,289.0,5.6,33.7,47.9,0.742,0.6704,33.7,30.4,35.9,1.206,0.0809,False
25.43,93.21,296.0,5.7,33.8,312.1,-0.742,0.6704,33.8,30.4,35.9,1.205,0.0824,False
25.43,93.22,290.0,19.5,33.8,227.9,-0.742,-0.6704,33.8,30.4,35.8,1.204,0.2772,False
25.43,93.23,395.0,27.7,33.9,227.9,-0.742,-0.6704,33.9,30.3,35.8,1.203,0.3864,False
25.43,93.24,608.0,26.2,33.9,270.0,-1.0,-0.0,33.9,30.3,35.7,1.202,0.3673,False
25.43,93.25,470.0,22.5,34.0,312.1,-0.742,0.6704,34.0,30.3,35.7,1.201,0.3186,False
25.43,93.26,414.0,16.9,34.0,312.1,-0.742,0.6704,34.0,30.3,35.7,1.201,0.2421,False
25.43,93.27,376.0,16.1,34.0,0.0,0.0,1.0,34.0,30.3,35.6,1.2,0.2311,False
25.43,93.28,244.0,16.1,34.0,0.0,0.0,1.0,34.0,30.4,35.6,1.2,0.2311,False
25.43,93.29,265.0,4.6,34.1,270.0,-1.0,-0.0,34.1,30.4,35.6,1.199,0.0669,False
25.43,93.3,286.0,3.5,34.1,180.0,0.0,-1.0,34.1,30.4,35.5,1.199,0.0509,False
25.44,92.54,811.0,10.0,32.5,227.9,-0.742,-0.6704,32.5,33.0,34.6,1.186,0.1464,False
25.44,92.55,804.0,14.1,32.4,270.0,-1.0,-0.0,32.4,33.0,34.6,1.187,0.2052,False
25.44,92.56,757.0,14.3,32.4,312.1,-0.742,0.6704,32.4,33.0,34.6,1.188,0.2079,False
25.44,92.57,806.0,6.1,32.3,180.0,0.0,-1.0,32.3,33.0,34.7,1.189,0.0894,False
25.44,92.58,775.0,6.7,32.3,227.9,-0.742,-0.6704,32.3,33.0,34.7,1.189,0.0981,False
25.44,92.59,825.0,9.0,32.3,270.0,-1.0,-0.0,32.3,33.0,34.7,1.19,0.1315,False
25.44,92.6,765.0,7.5,32.2,312.1,-0.742,0.6704,32.2,33.0,34.8,1.191,0.1096,False
25.44,92.61,733.0,8.5,32.1,180.0,0.0,-1.0,32.1,33.1,34.8,1.193,0.1239,False
25.44,92.62,801.0,8.5,32.1,180.0,0.0,-1.0,32.1,33.1,34.8,1.194,0.1238,False
25.44,92.63,744.0,7.1,32.0,0.0,0.0,1.0,32.0,33.1,34.9,1.195,0.1034,False
25.44,92.64,765.0,6.0,32.0,180.0,0.0,-1.0,32.0,33.1,34.9,1.196,0.0874,False
25.44,92.65,813.0,8.9,31.9,90.0,1.0,0.0,31.9,33.1,35.0,1.198,0.1291,False
25.44,92.66,766.0,6.0,31.8,90.0,1.0,0.0,31.8,33.1,35.0,1.199,0.0872,False
25.44,92.67,789.0,8.7,31.8,312.1,-0.742,0.6704,31.8,33.1,35.1,1.2,0.1261,False
25.44,92.68,790.0,11.8,31.7,270.0,-1.0,-0.0,31.7,33.1,35.1,1.201,0.1703,False
25.44,92.69,782.0,14.8,31.7,270.0,-1.0,-0.0,31.7,33.1,35.2,1.202,0.2125,False
25.44,92.7,779.0,13.5,31.7,270.0,-1.0,-0.0,31.7,33.1,35.2,1.203,0.1941,False
25.44,92.71,803.0,13.4,31.6,270.0,-1.0,-0.0,31.6,33.1,35.2,1.203,0.1926,False
25.44,92.72,835.0,13.9,31.7,180.0,0.0,-1.0,31.7,33.1,35.2,1.203,0.1997,False
25.44,92.73,948.0,22.2,31.7,312.1,-0.742,0.6704,31.7,33.1,35.2,1.203,0.3141,False
25.44,92.74,791.0,21.5,31.8,312.1,-0.742,0.6704,31.8,33.0,35.2,1.202,0.3049,False
25.44,92.75,681.0,25.4,31.9,270.0,-1.0,-0.0,31.9,33.0,35.1,1.2,0.3574,False
25.44,92.76,533.0,29.7,32.0,312.1,-0.742,0.6704,32.0,32.9,35.1,1.199,0.4132,False
25.44,92.77,568.0,17.4,32.1,312.1,-0.742,0.6704,32.1,32.8,35.0,1.197,0.2498,False
25.44,92.78,442.0,16.5,32.3,312.1,-0.742,0.6704,32.3,32.8,35.0,1.195,0.2377,False
25.44,92.79,557.0,22.5,32.4,180.0,0.0,-1.0,32.4,32.7,34.9,1.193,0.3208,False
25.44,92.8,746.0,27.9,32.6,312.1,-0.742,0.6704,32.6,32.5,34.9,1.191,0.3929,False
25.44,92.81,539.0,34.2,32.8,270.0,-1.0,-0.0,32.8,32.4,34.8,1.189,0.4727,False
25.44,92.82,455.0,32.1,32.9,312.1,-0.742,0.6704,32.9,32.3,34.8,1.188,0.4473,False
25.44,92.83,622.0,20.1,33.1,180.0,0.0,-1.0,33.1,32.2,34.7,1.186,0.2898,False
25.44,92.84,738.0,32.8,33.2,312.1,-0.742,0.6704,33.2,32.1,34.7,1.185,0.4571,False
25.44,92.85,552.0,26.5,33.4,270.0,-1.0,-0.0,33.4,32.0,34.7,1.183,0.3772,False
25.44,92.86,401.0,26.5,33.5,312.1,-0.742,0.6704,33.5,31.8,34.6,1.182,0.3775,False
25.44,92.87,247.0,29.4,33.7,312.1,-0.742,0.6704,33.7,31.7,34.6,1.18,0.416,False
25.44,92.88,268.0,35.8,33.8,180.0,0.0,-1.0,33.8,31.6,34.6,1.179,0.4961,False
25.44,92.89,597.0,35.8,34.0,180.0,0.0,-1.0,34.0,31.5,34.5,1.178,0.4966,False
25.44,92.9,646.0,24.7,34.1,270.0,-1.0,-0.0,34.1,31.4,34.5,1.176,0.3553,False
25.44,92.91,554.0,14.3,34.2,270.0,-1.0,-0.0,34.2,31.4,34.4,1.175,0.2102,False
25.44,92.92,551.0,11.3,34.3,0.0,0.0,1.0,34.3,31.3,34.4,1.173,0.167,False
25.44,92.93,460.0,15.7,34.4,0.0,0.0,1.0,34.4,31.3,34.3,1.172,0.2309,False
25.44,92.94,332.0,15.7,34.5,0.0,0.0,1.0,34.5,31.2,34.3,1.171,0.2311,False
25.44,92.95,329.0,8.8,34.5,180.0,0.0,-1.0,34.5,31.2,34.3,1.171,0.1306,False
25.44,92.96,400.0,14.4,34.5,90.0,1.0,0.0,34.5,31.2,34.3,1.172,0.2122,False
25.44,92.97,313.0,10.8,34.4,0.0,0.0,1.0,34.4,31.2,34.4,1.173,0.1597,False
25.44,92.98,294.0,8.1,34.4,47.9,0.742,0.6704,34.4,31.2,34.4,1.175,0.1199,False
25.44,92.99,286.0,10.0,34.3,90.0,1.0,0.0,34.3,31.2,34.6,1.177,0.1475,False
25.44,93.0,265.0,10.0,34.2,312.1,-0.742,0.6704,34.2,31.1,34.7,1.18,0.1472,False
25.44,93.01,198.0,8.4,34.1,0.0,0.0,1.0,34.1,31.1,34.9,1.184,0.1234,False
25.44,93.02,154.0,7.9,34.0,312.1,-0.742,0.6704,34.0,31.0,35.0,1.187,0.1158,False
25.44,93.03,184.0,4.4,33.9,180.0,0.0,-1.0,33.9,30.9,35.2,1.19,0.0645,False
25.44,93.04,219.0,6.6,33.8,90.0,1.0,0.0,33.8,30.9,35.3,1.194,0.0963,False
25.44,93.05,227.0,7.1,33.7,90.0,1.0,0.0,33.7,30.8,35.5,1.197,0.1033,False
25.44,93.06,220.0,13.6,33.6,180.0,0.0,-1.0,33.6,30.8,35.6,1.2,0.196,False
25.44,93.07,330.0,14.1,33.4,0.0,0.0,1.0,33.4,30.8,35.8,1.204,0.2023,False
25.44,93.08,215.0,14.1,33.2,0.0,0.0,1.0,33.2,30.8,36.0,1.207,0.2018,False
25.44,93.09,299.0,10.4,33.1,180.0,0.0,-1.0,33.1,30.8,36.1,1.211,0.1491,False
25.44,93.1,302.0,11.8,32.9,0.0,0.0,1.0,32.9,30.8,36.3,1.214,0.1684,False
25.44,93.11,207.0,11.8,32.7,0.0,0.0,1.0,32.7,30.9,36.4,1.217,0.168,False
25.44,93.12,201.0,7.7,32.6,312.1,-0.742,0.6704,32.6,30.9,36.5,1.219,0.1099,False
25.44,93.13,252.0,6.7,32.6,270.0,-1.0,-0.0,32.6,30.9,36.5,1.22,0.0956,False
25.44,93.14,256.0,13.6,32.6,227.9,-0.742,-0.6704,32.6,30.9,36.5,1.22,0.1927,False
25.44,93.15,266.0,17.0,32.7,270.0,-1.0,-0.0,32.7,30.9,36.5,1.219,0.2398,False
25.44,93.16,281.0,15.7,32.8,180.0,0.0,-1.0,32.8,30.8,36.4,1.217,0.2224,False
25.44,93.17,409.0,18.8,33.0,270.0,-1.0,-0.0,33.0,30.7,36.3,1.216,0.265,False
25.44,93.18,352.0,12.8,33.1,270.0,-1.0,-0.0,33.1,30.7,36.2,1.214,0.1825,False
25.44,93.19,356.0,13.3,33.3,270.0,-1.0,-0.0,33.3,30.6,36.1,1.212,0.1898,False
25.44,93.2,293.0,7.9,33.4,0.0,0.0,1.0,33.4,30.5,36.0,1.21,0.1136,False
25.44,93.21,280.0,6.5,33.5,0.0,0.0,1.0,33.5,30.5,36.0,1.208,0.0937,False
25.44,93.22,228.0,13.8,33.6,227.9,-0.742,-0.6704,33.6,30.5,35.9,1.207,0.1976,False
25.44,93.23,300.0,24.4,33.7,227.9,-0.742,-0.6704,33.7,30.4,35.8,1.205,0.3428,False
25.44,93.24,360.0,26.2,33.8,270.0,-1.0,-0.0,33.8,30.4,35.8,1.204,0.3667,False
25.44,93.25,451.0,23.0,33.9,270.0,-1.0,-0.0,33.9,30.4,35.7,1.203,0.3248,False
25.44,93.26,269.0,21.7,33.9,0.0,0.0,1.0,33.9,30.4,35.7,1.203,0.3074,False
25.44,93.27,353.0,12.9,33.9,270.0,-1.0,-0.0,33.9,30.4,35.7,1.202,0.1857,False
25.44,93.28,277.0,9.5,34.0,0.0,0.0,1.0,34.0,30.4,35.6,1.201,0.1374,False
25.44,93.29,263.0,3.5,34.0,270.0,-1.0,-0.0,34.0,30.4,35.6,1.201,0.0508,False
25.45,92.55,783.0,47.3,32.4,270.0,-1.0,-0.0,32.4,33.0,34.6,1.188,0.6186,False
25.45,92.56,734.0,44.6,32.3,270.0,-1.0,-0.0,32.3,33.0,34.7,1.189,0.5905,False
25.45,92.57,829.0,49.6,32.3,270.0,-1.0,-0.0,32.3,33.0,34.7,1.19,0.6399,False
25.45,92.58,804.0,48.3,32.2,270.0,-1.0,-0.0,32.2,33.0,34.7,1.191,0.6269,False
25.45,92.59,745.0,45.2,32.2,270.0,-1.0,-0.0,32.2,33.0,34.8,1.192,0.5953,False
25.45,92.6,740.0,44.9,32.1,270.0,-1.0,-0.0,32.1,33.0,34.8,1.193,0.5917,False
25.45,92.61,797.0,48.0,32.1,270.0,-1.0,-0.0,32.1,33.0,34.9,1.194,0.6224,False
25.45,92.62,782.0,47.2,32.0,270.0,-1.0,-0.0,32.0,33.1,34.9,1.196,0.6135,False
25.45,92.63,768.0,46.5,31.9,270.0,-1.0,-0.0,31.9,33.1,35.0,1.197,0.606,False
25.45,92.64,814.0,48.8,31.9,270.0,-1.0,-0.0,31.9,33.1,35.0,1.199,0.6275,False
25.45,92.65,788.0,47.5,31.8,270.0,-1.0,-0.0,31.8,33.1,35.1,1.2,0.6144,False
25.45,92.66,819.0,49.1,31.7,270.0,-1.0,-0.0,31.7,33.1,35.2,1.202,0.6288,False
25.45,92.67,749.0,45.4,31.6,270.0,-1.0,-0.0,31.6,33.2,35.2,1.203,0.5919,False
25.45,92.68,685.0,41.6,31.6,270.0,-1.0,-0.0,31.6,33.2,35.3,1.204,0.5514,False
25.45,92.69,649.0,39.2,31.5,270.0,-1.0,-0.0,31.5,33.2,35.3,1.205,0.5245,False
25.45,92.7,658.0,39.8,31.5,270.0,-1.0,-0.0,31.5,33.2,35.3,1.206,0.5308,False
25.45,92.71,683.0,41.5,31.5,270.0,-1.0,-0.0,31.5,33.2,35.3,1.206,0.5494,False
25.45,92.72,767.0,46.4,31.5,270.0,-1.0,-0.0,31.5,33.2,35.3,1.206,0.6005,False
25.45,92.73,802.0,48.2,31.5,270.0,-1.0,-0.0,31.5,33.1,35.3,1.206,0.6181,False
25.45,92.74,671.0,40.7,31.6,270.0,-1.0,-0.0,31.6,33.1,35.3,1.205,0.5412,False
25.45,92.75,523.0,29.5,31.7,270.0,-1.0,-0.0,31.7,33.0,35.3,1.203,0.4093,False
25.45,92.76,536.0,30.7,31.8,270.0,-1.0,-0.0,31.8,33.0,35.2,1.202,0.4247,False
25.45,92.77,480.0,25.7,32.0,270.0,-1.0,-0.0,32.0,32.9,35.1,1.2,0.3614,False
25.45,92.78,388.0,21.2,32.1,180.0,0.0,-1.0,32.1,32.8,35.1,1.198,0.3019,False
25.45,92.79,565.0,33.0,32.3,270.0,-1.0,-0.0,32.3,32.7,35.0,1.195,0.4558,False
25.45,92.8,543.0,31.2,32.5,270.0,-1.0,-0.0,32.5,32.6,34.9,1.193,0.4342,False
25.45,92.81,385.0,27.9,32.7,312.1,-0.742,0.6704,32.7,32.5,34.9,1.191,0.3929,False
25.45,92.82,460.0,23.8,32.8,270.0,-1.0,-0.0,32.8,32.3,34.8,1.189,0.3394,False
25.45,92.83,491.0,26.7,33.0,270.0,-1.0,-0.0,33.0,32.2,34.8,1.188,0.3782,False
25.45,92.84,426.0,31.7,33.2,270.0,-1.0,-0.0,33.2,32.1,34.8,1.186,0.4431,False
25.45,92.85,300.0,32.8,33.3,312.1,-0.742,0.6704,33.3,32.0,34.7,1.184,0.4575,False
25.45,92.86,327.0,18.3,33.5,312.1,-0.742,0.6704,33.5,31.8,34.7,1.183,0.2654,False
25.45,92.87,468.0,28.4,33.6,0.0,0.0,1.0,33.6,31.7,34.6,1.182,0.4024,False
25.45,92.88,221.0,28.9,33.8,227.9,-0.742,-0.6704,33.8,31.6,34.6,1.18,0.4096,False
25.45,92.89,415.0,23.0,33.9,180.0,0.0,-1.0,33.9,31.5,34.6,1.179,0.3314,False
25.45,92.9,414.0,24.7,34.0,270.0,-1.0,-0.0,34.0,31.4,34.5,1.177,0.355,False
25.45,92.91,425.0,20.4,34.2,270.0,-1.0,-0.0,34.2,31.4,34.5,1.176,0.2964,False
25.45,92.92,497.0,27.3,34.3,270.0,-1.0,-0.0,34.3,31.3,34.4,1.175,0.3903,False
25.45,92.93,455.0,23.4,34.3,270.0,-1.0,-0.0,34.3,31.3,34.4,1.174,0.3383,False
25.45,92.94,392.0,17.1,34.4,270.0,-1.0,-0.0,34.4,31.3,34.3,1.173,0.2507,False
25.45,92.95,368.0,14.6,34.4,270.0,-1.0,-0.0,34.4,31.2,34.3,1.173,0.2149,False
25.45,92.96,364.0,14.1,34.4,270.0,-1.0,-0.0,34.4,31.2,34.4,1.173,0.2077,False
25.45,92.97,289.0,9.3,34.3,0.0,0.0,1.0,34.3,31.2,34.4,1.175,0.1375,False
25.45,92.98,297.0,6.8,34.3,270.0,-1.0,-0.0,34.3,31.2,34.5,1.176,0.1007,False
25.45,92.99,320.0,17.1,34.2,0.0,0.0,1.0,34.2,31.2,34.6,1.179,0.2494,False
25.45,93.0,180.0,17.1,34.1,0.0,0.0,1.0,34.1,31.1,34.8,1.182,0.2488,False
25.45,93.01,145.0,10.3,34.0,90.0,1.0,0.0,34.0,31.1,34.9,1.185,0.1509,False
25.45,93.02,221.0,9.5,33.9,180.0,0.0,-1.0,33.9,31.0,35.1,1.189,0.1388,False
25.45,93.03,214.0,5.0,33.8,132.1,0.742,-0.6704,33.8,31.0,35.3,1.192,0.0731,False
25.45,93.04,200.0,4.2,33.6,90.0,1.0,0.0,33.6,30.9,35.4,1.196,0.0612,False
25.45,93.05,185.0,5.9,33.5,90.0,1.0,0.0,33.5,30.9,35.6,1.2,0.0857,False
25.45,93.06,231.0,8.3,33.3,227.9,-0.742,-0.6704,33.3,30.9,35.8,1.204,0.1199,False
25.45,93.07,225.0,11.8,33.1,270.0,-1.0,-0.0,33.1,30.9,36.0,1.208,0.1693,False
25.45,93.08,228.0,8.5,32.9,312.1,-0.742,0.6704,32.9,30.9,36.1,1.212,0.122,False
25.45,93.09,250.0,5.5,32.7,270.0,-1.0,-0.0,32.7,31.0,36.3,1.217,0.0788,False
25.45,93.1,256.0,5.2,32.5,270.0,-1.0,-0.0,32.5,31.0,36.5,1.221,0.0742,False
25.45,93.11,225.0,6.5,32.3,312.1,-0.742,0.6704,32.3,31.1,36.6,1.224,0.0925,False
25.45,93.12,204.0,4.0,32.1,227.9,-0.742,-0.6704,32.1,31.1,36.8,1.227,0.0569,False
25.45,93.13,193.0,6.7,32.1,270.0,-1.0,-0.0,32.1,31.2,36.8,1.228,0.095,False
25.45,93.14,237.0,5.5,32.1,180.0,0.0,-1.0,32.1,31.1,36.8,1.227,0.0781,False
25.45,93.15,192.0,3.7,32.2,227.9,-0.742,-0.6704,32.2,31.1,36.7,1.226,0.0526,False
25.45,93.16,239.0,14.2,32.4,227.9,-0.742,-0.6704,32.4,31.0,36.6,1.224,0.2004,False
25.45,93.17,370.0,18.8,32.6,270.0,-1.0,-0.0,32.6,30.9,36.5,1.221,0.2639,False
25.45,93.18,413.0,14.2,32.8,312.1,-0.742,0.6704,32.8,30.8,36.4,1.218,0.2014,False
25.45,93.19,385.0,13.3,33.0,270.0,-1.0,-0.0,33.0,30.7,36.3,1.216,0.1892,False
25.45,93.2,307.0,9.9,33.2,312.1,-0.742,0.6704,33.2,30.7,36.2,1.213,0.1417,False
25.45,93.21,284.0,4.9,33.3,270.0,-1.0,-0.0,33.3,30.6,36.1,1.211,0.0705,False
25.45,93.22,292.0,5.3,33.5,227.9,-0.742,-0.6704,33.5,30.6,36.0,1.21,0.0763,False
25.45,93.23,280.0,10.2,33.6,227.9,-0.742,-0.6704,33.6,30.5,35.9,1.208,0.1466,False
25.45,93.24,268.0,17.5,33.7,227.9,-0.742,-0.6704,33.7,30.5,35.8,1.207,0.2491,False
25.45,93.25,216.0,23.0,33.7,270.0,-1.0,-0.0,33.7,30.5,35.8,1.205,0.3243,False
25.45,93.26,438.0,17.5,33.8,312.1,-0.742,0.6704,33.8,30.5,35.7,1.204,0.2498,False
25.45,93.27,568.0,12.9,33.8,270.0,-1.0,-0.0,33.8,30.4,35.7,1.204,0.1854,False
25.45,93.28,413.0,9.7,33.9,312.1,-0.742,0.6704,33.9,30.4,35.7,1.203,0.1401,False
25.45,93.29,411.0,3.5,33.9,312.1,-0.742,0.6704,33.9,30.5,35.6,1.202,0.0508,False
25.46,92.55,818.0,47.3,32.3,270.0,-1.0,-0.0,32.3,33.0,34.7,1.189,0.6181,False
25.46,92.56,757.0,44.6,32.3,270.0,-1.0,-0.0,32.3,33.0,34.7,1.19,0.59,False
25.46,92.57,806.0,49.6,32.3,270.0,-1.0,-0.0,32.3,33.0,34.8,1.191,0.6394,False
25.46,92.58,794.0,48.3,32.2,270.0,-1.0,-0.0,32.2,33.0,34.8,1.192,0.6264,False
25.46,92.59,741.0,45.2,32.1,270.0,-1.0,-0.0,32.1,33.0,34.8,1.193,0.5948,False
25.46,92.6,734.0,44.9,32.1,270.0,-1.0,-0.0,32.1,33.0,34.9,1.194,0.5912,False
25.46,92.61,748.0,48.0,32.0,270.0,-1.0,-0.0,32.0,33.0,34.9,1.196,0.6214,False
25.46,92.62,742.0,47.2,31.9,270.0,-1.0,-0.0,31.9,33.1,35.0,1.197,0.613,False
25.46,92.63,753.0,46.5,31.9,270.0,-1.0,-0.0,31.9,33.1,35.1,1.199,0.605,False
25.46,92.64,772.0,48.8,31.8,270.0,-1.0,-0.0,31.8,33.1,35.1,1.2,0.627,False
25.46,92.65,771.0,47.5,31.7,270.0,-1.0,-0.0,31.7,33.1,35.2,1.202,0.6134,False
25.46,92.66,696.0,49.1,31.6,270.0,-1.0,-0.0,31.6,33.2,35.2,1.204,0.6278,False
25.46,92.67,636.0,45.4,31.5,270.0,-1.0,-0.0,31.5,33.2,35.3,1.205,0.5909,False
25.46,92.68,633.0,41.6,31.4,270.0,-1.0,-0.0,31.4,33.2,35.4,1.207,0.5501,False
25.46,92.69,650.0,39.2,31.4,270.0,-1.0,-0.0,31.4,33.2,35.4,1.208,0.5232,False
25.46,92.7,632.0,39.8,31.3,270.0,-1.0,-0.0,31.3,33.2,35.4,1.209,0.5295,False
25.46,92.71,663.0,41.5,31.3,270.0,-1.0,-0.0,31.3,33.2,35.5,1.21,0.5476,False
25.46,92.72,643.0,46.4,31.3,270.0,-1.0,-0.0,31.3,33.2,35.5,1.21,0.5985,False
25.46,92.73,757.0,48.2,31.3,270.0,-1.0,-0.0,31.3,33.2,35.5,1.209,0.6166,False
25.46,92.74,663.0,40.7,31.4,270.0,-1.0,-0.0,31.4,33.2,35.4,1.208,0.5398,False
25.46,92.75,530.0,32.5,31.5,312.1,-0.742,0.6704,31.5,33.1,35.4,1.207,0.4452,False
25.46,92.76,439.0,30.7,31.7,270.0,-1.0,-0.0,31.7,33.0,35.3,1.205,0.4237,False
25.46,92.77,410.0,25.7,31.8,270.0,-1.0,-0.0,31.8,32.9,35.2,1.202,0.3608,False
25.46,92.78,358.0,25.7,32.0,227.9,-0.742,-0.6704,32.0,32.8,35.2,1.2,0.3614,False
25.46,92.79,346.0,33.0,32.2,270.0,-1.0,-0.0,32.2,32.7,35.1,1.198,0.4546,False
25.46,92.8,421.0,31.2,32.4,270.0,-1.0,-0.0,32.4,32.6,35.0,1.195,0.4335,False
25.46,92.81,397.0,24.2,32.6,312.1,-0.742,0.6704,32.6,32.5,35.0,1.193,0.3436,False
25.46,92.82,353.0,23.8,32.7,270.0,-1.0,-0.0,32.7,32.4,34.9,1.191,0.3388,False
25.46,92.83,361.0,26.7,32.9,270.0,-1.0,-0.0,32.9,32.2,34.9,1.189,0.3779,False
25.46,92.84,389.0,20.5,33.1,270.0,-1.0,-0.0,33.1,32.1,34.8,1.187,0.295,False
25.46,92.85,598.0,15.5,33.3,312.1,-0.742,0.6704,33.3,32.0,34.8,1.186,0.2253,False
25.46,92.86,545.0,18.8,33.4,227.9,-0.742,-0.6704,33.4,31.9,34.7,1.184,0.2722,False
25.46,92.87,593.0,24.6,33.6,270.0,-1.0,-0.0,33.6,31.8,34.7,1.183,0.3519,False
25.46,92.88,348.0,18.8,33.7,312.1,-0.742,0.6704,33.7,31.6,34.7,1.181,0.2729,False
25.46,92.89,331.0,19.4,33.8,270.0,-1.0,-0.0,33.8,31.6,34.6,1.18,0.2815,False
25.46,92.9,325.0,19.3,34.0,270.0,-1.0,-0.0,34.0,31.5,34.6,1.179,0.2803,False
25.46,92.91,224.0,20.9,34.1,227.9,-0.742,-0.6704,34.1,31.4,34.5,1.177,0.3031,False
25.46,92.92,234.0,27.3,34.2,270.0,-1.0,-0.0,34.2,31.3,34.5,1.176,0.39,False
25.46,92.93,233.0,23.4,34.2,270.0,-1.0,-0.0,34.2,31.3,34.4,1.175,0.338,False
25.46,92.94,257.0,17.8,34.3,312.1,-0.742,0.6704,34.3,31.3,34.4,1.175,0.2602,False
25.46,92.95,191.0,14.6,34.3,270.0,-1.0,-0.0,34.3,31.3,34.4,1.175,0.2145,False
25.46,92.96,198.0,14.1,34.3,270.0,-1.0,-0.0,34.3,31.2,34.5,1.175,0.2073,False
25.46,92.97,224.0,10.6,34.3,312.1,-0.742,0.6704,34.3,31.2,34.5,1.177,0.1563,False
25.46,92.98,245.0,7.0,34.2,227.9,-0.742,-0.6704,34.2,31.2,34.6,1.179,0.1034,False
25.46,92.99,237.0,9.3,34.1,270.0,-1.0,-0.0,34.1,31.2,34.7,1.181,0.1368,False
25.46,93.0,197.0,7.7,34.0,47.9,0.742,0.6704,34.0,31.1,34.9,1.184,0.1132,False
25.46,93.01,219.0,10.3,33.9,90.0,1.0,0.0,33.9,31.1,35.0,1.187,0.1506,False
25.46,93.02,204.0,7.7,33.8,132.1,0.742,-0.6704,33.8,31.0,35.2,1.191,0.1125,False
25.46,93.03,215.0,3.5,33.6,47.9,0.742,0.6704,33.6,31.0,35.3,1.195,0.0511,False
25.46,93.04,243.0,4.4,33.5,47.9,0.742,0.6704,33.5,31.0,35.5,1.199,0.064,False
25.46,93.05,256.0,5.9,33.3,90.0,1.0,0.0,33.3,31.0,35.7,1.203,0.0854,False
25.46,93.06,251.0,4.4,33.1,132.1,0.742,-0.6704,33.1,31.0,35.9,1.208,0.0635,False
25.46,93.07,221.0,3.5,32.9,90.0,1.0,0.0,32.9,31.0,36.1,1.212,0.0504,False
25.46,93.08,218.0,3.5,32.6,227.9,-0.742,-0.6704,32.6,31.1,36.3,1.217,0.0502,False
25.46,93.09,261.0,3.5,32.3,227.9,-0.742,-0.6704,32.3,31.1,36.5,1.222,0.05,False
25.46,93.1,204.0,3.5,32.1,270.0,-1.0,-0.0,32.1,31.2,36.7,1.227,0.0498,False
25.46,93.11,260.0,3.5,31.8,47.9,0.742,0.6704,31.8,31.3,36.9,1.231,0.0496,False
25.46,93.12,174.0,3.7,31.6,90.0,1.0,0.0,31.6,31.3,37.0,1.234,0.0523,False
25.46,93.13,187.0,5.0,31.6,90.0,1.0,0.0,31.6,31.4,37.1,1.235,0.0706,False
25.46,93.14,219.0,3.7,31.6,132.1,0.742,-0.6704,31.6,31.3,37.1,1.234,0.0523,False
25.46,93.15,169.0,3.5,31.8,180.0,0.0,-1.0,31.8,31.3,37.0,1.232,0.0496,False
25.46,93.16,201.0,3.5,32.0,180.0,0.0,-1.0,32.0,31.2,36.8,1.23,0.0496,False
25.46,93.17,271.0,3.5,32.2,180.0,0.0,-1.0,32.2,31.1,36.7,1.226,0.0498,False
25.46,93.18,277.0,3.5,32.5,180.0,0.0,-1.0,32.5,31.0,36.5,1.223,0.0499,False
25.46,93.19,472.0,3.5,32.8,180.0,0.0,-1.0,32.8,30.9,36.4,1.22,0.05,False
25.46,93.2,457.0,3.5,33.0,180.0,0.0,-1.0,33.0,30.8,36.3,1.217,0.0502,False
25.46,93.21,307.0,3.5,33.2,180.0,0.0,-1.0,33.2,30.7,36.2,1.214,0.0503,False
25.46,93.22,342.0,3.5,33.3,180.0,0.0,-1.0,33.3,30.6,36.1,1.212,0.0504,False
25.46,93.23,296.0,3.5,33.4,180.0,0.0,-1.0,33.4,30.6,36.0,1.21,0.0505,False
25.46,93.24,208.0,3.5,33.6,180.0,0.0,-1.0,33.6,30.5,35.9,1.209,0.0505,False
25.46,93.25,234.0,3.5,33.6,180.0,0.0,-1.0,33.6,30.5,35.8,1.207,0.0506,False
25.46,93.26,430.0,3.5,33.7,180.0,0.0,-1.0,33.7,30.5,35.8,1.206,0.0506,False
25.46,93.27,661.0,3.5,33.8,180.0,0.0,-1.0,33.8,30.5,35.7,1.205,0.0507,False
25.46,93.28,605.0,3.5,33.8,180.0,0.0,-1.0,33.8,30.5,35.7,1.204,0.0507,False
25.46,93.29,534.0,3.5,33.9,180.0,0.0,-1.0,33.9,30.5,35.7,1.203,0.0507,False
25.47,92.56,745.0,3.5,32.3,180.0,0.0,-1.0,32.3,33.0,34.8,1.191,0.0513,False
25.47,92.57,764.0,3.5,32.2,180.0,0.0,-1.0,32.2,33.0,34.8,1.192,0.0512,False
25.47,92.58,742.0,3.5,32.2,180.0,0.0,-1.0,32.2,33.0,34.9,1.193,0.0512,False
25.47,92.59,730.0,3.5,32.1,180.0,0.0,-1.0,32.1,33.0,34.9,1.194,0.0511,False
25.47,92.6,750.0,3.5,32.0,180.0,0.0,-1.0,32.0,33.0,35.0,1.196,0.051,False
25.47,92.61,727.0,3.5,31.9,180.0,0.0,-1.0,31.9,33.0,35.0,1.197,0.051,False
25.47,92.62,730.0,3.5,31.9,180.0,0.0,-1.0,31.9,33.1,35.1,1.199,0.0509,False
25.47,92.63,746.0,3.5,31.8,180.0,0.0,-1.0,31.8,33.1,35.1,1.2,0.0509,False
25.47,92.64,776.0,3.5,31.7,180.0,0.0,-1.0,31.7,33.1,35.2,1.202,0.0508,False
25.47,92.65,770.0,3.5,31.6,180.0,0.0,-1.0,31.6,33.2,35.3,1.204,0.0507,False
25.47,92.66,680.0,3.5,31.5,180.0,0.0,-1.0,31.5,33.2,35.3,1.206,0.0506,False
25.47,92.67,642.0,3.5,31.4,180.0,0.0,-1.0,31.4,33.2,35.4,1.208,0.0505,False
25.47,92.68,614.0,3.5,31.3,180.0,0.0,-1.0,31.3,33.2,35.5,1.209,0.0505,False
25.47,92.69,608.0,3.5,31.2,180.0,0.0,-1.0,31.2,33.3,35.5,1.211,0.0504,False
25.47,92.7,610.0,3.5,31.2,180.0,0.0,-1.0,31.2,33.3,35.6,1.212,0.0504,False
25.47,92.71,628.0,3.5,31.1,180.0,0.0,-1.0,31.1,33.3,35.6,1.213,0.0503,False
25.47,92.72,635.0,3.5,31.1,180.0,0.0,-1.0,31.1,33.3,35.6,1.213,0.0503,False
25.47,92.73,697.0,3.5,31.2,180.0,0.0,-1.0,31.2,33.3,35.6,1.212,0.0504,False
25.47,92.74,580.0,3.5,31.2,180.0,0.0,-1.0,31.2,33.2,35.5,1.211,0.0504,False
25.47,92.75,587.0,3.5,31.4,180.0,0.0,-1.0,31.4,33.2,35.5,1.209,0.0505,False
25.47,92.76,556.0,3.5,31.5,180.0,0.0,-1.0,31.5,33.1,35.4,1.207,0.0506,False
25.47,92.77,518.0,3.5,31.7,180.0,0.0,-1.0,31.7,33.0,35.3,1.205,0.0507,False
25.47,92.78,470.0,3.5,31.9,180.0,0.0,-1.0,31.9,32.9,35.3,1.202,0.0508,False
25.47,92.79,353.0,3.5,32.1,180.0,0.0,-1.0,32.1,32.8,35.2,1.2,0.0509,False
25.47,92.8,389.0,3.5,32.3,180.0,0.0,-1.0,32.3,32.6,35.1,1.197,0.051,False
25.47,92.81,382.0,3.5,32.5,180.0,0.0,-1.0,32.5,32.5,35.0,1.195,0.0511,False
25.47,92.82,364.0,3.5,32.6,180.0,0.0,-1.0,32.6,32.4,35.0,1.193,0.0512,False
25.47,92.83,484.0,3.5,32.8,180.0,0.0,-1.0,32.8,32.3,34.9,1.191,0.0513,False
25.47,92.84,369.0,3.5,33.0,180.0,0.0,-1.0,33.0,32.1,34.9,1.189,0.0513,False
25.47,92.85,606.0,3.5,33.2,180.0,0.0,-1.0,33.2,32.0,34.8,1.187,0.0514,False
25.47,92.86,578.0,3.5,33.3,180.0,0.0,-1.0,33.3,31.9,34.8,1.185,0.0515,False
25.47,92.87,466.0,3.5,33.5,180.0,0.0,-1.0,33.5,31.8,34.7,1.184,0.0516,False
25.47,92.88,365.0,3.5,33.6,180.0,0.0,-1.0,33.6,31.7,34.7,1.183,0.0516,False
25.47,92.89,557.0,3.5,33.8,180.0,0.0,-1.0,33.8,31.6,34.7,1.181,0.0517,False
25.47,92.9,560.0,3.5,33.9,180.0,0.0,-1.0,33.9,31.5,34.6,1.18,0.0517,False
25.47,92.91,505.0,3.5,34.0,180.0,0.0,-1.0,34.0,31.4,34.6,1.179,0.0518,False
25.47,92.92,477.0,3.5,34.1,180.0,0.0,-1.0,34.1,31.4,34.6,1.178,0.0518,False
25.47,92.93,287.0,3.5,34.1,180.0,0.0,-1.0,34.1,31.3,34.5,1.177,0.0519,False
25.47,92.94,407.0,3.5,34.2,180.0,0.0,-1.0,34.2,31.3,34.5,1.177,0.0519,False
25.47,92.95,403.0,3.5,34.2,180.0,0.0,-1.0,34.2,31.3,34.5,1.177,0.0519,False
25.47,92.96,194.0,3.5,34.2,180.0,0.0,-1.0,34.2,31.3,34.6,1.178,0.0518,False
25.47,92.97,287.0,3.5,34.1,180.0,0.0,-1.0,34.1,31.2,34.6,1.179,0.0518,False
25.47,92.98,259.0,3.5,34.1,180.0,0.0,-1.0,34.1,31.2,34.7,1.181,0.0517,False
25.47,92.99,144.0,3.5,34.0,180.0,0.0,-1.0,34.0,31.2,34.8,1.183,0.0516,False
25.47,93.0,165.0,3.5,33.9,180.0,0.0,-1.0,33.9,31.1,34.9,1.186,0.0515,False
25.47,93.01,220.0,3.5,33.8,180.0,0.0,-1.0,33.8,31.1,35.1,1.19,0.0513,False
25.47,93.02,261.0,3.5,33.7,180.0,0.0,-1.0,33.7,31.1,35.3,1.193,0.0512,False
25.47,93.03,243.0,3.5,33.5,180.0,0.0,-1.0,33.5,31.0,35.4,1.197,0.051,False
25.47,93.04,194.0,3.5,33.4,180.0,0.0,-1.0,33.4,31.0,35.6,1.201,0.0508,False
25.47,93.05,214.0,3.5,33.2,180.0,0.0,-1.0,33.2,31.0,35.8,1.206,0.0506,False
25.47,93.06,170.0,3.5,32.9,180.0,0.0,-1.0,32.9,31.0,36.0,1.211,0.0504,False
25.47,93.07,197.0,3.5,32.7,180.0,0.0,-1.0,32.7,31.1,36.2,1.216,0.0502,False
25.47,93.08,180.0,3.5,32.4,180.0,0.0,-1.0,32.4,31.2,36.5,1.221,0.05,False
25.47,93.09,217.0,3.5,32.0,180.0,0.0,-1.0,32.0,31.2,36.7,1.227,0.0498,False
25.47,93.1,189.0,3.5,31.7,180.0,0.0,-1.0,31.7,31.3,37.0,1.232,0.0496,False
25.47,93.11,241.0,3.5,31.4,180.0,0.0,-1.0,31.4,31.4,37.2,1.237,0.0494,False
25.47,93.12,175.0,3.5,31.2,180.0,0.0,-1.0,31.2,31.5,37.3,1.24,0.0492,False
25.47,93.13,247.0,3.5,31.1,180.0,0.0,-1.0,31.1,31.5,37.3,1.241,0.0492,False
25.47,93.14,208.0,3.5,31.2,180.0,0.0,-1.0,31.2,31.5,37.3,1.24,0.0492,False
25.47,93.15,174.0,3.5,31.4,180.0,0.0,-1.0,31.4,31.4,37.2,1.238,0.0493,False
25.47,93.16,186.0,3.5,31.6,180.0,0.0,-1.0,31.6,31.3,37.0,1.234,0.0495,False
25.47,93.17,244.0,3.5,32.0,180.0,0.0,-1.0,32.0,31.2,36.9,1.231,0.0496,False
25.47,93.18,232.0,3.5,32.3,180.0,0.0,-1.0,32.3,31.1,36.7,1.227,0.0498,False
25.47,93.19,316.0,3.5,32.6,180.0,0.0,-1.0,32.6,30.9,36.5,1.223,0.0499,False
25.47,93.2,314.0,3.5,32.8,180.0,0.0,-1.0,32.8,30.8,36.4,1.22,0.05,False
25.47,93.21,243.0,3.5,33.0,180.0,0.0,-1.0,33.0,30.8,36.2,1.217,0.0502,False
25.47,93.22,245.0,3.5,33.2,180.0,0.0,-1.0,33.2,30.7,36.1,1.215,0.0502,False
25.47,93.23,208.0,3.5,33.3,180.0,0.0,-1.0,33.3,30.6,36.0,1.213,0.0503,False
25.47,93.24,226.0,3.5,33.5,180.0,0.0,-1.0,33.5,30.6,35.9,1.211,0.0504,False
25.47,93.25,194.0,3.5,33.6,180.0,0.0,-1.0,33.6,30.6,35.9,1.209,0.0505,False
25.47,93.26,277.0,3.5,33.6,180.0,0.0,-1.0,33.6,30.5,35.8,1.208,0.0505,False
25.47,93.27,378.0,3.5,33.7,180.0,0.0,-1.0,33.7,30.5,35.8,1.207,0.0506,False
25.47,93.28,619.0,3.5,33.8,180.0,0.0,-1.0,33.8,30.5,35.7,1.206,0.0506,False
25.47,93.29,547.0,3.5,33.8,180.0,0.0,-1.0,33.8,30.5,35.7,1.205,0.0507,False
25.48,92.57,789.0,3.5,32.2,180.0,0.0,-1.0,32.2,33.0,34.9,1.193,0.0512,False
25.48,92.58,743.0,3.5,32.1,180.0,0.0,-1.0,32.1,33.0,34.9,1.194,0.0511,False
25.48,92.59,740.0,3.5,32.0,180.0,0.0,-1.0,32.0,33.0,35.0,1.195,0.0511,False
25.48,92.6,731.0,3.5,32.0,180.0,0.0,-1.0,32.0,33.0,35.0,1.197,0.051,False
25.48,92.61,730.0,3.5,31.9,180.0,0.0,-1.0,31.9,33.0,35.1,1.198,0.051,False
25.48,92.62,749.0,3.5,31.8,180.0,0.0,-1.0,31.8,33.1,35.1,1.2,0.0509,False
25.48,92.63,735.0,3.5,31.7,180.0,0.0,-1.0,31.7,33.1,35.2,1.202,0.0508,False
25.48,92.64,759.0,3.5,31.6,180.0,0.0,-1.0,31.6,33.1,35.3,1.204,0.0507,False
25.48,92.65,747.0,3.5,31.5,180.0,0.0,-1.0,31.5,33.2,35.3,1.206,0.0506,False
25.48,92.66,684.0,3.5,31.4,180.0,0.0,-1.0,31.4,33.2,35.4,1.208,0.0505,False
25.48,92.67,625.0,3.5,31.3,180.0,0.0,-1.0,31.3,33.2,35.5,1.21,0.0505,False
25.48,92.68,608.0,3.5,31.2,180.0,0.0,-1.0,31.2,33.3,35.5,1.211,0.0504,False
25.48,92.69,608.0,3.5,31.1,180.0,0.0,-1.0,31.1,33.3,35.6,1.213,0.0503,False
25.48,92.7,608.0,3.5,31.0,180.0,0.0,-1.0,31.0,33.3,35.6,1.214,0.0503,False
25.48,92.71,621.0,3.5,31.0,180.0,0.0,-1.0,31.0,33.3,35.7,1.215,0.0502,False
25.48,92.72,668.0,3.5,31.0,180.0,0.0,-1.0,31.0,33.3,35.7,1.215,0.0502,False
25.48,92.73,697.0,3.5,31.0,180.0,0.0,-1.0,31.0,33.3,35.7,1.215,0.0502,False
25.48,92.74,578.0,3.5,31.1,180.0,0.0,-1.0,31.1,33.3,35.6,1.214,0.0503,False
25.48,92.75,494.0,3.5,31.2,180.0,0.0,-1.0,31.2,33.2,35.6,1.212,0.0504,False
25.48,92.76,473.0,3.5,31.4,180.0,0.0,-1.0,31.4,33.1,35.5,1.21,0.0505,False
25.48,92.77,460.0,3.5,31.5,180.0,0.0,-1.0,31.5,33.0,35.4,1.207,0.0506,False
25.48,92.78,405.0,3.5,31.7,180.0,0.0,-1.0,31.7,32.9,35.3,1.204,0.0507,False
25.48,92.79,461.0,3.5,31.9,180.0,0.0,-1.0,31.9,32.8,35.2,1.202,0.0508,False
25.48,92.8,543.0,3.5,32.2,180.0,0.0,-1.0,32.2,32.7,35.2,1.199,0.0509,False
25.48,92.81,411.0,3.5,32.4,180.0,0.0,-1.0,32.4,32.5,35.1,1.196,0.051,False
25.48,92.82,494.0,3.5,32.6,180.0,0.0,-1.0,32.6,32.4,35.0,1.194,0.0511,False
25.48,92.83,622.0,3.5,32.7,180.0,0.0,-1.0,32.7,32.3,35.0,1.192,0.0512,False
25.48,92.84,533.0,3.5,32.9,180.0,0.0,-1.0,32.9,32.1,34.9,1.19,0.0513,False
25.48,92.85,548.0,3.5,33.1,180.0,0.0,-1.0,33.1,32.0,34.9,1.188,0.0514,False
25.48,92.86,525.0,3.5,33.3,180.0,0.0,-1.0,33.3,31.9,34.8,1.187,0.0514,False
25.48,92.87,450.0,3.5,33.4,180.0,0.0,-1.0,33.4,31.8,34.8,1.185,0.0515,False
25.48,92.88,532.0,3.5,33.5,180.0,0.0,-1.0,33.5,31.7,34.8,1.184,0.0516,False
25.48,92.89,584.0,3.5,33.7,180.0,0.0,-1.0,33.7,31.6,34.7,1.183,0.0516,False
25.48,92.9,532.0,3.5,33.8,180.0,0.0,-1.0,33.8,31.5,34.7,1.182,0.0516,False
25.48,92.91,500.0,3.5,33.9,180.0,0.0,-1.0,33.9,31.5,34.7,1.181,0.0517,False
25.48,92.92,460.0,3.5,34.0,180.0,0.0,-1.0,34.0,31.4,34.6,1.18,0.0517,False
25.48,92.93,399.0,3.5,34.0,180.0,0.0,-1.0,34.0,31.4,34.6,1.18,0.0517,False
25.48,92.94,394.0,3.5,34.1,180.0,0.0,-1.0,34.1,31.3,34.6,1.179,0.0518,False
25.48,92.95,360.0,3.5,34.1,180.0,0.0,-1.0,34.1,31.3,34.6,1.18,0.0517,False
25.48,92.96,332.0,3.5,34.1,180.0,0.0,-1.0,34.1,31.3,34.7,1.18,0.0517,False
25.48,92.97,265.0,3.5,34.0,180.0,0.0,-1.0,34.0,31.2,34.7,1.182,0.0516,False
25.48,92.98,262.0,3.5,34.0,180.0,0.0,-1.0,34.0,31.2,34.8,1.184,0.0516,False
25.48,92.99,269.0,3.5,33.9,180.0,0.0,-1.0,33.9,31.2,34.9,1.186,0.0515,False
25.48,93.0,176.0,3.5,33.8,180.0,0.0,-1.0,33.8,31.2,35.0,1.189,0.0513,False
25.48,93.01,195.0,3.5,33.7,180.0,0.0,-1.0,33.7,31.1,35.2,1.192,0.0512,False
25.48,93.02,215.0,3.5,33.6,180.0,0.0,-1.0,33.6,31.1,35.3,1.196,0.051,False
25.48,93.03,174.0,3.5,33.4,180.0,0.0,-1.0,33.4,31.1,35.5,1.2,0.0509,False
25.48,93.04,207.0,3.5,33.2,180.0,0.0,-1.0,33.2,31.1,35.7,1.204,0.0507,False
25.48,93.05,204.0,3.5,33.0,180.0,0.0,-1.0,33.0,31.1,35.9,1.209,0.0505,False
25.48,93.06,175.0,3.5,32.8,180.0,0.0,-1.0,32.8,31.1,36.1,1.214,0.0503,False
25.48,93.07,156.0,3.5,32.5,180.0,0.0,-1.0,32.5,31.1,36.4,1.219,0.0501,False
25.48,93.08,197.0,3.5,32.2,180.0,0.0,-1.0,32.2,31.2,36.6,1.225,0.0498,False
25.48,93.09,194.0,3.5,31.8,180.0,0.0,-1.0,31.8,31.3,36.9,1.231,0.0496,False
25.48,93.1,201.0,3.5,31.4,180.0,0.0,-1.0,31.4,31.5,37.1,1.237,0.0494,False
25.48,93.11,160.0,3.5,31.1,180.0,0.0,-1.0,31.1,31.6,37.4,1.241,0.0492,False
25.48,93.12,160.0,3.5,30.8,180.0,0.0,-1.0,30.8,31.7,37.5,1.245,0.049,False
25.48,93.13,212.0,3.5,30.8,180.0,0.0,-1.0,30.8,31.7,37.6,1.246,0.049,False
25.48,93.14,157.0,3.5,30.8,180.0,0.0,-1.0,30.8,31.6,37.5,1.245,0.049,False
25.48,93.15,162.0,3.5,31.1,180.0,0.0,-1.0,31.1,31.6,37.4,1.242,0.0492,False
25.48,93.16,184.0,3.5,31.4,180.0,0.0,-1.0,31.4,31.4,37.2,1.238,0.0493,False
25.48,93.17,239.0,3.5,31.7,180.0,0.0,-1.0,31.7,31.3,37.0,1.234,0.0495,False
25.48,93.18,256.0,3.5,32.1,180.0,0.0,-1.0,32.1,31.1,36.8,1.23,0.0496,False
25.48,93.19,247.0,3.5,32.4,180.0,0.0,-1.0,32.4,31.0,36.6,1.226,0.0498,False
25.48,93.2,204.0,3.5,32.7,180.0,0.0,-1.0,32.7,30.9,36.4,1.222,0.05,False
25.48,93.21,220.0,3.5,32.9,180.0,0.0,-1.0,32.9,30.8,36.3,1.219,0.0501,False
25.48,93.22,316.0,3.5,33.1,180.0,0.0,-1.0,33.1,30.7,36.2,1.217,0.0502,False
25.48,93.23,265.0,3.5,33.3,180.0,0.0,-1.0,33.3,30.7,36.1,1.215,0.0502,False
25.48,93.24,328.0,3.5,33.4,180.0,0.0,-1.0,33.4,30.6,36.0,1.213,0.0503,False
25.48,93.25,224.0,3.5,33.5,180.0,0.0,-1.0,33.5,30.6,35.9,1.211,0.0504,False
25.48,93.26,258.0,3.5,33.6,180.0,0.0,-1.0,33.6,30.6,35.8,1.209,0.0505,False
25.48,93.27,259.0,3.5,33.7,180.0,0.0,-1.0,33.7,30.6,35.8,1.208,0.0505,False
25.48,93.28,443.0,3.5,33.7,180.0,0.0,-1.0,33.7,30.5,35.7,1.207,0.0506,False
25.49,92.58,780.0,3.5,32.1,180.0,0.0,-1.0,32.1,33.0,34.9,1.195,0.0511,False
25.49,92.59,761.0,3.5,32.0,180.0,0.0,-1.0,32.0,33.0,35.0,1.196,0.051,False
25.49,92.6,739.0,3.5,31.9,180.0,0.0,-1.0,31.9,33.0,35.1,1.198,0.051,False
25.49,92.61,721.0,3.5,31.8,180.0,0.0,-1.0,31.8,33.0,35.1,1.2,0.0509,False
25.49,92.62,746.0,3.5,31.7,180.0,0.0,-1.0,31.7,33.1,35.2,1.201,0.0508,False
25.49,92.63,755.0,3.5,31.7,180.0,0.0,-1.0,31.7,33.1,35.2,1.203,0.0507,False
25.49,92.64,728.0,3.5,31.5,180.0,0.0,-1.0,31.5,33.1,35.3,1.205,0.0507,False
25.49,92.65,736.0,3.5,31.4,180.0,0.0,-1.0,31.4,33.2,35.4,1.207,0.0506,False
25.49,92.66,686.0,3.5,31.3,180.0,0.0,-1.0,31.3,33.2,35.5,1.209,0.0505,False
25.49,92.67,622.0,3.5,31.2,180.0,0.0,-1.0,31.2,33.3,35.5,1.211,0.0504,False
25.49,92.68,608.0,3.5,31.1,180.0,0.0,-1.0,31.1,33.3,35.6,1.213,0.0503,False
25.49,92.69,608.0,3.5,31.0,180.0,0.0,-1.0,31.0,33.3,35.7,1.215,0.0502,False
25.49,92.7,623.0,3.5,30.9,180.0,0.0,-1.0,30.9,33.4,35.7,1.216,0.0502,False
25.49,92.71,646.0,3.5,30.9,180.0,0.0,-1.0,30.9,33.4,35.7,1.217,0.0502,False
25.49,92.72,698.0,3.5,30.8,180.0,0.0,-1.0,30.8,33.4,35.7,1.217,0.0502,False
25.49,92.73,610.0,3.5,30.9,180.0,0.0,-1.0,30.9,33.4,35.7,1.217,0.0502,False
25.49,92.74,518.0,3.5,31.0,180.0,0.0,-1.0,31.0,33.3,35.7,1.216,0.0502,False
25.49,92.75,430.0,3.5,31.1,180.0,0.0,-1.0,31.1,33.3,35.6,1.214,0.0503,False
25.49,92.76,445.0,3.5,31.2,180.0,0.0,-1.0,31.2,33.2,35.6,1.212,0.0504,False
25.49,92.77,439.0,3.5,31.4,180.0,0.0,-1.0,31.4,33.1,35.5,1.209,0.0505,False
25.49,92.78,453.0,3.5,31.6,180.0,0.0,-1.0,31.6,33.0,35.4,1.206,0.0506,False
25.49,92.79,482.0,3.5,31.8,180.0,0.0,-1.0,31.8,32.8,35.3,1.203,0.0507,False
25.49,92.8,582.0,3.5,32.1,180.0,0.0,-1.0,32.1,32.7,35.2,1.201,0.0508,False
25.49,92.81,544.0,3.5,32.3,180.0,0.0,-1.0,32.3,32.6,35.2,1.198,0.051,False
25.49,92.82,492.0,3.5,32.5,180.0,0.0,-1.0,32.5,32.4,35.1,1.196,0.051,False
25.49,92.83,608.0,3.5,32.7,180.0,0.0,-1.0,32.7,32.3,35.0,1.193,0.0512,False
25.49,92.84,579.0,3.5,32.8,180.0,0.0,-1.0,32.8,32.2,35.0,1.191,0.0513,False
25.49,92.85,576.0,3.5,33.0,180.0,0.0,-1.0,33.0,32.0,34.9,1.19,0.0513,False
25.49,92.86,609.0,3.5,33.2,180.0,0.0,-1.0,33.2,31.9,34.9,1.188,0.0514,False
25.49,92.87,533.0,3.5,33.3,180.0,0.0,-1.0,33.3,31.8,34.9,1.187,0.0514,False
25.49,92.88,528.0,3.5,33.4,180.0,0.0,-1.0,33.4,31.7,34.8,1.186,0.0515,False
25.49,92.89,493.0,3.5,33.6,180.0,0.0,-1.0,33.6,31.6,34.8,1.185,0.0515,False
25.49,92.9,512.0,3.5,33.7,180.0,0.0,-1.0,33.7,31.6,34.8,1.184,0.0516,False
25.49,92.91,411.0,3.5,33.8,180.0,0.0,-1.0,33.8,31.5,34.8,1.183,0.0516,False
25.49,92.92,405.0,3.5,33.8,180.0,0.0,-1.0,33.8,31.4,34.7,1.182,0.0516,False
25.49,92.93,389.0,3.5,33.9,180.0,0.0,-1.0,33.9,31.4,34.7,1.182,0.0516,False
25.49,92.94,401.0,3.5,33.9,180.0,0.0,-1.0,33.9,31.3,34.7,1.182,0.0516,False
25.49,92.95,291.0,3.5,33.9,180.0,0.0,-1.0,33.9,31.3,34.7,1.182,0.0516,False
25.49,92.96,308.0,3.5,33.9,180.0,0.0,-1.0,33.9,31.3,34.8,1.183,0.0516,False
25.49,92.97,283.0,3.5,33.9,180.0,0.0,-1.0,33.9,31.3,34.8,1.184,0.0516,False
25.49,92.98,312.0,3.5,33.8,180.0,0.0,-1.0,33.8,31.2,34.9,1.186,0.0515,False
25.49,92.99,204.0,3.5,33.8,180.0,0.0,-1.0,33.8,31.2,35.0,1.189,0.0513,False
25.49,93.0,138.0,3.5,33.7,180.0,0.0,-1.0,33.7,31.2,35.2,1.191,0.0513,False
25.49,93.01,153.0,3.5,33.6,180.0,0.0,-1.0,33.6,31.1,35.3,1.195,0.0511,False
25.49,93.02,159.0,3.5,33.5,180.0,0.0,-1.0,33.5,31.1,35.4,1.198,0.051,False
25.49,93.03,221.0,3.5,33.3,180.0,0.0,-1.0,33.3,31.1,35.6,1.202,0.0508,False
25.49,93.04,234.0,3.5,33.1,180.0,0.0,-1.0,33.1,31.1,35.8,1.206,0.0506,False
25.49,93.05,162.0,3.5,32.9,180.0,0.0,-1.0,32.9,31.1,36.0,1.211,0.0504,False
25.49,93.06,136.0,3.5,32.7,180.0,0.0,-1.0,32.7,31.1,36.2,1.216,0.0502,False
25.49,93.07,157.0,3.5,32.4,180.0,0.0,-1.0,32.4,31.2,36.4,1.222,0.05,False
25.49,93.08,201.0,3.5,32.0,180.0,0.0,-1.0,32.0,31.3,36.7,1.227,0.0498,False
25.49,93.09,183.0,3.5,31.6,180.0,0.0,-1.0,31.6,31.4,37.0,1.234,0.0495,False
25.49,93.1,183.0,3.5,31.2,180.0,0.0,-1.0,31.2,31.5,37.2,1.239,0.0493,False
25.49,93.11,176.0,3.5,30.9,180.0,0.0,-1.0,30.9,31.6,37.5,1.244,0.0491,False
25.49,93.12,171.0,3.5,30.6,180.0,0.0,-1.0,30.6,31.7,37.6,1.248,0.0489,False
25.49,93.13,147.0,3.5,30.5,180.0,0.0,-1.0,30.5,31.8,37.7,1.249,0.0489,False
25.49,93.14,186.0,3.5,30.6,180.0,0.0,-1.0,30.6,31.7,37.6,1.248,0.0489,False
25.49,93.15,218.0,3.5,30.9,180.0,0.0,-1.0,30.9,31.6,37.5,1.245,0.049,False
25.49,93.16,164.0,3.5,31.2,180.0,0.0,-1.0,31.2,31.5,37.3,1.241,0.0492,False
25.49,93.17,212.0,3.5,31.6,180.0,0.0,-1.0,31.6,31.3,37.1,1.236,0.0494,False
25.49,93.18,198.0,3.5,32.0,180.0,0.0,-1.0,32.0,31.2,36.8,1.232,0.0496,False
25.49,93.19,179.0,3.5,32.3,180.0,0.0,-1.0,32.3,31.0,36.6,1.228,0.0497,False
25.49,93.2,178.0,3.5,32.6,180.0,0.0,-1.0,32.6,30.9,36.5,1.224,0.0499,False
25.49,93.21,195.0,3.5,32.9,180.0,0.0,-1.0,32.9,30.8,36.3,1.221,0.05,False
25.49,93.22,266.0,3.5,33.0,180.0,0.0,-1.0,33.0,30.8,36.2,1.218,0.0501,False
25.49,93.23,442.0,3.5,33.2,180.0,0.0,-1.0,33.2,30.7,36.1,1.216,0.0502,False
25.49,93.24,329.0,3.5,33.3,180.0,0.0,-1.0,33.3,30.7,36.0,1.214,0.0503,False
25.49,93.25,377.0,3.5,33.5,180.0,0.0,-1.0,33.5,30.6,35.9,1.212,0.0504,False
25.49,93.26,268.0,3.5,33.5,180.0,0.0,-1.0,33.5,30.6,35.9,1.211,0.0504,False
25.49,93.27,258.0,3.5,33.6,180.0,0.0,-1.0,33.6,30.6,35.8,1.21,0.0505,False
25.49,93.28,293.0,3.5,33.7,180.0,0.0,-1.0,33.7,30.6,35.8,1.208,0.0505,False
25.49,93.29,400.0,3.5,33.7,180.0,0.0,-1.0,33.7,30.6,35.7,1.207,0.0506,False
25.5,92.59,718.0,3.5,32.0,180.0,0.0,-1.0,32.0,33.0,35.0,1.197,0.051,False
25.5,92.6,748.0,3.5,31.9,180.0,0.0,-1.0,31.9,33.0,35.1,1.199,0.0509,False
25.5,92.61,718.0,3.5,31.8,180.0,0.0,-1.0,31.8,33.0,35.2,1.2,0.0509,False
25.5,92.62,718.0,3.5,31.7,180.0,0.0,-1.0,31.7,33.1,35.2,1.202,0.0508,False
25.5,92.63,718.0,3.5,31.6,180.0,0.0,-1.0,31.6,33.1,35.3,1.204,0.0507,False
25.5,92.64,722.0,3.5,31.5,180.0,0.0,-1.0,31.5,33.2,35.4,1.206,0.0506,False
25.5,92.65,724.0,3.5,31.4,180.0,0.0,-1.0,31.4,33.2,35.4,1.208,0.0505,False
25.5,92.66,668.0,3.5,31.3,180.0,0.0,-1.0,31.3,33.2,35.5,1.21,0.0505,False
25.5,92.67,638.0,3.5,31.1,180.0,0.0,-1.0,31.1,33.3,35.6,1.212,0.0504,False
25.5,92.68,608.0,3.5,31.0,180.0,0.0,-1.0,31.0,33.3,35.6,1.214,0.0503,False
25.5,92.69,608.0,3.5,30.9,180.0,0.0,-1.0,30.9,33.4,35.7,1.216,0.0502,False
25.5,92.7,608.0,3.5,30.8,180.0,0.0,-1.0,30.8,33.4,35.8,1.218,0.0501,False
25.5,92.71,612.0,3.5,30.8,180.0,0.0,-1.0,30.8,33.4,35.8,1.219,0.0501,False
25.5,92.72,616.0,3.5,30.8,180.0,0.0,-1.0,30.8,33.4,35.8,1.219,0.0501,False
25.5,92.73,680.0,3.5,30.8,180.0,0.0,-1.0,30.8,33.4,35.8,1.218,0.0501,False
25.5,92.74,546.0,3.5,30.9,180.0,0.0,-1.0,30.9,33.4,35.8,1.217,0.0502,False
25.5,92.75,537.0,3.5,31.0,180.0,0.0,-1.0,31.0,33.3,35.7,1.216,0.0502,False
25.5,92.76,519.0,3.5,31.1,180.0,0.0,-1.0,31.1,33.2,35.6,1.213,0.0503,False
25.5,92.77,558.0,3.5,31.3,180.0,0.0,-1.0,31.3,33.1,35.5,1.211,0.0504,False
25.5,92.78,505.0,3.5,31.5,180.0,0.0,-1.0,31.5,33.0,35.5,1.208,0.0505,False
25.5,92.79,395.0,3.5,31.8,180.0,0.0,-1.0,31.8,32.9,35.4,1.205,0.0507,False
25.5,92.8,442.0,3.5,32.0,180.0,0.0,-1.0,32.0,32.7,35.3,1.202,0.0508,False
25.5,92.81,412.0,3.5,32.2,180.0,0.0,-1.0,32.2,32.6,35.2,1.199,0.0509,False
25.5,92.82,305.0,3.5,32.4,180.0,0.0,-1.0,32.4,32.5,35.1,1.197,0.051,False
25.5,92.83,327.0,3.5,32.6,180.0,0.0,-1.0,32.6,32.3,35.1,1.195,0.0511,False
25.5,92.84,285.0,3.5,32.8,180.0,0.0,-1.0,32.8,32.2,35.0,1.193,0.0512,False
25.5,92.85,536.0,3.5,32.9,180.0,0.0,-1.0,32.9,32.1,35.0,1.191,0.0513,False
25.5,92.86,535.0,3.5,33.1,180.0,0.0,-1.0,33.1,32.0,35.0,1.19,0.0513,False
25.5,92.87,537.0,3.5,33.2,180.0,0.0,-1.0,33.2,31.8,34.9,1.188,0.0514,False
25.5,92.88,534.0,3.5,33.3,180.0,0.0,-1.0,33.3,31.8,34.9,1.187,0.0514,False
25.5,92.89,527.0,3.5,33.5,180.0,0.0,-1.0,33.5,31.7,34.9,1.186,0.0515,False
25.5,92.9,432.0,3.5,33.6,180.0,0.0,-1.0,33.6,31.6,34.9,1.185,0.0515,False
25.5,92.91,444.0,3.5,33.6,180.0,0.0,-1.0,33.6,31.5,34.8,1.185,0.0515,False
25.5,92.92,355.0,3.5,33.7,180.0,0.0,-1.0,33.7,31.5,34.8,1.184,0.0516,False
25.5,92.93,315.0,3.5,33.8,180.0,0.0,-1.0,33.8,31.4,34.8,1.184,0.0516,False
25.5,92.94,369.0,3.5,33.8,180.0,0.0,-1.0,33.8,31.4,34.8,1.184,0.0516,False
25.5,92.95,213.0,3.5,33.8,180.0,0.0,-1.0,33.8,31.3,34.9,1.185,0.0515,False
25.5,92.96,337.0,3.5,33.8,180.0,0.0,-1.0,33.8,31.3,34.9,1.186,0.0515,False
25.5,92.97,261.0,3.5,33.8,180.0,0.0,-1.0,33.8,31.3,35.0,1.187,0.0514,False
25.5,92.98,222.0,3.5,33.7,180.0,0.0,-1.0,33.7,31.2,35.0,1.189,0.0513,False
25.5,92.99,249.0,3.5,33.7,180.0,0.0,-1.0,33.7,31.2,35.1,1.191,0.0513,False
25.5,93.0,173.0,3.5,33.6,180.0,0.0,-1.0,33.6,31.2,35.2,1.194,0.0511,False
25.5,93.01,160.0,3.5,33.5,180.0,0.0,-1.0,33.5,31.1,35.4,1.197,0.051,False
25.5,93.02,113.0,3.5,33.4,180.0,0.0,-1.0,33.4,31.1,35.5,1.2,0.0509,False
25.5,93.03,189.0,3.5,33.2,180.0,0.0,-1.0,33.2,31.1,35.7,1.204,0.0507,False
25.5,93.04,230.0,3.5,33.1,180.0,0.0,-1.0,33.1,31.1,35.9,1.208,0.0505,False
25.5,93.05,177.0,3.5,32.8,180.0,0.0,-1.0,32.8,31.1,36.0,1.213,0.0503,False
25.5,93.06,151.0,3.5,32.6,180.0,0.0,-1.0,32.6,31.1,36.3,1.218,0.0501,False
25.5,93.07,148.0,3.5,32.3,180.0,0.0,-1.0,32.3,31.2,36.5,1.223,0.0499,False
25.5,93.08,146.0,3.5,32.0,180.0,0.0,-1.0,32.0,31.3,36.7,1.229,0.0497,False
25.5,93.09,145.0,3.5,31.6,180.0,0.0,-1.0,31.6,31.4,37.0,1.235,0.0494,False
25.5,93.1,154.0,3.5,31.2,180.0,0.0,-1.0,31.2,31.5,37.3,1.241,0.0492,False
25.5,93.11,152.0,3.5,30.8,180.0,0.0,-1.0,30.8,31.7,37.5,1.245,0.049,False
25.5,93.12,161.0,3.5,30.5,180.0,0.0,-1.0,30.5,31.8,37.7,1.249,0.0489,False
25.5,93.13,175.0,3.5,30.45,180.0,0.0,-1.0,30.45,31.8,37.75,1.25,0.0488,False
25.5,93.14,213.0,3.5,30.5,180.0,0.0,-1.0,30.5,31.8,37.7,1.249,0.0489,False
25.5,93.15,211.0,3.5,30.8,180.0,0.0,-1.0,30.8,31.7,37.5,1.246,0.049,False
25.5,93.16,273.0,3.5,31.2,180.0,0.0,-1.0,31.2,31.5,37.3,1.242,0.0492,False
25.5,93.17,195.0,3.5,31.6,180.0,0.0,-1.0,31.6,31.3,37.1,1.237,0.0494,False
25.5,93.18,212.0,3.5,32.0,180.0,0.0,-1.0,32.0,31.2,36.8,1.233,0.0495,False
25.5,93.19,265.0,3.5,32.3,180.0,0.0,-1.0,32.3,31.1,36.6,1.229,0.0497,False
25.5,93.2,259.0,3.5,32.6,180.0,0.0,-1.0,32.6,30.9,36.5,1.225,0.0498,False
25.5,93.21,231.0,3.5,32.8,180.0,0.0,-1.0,32.8,30.8,36.3,1.222,0.05,False
25.5,93.22,302.0,3.5,33.0,180.0,0.0,-1.0,33.0,30.8,36.2,1.22,0.05,False
25.5,93.23,293.0,3.5,33.2,180.0,0.0,-1.0,33.2,30.7,36.1,1.217,0.0502,False
25.5,93.24,493.0,3.5,33.3,180.0,0.0,-1.0,33.3,30.7,36.0,1.215,0.0502,False
25.5,93.25,318.0,3.5,33.4,180.0,0.0,-1.0,33.4,30.6,35.9,1.214,0.0503,False
25.5,93.26,350.0,3.5,33.5,180.0,0.0,-1.0,33.5,30.6,35.9,1.212,0.0504,False
25.5,93.27,311.0,3.5,33.6,180.0,0.0,-1.0,33.6,30.6,35.8,1.211,0.0504,False
25.5,93.28,358.0,3.5,33.6,180.0,0.0,-1.0,33.6,30.6,35.8,1.209,0.0505,False
25.5,93.29,473.0,3.5,33.7,180.0,0.0,-1.0,33.7,30.6,35.7,1.208,0.0505,False
25.51,92.59,777.0,37.3,31.9,132.1,0.742,-0.6704,31.9,33.0,35.1,1.198,0.5058,False
25.51,92.6,731.0,45.8,31.9,90.0,1.0,0.0,31.9,33.0,35.1,1.2,0.5974,False
25.51,92.61,718.0,45.1,31.8,90.0,1.0,0.0,31.8,33.0,35.2,1.201,0.5898,False
25.51,92.62,718.0,43.6,31.7,90.0,1.0,0.0,31.7,33.1,35.2,1.203,0.5732,False
25.51,92.63,718.0,43.6,31.6,90.0,1.0,0.0,31.6,33.1,35.3,1.205,0.5723,False
25.51,92.64,718.0,46.9,31.5,90.0,1.0,0.0,31.5,33.2,35.4,1.207,0.6049,False
25.51,92.65,719.0,47.9,31.3,90.0,1.0,0.0,31.3,33.2,35.5,1.209,0.6137,False
25.51,92.66,665.0,45.3,31.2,90.0,1.0,0.0,31.2,33.3,35.5,1.211,0.587,False
25.51,92.67,648.0,42.0,31.1,90.0,1.0,0.0,31.1,33.3,35.6,1.213,0.5516,False
25.51,92.68,640.0,39.1,31.0,90.0,1.0,0.0,31.0,33.3,35.7,1.215,0.5191,False
25.51,92.69,608.0,36.6,30.9,90.0,1.0,0.0,30.9,33.4,35.7,1.217,0.4899,False
25.51,92.7,608.0,36.3,30.8,90.0,1.0,0.0,30.8,33.4,35.8,1.218,0.4861,False
25.51,92.71,608.0,36.3,30.7,90.0,1.0,0.0,30.7,33.5,35.8,1.219,0.4857,False
25.51,92.72,608.0,36.3,30.7,90.0,1.0,0.0,30.7,33.5,35.8,1.22,0.4853,False
25.51,92.73,635.0,37.5,30.7,90.0,1.0,0.0,30.7,33.5,35.8,1.219,0.4994,False
25.51,92.74,632.0,44.2,30.8,90.0,1.0,0.0,30.8,33.4,35.8,1.218,0.5724,False
25.51,92.75,602.0,36.0,30.9,90.0,1.0,0.0,30.9,33.4,35.7,1.217,0.483,False
25.51,92.76,508.0,30.8,31.1,90.0,1.0,0.0,31.1,33.3,35.7,1.214,0.4218,False
25.51,92.77,499.0,31.3,31.3,90.0,1.0,0.0,31.3,33.2,35.6,1.212,0.4286,False
25.51,92.78,359.0,28.7,31.5,90.0,1.0,0.0,31.5,33.0,35.5,1.209,0.3972,False
25.51,92.79,306.0,22.1,31.7,47.9,0.742,0.6704,31.7,32.9,35.4,1.206,0.312,False
25.51,92.8,285.0,15.5,31.9,47.9,0.742,0.6704,31.9,32.8,35.3,1.203,0.2221,False
25.51,92.81,307.0,8.5,32.1,47.9,0.742,0.6704,32.1,32.6,35.3,1.2,0.1232,False
25.51,92.82,363.0,3.5,32.3,227.9,-0.742,-0.6704,32.3,32.5,35.2,1.198,0.051,False
25.51,92.83,250.0,3.5,32.5,312.1,-0.742,0.6704,32.5,32.3,35.1,1.196,0.051,False
25.51,92.84,341.0,3.5,32.7,270.0,-1.0,-0.0,32.7,32.2,35.1,1.194,0.0511,False
25.51,92.85,446.0,3.6,32.9,132.1,0.742,-0.6704,32.9,32.1,35.1,1.192,0.0527,False
25.51,92.86,319.0,8.1,33.0,132.1,0.742,-0.6704,33.0,32.0,35.0,1.191,0.1183,False
25.51,92.87,548.0,10.9,33.1,90.0,1.0,0.0,33.1,31.9,35.0,1.19,0.1589,False
25.51,92.88,493.0,8.1,33.2,47.9,0.742,0.6704,33.2,31.8,35.0,1.189,0.1185,False
25.51,92.89,467.0,9.6,33.4,132.1,0.742,-0.6704,33.4,31.7,35.0,1.188,0.1404,False
25.51,92.9,452.0,13.7,33.4,132.1,0.742,-0.6704,33.4,31.6,34.9,1.187,0.1995,False
25.51,92.91,402.0,18.2,33.5,90.0,1.0,0.0,33.5,31.6,34.9,1.187,0.2631,False
25.51,92.92,238.0,18.3,33.6,90.0,1.0,0.0,33.6,31.5,34.9,1.187,0.2645,False
25.51,92.93,256.0,13.8,33.6,47.9,0.742,0.6704,33.6,31.4,34.9,1.186,0.2011,False
25.51,92.94,394.0,7.5,33.7,227.9,-0.742,-0.6704,33.7,31.4,34.9,1.187,0.11,False
25.51,92.95,337.0,5.0,33.7,47.9,0.742,0.6704,33.7,31.4,35.0,1.187,0.0734,False
25.51,92.96,178.0,8.3,33.7,132.1,0.742,-0.6704,33.7,31.3,35.0,1.188,0.1215,False
25.51,92.97,273.0,11.1,33.6,90.0,1.0,0.0,33.6,31.3,35.1,1.19,0.1618,False
25.51,92.98,191.0,8.3,33.6,47.9,0.742,0.6704,33.6,31.3,35.1,1.191,0.1212,False
25.51,92.99,260.0,6.6,33.5,270.0,-1.0,-0.0,33.5,31.2,35.2,1.194,0.0963,False
25.51,93.0,205.0,6.4,33.5,270.0,-1.0,-0.0,33.5,31.2,35.3,1.196,0.0932,False
25.51,93.01,150.0,9.4,33.4,312.1,-0.742,0.6704,33.4,31.2,35.5,1.199,0.1362,False
25.51,93.02,130.0,12.6,33.3,270.0,-1.0,-0.0,33.3,31.1,35.6,1.202,0.1815,False
25.51,93.03,136.0,10.9,33.1,270.0,-1.0,-0.0,33.1,31.1,35.7,1.206,0.1568,False
25.51,93.04,133.0,8.1,33.0,227.9,-0.742,-0.6704,33.0,31.1,35.9,1.21,0.1164,False
25.51,93.05,135.0,8.3,32.8,270.0,-1.0,-0.0,32.8,31.1,36.1,1.214,0.1189,False
25.51,93.06,197.0,7.2,32.6,270.0,-1.0,-0.0,32.6,31.1,36.3,1.219,0.1028,False
25.51,93.07,254.0,6.3,32.3,270.0,-1.0,-0.0,32.3,31.2,36.5,1.224,0.0897,False
25.51,93.08,142.0,5.9,32.0,270.0,-1.0,-0.0,32.0,31.3,36.7,1.23,0.0836,False
25.51,93.09,197.0,4.9,31.6,270.0,-1.0,-0.0,31.6,31.4,37.0,1.235,0.0692,False
25.51,93.1,181.0,6.3,31.2,270.0,-1.0,-0.0,31.2,31.5,37.3,1.24,0.0885,False
25.51,93.11,199.0,4.7,30.9,227.9,-0.742,-0.6704,30.9,31.6,37.5,1.245,0.0658,False
25.51,93.12,204.0,3.5,30.6,312.1,-0.742,0.6704,30.6,31.7,37.6,1.248,0.0489,False
25.51,93.13,193.0,3.6,30.5,270.0,-1.0,-0.0,30.5,31.8,37.7,1.249,0.0503,False
25.51,93.14,228.0,3.5,30.6,90.0,1.0,0.0,30.6,31.7,37.6,1.248,0.0489,False
25.51,93.15,228.0,3.5,30.9,90.0,1.0,0.0,30.9,31.6,37.5,1.245,0.049,False
25.51,93.16,244.0,3.5,31.3,132.1,0.742,-0.6704,31.3,31.5,37.3,1.241,0.0492,False
25.51,93.17,221.0,3.9,31.7,90.0,1.0,0.0,31.7,31.3,37.0,1.237,0.055,False
25.51,93.18,250.0,5.5,32.0,132.1,0.742,-0.6704,32.0,31.2,36.8,1.233,0.0777,False
25.51,93.19,289.0,7.3,32.4,90.0,1.0,0.0,32.4,31.0,36.6,1.229,0.1034,False
25.51,93.2,256.0,7.0,32.6,90.0,1.0,0.0,32.6,30.9,36.4,1.226,0.0994,False
25.51,93.21,255.0,6.1,32.9,90.0,1.0,0.0,32.9,30.8,36.3,1.223,0.0869,False
25.51,93.22,230.0,7.8,33.1,90.0,1.0,0.0,33.1,30.8,36.2,1.221,0.1112,False
25.51,93.23,262.0,10.2,33.2,90.0,1.0,0.0,33.2,30.7,36.1,1.219,0.1453,False
25.51,93.24,353.0,12.1,33.3,132.1,0.742,-0.6704,33.3,30.7,36.0,1.217,0.1722,False
25.51,93.25,521.0,23.8,33.4,132.1,0.742,-0.6704,33.4,30.6,35.9,1.215,0.3321,False
25.51,93.26,411.0,30.7,33.5,90.0,1.0,0.0,33.5,30.6,35.9,1.213,0.4209,False
25.51,93.27,344.0,23.8,33.6,47.9,0.742,0.6704,33.6,30.6,35.8,1.212,0.333,False
25.51,93.28,338.0,19.2,33.6,90.0,1.0,0.0,33.6,30.6,35.8,1.211,0.2716,False
25.51,93.29,377.0,16.7,33.7,90.0,1.0,0.0,33.7,30.6,35.7,1.209,0.2377,False
25.52,92.6,756.0,45.8,31.8,90.0,1.0,0.0,31.8,33.0,35.2,1.2,0.5974,False
25.52,92.61,743.0,45.1,31.7,90.0,1.0,0.0,31.7,33.0,35.2,1.202,0.5893,False
25.52,92.62,718.0,43.6,31.6,90.0,1.0,0.0,31.6,33.1,35.3,1.204,0.5728,False
25.52,92.63,718.0,43.6,31.5,90.0,1.0,0.0,31.5,33.1,35.3,1.205,0.5723,False
25.52,92.64,776.0,46.9,31.4,90.0,1.0,0.0,31.4,33.2,35.4,1.207,0.6049,False
25.52,92.65,795.0,47.9,31.3,90.0,1.0,0.0,31.3,33.2,35.5,1.21,0.6132,False
25.52,92.66,746.0,45.3,31.2,90.0,1.0,0.0,31.2,33.3,35.6,1.212,0.5865,False
25.52,92.67,692.0,42.0,31.1,90.0,1.0,0.0,31.1,33.3,35.6,1.214,0.5512,False
25.52,92.68,647.0,39.1,31.0,90.0,1.0,0.0,31.0,33.4,35.7,1.216,0.5186,False
25.52,92.69,612.0,36.6,30.8,90.0,1.0,0.0,30.8,33.4,35.8,1.217,0.4899,False
25.52,92.7,608.0,36.3,30.8,90.0,1.0,0.0,30.8,33.4,35.8,1.219,0.4857,False
25.52,92.71,608.0,36.3,30.7,90.0,1.0,0.0,30.7,33.5,35.8,1.22,0.4853,False
25.52,92.72,608.0,36.3,30.68,90.0,1.0,0.0,30.68,33.48,35.84,1.22,0.4853,False
25.52,92.73,624.0,37.5,30.7,90.0,1.0,0.0,30.7,33.5,35.8,1.22,0.499,False
25.52,92.74,727.0,44.2,30.8,90.0,1.0,0.0,30.8,33.4,35.8,1.219,0.5719,False
25.52,92.75,603.0,36.0,30.9,90.0,1.0,0.0,30.9,33.4,35.7,1.217,0.483,False
25.52,92.76,538.0,30.8,31.0,90.0,1.0,0.0,31.0,33.3,35.7,1.215,0.4214,False
25.52,92.77,544.0,31.3,31.2,90.0,1.0,0.0,31.2,33.2,35.6,1.212,0.4286,False
25.52,92.78,513.0,28.7,31.4,90.0,1.0,0.0,31.4,33.0,35.5,1.209,0.3972,False
25.52,92.79,426.0,20.5,31.7,90.0,1.0,0.0,31.7,32.9,35.4,1.207,0.2901,False
25.52,92.8,339.0,15.3,31.9,0.0,0.0,1.0,31.9,32.8,35.4,1.204,0.2192,False
25.52,92.81,214.0,15.3,32.1,0.0,0.0,1.0,32.1,32.6,35.3,1.201,0.2197,False
25.52,92.82,220.0,7.2,32.3,47.9,0.742,0.6704,32.3,32.5,35.2,1.199,0.1045,False
25.52,92.83,245.0,3.5,32.5,0.0,0.0,1.0,32.5,32.4,35.2,1.197,0.051,False
25.52,92.84,218.0,4.4,32.6,312.1,-0.742,0.6704,32.6,32.2,35.1,1.195,0.0642,False
25.52,92.85,221.0,7.4,32.8,180.0,0.0,-1.0,32.8,32.1,35.1,1.194,0.1079,False
25.52,92.86,280.0,9.5,32.9,227.9,-0.742,-0.6704,32.9,32.0,35.1,1.192,0.1385,False
25.52,92.87,334.0,14.8,33.0,270.0,-1.0,-0.0,33.0,31.9,35.1,1.191,0.2145,False
25.52,92.88,264.0,8.7,33.2,0.0,0.0,1.0,33.2,31.8,35.0,1.19,0.1271,False
25.52,92.89,253.0,12.2,33.2,180.0,0.0,-1.0,33.2,31.7,35.0,1.19,0.1776,False
25.52,92.9,352.0,19.2,33.3,270.0,-1.0,-0.0,33.3,31.6,35.0,1.189,0.2766,False
25.52,92.91,403.0,18.4,33.4,227.9,-0.742,-0.6704,33.4,31.6,35.0,1.189,0.2655,False
25.52,92.92,404.0,29.4,33.5,0.0,0.0,1.0,33.5,31.5,35.0,1.189,0.4129,False
25.52,92.93,147.0,29.4,33.5,0.0,0.0,1.0,33.5,31.5,35.0,1.189,0.4129,False
25.52,92.94,297.0,18.2,33.5,180.0,0.0,-1.0,33.5,31.4,35.1,1.189,0.2627,False
25.52,92.95,250.0,8.9,33.5,312.1,-0.742,0.6704,33.5,31.4,35.1,1.19,0.13,False
25.52,92.96,200.0,16.6,33.5,180.0,0.0,-1.0,33.5,31.3,35.1,1.191,0.2399,False
25.52,92.97,336.0,17.7,33.5,270.0,-1.0,-0.0,33.5,31.3,35.2,1.192,0.2551,False
25.52,92.98,261.0,10.2,33.5,0.0,0.0,1.0,33.5,31.3,35.3,1.194,0.1483,False
25.52,92.99,179.0,10.2,33.4,0.0,0.0,1.0,33.4,31.2,35.3,1.196,0.1481,False
25.52,93.0,180.0,6.4,33.4,270.0,-1.0,-0.0,33.4,31.2,35.4,1.198,0.093,False
25.52,93.01,207.0,10.3,33.3,0.0,0.0,1.0,33.3,31.2,35.5,1.201,0.1489,False
25.52,93.02,124.0,12.6,33.2,270.0,-1.0,-0.0,33.2,31.1,35.7,1.204,0.1812,False
25.52,93.03,140.0,10.9,33.1,270.0,-1.0,-0.0,33.1,31.1,35.8,1.208,0.1565,False
25.52,93.04,166.0,8.0,33.0,270.0,-1.0,-0.0,33.0,31.1,35.9,1.211,0.1149,False
25.52,93.05,163.0,8.3,32.8,270.0,-1.0,-0.0,32.8,31.1,36.1,1.215,0.1188,False
25.52,93.06,173.0,7.2,32.6,270.0,-1.0,-0.0,32.6,31.1,36.3,1.22,0.1027,False
25.52,93.07,181.0,6.3,32.3,270.0,-1.0,-0.0,32.3,31.2,36.5,1.224,0.0897,False
25.52,93.08,185.0,5.9,32.1,270.0,-1.0,-0.0,32.1,31.2,36.7,1.229,0.0836,False
25.52,93.09,194.0,6.1,31.7,270.0,-1.0,-0.0,31.7,31.3,36.9,1.234,0.0861,False
25.52,93.1,181.0,6.3,31.4,270.0,-1.0,-0.0,31.4,31.4,37.1,1.239,0.0886,False
25.52,93.11,212.0,5.7,31.1,270.0,-1.0,-0.0,31.1,31.6,37.4,1.243,0.0799,False
25.52,93.12,225.0,5.3,30.9,227.9,-0.742,-0.6704,30.9,31.6,37.5,1.246,0.0741,False
25.52,93.13,205.0,8.1,30.8,90.0,1.0,0.0,30.8,31.7,37.5,1.247,0.113,False
25.52,93.14,263.0,7.2,30.9,180.0,0.0,-1.0,30.9,31.6,37.5,1.246,0.1006,False
25.52,93.15,261.0,3.5,31.1,90.0,1.0,0.0,31.1,31.5,37.3,1.243,0.0491,False
25.52,93.16,258.0,3.5,31.5,47.9,0.742,0.6704,31.5,31.4,37.1,1.24,0.0492,False
25.52,93.17,271.0,3.9,31.8,90.0,1.0,0.0,31.8,31.2,36.9,1.236,0.055,False
25.52,93.18,264.0,4.8,32.2,180.0,0.0,-1.0,32.2,31.1,36.7,1.233,0.0679,False
25.52,93.19,302.0,7.3,32.5,90.0,1.0,0.0,32.5,31.0,36.5,1.229,0.1034,False
25.52,93.2,299.0,7.0,32.7,90.0,1.0,0.0,32.7,30.9,36.4,1.226,0.0994,False
25.52,93.21,291.0,6.1,33.0,90.0,1.0,0.0,33.0,30.8,36.3,1.224,0.0868,False
25.52,93.22,306.0,7.8,33.1,90.0,1.0,0.0,33.1,30.7,36.2,1.222,0.1111,False
25.52,93.23,328.0,10.2,33.2,90.0,1.0,0.0,33.2,30.7,36.1,1.219,0.1453,False
25.52,93.24,313.0,8.7,33.4,180.0,0.0,-1.0,33.4,30.7,36.0,1.218,0.1242,False
25.52,93.25,383.0,18.6,33.4,180.0,0.0,-1.0,33.4,30.6,35.9,1.216,0.2623,False
25.52,93.26,537.0,30.7,33.5,90.0,1.0,0.0,33.5,30.6,35.9,1.214,0.4205,False
25.52,93.27,393.0,17.5,33.6,0.0,0.0,1.0,33.6,30.6,35.8,1.213,0.2479,False
25.52,93.28,413.0,19.2,33.6,90.0,1.0,0.0,33.6,30.6,35.8,1.211,0.2716,False
25.52,93.29,388.0,16.7,33.7,90.0,1.0,0.0,33.7,30.6,35.8,1.21,0.2375,False
25.53,92.61,767.0,4.1,31.7,47.9,0.742,0.6704,31.7,33.0,35.2,1.202,0.0595,False
25.53,92.62,747.0,3.5,31.6,90.0,1.0,0.0,31.6,33.1,35.3,1.204,0.0507,False
25.53,92.63,732.0,3.7,31.5,227.9,-0.742,-0.6704,31.5,33.1,35.4,1.206,0.0535,False
25.53,92.64,713.0,7.1,31.4,270.0,-1.0,-0.0,31.4,33.1,35.4,1.208,0.1023,False
25.53,92.65,728.0,7.6,31.3,270.0,-1.0,-0.0,31.3,33.2,35.5,1.21,0.1093,False
25.53,92.66,770.0,6.5,31.2,47.9,0.742,0.6704,31.2,33.2,35.6,1.212,0.0934,False
25.53,92.67,741.0,7.9,31.1,47.9,0.742,0.6704,31.1,33.3,35.6,1.214,0.1132,False
25.53,92.68,691.0,6.6,31.0,0.0,0.0,1.0,31.0,33.3,35.7,1.216,0.0945,False
25.53,92.69,638.0,6.6,30.9,0.0,0.0,1.0,30.9,33.4,35.8,1.217,0.0944,False
25.53,92.7,645.0,4.6,30.8,0.0,0.0,1.0,30.8,33.4,35.8,1.219,0.0658,False
25.53,92.71,608.0,4.6,30.7,0.0,0.0,1.0,30.7,33.5,35.8,1.219,0.0658,False
25.53,92.72,613.0,5.4,30.7,180.0,0.0,-1.0,30.7,33.5,35.8,1.22,0.0771,False
25.53,92.73,656.0,17.6,30.7,312.1,-0.742,0.6704,30.7,33.5,35.8,1.219,0.248,False
25.53,92.74,585.0,16.0,30.8,270.0,-1.0,-0.0,30.8,33.4,35.8,1.218,0.2263,False
25.53,92.75,555.0,14.2,30.9,312.1,-0.742,0.6704,30.9,33.4,35.7,1.217,0.2016,False
25.53,92.76,569.0,4.5,31.0,270.0,-1.0,-0.0,31.0,33.3,35.7,1.215,0.0646,False
25.53,92.77,548.0,16.4,31.2,0.0,0.0,1.0,31.2,33.2,35.6,1.212,0.233,False
25.53,92.78,414.0,16.4,31.4,0.0,0.0,1.0,31.4,33.0,35.5,1.21,0.2333,False
25.53,92.79,408.0,8.8,31.6,312.1,-0.742,0.6704,31.6,32.9,35.5,1.207,0.1267,False
25.53,92.8,370.0,12.9,31.8,47.9,0.742,0.6704,31.8,32.8,35.4,1.204,0.1854,False
25.53,92.81,306.0,13.4,32.0,90.0,1.0,0.0,32.0,32.6,35.3,1.202,0.1928,False
25.53,92.82,265.0,13.3,32.2,47.9,0.742,0.6704,32.2,32.5,35.3,1.2,0.1917,False
25.53,92.83,216.0,12.1,32.4,47.9,0.742,0.6704,32.4,32.4,35.2,1.198,0.175,False
25.53,92.84,217.0,7.4,32.6,47.9,0.742,0.6704,32.6,32.2,35.2,1.196,0.1077,False
25.53,92.85,166.0,13.8,32.7,180.0,0.0,-1.0,32.7,32.1,35.2,1.195,0.1996,False
25.53,92.86,278.0,14.3,32.8,270.0,-1.0,-0.0,32.8,32.0,35.1,1.194,0.2069,False
25.53,92.87,201.0,14.8,33.0,270.0,-1.0,-0.0,33.0,31.9,35.1,1.193,0.2141,False
25.53,92.88,227.0,8.9,33.1,312.1,-0.742,0.6704,33.1,31.8,35.1,1.192,0.1298,False
25.53,92.89,164.0,15.4,33.1,227.9,-0.742,-0.6704,33.1,31.7,35.1,1.191,0.223,False
25.53,92.9,176.0,19.2,33.2,270.0,-1.0,-0.0,33.2,31.7,35.1,1.191,0.2761,False
25.53,92.91,253.0,16.6,33.3,270.0,-1.0,-0.0,33.3,31.6,35.1,1.191,0.2399,False
25.53,92.92,227.0,19.3,33.3,270.0,-1.0,-0.0,33.3,31.5,35.1,1.191,0.2775,False
25.53,92.93,179.0,18.3,33.4,312.1,-0.742,0.6704,33.4,31.5,35.1,1.191,0.2636,False
25.53,92.94,216.0,9.1,33.4,270.0,-1.0,-0.0,33.4,31.4,35.2,1.191,0.1328,False
25.53,92.95,253.0,13.6,33.4,0.0,0.0,1.0,33.4,31.4,35.2,1.192,0.1973,False
25.53,92.96,143.0,15.8,33.4,227.9,-0.742,-0.6704,33.4,31.4,35.2,1.193,0.2282,False
25.53,92.97,175.0,17.7,33.4,270.0,-1.0,-0.0,33.4,31.3,35.3,1.195,0.2544,False
25.53,92.98,260.0,14.6,33.4,0.0,0.0,1.0,33.4,31.3,35.4,1.196,0.2108,False
25.53,92.99,141.0,14.6,33.3,0.0,0.0,1.0,33.3,31.2,35.4,1.198,0.2104,False
25.53,93.0,174.0,5.1,33.3,270.0,-1.0,-0.0,33.3,31.2,35.5,1.2,0.0741,False
25.53,93.01,159.0,5.4,33.2,270.0,-1.0,-0.0,33.2,31.2,35.6,1.203,0.0782,False
25.53,93.02,158.0,5.0,33.1,132.1,0.742,-0.6704,33.1,31.1,35.7,1.206,0.0723,False
25.53,93.03,190.0,5.7,33.0,90.0,1.0,0.0,33.0,31.1,35.8,1.209,0.0822,False
25.53,93.04,147.0,5.9,32.9,47.9,0.742,0.6704,32.9,31.1,36.0,1.213,0.0847,False
25.53,93.05,160.0,3.5,32.8,0.0,0.0,1.0,32.8,31.1,36.1,1.216,0.0502,False
25.53,93.06,135.0,4.4,32.6,90.0,1.0,0.0,32.6,31.1,36.3,1.22,0.0629,False
25.53,93.07,170.0,4.4,32.4,180.0,0.0,-1.0,32.4,31.1,36.4,1.224,0.0627,False
25.53,93.08,142.0,4.9,32.2,270.0,-1.0,-0.0,32.2,31.2,36.6,1.228,0.0696,False
25.53,93.09,140.0,6.1,31.9,270.0,-1.0,-0.0,31.9,31.3,36.8,1.233,0.0862,False
25.53,93.1,179.0,4.9,31.7,180.0,0.0,-1.0,31.7,31.3,37.0,1.237,0.0691,False
25.53,93.11,162.0,7.4,31.4,180.0,0.0,-1.0,31.4,31.4,37.2,1.24,0.1039,False
25.53,93.12,221.0,7.4,31.2,180.0,0.0,-1.0,31.2,31.5,37.3,1.242,0.1037,False
25.53,93.13,277.0,8.1,31.2,90.0,1.0,0.0,31.2,31.5,37.3,1.243,0.1134,False
25.53,93.14,267.0,5.2,31.3,132.1,0.742,-0.6704,31.3,31.5,37.3,1.242,0.073,False
25.53,93.15,292.0,4.3,31.5,270.0,-1.0,-0.0,31.5,31.4,37.1,1.24,0.0605,False
25.53,93.16,282.0,3.5,31.8,132.1,0.742,-0.6704,31.8,31.2,36.9,1.238,0.0493,False
25.53,93.17,256.0,7.3,32.1,90.0,1.0,0.0,32.1,31.1,36.8,1.235,0.1029,False
25.53,93.18,273.0,4.3,32.4,90.0,1.0,0.0,32.4,31.0,36.6,1.232,0.0609,False
25.53,93.19,302.0,3.6,32.7,180.0,0.0,-1.0,32.7,30.9,36.4,1.229,0.0511,False
25.53,93.2,309.0,3.5,32.9,312.1,-0.742,0.6704,32.9,30.8,36.3,1.226,0.0498,False
25.53,93.21,301.0,3.6,33.1,180.0,0.0,-1.0,33.1,30.7,36.2,1.224,0.0513,False
25.53,93.22,330.0,4.9,33.2,270.0,-1.0,-0.0,33.2,30.7,36.1,1.222,0.0699,False
25.53,93.23,331.0,3.7,33.3,227.9,-0.742,-0.6704,33.3,30.7,36.0,1.22,0.0529,False
25.53,93.24,306.0,8.8,33.4,180.0,0.0,-1.0,33.4,30.6,36.0,1.218,0.1256,False
25.53,93.25,377.0,13.2,33.5,227.9,-0.742,-0.6704,33.5,30.6,35.9,1.217,0.1876,False
25.53,93.26,396.0,15.6,33.5,270.0,-1.0,-0.0,33.5,30.6,35.9,1.215,0.2213,False
25.53,93.27,520.0,17.7,33.6,270.0,-1.0,-0.0,33.6,30.6,35.8,1.214,0.2504,False
25.53,93.28,515.0,12.9,33.6,227.9,-0.742,-0.6704,33.6,30.6,35.8,1.212,0.1842,False
25.53,93.29,451.0,11.6,33.7,90.0,1.0,0.0,33.7,30.6,35.8,1.211,0.166,False
25.54,92.62,735.0,3.5,31.6,312.1,-0.742,0.6704,31.6,33.1,35.3,1.204,0.0507,False
25.54,92.63,738.0,3.9,31.5,270.0,-1.0,-0.0,31.5,33.1,35.4,1.206,0.0564,False
25.54,92.64,723.0,3.5,31.4,0.0,0.0,1.0,31.4,33.1,35.4,1.208,0.0505,False
25.54,92.65,727.0,3.6,31.3,227.9,-0.742,-0.6704,31.3,33.2,35.5,1.21,0.0519,False
25.54,92.66,733.0,4.6,31.2,270.0,-1.0,-0.0,31.2,33.2,35.6,1.212,0.0662,False
25.54,92.67,743.0,7.0,31.1,270.0,-1.0,-0.0,31.1,33.3,35.6,1.213,0.1005,False
25.54,92.68,695.0,6.0,31.0,0.0,0.0,1.0,31.0,33.3,35.7,1.215,0.086,False
25.54,92.69,675.0,4.5,30.9,0.0,0.0,1.0,30.9,33.4,35.7,1.217,0.0645,False
25.54,92.7,639.0,4.5,30.8,0.0,0.0,1.0,30.8,33.4,35.8,1.218,0.0644,False
25.54,92.71,637.0,11.8,30.8,312.1,-0.742,0.6704,30.8,33.4,35.8,1.219,0.1678,False
25.54,92.72,625.0,14.7,30.7,312.1,-0.742,0.6704,30.7,33.4,35.8,1.219,0.2082,False
25.54,92.73,566.0,15.4,30.8,0.0,0.0,1.0,30.8,33.4,35.8,1.219,0.2178,False
25.54,92.74,440.0,17.6,30.8,312.1,-0.742,0.6704,30.8,33.4,35.8,1.218,0.2483,False
25.54,92.75,558.0,14.5,30.9,180.0,0.0,-1.0,30.9,33.3,35.7,1.216,0.2059,False
25.54,92.76,529.0,4.5,31.1,270.0,-1.0,-0.0,31.1,33.2,35.7,1.214,0.0646,False
25.54,92.77,557.0,11.9,31.2,47.9,0.742,0.6704,31.2,33.1,35.6,1.212,0.1701,False
25.54,92.78,506.0,13.7,31.4,0.0,0.0,1.0,31.4,33.0,35.5,1.21,0.1957,False
25.54,92.79,395.0,13.7,31.6,0.0,0.0,1.0,31.6,32.9,35.5,1.207,0.1962,False
25.54,92.8,364.0,7.7,31.8,180.0,0.0,-1.0,31.8,32.8,35.4,1.205,0.1112,False
25.54,92.81,426.0,13.4,32.0,90.0,1.0,0.0,32.0,32.6,35.4,1.203,0.1926,False
25.54,92.82,362.0,12.1,32.2,47.9,0.742,0.6704,32.2,32.5,35.3,1.201,0.1745,False
25.54,92.83,305.0,10.0,32.4,90.0,1.0,0.0,32.4,32.4,35.3,1.199,0.1448,False
25.54,92.84,233.0,9.0,32.5,0.0,0.0,1.0,32.5,32.2,35.3,1.197,0.1307,False
25.54,92.85,171.0,8.9,32.6,227.9,-0.742,-0.6704,32.6,32.1,35.2,1.196,0.1294,False
25.54,92.86,149.0,14.3,32.8,270.0,-1.0,-0.0,32.8,32.0,35.2,1.195,0.2067,False
25.54,92.87,166.0,9.3,32.9,312.1,-0.742,0.6704,32.9,31.9,35.2,1.194,0.1353,False
25.54,92.88,175.0,5.9,33.0,270.0,-1.0,-0.0,33.0,31.8,35.2,1.193,0.0862,False
25.54,92.89,160.0,5.6,33.0,312.1,-0.742,0.6704,33.0,31.8,35.2,1.193,0.0818,False
25.54,92.9,138.0,13.0,33.1,180.0,0.0,-1.0,33.1,31.7,35.2,1.193,0.1886,False
25.54,92.91,243.0,13.0,33.2,180.0,0.0,-1.0,33.2,31.6,35.2,1.193,0.1886,False
25.54,92.92,171.0,9.8,33.2,132.1,0.742,-0.6704,33.2,31.6,35.2,1.193,0.1427,False
25.54,92.93,136.0,17.1,33.3,180.0,0.0,-1.0,33.3,31.5,35.2,1.193,0.2465,False
25.54,92.94,276.0,17.4,33.3,0.0,0.0,1.0,33.3,31.5,35.3,1.194,0.2505,False
25.54,92.95,133.0,17.4,33.3,0.0,0.0,1.0,33.3,31.4,35.3,1.194,0.2505,False
25.54,92.96,143.0,9.2,33.3,312.1,-0.742,0.6704,33.3,31.4,35.3,1.195,0.1338,False
25.54,92.97,128.0,11.0,33.3,227.9,-0.742,-0.6704,33.3,31.3,35.4,1.197,0.1594,False
25.54,92.98,183.0,8.7,33.3,270.0,-1.0,-0.0,33.3,31.3,35.5,1.198,0.1263,False
25.54,92.99,137.0,10.2,33.2,312.1,-0.742,0.6704,33.2,31.3,35.5,1.2,0.1476,False
25.54,93.0,129.0,5.1,33.2,270.0,-1.0,-0.0,33.2,31.2,35.6,1.202,0.074,False
25.54,93.01,158.0,3.6,33.1,180.0,0.0,-1.0,33.1,31.2,35.7,1.205,0.0521,False
25.54,93.02,131.0,10.7,33.1,180.0,0.0,-1.0,33.1,31.1,35.8,1.207,0.1538,False
25.54,93.03,217.0,10.7,33.0,180.0,0.0,-1.0,33.0,31.1,35.9,1.21,0.1534,False
25.54,93.04,181.0,4.5,32.9,0.0,0.0,1.0,32.9,31.1,36.0,1.213,0.0647,False
25.54,93.05,168.0,3.5,32.8,47.9,0.742,0.6704,32.8,31.1,36.1,1.217,0.0502,False
25.54,93.06,174.0,4.4,32.7,90.0,1.0,0.0,32.7,31.1,36.2,1.22,0.0629,False
25.54,93.07,155.0,3.5,32.6,180.0,0.0,-1.0,32.6,31.1,36.4,1.224,0.0499,False
25.54,93.08,176.0,3.9,32.4,90.0,1.0,0.0,32.4,31.1,36.5,1.227,0.0554,False
25.54,93.09,169.0,3.5,32.2,90.0,1.0,0.0,32.2,31.2,36.6,1.231,0.0496,False
25.54,93.1,154.0,6.0,32.0,180.0,0.0,-1.0,32.0,31.2,36.8,1.234,0.0847,False
25.54,93.11,202.0,6.0,31.8,180.0,0.0,-1.0,31.8,31.3,36.9,1.237,0.0845,False
25.54,93.12,222.0,5.0,31.7,132.1,0.742,-0.6704,31.7,31.3,37.0,1.238,0.0704,False
25.54,93.13,237.0,4.5,31.7,270.0,-1.0,-0.0,31.7,31.3,37.0,1.239,0.0633,False
25.54,93.14,264.0,3.5,31.8,180.0,0.0,-1.0,31.8,31.2,36.9,1.239,0.0493,False
25.54,93.15,254.0,4.3,32.0,270.0,-1.0,-0.0,32.0,31.1,36.8,1.237,0.0606,False
25.54,93.16,271.0,6.3,32.3,180.0,0.0,-1.0,32.3,31.0,36.7,1.235,0.0889,False
25.54,93.17,321.0,7.3,32.5,90.0,1.0,0.0,32.5,30.9,36.5,1.233,0.1031,False
25.54,93.18,311.0,4.6,32.8,132.1,0.742,-0.6704,32.8,30.8,36.4,1.231,0.0651,False
25.54,93.19,322.0,4.1,33.0,132.1,0.742,-0.6704,33.0,30.8,36.3,1.228,0.0582,False
25.54,93.2,294.0,3.5,33.1,0.0,0.0,1.0,33.1,30.7,36.2,1.226,0.0498,False
25.54,93.21,283.0,4.0,33.2,227.9,-0.742,-0.6704,33.2,30.7,36.1,1.224,0.057,False
25.54,93.22,287.0,4.9,33.3,270.0,-1.0,-0.0,33.3,30.6,36.0,1.222,0.0699,False
25.54,93.23,306.0,3.5,33.4,270.0,-1.0,-0.0,33.4,30.6,36.0,1.221,0.05,False
25.54,93.24,323.0,4.5,33.5,227.9,-0.742,-0.6704,33.5,30.6,35.9,1.219,0.0644,False
25.54,93.25,356.0,6.2,33.5,270.0,-1.0,-0.0,33.5,30.6,35.9,1.217,0.0887,False
25.54,93.26,372.0,12.3,33.6,227.9,-0.742,-0.6704,33.6,30.6,35.8,1.216,0.1752,False
25.54,93.27,359.0,18.4,33.6,180.0,0.0,-1.0,33.6,30.6,35.8,1.214,0.26,False
25.54,93.28,511.0,20.4,33.6,270.0,-1.0,-0.0,33.6,30.6,35.8,1.213,0.2874,False
25.54,93.29,555.0,18.8,33.7,227.9,-0.742,-0.6704,33.7,30.6,35.7,1.212,0.2659,False
25.55,92.63,704.0,3.9,31.5,270.0,-1.0,-0.0,31.5,33.1,35.4,1.206,0.0564,False
25.55,92.64,727.0,3.8,31.4,312.1,-0.742,0.6704,31.4,33.1,35.4,1.208,0.0549,False
25.55,92.65,734.0,5.9,31.3,270.0,-1.0,-0.0,31.3,33.2,35.5,1.209,0.085,False
25.55,92.66,692.0,5.3,31.2,0.0,0.0,1.0,31.2,33.2,35.6,1.211,0.0763,False
25.55,92.67,681.0,7.0,31.1,270.0,-1.0,-0.0,31.1,33.3,35.6,1.213,0.1005,False
25.55,92.68,703.0,4.8,31.0,270.0,-1.0,-0.0,31.0,33.3,35.7,1.215,0.0689,False
25.55,92.69,676.0,3.5,30.9,0.0,0.0,1.0,30.9,33.3,35.7,1.216,0.0502,False
25.55,92.7,650.0,4.9,30.9,0.0,0.0,1.0,30.9,33.4,35.7,1.217,0.0702,False
25.55,92.71,611.0,14.3,30.8,0.0,0.0,1.0,30.8,33.4,35.8,1.218,0.2028,False
25.55,92.72,495.0,14.6,30.8,47.9,0.742,0.6704,30.8,33.4,35.8,1.218,0.207,False
25.55,92.73,446.0,14.7,30.8,312.1,-0.742,0.6704,30.8,33.4,35.8,1.218,0.2083,False
25.55,92.74,488.0,6.5,30.9,312.1,-0.742,0.6704,30.9,33.4,35.7,1.217,0.093,False
25.55,92.75,506.0,6.1,31.0,270.0,-1.0,-0.0,31.0,33.3,35.7,1.215,0.0875,False
25.55,92.76,552.0,9.3,31.1,270.0,-1.0,-0.0,31.1,33.2,35.7,1.214,0.1331,False
25.55,92.77,537.0,10.4,31.3,0.0,0.0,1.0,31.3,33.1,35.6,1.212,0.1489,False
25.55,92.78,453.0,10.4,31.5,0.0,0.0,1.0,31.5,33.0,35.5,1.209,0.1493,False
25.55,92.79,430.0,6.7,31.6,270.0,-1.0,-0.0,31.6,32.9,35.5,1.207,0.0967,False
25.55,92.8,417.0,6.0,31.8,90.0,1.0,0.0,31.8,32.7,35.4,1.205,0.0867,False
25.55,92.81,418.0,12.1,32.0,0.0,0.0,1.0,32.0,32.6,35.4,1.203,0.1742,False
25.55,92.82,320.0,12.1,32.2,0.0,0.0,1.0,32.2,32.5,35.4,1.201,0.1745,False
25.55,92.83,326.0,9.1,32.3,0.0,0.0,1.0,32.3,32.4,35.3,1.2,0.1318,False
25.55,92.84,253.0,9.1,32.5,0.0,0.0,1.0,32.5,32.2,35.3,1.198,0.132,False
25.55,92.85,211.0,7.9,32.6,47.9,0.742,0.6704,32.6,32.1,35.3,1.197,0.1148,False
25.55,92.86,192.0,4.9,32.7,90.0,1.0,0.0,32.7,32.0,35.3,1.196,0.0714,False
25.55,92.87,196.0,4.5,32.8,0.0,0.0,1.0,32.8,31.9,35.3,1.195,0.0657,False
25.55,92.88,160.0,4.5,32.9,0.0,0.0,1.0,32.9,31.9,35.3,1.195,0.0657,False
25.55,92.89,169.0,3.5,32.9,0.0,0.0,1.0,32.9,31.8,35.3,1.195,0.0511,False
25.55,92.9,148.0,7.9,33.0,227.9,-0.742,-0.6704,33.0,31.7,35.3,1.194,0.1151,False
25.55,92.91,198.0,6.3,33.1,180.0,0.0,-1.0,33.1,31.6,35.3,1.194,0.0919,False
25.55,92.92,244.0,9.6,33.1,270.0,-1.0,-0.0,33.1,31.6,35.3,1.195,0.1396,False
25.55,92.93,289.0,16.9,33.1,90.0,1.0,0.0,33.1,31.5,35.3,1.195,0.2433,False
25.55,92.94,199.0,11.2,33.1,0.0,0.0,1.0,33.1,31.5,35.4,1.196,0.1624,False
25.55,92.95,246.0,13.4,33.2,0.0,0.0,1.0,33.2,31.4,35.4,1.197,0.1936,False
25.55,92.96,137.0,13.4,33.2,0.0,0.0,1.0,33.2,31.4,35.4,1.198,0.1934,False
25.55,92.97,191.0,8.7,33.2,0.0,0.0,1.0,33.2,31.4,35.5,1.199,0.1262,False
25.55,92.98,121.0,8.7,33.1,0.0,0.0,1.0,33.1,31.3,35.5,1.2,0.1261,False
25.55,92.99,128.0,4.6,33.1,312.1,-0.742,0.6704,33.1,31.3,35.6,1.202,0.0667,False
25.55,93.0,128.0,5.0,33.1,180.0,0.0,-1.0,33.1,31.2,35.7,1.204,0.0724,False
25.55,93.01,168.0,5.0,33.1,180.0,0.0,-1.0,33.1,31.2,35.7,1.206,0.0723,False
25.55,93.02,162.0,4.6,33.0,227.9,-0.742,-0.6704,33.0,31.1,35.8,1.209,0.0663,False
25.55,93.03,188.0,4.8,33.0,132.1,0.742,-0.6704,33.0,31.1,35.9,1.211,0.0691,False
25.55,93.04,209.0,5.1,32.9,0.0,0.0,1.0,32.9,31.1,36.0,1.214,0.0732,False
25.55,93.05,168.0,5.1,32.9,0.0,0.0,1.0,32.9,31.0,36.1,1.217,0.073,False
25.55,93.06,156.0,6.9,32.8,90.0,1.0,0.0,32.8,31.0,36.2,1.22,0.0985,False
25.55,93.07,170.0,4.0,32.7,47.9,0.742,0.6704,32.7,31.0,36.3,1.223,0.057,False
25.55,93.08,151.0,5.8,32.6,90.0,1.0,0.0,32.6,31.0,36.4,1.226,0.0824,False
25.55,93.09,169.0,3.5,32.5,47.9,0.742,0.6704,32.5,31.0,36.5,1.229,0.0497,False
25.55,93.1,181.0,3.5,32.4,90.0,1.0,0.0,32.4,31.0,36.6,1.232,0.0496,False
25.55,93.11,173.0,6.7,32.3,180.0,0.0,-1.0,32.3,31.0,36.6,1.234,0.0945,False
25.55,93.12,227.0,6.7,32.3,180.0,0.0,-1.0,32.3,31.0,36.7,1.235,0.0945,False
25.55,93.13,238.0,4.5,32.3,227.9,-0.742,-0.6704,32.3,31.0,36.7,1.235,0.0635,False
25.55,93.14,250.0,3.5,32.5,0.0,0.0,1.0,32.5,30.9,36.6,1.235,0.0494,False
25.55,93.15,236.0,6.0,32.6,132.1,0.742,-0.6704,32.6,30.9,36.5,1.234,0.0847,False
25.55,93.16,259.0,8.2,32.8,180.0,0.0,-1.0,32.8,30.8,36.4,1.233,0.1157,False
25.55,93.17,325.0,8.2,33.0,180.0,0.0,-1.0,33.0,30.7,36.3,1.231,0.1159,False
25.55,93.18,288.0,4.6,33.2,0.0,0.0,1.0,33.2,30.6,36.2,1.229,0.0653,False
25.55,93.19,311.0,4.0,33.3,0.0,0.0,1.0,33.3,30.6,36.1,1.228,0.0568,False
25.55,93.2,279.0,5.2,33.4,132.1,0.742,-0.6704,33.4,30.6,36.1,1.226,0.0739,False
25.55,93.21,316.0,4.6,33.4,180.0,0.0,-1.0,33.4,30.6,36.0,1.224,0.0655,False
25.55,93.22,323.0,4.1,33.5,90.0,1.0,0.0,33.5,30.6,36.0,1.223,0.0585,False
25.55,93.23,302.0,4.2,33.5,90.0,1.0,0.0,33.5,30.6,35.9,1.221,0.06,False
25.55,93.24,321.0,3.5,33.6,227.9,-0.742,-0.6704,33.6,30.6,35.9,1.219,0.0501,False
25.55,93.25,301.0,7.2,33.6,180.0,0.0,-1.0,33.6,30.6,35.9,1.218,0.1029,False
25.55,93.26,359.0,7.2,33.6,180.0,0.0,-1.0,33.6,30.6,35.8,1.216,0.1031,False
25.55,93.27,321.0,15.6,33.6,227.9,-0.742,-0.6704,33.6,30.6,35.8,1.215,0.2213,False
25.55,93.28,323.0,20.4,33.7,270.0,-1.0,-0.0,33.7,30.6,35.8,1.214,0.2871,False
25.55,93.29,405.0,16.6,33.7,270.0,-1.0,-0.0,33.7,30.6,35.7,1.212,0.2357,False
25.56,92.64,694.0,6.2,31.5,312.1,-0.742,0.6704,31.5,33.1,35.4,1.207,0.0895,False
25.56,92.65,682.0,14.5,31.4,312.1,-0.742,0.6704,31.4,33.1,35.5,1.209,0.2071,False
25.56,92.66,665.0,17.5,31.3,270.0,-1.0,-0.0,31.3,33.2,35.5,1.211,0.2483,False
25.56,92.67,654.0,12.3,31.2,227.9,-0.742,-0.6704,31.2,33.2,35.6,1.212,0.1758,False
25.56,92.68,661.0,4.8,31.1,270.0,-1.0,-0.0,31.1,33.3,35.6,1.214,0.0689,False
25.56,92.69,674.0,4.4,31.0,227.9,-0.742,-0.6704,31.0,33.3,35.7,1.215,0.0631,False
25.56,92.7,687.0,6.7,31.0,312.1,-0.742,0.6704,31.0,33.3,35.7,1.216,0.0959,False
25.56,92.71,672.0,16.8,30.9,0.0,0.0,1.0,30.9,33.3,35.7,1.216,0.2377,False
25.56,92.72,534.0,16.8,30.9,0.0,0.0,1.0,30.9,33.3,35.7,1.217,0.2375,False
25.56,92.73,500.0,8.5,30.9,312.1,-0.742,0.6704,30.9,33.3,35.7,1.216,0.1216,False
25.56,92.74,478.0,9.0,31.0,270.0,-1.0,-0.0,31.0,33.3,35.7,1.216,0.1286,False
25.56,92.75,452.0,8.4,31.1,227.9,-0.742,-0.6704,31.1,33.2,35.7,1.214,0.1203,False
25.56,92.76,469.0,9.3,31.2,270.0,-1.0,-0.0,31.2,33.2,35.6,1.213,0.1332,False
25.56,92.77,496.0,10.6,31.3,312.1,-0.742,0.6704,31.3,33.1,35.6,1.211,0.1519,False
25.56,92.78,483.0,13.8,31.5,0.0,0.0,1.0,31.5,33.0,35.5,1.209,0.1973,False
25.56,92.79,371.0,13.8,31.7,0.0,0.0,1.0,31.7,32.8,35.5,1.207,0.1976,False
25.56,92.8,374.0,4.9,31.8,270.0,-1.0,-0.0,31.8,32.7,35.5,1.205,0.0709,False
25.56,92.81,385.0,8.7,32.0,312.1,-0.742,0.6704,32.0,32.6,35.4,1.203,0.1257,False
25.56,92.82,356.0,8.5,32.1,270.0,-1.0,-0.0,32.1,32.5,35.4,1.202,0.123,False
25.56,92.83,309.0,6.0,32.3,312.1,-0.742,0.6704,32.3,32.4,35.4,1.2,0.0871,False
25.56,92.84,306.0,13.7,32.4,0.0,0.0,1.0,32.4,32.2,35.3,1.199,0.1975,False
25.56,92.85,195.0,13.7,32.5,0.0,0.0,1.0,32.5,32.1,35.3,1.198,0.1977,False
25.56,92.86,188.0,6.6,32.6,90.0,1.0,0.0,32.6,32.0,35.3,1.197,0.096,False
25.56,92.87,213.0,4.5,32.7,47.9,0.742,0.6704,32.7,32.0,35.3,1.197,0.0655,False
25.56,92.88,187.0,3.5,32.8,0.0,0.0,1.0,32.8,31.9,35.3,1.196,0.051,False
25.56,92.89,181.0,5.0,32.8,0.0,0.0,1.0,32.8,31.8,35.4,1.196,0.0729,False
25.56,92.9,141.0,5.0,32.9,0.0,0.0,1.0,32.9,31.7,35.4,1.196,0.0729,False
25.56,92.91,170.0,6.2,32.9,227.9,-0.742,-0.6704,32.9,31.7,35.4,1.196,0.0903,False
25.56,92.92,159.0,10.8,33.0,227.9,-0.742,-0.6704,33.0,31.6,35.4,1.197,0.1565,False
25.56,92.93,166.0,13.7,33.0,270.0,-1.0,-0.0,33.0,31.6,35.4,1.197,0.1979,False
25.56,92.94,131.0,13.1,33.0,312.1,-0.742,0.6704,33.0,31.5,35.5,1.198,0.1892,False
25.56,92.95,153.0,10.4,33.0,270.0,-1.0,-0.0,33.0,31.5,35.5,1.199,0.1506,False
25.56,92.96,152.0,7.9,33.0,312.1,-0.742,0.6704,33.0,31.4,35.5,1.2,0.1145,False
25.56,92.97,134.0,6.4,33.0,270.0,-1.0,-0.0,33.0,31.4,35.6,1.201,0.0928,False
25.56,92.98,116.0,6.3,33.0,312.1,-0.742,0.6704,33.0,31.3,35.6,1.202,0.0913,False
25.56,92.99,128.0,4.2,33.0,90.0,1.0,0.0,33.0,31.3,35.7,1.204,0.0608,False
25.56,93.0,117.0,4.3,33.0,227.9,-0.742,-0.6704,33.0,31.2,35.8,1.206,0.0622,False
25.56,93.01,145.0,3.5,33.0,180.0,0.0,-1.0,33.0,31.2,35.8,1.208,0.0505,False
25.56,93.02,137.0,7.4,33.0,180.0,0.0,-1.0,33.0,31.1,35.9,1.21,0.1064,False
25.56,93.03,196.0,7.4,33.0,180.0,0.0,-1.0,33.0,31.1,35.9,1.213,0.1062,False
25.56,93.04,184.0,3.5,32.9,270.0,-1.0,-0.0,32.9,31.1,36.0,1.215,0.0502,False
25.56,93.05,168.0,6.8,32.9,132.1,0.742,-0.6704,32.9,31.0,36.1,1.218,0.0972,False
25.56,93.06,217.0,6.9,32.9,90.0,1.0,0.0,32.9,31.0,36.1,1.22,0.0985,False
25.56,93.07,187.0,8.8,32.9,90.0,1.0,0.0,32.9,30.9,36.2,1.223,0.1251,False
25.56,93.08,202.0,5.8,32.8,90.0,1.0,0.0,32.8,30.9,36.3,1.225,0.0825,False
25.56,93.09,184.0,9.3,32.8,90.0,1.0,0.0,32.8,30.9,36.3,1.228,0.1316,False
25.56,93.1,188.0,6.6,32.8,47.9,0.742,0.6704,32.8,30.9,36.3,1.23,0.0934,False
25.56,93.11,211.0,4.3,32.8,90.0,1.0,0.0,32.8,30.8,36.4,1.231,0.0609,False
25.56,93.12,185.0,9.5,32.9,180.0,0.0,-1.0,32.9,30.8,36.3,1.232,0.134,False
25.56,93.13,261.0,9.5,33.0,180.0,0.0,-1.0,33.0,30.7,36.3,1.232,0.134,False
25.56,93.14,258.0,6.6,33.2,132.1,0.742,-0.6704,33.2,30.6,36.2,1.232,0.0933,False
25.56,93.15,246.0,10.2,33.3,90.0,1.0,0.0,33.3,30.6,36.1,1.232,0.1437,False
25.56,93.16,308.0,7.7,33.4,180.0,0.0,-1.0,33.4,30.5,36.1,1.231,0.1088,False
25.56,93.17,300.0,4.4,33.5,270.0,-1.0,-0.0,33.5,30.5,36.0,1.23,0.0624,False
25.56,93.18,289.0,3.5,33.6,90.0,1.0,0.0,33.6,30.4,36.0,1.229,0.0497,False
25.56,93.19,299.0,5.3,33.6,270.0,-1.0,-0.0,33.6,30.4,35.9,1.227,0.0753,False
25.56,93.2,267.0,9.2,33.6,180.0,0.0,-1.0,33.6,30.5,35.9,1.226,0.1304,False
25.56,93.21,341.0,9.2,33.6,180.0,0.0,-1.0,33.6,30.5,35.9,1.224,0.1306,False
25.56,93.22,310.0,3.9,33.6,0.0,0.0,1.0,33.6,30.5,35.9,1.223,0.0556,False
25.56,93.23,339.0,4.2,33.6,90.0,1.0,0.0,33.6,30.5,35.9,1.221,0.06,False
25.56,93.24,334.0,3.8,33.7,132.1,0.742,-0.6704,33.7,30.5,35.8,1.22,0.0543,False
25.56,93.25,322.0,6.9,33.7,132.1,0.742,-0.6704,33.7,30.5,35.8,1.218,0.0986,False
25.56,93.26,359.0,8.9,33.7,132.1,0.742,-0.6704,33.7,30.5,35.8,1.217,0.1271,False
25.56,93.27,367.0,11.1,33.7,90.0,1.0,0.0,33.7,30.5,35.8,1.216,0.1583,False
25.56,93.28,408.0,12.4,33.7,132.1,0.742,-0.6704,33.7,30.6,35.8,1.214,0.1769,False
25.56,93.29,397.0,17.7,33.7,90.0,1.0,0.0,33.7,30.6,35.7,1.213,0.2506,False
25.57,92.65,620.0,14.0,31.4,0.0,0.0,1.0,31.4,33.1,35.5,1.208,0.2003,False
25.57,92.66,506.0,17.5,31.3,270.0,-1.0,-0.0,31.3,33.1,35.5,1.21,0.2485,False
25.57,92.67,617.0,16.5,31.2,312.1,-0.742,0.6704,31.2,33.2,35.6,1.211,0.2345,False
25.57,92.68,622.0,22.3,31.2,270.0,-1.0,-0.0,31.2,33.2,35.6,1.213,0.3128,False
25.57,92.69,637.0,18.1,31.1,227.9,-0.742,-0.6704,31.1,33.3,35.7,1.214,0.2559,False
25.57,92.7,634.0,9.0,31.0,312.1,-0.742,0.6704,31.0,33.3,35.7,1.215,0.1288,False
25.57,92.71,607.0,12.9,31.0,312.1,-0.742,0.6704,31.0,33.3,35.7,1.215,0.1837,False
25.57,92.72,516.0,12.9,31.0,312.1,-0.742,0.6704,31.0,33.3,35.7,1.215,0.1837,False
25.57,92.73,509.0,15.7,31.0,270.0,-1.0,-0.0,31.0,33.3,35.7,1.215,0.2227,False
25.57,92.74,398.0,13.7,31.1,180.0,0.0,-1.0,31.1,33.2,35.7,1.214,0.1951,False
25.57,92.75,509.0,13.7,31.2,180.0,0.0,-1.0,31.2,33.2,35.6,1.213,0.1952,False
25.57,92.76,486.0,10.1,31.3,270.0,-1.0,-0.0,31.3,33.1,35.6,1.212,0.1447,False
25.57,92.77,442.0,9.1,31.4,0.0,0.0,1.0,31.4,33.0,35.6,1.21,0.1307,False
25.57,92.78,369.0,12.7,31.6,270.0,-1.0,-0.0,31.6,32.9,35.5,1.208,0.182,False
25.57,92.79,355.0,10.7,31.7,312.1,-0.742,0.6704,31.7,32.8,35.5,1.207,0.1538,False
25.57,92.8,341.0,3.7,31.8,270.0,-1.0,-0.0,31.8,32.7,35.5,1.205,0.0536,False
25.57,92.81,325.0,6.8,32.0,270.0,-1.0,-0.0,32.0,32.6,35.4,1.203,0.0984,False
25.57,92.82,281.0,8.7,32.1,312.1,-0.742,0.6704,32.1,32.5,35.4,1.202,0.1258,False
25.57,92.83,297.0,10.2,32.3,270.0,-1.0,-0.0,32.3,32.3,35.4,1.201,0.1474,False
25.57,92.84,238.0,7.7,32.4,270.0,-1.0,-0.0,32.4,32.2,35.4,1.2,0.1117,False
25.57,92.85,248.0,6.0,32.5,90.0,1.0,0.0,32.5,32.1,35.4,1.199,0.0872,False
25.57,92.86,246.0,6.6,32.6,90.0,1.0,0.0,32.6,32.1,35.4,1.198,0.0959,False
25.57,92.87,205.0,5.1,32.6,0.0,0.0,1.0,32.6,32.0,35.4,1.198,0.0742,False
25.57,92.88,184.0,3.5,32.7,0.0,0.0,1.0,32.7,31.9,35.4,1.198,0.051,False
25.57,92.89,178.0,3.5,32.8,47.9,0.742,0.6704,32.8,31.8,35.4,1.198,0.051,False
25.57,92.9,157.0,4.9,32.8,90.0,1.0,0.0,32.8,31.8,35.5,1.198,0.0713,False
25.57,92.91,154.0,3.9,32.8,47.9,0.742,0.6704,32.8,31.7,35.5,1.198,0.0568,False
25.57,92.92,133.0,6.7,32.9,180.0,0.0,-1.0,32.9,31.6,35.5,1.198,0.0974,False
25.57,92.93,187.0,6.7,32.9,180.0,0.0,-1.0,32.9,31.6,35.5,1.199,0.0973,False
25.57,92.94,236.0,12.7,32.9,0.0,0.0,1.0,32.9,31.5,35.6,1.2,0.1832,False
25.57,92.95,133.0,12.7,32.9,0.0,0.0,1.0,32.9,31.5,35.6,1.201,0.1831,False
25.57,92.96,141.0,3.5,32.9,0.0,0.0,1.0,32.9,31.4,35.7,1.202,0.0508,False
25.57,92.97,120.0,3.9,32.9,132.1,0.742,-0.6704,32.9,31.4,35.7,1.203,0.0565,False
25.57,92.98,121.0,5.5,32.9,180.0,0.0,-1.0,32.9,31.3,35.7,1.204,0.0796,False
25.57,92.99,165.0,5.5,32.9,180.0,0.0,-1.0,32.9,31.3,35.8,1.206,0.0795,False
25.57,93.0,135.0,4.0,32.9,90.0,1.0,0.0,32.9,31.2,35.8,1.208,0.0577,False
25.57,93.01,146.0,7.5,32.9,132.1,0.742,-0.6704,32.9,31.2,35.9,1.209,0.108,False
25.57,93.02,169.0,7.5,32.9,90.0,1.0,0.0,32.9,31.1,35.9,1.211,0.1078,False
25.57,93.03,159.0,6.4,32.9,47.9,0.742,0.6704,32.9,31.1,36.0,1.213,0.0919,False
25.57,93.04,163.0,3.5,32.9,312.1,-0.742,0.6704,32.9,31.0,36.0,1.216,0.0502,False
25.57,93.05,182.0,10.2,33.0,132.1,0.742,-0.6704,33.0,31.0,36.1,1.218,0.1454,False
25.57,93.06,249.0,8.4,33.0,180.0,0.0,-1.0,33.0,30.9,36.1,1.22,0.1197,False
25.57,93.07,265.0,8.8,33.0,90.0,1.0,0.0,33.0,30.9,36.1,1.223,0.1251,False
25.57,93.08,206.0,9.8,33.1,132.1,0.742,-0.6704,33.1,30.8,36.1,1.225,0.1389,False
25.57,93.09,267.0,9.3,33.1,90.0,1.0,0.0,33.1,30.7,36.1,1.227,0.1317,False
25.57,93.1,246.0,6.6,33.2,90.0,1.0,0.0,33.2,30.7,36.1,1.228,0.0936,False
25.57,93.11,230.0,5.4,33.3,90.0,1.0,0.0,33.3,30.6,36.1,1.229,0.0766,False
25.57,93.12,214.0,7.0,33.5,90.0,1.0,0.0,33.5,30.5,36.0,1.23,0.0991,False
25.57,93.13,264.0,6.6,33.7,132.1,0.742,-0.6704,33.7,30.4,35.9,1.23,0.0934,False
25.57,93.14,277.0,7.5,33.8,180.0,0.0,-1.0,33.8,30.3,35.9,1.23,0.1061,False
25.57,93.15,337.0,10.2,34.0,90.0,1.0,0.0,34.0,30.2,35.8,1.23,0.144,False
25.57,93.16,303.0,5.3,34.0,0.0,0.0,1.0,34.0,30.2,35.8,1.23,0.0751,False
25.57,93.17,261.0,7.4,34.0,180.0,0.0,-1.0,34.0,30.2,35.8,1.229,0.1048,False
25.57,93.18,320.0,8.5,34.0,0.0,0.0,1.0,34.0,30.2,35.8,1.228,0.1204,False
25.57,93.19,252.0,8.5,34.0,0.0,0.0,1.0,34.0,30.3,35.8,1.227,0.1205,False
25.57,93.2,269.0,9.7,33.9,180.0,0.0,-1.0,33.9,30.3,35.8,1.226,0.1374,False
25.57,93.21,347.0,9.7,33.8,180.0,0.0,-1.0,33.8,30.4,35.8,1.225,0.1375,False
25.57,93.22,328.0,13.5,33.8,132.1,0.742,-0.6704,33.8,30.4,35.8,1.223,0.1909,False
25.57,93.23,335.0,17.9,33.8,132.1,0.742,-0.6704,33.8,30.4,35.8,1.222,0.2515,False
25.57,93.24,353.0,21.8,33.7,90.0,1.0,0.0,33.7,30.5,35.8,1.22,0.3044,False
25.57,93.25,379.0,14.5,33.7,47.9,0.742,0.6704,33.7,30.5,35.8,1.219,0.2054,False
25.57,93.26,404.0,13.5,33.7,132.1,0.742,-0.6704,33.7,30.5,35.8,1.217,0.1918,False
25.57,93.27,466.0,11.3,33.7,90.0,1.0,0.0,33.7,30.5,35.8,1.216,0.1611,False
25.57,93.28,462.0,11.9,33.7,180.0,0.0,-1.0,33.7,30.5,35.7,1.215,0.1697,False
25.57,93.29,558.0,17.7,33.7,90.0,1.0,0.0,33.7,30.6,35.7,1.214,0.2504,False
25.58,92.66,605.0,11.1,31.4,90.0,1.0,0.0,31.4,33.1,35.5,1.209,0.1592,False
25.58,92.67,594.0,21.4,31.3,0.0,0.0,1.0,31.3,33.1,35.6,1.21,0.3016,False
25.58,92.68,415.0,22.3,31.2,270.0,-1.0,-0.0,31.2,33.2,35.6,1.212,0.3131,False
25.58,92.69,602.0,25.0,31.2,270.0,-1.0,-0.0,31.2,33.2,35.6,1.212,0.3487,False
25.58,92.7,587.0,17.9,31.1,227.9,-0.742,-0.6704,31.1,33.2,35.6,1.213,0.2534,False
25.58,92.71,526.0,11.6,31.1,312.1,-0.742,0.6704,31.1,33.2,35.7,1.214,0.1656,False
25.58,92.72,451.0,15.7,31.1,312.1,-0.742,0.6704,31.1,33.2,35.7,1.214,0.2229,False
25.58,92.73,367.0,15.7,31.1,270.0,-1.0,-0.0,31.1,33.2,35.7,1.213,0.2231,False
25.58,92.74,363.0,12.1,31.2,227.9,-0.742,-0.6704,31.2,33.2,35.6,1.213,0.1728,False
25.58,92.75,413.0,10.8,31.3,270.0,-1.0,-0.0,31.3,33.1,35.6,1.212,0.1546,False
25.58,92.76,396.0,10.1,31.4,270.0,-1.0,-0.0,31.4,33.0,35.6,1.211,0.1448,False
25.58,92.77,402.0,7.0,31.5,312.1,-0.742,0.6704,31.5,33.0,35.6,1.209,0.1008,False
25.58,92.78,371.0,6.0,31.6,312.1,-0.742,0.6704,31.6,32.9,35.5,1.208,0.0865,False
25.58,92.79,360.0,5.5,31.7,270.0,-1.0,-0.0,31.7,32.8,35.5,1.206,0.0795,False
25.58,92.8,332.0,3.5,31.9,0.0,0.0,1.0,31.9,32.6,35.5,1.205,0.0507,False
25.58,92.81,309.0,3.5,32.0,0.0,0.0,1.0,32.0,32.5,35.5,1.203,0.0507,False
25.58,92.82,297.0,11.3,32.1,0.0,0.0,1.0,32.1,32.4,35.5,1.202,0.163,False
25.58,92.83,206.0,11.3,32.2,0.0,0.0,1.0,32.2,32.3,35.4,1.201,0.1632,False
25.58,92.84,178.0,9.9,32.3,47.9,0.742,0.6704,32.3,32.2,35.4,1.2,0.1433,False
25.58,92.85,221.0,5.7,32.4,312.1,-0.742,0.6704,32.4,32.1,35.4,1.2,0.0828,False
25.58,92.86,209.0,6.3,32.5,270.0,-1.0,-0.0,32.5,32.1,35.5,1.199,0.0915,False
25.58,92.87,198.0,4.0,32.6,312.1,-0.742,0.6704,32.6,32.0,35.5,1.199,0.0582,False
25.58,92.88,203.0,4.6,32.6,0.0,0.0,1.0,32.6,31.9,35.5,1.199,0.0669,False
25.58,92.89,166.0,4.6,32.7,0.0,0.0,1.0,32.7,31.8,35.5,1.199,0.0669,False
25.58,92.9,200.0,6.6,32.7,0.0,0.0,1.0,32.7,31.8,35.5,1.199,0.0959,False
25.58,92.91,147.0,8.3,32.7,90.0,1.0,0.0,32.7,31.7,35.6,1.2,0.1203,False
25.58,92.92,156.0,5.5,32.7,47.9,0.742,0.6704,32.7,31.7,35.6,1.2,0.0799,False
25.58,92.93,135.0,8.4,32.7,227.9,-0.742,-0.6704,32.7,31.6,35.6,1.201,0.1216,False
25.58,92.94,123.0,12.6,32.8,270.0,-1.0,-0.0,32.8,31.6,35.7,1.202,0.1815,False
25.58,92.95,115.0,10.1,32.8,312.1,-0.742,0.6704,32.8,31.5,35.7,1.203,0.1458,False
25.58,92.96,124.0,3.5,32.8,90.0,1.0,0.0,32.8,31.5,35.8,1.204,0.0507,False
25.58,92.97,115.0,6.4,32.8,180.0,0.0,-1.0,32.8,31.4,35.8,1.205,0.0925,False
25.58,92.98,166.0,6.4,32.8,180.0,0.0,-1.0,32.8,31.4,35.8,1.206,0.0924,False
25.58,92.99,131.0,8.9,32.8,132.1,0.742,-0.6704,32.8,31.3,35.9,1.208,0.1281,False
25.58,93.0,170.0,7.6,32.8,90.0,1.0,0.0,32.8,31.3,35.9,1.209,0.1094,False
25.58,93.01,155.0,10.1,32.8,90.0,1.0,0.0,32.8,31.2,36.0,1.211,0.1448,False
25.58,93.02,235.0,9.9,32.9,180.0,0.0,-1.0,32.9,31.2,36.0,1.213,0.1417,False
25.58,93.03,183.0,6.5,32.9,0.0,0.0,1.0,32.9,31.1,36.0,1.214,0.0932,False
25.58,93.04,158.0,6.6,32.9,90.0,1.0,0.0,32.9,31.0,36.0,1.216,0.0945,False
25.58,93.05,178.0,15.4,33.0,180.0,0.0,-1.0,33.0,31.0,36.0,1.218,0.218,False
25.58,93.06,304.0,15.4,33.1,180.0,0.0,-1.0,33.1,30.9,36.1,1.22,0.2177,False
25.58,93.07,299.0,11.8,33.2,0.0,0.0,1.0,33.2,30.8,36.1,1.222,0.1673,False
25.58,93.08,204.0,14.6,33.3,180.0,0.0,-1.0,33.3,30.7,36.0,1.224,0.2059,False
25.58,93.09,323.0,14.6,33.4,180.0,0.0,-1.0,33.4,30.6,36.0,1.226,0.2056,False
25.58,93.1,274.0,6.1,33.6,0.0,0.0,1.0,33.6,30.5,35.9,1.227,0.0866,False
25.58,93.11,278.0,5.4,33.8,90.0,1.0,0.0,33.8,30.4,35.9,1.228,0.0766,False
25.58,93.12,276.0,7.0,34.0,90.0,1.0,0.0,34.0,30.2,35.8,1.229,0.0992,False
25.58,93.13,273.0,7.2,34.3,90.0,1.0,0.0,34.3,30.1,35.6,1.229,0.102,False
25.58,93.14,277.0,5.0,34.5,47.9,0.742,0.6704,34.5,30.0,35.5,1.229,0.0709,False
25.58,93.15,262.0,8.5,34.6,270.0,-1.0,-0.0,34.6,29.9,35.5,1.229,0.1203,False
25.58,93.16,267.0,5.9,34.6,312.1,-0.742,0.6704,34.6,29.9,35.5,1.229,0.0836,False
25.58,93.17,261.0,5.9,34.5,90.0,1.0,0.0,34.5,30.0,35.5,1.229,0.0836,False
25.58,93.18,268.0,6.6,34.4,132.1,0.742,-0.6704,34.4,30.0,35.6,1.228,0.0936,False
25.58,93.19,250.0,10.9,34.3,90.0,1.0,0.0,34.3,30.1,35.6,1.227,0.1541,False
25.58,93.2,285.0,10.8,34.2,132.1,0.742,-0.6704,34.2,30.2,35.7,1.226,0.1528,False
25.58,93.21,326.0,10.0,34.1,90.0,1.0,0.0,34.1,30.3,35.7,1.225,0.1418,False
25.58,93.22,362.0,15.8,34.0,180.0,0.0,-1.0,34.0,30.3,35.7,1.223,0.2226,False
25.58,93.23,491.0,17.2,33.9,90.0,1.0,0.0,33.9,30.4,35.7,1.222,0.242,False
25.58,93.24,555.0,21.8,33.8,90.0,1.0,0.0,33.8,30.4,35.7,1.221,0.3042,False
25.58,93.25,502.0,13.7,33.8,90.0,1.0,0.0,33.8,30.4,35.7,1.219,0.1943,False
25.58,93.26,471.0,11.9,33.8,180.0,0.0,-1.0,33.8,30.5,35.7,1.218,0.1693,False
25.58,93.27,567.0,14.7,33.8,227.9,-0.742,-0.6704,33.8,30.5,35.7,1.217,0.2085,False
25.58,93.28,478.0,11.0,33.7,0.0,0.0,1.0,33.7,30.5,35.7,1.215,0.157,False
25.58,93.29,511.0,6.9,33.7,270.0,-1.0,-0.0,33.7,30.6,35.7,1.214,0.099,False
25.59,92.66,635.0,3.5,31.4,47.9,0.742,0.6704,31.4,33.1,35.5,1.208,0.0505,False
25.59,92.67,609.0,15.9,31.4,47.9,0.742,0.6704,31.4,33.1,35.5,1.209,0.2266,False
25.59,92.68,552.0,22.1,31.3,0.0,0.0,1.0,31.3,33.1,35.6,1.21,0.3109,False
25.59,92.69,367.0,25.0,31.3,270.0,-1.0,-0.0,31.3,33.1,35.6,1.211,0.349,False
25.59,92.7,556.0,22.5,31.2,180.0,0.0,-1.0,31.2,33.2,35.6,1.212,0.3157,False
25.59,92.71,441.0,14.1,31.2,0.0,0.0,1.0,31.2,33.2,35.6,1.212,0.201,False
25.59,92.72,386.0,15.4,31.2,0.0,0.0,1.0,31.2,33.1,35.6,1.212,0.2191,False
25.59,92.73,260.0,20.6,31.3,47.9,0.742,0.6704,31.3,33.1,35.6,1.212,0.2903,False
25.59,92.74,292.0,10.1,31.3,227.9,-0.742,-0.6704,31.3,33.1,35.6,1.211,0.1448,False
25.59,92.75,349.0,10.2,31.4,270.0,-1.0,-0.0,31.4,33.0,35.6,1.211,0.1462,False
25.59,92.76,365.0,8.9,31.5,227.9,-0.742,-0.6704,31.5,33.0,35.6,1.21,0.1279,False
25.59,92.77,372.0,4.2,31.6,227.9,-0.742,-0.6704,31.6,32.9,35.6,1.208,0.0606,False
25.59,92.78,375.0,8.0,31.7,0.0,0.0,1.0,31.7,32.8,35.5,1.207,0.1153,False
25.59,92.79,311.0,8.0,31.8,0.0,0.0,1.0,31.8,32.7,35.5,1.206,0.1154,False
25.59,92.8,327.0,5.5,31.9,312.1,-0.742,0.6704,31.9,32.6,35.5,1.205,0.0795,False
25.59,92.81,293.0,4.3,32.0,0.0,0.0,1.0,32.0,32.5,35.5,1.204,0.0623,False
25.59,92.82,320.0,9.5,32.1,47.9,0.742,0.6704,32.1,32.4,35.5,1.203,0.1372,False
25.59,92.83,297.0,10.2,32.2,90.0,1.0,0.0,32.2,32.3,35.5,1.202,0.1473,False
25.59,92.84,245.0,7.6,32.3,90.0,1.0,0.0,32.3,32.2,35.5,1.201,0.1101,False
25.59,92.85,189.0,7.0,32.4,0.0,0.0,1.0,32.4,32.1,35.5,1.201,0.1015,False
25.59,92.86,153.0,6.4,32.4,47.9,0.742,0.6704,32.4,32.1,35.5,1.2,0.0929,False
25.59,92.87,199.0,5.8,32.5,180.0,0.0,-1.0,32.5,32.0,35.5,1.2,0.0842,False
25.59,92.88,213.0,4.6,32.5,0.0,0.0,1.0,32.5,31.9,35.6,1.2,0.0668,False
25.59,92.89,176.0,4.6,32.5,0.0,0.0,1.0,32.5,31.8,35.6,1.201,0.0668,False
25.59,92.9,169.0,6.5,32.6,180.0,0.0,-1.0,32.6,31.8,35.6,1.201,0.0943,False
25.59,92.91,221.0,8.3,32.6,90.0,1.0,0.0,32.6,31.7,35.7,1.201,0.1202,False
25.59,92.92,164.0,7.1,32.6,0.0,0.0,1.0,32.6,31.7,35.7,1.202,0.1028,False
25.59,92.93,137.0,3.5,32.6,0.0,0.0,1.0,32.6,31.6,35.8,1.203,0.0507,False
25.59,92.94,128.0,3.5,32.6,90.0,1.0,0.0,32.6,31.6,35.8,1.204,0.0507,False
25.59,92.95,115.0,5.1,32.6,132.1,0.742,-0.6704,32.6,31.5,35.8,1.205,0.0738,False
25.59,92.96,149.0,4.3,32.6,180.0,0.0,-1.0,32.6,31.5,35.9,1.206,0.0622,False
25.59,92.97,145.0,6.5,32.6,132.1,0.742,-0.6704,32.6,31.4,35.9,1.207,0.0938,False
25.59,92.98,165.0,6.6,32.6,90.0,1.0,0.0,32.6,31.4,36.0,1.208,0.0951,False
25.59,92.99,180.0,7.1,32.7,180.0,0.0,-1.0,32.7,31.3,36.0,1.209,0.1022,False
25.59,93.0,237.0,8.9,32.7,132.1,0.742,-0.6704,32.7,31.3,36.0,1.211,0.1278,False
25.59,93.01,245.0,10.1,32.7,90.0,1.0,0.0,32.7,31.2,36.0,1.212,0.1447,False
25.59,93.02,176.0,10.1,32.8,132.1,0.742,-0.6704,32.8,31.2,36.0,1.214,0.1445,False
25.59,93.03,188.0,12.2,32.8,90.0,1.0,0.0,32.8,31.1,36.1,1.215,0.1739,False
25.59,93.04,216.0,6.8,32.9,47.9,0.742,0.6704,32.9,31.0,36.1,1.217,0.0973,False
25.59,93.05,202.0,8.5,33.0,227.9,-0.742,-0.6704,33.0,30.9,36.1,1.219,0.1213,False
25.59,93.06,258.0,7.0,33.1,180.0,0.0,-1.0,33.1,30.8,36.0,1.221,0.0998,False
25.59,93.07,302.0,8.2,33.3,47.9,0.742,0.6704,33.3,30.7,36.0,1.222,0.1167,False
25.59,93.08,290.0,9.7,33.4,90.0,1.0,0.0,33.4,30.6,36.0,1.224,0.1377,False
25.59,93.09,284.0,6.7,33.6,132.1,0.742,-0.6704,33.6,30.5,35.9,1.225,0.0952,False
25.59,93.1,258.0,5.6,33.9,180.0,0.0,-1.0,33.9,30.3,35.8,1.227,0.0795,False
25.59,93.11,303.0,5.6,34.2,180.0,0.0,-1.0,34.2,30.2,35.7,1.228,0.0795,False
25.59,93.12,280.0,7.1,34.5,180.0,0.0,-1.0,34.5,30.0,35.5,1.228,0.1007,False
25.59,93.13,337.0,7.2,34.8,90.0,1.0,0.0,34.8,29.8,35.4,1.229,0.102,False
25.59,93.14,313.0,4.3,35.0,47.9,0.742,0.6704,35.0,29.7,35.3,1.229,0.061,False
25.59,93.15,318.0,7.5,35.1,132.1,0.742,-0.6704,35.1,29.7,35.3,1.229,0.1062,False
25.59,93.16,309.0,11.1,35.0,90.0,1.0,0.0,35.0,29.7,35.3,1.229,0.1566,False
25.59,93.17,313.0,7.9,34.9,47.9,0.742,0.6704,34.9,29.8,35.3,1.229,0.1118,False
25.59,93.18,286.0,7.6,34.7,180.0,0.0,-1.0,34.7,29.9,35.4,1.228,0.1077,False
25.59,93.19,347.0,10.9,34.6,90.0,1.0,0.0,34.6,30.0,35.5,1.227,0.1541,False
25.59,93.2,353.0,8.6,34.4,132.1,0.742,-0.6704,34.4,30.1,35.6,1.226,0.122,False
25.59,93.21,415.0,10.8,34.2,132.1,0.742,-0.6704,34.2,30.2,35.6,1.225,0.153,False
25.59,93.22,436.0,9.2,34.1,132.1,0.742,-0.6704,34.1,30.2,35.7,1.224,0.1306,False
25.59,93.23,384.0,14.1,34.0,227.9,-0.742,-0.6704,34.0,30.3,35.7,1.222,0.1994,False
25.59,93.24,407.0,16.3,33.9,270.0,-1.0,-0.0,33.9,30.4,35.7,1.221,0.2299,False
25.59,93.25,403.0,12.6,33.9,312.1,-0.742,0.6704,33.9,30.4,35.7,1.22,0.1788,False
25.59,93.26,389.0,14.7,33.8,227.9,-0.742,-0.6704,33.8,30.5,35.7,1.218,0.2083,False
25.59,93.27,455.0,12.5,33.8,270.0,-1.0,-0.0,33.8,30.5,35.7,1.217,0.1778,False
25.59,93.28,471.0,9.8,33.8,227.9,-0.742,-0.6704,33.8,30.5,35.7,1.216,0.14,False
25.59,93.29,450.0,6.9,33.7,270.0,-1.0,-0.0,33.7,30.6,35.7,1.214,0.099,False
25.6,92.67,631.0,6.6,31.5,47.9,0.742,0.6704,31.5,33.0,35.5,1.208,0.0951,False
25.6,92.68,645.0,22.2,31.4,47.9,0.742,0.6704,31.4,33.1,35.5,1.209,0.3125,False
25.6,92.69,480.0,19.9,31.4,0.0,0.0,1.0,31.4,33.1,35.6,1.21,0.2813,False
25.6,92.7,362.0,24.6,31.3,90.0,1.0,0.0,31.3,33.1,35.6,1.21,0.344,False
25.6,92.71,366.0,21.8,31.3,90.0,1.0,0.0,31.3,33.1,35.6,1.211,0.3067,False
25.6,92.72,516.0,20.6,31.3,47.9,0.742,0.6704,31.3,33.1,35.6,1.211,0.2905,False
25.6,92.73,379.0,16.7,31.4,0.0,0.0,1.0,31.4,33.1,35.6,1.211,0.2373,False
25.6,92.74,283.0,14.7,31.4,47.9,0.742,0.6704,31.4,33.0,35.6,1.21,0.2097,False
25.6,92.75,258.0,10.2,31.5,270.0,-1.0,-0.0,31.5,33.0,35.6,1.209,0.1465,False
25.6,92.76,322.0,8.0,31.5,180.0,0.0,-1.0,31.5,32.9,35.6,1.209,0.1151,False
25.6,92.77,351.0,3.6,31.6,180.0,0.0,-1.0,31.6,32.8,35.6,1.208,0.052,False
25.6,92.78,363.0,5.3,31.7,312.1,-0.742,0.6704,31.7,32.7,35.5,1.207,0.0765,False
25.6,92.79,336.0,4.1,31.8,270.0,-1.0,-0.0,31.8,32.7,35.5,1.206,0.0593,False
25.6,92.8,310.0,6.0,31.9,0.0,0.0,1.0,31.9,32.6,35.5,1.205,0.0867,False
25.6,92.81,262.0,6.0,32.0,0.0,0.0,1.0,32.0,32.5,35.5,1.204,0.0868,False
25.6,92.82,289.0,3.5,32.1,270.0,-1.0,-0.0,32.1,32.4,35.5,1.203,0.0507,False
25.6,92.83,277.0,7.0,32.2,312.1,-0.742,0.6704,32.2,32.3,35.5,1.202,0.1014,False
25.6,92.84,250.0,6.3,32.2,270.0,-1.0,-0.0,32.2,32.2,35.5,1.202,0.0913,False
25.6,92.85,229.0,9.8,32.3,0.0,0.0,1.0,32.3,32.1,35.6,1.202,0.1416,False
25.6,92.86,150.0,9.8,32.4,0.0,0.0,1.0,32.4,32.1,35.6,1.201,0.1417,False
25.6,92.87,174.0,4.6,32.4,180.0,0.0,-1.0,32.4,32.0,35.6,1.202,0.0667,False
25.6,92.88,211.0,4.6,32.4,180.0,0.0,-1.0,32.4,31.9,35.7,1.202,0.0667,False
25.6,92.89,199.0,5.3,32.4,0.0,0.0,1.0,32.4,31.9,35.7,1.202,0.0768,False
25.6,92.9,157.0,5.4,32.5,227.9,-0.742,-0.6704,32.5,31.8,35.7,1.203,0.0782,False
25.6,92.91,197.0,5.6,32.5,0.0,0.0,1.0,32.5,31.7,35.8,1.203,0.0811,False
25.6,92.92,152.0,5.8,32.5,312.1,-0.742,0.6704,32.5,31.7,35.8,1.204,0.0839,False
25.6,92.93,157.0,3.5,32.5,270.0,-1.0,-0.0,32.5,31.7,35.9,1.205,0.0507,False
25.6,92.94,156.0,6.7,32.5,0.0,0.0,1.0,32.5,31.6,35.9,1.206,0.0967,False
25.6,92.95,102.0,9.2,32.5,180.0,0.0,-1.0,32.5,31.6,36.0,1.207,0.1325,False
25.6,92.96,176.0,9.2,32.5,180.0,0.0,-1.0,32.5,31.5,36.0,1.208,0.1324,False
25.6,92.97,158.0,9.4,32.5,132.1,0.742,-0.6704,32.5,31.5,36.0,1.209,0.1351,False
25.6,92.98,223.0,8.1,32.5,180.0,0.0,-1.0,32.5,31.4,36.1,1.21,0.1164,False
25.6,92.99,218.0,4.5,32.5,47.9,0.742,0.6704,32.5,31.4,36.1,1.211,0.0648,False
25.6,93.0,203.0,3.9,32.6,270.0,-1.0,-0.0,32.6,31.3,36.1,1.212,0.0561,False
25.6,93.01,188.0,6.7,32.6,180.0,0.0,-1.0,32.6,31.3,36.1,1.214,0.0961,False
25.6,93.02,242.0,7.5,32.7,90.0,1.0,0.0,32.7,31.2,36.1,1.215,0.1074,False
25.6,93.03,297.0,12.2,32.8,90.0,1.0,0.0,32.8,31.1,36.1,1.216,0.1738,False
25.6,93.04,214.0,10.3,32.9,0.0,0.0,1.0,32.9,31.0,36.1,1.218,0.1468,False
25.6,93.05,226.0,3.5,33.0,90.0,1.0,0.0,33.0,30.9,36.1,1.219,0.0501,False
25.6,93.06,244.0,4.9,33.2,180.0,0.0,-1.0,33.2,30.8,36.0,1.221,0.07,False
25.6,93.07,283.0,7.7,33.3,270.0,-1.0,-0.0,33.3,30.7,36.0,1.222,0.1096,False
25.6,93.08,249.0,4.6,33.6,270.0,-1.0,-0.0,33.6,30.5,35.9,1.224,0.0655,False
25.6,93.09,236.0,5.4,33.8,270.0,-1.0,-0.0,33.8,30.4,35.8,1.225,0.0768,False
25.6,93.1,240.0,6.5,34.1,180.0,0.0,-1.0,34.1,30.2,35.7,1.226,0.0923,False
25.6,93.11,292.0,8.7,34.5,270.0,-1.0,-0.0,34.5,30.0,35.5,1.228,0.1232,False
25.6,93.12,325.0,12.3,34.8,270.0,-1.0,-0.0,34.8,29.8,35.4,1.228,0.1735,False
25.6,93.13,298.0,9.3,35.1,270.0,-1.0,-0.0,35.1,29.7,35.2,1.229,0.1315,False
25.6,93.14,319.0,11.6,35.3,270.0,-1.0,-0.0,35.3,29.5,35.1,1.229,0.1636,False
25.6,93.15,332.0,13.1,35.4,270.0,-1.0,-0.0,35.4,29.5,35.1,1.23,0.1843,False
25.6,93.16,408.0,20.9,35.4,270.0,-1.0,-0.0,35.4,29.5,35.1,1.229,0.2903,False
25.6,93.17,307.0,12.5,35.2,0.0,0.0,1.0,35.2,29.6,35.2,1.229,0.1761,False
25.6,93.18,241.0,13.8,35.0,180.0,0.0,-1.0,35.0,29.7,35.3,1.228,0.1942,False
25.6,93.19,353.0,15.3,34.8,270.0,-1.0,-0.0,34.8,29.9,35.4,1.227,0.2151,False
25.6,93.2,343.0,14.2,34.6,270.0,-1.0,-0.0,34.6,30.0,35.5,1.226,0.2001,False
25.6,93.21,429.0,23.0,34.4,270.0,-1.0,-0.0,34.4,30.1,35.5,1.225,0.319,False
25.6,93.22,377.0,17.8,34.2,270.0,-1.0,-0.0,34.2,30.2,35.6,1.224,0.2498,False
25.6,93.23,358.0,15.8,34.1,270.0,-1.0,-0.0,34.1,30.3,35.6,1.222,0.2228,False
25.6,93.24,350.0,15.0,34.0,270.0,-1.0,-0.0,34.0,30.3,35.7,1.221,0.212,False
25.6,93.25,450.0,25.0,33.9,270.0,-1.0,-0.0,33.9,30.4,35.7,1.22,0.3464,False
25.6,93.26,338.0,13.8,33.9,0.0,0.0,1.0,33.9,30.4,35.7,1.218,0.1958,False
25.6,93.27,354.0,15.4,33.8,270.0,-1.0,-0.0,33.8,30.5,35.7,1.217,0.2182,False
25.6,93.28,406.0,20.7,33.8,270.0,-1.0,-0.0,33.8,30.5,35.7,1.216,0.2907,False
25.6,93.29,407.0,20.8,33.8,270.0,-1.0,-0.0,33.8,30.5,35.7,1.215,0.2923,False
25.61,92.68,662.0,33.3,31.5,312.1,-0.742,0.6704,31.5,33.0,35.5,1.208,0.4545,False
25.61,92.69,636.0,39.8,31.5,270.0,-1.0,-0.0,31.5,33.0,35.5,1.209,0.5295,False
25.61,92.7,593.0,36.8,31.4,270.0,-1.0,-0.0,31.4,33.0,35.5,1.209,0.4955,False
25.61,92.71,568.0,35.0,31.4,270.0,-1.0,-0.0,31.4,33.0,35.6,1.209,0.4744,False
25.61,92.72,558.0,34.2,31.4,270.0,-1.0,-0.0,31.4,33.0,35.6,1.209,0.4649,False
25.61,92.73,462.0,26.1,31.5,270.0,-1.0,-0.0,31.5,33.0,35.6,1.209,0.3639,False
25.61,92.74,317.0,17.6,31.5,0.0,0.0,1.0,31.5,32.9,35.6,1.209,0.2501,False
25.61,92.75,273.0,8.7,31.5,180.0,0.0,-1.0,31.5,32.9,35.6,1.208,0.1252,False
25.61,92.76,343.0,14.2,31.6,270.0,-1.0,-0.0,31.6,32.8,35.6,1.208,0.2031,False
25.61,92.77,378.0,17.9,31.7,270.0,-1.0,-0.0,31.7,32.8,35.5,1.207,0.2546,False
25.61,92.78,340.0,13.9,31.8,270.0,-1.0,-0.0,31.8,32.7,35.5,1.206,0.1992,False
25.61,92.79,300.0,9.6,31.8,270.0,-1.0,-0.0,31.8,32.6,35.5,1.205,0.1384,False
25.61,92.8,293.0,8.8,31.9,270.0,-1.0,-0.0,31.9,32.5,35.5,1.205,0.127,False
25.61,92.81,254.0,4.9,32.0,0.0,0.0,1.0,32.0,32.4,35.5,1.204,0.0709,False
25.61,92.82,291.0,8.6,32.1,270.0,-1.0,-0.0,32.1,32.4,35.6,1.203,0.1243,False
25.61,92.83,296.0,12.6,32.1,0.0,0.0,1.0,32.1,32.3,35.6,1.203,0.1813,False
25.61,92.84,194.0,12.6,32.2,0.0,0.0,1.0,32.2,32.2,35.6,1.203,0.1813,False
25.61,92.85,198.0,4.4,32.2,312.1,-0.742,0.6704,32.2,32.1,35.6,1.202,0.0638,False
25.61,92.86,164.0,5.8,32.3,90.0,1.0,0.0,32.3,32.1,35.7,1.203,0.084,False
25.61,92.87,166.0,5.5,32.3,90.0,1.0,0.0,32.3,32.0,35.7,1.203,0.0797,False
25.61,92.88,174.0,4.6,32.3,90.0,1.0,0.0,32.3,31.9,35.7,1.203,0.0667,False
25.61,92.89,200.0,3.6,32.3,0.0,0.0,1.0,32.3,31.9,35.8,1.204,0.0522,False
25.61,92.9,171.0,5.0,32.3,90.0,1.0,0.0,32.3,31.8,35.8,1.204,0.0724,False
25.61,92.91,179.0,4.4,32.3,0.0,0.0,1.0,32.3,31.8,35.9,1.205,0.0637,False
25.61,92.92,144.0,8.0,32.3,90.0,1.0,0.0,32.3,31.7,35.9,1.206,0.1154,False
25.61,92.93,132.0,9.3,32.3,90.0,1.0,0.0,32.3,31.7,36.0,1.207,0.1339,False
25.61,92.94,124.0,10.2,32.3,90.0,1.0,0.0,32.3,31.6,36.1,1.207,0.1467,False
25.61,92.95,132.0,9.3,32.3,90.0,1.0,0.0,32.3,31.6,36.1,1.208,0.1338,False
25.61,92.96,184.0,6.9,32.3,132.1,0.742,-0.6704,32.3,31.6,36.1,1.21,0.0993,False
25.61,92.97,219.0,6.9,32.3,90.0,1.0,0.0,32.3,31.5,36.2,1.211,0.0992,False
25.61,92.98,271.0,10.3,32.3,0.0,0.0,1.0,32.3,31.5,36.2,1.212,0.1475,False
25.61,92.99,188.0,10.3,32.4,0.0,0.0,1.0,32.4,31.4,36.2,1.213,0.1474,False
25.61,93.0,205.0,3.5,32.4,180.0,0.0,-1.0,32.4,31.4,36.2,1.214,0.0503,False
25.61,93.01,215.0,3.5,32.5,90.0,1.0,0.0,32.5,31.3,36.2,1.215,0.0502,False
25.61,93.02,203.0,6.9,32.6,227.9,-0.742,-0.6704,32.6,31.2,36.2,1.216,0.0988,False
25.61,93.03,204.0,9.2,32.7,270.0,-1.0,-0.0,32.7,31.1,36.2,1.217,0.1314,False
25.61,93.04,268.0,6.9,32.8,312.1,-0.742,0.6704,32.8,31.0,36.2,1.219,0.0986,False
25.61,93.05,250.0,3.5,33.0,227.9,-0.742,-0.6704,33.0,30.9,36.1,1.22,0.05,False
25.61,93.06,270.0,5.7,33.2,227.9,-0.742,-0.6704,33.2,30.8,36.0,1.221,0.0813,False
25.61,93.07,283.0,7.7,33.4,270.0,-1.0,-0.0,33.4,30.7,36.0,1.223,0.1096,False
25.61,93.08,278.0,5.7,33.6,312.1,-0.742,0.6704,33.6,30.5,35.9,1.224,0.0811,False
25.61,93.09,242.0,3.5,33.9,312.1,-0.742,0.6704,33.9,30.3,35.7,1.225,0.0498,False
25.61,93.1,249.0,6.5,34.3,227.9,-0.742,-0.6704,34.3,30.1,35.6,1.226,0.0923,False
25.61,93.11,241.0,9.2,34.6,227.9,-0.742,-0.6704,34.6,29.9,35.4,1.228,0.1302,False
25.61,93.12,277.0,12.3,35.0,270.0,-1.0,-0.0,35.0,29.7,35.3,1.228,0.1735,False
25.61,93.13,333.0,9.3,35.3,270.0,-1.0,-0.0,35.3,29.5,35.1,1.229,0.1315,False
25.61,93.14,431.0,11.6,35.5,270.0,-1.0,-0.0,35.5,29.4,35.0,1.23,0.1635,False
25.61,93.15,400.0,15.8,35.6,227.9,-0.742,-0.6704,35.6,29.4,35.0,1.23,0.2214,False
25.61,93.16,425.0,20.9,35.5,270.0,-1.0,-0.0,35.5,29.4,35.0,1.23,0.29,False
25.61,93.17,358.0,15.8,35.4,312.1,-0.742,0.6704,35.4,29.5,35.1,1.229,0.2215,False
25.61,93.18,304.0,11.5,35.2,227.9,-0.742,-0.6704,35.2,29.6,35.2,1.228,0.1624,False
25.61,93.19,330.0,15.3,34.9,270.0,-1.0,-0.0,34.9,29.8,35.3,1.228,0.2149,False
25.61,93.2,347.0,17.5,34.7,227.9,-0.742,-0.6704,34.7,29.9,35.4,1.226,0.2453,False
25.61,93.21,337.0,23.0,34.5,270.0,-1.0,-0.0,34.5,30.0,35.5,1.225,0.319,False
25.61,93.22,402.0,17.8,34.3,270.0,-1.0,-0.0,34.3,30.1,35.5,1.224,0.2498,False
25.61,93.23,450.0,15.8,34.2,270.0,-1.0,-0.0,34.2,30.2,35.6,1.223,0.2226,False
25.61,93.24,345.0,19.1,34.1,227.9,-0.742,-0.6704,34.1,30.3,35.6,1.221,0.268,False
25.61,93.25,431.0,25.0,34.0,270.0,-1.0,-0.0,34.0,30.4,35.7,1.22,0.3464,False
25.61,93.26,456.0,19.1,33.9,312.1,-0.742,0.6704,33.9,30.4,35.7,1.219,0.2684,False
25.61,93.27,449.0,15.7,33.9,227.9,-0.742,-0.6704,33.9,30.5,35.7,1.217,0.2224,False
25.61,93.28,414.0,20.7,33.8,270.0,-1.0,-0.0,33.8,30.5,35.7,1.216,0.2907,False
25.61,93.29,392.0,20.8,33.8,270.0,-1.0,-0.0,33.8,30.5,35.7,1.215,0.2923,False
25.62,92.69,658.0,39.8,31.5,270.0,-1.0,-0.0,31.5,33.0,35.5,1.208,0.5299,False
25.62,92.7,635.0,36.8,31.5,270.0,-1.0,-0.0,31.5,33.0,35.5,1.208,0.4959,False
25.62,92.71,594.0,35.0,31.5,270.0,-1.0,-0.0,31.5,32.9,35.5,1.208,0.4748,False
25.62,92.72,555.0,34.2,31.5,270.0,-1.0,-0.0,31.5,32.9,35.5,1.208,0.4653,False
25.62,92.73,435.0,26.8,31.5,312.1,-0.742,0.6704,31.5,32.9,35.6,1.208,0.3732,False
25.62,92.74,359.0,20.0,31.6,312.1,-0.742,0.6704,31.6,32.9,35.6,1.208,0.2831,False
25.62,92.75,325.0,10.7,31.6,227.9,-0.742,-0.6704,31.6,32.8,35.6,1.207,0.1538,False
25.62,92.76,320.0,14.2,31.7,270.0,-1.0,-0.0,31.7,32.8,35.6,1.207,0.2032,False
25.62,92.77,286.0,17.9,31.7,270.0,-1.0,-0.0,31.7,32.7,35.6,1.206,0.2549,False
25.62,92.78,324.0,13.9,31.8,270.0,-1.0,-0.0,31.8,32.6,35.6,1.206,0.1992,False
25.62,92.79,336.0,10.4,31.9,312.1,-0.742,0.6704,31.9,32.6,35.6,1.205,0.1498,False
25.62,92.8,291.0,8.8,31.9,270.0,-1.0,-0.0,31.9,32.5,35.6,1.204,0.1271,False
25.62,92.81,247.0,6.5,32.0,312.1,-0.742,0.6704,32.0,32.4,35.6,1.204,0.094,False
25.62,92.82,308.0,8.6,32.1,270.0,-1.0,-0.0,32.1,32.3,35.6,1.204,0.1242,False
25.62,92.83,261.0,9.1,32.1,270.0,-1.0,-0.0,32.1,32.3,35.6,1.203,0.1315,False
25.62,92.84,275.0,6.8,32.2,312.1,-0.742,0.6704,32.2,32.2,35.7,1.203,0.0984,False
25.62,92.85,180.0,4.3,32.2,47.9,0.742,0.6704,32.2,32.1,35.7,1.203,0.0623,False
25.62,92.86,174.0,5.8,32.2,90.0,1.0,0.0,32.2,32.0,35.7,1.204,0.0839,False
25.62,92.87,199.0,5.5,32.2,90.0,1.0,0.0,32.2,32.0,35.8,1.204,0.0796,False
25.62,92.88,196.0,4.6,32.2,90.0,1.0,0.0,32.2,31.9,35.8,1.204,0.0666,False
25.62,92.89,215.0,3.7,32.2,47.9,0.742,0.6704,32.2,31.9,35.9,1.205,0.0536,False
25.62,92.9,195.0,5.0,32.2,90.0,1.0,0.0,32.2,31.8,36.0,1.206,0.0723,False
25.62,92.91,220.0,6.0,32.2,47.9,0.742,0.6704,32.2,31.8,36.0,1.207,0.0866,False
25.62,92.92,240.0,8.0,32.2,90.0,1.0,0.0,32.2,31.8,36.1,1.207,0.1153,False
25.62,92.93,190.0,9.3,32.2,90.0,1.0,0.0,32.2,31.7,36.1,1.208,0.1338,False
25.62,92.94,223.0,10.2,32.1,90.0,1.0,0.0,32.1,31.7,36.2,1.209,0.1465,False
25.62,92.95,147.0,9.3,32.1,90.0,1.0,0.0,32.1,31.6,36.2,1.211,0.1334,False
25.62,92.96,173.0,7.0,32.1,132.1,0.742,-0.6704,32.1,31.6,36.3,1.212,0.1006,False
25.62,92.97,155.0,4.7,32.1,227.9,-0.742,-0.6704,32.1,31.6,36.3,1.213,0.0676,False
25.62,92.98,192.0,6.3,32.1,270.0,-1.0,-0.0,32.1,31.5,36.4,1.214,0.0904,False
25.62,92.99,178.0,4.7,32.2,312.1,-0.742,0.6704,32.2,31.5,36.4,1.215,0.0674,False
25.62,93.0,170.0,3.5,32.2,132.1,0.742,-0.6704,32.2,31.4,36.4,1.216,0.0502,False
25.62,93.01,178.0,3.5,32.3,132.1,0.742,-0.6704,32.3,31.3,36.4,1.217,0.0502,False
25.62,93.02,236.0,3.5,32.4,180.0,0.0,-1.0,32.4,31.3,36.3,1.217,0.0502,False
25.62,93.03,234.0,3.5,32.5,180.0,0.0,-1.0,32.5,31.2,36.3,1.218,0.0501,False
25.62,93.04,289.0,3.5,32.7,180.0,0.0,-1.0,32.7,31.1,36.2,1.219,0.0501,False
25.62,93.05,299.0,3.5,32.9,180.0,0.0,-1.0,32.9,30.9,36.2,1.22,0.05,False
25.62,93.06,310.0,3.5,33.1,180.0,0.0,-1.0,33.1,30.8,36.1,1.222,0.05,False
25.62,93.07,278.0,3.5,33.4,180.0,0.0,-1.0,33.4,30.7,36.0,1.223,0.0499,False
25.62,93.08,281.0,3.5,33.7,180.0,0.0,-1.0,33.7,30.5,35.8,1.224,0.0499,False
25.62,93.09,236.0,3.5,34.0,180.0,0.0,-1.0,34.0,30.3,35.7,1.225,0.0498,False
25.62,93.1,276.0,3.5,34.4,180.0,0.0,-1.0,34.4,30.1,35.6,1.226,0.0498,False
25.62,93.11,280.0,3.5,34.7,180.0,0.0,-1.0,34.7,29.9,35.4,1.228,0.0497,False
25.62,93.12,278.0,3.5,35.1,180.0,0.0,-1.0,35.1,29.7,35.2,1.229,0.0497,False
25.62,93.13,347.0,3.5,35.4,180.0,0.0,-1.0,35.4,29.5,35.1,1.229,0.0497,False
25.62,93.14,484.0,3.5,35.6,180.0,0.0,-1.0,35.6,29.4,35.0,1.23,0.0496,False
25.62,93.15,305.0,3.5,35.67,180.0,0.0,-1.0,35.67,29.35,34.98,1.23,0.0496,False
25.62,93.16,346.0,3.5,35.6,180.0,0.0,-1.0,35.6,29.4,35.0,1.23,0.0496,False
25.62,93.17,360.0,3.5,35.4,180.0,0.0,-1.0,35.4,29.5,35.1,1.229,0.0497,False
25.62,93.18,281.0,3.5,35.2,180.0,0.0,-1.0,35.2,29.6,35.2,1.229,0.0497,False
25.62,93.19,220.0,3.5,35.0,180.0,0.0,-1.0,35.0,29.7,35.3,1.228,0.0497,False
25.62,93.2,289.0,3.5,34.8,180.0,0.0,-1.0,34.8,29.9,35.4,1.226,0.0498,False
25.62,93.21,347.0,3.5,34.6,180.0,0.0,-1.0,34.6,30.0,35.5,1.225,0.0498,False
25.62,93.22,419.0,3.5,34.4,180.0,0.0,-1.0,34.4,30.1,35.5,1.224,0.0499,False
25.62,93.23,380.0,3.5,34.2,180.0,0.0,-1.0,34.2,30.2,35.6,1.223,0.0499,False
25.62,93.24,472.0,3.5,34.1,180.0,0.0,-1.0,34.1,30.3,35.6,1.221,0.05,False
25.62,93.25,421.0,3.5,34.0,180.0,0.0,-1.0,34.0,30.3,35.6,1.22,0.05,False
25.62,93.26,390.0,3.5,33.9,180.0,0.0,-1.0,33.9,30.4,35.7,1.219,0.0501,False
25.62,93.27,379.0,3.5,33.9,180.0,0.0,-1.0,33.9,30.5,35.7,1.218,0.0501,False
25.62,93.28,380.0,3.5,33.8,180.0,0.0,-1.0,33.8,30.5,35.7,1.216,0.0502,False
25.62,93.29,416.0,3.5,33.8,180.0,0.0,-1.0,33.8,30.5,35.7,1.215,0.0502,False
25.63,92.7,634.0,3.5,31.6,180.0,0.0,-1.0,31.6,32.9,35.5,1.207,0.0506,False
25.63,92.71,606.0,3.5,31.6,180.0,0.0,-1.0,31.6,32.9,35.5,1.207,0.0506,False
25.63,92.72,545.0,3.5,31.6,180.0,0.0,-1.0,31.6,32.9,35.5,1.207,0.0506,False
25.63,92.73,552.0,3.5,31.6,180.0,0.0,-1.0,31.6,32.8,35.5,1.207,0.0506,False
25.63,92.74,362.0,3.5,31.6,180.0,0.0,-1.0,31.6,32.8,35.5,1.207,0.0506,False
25.63,92.75,328.0,3.5,31.7,180.0,0.0,-1.0,31.7,32.8,35.6,1.207,0.0506,False
25.63,92.76,217.0,3.5,31.7,180.0,0.0,-1.0,31.7,32.7,35.6,1.206,0.0506,False
25.63,92.77,277.0,3.5,31.8,180.0,0.0,-1.0,31.8,32.7,35.6,1.206,0.0506,False
25.63,92.78,319.0,3.5,31.8,180.0,0.0,-1.0,31.8,32.6,35.6,1.205,0.0507,False
25.63,92.79,262.0,3.5,31.9,180.0,0.0,-1.0,31.9,32.5,35.6,1.205,0.0507,False
25.63,92.8,256.0,3.5,32.0,180.0,0.0,-1.0,32.0,32.4,35.6,1.205,0.0507,False
25.63,92.81,250.0,3.5,32.0,180.0,0.0,-1.0,32.0,32.4,35.6,1.204,0.0507,False
25.63,92.82,264.0,3.5,32.0,180.0,0.0,-1.0,32.0,32.3,35.6,1.204,0.0507,False
25.63,92.83,200.0,3.5,32.1,180.0,0.0,-1.0,32.1,32.2,35.7,1.204,0.0507,False
25.63,92.84,225.0,3.5,32.1,180.0,0.0,-1.0,32.1,32.2,35.7,1.204,0.0507,False
25.63,92.85,175.0,3.5,32.1,180.0,0.0,-1.0,32.1,32.1,35.8,1.204,0.0507,False
25.63,92.86,200.0,3.5,32.1,180.0,0.0,-1.0,32.1,32.0,35.8,1.205,0.0507,False
25.63,92.87,166.0,3.5,32.1,180.0,0.0,-1.0,32.1,32.0,35.9,1.205,0.0507,False
25.63,92.88,173.0,3.5,32.1,180.0,0.0,-1.0,32.1,31.9,35.9,1.206,0.0506,False
25.63,92.89,214.0,3.5,32.1,180.0,0.0,-1.0,32.1,31.9,36.0,1.206,0.0506,False
25.63,92.9,193.0,3.5,32.1,180.0,0.0,-1.0,32.1,31.9,36.1,1.207,0.0506,False
25.63,92.91,209.0,3.5,32.1,180.0,0.0,-1.0,32.1,31.8,36.1,1.208,0.0505,False
25.63,92.92,180.0,3.5,32.0,180.0,0.0,-1.0,32.0,31.8,36.2,1.209,0.0505,False
25.63,92.93,190.0,3.5,32.0,180.0,0.0,-1.0,32.0,31.7,36.3,1.21,0.0505,False
25.63,92.94,197.0,3.5,31.9,180.0,0.0,-1.0,31.9,31.7,36.3,1.211,0.0504,False
25.63,92.95,140.0,3.5,31.9,180.0,0.0,-1.0,31.9,31.7,36.4,1.213,0.0503,False
25.63,92.96,154.0,3.5,31.9,180.0,0.0,-1.0,31.9,31.7,36.5,1.214,0.0503,False
25.63,92.97,157.0,3.5,31.9,180.0,0.0,-1.0,31.9,31.6,36.5,1.215,0.0502,False
25.63,92.98,170.0,3.5,31.9,180.0,0.0,-1.0,31.9,31.6,36.5,1.216,0.0502,False
25.63,92.99,182.0,3.5,31.9,180.0,0.0,-1.0,31.9,31.5,36.5,1.217,0.0502,False
25.63,93.0,192.0,3.5,32.0,180.0,0.0,-1.0,32.0,31.5,36.5,1.217,0.0502,False
25.63,93.01,243.0,3.5,32.1,180.0,0.0,-1.0,32.1,31.4,36.5,1.218,0.0501,False
25.63,93.02,282.0,3.5,32.2,180.0,0.0,-1.0,32.2,31.3,36.5,1.219,0.0501,False
25.63,93.03,293.0,3.5,32.4,180.0,0.0,-1.0,32.4,31.2,36.4,1.22,0.05,False
25.63,93.04,266.0,3.5,32.6,180.0,0.0,-1.0,32.6,31.1,36.3,1.22,0.05,False
25.63,93.05,216.0,3.5,32.8,180.0,0.0,-1.0,32.8,31.0,36.2,1.221,0.05,False
25.63,93.06,262.0,3.5,33.0,180.0,0.0,-1.0,33.0,30.8,36.1,1.222,0.05,False
25.63,93.07,258.0,3.5,33.3,180.0,0.0,-1.0,33.3,30.7,36.0,1.223,0.0499,False
25.63,93.08,300.0,3.5,33.6,180.0,0.0,-1.0,33.6,30.5,35.9,1.224,0.0499,False
25.63,93.09,290.0,3.5,34.0,180.0,0.0,-1.0,34.0,30.3,35.7,1.225,0.0498,False
25.63,93.1,250.0,3.5,34.4,180.0,0.0,-1.0,34.4,30.1,35.6,1.226,0.0498,False
25.63,93.11,310.0,3.5,34.7,180.0,0.0,-1.0,34.7,29.9,35.4,1.227,0.0498,False
25.63,93.12,334.0,3.5,35.1,180.0,0.0,-1.0,35.1,29.7,35.2,1.228,0.0497,False
25.63,93.13,415.0,3.5,35.4,180.0,0.0,-1.0,35.4,29.5,35.1,1.229,0.0497,False
25.63,93.14,395.0,3.5,35.6,180.0,0.0,-1.0,35.6,29.4,35.0,1.23,0.0496,False
25.63,93.15,309.0,3.5,35.6,180.0,0.0,-1.0,35.6,29.4,35.0,1.23,0.0496,False
25.63,93.16,269.0,3.5,35.6,180.0,0.0,-1.0,35.6,29.4,35.0,1.23,0.0496,False
25.63,93.17,304.0,3.5,35.4,180.0,0.0,-1.0,35.4,29.5,35.1,1.229,0.0497,False
25.63,93.18,290.0,3.5,35.2,180.0,0.0,-1.0,35.2,29.6,35.2,1.228,0.0497,False
25.63,93.19,225.0,3.5,35.0,180.0,0.0,-1.0,35.0,29.7,35.3,1.227,0.0498,False
25.63,93.2,244.0,3.5,34.8,180.0,0.0,-1.0,34.8,29.9,35.4,1.226,0.0498,False
25.63,93.21,298.0,3.5,34.6,180.0,0.0,-1.0,34.6,30.0,35.4,1.225,0.0498,False
25.63,93.22,301.0,3.5,34.4,180.0,0.0,-1.0,34.4,30.1,35.5,1.224,0.0499,False
25.63,93.23,419.0,3.5,34.3,180.0,0.0,-1.0,34.3,30.2,35.6,1.223,0.0499,False
25.63,93.24,506.0,3.5,34.1,180.0,0.0,-1.0,34.1,30.3,35.6,1.221,0.05,False
25.63,93.25,477.0,3.5,34.0,180.0,0.0,-1.0,34.0,30.3,35.6,1.22,0.05,False
25.63,93.26,427.0,3.5,34.0,180.0,0.0,-1.0,34.0,30.4,35.6,1.219,0.0501,False
25.63,93.27,382.0,3.5,33.9,180.0,0.0,-1.0,33.9,30.5,35.7,1.218,0.0501,False
25.63,93.28,374.0,3.5,33.8,180.0,0.0,-1.0,33.8,30.5,35.7,1.216,0.0502,False
25.64,92.71,615.0,3.5,31.7,180.0,0.0,-1.0,31.7,32.8,35.5,1.206,0.0506,False
25.64,92.72,494.0,3.5,31.7,180.0,0.0,-1.0,31.7,32.8,35.5,1.206,0.0506,False
25.64,92.73,507.0,3.5,31.7,180.0,0.0,-1.0,31.7,32.8,35.5,1.206,0.0506,False
25.64,92.74,369.0,3.5,31.7,180.0,0.0,-1.0,31.7,32.7,35.5,1.206,0.0506,False
25.64,92.75,363.0,3.5,31.7,180.0,0.0,-1.0,31.7,32.7,35.6,1.206,0.0506,False
25.64,92.76,297.0,3.5,31.8,180.0,0.0,-1.0,31.8,32.7,35.6,1.206,0.0506,False
25.64,92.77,235.0,3.5,31.8,180.0,0.0,-1.0,31.8,32.6,35.6,1.205,0.0507,False
25.64,92.78,261.0,3.5,31.9,180.0,0.0,-1.0,31.9,32.5,35.6,1.205,0.0507,False
25.64,92.79,291.0,3.5,31.9,180.0,0.0,-1.0,31.9,32.5,35.6,1.205,0.0507,False
25.64,92.8,254.0,3.5,32.0,180.0,0.0,-1.0,32.0,32.4,35.6,1.205,0.0507,False
25.64,92.81,241.0,3.5,32.0,180.0,0.0,-1.0,32.0,32.3,35.7,1.204,0.0507,False
25.64,92.82,263.0,3.5,32.0,180.0,0.0,-1.0,32.0,32.3,35.7,1.204,0.0507,False
25.64,92.83,186.0,3.5,32.1,180.0,0.0,-1.0,32.1,32.2,35.7,1.204,0.0507,False
25.64,92.84,155.0,3.5,32.1,180.0,0.0,-1.0,32.1,32.2,35.8,1.205,0.0507,False
25.64,92.85,161.0,3.5,32.1,180.0,0.0,-1.0,32.1,32.1,35.8,1.205,0.0507,False
25.64,92.86,175.0,3.5,32.1,180.0,0.0,-1.0,32.1,32.0,35.9,1.206,0.0506,False
25.64,92.87,183.0,3.5,32.1,180.0,0.0,-1.0,32.1,32.0,36.0,1.206,0.0506,False
25.64,92.88,180.0,3.5,32.0,180.0,0.0,-1.0,32.0,31.9,36.0,1.207,0.0506,False
25.64,92.89,197.0,3.5,32.0,180.0,0.0,-1.0,32.0,31.9,36.1,1.208,0.0505,False
25.64,92.9,171.0,3.5,31.9,180.0,0.0,-1.0,31.9,31.9,36.2,1.209,0.0505,False
25.64,92.91,197.0,3.5,31.9,180.0,0.0,-1.0,31.9,31.8,36.3,1.21,0.0505,False
25.64,92.92,208.0,3.5,31.8,180.0,0.0,-1.0,31.8,31.8,36.3,1.211,0.0504,False
25.64,92.93,177.0,3.5,31.8,180.0,0.0,-1.0,31.8,31.8,36.4,1.212,0.0504,False
25.64,92.94,122.0,3.5,31.7,180.0,0.0,-1.0,31.7,31.8,36.5,1.213,0.0503,False
25.64,92.95,128.0,3.5,31.7,180.0,0.0,-1.0,31.7,31.7,36.6,1.215,0.0502,False
25.64,92.96,154.0,3.5,31.7,180.0,0.0,-1.0,31.7,31.7,36.6,1.216,0.0502,False
25.64,92.97,153.0,3.5,31.6,180.0,0.0,-1.0,31.6,31.7,36.7,1.217,0.0502,False
25.64,92.98,138.0,3.5,31.6,180.0,0.0,-1.0,31.6,31.6,36.7,1.218,0.0501,False
25.64,92.99,178.0,3.5,31.7,180.0,0.0,-1.0,31.7,31.6,36.7,1.219,0.0501,False
25.64,93.0,190.0,3.5,31.7,180.0,0.0,-1.0,31.7,31.5,36.7,1.219,0.0501,False
25.64,93.01,233.0,3.5,31.8,180.0,0.0,-1.0,31.8,31.5,36.7,1.22,0.05,False
25.64,93.02,278.0,3.5,32.0,180.0,0.0,-1.0,32.0,31.4,36.6,1.22,0.05,False
25.64,93.03,229.0,3.5,32.2,180.0,0.0,-1.0,32.2,31.3,36.6,1.221,0.05,False
25.64,93.04,283.0,3.5,32.4,180.0,0.0,-1.0,32.4,31.2,36.5,1.221,0.05,False
25.64,93.05,250.0,3.5,32.6,180.0,0.0,-1.0,32.6,31.0,36.3,1.222,0.05,False
25.64,93.06,253.0,3.5,32.9,180.0,0.0,-1.0,32.9,30.9,36.2,1.223,0.0499,False
25.64,93.07,250.0,3.5,33.2,180.0,0.0,-1.0,33.2,30.7,36.1,1.223,0.0499,False
25.64,93.08,220.0,3.5,33.5,180.0,0.0,-1.0,33.5,30.5,35.9,1.224,0.0499,False
25.64,93.09,257.0,3.5,33.9,180.0,0.0,-1.0,33.9,30.3,35.8,1.225,0.0498,False
25.64,93.1,235.0,3.5,34.3,180.0,0.0,-1.0,34.3,30.1,35.6,1.226,0.0498,False
25.64,93.11,257.0,3.5,34.6,180.0,0.0,-1.0,34.6,29.9,35.4,1.227,0.0498,False
25.64,93.12,301.0,3.5,35.0,180.0,0.0,-1.0,35.0,29.7,35.3,1.228,0.0497,False
25.64,93.13,372.0,3.5,35.2,180.0,0.0,-1.0,35.2,29.6,35.2,1.229,0.0497,False
25.64,93.14,326.0,3.5,35.4,180.0,0.0,-1.0,35.4,29.5,35.1,1.229,0.0497,False
25.64,93.15,292.0,3.5,35.5,180.0,0.0,-1.0,35.5,29.5,35.1,1.229,0.0497,False
25.64,93.16,337.0,3.5,35.4,180.0,0.0,-1.0,35.4,29.5,35.1,1.229,0.0497,False
25.64,93.17,247.0,3.5,35.3,180.0,0.0,-1.0,35.3,29.5,35.1,1.229,0.0497,False
25.64,93.18,199.0,3.5,35.1,180.0,0.0,-1.0,35.1,29.7,35.2,1.228,0.0497,False
25.64,93.19,327.0,3.5,34.9,180.0,0.0,-1.0,34.9,29.8,35.3,1.227,0.0498,False
25.64,93.2,351.0,3.5,34.8,180.0,0.0,-1.0,34.8,29.9,35.4,1.226,0.0498,False
25.64,93.21,363.0,3.5,34.6,180.0,0.0,-1.0,34.6,30.0,35.4,1.225,0.0498,False
25.64,93.22,334.0,3.5,34.4,180.0,0.0,-1.0,34.4,30.1,35.5,1.224,0.0499,False
25.64,93.23,421.0,3.5,34.3,180.0,0.0,-1.0,34.3,30.2,35.5,1.222,0.05,False
25.64,93.24,443.0,3.5,34.1,180.0,0.0,-1.0,34.1,30.3,35.6,1.221,0.05,False
25.64,93.25,336.0,3.5,34.0,180.0,0.0,-1.0,34.0,30.3,35.6,1.22,0.05,False
25.64,93.26,414.0,3.5,34.0,180.0,0.0,-1.0,34.0,30.4,35.6,1.219,0.0501,False
25.64,93.27,355.0,3.5,33.9,180.0,0.0,-1.0,33.9,30.5,35.7,1.218,0.0501,False
25.64,93.28,375.0,3.5,33.8,180.0,0.0,-1.0,33.8,30.5,35.7,1.216,0.0502,False
25.65,92.73,419.0,3.5,31.8,180.0,0.0,-1.0,31.8,32.7,35.5,1.206,0.0506,False
25.65,92.74,382.0,3.5,31.8,180.0,0.0,-1.0,31.8,32.7,35.5,1.206,0.0506,False
25.65,92.75,381.0,3.5,31.8,180.0,0.0,-1.0,31.8,32.6,35.6,1.205,0.0507,False
25.65,92.76,333.0,3.5,31.8,180.0,0.0,-1.0,31.8,32.6,35.6,1.205,0.0507,False
25.65,92.77,303.0,3.5,31.9,180.0,0.0,-1.0,31.9,32.5,35.6,1.205,0.0507,False
25.65,92.78,274.0,3.5,31.9,180.0,0.0,-1.0,31.9,32.5,35.6,1.205,0.0507,False
25.65,92.79,257.0,3.5,31.9,180.0,0.0,-1.0,31.9,32.4,35.6,1.205,0.0507,False
25.65,92.8,247.0,3.5,32.0,180.0,0.0,-1.0,32.0,32.4,35.7,1.205,0.0507,False
25.65,92.81,245.0,3.5,32.0,180.0,0.0,-1.0,32.0,32.3,35.7,1.205,0.0507,False
25.65,92.82,253.0,3.5,32.0,180.0,0.0,-1.0,32.0,32.3,35.7,1.205,0.0507,False
25.65,92.83,262.0,3.5,32.0,180.0,0.0,-1.0,32.0,32.2,35.8,1.205,0.0507,False
25.65,92.84,247.0,3.5,32.0,180.0,0.0,-1.0,32.0,32.1,35.8,1.205,0.0507,False
25.65,92.85,187.0,3.5,32.0,180.0,0.0,-1.0,32.0,32.1,35.9,1.206,0.0506,False
25.65,92.86,159.0,3.5,32.0,180.0,0.0,-1.0,32.0,32.0,36.0,1.207,0.0506,False
25.65,92.87,146.0,3.5,32.0,180.0,0.0,-1.0,32.0,32.0,36.0,1.207,0.0506,False
25.65,92.88,162.0,3.5,31.9,180.0,0.0,-1.0,31.9,32.0,36.1,1.208,0.0505,False
25.65,92.89,135.0,3.5,31.9,180.0,0.0,-1.0,31.9,31.9,36.2,1.209,0.0505,False
25.65,92.9,147.0,3.5,31.8,180.0,0.0,-1.0,31.8,31.9,36.3,1.21,0.0505,False
25.65,92.91,204.0,3.5,31.7,180.0,0.0,-1.0,31.7,31.9,36.4,1.212,0.0504,False
25.65,92.92,245.0,3.5,31.7,180.0,0.0,-1.0,31.7,31.8,36.5,1.213,0.0503,False
25.65,92.93,220.0,3.5,31.6,180.0,0.0,-1.0,31.6,31.8,36.6,1.214,0.0503,False
25.65,92.94,205.0,3.5,31.5,180.0,0.0,-1.0,31.5,31.8,36.7,1.216,0.0502,False
25.65,92.95,238.0,3.5,31.4,180.0,0.0,-1.0,31.4,31.8,36.8,1.217,0.0502,False
25.65,92.96,180.0,3.5,31.4,180.0,0.0,-1.0,31.4,31.8,36.8,1.218,0.0501,False
25.65,92.97,138.0,3.5,31.4,180.0,0.0,-1.0,31.4,31.8,36.9,1.219,0.0501,False
25.65,92.98,211.0,3.5,31.4,180.0,0.0,-1.0,31.4,31.7,36.9,1.22,0.05,False
25.65,92.99,194.0,3.5,31.4,180.0,0.0,-1.0,31.4,31.7,36.9,1.221,0.05,False
25.65,93.0,222.0,3.5,31.4,180.0,0.0,-1.0,31.4,31.6,36.9,1.221,0.05,False
25.65,93.01,248.0,3.5,31.5,180.0,0.0,-1.0,31.5,31.6,36.9,1.222,0.05,False
25.65,93.02,307.0,3.5,31.7,180.0,0.0,-1.0,31.7,31.5,36.8,1.222,0.05,False
25.65,93.03,245.0,3.5,31.9,180.0,0.0,-1.0,31.9,31.4,36.7,1.222,0.05,False
25.65,93.04,244.0,3.5,32.1,180.0,0.0,-1.0,32.1,31.3,36.6,1.223,0.0499,False
25.65,93.05,249.0,3.5,32.4,180.0,0.0,-1.0,32.4,31.1,36.5,1.223,0.0499,False
25.65,93.06,288.0,3.5,32.7,180.0,0.0,-1.0,32.7,31.0,36.3,1.223,0.0499,False
25.65,93.07,262.0,3.5,33.0,180.0,0.0,-1.0,33.0,30.8,36.2,1.224,0.0499,False
25.65,93.08,255.0,3.5,33.4,180.0,0.0,-1.0,33.4,30.6,36.0,1.224,0.0499,False
25.65,93.09,237.0,3.5,33.8,180.0,0.0,-1.0,33.8,30.4,35.8,1.225,0.0498,False
25.65,93.1,211.0,3.5,34.1,180.0,0.0,-1.0,34.1,30.2,35.7,1.226,0.0498,False
25.65,93.11,285.0,3.5,34.5,180.0,0.0,-1.0,34.5,30.0,35.5,1.227,0.0498,False
25.65,93.12,343.0,3.5,34.8,180.0,0.0,-1.0,34.8,29.8,35.4,1.227,0.0498,False
25.65,93.13,327.0,3.5,35.1,180.0,0.0,-1.0,35.1,29.7,35.2,1.228,0.0497,False
25.65,93.14,291.0,3.5,35.2,180.0,0.0,-1.0,35.2,29.6,35.2,1.229,0.0497,False
25.65,93.15,259.0,3.5,35.3,180.0,0.0,-1.0,35.3,29.6,35.1,1.229,0.0497,False
25.65,93.16,312.0,3.5,35.3,180.0,0.0,-1.0,35.3,29.6,35.2,1.229,0.0497,False
25.65,93.17,297.0,3.5,35.2,180.0,0.0,-1.0,35.2,29.6,35.2,1.228,0.0497,False
25.65,93.18,261.0,3.5,35.0,180.0,0.0,-1.0,35.0,29.7,35.3,1.227,0.0498,False
25.65,93.19,330.0,3.5,34.9,180.0,0.0,-1.0,34.9,29.8,35.3,1.227,0.0498,False
25.65,93.2,338.0,3.5,34.7,180.0,0.0,-1.0,34.7,29.9,35.4,1.226,0.0498,False
25.65,93.21,409.0,3.5,34.5,180.0,0.0,-1.0,34.5,30.0,35.5,1.225,0.0498,False
25.65,93.22,338.0,3.5,34.4,180.0,0.0,-1.0,34.4,30.1,35.5,1.223,0.0499,False
25.65,93.23,388.0,3.5,34.2,180.0,0.0,-1.0,34.2,30.2,35.6,1.222,0.05,False
25.65,93.24,355.0,3.5,34.1,180.0,0.0,-1.0,34.1,30.3,35.6,1.221,0.05,False
25.65,93.25,406.0,3.5,34.0,180.0,0.0,-1.0,34.0,30.4,35.6,1.22,0.05,False
25.65,93.26,380.0,3.5,33.9,180.0,0.0,-1.0,33.9,30.4,35.6,1.219,0.0501,False
25.65,93.27,358.0,3.5,33.9,180.0,0.0,-1.0,33.9,30.5,35.7,1.218,0.0501,False
25.65,93.28,339.0,3.5,33.8,180.0,0.0,-1.0,33.8,30.5,35.7,1.216,0.0502,False
25.66,92.74,396.0,3.5,31.8,180.0,0.0,-1.0,31.8,32.6,35.6,1.205,0.0507,False
25.66,92.75,367.0,3.5,31.8,180.0,0.0,-1.0,31.8,32.6,35.6,1.205,0.0507,False
25.66,92.76,337.0,3.5,31.9,180.0,0.0,-1.0,31.9,32.5,35.6,1.205,0.0507,False
25.66,92.77,293.0,3.5,31.9,180.0,0.0,-1.0,31.9,32.5,35.6,1.205,0.0507,False
25.66,92.78,257.0,3.5,31.9,180.0,0.0,-1.0,31.9,32.5,35.6,1.205,0.0507,False
25.66,92.79,185.0,3.5,31.9,180.0,0.0,-1.0,31.9,32.4,35.7,1.205,0.0507,False
25.66,92.8,248.0,3.5,32.0,180.0,0.0,-1.0,32.0,32.3,35.7,1.205,0.0507,False
25.66,92.81,252.0,3.5,32.0,180.0,0.0,-1.0,32.0,32.3,35.7,1.205,0.0507,False
25.66,92.82,235.0,3.5,32.0,180.0,0.0,-1.0,32.0,32.2,35.8,1.205,0.0507,False
25.66,92.83,212.0,3.5,32.0,180.0,0.0,-1.0,32.0,32.2,35.8,1.206,0.0506,False
25.66,92.84,233.0,3.5,32.0,180.0,0.0,-1.0,32.0,32.1,35.9,1.206,0.0506,False
25.66,92.85,238.0,3.5,31.9,180.0,0.0,-1.0,31.9,32.1,36.0,1.207,0.0506,False
25.66,92.86,162.0,3.5,31.9,180.0,0.0,-1.0,31.9,32.0,36.1,1.208,0.0505,False
25.66,92.87,160.0,3.5,31.9,180.0,0.0,-1.0,31.9,32.0,36.1,1.208,0.0505,False
25.66,92.88,115.0,3.5,31.8,180.0,0.0,-1.0,31.8,32.0,36.2,1.21,0.0505,False
25.66,92.89,157.0,3.5,31.7,180.0,0.0,-1.0,31.7,31.9,36.3,1.211,0.0504,False
25.66,92.9,194.0,3.5,31.7,180.0,0.0,-1.0,31.7,31.9,36.4,1.212,0.0504,False
25.66,92.91,241.0,3.5,31.6,180.0,0.0,-1.0,31.6,31.9,36.5,1.213,0.0503,False
25.66,92.92,232.0,3.5,31.5,180.0,0.0,-1.0,31.5,31.9,36.6,1.215,0.0502,False
25.66,92.93,196.0,3.5,31.4,180.0,0.0,-1.0,31.4,31.9,36.7,1.216,0.0502,False
25.66,92.94,153.0,3.5,31.3,180.0,0.0,-1.0,31.3,31.9,36.9,1.218,0.0501,False
25.66,92.95,162.0,3.5,31.2,180.0,0.0,-1.0,31.2,31.9,36.9,1.219,0.0501,False
25.66,92.96,124.0,3.5,31.1,180.0,0.0,-1.0,31.1,31.8,37.0,1.22,0.05,False
25.66,92.97,139.0,3.5,31.1,180.0,0.0,-1.0,31.1,31.8,37.1,1.222,0.05,False
25.66,92.98,245.0,3.5,31.0,180.0,0.0,-1.0,31.0,31.8,37.1,1.222,0.05,False
25.66,92.99,176.0,3.5,31.1,180.0,0.0,-1.0,31.1,31.8,37.2,1.223,0.0499,False
25.66,93.0,173.0,3.5,31.1,180.0,0.0,-1.0,31.1,31.7,37.2,1.224,0.0499,False
25.66,93.01,229.0,3.5,31.2,180.0,0.0,-1.0,31.2,31.7,37.1,1.224,0.0499,False
25.66,93.02,227.0,3.5,31.4,180.0,0.0,-1.0,31.4,31.6,37.0,1.224,0.0499,False
25.66,93.03,217.0,3.5,31.6,180.0,0.0,-1.0,31.6,31.5,36.9,1.224,0.0499,False
25.66,93.04,195.0,3.5,31.8,180.0,0.0,-1.0,31.8,31.4,36.8,1.224,0.0499,False
25.66,93.05,245.0,3.5,32.1,180.0,0.0,-1.0,32.1,31.2,36.6,1.224,0.0499,False
25.66,93.06,248.0,3.5,32.5,180.0,0.0,-1.0,32.5,31.1,36.5,1.224,0.0499,False
25.66,93.07,205.0,3.5,32.8,180.0,0.0,-1.0,32.8,30.9,36.3,1.224,0.0499,False
25.66,93.08,220.0,3.5,33.2,180.0,0.0,-1.0,33.2,30.7,36.1,1.224,0.0499,False
25.66,93.09,269.0,3.5,33.6,180.0,0.0,-1.0,33.6,30.5,35.9,1.225,0.0498,False
25.66,93.1,208.0,3.5,34.0,180.0,0.0,-1.0,34.0,30.3,35.7,1.226,0.0498,False
25.66,93.11,264.0,3.5,34.3,180.0,0.0,-1.0,34.3,30.1,35.6,1.226,0.0498,False
25.66,93.12,259.0,3.5,34.6,180.0,0.0,-1.0,34.6,29.9,35.5,1.227,0.0498,False
25.66,93.13,264.0,3.5,34.8,180.0,0.0,-1.0,34.8,29.8,35.3,1.227,0.0498,False
25.66,93.14,229.0,3.5,35.0,180.0,0.0,-1.0,35.0,29.7,35.3,1.228,0.0497,False
25.66,93.15,197.0,3.5,35.1,180.0,0.0,-1.0,35.1,29.7,35.2,1.228,0.0497,False
25.66,93.16,211.0,3.5,35.1,180.0,0.0,-1.0,35.1,29.7,35.2,1.228,0.0497,False
25.66,93.17,190.0,3.5,35.0,180.0,0.0,-1.0,35.0,29.7,35.3,1.227,0.0498,False
25.66,93.18,305.0,3.5,34.9,180.0,0.0,-1.0,34.9,29.8,35.3,1.227,0.0498,False
25.66,93.19,415.0,3.5,34.7,180.0,0.0,-1.0,34.7,29.9,35.4,1.226,0.0498,False
25.66,93.2,367.0,3.5,34.6,180.0,0.0,-1.0,34.6,30.0,35.4,1.225,0.0498,False
25.66,93.21,323.0,3.5,34.5,180.0,0.0,-1.0,34.5,30.1,35.5,1.224,0.0499,False
25.66,93.22,292.0,3.5,34.3,180.0,0.0,-1.0,34.3,30.2,35.5,1.223,0.0499,False
25.66,93.23,328.0,3.5,34.2,180.0,0.0,-1.0,34.2,30.2,35.6,1.222,0.05,False
25.66,93.24,419.0,3.5,34.1,180.0,0.0,-1.0,34.1,30.3,35.6,1.221,0.05,False
25.66,93.25,424.0,3.5,34.0,180.0,0.0,-1.0,34.0,30.4,35.6,1.22,0.05,False
25.66,93.26,372.0,3.5,33.9,180.0,0.0,-1.0,33.9,30.4,35.6,1.219,0.0501,False
25.66,93.27,376.0,3.5,33.9,180.0,0.0,-1.0,33.9,30.5,35.7,1.217,0.0502,False
25.66,93.28,366.0,3.5,33.8,180.0,0.0,-1.0,33.8,30.5,35.7,1.216,0.0502,False
25.67,92.75,347.0,3.5,31.9,180.0,0.0,-1.0,31.9,32.5,35.6,1.205,0.0507,False
25.67,92.76,350.0,3.5,31.9,180.0,0.0,-1.0,31.9,32.5,35.6,1.205,0.0507,False
25.67,92.77,304.0,3.5,31.9,180.0,0.0,-1.0,31.9,32.5,35.6,1.205,0.0507,False
25.67,92.78,275.0,3.5,31.9,180.0,0.0,-1.0,31.9,32.4,35.7,1.205,0.0507,False
25.67,92.79,257.0,3.5,31.9,180.0,0.0,-1.0,31.9,32.4,35.7,1.205,0.0507,False
25.67,92.8,234.0,3.5,31.9,180.0,0.0,-1.0,31.9,32.3,35.7,1.205,0.0507,False
25.67,92.81,240.0,3.5,31.9,180.0,0.0,-1.0,31.9,32.3,35.8,1.205,0.0507,False
25.67,92.82,198.0,3.5,31.9,180.0,0.0,-1.0,31.9,32.2,35.8,1.206,0.0506,False
25.67,92.83,202.0,3.5,31.9,180.0,0.0,-1.0,31.9,32.2,35.9,1.206,0.0506,False
25.67,92.84,216.0,3.5,31.9,180.0,0.0,-1.0,31.9,32.1,36.0,1.207,0.0506,False
25.67,92.85,193.0,3.5,31.9,180.0,0.0,-1.0,31.9,32.1,36.0,1.208,0.0505,False
25.67,92.86,179.0,3.5,31.8,180.0,0.0,-1.0,31.8,32.0,36.1,1.209,0.0505,False
25.67,92.87,109.0,3.5,31.8,180.0,0.0,-1.0,31.8,32.0,36.2,1.21,0.0505,False
25.67,92.88,173.0,3.5,31.7,180.0,0.0,-1.0,31.7,32.0,36.3,1.211,0.0504,False
25.67,92.89,136.0,3.5,31.6,180.0,0.0,-1.0,31.6,32.0,36.4,1.212,0.0504,False
25.67,92.9,178.0,3.5,31.5,180.0,0.0,-1.0,31.5,31.9,36.5,1.213,0.0503,False
25.67,92.91,216.0,3.5,31.4,180.0,0.0,-1.0,31.4,31.9,36.7,1.215,0.0502,False
25.67,92.92,181.0,3.5,31.3,180.0,0.0,-1.0,31.3,31.9,36.8,1.217,0.0502,False
25.67,92.93,225.0,3.5,31.2,180.0,0.0,-1.0,31.2,31.9,36.9,1.218,0.0501,False
25.67,92.94,172.0,3.5,31.0,180.0,0.0,-1.0,31.0,31.9,37.0,1.22,0.05,False
25.67,92.95,157.0,3.5,30.9,180.0,0.0,-1.0,30.9,31.9,37.1,1.221,0.05,False
25.67,92.96,134.0,3.5,30.8,180.0,0.0,-1.0,30.8,31.9,37.3,1.223,0.0499,False
25.67,92.97,146.0,3.5,30.8,180.0,0.0,-1.0,30.8,31.9,37.3,1.224,0.0499,False
25.67,92.98,138.0,3.5,30.7,180.0,0.0,-1.0,30.7,31.9,37.4,1.225,0.0498,False
25.67,92.99,144.0,3.5,30.7,180.0,0.0,-1.0,30.7,31.9,37.4,1.226,0.0498,False
25.67,93.0,193.0,3.5,30.7,180.0,0.0,-1.0,30.7,31.8,37.4,1.226,0.0498,False
25.67,93.01,160.0,3.5,30.9,180.0,0.0,-1.0,30.9,31.8,37.4,1.226,0.0498,False
25.67,93.02,215.0,3.5,31.0,180.0,0.0,-1.0,31.0,31.7,37.3,1.226,0.0498,False
25.67,93.03,201.0,3.5,31.2,180.0,0.0,-1.0,31.2,31.6,37.1,1.226,0.0498,False
25.67,93.04,202.0,3.5,31.5,180.0,0.0,-1.0,31.5,31.5,37.0,1.225,0.0498,False
25.67,93.05,192.0,3.5,31.8,180.0,0.0,-1.0,31.8,31.3,36.8,1.225,0.0498,False
25.67,93.06,203.0,3.5,32.2,180.0,0.0,-1.0,32.2,31.2,36.6,1.225,0.0498,False
25.67,93.07,220.0,3.5,32.6,180.0,0.0,-1.0,32.6,31.0,36.4,1.225,0.0498,False
25.67,93.08,227.0,3.5,33.0,180.0,0.0,-1.0,33.0,30.8,36.2,1.225,0.0498,False
25.67,93.09,246.0,3.5,33.4,180.0,0.0,-1.0,33.4,30.6,36.0,1.225,0.0498,False
25.67,93.1,207.0,3.5,33.7,180.0,0.0,-1.0,33.7,30.4,35.9,1.225,0.0498,False
25.67,93.11,229.0,3.5,34.1,180.0,0.0,-1.0,34.1,30.2,35.7,1.226,0.0498,False
25.67,93.12,249.0,3.5,34.4,180.0,0.0,-1.0,34.4,30.1,35.6,1.226,0.0498,False
25.67,93.13,278.0,3.5,34.6,180.0,0.0,-1.0,34.6,30.0,35.5,1.227,0.0498,False
25.67,93.14,181.0,3.5,34.7,180.0,0.0,-1.0,34.7,29.9,35.4,1.227,0.0498,False
25.67,93.15,276.0,3.5,34.8,180.0,0.0,-1.0,34.8,29.8,35.3,1.227,0.0498,False
25.67,93.16,283.0,3.5,34.8,180.0,0.0,-1.0,34.8,29.8,35.3,1.227,0.0498,False
25.67,93.17,233.0,3.5,34.8,180.0,0.0,-1.0,34.8,29.9,35.4,1.227,0.0498,False
25.67,93.18,215.0,3.5,34.7,180.0,0.0,-1.0,34.7,29.9,35.4,1.226,0.0498,False
25.67,93.19,215.0,3.5,34.6,180.0,0.0,-1.0,34.6,30.0,35.4,1.225,0.0498,False
25.67,93.2,215.0,3.5,34.5,180.0,0.0,-1.0,34.5,30.1,35.5,1.224,0.0499,False
25.67,93.21,215.0,3.5,34.4,180.0,0.0,-1.0,34.4,30.1,35.5,1.224,0.0499,False
25.67,93.22,215.0,3.5,34.2,180.0,0.0,-1.0,34.2,30.2,35.6,1.223,0.0499,False
25.67,93.23,215.0,3.5,34.1,180.0,0.0,-1.0,34.1,30.3,35.6,1.222,0.05,False
25.67,93.24,215.0,3.5,34.1,180.0,0.0,-1.0,34.1,30.3,35.6,1.22,0.05,False
25.67,93.25,215.0,3.5,34.0,180.0,0.0,-1.0,34.0,30.4,35.6,1.219,0.0501,False
25.67,93.26,215.0,3.5,33.9,180.0,0.0,-1.0,33.9,30.4,35.7,1.218,0.0501,False
25.67,93.27,215.0,3.5,33.8,180.0,0.0,-1.0,33.8,30.5,35.7,1.217,0.0502,False
25.67,93.28,215.0,3.5,33.8,180.0,0.0,-1.0,33.8,30.5,35.7,1.216,0.0502,False
25.68,92.76,215.0,3.5,31.9,180.0,0.0,-1.0,31.9,32.5,35.6,1.205,0.0507,False
25.68,92.77,215.0,3.5,31.9,180.0,0.0,-1.0,31.9,32.4,35.7,1.205,0.0507,False
25.68,92.78,215.0,3.5,31.9,180.0,0.0,-1.0,31.9,32.4,35.7,1.205,0.0507,False
25.68,92.79,215.0,3.5,31.9,180.0,0.0,-1.0,31.9,32.3,35.7,1.205,0.0507,False
25.68,92.8,215.0,3.5,31.9,180.0,0.0,-1.0,31.9,32.3,35.8,1.205,0.0507,False
25.68,92.81,215.0,3.5,31.9,180.0,0.0,-1.0,31.9,32.2,35.8,1.206,0.0506,False
25.68,92.82,215.0,3.5,31.9,180.0,0.0,-1.0,31.9,32.2,35.9,1.206,0.0506,False
25.68,92.83,215.0,3.5,31.9,180.0,0.0,-1.0,31.9,32.2,36.0,1.207,0.0506,False
25.68,92.84,215.0,3.5,31.9,180.0,0.0,-1.0,31.9,32.1,36.0,1.208,0.0505,False
25.68,92.85,215.0,3.5,31.8,180.0,0.0,-1.0,31.8,32.1,36.1,1.209,0.0505,False
25.68,92.86,215.0,3.5,31.7,180.0,0.0,-1.0,31.7,32.0,36.2,1.21,0.0505,False
25.68,92.87,215.0,3.5,31.7,180.0,0.0,-1.0,31.7,32.0,36.3,1.211,0.0504,False
25.68,92.88,215.0,3.5,31.6,180.0,0.0,-1.0,31.6,32.0,36.4,1.212,0.0504,False
25.68,92.89,215.0,3.5,31.5,180.0,0.0,-1.0,31.5,32.0,36.5,1.213,0.0503,False
25.68,92.9,215.0,3.5,31.4,180.0,0.0,-1.0,31.4,32.0,36.7,1.215,0.0502,False
25.68,92.91,215.0,3.5,31.2,180.0,0.0,-1.0,31.2,32.0,36.8,1.217,0.0502,False
25.68,92.92,215.0,3.5,31.1,180.0,0.0,-1.0,31.1,32.0,36.9,1.218,0.0501,False
25.68,92.93,215.0,3.5,31.0,180.0,0.0,-1.0,31.0,32.0,37.1,1.22,0.05,False
25.68,92.94,215.0,3.5,30.8,180.0,0.0,-1.0,30.8,32.0,37.2,1.222,0.05,False
25.68,92.95,215.0,3.5,30.7,180.0,0.0,-1.0,30.7,32.0,37.4,1.224,0.0499,False
25.68,92.96,215.0,3.5,30.5,180.0,0.0,-1.0,30.5,32.0,37.5,1.225,0.0498,False
25.68,92.97,215.0,3.5,30.4,180.0,0.0,-1.0,30.4,32.0,37.6,1.226,0.0498,False
25.68,92.98,215.0,3.5,30.4,180.0,0.0,-1.0,30.4,32.0,37.6,1.228,0.0497,False
25.68,92.99,215.0,3.5,30.3,180.0,0.0,-1.0,30.3,32.0,37.7,1.228,0.0497,False
25.68,93.0,215.0,3.5,30.4,180.0,0.0,-1.0,30.4,32.0,37.7,1.229,0.0497,False
25.68,93.01,215.0,3.5,30.5,180.0,0.0,-1.0,30.5,31.9,37.6,1.229,0.0497,False
25.68,93.02,215.0,3.5,30.6,180.0,0.0,-1.0,30.6,31.8,37.5,1.228,0.0497,False
25.68,93.03,215.0,3.5,30.9,180.0,0.0,-1.0,30.9,31.7,37.4,1.228,0.0497,False
25.68,93.04,215.0,3.5,31.2,180.0,0.0,-1.0,31.2,31.6,37.2,1.227,0.0498,False
25.68,93.05,215.0,3.5,31.5,180.0,0.0,-1.0,31.5,31.5,37.0,1.226,0.0498,False
25.68,93.06,215.0,3.5,31.9,180.0,0.0,-1.0,31.9,31.3,36.8,1.226,0.0498,False
25.68,93.07,215.0,3.5,32.3,180.0,0.0,-1.0,32.3,31.1,36.6,1.225,0.0498,False
25.68,93.08,215.0,3.5,32.7,180.0,0.0,-1.0,32.7,30.9,36.4,1.225,0.0498,False
25.68,93.09,215.0,3.5,33.1,180.0,0.0,-1.0,33.1,30.7,36.2,1.225,0.0498,False
25.68,93.1,215.0,3.5,33.5,180.0,0.0,-1.0,33.5,30.5,36.0,1.225,0.0498,False
25.68,93.11,215.0,3.5,33.8,180.0,0.0,-1.0,33.8,30.4,35.8,1.225,0.0498,False
25.68,93.12,215.0,3.5,34.1,180.0,0.0,-1.0,34.1,30.2,35.7,1.226,0.0498,False
25.68,93.13,215.0,3.5,34.3,180.0,0.0,-1.0,34.3,30.1,35.6,1.226,0.0498,False
25.68,93.14,215.0,3.5,34.5,180.0,0.0,-1.0,34.5,30.0,35.5,1.226,0.0498,False
25.68,93.15,215.0,3.5,34.6,180.0,0.0,-1.0,34.6,30.0,35.5,1.226,0.0498,False
25.68,93.16,215.0,3.5,34.6,180.0,0.0,-1.0,34.6,30.0,35.4,1.226,0.0498,False
25.68,93.17,215.0,3.5,34.6,180.0,0.0,-1.0,34.6,30.0,35.4,1.226,0.0498,False
25.68,93.18,215.0,3.5,34.5,180.0,0.0,-1.0,34.5,30.0,35.5,1.225,0.0498,False
25.68,93.19,215.0,3.5,34.4,180.0,0.0,-1.0,34.4,30.1,35.5,1.225,0.0498,False
25.68,93.2,215.0,3.5,34.4,180.0,0.0,-1.0,34.4,30.1,35.5,1.224,0.0499,False
25.68,93.21,215.0,3.5,34.3,180.0,0.0,-1.0,34.3,30.2,35.6,1.223,0.0499,False
25.68,93.22,215.0,3.5,34.2,180.0,0.0,-1.0,34.2,30.3,35.6,1.222,0.05,False
25.68,93.23,215.0,3.5,34.1,180.0,0.0,-1.0,34.1,30.3,35.6,1.221,0.05,False
25.68,93.24,215.0,3.5,34.0,180.0,0.0,-1.0,34.0,30.4,35.6,1.22,0.05,False
25.68,93.25,215.0,3.5,33.9,180.0,0.0,-1.0,33.9,30.4,35.7,1.219,0.0501,False
25.68,93.26,215.0,3.5,33.9,180.0,0.0,-1.0,33.9,30.5,35.7,1.218,0.0501,False
25.68,93.27,215.0,3.5,33.8,180.0,0.0,-1.0,33.8,30.5,35.7,1.217,0.0502,False
25.69,92.78,215.0,3.5,31.9,180.0,0.0,-1.0,31.9,32.3,35.7,1.205,0.0507,False
25.69,92.79,215.0,3.5,31.9,180.0,0.0,-1.0,31.9,32.3,35.8,1.205,0.0507,False
25.69,92.8,215.0,3.5,31.9,180.0,0.0,-1.0,31.9,32.3,35.8,1.206,0.0506,False
25.69,92.81,215.0,3.5,31.9,180.0,0.0,-1.0,31.9,32.2,35.9,1.206,0.0506,False
25.69,92.82,215.0,3.5,31.9,180.0,0.0,-1.0,31.9,32.2,35.9,1.207,0.0506,False
25.69,92.83,215.0,3.5,31.8,180.0,0.0,-1.0,31.8,32.1,36.0,1.208,0.0505,False
25.69,92.84,215.0,3.5,31.8,180.0,0.0,-1.0,31.8,32.1,36.1,1.208,0.0505,False
25.69,92.85,215.0,3.5,31.7,180.0,0.0,-1.0,31.7,32.1,36.2,1.209,0.0505,False
25.69,92.86,215.0,3.5,31.7,180.0,0.0,-1.0,31.7,32.0,36.3,1.21,0.0505,False
25.69,92.87,215.0,3.5,31.6,180.0,0.0,-1.0,31.6,32.0,36.4,1.212,0.0504,False
25.69,92.88,215.0,3.5,31.5,180.0,0.0,-1.0,31.5,32.0,36.5,1.213,0.0503,False
25.69,92.89,215.0,3.5,31.4,180.0,0.0,-1.0,31.4,32.0,36.6,1.215,0.0502,False
25.69,92.9,215.0,3.5,31.2,180.0,0.0,-1.0,31.2,32.0,36.8,1.216,0.0502,False
25.69,92.91,215.0,3.5,31.1,180.0,0.0,-1.0,31.1,32.0,36.9,1.218,0.0501,False
25.69,92.92,215.0,3.5,30.9,180.0,0.0,-1.0,30.9,32.0,37.1,1.22,0.05,False
25.69,92.93,215.0,3.5,30.7,180.0,0.0,-1.0,30.7,32.0,37.2,1.222,0.05,False
25.69,92.94,215.0,3.5,30.6,180.0,0.0,-1.0,30.6,32.0,37.4,1.224,0.0499,False
25.69,92.95,215.0,3.5,30.4,180.0,0.0,-1.0,30.4,32.1,37.6,1.226,0.0498,False
25.69,92.96,215.0,3.5,30.2,180.0,0.0,-1.0,30.2,32.1,37.7,1.227,0.0498,False
25.69,92.97,215.0,3.5,30.1,180.0,0.0,-1.0,30.1,32.1,37.8,1.229,0.0497,False
25.69,92.98,215.0,3.5,30.0,180.0,0.0,-1.0,30.0,32.1,37.9,1.23,0.0496,False
25.69,92.99,215.0,3.5,30.0,180.0,0.0,-1.0,30.0,32.1,37.9,1.231,0.0496,False
25.69,93.0,215.0,3.5,30.0,180.0,0.0,-1.0,30.0,32.1,37.9,1.231,0.0496,False
25.69,93.01,215.0,3.5,30.1,180.0,0.0,-1.0,30.1,32.0,37.9,1.231,0.0496,False
25.69,93.02,215.0,3.5,30.2,180.0,0.0,-1.0,30.2,32.0,37.8,1.23,0.0496,False
25.69,93.03,215.0,3.5,30.5,180.0,0.0,-1.0,30.5,31.9,37.6,1.23,0.0496,False
25.69,93.04,215.0,3.5,30.8,180.0,0.0,-1.0,30.8,31.7,37.5,1.229,0.0497,False
25.69,93.05,215.0,3.5,31.2,180.0,0.0,-1.0,31.2,31.6,37.2,1.228,0.0497,False
25.69,93.06,215.0,3.5,31.6,180.0,0.0,-1.0,31.6,31.4,37.0,1.227,0.0498,False
25.69,93.07,215.0,3.5,32.0,180.0,0.0,-1.0,32.0,31.2,36.8,1.226,0.0498,False
25.69,93.08,215.0,3.5,32.4,180.0,0.0,-1.0,32.4,31.0,36.5,1.225,0.0498,False
25.69,93.09,215.0,3.5,32.8,180.0,0.0,-1.0,32.8,30.9,36.3,1.225,0.0498,False
25.69,93.1,215.0,3.5,33.2,180.0,0.0,-1.0,33.2,30.7,36.1,1.225,0.0498,False
25.69,93.11,215.0,3.5,33.5,180.0,0.0,-1.0,33.5,30.5,36.0,1.225,0.0498,False
25.69,93.12,215.0,3.5,33.8,180.0,0.0,-1.0,33.8,30.4,35.8,1.225,0.0498,False
25.69,93.13,215.0,3.5,34.0,180.0,0.0,-1.0,34.0,30.3,35.7,1.225,0.0498,False
25.69,93.14,215.0,3.5,34.2,180.0,0.0,-1.0,34.2,30.2,35.6,1.225,0.0498,False
25.69,93.15,215.0,3.5,34.3,180.0,0.0,-1.0,34.3,30.1,35.6,1.225,0.0498,False
25.69,93.16,215.0,3.5,34.4,180.0,0.0,-1.0,34.4,30.1,35.5,1.225,0.0498,False
25.69,93.17,215.0,3.5,34.4,180.0,0.0,-1.0,34.4,30.1,35.5,1.225,0.0498,False
25.69,93.18,215.0,3.5,34.3,180.0,0.0,-1.0,34.3,30.1,35.5,1.224,0.0499,False
25.69,93.19,215.0,3.5,34.3,180.0,0.0,-1.0,34.3,30.2,35.6,1.224,0.0499,False
25.69,93.2,215.0,3.5,34.2,180.0,0.0,-1.0,34.2,30.2,35.6,1.223,0.0499,False
25.69,93.21,215.0,3.5,34.1,180.0,0.0,-1.0,34.1,30.3,35.6,1.222,0.05,False
25.69,93.22,215.0,3.5,34.1,180.0,0.0,-1.0,34.1,30.3,35.6,1.222,0.05,False
25.69,93.23,215.0,3.5,34.0,180.0,0.0,-1.0,34.0,30.4,35.6,1.221,0.05,False
25.69,93.24,215.0,3.5,33.9,180.0,0.0,-1.0,33.9,30.4,35.7,1.22,0.05,False
25.69,93.25,215.0,3.5,33.9,180.0,0.0,-1.0,33.9,30.5,35.7,1.219,0.0501,False
25.69,93.26,215.0,3.5,33.8,180.0,0.0,-1.0,33.8,30.5,35.7,1.218,0.0501,False
25.69,93.27,215.0,3.5,33.8,180.0,0.0,-1.0,33.8,30.5,35.7,1.217,0.0502,False
25.7,92.79,215.0,3.5,31.9,180.0,0.0,-1.0,31.9,32.3,35.8,1.206,0.0506,False
25.7,92.8,215.0,3.5,31.9,180.0,0.0,-1.0,31.9,32.2,35.9,1.206,0.0506,False
25.7,92.81,215.0,3.5,31.9,180.0,0.0,-1.0,31.9,32.2,35.9,1.207,0.0506,False
25.7,92.82,215.0,3.5,31.8,180.0,0.0,-1.0,31.8,32.2,36.0,1.207,0.0506,False
25.7,92.83,215.0,3.5,31.8,180.0,0.0,-1.0,31.8,32.1,36.1,1.208,0.0505,False
25.7,92.84,215.0,3.5,31.7,180.0,0.0,-1.0,31.7,32.1,36.2,1.209,0.0505,False
25.7,92.85,215.0,3.5,31.7,180.0,0.0,-1.0,31.7,32.1,36.3,1.21,0.0505,False
25.7,92.86,215.0,3.5,31.6,180.0,0.0,-1.0,31.6,32.0,36.4,1.211,0.0504,False
25.7,92.87,215.0,3.5,31.5,180.0,0.0,-1.0,31.5,32.0,36.5,1.213,0.0503,False
25.7,92.88,215.0,3.5,31.4,180.0,0.0,-1.0,31.4,32.0,36.6,1.214,0.0503,False
25.7,92.89,215.0,3.5,31.2,180.0,0.0,-1.0,31.2,32.0,36.7,1.216,0.0502,False
25.7,92.9,215.0,3.5,31.1,180.0,0.0,-1.0,31.1,32.0,36.9,1.218,0.0501,False
25.7,92.91,215.0,3.5,30.9,180.0,0.0,-1.0,30.9,32.0,37.1,1.22,0.05,False
25.7,92.92,215.0,3.5,30.7,180.0,0.0,-1.0,30.7,32.0,37.2,1.222,0.05,False
25.7,92.93,215.0,3.5,30.6,180.0,0.0,-1.0,30.6,32.1,37.4,1.224,0.0499,False
25.7,92.94,215.0,3.5,30.3,180.0,0.0,-1.0,30.3,32.1,37.6,1.226,0.0498,False
25.7,92.95,215.0,3.5,30.1,180.0,0.0,-1.0,30.1,32.1,37.7,1.228,0.0497,False
25.7,92.96,215.0,3.5,30.0,180.0,0.0,-1.0,30.0,32.1,37.9,1.23,0.0496,False
25.7,92.97,215.0,3.5,29.8,180.0,0.0,-1.0,29.8,32.2,38.0,1.231,0.0496,False
25.7,92.98,215.0,4.7,29.7,312.1,-0.742,0.6704,29.7,32.2,38.1,1.232,0.0665,False
25.7,92.99,215.0,8.2,29.6,312.1,-0.742,0.6704,29.6,32.2,38.2,1.233,0.1157,False
25.7,93.0,215.0,11.0,29.6,270.0,-1.0,-0.0,29.6,32.2,38.2,1.234,0.1546,False
25.7,93.01,215.0,11.4,29.7,270.0,-1.0,-0.0,29.7,32.2,38.2,1.233,0.1603,False
25.7,93.02,215.0,8.5,29.8,227.9,-0.742,-0.6704,29.8,32.1,38.1,1.233,0.1199,False
25.7,93.03,215.0,5.8,30.1,132.1,0.742,-0.6704,30.1,32.0,37.9,1.232,0.082,False
25.7,93.04,215.0,7.8,30.4,90.0,1.0,0.0,30.4,31.9,37.7,1.23,0.1103,False
25.7,93.05,215.0,6.0,30.8,132.1,0.742,-0.6704,30.8,31.7,37.5,1.229,0.0851,False
25.7,93.06,215.0,8.0,31.2,90.0,1.0,0.0,31.2,31.6,37.2,1.228,0.1133,False
25.7,93.07,215.0,6.0,31.7,132.1,0.742,-0.6704,31.7,31.4,37.0,1.227,0.0852,False
25.7,93.08,215.0,8.0,32.1,90.0,1.0,0.0,32.1,31.2,36.7,1.226,0.1135,False
25.7,93.09,215.0,6.0,32.5,47.9,0.742,0.6704,32.5,31.0,36.5,1.225,0.0853,False
25.7,93.1,215.0,4.0,32.9,47.9,0.742,0.6704,32.9,30.8,36.3,1.225,0.0569,False
25.7,93.11,215.0,3.5,33.2,132.1,0.742,-0.6704,33.2,30.7,36.1,1.225,0.0498,False
25.7,93.12,215.0,3.5,33.5,90.0,1.0,0.0,33.5,30.5,36.0,1.225,0.0498,False
25.7,93.13,215.0,4.2,33.7,312.1,-0.742,0.6704,33.7,30.4,35.8,1.225,0.0598,False
25.7,93.14,215.0,5.7,33.9,270.0,-1.0,-0.0,33.9,30.3,35.8,1.225,0.0811,False
25.7,93.15,215.0,4.2,34.0,227.9,-0.742,-0.6704,34.0,30.3,35.7,1.225,0.0598,False
25.7,93.16,215.0,5.5,34.1,270.0,-1.0,-0.0,34.1,30.2,35.6,1.224,0.0783,False
25.7,93.17,215.0,4.1,34.1,227.9,-0.742,-0.6704,34.1,30.2,35.6,1.224,0.0584,False
25.7,93.18,215.0,3.5,34.1,312.1,-0.742,0.6704,34.1,30.2,35.6,1.224,0.0499,False
25.7,93.19,215.0,3.5,34.1,270.0,-1.0,-0.0,34.1,30.3,35.6,1.223,0.0499,False
25.7,93.2,215.0,3.5,34.1,132.1,0.742,-0.6704,34.1,30.3,35.6,1.222,0.05,False
25.7,93.21,215.0,3.5,34.0,90.0,1.0,0.0,34.0,30.3,35.6,1.222,0.05,False
25.7,93.22,215.0,3.6,34.0,132.1,0.742,-0.6704,34.0,30.4,35.7,1.221,0.0514,False
25.7,93.23,215.0,4.9,33.9,90.0,1.0,0.0,33.9,30.4,35.7,1.22,0.07,False
25.7,93.24,215.0,3.6,33.9,47.9,0.742,0.6704,33.9,30.5,35.7,1.219,0.0515,False
25.7,93.25,215.0,3.5,33.8,47.9,0.742,0.6704,33.8,30.5,35.7,1.218,0.0501,False
25.7,93.26,215.0,3.5,33.8,227.9,-0.742,-0.6704,33.8,30.5,35.7,1.218,0.0501,False
25.71,92.8,215.0,3.5,31.9,180.0,0.0,-1.0,31.9,32.2,35.9,1.206,0.0506,False
25.71,92.81,215.0,9.3,31.8,312.1,-0.742,0.6704,31.8,32.2,36.0,1.207,0.1339,False
25.71,92.82,215.0,12.5,31.8,270.0,-1.0,-0.0,31.8,32.2,36.0,1.208,0.1792,False
25.71,92.83,215.0,9.6,31.8,270.0,-1.0,-0.0,31.8,32.1,36.1,1.209,0.1379,False
25.71,92.84,215.0,10.2,31.7,270.0,-1.0,-0.0,31.7,32.1,36.2,1.21,0.1464,False
25.71,92.85,215.0,11.2,31.6,270.0,-1.0,-0.0,31.6,32.1,36.3,1.211,0.1604,False
25.71,92.86,215.0,9.8,31.5,270.0,-1.0,-0.0,31.5,32.0,36.4,1.212,0.1404,False
25.71,92.87,215.0,11.5,31.4,270.0,-1.0,-0.0,31.4,32.0,36.6,1.214,0.1642,False
25.71,92.88,215.0,11.3,31.3,270.0,-1.0,-0.0,31.3,32.0,36.7,1.215,0.1613,False
25.71,92.89,215.0,14.0,31.1,270.0,-1.0,-0.0,31.1,32.0,36.8,1.217,0.1988,False
25.71,92.9,215.0,12.0,31.0,270.0,-1.0,-0.0,31.0,32.0,37.0,1.219,0.1706,False
25.71,92.91,215.0,9.6,30.8,270.0,-1.0,-0.0,30.8,32.0,37.2,1.221,0.1366,False
25.71,92.92,215.0,11.1,30.6,270.0,-1.0,-0.0,30.6,32.1,37.3,1.223,0.1574,False
25.71,92.93,215.0,10.4,30.4,270.0,-1.0,-0.0,30.4,32.1,37.5,1.225,0.1474,False
25.71,92.94,215.0,9.6,30.1,270.0,-1.0,-0.0,30.1,32.1,37.7,1.227,0.1359,False
25.71,92.95,215.0,7.1,29.9,227.9,-0.742,-0.6704,29.9,32.2,37.9,1.23,0.1005,False
25.71,92.96,215.0,7.0,29.7,312.1,-0.742,0.6704,29.7,32.2,38.1,1.232,0.0989,False
25.71,92.97,215.0,9.5,29.5,270.0,-1.0,-0.0,29.5,32.3,38.2,1.233,0.1339,False
25.71,92.98,215.0,11.2,29.4,270.0,-1.0,-0.0,29.4,32.3,38.4,1.235,0.1573,False
25.71,92.99,159.0,7.0,29.3,0.0,0.0,1.0,29.3,32.3,38.4,1.235,0.0987,False
25.71,93.0,117.0,11.0,29.3,270.0,-1.0,-0.0,29.3,32.3,38.4,1.236,0.1544,False
25.71,93.01,113.0,11.4,29.3,270.0,-1.0,-0.0,29.3,32.3,38.4,1.235,0.16,False
25.71,93.02,160.0,6.2,29.5,270.0,-1.0,-0.0,29.5,32.2,38.3,1.235,0.0874,False
25.71,93.03,180.0,12.8,29.8,180.0,0.0,-1.0,29.8,32.1,38.1,1.233,0.1797,False
25.71,93.04,284.0,18.3,30.1,270.0,-1.0,-0.0,30.1,32.0,37.9,1.232,0.2549,False
25.71,93.05,177.0,13.4,30.5,180.0,0.0,-1.0,30.5,31.8,37.7,1.23,0.1884,False
25.71,93.06,286.0,13.4,30.9,180.0,0.0,-1.0,30.9,31.7,37.4,1.229,0.1886,False
25.71,93.07,260.0,5.1,31.4,90.0,1.0,0.0,31.4,31.5,37.1,1.228,0.0724,False
25.71,93.08,286.0,8.0,31.8,90.0,1.0,0.0,31.8,31.3,36.9,1.227,0.1134,False
25.71,93.09,263.0,6.9,32.2,0.0,0.0,1.0,32.2,31.1,36.6,1.226,0.098,False
25.71,93.1,208.0,6.9,32.6,0.0,0.0,1.0,32.6,30.9,36.4,1.225,0.0981,False
25.71,93.11,206.0,3.9,33.0,90.0,1.0,0.0,33.0,30.8,36.2,1.225,0.0555,False
25.71,93.12,228.0,6.1,33.2,270.0,-1.0,-0.0,33.2,30.7,36.1,1.224,0.0868,False
25.71,93.13,223.0,7.2,33.5,0.0,0.0,1.0,33.5,30.5,36.0,1.224,0.1024,False
25.71,93.14,165.0,7.2,33.7,0.0,0.0,1.0,33.7,30.5,35.9,1.224,0.1024,False
25.71,93.15,185.0,3.5,33.8,270.0,-1.0,-0.0,33.8,30.4,35.8,1.224,0.0499,False
25.71,93.16,166.0,5.5,33.9,270.0,-1.0,-0.0,33.9,30.4,35.7,1.224,0.0783,False
25.71,93.17,209.0,5.4,33.9,180.0,0.0,-1.0,33.9,30.3,35.7,1.223,0.0769,False
25.71,93.18,207.0,3.5,34.0,312.1,-0.742,0.6704,34.0,30.3,35.7,1.223,0.0499,False
25.71,93.19,196.0,3.5,34.0,270.0,-1.0,-0.0,34.0,30.4,35.7,1.222,0.05,False
25.71,93.2,210.0,6.0,33.9,270.0,-1.0,-0.0,33.9,30.4,35.7,1.222,0.0855,False
25.71,93.21,239.0,6.9,33.9,227.9,-0.742,-0.6704,33.9,30.4,35.7,1.221,0.0984,False
25.71,93.22,242.0,4.1,33.9,270.0,-1.0,-0.0,33.9,30.4,35.7,1.22,0.0586,False
25.71,93.23,258.0,4.9,33.8,90.0,1.0,0.0,33.8,30.5,35.7,1.22,0.07,False
25.71,93.24,239.0,4.1,33.8,270.0,-1.0,-0.0,33.8,30.5,35.7,1.219,0.0587,False
25.71,93.25,210.0,3.6,33.7,0.0,0.0,1.0,33.7,30.5,35.7,1.218,0.0516,False
25.71,93.26,213.0,3.5,33.7,47.9,0.742,0.6704,33.7,30.6,35.7,1.217,0.0502,False
25.72,92.82,103.0,12.5,31.8,270.0,-1.0,-0.0,31.8,32.1,36.1,1.208,0.1792,False
25.72,92.83,130.0,9.6,31.7,270.0,-1.0,-0.0,31.7,32.1,36.2,1.209,0.1379,False
25.72,92.84,124.0,10.2,31.6,270.0,-1.0,-0.0,31.6,32.1,36.3,1.21,0.1464,False
25.72,92.85,115.0,11.2,31.6,270.0,-1.0,-0.0,31.6,32.1,36.4,1.212,0.1603,False
25.72,92.86,128.0,9.8,31.5,270.0,-1.0,-0.0,31.5,32.1,36.5,1.213,0.1403,False
25.72,92.87,112.0,11.5,31.3,270.0,-1.0,-0.0,31.3,32.0,36.6,1.214,0.1642,False
25.72,92.88,114.0,11.3,31.2,270.0,-1.0,-0.0,31.2,32.0,36.8,1.216,0.1611,False
25.72,92.89,89.0,14.0,31.0,270.0,-1.0,-0.0,31.0,32.0,36.9,1.218,0.1986,False
25.72,92.9,108.0,12.0,30.9,270.0,-1.0,-0.0,30.9,32.0,37.1,1.22,0.1704,False
25.72,92.91,130.0,9.6,30.7,270.0,-1.0,-0.0,30.7,32.1,37.3,1.222,0.1365,False
25.72,92.92,116.0,11.1,30.4,270.0,-1.0,-0.0,30.4,32.1,37.5,1.224,0.1573,False
25.72,92.93,122.0,10.4,30.2,270.0,-1.0,-0.0,30.2,32.1,37.7,1.227,0.1471,False
25.72,92.94,130.0,9.6,30.0,270.0,-1.0,-0.0,30.0,32.2,37.9,1.229,0.1357,False
25.72,92.95,183.0,7.7,29.7,270.0,-1.0,-0.0,29.7,32.2,38.1,1.231,0.1088,False
25.72,92.96,160.0,6.2,29.5,270.0,-1.0,-0.0,29.5,32.3,38.2,1.233,0.0876,False
25.72,92.97,131.0,9.5,29.3,270.0,-1.0,-0.0,29.3,32.3,38.4,1.235,0.1336,False
25.72,92.98,115.0,11.2,29.1,270.0,-1.0,-0.0,29.1,32.4,38.5,1.236,0.1571,False
25.72,92.99,122.0,7.8,29.0,312.1,-0.742,0.6704,29.0,32.4,38.6,1.237,0.1097,False
25.72,93.0,92.0,13.6,29.0,180.0,0.0,-1.0,29.0,32.4,38.6,1.238,0.1899,False
25.72,93.01,202.0,13.6,29.0,180.0,0.0,-1.0,29.0,32.4,38.6,1.237,0.1901,False
25.72,93.02,125.0,9.6,29.2,0.0,0.0,1.0,29.2,32.3,38.5,1.236,0.1349,False
25.72,93.03,140.0,11.9,29.5,227.9,-0.742,-0.6704,29.5,32.2,38.3,1.235,0.167,False
25.72,93.04,117.0,18.3,29.8,270.0,-1.0,-0.0,29.8,32.1,38.1,1.233,0.2547,False
25.72,93.05,185.0,8.5,30.2,180.0,0.0,-1.0,30.2,31.9,37.8,1.232,0.12,False
25.72,93.06,214.0,8.3,30.6,270.0,-1.0,-0.0,30.6,31.8,37.6,1.23,0.1174,False
25.72,93.07,217.0,6.5,31.1,227.9,-0.742,-0.6704,31.1,31.6,37.3,1.228,0.0922,False
25.72,93.08,250.0,5.7,31.5,227.9,-0.742,-0.6704,31.5,31.4,37.0,1.227,0.0809,False
25.72,93.09,290.0,10.6,32.0,0.0,0.0,1.0,32.0,31.2,36.8,1.226,0.15,False
25.72,93.1,205.0,10.6,32.4,0.0,0.0,1.0,32.4,31.1,36.6,1.225,0.1502,False
25.72,93.11,240.0,8.2,32.7,0.0,0.0,1.0,32.7,30.9,36.4,1.225,0.1164,False
25.72,93.12,174.0,8.2,33.0,0.0,0.0,1.0,33.0,30.8,36.2,1.224,0.1165,False
25.72,93.13,179.0,5.0,33.2,270.0,-1.0,-0.0,33.2,30.7,36.1,1.224,0.0712,False
25.72,93.14,173.0,4.2,33.4,312.1,-0.742,0.6704,33.4,30.6,36.0,1.224,0.0598,False
25.72,93.15,165.0,3.5,33.6,270.0,-1.0,-0.0,33.6,30.5,35.9,1.223,0.0499,False
25.72,93.16,177.0,6.3,33.7,180.0,0.0,-1.0,33.7,30.5,35.8,1.223,0.0897,False
25.72,93.17,227.0,6.4,33.7,312.1,-0.742,0.6704,33.7,30.5,35.8,1.223,0.0911,False
25.72,93.18,180.0,5.9,33.8,0.0,0.0,1.0,33.8,30.4,35.8,1.222,0.0841,False
25.72,93.19,166.0,3.7,33.8,227.9,-0.742,-0.6704,33.8,30.4,35.8,1.222,0.0528,False
25.72,93.2,157.0,6.9,33.8,227.9,-0.742,-0.6704,33.8,30.5,35.7,1.221,0.0984,False
25.72,93.21,196.0,4.9,33.8,180.0,0.0,-1.0,33.8,30.5,35.7,1.221,0.07,False
25.72,93.22,206.0,4.4,33.8,227.9,-0.742,-0.6704,33.8,30.5,35.7,1.22,0.0629,False
25.72,93.23,218.0,5.8,33.7,270.0,-1.0,-0.0,33.7,30.5,35.7,1.219,0.0829,False
25.72,93.24,203.0,4.6,33.7,312.1,-0.742,0.6704,33.7,30.6,35.7,1.218,0.0658,False
25.72,93.25,223.0,3.5,33.7,270.0,-1.0,-0.0,33.7,30.6,35.7,1.218,0.0501,False
25.73,92.83,138.0,3.5,31.7,132.1,0.742,-0.6704,31.7,32.1,36.2,1.21,0.0505,False
25.73,92.84,123.0,3.5,31.6,0.0,0.0,1.0,31.6,32.1,36.3,1.211,0.0504,False
25.73,92.85,104.0,3.5,31.5,0.0,0.0,1.0,31.5,32.1,36.4,1.212,0.0504,False
25.73,92.86,106.0,3.5,31.4,270.0,-1.0,-0.0,31.4,32.1,36.6,1.214,0.0503,False
25.73,92.87,118.0,4.3,31.3,0.0,0.0,1.0,31.3,32.0,36.7,1.215,0.0617,False
25.73,92.88,84.0,4.3,31.1,0.0,0.0,1.0,31.1,32.0,36.8,1.217,0.0616,False
25.73,92.89,92.0,3.8,31.0,180.0,0.0,-1.0,31.0,32.1,37.0,1.219,0.0544,False
25.73,92.9,122.0,3.8,30.8,180.0,0.0,-1.0,30.8,32.1,37.2,1.221,0.0543,False
25.73,92.91,119.0,3.5,30.6,270.0,-1.0,-0.0,30.6,32.1,37.4,1.223,0.0499,False
25.73,92.92,106.0,3.5,30.3,312.1,-0.742,0.6704,30.3,32.1,37.5,1.225,0.0498,False
25.73,92.93,114.0,3.5,30.1,180.0,0.0,-1.0,30.1,32.2,37.8,1.228,0.0497,False
25.73,92.94,131.0,4.4,29.8,227.9,-0.742,-0.6704,29.8,32.2,38.0,1.23,0.0624,False
25.73,92.95,115.0,7.7,29.6,270.0,-1.0,-0.0,29.6,32.3,38.2,1.232,0.1088,False
25.73,92.96,156.0,5.1,29.3,180.0,0.0,-1.0,29.3,32.3,38.4,1.234,0.072,False
25.73,92.97,160.0,5.9,29.1,132.1,0.742,-0.6704,29.1,32.4,38.5,1.236,0.0832,False
25.73,92.98,186.0,8.0,28.9,90.0,1.0,0.0,28.9,32.4,38.7,1.238,0.1124,False
25.73,92.99,162.0,6.1,28.8,132.1,0.742,-0.6704,28.8,32.4,38.8,1.239,0.0858,False
25.73,93.0,187.0,10.7,28.8,90.0,1.0,0.0,28.8,32.5,38.8,1.239,0.1499,False
25.73,93.01,188.0,8.0,28.8,132.1,0.742,-0.6704,28.8,32.4,38.7,1.239,0.1123,False
25.73,93.02,148.0,7.5,29.0,90.0,1.0,0.0,29.0,32.4,38.6,1.238,0.1054,False
25.73,93.03,118.0,8.0,29.2,47.9,0.742,0.6704,29.2,32.3,38.5,1.236,0.1126,False
25.73,93.04,151.0,4.1,29.6,180.0,0.0,-1.0,29.6,32.2,38.2,1.235,0.0579,False
25.73,93.05,175.0,4.9,30.0,132.1,0.742,-0.6704,30.0,32.0,38.0,1.233,0.0693,False
25.73,93.06,140.0,8.3,30.4,270.0,-1.0,-0.0,30.4,31.9,37.7,1.231,0.1173,False
25.73,93.07,182.0,5.7,30.9,227.9,-0.742,-0.6704,30.9,31.7,37.4,1.229,0.0808,False
25.73,93.08,208.0,6.9,31.3,227.9,-0.742,-0.6704,31.3,31.5,37.2,1.228,0.0978,False
25.73,93.09,210.0,9.0,31.7,270.0,-1.0,-0.0,31.7,31.3,36.9,1.226,0.1276,False
25.73,93.1,264.0,7.4,32.1,312.1,-0.742,0.6704,32.1,31.2,36.7,1.225,0.1051,False
25.73,93.11,263.0,13.8,32.5,0.0,0.0,1.0,32.5,31.0,36.5,1.225,0.1947,False
25.73,93.12,151.0,13.8,32.8,0.0,0.0,1.0,32.8,30.9,36.3,1.224,0.1949,False
25.73,93.13,150.0,3.5,33.0,270.0,-1.0,-0.0,33.0,30.8,36.2,1.224,0.0499,False
25.73,93.14,146.0,3.5,33.2,270.0,-1.0,-0.0,33.2,30.7,36.1,1.223,0.0499,False
25.73,93.15,136.0,4.8,33.4,180.0,0.0,-1.0,33.4,30.6,36.0,1.223,0.0684,False
25.73,93.16,174.0,4.8,33.5,180.0,0.0,-1.0,33.5,30.6,35.9,1.223,0.0684,False
25.73,93.17,185.0,4.8,33.6,270.0,-1.0,-0.0,33.6,30.6,35.9,1.222,0.0685,False
25.73,93.18,151.0,6.4,33.6,312.1,-0.742,0.6704,33.6,30.5,35.8,1.222,0.0912,False
25.73,93.19,153.0,3.5,33.6,312.1,-0.742,0.6704,33.6,30.5,35.8,1.221,0.05,False
25.73,93.2,166.0,3.5,33.7,227.9,-0.742,-0.6704,33.7,30.5,35.8,1.221,0.05,False
25.73,93.21,154.0,4.8,33.7,270.0,-1.0,-0.0,33.7,30.5,35.8,1.22,0.0686,False
25.73,93.22,185.0,3.9,33.7,180.0,0.0,-1.0,33.7,30.6,35.8,1.219,0.0558,False
25.73,93.23,167.0,5.8,33.6,270.0,-1.0,-0.0,33.6,30.6,35.8,1.219,0.0829,False
25.73,93.24,199.0,5.7,33.6,270.0,-1.0,-0.0,33.6,30.6,35.8,1.218,0.0815,False
25.73,93.25,197.0,4.0,33.6,227.9,-0.742,-0.6704,33.6,30.6,35.8,1.217,0.0573,False
25.74,92.84,105.0,3.5,31.6,312.1,-0.742,0.6704,31.6,32.1,36.4,1.211,0.0504,False
25.74,92.85,104.0,3.5,31.5,312.1,-0.742,0.6704,31.5,32.1,36.5,1.213,0.0503,False
25.74,92.86,117.0,3.9,31.3,270.0,-1.0,-0.0,31.3,32.1,36.6,1.214,0.056,False
25.74,92.87,105.0,3.5,31.2,270.0,-1.0,-0.0,31.2,32.0,36.7,1.216,0.0502,False
25.74,92.88,98.0,3.5,31.1,312.1,-0.742,0.6704,31.1,32.1,36.9,1.218,0.0501,False
25.74,92.89,97.0,3.5,30.9,227.9,-0.742,-0.6704,30.9,32.1,37.1,1.219,0.0501,False
25.74,92.9,104.0,3.5,30.7,270.0,-1.0,-0.0,30.7,32.1,37.2,1.222,0.05,False
25.74,92.91,104.0,3.5,30.5,270.0,-1.0,-0.0,30.5,32.1,37.4,1.224,0.0499,False
25.74,92.92,99.0,3.5,30.2,312.1,-0.742,0.6704,30.2,32.1,37.6,1.226,0.0498,False
25.74,92.93,103.0,3.5,30.0,227.9,-0.742,-0.6704,30.0,32.2,37.8,1.228,0.0497,False
25.74,92.94,120.0,3.5,29.7,180.0,0.0,-1.0,29.7,32.2,38.0,1.231,0.0496,False
25.74,92.95,105.0,4.3,29.5,227.9,-0.742,-0.6704,29.5,32.3,38.2,1.233,0.0608,False
25.74,92.96,123.0,3.7,29.2,270.0,-1.0,-0.0,29.2,32.3,38.4,1.235,0.0523,False
25.74,92.97,151.0,9.8,29.0,180.0,0.0,-1.0,29.0,32.4,38.6,1.237,0.1376,False
25.74,92.98,230.0,9.8,28.8,180.0,0.0,-1.0,28.8,32.4,38.7,1.238,0.1375,False
25.74,92.99,205.0,8.5,28.7,270.0,-1.0,-0.0,28.7,32.5,38.8,1.239,0.1193,False
25.74,93.0,235.0,12.5,28.6,270.0,-1.0,-0.0,28.6,32.5,38.9,1.24,0.1745,False
25.74,93.01,146.0,11.0,28.7,0.0,0.0,1.0,28.7,32.5,38.8,1.239,0.154,False
25.74,93.02,214.0,8.5,28.8,180.0,0.0,-1.0,28.8,32.4,38.7,1.239,0.1193,False
25.74,93.03,167.0,5.9,29.1,0.0,0.0,1.0,29.1,32.3,38.6,1.237,0.0831,False
25.74,93.04,161.0,3.6,29.4,132.1,0.742,-0.6704,29.4,32.2,38.3,1.235,0.0508,False
25.74,93.05,183.0,8.0,29.8,0.0,0.0,1.0,29.8,32.1,38.1,1.233,0.1129,False
25.74,93.06,119.0,8.0,30.2,0.0,0.0,1.0,30.2,31.9,37.8,1.231,0.1131,False
25.74,93.07,136.0,6.0,30.7,227.9,-0.742,-0.6704,30.7,31.8,37.5,1.23,0.085,False
25.74,93.08,178.0,5.5,31.1,227.9,-0.742,-0.6704,31.1,31.6,37.3,1.228,0.0781,False
25.74,93.09,220.0,6.0,31.5,227.9,-0.742,-0.6704,31.5,31.4,37.0,1.227,0.0852,False
25.74,93.1,199.0,7.3,31.9,270.0,-1.0,-0.0,31.9,31.3,36.8,1.226,0.1036,False
25.74,93.11,176.0,9.8,32.3,270.0,-1.0,-0.0,32.3,31.1,36.6,1.225,0.1389,False
25.74,93.12,177.0,7.2,32.5,312.1,-0.742,0.6704,32.5,31.0,36.4,1.224,0.1024,False
25.74,93.13,129.0,6.0,32.8,0.0,0.0,1.0,32.8,30.9,36.3,1.223,0.0855,False
25.74,93.14,116.0,4.3,33.0,180.0,0.0,-1.0,33.0,30.8,36.2,1.223,0.0613,False
25.74,93.15,150.0,4.3,33.2,180.0,0.0,-1.0,33.2,30.7,36.1,1.222,0.0614,False
25.74,93.16,160.0,3.5,33.3,270.0,-1.0,-0.0,33.3,30.7,36.0,1.222,0.05,False
25.74,93.17,158.0,3.5,33.4,270.0,-1.0,-0.0,33.4,30.7,36.0,1.222,0.05,False
25.74,93.18,138.0,4.0,33.5,312.1,-0.742,0.6704,33.5,30.6,35.9,1.221,0.0571,False
25.74,93.19,140.0,3.5,33.5,180.0,0.0,-1.0,33.5,30.6,35.9,1.221,0.05,False
25.74,93.2,165.0,3.5,33.5,180.0,0.0,-1.0,33.5,30.6,35.8,1.22,0.05,False
25.74,93.21,155.0,3.5,33.6,227.9,-0.742,-0.6704,33.6,30.6,35.8,1.22,0.05,False
25.74,93.22,159.0,3.5,33.6,270.0,-1.0,-0.0,33.6,30.6,35.8,1.219,0.0501,False
25.74,93.23,165.0,3.5,33.6,227.9,-0.742,-0.6704,33.6,30.6,35.8,1.218,0.0501,False
25.74,93.24,149.0,5.7,33.6,270.0,-1.0,-0.0,33.6,30.7,35.8,1.218,0.0815,False
25.75,92.86,83.0,3.9,31.3,270.0,-1.0,-0.0,31.3,32.1,36.6,1.215,0.056,False
25.75,92.87,84.0,3.5,31.2,312.1,-0.742,0.6704,31.2,32.1,36.8,1.216,0.0502,False
25.75,92.88,95.0,3.5,31.0,270.0,-1.0,-0.0,31.0,32.1,36.9,1.218,0.0501,False
25.75,92.89,95.0,3.5,30.8,270.0,-1.0,-0.0,30.8,32.1,37.1,1.22,0.05,False
25.75,92.9,88.0,3.5,30.6,270.0,-1.0,-0.0,30.6,32.1,37.3,1.222,0.05,False
25.75,92.91,84.0,3.5,30.4,270.0,-1.0,-0.0,30.4,32.1,37.5,1.224,0.0499,False
25.75,92.92,85.0,3.5,30.2,180.0,0.0,-1.0,30.2,32.1,37.7,1.227,0.0498,False
25.75,92.93,102.0,3.5,29.9,270.0,-1.0,-0.0,29.9,32.2,37.9,1.229,0.0497,False
25.75,92.94,120.0,3.5,29.7,227.9,-0.742,-0.6704,29.7,32.2,38.1,1.231,0.0496,False
25.75,92.95,133.0,3.5,29.4,227.9,-0.742,-0.6704,29.4,32.3,38.3,1.234,0.0495,False
25.75,92.96,113.0,3.5,29.2,227.9,-0.742,-0.6704,29.2,32.4,38.5,1.236,0.0494,False
25.75,92.97,126.0,8.7,29.0,227.9,-0.742,-0.6704,29.0,32.4,38.6,1.237,0.1223,False
25.75,92.98,167.0,7.1,28.8,270.0,-1.0,-0.0,28.8,32.5,38.8,1.239,0.0998,False
25.75,92.99,130.0,8.8,28.6,227.9,-0.742,-0.6704,28.6,32.5,38.9,1.24,0.1234,False
25.75,93.0,123.0,12.5,28.6,270.0,-1.0,-0.0,28.6,32.5,38.9,1.24,0.1745,False
25.75,93.01,195.0,9.0,28.6,180.0,0.0,-1.0,28.6,32.5,38.9,1.24,0.1262,False
25.75,93.02,189.0,6.9,28.8,270.0,-1.0,-0.0,28.8,32.4,38.8,1.239,0.097,False
25.75,93.03,201.0,6.1,29.0,227.9,-0.742,-0.6704,29.0,32.4,38.6,1.237,0.0859,False
25.75,93.04,192.0,4.3,29.3,270.0,-1.0,-0.0,29.3,32.3,38.4,1.236,0.0607,False
25.75,93.05,169.0,4.8,29.7,312.1,-0.742,0.6704,29.7,32.1,38.2,1.234,0.0678,False
25.75,93.06,174.0,7.6,30.1,0.0,0.0,1.0,30.1,32.0,37.9,1.232,0.1074,False
25.75,93.07,113.0,7.6,30.6,0.0,0.0,1.0,30.6,31.8,37.6,1.23,0.1075,False
25.75,93.08,148.0,6.0,31.0,227.9,-0.742,-0.6704,31.0,31.7,37.4,1.228,0.0851,False
25.75,93.09,187.0,5.5,31.4,227.9,-0.742,-0.6704,31.4,31.5,37.1,1.227,0.0781,False
25.75,93.1,192.0,7.1,31.7,0.0,0.0,1.0,31.7,31.4,36.9,1.226,0.1008,False
25.75,93.11,135.0,7.1,32.1,0.0,0.0,1.0,32.1,31.2,36.7,1.225,0.1009,False
25.75,93.12,161.0,5.8,32.4,270.0,-1.0,-0.0,32.4,31.1,36.5,1.224,0.0826,False
25.75,93.13,122.0,4.9,32.6,0.0,0.0,1.0,32.6,31.0,36.4,1.223,0.0698,False
25.75,93.14,143.0,3.5,32.8,90.0,1.0,0.0,32.8,30.9,36.3,1.223,0.0499,False
25.75,93.15,125.0,3.5,33.0,227.9,-0.742,-0.6704,33.0,30.8,36.2,1.222,0.05,False
25.75,93.16,134.0,3.5,33.1,270.0,-1.0,-0.0,33.1,30.8,36.1,1.222,0.05,False
25.75,93.17,135.0,3.5,33.2,270.0,-1.0,-0.0,33.2,30.7,36.0,1.221,0.05,False
25.75,93.18,141.0,3.5,33.3,312.1,-0.742,0.6704,33.3,30.7,36.0,1.221,0.05,False
25.75,93.19,138.0,3.5,33.4,227.9,-0.742,-0.6704,33.4,30.7,35.9,1.22,0.05,False
25.75,93.2,142.0,3.5,33.4,270.0,-1.0,-0.0,33.4,30.7,35.9,1.22,0.05,False
25.75,93.21,137.0,3.5,33.4,312.1,-0.742,0.6704,33.4,30.7,35.9,1.219,0.0501,False
25.75,93.22,152.0,3.5,33.5,180.0,0.0,-1.0,33.5,30.7,35.9,1.218,0.0501,False
25.75,93.23,159.0,3.5,33.5,227.9,-0.742,-0.6704,33.5,30.7,35.8,1.218,0.0501,False
25.76,92.87,87.0,3.5,31.1,0.0,0.0,1.0,31.1,32.1,36.8,1.217,0.0502,False
25.76,92.88,78.0,3.5,31.0,270.0,-1.0,-0.0,31.0,32.1,37.0,1.218,0.0501,False
25.76,92.89,81.0,3.5,30.8,270.0,-1.0,-0.0,30.8,32.1,37.1,1.22,0.05,False
25.76,92.9,82.0,3.5,30.6,312.1,-0.742,0.6704,30.6,32.1,37.3,1.222,0.05,False
25.76,92.91,83.0,3.5,30.4,180.0,0.0,-1.0,30.4,32.1,37.5,1.225,0.0498,False
25.76,92.92,92.0,3.5,30.2,270.0,-1.0,-0.0,30.2,32.2,37.7,1.227,0.0498,False
25.76,92.93,79.0,3.5,29.9,227.9,-0.742,-0.6704,29.9,32.2,37.9,1.229,0.0497,False
25.76,92.94,95.0,3.5,29.7,227.9,-0.742,-0.6704,29.7,32.2,38.1,1.231,0.0496,False
25.76,92.95,107.0,3.5,29.4,270.0,-1.0,-0.0,29.4,32.3,38.3,1.234,0.0495,False
25.76,92.96,101.0,3.8,29.2,180.0,0.0,-1.0,29.2,32.4,38.5,1.236,0.0536,False
25.76,92.97,131.0,3.8,29.0,180.0,0.0,-1.0,29.0,32.4,38.6,1.237,0.0536,False
25.76,92.98,125.0,4.8,28.8,270.0,-1.0,-0.0,28.8,32.4,38.8,1.239,0.0675,False
25.76,92.99,114.0,4.5,28.7,312.1,-0.742,0.6704,28.7,32.5,38.8,1.239,0.0633,False
25.76,93.0,118.0,6.5,28.6,227.9,-0.742,-0.6704,28.6,32.5,38.9,1.24,0.0913,False
25.76,93.01,125.0,7.9,28.7,270.0,-1.0,-0.0,28.7,32.5,38.8,1.239,0.1109,False
25.76,93.02,128.0,8.2,28.8,180.0,0.0,-1.0,28.8,32.4,38.7,1.239,0.1151,False
25.76,93.03,194.0,8.2,29.0,180.0,0.0,-1.0,29.0,32.4,38.6,1.237,0.1153,False
25.76,93.04,154.0,5.0,29.3,0.0,0.0,1.0,29.3,32.3,38.4,1.236,0.0705,False
25.76,93.05,158.0,5.8,29.7,0.0,0.0,1.0,29.7,32.1,38.2,1.234,0.0819,False
25.76,93.06,112.0,7.0,30.1,270.0,-1.0,-0.0,30.1,32.0,37.9,1.232,0.0989,False
25.76,93.07,138.0,3.5,30.5,270.0,-1.0,-0.0,30.5,31.9,37.7,1.23,0.0496,False
25.76,93.08,121.0,5.5,30.9,227.9,-0.742,-0.6704,30.9,31.7,37.4,1.228,0.0781,False
25.76,93.09,145.0,5.4,31.3,180.0,0.0,-1.0,31.3,31.6,37.2,1.227,0.0767,False
25.76,93.1,188.0,8.1,31.6,270.0,-1.0,-0.0,31.6,31.4,37.0,1.226,0.1149,False
25.76,93.11,141.0,5.9,31.9,0.0,0.0,1.0,31.9,31.3,36.8,1.225,0.0839,False
25.76,93.12,110.0,5.8,32.2,270.0,-1.0,-0.0,32.2,31.2,36.6,1.224,0.0826,False
25.76,93.13,114.0,4.1,32.5,180.0,0.0,-1.0,32.5,31.1,36.5,1.223,0.0585,False
25.76,93.14,147.0,4.1,32.7,180.0,0.0,-1.0,32.7,31.0,36.3,1.222,0.0585,False
25.76,93.15,138.0,3.5,32.8,270.0,-1.0,-0.0,32.8,30.9,36.2,1.222,0.05,False
25.76,93.16,127.0,3.5,33.0,0.0,0.0,1.0,33.0,30.9,36.2,1.221,0.05,False
25.76,93.17,129.0,3.5,33.1,227.9,-0.742,-0.6704,33.1,30.8,36.1,1.221,0.05,False
25.76,93.18,133.0,3.5,33.2,132.1,0.742,-0.6704,33.2,30.8,36.0,1.22,0.05,False
25.76,93.19,138.0,3.5,33.3,90.0,1.0,0.0,33.3,30.8,36.0,1.22,0.05,False
25.76,93.2,140.0,3.5,33.3,47.9,0.742,0.6704,33.3,30.8,35.9,1.219,0.0501,False
25.76,93.21,134.0,3.5,33.3,227.9,-0.742,-0.6704,33.3,30.7,35.9,1.219,0.0501,False
25.76,93.22,146.0,3.5,33.4,180.0,0.0,-1.0,33.4,30.7,35.9,1.218,0.0501,False
25.77,92.89,81.0,3.5,30.8,132.1,0.742,-0.6704,30.8,32.1,37.1,1.221,0.05,False
25.77,92.9,80.0,3.5,30.6,90.0,1.0,0.0,30.6,32.1,37.3,1.223,0.0499,False
25.77,92.91,78.0,3.5,30.4,227.9,-0.742,-0.6704,30.4,32.1,37.5,1.225,0.0498,False
25.77,92.92,71.0,3.5,30.2,270.0,-1.0,-0.0,30.2,32.2,37.7,1.227,0.0498,False
25.77,92.93,78.0,3.5,29.9,180.0,0.0,-1.0,29.9,32.2,37.9,1.229,0.0497,False
25.77,92.94,98.0,3.5,29.7,180.0,0.0,-1.0,29.7,32.2,38.1,1.231,0.0496,False
25.77,92.95,99.0,3.5,29.5,270.0,-1.0,-0.0,29.5,32.3,38.3,1.233,0.0495,False
25.77,92.96,100.0,3.5,29.2,180.0,0.0,-1.0,29.2,32.3,38.4,1.235,0.0494,False
25.77,92.97,122.0,4.0,29.0,312.1,-0.742,0.6704,29.0,32.4,38.6,1.237,0.0564,False
25.77,92.98,113.0,4.4,28.9,270.0,-1.0,-0.0,28.9,32.4,38.7,1.238,0.062,False
25.77,92.99,98.0,3.5,28.8,312.1,-0.742,0.6704,28.8,32.5,38.8,1.239,0.0493,False
25.77,93.0,104.0,3.5,28.7,227.9,-0.742,-0.6704,28.7,32.5,38.8,1.239,0.0493,False
25.77,93.01,111.0,3.5,28.8,270.0,-1.0,-0.0,28.8,32.4,38.8,1.239,0.0493,False
25.77,93.02,114.0,6.7,28.9,227.9,-0.742,-0.6704,28.9,32.4,38.7,1.238,0.0942,False
25.77,93.03,131.0,7.1,29.1,270.0,-1.0,-0.0,29.1,32.3,38.5,1.237,0.0999,False
25.77,93.04,115.0,6.6,29.4,312.1,-0.742,0.6704,29.4,32.3,38.4,1.235,0.0931,False
25.77,93.05,114.0,5.0,29.7,270.0,-1.0,-0.0,29.7,32.1,38.1,1.234,0.0706,False
25.77,93.06,111.0,4.0,30.1,312.1,-0.742,0.6704,30.1,32.0,37.9,1.232,0.0566,False
25.77,93.07,109.0,3.5,30.4,270.0,-1.0,-0.0,30.4,31.9,37.7,1.23,0.0496,False
25.77,93.08,108.0,3.5,30.8,227.9,-0.742,-0.6704,30.8,31.7,37.4,1.228,0.0497,False
25.77,93.09,106.0,6.9,31.2,227.9,-0.742,-0.6704,31.2,31.6,37.2,1.227,0.0979,False
25.77,93.1,116.0,8.1,31.5,270.0,-1.0,-0.0,31.5,31.5,37.0,1.226,0.1149,False
25.77,93.11,127.0,5.1,31.8,312.1,-0.742,0.6704,31.8,31.4,36.8,1.224,0.0726,False
25.77,93.12,139.0,3.5,32.1,90.0,1.0,0.0,32.1,31.3,36.7,1.223,0.0499,False
25.77,93.13,130.0,3.5,32.3,47.9,0.742,0.6704,32.3,31.2,36.5,1.223,0.0499,False
25.77,93.14,122.0,3.5,32.5,270.0,-1.0,-0.0,32.5,31.1,36.4,1.222,0.05,False
25.77,93.15,119.0,3.5,32.7,312.1,-0.742,0.6704,32.7,31.0,36.3,1.221,0.05,False
25.77,93.16,119.0,3.5,32.8,90.0,1.0,0.0,32.8,30.9,36.2,1.221,0.05,False
25.77,93.17,126.0,5.0,33.0,132.1,0.742,-0.6704,33.0,30.9,36.1,1.22,0.0714,False
25.77,93.18,118.0,7.7,33.1,90.0,1.0,0.0,33.1,30.9,36.1,1.22,0.1098,False
25.77,93.19,155.0,4.6,33.1,180.0,0.0,-1.0,33.1,30.8,36.0,1.219,0.0658,False
25.77,93.2,149.0,4.4,33.2,90.0,1.0,0.0,33.2,30.8,36.0,1.219,0.0629,False
25.77,93.21,144.0,3.7,33.2,47.9,0.742,0.6704,33.2,30.8,35.9,1.218,0.053,False
25.78,92.9,87.0,3.5,30.6,0.0,0.0,1.0,30.6,32.1,37.3,1.223,0.0499,False
25.78,92.91,79.0,3.5,30.4,90.0,1.0,0.0,30.4,32.1,37.5,1.225,0.0498,False
25.78,92.92,76.0,3.5,30.2,47.9,0.742,0.6704,30.2,32.1,37.7,1.227,0.0498,False
25.78,92.93,71.0,3.5,30.0,180.0,0.0,-1.0,30.0,32.2,37.8,1.229,0.0497,False
25.78,92.94,91.0,3.5,29.7,180.0,0.0,-1.0,29.7,32.2,38.0,1.231,0.0496,False
25.78,92.95,97.0,3.5,29.5,180.0,0.0,-1.0,29.5,32.3,38.2,1.233,0.0495,False
25.78,92.96,95.0,3.5,29.3,227.9,-0.742,-0.6704,29.3,32.3,38.4,1.234,0.0495,False
25.78,92.97,97.0,3.5,29.1,0.0,0.0,1.0,29.1,32.4,38.5,1.236,0.0494,False
25.78,92.98,74.0,4.4,29.0,270.0,-1.0,-0.0,29.0,32.4,38.6,1.237,0.062,False
25.78,92.99,88.0,3.5,28.9,312.1,-0.742,0.6704,28.9,32.4,38.7,1.238,0.0493,False
25.78,93.0,103.0,3.5,28.9,180.0,0.0,-1.0,28.9,32.4,38.7,1.238,0.0493,False
25.78,93.01,99.0,3.5,28.9,180.0,0.0,-1.0,28.9,32.4,38.7,1.238,0.0493,False
25.78,93.02,111.0,3.5,29.0,227.9,-0.742,-0.6704,29.0,32.4,38.6,1.237,0.0494,False
25.78,93.03,99.0,3.6,29.2,270.0,-1.0,-0.0,29.2,32.3,38.5,1.236,0.0508,False
25.78,93.04,109.0,3.5,29.5,312.1,-0.742,0.6704,29.5,32.2,38.3,1.235,0.0494,False
25.78,93.05,104.0,3.5,29.8,0.0,0.0,1.0,29.8,32.1,38.1,1.233,0.0495,False
25.78,93.06,87.0,3.6,30.1,90.0,1.0,0.0,30.1,32.0,37.9,1.231,0.051,False
25.78,93.07,97.0,3.5,30.4,180.0,0.0,-1.0,30.4,31.9,37.7,1.23,0.0496,False
25.78,93.08,114.0,3.5,30.8,180.0,0.0,-1.0,30.8,31.8,37.4,1.228,0.0497,False
25.78,93.09,122.0,3.5,31.1,270.0,-1.0,-0.0,31.1,31.6,37.2,1.227,0.0498,False
25.78,93.1,129.0,3.5,31.4,227.9,-0.742,-0.6704,31.4,31.5,37.0,1.225,0.0498,False
25.78,93.11,124.0,5.1,31.7,180.0,0.0,-1.0,31.7,31.4,36.9,1.224,0.0726,False
25.78,93.12,165.0,5.7,32.0,270.0,-1.0,-0.0,32.0,31.3,36.7,1.223,0.0812,False
25.78,93.13,131.0,4.3,32.2,0.0,0.0,1.0,32.2,31.2,36.6,1.222,0.0614,False
25.78,93.14,115.0,3.5,32.4,180.0,0.0,-1.0,32.4,31.1,36.5,1.222,0.05,False
25.78,93.15,138.0,5.5,32.6,132.1,0.742,-0.6704,32.6,31.1,36.3,1.221,0.0785,False
25.78,93.16,146.0,13.2,32.7,132.1,0.742,-0.6704,32.7,31.0,36.3,1.22,0.1872,False
25.78,93.17,150.0,17.2,32.9,90.0,1.0,0.0,32.9,31.0,36.2,1.22,0.2424,False
25.78,93.18,186.0,10.0,33.0,47.9,0.742,0.6704,33.0,30.9,36.1,1.219,0.1425,False
25.78,93.19,148.0,11.6,33.0,90.0,1.0,0.0,33.0,30.9,36.1,1.219,0.165,False
25.78,93.2,188.0,5.4,33.1,47.9,0.742,0.6704,33.1,30.9,36.0,1.218,0.0773,False
25.79,92.91,95.0,3.5,30.4,90.0,1.0,0.0,30.4,32.1,37.5,1.224,0.0499,False
25.79,92.92,86.0,3.5,30.2,47.9,0.742,0.6704,30.2,32.1,37.6,1.226,0.0498,False
25.79,92.93,76.0,3.5,30.0,180.0,0.0,-1.0,30.0,32.2,37.8,1.228,0.0497,False
25.79,92.94,95.0,3.5,29.8,180.0,0.0,-1.0,29.8,32.2,38.0,1.23,0.0496,False
25.79,92.95,95.0,3.5,29.6,227.9,-0.742,-0.6704,29.6,32.3,38.1,1.232,0.0496,False
25.79,92.96,92.0,3.5,29.4,0.0,0.0,1.0,29.4,32.3,38.3,1.233,0.0495,False
25.79,92.97,77.0,3.5,29.3,270.0,-1.0,-0.0,29.3,32.3,38.4,1.235,0.0494,False
25.79,92.98,73.0,3.5,29.2,90.0,1.0,0.0,29.2,32.4,38.5,1.236,0.0494,False
25.79,92.99,94.0,3.5,29.1,180.0,0.0,-1.0,29.1,32.4,38.6,1.237,0.0494,False
25.79,93.0,90.0,3.5,29.1,270.0,-1.0,-0.0,29.1,32.4,38.6,1.237,0.0494,False
25.79,93.01,95.0,3.5,29.1,90.0,1.0,0.0,29.1,32.4,38.5,1.237,0.0494,False
25.79,93.02,100.0,3.5,29.2,270.0,-1.0,-0.0,29.2,32.3,38.5,1.236,0.0494,False
25.79,93.03,97.0,3.5,29.4,227.9,-0.742,-0.6704,29.4,32.3,38.4,1.235,0.0494,False
25.79,93.04,102.0,3.5,29.6,132.1,0.742,-0.6704,29.6,32.2,38.2,1.234,0.0495,False
25.79,93.05,100.0,3.5,29.9,180.0,0.0,-1.0,29.9,32.1,38.0,1.232,0.0496,False
25.79,93.06,119.0,3.6,30.2,90.0,1.0,0.0,30.2,32.0,37.8,1.231,0.051,False
25.79,93.07,106.0,3.5,30.5,90.0,1.0,0.0,30.5,31.9,37.6,1.229,0.0497,False
25.79,93.08,110.0,3.5,30.8,132.1,0.742,-0.6704,30.8,31.8,37.4,1.228,0.0497,False
25.79,93.09,97.0,4.1,31.1,90.0,1.0,0.0,31.1,31.7,37.2,1.226,0.0583,False
25.79,93.1,115.0,3.5,31.4,180.0,0.0,-1.0,31.4,31.6,37.1,1.225,0.0498,False
25.79,93.11,111.0,4.5,31.7,227.9,-0.742,-0.6704,31.7,31.4,36.9,1.224,0.0641,False
25.79,93.12,115.0,5.7,31.9,270.0,-1.0,-0.0,31.9,31.4,36.7,1.223,0.0812,False
25.79,93.13,127.0,4.1,32.1,132.1,0.742,-0.6704,32.1,31.3,36.6,1.222,0.0585,False
25.79,93.14,130.0,5.2,32.3,90.0,1.0,0.0,32.3,31.2,36.5,1.221,0.0742,False
25.79,93.15,140.0,7.9,32.5,180.0,0.0,-1.0,32.5,31.1,36.4,1.221,0.1126,False
25.79,93.16,203.0,12.7,32.6,180.0,0.0,-1.0,32.6,31.1,36.3,1.22,0.1802,False
25.79,93.17,306.0,17.2,32.8,90.0,1.0,0.0,32.8,31.0,36.2,1.22,0.2424,False
25.79,93.18,273.0,10.4,32.9,47.9,0.742,0.6704,32.9,31.0,36.2,1.219,0.1481,False
25.79,93.19,252.0,11.6,32.9,90.0,1.0,0.0,32.9,30.9,36.1,1.218,0.1651,False
25.8,92.93,87.0,3.5,30.1,90.0,1.0,0.0,30.1,32.2,37.7,1.228,0.0497,False
25.8,92.94,89.0,3.5,29.9,132.1,0.742,-0.6704,29.9,32.2,37.9,1.229,0.0497,False
25.8,92.95,91.0,3.5,29.7,270.0,-1.0,-0.0,29.7,32.2,38.0,1.231,0.0496,False
25.8,92.96,90.0,3.5,29.6,47.9,0.742,0.6704,29.6,32.3,38.2,1.232,0.0496,False
25.8,92.97,89.0,3.5,29.4,90.0,1.0,0.0,29.4,32.3,38.3,1.234,0.0495,False
25.8,92.98,97.0,3.5,29.3,90.0,1.0,0.0,29.3,32.3,38.4,1.235,0.0494,False
25.8,92.99,89.0,3.5,29.3,132.1,0.742,-0.6704,29.3,32.3,38.4,1.235,0.0494,False
25.8,93.0,81.0,3.5,29.3,180.0,0.0,-1.0,29.3,32.3,38.4,1.235,0.0494,False
25.8,93.01,107.0,3.5,29.3,180.0,0.0,-1.0,29.3,32.3,38.4,1.235,0.0494,False
25.8,93.02,83.0,3.5,29.4,0.0,0.0,1.0,29.4,32.3,38.3,1.235,0.0494,False
25.8,93.03,97.0,3.5,29.5,180.0,0.0,-1.0,29.5,32.2,38.2,1.234,0.0495,False
25.8,93.04,105.0,3.5,29.7,132.1,0.742,-0.6704,29.7,32.1,38.1,1.233,0.0495,False
25.8,93.05,114.0,3.5,30.0,132.1,0.742,-0.6704,30.0,32.1,37.9,1.231,0.0496,False
25.8,93.06,111.0,3.5,30.3,90.0,1.0,0.0,30.3,32.0,37.8,1.23,0.0496,False
25.8,93.07,130.0,3.5,30.5,90.0,1.0,0.0,30.5,31.9,37.6,1.229,0.0497,False
25.8,93.08,111.0,3.5,30.8,180.0,0.0,-1.0,30.8,31.8,37.4,1.227,0.0498,False
25.8,93.09,133.0,4.1,31.1,90.0,1.0,0.0,31.1,31.7,37.2,1.226,0.0583,False
25.8,93.1,129.0,3.5,31.4,132.1,0.742,-0.6704,31.4,31.6,37.1,1.225,0.0498,False
25.8,93.11,120.0,3.5,31.6,132.1,0.742,-0.6704,31.6,31.5,36.9,1.224,0.0499,False
25.8,93.12,127.0,3.9,31.8,90.0,1.0,0.0,31.8,31.4,36.8,1.223,0.0556,False
25.8,93.13,127.0,6.1,32.1,180.0,0.0,-1.0,32.1,31.3,36.6,1.222,0.087,False
25.8,93.14,176.0,6.1,32.2,180.0,0.0,-1.0,32.2,31.2,36.5,1.221,0.087,False
25.8,93.15,178.0,5.3,32.4,180.0,0.0,-1.0,32.4,31.2,36.4,1.22,0.0757,False
25.8,93.16,220.0,16.2,32.5,180.0,0.0,-1.0,32.5,31.1,36.3,1.22,0.2287,False
25.8,93.17,353.0,16.2,32.7,180.0,0.0,-1.0,32.7,31.1,36.3,1.219,0.2289,False
25.81,92.94,90.0,3.5,30.0,132.1,0.742,-0.6704,30.0,32.2,37.8,1.228,0.0497,False
25.81,92.95,88.0,3.5,29.9,312.1,-0.742,0.6704,29.9,32.2,37.9,1.23,0.0496,False
25.81,92.96,90.0,3.5,29.7,270.0,-1.0,-0.0,29.7,32.2,38.1,1.231,0.0496,False
25.81,92.97,93.0,3.5,29.6,227.9,-0.742,-0.6704,29.6,32.2,38.2,1.232,0.0496,False
25.81,92.98,91.0,3.5,29.5,270.0,-1.0,-0.0,29.5,32.3,38.2,1.233,0.0495,False
25.81,92.99,93.0,3.5,29.5,270.0,-1.0,-0.0,29.5,32.3,38.3,1.234,0.0495,False
25.81,93.0,88.0,3.5,29.5,180.0,0.0,-1.0,29.5,32.3,38.3,1.234,0.0495,False
25.81,93.01,102.0,3.5,29.5,132.1,0.742,-0.6704,29.5,32.2,38.3,1.234,0.0495,False
25.81,93.02,100.0,3.5,29.6,90.0,1.0,0.0,29.6,32.2,38.2,1.233,0.0495,False
25.81,93.03,91.0,3.5,29.7,132.1,0.742,-0.6704,29.7,32.2,38.1,1.232,0.0496,False
25.81,93.04,109.0,3.5,29.9,180.0,0.0,-1.0,29.9,32.1,38.0,1.231,0.0496,False
25.81,93.05,119.0,3.5,30.1,180.0,0.0,-1.0,30.1,32.0,37.8,1.23,0.0496,False
25.81,93.06,135.0,3.5,30.4,90.0,1.0,0.0,30.4,32.0,37.7,1.229,0.0497,False
25.81,93.07,131.0,3.5,30.6,47.9,0.742,0.6704,30.6,31.9,37.5,1.228,0.0497,False
25.81,93.08,120.0,5.0,30.9,132.1,0.742,-0.6704,30.9,31.8,37.4,1.227,0.071,False
25.81,93.09,127.0,6.0,31.1,90.0,1.0,0.0,31.1,31.7,37.2,1.225,0.0853,False
25.81,93.1,138.0,8.8,31.4,132.1,0.742,-0.6704,31.4,31.6,37.1,1.224,0.125,False
25.81,93.11,138.0,11.8,31.6,90.0,1.0,0.0,31.6,31.5,36.9,1.223,0.1672,False
25.81,93.12,161.0,10.3,31.8,90.0,1.0,0.0,31.8,31.4,36.8,1.222,0.1463,False
25.81,93.13,167.0,7.2,32.0,47.9,0.742,0.6704,32.0,31.3,36.7,1.221,0.1026,False
25.81,93.14,166.0,3.5,32.2,180.0,0.0,-1.0,32.2,31.3,36.5,1.221,0.05,False
25.81,93.15,193.0,3.5,32.3,180.0,0.0,-1.0,32.3,31.2,36.4,1.22,0.05,False
25.82,92.96,81.0,3.5,29.9,180.0,0.0,-1.0,29.9,32.2,37.9,1.23,0.0496,False
25.82,92.97,94.0,3.5,29.8,180.0,0.0,-1.0,29.8,32.2,38.0,1.231,0.0496,False
25.82,92.98,96.0,3.5,29.7,0.0,0.0,1.0,29.7,32.2,38.1,1.232,0.0496,False
25.82,92.99,83.0,3.5,29.7,0.0,0.0,1.0,29.7,32.2,38.1,1.232,0.0496,False
25.82,93.0,82.0,3.5,29.7,227.9,-0.742,-0.6704,29.7,32.2,38.1,1.232,0.0496,False
25.82,93.01,90.0,3.5,29.7,270.0,-1.0,-0.0,29.7,32.2,38.1,1.232,0.0496,False
25.82,93.02,94.0,3.5,29.8,132.1,0.742,-0.6704,29.8,32.2,38.1,1.232,0.0496,False
25.82,93.03,109.0,3.5,29.9,90.0,1.0,0.0,29.9,32.1,38.0,1.231,0.0496,False
25.82,93.04,124.0,3.5,30.1,132.1,0.742,-0.6704,30.1,32.1,37.9,1.23,0.0496,False
25.82,93.05,118.0,3.5,30.3,180.0,0.0,-1.0,30.3,32.0,37.7,1.229,0.0497,False
25.82,93.06,130.0,3.5,30.5,180.0,0.0,-1.0,30.5,31.9,37.6,1.228,0.0497,False
25.82,93.07,134.0,3.5,30.7,132.1,0.742,-0.6704,30.7,31.8,37.5,1.227,0.0498,False
25.82,93.08,136.0,5.5,30.9,180.0,0.0,-1.0,30.9,31.8,37.3,1.226,0.0782,False
25.82,93.09,180.0,6.0,31.1,90.0,1.0,0.0,31.1,31.7,37.2,1.225,0.0853,False
25.82,93.1,194.0,6.3,31.4,90.0,1.0,0.0,31.4,31.6,37.0,1.224,0.0897,False
25.82,93.11,243.0,11.8,31.6,90.0,1.0,0.0,31.6,31.5,36.9,1.223,0.1672,False
25.82,93.12,253.0,10.3,31.8,90.0,1.0,0.0,31.8,31.4,36.8,1.222,0.1463,False
25.83,93.02,95.0,3.5,30.0,180.0,0.0,-1.0,30.0,32.1,37.9,1.23,0.0496,False
25.83,93.03,119.0,3.5,30.1,180.0,0.0,-1.0,30.1,32.1,37.8,1.23,0.0496,False
25.83,93.04,113.0,3.5,30.2,180.0,0.0,-1.0,30.2,32.0,37.8,1.229,0.0497,False
25.83,93.05,124.0,3.5,30.4,180.0,0.0,-1.0,30.4,32.0,37.6,1.228,0.0497,False
25.83,93.06,129.0,3.5,30.6,180.0,0.0,-1.0,30.6,31.9,37.5,1.227,0.0498,False
25.83,93.07,147.0,3.5,30.8,180.0,0.0,-1.0,30.8,31.8,37.4,1.226,0.0498,False
25.83,93.08,162.0,3.5,31.0,90.0,1.0,0.0,31.0,31.8,37.3,1.225,0.0498,False
25.83,93.09,184.0,4.0,31.2,132.1,0.742,-0.6704,31.2,31.7,37.1,1.224,0.057,False
25.83,93.1,159.0,7.0,31.4,227.9,-0.742,-0.6704,31.4,31.6,37.0,1.223,0.0996,False
