latitude,longitude,elevation,slope,aspect,clay_percent,sand_percent,silt_percent,bulk_density,rain_event_day_mm,rain_3d_sum_mm,rain_7d_sum_mm,target
26.3212,91.0065,48.0,1.7,290.4,23.5,45.0,33.0,1.2,12.5,38.7,171.3,0
25.4993,94.1192,858.1,37.52,86.3,33.2,27.8,39.0,1.2,0.2298460004053322,1.7901549502497924,3.619153201391952,0
26.6528,92.7926,68.0,1.9,14.0,22.5,45.0,33.0,1.2,63.4,104.3,365.1,0
25.1555,93.8474,1711.8,31.73,277.2,36.0,22.0,42.0,1.2,93.7,167.7,206.2,1
26.5413,88.7196,85.0,1.8,186.1,23.0,45.0,33.0,1.2,25.6,70.7,112.8,0
24.75,93.4333,883.7,30.17,267.3,33.4,27.3,39.3,1.2,0.09851277194585323,0.3128831525568301,3.6392700605961332,0
24.7625,93.4341,741.4,31.41,153.7,32.1,30.2,37.7,1.2,12.5,35.6,94.9,1
26.1445,91.7362,55.0,2.1,315.1,22.0,45.0,33.0,1.2,17.3,304.90000000000003,508.4,0
25.9611,91.3681,1180.7,36.93,122.1,37.1,24.0,38.9,1.2,27.2,171.9,417.5,1
26.1665,91.7049,746.7,39.5,45.9,32.2,30.1,37.7,1.2,24.5,47.5,94.6,1
26.0207,89.9744,38.0,1.5,247.3,24.0,45.0,33.0,1.2,9.8,152.2,427.9,0
27.7,92.8,1037.7,44.69,182.8,28.7,35.5,35.8,1.2,152.8,257.3,397.1,1
24.042,92.6724,1075.9,34.11,223.6,31.1,31.8,37.1,1.2,6.8,24.1,78.6,1
25.03561729,94.0144205,1130.4,31.92,261.1,31.5,30.9,37.5,1.2,8.6,24.0,49.6,1
26.944,88.4441,1701.4,50.6,191.3,32.5,29.4,38.1,1.2,4.2,37.5,82.7,1
24.416,94.0984,1064.5,40.29,223.3,31.0,31.9,37.0,1.2,33.3,252.8,415.6,1
26.0207,89.9744,38.0,1.5,278.4,24.0,45.0,33.0,1.2,21.5,73.7,201.3,0
27.5748,91.8644,1453.3,37.29,335.1,30.8,31.2,38.1,1.2,8.4,42.0,249.3,1
25.5772,91.8666,1397.2,42.06,345.2,38.7,20.4,40.9,1.2,0.3229284975604102,1.497624203399619,6.738159906260776,0
26.138,94.25,624.5,40.19,257.0,31.1,32.5,36.4,1.2,0.8737989378551246,1.8396661380411392,7.31442861145216,0
24.7459,93.4251,1786.0,46.56,99.3,36.6,20.8,42.6,1.2,4.7,25.0,99.6,1
26.3333,91.25,1004.2,27.66,92.2,34.5,24.9,40.6,1.2,0.0,63.2,69.7,1
23.4495,92.8112,1790.0,41.54,135.4,36.6,20.8,42.6,1.2,1.2046033770278592,2.430640544884033,3.8966641359004477,0
27.3773,88.559,2357.5,51.99,314.0,35.8,22.0,42.2,1.2,0.5038356215651929,2.82094678998756,0.4959266612275526,0
27.2644,88.1365,2692.1,45.54,141.6,37.5,18.2,44.3,1.2,0.7330248906719403,0.7891286016247441,5.787044296303884,0
26.149,91.7351,505.0,30.04,36.2,30.0,34.9,35.1,1.2,0.09187457565913476,0.34496888498674627,7.02556487414403,0
27.4728,94.912,108.0,1.8,135.2,21.0,45.0,33.0,1.2,0.0,49.0,242.0,0
27.9032,96.174,1689.7,49.51,123.8,31.9,28.7,39.4,1.2,51.3,80.0,89.0,1
25.1553,93.028,1045.0,39.2,168.4,38.1,20.1,41.8,1.2,0.4282639967421408,3.840631181893848,0.16279956605553636,0
27.8997,93.3497,2638.3,43.97,142.8,36.7,18.7,44.7,1.2,0.7296609496342082,2.2823466625242506,6.559424598474426,0
25.1718,93.123,1348.9,32.47,216.0,41.0,15.0,44.0,1.2,0.5772949028253462,0.07822544171741264,6.080018191167754,0
26.0207,89.9744,38.0,1.5,6.7,24.0,45.0,33.0,1.2,5.4,14.9,28.2,0
27.1141,88.4658,1374.6,48.9,255.9,30.9,33.0,36.1,1.2,45.9,193.5,423.4,1
26.1966,91.802,721.9,41.62,224.9,32.0,30.6,37.5,1.2,19.0,48.3,163.3,1
28.1193,95.1645,2016.5,46.32,94.3,33.6,25.2,41.2,1.2,10.4,21.7,21.7,1
27.0136,92.6351,1205.4,44.65,186.1,29.5,33.8,36.7,1.2,0.8546450539959323,3.5942912013999018,3.510677574386995,0
25.1019,93.3729,1353.4,34.46,159.3,33.3,27.5,39.3,1.2,3.6,34.9,72.2,1
26.1445,91.7362,55.0,2.1,342.0,22.0,45.0,33.0,1.2,15.0,117.1,157.2,0
25.4916,91.2698,997.6,31.52,260.1,35.8,26.9,37.3,1.2,1.1743616048642203,3.206910536821362,5.117422535141079,0
26.1966,91.802,721.9,41.62,224.9,32.0,30.6,37.5,1.2,1.0848898894901455,3.2820865102343366,7.695613431145141,0
27.337,88.609,2744.2,49.98,178.7,37.7,17.6,44.7,1.2,76.1,198.3,402.7,1
26.7271,88.3953,120.0,2.4,116.7,21.5,45.0,33.0,1.2,6.0,22.5,96.3,0
26.8826,88.2806,1271.1,34.68,109.6,30.4,34.2,35.4,1.2,1.3558314691453766,3.262131149468123,6.003963745008864,0
25.3612,92.2845,1548.5,44.83,350.1,39.8,17.9,42.3,1.2,1.2446968112187378,2.1643626229183828,5.6346325673188105,0
26.7215,95.0283,1193.5,38.51,207.7,36.2,21.1,42.7,1.2,41.1,84.4,200.3,1
26.1445,91.7362,55.0,2.1,336.0,22.0,45.0,33.0,1.2,54.9,131.29999999999998,284.5,0
27.1176,88.1069,2185.8,50.84,310.2,34.9,23.9,41.2,1.2,96.7,187.7,513.0,1
26.1984,94.8158,854.7,35.58,338.2,33.2,27.9,38.9,1.2,0.5066957334479285,2.4801141205466126,4.868544255274943,0
25.203,90.5573,753.1,39.85,180.1,34.0,30.9,35.0,1.2,0.9926141535943755,1.9013095671587723,4.474716898360265,0
26.1445,91.7362,55.0,2.1,251.0,22.0,45.0,33.0,1.2,10.7,31.2,56.8,0
26.7271,88.3953,120.0,2.4,159.7,21.5,45.0,33.0,1.2,1.8,71.60000000000001,136.8,0
24.0896,91.4663,996.9,35.24,199.9,34.4,25.1,40.5,1.2,57.9,174.7,358.7,1
27.1761,88.5287,1255.7,39.09,217.3,30.3,34.4,35.3,1.2,43.3,96.2,543.0,1
26.3212,91.0065,48.0,1.7,170.0,23.5,45.0,33.0,1.2,37.1,127.5,234.1,0
25.1775,93.0123,1288.9,32.59,321.7,40.4,15.2,44.4,1.2,183.9,276.3,332.6,1
25.4191,94.1079,926.1,33.64,161.0,33.8,26.5,39.7,1.2,1.313853395316639,1.4370602110706385,5.368143090302249,0
26.0093,94.5238,504.0,42.0,72.2,30.0,34.9,35.0,1.2,1.36979814066471,2.9112929071702314,0.08847448646663025,0
26.89,88.28,1207.7,38.08,216.2,30.0,34.9,35.0,1.2,14.6,57.8,110.1,1
27.1176,88.1069,2185.8,50.84,310.2,34.9,23.9,41.2,1.2,1.0786556484075793,3.8473597204527605,6.9356928518092475,0
24.1419,94.1078,1381.3,45.26,160.1,33.5,27.1,39.5,1.2,17.3,304.90000000000003,508.4,1
26.1768,91.7702,560.9,38.18,290.4,30.5,33.8,35.7,1.2,0.542213503676074,3.655097020338851,2.481845232096446,0
26.8716,94.9921,782.0,40.0,155.3,32.5,29.4,38.1,1.2,1.100454318102865,1.7265920208665437,1.8021409092575338,0
28.0822,96.5316,1919.1,47.33,344.4,33.1,26.2,40.7,1.2,0.6819298946749031,1.8728782178203902,7.30908306445922,0
28.0822,96.5316,1919.1,47.33,344.4,33.1,26.2,40.7,1.2,7.0,20.9,134.5,1
26.7271,88.3953,120.0,2.4,262.5,21.5,45.0,33.0,1.2,11.5,57.599999999999994,128.4,0
27.4728,94.912,108.0,1.8,353.9,21.0,45.0,33.0,1.2,26.4,50.8,115.5,0
24.808,93.117,861.1,29.87,266.4,33.2,27.8,39.0,1.2,8.9,45.4,91.6,1
26.88405686,88.28087032,2167.7,34.87,237.8,34.8,24.1,41.0,1.2,111.4,163.6,392.4,1
27.7167,88.5577,2286.4,41.21,348.4,35.4,22.8,41.8,1.2,12.1,39.1,110.1,1
27.4728,94.912,108.0,1.8,320.9,21.0,45.0,33.0,1.2,177.4,211.0,279.5,0
26.6528,92.7926,68.0,1.9,169.0,22.5,45.0,33.0,1.2,10.2,21.7,57.5,0
25.1175,92.8573,841.9,30.72,304.7,36.2,24.2,39.7,1.2,0.5904656779254941,2.281473083469164,6.317371275517273,0
26.1445,91.7362,55.0,2.1,23.4,22.0,45.0,33.0,1.2,29.0,46.5,129.5,0
26.3212,91.0065,48.0,1.7,348.4,23.5,45.0,33.0,1.2,12.1,39.1,110.1,0
24.7505,93.4221,1017.3,41.03,128.7,34.6,24.7,40.7,1.2,0.6914821469684562,0.34210949008103153,4.670857734059041,0
23.0137,91.7174,1298.7,41.41,319.9,37.1,19.0,43.9,1.2,0.7746788180740483,3.478937699039858,0.10791924425371224,0
26.0838,94.564,1242.3,40.58,101.7,36.6,20.2,43.2,1.2,0.3429958146774192,1.3800194767883345,5.495571785035382,0
26.284,94.5808,1351.2,33.33,178.0,37.6,18.0,44.5,1.2,9.3,30.0,77.5,1
26.5413,88.7196,85.0,1.8,126.4,23.0,45.0,33.0,1.2,29.8,80.0,107.0,0
27.3034,93.804,1382.1,46.34,117.6,30.4,31.9,37.7,1.2,27.1,68.1,106.9,1
27.1758,88.5294,2533.3,38.25,318.0,36.7,20.0,43.3,1.2,0.0,0.5,11.4,1
26.5413,88.7196,85.0,1.8,268.0,23.0,45.0,33.0,1.2,10.3,65.6,231.6,0
28.4298,95.8776,1632.2,49.14,14.6,31.7,29.3,39.1,1.2,0.2846569001411486,2.192999820424984,3.5281668836560476,0
25.7658,93.9413,1241.0,27.58,281.6,36.6,20.2,43.2,1.2,9.9,97.7,161.8,1
26.7914,88.363,1546.4,35.5,295.8,31.7,31.1,37.2,1.2,22.7,104.4,217.9,1
26.3463,92.6841,62.0,1.6,154.9,22.0,45.0,33.0,1.2,1.1,10.0,24.4,0
26.7271,88.3953,120.0,2.4,67.6,21.5,45.0,33.0,1.2,15.8,34.4,89.1,0
27.0987,93.816,2563.4,45.44,357.3,36.3,19.4,44.2,1.2,62.9,133.0,211.2,1
23.5397,93.3783,1296.9,41.7,229.8,32.8,28.4,38.8,1.2,3.1,29.2,62.3,1
26.3212,91.0065,48.0,1.7,161.0,23.5,45.0,33.0,1.2,6.8,28.5,128.8,0
26.5413,88.7196,85.0,1.8,130.1,23.0,45.0,33.0,1.2,34.6,93.1,299.8,0
26.87324244,88.29184021,1238.7,43.25,144.9,30.2,34.6,35.2,1.2,37.1,146.0,426.0,1
25.8833,91.2,1273.7,45.28,161.1,37.8,22.4,39.8,1.2,0.5930438171812942,1.0157117772319078,2.2173596249032874,0
27.13862165,88.22551799,2322.9,35.71,133.3,35.6,22.4,42.0,1.2,0.7821255288325586,3.317182939057647,1.842463118821108,0
23.7365,92.7146,864.2,33.13,109.8,29.5,35.0,35.5,1.2,0.27514333462916707,0.07532394113199059,4.8933669761413565,0
25.0604,93.9877,1657.8,47.46,203.8,35.6,22.8,41.6,1.2,21.5,83.1,176.3,1
27.2743,92.9064,2622.7,38.56,250.5,36.6,18.8,44.6,1.2,12.4,126.0,209.1,1
26.885,88.2778,2236.3,37.21,203.3,35.2,23.3,41.5,1.2,17.3,101.6,246.3,1
26.3463,92.6841,62.0,1.6,181.4,22.0,45.0,33.0,1.2,6.4,39.3,179.0,0
25.16,93.686,1600.6,47.67,22.2,35.2,23.7,41.2,1.2,0.9613249857444215,1.6374890928161947,2.3256919329979464,0
26.5413,88.7196,85.0,1.8,132.2,23.0,45.0,33.0,1.2,12.3,36.6,107.8,0
26.5413,88.7196,85.0,1.8,49.3,23.0,45.0,33.0,1.2,50.4,105.5,183.3,0
25.5098,93.8794,922.1,43.53,111.4,29.9,34.1,35.9,1.2,21.8,88.60000000000001,200.3,1
26.3212,91.0065,48.0,1.7,239.2,23.5,45.0,33.0,1.2,121.6,142.5,194.8,0
26.1963,91.8074,1329.7,41.54,357.2,37.4,18.4,44.2,1.2,10.0,34.4,145.9,1
27.0257,88.4301,1384.6,39.86,220.2,30.9,32.9,36.2,1.2,0.7562814934958839,3.3074870812719857,3.3751352453271855,0
26.0207,89.9744,38.0,1.5,131.0,24.0,45.0,33.0,1.2,0.8,15.9,51.1,0
26.7271,88.3953,120.0,2.4,135.7,21.5,45.0,33.0,1.2,0.0,3.0,36.9,0
26.7271,88.3953,120.0,2.4,63.7,21.5,45.0,33.0,1.2,18.8,38.5,63.8,0
26.5413,88.7196,85.0,1.8,36.8,23.0,45.0,33.0,1.2,3.6,13.9,135.9,0
25.52,91.27,975.8,44.58,7.4,35.6,27.3,37.1,1.2,0.9606307248462276,3.6468342533924383,2.8607549474359937,0
25.72,94.6219,952.1,43.13,256.2,30.2,33.7,36.2,1.2,1.3525119755919173,2.7382675028638186,6.001492048295061,0
26.3463,92.6841,62.0,1.6,110.2,22.0,45.0,33.0,1.2,21.8,88.60000000000001,200.3,0
25.7658,93.9413,1241.0,27.58,281.6,36.6,20.2,43.2,1.2,0.8498828749654004,0.043482990556430234,1.467186384791927,0
25.0985,94.3619,2044.1,48.0,34.5,38.6,16.9,44.6,1.2,5.7,7.3,16.9,1
27.4728,94.912,108.0,1.8,330.8,21.0,45.0,33.0,1.2,11.7,18.7,151.3,0
26.7271,88.3953,120.0,2.4,109.2,21.5,45.0,33.0,1.2,69.1,156.5,232.8,0
24.8628,94.4182,1417.4,39.55,161.1,33.7,26.5,39.7,1.2,12.3,22.700000000000003,64.3,1
26.3463,92.6841,62.0,1.6,94.5,22.0,45.0,33.0,1.2,200.5,391.4,496.5,0
26.1445,91.7362,55.0,2.1,179.1,22.0,45.0,33.0,1.2,11.4,16.0,50.6,0
24.5202,92.7239,755.6,28.51,154.2,32.3,29.9,37.8,1.2,28.0,56.5,109.8,1
26.0207,89.9744,38.0,1.5,103.4,24.0,45.0,33.0,1.2,13.0,40.0,78.3,0
28.0791,96.5242,998.3,51.96,146.0,28.5,36.0,35.5,1.2,0.026615231637364456,1.9431135757490074,6.551524673360791,0
26.5413,88.7196,85.0,1.8,48.9,23.0,45.0,33.0,1.2,13.0,45.7,109.0,0
26.7271,88.3953,120.0,2.4,352.5,21.5,45.0,33.0,1.2,12.2,65.0,136.4,0
26.6528,92.7926,68.0,1.9,317.1,22.5,45.0,33.0,1.2,28.2,134.9,317.7,0
27.2872,88.2816,2279.6,51.61,312.3,35.4,22.9,41.7,1.2,3.0,19.1,53.5,1
25.0634,94.3415,899.1,47.82,74.7,29.8,34.5,35.8,1.2,52.0,119.9,204.2,1
26.8546,88.3373,1733.3,43.61,336.0,32.7,29.0,38.3,1.2,0.5135116371599586,2.380883412220001,4.958395057807113,0
26.8992,88.1667,1725.1,36.85,83.8,32.6,29.1,38.3,1.2,0.4869370304074604,3.2765043129441156,5.795921135052396,0
26.6528,92.7926,68.0,1.9,201.4,22.5,45.0,33.0,1.2,0.2,0.5,11.8,0
26.5413,88.7196,85.0,1.8,357.6,23.0,45.0,33.0,1.2,55.8,142.1,184.5,0
26.0207,89.9744,38.0,1.5,120.8,24.0,45.0,33.0,1.2,28.3,87.2,99.8,0
25.3833,94.1884,1165.0,41.4,242.6,35.9,21.7,42.4,1.2,8.1,41.8,155.7,1
26.6528,92.7926,68.0,1.9,136.7,22.5,45.0,33.0,1.2,16.2,39.4,80.7,0
26.7271,88.3953,120.0,2.4,33.9,21.5,45.0,33.0,1.2,14.0,31.8,120.0,0
25.6278,94.1051,1196.6,46.67,299.0,32.1,29.9,38.1,1.2,1.045986148327963,3.9063352179155313,7.759788084790382,0
28.9986,94.8885,958.0,50.17,109.2,28.3,36.4,35.3,1.2,69.1,156.5,232.8,1
23.7281,92.7175,1476.4,31.29,18.7,34.2,25.6,40.2,1.2,6.4,21.6,88.6,1
26.3463,92.6841,62.0,1.6,40.9,22.0,45.0,33.0,1.2,31.7,70.4,125.4,0
27.0011,93.7273,1545.8,34.85,48.9,31.2,30.2,38.6,1.2,0.40068027210412094,1.0000255302801597,4.985214876188718,0
27.8837,93.0515,1340.1,48.3,152.8,30.2,32.4,37.4,1.2,17.7,31.9,156.2,1
25.4379,94.1162,658.6,39.78,114.3,31.4,31.8,36.8,1.2,1.4799792604908628,1.3363829705893573,7.954732656256567,0
26.6528,92.7926,68.0,1.9,36.5,22.5,45.0,33.0,1.2,18.9,39.5,94.0,0
26.1445,91.7362,55.0,2.1,228.1,22.0,45.0,33.0,1.2,27.7,44.4,100.7,0
25.9702,91.8587,1423.0,34.93,130.0,38.9,20.0,41.1,1.2,1.410072684152682,3.5446003423389856,5.971349277722053,0
27.8458,95.2253,1390.9,43.41,333.8,30.5,31.8,37.7,1.2,55.6,107.4,253.8,1
26.3212,91.0065,48.0,1.7,220.2,23.5,45.0,33.0,1.2,14.3,32.4,101.2,0
25.463,92.2121,1775.6,40.86,249.6,41.5,15.0,43.5,1.2,0.09265314617406623,3.7977014817502996,0.20324190148305465,0
26.8712,88.3052,2188.3,51.98,130.2,34.9,23.9,41.2,1.2,0.07233142873851223,0.21788468221469337,1.301605648086551,0
24.8063,93.9482,1629.6,31.18,131.0,35.4,23.2,41.4,1.2,0.9762837013626091,2.405685857699999,6.954591374249298,0
26.6528,92.7926,68.0,1.9,11.8,22.5,45.0,33.0,1.2,5.0,13.7,165.7,0
27.13862165,88.22551799,2322.9,35.71,133.3,35.6,22.4,42.0,1.2,32.8,72.3,467.2,1
25.1553,93.028,1045.0,39.2,168.4,38.1,20.1,41.8,1.2,15.3,96.8,137.6,1
24.9356,93.8443,1652.6,37.09,167.6,35.6,22.9,41.6,1.2,10.0,52.2,88.0,1
26.3212,91.0065,48.0,1.7,135.4,23.5,45.0,33.0,1.2,1.3,16.5,49.3,0
26.1407,91.7645,1368.0,40.84,214.7,37.7,17.6,44.6,1.2,0.6424849602190296,3.096384556575469,7.82925149610487,0
26.1619,91.7697,932.1,28.86,233.3,33.8,26.4,39.8,1.2,7.1,38.6,223.1,1
26.0207,89.9744,38.0,1.5,316.2,24.0,45.0,33.0,1.2,28.0,56.5,109.8,0
23.72988966,92.71495623,1207.7,33.17,83.3,32.1,29.7,38.1,1.2,0.039619269775794164,0.44988283651263394,6.4964474402219725,0
27.4728,94.912,108.0,1.8,352.8,21.0,45.0,33.0,1.2,14.2,23.6,55.9,0
25.7428,93.9136,949.5,31.74,342.0,34.0,26.0,40.0,1.2,0.8035398154252036,3.0768239798200794,0.48501106646503445,0
27.4728,94.912,108.0,1.8,5.6,21.0,45.0,33.0,1.2,26.4,42.4,66.2,0
26.148,94.8422,1256.3,37.19,282.3,36.7,19.9,43.4,1.2,11.1,30.5,69.8,1
26.0207,89.9744,38.0,1.5,348.5,24.0,45.0,33.0,1.2,5.0,9.9,135.6,0
26.6528,92.7926,68.0,1.9,207.7,22.5,45.0,33.0,1.2,8.6,18.2,60.9,0
25.5718,94.1211,939.2,39.04,269.6,33.9,26.2,39.9,1.2,0.47553453075721835,3.538086223273683,0.9379848419007493,0
23.7705,92.5217,2079.1,38.53,287.4,38.8,16.3,44.8,1.2,0.0,0.0,40.6,1
26.5413,88.7196,85.0,1.8,135.1,23.0,45.0,33.0,1.2,7.0,16.9,69.6,0
26.1016,91.6906,1066.4,27.6,310.7,35.0,23.7,41.3,1.2,29.0,39.2,75.7,1
26.9978,88.167,1313.7,51.31,146.6,30.6,33.7,35.7,1.2,26.5,49.4,121.3,1
25.16,93.686,1600.6,47.67,22.2,35.2,23.7,41.2,1.2,1.8,12.5,71.2,1
26.6528,92.7926,68.0,1.9,39.8,22.5,45.0,33.0,1.2,57.9,129.7,150.9,0
24.9111,94.4759,1468.7,36.17,198.5,34.1,25.7,40.1,1.2,0.6715231859065637,1.4709585466286574,5.757609463829231,0
26.8692,88.4695,1915.2,37.0,16.1,33.6,27.0,39.5,1.2,137.1,178.2,234.5,1
26.8811,88.2779,2382.3,39.98,278.6,35.9,21.7,42.4,1.2,0.9823490394618588,2.3119731150815634,2.5130203629342063,0
25.52,91.27,975.8,44.58,7.4,35.6,27.3,37.1,1.2,7.9,52.0,433.8,1
24.9818,93.5142,1700.8,46.0,24.9,35.9,22.1,41.9,1.2,20.2,98.7,210.4,1
26.2083,94.5438,888.8,36.13,231.6,33.5,27.2,39.3,1.2,1.3979978655195702,3.4224982673281854,0.9574218541401027,0
24.004,93.9815,1205.6,35.48,155.2,32.1,29.8,38.1,1.2,0.6116237783167484,0.6348458327168265,7.135996251633769,0
26.3212,91.0065,48.0,1.7,21.3,23.5,45.0,33.0,1.2,58.0,140.8,202.9,0
26.1833,91.8,867.8,35.11,86.7,33.3,27.6,39.1,1.2,6.7,11.9,216.4,1
26.7271,88.3953,120.0,2.4,59.0,21.5,45.0,33.0,1.2,10.1,54.7,94.5,0
23.7327,92.7463,1210.3,37.81,47.4,32.2,29.7,38.2,1.2,19.1,92.1,135.0,1
26.7271,88.3953,120.0,2.4,23.5,21.5,45.0,33.0,1.2,4.7,8.4,37.6,0
26.3463,92.6841,62.0,1.6,259.9,22.0,45.0,33.0,1.2,145.9,182.6,289.1,0
26.1445,91.7362,55.0,2.1,28.7,22.0,45.0,33.0,1.2,1.7,7.3,94.9,0
27.15977181,88.63411246,2491.4,50.86,173.1,36.5,20.5,43.1,1.2,137.5,309.0,424.0,1
22.6461,88.3403,1206.4,51.94,144.1,30.0,34.9,35.0,1.2,0.47715813246249,3.831206478012823,5.005694391882857,0
26.1699,94.4922,1140.1,40.06,81.4,31.6,30.8,37.6,1.2,1.407310844234311,0.0042438851428503455,7.424578300395795,0
26.3212,91.0065,48.0,1.7,267.5,23.5,45.0,33.0,1.2,0.2,110.8,133.1,0
26.1445,91.7362,55.0,2.1,299.0,22.0,45.0,33.0,1.2,22.4,32.3,74.9,0
26.1445,91.7362,55.0,2.1,257.0,22.0,45.0,33.0,1.2,38.9,72.7,125.7,0
26.1964,91.7652,622.1,41.3,328.9,31.1,32.6,36.4,1.2,4.5,39.4,172.9,1
26.7271,88.3953,120.0,2.4,134.3,21.5,45.0,33.0,1.2,55.8,142.1,184.5,0
26.3463,92.6841,62.0,1.6,130.0,22.0,45.0,33.0,1.2,0.0,0.6,11.0,0
26.3212,91.0065,48.0,1.7,53.3,23.5,45.0,33.0,1.2,9.2,50.1,165.7,0
25.0318,92.4584,655.9,39.2,150.2,31.4,31.9,36.7,1.2,0.0,0.0,0.1,1
26.2753,94.6654,996.4,29.98,271.9,34.4,25.1,40.5,1.2,1.1792308989569498,1.4329814248708357,0.6861965185209637,0
27.36,93.0385,2115.8,46.35,24.3,34.1,24.2,41.8,1.2,88.3,149.8,222.4,1
26.138,94.25,624.5,40.19,257.0,31.1,32.5,36.4,1.2,38.9,72.7,125.7,1
25.8877,94.7861,718.2,31.73,116.7,31.9,30.6,37.4,1.2,6.0,22.5,96.3,1
24.3069,93.125,1966.6,43.75,320.3,38.0,18.1,44.0,1.2,13.9,40.5,93.4,1
26.4205,94.9731,1065.0,40.83,58.6,35.0,23.7,41.3,1.2,1.4902548811556307,1.454316561633009,0.31110084909490965,0
27.8385,88.556,2374.2,46.53,278.4,35.9,21.8,42.3,1.2,1.4088923521012258,1.6707322001423357,5.16248109296787,0
26.5413,88.7196,85.0,1.8,173.7,23.0,45.0,33.0,1.2,29.0,44.3,218.3,0
23.899,94.1434,1255.3,32.41,12.6,32.5,29.0,38.5,1.2,15.0,448.2000000000001,765.4,1
27.1141,88.4658,1374.6,48.9,255.9,30.9,33.0,36.1,1.2,1.1560047645930878,2.29715765295625,3.4828064414124382,0
27.3392,88.6188,2002.0,50.04,162.0,34.0,26.0,40.0,1.2,0.5134605991823789,2.968522913897699,7.700816784628634,0
27.4728,94.912,108.0,1.8,226.0,21.0,45.0,33.0,1.2,31.7,70.4,125.4,0
25.1122,94.3591,1000.1,46.97,221.5,30.5,32.9,36.5,1.2,15.8,108.3,199.3,1
26.3463,92.6841,62.0,1.6,159.3,22.0,45.0,33.0,1.2,3.6,34.9,72.2,0
24.7992,93.948,1517.3,36.57,307.9,34.5,25.0,40.5,1.2,11.0,46.4,134.1,1
27.174,95.8011,2614.5,34.86,322.3,36.6,18.9,44.5,1.2,46.1,108.3,266.5,1
26.888,88.2796,2717.8,35.93,142.1,37.6,17.9,44.5,1.2,0.0,137.3,327.90000000000003,1
25.1796,93.0083,501.3,28.02,39.8,33.0,31.0,36.1,1.2,1.3665184457972361,3.2935876071511525,6.305164188073927,0
25.1555,93.8474,1711.8,31.73,277.2,36.0,22.0,42.0,1.2,1.1894147613381323,2.942569754473069,2.494786399992698,0
26.4333,94.8833,796.5,39.02,83.9,32.6,29.1,38.3,1.2,29.1,52.3,132.3,1
27.4728,94.912,108.0,1.8,89.8,21.0,45.0,33.0,1.2,15.5,60.5,123.5,0
25.3908,94.0926,1059.1,32.5,115.2,31.0,32.0,37.0,1.2,21.8,88.60000000000001,200.3,1
26.0207,89.9744,38.0,1.5,357.7,24.0,45.0,33.0,1.2,36.5,95.8,128.20000000000002,0
26.3212,91.0065,48.0,1.7,66.5,23.5,45.0,33.0,1.2,11.8,57.6,150.6,0
23.9278,94.0906,852.4,36.18,1.5,29.4,35.2,35.4,1.2,1.1198642574631248,3.5431486672538917,0.7082479388969309,0
27.4728,94.912,108.0,1.8,272.3,21.0,45.0,33.0,1.2,51.9,144.6,237.4,0
25.1175,92.8573,841.9,30.72,304.7,36.2,24.2,39.7,1.2,154.4,293.0,337.3,1
25.5007,93.9854,878.2,47.73,110.2,29.6,34.8,35.6,1.2,21.8,88.60000000000001,200.3,1
26.6528,92.7926,68.0,1.9,278.6,22.5,45.0,33.0,1.2,26.5,49.4,121.3,0
27.1758,88.5294,2533.3,38.25,318.0,36.7,20.0,43.3,1.2,1.3587484162711425,2.9808294389809107,5.358543240652947,0
27.5798729,91.85672387,2327.8,37.21,136.6,35.1,21.9,42.9,1.2,0.049007175240710354,3.950065623904353,5.871260303986976,0
27.0161,88.2478,2256.2,39.13,203.8,35.3,23.1,41.6,1.2,1.2356911394890986,2.201749628721837,0.11688254718277413,0
25.1941,94.4481,1944.5,41.35,355.7,37.8,18.4,43.8,1.2,0.6872792440162928,0.9600055394312035,1.631575644903175,0
27.059,88.4694,1421.9,49.92,257.0,31.1,32.5,36.4,1.2,0.7688227375201253,0.9984420264858116,4.502921315463573,0
26.7271,88.3953,120.0,2.4,132.1,21.5,45.0,33.0,1.2,10.7,31.2,56.8,0
26.3897,94.9439,610.3,41.03,76.4,31.0,32.8,36.2,1.2,0.013541133835527575,1.0689213332408234,5.488402241212564,0
25.3179,94.0462,1208.3,37.71,172.3,36.3,20.8,42.9,1.2,21.6,69.4,97.8,1
27.6438,93.871,1183.1,45.13,77.7,29.4,34.0,36.6,1.2,0.5650761597102991,1.9134782799846306,0.5844068787382719,0
26.0137,94.5163,1323.6,40.21,212.9,37.3,18.5,44.2,1.2,0.30196643118990824,3.2885649637049217,2.1266351099904846,0
25.2568,92.3825,1371.3,43.8,272.3,38.5,20.8,40.6,1.2,0.12864979622531186,3.887895087530163,6.487184010329222,0
27.06826195,88.28121204,1203.3,51.76,252.1,30.0,35.0,35.0,1.2,1.1273710227145373,1.6154782459004058,2.486373057620143,0
26.8836,88.2791,2663.0,36.26,320.9,37.3,18.5,44.1,1.2,0.13366773988863484,3.3138101650487353,7.066365472241705,0
26.0207,89.9744,38.0,1.5,161.1,24.0,45.0,33.0,1.2,34.9,54.1,178.79999999999998,0
27.0366,88.263,1823.0,50.91,158.0,33.1,28.0,38.9,1.2,0.7058305403387125,2.550652263373774,4.563052424439977,0
26.1445,91.7362,55.0,2.1,334.9,22.0,45.0,33.0,1.2,4.9,17.4,39.3,0
25.0888,92.8551,939.9,46.0,200.5,37.1,22.2,40.7,1.2,17.3,106.4,237.3,1
26.3212,91.0065,48.0,1.7,109.8,23.5,45.0,33.0,1.2,17.2,69.0,145.2,0
24.5204,92.7264,1204.7,32.0,316.2,36.3,20.9,42.8,1.2,28.0,56.5,109.8,1
26.3212,91.0065,48.0,1.7,246.4,23.5,45.0,33.0,1.2,0.4,6.6000000000000005,77.3,0
27.1614,93.7525,2111.3,40.63,132.2,34.1,24.2,41.7,1.2,12.3,36.6,107.8,1
27.04357147,88.26522126,1550.8,45.95,259.9,31.8,31.1,37.2,1.2,145.9,182.6,289.1,1
26.72,95.029,1158.7,38.48,98.3,35.9,21.8,42.3,1.2,28.8,72.6,158.5,1
26.6528,92.7926,68.0,1.9,291.7,22.5,45.0,33.0,1.2,12.5,30.4,61.4,0
27.4728,94.912,108.0,1.8,209.0,21.0,45.0,33.0,1.2,0.0,1.0,64.8,0
27.0095,88.2592,2421.5,41.37,315.5,36.1,21.3,42.6,1.2,145.9,182.6,289.1,1
26.6528,92.7926,68.0,1.9,335.1,22.5,45.0,33.0,1.2,8.4,42.0,249.3,0
26.1309,91.8383,1353.8,41.89,214.2,37.6,17.9,44.5,1.2,1.1528963959629752,2.176466125640601,2.5274199330969953,0
25.1796,93.0083,501.3,28.02,39.8,33.0,31.0,36.1,1.2,57.9,129.7,150.9,1
25.4916,91.2698,997.6,31.52,260.1,35.8,26.9,37.3,1.2,95.7,273.6,425.5,1
25.72,94.6219,952.1,43.13,256.2,30.2,33.7,36.2,1.2,4.4,48.6,66.2,1
23.73478778,92.72124394,1264.0,41.04,120.8,32.6,28.9,38.6,1.2,0.567795911410393,3.590275243871539,3.436095835644309,0
27.8965,96.1779,1912.4,49.97,164.2,33.1,26.3,40.6,1.2,0.42739634948490735,1.380542771518713,4.9216474980653775,0
26.6528,92.7926,68.0,1.9,133.1,22.5,45.0,33.0,1.2,26.3,63.5,186.3,0
26.7271,88.3953,120.0,2.4,126.9,21.5,45.0,33.0,1.2,0.8,4.300000000000001,58.0,0
26.3463,92.6841,62.0,1.6,260.5,22.0,45.0,33.0,1.2,87.1,166.5,335.4,0
27.7344,88.633,1441.6,51.9,257.4,31.2,32.3,36.5,1.2,0.572923125161872,1.5188661979835598,7.6329118435968875,0
26.5413,88.7196,85.0,1.8,266.4,23.0,45.0,33.0,1.2,8.9,45.4,91.6,0
25.8376,94.5234,927.8,32.31,269.1,33.8,26.4,39.8,1.2,0.6285766988471837,0.10561136385636694,5.35453163578322,0
25.6623,94.1072,1117.9,33.65,132.7,35.5,22.6,41.9,1.2,1.8,47.0,101.2,1
25.318,94.0441,1280.0,39.46,103.2,36.9,19.4,43.7,1.2,5.2,21.4,117.8,1
26.3463,92.6841,62.0,1.6,351.2,22.0,45.0,33.0,1.2,35.9,63.3,133.7,0
27.7344,88.633,1441.6,51.9,257.4,31.2,32.3,36.5,1.2,8.7,27.1,63.0,1
24.9037,93.487,1531.0,47.98,164.2,34.6,24.8,40.6,1.2,0.4649130196014377,3.070007471456265,0.21952426138128978,0
27.2319,88.497,2589.2,44.88,247.3,36.9,19.4,43.7,1.2,9.8,152.2,427.9,1
27.4728,94.912,108.0,1.8,86.7,21.0,45.0,33.0,1.2,6.7,11.9,216.4,0
26.6528,92.7926,68.0,1.9,207.7,22.5,45.0,33.0,1.2,41.1,84.4,200.3,0
26.5836,93.0038,1041.3,32.64,345.7,34.8,24.2,41.0,1.2,8.9,57.5,227.6,1
25.9466,94.6279,1042.3,47.93,6.7,30.9,32.3,36.9,1.2,5.4,14.9,28.2,1
26.1324,91.8342,1339.9,41.76,357.6,37.5,18.2,44.3,1.2,55.8,142.1,184.5,1
27.1249,93.7706,2348.7,40.51,209.0,35.2,21.7,43.0,1.2,0.0,1.0,64.8,1
22.479,92.967,1913.9,40.9,30.8,37.6,18.9,43.6,1.2,0.8,4.300000000000001,58.0,1
25.63961883,94.11112157,1218.6,28.18,136.7,36.4,20.6,43.0,1.2,16.2,39.4,80.7,1
26.0207,89.9744,38.0,1.5,257.0,24.0,45.0,33.0,1.2,17.3,43.3,303.8,0
26.7223,95.0243,1640.9,40.36,23.3,35.5,23.1,41.5,1.2,36.6,62.3,119.6,1
26.5413,88.7196,85.0,1.8,180.4,23.0,45.0,33.0,1.2,16.4,56.2,133.8,0
26.5413,88.7196,85.0,1.8,24.3,23.0,45.0,33.0,1.2,88.3,149.8,222.4,0
26.1445,91.7362,55.0,2.1,63.3,22.0,45.0,33.0,1.2,2.6,60.4,230.7,0
26.1768,91.7702,560.9,38.18,290.4,30.5,33.8,35.7,1.2,10.0,34.4,145.9,1
25.9703,91.8584,1593.4,35.26,279.6,40.1,17.2,42.7,1.2,7.7,53.6,473.0,1
25.3179,94.0462,1208.3,37.71,172.3,36.3,20.8,42.9,1.2,0.304082340834631,0.9335377657087234,6.280619198286961,0
27.4728,94.912,108.0,1.8,30.3,21.0,45.0,33.0,1.2,1.1,78.6,206.4,0
25.61560252,94.11603493,729.3,36.83,45.2,32.0,30.4,37.5,1.2,12.2,23.4,85.3,1
25.4786,94.1327,919.9,40.19,268.8,33.7,26.6,39.7,1.2,1.1889397528067465,1.6818986407640288,6.404395796586559,0
25.5772,91.8666,1397.2,42.06,345.2,38.7,20.4,40.9,1.2,125.6,276.1,370.4,1
26.0814,94.803,1386.8,37.08,71.5,37.9,17.3,44.9,1.2,0.8938574638201005,0.8404663317563079,7.169599437979491,0
26.5413,88.7196,85.0,1.8,161.0,23.0,45.0,33.0,1.2,15.2,44.9,280.2,0
26.6528,92.7926,68.0,1.9,53.6,22.5,45.0,33.0,1.2,37.1,50.8,96.1,0
25.4769,94.1351,966.6,41.06,90.7,34.1,25.7,40.2,1.2,24.1,67.80000000000001,107.0,1
26.8867642,88.28044714,2556.4,36.3,354.5,36.8,19.7,43.5,1.2,1.138985592422643,1.1784878092659388,3.722592387470682,0
26.0207,89.9744,38.0,1.5,348.6,24.0,45.0,33.0,1.2,15.6,82.8,127.1,0
26.5413,88.7196,85.0,1.8,231.6,23.0,45.0,33.0,1.2,9.3,30.0,77.5,0
27.0816,88.4397,2411.7,41.62,63.3,36.1,21.4,42.6,1.2,2.6,60.4,230.7,1
25.8782,94.1739,832.2,27.3,193.3,33.0,28.4,38.7,1.2,0.2723382989563468,3.091064562409854,0.7450993428505317,0
26.7271,88.3953,120.0,2.4,118.0,21.5,45.0,33.0,1.2,22.9,44.9,51.2,0
25.583,91.893,1310.2,45.86,54.3,38.1,21.8,40.1,1.2,1.0131471474227658,0.18746135045921042,1.1065244603688162,0
26.1445,91.7362,55.0,2.1,223.6,22.0,45.0,33.0,1.2,25.2,319.6,589.2,0
26.1295,91.7056,950.3,34.08,90.0,34.0,26.0,40.0,1.2,55.8,142.1,184.5,1
28.4298,95.8776,1632.2,49.14,14.6,31.7,29.3,39.1,1.2,19.0,25.4,70.3,1
26.5413,88.7196,85.0,1.8,18.8,23.0,45.0,33.0,1.2,0.0,0.1,62.6,0
26.9343,88.4486,2407.7,50.42,135.2,36.0,21.4,42.5,1.2,0.7690612611737795,1.596433056253653,3.134472806512105,0
26.3333,91.25,1004.2,27.66,92.2,34.5,24.9,40.6,1.2,0.38611788368691463,0.4274196707570539,2.1064116999894447,0
22.533,92.899,1482.5,46.07,126.9,34.3,25.5,40.3,1.2,0.27739136174107143,0.6902213952133311,6.591994366024996,0
23.7527,92.694,1934.1,45.06,103.4,37.7,18.6,43.7,1.2,13.0,40.0,78.3,1
24.9818,93.5142,1700.8,46.0,24.9,35.9,22.1,41.9,1.2,0.004693237785123594,3.7881398089372027,4.149570567228443,0
27.04,88.264,2425.8,49.01,243.6,36.1,21.2,42.7,1.2,0.04407366204080837,0.12980119184182426,7.867236570034507,0
26.0207,89.9744,38.0,1.5,178.8,24.0,45.0,33.0,1.2,61.8,98.2,167.2,0
26.148,94.8422,1256.3,37.19,282.3,36.7,19.9,43.4,1.2,1.0284538958532048,3.234113377527538,7.407901146012292,0
24.6596,93.9784,1165.1,39.96,46.1,31.8,30.4,37.8,1.2,0.7723104174178919,3.643120476082548,1.3128956110915944,0
26.1677,94.2442,1971.1,36.29,356.4,38.0,18.0,44.0,1.2,10.1,73.60000000000001,113.8,1
26.1699,91.7986,559.6,27.5,290.4,30.5,33.8,35.7,1.2,0.04789228866124351,0.6711900573793543,4.8030624395728365,0
26.1445,91.7362,55.0,2.1,315.5,22.0,45.0,33.0,1.2,145.9,182.6,289.1,0
26.5413,88.7196,85.0,1.8,125.7,23.0,45.0,33.0,1.2,16.7,32.8,44.0,0
23.7527,92.694,1934.1,45.06,103.4,37.7,18.6,43.7,1.2,1.1271852305033683,1.8639788905017727,1.788311098527294,0
26.1044,91.7082,544.1,41.72,73.8,30.4,34.1,35.5,1.2,37.1,140.8,178.1,1
26.4333,94.8833,796.5,39.02,83.9,32.6,29.1,38.3,1.2,1.1903599724416014,0.8457909419379508,6.536604842529314,0
24.4638,92.4943,750.2,31.13,226.0,32.2,30.0,37.8,1.2,0.9889242514202343,0.012112929259433969,6.314656779780425,0
27.4728,94.912,108.0,1.8,165.5,21.0,45.0,33.0,1.2,9.2,88.2,130.1,0
28.1193,95.1645,2016.5,46.32,94.3,33.6,25.2,41.2,1.2,1.458985401324854,3.5434744841190673,0.3794576739241844,0
27.05374234,88.42572376,1762.6,50.49,264.7,32.8,28.7,38.5,1.2,1.0693136044229916,1.7441929949415615,1.9770314259750563,0
25.51614662,94.2341227,1266.5,39.5,30.7,36.8,19.7,43.5,1.2,0.5110362753936056,0.0019467141438629376,7.226934309824444,0
26.5413,88.7196,85.0,1.8,191.3,23.0,45.0,33.0,1.2,35.6,41.1,87.5,0
27.4885,88.4451,2446.8,41.07,280.1,36.2,21.0,42.8,1.2,66.3,96.6,137.0,1
25.8266,94.1497,639.4,41.31,5.6,31.2,32.2,36.5,1.2,26.4,42.4,66.2,1
26.5413,88.7196,85.0,1.8,341.7,23.0,45.0,33.0,1.2,12.3,88.7,179.0,0
26.6528,92.7926,68.0,1.9,321.6,22.5,45.0,33.0,1.2,148.6,237.7,283.2,0
26.1407,91.7645,1368.0,40.84,214.7,37.7,17.6,44.6,1.2,27.8,36.6,250.1,1
26.3463,92.6841,62.0,1.6,146.6,22.0,45.0,33.0,1.2,26.5,49.4,121.3,0
26.8843,88.1835,2094.2,48.98,236.1,34.5,24.9,40.6,1.2,15.6,54.0,127.9,1
26.8811,88.2779,2382.3,39.98,278.6,35.9,21.7,42.4,1.2,26.5,49.4,121.3,1
26.5413,88.7196,85.0,1.8,269.4,23.0,45.0,33.0,1.2,6.8,10.7,54.7,0
26.7271,88.3953,120.0,2.4,356.5,21.5,45.0,33.0,1.2,36.1,42.2,55.7,0
27.3341,88.6083,2537.5,48.17,318.1,36.7,20.0,43.4,1.2,4.7,8.4,37.6,1
27.4728,94.912,108.0,1.8,357.6,21.0,45.0,33.0,1.2,3.5,15.8,130.7,0
27.5748,91.8644,1453.3,37.29,335.1,30.8,31.2,38.1,1.2,1.4118256773102213,3.1717881838227697,4.080043009740018,0
27.0377,88.3603,1742.8,49.51,156.2,32.7,28.9,38.4,1.2,0.8882613780952664,3.8981177799545246,1.3232835525077062,0
26.1097,91.7747,1007.8,41.97,164.3,34.5,24.8,40.6,1.2,0.5822009346851018,0.5898751928735919,4.226934780641395,0
27.0765,88.4808,2405.1,45.09,135.1,36.0,21.4,42.5,1.2,0.45526830746815394,1.2440018931022587,1.797924507116143,0
26.6528,92.7926,68.0,1.9,336.5,22.5,45.0,33.0,1.2,55.8,142.1,184.5,0
27.3765,88.7628,2620.8,42.84,104.0,37.1,19.0,43.9,1.2,0.23143272452458163,1.3468394274218056,1.3140816999725624,0
25.426,94.6024,1479.0,45.42,18.8,34.2,25.6,40.2,1.2,0.0,0.1,62.6,1
27.0599,88.4674,1207.4,50.91,324.2,30.0,34.9,35.0,1.2,0.0,1.7,17.2,1
26.1666,91.7042,601.7,38.99,148.1,30.9,33.0,36.1,1.2,0.6810838488871436,0.32980684056327547,7.1144891501463565,0
26.0207,89.9744,38.0,1.5,92.3,24.0,45.0,33.0,1.2,33.3,252.8,415.6,0
24.5308,92.5121,621.3,39.23,40.9,31.1,32.6,36.3,1.2,31.7,70.4,125.4,1
26.2083,94.5438,888.8,36.13,231.6,33.5,27.2,39.3,1.2,9.3,30.0,77.5,1
27.0165,88.2476,2319.6,39.14,25.2,35.6,22.4,42.0,1.2,33.4,109.0,251.0,1
25.4477,94.0489,2061.2,47.26,178.9,38.7,16.6,44.7,1.2,21.8,88.60000000000001,200.3,1
26.1049,91.7369,1113.5,40.56,168.5,35.5,22.7,41.8,1.2,0.08447049585543936,1.4402558451554497,1.1378964133584448,0
26.8572,88.3143,1223.3,51.49,36.5,30.1,34.7,35.1,1.2,18.9,39.5,94.0,1
26.49349035,91.72137514,941.3,37.78,341.7,33.9,26.2,39.9,1.2,12.3,88.7,179.0,1
26.1445,91.7362,55.0,2.1,1.5,22.0,45.0,33.0,1.2,16.4,431.4,657.3,0
26.0319,94.5466,1687.0,47.69,348.6,35.8,22.4,41.8,1.2,0.8675627005692164,1.9390179288240224,6.26627728468165,0
27.4728,94.912,108.0,1.8,224.9,21.0,45.0,33.0,1.2,19.0,48.3,163.3,0
26.1445,91.7362,55.0,2.1,133.3,22.0,45.0,33.0,1.2,32.8,72.3,467.2,0
28.611,94.9829,2622.3,36.17,142.4,36.6,18.8,44.6,1.2,1.1654769690535858,2.5923860193776815,1.2009344238194384,0
27.0076,88.251,1648.7,40.61,82.1,32.2,30.0,37.8,1.2,22.2,51.7,133.4,1
26.9282,88.4553,1300.3,51.91,218.3,30.5,33.9,35.6,1.2,1.1684131966449172,3.521638021151561,4.608147474281465,0
26.5413,88.7196,85.0,1.8,30.8,23.0,45.0,33.0,1.2,0.8,4.300000000000001,58.0,0
26.8352,88.1881,2670.4,46.02,177.1,37.4,18.5,44.2,1.2,0.36380141277714234,0.7506487603621013,2.07664718926267,0
25.6269,94.1139,1373.6,32.85,322.9,37.8,17.5,44.7,1.2,0.44093775193593543,2.4739614150600135,3.7588218456509086,0
27.0638,88.4659,1621.5,50.67,153.5,32.1,30.3,37.6,1.2,0.06041099817389961,3.9964632784472,5.10828970212903,0
25.7902,94.1318,806.2,47.22,0.2,29.0,35.9,35.0,1.2,1.3209558083869553,1.563404492386213,6.094677694502512,0
27.0998,93.6287,956.4,51.36,253.1,28.3,36.4,35.3,1.2,0.3994320646529726,1.9368284508221119,6.510788438544995,0
26.6528,92.7926,68.0,1.9,15.5,22.5,45.0,33.0,1.2,16.9,45.0,152.4,0
27.2333,94.1167,2442.8,34.47,246.9,35.7,20.7,43.6,1.2,0.5495161067568913,2.520542128202859,3.122249975576162,0
25.463,92.2121,1775.6,40.86,249.6,41.5,15.0,43.5,1.2,40.2,310.6,429.5,1
26.8833,88.2833,2199.2,38.07,94.5,35.0,23.8,41.2,1.2,1.432680158792421,0.8884485349005073,5.907483102067027,0
26.1468,91.6469,773.1,41.69,262.9,32.4,29.5,38.0,1.2,0.3,0.7,0.8,1
26.3463,92.6841,62.0,1.6,128.7,22.0,45.0,33.0,1.2,8.1,27.5,76.3,0
26.8342,88.2798,1366.3,48.62,291.7,30.8,33.1,36.0,1.2,12.5,30.4,61.4,1
26.222,94.9152,765.4,38.65,154.6,32.4,29.7,37.9,1.2,31.6,65.5,137.8,1
25.7354,90.3852,1452.7,41.91,59.0,39.1,19.5,41.4,1.2,0.5332964176855398,3.259247980692264,5.469888239044084,0
26.89,88.28,1207.7,38.08,216.2,30.0,34.9,35.0,1.2,0.4666677612830074,0.83672927171316,0.6019078210934241,0
27.5798729,91.85672387,2327.8,37.21,136.6,35.1,21.9,42.9,1.2,0.0,12.3,29.9,1
25.31006064,94.48265093,1360.1,42.66,15.5,33.3,27.4,39.3,1.2,0.6629228337667112,0.07351195856967774,4.182605289456919,0
25.7131,94.0885,628.8,39.92,257.2,31.1,32.4,36.4,1.2,9.9,97.7,161.8,1
26.7271,88.3953,120.0,2.4,45.9,21.5,45.0,33.0,1.2,24.5,47.5,94.6,0
25.1019,93.3729,1353.4,34.46,159.3,33.3,27.5,39.3,1.2,0.3746326970052317,2.009336858823952,0.959382020877479,0
26.7271,88.3953,120.0,2.4,257.4,21.5,45.0,33.0,1.2,8.7,27.1,63.0,0
27.1675,88.3651,1364.5,46.51,3.7,30.8,33.1,36.0,1.2,1.1087322282264729,2.77415430604292,4.722028636404485,0
26.0319,94.5466,1687.0,47.69,348.6,35.8,22.4,41.8,1.2,15.6,82.8,127.1,1
28.1737,94.7596,1931.3,46.76,308.6,33.2,26.1,40.7,1.2,44.4,131.2,187.7,1
27.167,88.3652,2183.9,46.34,130.1,34.9,23.9,41.1,1.2,34.6,93.1,299.8,1
24.7016,93.5291,1487.5,35.53,91.0,34.3,25.4,40.3,1.2,4.7,25.0,99.6,1
24.8669,92.3576,696.4,40.73,223.9,31.7,31.1,37.2,1.2,53.9,160.1,229.9,1
26.0207,89.9744,38.0,1.5,255.9,24.0,45.0,33.0,1.2,45.9,193.5,423.4,0
27.2743,92.9064,2622.7,38.56,250.5,36.6,18.8,44.6,1.2,0.24132924026483782,0.22310628455321613,3.2680665516507306,0
25.4786,94.1327,919.9,40.19,268.8,33.7,26.6,39.7,1.2,15.1,25.2,74.10000000000001,1
27.1748,88.6458,1774.4,41.92,84.9,32.9,28.5,38.6,1.2,0.30422148813812266,3.7332999626194567,0.14028583592811383,0
25.9611,91.3681,1180.7,36.93,122.1,37.1,24.0,38.9,1.2,0.027310780879338248,0.5396034382673145,5.076800812201264,0
25.3433,92.2897,1054.6,42.22,226.0,36.2,26.0,37.8,1.2,0.4720536520883094,0.9004289019258711,5.045890284034069,0
25.5718,94.1211,939.2,39.04,269.6,33.9,26.2,39.9,1.2,4.8,31.4,75.7,1
26.3212,91.0065,48.0,1.7,43.4,23.5,45.0,33.0,1.2,21.8,88.60000000000001,200.3,0
27.4728,94.912,108.0,1.8,162.0,21.0,45.0,33.0,1.2,28.9,72.2,454.0,0
24.8142,93.5444,2065.7,37.06,179.1,38.7,16.5,44.7,1.2,11.4,16.0,50.6,1
26.885,88.2778,2236.3,37.21,203.3,35.2,23.3,41.5,1.2,1.4472167729112249,2.7526988631273928,0.9656065817682817,0
26.8727,94.9275,509.0,41.72,180.4,30.1,34.8,35.1,1.2,16.4,56.2,133.8,1
23.7131,92.7362,1801.0,45.33,207.7,36.7,20.6,42.7,1.2,8.6,18.2,60.9,1
26.048,91.8695,1063.4,41.93,82.3,36.3,25.9,37.8,1.2,0.7490543865344104,2.727335947702254,0.13614697813396504,0
27.0257,88.4301,1384.6,39.86,220.2,30.9,32.9,36.2,1.2,14.3,32.4,101.2,1
26.0207,89.9744,38.0,1.5,158.0,24.0,45.0,33.0,1.2,14.8,42.7,232.1,0
26.6528,92.7926,68.0,1.9,320.3,22.5,45.0,33.0,1.2,13.9,40.5,93.4,0
25.1122,94.3591,1000.1,46.97,221.5,30.5,32.9,36.5,1.2,1.3284752343348112,2.7995938311845916,1.8013129116580107,0
24.7339,93.9161,1901.2,36.83,354.5,37.5,19.1,43.5,1.2,0.7923042447389903,1.3059798315720261,4.577437911443306,0
26.6528,92.7926,68.0,1.9,69.5,22.5,45.0,33.0,1.2,37.5,140.6,387.2999999999999,0
25.1416,92.3807,1725.4,31.92,211.9,41.1,15.0,43.9,1.2,0.545889830685875,1.7186394829717115,0.24275700267951628,0
25.63961883,94.11112157,1218.6,28.18,136.7,36.4,20.6,43.0,1.2,1.2561608364168055,3.5802916339606448,2.283705848245593,0
26.5413,88.7196,85.0,1.8,322.9,23.0,45.0,33.0,1.2,12.0,37.0,96.8,0
24.954,94.2156,969.1,47.82,256.7,30.3,33.4,36.3,1.2,1.2700878883963427,3.1290784168307932,1.570988579762708,0
26.3463,92.6841,62.0,1.6,154.7,22.0,45.0,33.0,1.2,14.2,23.6,55.9,0
26.3212,91.0065,48.0,1.7,91.0,23.5,45.0,33.0,1.2,4.7,25.0,99.6,0
26.7271,88.3953,120.0,2.4,161.1,21.5,45.0,33.0,1.2,12.3,22.700000000000003,64.3,0
26.0207,89.9744,38.0,1.5,246.9,24.0,45.0,33.0,1.2,0.0,37.2,45.7,0
24.8961,93.4957,1368.9,46.04,231.8,33.4,27.2,39.4,1.2,1.0265589181909889,3.86309202357447,2.4690549783582654,0
26.1665,91.7049,746.7,39.5,45.9,32.2,30.1,37.7,1.2,0.3093759942220346,3.6313475899216985,1.5676532228452968,0
26.0207,89.9744,38.0,1.5,178.9,24.0,45.0,33.0,1.2,21.8,88.60000000000001,200.3,0
27.3425,88.2426,1661.1,46.38,334.4,32.3,29.8,37.9,1.2,0.09727446972244991,0.05610297583707258,3.5484690469861766,0
24.6108,92.562,933.1,35.64,269.3,33.8,26.3,39.8,1.2,0.7,0.7,2.6,1
26.3463,92.6841,62.0,1.6,98.3,22.0,45.0,33.0,1.2,28.8,72.6,158.5,0
26.3212,91.0065,48.0,1.7,191.3,23.5,45.0,33.0,1.2,4.2,37.5,82.7,0
26.5413,88.7196,85.0,1.8,132.7,23.0,45.0,33.0,1.2,1.8,47.0,101.2,0
26.7271,88.3953,120.0,2.4,162.0,21.5,45.0,33.0,1.2,37.9,113.5,558.0,0
25.5145,90.2023,1643.1,44.88,317.2,40.5,16.4,43.1,1.2,0.7358975312804974,2.9449805930612016,7.916521342429532,0
24.6596,93.9784,1165.1,39.96,46.1,31.8,30.4,37.8,1.2,8.6,31.0,51.6,1
27.2084,88.4909,1489.9,48.61,186.5,31.4,31.7,36.8,1.2,7.7,70.5,457.9,1
24.2315,92.6755,1382.0,43.23,160.1,33.5,27.0,39.5,1.2,47.1,79.2,96.9,1
25.318,94.0441,1280.0,39.46,103.2,36.9,19.4,43.7,1.2,0.1586072865528263,2.412444047269027,5.225035856577164,0
27.4728,94.912,108.0,1.8,253.2,21.0,45.0,33.0,1.2,10.8,29.6,153.1,0
26.1984,94.8158,854.7,35.58,338.2,33.2,27.9,38.9,1.2,31.0,51.5,155.1,1
26.1985,91.7998,885.8,41.15,195.4,33.4,27.3,39.3,1.2,55.8,142.1,184.5,1
27.4728,94.912,108.0,1.8,84.9,21.0,45.0,33.0,1.2,3.5,6.8,111.3,0
26.0207,89.9744,38.0,1.5,95.0,24.0,45.0,33.0,1.2,19.1,28.200000000000003,78.10000000000001,0
26.3212,91.0065,48.0,1.7,41.4,23.5,45.0,33.0,1.2,16.6,220.1,460.9,0
26.1445,91.7362,55.0,2.1,214.2,22.0,45.0,33.0,1.2,24.5,47.5,94.6,0
26.1445,91.7362,55.0,2.1,344.4,22.0,45.0,33.0,1.2,7.0,20.9,134.5,0
27.2676,88.2891,2232.2,52.0,239.2,35.2,23.4,41.5,1.2,0.10402875590886429,2.181170520390239,2.0302691746565156,0
26.8096,88.526,1822.3,44.32,14.0,33.1,28.0,38.9,1.2,63.4,104.3,365.1,1
26.0093,94.5238,504.0,42.0,72.2,30.0,34.9,35.0,1.2,5.1,23.3,124.4,1
24.4072,94.0644,1534.1,43.01,92.3,34.6,24.7,40.6,1.2,0.1889205693788329,1.2491681033773063,6.685633485212816,0
26.0207,89.9744,38.0,1.5,257.2,24.0,45.0,33.0,1.2,9.9,97.7,161.8,0
26.7271,88.3953,120.0,2.4,21.2,21.5,45.0,33.0,1.2,16.1,44.4,129.6,0
26.7271,88.3953,120.0,2.4,191.5,21.5,45.0,33.0,1.2,27.7,42.9,128.7,0
23.7313,92.7187,1668.5,35.36,132.1,35.7,22.6,41.7,1.2,1.2710754846897485,3.939627272725035,3.21338710234863,0
26.7271,88.3953,120.0,2.4,86.3,21.5,45.0,33.0,1.2,26.6,93.7,220.3,0
25.1416,92.3807,1725.4,31.92,211.9,41.1,15.0,43.9,1.2,51.9,144.6,237.4,1
23.591,92.9296,1375.4,31.98,159.9,33.4,27.1,39.4,1.2,0.4250720999648546,0.4828322638712277,5.537817485364506,0
26.8905,88.2789,1890.8,36.76,159.5,33.5,27.2,39.3,1.2,0.5324977712704555,2.219381080905799,6.9589976055009535,0
23.7131,92.7362,1801.0,45.33,207.7,36.7,20.6,42.7,1.2,1.1588383659538157,0.07915777583098516,3.691580936037832,0
25.7238,89.9032,1100.2,38.56,227.5,36.5,25.3,38.2,1.2,7.1,64.5,108.5,1
26.9343,88.4486,2407.7,50.42,135.2,36.0,21.4,42.5,1.2,0.0,49.0,242.0,1
27.4459,88.6193,1707.6,41.04,83.4,32.5,29.3,38.2,1.2,0.2137471220034337,3.452227013474866,5.808918297880227,0
27.4728,94.912,108.0,1.8,314.7,21.0,45.0,33.0,1.2,40.2,94.3,130.5,0
26.8545,88.3372,2547.5,43.42,30.3,36.7,19.8,43.4,1.2,1.1,78.6,206.4,1
27.4728,94.912,108.0,1.8,12.6,21.0,45.0,33.0,1.2,15.0,448.2000000000001,765.4,0
26.3463,92.6841,62.0,1.6,199.2,22.0,45.0,33.0,1.2,10.0,23.6,69.5,0
26.1699,91.7986,559.6,27.5,290.4,30.5,33.8,35.7,1.2,12.5,38.7,171.3,1
25.8833,91.2,1273.7,45.28,161.1,37.8,22.4,39.8,1.2,34.9,54.1,178.79999999999998,1
27.1027,88.1218,1793.5,51.21,85.4,33.0,28.3,38.7,1.2,172.7,240.5,639.2,1
26.1445,91.7362,55.0,2.1,360.0,22.0,45.0,33.0,1.2,12.6,33.6,65.8,0
26.88,88.28,1983.9,37.62,53.6,33.9,26.2,39.9,1.2,0.3210788776049977,1.3817234688130968,6.980221484033525,0
28.3092,95.4149,2325.2,43.64,28.5,35.1,22.0,42.9,1.2,0.4362992235185163,2.283550627410195,3.079117957129079,0
26.0481,94.4619,772.4,39.18,334.9,32.4,29.6,38.0,1.2,1.422521312227273,2.5437283125525174,6.683819089965835,0
26.0101,94.5282,1344.7,46.62,87.1,33.2,27.6,39.2,1.2,1.5,80.4,124.0,1
26.3212,91.0065,48.0,1.7,260.1,23.5,45.0,33.0,1.2,95.7,273.6,425.5,0
25.03561729,94.0144205,1130.4,31.92,261.1,31.5,30.9,37.5,1.2,0.6576566588445767,2.298945971938974,2.175407314586117,0
27.4728,94.912,108.0,1.8,87.1,21.0,45.0,33.0,1.2,1.5,80.4,124.0,0
27.4728,94.912,108.0,1.8,345.7,21.0,45.0,33.0,1.2,8.9,57.5,227.6,0
25.7055,94.0132,1128.5,32.77,133.1,35.6,22.4,42.0,1.2,0.916998454045687,0.6704379120080124,3.1931680162928116,0
27.339,88.6065,2250.1,48.75,275.6,35.3,23.2,41.6,1.2,20.3,43.6,92.7,1
25.0477,92.801,983.0,45.56,94.1,37.5,21.3,41.1,1.2,0.8957663404749551,3.4188837767588907,1.6496709977239918,0
26.0207,89.9744,38.0,1.5,58.6,24.0,45.0,33.0,1.2,9.3,29.6,119.6,0
27.0875,88.6556,1817.7,45.46,301.9,33.1,28.1,38.9,1.2,0.7336661053751237,0.9377712577330692,5.040492073443552,0
26.944,88.4441,1701.4,50.6,191.3,32.5,29.4,38.1,1.2,1.3261883996804826,3.7160621314871434,3.262867128501406,0
26.9599,88.268,1940.6,48.62,196.7,33.7,26.7,39.6,1.2,37.1,127.5,234.1,1
26.6528,92.7926,68.0,1.9,3.7,22.5,45.0,33.0,1.2,70.3,228.7,357.4,0
27.02459801,88.43849551,2694.8,49.31,249.6,37.5,18.2,44.3,1.2,137.5,309.0,424.0,1
27.4728,94.912,108.0,1.8,310.7,21.0,45.0,33.0,1.2,29.0,39.2,75.7,0
26.1548,91.7351,1226.8,26.09,353.1,36.5,20.5,43.1,1.2,12.4,69.4,163.6,1
27.0713,88.4308,1351.9,46.71,111.4,30.8,33.3,35.9,1.2,13.1,64.3,83.5,1
27.4885,88.4451,2446.8,41.07,280.1,36.2,21.0,42.8,1.2,1.4582004257573689,0.6183192646093194,1.3558680595848944,0
26.5413,88.7196,85.0,1.8,56.4,23.0,45.0,33.0,1.2,11.8,24.8,129.0,0
27.059,88.4694,1421.9,49.92,257.0,31.1,32.5,36.4,1.2,19.4,43.0,102.6,1
25.5098,93.8794,922.1,43.53,111.4,29.9,34.1,35.9,1.2,1.126798558386715,2.7075447011767806,0.32994913847854956,0
26.6528,92.7926,68.0,1.9,144.1,22.5,45.0,33.0,1.2,6.8,12.2,50.1,0
26.5413,88.7196,85.0,1.8,7.3,23.0,45.0,33.0,1.2,15.6,40.1,76.2,0
26.0207,89.9744,38.0,1.5,73.8,24.0,45.0,33.0,1.2,37.1,140.8,178.1,0
24.416,94.0984,1064.5,40.29,223.3,31.0,31.9,37.0,1.2,0.19500387560310178,2.711041813993816,7.38827546853713,0
26.7271,88.3953,120.0,2.4,154.6,21.5,45.0,33.0,1.2,31.6,65.5,137.8,0
26.1445,91.7362,55.0,2.1,249.6,22.0,45.0,33.0,1.2,40.2,310.6,429.5,0
26.3463,92.6841,62.0,1.6,256.2,22.0,45.0,33.0,1.2,4.4,48.6,66.2,0
26.7271,88.3953,120.0,2.4,1.2,21.5,45.0,33.0,1.2,1.3,94.0,317.8,0
26.3212,91.0065,48.0,1.7,90.0,23.5,45.0,33.0,1.2,55.8,142.1,184.5,0
27.1034,93.6885,1046.1,48.17,290.9,28.7,35.5,35.8,1.2,1.2882416014195637,3.3797861092071093,7.228528568638093,0
26.7271,88.3953,120.0,2.4,174.6,21.5,45.0,33.0,1.2,0.7,37.8,118.5,0
26.6528,92.7926,68.0,1.9,148.1,22.5,45.0,33.0,1.2,30.3,76.6,182.1,0
26.6528,92.7926,68.0,1.9,308.6,22.5,45.0,33.0,1.2,44.4,131.2,187.7,0
24.954,94.2156,969.1,47.82,256.7,30.3,33.4,36.3,1.2,15.8,108.3,199.3,1
26.0207,89.9744,38.0,1.5,155.3,24.0,45.0,33.0,1.2,103.1,181.2,272.0,0
27.4728,94.912,108.0,1.8,269.1,21.0,45.0,33.0,1.2,5.8,16.599999999999998,29.2,0
25.5007,93.9854,878.2,47.73,110.2,29.6,34.8,35.6,1.2,0.5903096135427139,2.1157842126166138,2.7987982679742816,0
26.4205,94.9731,1065.0,40.83,58.6,35.0,23.7,41.3,1.2,19.2,41.1,102.0,1
23.7348,92.7187,2063.1,37.78,251.0,38.7,16.6,44.7,1.2,0.8844895575178559,0.15343380604149237,5.824460698418578,0
27.4728,94.912,108.0,1.8,94.1,21.0,45.0,33.0,1.2,9.3,33.7,106.5,0
27.0605,88.255,2748.2,47.97,178.8,37.7,17.6,44.7,1.2,0.10088839544666162,3.6757763726334263,4.483825111962909,0
23.9939,94.0573,2032.8,37.11,142.1,38.5,17.0,44.5,1.2,16.4,431.4,657.3,1
26.7324,88.4089,1957.0,52.0,161.0,33.8,26.5,39.7,1.2,15.2,44.9,280.2,1
23.9304,88.2374,2408.2,48.07,351.2,36.0,21.4,42.6,1.2,35.9,63.3,133.7,1
26.1001,91.6849,835.7,33.13,157.4,33.0,28.3,38.7,1.2,37.1,140.8,178.1,1
25.8143,90.5763,802.6,36.15,145.7,34.4,30.1,35.5,1.2,0.8854133828526061,2.4421090164749715,6.129653404634296,0
26.1445,91.7362,55.0,2.1,85.4,22.0,45.0,33.0,1.2,172.7,240.5,639.2,0
28.4659,95.86,1977.2,49.33,165.5,33.4,25.6,41.0,1.2,9.2,88.2,130.1,1
25.3056,93.1265,1287.7,28.73,321.6,40.4,15.2,44.3,1.2,0.7315055080144459,0.7898839097566217,2.459811040148928,0
27.3425,88.6236,1504.3,43.22,6.8,31.5,31.6,36.9,1.2,26.5,165.1,467.6,1
26.3463,92.6841,62.0,1.6,186.5,22.0,45.0,33.0,1.2,7.7,70.5,457.9,0
26.1965,91.763,832.5,40.16,49.3,33.0,28.4,38.7,1.2,0.27578111287877377,3.739242766086023,1.77051374197222,0
22.7176,92.8416,2096.5,47.31,215.9,39.0,16.1,45.0,1.2,0.4947075487349691,2.591545549319691,1.4251903819100056,0
26.6528,92.7926,68.0,1.9,269.6,22.5,45.0,33.0,1.2,4.8,31.4,75.7,0
25.5498,92.0757,1048.2,37.84,9.8,36.2,26.1,37.7,1.2,0.5920202081264514,0.5670202419085384,7.566328771174035,0
25.616,94.1167,802.4,35.91,228.1,32.7,29.0,38.4,1.2,27.7,44.4,100.7,1
25.4993,94.1192,858.1,37.52,86.3,33.2,27.8,39.0,1.2,26.6,93.7,220.3,1
27.0875,88.6556,1817.7,45.46,301.9,33.1,28.1,38.9,1.2,18.7,107.6,226.6,1
27.163,94.0,959.8,45.65,253.2,28.3,36.4,35.3,1.2,10.8,29.6,153.1,1
27.0765,88.4808,2405.1,45.09,135.1,36.0,21.4,42.5,1.2,7.0,16.9,69.6,1
26.5413,88.7196,85.0,1.8,218.3,23.0,45.0,33.0,1.2,6.2,14.2,136.20000000000002,0
26.8836,88.2791,2663.0,36.26,320.9,37.3,18.5,44.1,1.2,177.4,211.0,279.5,1
26.0207,89.9744,38.0,1.5,132.5,24.0,45.0,33.0,1.2,26.6,70.6,258.1,0
27.5161,88.5575,2550.3,50.6,246.4,36.8,19.8,43.4,1.2,0.4,6.6000000000000005,77.3,1
25.4196,94.1054,1085.0,36.24,23.4,35.2,23.3,41.5,1.2,29.0,46.5,129.5,1
27.4728,94.912,108.0,1.8,0.2,21.0,45.0,33.0,1.2,17.9,23.299999999999997,147.9,0
27.2319,88.497,2589.2,44.88,247.3,36.9,19.4,43.7,1.2,0.19138475489635026,1.851234948686971,4.618244977606375,0
26.8992,88.1667,1725.1,36.85,83.8,32.6,29.1,38.3,1.2,111.4,163.6,392.4,1
24.8286,93.5935,1638.4,47.76,203.2,35.4,23.1,41.4,1.2,1.1557143768799805,3.191278703509424,7.15752260832548,0
27.0771,88.482,1298.2,46.84,2.2,30.5,33.9,35.6,1.2,16.5,42.0,127.4,1
26.3463,92.6841,62.0,1.6,217.3,22.0,45.0,33.0,1.2,43.3,96.2,543.0,0
24.8628,94.4182,1417.4,39.55,161.1,33.7,26.5,39.7,1.2,0.8372798142798221,0.2228401541951195,5.097994050012379,0
26.0207,89.9744,38.0,1.5,313.6,24.0,45.0,33.0,1.2,63.1,131.9,203.0,0
27.6558,88.605,1218.2,50.93,36.4,30.1,34.8,35.1,1.2,0.5961910520169281,2.7416808221264946,0.010739302157991126,0
25.5125,93.3613,518.1,40.8,144.7,30.2,34.6,35.2,1.2,1.4752620905904048,1.9087426941490895,0.9944602439523891,0
26.1978,91.7665,1339.0,41.88,285.6,37.5,18.2,44.3,1.2,1.305831375020017,3.156110074245948,4.4599198792266375,0
25.0604,93.9877,1657.8,47.46,203.8,35.6,22.8,41.6,1.2,1.2946132048736247,3.2521997545403925,3.958864214814005,0
26.7271,88.3953,120.0,2.4,328.9,21.5,45.0,33.0,1.2,4.5,39.4,172.9,0
26.5413,88.7196,85.0,1.8,313.9,23.0,45.0,33.0,1.2,15.3,24.4,41.7,0
25.0672,93.4093,1232.4,41.2,101.3,36.5,20.4,43.1,1.2,0.1263435098359429,2.9207226634308,5.044455193595796,0
26.8826,88.2788,2223.9,37.49,95.0,35.1,23.5,41.4,1.2,19.1,28.200000000000003,78.10000000000001,1
27.8965,96.1779,1912.4,49.97,164.2,33.1,26.3,40.6,1.2,53.6,131.3,263.3,1
26.7225,95.0281,510.1,38.77,108.4,30.1,34.8,35.1,1.2,1.1125032914642836,3.207104799822939,5.900530118700766,0
27.05374234,88.42572376,1762.6,50.49,264.7,32.8,28.7,38.5,1.2,140.2,167.39999999999998,390.0,1
24.9829,93.5063,1004.4,32.8,272.2,34.5,24.9,40.6,1.2,3.7,6.7,85.39999999999999,1
24.819,94.3551,1328.1,47.96,122.6,33.1,27.9,39.1,1.2,63.1,160.0,312.2,1
27.1344,88.4575,1846.7,50.24,158.6,33.2,27.7,39.0,1.2,0.7055018119955052,2.337375833485748,6.558340794821399,0
25.4192,94.108,1348.5,33.46,33.9,37.5,18.0,44.4,1.2,1.4690830834853847,2.2530739113461644,5.381287963909587,0
26.1985,91.7998,885.8,41.15,195.4,33.4,27.3,39.3,1.2,1.2720003866274916,3.3471127601964814,2.2912150446720245,0
25.51614662,94.2341227,1266.5,39.5,30.7,36.8,19.7,43.5,1.2,16.1,51.8,134.3,1
26.8712,88.3052,2188.3,51.98,130.2,34.9,23.9,41.2,1.2,9.6,100.1,333.7,1
26.3463,92.6841,62.0,1.6,55.6,22.0,45.0,33.0,1.2,17.9,65.1,109.4,0
27.1614,93.7525,2111.3,40.63,132.2,34.1,24.2,41.7,1.2,0.9599250495853373,1.3418019928729557,5.885742754182131,0
25.7713,93.8067,1111.9,39.05,132.5,35.4,22.8,41.8,1.2,26.6,70.6,258.1,1
25.83,94.13,694.3,30.6,331.8,31.7,31.1,37.2,1.2,0.5980601672684331,0.7501128427715869,6.018327947020451,0
26.6528,92.7926,68.0,1.9,83.9,22.5,45.0,33.0,1.2,29.1,52.3,132.3,0
25.2269,93.1658,1036.3,29.43,312.1,38.0,20.3,41.7,1.2,0.32652412198708797,0.47058102965799264,5.704551150552458,0
26.7271,88.3953,120.0,2.4,178.7,21.5,45.0,33.0,1.2,76.1,198.3,402.7,0
26.284,94.5808,1351.2,33.33,178.0,37.6,18.0,44.5,1.2,0.09791562598199854,0.09908131033771506,4.792532439104549,0
27.174,95.8011,2614.5,34.86,322.3,36.6,18.9,44.5,1.2,0.8651225082412535,2.5582883103813354,7.313287458540117,0
24.3069,93.125,1966.6,43.75,320.3,38.0,18.1,44.0,1.2,1.4390785799982821,0.4879342043413484,2.4987935035500897,0
27.2879,88.2579,2008.7,38.61,126.2,34.0,25.9,40.1,1.2,19.6,48.5,173.1,1
24.8961,93.4957,1368.9,46.04,231.8,33.4,27.2,39.4,1.2,4.4,13.1,129.5,1
25.5114,90.215,1170.1,33.48,13.7,37.1,24.1,38.8,1.2,0.114580766824042,3.167067164753103,6.047573362835127,0
25.1718,93.123,1348.9,32.47,216.0,41.0,15.0,44.0,1.2,7.3,20.5,123.1,1
26.5413,88.7196,85.0,1.8,264.7,23.0,45.0,33.0,1.2,140.2,167.39999999999998,390.0,0
26.6528,92.7926,68.0,1.9,123.8,22.5,45.0,33.0,1.2,51.3,80.0,89.0,0
24.7543,93.5039,1704.5,34.35,169.0,36.0,22.1,42.0,1.2,0.9896042467642543,1.7936140817652633,6.180573487594303,0
26.1445,91.7362,55.0,2.1,272.2,22.0,45.0,33.0,1.2,3.7,6.7,85.39999999999999,0
24.9849,92.8411,1221.1,39.45,64.8,36.4,20.6,43.0,1.2,1.164934440590395,0.935307231916509,6.492601454074431,0
25.5242,92.9914,1012.2,41.03,275.2,37.8,20.8,41.4,1.2,44.6,125.2,150.6,1
24.9926,93.4946,1057.2,28.62,58.3,35.0,23.9,41.2,1.2,4.4,166.1,566.7,1
26.159,91.8178,811.6,40.35,336.5,32.8,28.8,38.5,1.2,55.8,142.1,184.5,1
26.3463,92.6841,62.0,1.6,226.0,22.0,45.0,33.0,1.2,37.2,152.0,171.4,0
23.75406693,92.74128531,1507.7,32.21,235.6,34.4,25.1,40.4,1.2,1.05087304148037,2.1545451900824486,7.406885803705109,0
27.6163,88.6586,1886.9,51.71,159.5,33.4,27.3,39.3,1.2,15.1,81.10000000000001,199.6,1
24.6005,92.3814,850.0,40.6,158.0,33.1,28.0,38.9,1.2,3.1,19.9,173.2,1
24.7679,93.4108,1065.5,41.9,94.6,35.0,23.7,41.3,1.2,0.6744559436388129,1.5783651848149076,1.8809581337636585,0
26.1445,91.7362,55.0,2.1,180.1,22.0,45.0,33.0,1.2,16.6,97.0,175.9,0
27.4728,94.912,108.0,1.8,312.1,21.0,45.0,33.0,1.2,8.1,23.5,168.29999999999998,0
26.3212,91.0065,48.0,1.7,275.2,23.5,45.0,33.0,1.2,44.6,125.2,150.6,0
23.5397,93.3783,1296.9,41.7,229.8,32.8,28.4,38.8,1.2,0.5835161085693847,0.6651477117956723,4.502310225524467,0
26.3212,91.0065,48.0,1.7,145.7,23.5,45.0,33.0,1.2,4.7,96.5,155.5,0
26.0977,94.7499,886.6,26.42,159.5,33.4,27.3,39.3,1.2,0.9199618981451276,3.283528021119804,4.036668994368069,0
26.3212,91.0065,48.0,1.7,319.9,23.5,45.0,33.0,1.2,11.2,37.8,89.3,0
25.9702,91.8587,1423.0,34.93,130.0,38.9,20.0,41.1,1.2,0.0,0.6,11.0,1
26.3212,91.0065,48.0,1.7,164.2,23.5,45.0,33.0,1.2,86.2,130.5,216.0,0
23.8447,93.0514,1447.0,37.08,233.9,34.0,26.0,40.0,1.2,15.3,32.7,105.0,1
27.1675,88.3651,1364.5,46.51,3.7,30.8,33.1,36.0,1.2,70.3,228.7,357.4,1
26.1445,91.7362,55.0,2.1,108.4,22.0,45.0,33.0,1.2,8.2,31.9,116.7,0
24.5308,92.5121,621.3,39.23,40.9,31.1,32.6,36.3,1.2,1.4078175418880767,2.146684016710366,5.354186309182685,0
26.1314,91.7548,1158.5,36.38,134.3,35.9,21.8,42.3,1.2,55.8,142.1,184.5,1
26.3212,91.0065,48.0,1.7,243.6,23.5,45.0,33.0,1.2,31.2,40.5,117.3,0
26.7271,88.3953,120.0,2.4,30.0,21.5,45.0,33.0,1.2,19.8,166.79999999999998,281.3,0
27.8776,94.25,1424.5,51.97,262.5,30.6,31.5,37.9,1.2,11.5,57.599999999999994,128.4,1
26.1445,91.7362,55.0,2.1,301.9,22.0,45.0,33.0,1.2,18.7,107.6,226.6,0
26.1445,91.7362,55.0,2.1,312.3,22.0,45.0,33.0,1.2,3.0,19.1,53.5,0
27.2644,88.1365,2692.1,45.54,141.6,37.5,18.2,44.3,1.2,34.8,151.4,425.1,1
25.3433,92.2897,1054.6,42.22,226.0,36.2,26.0,37.8,1.2,37.2,152.0,171.4,1
24.8142,93.5444,2065.7,37.06,179.1,38.7,16.5,44.7,1.2,0.3234188470046686,2.337124604806748,3.714656009008003,0
27.0875,88.4572,2429.5,48.35,135.7,36.1,21.2,42.7,1.2,0.0,3.0,36.9,1
26.5413,88.7196,85.0,1.8,144.9,23.0,45.0,33.0,1.2,37.1,146.0,426.0,0
23.9304,88.2374,2408.2,48.07,351.2,36.0,21.4,42.6,1.2,1.290962379736336,1.9805074505082758,3.5236196624424787,0
26.8096,88.526,1822.3,44.32,14.0,33.1,28.0,38.9,1.2,0.9016737253879422,2.251448523631444,5.379891631634808,0
27.4728,94.912,108.0,1.8,205.2,21.0,45.0,33.0,1.2,14.4,59.0,102.0,0
27.0599,88.4674,1207.4,50.91,324.2,30.0,34.9,35.0,1.2,0.6203232002158128,2.869577011271174,0.28454834624365155,0
24.042,92.6724,1075.9,34.11,223.6,31.1,31.8,37.1,1.2,0.8230763230320284,0.988999552310815,4.043197787302038,0
27.1344,88.4575,1846.7,50.24,158.6,33.2,27.7,39.0,1.2,43.3,96.2,543.0,1
23.73478778,92.72124394,1264.0,41.04,120.8,32.6,28.9,38.6,1.2,28.3,87.2,99.8,1
26.7223,95.0243,1640.9,40.36,23.3,35.5,23.1,41.5,1.2,0.755405065275639,3.3296196504795272,1.61461045765527,0
27.1954,88.6115,2104.9,51.94,56.4,34.5,24.8,40.7,1.2,11.8,24.8,129.0,1
25.2946,92.8339,1022.4,41.46,311.6,37.9,20.6,41.6,1.2,1.0007452959846173,2.4083489337668462,3.003996293456611,0
27.0678,88.456,2777.4,51.17,359.5,37.9,17.3,44.9,1.2,1.0176926950386136,2.898466996380525,1.8518402708234092,0
26.3212,91.0065,48.0,1.7,299.6,23.5,45.0,33.0,1.2,121.0,246.8,368.1,0
26.8861,88.1704,2335.9,35.49,313.6,35.7,22.2,42.1,1.2,63.1,131.9,203.0,1
26.8727,94.9275,509.0,41.72,180.4,30.1,34.8,35.1,1.2,0.36352944839672674,1.382851478042312,7.530364971401868,0
26.5413,88.7196,85.0,1.8,280.1,23.0,45.0,33.0,1.2,66.3,96.6,137.0,0
25.583,91.893,1310.2,45.86,54.3,38.1,21.8,40.1,1.2,50.4,157.3,224.5,1
26.7271,88.3953,120.0,2.4,58.6,21.5,45.0,33.0,1.2,19.2,41.1,102.0,0
26.1964,91.7652,622.1,41.3,328.9,31.1,32.6,36.4,1.2,1.3342125009361474,1.9428259655608433,3.670347759891322,0
27.36,93.0385,2115.8,46.35,24.3,34.1,24.2,41.8,1.2,0.7980066847568388,0.0819529867718054,6.010422272596281,0
26.8073,88.3162,2649.8,37.14,176.6,37.2,18.7,44.1,1.2,18.7,33.8,81.89999999999999,1
25.5265,93.8673,603.8,40.7,40.2,30.9,32.9,36.2,1.2,1.1902711200266123,3.4213825343115585,5.981827086529987,0
26.3212,91.0065,48.0,1.7,28.5,23.5,45.0,33.0,1.2,4.0,10.2,100.8,0
26.1844,91.7896,1146.9,30.03,277.9,35.8,22.1,42.2,1.2,0.9629887050115993,1.9380700585880382,7.517992863785204,0
27.478,88.527,2513.5,34.19,353.6,36.6,20.2,43.2,1.2,34.5,101.7,253.9,1
28.611,94.9829,2622.3,36.17,142.4,36.6,18.8,44.6,1.2,43.9,85.1,161.7,1
26.7271,88.3953,120.0,2.4,229.8,21.5,45.0,33.0,1.2,3.1,29.2,62.3,0
27.6558,88.605,1218.2,50.93,36.4,30.1,34.8,35.1,1.2,28.5,87.3,317.0,1
27.1748,88.6458,1774.4,41.92,84.9,32.9,28.5,38.6,1.2,3.5,6.8,111.3,1
28.3036,95.4112,1802.1,50.41,162.0,32.5,27.5,40.0,1.2,37.9,113.5,558.0,1
26.7271,88.3953,120.0,2.4,23.3,21.5,45.0,33.0,1.2,36.6,62.3,119.6,0
24.4265,94.1913,995.7,47.86,41.4,30.5,33.0,36.5,1.2,16.6,220.1,460.9,1
27.3773,88.559,2357.5,51.99,314.0,35.8,22.0,42.2,1.2,53.9,126.7,317.0,1
26.1445,91.7362,55.0,2.1,176.6,22.0,45.0,33.0,1.2,18.7,33.8,81.89999999999999,0
26.0977,94.7031,1147.5,39.2,313.9,35.8,22.1,42.2,1.2,15.3,24.4,41.7,1
26.7271,88.3953,120.0,2.4,23.8,21.5,45.0,33.0,1.2,17.3,304.90000000000003,508.4,0
22.533,92.899,1482.5,46.07,126.9,34.3,25.5,40.3,1.2,0.8,4.300000000000001,58.0,1
25.38,91.88,805.2,45.14,289.8,34.4,30.1,35.5,1.2,1.3752336421608498,2.219760323931384,3.9770168329696576,0
26.1147,94.3864,944.7,32.06,89.8,34.0,26.1,39.9,1.2,15.5,60.5,123.5,1
23.73504471,92.71060943,1841.2,35.78,352.8,37.0,20.0,43.0,1.2,1.0163905327090728,1.8232002030460173,6.231769410695446,0
23.3572,92.7878,2049.5,37.73,214.6,38.6,16.8,44.6,1.2,7.6,21.8,114.2,1
26.1445,91.7362,55.0,2.1,115.2,22.0,45.0,33.0,1.2,21.8,88.60000000000001,200.3,0
26.3463,92.6841,62.0,1.6,30.7,22.0,45.0,33.0,1.2,16.1,51.8,134.3,0
26.7215,95.0283,1193.5,38.51,207.7,36.2,21.1,42.7,1.2,0.5078900142100973,3.8186093321395873,1.714384815958529,0
25.1333,93.9667,1699.2,31.17,240.9,35.9,22.2,41.9,1.2,0.8489572222088753,1.3276828384780992,6.286153898934167,0
26.5413,88.7196,85.0,1.8,177.1,23.0,45.0,33.0,1.2,21.4,52.6,131.3,0
27.3702,88.7334,2255.2,47.12,95.7,35.3,23.1,41.6,1.2,16.7,44.9,152.4,1
26.8572,88.3143,1223.3,51.49,36.5,30.1,34.7,35.1,1.2,0.7828092651388583,1.9114561608907725,3.6309841596769683,0
26.3212,91.0065,48.0,1.7,359.5,23.5,45.0,33.0,1.2,19.9,55.8,111.5,0
24.6005,92.3814,850.0,40.6,158.0,33.1,28.0,38.9,1.2,1.3257182095222513,0.3367136820542731,1.9345874711374194,0
26.84850975,88.26181745,2113.8,34.1,308.6,34.6,24.7,40.7,1.2,27.4,50.6,89.5,1
26.6528,92.7926,68.0,1.9,29.4,22.5,45.0,33.0,1.2,35.3,132.0,251.3,0
27.1249,93.7706,2348.7,40.51,209.0,35.2,21.7,43.0,1.2,0.1669881075645565,1.424562322831855,5.599394623056731,0
26.5413,88.7196,85.0,1.8,47.4,23.0,45.0,33.0,1.2,19.1,92.1,135.0,0
26.1498,94.6055,724.3,39.13,333.0,32.0,30.5,37.5,1.2,0.19015333972468368,1.5842007040877455,7.341925305291658,0
26.6528,92.7926,68.0,1.9,16.1,22.5,45.0,33.0,1.2,137.1,178.2,234.5,0
25.38,91.88,805.2,45.14,289.8,34.4,30.1,35.5,1.2,72.1,203.5,423.0,1
27.8458,95.2253,1390.9,43.41,333.8,30.5,31.8,37.7,1.2,1.2097526332690964,0.7532408380771272,0.6966761282747012,0
25.0951,92.3567,846.5,41.89,39.2,34.7,29.4,35.9,1.2,0.40363818776888694,3.562690500474332,0.2419603687581171,0
26.3212,91.0065,48.0,1.7,235.6,23.5,45.0,33.0,1.2,14.2,23.6,55.9,0
25.2193,90.5549,1401.6,44.65,21.3,38.7,20.3,40.9,1.2,58.0,140.8,202.9,1
25.5114,90.215,1170.1,33.48,13.7,37.1,24.1,38.8,1.2,24.4,57.2,326.3,1
26.1677,94.2442,1971.1,36.29,356.4,38.0,18.0,44.0,1.2,1.0378990833690032,1.1640433605056963,5.03458055574395,0
27.4728,94.912,108.0,1.8,157.4,21.0,45.0,33.0,1.2,37.1,140.8,178.1,0
26.3463,92.6841,62.0,1.6,142.1,22.0,45.0,33.0,1.2,0.0,137.3,327.90000000000003,0
25.6269,94.1139,1373.6,32.85,322.9,37.8,17.5,44.7,1.2,12.0,37.0,96.8,1
26.5413,88.7196,85.0,1.8,27.7,23.0,45.0,33.0,1.2,25.3,66.4,73.60000000000001,0
24.4072,94.0644,1534.1,43.01,92.3,34.6,24.7,40.6,1.2,33.3,252.8,415.6,1
27.4728,94.912,108.0,1.8,252.3,21.0,45.0,33.0,1.2,12.4,57.1,185.9,0
26.1445,91.7362,55.0,2.1,130.2,22.0,45.0,33.0,1.2,59.4,173.5,255.2,0
26.7271,88.3953,120.0,2.4,267.5,21.5,45.0,33.0,1.2,36.8,85.6,145.6,0
26.8342,88.2798,1366.3,48.62,291.7,30.8,33.1,36.0,1.2,0.8287184262626948,3.516683605103893,2.67089051253269,0
26.3212,91.0065,48.0,1.7,353.3,23.5,45.0,33.0,1.2,53.9,126.7,317.0,0
27.4728,94.912,108.0,1.8,311.6,21.0,45.0,33.0,1.2,77.9,136.9,168.6,0
26.3212,91.0065,48.0,1.7,267.3,23.5,45.0,33.0,1.2,1.4,17.400000000000002,76.60000000000001,0
26.7271,88.3953,120.0,2.4,150.2,21.5,45.0,33.0,1.2,0.0,0.0,0.1,0
27.1695,88.3664,2300.5,48.83,276.8,35.5,22.6,41.9,1.2,2.1,136.2,275.6,1
27.322,88.6087,2243.0,41.33,23.5,35.2,23.3,41.5,1.2,0.6030400530847893,1.363505038531013,2.351759179775831,0
26.6528,92.7926,68.0,1.9,159.5,22.5,45.0,33.0,1.2,19.0,44.8,320.3,0
25.5498,92.0757,1048.2,37.84,9.8,36.2,26.1,37.7,1.2,12.2,32.6,91.6,1
26.6528,92.7926,68.0,1.9,199.9,22.5,45.0,33.0,1.2,57.9,174.7,358.7,0
26.149,91.7351,505.0,30.04,36.2,30.0,34.9,35.1,1.2,46.1,90.4,155.3,1
26.6528,92.7926,68.0,1.9,314.1,22.5,45.0,33.0,1.2,9.3,30.0,77.5,0
27.0605,88.255,2748.2,47.97,178.8,37.7,17.6,44.7,1.2,61.8,98.2,167.2,1
27.3746,88.7648,1213.0,44.25,252.3,30.1,34.9,35.1,1.2,12.4,57.1,185.9,1
23.72988966,92.71495623,1207.7,33.17,83.3,32.1,29.7,38.1,1.2,14.2,23.6,55.9,1
24.9829,93.5063,1004.4,32.8,272.2,34.5,24.9,40.6,1.2,0.18294035270175807,3.572506879988726,5.158233047409436,0
26.1226,91.7162,842.0,27.57,337.7,33.0,28.2,38.8,1.2,1.1855739533892198,0.2495062547590461,0.8728395702571401,0
26.0207,89.9744,38.0,1.5,301.3,24.0,45.0,33.0,1.2,14.3,32.4,101.2,0
26.0101,94.5282,1344.7,46.62,87.1,33.2,27.6,39.2,1.2,0.2599662480865937,0.8497324889484679,5.976235847944113,0
26.4205,94.9731,1065.0,40.83,58.6,35.0,23.7,41.3,1.2,0.6899677766770305,0.7088244707040152,3.7326789929754325,0
26.2753,94.6654,996.4,29.98,271.9,34.4,25.1,40.5,1.2,5.0,78.1,135.5,1
26.3463,92.6841,62.0,1.6,159.5,22.0,45.0,33.0,1.2,15.1,81.10000000000001,199.6,0
26.1699,94.4922,1140.1,40.06,81.4,31.6,30.8,37.6,1.2,10.2,37.1,140.4,1
26.3212,91.0065,48.0,1.7,350.1,23.5,45.0,33.0,1.2,18.3,139.5,231.6,0
26.7914,88.363,1546.4,35.5,295.8,31.7,31.1,37.2,1.2,1.1786985205557745,2.546452405430533,5.941029517778891,0
26.1445,91.7362,55.0,2.1,172.3,22.0,45.0,33.0,1.2,21.6,69.4,97.8,0
27.478,88.527,2513.5,34.19,353.6,36.6,20.2,43.2,1.2,0.6583330139056304,0.9097184396242577,1.9715399317289535,0
24.7016,93.5291,1487.5,35.53,91.0,34.3,25.4,40.3,1.2,0.8011605386483422,0.7132337988902542,5.291456365751472,0
24.7979,92.9974,1336.7,41.87,69.5,37.4,18.3,44.3,1.2,37.5,140.6,387.2999999999999,1
25.6263,94.1057,1102.7,46.75,80.4,31.3,31.3,37.3,1.2,39.7,65.8,97.4,1
27.4459,88.6193,1707.6,41.04,83.4,32.5,29.3,38.2,1.2,7.5,40.9,155.6,1
24.1988,94.1016,1778.9,34.97,315.1,36.5,20.9,42.5,1.2,17.3,304.90000000000003,508.4,1
26.5413,88.7196,85.0,1.8,256.7,23.0,45.0,33.0,1.2,15.8,108.3,199.3,0
27.0875,88.4572,2429.5,48.35,135.7,36.1,21.2,42.7,1.2,0.598068501741696,0.7819685291316358,2.688919591699106,0
26.3212,91.0065,48.0,1.7,104.0,23.5,45.0,33.0,1.2,24.4,83.6,202.3,0
26.0207,89.9744,38.0,1.5,124.3,24.0,45.0,33.0,1.2,30.7,124.4,243.5,0
26.3463,92.6841,62.0,1.6,353.6,22.0,45.0,33.0,1.2,34.5,101.7,253.9,0
27.4728,94.912,108.0,1.8,46.1,21.0,45.0,33.0,1.2,8.6,31.0,51.6,0
25.7238,89.9032,1100.2,38.56,227.5,36.5,25.3,38.2,1.2,0.1301916168712588,3.1349153911161065,1.3542007721243667,0
28.0791,96.5242,998.3,51.96,146.0,28.5,36.0,35.5,1.2,24.9,192.4,253.9,1
25.5212,90.232,1428.9,45.89,130.2,38.9,19.9,41.2,1.2,1.4312809106763043,0.8288885609778194,6.429268488054314,0
23.7365,92.7146,864.2,33.13,109.8,29.5,35.0,35.5,1.2,17.2,69.0,145.2,1
27.5799,91.8569,1822.2,36.91,126.4,32.6,27.3,40.1,1.2,0.07360284661126909,3.032453058482963,4.136720554357483,0
27.3341,88.6083,2537.5,48.17,318.1,36.7,20.0,43.4,1.2,1.18071674606898,2.8451467496668754,3.086214222820444,0
26.7103,94.693,1248.2,34.79,353.9,36.7,20.0,43.3,1.2,1.3582957018904949,2.892965500683897,0.9742619681079443,0
26.1965,91.763,832.5,40.16,49.3,33.0,28.4,38.7,1.2,50.4,105.5,183.3,1
26.3463,92.6841,62.0,1.6,279.6,22.0,45.0,33.0,1.2,7.7,53.6,473.0,0
26.3186,94.5121,1263.7,41.42,66.5,36.8,19.7,43.5,1.2,11.8,57.6,150.6,1
24.1988,94.1016,1778.9,34.97,315.1,36.5,20.9,42.5,1.2,1.4519330486523132,3.6258001499391987,6.33681581965664,0
28.235,94.9612,2280.0,43.44,99.6,34.9,22.4,42.7,1.2,22.2,85.3,221.9,1
26.0977,94.7499,886.6,26.42,159.5,33.4,27.3,39.3,1.2,15.3,24.4,41.7,1
26.88211522,88.3195318,2356.3,37.54,170.0,35.8,22.0,42.2,1.2,37.1,127.5,234.1,1
25.31006064,94.48265093,1360.1,42.66,15.5,33.3,27.4,39.3,1.2,16.9,45.0,152.4,1
27.0869,93.6086,2429.8,41.75,138.6,35.6,20.9,43.5,1.2,3.2,91.6,359.5,1
26.1445,91.7362,55.0,2.1,261.1,22.0,45.0,33.0,1.2,8.6,24.0,49.6,0
26.9974,88.4314,1611.8,46.59,297.3,32.1,30.4,37.6,1.2,14.3,32.4,101.2,1
26.0207,89.9744,38.0,1.5,349.8,24.0,45.0,33.0,1.2,34.5,108.6,232.2,0
26.3212,91.0065,48.0,1.7,354.5,23.5,45.0,33.0,1.2,2.5,2.5,2.5,0
26.89,88.47,2642.9,50.1,356.5,37.2,18.8,44.0,1.2,1.0049888404060905,3.896078878503114,6.086703886488623,0
23.899,94.1434,1255.3,32.41,12.6,32.5,29.0,38.5,1.2,0.9862545760739683,0.7954089526401313,2.9699580220618502,0
24.9111,94.4759,1468.7,36.17,198.5,34.1,25.7,40.1,1.2,10.6,120.9,253.8,1
27.4,92.35,1675.1,42.6,267.5,31.9,28.8,39.3,1.2,0.06894532810382331,1.6318228169048123,5.500520157863486,0
27.4728,94.912,108.0,1.8,111.4,21.0,45.0,33.0,1.2,21.8,88.60000000000001,200.3,0
26.8352,88.1881,2670.4,46.02,177.1,37.4,18.5,44.2,1.2,21.4,52.6,131.3,1
25.48,94.1383,1889.5,47.96,102.2,37.4,19.2,43.4,1.2,16.6,44.7,90.2,1
25.4749,93.1477,1288.9,32.22,357.7,40.4,15.2,44.4,1.2,36.5,95.8,128.20000000000002,1
24.4279,94.0564,1684.6,40.47,348.5,35.8,22.4,41.8,1.2,5.0,9.9,135.6,1
24.9925,93.5,1216.0,30.77,352.6,36.4,20.7,43.0,1.2,0.47588061305806056,3.385850075654695,4.237051050156859,0
26.99195749,88.42280921,2532.2,51.68,30.0,36.7,20.0,43.3,1.2,19.8,166.79999999999998,281.3,1
25.5084,90.2191,1615.2,30.15,28.3,40.3,16.8,42.9,1.2,0.9075131906005588,3.272861975470985,0.5552720918733254,0
26.0207,89.9744,38.0,1.5,233.9,24.0,45.0,33.0,1.2,15.3,32.7,105.0,0
25.682,94.1076,936.2,41.72,269.4,33.9,26.3,39.8,1.2,18.4,68.6,101.6,1
25.8702,94.7844,829.7,39.69,36.8,29.2,35.5,35.2,1.2,0.47094356041131796,0.8639471353322805,2.338803579500138,0
24.808,93.117,861.1,29.87,266.4,33.2,27.8,39.0,1.2,1.0625131068572107,3.9993694443827956,7.198883842873043,0
25.0672,93.4093,1232.4,41.2,101.3,36.5,20.4,43.1,1.2,35.0,76.9,127.9,1
26.88405686,88.28087032,2167.7,34.87,237.8,34.8,24.1,41.0,1.2,0.4095683328920601,2.872761308547953,0.4309526695737347,0
26.6528,92.7926,68.0,1.9,263.3,22.5,45.0,33.0,1.2,21.8,71.5,198.4,0
26.9015,88.4719,2395.6,51.65,314.9,36.0,21.5,42.5,1.2,0.5727317439204648,1.6536037983683762,0.46769940620712713,0
27.337,88.609,2744.2,49.98,178.7,37.7,17.6,44.7,1.2,0.030090869785706076,2.760039153617929,6.602977803597675,0
27.0736,88.4779,2620.5,39.07,140.0,37.1,19.0,43.9,1.2,43.3,96.2,543.0,1
26.6528,92.7926,68.0,1.9,275.6,22.5,45.0,33.0,1.2,20.3,43.6,92.7,0
28.3036,95.4112,1802.1,50.41,162.0,32.5,27.5,40.0,1.2,0.3777798861502201,1.5889634247106188,5.690043879142734,0
26.7271,88.3953,120.0,2.4,295.8,21.5,45.0,33.0,1.2,22.7,104.4,217.9,0
28.4659,95.86,1977.2,49.33,165.5,33.4,25.6,41.0,1.2,0.4510831085561653,1.957769420525087,2.3280553002990176,0
27.0377,88.3603,1742.8,49.51,156.2,32.7,28.9,38.4,1.2,109.7,206.2,235.7,1
25.426,94.6024,1479.0,45.42,18.8,34.2,25.6,40.2,1.2,1.2071598472891627,0.4008509232990356,7.074306335260014,0
25.1604,93.6795,1193.2,46.96,154.9,32.0,30.0,38.0,1.2,1.1,10.0,24.4,1
24.837,93.9128,1800.7,47.64,27.7,36.7,20.6,42.7,1.2,25.3,66.4,73.60000000000001,1
26.9435,88.4445,2459.1,50.69,100.3,36.3,20.8,42.9,1.2,44.2,122.1,241.0,1
26.7271,88.3953,120.0,2.4,142.4,21.5,45.0,33.0,1.2,43.9,85.1,161.7,0
26.3463,92.6841,62.0,1.6,223.6,22.0,45.0,33.0,1.2,6.8,24.1,78.6,0
27.4728,94.912,108.0,1.8,331.8,21.0,45.0,33.0,1.2,3.8,23.7,84.6,0
25.6682,94.1099,888.7,39.36,267.5,33.5,27.2,39.3,1.2,36.8,85.6,145.6,1
27.2298,94.0989,1687.0,51.58,159.7,31.9,28.7,39.4,1.2,1.8,71.60000000000001,136.8,1
26.0977,94.7031,1147.5,39.2,313.9,35.8,22.1,42.2,1.2,1.3837130098715198,1.0126275021572333,6.039141304848598,0
25.5728,91.885,978.1,38.54,295.5,35.7,27.3,37.1,1.2,68.2,179.4,355.9,1
24.9849,92.8411,1221.1,39.45,64.8,36.4,20.6,43.0,1.2,18.9,64.9,77.8,1
27.0375,88.2627,1263.3,50.83,181.4,30.3,34.3,35.4,1.2,0.3657438207042661,0.6471171289827637,3.165883766970328,0
26.3463,92.6841,62.0,1.6,87.2,22.0,45.0,33.0,1.2,2.8,24.9,162.9,0
26.1445,91.7362,55.0,2.1,94.3,22.0,45.0,33.0,1.2,10.4,21.7,21.7,0
27.4728,94.912,108.0,1.8,124.2,21.0,45.0,33.0,1.2,4.1,21.9,71.4,0
27.2298,94.0989,1687.0,51.58,159.7,31.9,28.7,39.4,1.2,0.17608395689579498,2.468986201797262,5.689406244446376,0
24.2451,94.0691,825.0,45.97,0.7,29.2,35.6,35.2,1.2,0.4394275286137548,2.098634429192556,1.203060852329374,0
27.1667,88.35,1537.1,43.93,223.6,31.7,31.2,37.1,1.2,25.2,319.6,589.2,1
24.1419,94.1078,1381.3,45.26,160.1,33.5,27.1,39.5,1.2,0.31233811954790697,3.5120828956015653,3.036428921338178,0
25.6263,94.1057,1102.7,46.75,80.4,31.3,31.3,37.3,1.2,0.6980453141234861,3.3761254087429626,3.979966004547882,0
26.3463,92.6841,62.0,1.6,64.8,22.0,45.0,33.0,1.2,18.9,64.9,77.8,0
26.3463,92.6841,62.0,1.6,36.4,22.0,45.0,33.0,1.2,28.5,87.3,317.0,0
25.1941,94.4481,1944.5,41.35,355.7,37.8,18.4,43.8,1.2,8.4,84.39999999999999,154.3,1
27.7,92.8,1037.7,44.69,182.8,28.7,35.5,35.8,1.2,0.18684294712256982,2.1430126318225273,7.144827278312985,0
26.6528,92.7926,68.0,1.9,50.7,22.5,45.0,33.0,1.2,1.4,35.9,162.6,0
26.0214,94.5224,1130.8,46.75,333.2,31.5,30.9,37.5,1.2,27.3,47.6,90.2,1
24.8669,92.3576,696.4,40.73,223.9,31.7,31.1,37.2,1.2,1.274843469585501,1.6540482094655942,3.414306556173199,0
24.7625,93.4341,741.4,31.41,153.7,32.1,30.2,37.7,1.2,0.040589340556316966,1.982658048119522,5.746264967800307,0
26.0207,89.9744,38.0,1.5,317.2,24.0,45.0,33.0,1.2,50.3,87.1,134.4,0
27.0713,88.4308,1351.9,46.71,111.4,30.8,33.3,35.9,1.2,0.9655885120261777,3.856802580844843,1.0323535082413677,0
26.0481,94.4619,772.4,39.18,334.9,32.4,29.6,38.0,1.2,4.9,17.4,39.3,1
26.3463,92.6841,62.0,1.6,42.1,22.0,45.0,33.0,1.2,10.0,53.599999999999994,165.9,0
26.9986,95.4993,1824.0,42.97,90.5,32.6,27.2,40.1,1.2,44.5,109.8,262.1,1
26.7324,88.4089,1957.0,52.0,161.0,33.8,26.5,39.7,1.2,0.04181199848846684,2.1985097362222583,0.3418425997969967,0
26.1868,91.6739,1234.4,37.78,29.4,36.5,20.3,43.2,1.2,35.3,132.0,251.3,1
26.5413,88.7196,85.0,1.8,0.7,23.0,45.0,33.0,1.2,4.1,10.2,123.8,0
24.8286,93.5935,1638.4,47.76,203.2,35.4,23.1,41.4,1.2,23.2,67.2,108.1,1
25.1333,93.9667,1699.2,31.17,240.9,35.9,22.2,41.9,1.2,7.5,30.1,134.9,1
27.4728,94.912,108.0,1.8,164.2,21.0,45.0,33.0,1.2,3.7,6.7,85.39999999999999,0
26.1445,91.7362,55.0,2.1,58.3,22.0,45.0,33.0,1.2,4.4,166.1,566.7,0
26.3463,92.6841,62.0,1.6,314.0,22.0,45.0,33.0,1.2,53.9,126.7,317.0,0
26.5413,88.7196,85.0,1.8,355.4,23.0,45.0,33.0,1.2,3.2,17.0,101.5,0
23.3439,93.0748,1799.0,45.81,63.7,36.7,20.6,42.7,1.2,0.2542472027554813,1.2906793565107382,6.3700565068614585,0
27.04,88.264,2425.8,49.01,243.6,36.1,21.2,42.7,1.2,31.2,40.5,117.3,1
26.3897,94.9439,610.3,41.03,76.4,31.0,32.8,36.2,1.2,19.2,41.1,102.0,1
26.3463,92.6841,62.0,1.6,298.2,22.0,45.0,33.0,1.2,12.8,19.3,68.2,0
26.5413,88.7196,85.0,1.8,142.1,23.0,45.0,33.0,1.2,16.4,431.4,657.3,0
27.3425,88.2426,1661.1,46.38,334.4,32.3,29.8,37.9,1.2,35.4,54.1,144.6,1
26.0207,89.9744,38.0,1.5,83.3,24.0,45.0,33.0,1.2,14.2,23.6,55.9,0
27.3721,88.708,1307.8,51.43,218.4,30.5,33.8,35.7,1.2,0.49329452731863405,3.7977484196523847,6.40148803664526,0
23.9278,94.0906,852.4,36.18,1.5,29.4,35.2,35.4,1.2,16.4,431.4,657.3,1
26.7271,88.3953,120.0,2.4,201.2,21.5,45.0,33.0,1.2,5.0,35.1,84.6,0
25.4379,94.1162,658.6,39.78,114.3,31.4,31.8,36.8,1.2,16.2,33.0,110.9,1
28.9205,95.3429,1766.5,44.0,53.3,32.3,27.9,39.8,1.2,1.0195167563849554,2.5714637891772383,6.23125267659559,0
26.6528,92.7926,68.0,1.9,167.6,22.5,45.0,33.0,1.2,10.0,52.2,88.0,0
25.1775,93.0123,1288.9,32.59,321.7,40.4,15.2,44.4,1.2,1.223771212653281,3.394800265211336,0.6985099084412232,0
26.5413,88.7196,85.0,1.8,156.2,23.0,45.0,33.0,1.2,109.7,206.2,235.7,0
27.4728,94.912,108.0,1.8,182.8,21.0,45.0,33.0,1.2,152.8,257.3,397.1,0
25.0633,92.8025,1153.3,43.04,352.5,39.1,17.9,42.9,1.2,0.5832617013866639,1.028788510832936,1.5641987799658956,0
26.7271,88.3953,120.0,2.4,308.6,21.5,45.0,33.0,1.2,27.4,50.6,89.5,0
26.1771,91.7599,981.7,26.33,343.3,34.3,25.4,40.4,1.2,0.660373035701038,1.5797747524814012,1.8924997670233132,0
26.1619,91.7697,932.1,28.86,233.3,33.8,26.4,39.8,1.2,1.1407501834982612,0.04207786363373378,1.2685673985207613,0
27.125,93.7145,2233.4,48.82,314.7,34.7,22.9,42.4,1.2,40.2,94.3,130.5,1
25.5576,91.8506,1337.5,30.74,199.2,38.3,21.4,40.3,1.2,1.0733669599491757,0.5160225102665263,3.4785973250714814,0
24.3481,94.1146,1660.6,45.75,23.8,35.6,22.8,41.6,1.2,17.3,304.90000000000003,508.4,1
28.9986,94.8885,958.0,50.17,109.2,28.3,36.4,35.3,1.2,0.3559981330823966,0.3511210992964835,4.053221683719993,0
26.1468,91.6469,773.1,41.69,262.9,32.4,29.5,38.0,1.2,0.4861531062404468,3.2864798719755064,1.7788888747409333,0
26.3212,91.0065,48.0,1.7,102.2,23.5,45.0,33.0,1.2,16.6,44.7,90.2,0
25.0985,94.3619,2044.1,48.0,34.5,38.6,16.9,44.6,1.2,0.7480451134570939,3.6073420490685346,2.4219295299697166,0
27.6438,93.871,1183.1,45.13,77.7,29.4,34.0,36.6,1.2,11.6,37.9,157.6,1
25.2568,92.3825,1371.3,43.8,272.3,38.5,20.8,40.6,1.2,51.9,144.6,237.4,1
26.09748244,91.8744337,1539.5,34.16,349.8,39.7,18.1,42.2,1.2,34.5,108.6,232.2,1
24.9925,93.5,1216.0,30.77,352.6,36.4,20.7,43.0,1.2,9.4,24.200000000000003,93.4,1
26.3463,92.6841,62.0,1.6,236.1,22.0,45.0,33.0,1.2,15.6,54.0,127.9,0
27.4728,94.912,108.0,1.8,139.1,21.0,45.0,33.0,1.2,26.2,65.1,86.6,0
26.87324244,88.29184021,1238.7,43.25,144.9,30.2,34.6,35.2,1.2,0.1613850707903004,3.6774917026049807,5.394003569633967,0
26.0214,94.5224,1130.8,46.75,333.2,31.5,30.9,37.5,1.2,0.49462914135525954,2.6380661399661562,4.78060154226293,0
26.3463,92.6841,62.0,1.6,217.3,22.0,45.0,33.0,1.2,20.3,45.9,87.5,0
25.0888,92.8551,939.9,46.0,200.5,37.1,22.2,40.7,1.2,1.2644653319986003,1.8756242576176683,2.216798390690818,0
26.2363,94.8133,1283.8,40.14,355.4,37.0,19.3,43.7,1.2,3.2,17.0,101.5,1
26.9015,88.4719,2395.6,51.65,314.9,36.0,21.5,42.5,1.2,116.3,236.1,531.2,1
25.6633,94.4703,1922.5,43.48,139.1,37.6,18.7,43.6,1.2,0.43067612158284296,3.3071715655406297,0.037911754674064824,0
24.837,93.9128,1800.7,47.64,27.7,36.7,20.6,42.7,1.2,1.3543189477047677,2.212156348540265,4.925256303362673,0
26.5413,88.7196,85.0,1.8,80.4,23.0,45.0,33.0,1.2,39.7,65.8,97.4,0
27.322,88.6087,2243.0,41.33,23.5,35.2,23.3,41.5,1.2,4.7,8.4,37.6,1
25.0118,94.3136,1349.5,32.61,87.2,33.2,27.5,39.2,1.2,0.04228522769190507,3.193686690469235,3.1900670097364365,0
26.0207,89.9744,38.0,1.5,36.2,24.0,45.0,33.0,1.2,46.1,90.4,155.3,0
26.7271,88.3953,120.0,2.4,184.5,21.5,45.0,33.0,1.2,66.6,180.4,325.09999999999997,0
26.1001,91.6849,835.7,33.13,157.4,33.0,28.3,38.7,1.2,0.29392735356628547,2.3484060907926105,5.068946682335679,0
27.0095,88.2592,2421.5,41.37,315.5,36.1,21.3,42.6,1.2,1.1099150434652507,3.5041478902319034,1.3017182630819724,0
27.4728,94.912,108.0,1.8,277.9,21.0,45.0,33.0,1.2,27.8,36.6,250.1,0
26.3212,91.0065,48.0,1.7,101.3,23.5,45.0,33.0,1.2,35.0,76.9,127.9,0
26.6528,92.7926,68.0,1.9,136.6,22.5,45.0,33.0,1.2,0.0,12.3,29.9,0
26.8905,88.2789,1890.8,36.76,159.5,33.5,27.2,39.3,1.2,19.0,44.8,320.3,1
26.048,91.8695,1063.4,41.93,82.3,36.3,25.9,37.8,1.2,3.5,100.2,506.3,1
26.1445,91.7362,55.0,2.1,253.1,22.0,45.0,33.0,1.2,22.8,48.6,108.0,0
25.8877,94.7861,718.2,31.73,116.7,31.9,30.6,37.4,1.2,0.6556271463290586,1.720792598091636,3.3828332562509766,0
24.9336,93.8275,1065.3,46.98,7.3,31.0,31.9,37.0,1.2,15.6,40.1,76.2,1
26.1961,91.7825,669.1,31.79,330.8,31.5,31.6,36.9,1.2,0.3987214130655466,3.2531213406558215,7.560271674388256,0
25.5265,93.8673,603.8,40.7,40.2,30.9,32.9,36.2,1.2,26.1,72.1,108.2,1
25.203,90.5573,753.1,39.85,180.1,34.0,30.9,35.0,1.2,16.6,97.0,175.9,1
26.9722,88.4481,1576.6,41.06,260.5,31.9,30.8,37.4,1.2,1.4994543410696717,2.021620110595279,0.06993119212417742,0
27.8835,96.9262,2699.5,34.95,360.0,37.0,18.0,45.0,1.2,0.12303779503263051,1.6567402268918108,7.455220022140412,0
26.1807,94.5497,1152.3,41.65,314.1,35.8,22.0,42.2,1.2,9.3,30.0,77.5,1
26.3463,92.6841,62.0,1.6,130.2,22.0,45.0,33.0,1.2,9.6,100.1,333.7,0
25.8702,94.7844,829.7,39.69,36.8,29.2,35.5,35.2,1.2,3.6,13.9,135.9,1
24.9926,93.4946,1057.2,28.62,58.3,35.0,23.9,41.2,1.2,1.1105356356014051,2.7792799875660164,1.6509391798060191,0
26.3335,94.5512,532.9,38.8,217.3,30.3,34.3,35.4,1.2,1.41893610055977,2.0258641653536933,1.6565182610923515,0
27.4728,94.912,108.0,1.8,122.6,21.0,45.0,33.0,1.2,63.1,160.0,312.2,0
26.9986,95.4993,1824.0,42.97,90.5,32.6,27.2,40.1,1.2,1.1293780303926884,2.042970396830108,4.594456027042475,0
26.1016,91.6906,1066.4,27.6,310.7,35.0,23.7,41.3,1.2,0.44493786896858456,2.7958528860439444,1.2613055584600232,0
26.3463,92.6841,62.0,1.6,34.5,22.0,45.0,33.0,1.2,5.7,7.3,16.9,0
26.1963,91.8074,1329.7,41.54,357.2,37.4,18.4,44.2,1.2,1.391779272637518,1.2093735188183192,6.268676361354751,0
26.3463,92.6841,62.0,1.6,99.6,22.0,45.0,33.0,1.2,22.2,85.3,221.9,0
25.6633,94.4703,1922.5,43.48,139.1,37.6,18.7,43.6,1.2,26.2,65.1,86.6,1
26.3463,92.6841,62.0,1.6,200.5,22.0,45.0,33.0,1.2,17.3,106.4,237.3,0
25.6269,94.1139,1373.6,32.85,322.9,37.8,17.5,44.7,1.2,27.1,39.1,96.5,1
26.1445,91.7362,55.0,2.1,159.9,22.0,45.0,33.0,1.2,15.4,34.2,76.9,0
27.0161,88.2478,2256.2,39.13,203.8,35.3,23.1,41.6,1.2,19.8,91.6,184.9,1
26.6528,92.7926,68.0,1.9,74.7,22.5,45.0,33.0,1.2,52.0,119.9,204.2,0
25.2946,92.8339,1022.4,41.46,311.6,37.9,20.6,41.6,1.2,77.9,136.9,168.6,1
27.0736,88.4779,2620.5,39.07,140.0,37.1,19.0,43.9,1.2,0.8873217802347997,2.8646825507836753,1.488328947982117,0
27.0087,88.443,1791.2,45.93,301.3,33.0,28.3,38.7,1.2,14.3,32.4,101.2,1
26.9974,88.4314,1611.8,46.59,297.3,32.1,30.4,37.6,1.2,1.1735462312048854,0.9287754754188695,2.710707541614873,0
25.5242,92.9914,1012.2,41.03,275.2,37.8,20.8,41.4,1.2,1.21968773979138,2.8330334960817325,6.596702100372163,0
26.0207,89.9744,38.0,1.5,173.9,24.0,45.0,33.0,1.2,4.2,34.8,236.2,0
26.3463,92.6841,62.0,1.6,168.4,22.0,45.0,33.0,1.2,15.3,96.8,137.6,0
26.0207,89.9744,38.0,1.5,252.1,24.0,45.0,33.0,1.2,109.7,172.5,245.6,0
27.7565,88.632,1554.9,47.05,80.0,31.8,31.0,37.2,1.2,1.5,7.1,28.9,1
26.88,88.28,1983.9,37.62,53.6,33.9,26.2,39.9,1.2,37.1,50.8,96.1,1
26.1445,91.7362,55.0,2.1,354.5,22.0,45.0,33.0,1.2,37.1,127.5,234.1,0
24.7543,93.5039,1704.5,34.35,169.0,36.0,22.1,42.0,1.2,10.2,21.7,57.5,1
26.49349035,91.72137514,941.3,37.78,341.7,33.9,26.2,39.9,1.2,0.8204997736734265,0.4492402219906455,6.284392237642554,0
25.5006,90.0896,1403.5,42.87,201.4,38.8,20.3,40.9,1.2,0.11859082433842988,1.9329131593045856,3.979324197241369,0
27.3746,88.7648,1213.0,44.25,252.3,30.1,34.9,35.1,1.2,1.2478605835481547,1.6091115245196819,1.998968974019185,0
26.8545,88.3372,2547.5,43.42,30.3,36.7,19.8,43.4,1.2,0.430689535253702,1.742758558684192,5.306783796476341,0
26.8833,88.2833,2199.2,38.07,94.5,35.0,23.8,41.2,1.2,200.5,391.4,496.5,1
25.5145,90.2023,1643.1,44.88,317.2,40.5,16.4,43.1,1.2,50.3,87.1,134.4,1
27.9032,96.174,1689.7,49.51,123.8,31.9,28.7,39.4,1.2,0.2862303608755163,2.0521536750708007,1.808934458741681,0
26.5413,88.7196,85.0,1.8,304.7,23.0,45.0,33.0,1.2,154.4,293.0,337.3,0
26.7271,88.3953,120.0,2.4,109.6,21.5,45.0,33.0,1.2,2.0,66.0,153.6,0
25.682,94.1076,936.2,41.72,269.4,33.9,26.3,39.8,1.2,0.1250802782287218,1.124409979480868,4.064260182544284,0
26.6528,92.7926,68.0,1.9,22.4,22.5,45.0,33.0,1.2,13.2,48.5,196.3,0
26.8781,88.2807,2695.9,37.99,285.7,37.5,18.2,44.3,1.2,26.5,49.4,121.3,1
24.4638,92.4943,750.2,31.13,226.0,32.2,30.0,37.8,1.2,31.7,70.4,125.4,1
27.4728,94.912,108.0,1.8,25.2,21.0,45.0,33.0,1.2,33.4,109.0,251.0,0
28.8254,96.1517,1401.1,50.37,118.0,30.5,31.7,37.8,1.2,22.9,44.9,51.2,1
26.6528,92.7926,68.0,1.9,6.8,22.5,45.0,33.0,1.2,26.5,165.1,467.6,0
27.44,92.2833,1489.3,40.88,11.8,30.9,30.8,38.3,1.2,5.0,13.7,165.7,1
26.5413,88.7196,85.0,1.8,144.7,23.0,45.0,33.0,1.2,3.7,15.3,28.3,0
26.3212,91.0065,48.0,1.7,357.7,23.5,45.0,33.0,1.2,25.7,73.6,199.9,0
25.3612,92.2845,1548.5,44.83,350.1,39.8,17.9,42.3,1.2,18.3,139.5,231.6,1
26.6528,92.7926,68.0,1.9,281.6,22.5,45.0,33.0,1.2,9.9,97.7,161.8,0
26.74452462,88.40011959,1924.5,51.36,124.3,33.6,26.8,39.5,1.2,30.7,124.4,243.5,1
26.6528,92.7926,68.0,1.9,153.7,22.5,45.0,33.0,1.2,12.5,35.6,94.9,0
27.6047,88.6463,2531.0,37.19,173.9,36.7,20.0,43.3,1.2,4.2,34.8,236.2,1
26.72,95.029,1158.7,38.48,98.3,35.9,21.8,42.3,1.2,1.2785578629393957,2.5491155744900853,3.5242867716159605,0
24.7339,93.9161,1901.2,36.83,354.5,37.5,19.1,43.5,1.2,2.5,2.5,2.5,1
27.5754,91.9754,1769.2,42.43,269.4,32.3,27.8,39.8,1.2,6.8,10.7,54.7,1
26.0207,89.9744,38.0,1.5,164.2,24.0,45.0,33.0,1.2,53.6,131.3,263.3,0
23.3439,93.0748,1799.0,45.81,63.7,36.7,20.6,42.7,1.2,18.8,38.5,63.8,1
25.5215,93.1645,1060.2,29.74,349.0,38.3,19.8,41.9,1.2,2.7,9.9,104.7,1
26.1445,91.7362,55.0,2.1,76.4,22.0,45.0,33.0,1.2,19.2,41.1,102.0,0
26.1445,91.7362,55.0,2.1,276.8,22.0,45.0,33.0,1.2,2.1,136.2,275.6,0
24.7979,92.9974,1336.7,41.87,69.5,37.4,18.3,44.3,1.2,0.8419687487680638,3.536003614972726,2.6446796533309156,0
27.167,88.3652,2183.9,46.34,130.1,34.9,23.9,41.1,1.2,1.4278448858420616,3.404604495534128,6.174876366005093,0
27.1499,88.38,1421.0,51.39,257.0,31.1,32.5,36.4,1.2,0.9722136117324822,3.9295865970003883,3.280226387234298,0
27.8837,93.0515,1340.1,48.3,152.8,30.2,32.4,37.4,1.2,0.8729346779657583,2.132605855827689,0.4230978240493748,0
24.8063,93.9482,1629.6,31.18,131.0,35.4,23.2,41.4,1.2,0.8,15.9,51.1,1
26.7103,94.693,1248.2,34.79,353.9,36.7,20.0,43.3,1.2,26.4,50.8,115.5,1
26.1445,91.7362,55.0,2.1,90.5,22.0,45.0,33.0,1.2,44.5,109.8,262.1,0
26.1445,91.7362,55.0,2.1,83.4,22.0,45.0,33.0,1.2,7.5,40.9,155.6,0
27.8385,88.556,2374.2,46.53,278.4,35.9,21.8,42.3,1.2,21.5,73.7,201.3,1
27.0771,88.482,1298.2,46.84,2.2,30.5,33.9,35.6,1.2,1.3576662186593749,2.194542167729028,3.9223616510916957,0
26.0207,89.9744,38.0,1.5,82.3,24.0,45.0,33.0,1.2,3.5,100.2,506.3,0
27.5509,88.6475,2501.5,50.09,353.3,36.5,20.4,43.1,1.2,0.6761255381776244,0.22651319515312984,1.5787041208025094,0
27.5509,88.6475,2501.5,50.09,353.3,36.5,20.4,43.1,1.2,53.9,126.7,317.0,1
27.1032,93.6884,1464.4,47.97,263.3,30.8,31.0,38.1,1.2,0.9391748009247883,1.7471131627477274,3.964483949327824,0
26.3463,92.6841,62.0,1.6,195.4,22.0,45.0,33.0,1.2,55.8,142.1,184.5,0
24.819,94.3551,1328.1,47.96,122.6,33.1,27.9,39.1,1.2,0.6742099707363889,3.1470996312084596,1.5159174596723997,0
26.1044,91.7082,544.1,41.72,73.8,30.4,34.1,35.5,1.2,0.021838589479499293,1.5140242671824033,1.4886054356830378,0
27.15977181,88.63411246,2491.4,50.86,173.1,36.5,20.5,43.1,1.2,0.5467171444551662,2.124134192908095,1.048022395651122,0
27.125,93.7145,2233.4,48.82,314.7,34.7,22.9,42.4,1.2,1.1184593770719031,1.081297662637286,2.1940763887587433,0
26.1445,91.7362,55.0,2.1,216.0,22.0,45.0,33.0,1.2,7.3,20.5,123.1,0
26.7271,88.3953,120.0,2.4,67.4,21.5,45.0,33.0,1.2,0.0,49.0,242.0,0
27.4728,94.912,108.0,1.8,203.8,21.0,45.0,33.0,1.2,21.5,83.1,176.3,0
26.3463,92.6841,62.0,1.6,262.9,22.0,45.0,33.0,1.2,0.3,0.7,0.8,0
27.0375,88.2627,1263.3,50.83,181.4,30.3,34.3,35.4,1.2,6.4,39.3,179.0,1
25.4477,94.0489,2061.2,47.26,178.9,38.7,16.6,44.7,1.2,1.3426107713476583,0.8279316079112804,7.501021358492808,0
26.1028,91.8806,1227.8,39.72,317.1,36.5,20.4,43.1,1.2,0.20928438220277412,0.41309613855115623,3.7711756491469037,0
26.8716,94.9921,782.0,40.0,155.3,32.5,29.4,38.1,1.2,103.1,181.2,272.0,1
26.1833,91.8,867.8,35.11,86.7,33.3,27.6,39.1,1.2,1.359189667135862,1.3837725023855771,5.1240990121527465,0
23.7327,92.7463,1210.3,37.81,47.4,32.2,29.7,38.2,1.2,1.3891133119567693,2.331629797155984,1.775006934856271,0
26.3212,91.0065,48.0,1.7,333.8,23.5,45.0,33.0,1.2,55.6,107.4,253.8,0
26.5413,88.7196,85.0,1.8,196.7,23.0,45.0,33.0,1.2,37.1,127.5,234.1,0
26.89,88.47,2642.9,50.1,356.5,37.2,18.8,44.0,1.2,36.1,42.2,55.7,1
25.2745,94.0212,610.3,41.79,148.4,31.0,32.8,36.2,1.2,1.0109631371603487,0.19097303854382375,2.9349131724479625,0
27.0816,88.4397,2411.7,41.62,63.3,36.1,21.4,42.6,1.2,0.882717481408025,0.8589453836424177,7.467417114421877,0
23.8447,93.0514,1447.0,37.08,233.9,34.0,26.0,40.0,1.2,0.532873361631396,0.9576761215759015,6.491521125854013,0
25.0477,92.801,983.0,45.56,94.1,37.5,21.3,41.1,1.2,9.3,33.7,106.5,1
25.1604,93.6795,1193.2,46.96,154.9,32.0,30.0,38.0,1.2,1.3730517612440942,3.2690497407584997,2.5925179714825584,0
27.4728,94.912,108.0,1.8,126.2,21.0,45.0,33.0,1.2,19.6,48.5,173.1,0
27.339,88.6065,2250.1,48.75,275.6,35.3,23.2,41.6,1.2,0.2521234709082813,1.5166629703828982,2.1135436751464063,0
25.0633,92.8025,1153.3,43.04,352.5,39.1,17.9,42.9,1.2,12.2,65.0,136.4,1
26.99195749,88.42280921,2532.2,51.68,30.0,36.7,20.0,43.3,1.2,1.3104535047616501,2.0615268876028314,2.5540399173059427,0
24.004,93.9815,1205.6,35.48,155.2,32.1,29.8,38.1,1.2,16.4,431.4,657.3,1
26.0838,94.564,1242.3,40.58,101.7,36.6,20.2,43.2,1.2,4.9,17.4,39.3,1
27.5161,88.5575,2550.3,50.6,246.4,36.8,19.8,43.4,1.2,0.3417473433487312,2.797614297537112,0.6901669876738925,0
25.0318,92.4584,655.9,39.2,150.2,31.4,31.9,36.7,1.2,0.8505825305398289,0.9404161037965082,6.910092905397748,0
26.6528,92.7926,68.0,1.9,92.2,22.5,45.0,33.0,1.2,0.0,63.2,69.7,0
24.7459,93.4251,1786.0,46.56,99.3,36.6,20.8,42.6,1.2,0.2700341075650339,1.6708008088578539,1.0676631422730134,0
27.1027,88.1218,1793.5,51.21,85.4,33.0,28.3,38.7,1.2,1.2714872090381597,1.6054982136059945,1.7520856202810018,0
25.705,94.04,651.4,32.03,42.1,31.3,32.0,36.7,1.2,10.0,53.599999999999994,165.9,1
25.4538,93.9827,1067.0,39.26,43.4,31.1,31.9,37.1,1.2,21.8,88.60000000000001,200.3,1
26.3212,91.0065,48.0,1.7,152.8,23.5,45.0,33.0,1.2,17.7,31.9,156.2,0
27.5754,91.9754,1769.2,42.43,269.4,32.3,27.8,39.8,1.2,0.2177821838312219,1.9694859050098215,4.2296865583991,0
27.0987,93.816,2563.4,45.44,357.3,36.3,19.4,44.2,1.2,0.8783466792633288,1.9244572009602088,6.77552610717296,0
27.1032,93.6884,1464.4,47.97,263.3,30.8,31.0,38.1,1.2,21.8,71.5,198.4,1
26.3335,94.5512,532.9,38.8,217.3,30.3,34.3,35.4,1.2,20.3,45.9,87.5,1
27.1499,88.38,1421.0,51.39,257.0,31.1,32.5,36.4,1.2,17.3,43.3,303.8,1
26.84850975,88.26181745,2113.8,34.1,308.6,34.6,24.7,40.7,1.2,0.06398130135626906,1.4356524924367444,7.3139102319434715,0
26.222,94.9152,765.4,38.65,154.6,32.4,29.7,37.9,1.2,1.193006372906437,0.661752485987674,7.734362738288019,0
27.2333,94.1167,2442.8,34.47,246.9,35.7,20.7,43.6,1.2,0.0,37.2,45.7,1
25.8376,94.5234,927.8,32.31,269.1,33.8,26.4,39.8,1.2,5.8,16.599999999999998,29.2,1
26.7271,88.3953,120.0,2.4,269.4,21.5,45.0,33.0,1.2,18.4,68.6,101.6,0
26.3463,92.6841,62.0,1.6,297.3,22.0,45.0,33.0,1.2,14.3,32.4,101.2,0
27.3383,88.6069,2602.9,48.79,67.6,37.0,19.2,43.8,1.2,1.3492517547125418,3.6164628816551625,2.483203604231755,0
26.3463,92.6841,62.0,1.6,80.0,22.0,45.0,33.0,1.2,1.5,7.1,28.9,0
26.8781,88.2807,2695.9,37.99,285.7,37.5,18.2,44.3,1.2,0.08331320788178193,3.6585232660707874,6.245872252011587,0
26.1868,91.6739,1234.4,37.78,29.4,36.5,20.3,43.2,1.2,0.098073068272787,2.271003355729452,2.846268220613579,0
26.0207,89.9744,38.0,1.5,356.4,24.0,45.0,33.0,1.2,10.1,73.60000000000001,113.8,0
27.8776,94.25,1424.5,51.97,262.5,30.6,31.5,37.9,1.2,0.8292631726874734,2.492150602617358,7.710732093992017,0
26.1097,91.7747,1007.8,41.97,164.3,34.5,24.8,40.6,1.2,37.1,140.8,178.1,1
27.0678,88.456,2777.4,51.17,359.5,37.9,17.3,44.9,1.2,19.9,55.8,111.5,1
26.3212,91.0065,48.0,1.7,310.2,23.5,45.0,33.0,1.2,96.7,187.7,513.0,0
25.7354,90.3852,1452.7,41.91,59.0,39.1,19.5,41.4,1.2,10.1,54.7,94.5,1
23.75406693,92.74128531,1507.7,32.21,235.6,34.4,25.1,40.4,1.2,14.2,23.6,55.9,1
27.0366,88.263,1823.0,50.91,158.0,33.1,28.0,38.9,1.2,14.8,42.7,232.1,1
26.3463,92.6841,62.0,1.6,214.7,22.0,45.0,33.0,1.2,27.8,36.6,250.1,0
26.9435,88.4445,2459.1,50.69,100.3,36.3,20.8,42.9,1.2,1.4672655564006112,1.0748492776257978,0.3399743393929917,0
26.1147,94.3864,944.7,32.06,89.8,34.0,26.1,39.9,1.2,0.39297470592040584,3.568321362444409,2.0634888491874266,0
27.7565,88.632,1554.9,47.05,80.0,31.8,31.0,37.2,1.2,0.1912796327325933,1.3580347549469307,3.720410893911474,0
25.67,94.1066,1243.4,37.23,173.7,36.6,20.1,43.3,1.2,29.0,44.3,218.3,1
26.3463,92.6841,62.0,1.6,90.7,22.0,45.0,33.0,1.2,24.1,67.80000000000001,107.0,0
26.5413,88.7196,85.0,1.8,352.6,23.0,45.0,33.0,1.2,9.4,24.200000000000003,93.4,0
27.6047,88.6463,2531.0,37.19,173.9,36.7,20.0,43.3,1.2,1.4485336704879153,1.4844020570017378,2.601595248853628,0
25.2193,90.5549,1401.6,44.65,21.3,38.7,20.3,40.9,1.2,0.4246696974673587,3.6212735477315796,4.044334255084711,0
23.7269,92.7265,1383.2,42.6,124.2,33.5,27.0,39.5,1.2,0.8588820695778399,2.9153713817067057,7.85760013678831,0
26.1062,91.8717,530.7,32.24,1.2,30.3,34.4,35.3,1.2,1.3,94.0,317.8,1
26.3212,91.0065,48.0,1.7,214.6,23.5,45.0,33.0,1.2,7.6,21.8,114.2,0
24.7505,93.4221,1017.3,41.03,128.7,34.6,24.7,40.7,1.2,8.1,27.5,76.3,1
24.4279,94.0564,1684.6,40.47,348.5,35.8,22.4,41.8,1.2,0.018241340306391962,1.1820182281342744,6.861694422304374,0
27.1695,88.3664,2300.5,48.83,276.8,35.5,22.6,41.9,1.2,0.610735244565318,2.3485341953489747,4.466081710982267,0
27.4728,94.912,108.0,1.8,142.8,21.0,45.0,33.0,1.2,20.2,62.599999999999994,150.8,0
26.1548,91.7351,1226.8,26.09,353.1,36.5,20.5,43.1,1.2,0.48488833293780836,0.5684306086803934,1.3519248102810586,0
26.1961,91.7825,669.1,31.79,330.8,31.5,31.6,36.9,1.2,11.7,18.7,151.3,1
26.88211522,88.3195318,2356.3,37.54,170.0,35.8,22.0,42.2,1.2,0.40633643477240683,2.8872129199000214,3.3765069031791244,0
26.8546,88.3373,1733.3,43.61,336.0,32.7,29.0,38.3,1.2,54.9,131.29999999999998,284.5,1
22.6461,88.3403,1206.4,51.94,144.1,30.0,34.9,35.0,1.2,6.8,12.2,50.1,1
24.2315,92.6755,1382.0,43.23,160.1,33.5,27.0,39.5,1.2,0.14188925195783159,3.4809607919496264,5.064044250692722,0
25.7055,94.0132,1128.5,32.77,133.1,35.6,22.4,42.0,1.2,26.3,63.5,186.3,1
26.5413,88.7196,85.0,1.8,240.9,23.0,45.0,33.0,1.2,7.5,30.1,134.9,0
25.0728,92.3636,886.7,44.89,184.5,35.0,28.8,36.2,1.2,1.360618616994659,1.550627533741976,5.601478265395122,0
26.1445,91.7362,55.0,2.1,164.3,22.0,45.0,33.0,1.2,37.1,140.8,178.1,0
25.7902,94.1318,806.2,47.22,0.2,29.0,35.9,35.0,1.2,17.9,23.299999999999997,147.9,1
26.0207,89.9744,38.0,1.5,114.3,24.0,45.0,33.0,1.2,16.2,33.0,110.9,0
27.3543,88.6428,2691.7,51.95,357.6,37.5,18.2,44.3,1.2,0.5374957343569813,1.5011523534795859,4.716722388216743,0
25.9466,94.6279,1042.3,47.93,6.7,30.9,32.3,36.9,1.2,1.1862128928157223,0.6729292059396501,5.693702327595007,0
26.1662,91.7138,1135.7,41.69,169.4,35.7,22.3,42.1,1.2,21.7,51.599999999999994,86.1,1
26.9978,88.167,1313.7,51.31,146.6,30.6,33.7,35.7,1.2,0.28787135572039285,3.591732911466917,5.840105904849048,0
27.163,94.0,959.8,45.65,253.2,28.3,36.4,35.3,1.2,0.43960712613663033,0.973054983344313,1.7482790137518904,0
22.7176,92.8416,2096.5,47.31,215.9,39.0,16.1,45.0,1.2,19.6,43.400000000000006,79.3,1
26.3212,91.0065,48.0,1.7,158.6,23.5,45.0,33.0,1.2,43.3,96.2,543.0,0
27.3034,93.804,1382.1,46.34,117.6,30.4,31.9,37.7,1.2,0.0256179074778774,2.5983014438073058,1.4931006875685755,0
27.2879,88.2579,2008.7,38.61,126.2,34.0,25.9,40.1,1.2,0.8060474906739815,3.699915449157011,3.4818073158482132,0
24.0896,91.4663,996.9,35.24,199.9,34.4,25.1,40.5,1.2,0.625408185524453,1.1880416478430846,5.063531019247581,0
25.70223725,94.04619681,1129.5,26.57,205.2,35.6,22.4,42.0,1.2,0.9625260967056162,0.6720794078953167,1.2697007880929432,0
26.0207,89.9744,38.0,1.5,99.3,24.0,45.0,33.0,1.2,4.7,25.0,99.6,0
27.0096,88.2548,2141.1,34.75,21.2,34.7,24.4,40.9,1.2,16.1,44.4,129.6,1
25.70223725,94.04619681,1129.5,26.57,205.2,35.6,22.4,42.0,1.2,14.4,59.0,102.0,1
26.6528,92.7926,68.0,1.9,203.3,22.5,45.0,33.0,1.2,17.3,101.6,246.3,0
26.1445,91.7362,55.0,2.1,14.6,22.0,45.0,33.0,1.2,19.0,25.4,70.3,0
26.7271,88.3953,120.0,2.4,314.9,21.5,45.0,33.0,1.2,116.3,236.1,531.2,0
25.6703,94.1095,754.7,39.83,298.2,32.3,29.9,37.8,1.2,12.8,19.3,68.2,1
26.0207,89.9744,38.0,1.5,295.5,24.0,45.0,33.0,1.2,68.2,179.4,355.9,0
26.6528,92.7926,68.0,1.9,117.6,22.5,45.0,33.0,1.2,27.1,68.1,106.9,0
25.4749,93.1477,1288.9,32.22,357.7,40.4,15.2,44.4,1.2,0.048063858532749415,1.0733487225726805,4.112101087473601,0
27.0638,88.4659,1621.5,50.67,153.5,32.1,30.3,37.6,1.2,6.3,63.0,112.4,1
25.8143,90.5763,802.6,36.15,145.7,34.4,30.1,35.5,1.2,4.7,96.5,155.5,1
27.04357147,88.26522126,1550.8,45.95,259.9,31.8,31.1,37.2,1.2,0.13209044868681424,3.947396286646728,6.527858748562715,0
26.3463,92.6841,62.0,1.6,212.9,22.0,45.0,33.0,1.2,4.9,17.4,39.3,0
26.3212,91.0065,48.0,1.7,337.7,23.5,45.0,33.0,1.2,53.8,185.9,244.9,0
26.1445,91.7362,55.0,2.1,312.2,22.0,45.0,33.0,1.2,19.2,60.8,96.4,0
25.5215,93.1645,1060.2,29.74,349.0,38.3,19.8,41.9,1.2,0.7952436074844075,2.835294019902434,4.516170609282088,0
24.1293,92.6921,1438.2,40.83,125.7,33.9,26.2,39.9,1.2,1.048375998429458,1.6882006881870666,1.7635960724086326,0
28.3092,95.4149,2325.2,43.64,28.5,35.1,22.0,42.9,1.2,4.0,10.2,100.8,1
25.7428,93.9136,949.5,31.74,342.0,34.0,26.0,40.0,1.2,15.0,117.1,157.2,1
26.8073,88.3162,2649.8,37.14,176.6,37.2,18.7,44.1,1.2,0.9204842080012414,3.2967781851179416,6.040875773846222,0
26.1475,91.7356,1104.9,30.36,312.2,35.4,22.9,41.7,1.2,0.8910070502999133,1.2410726253291506,3.9394134227701487,0
26.3463,92.6841,62.0,1.6,280.0,22.0,45.0,33.0,1.2,66.9,88.30000000000001,218.0,0
27.4728,94.912,108.0,1.8,45.2,21.0,45.0,33.0,1.2,12.2,23.4,85.3,0
26.3463,92.6841,62.0,1.6,168.5,22.0,45.0,33.0,1.2,36.9,168.39999999999998,388.6,0
26.6528,92.7926,68.0,1.9,349.0,22.5,45.0,33.0,1.2,2.7,9.9,104.7,0
26.3212,91.0065,48.0,1.7,221.5,23.5,45.0,33.0,1.2,15.8,108.3,199.3,0
27.3736,88.7323,1854.8,47.73,50.7,33.3,27.6,39.1,1.2,1.4,35.9,162.6,1
28.1737,94.7596,1931.3,46.76,308.6,33.2,26.1,40.7,1.2,0.8777066718595483,3.3145900766380256,0.7279287152143503,0
25.0951,92.3567,846.5,41.89,39.2,34.7,29.4,35.9,1.2,12.8,46.6,157.29999999999998,1
24.2451,94.0691,825.0,45.97,0.7,29.2,35.6,35.2,1.2,4.1,10.2,123.8,1
27.2676,88.2891,2232.2,52.0,239.2,35.2,23.4,41.5,1.2,121.6,142.5,194.8,1
26.3212,91.0065,48.0,1.7,122.1,23.5,45.0,33.0,1.2,27.2,171.9,417.5,0
26.1226,91.7162,842.0,27.57,337.7,33.0,28.2,38.8,1.2,53.8,185.9,244.9,1
24.75,93.4333,883.7,30.17,267.3,33.4,27.3,39.3,1.2,1.4,17.400000000000002,76.60000000000001,1
26.159,91.8178,811.6,40.35,336.5,32.8,28.8,38.5,1.2,0.5384957571740785,0.9304712134604971,5.070142199576957,0
26.7271,88.3953,120.0,2.4,148.4,21.5,45.0,33.0,1.2,28.1,64.0,86.1,0
27.3425,88.6236,1504.3,43.22,6.8,31.5,31.6,36.9,1.2,0.7955061407748865,0.106363261125487,6.6444689404034465,0
26.6528,92.7926,68.0,1.9,159.5,22.5,45.0,33.0,1.2,15.3,24.4,41.7,0
26.6528,92.7926,68.0,1.9,77.7,22.5,45.0,33.0,1.2,11.6,37.9,157.6,0
26.1662,91.7138,1135.7,41.69,169.4,35.7,22.3,42.1,1.2,1.1065633486836937,0.47479647684168524,1.9936651122586584,0
27.4728,94.912,108.0,1.8,203.8,21.0,45.0,33.0,1.2,19.8,91.6,184.9,0
24.3527,94.3429,2018.0,43.33,357.7,38.4,17.3,44.4,1.2,0.35662190857856635,3.2090381400184693,6.308235082851333,0
26.7271,88.3953,120.0,2.4,178.0,21.5,45.0,33.0,1.2,9.3,30.0,77.5,0
26.5413,88.7196,85.0,1.8,9.8,23.0,45.0,33.0,1.2,12.2,32.6,91.6,0
26.7271,88.3953,120.0,2.4,269.3,21.5,45.0,33.0,1.2,0.7,0.7,2.6,0
26.8843,88.1835,2094.2,48.98,236.1,34.5,24.9,40.6,1.2,0.33544905635143957,1.9361380169653835,3.859826358103014,0
24.7679,93.4108,1065.5,41.9,94.6,35.0,23.7,41.3,1.2,29.9,69.9,90.1,1
26.1445,91.7362,55.0,2.1,83.8,22.0,45.0,33.0,1.2,111.4,163.6,392.4,0
25.6237,94.1136,1608.3,40.69,22.4,35.2,23.6,41.2,1.2,1.1746579398137131,2.1674391468681993,0.4536124864802389,0
26.0207,89.9744,38.0,1.5,18.7,24.0,45.0,33.0,1.2,6.4,21.6,88.6,0
26.8692,88.4695,1915.2,37.0,16.1,33.6,27.0,39.5,1.2,0.7422572041449269,3.7606444753435713,4.701889382735675,0
26.3212,91.0065,48.0,1.7,7.4,23.5,45.0,33.0,1.2,7.9,52.0,433.8,0
23.591,92.9296,1375.4,31.98,159.9,33.4,27.1,39.4,1.2,15.4,34.2,76.9,1
26.5413,88.7196,85.0,1.8,28.3,23.0,45.0,33.0,1.2,24.4,57.2,326.3,0
27.02459801,88.43849551,2694.8,49.31,249.6,37.5,18.2,44.3,1.2,0.03385857694594924,3.9416091656830257,3.3816255945834177,0
27.4728,94.912,108.0,1.8,322.3,21.0,45.0,33.0,1.2,46.1,108.3,266.5,0
25.2269,93.1658,1036.3,29.43,312.1,38.0,20.3,41.7,1.2,8.1,23.5,168.29999999999998,1
27.3702,88.7334,2255.2,47.12,95.7,35.3,23.1,41.6,1.2,1.3297928094002072,0.5423641391814029,7.328139707243343,0
26.0207,89.9744,38.0,1.5,223.9,24.0,45.0,33.0,1.2,53.9,160.1,229.9,0
27.4,92.35,1675.1,42.6,267.5,31.9,28.8,39.3,1.2,0.2,110.8,133.1,1
23.73504471,92.71060943,1841.2,35.78,352.8,37.0,20.0,43.0,1.2,14.2,23.6,55.9,1
26.1666,91.7042,601.7,38.99,148.1,30.9,33.0,36.1,1.2,30.3,76.6,182.1,1
25.83,94.13,694.3,30.6,331.8,31.7,31.1,37.2,1.2,3.8,23.7,84.6,1
26.6528,92.7926,68.0,1.9,223.3,22.5,45.0,33.0,1.2,33.3,252.8,415.6,0
25.5212,90.232,1428.9,45.89,130.2,38.9,19.9,41.2,1.2,59.4,173.5,255.2,1
26.5413,88.7196,85.0,1.8,71.5,23.0,45.0,33.0,1.2,15.1,35.8,68.6,0
26.1445,91.7362,55.0,2.1,203.2,22.0,45.0,33.0,1.2,23.2,67.2,108.1,0
22.479,92.967,1913.9,40.9,30.8,37.6,18.9,43.6,1.2,0.18198712398361616,3.272004531643034,2.473704072601924,0
27.3765,88.7628,2620.8,42.84,104.0,37.1,19.0,43.9,1.2,24.4,83.6,202.3,1
26.0207,89.9744,38.0,1.5,111.4,24.0,45.0,33.0,1.2,13.1,64.3,83.5,0
26.3212,91.0065,48.0,1.7,242.6,23.5,45.0,33.0,1.2,8.1,41.8,155.7,0
26.888,88.2796,2717.8,35.93,142.1,37.6,17.9,44.5,1.2,0.934335547255325,1.7890481615705691,3.6488057178721895,0
26.7271,88.3953,120.0,2.4,155.2,21.5,45.0,33.0,1.2,16.4,431.4,657.3,0
26.3186,94.5121,1263.7,41.42,66.5,36.8,19.7,43.5,1.2,0.43425539295229537,3.8490091017102013,7.345293018472539,0
26.8826,88.2806,1271.1,34.68,109.6,30.4,34.2,35.4,1.2,2.0,66.0,153.6,1
26.7271,88.3953,120.0,2.4,322.9,21.5,45.0,33.0,1.2,27.1,39.1,96.5,0
26.0137,94.5163,1323.6,40.21,212.9,37.3,18.5,44.2,1.2,4.9,17.4,39.3,1
23.74182634,92.7141905,1188.1,36.34,154.7,32.0,30.0,38.0,1.2,14.2,23.6,55.9,1
27.2084,88.4909,1489.9,48.61,186.5,31.4,31.7,36.8,1.2,0.5756786577112672,0.9636360879397206,0.8788970358237478,0
24.7992,93.948,1517.3,36.57,307.9,34.5,25.0,40.5,1.2,0.6849559150865138,2.2083977467464155,4.325449128073329,0
26.3212,91.0065,48.0,1.7,154.2,23.5,45.0,33.0,1.2,28.0,56.5,109.8,0
26.3463,92.6841,62.0,1.6,355.7,22.0,45.0,33.0,1.2,8.4,84.39999999999999,154.3,0
25.5728,91.885,978.1,38.54,295.5,35.7,27.3,37.1,1.2,0.3317468305719278,2.4110504238399453,0.2609750207966419,0
26.0207,89.9744,38.0,1.5,216.2,24.0,45.0,33.0,1.2,14.6,57.8,110.1,0
25.705,94.04,651.4,32.03,42.1,31.3,32.0,36.7,1.2,0.6317575350478555,2.9349199935446895,4.834783050531364,0
26.5413,88.7196,85.0,1.8,227.5,23.0,45.0,33.0,1.2,7.1,64.5,108.5,0
27.0011,93.7273,1545.8,34.85,48.9,31.2,30.2,38.6,1.2,13.0,45.7,109.0,1
27.0136,92.6351,1205.4,44.65,186.1,29.5,33.8,36.7,1.2,25.6,70.7,112.8,1
26.3463,92.6841,62.0,1.6,173.1,22.0,45.0,33.0,1.2,137.5,309.0,424.0,0
26.7271,88.3953,120.0,2.4,160.1,21.5,45.0,33.0,1.2,17.3,304.90000000000003,508.4,0
28.8254,96.1517,1401.1,50.37,118.0,30.5,31.7,37.8,1.2,0.011026033977792504,0.8136704470742542,0.1897498749157851,0
27.201,88.4883,1716.2,41.03,299.6,32.6,29.2,38.2,1.2,0.0548709773787735,0.5929615222143858,0.9217197122886498,0
25.5125,93.3613,518.1,40.8,144.7,30.2,34.6,35.2,1.2,3.7,15.3,28.3,1
25.4788,94.1399,990.5,41.8,55.6,34.4,25.2,40.4,1.2,1.072240793482881,0.6009872335592918,0.6212431495872304,0
27.3392,88.6188,2002.0,50.04,162.0,34.0,26.0,40.0,1.2,28.9,72.2,454.0,1
26.1295,91.7056,950.3,34.08,90.0,34.0,26.0,40.0,1.2,0.6061655546496199,3.8241461813771784,7.998314775224832,0
26.7271,88.3953,120.0,2.4,158.0,21.5,45.0,33.0,1.2,3.1,19.9,173.2,0
24.3527,94.3429,2018.0,43.33,357.7,38.4,17.3,44.4,1.2,25.7,73.6,199.9,1
27.172,88.5292,2595.6,41.33,67.4,37.0,19.3,43.7,1.2,0.05940107013894841,0.9632992762678096,1.4359482865781548,0
24.9037,93.487,1531.0,47.98,164.2,34.6,24.8,40.6,1.2,3.7,6.7,85.39999999999999,1
28.9205,95.3429,1766.5,44.0,53.3,32.3,27.9,39.8,1.2,9.2,50.1,165.7,1
26.5413,88.7196,85.0,1.8,22.2,23.0,45.0,33.0,1.2,1.8,12.5,71.2,0
23.7348,92.7187,2063.1,37.78,251.0,38.7,16.6,44.7,1.2,10.7,31.2,56.8,1
24.9786,93.5027,782.2,26.97,191.3,32.5,29.4,38.1,1.2,35.6,41.1,87.5,1
27.1034,93.6885,1046.1,48.17,290.9,28.7,35.5,35.8,1.2,19.8,59.5,77.5,1
24.3481,94.1146,1660.6,45.75,23.8,35.6,22.8,41.6,1.2,1.458393162513587,0.19598199976625041,5.3452734548368,0
26.1771,91.7599,981.7,26.33,343.3,34.3,25.4,40.4,1.2,21.7,51.599999999999994,86.1,1
26.1445,91.7362,55.0,2.1,211.9,22.0,45.0,33.0,1.2,51.9,144.6,237.4,0
26.0207,89.9744,38.0,1.5,198.5,24.0,45.0,33.0,1.2,10.6,120.9,253.8,0
26.3212,91.0065,48.0,1.7,333.0,23.5,45.0,33.0,1.2,9.3,30.0,77.5,0
25.6278,94.1051,1196.6,46.67,299.0,32.1,29.9,38.1,1.2,22.4,32.3,74.9,1
26.09748244,91.8744337,1539.5,34.16,349.8,39.7,18.1,42.2,1.2,0.915542274939217,0.27383555663711245,3.303831316562917,0
25.3056,93.1265,1287.7,28.73,321.6,40.4,15.2,44.3,1.2,148.6,237.7,283.2,1
26.5836,93.0038,1041.3,32.64,345.7,34.8,24.2,41.0,1.2,1.2275397441804865,3.248520247303869,1.5086840707163613,0
27.3383,88.6069,2602.9,48.79,67.6,37.0,19.2,43.8,1.2,15.8,34.4,89.1,1
26.7225,95.0281,510.1,38.77,108.4,30.1,34.8,35.1,1.2,8.2,31.9,116.7,1
25.616,94.1167,802.4,35.91,228.1,32.7,29.0,38.4,1.2,1.1599021866291754,2.453939225719535,7.243375499460659,0
26.0207,89.9744,38.0,1.5,54.3,24.0,45.0,33.0,1.2,50.4,157.3,224.5,0
26.6528,92.7926,68.0,1.9,249.6,22.5,45.0,33.0,1.2,137.5,309.0,424.0,0
26.3212,91.0065,48.0,1.7,324.2,23.5,45.0,33.0,1.2,0.0,1.7,17.2,0
26.1445,91.7362,55.0,2.1,345.2,22.0,45.0,33.0,1.2,125.6,276.1,370.4,0
27.172,88.5292,2595.6,41.33,67.4,37.0,19.3,43.7,1.2,0.0,49.0,242.0,1
26.0207,89.9744,38.0,1.5,218.4,24.0,45.0,33.0,1.2,16.4,49.2,103.3,0
27.7167,88.5577,2286.4,41.21,348.4,35.4,22.8,41.8,1.2,0.5561019061622492,0.5197003407511009,3.366356651026626,0
26.7271,88.3953,120.0,2.4,13.7,21.5,45.0,33.0,1.2,24.4,57.2,326.3,0
23.0137,91.7174,1298.7,41.41,319.9,37.1,19.0,43.9,1.2,11.2,37.8,89.3,1
25.5144,90.2167,1604.0,30.93,280.0,40.2,17.0,42.8,1.2,0.4138065767368014,3.72558406211171,4.593085207290294,0
26.1807,94.5497,1152.3,41.65,314.1,35.8,22.0,42.2,1.2,0.04984782702869528,1.859415290857028,5.231234777091605,0
26.1445,91.7362,55.0,2.1,318.1,22.0,45.0,33.0,1.2,4.7,8.4,37.6,0
25.6682,94.1099,888.7,39.36,267.5,33.5,27.2,39.3,1.2,1.3467420392247613,2.1462256032481664,0.9147952098273304,0
25.6703,94.1095,754.7,39.83,298.2,32.3,29.9,37.8,1.2,0.47584870235458543,2.4771310325109903,1.3009001835971112,0
26.7271,88.3953,120.0,2.4,357.2,21.5,45.0,33.0,1.2,10.0,34.4,145.9,0
26.0207,89.9744,38.0,1.5,285.7,24.0,45.0,33.0,1.2,26.5,49.4,121.3,0
26.1062,91.8717,530.7,32.24,1.2,30.3,34.4,35.3,1.2,0.3231642304818233,0.9375583470446687,0.8259703268745922,0
27.44,92.2833,1489.3,40.88,11.8,30.9,30.8,38.3,1.2,0.6598679163852634,2.3124112522383897,0.322951634516361,0
26.1445,91.7362,55.0,2.1,282.3,22.0,45.0,33.0,1.2,11.1,30.5,69.8,0
26.2363,94.8133,1283.8,40.14,355.4,37.0,19.3,43.7,1.2,1.1460616032002435,0.1848953860991136,0.7040293945051568,0
23.7705,92.5217,2079.1,38.53,287.4,38.8,16.3,44.8,1.2,1.4261195675899392,2.1025415008030173,6.224662873326002,0
25.61560252,94.11603493,729.3,36.83,45.2,32.0,30.4,37.5,1.2,0.8370559893116317,3.1387853315914147,7.139310013951048,0
26.7271,88.3953,120.0,2.4,39.2,21.5,45.0,33.0,1.2,12.8,46.6,157.29999999999998,0
26.6528,92.7926,68.0,1.9,257.0,22.5,45.0,33.0,1.2,19.4,43.0,102.6,0
27.1954,88.6115,2104.9,51.94,56.4,34.5,24.8,40.7,1.2,0.8347130771718563,0.6235267524668018,1.6180575515666709,0
27.4728,94.912,108.0,1.8,277.2,21.0,45.0,33.0,1.2,93.7,167.7,206.2,0
23.8986,91.7599,558.2,37.86,218.3,30.5,33.8,35.6,1.2,0.5490030723220786,1.4180065959840702,2.944497219421007,0
26.1324,91.8342,1339.9,41.76,357.6,37.5,18.2,44.3,1.2,0.5781178306266419,1.7382495429952596,0.7008122151850591,0
27.4728,94.912,108.0,1.8,218.3,21.0,45.0,33.0,1.2,20.2,122.9,214.0,0
24.9336,93.8275,1065.3,46.98,7.3,31.0,31.9,37.0,1.2,0.22533963297656512,1.1925548312862735,2.6991919796318786,0
27.3543,88.6428,2691.7,51.95,357.6,37.5,18.2,44.3,1.2,3.5,15.8,130.7,1
26.1445,91.7362,55.0,2.1,338.2,22.0,45.0,33.0,1.2,31.0,51.5,155.1,0
25.3098633,94.48214677,1216.0,43.29,191.5,32.2,29.6,38.2,1.2,0.48152477752259776,0.2191086609078794,4.183706888234325,0
27.0869,93.6086,2429.8,41.75,138.6,35.6,20.9,43.5,1.2,0.9784858508091807,2.7573602406676314,7.872248934744997,0
25.48,94.1383,1889.5,47.96,102.2,37.4,19.2,43.4,1.2,0.5291889523811202,1.0086744158003502,2.7695029532697246,0
27.4728,94.912,108.0,1.8,289.8,21.0,45.0,33.0,1.2,72.1,203.5,423.0,0
26.5413,88.7196,85.0,1.8,215.9,23.0,45.0,33.0,1.2,19.6,43.400000000000006,79.3,0
25.5144,90.2167,1604.0,30.93,280.0,40.2,17.0,42.8,1.2,66.9,88.30000000000001,218.0,1
27.8835,96.9262,2699.5,34.95,360.0,37.0,18.0,45.0,1.2,12.6,33.6,65.8,1
25.3908,94.0926,1059.1,32.5,115.2,31.0,32.0,37.0,1.2,0.47567817607217533,1.8180121918260985,7.131046736918954,0
24.5204,92.7264,1204.7,32.0,316.2,36.3,20.9,42.8,1.2,0.8344682130509671,3.977412140838842,3.229113375533431,0
23.4495,92.8112,1790.0,41.54,135.4,36.6,20.8,42.6,1.2,1.3,16.5,49.3,1
27.0087,88.443,1791.2,45.93,301.3,33.0,28.3,38.7,1.2,0.2692718611008449,2.159409370441363,3.8347958266365394,0
26.3212,91.0065,48.0,1.7,82.1,23.5,45.0,33.0,1.2,22.2,51.7,133.4,0
26.1445,91.7362,55.0,2.1,95.7,22.0,45.0,33.0,1.2,16.7,44.9,152.4,0
24.6869,93.9157,1837.9,47.83,28.7,37.0,20.0,43.0,1.2,0.820042461375884,3.176472379920094,4.6586212187383875,0
25.6623,94.1072,1117.9,33.65,132.7,35.5,22.6,41.9,1.2,1.2300140103700068,3.9989704101718786,7.39800663349395,0
26.0207,89.9744,38.0,1.5,237.8,24.0,45.0,33.0,1.2,111.4,163.6,392.4,0
27.3736,88.7323,1854.8,47.73,50.7,33.3,27.6,39.1,1.2,0.4328794673957496,3.286585448957516,4.265673646452376,0
28.8254,96.1509,2430.0,49.79,174.6,35.7,20.8,43.5,1.2,1.1174454704694998,0.08120291652148293,4.711823259393903,0
23.8986,91.7599,558.2,37.86,218.3,30.5,33.8,35.6,1.2,6.2,14.2,136.20000000000002,1
23.9939,94.0573,2032.8,37.11,142.1,38.5,17.0,44.5,1.2,0.6496551167235609,3.49856374267745,2.676314509802281,0
25.0118,94.3136,1349.5,32.61,87.2,33.2,27.5,39.2,1.2,2.8,24.9,162.9,1
26.8826,88.2788,2223.9,37.49,95.0,35.1,23.5,41.4,1.2,1.028107957065971,3.3403940824678457,2.3985758550047187,0
26.6528,92.7926,68.0,1.9,193.3,22.5,45.0,33.0,1.2,10.0,61.7,156.3,0
26.0207,89.9744,38.0,1.5,146.0,24.0,45.0,33.0,1.2,24.9,192.4,253.9,0
26.3212,91.0065,48.0,1.7,2.2,23.5,45.0,33.0,1.2,16.5,42.0,127.4,0
25.4243,88.2746,2142.6,43.91,201.2,34.7,24.4,40.9,1.2,0.5003619680561848,0.8939725561234981,3.866653355251617,0
24.6869,93.9157,1837.9,47.83,28.7,37.0,20.0,43.0,1.2,1.7,7.3,94.9,1
26.9722,88.4481,1576.6,41.06,260.5,31.9,30.8,37.4,1.2,87.1,166.5,335.4,1
27.4728,94.912,108.0,1.8,40.2,21.0,45.0,33.0,1.2,26.1,72.1,108.2,0
27.0998,93.6287,956.4,51.36,253.1,28.3,36.4,35.3,1.2,22.8,48.6,108.0,1
26.3212,91.0065,48.0,1.7,271.9,23.5,45.0,33.0,1.2,5.0,78.1,135.5,0
26.1049,91.7369,1113.5,40.56,168.5,35.5,22.7,41.8,1.2,36.9,168.39999999999998,388.6,1
27.5799,91.8569,1822.2,36.91,126.4,32.6,27.3,40.1,1.2,29.8,80.0,107.0,1
26.1309,91.8383,1353.8,41.89,214.2,37.6,17.9,44.5,1.2,24.5,47.5,94.6,1
26.3185,94.5247,1378.0,42.53,268.0,33.4,27.1,39.4,1.2,10.3,65.6,231.6,1
23.7269,92.7265,1383.2,42.6,124.2,33.5,27.0,39.5,1.2,4.1,21.9,71.4,1
23.74182634,92.7141905,1188.1,36.34,154.7,32.0,30.0,38.0,1.2,0.07963557404960014,3.4735112300389273,2.0906580687568015,0
26.3463,92.6841,62.0,1.6,334.4,22.0,45.0,33.0,1.2,35.4,54.1,144.6,0
26.5413,88.7196,85.0,1.8,290.9,23.0,45.0,33.0,1.2,19.8,59.5,77.5,0
27.4888,93.0153,1910.5,40.3,164.2,33.1,26.3,40.6,1.2,0.09528920851942735,1.7072617580786509,2.778860675253916,0
26.0207,89.9744,38.0,1.5,101.7,24.0,45.0,33.0,1.2,4.9,17.4,39.3,0
27.1761,88.5287,1255.7,39.09,217.3,30.3,34.4,35.3,1.2,1.4607614405750522,1.9978755866344566,1.9670678707675338,0
26.8867642,88.28044714,2556.4,36.3,354.5,36.8,19.7,43.5,1.2,37.1,127.5,234.1,1
25.5576,91.8506,1337.5,30.74,199.2,38.3,21.4,40.3,1.2,10.0,23.6,69.5,1
26.1445,91.7362,55.0,2.1,233.3,22.0,45.0,33.0,1.2,7.1,38.6,223.1,0
26.0207,89.9744,38.0,1.5,153.5,24.0,45.0,33.0,1.2,6.3,63.0,112.4,0
25.67,94.1066,1243.4,37.23,173.7,36.6,20.1,43.3,1.2,0.268316871213703,0.6900172060640966,1.346669220990301,0
25.6237,94.1136,1608.3,40.69,22.4,35.2,23.6,41.2,1.2,13.2,48.5,196.3,1
25.8782,94.1739,832.2,27.3,193.3,33.0,28.4,38.7,1.2,10.0,61.7,156.3,1
24.6108,92.562,933.1,35.64,269.3,33.8,26.3,39.8,1.2,0.4392592707750074,1.7474870870548576,3.1386093970250206,0
26.1475,91.7356,1104.9,30.36,312.2,35.4,22.9,41.7,1.2,19.2,60.8,96.4,1
25.4538,93.9827,1067.0,39.26,43.4,31.1,31.9,37.1,1.2,0.6706487802922103,3.7114796006646382,3.6779140073884884,0
26.1445,91.7362,55.0,2.1,250.5,22.0,45.0,33.0,1.2,12.4,126.0,209.1,0
26.8861,88.1704,2335.9,35.49,313.6,35.7,22.2,42.1,1.2,0.9470993188733765,1.1112430164430704,2.864435733466066,0
25.4243,88.2746,2142.6,43.91,201.2,34.7,24.4,40.9,1.2,5.0,35.1,84.6,1
25.3833,94.1884,1165.0,41.4,242.6,35.9,21.7,42.4,1.2,1.1286512210984088,3.9697508526982395,1.4434798316473874,0
26.1844,91.7896,1146.9,30.03,277.9,35.8,22.1,42.2,1.2,27.8,36.6,250.1,1
26.0207,89.9744,38.0,1.5,100.3,24.0,45.0,33.0,1.2,44.2,122.1,241.0,0
24.9667,93.55,2076.4,37.84,359.3,38.8,16.4,44.8,1.2,0.1805170531752915,0.22808490497768075,3.6299848780952972,0
24.4265,94.1913,995.7,47.86,41.4,30.5,33.0,36.5,1.2,1.2291063742882198,1.404393201365707,1.439250811895552,0
26.1498,94.6055,724.3,39.13,333.0,32.0,30.5,37.5,1.2,9.3,30.0,77.5,1
27.4728,94.912,108.0,1.8,72.2,21.0,45.0,33.0,1.2,5.1,23.3,124.4,0
25.4192,94.108,1348.5,33.46,33.9,37.5,18.0,44.4,1.2,14.0,31.8,120.0,1
25.2745,94.0212,610.3,41.79,148.4,31.0,32.8,36.2,1.2,28.1,64.0,86.1,1
25.8266,94.1497,639.4,41.31,5.6,31.2,32.2,36.5,1.2,1.2802617247914307,1.6930867093142568,0.8253534610793025,0
23.7313,92.7187,1668.5,35.36,132.1,35.7,22.6,41.7,1.2,10.7,31.2,56.8,1
25.7131,94.0885,628.8,39.92,257.2,31.1,32.4,36.4,1.2,0.7909510282290066,1.9471870907899196,1.356540167730377,0
26.3212,91.0065,48.0,1.7,169.4,23.5,45.0,33.0,1.2,21.7,51.599999999999994,86.1,0
24.9356,93.8443,1652.6,37.09,167.6,35.6,22.9,41.6,1.2,0.3095583713936878,2.533305061477059,2.143537330211485,0
26.7271,88.3953,120.0,2.4,231.8,21.5,45.0,33.0,1.2,4.4,13.1,129.5,0
26.3212,91.0065,48.0,1.7,268.8,23.5,45.0,33.0,1.2,15.1,25.2,74.10000000000001,0
26.0207,89.9744,38.0,1.5,321.7,24.0,45.0,33.0,1.2,183.9,276.3,332.6,0
27.4888,93.0153,1910.5,40.3,164.2,33.1,26.3,40.6,1.2,86.2,130.5,216.0,1
24.1293,92.6921,1438.2,40.83,125.7,33.9,26.2,39.9,1.2,16.7,32.8,44.0,1
27.0076,88.251,1648.7,40.61,82.1,32.2,30.0,37.8,1.2,0.43130985025527224,1.8243622672107995,2.127215171254096,0
26.9599,88.268,1940.6,48.62,196.7,33.7,26.7,39.6,1.2,1.1462879573602867,1.3106784347792537,3.739939938686268,0
26.3463,92.6841,62.0,1.6,318.0,22.0,45.0,33.0,1.2,0.0,0.5,11.4,0
26.1978,91.7665,1339.0,41.88,285.6,37.5,18.2,44.3,1.2,50.4,105.5,183.3,1
26.3212,91.0065,48.0,1.7,359.3,23.5,45.0,33.0,1.2,68.7,96.5,116.1,0
24.9786,93.5027,782.2,26.97,191.3,32.5,29.4,38.1,1.2,0.8227336039587174,3.821189354166494,6.5130982366562575,0
27.6163,88.6586,1886.9,51.71,159.5,33.4,27.3,39.3,1.2,0.017567362330766834,3.6563129336337616,3.0956973053054533,0
28.8254,96.1509,2430.0,49.79,174.6,35.7,20.8,43.5,1.2,0.7,37.8,118.5,1
24.9667,93.55,2076.4,37.84,359.3,38.8,16.4,44.8,1.2,68.7,96.5,116.1,1
25.5006,90.0896,1403.5,42.87,201.4,38.8,20.3,40.9,1.2,0.2,0.5,11.8,1
25.4769,94.1351,966.6,41.06,90.7,34.1,25.7,40.2,1.2,0.02619811947581807,0.3475885008874169,6.898422064021901,0
26.1028,91.8806,1227.8,39.72,317.1,36.5,20.4,43.1,1.2,28.2,134.9,317.7,1
25.4788,94.1399,990.5,41.8,55.6,34.4,25.2,40.4,1.2,17.9,65.1,109.4,1
25.9703,91.8584,1593.4,35.26,279.6,40.1,17.2,42.7,1.2,0.12577049996465978,0.7569057878111445,1.6612454448098388,0
27.06826195,88.28121204,1203.3,51.76,252.1,30.0,35.0,35.0,1.2,109.7,172.5,245.6,1
25.7713,93.8067,1111.9,39.05,132.5,35.4,22.8,41.8,1.2,1.2290078268039404,2.7391375136076896,5.665358767042724,0
26.3463,92.6841,62.0,1.6,103.2,22.0,45.0,33.0,1.2,5.2,21.4,117.8,0
23.3572,92.7878,2049.5,37.73,214.6,38.6,16.8,44.6,1.2,0.20604915353085235,1.0001628321434732,5.804414185461848,0
27.4728,94.912,108.0,1.8,333.2,21.0,45.0,33.0,1.2,27.3,47.6,90.2,0
25.4196,94.1054,1085.0,36.24,23.4,35.2,23.3,41.5,1.2,1.1149791199773056,3.965138446920589,7.489287583113728,0
26.1445,91.7362,55.0,2.1,81.4,22.0,45.0,33.0,1.2,10.2,37.1,140.4,0
23.7281,92.7175,1476.4,31.29,18.7,34.2,25.6,40.2,1.2,1.2889537733908596,0.06811175717712947,0.5402972814143361,0
26.7271,88.3953,120.0,2.4,140.0,21.5,45.0,33.0,1.2,43.3,96.2,543.0,0
25.4191,94.1079,926.1,33.64,161.0,33.8,26.5,39.7,1.2,6.8,28.5,128.8,1
26.6528,92.7926,68.0,1.9,285.6,22.5,45.0,33.0,1.2,50.4,105.5,183.3,0
25.6269,94.1139,1373.6,32.85,322.9,37.8,17.5,44.7,1.2,1.4057412708030097,1.579157396799776,0.729969715615006,0
26.74452462,88.40011959,1924.5,51.36,124.3,33.6,26.8,39.5,1.2,1.281857563456506,2.288340804250461,0.6873835994625352,0
26.3463,92.6841,62.0,1.6,307.9,22.0,45.0,33.0,1.2,11.0,46.4,134.1,0
27.2872,88.2816,2279.6,51.61,312.3,35.4,22.9,41.7,1.2,0.6785396989709961,3.0169144429762285,1.3214882029445425,0
28.235,94.9612,2280.0,43.44,99.6,34.9,22.4,42.7,1.2,0.1627318614085076,2.332378900688863,7.233764913288438,0
26.1314,91.7548,1158.5,36.38,134.3,35.9,21.8,42.3,1.2,1.2338704238038556,0.618647815683643,5.04500902730395,0
27.3721,88.708,1307.8,51.43,218.4,30.5,33.8,35.7,1.2,16.4,49.2,103.3,1
27.201,88.4883,1716.2,41.03,299.6,32.6,29.2,38.2,1.2,121.0,246.8,368.1,1
27.0096,88.2548,2141.1,34.75,21.2,34.7,24.4,40.9,1.2,1.1285575636839895,3.2290541220624362,5.291069608702104,0
26.0207,89.9744,38.0,1.5,138.6,24.0,45.0,33.0,1.2,3.2,91.6,359.5,0
26.4205,94.9731,1065.0,40.83,58.6,35.0,23.7,41.3,1.2,9.3,29.6,119.6,1
27.4728,94.912,108.0,1.8,141.6,21.0,45.0,33.0,1.2,34.8,151.4,425.1,0
26.6528,92.7926,68.0,1.9,357.3,22.5,45.0,33.0,1.2,62.9,133.0,211.2,0
25.0728,92.3636,886.7,44.89,184.5,35.0,28.8,36.2,1.2,66.6,180.4,325.09999999999997,1
25.0634,94.3415,899.1,47.82,74.7,29.8,34.5,35.8,1.2,0.347257507099829,0.8879698735231107,0.06605014355213701,0
26.9282,88.4553,1300.3,51.91,218.3,30.5,33.9,35.6,1.2,20.2,122.9,214.0,1
27.0165,88.2476,2319.6,39.14,25.2,35.6,22.4,42.0,1.2,0.10636446746324635,2.2315192405556927,1.751560279387924,0
26.0814,94.803,1386.8,37.08,71.5,37.9,17.3,44.9,1.2,15.1,35.8,68.6,1
24.5202,92.7239,755.6,28.51,154.2,32.3,29.9,37.8,1.2,0.1858394362220278,1.5670381769436257,6.685174933608582,0
27.4728,94.912,108.0,1.8,287.4,21.0,45.0,33.0,1.2,0.0,0.0,40.6,0
27.8997,93.3497,2638.3,43.97,142.8,36.7,18.7,44.7,1.2,20.2,62.599999999999994,150.8,1
25.5084,90.2191,1615.2,30.15,28.3,40.3,16.8,42.9,1.2,24.4,57.2,326.3,1
26.5413,88.7196,85.0,1.8,24.9,23.0,45.0,33.0,1.2,20.2,98.7,210.4,0
27.1667,88.35,1537.1,43.93,223.6,31.7,31.2,37.1,1.2,0.25748736338025735,0.9098589290198684,6.975046794835433,0
25.3098633,94.48214677,1216.0,43.29,191.5,32.2,29.6,38.2,1.2,27.7,42.9,128.7,1
26.1445,91.7362,55.0,2.1,94.6,22.0,45.0,33.0,1.2,29.9,69.9,90.1,0
26.6528,92.7926,68.0,1.9,353.1,22.5,45.0,33.0,1.2,12.4,69.4,163.6,0
26.3463,92.6841,62.0,1.6,343.3,22.0,45.0,33.0,1.2,21.7,51.599999999999994,86.1,0
26.5413,88.7196,85.0,1.8,290.4,23.0,45.0,33.0,1.2,10.0,34.4,145.9,0
26.3185,94.5247,1378.0,42.53,268.0,33.4,27.1,39.4,1.2,0.9110632121098134,2.7387475113136235,7.905207329053382,0
26.5413,88.7196,85.0,1.8,160.1,23.0,45.0,33.0,1.2,47.1,79.2,96.9,0
