sample_id,cluster_group,sample_type,latitude,longitude,slope,elevation,aspect_sin,aspect_cos,clay_percent,sand_percent,silt_percent,bulk_density,rain_day_minus_1_mm,rain_3d_sum_mm,rain_7d_api_mm,pore_pressure_index,target
57_pos,57,real_landslide_event,27.4459,88.6193,41.04,1707.6,0.9934,0.1149,32.5,29.3,38.2,1.2,7.5,40.9,103.54,14.2397,1
57_monsoon_stable,57,normal_monsoon_stable_slope,27.45628932055817,88.60280184389865,41.04,1707.6,0.9934,0.1149,32.5,29.3,38.2,1.2,13.33,29.93,44.41,6.1077,0
57_dry,57,dry_season_steep_slope,27.4459,88.6193,41.04,1707.6,0.9934,0.1149,32.5,29.3,38.2,1.2,1.66,6.59,10.17,1.399,0
57_flat,57,monsoon_flat_floodplain,26.1445,91.7362,1.8,55.0,-0.9709,-0.0333,22.0,48.0,30.0,1.35,7.61,46.16,116.56,0.4031,0
57_permeable,57,permeable_slope,27.451654539259344,88.6040231228216,12.28,644.6,0.9934,0.1149,17.49,52.35,30.16,1.32,5.25,30.67,74.55,1.3782,0
78_pos,78,real_landslide_event,27.3383,88.6069,48.79,2602.9,0.9245,0.3811,37.0,19.2,43.8,1.2,15.8,34.4,63.84,12.424,1
78_monsoon_stable,78,normal_monsoon_stable_slope,27.34255273520548,88.6063846156592,48.79,2602.9,0.9245,0.3811,37.0,19.2,43.8,1.2,20.8,54.7,66.38,12.9167,0
78_dry,78,dry_season_steep_slope,27.3383,88.6069,48.79,2602.9,0.9245,0.3811,37.0,19.2,43.8,1.2,2.41,4.72,9.78,1.9031,0
78_flat,78,monsoon_flat_floodplain,26.7509,92.7926,1.4,48.0,-0.941,0.4014,21.0,52.0,27.0,1.38,18.96,32.97,76.73,0.1877,0
78_permeable,78,permeable_slope,27.349191191834187,88.58113177261495,23.4,642.7,0.9245,0.3811,15.9,67.1,16.99,1.32,11.06,25.8,45.97,1.3163,0
93_pos,93,real_landslide_event,26.7324,88.4089,52.0,1957.0,0.3256,-0.9455,33.8,26.5,39.7,1.2,15.2,44.9,179.61,31.5145,1
93_monsoon_stable,93,normal_monsoon_stable_slope,26.731493442861204,88.40422082643755,52.0,1957.0,0.3256,-0.9455,33.8,26.5,39.7,1.2,16.33,35.14,48.23,8.4622,0
93_dry,93,dry_season_steep_slope,26.7324,88.4089,52.0,1957.0,0.3256,-0.9455,33.8,26.5,39.7,1.2,0.25,3.36,9.26,1.6241,0
93_flat,93,monsoon_flat_floodplain,27.4728,94.912,1.9,108.0,0.7471,0.3825,23.5,45.0,31.5,1.32,15.87,57.03,176.85,0.7199,0
93_permeable,93,permeable_slope,26.723715379088613,88.38843669853203,16.91,652.6,0.3256,-0.9455,17.1,54.6,28.3,1.32,10.64,33.67,129.32,3.1513,0
94_pos,94,real_landslide_event,26.8096,88.526,44.32,1822.3,0.2419,0.9703,33.1,28.0,38.9,1.2,63.4,104.3,252.33,37.991,1
94_monsoon_stable,94,normal_monsoon_stable_slope,26.803699594967526,88.5239193268712,44.32,1822.3,0.2419,0.9703,33.1,28.0,38.9,1.2,24.78,52.08,62.67,9.4361,0
94_dry,94,dry_season_steep_slope,26.8096,88.526,44.32,1822.3,0.2419,0.9703,33.1,28.0,38.9,1.2,1.32,3.9,4.02,0.6056,0
94_flat,94,monsoon_flat_floodplain,24.8333,92.7789,1.2,25.0,0.9331,-0.1791,24.0,42.0,34.0,1.4,76.04,102.09,265.88,0.6722,0
94_permeable,94,permeable_slope,26.807011016578628,88.50667124224545,13.41,711.3,0.2419,0.9703,13.39,52.73,33.87,1.32,44.38,78.22,181.68,2.7996,0
126_pos,126,real_landslide_event,27.1499,88.38,51.39,1421.0,-0.9744,-0.225,31.1,32.5,36.4,1.2,17.3,43.3,193.54,29.581,1
126_monsoon_stable,126,normal_monsoon_stable_slope,27.159341680874455,88.38962518324098,51.39,1421.0,-0.9744,-0.225,31.1,32.5,36.4,1.2,22.06,54.94,58.97,9.0125,0
126_dry,126,dry_season_steep_slope,27.1499,88.38,51.39,1421.0,-0.9744,-0.225,31.1,32.5,36.4,1.2,1.38,5.48,9.7,1.4823,0
126_flat,126,monsoon_flat_floodplain,26.3212,91.0065,1.5,42.0,-0.6323,0.7745,20.5,50.0,29.5,1.36,15.95,51.24,215.8,0.5677,0
126_permeable,126,permeable_slope,27.16675274088349,88.37625455119297,20.35,431.3,-0.9744,-0.225,15.19,63.17,21.65,1.32,12.11,32.47,139.35,3.4161,0
130_pos,130,real_landslide_event,26.1699,91.7986,27.5,559.6,-0.9373,0.3486,30.5,33.8,35.7,1.2,12.5,38.7,113.1,9.9205,1
130_monsoon_stable,130,normal_monsoon_stable_slope,26.186107236757113,91.81581516946808,27.5,559.6,-0.9373,0.3486,30.5,33.8,35.7,1.2,12.71,39.56,47.88,4.2,0
130_dry,130,dry_season_steep_slope,26.1699,91.7986,27.5,559.6,-0.9373,0.3486,30.5,33.8,35.7,1.2,2.67,4.72,8.02,0.7038,0
130_flat,130,monsoon_flat_floodplain,26.0207,89.9744,1.6,38.0,0.8496,0.8436,22.5,47.0,30.5,1.37,12.16,49.36,139.83,0.4362,0
130_permeable,130,permeable_slope,26.18199549509702,91.81710137618815,22.84,486.9,-0.9373,0.3486,12.93,55.49,31.58,1.32,8.75,29.03,81.43,1.9912,0
133_pos,133,real_landslide_event,23.9304,88.2374,48.07,2408.2,-0.153,0.9882,36.0,21.4,42.6,1.2,35.9,63.3,100.64,18.5027,1
133_monsoon_stable,133,normal_monsoon_stable_slope,23.932278826855683,88.25505956761288,48.07,2408.2,-0.153,0.9882,36.0,21.4,42.6,1.2,13.59,25.51,37.26,6.8507,0
133_dry,133,dry_season_steep_slope,23.9304,88.2374,48.07,2408.2,-0.153,0.9882,36.0,21.4,42.6,1.2,2.3,3.3,3.75,0.6902,0
133_flat,133,monsoon_flat_floodplain,26.5413,88.7196,2.1,75.0,-0.9894,-0.7916,23.0,46.0,31.0,1.34,41.01,80.72,102.09,0.4398,0
133_permeable,133,permeable_slope,23.9370334663886,88.26222024885132,12.2,319.0,-0.153,0.9882,16.41,56.25,27.34,1.32,25.13,47.47,72.46,1.2182,0
141_pos,141,real_landslide_event,25.38,91.88,45.14,805.2,-0.9409,0.3387,34.4,30.1,35.5,1.2,72.1,203.5,312.57,48.8199,1
141_monsoon_stable,141,normal_monsoon_stable_slope,25.36931051831584,91.88841201053137,45.14,805.2,-0.9409,0.3387,34.4,30.1,35.5,1.2,9.76,43.81,52.86,8.2553,0
141_dry,141,dry_season_steep_slope,25.38,91.88,45.14,805.2,-0.9409,0.3387,34.4,30.1,35.5,1.2,1.34,2.65,7.43,1.1601,0
141_flat,141,monsoon_flat_floodplain,26.1445,91.7362,1.8,55.0,0.7552,-0.9671,22.0,48.0,30.0,1.35,70.36,232.46,316.87,1.0959,0
141_permeable,141,permeable_slope,25.37676749190823,91.85051373942021,23.98,467.3,-0.9409,0.3387,16.11,62.76,21.13,1.32,50.47,152.62,225.05,6.8576,0
142_pos,142,real_landslide_event,25.5212,90.232,45.89,1428.9,0.7638,-0.6455,38.9,19.9,41.2,1.2,59.4,173.5,203.67,39.5366,1
142_monsoon_stable,142,normal_monsoon_stable_slope,25.539203857290676,90.22222863893163,45.89,1428.9,0.7638,-0.6455,38.9,19.9,41.2,1.2,8.19,38.28,46.78,9.081,0
142_dry,142,dry_season_steep_slope,25.5212,90.232,45.89,1428.9,0.7638,-0.6455,38.9,19.9,41.2,1.2,0.54,1.78,2.77,0.537,0
142_flat,142,monsoon_flat_floodplain,26.7509,92.7926,1.4,48.0,0.9998,-0.9813,21.0,52.0,27.0,1.38,68.24,207.58,245.49,0.6005,0
142_permeable,142,permeable_slope,25.51746097311017,90.26318907353975,22.26,431.3,0.7638,-0.6455,10.19,67.7,22.11,1.32,41.58,130.12,146.64,2.5582,0
147_pos,147,real_landslide_event,22.533,92.899,46.07,1482.5,0.7997,-0.6004,34.3,25.5,40.3,1.2,0.8,4.3,35.57,5.8341,1
147_monsoon_stable,147,normal_monsoon_stable_slope,22.52557206396717,92.89044180104696,46.07,1482.5,0.7997,-0.6004,34.3,25.5,40.3,1.2,16.2,47.13,56.99,9.3481,0
147_dry,147,dry_season_steep_slope,22.533,92.899,46.07,1482.5,0.7997,-0.6004,34.3,25.5,40.3,1.2,1.89,2.01,3.29,0.539,0
147_flat,147,monsoon_flat_floodplain,27.4728,94.912,1.9,108.0,0.9994,-0.868,23.5,45.0,31.5,1.32,0.91,4.01,35.03,0.1426,0
147_permeable,147,permeable_slope,22.564556807194663,92.8767933190832,12.52,554.6,0.7997,-0.6004,14.73,58.2,27.07,1.32,0.56,3.23,25.61,0.3915,0
148_pos,148,real_landslide_event,22.479,92.967,40.9,1913.9,0.512,0.859,37.6,18.9,43.6,1.2,0.8,4.3,35.57,6.137,1
148_monsoon_stable,148,normal_monsoon_stable_slope,22.46068288724281,92.96000437987752,40.9,1913.9,0.512,0.859,37.6,18.9,43.6,1.2,21.86,36.93,44.59,7.6936,0
148_dry,148,dry_season_steep_slope,22.479,92.967,40.9,1913.9,0.512,0.859,37.6,18.9,43.6,1.2,0.81,4.24,5.38,0.9289,0
148_flat,148,monsoon_flat_floodplain,24.8333,92.7789,1.2,25.0,-0.5371,0.7717,24.0,42.0,34.0,1.4,0.73,5.04,38.12,0.0964,0
148_permeable,148,permeable_slope,22.505151397438894,92.9284421720917,20.91,676.4,0.512,0.859,14.89,56.62,28.49,1.32,0.56,3.23,25.61,0.6584,0
151_pos,151,real_landslide_event,26.8905,88.2789,36.76,1890.8,0.3502,-0.9367,33.5,27.2,39.3,1.2,19.0,44.8,203.96,26.7895,1
151_monsoon_stable,151,normal_monsoon_stable_slope,26.910372658055543,88.28387514373325,36.76,1890.8,0.3502,-0.9367,33.5,27.2,39.3,1.2,10.06,34.07,46.96,6.1681,0
151_dry,151,dry_season_steep_slope,26.8905,88.2789,36.76,1890.8,0.3502,-0.9367,33.5,27.2,39.3,1.2,2.28,5.2,9.28,1.2183,0
151_flat,151,monsoon_flat_floodplain,26.3212,91.0065,1.5,42.0,0.7154,0.3116,20.5,50.0,29.5,1.36,20.3,50.54,188.15,0.4949,0
151_permeable,151,permeable_slope,26.870251833413125,88.25725323463234,16.97,296.8,0.3502,-0.9367,16.09,58.92,24.99,1.32,13.3,33.6,146.85,3.2885,0
210_pos,210,real_landslide_event,27.0713,88.4308,46.71,1351.9,0.9311,-0.3649,30.8,33.3,35.9,1.2,13.1,64.3,67.49,9.4587,1
210_monsoon_stable,210,normal_monsoon_stable_slope,27.08739018521336,88.43565008991946,46.71,1351.9,0.9311,-0.3649,30.8,33.3,35.9,1.2,17.14,33.24,47.43,6.6478,0
210_dry,210,dry_season_steep_slope,27.0713,88.4308,46.71,1351.9,0.9311,-0.3649,30.8,33.3,35.9,1.2,2.05,3.07,8.7,1.2191,0
210_flat,210,monsoon_flat_floodplain,26.0207,89.9744,1.6,38.0,0.9712,0.0918,22.5,47.0,30.5,1.37,14.35,68.49,79.23,0.2472,0
210_permeable,210,permeable_slope,27.06604721766936,88.4338359229968,16.72,695.6,0.9311,-0.3649,17.26,67.03,15.71,1.32,9.17,48.22,48.59,1.0943,0
211_pos,211,real_landslide_event,24.9667,93.55,37.84,2076.4,-0.0122,0.9999,38.8,16.4,44.8,1.2,68.7,96.5,103.67,17.6657,1
211_monsoon_stable,211,normal_monsoon_stable_slope,24.962081322973443,93.53491985312866,37.84,2076.4,-0.0122,0.9999,38.8,16.4,44.8,1.2,22.95,40.97,53.94,9.1919,0
211_dry,211,dry_season_steep_slope,24.9667,93.55,37.84,2076.4,-0.0122,0.9999,38.8,16.4,44.8,1.2,0.19,3.47,4.27,0.7285,0
211_flat,211,monsoon_flat_floodplain,26.5413,88.7196,2.1,75.0,-0.915,0.8114,23.0,46.0,31.0,1.34,71.21,88.13,122.9,0.5295,0
211_permeable,211,permeable_slope,24.961088352893718,93.55529612144817,14.93,609.6,-0.0122,0.9999,11.09,65.09,23.82,1.32,48.09,72.38,74.64,0.9787,0
212_pos,212,real_landslide_event,25.5576,91.8506,30.74,1337.5,-0.3289,-0.9444,38.3,21.4,40.3,1.2,10.0,23.6,48.63,6.5349,1
212_monsoon_stable,212,normal_monsoon_stable_slope,25.561865194122127,91.86202918520442,30.74,1337.5,-0.3289,-0.9444,38.3,21.4,40.3,1.2,21.39,39.08,53.76,7.2237,0
212_dry,212,dry_season_steep_slope,25.5576,91.8506,30.74,1337.5,-0.3289,-0.9444,38.3,21.4,40.3,1.2,1.68,2.01,5.05,0.6791,0
212_flat,212,monsoon_flat_floodplain,26.1445,91.7362,1.8,55.0,0.919,0.9917,22.0,48.0,30.0,1.35,11.13,29.15,57.98,0.2005,0
212_permeable,212,permeable_slope,25.59469741827171,91.83305635395993,25.31,576.0,-0.3289,-0.9444,12.06,59.59,28.35,1.32,7.0,17.7,35.01,0.857,0
213_pos,213,real_landslide_event,25.2946,92.8339,41.46,1022.4,-0.7478,0.6639,37.9,20.6,41.6,1.2,77.9,136.9,146.25,25.3585,1
213_monsoon_stable,213,normal_monsoon_stable_slope,25.28592934516732,92.83576936310966,41.46,1022.4,-0.7478,0.6639,37.9,20.6,41.6,1.2,15.22,40.27,46.63,8.0848,0
213_dry,213,dry_season_steep_slope,25.2946,92.8339,41.46,1022.4,-0.7478,0.6639,37.9,20.6,41.6,1.2,1.16,2.96,3.45,0.599,0
213_flat,213,monsoon_flat_floodplain,26.7509,92.7926,1.4,48.0,-0.564,-0.8999,21.0,52.0,27.0,1.38,66.84,162.95,158.64,0.388,0
213_permeable,213,permeable_slope,25.323021532893534,92.84954686187918,25.06,579.5,-0.7478,0.6639,10.55,50.99,38.47,1.32,54.53,102.68,105.3,2.3602,0
215_pos,215,real_landslide_event,25.7428,93.9136,31.74,949.5,-0.309,0.9511,34.0,26.0,40.0,1.2,15.0,117.1,124.53,14.7315,1
215_monsoon_stable,215,normal_monsoon_stable_slope,25.75610691563424,93.89947028249203,31.74,949.5,-0.309,0.9511,34.0,26.0,40.0,1.2,23.57,44.79,58.97,6.9761,0
215_dry,215,dry_season_steep_slope,25.7428,93.9136,31.74,949.5,-0.309,0.9511,34.0,26.0,40.0,1.2,1.43,2.82,4.45,0.5261,0
215_flat,215,monsoon_flat_floodplain,27.4728,94.912,1.9,108.0,0.9405,-0.9994,23.5,45.0,31.5,1.32,14.51,106.45,139.55,0.5681,0
215_permeable,215,permeable_slope,25.713235801038895,93.94742931151495,23.68,641.8,-0.309,0.9511,17.2,52.54,30.26,1.32,10.5,87.82,89.66,3.0757,0
218_pos,218,real_landslide_event,27.0096,88.2548,34.75,2141.1,0.3616,0.9323,34.7,24.4,40.9,1.2,16.1,44.4,90.37,11.9736,1
218_monsoon_stable,218,normal_monsoon_stable_slope,27.000208584517452,88.25964696893763,34.75,2141.1,0.3616,0.9323,34.7,24.4,40.9,1.2,14.55,48.61,53.95,7.1477,0
218_dry,218,dry_season_steep_slope,27.0096,88.2548,34.75,2141.1,0.3616,0.9323,34.7,24.4,40.9,1.2,2.13,5.48,10.97,1.4536,0
218_flat,218,monsoon_flat_floodplain,24.8333,92.7789,1.2,25.0,-0.7053,0.8193,24.0,42.0,34.0,1.4,17.77,48.38,95.81,0.2422,0
218_permeable,218,permeable_slope,26.992586347374623,88.28899173121528,20.47,681.5,0.3616,0.9323,11.15,58.27,30.58,1.32,11.27,33.3,65.07,1.214,0
220_pos,220,real_landslide_event,25.1333,93.9667,31.17,1699.2,-0.8738,-0.4863,35.9,22.2,41.9,1.2,7.5,30.1,88.6,11.2266,1
220_monsoon_stable,220,normal_monsoon_stable_slope,25.123148085008893,93.95374143628979,31.17,1699.2,-0.8738,-0.4863,35.9,22.2,41.9,1.2,8.66,25.95,33.13,4.1977,0
220_dry,220,dry_season_steep_slope,25.1333,93.9667,31.17,1699.2,-0.8738,-0.4863,35.9,22.2,41.9,1.2,1.81,4.92,8.9,1.1278,0
220_flat,220,monsoon_flat_floodplain,26.3212,91.0065,1.5,42.0,0.3877,0.9864,20.5,50.0,29.5,1.36,9.16,38.6,81.26,0.2138,0
220_permeable,220,permeable_slope,25.09732645811471,94.00459179595074,13.59,389.4,-0.8738,-0.4863,13.49,59.39,27.12,1.32,5.25,22.58,63.79,0.9612,0
221_pos,221,real_landslide_event,22.6461,88.3403,51.94,1206.4,0.5864,-0.81,30.0,34.9,35.0,1.2,6.8,12.2,33.8,4.9319,1
221_monsoon_stable,221,normal_monsoon_stable_slope,22.639241570915697,88.35142048054038,51.94,1206.4,0.5864,-0.81,30.0,34.9,35.0,1.2,10.33,38.17,49.15,7.1718,0
221_dry,221,dry_season_steep_slope,22.6461,88.3403,51.94,1206.4,0.5864,-0.81,30.0,34.9,35.0,1.2,0.08,3.69,7.35,1.0731,0
221_flat,221,monsoon_flat_floodplain,26.0207,89.9744,1.6,38.0,0.022,0.6395,22.5,47.0,30.5,1.37,8.27,15.19,30.9,0.0964,0
221_permeable,221,permeable_slope,22.677549644983635,88.3520970120398,21.54,484.7,0.5864,-0.81,16.22,55.89,27.89,1.32,4.76,9.15,24.34,0.7045,0
231_pos,231,real_landslide_event,27.06826195,88.28121204,51.76,1203.3,-0.9516,-0.3074,30.0,35.0,35.0,1.2,109.7,172.5,205.78,29.9303,1
231_monsoon_stable,231,normal_monsoon_stable_slope,27.055153172579008,88.29060633194572,51.76,1203.3,-0.9516,-0.3074,30.0,35.0,35.0,1.2,23.11,45.25,53.78,7.8218,0
231_dry,231,dry_season_steep_slope,27.06826195,88.28121204,51.76,1203.3,-0.9516,-0.3074,30.0,35.0,35.0,1.2,0.41,2.0,5.31,0.7725,0
231_flat,231,monsoon_flat_floodplain,26.5413,88.7196,2.1,75.0,-0.7996,-0.9122,23.0,46.0,31.0,1.34,129.44,213.96,198.81,0.8565,0
231_permeable,231,permeable_slope,27.102384567676424,88.26639721489732,16.74,403.6,-0.9516,-0.3074,13.26,66.74,20.0,1.32,76.79,129.38,148.16,2.5714,0
241_pos,241,real_landslide_event,27.201,88.4883,41.03,1716.2,-0.8695,0.4939,32.6,29.2,38.2,1.2,121.0,246.8,298.57,41.2117,1
241_monsoon_stable,241,normal_monsoon_stable_slope,27.199887149161015,88.49322987355731,41.03,1716.2,-0.8695,0.4939,32.6,29.2,38.2,1.2,17.45,34.61,42.36,5.8475,0
241_dry,241,dry_season_steep_slope,27.201,88.4883,41.03,1716.2,-0.8695,0.4939,32.6,29.2,38.2,1.2,1.53,3.79,6.53,0.901,0
241_flat,241,monsoon_flat_floodplain,26.1445,91.7362,1.8,55.0,-0.9011,0.3232,22.0,48.0,30.0,1.35,103.24,232.91,312.89,1.0822,0
241_permeable,241,permeable_slope,27.201105845514167,88.45487530062992,12.31,736.2,-0.8695,0.4939,11.98,67.85,20.17,1.32,84.7,185.1,214.97,2.4776,0
242_pos,242,real_landslide_event,26.8833,88.2833,38.07,2199.2,0.9969,-0.0785,35.0,23.8,41.2,1.2,200.5,391.4,423.15,61.4724,1
242_monsoon_stable,242,normal_monsoon_stable_slope,26.89482154182592,88.29695236072149,38.07,2199.2,0.9969,-0.0785,35.0,23.8,41.2,1.2,25.46,43.07,49.34,7.1682,0
242_dry,242,dry_season_steep_slope,26.8833,88.2833,38.07,2199.2,0.9969,-0.0785,35.0,23.8,41.2,1.2,2.21,5.94,8.72,1.2673,0
242_flat,242,monsoon_flat_floodplain,26.7509,92.7926,1.4,48.0,-0.8923,0.7528,21.0,52.0,27.0,1.38,178.55,451.71,481.13,1.1768,0
242_permeable,242,permeable_slope,26.876195595446735,88.2695540153695,15.75,288.2,0.9969,-0.0785,16.96,55.23,27.82,1.32,140.35,293.55,304.67,6.8438,0
247_pos,247,real_landslide_event,25.0604,93.9877,47.46,1657.8,-0.4035,-0.915,35.6,22.8,41.6,1.2,21.5,83.1,128.48,22.8703,1
247_monsoon_stable,247,normal_monsoon_stable_slope,25.047145449693584,93.99896618330536,47.46,1657.8,-0.4035,-0.915,35.6,22.8,41.6,1.2,25.49,44.37,55.02,9.7937,0
247_dry,247,dry_season_steep_slope,25.0604,93.9877,47.46,1657.8,-0.4035,-0.915,35.6,22.8,41.6,1.2,0.83,1.46,7.06,1.2571,0
247_flat,247,monsoon_flat_floodplain,27.4728,94.912,1.9,108.0,0.4602,-0.9626,23.5,45.0,31.5,1.32,20.1,106.33,156.38,0.6366,0
247_permeable,247,permeable_slope,25.046456831581114,93.94893991923732,20.37,598.4,-0.4035,-0.915,12.31,64.65,23.04,1.32,15.05,62.32,92.51,1.8244,0
251_pos,251,real_landslide_event,27.1667,88.35,43.93,1537.1,-0.6896,-0.7242,31.7,31.2,37.1,1.2,25.2,319.6,432.29,60.3865,1
251_monsoon_stable,251,normal_monsoon_stable_slope,27.14714892513236,88.34066051180308,43.93,1537.1,-0.6896,-0.7242,31.7,31.2,37.1,1.2,18.03,40.49,47.46,6.6299,0
251_dry,251,dry_season_steep_slope,27.1667,88.35,43.93,1537.1,-0.6896,-0.7242,31.7,31.2,37.1,1.2,1.63,3.78,7.15,0.9985,0
251_flat,251,monsoon_flat_floodplain,24.8333,92.7789,1.2,25.0,0.4663,-0.941,24.0,42.0,34.0,1.4,31.04,337.52,534.23,1.3507,0
251_permeable,251,permeable_slope,27.192692115640497,88.31836727502399,21.91,346.5,-0.6896,-0.7242,13.81,65.23,20.96,1.32,17.64,239.7,311.25,7.3541,0
252_pos,252,real_landslide_event,25.4993,94.1192,37.52,858.1,0.9979,0.0645,33.2,27.8,39.0,1.2,26.6,93.7,158.0,20.8319,1
252_monsoon_stable,252,normal_monsoon_stable_slope,25.498510845640908,94.12946202561793,37.52,858.1,0.9979,0.0645,33.2,27.8,39.0,1.2,17.82,35.95,42.86,5.6507,0
252_dry,252,dry_season_steep_slope,25.4993,94.1192,37.52,858.1,0.9979,0.0645,33.2,27.8,39.0,1.2,1.44,1.69,7.48,0.9857,0
252_flat,252,monsoon_flat_floodplain,26.3212,91.0065,1.5,42.0,-0.9994,-0.8897,20.5,50.0,29.5,1.36,29.35,86.06,152.9,0.4022,0
252_permeable,252,permeable_slope,25.48365328842735,94.14071148471311,20.01,700.9,0.9979,0.0645,10.37,67.44,22.19,1.32,18.62,70.28,113.76,1.8268,0
255_pos,255,real_landslide_event,24.2451,94.0691,45.97,825.0,0.0122,0.9999,29.2,35.6,35.2,1.2,4.1,10.2,76.56,9.8771,1
255_monsoon_stable,255,normal_monsoon_stable_slope,24.249181918661026,94.06016138036881,45.97,825.0,0.0122,0.9999,29.2,35.6,35.2,1.2,15.46,26.34,35.97,4.6407,0
255_dry,255,dry_season_steep_slope,24.2451,94.0691,45.97,825.0,0.0122,0.9999,29.2,35.6,35.2,1.2,0.5,4.64,5.45,0.7031,0
255_flat,255,monsoon_flat_floodplain,26.0207,89.9744,1.6,38.0,-0.8177,0.6473,22.5,47.0,30.5,1.37,4.71,11.38,90.74,0.2831,0
255_permeable,255,permeable_slope,24.218873108240302,94.09183492937728,12.03,470.1,0.0122,0.9999,17.62,52.7,29.68,1.32,2.87,7.65,55.12,1.0046,0
256_pos,256,real_landslide_event,27.3425,88.6236,43.22,1504.3,0.1184,0.993,31.5,31.6,36.9,1.2,26.5,165.1,322.22,44.0136,1
256_monsoon_stable,256,normal_monsoon_stable_slope,27.340763896395973,88.60455563965496,43.22,1504.3,0.1184,0.993,31.5,31.6,36.9,1.2,20.58,33.45,46.7,6.3796,0
256_dry,256,dry_season_steep_slope,27.3425,88.6236,43.22,1504.3,0.1184,0.993,31.5,31.6,36.9,1.2,2.99,6.65,9.77,1.335,0
256_flat,256,monsoon_flat_floodplain,26.5413,88.7196,2.1,75.0,0.4188,0.7788,23.0,46.0,31.0,1.34,25.32,193.35,357.61,1.5406,0
256_permeable,256,permeable_slope,27.332149636351502,88.62764289451076,20.0,519.7,0.1184,0.993,11.66,63.4,24.94,1.32,18.55,123.82,232.0,4.2904,0
258_pos,258,real_landslide_event,24.4279,94.0564,40.47,1684.6,-0.1994,0.9799,35.8,22.4,41.8,1.2,5.0,9.9,83.62,13.2283,1
258_monsoon_stable,258,normal_monsoon_stable_slope,24.428698822400126,94.04698705271902,40.47,1684.6,-0.1994,0.9799,35.8,22.4,41.8,1.2,18.42,45.09,54.18,8.571,0
258_dry,258,dry_season_steep_slope,24.4279,94.0564,40.47,1684.6,-0.1994,0.9799,35.8,22.4,41.8,1.2,2.9,6.73,12.59,1.991,0
258_flat,258,monsoon_flat_floodplain,26.1445,91.7362,1.8,55.0,-0.2701,-0.5594,22.0,48.0,30.0,1.35,5.69,11.46,81.02,0.2802,0
258_permeable,258,permeable_slope,24.39300438378308,94.09343293819231,17.83,470.1,-0.1994,0.9799,11.69,55.41,32.9,1.32,3.5,7.43,60.21,1.0504,0
259_pos,259,real_landslide_event,25.52,91.27,44.58,975.8,0.1288,0.9917,35.6,27.3,37.1,1.2,7.9,52.0,271.24,44.368,1
259_monsoon_stable,259,normal_monsoon_stable_slope,25.517929915564178,91.28602624554438,44.58,975.8,0.1288,0.9917,35.6,27.3,37.1,1.2,16.09,29.9,38.66,6.324,0
259_dry,259,dry_season_steep_slope,25.52,91.27,44.58,975.8,0.1288,0.9917,35.6,27.3,37.1,1.2,2.91,5.12,8.5,1.3902,0
259_flat,259,monsoon_flat_floodplain,26.7509,92.7926,1.4,48.0,-0.7345,-0.8832,21.0,52.0,27.0,1.38,8.52,55.15,335.47,0.8206,0
259_permeable,259,permeable_slope,25.511633451383975,91.30689604576308,17.3,543.1,0.1288,0.9917,17.24,57.34,25.42,1.32,5.53,39.0,195.29,4.8186,0
260_pos,260,real_landslide_event,27.2084,88.4909,48.61,1489.9,-0.1132,-0.9936,31.4,31.7,36.8,1.2,7.7,70.5,290.07,43.2366,1
260_monsoon_stable,260,normal_monsoon_stable_slope,27.211577057515083,88.4905063101014,48.61,1489.9,-0.1132,-0.9936,31.4,31.7,36.8,1.2,22.87,49.0,54.93,8.1883,0
260_dry,260,dry_season_steep_slope,27.2084,88.4909,48.61,1489.9,-0.1132,-0.9936,31.4,31.7,36.8,1.2,1.19,4.69,6.48,0.9658,0
260_flat,260,monsoon_flat_floodplain,27.4728,94.912,1.9,108.0,-0.6063,-0.5473,23.5,45.0,31.5,1.32,8.23,64.3,270.45,1.1009,0
260_permeable,260,permeable_slope,27.197108387760142,88.51186883915196,14.61,503.3,-0.1132,-0.9936,14.25,52.59,33.16,1.32,5.39,52.88,208.85,3.7282,0
264_pos,264,real_landslide_event,26.1833,91.8,35.11,867.8,0.9983,0.0576,33.3,27.6,39.1,1.2,6.7,11.9,132.28,16.5452,1
264_monsoon_stable,264,normal_monsoon_stable_slope,26.177186536525024,91.7842795275578,35.11,867.8,0.9983,0.0576,33.3,27.6,39.1,1.2,24.92,59.88,63.23,7.9093,0
264_dry,264,dry_season_steep_slope,26.1833,91.8,35.11,867.8,0.9983,0.0576,33.3,27.6,39.1,1.2,2.93,7.58,9.45,1.1818,0
264_flat,264,monsoon_flat_floodplain,24.8333,92.7789,1.2,25.0,0.9803,0.9986,24.0,42.0,34.0,1.4,7.96,10.91,123.09,0.3112,0
264_permeable,264,permeable_slope,26.149651654055397,91.83773423270655,22.06,560.7,0.9983,0.0576,10.18,67.12,22.7,1.32,4.69,8.93,95.24,1.6512,0
269_pos,269,real_landslide_event,27.2872,88.2816,51.61,2279.6,-0.7396,0.673,35.4,22.9,41.7,1.2,3.0,19.1,36.91,6.9447,1
269_monsoon_stable,269,normal_monsoon_stable_slope,27.269117550871066,88.29187940524388,51.61,2279.6,-0.7396,0.673,35.4,22.9,41.7,1.2,17.24,33.13,42.68,8.029,0
269_dry,269,dry_season_steep_slope,27.2872,88.2816,51.61,2279.6,-0.7396,0.673,35.4,22.9,41.7,1.2,2.52,6.69,12.04,2.2661,0
269_flat,269,monsoon_flat_floodplain,26.3212,91.0065,1.5,42.0,0.8404,-0.2584,20.5,50.0,29.5,1.36,2.99,22.38,44.11,0.116,0
269_permeable,269,permeable_slope,27.27499926471363,88.29567200287754,19.66,462.2,-0.7396,0.673,12.4,64.42,23.17,1.32,2.1,14.33,26.58,0.5108,0
274_pos,274,real_landslide_event,27.0875,88.4572,48.35,2429.5,0.6984,-0.7157,36.1,21.2,42.7,1.2,0.0,3.0,22.61,4.1939,1
274_monsoon_stable,274,normal_monsoon_stable_slope,27.100362311278488,88.45957372548118,48.35,2429.5,0.6984,-0.7157,36.1,21.2,42.7,1.2,10.07,20.56,29.89,5.5437,0
274_dry,274,dry_season_steep_slope,27.0875,88.4572,48.35,2429.5,0.6984,-0.7157,36.1,21.2,42.7,1.2,0.24,5.19,6.26,1.1605,0
274_flat,274,monsoon_flat_floodplain,26.0207,89.9744,1.6,38.0,0.3385,-0.5816,22.5,47.0,30.5,1.37,0.0,3.5,27.85,0.0869,0
274_permeable,274,permeable_slope,27.07337905820842,88.4484321767859,24.04,494.9,0.6984,-0.7157,14.01,57.01,28.98,1.32,0.0,2.25,16.28,0.4483,0
285_pos,285,real_landslide_event,24.1293,92.6921,40.83,1438.2,0.8121,-0.5835,33.9,26.2,39.9,1.2,16.7,32.8,36.86,5.3951,1
285_monsoon_stable,285,normal_monsoon_stable_slope,24.113014992657526,92.68547281946714,40.83,1438.2,0.8121,-0.5835,33.9,26.2,39.9,1.2,13.33,45.37,57.51,8.4175,0
285_dry,285,dry_season_steep_slope,24.1293,92.6921,40.83,1438.2,0.8121,-0.5835,33.9,26.2,39.9,1.2,0.74,1.19,6.8,0.9952,0
285_flat,285,monsoon_flat_floodplain,26.5413,88.7196,2.1,75.0,0.7646,0.9916,23.0,46.0,31.0,1.34,18.2,40.71,38.78,0.167,0
285_permeable,285,permeable_slope,24.14409198829773,92.6835042219917,21.83,571.0,0.8121,-0.5835,15.43,52.8,31.77,1.32,11.69,24.6,26.54,0.7553,0
313_pos,313,real_landslide_event,25.7055,94.0132,32.77,1128.5,0.7302,-0.6833,35.6,22.4,42.0,1.2,26.3,63.5,130.33,17.0982,1
313_monsoon_stable,313,normal_monsoon_stable_slope,25.688109256183775,94.01127396434782,32.77,1128.5,0.7302,-0.6833,35.6,22.4,42.0,1.2,22.94,51.85,64.36,8.4435,0
313_dry,313,dry_season_steep_slope,25.7055,94.0132,32.77,1128.5,0.7302,-0.6833,35.6,22.4,42.0,1.2,2.75,7.08,10.23,1.3425,0
313_flat,313,monsoon_flat_floodplain,26.1445,91.7362,1.8,55.0,0.9975,0.7345,22.0,48.0,30.0,1.35,27.37,76.86,129.95,0.4494,0
313_permeable,313,permeable_slope,25.741008588330484,94.03333053972196,22.4,748.3,0.7302,-0.6833,17.12,65.79,17.09,1.32,18.41,47.62,93.84,2.7975,0
319_pos,319,real_landslide_event,25.4379,94.1162,39.78,658.6,0.9114,-0.4115,31.4,31.8,36.8,1.2,16.2,33.0,76.48,9.7157,1
319_monsoon_stable,319,normal_monsoon_stable_slope,25.43165603255796,94.12313184238424,39.78,658.6,0.9114,-0.4115,31.4,31.8,36.8,1.2,15.62,45.23,54.8,6.9615,0
319_dry,319,dry_season_steep_slope,25.4379,94.1162,39.78,658.6,0.9114,-0.4115,31.4,31.8,36.8,1.2,0.2,0.52,2.29,0.2908,0
319_flat,319,monsoon_flat_floodplain,26.7509,92.7926,1.4,48.0,0.9245,-0.4394,21.0,52.0,27.0,1.38,16.06,41.73,78.74,0.1926,0
319_permeable,319,permeable_slope,25.44641912899605,94.1423181915184,19.98,461.4,0.9114,-0.4115,11.29,64.39,24.32,1.32,11.34,24.75,55.07,0.9785,0
322_pos,322,real_landslide_event,24.75,93.4333,30.17,883.7,-0.9989,-0.0471,33.4,27.3,39.3,1.2,1.4,17.4,49.93,5.4863,1
322_monsoon_stable,322,normal_monsoon_stable_slope,24.765699376606708,93.44879433142896,30.17,883.7,-0.9989,-0.0471,33.4,27.3,39.3,1.2,14.33,38.17,49.86,5.4784,0
322_dry,322,dry_season_steep_slope,24.75,93.4333,30.17,883.7,-0.9989,-0.0471,33.4,27.3,39.3,1.2,1.24,2.3,2.31,0.2541,0
322_flat,322,monsoon_flat_floodplain,27.4728,94.912,1.9,108.0,0.4865,-0.8176,23.5,45.0,31.5,1.32,1.44,20.61,47.95,0.1952,0
322_permeable,322,permeable_slope,24.71475993236587,93.43309463902223,25.03,260.8,-0.9989,-0.0471,15.6,65.43,18.97,1.32,0.98,13.05,35.95,1.0862,0
545_pos,545,real_landslide_event,24.9849,92.8411,39.45,1221.1,0.9048,0.4258,36.4,20.6,43.0,1.2,18.9,64.9,65.19,10.4178,1
545_monsoon_stable,545,normal_monsoon_stable_slope,24.994290390086956,92.8605800546852,39.45,1221.1,0.9048,0.4258,36.4,20.6,43.0,1.2,22.66,45.69,55.97,8.945,0
545_dry,545,dry_season_steep_slope,24.9849,92.8411,39.45,1221.1,0.9048,0.4258,36.4,20.6,43.0,1.2,0.19,5.18,6.44,1.0287,0
545_flat,545,monsoon_flat_floodplain,24.8333,92.7789,1.2,25.0,-0.2584,0.7131,24.0,42.0,34.0,1.4,16.86,59.33,58.96,0.1491,0
545_permeable,545,permeable_slope,24.96362448606208,92.86316669553729,16.77,510.2,0.9048,0.4258,13.25,51.83,34.92,1.32,13.23,48.68,46.93,0.8952,0
580_pos,580,real_landslide_event,24.6596,93.9784,39.96,1165.1,0.7206,0.6934,31.8,30.4,37.8,1.2,8.6,31.0,39.63,5.1719,1
580_monsoon_stable,580,normal_monsoon_stable_slope,24.65232991853355,93.9591729594411,39.96,1165.1,0.7206,0.6934,31.8,30.4,37.8,1.2,18.53,42.28,55.29,7.2158,0
580_dry,580,dry_season_steep_slope,24.6596,93.9784,39.96,1165.1,0.7206,0.6934,31.8,30.4,37.8,1.2,2.33,5.06,10.97,1.4318,0
580_flat,580,monsoon_flat_floodplain,26.3212,91.0065,1.5,42.0,0.7076,0.5184,20.5,50.0,29.5,1.36,8.54,37.86,46.43,0.1221,0
580_permeable,580,permeable_slope,24.62051053191626,94.01295029407973,18.2,568.6,0.7206,0.6934,10.07,58.76,31.17,1.32,6.02,23.25,28.53,0.4284,0
585_pos,585,real_landslide_event,27.0998,93.6287,51.36,956.4,-0.9568,-0.2907,28.3,36.4,35.3,1.2,22.8,48.6,79.68,10.7605,1
585_monsoon_stable,585,normal_monsoon_stable_slope,27.111088620947527,93.62733548480658,51.36,956.4,-0.9568,-0.2907,28.3,36.4,35.3,1.2,27.64,49.28,55.22,7.4571,0
585_dry,585,dry_season_steep_slope,27.0998,93.6287,51.36,956.4,-0.9568,-0.2907,28.3,36.4,35.3,1.2,2.92,4.37,9.51,1.284,0
585_flat,585,monsoon_flat_floodplain,26.0207,89.9744,1.6,38.0,0.8549,-0.9597,22.5,47.0,30.5,1.37,26.66,49.65,82.44,0.2572,0
585_permeable,585,permeable_slope,27.087260310725256,93.65392624943644,25.72,725.3,-0.9568,-0.2907,15.79,57.54,26.67,1.32,15.96,36.45,57.37,1.8908,0
587_pos,587,real_landslide_event,27.2298,94.0989,51.58,1687.0,0.3469,-0.9379,31.9,28.7,39.4,1.2,1.8,71.6,99.08,16.0334,1
587_monsoon_stable,587,normal_monsoon_stable_slope,27.234402001066886,94.10589417774821,51.58,1687.0,0.3469,-0.9379,31.9,28.7,39.4,1.2,19.42,53.25,57.69,9.3361,0
587_dry,587,dry_season_steep_slope,27.2298,94.0989,51.58,1687.0,0.3469,-0.9379,31.9,28.7,39.4,1.2,1.91,6.28,8.4,1.3596,0
587_flat,587,monsoon_flat_floodplain,26.5413,88.7196,2.1,75.0,0.7353,-0.5954,23.0,46.0,31.0,1.34,2.06,87.68,111.21,0.4791,0
587_permeable,587,permeable_slope,27.20070002564606,94.12969113569525,22.21,295.6,0.3469,-0.9379,10.54,52.47,36.99,1.32,1.26,53.7,71.33,1.4122,0
594_pos,594,real_landslide_event,24.9336,93.8275,46.98,1065.3,0.1271,0.9919,31.0,31.9,37.0,1.2,15.6,40.1,57.58,8.2446,1
594_monsoon_stable,594,normal_monsoon_stable_slope,24.915384503935922,93.83924158675617,46.98,1065.3,0.1271,0.9919,31.0,31.9,37.0,1.2,18.4,53.18,59.39,8.5049,0
594_dry,594,dry_season_steep_slope,24.9336,93.8275,46.98,1065.3,0.1271,0.9919,31.0,31.9,37.0,1.2,2.13,6.37,11.57,1.6574,0
594_flat,594,monsoon_flat_floodplain,26.1445,91.7362,1.8,55.0,-0.9876,0.0209,22.0,48.0,30.0,1.35,18.94,43.73,59.8,0.2068,0
594_permeable,594,permeable_slope,24.92221352967888,93.82191519411404,13.27,572.7,0.1271,0.9919,10.37,50.92,38.71,1.32,10.92,30.08,41.46,0.4953,0
595_pos,595,real_landslide_event,26.885,88.2778,37.21,2236.3,-0.3955,-0.9184,35.2,23.3,41.5,1.2,17.3,101.6,173.88,25.0153,1
595_monsoon_stable,595,normal_monsoon_stable_slope,26.882679125371,88.28418292938335,37.21,2236.3,-0.3955,-0.9184,35.2,23.3,41.5,1.2,22.57,54.98,60.84,8.7534,0
595_dry,595,dry_season_steep_slope,26.885,88.2778,37.21,2236.3,-0.3955,-0.9184,35.2,23.3,41.5,1.2,0.78,3.27,5.15,0.7407,0
595_flat,595,monsoon_flat_floodplain,26.7509,92.7926,1.4,48.0,-0.7859,-0.8579,21.0,52.0,27.0,1.38,18.05,99.21,191.13,0.4675,0
595_permeable,595,permeable_slope,26.919778128006932,88.31012298114675,18.45,501.7,-0.3955,-0.9184,15.19,63.69,21.12,1.32,12.11,76.2,125.19,2.7845,0
614_pos,614,real_landslide_event,26.89,88.28,38.08,1207.7,-0.5906,-0.807,30.0,34.9,35.0,1.2,14.6,57.8,81.89,9.3596,1
614_monsoon_stable,614,normal_monsoon_stable_slope,26.909361909069148,88.27978682843786,38.08,1207.7,-0.5906,-0.807,30.0,34.9,35.0,1.2,27.2,51.32,60.69,6.9374,0
614_dry,614,dry_season_steep_slope,26.89,88.28,38.08,1207.7,-0.5906,-0.807,30.0,34.9,35.0,1.2,1.58,1.69,2.78,0.3175,0
614_flat,614,monsoon_flat_floodplain,27.4728,94.912,1.9,108.0,-0.1637,0.687,23.5,45.0,31.5,1.32,15.78,65.1,101.73,0.4141,0
614_permeable,614,permeable_slope,26.901493337522503,88.24567075865878,12.83,670.2,-0.5906,-0.807,12.47,55.09,32.44,1.32,10.22,43.35,58.96,0.797,0
620_pos,620,real_landslide_event,27.0771,88.482,46.84,1298.2,0.0384,0.9993,30.5,33.9,35.6,1.2,16.5,42.0,88.54,12.259,1
620_monsoon_stable,620,normal_monsoon_stable_slope,27.075216548204473,88.5014103084565,46.84,1298.2,0.0384,0.9993,30.5,33.9,35.6,1.2,24.28,42.77,50.9,7.0477,0
620_dry,620,dry_season_steep_slope,27.0771,88.482,46.84,1298.2,0.0384,0.9993,30.5,33.9,35.6,1.2,1.47,1.71,2.28,0.3155,0
620_flat,620,monsoon_flat_floodplain,24.8333,92.7789,1.2,25.0,-0.9083,-0.4664,24.0,42.0,34.0,1.4,16.91,44.31,108.48,0.2743,0
620_permeable,620,permeable_slope,27.096453740626018,88.48650190301146,20.18,514.8,0.0384,0.9993,17.85,51.2,30.95,1.32,11.55,31.5,63.75,1.9661,0
692_pos,692,real_landslide_event,25.705,94.04,32.03,651.4,0.6704,0.742,31.3,32.0,36.7,1.2,10.0,53.6,113.18,11.8618,1
692_monsoon_stable,692,normal_monsoon_stable_slope,25.695594984053546,94.05400518829865,32.03,651.4,0.6704,0.742,31.3,32.0,36.7,1.2,18.58,39.62,47.75,5.0038,0
692_dry,692,dry_season_steep_slope,25.705,94.04,32.03,651.4,0.6704,0.742,31.3,32.0,36.7,1.2,1.13,1.36,4.39,0.4604,0
692_flat,692,monsoon_flat_floodplain,26.3212,91.0065,1.5,42.0,-0.5301,0.9945,20.5,50.0,29.5,1.36,10.59,65.9,103.54,0.2724,0
692_permeable,692,permeable_slope,25.74377664010506,94.03780220866365,17.69,637.8,0.6704,0.742,14.15,64.33,21.51,1.32,7.0,40.2,81.49,1.616,0
714_pos,714,real_landslide_event,27.163,94.0,45.65,959.8,-0.9573,-0.289,28.3,36.4,35.3,1.2,10.8,29.6,99.79,12.3378,1
714_monsoon_stable,714,normal_monsoon_stable_slope,27.176007822427028,93.99366752897318,45.65,959.8,-0.9573,-0.289,28.3,36.4,35.3,1.2,27.99,58.84,69.19,8.5542,0
714_dry,714,dry_season_steep_slope,27.163,94.0,45.65,959.8,-0.9573,-0.289,28.3,36.4,35.3,1.2,0.81,4.33,8.1,1.0021,0
714_flat,714,monsoon_flat_floodplain,26.0207,89.9744,1.6,38.0,-0.9006,0.9296,22.5,47.0,30.5,1.37,10.69,30.46,102.77,0.3206,0
714_permeable,714,permeable_slope,27.186951795749344,94.02374303103676,13.21,687.6,-0.9573,-0.289,17.35,66.2,16.45,1.32,7.56,22.2,71.85,1.2986,0
731_pos,731,real_landslide_event,26.138,94.25,40.19,624.5,-0.9744,-0.225,31.1,32.5,36.4,1.2,38.9,72.7,98.71,12.459,1
731_monsoon_stable,731,normal_monsoon_stable_slope,26.13010563990262,94.23926838998682,40.19,624.5,-0.9744,-0.225,31.1,32.5,36.4,1.2,26.42,40.77,47.89,6.0444,0
731_dry,731,dry_season_steep_slope,26.138,94.25,40.19,624.5,-0.9744,-0.225,31.1,32.5,36.4,1.2,0.05,3.71,8.04,1.0152,0
731_flat,731,monsoon_flat_floodplain,26.5413,88.7196,2.1,75.0,0.6025,-0.4418,23.0,46.0,31.0,1.34,36.11,74.98,117.82,0.5076,0
731_permeable,731,permeable_slope,26.135279284732988,94.24882569344491,14.27,484.1,-0.9744,-0.225,12.8,60.26,26.95,1.32,27.23,54.53,71.07,1.0594,0
755_pos,755,real_landslide_event,27.337,88.609,49.98,2744.2,0.0227,-0.9997,37.7,17.6,44.7,1.2,76.1,198.3,299.9,61.3552,1
755_monsoon_stable,755,normal_monsoon_stable_slope,27.35411978356875,88.60977772049355,49.98,2744.2,0.0227,-0.9997,37.7,17.6,44.7,1.2,20.08,42.17,47.94,9.807,0
755_dry,755,dry_season_steep_slope,27.337,88.609,49.98,2744.2,0.0227,-0.9997,37.7,17.6,44.7,1.2,1.72,2.8,7.94,1.6235,0
755_flat,755,monsoon_flat_floodplain,26.1445,91.7362,1.8,55.0,0.9215,-0.9322,22.0,48.0,30.0,1.35,85.14,250.6,351.14,1.2145,0
755_permeable,755,permeable_slope,27.32737358321204,88.6362911635222,13.66,622.9,0.0227,-0.9997,11.22,59.89,28.89,1.32,53.27,148.73,215.93,2.7121,0
760_pos,760,real_landslide_event,25.67,94.1066,37.23,1243.4,0.1097,-0.994,36.6,20.1,43.3,1.2,29.0,44.3,144.98,22.2761,1
760_monsoon_stable,760,normal_monsoon_stable_slope,25.6537990623484,94.11525973426495,37.23,1243.4,0.1097,-0.994,36.6,20.1,43.3,1.2,18.44,39.84,46.44,7.1354,0
760_dry,760,dry_season_steep_slope,25.67,94.1066,37.23,1243.4,0.1097,-0.994,36.6,20.1,43.3,1.2,0.25,2.99,4.04,0.6211,0
760_flat,760,monsoon_flat_floodplain,26.7509,92.7926,1.4,48.0,-0.2242,-0.9195,21.0,52.0,27.0,1.38,28.81,49.65,139.6,0.3415,0
760_permeable,760,permeable_slope,25.656559326047926,94.11331307207409,20.61,464.9,0.1097,-0.994,11.74,61.57,26.69,1.32,20.3,33.22,104.39,2.0239,0
868_pos,868,real_landslide_event,26.3333,91.25,27.66,1004.2,0.9993,-0.0384,34.5,24.9,40.6,1.2,0.0,63.2,56.94,6.0845,1
868_monsoon_stable,868,normal_monsoon_stable_slope,26.319187660447643,91.25190999481924,27.66,1004.2,0.9993,-0.0384,34.5,24.9,40.6,1.2,10.07,34.73,40.48,4.3254,0
868_dry,868,dry_season_steep_slope,26.3333,91.25,27.66,1004.2,0.9993,-0.0384,34.5,24.9,40.6,1.2,0.27,2.29,6.58,0.7031,0
868_flat,868,monsoon_flat_floodplain,27.4728,94.912,1.9,108.0,-0.1587,0.4029,23.5,45.0,31.5,1.32,0.0,71.32,71.16,0.2897,0
868_permeable,868,permeable_slope,26.316618276936552,91.22231831842164,14.12,495.1,0.9993,-0.0384,11.04,66.66,22.3,1.32,0.0,47.4,41.0,0.5018,0
869_pos,869,real_landslide_event,27.2333,94.1167,34.47,2442.8,-0.9198,-0.3923,35.7,20.7,43.6,1.2,0.0,37.2,36.29,5.0619,1
869_monsoon_stable,869,normal_monsoon_stable_slope,27.21852022279458,94.12650005943446,34.47,2442.8,-0.9198,-0.3923,35.7,20.7,43.6,1.2,8.63,31.05,36.46,5.0861,0
869_dry,869,dry_season_steep_slope,27.2333,94.1167,34.47,2442.8,-0.9198,-0.3923,35.7,20.7,43.6,1.2,2.33,6.99,8.09,1.1286,0
869_flat,869,monsoon_flat_floodplain,24.8333,92.7789,1.2,25.0,0.8639,-0.0327,24.0,42.0,34.0,1.4,0.0,38.94,38.27,0.0968,0
869_permeable,869,permeable_slope,27.240168309774834,94.12646786927347,23.8,263.8,-0.9198,-0.3923,10.97,57.01,32.02,1.32,0.0,27.9,26.13,0.5581,0
870_pos,870,real_landslide_event,27.4,92.35,42.6,1675.1,-0.999,-0.0436,31.9,28.8,39.3,1.2,0.2,110.8,106.32,14.8533,1
870_monsoon_stable,870,normal_monsoon_stable_slope,27.394281779789964,92.36903978895731,42.6,1675.1,-0.999,-0.0436,31.9,28.8,39.3,1.2,21.07,34.34,44.36,6.1978,0
870_dry,870,dry_season_steep_slope,27.4,92.35,42.6,1675.1,-0.999,-0.0436,31.9,28.8,39.3,1.2,2.44,6.46,9.47,1.3224,0
870_flat,870,monsoon_flat_floodplain,26.3212,91.0065,1.5,42.0,-0.6877,-0.6127,20.5,50.0,29.5,1.36,0.22,131.72,129.14,0.3397,0
870_permeable,870,permeable_slope,27.392140084478136,92.35959641129729,20.88,608.0,-0.999,-0.0436,13.96,62.76,23.27,1.32,0.14,83.1,76.55,1.7734,0
1030_pos,1030,real_landslide_event,27.04357147,88.26522126,45.95,1550.8,-0.9845,-0.1754,31.8,31.1,37.2,1.2,145.9,182.6,239.85,34.846,1
1030_monsoon_stable,1030,normal_monsoon_stable_slope,27.054299808866798,88.26558020188179,45.95,1550.8,-0.9845,-0.1754,31.8,31.1,37.2,1.2,8.4,36.66,41.95,6.0953,0
1030_dry,1030,dry_season_steep_slope,27.04357147,88.26522126,45.95,1550.8,-0.9845,-0.1754,31.8,31.1,37.2,1.2,0.41,2.91,6.19,0.8995,0
1030_flat,1030,monsoon_flat_floodplain,26.0207,89.9744,1.6,38.0,0.9186,0.0681,22.5,47.0,30.5,1.37,129.8,176.16,271.84,0.848,0
1030_permeable,1030,permeable_slope,27.01068032313007,88.26286919791205,21.55,444.3,-0.9845,-0.1754,10.82,50.72,38.46,1.32,102.13,136.95,172.69,3.4494,0
1031_pos,1031,real_landslide_event,26.8836,88.2791,36.26,2663.0,-0.6307,0.776,37.3,18.5,44.1,1.2,177.4,211.0,246.22,38.1996,1
1031_monsoon_stable,1031,normal_monsoon_stable_slope,26.900170170109735,88.29853195039907,36.26,2663.0,-0.6307,0.776,37.3,18.5,44.1,1.2,14.29,37.79,49.72,7.7129,0
1031_dry,1031,dry_season_steep_slope,26.8836,88.2791,36.26,2663.0,-0.6307,0.776,37.3,18.5,44.1,1.2,2.42,2.76,8.4,1.3028,0
1031_flat,1031,monsoon_flat_floodplain,26.5413,88.7196,2.1,75.0,0.3982,-0.9995,23.0,46.0,31.0,1.34,211.37,225.71,228.87,0.9859,0
1031_permeable,1031,permeable_slope,26.858272979858487,88.25568853533518,24.79,618.9,-0.6307,0.776,17.75,55.41,26.85,1.32,124.18,158.25,177.28,6.4309,0
1032_pos,1032,real_landslide_event,27.0095,88.2592,41.37,2421.5,-0.7009,0.7133,36.1,21.3,42.6,1.2,145.9,182.6,239.85,39.3147,1
1032_monsoon_stable,1032,normal_monsoon_stable_slope,26.99303782326015,88.24639670279583,41.37,2421.5,-0.7009,0.7133,36.1,21.3,42.6,1.2,13.63,37.14,49.72,8.149,0
1032_dry,1032,dry_season_steep_slope,27.0095,88.2592,41.37,2421.5,-0.7009,0.7133,36.1,21.3,42.6,1.2,2.56,6.4,7.17,1.1752,0
1032_flat,1032,monsoon_flat_floodplain,26.1445,91.7362,1.8,55.0,-0.8965,-0.5169,22.0,48.0,30.0,1.35,128.89,232.46,247.0,0.8543,0
1032_permeable,1032,permeable_slope,27.010893265303444,88.23070915562899,14.36,597.8,-0.7009,0.7133,11.07,56.31,32.62,1.32,102.13,136.95,172.69,2.2971,0
1037_pos,1037,real_landslide_event,26.89,88.47,50.1,2642.9,-0.061,0.9981,37.2,18.8,44.0,1.2,36.1,42.2,49.23,9.8543,1
1037_monsoon_stable,1037,normal_monsoon_stable_slope,26.9074793918434,88.4618057805941,50.1,2642.9,-0.061,0.9981,37.2,18.8,44.0,1.2,25.27,50.9,56.99,11.4085,0
1037_dry,1037,dry_season_steep_slope,26.89,88.47,50.1,2642.9,-0.061,0.9981,37.2,18.8,44.0,1.2,1.23,6.21,9.58,1.9182,0
1037_flat,1037,monsoon_flat_floodplain,26.7509,92.7926,1.4,48.0,0.7664,-0.7155,21.0,52.0,27.0,1.38,42.84,39.01,53.59,0.1311,0
1037_permeable,1037,permeable_slope,26.90678260113543,88.47881426990887,19.54,665.5,-0.061,0.9981,13.33,61.03,25.64,1.32,25.27,31.65,35.44,0.7435,0
1050_pos,1050,real_landslide_event,26.87324244,88.29184021,43.25,1238.7,0.575,-0.8181,30.2,34.6,35.2,1.2,37.1,146.0,294.53,37.733,1
1050_monsoon_stable,1050,normal_monsoon_stable_slope,26.885441618318303,88.27662833256045,43.25,1238.7,0.575,-0.8181,30.2,34.6,35.2,1.2,8.95,40.1,51.64,6.6151,0
1050_dry,1050,dry_season_steep_slope,26.87324244,88.29184021,43.25,1238.7,0.575,-0.8181,30.2,34.6,35.2,1.2,2.35,3.43,4.18,0.5361,0
1050_flat,1050,monsoon_flat_floodplain,27.4728,94.912,1.9,108.0,-0.8865,0.2575,23.5,45.0,31.5,1.32,44.72,136.06,282.89,1.1516,0
1050_permeable,1050,permeable_slope,26.858223229976172,88.2952299208453,19.58,571.1,0.575,-0.8181,17.96,62.43,19.62,1.32,25.97,109.5,212.06,5.9513,0
1054_pos,1054,real_landslide_event,26.8572,88.3143,51.49,1223.3,0.5948,0.8039,30.1,34.7,35.1,1.2,18.9,39.5,68.51,9.9823,1
1054_monsoon_stable,1054,normal_monsoon_stable_slope,26.860678482895306,88.31626197141817,51.49,1223.3,0.5948,0.8039,30.1,34.7,35.1,1.2,20.56,50.86,63.36,9.2321,0
1054_dry,1054,dry_season_steep_slope,26.8572,88.3143,51.49,1223.3,0.5948,0.8039,30.1,34.7,35.1,1.2,2.59,7.48,9.25,1.3477,0
1054_flat,1054,monsoon_flat_floodplain,24.8333,92.7789,1.2,25.0,-0.8532,-0.1588,24.0,42.0,34.0,1.4,23.06,44.12,66.35,0.1677,0
1054_permeable,1054,permeable_slope,26.87258624206666,88.35397616373733,14.76,461.8,0.5948,0.8039,14.04,60.86,25.09,1.32,13.23,29.62,49.32,0.8312,0
1055_pos,1055,real_landslide_event,26.8826,88.2788,37.49,2223.9,0.9962,-0.0872,35.1,23.5,41.4,1.2,19.1,28.2,56.32,8.1184,1
1055_monsoon_stable,1055,normal_monsoon_stable_slope,26.865202832712132,88.28204991434434,37.49,2223.9,0.9962,-0.0872,35.1,23.5,41.4,1.2,12.71,23.61,37.97,5.4739,0
1055_dry,1055,dry_season_steep_slope,26.8826,88.2788,37.49,2223.9,0.9962,-0.0872,35.1,23.5,41.4,1.2,0.8,2.05,2.88,0.4155,0
1055_flat,1055,monsoon_flat_floodplain,26.3212,91.0065,1.5,42.0,-0.5875,-0.1723,20.5,50.0,29.5,1.36,21.3,35.39,51.5,0.1355,0
1055_permeable,1055,permeable_slope,26.867396300469487,88.2507894884526,24.16,718.6,0.9962,-0.0872,15.83,54.17,30.0,1.32,13.37,21.15,40.55,1.2909,0
1056_pos,1056,real_landslide_event,27.04,88.264,49.01,2425.8,-0.8957,-0.4446,36.1,21.2,42.7,1.2,31.2,40.5,84.53,15.8376,1
1056_monsoon_stable,1056,normal_monsoon_stable_slope,27.024856877060962,88.25458120565654,49.01,2425.8,-0.8957,-0.4446,36.1,21.2,42.7,1.2,19.8,49.68,55.76,10.4476,0
1056_dry,1056,dry_season_steep_slope,27.04,88.264,49.01,2425.8,-0.8957,-0.4446,36.1,21.2,42.7,1.2,0.55,3.38,4.32,0.8094,0
1056_flat,1056,monsoon_flat_floodplain,26.0207,89.9744,1.6,38.0,-0.9794,0.929,22.5,47.0,30.5,1.37,30.75,40.71,103.34,0.3224,0
1056_permeable,1056,permeable_slope,27.015247349782953,88.29724952173979,21.46,612.4,-0.8957,-0.4446,15.49,55.57,28.94,1.32,21.84,30.38,60.86,1.6796,0
1061_pos,1061,real_landslide_event,27.478,88.527,34.19,2513.5,-0.1115,0.9938,36.6,20.2,43.2,1.2,34.5,101.7,181.16,25.831,1
1061_monsoon_stable,1061,normal_monsoon_stable_slope,27.478397660937304,88.5208315692464,34.19,2513.5,-0.1115,0.9938,36.6,20.2,43.2,1.2,24.1,38.21,52.2,7.4424,0
1061_dry,1061,dry_season_steep_slope,27.478,88.527,34.19,2513.5,-0.1115,0.9938,36.6,20.2,43.2,1.2,1.65,5.47,8.77,1.2507,0
1061_flat,1061,monsoon_flat_floodplain,26.5413,88.7196,2.1,75.0,0.9994,0.5822,23.0,46.0,31.0,1.34,35.74,123.85,165.45,0.7127,0
1061_permeable,1061,permeable_slope,27.479497143261938,88.53986762370161,16.82,383.0,-0.1115,0.9938,17.39,64.43,18.18,1.32,24.15,76.28,130.43,3.0227,0
1084_pos,1084,real_landslide_event,27.7,92.8,44.69,1037.7,-0.0488,-0.9988,28.7,35.5,35.8,1.2,152.8,257.3,323.44,40.1493,1
1084_monsoon_stable,1084,normal_monsoon_stable_slope,27.69221925407367,92.81474239009422,44.69,1037.7,-0.0488,-0.9988,28.7,35.5,35.8,1.2,23.59,45.89,51.68,6.4156,0
1084_dry,1084,dry_season_steep_slope,27.7,92.8,44.69,1037.7,-0.0488,-0.9988,28.7,35.5,35.8,1.2,0.11,3.59,5.06,0.6277,0
1084_flat,1084,monsoon_flat_floodplain,26.1445,91.7362,1.8,55.0,-0.9665,-0.8738,22.0,48.0,30.0,1.35,156.77,242.92,349.72,1.2096,0
1084_permeable,1084,permeable_slope,27.730277629724814,92.77717870892047,17.05,744.6,-0.0488,-0.9988,10.26,66.67,23.06,1.32,106.96,192.98,232.88,3.1859,0
1088_pos,1088,real_landslide_event,26.8867642,88.28044714,36.3,2556.4,-0.0958,0.9954,36.8,19.7,43.5,1.2,37.1,127.5,176.22,26.7273,1
1088_monsoon_stable,1088,normal_monsoon_stable_slope,26.902359461874333,88.27644271326112,36.3,2556.4,-0.0958,0.9954,36.8,19.7,43.5,1.2,16.89,30.12,43.61,6.6142,0
1088_dry,1088,dry_season_steep_slope,26.8867642,88.28044714,36.3,2556.4,-0.0958,0.9954,36.8,19.7,43.5,1.2,0.9,3.79,9.14,1.3859,0
1088_flat,1088,monsoon_flat_floodplain,26.7509,92.7926,1.4,48.0,0.9976,-0.5905,21.0,52.0,27.0,1.38,41.51,138.84,206.61,0.5054,0
1088_permeable,1088,permeable_slope,26.906733515753604,88.25824282407713,24.12,749.2,-0.0958,0.9954,16.33,52.34,31.34,1.32,25.97,95.62,126.88,4.2096,0
1089_pos,1089,real_landslide_event,26.7914,88.363,35.5,1546.4,-0.9003,0.4352,31.7,31.1,37.2,1.2,22.7,104.4,158.6,18.558,1
1089_monsoon_stable,1089,normal_monsoon_stable_slope,26.78188219961289,88.37025614144063,35.5,1546.4,-0.9003,0.4352,31.7,31.1,37.2,1.2,12.25,25.72,37.41,4.3769,0
1089_dry,1089,dry_season_steep_slope,26.7914,88.363,35.5,1546.4,-0.9003,0.4352,31.7,31.1,37.2,1.2,1.14,3.64,5.59,0.6539,0
1089_flat,1089,monsoon_flat_floodplain,27.4728,94.912,1.9,108.0,-0.0898,0.8901,23.5,45.0,31.5,1.32,25.42,123.31,168.63,0.6864,0
1089_permeable,1089,permeable_slope,26.80949864597045,88.3520214011025,12.24,476.1,-0.9003,0.4352,16.59,62.54,20.87,1.32,15.89,78.3,114.19,1.872,0
1090_pos,1090,real_landslide_event,26.9599,88.268,48.62,1940.6,-0.2874,-0.9578,33.7,26.7,39.6,1.2,37.1,127.5,176.22,29.3077,1
1090_monsoon_stable,1090,normal_monsoon_stable_slope,26.94776900474403,88.25954071327438,48.62,1940.6,-0.2874,-0.9578,33.7,26.7,39.6,1.2,24.11,56.65,65.92,10.963,0
1090_dry,1090,dry_season_steep_slope,26.9599,88.268,48.62,1940.6,-0.2874,-0.9578,33.7,26.7,39.6,1.2,0.48,2.39,5.74,0.9549,0
1090_flat,1090,monsoon_flat_floodplain,24.8333,92.7789,1.2,25.0,0.8687,0.4306,24.0,42.0,34.0,1.4,32.36,134.26,159.01,0.402,0
1090_permeable,1090,permeable_slope,26.93140903106156,88.26534822653164,22.87,571.6,-0.2874,-0.9578,16.67,52.53,30.8,1.32,25.97,95.62,126.88,4.083,0
1091_pos,1091,real_landslide_event,27.02459801,88.43849551,49.31,2694.8,-0.9373,-0.3486,37.5,18.2,44.3,1.2,137.5,309.0,349.72,70.1077,1
1091_monsoon_stable,1091,normal_monsoon_stable_slope,27.039214352087804,88.43125977647189,49.31,2694.8,-0.9373,-0.3486,37.5,18.2,44.3,1.2,16.49,43.93,50.22,10.0677,0
1091_dry,1091,dry_season_steep_slope,27.02459801,88.43849551,49.31,2694.8,-0.9373,-0.3486,37.5,18.2,44.3,1.2,1.33,6.1,8.33,1.6689,0
1091_flat,1091,monsoon_flat_floodplain,26.3212,91.0065,1.5,42.0,0.9227,-0.9904,20.5,50.0,29.5,1.36,142.89,355.96,351.91,0.9257,0
1091_permeable,1091,permeable_slope,27.04911478964918,88.46320403387114,22.38,512.0,-0.9373,-0.3486,16.93,55.71,27.36,1.32,96.25,231.75,251.8,7.8982,0
1092_pos,1092,real_landslide_event,26.74452462,88.40011959,51.36,1924.5,0.8261,-0.5635,33.6,26.8,39.5,1.2,30.7,124.4,180.0,31.0461,1
1092_monsoon_stable,1092,normal_monsoon_stable_slope,26.730376348125446,88.38111974976309,51.36,1924.5,0.8261,-0.5635,33.6,26.8,39.5,1.2,8.79,41.62,50.73,8.7492,0
1092_dry,1092,dry_season_steep_slope,26.74452462,88.40011959,51.36,1924.5,0.8261,-0.5635,33.6,26.8,39.5,1.2,0.07,3.78,4.45,0.7668,0
1092_flat,1092,monsoon_flat_floodplain,26.0207,89.9744,1.6,38.0,-0.071,0.6363,22.5,47.0,30.5,1.37,33.55,161.31,207.63,0.6477,0
1092_permeable,1092,permeable_slope,26.723397681340845,88.39836223755887,22.39,721.3,0.8261,-0.5635,10.3,64.59,25.11,1.32,21.49,93.3,129.6,2.3404,0
1093_pos,1093,real_landslide_event,26.88211522,88.3195318,37.54,2356.3,0.1736,-0.9848,35.8,22.0,42.2,1.2,37.1,127.5,176.22,26.2564,1
1093_monsoon_stable,1093,normal_monsoon_stable_slope,26.86564841306948,88.33620587327985,37.54,2356.3,0.1736,-0.9848,35.8,22.0,42.2,1.2,25.42,46.64,53.7,8.0006,0
1093_dry,1093,dry_season_steep_slope,26.88211522,88.3195318,37.54,2356.3,0.1736,-0.9848,35.8,22.0,42.2,1.2,0.77,5.47,5.72,0.8518,0
1093_flat,1093,monsoon_flat_floodplain,26.5413,88.7196,2.1,75.0,-0.264,-0.6149,23.0,46.0,31.0,1.34,32.62,120.94,189.03,0.8143,0
1093_permeable,1093,permeable_slope,26.88305236187372,88.32889769031324,21.6,718.4,0.1736,-0.9848,10.62,58.99,30.4,1.32,25.97,95.62,126.88,2.3633,0
1094_pos,1094,real_landslide_event,27.15977181,88.63411246,50.86,2491.4,0.1201,-0.9928,36.5,20.5,43.1,1.2,137.5,309.0,349.72,68.468,1
1094_monsoon_stable,1094,normal_monsoon_stable_slope,27.14027528030631,88.62775208907976,50.86,2491.4,0.1201,-0.9928,36.5,20.5,43.1,1.2,10.51,22.52,33.55,6.5693,0
1094_dry,1094,dry_season_steep_slope,27.15977181,88.63411246,50.86,2491.4,0.1201,-0.9928,36.5,20.5,43.1,1.2,1.87,6.25,7.61,1.4892,0
1094_flat,1094,monsoon_flat_floodplain,26.1445,91.7362,1.8,55.0,0.8122,-0.7627,22.0,48.0,30.0,1.35,155.36,400.18,329.06,1.1381,0
1094_permeable,1094,permeable_slope,27.187076906422313,88.62847844343082,18.86,677.7,0.1201,-0.9928,12.75,66.05,21.21,1.32,96.25,231.75,251.8,4.7345,0
1102_pos,1102,real_landslide_event,27.2644,88.1365,45.54,2692.1,0.6211,-0.7837,37.5,18.2,44.3,1.2,34.8,151.4,294.97,55.6603,1
1102_monsoon_stable,1102,normal_monsoon_stable_slope,27.27465475793383,88.13277794155671,45.54,2692.1,0.6211,-0.7837,37.5,18.2,44.3,1.2,10.47,37.32,50.61,9.5504,0
1102_dry,1102,dry_season_steep_slope,27.2644,88.1365,45.54,2692.1,0.6211,-0.7837,37.5,18.2,44.3,1.2,0.81,4.34,10.06,1.8976,0
1102_flat,1102,monsoon_flat_floodplain,26.7509,92.7926,1.4,48.0,-0.8596,0.5019,21.0,52.0,27.0,1.38,32.26,173.58,295.28,0.7223,0
1102_permeable,1102,permeable_slope,27.233432035947754,88.1060636189201,15.34,719.2,0.6211,-0.7837,13.2,54.59,32.21,1.32,24.36,113.55,212.38,3.6348,0
1106_pos,1106,real_landslide_event,26.8992,88.1667,36.85,1725.1,0.9942,0.108,32.6,29.1,38.3,1.2,111.4,163.6,290.86,36.7064,1
1106_monsoon_stable,1106,normal_monsoon_stable_slope,26.903384150445127,88.15001005767434,36.85,1725.1,0.9942,0.108,32.6,29.1,38.3,1.2,22.07,36.79,48.64,6.1384,0
1106_dry,1106,dry_season_steep_slope,26.8992,88.1667,36.85,1725.1,0.9942,0.108,32.6,29.1,38.3,1.2,1.15,5.95,6.93,0.8741,0
1106_flat,1106,monsoon_flat_floodplain,27.4728,94.912,1.9,108.0,0.9711,-0.6447,23.5,45.0,31.5,1.32,137.14,187.01,262.55,1.0688,0
1106_permeable,1106,permeable_slope,26.913227039873846,88.15027176543245,18.2,497.8,0.9942,0.108,10.13,67.67,22.2,1.32,77.98,122.7,209.42,2.9944,0
1107_pos,1107,real_landslide_event,27.0736,88.4779,39.07,2620.5,0.6428,-0.766,37.1,19.0,43.9,1.2,43.3,96.2,352.56,57.7298,1
1107_monsoon_stable,1107,normal_monsoon_stable_slope,27.072263300891176,88.46303829953635,39.07,2620.5,0.6428,-0.766,37.1,19.0,43.9,1.2,24.14,46.64,53.24,8.7174,0
1107_dry,1107,dry_season_steep_slope,27.0736,88.4779,39.07,2620.5,0.6428,-0.766,37.1,19.0,43.9,1.2,2.91,5.83,9.7,1.589,0
1107_flat,1107,monsoon_flat_floodplain,24.8333,92.7789,1.2,25.0,0.9031,0.9787,24.0,42.0,34.0,1.4,45.07,109.42,382.96,0.9682,0
1107_permeable,1107,permeable_slope,27.056665825509278,88.47496820306166,13.97,333.4,0.6428,-0.766,12.11,52.0,35.89,1.32,30.31,72.15,253.84,3.6975,0
1108_pos,1108,real_landslide_event,24.9925,93.5,30.77,1216.0,-0.1288,0.9917,36.4,20.7,43.0,1.2,9.4,24.2,62.85,8.0802,1
1108_monsoon_stable,1108,normal_monsoon_stable_slope,24.998124310747027,93.51022995972156,30.77,1216.0,-0.1288,0.9917,36.4,20.7,43.0,1.2,12.64,24.54,38.95,5.0075,0
1108_dry,1108,dry_season_steep_slope,24.9925,93.5,30.77,1216.0,-0.1288,0.9917,36.4,20.7,43.0,1.2,0.27,1.82,2.52,0.3244,0
1108_flat,1108,monsoon_flat_floodplain,26.3212,91.0065,1.5,42.0,0.8584,-0.0369,20.5,50.0,29.5,1.36,8.82,25.11,67.26,0.1769,0
1108_permeable,1108,permeable_slope,24.986964276318883,93.50831332688327,23.53,680.4,-0.1288,0.9917,10.78,56.74,32.49,1.32,6.58,18.15,45.25,0.941,0
1109_pos,1109,real_landslide_event,25.5215,93.1645,29.74,1060.2,-0.1908,0.9816,38.3,19.8,41.9,1.2,2.7,9.9,64.94,8.582,1
1109_monsoon_stable,1109,normal_monsoon_stable_slope,25.506587401752267,93.17969982181269,29.74,1060.2,-0.1908,0.9816,38.3,19.8,41.9,1.2,23.19,35.64,45.87,6.0627,0
1109_dry,1109,dry_season_steep_slope,25.5215,93.1645,29.74,1060.2,-0.1908,0.9816,38.3,19.8,41.9,1.2,2.98,7.94,10.59,1.4001,0
1109_flat,1109,monsoon_flat_floodplain,26.0207,89.9744,1.6,38.0,0.7374,-0.9086,22.5,47.0,30.5,1.37,2.41,10.38,75.88,0.2367,0
1109_permeable,1109,permeable_slope,25.532337254838957,93.13625910151686,16.64,645.7,-0.1908,0.9816,17.45,50.3,32.25,1.32,1.89,7.43,46.75,1.1777,0
1110_pos,1110,real_landslide_event,26.88405686,88.28087032,34.87,2167.7,-0.8462,-0.5329,34.8,24.1,41.0,1.2,111.4,163.6,290.86,38.8588,1
1110_monsoon_stable,1110,normal_monsoon_stable_slope,26.88211859185401,88.26768378136973,34.87,2167.7,-0.8462,-0.5329,34.8,24.1,41.0,1.2,16.54,40.63,49.97,6.6763,0
1110_dry,1110,dry_season_steep_slope,26.88405686,88.28087032,34.87,2167.7,-0.8462,-0.5329,34.8,24.1,41.0,1.2,2.79,6.07,10.93,1.4599,0
1110_flat,1110,monsoon_flat_floodplain,26.5413,88.7196,2.1,75.0,0.6524,-0.8044,23.0,46.0,31.0,1.34,95.35,196.52,342.86,1.477,0
1110_permeable,1110,permeable_slope,26.871797856092655,88.24281237478138,14.73,361.0,-0.8462,-0.5329,16.88,67.74,15.38,1.32,77.98,122.7,209.42,4.0593,0
1111_pos,1111,real_landslide_event,27.1344,88.4575,50.24,1846.7,0.3649,-0.9311,33.2,27.7,39.0,1.2,43.3,96.2,352.56,58.7176,1
1111_monsoon_stable,1111,normal_monsoon_stable_slope,27.143599666191957,88.45135229283022,50.24,1846.7,0.3649,-0.9311,33.2,27.7,39.0,1.2,26.9,40.86,52.88,8.8076,0
1111_dry,1111,dry_season_steep_slope,27.1344,88.4575,50.24,1846.7,0.3649,-0.9311,33.2,27.7,39.0,1.2,2.71,7.29,13.15,2.1907,0
1111_flat,1111,monsoon_flat_floodplain,26.1445,91.7362,1.8,55.0,-0.569,-0.1123,22.0,48.0,30.0,1.35,47.92,122.42,399.04,1.3802,0
1111_permeable,1111,permeable_slope,27.149284018711096,88.46088734687012,24.82,320.6,0.3649,-0.9311,17.77,66.78,15.44,1.32,30.31,72.15,253.84,8.6032,0
1112_pos,1112,real_landslide_event,27.1761,88.5287,39.09,1255.7,-0.606,-0.7955,30.3,34.4,35.3,1.2,43.3,96.2,352.56,41.7641,1
1112_monsoon_stable,1112,normal_monsoon_stable_slope,27.174381917326738,88.52996994830625,39.09,1255.7,-0.606,-0.7955,30.3,34.4,35.3,1.2,14.24,28.31,39.19,4.6421,0
1112_dry,1112,dry_season_steep_slope,27.1761,88.5287,39.09,1255.7,-0.606,-0.7955,30.3,34.4,35.3,1.2,1.23,3.95,5.69,0.6739,0
1112_flat,1112,monsoon_flat_floodplain,26.7509,92.7926,1.4,48.0,0.471,0.5353,21.0,52.0,27.0,1.38,40.55,91.0,397.03,0.9711,0
1112_permeable,1112,permeable_slope,27.162240402499314,88.53677653190834,19.61,330.0,-0.606,-0.7955,12.24,67.68,20.08,1.32,30.31,72.15,253.84,4.7115,0
1125_pos,1125,real_landslide_event,27.3746,88.7648,44.25,1213.0,-0.9527,-0.304,30.1,34.9,35.1,1.2,12.4,57.1,126.29,16.3856,1
1125_monsoon_stable,1125,normal_monsoon_stable_slope,27.367227564023466,88.77483484767109,44.25,1213.0,-0.9527,-0.304,30.1,34.9,35.1,1.2,12.02,43.28,53.01,6.8773,0
1125_dry,1125,dry_season_steep_slope,27.3746,88.7648,44.25,1213.0,-0.9527,-0.304,30.1,34.9,35.1,1.2,0.62,3.8,6.56,0.8508,0
1125_flat,1125,monsoon_flat_floodplain,27.4728,94.912,1.9,108.0,0.3761,-0.9801,23.5,45.0,31.5,1.32,13.73,54.1,144.18,0.5869,0
1125_permeable,1125,permeable_slope,27.357690467190146,88.76523292465762,16.76,368.0,-0.9527,-0.304,14.22,53.89,31.89,1.32,8.68,42.83,90.93,1.8346,0
1127_pos,1127,real_landslide_event,25.1718,93.123,32.47,1348.9,-0.5878,-0.809,41.0,15.0,44.0,1.2,7.3,20.5,79.2,12.6324,1
1127_monsoon_stable,1127,normal_monsoon_stable_slope,25.15222817255074,93.11941384386142,32.47,1348.9,-0.5878,-0.809,41.0,15.0,44.0,1.2,19.11,39.91,54.24,8.6518,0
1127_dry,1127,dry_season_steep_slope,25.1718,93.123,32.47,1348.9,-0.5878,-0.809,41.0,15.0,44.0,1.2,2.01,4.31,6.15,0.9802,0
1127_flat,1127,monsoon_flat_floodplain,24.8333,92.7789,1.2,25.0,-0.8589,0.9252,24.0,42.0,34.0,1.4,8.29,23.6,75.22,0.1902,0
1127_permeable,1127,permeable_slope,25.147341559985144,93.10044893291865,22.77,379.9,-0.5878,-0.809,14.04,56.28,29.68,1.32,5.11,15.38,57.02,1.5017,0
1129_pos,1129,real_landslide_event,24.8628,94.4182,39.55,1417.4,0.3239,-0.9461,33.7,26.5,39.7,1.2,12.3,22.7,45.69,6.4591,1
1129_monsoon_stable,1129,normal_monsoon_stable_slope,24.87353290617881,94.4151364695532,39.55,1417.4,0.3239,-0.9461,33.7,26.5,39.7,1.2,11.5,37.12,49.31,6.9709,0
1129_dry,1129,dry_season_steep_slope,24.8628,94.4182,39.55,1417.4,0.3239,-0.9461,33.7,26.5,39.7,1.2,2.5,3.75,8.55,1.2089,0
1129_flat,1129,monsoon_flat_floodplain,26.3212,91.0065,1.5,42.0,0.2337,0.8208,20.5,50.0,29.5,1.36,11.57,25.54,45.43,0.1195,0
1129_permeable,1129,permeable_slope,24.872431404358114,94.39859129658426,21.66,474.2,0.3239,-0.9461,11.47,57.02,31.51,1.32,8.61,17.03,32.9,0.672,0
1168_pos,1168,real_landslide_event,27.1954,88.6115,51.94,2104.9,0.8329,0.5534,34.5,24.8,40.7,1.2,11.8,24.8,84.48,15.3233,1
1168_monsoon_stable,1168,normal_monsoon_stable_slope,27.190443855159828,88.61810413551999,51.94,2104.9,0.8329,0.5534,34.5,24.8,40.7,1.2,20.27,32.33,47.63,8.6385,0
1168_dry,1168,dry_season_steep_slope,27.1954,88.6115,51.94,2104.9,0.8329,0.5534,34.5,24.8,40.7,1.2,0.17,4.21,6.09,1.1039,0
1168_flat,1168,monsoon_flat_floodplain,26.0207,89.9744,1.6,38.0,-0.2104,-0.1627,22.5,47.0,30.5,1.37,10.21,30.24,81.55,0.2544,0
1168_permeable,1168,permeable_slope,27.194198461589203,88.61859824941872,13.72,664.5,0.8329,0.5534,17.46,67.81,14.72,1.32,8.26,18.6,60.83,1.1374,0
1170_pos,1170,real_landslide_event,26.8342,88.2798,48.62,1366.3,-0.9291,0.3697,30.8,33.1,36.0,1.2,12.5,30.4,45.91,6.6429,1
1170_monsoon_stable,1170,normal_monsoon_stable_slope,26.81628131248232,88.26799283702294,48.62,1366.3,-0.9291,0.3697,30.8,33.1,36.0,1.2,24.45,46.9,58.09,8.4048,0
1170_dry,1170,dry_season_steep_slope,26.8342,88.2798,48.62,1366.3,-0.9291,0.3697,30.8,33.1,36.0,1.2,2.96,7.87,8.57,1.2402,0
1170_flat,1170,monsoon_flat_floodplain,26.5413,88.7196,2.1,75.0,-0.9949,-0.3678,23.0,46.0,31.0,1.34,12.24,36.97,44.25,0.1906,0
1170_permeable,1170,permeable_slope,26.848714667773233,88.31155772627,25.4,273.3,-0.9291,0.3697,17.01,50.11,32.88,1.32,8.75,22.8,33.06,1.2173,0
1222_pos,1222,real_landslide_event,23.73478778,92.72124394,41.04,1264.0,0.859,-0.512,32.6,28.9,38.6,1.2,28.3,87.2,85.24,11.7961,1
1222_monsoon_stable,1222,normal_monsoon_stable_slope,23.71496224736847,92.71913132074484,41.04,1264.0,0.859,-0.512,32.6,28.9,38.6,1.2,22.75,53.93,58.6,8.1095,0
1222_dry,1222,dry_season_steep_slope,23.73478778,92.72124394,41.04,1264.0,0.859,-0.512,32.6,28.9,38.6,1.2,0.84,1.88,6.04,0.8353,0
1222_flat,1222,monsoon_flat_floodplain,26.1445,91.7362,1.8,55.0,0.9947,0.9951,22.0,48.0,30.0,1.35,26.58,112.22,106.29,0.3676,0
1222_permeable,1222,permeable_slope,23.772652630408622,92.69968068451757,22.67,592.8,0.859,-0.512,12.43,55.91,31.65,1.32,19.81,65.4,61.38,1.429,0
1596_pos,1596,real_landslide_event,24.7339,93.9161,36.83,1901.2,-0.0958,0.9954,37.5,19.1,43.5,1.2,2.5,2.5,2.5,0.3932,1
1596_monsoon_stable,1596,normal_monsoon_stable_slope,24.714676027794525,93.92594560712972,36.83,1901.2,-0.0958,0.9954,37.5,19.1,43.5,1.2,11.2,26.11,37.35,5.8738,0
1596_dry,1596,dry_season_steep_slope,24.7339,93.9161,36.83,1901.2,-0.0958,0.9954,37.5,19.1,43.5,1.2,0.23,1.79,7.54,1.1852,0
1596_flat,1596,monsoon_flat_floodplain,26.7509,92.7926,1.4,48.0,0.5802,0.9923,21.0,52.0,27.0,1.38,2.67,2.73,2.38,0.0058,0
1596_permeable,1596,permeable_slope,24.727110679077583,93.90664566634342,17.08,336.2,-0.0958,0.9954,16.26,55.85,27.89,1.32,1.75,1.88,1.8,0.0418,0
1611_pos,1611,real_landslide_event,25.1553,93.028,39.2,1045.0,0.2011,-0.9796,38.1,20.1,41.8,1.2,15.3,96.8,107.94,18.0356,1
1611_monsoon_stable,1611,normal_monsoon_stable_slope,25.1434568419726,93.03392936876803,39.2,1045.0,0.2011,-0.9796,38.1,20.1,41.8,1.2,16.02,30.61,42.68,7.1316,0
1611_dry,1611,dry_season_steep_slope,25.1553,93.028,39.2,1045.0,0.2011,-0.9796,38.1,20.1,41.8,1.2,2.07,6.1,10.54,1.7612,0
1611_flat,1611,monsoon_flat_floodplain,27.4728,94.912,1.9,108.0,0.84,-0.6183,23.5,45.0,31.5,1.32,18.85,115.05,126.53,0.5151,0
1611_permeable,1611,permeable_slope,25.141635972071782,93.01583652850539,18.66,368.8,0.2011,-0.9796,10.2,57.1,32.7,1.32,10.71,72.6,77.72,1.2239,0
1613_pos,1613,real_landslide_event,27.8997,93.3497,43.97,2638.3,0.6046,-0.7965,36.7,18.7,44.7,1.2,20.2,62.6,108.09,19.3359,1
1613_monsoon_stable,1613,normal_monsoon_stable_slope,27.88385184375888,93.35201583591656,43.97,2638.3,0.6046,-0.7965,36.7,18.7,44.7,1.2,19.51,44.78,55.15,9.865,0
1613_dry,1613,dry_season_steep_slope,27.8997,93.3497,43.97,2638.3,0.6046,-0.7965,36.7,18.7,44.7,1.2,1.08,1.94,3.86,0.691,0
1613_flat,1613,monsoon_flat_floodplain,24.8333,92.7789,1.2,25.0,0.36,0.9663,24.0,42.0,34.0,1.4,18.34,71.57,103.45,0.2616,0
1613_permeable,1613,permeable_slope,27.91835552385663,93.34143007205174,19.19,387.8,0.6046,-0.7965,15.28,57.11,27.61,1.32,14.14,46.95,77.83,1.8856,0
1755_pos,1755,real_landslide_event,27.3341,88.6083,48.17,2537.5,-0.6678,0.7443,36.7,20.0,43.4,1.2,4.7,8.4,25.11,4.7694,1
1755_monsoon_stable,1755,normal_monsoon_stable_slope,27.35406738617021,88.60772727409676,48.17,2537.5,-0.6678,0.7443,36.7,20.0,43.4,1.2,21.1,53.31,62.7,11.9068,0
1755_dry,1755,dry_season_steep_slope,27.3341,88.6083,48.17,2537.5,-0.6678,0.7443,36.7,20.0,43.4,1.2,2.18,3.66,9.2,1.7465,0
1755_flat,1755,monsoon_flat_floodplain,26.3212,91.0065,1.5,42.0,0.1028,0.0652,20.5,50.0,29.5,1.36,4.58,8.6,28.99,0.0762,0
1755_permeable,1755,permeable_slope,27.35864720692781,88.61318543599499,19.39,673.3,-0.6678,0.7443,14.8,66.7,18.5,1.32,3.29,6.3,18.08,0.4038,0
1756_pos,1756,real_landslide_event,27.322,88.6087,41.33,2243.0,0.3987,0.9171,35.2,23.3,41.5,1.2,4.7,8.4,25.11,3.9458,1
1756_monsoon_stable,1756,normal_monsoon_stable_slope,27.341096290687297,88.59809710513726,41.33,2243.0,0.3987,0.9171,35.2,23.3,41.5,1.2,8.61,43.09,52.68,8.2762,0
1756_dry,1756,dry_season_steep_slope,27.322,88.6087,41.33,2243.0,0.3987,0.9171,35.2,23.3,41.5,1.2,0.6,3.84,7.55,1.1866,0
1756_flat,1756,monsoon_flat_floodplain,26.0207,89.9744,1.6,38.0,0.7279,0.6445,22.5,47.0,30.5,1.37,4.01,9.66,24.17,0.0754,0
1756_permeable,1756,permeable_slope,27.361928387930462,88.61276193834611,18.52,562.8,0.3987,0.9171,11.17,58.73,30.1,1.32,3.29,6.3,18.08,0.3062,0
1770_pos,1770,real_landslide_event,26.1965,91.763,40.16,832.5,0.7581,0.6521,33.0,28.4,38.7,1.2,50.4,105.5,142.8,19.7239,1
1770_monsoon_stable,1770,normal_monsoon_stable_slope,26.19375405287277,91.76495729565792,40.16,832.5,0.7581,0.6521,33.0,28.4,38.7,1.2,18.19,46.44,57.58,7.953,0
1770_dry,1770,dry_season_steep_slope,26.1965,91.763,40.16,832.5,0.7581,0.6521,33.0,28.4,38.7,1.2,1.21,4.28,8.93,1.2341,0
1770_flat,1770,monsoon_flat_floodplain,26.5413,88.7196,2.1,75.0,-0.3211,0.4633,23.0,46.0,31.0,1.34,57.27,127.14,169.18,0.7288,0
1770_permeable,1770,permeable_slope,26.2150781865349,91.77355250192655,14.63,310.8,0.7581,0.6521,11.76,65.95,22.29,1.32,35.28,79.12,102.81,1.3944,0
1771_pos,1771,real_landslide_event,26.1978,91.7665,41.88,1339.0,-0.9632,0.2689,37.5,18.2,44.3,1.2,50.4,105.5,142.8,25.2028,1
1771_monsoon_stable,1771,normal_monsoon_stable_slope,26.198705003267353,91.75437616527357,41.88,1339.0,-0.9632,0.2689,37.5,18.2,44.3,1.2,10.29,23.48,33.11,5.8438,0
1771_dry,1771,dry_season_steep_slope,26.1978,91.7665,41.88,1339.0,-0.9632,0.2689,37.5,18.2,44.3,1.2,1.91,4.78,8.94,1.5782,0
1771_flat,1771,monsoon_flat_floodplain,26.1445,91.7362,1.8,55.0,-0.9101,-0.7071,22.0,48.0,30.0,1.35,50.75,130.64,161.96,0.5602,0
1771_permeable,1771,permeable_slope,26.177735214515366,91.75095307125234,16.88,584.6,-0.9632,0.2689,10.38,59.41,30.21,1.32,35.28,79.12,102.81,1.4722,0
1775_pos,1775,real_landslide_event,27.8965,96.1779,49.97,1912.4,0.2723,-0.9622,33.1,26.3,40.6,1.2,53.6,131.3,197.1,32.9613,1
1775_monsoon_stable,1775,normal_monsoon_stable_slope,27.90787450321413,96.16028090876111,49.97,1912.4,0.2723,-0.9622,33.1,26.3,40.6,1.2,16.56,33.57,39.99,6.6869,0
1775_dry,1775,dry_season_steep_slope,27.8965,96.1779,49.97,1912.4,0.2723,-0.9622,33.1,26.3,40.6,1.2,1.67,5.22,6.94,1.1608,0
1775_flat,1775,monsoon_flat_floodplain,26.7509,92.7926,1.4,48.0,-0.4593,-0.5416,21.0,52.0,27.0,1.38,59.12,130.49,199.75,0.4886,0
1775_permeable,1775,permeable_slope,27.898516900434682,96.17381875176861,22.75,443.6,0.2723,-0.9622,14.59,66.14,19.26,1.32,37.52,98.48,141.92,3.6512,0
1776_pos,1776,real_landslide_event,25.3612,92.2845,44.83,1548.5,-0.1719,0.9851,39.8,17.9,42.3,1.2,18.3,139.5,174.7,34.6468,1
1776_monsoon_stable,1776,normal_monsoon_stable_slope,25.364036643477025,92.28008149159582,44.83,1548.5,-0.1719,0.9851,39.8,17.9,42.3,1.2,24.16,52.41,63.48,12.5899,0
1776_dry,1776,dry_season_steep_slope,25.3612,92.2845,44.83,1548.5,-0.1719,0.9851,39.8,17.9,42.3,1.2,0.8,5.16,5.53,1.0962,0
1776_flat,1776,monsoon_flat_floodplain,27.4728,94.912,1.9,108.0,0.3172,0.6735,23.5,45.0,31.5,1.32,15.87,136.76,179.82,0.732,0
1776_permeable,1776,permeable_slope,25.343530407142293,92.29174776580389,19.11,352.1,-0.1719,0.9851,14.99,53.12,31.89,1.32,12.81,104.62,125.78,3.0547,0
1857_pos,1857,real_landslide_event,25.3433,92.2897,42.22,1054.6,-0.7193,-0.6947,36.2,26.0,37.8,1.2,37.2,152.0,145.13,23.3492,1
1857_monsoon_stable,1857,normal_monsoon_stable_slope,25.35848232874472,92.28359494277835,42.22,1054.6,-0.7193,-0.6947,36.2,26.0,37.8,1.2,21.39,33.23,46.1,7.417,0
1857_dry,1857,dry_season_steep_slope,25.3433,92.2897,42.22,1054.6,-0.7193,-0.6947,36.2,26.0,37.8,1.2,0.96,2.73,5.22,0.8403,0
1857_flat,1857,monsoon_flat_floodplain,24.8333,92.7789,1.2,25.0,-0.9789,-0.0778,24.0,42.0,34.0,1.4,31.74,158.48,179.39,0.4536,0
1857_permeable,1857,permeable_slope,25.312756818166445,92.26435053353006,25.95,262.4,-0.7193,-0.6947,10.6,52.96,36.44,1.32,26.04,114.0,104.49,2.4003,0
1929_pos,1929,real_landslide_event,27.3543,88.6428,51.95,2691.7,-0.0419,0.9991,37.5,18.2,44.3,1.2,3.5,15.8,81.93,17.0581,1
1929_monsoon_stable,1929,normal_monsoon_stable_slope,27.35955704808591,88.62606993068931,51.95,2691.7,-0.0419,0.9991,37.5,18.2,44.3,1.2,10.12,31.76,41.16,8.5691,0
1929_dry,1929,dry_season_steep_slope,27.3543,88.6428,51.95,2691.7,-0.0419,0.9991,37.5,18.2,44.3,1.2,1.95,3.82,3.95,0.8221,0
1929_flat,1929,monsoon_flat_floodplain,26.3212,91.0065,1.5,42.0,-0.9716,0.6868,20.5,50.0,29.5,1.36,3.21,14.52,79.62,0.2095,0
1929_permeable,1929,permeable_slope,27.339688112820028,88.6521454382418,19.26,417.8,-0.0419,0.9991,13.91,62.13,23.95,1.32,2.45,11.85,58.99,1.2651,0
1930_pos,1930,real_landslide_event,28.4298,95.8776,49.14,1632.2,0.2521,0.9677,31.7,29.3,39.1,1.2,19.0,25.4,50.99,7.8786,1
1930_monsoon_stable,1930,normal_monsoon_stable_slope,28.419304351551943,95.8696881394954,49.14,1632.2,0.2521,0.9677,31.7,29.3,39.1,1.2,25.63,45.67,59.81,9.2422,0
1930_dry,1930,dry_season_steep_slope,28.4298,95.8776,49.14,1632.2,0.2521,0.9677,31.7,29.3,39.1,1.2,2.52,5.77,10.06,1.5549,0
1930_flat,1930,monsoon_flat_floodplain,26.0207,89.9744,1.6,38.0,0.7515,0.4484,22.5,47.0,30.5,1.37,19.89,30.0,53.73,0.1676,0
1930_permeable,1930,permeable_slope,28.416692845878618,95.84466332847097,13.47,656.6,0.2521,0.9677,15.18,61.72,23.09,1.32,13.3,19.05,36.71,0.6085,0
1934_pos,1934,real_landslide_event,24.6005,92.3814,40.6,850.0,0.3746,-0.9272,33.1,28.0,38.9,1.2,3.1,19.9,108.07,15.1561,1
1934_monsoon_stable,1934,normal_monsoon_stable_slope,24.58081494171584,92.3779340987568,40.6,850.0,0.3746,-0.9272,33.1,28.0,38.9,1.2,20.97,36.74,48.6,6.8156,0
1934_dry,1934,dry_season_steep_slope,24.6005,92.3814,40.6,850.0,0.3746,-0.9272,33.1,28.0,38.9,1.2,0.06,4.62,6.6,0.9256,0
1934_flat,1934,monsoon_flat_floodplain,26.5413,88.7196,2.1,75.0,-0.4931,-0.8805,23.0,46.0,31.0,1.34,3.43,18.94,123.73,0.533,0
1934_permeable,1934,permeable_slope,24.625241294818743,92.35849324022894,22.3,289.0,0.3746,-0.9272,14.14,59.92,25.94,1.32,2.17,14.92,77.81,1.9773,0
1935_pos,1935,real_landslide_event,23.8986,91.7599,37.86,558.2,-0.6198,-0.7848,30.5,33.8,35.6,1.2,6.2,14.2,85.23,9.9365,1
1935_monsoon_stable,1935,normal_monsoon_stable_slope,23.901755328338165,91.77239185509366,37.86,558.2,-0.6198,-0.7848,30.5,33.8,35.6,1.2,23.72,55.06,64.05,7.4673,0
1935_dry,1935,dry_season_steep_slope,23.8986,91.7599,37.86,558.2,-0.6198,-0.7848,30.5,33.8,35.6,1.2,0.91,1.3,5.58,0.6511,0
1935_flat,1935,monsoon_flat_floodplain,26.1445,91.7362,1.8,55.0,0.7478,0.6027,22.0,48.0,30.0,1.35,7.6,16.8,95.73,0.3311,0
1935_permeable,1935,permeable_slope,23.90189928545518,91.72322199977052,13.99,530.8,-0.6198,-0.7848,14.16,50.86,34.98,1.32,4.34,10.65,61.37,1.0546,0
1954_pos,1954,real_landslide_event,24.7543,93.5039,34.35,1704.5,0.1908,-0.9816,36.0,22.1,42.0,1.2,10.2,21.7,41.08,5.695,1
1954_monsoon_stable,1954,normal_monsoon_stable_slope,24.75276076767925,93.49438657761247,34.35,1704.5,0.1908,-0.9816,36.0,22.1,42.0,1.2,16.13,49.55,57.08,7.9134,0
1954_dry,1954,dry_season_steep_slope,24.7543,93.5039,34.35,1704.5,0.1908,-0.9816,36.0,22.1,42.0,1.2,1.85,5.63,8.51,1.1795,0
1954_flat,1954,monsoon_flat_floodplain,26.7509,92.7926,1.4,48.0,-0.9846,0.989,21.0,52.0,27.0,1.38,12.54,22.39,43.48,0.1064,0
1954_permeable,1954,permeable_slope,24.750627452083467,93.51933486121308,16.75,338.0,0.1908,-0.9816,11.82,67.9,20.29,1.32,7.14,16.27,29.58,0.4545,0
1961_pos,1961,real_landslide_event,25.8833,91.2,45.28,1273.7,0.3239,-0.9461,37.8,22.4,39.8,1.2,34.9,54.1,124.94,22.8466,1
1961_monsoon_stable,1961,normal_monsoon_stable_slope,25.902432477189766,91.19638682865465,45.28,1273.7,0.3239,-0.9461,37.8,22.4,39.8,1.2,23.02,34.06,42.2,7.7167,0
1961_dry,1961,dry_season_steep_slope,25.8833,91.2,45.28,1273.7,0.3239,-0.9461,37.8,22.4,39.8,1.2,0.65,1.93,2.93,0.5353,0
1961_flat,1961,monsoon_flat_floodplain,27.4728,94.912,1.9,108.0,-0.789,-0.9479,23.5,45.0,31.5,1.32,34.83,54.13,126.92,0.5167,0
1961_permeable,1961,permeable_slope,25.854765209791328,91.16232442664439,24.78,351.8,0.3239,-0.9461,14.48,55.0,30.52,1.32,24.43,40.58,89.96,2.6672,0
1963_pos,1963,real_landslide_event,26.944,88.4441,50.6,1701.4,-0.1959,-0.9806,32.5,29.4,38.1,1.2,4.2,37.5,58.96,9.5361,1
1963_monsoon_stable,1963,normal_monsoon_stable_slope,26.92421018202665,88.45041034586865,50.6,1701.4,-0.1959,-0.9806,32.5,29.4,38.1,1.2,11.62,37.81,44.63,7.2179,0
1963_dry,1963,dry_season_steep_slope,26.944,88.4441,50.6,1701.4,-0.1959,-0.9806,32.5,29.4,38.1,1.2,2.42,6.1,12.01,1.9419,0
1963_flat,1963,monsoon_flat_floodplain,24.8333,92.7789,1.2,25.0,-0.9276,-0.336,24.0,42.0,34.0,1.4,4.23,44.44,56.25,0.1422,0
1963_permeable,1963,permeable_slope,26.909376416023488,88.46866679276228,14.06,387.7,-0.1959,-0.9806,10.49,60.19,29.32,1.32,2.94,28.12,42.45,0.5116,0
1986_pos,1986,real_landslide_event,26.3335,94.5512,38.8,532.9,-0.606,-0.7955,30.3,34.3,35.4,1.2,20.3,45.9,66.46,7.8296,1
1986_monsoon_stable,1986,normal_monsoon_stable_slope,26.345578267526086,94.57020721134309,38.8,532.9,-0.606,-0.7955,30.3,34.3,35.4,1.2,8.46,39.76,50.93,6.0005,0
1986_dry,1986,dry_season_steep_slope,26.3335,94.5512,38.8,532.9,-0.606,-0.7955,30.3,34.3,35.4,1.2,0.49,4.36,8.78,1.0348,0
1986_flat,1986,monsoon_flat_floodplain,26.3212,91.0065,1.5,42.0,0.7135,0.7093,20.5,50.0,29.5,1.36,18.05,53.9,71.55,0.1882,0
1986_permeable,1986,permeable_slope,26.300203775883034,94.52568870637289,12.78,743.1,-0.606,-0.7955,12.49,60.63,26.88,1.32,14.21,34.42,47.85,0.6235,0
1987_pos,1987,real_landslide_event,25.2269,93.1658,29.43,1036.3,-0.742,0.6704,38.0,20.3,41.7,1.2,8.1,23.5,106.86,13.8213,1
1987_monsoon_stable,1987,normal_monsoon_stable_slope,25.237343550004983,93.17769255823013,29.43,1036.3,-0.742,0.6704,38.0,20.3,41.7,1.2,11.89,25.17,33.05,4.2753,0
1987_dry,1987,dry_season_steep_slope,25.2269,93.1658,29.43,1036.3,-0.742,0.6704,38.0,20.3,41.7,1.2,0.43,4.59,6.71,0.8683,0
1987_flat,1987,monsoon_flat_floodplain,26.0207,89.9744,1.6,38.0,0.9907,-0.7081,22.5,47.0,30.5,1.37,8.29,26.9,111.72,0.3485,0
1987_permeable,1987,permeable_slope,25.21042757249153,93.1365159718653,22.03,271.1,-0.742,0.6704,16.8,55.24,27.96,1.32,5.67,17.62,76.94,2.3651,0
1993_pos,1993,real_landslide_event,26.8073,88.3162,37.14,2649.8,0.0593,-0.9982,37.2,18.7,44.1,1.2,18.7,33.8,59.89,9.444,1
1993_monsoon_stable,1993,normal_monsoon_stable_slope,26.820533648421648,88.3118918809032,37.14,2649.8,0.0593,-0.9982,37.2,18.7,44.1,1.2,18.85,40.23,48.46,7.6419,0
1993_dry,1993,dry_season_steep_slope,26.8073,88.3162,37.14,2649.8,0.0593,-0.9982,37.2,18.7,44.1,1.2,1.36,5.89,7.25,1.1436,0
1993_flat,1993,monsoon_flat_floodplain,26.5413,88.7196,2.1,75.0,0.7407,-0.5824,23.0,46.0,31.0,1.34,17.28,40.19,64.78,0.2791,0
1993_permeable,1993,permeable_slope,26.833691602360165,88.34799790421253,17.64,484.4,0.0593,-0.9982,14.68,63.12,22.2,1.32,13.09,25.35,43.12,0.8912,0
1994_pos,1994,real_landslide_event,25.0633,92.8025,43.04,1153.3,-0.1305,0.9914,39.1,17.9,42.9,1.2,12.2,65.0,98.87,18.6492,1
1994_monsoon_stable,1994,normal_monsoon_stable_slope,25.04875758587269,92.7842516973071,43.04,1153.3,-0.1305,0.9914,39.1,17.9,42.9,1.2,13.26,26.85,36.2,6.828,0
1994_dry,1994,dry_season_steep_slope,25.0633,92.8025,43.04,1153.3,-0.1305,0.9914,39.1,17.9,42.9,1.2,1.92,5.79,7.94,1.4968,0
1994_flat,1994,monsoon_flat_floodplain,26.1445,91.7362,1.8,55.0,-0.8954,0.9415,22.0,48.0,30.0,1.35,11.45,72.26,115.4,0.3991,0
1994_permeable,1994,permeable_slope,25.10189289671057,92.81978459505339,23.53,599.7,-0.1305,0.9914,14.66,55.64,29.7,1.32,8.54,48.75,71.19,2.0283,0
1995_pos,1995,real_landslide_event,27.0765,88.4808,45.09,2405.1,0.7059,-0.7083,36.0,21.4,42.5,1.2,7.0,16.9,46.55,8.1471,1
1995_monsoon_stable,1995,normal_monsoon_stable_slope,27.09152853654256,88.4843234113223,45.09,2405.1,0.7059,-0.7083,36.0,21.4,42.5,1.2,21.05,33.33,46.55,8.1466,0
1995_dry,1995,dry_season_steep_slope,27.0765,88.4808,45.09,2405.1,0.7059,-0.7083,36.0,21.4,42.5,1.2,2.28,6.98,11.79,2.0638,0
1995_flat,1995,monsoon_flat_floodplain,26.7509,92.7926,1.4,48.0,-0.251,0.9611,21.0,52.0,27.0,1.38,7.85,18.22,43.53,0.1065,0
1995_permeable,1995,permeable_slope,27.113449385751878,88.48295145981768,22.68,446.1,0.7059,-0.7083,15.63,65.1,19.27,1.32,4.9,12.67,33.52,0.9269,0
1996_pos,1996,real_landslide_event,26.4333,94.8833,39.02,796.5,0.9943,0.1063,32.6,29.1,38.3,1.2,29.1,52.3,96.0,12.7192,1
1996_monsoon_stable,1996,normal_monsoon_stable_slope,26.427518430496345,94.88758860648491,39.02,796.5,0.9943,0.1063,32.6,29.1,38.3,1.2,25.32,51.99,57.21,7.58,0
1996_dry,1996,dry_season_steep_slope,26.4333,94.8833,39.02,796.5,0.9943,0.1063,32.6,29.1,38.3,1.2,0.41,2.42,5.87,0.7773,0
1996_flat,1996,monsoon_flat_floodplain,27.4728,94.912,1.9,108.0,-0.4043,0.9917,23.5,45.0,31.5,1.32,33.27,67.03,100.01,0.4071,0
1996_permeable,1996,permeable_slope,26.4572764354382,94.85662531950425,24.76,508.0,0.9943,0.1063,13.71,54.16,32.13,1.32,20.37,39.22,69.12,1.9507,0
2025_pos,2025,real_landslide_event,25.5728,91.885,38.54,978.1,-0.9026,0.4305,35.7,27.3,37.1,1.2,68.2,179.4,266.22,38.7641,1
2025_monsoon_stable,2025,normal_monsoon_stable_slope,25.559186778054293,91.8996736781041,38.54,978.1,-0.9026,0.4305,35.7,27.3,37.1,1.2,11.12,21.61,37.27,5.4269,0
2025_dry,2025,dry_season_steep_slope,25.5728,91.885,38.54,978.1,-0.9026,0.4305,35.7,27.3,37.1,1.2,1.23,4.85,10.33,1.5037,0
2025_flat,2025,monsoon_flat_floodplain,24.8333,92.7789,1.2,25.0,0.5269,0.2379,24.0,42.0,34.0,1.4,84.44,230.1,270.83,0.6847,0
2025_permeable,2025,permeable_slope,25.534604553345016,91.84756510817829,22.8,407.0,-0.9026,0.4305,11.89,66.44,21.67,1.32,47.74,134.55,191.68,4.021,0
2026_pos,2026,real_landslide_event,25.4916,91.2698,31.52,997.6,-0.9851,-0.1719,35.8,26.9,37.3,1.2,95.7,273.6,335.17,41.1941,1
2026_monsoon_stable,2026,normal_monsoon_stable_slope,25.505104924404158,91.2863451541445,31.52,997.6,-0.9851,-0.1719,35.8,26.9,37.3,1.2,16.09,27.64,42.1,5.1743,0
2026_dry,2026,dry_season_steep_slope,25.4916,91.2698,31.52,997.6,-0.9851,-0.1719,35.8,26.9,37.3,1.2,1.76,2.24,6.54,0.8038,0
2026_flat,2026,monsoon_flat_floodplain,26.3212,91.0065,1.5,42.0,0.5842,-0.1063,20.5,50.0,29.5,1.36,92.45,322.95,341.86,0.8993,0
2026_permeable,2026,permeable_slope,25.512378741522216,91.24134241931615,25.44,319.5,-0.9851,-0.1719,11.87,63.67,24.45,1.32,66.99,205.2,241.32,5.6979,0
2034_pos,2034,real_landslide_event,26.8712,88.3052,51.98,2188.3,0.7638,-0.6455,34.9,23.9,41.2,1.2,9.6,100.1,224.08,41.4363,1
2034_monsoon_stable,2034,normal_monsoon_stable_slope,26.8871284591211,88.28989499834087,51.98,2188.3,0.7638,-0.6455,34.9,23.9,41.2,1.2,8.38,18.89,32.99,6.1012,0
2034_dry,2034,dry_season_steep_slope,26.8712,88.3052,51.98,2188.3,0.7638,-0.6455,34.9,23.9,41.2,1.2,0.92,1.58,2.27,0.4205,0
2034_flat,2034,monsoon_flat_floodplain,26.0207,89.9744,1.6,38.0,0.8323,0.9999,22.5,47.0,30.5,1.37,8.2,104.72,233.57,0.7286,0
2034_permeable,2034,permeable_slope,26.86447338805373,88.33763514267335,16.7,517.5,0.7638,-0.6455,17.68,52.79,29.53,1.32,6.72,75.07,161.33,4.0631,0
2042_pos,2042,real_landslide_event,26.0093,94.5238,42.0,504.0,0.9521,0.3057,30.0,34.9,35.0,1.2,5.1,23.3,80.31,9.9589,1
2042_monsoon_stable,2042,normal_monsoon_stable_slope,26.0285608601051,94.53803845588797,42.0,504.0,0.9521,0.3057,30.0,34.9,35.0,1.2,9.32,33.67,45.72,5.6699,0
2042_dry,2042,dry_season_steep_slope,26.0093,94.5238,42.0,504.0,0.9521,0.3057,30.0,34.9,35.0,1.2,0.15,1.54,4.47,0.5543,0
2042_flat,2042,monsoon_flat_floodplain,26.5413,88.7196,2.1,75.0,0.0694,0.9345,23.0,46.0,31.0,1.34,4.52,24.18,88.66,0.3819,0
2042_permeable,2042,permeable_slope,26.029687177567947,94.50736868091879,16.83,436.1,0.9521,0.3057,12.42,65.9,21.68,1.32,3.57,17.48,57.82,0.9494,0
2043_pos,2043,real_landslide_event,26.7225,95.0281,38.77,510.1,0.9489,-0.3156,30.1,34.8,35.1,1.2,8.2,31.9,78.37,9.1317,1
2043_monsoon_stable,2043,normal_monsoon_stable_slope,26.720336112318186,95.01302800719753,38.77,510.1,0.9489,-0.3156,30.1,34.8,35.1,1.2,19.98,44.08,49.78,5.801,0
2043_dry,2043,dry_season_steep_slope,26.7225,95.0281,38.77,510.1,0.9489,-0.3156,30.1,34.8,35.1,1.2,0.75,5.62,7.39,0.8606,0
2043_flat,2043,monsoon_flat_floodplain,26.1445,91.7362,1.8,55.0,0.5944,-0.9293,22.0,48.0,30.0,1.35,8.66,28.95,95.99,0.332,0
2043_permeable,2043,permeable_slope,26.739586028784046,95.02531496047754,14.2,703.4,0.9489,-0.3156,17.56,52.76,29.67,1.32,5.74,23.92,56.43,1.2059,0
2044_pos,2044,real_landslide_event,25.8877,94.7861,31.73,718.2,0.8934,-0.4493,31.9,30.6,37.4,1.2,6.0,22.5,63.6,6.8085,1
2044_monsoon_stable,2044,normal_monsoon_stable_slope,25.876670099676186,94.76936055915094,31.73,718.2,0.8934,-0.4493,31.9,30.6,37.4,1.2,19.68,37.02,44.09,4.7196,0
2044_dry,2044,dry_season_steep_slope,25.8877,94.7861,31.73,718.2,0.8934,-0.4493,31.9,30.6,37.4,1.2,1.57,2.44,2.45,0.2628,0
2044_flat,2044,monsoon_flat_floodplain,26.7509,92.7926,1.4,48.0,0.073,0.9593,21.0,52.0,27.0,1.38,6.1,22.31,79.18,0.1937,0
2044_permeable,2044,permeable_slope,25.8723829188343,94.76035920343239,15.7,510.4,0.8934,-0.4493,11.65,64.91,23.44,1.32,4.2,16.88,45.79,0.6632,0
2045_pos,2045,real_landslide_event,26.2363,94.8133,40.14,1283.8,-0.0802,0.9968,37.0,19.3,43.7,1.2,3.2,17.0,64.88,10.8091,1
2045_monsoon_stable,2045,normal_monsoon_stable_slope,26.25349429795039,94.8013094511799,40.14,1283.8,-0.0802,0.9968,37.0,19.3,43.7,1.2,16.94,36.14,47.6,7.9316,0
2045_dry,2045,dry_season_steep_slope,26.2363,94.8133,40.14,1283.8,-0.0802,0.9968,37.0,19.3,43.7,1.2,1.95,3.05,7.94,1.3235,0
2045_flat,2045,monsoon_flat_floodplain,27.4728,94.912,1.9,108.0,-0.979,0.2126,23.5,45.0,31.5,1.32,2.75,15.48,59.15,0.2408,0
2045_permeable,2045,permeable_slope,26.259316214663073,94.83998622149015,13.47,536.4,-0.0802,0.9968,16.91,53.03,30.06,1.32,2.24,12.75,46.71,0.9108,0
2098_pos,2098,real_landslide_event,26.7215,95.0283,38.51,1193.5,-0.4648,-0.8854,36.2,21.1,42.7,1.2,41.1,84.4,146.17,22.6713,1
2098_monsoon_stable,2098,normal_monsoon_stable_slope,26.735365177779418,95.03581276147861,38.51,1193.5,-0.4648,-0.8854,36.2,21.1,42.7,1.2,17.96,41.06,48.14,7.4675,0
2098_dry,2098,dry_season_steep_slope,26.7215,95.0283,38.51,1193.5,-0.4648,-0.8854,36.2,21.1,42.7,1.2,1.62,1.78,6.13,0.9515,0
2098_flat,2098,monsoon_flat_floodplain,24.8333,92.7789,1.2,25.0,0.9603,0.6371,24.0,42.0,34.0,1.4,36.26,82.67,152.6,0.3858,0
2098_permeable,2098,permeable_slope,26.73116317157131,95.05167322133254,20.47,674.7,-0.4648,-0.8854,10.95,53.65,35.4,1.32,28.77,63.3,105.24,1.9868,0
2106_pos,2106,real_landslide_event,26.8716,94.9921,40.0,782.0,0.4179,-0.9085,32.5,29.4,38.1,1.2,103.1,181.2,222.52,29.9369,1
2106_monsoon_stable,2106,normal_monsoon_stable_slope,26.855910845851028,94.98578095882867,40.0,782.0,0.4179,-0.9085,32.5,29.4,38.1,1.2,13.77,42.56,52.8,7.1032,0
2106_dry,2106,dry_season_steep_slope,26.8716,94.9921,40.0,782.0,0.4179,-0.9085,32.5,29.4,38.1,1.2,0.64,2.21,3.22,0.4331,0
2106_flat,2106,monsoon_flat_floodplain,26.3212,91.0065,1.5,42.0,-0.986,-0.9946,20.5,50.0,29.5,1.36,88.23,184.65,227.87,0.5994,0
2106_permeable,2106,permeable_slope,26.858788574387475,94.95317263483348,12.3,474.8,0.4179,-0.9085,16.46,56.32,27.22,1.32,72.17,135.9,160.22,2.7233,0
2112_pos,2112,real_landslide_event,27.5509,88.6475,50.09,2501.5,-0.1167,0.9932,36.5,20.4,43.1,1.2,53.9,126.7,227.84,44.1517,1
2112_monsoon_stable,2112,normal_monsoon_stable_slope,27.56510468005207,88.660832261935,50.09,2501.5,-0.1167,0.9932,36.5,20.4,43.1,1.2,25.16,38.24,53.79,10.4238,0
2112_dry,2112,dry_season_steep_slope,27.5509,88.6475,50.09,2501.5,-0.1167,0.9932,36.5,20.4,43.1,1.2,1.55,5.87,9.63,1.8658,0
2112_flat,2112,monsoon_flat_floodplain,26.0207,89.9744,1.6,38.0,-0.9567,0.9019,22.5,47.0,30.5,1.37,53.33,130.42,219.6,0.685,0
2112_permeable,2112,permeable_slope,27.531452213877387,88.64407855372725,16.12,417.0,-0.1167,0.9932,17.4,67.13,15.46,1.32,37.73,95.03,164.05,3.5936,0
2113_pos,2113,real_landslide_event,27.3773,88.559,51.99,2357.5,-0.7193,0.6947,35.8,22.0,42.2,1.2,53.9,126.7,227.84,43.8987,1
2113_monsoon_stable,2113,normal_monsoon_stable_slope,27.37348996865039,88.57890144680795,51.99,2357.5,-0.7193,0.6947,35.8,22.0,42.2,1.2,23.63,44.37,53.09,10.2279,0
2113_dry,2113,dry_season_steep_slope,27.3773,88.559,51.99,2357.5,-0.7193,0.6947,35.8,22.0,42.2,1.2,2.71,3.83,4.21,0.8111,0
2113_flat,2113,monsoon_flat_floodplain,26.5413,88.7196,2.1,75.0,-0.099,0.9737,23.0,46.0,31.0,1.34,52.74,136.31,246.75,1.063,0
2113_permeable,2113,permeable_slope,27.397436000939365,88.53613775374092,25.95,716.5,-0.7193,0.6947,16.28,56.94,26.78,1.32,37.73,95.03,164.05,5.6421,0
2140_pos,2140,real_landslide_event,25.0477,92.801,45.56,983.0,0.9974,-0.0715,37.5,21.3,41.1,1.2,9.3,33.7,72.94,13.4175,1
2140_monsoon_stable,2140,normal_monsoon_stable_slope,25.036883291591614,92.81002890633141,45.56,983.0,0.9974,-0.0715,37.5,21.3,41.1,1.2,18.07,48.45,55.13,10.1407,0
2140_dry,2140,dry_season_steep_slope,25.0477,92.801,45.56,983.0,0.9974,-0.0715,37.5,21.3,41.1,1.2,0.5,3.01,6.26,1.1508,0
2140_flat,2140,monsoon_flat_floodplain,26.1445,91.7362,1.8,55.0,-0.7392,0.9954,22.0,48.0,30.0,1.35,10.08,30.76,85.93,0.2972,0
2140_permeable,2140,permeable_slope,25.061265861318955,92.81597641167588,19.95,282.2,0.9974,-0.0715,10.17,67.09,22.74,1.32,6.51,25.28,52.52,0.8261,0
2163_pos,2163,real_landslide_event,25.4196,94.1054,36.24,1085.0,0.3971,0.9178,35.2,23.3,41.5,1.2,29.0,46.5,92.89,13.0647,1
2163_monsoon_stable,2163,normal_monsoon_stable_slope,25.421320869234318,94.11139683223097,36.24,1085.0,0.3971,0.9178,35.2,23.3,41.5,1.2,15.7,47.66,56.9,8.0018,0
2163_dry,2163,dry_season_steep_slope,25.4196,94.1054,36.24,1085.0,0.3971,0.9178,35.2,23.3,41.5,1.2,1.65,6.26,10.91,1.535,0
2163_flat,2163,monsoon_flat_floodplain,26.7509,92.7926,1.4,48.0,0.9662,0.7663,21.0,52.0,27.0,1.38,29.81,55.25,105.18,0.2573,0
2163_permeable,2163,permeable_slope,25.425416910908538,94.06712898131761,23.84,285.0,0.3971,0.9178,14.12,58.34,27.54,1.32,20.3,34.88,66.88,1.827,0
2164_pos,2164,real_landslide_event,25.3098633,94.48214677,43.29,1216.0,-0.1994,-0.9799,32.2,29.6,38.2,1.2,27.7,42.9,91.32,12.965,1
2164_monsoon_stable,2164,normal_monsoon_stable_slope,25.295060454243742,94.49567517227536,43.29,1216.0,-0.1994,-0.9799,32.2,29.6,38.2,1.2,18.83,53.24,64.11,9.1019,0
2164_dry,2164,dry_season_steep_slope,25.3098633,94.48214677,43.29,1216.0,-0.1994,-0.9799,32.2,29.6,38.2,1.2,0.33,0.61,2.51,0.3567,0
2164_flat,2164,monsoon_flat_floodplain,27.4728,94.912,1.9,108.0,-0.7019,-0.858,23.5,45.0,31.5,1.32,29.38,45.64,88.92,0.362,0
2164_permeable,2164,permeable_slope,25.281265966782712,94.48969302722666,17.69,518.4,-0.1994,-0.9799,10.32,66.95,22.74,1.32,19.39,32.17,65.75,0.9351,0
2166_pos,2166,real_landslide_event,24.9786,93.5027,26.97,782.2,-0.1959,-0.9806,32.5,29.4,38.1,1.2,35.6,41.1,67.72,6.4283,1
2166_monsoon_stable,2166,normal_monsoon_stable_slope,24.98933465557895,93.51489559338043,26.97,782.2,-0.1959,-0.9806,32.5,29.4,38.1,1.2,15.0,42.38,51.59,4.8974,0
2166_dry,2166,dry_season_steep_slope,24.9786,93.5027,26.97,782.2,-0.1959,-0.9806,32.5,29.4,38.1,1.2,2.88,4.34,4.35,0.4125,0
2166_flat,2166,monsoon_flat_floodplain,24.8333,92.7789,1.2,25.0,0.9581,0.8724,24.0,42.0,34.0,1.4,35.66,52.92,63.43,0.1604,0
2166_permeable,2166,permeable_slope,24.96478778014594,93.53425161972778,14.35,686.5,-0.1959,-0.9806,10.23,57.52,32.25,1.32,24.92,30.83,48.76,0.5949,0
2182_pos,2182,real_landslide_event,24.9356,93.8443,37.09,1652.6,0.2147,-0.9767,35.6,22.9,41.6,1.2,10.0,52.2,66.67,9.705,1
2182_monsoon_stable,2182,normal_monsoon_stable_slope,24.950545514019385,93.85668896738919,37.09,1652.6,0.2147,-0.9767,35.6,22.9,41.6,1.2,22.12,55.01,67.48,9.824,0
2182_dry,2182,dry_season_steep_slope,24.9356,93.8443,37.09,1652.6,0.2147,-0.9767,35.6,22.9,41.6,1.2,0.36,1.56,6.37,0.9279,0
2182_flat,2182,monsoon_flat_floodplain,26.3212,91.0065,1.5,42.0,0.9942,0.9996,20.5,50.0,29.5,1.36,11.36,60.35,82.05,0.2158,0
2182_permeable,2182,permeable_slope,24.91769813964199,93.81521449041047,24.97,737.4,0.2147,-0.9767,14.81,53.58,31.61,1.32,7.0,39.15,48.0,1.4801,0
2201_pos,2201,real_landslide_event,27.0366,88.263,50.91,1823.0,0.3746,-0.9272,33.1,28.0,38.9,1.2,14.8,42.7,150.49,25.1713,1
2201_monsoon_stable,2201,normal_monsoon_stable_slope,27.029056015841324,88.25850054831761,50.91,1823.0,0.3746,-0.9272,33.1,28.0,38.9,1.2,19.08,34.42,49.68,8.31,0
2201_dry,2201,dry_season_steep_slope,27.0366,88.263,50.91,1823.0,0.3746,-0.9272,33.1,28.0,38.9,1.2,1.84,2.32,6.65,1.1122,0
2201_flat,2201,monsoon_flat_floodplain,26.0207,89.9744,1.6,38.0,-0.9739,-0.0761,22.5,47.0,30.5,1.37,14.57,43.46,165.76,0.5171,0
2201_permeable,2201,permeable_slope,27.056524723741447,88.29747906222924,20.41,482.0,0.3746,-0.9272,14.23,67.21,18.57,1.32,10.36,32.03,108.36,2.4357,0
2205_pos,2205,real_landslide_event,23.7365,92.7146,33.13,864.2,0.9409,-0.3387,29.5,35.0,35.5,1.2,17.2,69.0,105.88,10.5372,1
2205_monsoon_stable,2205,normal_monsoon_stable_slope,23.75079733398459,92.72948738365842,33.13,864.2,0.9409,-0.3387,29.5,35.0,35.5,1.2,27.91,60.19,67.82,6.7496,0
2205_dry,2205,dry_season_steep_slope,23.7365,92.7146,33.13,864.2,0.9409,-0.3387,29.5,35.0,35.5,1.2,1.0,1.11,4.47,0.4454,0
2205_flat,2205,monsoon_flat_floodplain,26.5413,88.7196,2.1,75.0,0.4703,-0.9674,23.0,46.0,31.0,1.34,18.63,73.57,131.53,0.5666,0
2205_permeable,2205,permeable_slope,23.76375993816915,92.6766110669178,13.99,396.1,0.9409,-0.3387,14.89,64.88,20.23,1.32,12.04,51.75,76.23,1.2604,0
2214_pos,2214,real_landslide_event,27.0375,88.2627,50.83,1263.3,-0.0244,-0.9997,30.3,34.3,35.4,1.2,6.4,39.3,116.84,17.0302,1
2214_monsoon_stable,2214,normal_monsoon_stable_slope,27.052324107896844,88.261228304913,50.83,1263.3,-0.0244,-0.9997,30.3,34.3,35.4,1.2,23.26,55.46,60.53,8.8222,0
2214_dry,2214,dry_season_steep_slope,27.0375,88.2627,50.83,1263.3,-0.0244,-0.9997,30.3,34.3,35.4,1.2,0.0,3.35,6.82,0.9945,0
2214_flat,2214,monsoon_flat_floodplain,26.1445,91.7362,1.8,55.0,0.3673,0.7734,22.0,48.0,30.0,1.35,7.36,39.36,124.36,0.4301,0
2214_permeable,2214,permeable_slope,27.06401844616067,88.2986767383991,23.23,505.4,-0.0244,-0.9997,10.72,63.14,26.15,1.32,4.48,29.47,84.12,1.6517,0
2243_pos,2243,real_landslide_event,25.70223725,94.04619681,26.57,1129.5,-0.4258,-0.9048,35.6,22.4,42.0,1.2,14.4,59.0,77.35,8.3857,1
2243_monsoon_stable,2243,normal_monsoon_stable_slope,25.702829346555,94.06485248657296,26.57,1129.5,-0.4258,-0.9048,35.6,22.4,42.0,1.2,10.72,33.37,47.38,5.1361,0
2243_dry,2243,dry_season_steep_slope,25.70223725,94.04619681,26.57,1129.5,-0.4258,-0.9048,35.6,22.4,42.0,1.2,2.36,2.76,4.96,0.5381,0
2243_flat,2243,monsoon_flat_floodplain,26.7509,92.7926,1.4,48.0,0.2983,-0.8593,21.0,52.0,27.0,1.38,13.07,70.82,95.44,0.2335,0
2243_permeable,2243,permeable_slope,25.669963291182984,94.01358894927571,15.17,728.9,-0.4258,-0.9048,12.34,53.81,33.85,1.32,10.08,44.25,55.69,0.8856,0
2247_pos,2247,real_landslide_event,26.148,94.8422,37.19,1256.3,-0.977,0.213,36.7,19.9,43.4,1.2,11.1,30.5,50.69,7.8154,1
2247_monsoon_stable,2247,normal_monsoon_stable_slope,26.129968675215363,94.84560628995027,37.19,1256.3,-0.977,0.213,36.7,19.9,43.4,1.2,22.36,49.19,59.92,9.2391,0
2247_dry,2247,dry_season_steep_slope,26.148,94.8422,37.19,1256.3,-0.977,0.213,36.7,19.9,43.4,1.2,2.07,6.99,12.05,1.8584,0
2247_flat,2247,monsoon_flat_floodplain,27.4728,94.912,1.9,108.0,0.8529,0.8241,23.5,45.0,31.5,1.32,13.74,37.32,55.17,0.2246,0
2247_permeable,2247,permeable_slope,26.132218830989704,94.87949072366554,17.23,701.8,-0.977,0.213,12.92,67.11,19.97,1.32,7.77,22.88,36.5,0.6332,0
2248_pos,2248,real_landslide_event,26.222,94.9152,38.65,765.4,0.4289,-0.9033,32.4,29.7,37.9,1.2,31.6,65.5,102.93,13.3824,1
2248_monsoon_stable,2248,normal_monsoon_stable_slope,26.216736924885648,94.92732450402357,38.65,765.4,0.4289,-0.9033,32.4,29.7,37.9,1.2,18.48,48.34,61.32,7.9721,0
2248_dry,2248,dry_season_steep_slope,26.222,94.9152,38.65,765.4,0.4289,-0.9033,32.4,29.7,37.9,1.2,0.84,4.2,9.39,1.2213,0
2248_flat,2248,monsoon_flat_floodplain,24.8333,92.7789,1.2,25.0,-0.8463,0.224,24.0,42.0,34.0,1.4,38.28,77.92,117.38,0.2968,0
2248_permeable,2248,permeable_slope,26.196560839504794,94.93480715503343,19.09,587.9,0.4289,-0.9033,17.46,67.47,15.07,1.32,22.12,49.12,74.11,1.9146,0
2249_pos,2249,real_landslide_event,26.0814,94.803,37.08,1386.8,0.9483,0.3173,37.9,17.3,44.9,1.2,15.1,35.8,51.93,8.4301,1
2249_monsoon_stable,2249,normal_monsoon_stable_slope,26.09243738474901,94.81916231469444,37.08,1386.8,0.9483,0.3173,37.9,17.3,44.9,1.2,14.63,45.55,52.74,8.5626,0
2249_dry,2249,dry_season_steep_slope,26.0814,94.803,37.08,1386.8,0.9483,0.3173,37.9,17.3,44.9,1.2,2.47,5.23,6.11,0.9922,0
2249_flat,2249,monsoon_flat_floodplain,26.3212,91.0065,1.5,42.0,0.115,0.9219,20.5,50.0,29.5,1.36,13.1,39.45,52.09,0.137,0
2249_permeable,2249,permeable_slope,26.079068330551763,94.79978855487046,18.63,665.2,0.9483,0.3173,17.26,63.73,19.01,1.32,10.57,26.85,37.39,0.9541,0
2253_pos,2253,real_landslide_event,25.31006064,94.48265093,42.66,1360.1,0.2672,0.9636,33.3,27.4,39.3,1.2,16.9,45.0,104.16,15.3744,1
2253_monsoon_stable,2253,normal_monsoon_stable_slope,25.29183337448084,94.48923594682165,42.66,1360.1,0.2672,0.9636,33.3,27.4,39.3,1.2,14.43,47.28,59.11,8.7244,0
2253_dry,2253,dry_season_steep_slope,25.31006064,94.48265093,42.66,1360.1,0.2672,0.9636,33.3,27.4,39.3,1.2,2.3,6.96,10.84,1.6001,0
2253_flat,2253,monsoon_flat_floodplain,26.0207,89.9744,1.6,38.0,-0.9349,-0.3864,22.5,47.0,30.5,1.37,19.55,45.89,127.18,0.3967,0
2253_permeable,2253,permeable_slope,25.3076594738014,94.50985330588196,13.72,604.2,0.2672,0.9636,14.39,65.49,20.12,1.32,11.83,33.75,75.0,1.1717,0
2261_pos,2261,real_landslide_event,26.9435,88.4445,50.69,2459.1,0.9839,-0.1788,36.3,20.8,42.9,1.2,44.2,122.1,180.11,34.8965,1
2261_monsoon_stable,2261,normal_monsoon_stable_slope,26.950928944702067,88.46430470721188,50.69,2459.1,0.9839,-0.1788,36.3,20.8,42.9,1.2,8.87,29.33,43.0,8.3319,0
2261_dry,2261,dry_season_steep_slope,26.9435,88.4445,50.69,2459.1,0.9839,-0.1788,36.3,20.8,42.9,1.2,2.28,3.38,8.29,1.6064,0
2261_flat,2261,monsoon_flat_floodplain,26.5413,88.7196,2.1,75.0,-0.4333,-0.9119,23.0,46.0,31.0,1.34,41.45,123.43,221.89,0.9559,0
2261_permeable,2261,permeable_slope,26.961341467286164,88.47133914048801,25.25,488.2,0.9839,-0.1788,10.3,50.81,38.89,1.32,30.94,91.57,129.68,2.8622,0
2263_pos,2263,real_landslide_event,26.2753,94.6654,29.98,996.4,-0.9995,0.0332,34.4,25.1,40.5,1.2,5.0,78.1,100.43,11.4993,1
2263_monsoon_stable,2263,normal_monsoon_stable_slope,26.278863360051115,94.68362227241029,29.98,996.4,-0.9995,0.0332,34.4,25.1,40.5,1.2,18.15,46.54,53.16,6.0871,0
2263_dry,2263,dry_season_steep_slope,26.2753,94.6654,29.98,996.4,-0.9995,0.0332,34.4,25.1,40.5,1.2,0.73,1.5,5.11,0.5847,0
2263_flat,2263,monsoon_flat_floodplain,26.1445,91.7362,1.8,55.0,-0.5212,0.3645,22.0,48.0,30.0,1.35,4.4,71.39,95.85,0.3315,0
2263_permeable,2263,permeable_slope,26.298735776081138,94.70383360732538,25.1,499.7,-0.9995,0.0332,17.91,52.26,29.83,1.32,3.5,58.57,72.31,2.7335,0
2279_pos,2279,real_landslide_event,26.9722,88.4481,41.06,1576.6,-0.9863,-0.165,31.9,30.8,37.4,1.2,87.1,166.5,253.9,33.895,1
2279_monsoon_stable,2279,normal_monsoon_stable_slope,26.987632551040846,88.45397293531632,41.06,1576.6,-0.9863,-0.165,31.9,30.8,37.4,1.2,12.17,45.86,50.58,6.7522,0
2279_dry,2279,dry_season_steep_slope,26.9722,88.4481,41.06,1576.6,-0.9863,-0.165,31.9,30.8,37.4,1.2,2.27,2.92,5.74,0.7666,0
2279_flat,2279,monsoon_flat_floodplain,26.7509,92.7926,1.4,48.0,0.6861,0.8909,21.0,52.0,27.0,1.38,93.15,168.97,273.19,0.6682,0
2279_permeable,2279,permeable_slope,26.997615244917874,88.44106519420372,12.2,332.7,-0.9863,-0.165,11.05,67.52,21.43,1.32,60.97,124.88,182.81,1.9296,0
2281_pos,2281,real_landslide_event,25.61560252,94.11603493,36.83,729.3,0.7096,0.7046,32.0,30.4,37.5,1.2,12.2,23.4,58.3,7.1463,1
2281_monsoon_stable,2281,normal_monsoon_stable_slope,25.631946698766217,94.1241945120842,36.83,729.3,0.7096,0.7046,32.0,30.4,37.5,1.2,25.39,42.72,54.26,6.6521,0
2281_dry,2281,dry_season_steep_slope,25.61560252,94.11603493,36.83,729.3,0.7096,0.7046,32.0,30.4,37.5,1.2,0.53,4.41,5.31,0.6504,0
2281_flat,2281,monsoon_flat_floodplain,27.4728,94.912,1.9,108.0,0.7338,0.2799,23.5,45.0,31.5,1.32,13.19,29.87,67.29,0.2739,0
2281_permeable,2281,permeable_slope,25.644213934432127,94.12741656218115,20.11,328.3,0.7096,0.7046,17.74,59.51,22.76,1.32,8.54,17.55,41.97,1.2158,0
2282_pos,2282,real_landslide_event,26.1984,94.8158,35.58,854.7,-0.3714,0.9285,33.2,27.9,38.9,1.2,31.0,51.5,109.62,13.7973,1
2282_monsoon_stable,2282,normal_monsoon_stable_slope,26.2121439683513,94.82952431091931,35.58,854.7,-0.3714,0.9285,33.2,27.9,38.9,1.2,27.82,46.5,57.33,7.2156,0
2282_dry,2282,dry_season_steep_slope,26.1984,94.8158,35.58,854.7,-0.3714,0.9285,33.2,27.9,38.9,1.2,0.64,2.28,4.69,0.5903,0
2282_flat,2282,monsoon_flat_floodplain,24.8333,92.7789,1.2,25.0,0.1288,-0.141,24.0,42.0,34.0,1.4,27.2,47.05,108.01,0.2731,0
2282_permeable,2282,permeable_slope,26.19322498475388,94.84159077378249,12.5,650.6,-0.3714,0.9285,15.58,52.06,32.37,1.32,21.7,38.62,78.93,1.3256,0
2283_pos,2283,real_landslide_event,24.8961,93.4957,46.04,1368.9,-0.7859,-0.6184,33.4,27.2,39.4,1.2,4.4,13.1,80.7,12.7108,1
2283_monsoon_stable,2283,normal_monsoon_stable_slope,24.906217213895953,93.48136736242448,46.04,1368.9,-0.7859,-0.6184,33.4,27.2,39.4,1.2,24.74,58.76,65.4,10.3015,0
2283_dry,2283,dry_season_steep_slope,24.8961,93.4957,46.04,1368.9,-0.7859,-0.6184,33.4,27.2,39.4,1.2,0.21,1.11,6.06,0.9552,0
2283_flat,2283,monsoon_flat_floodplain,26.3212,91.0065,1.5,42.0,0.1397,-0.8304,20.5,50.0,29.5,1.36,5.49,13.02,89.09,0.2344,0
2283_permeable,2283,permeable_slope,24.894610417835857,93.50613320850566,24.47,403.0,-0.7859,-0.6184,16.72,66.27,17.02,1.32,3.08,9.82,58.1,1.833,0
2296_pos,2296,real_landslide_event,27.167,88.3652,46.34,2183.9,0.7649,-0.6441,34.9,23.9,41.1,1.2,34.6,93.1,206.25,35.0251,1
2296_monsoon_stable,2296,normal_monsoon_stable_slope,27.15536982969109,88.36885149433327,46.34,2183.9,0.7649,-0.6441,34.9,23.9,41.1,1.2,27.19,49.05,61.75,10.4861,0
2296_dry,2296,dry_season_steep_slope,27.167,88.3652,46.34,2183.9,0.7649,-0.6441,34.9,23.9,41.1,1.2,0.97,2.65,6.03,1.0241,0
2296_flat,2296,monsoon_flat_floodplain,26.0207,89.9744,1.6,38.0,0.9995,-0.7276,22.5,47.0,30.5,1.37,37.37,92.81,198.32,0.6187,0
2296_permeable,2296,permeable_slope,27.199223569851057,88.34503986443663,25.43,724.5,0.7649,-0.6441,14.64,56.91,28.45,1.32,24.22,69.82,148.5,4.5088,0
2304_pos,2304,real_landslide_event,25.5718,94.1211,39.04,939.2,-1.0,-0.007,33.9,26.2,39.9,1.2,4.8,31.4,53.4,7.5293,1
2304_monsoon_stable,2304,normal_monsoon_stable_slope,25.585343078535935,94.11258053754894,39.04,939.2,-1.0,-0.007,33.9,26.2,39.9,1.2,10.06,20.47,36.28,5.1149,0
2304_dry,2304,dry_season_steep_slope,25.5718,94.1211,39.04,939.2,-1.0,-0.007,33.9,26.2,39.9,1.2,0.87,5.49,10.16,1.4327,0
2304_flat,2304,monsoon_flat_floodplain,26.5413,88.7196,2.1,75.0,0.0737,0.9764,23.0,46.0,31.0,1.34,5.17,40.5,50.46,0.2174,0
2304_permeable,2304,permeable_slope,25.54026475555049,94.15655705876657,23.96,272.1,-1.0,-0.007,11.08,53.62,35.31,1.32,3.36,23.55,38.45,0.853,0
2341_pos,2341,real_landslide_event,27.2319,88.497,44.88,2589.2,-0.9225,-0.3859,36.9,19.4,43.7,1.2,9.8,152.2,292.82,53.2135,1
2341_monsoon_stable,2341,normal_monsoon_stable_slope,27.21659862277055,88.482357282018,44.88,2589.2,-0.9225,-0.3859,36.9,19.4,43.7,1.2,14.66,25.4,36.86,6.6977,0
2341_dry,2341,dry_season_steep_slope,27.2319,88.497,44.88,2589.2,-0.9225,-0.3859,36.9,19.4,43.7,1.2,2.07,5.52,10.35,1.8809,0
2341_flat,2341,monsoon_flat_floodplain,26.1445,91.7362,1.8,55.0,-0.811,-0.6205,22.0,48.0,30.0,1.35,8.42,182.71,296.49,1.0255,0
2341_permeable,2341,permeable_slope,27.229059301084938,88.48468928536755,13.73,740.8,-0.9225,-0.3859,17.35,61.61,21.03,1.32,6.86,114.15,210.83,4.0711,0
2343_pos,2343,real_landslide_event,25.4786,94.1327,40.19,919.9,-0.9998,-0.0209,33.7,26.6,39.7,1.2,15.1,25.2,52.57,7.525,1
2343_monsoon_stable,2343,normal_monsoon_stable_slope,25.48526175311281,94.15187334675934,40.19,919.9,-0.9998,-0.0209,33.7,26.6,39.7,1.2,10.3,24.13,35.48,5.0787,0
2343_dry,2343,dry_season_steep_slope,25.4786,94.1327,40.19,919.9,-0.9998,-0.0209,33.7,26.6,39.7,1.2,2.41,5.45,5.57,0.798,0
2343_flat,2343,monsoon_flat_floodplain,26.7509,92.7926,1.4,48.0,0.6685,-0.1171,21.0,52.0,27.0,1.38,14.9,26.33,62.84,0.1537,0
2343_permeable,2343,permeable_slope,25.452964014587245,94.12576212457401,21.03,575.7,-0.9998,-0.0209,15.21,66.76,18.04,1.32,10.57,18.9,37.85,0.9382,0
2344_pos,2344,real_landslide_event,24.7505,93.4221,41.03,1017.3,0.7804,-0.6252,34.6,24.7,40.7,1.2,8.1,27.5,53.32,8.0932,1
2344_monsoon_stable,2344,normal_monsoon_stable_slope,24.76327590568189,93.41822226862229,41.03,1017.3,0.7804,-0.6252,34.6,24.7,40.7,1.2,11.53,34.36,46.28,7.0248,0
2344_dry,2344,dry_season_steep_slope,24.7505,93.4221,41.03,1017.3,0.7804,-0.6252,34.6,24.7,40.7,1.2,1.06,5.98,11.04,1.6751,0
2344_flat,2344,monsoon_flat_floodplain,27.4728,94.912,1.9,108.0,0.006,-0.167,23.5,45.0,31.5,1.32,8.6,33.54,48.23,0.1963,0
2344_permeable,2344,permeable_slope,24.727881525461218,93.39280740382007,14.63,372.6,0.7804,-0.6252,16.33,59.57,24.1,1.32,5.67,20.62,38.39,0.7518,0
2345_pos,2345,real_landslide_event,27.3392,88.6188,50.04,2002.0,0.309,-0.9511,34.0,26.0,40.0,1.2,28.9,72.2,291.57,50.2542,1
2345_monsoon_stable,2345,normal_monsoon_stable_slope,27.333714723445055,88.62851835979671,50.04,2002.0,0.309,-0.9511,34.0,26.0,40.0,1.2,10.76,29.59,43.64,7.5223,0
2345_dry,2345,dry_season_steep_slope,27.3392,88.6188,50.04,2002.0,0.309,-0.9511,34.0,26.0,40.0,1.2,2.88,3.93,5.28,0.9095,0
2345_flat,2345,monsoon_flat_floodplain,24.8333,92.7789,1.2,25.0,-0.9583,-0.6911,24.0,42.0,34.0,1.4,34.9,73.25,297.4,0.7519,0
2345_permeable,2345,permeable_slope,27.328054444215436,88.59698819080141,18.28,351.8,0.309,-0.9511,12.21,65.66,22.13,1.32,20.23,54.15,209.93,3.6755,0
2392_pos,2392,real_landslide_event,27.3702,88.7334,47.12,2255.2,0.9951,-0.0993,35.3,23.1,41.6,1.2,16.7,44.9,104.1,18.2295,1
2392_monsoon_stable,2392,normal_monsoon_stable_slope,27.37284429069281,88.75154004409737,47.12,2255.2,0.9951,-0.0993,35.3,23.1,41.6,1.2,27.93,61.48,73.72,12.9085,0
2392_dry,2392,dry_season_steep_slope,27.3702,88.7334,47.12,2255.2,0.9951,-0.0993,35.3,23.1,41.6,1.2,2.66,6.41,7.31,1.2798,0
2392_flat,2392,monsoon_flat_floodplain,26.3212,91.0065,1.5,42.0,-0.9801,0.2844,20.5,50.0,29.5,1.36,16.04,56.84,103.29,0.2717,0
2392_permeable,2392,permeable_slope,27.36150779726562,88.70135215027682,19.31,459.5,0.9951,-0.0993,10.94,67.28,21.78,1.32,11.69,33.67,74.95,1.2281,0
2405_pos,2405,real_landslide_event,28.3036,95.4112,50.41,1802.1,0.309,-0.9511,32.5,27.5,40.0,1.2,37.9,113.5,364.86,59.7258,1
2405_monsoon_stable,2405,normal_monsoon_stable_slope,28.320888984586848,95.42344153377802,50.41,1802.1,0.309,-0.9511,32.5,27.5,40.0,1.2,19.43,51.47,63.61,10.412,0
2405_dry,2405,dry_season_steep_slope,28.3036,95.4112,50.41,1802.1,0.309,-0.9511,32.5,27.5,40.0,1.2,2.44,3.43,3.53,0.5776,0
2405_flat,2405,monsoon_flat_floodplain,26.0207,89.9744,1.6,38.0,-0.85,0.9201,22.5,47.0,30.5,1.37,41.57,105.46,355.0,1.1074,0
2405_permeable,2405,permeable_slope,28.266288028380593,95.43197485148873,24.72,457.5,0.309,-0.9511,16.83,66.31,16.86,1.32,26.53,85.12,262.7,8.421,0
2411_pos,2411,real_landslide_event,27.0011,93.7273,34.85,1545.8,0.7536,0.6574,31.2,30.2,38.6,1.2,13.0,45.7,77.99,8.899,1
2411_monsoon_stable,2411,normal_monsoon_stable_slope,26.986364853124154,93.71617291385138,34.85,1545.8,0.7536,0.6574,31.2,30.2,38.6,1.2,10.04,42.83,50.2,5.7286,0
2411_dry,2411,dry_season_steep_slope,27.0011,93.7273,34.85,1545.8,0.7536,0.6574,31.2,30.2,38.6,1.2,2.57,4.71,5.23,0.5972,0
2411_flat,2411,monsoon_flat_floodplain,26.5413,88.7196,2.1,75.0,-0.3476,-0.1849,23.0,46.0,31.0,1.34,15.87,47.04,71.01,0.3059,0
2411_permeable,2411,permeable_slope,26.97749165311331,93.72455944142936,12.82,540.4,0.7536,0.6574,15.83,52.72,31.45,1.32,9.1,34.28,56.15,0.978,0
2415_pos,2415,real_landslide_event,25.63961883,94.11112157,28.18,1218.6,0.6858,-0.7278,36.4,20.6,43.0,1.2,16.2,39.4,60.17,7.1465,1
2415_monsoon_stable,2415,normal_monsoon_stable_slope,25.655160844893736,94.1290898172477,28.18,1218.6,0.6858,-0.7278,36.4,20.6,43.0,1.2,15.02,49.39,58.62,6.9633,0
2415_dry,2415,dry_season_steep_slope,25.63961883,94.11112157,28.18,1218.6,0.6858,-0.7278,36.4,20.6,43.0,1.2,0.42,1.82,3.75,0.4459,0
2415_flat,2415,monsoon_flat_floodplain,26.1445,91.7362,1.8,55.0,0.4096,-0.9154,22.0,48.0,30.0,1.35,14.34,43.51,60.46,0.2091,0
2415_permeable,2415,permeable_slope,25.65942941611153,94.07235050095476,20.71,282.7,0.6858,-0.7278,13.16,56.11,30.73,1.32,11.34,29.55,43.32,0.9785,0
2420_pos,2420,real_landslide_event,23.72988966,92.71495623,33.17,1207.7,0.9932,0.1167,32.1,29.7,38.1,1.2,14.2,23.6,41.24,4.6536,1
2420_monsoon_stable,2420,normal_monsoon_stable_slope,23.72900236612744,92.69910726488013,33.17,1207.7,0.9932,0.1167,32.1,29.7,38.1,1.2,11.6,30.57,39.86,4.4975,0
2420_dry,2420,dry_season_steep_slope,23.72988966,92.71495623,33.17,1207.7,0.9932,0.1167,32.1,29.7,38.1,1.2,2.44,4.95,6.36,0.7172,0
2420_flat,2420,monsoon_flat_floodplain,26.7509,92.7926,1.4,48.0,0.4787,-0.3336,21.0,52.0,27.0,1.38,12.1,27.04,44.73,0.1094,0
2420_permeable,2420,permeable_slope,23.72097576692081,92.67686085634958,24.79,742.4,0.9932,0.1167,13.07,66.67,20.26,1.32,9.94,17.7,29.69,0.7395,0
2421_pos,2421,real_landslide_event,23.75406693,92.74128531,32.21,1507.7,-0.8251,-0.565,34.4,25.1,40.4,1.2,14.2,23.6,41.24,5.0372,1
2421_monsoon_stable,2421,normal_monsoon_stable_slope,23.734373000454944,92.75204038330249,32.21,1507.7,-0.8251,-0.565,34.4,25.1,40.4,1.2,12.46,25.36,33.28,4.0652,0
2421_dry,2421,dry_season_steep_slope,23.75406693,92.74128531,32.21,1507.7,-0.8251,-0.565,34.4,25.1,40.4,1.2,1.52,1.6,4.19,0.5118,0
2421_flat,2421,monsoon_flat_floodplain,27.4728,94.912,1.9,108.0,0.1594,0.0782,23.5,45.0,31.5,1.32,12.63,26.52,40.54,0.165,0
2421_permeable,2421,permeable_slope,23.779835675157457,92.71455145120731,23.84,409.6,-0.8251,-0.565,10.72,57.88,31.4,1.32,9.94,17.7,29.69,0.6172,0
2422_pos,2422,real_landslide_event,23.74182634,92.7141905,36.34,1188.1,0.4274,-0.9041,32.0,30.0,38.0,1.2,14.2,23.6,41.24,5.0129,1
2422_monsoon_stable,2422,normal_monsoon_stable_slope,23.731428963388318,92.69420134240248,36.34,1188.1,0.4274,-0.9041,32.0,30.0,38.0,1.2,10.89,25.73,40.09,4.8731,0
2422_dry,2422,dry_season_steep_slope,23.74182634,92.7141905,36.34,1188.1,0.4274,-0.9041,32.0,30.0,38.0,1.2,0.91,3.49,4.1,0.4983,0
2422_flat,2422,monsoon_flat_floodplain,24.8333,92.7789,1.2,25.0,0.5677,0.3874,24.0,42.0,34.0,1.4,15.92,22.46,45.84,0.1159,0
2422_permeable,2422,permeable_slope,23.703402029503522,92.73854873576727,20.39,691.5,0.4274,-0.9041,11.18,55.21,33.61,1.32,9.94,17.7,29.69,0.5646,0
2423_pos,2423,real_landslide_event,23.73504471,92.71060943,35.78,1841.2,-0.1253,0.9921,37.0,20.0,43.0,1.2,14.2,23.6,41.24,6.1955,1
2423_monsoon_stable,2423,normal_monsoon_stable_slope,23.753546110419858,92.71955645664843,35.78,1841.2,-0.1253,0.9921,37.0,20.0,43.0,1.2,25.9,54.78,67.24,10.1012,0
2423_dry,2423,dry_season_steep_slope,23.73504471,92.71060943,35.78,1841.2,-0.1253,0.9921,37.0,20.0,43.0,1.2,2.37,4.08,8.36,1.2561,0
2423_flat,2423,monsoon_flat_floodplain,26.3212,91.0065,1.5,42.0,0.6864,-0.9977,20.5,50.0,29.5,1.36,16.61,28.17,38.42,0.1011,0
2423_permeable,2423,permeable_slope,23.7717049627879,92.68159392506062,13.38,544.2,-0.1253,0.9921,11.61,62.08,26.31,1.32,9.94,17.7,29.69,0.3731,0
2424_pos,2424,real_landslide_event,23.591,92.9296,31.98,1375.4,0.3437,-0.9391,33.4,27.1,39.4,1.2,15.4,34.2,56.5,6.553,1
2424_monsoon_stable,2424,normal_monsoon_stable_slope,23.600678055677893,92.94956491487268,31.98,1375.4,0.3437,-0.9391,33.4,27.1,39.4,1.2,9.9,34.23,42.56,4.9367,0
2424_dry,2424,dry_season_steep_slope,23.591,92.9296,31.98,1375.4,0.3437,-0.9391,33.4,27.1,39.4,1.2,1.84,3.2,6.42,0.7443,0
2424_flat,2424,monsoon_flat_floodplain,26.0207,89.9744,1.6,38.0,0.7572,0.5058,22.5,47.0,30.5,1.37,17.01,31.99,51.43,0.1604,0
2424_permeable,2424,permeable_slope,23.56091218949686,92.9282850621321,17.51,280.8,0.3437,-0.9391,11.31,62.56,26.12,1.32,10.78,25.65,40.68,0.6453,0
2425_pos,2425,real_landslide_event,23.3439,93.0748,45.81,1799.0,0.8965,0.4431,36.7,20.6,42.7,1.2,18.8,38.5,50.34,9.1542,1
2425_monsoon_stable,2425,normal_monsoon_stable_slope,23.36346354593767,93.07748493579537,45.81,1799.0,0.8965,0.4431,36.7,20.6,42.7,1.2,15.3,30.46,40.58,7.3788,0
2425_dry,2425,dry_season_steep_slope,23.3439,93.0748,45.81,1799.0,0.8965,0.4431,36.7,20.6,42.7,1.2,1.78,2.89,3.78,0.6867,0
2425_flat,2425,monsoon_flat_floodplain,26.5413,88.7196,2.1,75.0,-0.9246,-0.9535,23.0,46.0,31.0,1.34,19.02,43.21,61.06,0.2631,0
2425_permeable,2425,permeable_slope,23.3573943155306,93.07768231650701,18.19,543.3,0.8965,0.4431,14.25,56.23,29.52,1.32,13.16,28.88,36.25,0.7821,0
2426_pos,2426,real_landslide_event,22.7176,92.8416,47.31,2096.5,-0.5864,-0.81,39.0,16.1,45.0,1.2,19.6,43.4,60.87,12.5245,1
2426_monsoon_stable,2426,normal_monsoon_stable_slope,22.709368438171765,92.85643667320694,47.31,2096.5,-0.5864,-0.81,39.0,16.1,45.0,1.2,18.49,50.49,62.71,12.9026,0
2426_dry,2426,dry_season_steep_slope,22.7176,92.8416,47.31,2096.5,-0.5864,-0.81,39.0,16.1,45.0,1.2,2.91,2.94,8.94,1.8393,0
2426_flat,2426,monsoon_flat_floodplain,26.1445,91.7362,1.8,55.0,0.4966,-0.9728,22.0,48.0,30.0,1.35,21.2,48.22,67.23,0.2325,0
2426_permeable,2426,permeable_slope,22.749989958567436,92.8543546683763,20.76,712.6,-0.5864,-0.81,17.64,50.49,31.87,1.32,13.72,32.55,43.83,1.3794,0
2436_pos,2436,real_landslide_event,24.3069,93.125,43.75,1966.6,-0.6388,0.7694,38.0,18.1,44.0,1.2,13.9,40.5,67.6,12.5339,1
2436_monsoon_stable,2436,normal_monsoon_stable_slope,24.320823432864046,93.11329408870617,43.75,1966.6,-0.6388,0.7694,38.0,18.1,44.0,1.2,10.02,20.39,35.47,6.5763,0
2436_dry,2436,dry_season_steep_slope,24.3069,93.125,43.75,1966.6,-0.6388,0.7694,38.0,18.1,44.0,1.2,0.54,5.02,6.65,1.2327,0
2436_flat,2436,monsoon_flat_floodplain,26.7509,92.7926,1.4,48.0,-0.8818,0.3867,21.0,52.0,27.0,1.38,14.39,48.08,79.63,0.1948,0
2436_permeable,2436,permeable_slope,24.341757268595646,93.15398277639218,17.95,288.0,-0.6388,0.7694,15.31,53.88,30.8,1.32,9.73,30.38,48.67,1.1311,0
2437_pos,2437,real_landslide_event,23.7527,92.694,45.06,1934.1,0.9728,-0.2317,37.7,18.6,43.7,1.2,13.0,40.0,58.38,10.9467,1
2437_monsoon_stable,2437,normal_monsoon_stable_slope,23.765938418085092,92.71113598969747,45.06,1934.1,0.9728,-0.2317,37.7,18.6,43.7,1.2,21.43,48.22,57.68,10.8146,0
2437_dry,2437,dry_season_steep_slope,23.7527,92.694,45.06,1934.1,0.9728,-0.2317,37.7,18.6,43.7,1.2,0.19,3.01,7.21,1.3526,0
2437_flat,2437,monsoon_flat_floodplain,27.4728,94.912,1.9,108.0,0.0036,0.9997,23.5,45.0,31.5,1.32,11.79,38.27,54.73,0.2228,0
2437_permeable,2437,permeable_slope,23.726765649760477,92.67520833078395,22.89,365.9,0.9728,-0.2317,16.15,54.42,29.44,1.32,9.1,30.0,42.03,1.2951,0
2539_pos,2539,real_landslide_event,28.3092,95.4149,43.64,2325.2,0.4772,0.8788,35.1,22.0,42.9,1.2,4.0,10.2,62.91,10.4086,1
2539_monsoon_stable,2539,normal_monsoon_stable_slope,28.295366563434186,95.43249601237582,43.64,2325.2,0.4772,0.8788,35.1,22.0,42.9,1.2,22.7,50.04,60.04,9.9345,0
2539_dry,2539,dry_season_steep_slope,28.3092,95.4149,43.64,2325.2,0.4772,0.8788,35.1,22.0,42.9,1.2,2.56,4.09,9.32,1.5425,0
2539_flat,2539,monsoon_flat_floodplain,24.8333,92.7789,1.2,25.0,0.1048,-0.9798,24.0,42.0,34.0,1.4,4.79,10.25,72.42,0.1831,0
2539_permeable,2539,permeable_slope,28.277122505964762,95.4175121738206,23.45,488.3,0.4772,0.8788,10.54,58.18,31.28,1.32,2.8,7.65,45.29,0.9095,0
2566_pos,2566,real_landslide_event,25.4769,94.1351,41.06,966.6,0.9999,-0.0122,34.1,25.7,40.2,1.2,24.1,67.8,84.04,12.4796,1
2566_monsoon_stable,2566,normal_monsoon_stable_slope,25.490884996697222,94.13505272501922,41.06,966.6,0.9999,-0.0122,34.1,25.7,40.2,1.2,20.42,30.78,38.97,5.7872,0
2566_dry,2566,dry_season_steep_slope,25.4769,94.1351,41.06,966.6,0.9999,-0.0122,34.1,25.7,40.2,1.2,2.33,2.51,6.68,0.9924,0
2566_flat,2566,monsoon_flat_floodplain,26.3212,91.0065,1.5,42.0,-0.4911,-0.615,20.5,50.0,29.5,1.36,26.18,71.27,92.92,0.2444,0
2566_permeable,2566,permeable_slope,25.437618460605666,94.09680057880209,19.97,681.0,0.9999,-0.0122,16.23,56.44,27.34,1.32,16.87,50.85,60.51,1.6236,0
2567_pos,2567,real_landslide_event,25.6633,94.4703,43.48,1922.5,0.6547,-0.7559,37.6,18.7,43.6,1.2,26.2,65.1,71.62,13.0088,1
2567_monsoon_stable,2567,normal_monsoon_stable_slope,25.672484592665498,94.46761713890747,43.48,1922.5,0.6547,-0.7559,37.6,18.7,43.6,1.2,27.63,39.25,49.41,8.9747,0
2567_dry,2567,dry_season_steep_slope,25.6633,94.4703,43.48,1922.5,0.6547,-0.7559,37.6,18.7,43.6,1.2,1.11,5.8,7.88,1.4317,0
2567_flat,2567,monsoon_flat_floodplain,26.0207,89.9744,1.6,38.0,-0.797,0.0603,22.5,47.0,30.5,1.37,29.41,75.14,81.19,0.2533,0
2567_permeable,2567,permeable_slope,25.68485741706359,94.46509532120362,12.57,353.6,0.6547,-0.7559,15.28,67.67,17.05,1.32,18.34,48.82,51.57,0.7748,0
2568_pos,2568,real_landslide_event,24.7679,93.4108,41.9,1065.5,0.9968,-0.0802,35.0,23.7,41.3,1.2,29.9,69.9,75.47,11.8843,1
2568_monsoon_stable,2568,normal_monsoon_stable_slope,24.755955395194334,93.41464006911596,41.9,1065.5,0.9968,-0.0802,35.0,23.7,41.3,1.2,16.72,37.47,47.0,7.4012,0
2568_dry,2568,dry_season_steep_slope,24.7679,93.4108,41.9,1065.5,0.9968,-0.0802,35.0,23.7,41.3,1.2,3.0,6.17,9.32,1.4679,0
2568_flat,2568,monsoon_flat_floodplain,26.5413,88.7196,2.1,75.0,0.9801,-0.8787,23.0,46.0,31.0,1.34,36.35,76.42,88.43,0.381,0
2568_permeable,2568,permeable_slope,24.793735410658574,93.39978753462708,14.82,455.5,0.9968,-0.0802,16.81,63.3,19.89,1.32,20.93,52.43,54.34,1.0844,0
2569_pos,2569,real_landslide_event,25.2745,94.0212,41.79,610.3,0.524,-0.8517,31.0,32.8,36.2,1.2,28.1,64.0,71.35,9.25,1
2569_monsoon_stable,2569,normal_monsoon_stable_slope,25.279967073062846,94.00430675826782,41.79,610.3,0.524,-0.8517,31.0,32.8,36.2,1.2,17.71,48.38,55.18,7.153,0
2569_dry,2569,dry_season_steep_slope,25.2745,94.0212,41.79,610.3,0.524,-0.8517,31.0,32.8,36.2,1.2,1.49,6.02,7.18,0.9303,0
2569_flat,2569,monsoon_flat_floodplain,26.1445,91.7362,1.8,55.0,-0.9379,-0.7484,22.0,48.0,30.0,1.35,32.77,60.08,64.54,0.2232,0
2569_permeable,2569,permeable_slope,25.277248758964248,94.01465745977079,21.56,267.9,0.524,-0.8517,14.41,57.8,27.79,1.32,19.67,48.0,51.38,1.306,0
2570_pos,2570,real_landslide_event,24.837,93.9128,47.64,1800.7,0.4648,0.8854,36.7,20.6,42.7,1.2,25.3,66.4,64.09,12.0099,1
2570_monsoon_stable,2570,normal_monsoon_stable_slope,24.817350120960825,93.90897572273416,47.64,1800.7,0.4648,0.8854,36.7,20.6,42.7,1.2,13.78,38.65,44.48,8.3356,0
2570_dry,2570,dry_season_steep_slope,24.837,93.9128,47.64,1800.7,0.4648,0.8854,36.7,20.6,42.7,1.2,2.74,4.48,7.86,1.4736,0
2570_flat,2570,monsoon_flat_floodplain,26.7509,92.7926,1.4,48.0,-0.8679,-0.2594,21.0,52.0,27.0,1.38,27.75,61.24,69.86,0.1709,0
2570_permeable,2570,permeable_slope,24.833929408010345,93.93458725734182,16.17,283.5,0.4648,0.8854,10.89,66.34,22.77,1.32,17.71,49.8,46.15,0.6376,0
2573_pos,2573,real_landslide_event,25.1796,93.0083,28.02,501.3,0.6401,0.7683,33.0,31.0,36.1,1.2,57.9,129.7,130.78,12.897,1
2573_monsoon_stable,2573,normal_monsoon_stable_slope,25.16338671277014,92.99149241759227,28.02,501.3,0.6401,0.7683,33.0,31.0,36.1,1.2,16.64,49.03,60.97,6.0125,0
2573_dry,2573,dry_season_steep_slope,25.1796,93.0083,28.02,501.3,0.6401,0.7683,33.0,31.0,36.1,1.2,1.68,6.32,10.89,1.0741,0
2573_flat,2573,monsoon_flat_floodplain,27.4728,94.912,1.9,108.0,-0.2996,0.4234,23.5,45.0,31.5,1.32,55.73,131.36,130.89,0.5328,0
2573_permeable,2573,permeable_slope,25.143396177057078,92.99308556212355,22.31,561.5,0.6401,0.7683,15.5,56.9,27.59,1.32,40.53,97.27,94.16,2.6764,0
2574_pos,2574,real_landslide_event,25.4749,93.1477,32.22,1288.9,-0.0401,0.9992,40.4,15.2,44.4,1.2,36.5,95.8,105.52,16.4411,1
2574_monsoon_stable,2574,normal_monsoon_stable_slope,25.49072836162929,93.16186347172307,32.22,1288.9,-0.0401,0.9992,40.4,15.2,44.4,1.2,10.15,22.13,37.04,5.7714,0
2574_dry,2574,dry_season_steep_slope,25.4749,93.1477,32.22,1288.9,-0.0401,0.9992,40.4,15.2,44.4,1.2,0.08,3.79,6.77,1.0545,0
2574_flat,2574,monsoon_flat_floodplain,24.8333,92.7789,1.2,25.0,0.5148,-0.5921,24.0,42.0,34.0,1.4,40.45,95.11,106.11,0.2683,0
2574_permeable,2574,permeable_slope,25.44333106224461,93.13936552508086,19.14,442.0,-0.0401,0.9992,12.22,65.42,22.36,1.32,25.55,71.85,75.97,1.3937,0
2575_pos,2575,real_landslide_event,25.5242,92.9914,41.03,1012.2,-0.9959,0.0906,37.8,20.8,41.4,1.2,44.6,125.2,127.36,21.801,1
2575_monsoon_stable,2575,normal_monsoon_stable_slope,25.533080510396612,92.99597102084037,41.03,1012.2,-0.9959,0.0906,37.8,20.8,41.4,1.2,27.15,49.16,62.59,10.7148,0
2575_dry,2575,dry_season_steep_slope,25.5242,92.9914,41.03,1012.2,-0.9959,0.0906,37.8,20.8,41.4,1.2,2.56,5.77,5.93,1.0157,0
2575_flat,2575,monsoon_flat_floodplain,26.3212,91.0065,1.5,42.0,-0.9755,-0.7634,20.5,50.0,29.5,1.36,42.16,126.7,156.42,0.4115,0
2575_permeable,2575,permeable_slope,25.549414425971236,93.01273250325104,19.37,644.2,-0.9959,0.0906,14.27,51.66,34.07,1.32,31.22,93.9,91.7,2.168,0
2576_pos,2576,real_landslide_event,25.4788,94.1399,41.8,990.5,0.8251,0.565,34.4,25.2,40.4,1.2,17.9,65.1,83.8,12.7898,1
2576_monsoon_stable,2576,normal_monsoon_stable_slope,25.48855642148037,94.13307208221708,41.8,990.5,0.8251,0.565,34.4,25.2,40.4,1.2,14.4,42.67,53.54,8.1708,0
2576_dry,2576,dry_season_steep_slope,25.4788,94.1399,41.8,990.5,0.8251,0.565,34.4,25.2,40.4,1.2,0.69,2.05,4.42,0.6751,0
2576_flat,2576,monsoon_flat_floodplain,26.0207,89.9744,1.6,38.0,-0.8077,-0.9855,22.5,47.0,30.5,1.37,15.84,65.61,93.42,0.2914,0
2576_permeable,2576,permeable_slope,25.515033621814712,94.17485973166211,17.66,611.8,0.8251,0.565,10.52,57.78,31.7,1.32,12.53,48.82,60.34,0.9246,0
2577_pos,2577,real_landslide_event,25.5265,93.8673,40.7,603.8,0.6455,0.7638,30.9,32.9,36.2,1.2,26.1,72.1,86.14,10.8831,1
2577_monsoon_stable,2577,normal_monsoon_stable_slope,25.509645560238823,93.85631945240772,40.7,603.8,0.6455,0.7638,30.9,32.9,36.2,1.2,26.38,55.21,65.9,8.3268,0
2577_dry,2577,dry_season_steep_slope,25.5265,93.8673,40.7,603.8,0.6455,0.7638,30.9,32.9,36.2,1.2,2.59,7.03,10.51,1.3284,0
2577_flat,2577,monsoon_flat_floodplain,26.5413,88.7196,2.1,75.0,0.6022,-0.0715,23.0,46.0,31.0,1.34,25.17,71.88,92.36,0.3979,0
2577_permeable,2577,permeable_slope,25.52918580474751,93.89128244455239,22.14,424.5,0.6455,0.7638,14.16,54.25,31.59,1.32,18.27,54.07,62.02,1.6252,0
2578_pos,2578,real_landslide_event,25.3179,94.0462,37.71,1208.3,0.134,-0.991,36.3,20.8,42.9,1.2,21.6,69.4,78.58,12.0368,1
2578_monsoon_stable,2578,normal_monsoon_stable_slope,25.319654693655817,94.04536429866555,37.71,1208.3,0.134,-0.991,36.3,20.8,42.9,1.2,11.46,43.6,51.8,7.9347,0
2578_dry,2578,dry_season_steep_slope,25.3179,94.0462,37.71,1208.3,0.134,-0.991,36.3,20.8,42.9,1.2,1.06,2.75,3.69,0.5657,0
2578_flat,2578,monsoon_flat_floodplain,26.1445,91.7362,1.8,55.0,-0.966,0.8723,22.0,48.0,30.0,1.35,21.67,77.39,89.74,0.3104,0
2578_permeable,2578,permeable_slope,25.323795069500108,94.07108292641047,19.57,590.9,0.134,-0.991,11.88,52.2,35.92,1.32,15.12,52.05,56.58,1.1204,0
2579_pos,2579,real_landslide_event,25.682,94.1076,41.72,936.2,-0.9999,-0.0105,33.9,26.3,39.8,1.2,18.4,68.6,80.13,11.9272,1
2579_monsoon_stable,2579,normal_monsoon_stable_slope,25.668536735097945,94.09442862031455,41.72,936.2,-0.9999,-0.0105,33.9,26.3,39.8,1.2,18.21,33.33,48.61,7.2357,0
2579_dry,2579,dry_season_steep_slope,25.682,94.1076,41.72,936.2,-0.9999,-0.0105,33.9,26.3,39.8,1.2,0.37,0.38,5.92,0.8819,0
2579_flat,2579,monsoon_flat_floodplain,26.7509,92.7926,1.4,48.0,0.9196,-0.1376,21.0,52.0,27.0,1.38,16.86,86.55,75.43,0.1845,0
2579_permeable,2579,permeable_slope,25.643219202700912,94.08552867681425,25.22,618.4,-0.9999,-0.0105,15.35,63.96,20.69,1.32,12.88,51.45,57.69,1.743,0
2587_pos,2587,real_landslide_event,25.6623,94.1072,33.65,1117.9,0.7349,-0.6782,35.5,22.6,41.9,1.2,1.8,47.0,71.89,9.6126,1
2587_monsoon_stable,2587,normal_monsoon_stable_slope,25.659231313145625,94.11196512220813,33.65,1117.9,0.7349,-0.6782,35.5,22.6,41.9,1.2,21.53,38.01,46.05,6.1575,0
2587_dry,2587,dry_season_steep_slope,25.6623,94.1072,33.65,1117.9,0.7349,-0.6782,35.5,22.6,41.9,1.2,1.71,6.42,8.81,1.1785,0
2587_flat,2587,monsoon_flat_floodplain,27.4728,94.912,1.9,108.0,-0.8958,0.2861,23.5,45.0,31.5,1.32,1.55,58.8,71.09,0.2894,0
2587_permeable,2587,permeable_slope,25.68788149425566,94.1071889394082,20.5,718.0,0.7349,-0.6782,12.09,65.78,22.13,1.32,1.26,35.25,51.76,1.0012,0
2743_pos,2743,real_landslide_event,27.5798729,91.85672387,37.21,2327.8,0.6871,-0.7266,35.1,21.9,42.9,1.2,0.0,12.3,20.76,3.013,1
2743_monsoon_stable,2743,normal_monsoon_stable_slope,27.592285041402395,91.8465071885396,37.21,2327.8,0.6871,-0.7266,35.1,21.9,42.9,1.2,19.11,34.38,49.28,7.1508,0
2743_dry,2743,dry_season_steep_slope,27.5798729,91.85672387,37.21,2327.8,0.6871,-0.7266,35.1,21.9,42.9,1.2,2.02,3.72,3.74,0.5421,0
2743_flat,2743,monsoon_flat_floodplain,24.8333,92.7789,1.2,25.0,0.9101,0.0964,24.0,42.0,34.0,1.4,0.0,12.64,23.01,0.0582,0
2743_permeable,2743,permeable_slope,27.58917536319005,91.83215261121478,22.64,493.7,0.6871,-0.7266,14.96,60.63,24.41,1.32,0.0,9.23,14.95,0.4061,0
3269_pos,3269,real_landslide_event,28.0791,96.5242,51.96,998.3,0.5592,-0.829,28.5,36.0,35.5,1.2,24.9,192.4,202.05,27.7895,1
3269_monsoon_stable,3269,normal_monsoon_stable_slope,28.06915997199488,96.52846962302137,51.96,998.3,0.5592,-0.829,28.5,36.0,35.5,1.2,18.62,36.9,47.0,6.4638,0
3269_dry,3269,dry_season_steep_slope,28.0791,96.5242,51.96,998.3,0.5592,-0.829,28.5,36.0,35.5,1.2,1.49,5.72,7.72,1.062,0
3269_flat,3269,monsoon_flat_floodplain,26.3212,91.0065,1.5,42.0,-0.8656,-0.8714,20.5,50.0,29.5,1.36,29.96,189.6,195.93,0.5154,0
3269_permeable,3269,permeable_slope,28.083544288316688,96.49930408140929,19.15,602.8,0.5592,-0.829,10.01,55.42,34.57,1.32,17.43,144.3,145.48,2.3284,0
3525_pos,3525,real_landslide_event,25.0672,93.4093,41.2,1232.4,0.9806,-0.1959,36.5,20.4,43.1,1.2,35.0,76.9,100.42,16.711,1
3525_monsoon_stable,3525,normal_monsoon_stable_slope,25.08615508203123,93.38995620239554,41.2,1232.4,0.9806,-0.1959,36.5,20.4,43.1,1.2,8.73,41.94,52.29,8.7016,0
3525_dry,3525,dry_season_steep_slope,25.0672,93.4093,41.2,1232.4,0.9806,-0.1959,36.5,20.4,43.1,1.2,2.19,7.05,12.05,2.0051,0
3525_flat,3525,monsoon_flat_floodplain,26.0207,89.9744,1.6,38.0,0.02,0.9904,22.5,47.0,30.5,1.37,31.09,74.03,96.35,0.3006,0
3525_permeable,3525,permeable_slope,25.093964202711966,93.44196244787051,20.72,272.6,0.9806,-0.1959,11.09,65.76,23.15,1.32,24.5,57.68,72.31,1.2973,0
3532_pos,3532,real_landslide_event,25.0888,92.8551,46.0,939.9,-0.3502,-0.9367,37.1,22.2,40.7,1.2,17.3,106.4,169.73,30.8895,1
3532_monsoon_stable,3532,normal_monsoon_stable_slope,25.096299758854133,92.85649426216472,46.0,939.9,-0.3502,-0.9367,37.1,22.2,40.7,1.2,18.14,41.8,48.79,8.8796,0
3532_dry,3532,dry_season_steep_slope,25.0888,92.8551,46.0,939.9,-0.3502,-0.9367,37.1,22.2,40.7,1.2,0.86,3.59,6.9,1.2553,0
3532_flat,3532,monsoon_flat_floodplain,26.5413,88.7196,2.1,75.0,-0.7928,-0.9851,23.0,46.0,31.0,1.34,15.97,102.5,201.19,0.8667,0
3532_permeable,3532,permeable_slope,25.111343051906246,92.82248109435696,12.57,543.0,-0.3502,-0.9367,12.32,55.15,32.53,1.32,12.11,79.8,122.2,1.5992,0
3556_pos,3556,real_landslide_event,25.1555,93.8474,31.73,1711.8,-0.9921,0.1253,36.0,22.0,42.0,1.2,93.7,167.7,178.68,23.1075,1
3556_monsoon_stable,3556,normal_monsoon_stable_slope,25.173626867937763,93.84297288301768,31.73,1711.8,-0.9921,0.1253,36.0,22.0,42.0,1.2,9.47,25.51,36.59,4.7314,0
3556_dry,3556,dry_season_steep_slope,25.1555,93.8474,31.73,1711.8,-0.9921,0.1253,36.0,22.0,42.0,1.2,2.45,5.23,8.19,1.0591,0
3556_flat,3556,monsoon_flat_floodplain,26.1445,91.7362,1.8,55.0,-0.1523,0.798,22.0,48.0,30.0,1.35,103.93,179.56,222.67,0.7701,0
3556_permeable,3556,permeable_slope,25.18508228435253,93.8605368653099,19.72,653.2,-0.9921,0.1253,11.1,55.29,33.61,1.32,65.59,125.77,128.65,2.3507,0
3560_pos,3560,real_landslide_event,24.8286,93.5935,47.76,1638.4,-0.3939,-0.9191,35.4,23.1,41.4,1.2,23.2,67.2,84.4,14.9742,1
3560_monsoon_stable,3560,normal_monsoon_stable_slope,24.82004202597312,93.60601912720547,47.76,1638.4,-0.3939,-0.9191,35.4,23.1,41.4,1.2,14.74,26.23,41.25,7.3191,0
3560_dry,3560,dry_season_steep_slope,24.8286,93.5935,47.76,1638.4,-0.3939,-0.9191,35.4,23.1,41.4,1.2,2.49,6.4,10.38,1.841,0
3560_flat,3560,monsoon_flat_floodplain,26.7509,92.7926,1.4,48.0,-0.5879,-0.2739,21.0,52.0,27.0,1.38,27.78,72.56,83.96,0.2054,0
3560_permeable,3560,permeable_slope,24.858195149819956,93.56723845062105,13.96,540.4,-0.3939,-0.9191,17.78,58.2,24.02,1.32,16.24,50.4,60.77,1.2486,0
3617_pos,3617,real_landslide_event,26.84850975,88.26181745,34.1,2113.8,-0.7815,0.6239,34.6,24.7,40.7,1.2,27.4,50.6,69.94,9.067,1
3617_monsoon_stable,3617,normal_monsoon_stable_slope,26.85585222296355,88.28041248518407,34.1,2113.8,-0.7815,0.6239,34.6,24.7,40.7,1.2,23.49,45.0,57.6,7.4668,0
3617_dry,3617,dry_season_steep_slope,26.84850975,88.26181745,34.1,2113.8,-0.7815,0.6239,34.6,24.7,40.7,1.2,1.18,3.47,5.09,0.6594,0
3617_flat,3617,monsoon_flat_floodplain,27.4728,94.912,1.9,108.0,0.4778,-0.6096,23.5,45.0,31.5,1.32,28.62,58.88,65.85,0.268,0
3617_permeable,3617,permeable_slope,26.87064929285692,88.25013491249639,14.2,725.3,-0.7815,0.6239,16.11,62.04,21.85,1.32,19.18,37.95,50.36,0.9303,0
3619_pos,3619,real_landslide_event,27.4885,88.4451,41.07,2446.8,-0.9845,0.1754,36.2,21.0,42.8,1.2,66.3,96.6,115.7,18.9504,1
3619_monsoon_stable,3619,normal_monsoon_stable_slope,27.477325680406416,88.42758574164752,41.07,2446.8,-0.9845,0.1754,36.2,21.0,42.8,1.2,27.58,43.18,55.06,9.0192,0
3619_dry,3619,dry_season_steep_slope,27.4885,88.4451,41.07,2446.8,-0.9845,0.1754,36.2,21.0,42.8,1.2,1.46,4.44,5.84,0.9563,0
3619_flat,3619,monsoon_flat_floodplain,24.8333,92.7789,1.2,25.0,0.2352,-0.9743,24.0,42.0,34.0,1.4,74.74,119.32,128.48,0.3248,0
3619_permeable,3619,permeable_slope,27.486831258352062,88.4307028681266,22.06,642.6,-0.9845,0.1754,10.5,57.22,32.28,1.32,46.41,72.45,83.3,1.5828,0
3621_pos,3621,real_landslide_event,26.88,88.28,37.62,1983.9,0.8049,0.5934,33.9,26.2,39.9,1.2,37.1,50.8,75.46,10.3108,1
3621_monsoon_stable,3621,normal_monsoon_stable_slope,26.86934888984748,88.28949829460191,37.62,1983.9,0.8049,0.5934,33.9,26.2,39.9,1.2,21.8,34.4,46.57,6.364,0
3621_dry,3621,dry_season_steep_slope,26.88,88.28,37.62,1983.9,0.8049,0.5934,33.9,26.2,39.9,1.2,0.54,1.73,7.42,1.0136,0
3621_flat,3621,monsoon_flat_floodplain,26.3212,91.0065,1.5,42.0,-0.3822,-0.1018,20.5,50.0,29.5,1.36,35.86,60.33,78.48,0.2064,0
3621_permeable,3621,permeable_slope,26.845182673791086,88.28640563659228,19.42,440.5,0.8049,0.5934,12.39,51.07,36.53,1.32,25.97,38.1,54.33,1.1226,0
3632_pos,3632,real_landslide_event,27.0638,88.4659,50.67,1621.5,0.4462,-0.8949,32.1,30.3,37.6,1.2,6.3,63.0,83.21,13.2132,1
3632_monsoon_stable,3632,normal_monsoon_stable_slope,27.072429369361306,88.46264730888183,50.67,1621.5,0.4462,-0.8949,32.1,30.3,37.6,1.2,22.42,52.19,56.78,9.0162,0
3632_dry,3632,dry_season_steep_slope,27.0638,88.4659,50.67,1621.5,0.4462,-0.8949,32.1,30.3,37.6,1.2,2.12,2.32,4.05,0.6429,0
3632_flat,3632,monsoon_flat_floodplain,26.0207,89.9744,1.6,38.0,-0.464,0.066,22.5,47.0,30.5,1.37,7.53,78.67,77.23,0.2409,0
3632_permeable,3632,permeable_slope,27.07867131040323,88.44401525682167,14.36,674.5,0.4462,-0.8949,10.69,54.08,35.23,1.32,4.41,47.25,59.91,0.7812,0
3633_pos,3633,real_landslide_event,26.3186,94.5121,41.42,1263.7,0.9171,0.3987,36.8,19.7,43.5,1.2,11.8,57.6,105.39,17.8634,1
3633_monsoon_stable,3633,normal_monsoon_stable_slope,26.317130678082865,94.52911104790493,41.42,1263.7,0.9171,0.3987,36.8,19.7,43.5,1.2,11.57,43.89,52.97,8.9784,0
3633_dry,3633,dry_season_steep_slope,26.3186,94.5121,41.42,1263.7,0.9171,0.3987,36.8,19.7,43.5,1.2,0.62,0.88,4.02,0.6819,0
3633_flat,3633,monsoon_flat_floodplain,26.5413,88.7196,2.1,75.0,0.9757,-0.8826,23.0,46.0,31.0,1.34,10.61,59.3,101.07,0.4354,0
3633_permeable,3633,permeable_slope,26.28384768285842,94.49962716851853,20.88,608.1,0.9171,0.3987,16.88,64.27,18.85,1.32,8.26,43.2,75.88,2.1048,0
3637_pos,3637,real_landslide_event,25.51614662,94.2341227,39.5,1266.5,0.5105,0.8599,36.8,19.7,43.5,1.2,16.1,51.8,94.99,15.479,1
3637_monsoon_stable,3637,normal_monsoon_stable_slope,25.520093440413614,94.23519184748905,39.5,1266.5,0.5105,0.8599,36.8,19.7,43.5,1.2,9.18,27.46,40.49,6.5981,0
3637_dry,3637,dry_season_steep_slope,25.51614662,94.2341227,39.5,1266.5,0.5105,0.8599,36.8,19.7,43.5,1.2,2.09,2.6,6.94,1.1312,0
3637_flat,3637,monsoon_flat_floodplain,26.1445,91.7362,1.8,55.0,0.7722,-0.0802,22.0,48.0,30.0,1.35,17.82,57.8,88.99,0.3078,0
3637_permeable,3637,permeable_slope,25.487506688361034,94.26924297716072,14.71,482.5,0.5105,0.8599,13.71,62.1,24.19,1.32,11.27,38.85,68.39,1.1129,0
3643_pos,3643,real_landslide_event,27.2879,88.2579,38.61,2008.7,0.807,-0.5906,34.0,25.9,40.1,1.2,19.6,48.5,117.73,16.5327,1
3643_monsoon_stable,3643,normal_monsoon_stable_slope,27.267900496014057,88.26533875527362,38.61,2008.7,0.807,-0.5906,34.0,25.9,40.1,1.2,23.16,47.03,56.15,7.8849,0
3643_dry,3643,dry_season_steep_slope,27.2879,88.2579,38.61,2008.7,0.807,-0.5906,34.0,25.9,40.1,1.2,0.15,2.09,7.52,1.0555,0
3643_flat,3643,monsoon_flat_floodplain,26.7509,92.7926,1.4,48.0,-0.1072,0.6651,21.0,52.0,27.0,1.38,22.94,48.28,108.34,0.265,0
3643_permeable,3643,permeable_slope,27.32780761279198,88.26553914670644,13.95,542.2,0.807,-0.5906,15.06,65.19,19.74,1.32,13.72,36.38,84.76,1.4117,0
3662_pos,3662,real_landslide_event,25.03561729,94.0144205,31.92,1130.4,-0.988,-0.1547,31.5,30.9,37.5,1.2,8.6,24.0,36.71,3.8923,1
3662_monsoon_stable,3662,normal_monsoon_stable_slope,25.04700724343537,94.02784538350174,31.92,1130.4,-0.988,-0.1547,31.5,30.9,37.5,1.2,9.26,38.7,47.89,5.078,0
3662_dry,3662,dry_season_steep_slope,25.03561729,94.0144205,31.92,1130.4,-0.988,-0.1547,31.5,30.9,37.5,1.2,2.53,5.54,9.85,1.0446,0
3662_flat,3662,monsoon_flat_floodplain,27.4728,94.912,1.9,108.0,0.6143,0.917,23.5,45.0,31.5,1.32,9.11,30.71,40.31,0.1641,0
3662_permeable,3662,permeable_slope,25.022034342696042,94.01774552417629,23.59,645.1,-0.988,-0.1547,15.67,67.27,17.06,1.32,6.02,18.0,26.43,0.7507,0
3663_pos,3663,real_landslide_event,25.6682,94.1099,39.36,888.7,-0.999,-0.0436,33.5,27.2,39.3,1.2,36.8,85.6,113.35,15.7774,1
3663_monsoon_stable,3663,normal_monsoon_stable_slope,25.65492607993618,94.10639219643373,39.36,888.7,-0.999,-0.0436,33.5,27.2,39.3,1.2,26.11,57.54,66.98,9.3228,0
3663_dry,3663,dry_season_steep_slope,25.6682,94.1099,39.36,888.7,-0.999,-0.0436,33.5,27.2,39.3,1.2,2.01,2.14,2.26,0.3144,0
3663_flat,3663,monsoon_flat_floodplain,24.8333,92.7789,1.2,25.0,0.9858,0.9247,24.0,42.0,34.0,1.4,38.08,100.5,135.37,0.3423,0
3663_permeable,3663,permeable_slope,25.67863493030128,94.09130177293515,23.48,700.0,-0.999,-0.0436,11.03,52.4,36.57,1.32,25.76,64.2,81.62,1.783,0
3672_pos,3672,real_landslide_event,25.5125,93.3613,40.8,518.1,0.5779,-0.8161,30.2,34.6,35.2,1.2,3.7,15.3,21.15,2.5838,1
3672_monsoon_stable,3672,normal_monsoon_stable_slope,25.504678353462438,93.35116399870742,40.8,518.1,0.5779,-0.8161,30.2,34.6,35.2,1.2,12.48,44.1,50.38,6.1555,0
3672_dry,3672,dry_season_steep_slope,25.5125,93.3613,40.8,518.1,0.5779,-0.8161,30.2,34.6,35.2,1.2,0.28,3.91,6.44,0.7866,0
3672_flat,3672,monsoon_flat_floodplain,26.3212,91.0065,1.5,42.0,0.3229,0.6401,20.5,50.0,29.5,1.36,4.08,17.2,19.92,0.0524,0
3672_permeable,3672,permeable_slope,25.536129162171402,93.37776460591151,21.8,351.7,0.5779,-0.8161,17.4,58.71,23.88,1.32,2.59,11.48,15.23,0.4697,0
3683_pos,3683,real_landslide_event,25.8782,94.1739,27.3,832.2,-0.23,-0.9732,33.0,28.4,38.7,1.2,10.0,61.7,109.5,10.7561,1
3683_monsoon_stable,3683,normal_monsoon_stable_slope,25.867506122158304,94.18722691602744,27.3,832.2,-0.23,-0.9732,33.0,28.4,38.7,1.2,16.83,30.83,37.62,3.6955,0
3683_dry,3683,dry_season_steep_slope,25.8782,94.1739,27.3,832.2,-0.23,-0.9732,33.0,28.4,38.7,1.2,1.32,2.74,6.33,0.6223,0
3683_flat,3683,monsoon_flat_floodplain,26.0207,89.9744,1.6,38.0,-0.8108,0.9312,22.5,47.0,30.5,1.37,9.7,69.47,129.1,0.4027,0
3683_permeable,3683,permeable_slope,25.86154084748818,94.16665287374114,13.34,482.5,-0.23,-0.9732,17.41,56.16,26.43,1.32,7.0,46.28,78.84,1.5364,0
3738_pos,3738,real_landslide_event,24.8063,93.9482,31.18,1629.6,0.7547,-0.6561,35.4,23.2,41.4,1.2,0.8,15.9,34.35,4.258,1
3738_monsoon_stable,3738,normal_monsoon_stable_slope,24.800988838185315,93.92993169950573,31.18,1629.6,0.7547,-0.6561,35.4,23.2,41.4,1.2,26.06,40.77,49.81,6.1753,0
3738_dry,3738,dry_season_steep_slope,24.8063,93.9482,31.18,1629.6,0.7547,-0.6561,35.4,23.2,41.4,1.2,0.89,2.35,6.97,0.8641,0
3738_flat,3738,monsoon_flat_floodplain,26.5413,88.7196,2.1,75.0,-0.8751,0.6837,23.0,46.0,31.0,1.34,0.95,17.56,36.13,0.1556,0
3738_permeable,3738,permeable_slope,24.81026699831897,93.92556890944962,21.44,362.2,0.7547,-0.6561,11.21,66.35,22.44,1.32,0.56,11.93,24.73,0.4618,0
3741_pos,3741,real_landslide_event,25.4191,94.1079,33.64,926.1,0.3256,-0.9455,33.8,26.5,39.7,1.2,6.8,28.5,84.48,10.42,1
3741_monsoon_stable,3741,normal_monsoon_stable_slope,25.431350518789593,94.12132217175957,33.64,926.1,0.3256,-0.9455,33.8,26.5,39.7,1.2,27.13,46.94,59.61,7.3528,0
3741_dry,3741,dry_season_steep_slope,25.4191,94.1079,33.64,926.1,0.3256,-0.9455,33.8,26.5,39.7,1.2,1.6,6.47,6.86,0.8465,0
3741_flat,3741,monsoon_flat_floodplain,26.1445,91.7362,1.8,55.0,0.2518,0.9977,22.0,48.0,30.0,1.35,7.16,27.82,92.23,0.319,0
3741_permeable,3741,permeable_slope,25.393342281561775,94.09612645855073,21.85,545.0,0.3256,-0.9455,13.74,58.19,28.08,1.32,4.76,21.38,60.82,1.4892,0
3760_pos,3760,real_landslide_event,25.6703,94.1095,39.83,754.7,-0.8813,0.4726,32.3,29.9,37.8,1.2,12.8,19.3,47.24,6.2702,1
3760_monsoon_stable,3760,normal_monsoon_stable_slope,25.667512585076736,94.11950175406943,39.83,754.7,-0.8813,0.4726,32.3,29.9,37.8,1.2,22.9,44.69,57.09,7.5776,0
3760_dry,3760,dry_season_steep_slope,25.6703,94.1095,39.83,754.7,-0.8813,0.4726,32.3,29.9,37.8,1.2,2.38,5.51,7.1,0.9427,0
3760_flat,3760,monsoon_flat_floodplain,26.7509,92.7926,1.4,48.0,0.9898,0.1277,21.0,52.0,27.0,1.38,15.86,19.19,58.91,0.1441,0
3760_permeable,3760,permeable_slope,25.631668401105,94.06989632430569,15.09,482.6,-0.8813,0.4726,16.38,65.29,18.33,1.32,8.96,14.48,34.02,0.6645,0
3776_pos,3776,real_landslide_event,27.125,93.7145,48.82,2233.4,-0.7108,0.7034,34.7,22.9,42.4,1.2,40.2,94.3,107.1,18.966,1
3776_monsoon_stable,3776,normal_monsoon_stable_slope,27.138343783213934,93.7320684093578,48.82,2233.4,-0.7108,0.7034,34.7,22.9,42.4,1.2,16.61,41.07,48.95,8.6687,0
3776_dry,3776,dry_season_steep_slope,27.125,93.7145,48.82,2233.4,-0.7108,0.7034,34.7,22.9,42.4,1.2,1.4,6.04,11.56,2.0466,0
3776_flat,3776,monsoon_flat_floodplain,27.4728,94.912,1.9,108.0,0.7854,0.9998,23.5,45.0,31.5,1.32,45.98,110.35,109.52,0.4458,0
3776_permeable,3776,permeable_slope,27.150295792969775,93.73847627362225,16.37,558.6,-0.7108,0.7034,13.63,52.98,33.39,1.32,28.14,70.72,77.11,1.4672,0
3789_pos,3789,real_landslide_event,27.2743,92.9064,38.56,2622.7,-0.9426,-0.3338,36.6,18.8,44.6,1.2,12.4,126.0,157.08,25.1373,1
3789_monsoon_stable,3789,normal_monsoon_stable_slope,27.274027746348832,92.89079990384667,38.56,2622.7,-0.9426,-0.3338,36.6,18.8,44.6,1.2,26.21,58.3,65.71,10.5154,0
3789_dry,3789,dry_season_steep_slope,27.2743,92.9064,38.56,2622.7,-0.9426,-0.3338,36.6,18.8,44.6,1.2,2.32,2.71,6.97,1.1152,0
3789_flat,3789,monsoon_flat_floodplain,24.8333,92.7789,1.2,25.0,-0.5733,0.7222,24.0,42.0,34.0,1.4,11.28,140.57,170.58,0.4313,0
3789_permeable,3789,permeable_slope,27.30380422069741,92.90984668093365,12.52,266.7,-0.9426,-0.3338,17.57,51.77,30.66,1.32,8.68,94.5,113.1,2.1497,0
3794_pos,3794,real_landslide_event,26.99195749,88.42280921,51.68,2532.2,0.5,0.866,36.7,20.0,43.3,1.2,19.8,166.8,211.14,42.2192,1
3794_monsoon_stable,3794,normal_monsoon_stable_slope,26.97469538319871,88.40914538153363,51.68,2532.2,0.5,0.866,36.7,20.0,43.3,1.2,12.84,45.18,49.49,9.8962,0
3794_dry,3794,dry_season_steep_slope,26.99195749,88.42280921,51.68,2532.2,0.5,0.866,36.7,20.0,43.3,1.2,1.03,1.58,7.49,1.4974,0
3794_flat,3794,monsoon_flat_floodplain,26.3212,91.0065,1.5,42.0,-0.4632,0.4428,20.5,50.0,29.5,1.36,23.77,193.07,206.23,0.5425,0
3794_permeable,3794,permeable_slope,26.969563972568356,88.40080266918706,24.2,481.0,0.5,0.866,14.41,62.91,22.68,1.32,13.86,125.1,152.02,4.1771,0
3805_pos,3805,real_landslide_event,27.05374234,88.42572376,50.49,1762.6,-0.9957,-0.0924,32.8,28.7,38.5,1.2,140.2,167.4,294.98,48.3344,1
3805_monsoon_stable,3805,normal_monsoon_stable_slope,27.05350323853193,88.40627105819787,50.49,1762.6,-0.9957,-0.0924,32.8,28.7,38.5,1.2,14.04,34.5,48.63,7.9681,0
3805_dry,3805,dry_season_steep_slope,27.05374234,88.42572376,50.49,1762.6,-0.9957,-0.0924,32.8,28.7,38.5,1.2,1.69,2.89,3.06,0.501,0
3805_flat,3805,monsoon_flat_floodplain,26.0207,89.9744,1.6,38.0,-0.8715,0.7189,22.5,47.0,30.5,1.37,126.26,206.23,324.33,1.0118,0
3805_permeable,3805,permeable_slope,27.052097124333088,88.42844588184403,23.41,365.5,-0.9957,-0.0924,12.75,64.86,22.39,1.32,98.14,125.55,212.39,4.9447,0
3806_pos,3806,real_landslide_event,27.1032,93.6884,47.97,1464.4,-0.9932,-0.1167,30.8,31.0,38.1,1.2,21.8,71.5,138.76,20.1947,1
3806_monsoon_stable,3806,normal_monsoon_stable_slope,27.083201582849647,93.70650595034014,47.97,1464.4,-0.9932,-0.1167,30.8,31.0,38.1,1.2,10.73,25.67,35.66,5.1902,0
3806_dry,3806,dry_season_steep_slope,27.1032,93.6884,47.97,1464.4,-0.9932,-0.1167,30.8,31.0,38.1,1.2,1.06,5.74,11.03,1.606,0
3806_flat,3806,monsoon_flat_floodplain,26.5413,88.7196,2.1,75.0,-0.3611,0.9986,23.0,46.0,31.0,1.34,23.54,87.27,140.7,0.6061,0
3806_permeable,3806,permeable_slope,27.109559635790283,93.70506655003705,19.24,739.4,-0.9932,-0.1167,12.19,53.57,34.25,1.32,15.26,53.62,99.91,1.9792,0
3813_pos,3813,real_landslide_event,27.1141,88.4658,48.9,1374.6,-0.9699,-0.2436,30.9,33.0,36.1,1.2,45.9,193.5,306.15,44.6658,1
3813_monsoon_stable,3813,normal_monsoon_stable_slope,27.105318654292205,88.47173485254139,48.9,1374.6,-0.9699,-0.2436,30.9,33.0,36.1,1.2,11.91,34.11,46.53,6.7891,0
3813_dry,3813,dry_season_steep_slope,27.1141,88.4658,48.9,1374.6,-0.9699,-0.2436,30.9,33.0,36.1,1.2,0.97,2.47,5.96,0.8699,0
3813_flat,3813,monsoon_flat_floodplain,26.1445,91.7362,1.8,55.0,0.9384,-0.215,22.0,48.0,30.0,1.35,56.46,241.16,303.0,1.048,0
3813_permeable,3813,permeable_slope,27.122104842749206,88.44820407726124,12.68,554.6,-0.9699,-0.2436,10.96,67.09,21.96,1.32,32.13,145.12,220.43,2.4034,0
3830_pos,3830,real_landslide_event,24.3527,94.3429,43.33,2018.0,-0.0401,0.9992,38.4,17.3,44.4,1.2,25.7,73.6,140.79,26.3565,1
3830_monsoon_stable,3830,normal_monsoon_stable_slope,24.344768688540558,94.34454987319891,43.33,2018.0,-0.0401,0.9992,38.4,17.3,44.4,1.2,20.97,40.14,50.12,9.3829,0
3830_dry,3830,dry_season_steep_slope,24.3527,94.3429,43.33,2018.0,-0.0401,0.9992,38.4,17.3,44.4,1.2,0.16,3.84,6.3,1.1799,0
3830_flat,3830,monsoon_flat_floodplain,26.7509,92.7926,1.4,48.0,-0.8366,0.2081,21.0,52.0,27.0,1.38,22.78,88.39,162.34,0.3971,0
3830_permeable,3830,permeable_slope,24.345122167177482,94.3635309094866,20.52,442.3,-0.0401,0.9992,16.95,54.4,28.64,1.32,17.99,55.2,101.37,2.9563,0
3831_pos,3831,real_landslide_event,24.7992,93.948,36.57,1517.3,-0.7891,0.6143,34.5,25.0,40.5,1.2,11.0,46.4,92.72,12.7054,1
3831_monsoon_stable,3831,normal_monsoon_stable_slope,24.787324867150126,93.93747344903062,36.57,1517.3,-0.7891,0.6143,34.5,25.0,40.5,1.2,26.5,52.68,57.59,7.8923,0
3831_dry,3831,dry_season_steep_slope,24.7992,93.948,36.57,1517.3,-0.7891,0.6143,34.5,25.0,40.5,1.2,2.81,2.96,5.56,0.7619,0
3831_flat,3831,monsoon_flat_floodplain,27.4728,94.912,1.9,108.0,0.2009,-0.8317,23.5,45.0,31.5,1.32,9.49,45.07,101.25,0.4122,0
3831_permeable,3831,permeable_slope,24.801217415341824,93.91749484048755,15.5,496.1,-0.7891,0.6143,12.72,50.25,37.02,1.32,7.7,34.8,66.76,1.144,0
3837_pos,3837,real_landslide_event,26.5836,93.0038,32.64,1041.3,-0.247,0.969,34.8,24.2,41.0,1.2,8.9,57.5,150.54,18.959,1
3837_monsoon_stable,3837,normal_monsoon_stable_slope,26.575326138584586,93.0017417896615,32.64,1041.3,-0.247,0.969,34.8,24.2,41.0,1.2,20.8,35.08,49.05,6.1777,0
3837_dry,3837,dry_season_steep_slope,26.5836,93.0038,32.64,1041.3,-0.247,0.969,34.8,24.2,41.0,1.2,0.11,2.08,4.62,0.5822,0
3837_flat,3837,monsoon_flat_floodplain,24.8333,92.7789,1.2,25.0,-0.9149,-0.7531,24.0,42.0,34.0,1.4,9.13,66.4,141.14,0.3568,0
3837_permeable,3837,permeable_slope,26.611676892418284,92.99540050523962,19.19,613.5,-0.247,0.969,12.62,63.13,24.25,1.32,6.23,43.12,108.39,2.0877,0
3840_pos,3840,real_landslide_event,24.6869,93.9157,47.83,1837.9,0.4802,0.8771,37.0,20.0,43.0,1.2,1.7,7.3,58.32,11.1072,1
3840_monsoon_stable,3840,normal_monsoon_stable_slope,24.678219265316958,93.91247169933372,47.83,1837.9,0.4802,0.8771,37.0,20.0,43.0,1.2,15.65,48.96,59.7,11.3698,0
3840_dry,3840,dry_season_steep_slope,24.6869,93.9157,47.83,1837.9,0.4802,0.8771,37.0,20.0,43.0,1.2,0.4,0.83,2.6,0.4953,0
3840_flat,3840,monsoon_flat_floodplain,26.3212,91.0065,1.5,42.0,-0.8694,-0.9669,20.5,50.0,29.5,1.36,1.73,7.02,61.73,0.1624,0
3840_permeable,3840,permeable_slope,24.696826277053116,93.92091635585793,23.24,670.3,0.4802,0.8771,15.54,59.58,24.88,1.32,1.19,5.47,41.99,1.2222,0
3860_pos,3860,real_landslide_event,25.4192,94.108,33.46,1348.5,0.5577,0.83,37.5,18.0,44.4,1.2,14.0,31.8,81.23,11.8606,1
3860_monsoon_stable,3860,normal_monsoon_stable_slope,25.407420606168017,94.11331678660233,33.46,1348.5,0.5577,0.83,37.5,18.0,44.4,1.2,13.3,25.86,37.15,5.4246,0
3860_dry,3860,dry_season_steep_slope,25.4192,94.108,33.46,1348.5,0.5577,0.83,37.5,18.0,44.4,1.2,1.16,3.71,4.79,0.6988,0
3860_flat,3860,monsoon_flat_floodplain,26.0207,89.9744,1.6,38.0,0.9389,-0.915,22.5,47.0,30.5,1.37,13.57,40.99,98.17,0.3062,0
3860_permeable,3860,permeable_slope,25.400828911192573,94.09288517583249,12.43,650.3,0.5577,0.83,13.49,63.35,23.16,1.32,9.8,23.85,58.48,0.7876,0
3881_pos,3881,real_landslide_event,27.1034,93.6885,48.17,1046.1,-0.9342,0.3567,28.7,35.5,35.8,1.2,19.8,59.5,63.82,8.3932,1
3881_monsoon_stable,3881,normal_monsoon_stable_slope,27.09565143435945,93.69999914742972,48.17,1046.1,-0.9342,0.3567,28.7,35.5,35.8,1.2,17.67,43.4,56.95,7.4907,0
3881_dry,3881,dry_season_steep_slope,27.1034,93.6885,48.17,1046.1,-0.9342,0.3567,28.7,35.5,35.8,1.2,2.99,6.89,8.57,1.127,0
3881_flat,3881,monsoon_flat_floodplain,26.5413,88.7196,2.1,75.0,-0.2443,0.3016,23.0,46.0,31.0,1.34,23.6,56.74,67.04,0.2888,0
3881_permeable,3881,permeable_slope,27.09573992235785,93.6668240948735,17.13,487.7,-0.9342,0.3567,12.68,60.93,26.38,1.32,13.86,44.62,45.95,0.8083,0
3912_pos,3912,real_landslide_event,27.44,92.2833,40.88,1489.3,0.2045,0.9789,30.9,30.8,38.3,1.2,5.0,13.7,102.4,13.1935,1
3912_monsoon_stable,3912,normal_monsoon_stable_slope,27.4533812348877,92.26608016008484,40.88,1489.3,0.2045,0.9789,30.9,30.8,38.3,1.2,14.33,38.02,50.1,6.4555,0
3912_dry,3912,dry_season_steep_slope,27.44,92.2833,40.88,1489.3,0.2045,0.9789,30.9,30.8,38.3,1.2,0.89,0.99,2.24,0.2889,0
3912_flat,3912,monsoon_flat_floodplain,26.1445,91.7362,1.8,55.0,-0.3312,-0.3009,22.0,48.0,30.0,1.35,5.63,15.41,95.99,0.332,0
3912_permeable,3912,permeable_slope,27.401125171888904,92.31249770087788,14.72,317.6,0.2045,0.9789,12.05,64.98,22.97,1.32,3.5,10.27,73.73,1.0364,0
3916_pos,3916,real_landslide_event,25.7713,93.8067,39.05,1111.9,0.7373,-0.6756,35.4,22.8,41.8,1.2,26.6,70.6,174.69,26.4385,1
3916_monsoon_stable,3916,normal_monsoon_stable_slope,25.76953466135671,93.80822236494446,39.05,1111.9,0.7373,-0.6756,35.4,22.8,41.8,1.2,23.55,49.98,56.41,8.5375,0
3916_dry,3916,dry_season_steep_slope,25.7713,93.8067,39.05,1111.9,0.7373,-0.6756,35.4,22.8,41.8,1.2,1.5,5.78,10.41,1.5762,0
3916_flat,3916,monsoon_flat_floodplain,26.7509,92.7926,1.4,48.0,-0.9245,-0.2878,21.0,52.0,27.0,1.38,31.85,90.65,173.95,0.4255,0
3916_permeable,3916,permeable_slope,25.76395033876656,93.8253044083497,19.6,388.6,0.7373,-0.6756,17.05,62.1,20.85,1.32,18.62,52.95,125.78,3.3626,0
3925_pos,3925,real_landslide_event,27.4888,93.0153,40.3,1910.5,0.2723,-0.9622,33.1,26.3,40.6,1.2,86.2,130.5,174.09,24.591,1
3925_monsoon_stable,3925,normal_monsoon_stable_slope,27.49881639366429,93.02702986103665,40.3,1910.5,0.2723,-0.9622,33.1,26.3,40.6,1.2,14.95,33.75,41.71,5.8919,0
3925_dry,3925,dry_season_steep_slope,27.4888,93.0153,40.3,1910.5,0.2723,-0.9622,33.1,26.3,40.6,1.2,2.03,3.17,3.77,0.5322,0
3925_flat,3925,monsoon_flat_floodplain,27.4728,94.912,1.9,108.0,0.8071,0.2066,23.5,45.0,31.5,1.32,83.75,153.86,201.55,0.8204,0
3925_permeable,3925,permeable_slope,27.486151415095822,93.02552393838377,14.22,560.4,0.2723,-0.9622,16.37,65.65,17.98,1.32,60.34,97.88,125.34,2.3057,0
3927_pos,3927,real_landslide_event,25.5144,90.2167,30.93,1604.0,-0.9848,0.1736,40.2,17.0,42.8,1.2,66.9,88.3,161.75,23.8044,1
3927_monsoon_stable,3927,normal_monsoon_stable_slope,25.52288466176575,90.21996686154726,30.93,1604.0,-0.9848,0.1736,40.2,17.0,42.8,1.2,21.15,50.5,60.75,8.9409,0
3927_dry,3927,dry_season_steep_slope,25.5144,90.2167,30.93,1604.0,-0.9848,0.1736,40.2,17.0,42.8,1.2,2.13,6.28,6.59,0.97,0
3927_flat,3927,monsoon_flat_floodplain,24.8333,92.7789,1.2,25.0,-0.9827,-0.5836,24.0,42.0,34.0,1.4,74.04,114.66,164.23,0.4152,0
3927_permeable,3927,permeable_slope,25.527223786056076,90.24411719171414,18.23,309.9,-0.9848,0.1736,14.24,63.81,21.96,1.32,46.83,66.23,116.46,2.3983,0
3932_pos,3932,real_landslide_event,25.83,94.13,30.6,694.3,-0.4726,0.8813,31.7,31.1,37.2,1.2,3.8,23.7,56.61,5.8068,1
3932_monsoon_stable,3932,normal_monsoon_stable_slope,25.836553947846557,94.14138014914651,30.6,694.3,-0.4726,0.8813,31.7,31.1,37.2,1.2,14.61,48.9,55.82,5.7251,0
3932_dry,3932,dry_season_steep_slope,25.83,94.13,30.6,694.3,-0.4726,0.8813,31.7,31.1,37.2,1.2,0.67,3.1,8.47,0.8685,0
3932_flat,3932,monsoon_flat_floodplain,26.3212,91.0065,1.5,42.0,-0.992,-0.8826,20.5,50.0,29.5,1.36,4.75,28.83,52.88,0.1391,0
3932_permeable,3932,permeable_slope,25.8110744720721,94.15323038605464,12.01,471.0,-0.4726,0.8813,14.4,66.84,18.76,1.32,2.66,17.77,40.76,0.5546,0
3943_pos,3943,real_landslide_event,27.13862165,88.22551799,35.71,2322.9,0.7278,-0.6858,35.6,22.4,42.0,1.2,32.8,72.3,300.04,42.4465,1
3943_monsoon_stable,3943,normal_monsoon_stable_slope,27.150174659759458,88.21278814063204,35.71,2322.9,0.7278,-0.6858,35.6,22.4,42.0,1.2,10.84,43.94,56.3,7.9651,0
3943_dry,3943,dry_season_steep_slope,27.13862165,88.22551799,35.71,2322.9,0.7278,-0.6858,35.6,22.4,42.0,1.2,0.73,3.79,4.03,0.5704,0
3943_flat,3943,monsoon_flat_floodplain,26.0207,89.9744,1.6,38.0,0.375,0.9641,22.5,47.0,30.5,1.37,38.42,93.08,373.9,1.1664,0
3943_permeable,3943,permeable_slope,27.156311730749955,88.22492847465543,22.88,490.5,0.7278,-0.6858,14.96,51.72,33.32,1.32,22.96,54.22,216.03,6.2723,0
3944_pos,3944,real_landslide_event,27.7344,88.633,51.9,1441.6,-0.9759,-0.2181,31.2,32.3,36.5,1.2,8.7,27.1,45.43,7.0264,1
3944_monsoon_stable,3944,normal_monsoon_stable_slope,27.73484928852195,88.61813763364036,51.9,1441.6,-0.9759,-0.2181,31.2,32.3,36.5,1.2,9.94,22.81,34.13,5.2787,0
3944_dry,3944,dry_season_steep_slope,27.7344,88.633,51.9,1441.6,-0.9759,-0.2181,31.2,32.3,36.5,1.2,1.15,3.16,7.38,1.1406,0
3944_flat,3944,monsoon_flat_floodplain,26.5413,88.7196,2.1,75.0,-0.9997,-0.0458,23.0,46.0,31.0,1.34,9.87,33.88,45.83,0.1974,0
3944_permeable,3944,permeable_slope,27.733764395119085,88.66748196258779,16.22,528.1,-0.9759,-0.2181,14.2,63.06,22.74,1.32,6.09,20.33,32.71,0.6026,0
3965_pos,3965,real_landslide_event,24.808,93.117,29.87,861.1,-0.998,-0.0628,33.2,27.8,39.0,1.2,8.9,45.4,66.94,7.2175,1
3965_monsoon_stable,3965,normal_monsoon_stable_slope,24.796474075337787,93.12131255458344,29.87,861.1,-0.998,-0.0628,33.2,27.8,39.0,1.2,26.64,39.08,48.59,5.2391,0
3965_dry,3965,dry_season_steep_slope,24.808,93.117,29.87,861.1,-0.998,-0.0628,33.2,27.8,39.0,1.2,1.38,2.97,6.36,0.6852,0
3965_flat,3965,monsoon_flat_floodplain,26.1445,91.7362,1.8,55.0,0.9584,0.2478,22.0,48.0,30.0,1.35,10.43,49.51,64.51,0.2231,0
3965_permeable,3965,permeable_slope,24.82416842628283,93.14733564805655,17.75,616.6,-0.998,-0.0628,17.13,59.43,23.44,1.32,6.23,34.05,48.2,1.1964,0
3983_pos,3983,real_landslide_event,26.1548,91.7351,26.09,1226.8,-0.1201,0.9928,36.5,20.5,43.1,1.2,12.4,69.4,116.11,12.8897,1
3983_monsoon_stable,3983,normal_monsoon_stable_slope,26.137176444184007,91.74764425203031,26.09,1226.8,-0.1201,0.9928,36.5,20.5,43.1,1.2,13.38,40.16,45.52,5.0535,0
3983_dry,3983,dry_season_steep_slope,26.1548,91.7351,26.09,1226.8,-0.1201,0.9928,36.5,20.5,43.1,1.2,2.68,3.49,4.67,0.5189,0
3983_flat,3983,monsoon_flat_floodplain,26.7509,92.7926,1.4,48.0,0.8296,0.9701,21.0,52.0,27.0,1.38,14.36,78.4,137.49,0.3363,0
3983_permeable,3983,permeable_slope,26.142658453133823,91.71183288223395,16.06,590.5,-0.1201,0.9928,11.85,58.9,29.26,1.32,8.68,52.05,83.6,1.3065,0
3986_pos,3986,real_landslide_event,27.0605,88.255,47.97,2748.2,0.0209,-0.9998,37.7,17.6,44.7,1.2,61.8,98.2,133.27,26.4461,1
3986_monsoon_stable,3986,normal_monsoon_stable_slope,27.079998457606155,88.24623195182457,47.97,2748.2,0.0209,-0.9998,37.7,17.6,44.7,1.2,9.7,35.22,43.33,8.5979,0
3986_dry,3986,dry_season_steep_slope,27.0605,88.255,47.97,2748.2,0.0209,-0.9998,37.7,17.6,44.7,1.2,2.66,6.7,10.77,2.1369,0
3986_flat,3986,monsoon_flat_floodplain,27.4728,94.912,1.9,108.0,0.4776,0.3372,23.5,45.0,31.5,1.32,67.57,127.55,137.35,0.5591,0
3986_permeable,3986,permeable_slope,27.0859602810077,88.27189278359236,20.52,494.1,0.0209,-0.9998,16.42,57.59,25.99,1.32,43.26,73.65,95.96,2.6539,0
3997_pos,3997,real_landslide_event,27.5161,88.5575,50.6,2550.3,-0.9164,-0.4003,36.8,19.8,43.4,1.2,0.4,6.6,47.51,9.3982,1
3997_monsoon_stable,3997,normal_monsoon_stable_slope,27.505649491264702,88.54075399928581,50.6,2550.3,-0.9164,-0.4003,36.8,19.8,43.4,1.2,20.2,39.91,48.67,9.628,0
3997_dry,3997,dry_season_steep_slope,27.5161,88.5575,50.6,2550.3,-0.9164,-0.4003,36.8,19.8,43.4,1.2,0.16,5.14,7.4,1.4643,0
3997_flat,3997,monsoon_flat_floodplain,24.8333,92.7789,1.2,25.0,-0.2637,0.4227,24.0,42.0,34.0,1.4,0.38,6.88,49.69,0.1256,0
3997_permeable,3997,permeable_slope,27.5191127199982,88.54906240735107,16.96,434.6,-0.9164,-0.4003,16.98,66.16,16.86,1.32,0.28,4.95,34.21,0.7727,0
4241_pos,4241,real_landslide_event,25.1604,93.6795,46.96,1193.2,0.4242,-0.9056,32.0,30.0,38.0,1.2,1.1,10.0,17.11,2.5653,1
4241_monsoon_stable,4241,normal_monsoon_stable_slope,25.14731316801874,93.6970823996706,46.96,1193.2,0.4242,-0.9056,32.0,30.0,38.0,1.2,14.06,48.62,59.07,8.856,0
4241_dry,4241,dry_season_steep_slope,25.1604,93.6795,46.96,1193.2,0.4242,-0.9056,32.0,30.0,38.0,1.2,0.18,4.94,9.87,1.4795,0
4241_flat,4241,monsoon_flat_floodplain,26.3212,91.0065,1.5,42.0,-0.2413,0.9689,20.5,50.0,29.5,1.36,1.12,12.09,15.48,0.0407,0
4241_permeable,4241,permeable_slope,25.157905046476532,93.68983473783673,12.21,670.9,0.4242,-0.9056,17.13,55.24,27.62,1.32,0.77,7.5,12.32,0.2178,0
4313_pos,4313,real_landslide_event,28.4659,95.86,49.33,1977.2,0.2504,-0.9681,33.4,25.6,41.0,1.2,9.2,88.2,100.39,16.8743,1
4313_monsoon_stable,4313,normal_monsoon_stable_slope,28.451543601060234,95.86350405794538,49.33,1977.2,0.2504,-0.9681,33.4,25.6,41.0,1.2,21.23,55.07,58.88,9.8964,0
4313_dry,4313,dry_season_steep_slope,28.4659,95.86,49.33,1977.2,0.2504,-0.9681,33.4,25.6,41.0,1.2,2.27,3.45,5.7,0.9576,0
4313_flat,4313,monsoon_flat_floodplain,26.0207,89.9744,1.6,38.0,0.0345,0.078,22.5,47.0,30.5,1.37,10.73,107.86,93.64,0.2921,0
4313_permeable,4313,permeable_slope,28.46007428842397,95.88387438483778,25.68,599.7,0.2504,-0.9681,17.1,57.56,25.34,1.32,6.44,66.15,72.28,2.5761,0
4377_pos,4377,real_landslide_event,26.1475,91.7356,30.36,1104.9,-0.7408,0.6717,35.4,22.9,41.7,1.2,19.2,60.8,75.24,9.1286,1
4377_monsoon_stable,4377,normal_monsoon_stable_slope,26.140580284724333,91.7197178262947,30.36,1104.9,-0.7408,0.6717,35.4,22.9,41.7,1.2,25.69,45.51,57.55,6.9821,0
4377_dry,4377,dry_season_steep_slope,26.1475,91.7356,30.36,1104.9,-0.7408,0.6717,35.4,22.9,41.7,1.2,2.05,6.76,11.34,1.3755,0
4377_flat,4377,monsoon_flat_floodplain,26.5413,88.7196,2.1,75.0,0.6139,-0.6501,23.0,46.0,31.0,1.34,21.79,59.11,77.0,0.3317,0
4377_permeable,4377,permeable_slope,26.145865776459708,91.72711917634807,24.17,685.9,-0.7408,0.6717,13.04,60.11,26.85,1.32,13.44,45.6,54.18,1.3691,0
4378_pos,4378,real_landslide_event,28.8254,96.1517,50.37,1401.1,0.8829,-0.4695,30.5,31.7,37.8,1.2,22.9,44.9,45.11,6.7056,1
4378_monsoon_stable,4378,normal_monsoon_stable_slope,28.81690996253938,96.13665058730841,50.37,1401.1,0.8829,-0.4695,30.5,31.7,37.8,1.2,25.27,46.92,61.09,9.0799,0
4378_dry,4378,dry_season_steep_slope,28.8254,96.1517,50.37,1401.1,0.8829,-0.4695,30.5,31.7,37.8,1.2,1.43,2.6,8.18,1.2164,0
4378_flat,4378,monsoon_flat_floodplain,26.1445,91.7362,1.8,55.0,-0.7927,-0.8718,22.0,48.0,30.0,1.35,27.94,53.24,43.11,0.1491,0
4378_permeable,4378,permeable_slope,28.82592399048553,96.17529009399777,14.58,335.7,0.8829,-0.4695,13.29,53.82,32.89,1.32,16.03,33.67,32.48,0.5353,0
4382_pos,4382,real_landslide_event,25.1175,92.8573,30.72,841.9,-0.8221,0.5693,36.2,24.2,39.7,1.2,154.4,293.0,297.08,36.8611,1
4382_monsoon_stable,4382,normal_monsoon_stable_slope,25.13704188447254,92.86562615127423,30.72,841.9,-0.8221,0.5693,36.2,24.2,39.7,1.2,8.82,36.65,44.6,5.5334,0
4382_dry,4382,dry_season_steep_slope,25.1175,92.8573,30.72,841.9,-0.8221,0.5693,36.2,24.2,39.7,1.2,2.58,5.37,6.82,0.8467,0
4382_flat,4382,monsoon_flat_floodplain,26.7509,92.7926,1.4,48.0,-0.4075,-0.9504,21.0,52.0,27.0,1.38,155.62,270.95,365.94,0.8951,0
4382_permeable,4382,permeable_slope,25.09524035703305,92.8739371373037,12.86,571.7,-0.8221,0.5693,16.35,52.64,31.01,1.32,108.08,219.75,213.9,3.8638,0
4383_pos,4383,real_landslide_event,25.3056,93.1265,28.73,1287.7,-0.6211,0.7837,40.4,15.2,44.3,1.2,148.6,237.7,250.41,35.1772,1
4383_monsoon_stable,4383,normal_monsoon_stable_slope,25.29993973316061,93.12546251932186,28.73,1287.7,-0.6211,0.7837,40.4,15.2,44.3,1.2,23.27,39.52,49.91,7.0107,0
4383_dry,4383,dry_season_steep_slope,25.3056,93.1265,28.73,1287.7,-0.6211,0.7837,40.4,15.2,44.3,1.2,1.25,1.3,4.37,0.6134,0
4383_flat,4383,monsoon_flat_floodplain,27.4728,94.912,1.9,108.0,0.8718,0.8284,23.5,45.0,31.5,1.32,158.6,301.6,295.62,1.2034,0
4383_permeable,4383,permeable_slope,25.30787569498502,93.10504608681214,25.83,358.4,-0.6211,0.7837,17.77,57.84,24.39,1.32,104.02,178.27,180.3,6.6994,0
4384_pos,4384,real_landslide_event,25.1775,93.0123,32.59,1288.9,-0.6198,0.7848,40.4,15.2,44.4,1.2,183.9,276.3,294.89,46.418,1
4384_monsoon_stable,4384,normal_monsoon_stable_slope,25.15843149841276,93.01586131283133,32.59,1288.9,-0.6198,0.7848,40.4,15.2,44.4,1.2,23.64,51.43,60.94,9.5923,0
4384_dry,4384,dry_season_steep_slope,25.1775,93.0123,32.59,1288.9,-0.6198,0.7848,40.4,15.2,44.4,1.2,1.26,3.24,5.17,0.8135,0
4384_flat,4384,monsoon_flat_floodplain,24.8333,92.7789,1.2,25.0,-0.3181,-0.3672,24.0,42.0,34.0,1.4,182.07,298.7,324.41,0.8202,0
4384_permeable,4384,permeable_slope,25.169740972665995,92.98010398319516,18.59,656.9,-0.6198,0.7848,11.32,62.45,26.23,1.32,128.73,207.23,212.32,3.5737,0
4385_pos,4385,real_landslide_event,27.7167,88.5577,41.21,2286.4,-0.2011,0.9796,35.4,22.8,41.8,1.2,12.1,39.1,76.86,12.1647,1
4385_monsoon_stable,4385,normal_monsoon_stable_slope,27.720485520642224,88.57637190281982,41.21,2286.4,-0.2011,0.9796,35.4,22.8,41.8,1.2,10.83,41.15,49.61,7.8519,0
4385_dry,4385,dry_season_steep_slope,27.7167,88.5577,41.21,2286.4,-0.2011,0.9796,35.4,22.8,41.8,1.2,2.34,6.86,12.4,1.9627,0
4385_flat,4385,monsoon_flat_floodplain,26.3212,91.0065,1.5,42.0,-0.1112,0.9912,20.5,50.0,29.5,1.36,11.73,41.35,69.52,0.1829,0
4385_permeable,4385,permeable_slope,27.727561281977874,88.53406821272536,13.57,584.9,-0.2011,0.9796,10.91,61.3,27.78,1.32,8.47,29.33,55.34,0.6654,0
4393_pos,4393,real_landslide_event,27.7565,88.632,47.05,1554.9,0.9848,0.1736,31.8,31.0,37.2,1.2,1.5,7.1,19.12,2.8318,1
4393_monsoon_stable,4393,normal_monsoon_stable_slope,27.750614746925024,88.61496494997871,47.05,1554.9,0.9848,0.1736,31.8,31.0,37.2,1.2,8.51,29.15,40.34,5.9727,0
4393_dry,4393,dry_season_steep_slope,27.7565,88.632,47.05,1554.9,0.9848,0.1736,31.8,31.0,37.2,1.2,1.68,4.75,4.85,0.7174,0
4393_flat,4393,monsoon_flat_floodplain,26.0207,89.9744,1.6,38.0,-0.1778,-0.4384,22.5,47.0,30.5,1.37,1.51,6.88,19.83,0.0618,0
4393_permeable,4393,permeable_slope,27.756602106607048,88.65794074566075,19.0,317.4,0.9848,0.1736,14.49,59.89,25.62,1.32,1.05,5.32,13.77,0.3077,0
4394_pos,4394,real_landslide_event,27.1748,88.6458,41.92,1774.4,0.996,0.0889,32.9,28.5,38.6,1.2,3.5,6.8,68.21,9.7228,1
4394_monsoon_stable,4394,normal_monsoon_stable_slope,27.190425651711497,88.65379548947328,41.92,1774.4,0.996,0.0889,32.9,28.5,38.6,1.2,22.32,39.59,45.78,6.526,0
4394_dry,4394,dry_season_steep_slope,27.1748,88.6458,41.92,1774.4,0.996,0.0889,32.9,28.5,38.6,1.2,0.65,5.36,5.7,0.8123,0
4394_flat,4394,monsoon_flat_floodplain,26.5413,88.7196,2.1,75.0,0.5137,0.6193,23.0,46.0,31.0,1.34,3.89,6.99,82.66,0.3561,0
4394_permeable,4394,permeable_slope,27.158937113765088,88.66497497622828,19.57,399.7,0.996,0.0889,17.87,60.07,22.06,1.32,2.45,5.1,49.11,1.3914,0
4403_pos,4403,real_landslide_event,24.8142,93.5444,37.06,2065.7,0.0157,-0.9999,38.7,16.5,44.7,1.2,11.4,16.0,35.77,5.9677,1
4403_monsoon_stable,4403,normal_monsoon_stable_slope,24.832474863735253,93.55275250560653,37.06,2065.7,0.0157,-0.9999,38.7,16.5,44.7,1.2,17.68,49.04,54.46,9.0849,0
4403_dry,4403,dry_season_steep_slope,24.8142,93.5444,37.06,2065.7,0.0157,-0.9999,38.7,16.5,44.7,1.2,2.63,6.39,6.79,1.1323,0
4403_flat,4403,monsoon_flat_floodplain,26.1445,91.7362,1.8,55.0,-0.9864,-0.2438,22.0,48.0,30.0,1.35,12.99,15.94,36.63,0.1267,0
4403_permeable,4403,permeable_slope,24.79767939450145,93.52988660156784,14.21,408.5,0.0157,-0.9999,17.78,65.24,16.98,1.32,7.98,12.0,25.76,0.5152,0
4407_pos,4407,real_landslide_event,25.0951,92.3567,41.89,846.5,0.632,0.7749,34.7,29.4,35.9,1.2,12.8,46.6,106.8,15.9362,1
4407_monsoon_stable,4407,normal_monsoon_stable_slope,25.07594052168377,92.36339700527377,41.89,846.5,0.632,0.7749,34.7,29.4,35.9,1.2,21.39,43.47,55.5,8.2817,0
4407_dry,4407,dry_season_steep_slope,25.0951,92.3567,41.89,846.5,0.632,0.7749,34.7,29.4,35.9,1.2,0.36,2.54,8.05,1.2014,0
4407_flat,4407,monsoon_flat_floodplain,26.7509,92.7926,1.4,48.0,0.8741,-0.7748,21.0,52.0,27.0,1.38,11.09,46.26,114.12,0.2791,0
4407_permeable,4407,permeable_slope,25.119326734392345,92.35109046191445,21.89,656.5,0.632,0.7749,11.86,67.22,20.91,1.32,8.96,34.95,76.9,1.5407,0
4408_pos,4408,real_landslide_event,25.5498,92.0757,37.84,1048.2,0.1702,0.9854,36.2,26.1,37.7,1.2,12.2,32.6,64.31,9.4373,1
4408_monsoon_stable,4408,normal_monsoon_stable_slope,25.563652808328065,92.060488399843,37.84,1048.2,0.1702,0.9854,36.2,26.1,37.7,1.2,17.28,31.04,41.91,6.1512,0
4408_dry,4408,dry_season_steep_slope,25.5498,92.0757,37.84,1048.2,0.1702,0.9854,36.2,26.1,37.7,1.2,2.63,3.14,3.26,0.4782,0
4408_flat,4408,monsoon_flat_floodplain,27.4728,94.912,1.9,108.0,-0.5653,0.1035,23.5,45.0,31.5,1.32,13.09,32.03,72.77,0.2962,0
4408_permeable,4408,permeable_slope,25.565158874198513,92.07343498283834,22.32,541.9,0.1702,0.9854,15.57,66.1,18.33,1.32,8.54,24.45,46.3,1.249,0
4411_pos,4411,real_landslide_event,27.339,88.6065,48.75,2250.1,-0.9952,0.0976,35.3,23.2,41.6,1.2,20.3,43.6,68.97,12.382,1
4411_monsoon_stable,4411,normal_monsoon_stable_slope,27.35048200897331,88.60469829699981,48.75,2250.1,-0.9952,0.0976,35.3,23.2,41.6,1.2,13.11,43.09,51.21,9.1936,0
4411_dry,4411,dry_season_steep_slope,27.339,88.6065,48.75,2250.1,-0.9952,0.0976,35.3,23.2,41.6,1.2,2.14,4.42,5.44,0.9774,0
4411_flat,4411,monsoon_flat_floodplain,24.8333,92.7789,1.2,25.0,0.6405,-0.5549,24.0,42.0,34.0,1.4,21.49,54.07,71.57,0.1809,0
4411_permeable,4411,permeable_slope,27.32419666668708,88.58988445608308,15.66,521.6,-0.9952,0.0976,14.7,56.86,28.44,1.32,14.21,32.7,49.66,0.9517,0
4424_pos,4424,real_landslide_event,26.149,91.7351,30.04,505.0,0.5906,0.807,30.0,34.9,35.1,1.2,46.1,90.4,121.78,11.2978,1
4424_monsoon_stable,4424,normal_monsoon_stable_slope,26.13031270236746,91.71764180057028,30.04,505.0,0.5906,0.807,30.0,34.9,35.1,1.2,15.16,43.84,56.54,5.2458,0
4424_dry,4424,dry_season_steep_slope,26.149,91.7351,30.04,505.0,0.5906,0.807,30.0,34.9,35.1,1.2,1.47,2.81,4.67,0.4335,0
4424_flat,4424,monsoon_flat_floodplain,26.3212,91.0065,1.5,42.0,-0.61,0.063,20.5,50.0,29.5,1.36,52.66,112.68,150.41,0.3957,0
4424_permeable,4424,permeable_slope,26.164416079495837,91.73141551216744,21.89,715.3,0.5906,0.807,17.17,52.88,29.95,1.32,32.27,67.8,87.68,2.7807,0
4426_pos,4426,real_landslide_event,26.1226,91.7162,27.57,842.0,-0.3795,0.9252,33.0,28.2,38.8,1.2,53.8,185.9,199.73,19.8298,1
4426_monsoon_stable,4426,normal_monsoon_stable_slope,26.127171970363662,91.73306554215506,27.57,842.0,-0.3795,0.9252,33.0,28.2,38.8,1.2,18.24,44.56,56.18,5.5776,0
4426_dry,4426,dry_season_steep_slope,26.1226,91.7162,27.57,842.0,-0.3795,0.9252,33.0,28.2,38.8,1.2,2.62,4.69,9.37,0.9298,0
4426_flat,4426,monsoon_flat_floodplain,26.0207,89.9744,1.6,38.0,0.9707,0.6712,22.5,47.0,30.5,1.37,52.54,220.81,243.45,0.7594,0
4426_permeable,4426,permeable_slope,26.158405812542938,91.74691951619877,12.29,269.8,-0.3795,0.9252,17.72,60.14,22.14,1.32,37.66,139.43,143.81,2.5666,0
4434_pos,4434,real_landslide_event,26.1049,91.7369,40.56,1113.5,0.1994,-0.9799,35.5,22.7,41.8,1.2,36.9,168.4,277.87,43.5638,1
4434_monsoon_stable,4434,normal_monsoon_stable_slope,26.085580595115864,91.75061275658919,40.56,1113.5,0.1994,-0.9799,35.5,22.7,41.8,1.2,22.57,50.41,59.65,9.3524,0
4434_dry,4434,dry_season_steep_slope,26.1049,91.7369,40.56,1113.5,0.1994,-0.9799,35.5,22.7,41.8,1.2,0.72,4.5,4.71,0.7384,0
4434_flat,4434,monsoon_flat_floodplain,26.5413,88.7196,2.1,75.0,0.6623,-0.9026,23.0,46.0,31.0,1.34,36.28,196.73,278.85,1.2013,0
4434_permeable,4434,permeable_slope,26.115623790036345,91.74977247490837,23.18,423.6,0.1994,-0.9799,17.78,54.77,27.46,1.32,25.83,126.3,200.07,6.8533,0
4435_pos,4435,real_landslide_event,27.174,95.8011,34.86,2614.5,-0.6115,0.7912,36.6,18.9,44.5,1.2,46.1,108.3,192.11,28.1675,1
4435_monsoon_stable,4435,normal_monsoon_stable_slope,27.161842795767217,95.80511149926056,34.86,2614.5,-0.6115,0.7912,36.6,18.9,44.5,1.2,17.47,44.75,53.71,7.8752,0
4435_dry,4435,dry_season_steep_slope,27.174,95.8011,34.86,2614.5,-0.6115,0.7912,36.6,18.9,44.5,1.2,0.24,0.54,1.0,0.1468,0
4435_flat,4435,monsoon_flat_floodplain,26.1445,91.7362,1.8,55.0,-0.216,-0.489,22.0,48.0,30.0,1.35,40.72,114.64,196.74,0.6804,0
4435_permeable,4435,permeable_slope,27.134401499803452,95.81061498197698,15.16,443.1,-0.6115,0.7912,15.06,59.92,25.02,1.32,32.27,81.22,138.32,2.5818,0
4436_pos,4436,real_landslide_event,26.9986,95.4993,42.97,1824.0,1.0,-0.0087,32.6,27.2,40.1,1.2,44.5,109.8,189.62,27.6042,1
4436_monsoon_stable,4436,normal_monsoon_stable_slope,26.994420216311223,95.50809772536631,42.97,1824.0,1.0,-0.0087,32.6,27.2,40.1,1.2,11.96,37.23,46.89,6.8257,0
4436_dry,4436,dry_season_steep_slope,26.9986,95.4993,42.97,1824.0,1.0,-0.0087,32.6,27.2,40.1,1.2,2.79,5.62,11.51,1.6759,0
4436_flat,4436,monsoon_flat_floodplain,26.7509,92.7926,1.4,48.0,-0.257,0.9968,21.0,52.0,27.0,1.38,49.12,110.23,232.47,0.5686,0
4436_permeable,4436,permeable_slope,26.962109536346123,95.53882939740159,12.22,489.9,1.0,-0.0087,11.65,67.94,20.41,1.32,31.15,82.35,136.53,1.5183,0
4446_pos,4446,real_landslide_event,28.9986,94.8885,50.17,958.0,0.9444,-0.3289,28.3,36.4,35.3,1.2,69.1,156.5,187.74,24.9275,1
4446_monsoon_stable,4446,normal_monsoon_stable_slope,28.981608647950328,94.90823856265982,50.17,958.0,0.9444,-0.3289,28.3,36.4,35.3,1.2,19.38,46.63,54.03,7.1744,0
4446_dry,4446,dry_season_steep_slope,28.9986,94.8885,50.17,958.0,0.9444,-0.3289,28.3,36.4,35.3,1.2,2.66,5.52,7.6,1.0092,0
4446_flat,4446,monsoon_flat_floodplain,27.4728,94.912,1.9,108.0,0.7091,-0.9658,23.5,45.0,31.5,1.32,71.18,154.8,171.75,0.6991,0
4446_permeable,4446,permeable_slope,29.024642410316364,94.90934973460398,16.76,738.2,0.9444,-0.3289,12.96,56.19,30.85,1.32,48.37,117.38,135.17,2.4497,0
4552_pos,4552,real_landslide_event,27.0377,88.3603,49.51,1742.8,0.4035,-0.915,32.7,28.9,38.4,1.2,109.7,206.2,208.24,33.481,1
4552_monsoon_stable,4552,normal_monsoon_stable_slope,27.052497167943457,88.36171331483735,49.51,1742.8,0.4035,-0.915,32.7,28.9,38.4,1.2,24.32,55.86,65.59,10.545,0
4552_dry,4552,dry_season_steep_slope,27.0377,88.3603,49.51,1742.8,0.4035,-0.915,32.7,28.9,38.4,1.2,3.0,7.51,10.56,1.6975,0
4552_flat,4552,monsoon_flat_floodplain,24.8333,92.7789,1.2,25.0,0.9998,-0.9997,24.0,42.0,34.0,1.4,116.02,228.61,191.21,0.4834,0
4552_permeable,4552,permeable_slope,27.06910263751003,88.37194909451303,23.6,311.6,0.4035,-0.915,17.15,61.76,21.09,1.32,76.79,154.65,149.94,4.8219,0
4556_pos,4556,real_landslide_event,27.1675,88.3651,46.51,1364.5,0.0645,0.9979,30.8,33.1,36.0,1.2,70.3,228.7,279.64,39.1219,1
4556_monsoon_stable,4556,normal_monsoon_stable_slope,27.148956462937768,88.35834915557407,46.51,1364.5,0.0645,0.9979,30.8,33.1,36.0,1.2,26.74,42.91,51.8,7.2468,0
4556_dry,4556,dry_season_steep_slope,27.1675,88.3651,46.51,1364.5,0.0645,0.9979,30.8,33.1,36.0,1.2,1.39,4.87,8.08,1.131,0
4556_flat,4556,monsoon_flat_floodplain,26.3212,91.0065,1.5,42.0,-0.3349,-0.0218,20.5,50.0,29.5,1.36,76.6,270.49,335.72,0.8831,0
4556_permeable,4556,permeable_slope,27.171749199252574,88.36906506744255,24.1,332.0,0.0645,0.9979,17.44,58.36,24.2,1.32,49.21,171.52,201.34,6.8623,0
4569_pos,4569,real_landslide_event,27.8385,88.556,46.53,2374.2,-0.9893,0.1461,35.9,21.8,42.3,1.2,21.5,73.7,140.98,25.13,1
4569_monsoon_stable,4569,normal_monsoon_stable_slope,27.851827596873452,88.55219655808806,46.53,2374.2,-0.9893,0.1461,35.9,21.8,42.3,1.2,8.14,40.76,50.11,8.9331,0
4569_dry,4569,dry_season_steep_slope,27.8385,88.556,46.53,2374.2,-0.9893,0.1461,35.9,21.8,42.3,1.2,1.81,3.49,3.59,0.6407,0
4569_flat,4569,monsoon_flat_floodplain,26.0207,89.9744,1.6,38.0,0.9893,-0.9811,22.5,47.0,30.5,1.37,25.93,77.94,148.95,0.4646,0
4569_permeable,4569,permeable_slope,27.875796505103303,88.56936429387028,12.36,502.3,-0.9893,0.1461,14.09,61.79,24.12,1.32,15.05,55.28,101.5,1.4336,0
4570_pos,4570,real_landslide_event,27.8458,95.2253,43.41,1390.9,-0.4415,0.8973,30.5,31.8,37.7,1.2,55.6,107.4,185.88,24.6341,1
4570_monsoon_stable,4570,normal_monsoon_stable_slope,27.8536769518403,95.24437236357605,43.41,1390.9,-0.4415,0.8973,30.5,31.8,37.7,1.2,19.15,46.36,50.97,6.7546,0
4570_dry,4570,dry_season_steep_slope,27.8458,95.2253,43.41,1390.9,-0.4415,0.8973,30.5,31.8,37.7,1.2,2.0,5.34,9.89,1.3104,0
4570_flat,4570,monsoon_flat_floodplain,26.5413,88.7196,2.1,75.0,0.0966,-0.7654,23.0,46.0,31.0,1.34,52.96,134.3,167.81,0.7229,0
4570_permeable,4570,permeable_slope,27.839582914872423,95.20063240916983,25.69,361.0,-0.4415,0.8973,13.99,54.85,31.16,1.32,38.92,80.55,133.84,3.9715,0
4571_pos,4571,real_landslide_event,27.6558,88.605,50.93,1218.2,0.5934,0.8049,30.1,34.8,35.1,1.2,28.5,87.3,214.04,30.9211,1
4571_monsoon_stable,4571,normal_monsoon_stable_slope,27.66535578693179,88.59701975649803,50.93,1218.2,0.5934,0.8049,30.1,34.8,35.1,1.2,25.38,48.42,55.03,7.9498,0
4571_dry,4571,dry_season_steep_slope,27.6558,88.605,50.93,1218.2,0.5934,0.8049,30.1,34.8,35.1,1.2,2.14,2.66,7.07,1.0207,0
4571_flat,4571,monsoon_flat_floodplain,26.1445,91.7362,1.8,55.0,0.6428,-0.3917,22.0,48.0,30.0,1.35,32.86,105.99,246.82,0.8537,0
4571_permeable,4571,permeable_slope,27.628159175666877,88.59104792151707,12.63,472.0,0.5934,0.8049,14.91,51.24,33.86,1.32,19.95,65.47,154.11,2.5173,0
4610_pos,4610,real_landslide_event,23.7705,92.5217,38.53,2079.1,-0.9542,0.299,38.8,16.3,44.8,1.2,0.0,0.0,24.06,4.1674,1
4610_monsoon_stable,4610,normal_monsoon_stable_slope,23.774051266824518,92.52255872380407,38.53,2079.1,-0.9542,0.299,38.8,16.3,44.8,1.2,12.18,30.25,37.5,6.4949,0
4610_dry,4610,dry_season_steep_slope,23.7705,92.5217,38.53,2079.1,-0.9542,0.299,38.8,16.3,44.8,1.2,2.7,5.96,7.02,1.2162,0
4610_flat,4610,monsoon_flat_floodplain,26.7509,92.7926,1.4,48.0,0.3314,0.8189,21.0,52.0,27.0,1.38,0.0,0.0,26.16,0.064,0
4610_permeable,4610,permeable_slope,23.76530641773581,92.48739982620386,13.04,264.7,-0.9542,0.299,11.57,50.79,37.63,1.32,0.0,0.0,17.33,0.2273,0
4757_pos,4757,real_landslide_event,28.1193,95.1645,46.32,2016.5,0.9972,-0.075,33.6,25.2,41.2,1.2,10.4,21.7,19.89,3.2173,1
4757_monsoon_stable,4757,normal_monsoon_stable_slope,28.10792432468377,95.1550662660738,46.32,2016.5,0.9972,-0.075,33.6,25.2,41.2,1.2,18.1,31.38,42.44,6.8649,0
4757_dry,4757,dry_season_steep_slope,28.1193,95.1645,46.32,2016.5,0.9972,-0.075,33.6,25.2,41.2,1.2,1.21,5.66,7.22,1.1674,0
4757_flat,4757,monsoon_flat_floodplain,27.4728,94.912,1.9,108.0,0.8693,-0.8791,23.5,45.0,31.5,1.32,12.38,24.19,20.0,0.0814,0
4757_permeable,4757,permeable_slope,28.08610808006055,95.13176188368082,21.25,266.2,0.9972,-0.075,12.69,59.04,28.27,1.32,7.28,16.27,14.32,0.3138,0
4798_pos,4798,real_landslide_event,28.8254,96.1509,49.79,2430.0,0.0941,-0.9956,35.7,20.8,43.5,1.2,0.7,37.8,79.7,14.9888,1
4798_monsoon_stable,4798,normal_monsoon_stable_slope,28.81476809499564,96.1540519885413,49.79,2430.0,0.0941,-0.9956,35.7,20.8,43.5,1.2,18.05,42.1,51.2,9.6304,0
4798_dry,4798,dry_season_steep_slope,28.8254,96.1509,49.79,2430.0,0.0941,-0.9956,35.7,20.8,43.5,1.2,2.81,4.78,10.19,1.9157,0
4798_flat,4798,monsoon_flat_floodplain,24.8333,92.7789,1.2,25.0,-0.8043,0.6076,24.0,42.0,34.0,1.4,0.63,47.77,88.99,0.225,0
4798_permeable,4798,permeable_slope,28.832331271700326,96.16243303502878,14.94,732.0,0.0941,-0.9956,10.46,53.57,35.97,1.32,0.49,28.35,57.38,0.763,0
4845_pos,4845,real_landslide_event,24.2315,92.6755,43.23,1382.0,0.3404,-0.9403,33.5,27.0,39.5,1.2,47.1,79.2,84.55,12.7305,1
4845_monsoon_stable,4845,normal_monsoon_stable_slope,24.23233187318504,92.68730539271017,43.23,1382.0,0.3404,-0.9403,33.5,27.0,39.5,1.2,12.67,40.56,52.01,7.8301,0
4845_dry,4845,dry_season_steep_slope,24.2315,92.6755,43.23,1382.0,0.3404,-0.9403,33.5,27.0,39.5,1.2,1.87,2.14,4.53,0.6822,0
4845_flat,4845,monsoon_flat_floodplain,26.3212,91.0065,1.5,42.0,-0.5823,0.8153,20.5,50.0,29.5,1.36,57.26,78.16,83.19,0.2188,0
4845_permeable,4845,permeable_slope,24.26060142689308,92.64261764353655,21.66,320.1,0.3404,-0.9403,13.31,52.23,34.45,1.32,32.97,59.4,60.88,1.4888,0
4848_pos,4848,real_landslide_event,24.0896,91.4663,35.24,996.9,-0.3404,-0.9403,34.4,25.1,40.5,1.2,57.9,174.7,265.07,35.0475,1
4848_monsoon_stable,4848,normal_monsoon_stable_slope,24.09552918932438,91.47552342961279,35.24,996.9,-0.3404,-0.9403,34.4,25.1,40.5,1.2,10.31,27.69,37.56,4.9659,0
4848_dry,4848,dry_season_steep_slope,24.0896,91.4663,35.24,996.9,-0.3404,-0.9403,34.4,25.1,40.5,1.2,2.59,5.56,8.26,1.0925,0
4848_flat,4848,monsoon_flat_floodplain,26.0207,89.9744,1.6,38.0,0.9797,-0.5363,22.5,47.0,30.5,1.37,72.35,166.55,247.31,0.7715,0
4848_permeable,4848,permeable_slope,24.078934976862097,91.43043670761082,15.87,694.9,-0.3404,-0.9403,10.83,51.99,37.18,1.32,40.53,131.02,190.85,2.8172,0
4857_pos,4857,real_landslide_event,23.7281,92.7175,31.29,1476.4,0.3206,0.9472,34.2,25.6,40.2,1.2,6.4,21.6,58.88,6.9389,1
4857_monsoon_stable,4857,normal_monsoon_stable_slope,23.726906960506817,92.71544201675329,31.29,1476.4,0.3206,0.9472,34.2,25.6,40.2,1.2,25.03,41.58,51.59,6.0797,0
4857_dry,4857,dry_season_steep_slope,23.7281,92.7175,31.29,1476.4,0.3206,0.9472,34.2,25.6,40.2,1.2,1.39,2.56,5.52,0.6507,0
4857_flat,4857,monsoon_flat_floodplain,26.5413,88.7196,2.1,75.0,0.6625,-0.9677,23.0,46.0,31.0,1.34,7.79,21.27,72.03,0.3103,0
4857_permeable,4857,permeable_slope,23.72432467217471,92.74927236820712,19.46,371.9,0.3206,0.9472,12.85,67.76,19.39,1.32,4.48,16.2,42.39,0.8197,0
4858_pos,4858,real_landslide_event,26.1662,91.7138,41.69,1135.7,0.184,-0.9829,35.7,22.3,42.1,1.2,21.7,51.6,67.26,10.8826,1
4858_monsoon_stable,4858,normal_monsoon_stable_slope,26.151215576609964,91.72807870891795,41.69,1135.7,0.184,-0.9829,35.7,22.3,42.1,1.2,20.08,30.78,42.44,6.8667,0
4858_dry,4858,dry_season_steep_slope,26.1662,91.7138,41.69,1135.7,0.184,-0.9829,35.7,22.3,42.1,1.2,0.99,5.85,8.01,1.2958,0
4858_flat,4858,monsoon_flat_floodplain,26.1445,91.7362,1.8,55.0,0.7456,-0.0812,22.0,48.0,30.0,1.35,20.38,67.02,63.78,0.2206,0
4858_permeable,4858,permeable_slope,26.187355347662514,91.68733575565868,20.71,420.5,0.184,-0.9829,12.34,58.95,28.71,1.32,15.19,38.7,48.43,1.0074,0
4859_pos,4859,real_landslide_event,26.1771,91.7599,26.33,981.7,-0.2874,0.9578,34.3,25.4,40.4,1.2,21.7,51.6,67.26,6.8004,1
4859_monsoon_stable,4859,normal_monsoon_stable_slope,26.195207772451994,91.77125467149945,26.33,981.7,-0.2874,0.9578,34.3,25.4,40.4,1.2,26.25,54.29,63.83,6.4528,0
4859_dry,4859,dry_season_steep_slope,26.1771,91.7599,26.33,981.7,-0.2874,0.9578,34.3,25.4,40.4,1.2,2.72,7.25,10.55,1.0665,0
4859_flat,4859,monsoon_flat_floodplain,26.7509,92.7926,1.4,48.0,0.9876,-0.9951,21.0,52.0,27.0,1.38,20.96,60.24,67.76,0.1657,0
4859_permeable,4859,permeable_slope,26.173212184985175,91.72364726029141,15.9,336.8,-0.2874,0.9578,11.23,67.11,21.66,1.32,15.19,38.7,48.43,0.6756,0
4860_pos,4860,real_landslide_event,26.1016,91.6906,27.6,1066.4,-0.7581,0.6521,35.0,23.7,41.3,1.2,29.0,39.2,59.2,6.4671,1
4860_monsoon_stable,4860,normal_monsoon_stable_slope,26.109516574226745,91.7017146696319,27.6,1066.4,-0.7581,0.6521,35.0,23.7,41.3,1.2,20.47,50.47,57.56,6.2876,0
4860_dry,4860,dry_season_steep_slope,26.1016,91.6906,27.6,1066.4,-0.7581,0.6521,35.0,23.7,41.3,1.2,0.18,3.08,5.7,0.6225,0
4860_flat,4860,monsoon_flat_floodplain,27.4728,94.912,1.9,108.0,-0.5196,-0.8875,23.5,45.0,31.5,1.32,25.16,49.53,73.13,0.2977,0
4860_permeable,4860,permeable_slope,26.094682388720855,91.66826220383248,21.2,563.8,-0.7581,0.6521,11.25,59.51,29.24,1.32,20.3,29.4,42.63,0.8236,0
4861_pos,4861,real_landslide_event,24.9926,93.4946,28.62,1057.2,0.8508,0.5255,35.0,23.9,41.2,1.2,4.4,166.1,377.67,42.585,1
4861_monsoon_stable,4861,normal_monsoon_stable_slope,25.00303380845164,93.48895790956865,28.62,1057.2,0.8508,0.5255,35.0,23.9,41.2,1.2,11.96,23.65,32.89,3.7089,0
4861_dry,4861,dry_season_steep_slope,24.9926,93.4946,28.62,1057.2,0.8508,0.5255,35.0,23.9,41.2,1.2,2.44,3.58,8.06,0.9091,0
4861_flat,4861,monsoon_flat_floodplain,24.8333,92.7789,1.2,25.0,-0.9977,0.4268,24.0,42.0,34.0,1.4,4.22,171.96,446.22,1.1281,0
4861_permeable,4861,permeable_slope,25.01603292849385,93.53281100895803,12.51,608.7,0.8508,0.5255,12.5,65.82,21.68,1.32,3.08,124.57,271.92,3.3636,0
4892_pos,4892,real_landslide_event,27.8776,94.25,51.97,1424.5,-0.9914,-0.1305,30.6,31.5,37.9,1.2,11.5,57.6,92.19,14.0812,1
4892_monsoon_stable,4892,normal_monsoon_stable_slope,27.865966038166707,94.24574174396598,51.97,1424.5,-0.9914,-0.1305,30.6,31.5,37.9,1.2,18.27,33.39,48.28,7.3747,0
4892_dry,4892,dry_season_steep_slope,27.8776,94.25,51.97,1424.5,-0.9914,-0.1305,30.6,31.5,37.9,1.2,1.97,2.54,8.51,1.2992,0
4892_flat,4892,monsoon_flat_floodplain,26.3212,91.0065,1.5,42.0,-0.2716,0.6097,20.5,50.0,29.5,1.36,10.29,71.38,112.66,0.2964,0
4892_permeable,4892,permeable_slope,27.862930832274007,94.21588569803222,21.76,673.0,-0.9914,-0.1305,11.8,59.85,28.35,1.32,8.05,43.2,66.37,1.3759,0
4905_pos,4905,real_landslide_event,26.0977,94.7031,39.2,1147.5,-0.7206,0.6934,35.8,22.1,42.2,1.2,15.3,24.4,33.2,5.1266,1
4905_monsoon_stable,4905,normal_monsoon_stable_slope,26.09472487748672,94.70599892187086,39.2,1147.5,-0.7206,0.6934,35.8,22.1,42.2,1.2,15.7,37.13,45.48,7.0232,0
4905_dry,4905,dry_season_steep_slope,26.0977,94.7031,39.2,1147.5,-0.7206,0.6934,35.8,22.1,42.2,1.2,2.74,6.46,10.03,1.5484,0
4905_flat,4905,monsoon_flat_floodplain,26.0207,89.9744,1.6,38.0,0.0239,-0.1952,22.5,47.0,30.5,1.37,18.62,29.88,32.28,0.1007,0
4905_permeable,4905,permeable_slope,26.09005390597764,94.72088502855033,22.97,727.0,-0.7206,0.6934,17.09,65.03,17.88,1.32,10.71,18.3,23.9,0.7316,0
4906_pos,4906,real_landslide_event,26.0977,94.7499,26.42,886.6,0.3502,-0.9367,33.4,27.3,39.3,1.2,15.3,24.4,33.2,3.2296,1
4906_monsoon_stable,4906,normal_monsoon_stable_slope,26.08121592564452,94.74839974125537,26.42,886.6,0.3502,-0.9367,33.4,27.3,39.3,1.2,15.47,48.61,54.22,5.2751,0
4906_dry,4906,dry_season_steep_slope,26.0977,94.7499,26.42,886.6,0.3502,-0.9367,33.4,27.3,39.3,1.2,2.31,6.01,9.7,0.9433,0
4906_flat,4906,monsoon_flat_floodplain,26.5413,88.7196,2.1,75.0,0.5377,-0.7356,23.0,46.0,31.0,1.34,13.07,24.17,39.66,0.1709,0
4906_permeable,4906,permeable_slope,26.060575416369993,94.76202392349589,17.78,433.3,0.3502,-0.9367,12.89,62.05,25.06,1.32,10.71,18.3,23.9,0.4399,0
4908_pos,4908,real_landslide_event,27.3721,88.708,51.43,1307.8,-0.6211,-0.7837,30.5,33.8,35.7,1.2,16.4,49.2,76.02,11.2901,1
4908_monsoon_stable,4908,normal_monsoon_stable_slope,27.3582266418878,88.7160736164315,51.43,1307.8,-0.6211,-0.7837,30.5,33.8,35.7,1.2,23.08,39.63,53.5,7.9454,0
4908_dry,4908,dry_season_steep_slope,27.3721,88.708,51.43,1307.8,-0.6211,-0.7837,30.5,33.8,35.7,1.2,2.38,6.06,7.66,1.138,0
4908_flat,4908,monsoon_flat_floodplain,26.1445,91.7362,1.8,55.0,0.814,0.7707,22.0,48.0,30.0,1.35,15.81,47.51,79.26,0.2741,0
4908_permeable,4908,permeable_slope,27.378411858044856,88.7371259439058,14.04,318.2,-0.6211,-0.7837,11.95,54.46,33.59,1.32,11.48,36.9,54.73,0.7785,0
4990_pos,4990,real_landslide_event,27.3765,88.7628,42.84,2620.8,0.9703,-0.2419,37.1,19.0,43.9,1.2,24.4,83.6,144.48,25.5234,1
4990_monsoon_stable,4990,normal_monsoon_stable_slope,27.36579051863809,88.77693164075433,42.84,2620.8,0.9703,-0.2419,37.1,19.0,43.9,1.2,9.87,23.13,36.3,6.413,0
4990_dry,4990,dry_season_steep_slope,27.3765,88.7628,42.84,2620.8,0.9703,-0.2419,37.1,19.0,43.9,1.2,0.44,3.61,4.28,0.7567,0
4990_flat,4990,monsoon_flat_floodplain,26.7509,92.7926,1.4,48.0,0.8268,0.0596,21.0,52.0,27.0,1.38,24.22,98.7,163.91,0.4009,0
4990_permeable,4990,permeable_slope,27.393878525028075,88.78276390621427,24.41,651.6,0.9703,-0.2419,11.65,64.96,23.39,1.32,17.08,62.7,104.03,2.2987,0
5005_pos,5005,real_landslide_event,26.72,95.029,38.48,1158.7,0.9895,-0.1444,35.9,21.8,42.3,1.2,28.8,72.6,116.51,17.8062,1
5005_monsoon_stable,5005,normal_monsoon_stable_slope,26.73456768277006,95.01822825997459,38.48,1158.7,0.9895,-0.1444,35.9,21.8,42.3,1.2,17.85,48.27,59.91,9.1562,0
5005_dry,5005,dry_season_steep_slope,26.72,95.029,38.48,1158.7,0.9895,-0.1444,35.9,21.8,42.3,1.2,2.93,7.45,10.65,1.6271,0
5005_flat,5005,monsoon_flat_floodplain,27.4728,94.912,1.9,108.0,0.7255,-0.8047,23.5,45.0,31.5,1.32,29.59,93.71,143.7,0.585,0
5005_permeable,5005,permeable_slope,26.716633437791934,95.03762785276047,19.71,466.7,0.9895,-0.1444,16.67,57.09,26.23,1.32,20.16,54.45,83.88,2.2747,0
5006_pos,5006,real_landslide_event,26.1147,94.3864,32.06,944.7,1.0,0.0035,34.0,26.1,39.9,1.2,15.5,60.5,90.64,10.8104,1
5006_monsoon_stable,5006,normal_monsoon_stable_slope,26.116223785713764,94.38418149736248,32.06,944.7,1.0,0.0035,34.0,26.1,39.9,1.2,19.5,42.56,53.83,6.4198,0
5006_dry,5006,dry_season_steep_slope,26.1147,94.3864,32.06,944.7,1.0,0.0035,34.0,26.1,39.9,1.2,0.28,2.1,6.54,0.7795,0
5006_flat,5006,monsoon_flat_floodplain,24.8333,92.7789,1.2,25.0,-0.794,-0.8467,24.0,42.0,34.0,1.4,16.59,65.51,107.91,0.2728,0
5006_permeable,5006,permeable_slope,26.140926531309066,94.42452621925297,23.19,735.0,1.0,0.0035,12.99,56.33,30.68,1.32,10.85,45.38,65.26,1.6178,0
5084_pos,5084,real_landslide_event,25.616,94.1167,35.91,802.4,-0.7443,-0.6678,32.7,29.0,38.4,1.2,27.7,44.4,75.1,9.3042,1
5084_monsoon_stable,5084,normal_monsoon_stable_slope,25.618227420167152,94.12153512505326,35.91,802.4,-0.7443,-0.6678,32.7,29.0,38.4,1.2,18.53,30.81,41.97,5.2004,0
5084_dry,5084,dry_season_steep_slope,25.616,94.1167,35.91,802.4,-0.7443,-0.6678,32.7,29.0,38.4,1.2,2.71,2.94,8.68,1.0754,0
5084_flat,5084,monsoon_flat_floodplain,26.3212,91.0065,1.5,42.0,-0.999,-0.1986,20.5,50.0,29.5,1.36,24.06,47.5,82.25,0.2164,0
5084_permeable,5084,permeable_slope,25.610975305992532,94.10949694663688,20.62,655.5,-0.7443,-0.6678,14.94,58.47,26.59,1.32,19.39,33.3,54.07,1.3597,0
5087_pos,5087,real_landslide_event,25.6269,94.1139,32.85,1373.6,-0.6032,0.7976,37.8,17.5,44.7,1.2,27.1,39.1,71.2,10.3541,1
5087_monsoon_stable,5087,normal_monsoon_stable_slope,25.619305858019818,94.12377093704704,32.85,1373.6,-0.6032,0.7976,37.8,17.5,44.7,1.2,19.03,32.77,43.68,6.3524,0
5087_dry,5087,dry_season_steep_slope,25.6269,94.1139,32.85,1373.6,-0.6032,0.7976,37.8,17.5,44.7,1.2,1.39,4.4,8.5,1.2358,0
5087_flat,5087,monsoon_flat_floodplain,26.0207,89.9744,1.6,38.0,-0.1512,0.3269,22.5,47.0,30.5,1.37,32.91,50.64,73.88,0.2305,0
5087_permeable,5087,permeable_slope,25.637491821863573,94.11018272122546,16.33,330.2,-0.6032,0.7976,15.17,50.28,34.56,1.32,18.97,29.33,51.26,1.102,0
5107_pos,5107,real_landslide_event,25.6269,94.1139,32.85,1373.6,-0.6032,0.7976,37.8,17.5,44.7,1.2,12.0,37.0,68.44,9.9531,1
5107_monsoon_stable,5107,normal_monsoon_stable_slope,25.611675710998714,94.10556659699236,32.85,1373.6,-0.6032,0.7976,37.8,17.5,44.7,1.2,11.02,40.12,51.17,7.4413,0
5107_dry,5107,dry_season_steep_slope,25.6269,94.1139,32.85,1373.6,-0.6032,0.7976,37.8,17.5,44.7,1.2,1.13,2.89,7.76,1.1278,0
5107_flat,5107,monsoon_flat_floodplain,26.5413,88.7196,2.1,75.0,-0.795,-0.7724,23.0,46.0,31.0,1.34,14.75,44.82,66.8,0.2878,0
5107_permeable,5107,permeable_slope,25.645820586794922,94.12060465281397,18.43,714.7,-0.6032,0.7976,17.86,58.67,23.48,1.32,8.4,27.75,49.28,1.3279,0
5122_pos,5122,real_landslide_event,25.7658,93.9413,27.58,1241.0,-0.9796,0.2011,36.6,20.2,43.2,1.2,9.9,97.7,121.64,14.2908,1
5122_monsoon_stable,5122,normal_monsoon_stable_slope,25.74995888296554,93.92695033904761,27.58,1241.0,-0.9796,0.2011,36.6,20.2,43.2,1.2,27.74,56.24,61.51,7.2267,0
5122_dry,5122,dry_season_steep_slope,25.7658,93.9413,27.58,1241.0,-0.9796,0.2011,36.6,20.2,43.2,1.2,2.96,7.35,9.58,1.1257,0
5122_flat,5122,monsoon_flat_floodplain,26.1445,91.7362,1.8,55.0,-0.1102,0.9025,22.0,48.0,30.0,1.35,9.84,115.89,143.47,0.4962,0
5122_permeable,5122,permeable_slope,25.785742198761273,93.95417874868538,14.19,479.7,-0.9796,0.2011,17.28,67.53,15.19,1.32,6.93,73.28,87.58,1.6776,0
5123_pos,5123,real_landslide_event,25.7131,94.0885,39.92,628.8,-0.9751,-0.2215,31.1,32.4,36.4,1.2,9.9,97.7,121.64,15.2801,1
5123_monsoon_stable,5123,normal_monsoon_stable_slope,25.7279426587822,94.08539764405421,39.92,628.8,-0.9751,-0.2215,31.1,32.4,36.4,1.2,25.14,57.43,65.13,8.1817,0
5123_dry,5123,dry_season_steep_slope,25.7131,94.0885,39.92,628.8,-0.9751,-0.2215,31.1,32.4,36.4,1.2,1.17,3.49,7.48,0.9394,0
5123_flat,5123,monsoon_flat_floodplain,26.7509,92.7926,1.4,48.0,-0.997,-0.8268,21.0,52.0,27.0,1.38,11.37,126.64,126.63,0.3097,0
5123_permeable,5123,permeable_slope,25.723580081208276,94.12230945817323,16.33,725.3,-0.9751,-0.2215,12.56,50.0,37.44,1.32,6.93,73.28,87.58,1.5614,0
5250_pos,5250,real_landslide_event,27.8837,93.0515,48.3,1340.1,0.4571,-0.8894,30.2,32.4,37.4,1.2,17.7,31.9,103.3,14.6606,1
5250_monsoon_stable,5250,normal_monsoon_stable_slope,27.89228642934284,93.05593001411668,48.3,1340.1,0.4571,-0.8894,30.2,32.4,37.4,1.2,12.75,24.68,36.13,5.1279,0
5250_dry,5250,dry_season_steep_slope,27.8837,93.0515,48.3,1340.1,0.4571,-0.8894,30.2,32.4,37.4,1.2,0.42,2.66,7.38,1.0467,0
5250_flat,5250,monsoon_flat_floodplain,27.4728,94.912,1.9,108.0,0.5841,-0.8912,23.5,45.0,31.5,1.32,21.05,29.31,111.72,0.4548,0
5250_permeable,5250,permeable_slope,27.907621820972658,93.09069378020241,23.12,553.4,0.4571,-0.8894,14.6,64.6,20.8,1.32,12.39,23.92,74.38,1.9627,0
5268_pos,5268,real_landslide_event,26.0137,94.5163,40.21,1323.6,-0.5432,-0.8396,37.3,18.5,44.2,1.2,4.9,17.4,28.38,4.806,1
5268_monsoon_stable,5268,normal_monsoon_stable_slope,26.01188382897158,94.53598987870633,40.21,1323.6,-0.5432,-0.8396,37.3,18.5,44.2,1.2,14.88,33.68,45.59,7.7207,0
5268_dry,5268,dry_season_steep_slope,26.0137,94.5163,40.21,1323.6,-0.5432,-0.8396,37.3,18.5,44.2,1.2,0.3,4.89,5.44,0.9206,0
5268_flat,5268,monsoon_flat_floodplain,24.8333,92.7789,1.2,25.0,0.8463,-0.9999,24.0,42.0,34.0,1.4,4.82,16.07,27.96,0.0707,0
5268_permeable,5268,permeable_slope,26.030374713922974,94.53807725007034,18.66,257.8,-0.5432,-0.8396,12.36,60.07,27.57,1.32,3.43,13.05,20.43,0.3825,0
5269_pos,5269,real_landslide_event,25.8376,94.5234,32.31,927.8,-0.9999,-0.0157,33.8,26.4,39.8,1.2,5.8,16.6,22.34,2.6609,1
5269_monsoon_stable,5269,normal_monsoon_stable_slope,25.822145605429423,94.51607291592356,32.31,927.8,-0.9999,-0.0157,33.8,26.4,39.8,1.2,27.67,43.1,55.22,6.5776,0
5269_dry,5269,dry_season_steep_slope,25.8376,94.5234,32.31,927.8,-0.9999,-0.0157,33.8,26.4,39.8,1.2,2.16,3.71,4.99,0.5939,0
5269_flat,5269,monsoon_flat_floodplain,26.3212,91.0065,1.5,42.0,0.7207,0.7683,20.5,50.0,29.5,1.36,5.84,15.26,26.57,0.0699,0
5269_permeable,5269,permeable_slope,25.8673430176167,94.50329824709888,22.76,677.4,-0.9999,-0.0157,10.53,54.95,34.52,1.32,4.06,12.45,16.08,0.3204,0
5270_pos,5270,real_landslide_event,26.0481,94.4619,39.18,772.4,-0.4242,0.9056,32.4,29.6,38.0,1.2,4.9,17.4,28.38,3.7353,1
5270_monsoon_stable,5270,normal_monsoon_stable_slope,26.054505142564356,94.45919422235748,39.18,772.4,-0.4242,0.9056,32.4,29.6,38.0,1.2,27.71,61.7,73.76,9.7079,0
5270_dry,5270,dry_season_steep_slope,26.0481,94.4619,39.18,772.4,-0.4242,0.9056,32.4,29.6,38.0,1.2,1.3,2.63,6.41,0.8431,0
5270_flat,5270,monsoon_flat_floodplain,26.0207,89.9744,1.6,38.0,-0.6254,0.5056,22.5,47.0,30.5,1.37,4.93,17.14,30.78,0.096,0
5270_permeable,5270,permeable_slope,26.05311040737282,94.43679690846552,21.23,747.7,-0.4242,0.9056,17.36,64.28,18.36,1.32,3.43,13.05,20.43,0.5926,0
5271_pos,5271,real_landslide_event,26.284,94.5808,33.33,1351.2,0.0349,-0.9994,37.6,18.0,44.5,1.2,9.3,30.0,54.84,8.0015,1
5271_monsoon_stable,5271,normal_monsoon_stable_slope,26.300937664930135,94.57640762810182,33.33,1351.2,0.0349,-0.9994,37.6,18.0,44.5,1.2,8.7,41.67,48.43,7.0658,0
5271_dry,5271,dry_season_steep_slope,26.284,94.5808,33.33,1351.2,0.0349,-0.9994,37.6,18.0,44.5,1.2,0.88,2.89,4.29,0.6258,0
5271_flat,5271,monsoon_flat_floodplain,26.5413,88.7196,2.1,75.0,0.2935,0.7041,23.0,46.0,31.0,1.34,10.82,36.39,53.98,0.2325,0
5271_permeable,5271,permeable_slope,26.301405821567467,94.57916601011816,25.39,641.2,0.0349,-0.9994,17.16,65.08,17.76,1.32,6.51,22.5,39.49,1.3337,0
5272_pos,5272,real_landslide_event,26.2083,94.5438,36.13,888.8,-0.7837,-0.6211,33.5,27.2,39.3,1.2,9.3,30.0,54.84,7.0967,1
5272_monsoon_stable,5272,normal_monsoon_stable_slope,26.212022383184923,94.55930620664324,36.13,888.8,-0.7837,-0.6211,33.5,27.2,39.3,1.2,20.66,35.47,48.97,6.337,0
5272_dry,5272,dry_season_steep_slope,26.2083,94.5438,36.13,888.8,-0.7837,-0.6211,33.5,27.2,39.3,1.2,1.04,1.04,4.43,0.573,0
5272_flat,5272,monsoon_flat_floodplain,26.1445,91.7362,1.8,55.0,-0.7552,0.9589,22.0,48.0,30.0,1.35,11.58,34.39,60.06,0.2077,0
5272_permeable,5272,permeable_slope,26.22616986478529,94.53376039927973,15.11,646.0,-0.7837,-0.6211,16.48,64.21,19.31,1.32,6.51,22.5,39.49,0.7829,0
5273_pos,5273,real_landslide_event,26.1807,94.5497,41.65,1152.3,-0.7181,0.6959,35.8,22.0,42.2,1.2,9.3,30.0,54.84,8.9125,1
5273_monsoon_stable,5273,normal_monsoon_stable_slope,26.18822876101927,94.54718914435298,41.65,1152.3,-0.7181,0.6959,35.8,22.0,42.2,1.2,18.26,49.57,53.87,8.7546,0
5273_dry,5273,dry_season_steep_slope,26.1807,94.5497,41.65,1152.3,-0.7181,0.6959,35.8,22.0,42.2,1.2,0.5,5.5,9.27,1.5065,0
5273_flat,5273,monsoon_flat_floodplain,26.7509,92.7926,1.4,48.0,0.5917,-0.9454,21.0,52.0,27.0,1.38,9.92,38.47,67.96,0.1662,0
5273_permeable,5273,permeable_slope,26.183244251377623,94.55745900832021,19.04,633.9,-0.7181,0.6959,10.73,50.34,38.93,1.32,6.51,22.5,39.49,0.6967,0
5274_pos,5274,real_landslide_event,26.0838,94.564,40.58,1242.3,0.9792,-0.2028,36.6,20.2,43.2,1.2,4.9,17.4,28.38,4.6845,1
5274_monsoon_stable,5274,normal_monsoon_stable_slope,26.067164891567504,94.5507199453431,40.58,1242.3,0.9792,-0.2028,36.6,20.2,43.2,1.2,16.05,31.46,38.42,6.3411,0
5274_dry,5274,dry_season_steep_slope,26.0838,94.564,40.58,1242.3,0.9792,-0.2028,36.6,20.2,43.2,1.2,2.66,2.68,4.06,0.6698,0
5274_flat,5274,monsoon_flat_floodplain,27.4728,94.912,1.9,108.0,-0.6424,0.9099,23.5,45.0,31.5,1.32,5.51,21.05,25.74,0.1048,0
5274_permeable,5274,permeable_slope,26.11666563849043,94.52525097602579,20.6,467.7,0.9792,-0.2028,16.02,63.96,20.03,1.32,3.43,13.05,20.43,0.532,0
5275_pos,5275,real_landslide_event,26.1498,94.6055,39.13,724.3,-0.454,0.891,32.0,30.5,37.5,1.2,9.3,30.0,54.84,7.0722,1
5275_monsoon_stable,5275,normal_monsoon_stable_slope,26.161811844840418,94.61584314415946,39.13,724.3,-0.454,0.891,32.0,30.5,37.5,1.2,20.4,31.29,43.99,5.6722,0
5275_dry,5275,dry_season_steep_slope,26.1498,94.6055,39.13,724.3,-0.454,0.891,32.0,30.5,37.5,1.2,1.85,3.81,4.94,0.6369,0
5275_flat,5275,monsoon_flat_floodplain,24.8333,92.7789,1.2,25.0,0.0576,0.9849,24.0,42.0,34.0,1.4,9.55,34.42,65.89,0.1666,0
5275_permeable,5275,permeable_slope,26.160493689856487,94.57062887804409,13.39,574.0,-0.454,0.891,15.55,50.26,34.19,1.32,6.51,22.5,39.49,0.7169,0
5300_pos,5300,real_landslide_event,25.318,94.0441,39.46,1280.0,0.9736,-0.2284,36.9,19.4,43.7,1.2,5.2,21.4,75.94,12.4303,1
5300_monsoon_stable,5300,normal_monsoon_stable_slope,25.31856144787717,94.06178041513579,39.46,1280.0,0.9736,-0.2284,36.9,19.4,43.7,1.2,8.58,19.56,33.31,5.4518,0
5300_dry,5300,dry_season_steep_slope,25.318,94.0441,39.46,1280.0,0.9736,-0.2284,36.9,19.4,43.7,1.2,0.17,4.01,8.03,1.3148,0
5300_flat,5300,monsoon_flat_floodplain,26.3212,91.0065,1.5,42.0,0.1334,0.7248,20.5,50.0,29.5,1.36,6.47,27.79,89.61,0.2357,0
5300_permeable,5300,permeable_slope,25.331865222714125,94.02584506913767,23.88,622.7,0.9736,-0.2284,12.82,53.82,33.35,1.32,3.64,16.05,54.68,1.3984,0
5312_pos,5312,real_landslide_event,26.7103,94.693,34.79,1248.2,-0.1063,0.9943,36.7,20.0,43.3,1.2,26.4,50.8,85.24,12.3958,1
5312_monsoon_stable,5312,normal_monsoon_stable_slope,26.709384358866416,94.71020964175321,34.79,1248.2,-0.1063,0.9943,36.7,20.0,43.3,1.2,19.84,33.16,40.66,5.9123,0
5312_dry,5312,dry_season_steep_slope,26.7103,94.693,34.79,1248.2,-0.1063,0.9943,36.7,20.0,43.3,1.2,2.43,4.88,9.02,1.3121,0
5312_flat,5312,monsoon_flat_floodplain,26.0207,89.9744,1.6,38.0,0.7239,0.3559,22.5,47.0,30.5,1.37,23.17,61.85,104.73,0.3267,0
5312_permeable,5312,permeable_slope,26.680840137421573,94.72304062072834,21.74,553.5,-0.1063,0.9943,14.11,58.05,27.84,1.32,18.48,38.1,61.38,1.5379,0
5336_pos,5336,real_landslide_event,26.3897,94.9439,41.03,610.3,0.972,0.2351,31.0,32.8,36.2,1.2,19.2,41.1,73.69,9.4103,1
5336_monsoon_stable,5336,normal_monsoon_stable_slope,26.4034692204523,94.95816261728258,41.03,610.3,0.972,0.2351,31.0,32.8,36.2,1.2,11.06,28.38,40.22,5.1366,0
5336_dry,5336,dry_season_steep_slope,26.3897,94.9439,41.03,610.3,0.972,0.2351,31.0,32.8,36.2,1.2,2.69,4.39,9.73,1.2425,0
5336_flat,5336,monsoon_flat_floodplain,26.5413,88.7196,2.1,75.0,-0.781,-0.1938,23.0,46.0,31.0,1.34,17.47,48.06,81.18,0.3497,0
5336_permeable,5336,permeable_slope,26.424242215412857,94.93702097766987,21.62,394.8,0.972,0.2351,11.92,51.41,36.66,1.32,13.44,30.83,53.06,1.1661,0
5337_pos,5337,real_landslide_event,26.4205,94.9731,40.83,1065.0,0.8536,0.521,35.0,23.7,41.3,1.2,19.2,41.1,73.69,11.3603,1
5337_monsoon_stable,5337,normal_monsoon_stable_slope,26.42039318052492,94.98406782050449,40.83,1065.0,0.8536,0.521,35.0,23.7,41.3,1.2,18.58,45.8,57.47,8.8602,0
5337_dry,5337,dry_season_steep_slope,26.4205,94.9731,40.83,1065.0,0.8536,0.521,35.0,23.7,41.3,1.2,1.57,5.59,5.88,0.9064,0
5337_flat,5337,monsoon_flat_floodplain,26.1445,91.7362,1.8,55.0,-0.0162,0.6572,22.0,48.0,30.0,1.35,17.76,41.7,79.32,0.2744,0
5337_permeable,5337,permeable_slope,26.388295940197402,94.97728659165888,16.12,406.1,0.8536,0.521,14.89,64.26,20.85,1.32,13.44,30.83,53.06,1.0119,0
5338_pos,5338,real_landslide_event,26.8727,94.9275,41.72,509.0,-0.007,-1.0,30.1,34.8,35.1,1.2,16.4,56.2,95.83,11.8664,1
5338_monsoon_stable,5338,normal_monsoon_stable_slope,26.86732346013764,94.91025850579594,41.72,509.0,-0.007,-1.0,30.1,34.8,35.1,1.2,21.17,52.55,64.47,7.9837,0
5338_dry,5338,dry_season_steep_slope,26.8727,94.9275,41.72,509.0,-0.007,-1.0,30.1,34.8,35.1,1.2,1.67,2.26,8.01,0.9923,0
5338_flat,5338,monsoon_flat_floodplain,26.7509,92.7926,1.4,48.0,0.3008,0.9522,21.0,52.0,27.0,1.38,16.14,62.73,88.46,0.2164,0
5338_permeable,5338,permeable_slope,26.88180145874847,94.8952267211943,12.77,473.3,-0.007,-1.0,16.61,56.75,26.64,1.32,11.48,42.15,68.99,1.2241,0
5343_pos,5343,real_landslide_event,24.7625,93.4341,31.41,741.4,0.4431,-0.8965,32.1,30.2,37.7,1.2,12.5,35.6,67.05,7.1794,1
5343_monsoon_stable,5343,normal_monsoon_stable_slope,24.754469827942636,93.41880627795769,31.41,741.4,0.4431,-0.8965,32.1,30.2,37.7,1.2,22.87,50.9,58.39,6.2522,0
5343_dry,5343,dry_season_steep_slope,24.7625,93.4341,31.41,741.4,0.4431,-0.8965,32.1,30.2,37.7,1.2,2.56,5.99,8.15,0.8731,0
5343_flat,5343,monsoon_flat_floodplain,27.4728,94.912,1.9,108.0,0.682,-0.2797,23.5,45.0,31.5,1.32,11.03,33.83,74.46,0.3031,0
5343_permeable,5343,permeable_slope,24.75497529341459,93.43253463483559,17.77,285.4,0.4431,-0.8965,17.7,52.47,29.83,1.32,8.75,26.7,48.28,1.2955,0
5421_pos,5421,real_landslide_event,26.4205,94.9731,40.83,1065.0,0.8536,0.521,35.0,23.7,41.3,1.2,9.3,29.6,79.7,12.2859,1
5421_monsoon_stable,5421,normal_monsoon_stable_slope,26.434515007427837,94.9790040658134,40.83,1065.0,0.8536,0.521,35.0,23.7,41.3,1.2,22.2,51.7,57.07,8.7985,0
5421_dry,5421,dry_season_steep_slope,26.4205,94.9731,40.83,1065.0,0.8536,0.521,35.0,23.7,41.3,1.2,2.5,5.99,7.71,1.1888,0
5421_flat,5421,monsoon_flat_floodplain,24.8333,92.7789,1.2,25.0,0.5861,0.9776,24.0,42.0,34.0,1.4,10.12,27.91,89.28,0.2257,0
5421_permeable,5421,permeable_slope,26.436639705630864,94.96774576806227,19.81,279.2,0.8536,0.521,13.54,59.95,26.51,1.32,6.51,22.2,57.38,1.2476,0
5427_pos,5427,real_landslide_event,25.3833,94.1884,41.4,1165.0,-0.8878,-0.4602,35.9,21.7,42.4,1.2,8.1,41.8,103.92,16.8933,1
5427_monsoon_stable,5427,normal_monsoon_stable_slope,25.377934396690467,94.19723146162423,41.4,1165.0,-0.8878,-0.4602,35.9,21.7,42.4,1.2,26.66,48.66,58.67,9.538,0
5427_dry,5427,dry_season_steep_slope,25.3833,94.1884,41.4,1165.0,-0.8878,-0.4602,35.9,21.7,42.4,1.2,0.01,0.88,3.33,0.542,0
5427_flat,5427,monsoon_flat_floodplain,26.3212,91.0065,1.5,42.0,0.4409,0.8856,20.5,50.0,29.5,1.36,10.01,47.98,99.63,0.2621,0
5427_permeable,5427,permeable_slope,25.36867714305833,94.15256238487879,19.3,648.5,-0.8878,-0.4602,17.24,62.18,20.58,1.32,5.67,31.35,74.82,1.9913,0
5429_pos,5429,real_landslide_event,27.3425,88.2426,46.38,1661.1,-0.4321,0.9018,32.3,29.8,37.9,1.2,35.4,54.1,104.75,15.7249,1
5429_monsoon_stable,5429,normal_monsoon_stable_slope,27.349492440605637,88.23833307836678,46.38,1661.1,-0.4321,0.9018,32.3,29.8,37.9,1.2,21.28,51.67,62.28,9.3489,0
5429_dry,5429,dry_season_steep_slope,27.3425,88.2426,46.38,1661.1,-0.4321,0.9018,32.3,29.8,37.9,1.2,1.48,3.64,7.07,1.0611,0
5429_flat,5429,monsoon_flat_floodplain,26.0207,89.9744,1.6,38.0,-0.9905,0.5832,22.5,47.0,30.5,1.37,30.45,51.99,110.22,0.3438,0
5429_permeable,5429,permeable_slope,27.303292240506632,88.21440656662035,13.61,250.7,-0.4321,0.9018,15.71,50.82,33.47,1.32,24.78,40.58,75.42,1.401,0
5430_pos,5430,real_landslide_event,24.9037,93.487,47.98,1531.0,0.2723,-0.9622,34.6,24.8,40.6,1.2,3.7,6.7,52.87,9.0739,1
5430_monsoon_stable,5430,normal_monsoon_stable_slope,24.903827554106638,93.49458162792621,47.98,1531.0,0.2723,-0.9622,34.6,24.8,40.6,1.2,24.92,52.41,58.23,9.9939,0
5430_dry,5430,dry_season_steep_slope,24.9037,93.487,47.98,1531.0,0.2723,-0.9622,34.6,24.8,40.6,1.2,1.15,1.88,3.17,0.5444,0
5430_flat,5430,monsoon_flat_floodplain,26.5413,88.7196,2.1,75.0,-0.4011,-0.1247,23.0,46.0,31.0,1.34,4.24,6.64,60.61,0.2611,0
5430_permeable,5430,permeable_slope,24.88593835912017,93.46744478681649,12.06,351.7,0.2723,-0.9622,13.22,62.53,24.25,1.32,2.59,5.03,38.06,0.4901,0
5431_pos,5431,real_landslide_event,24.9829,93.5063,32.8,1004.4,-0.9993,0.0384,34.5,24.9,40.6,1.2,3.7,6.7,52.87,6.592,1
5431_monsoon_stable,5431,normal_monsoon_stable_slope,24.97901622278747,93.51331795404234,32.8,1004.4,-0.9993,0.0384,34.5,24.9,40.6,1.2,25.61,42.94,52.67,6.5675,0
5431_dry,5431,dry_season_steep_slope,24.9829,93.5063,32.8,1004.4,-0.9993,0.0384,34.5,24.9,40.6,1.2,0.69,0.93,4.67,0.582,0
5431_flat,5431,monsoon_flat_floodplain,26.1445,91.7362,1.8,55.0,0.9982,-0.8348,22.0,48.0,30.0,1.35,3.84,7.14,61.54,0.2129,0
5431_permeable,5431,permeable_slope,24.951583845812372,93.51299142625945,14.77,616.5,-0.9993,0.0384,17.16,67.18,15.66,1.32,2.59,5.03,38.06,0.7547,0
5441_pos,5441,real_landslide_event,28.611,94.9829,36.17,2622.3,0.6101,-0.7923,36.6,18.8,44.6,1.2,43.9,85.1,123.91,18.7747,1
5441_monsoon_stable,5441,normal_monsoon_stable_slope,28.625074147107913,94.96706367185078,36.17,2622.3,0.6101,-0.7923,36.6,18.8,44.6,1.2,10.98,21.31,36.95,5.5994,0
5441_dry,5441,dry_season_steep_slope,28.611,94.9829,36.17,2622.3,0.6101,-0.7923,36.6,18.8,44.6,1.2,1.32,5.26,6.07,0.9193,0
5441_flat,5441,monsoon_flat_floodplain,26.7509,92.7926,1.4,48.0,0.5003,0.2126,21.0,52.0,27.0,1.38,42.71,102.98,120.91,0.2958,0
5441_permeable,5441,permeable_slope,28.61269923802466,94.95011910673868,23.66,649.7,0.6101,-0.7923,16.11,58.94,24.95,1.32,30.73,63.82,89.21,2.749,0
5442_pos,5442,real_landslide_event,27.1614,93.7525,40.63,2111.3,0.7408,-0.6717,34.1,24.2,41.7,1.2,12.3,36.6,74.91,11.161,1
5442_monsoon_stable,5442,normal_monsoon_stable_slope,27.148005210045657,93.73353397875384,40.63,2111.3,0.7408,-0.6717,34.1,24.2,41.7,1.2,18.75,52.76,56.63,8.4373,0
5442_dry,5442,dry_season_steep_slope,27.1614,93.7525,40.63,2111.3,0.7408,-0.6717,34.1,24.2,41.7,1.2,1.28,3.81,3.97,0.5919,0
5442_flat,5442,monsoon_flat_floodplain,27.4728,94.912,1.9,108.0,0.9634,-0.3341,23.5,45.0,31.5,1.32,10.62,41.14,74.82,0.3046,0
5442_permeable,5442,permeable_slope,27.160950732075957,93.76471180779943,22.36,465.4,0.7408,-0.6717,17.52,59.58,22.9,1.32,8.61,27.45,53.94,1.707,0
5476_pos,5476,real_landslide_event,27.3736,88.7323,47.73,1854.8,0.7738,0.6334,33.3,27.6,39.1,1.2,1.4,35.9,105.48,16.9741,1
5476_monsoon_stable,5476,normal_monsoon_stable_slope,27.38069446491423,88.74038503348112,47.73,1854.8,0.7738,0.6334,33.3,27.6,39.1,1.2,26.62,42.15,49.63,7.9873,0
5476_dry,5476,dry_season_steep_slope,27.3736,88.7323,47.73,1854.8,0.7738,0.6334,33.3,27.6,39.1,1.2,2.41,5.76,10.06,1.6192,0
5476_flat,5476,monsoon_flat_floodplain,24.8333,92.7789,1.2,25.0,-0.5866,0.8389,24.0,42.0,34.0,1.4,1.68,34.95,127.38,0.3221,0
5476_permeable,5476,permeable_slope,27.370112574836387,88.70774611962746,12.53,516.6,0.7738,0.6334,16.42,65.95,17.63,1.32,0.98,26.92,75.94,1.2352,0
5485_pos,5485,real_landslide_event,27.6047,88.6463,37.19,2531.0,0.1063,-0.9943,36.7,20.0,43.3,1.2,4.2,34.8,149.27,22.9963,1
5485_monsoon_stable,5485,normal_monsoon_stable_slope,27.617508871046347,88.63654904223444,37.19,2531.0,0.1063,-0.9943,36.7,20.0,43.3,1.2,24.7,37.3,50.55,7.7878,0
5485_dry,5485,dry_season_steep_slope,27.6047,88.6463,37.19,2531.0,0.1063,-0.9943,36.7,20.0,43.3,1.2,2.18,5.98,7.64,1.1766,0
5485_flat,5485,monsoon_flat_floodplain,26.3212,91.0065,1.5,42.0,0.2013,-0.9844,20.5,50.0,29.5,1.36,4.16,44.32,182.78,0.4808,0
5485_permeable,5485,permeable_slope,27.622862310217855,88.66564046809098,25.34,422.0,0.1063,-0.9943,17.13,60.44,22.43,1.32,2.94,26.1,107.48,3.7198,0
5533_pos,5533,real_landslide_event,27.0599,88.4674,50.91,1207.4,-0.585,0.8111,30.0,34.9,35.0,1.2,0.0,1.7,10.61,1.5268,1
5533_monsoon_stable,5533,normal_monsoon_stable_slope,27.074862926508814,88.44938101800032,50.91,1207.4,-0.585,0.8111,30.0,34.9,35.0,1.2,16.78,42.39,48.12,6.922,0
5533_dry,5533,dry_season_steep_slope,27.0599,88.4674,50.91,1207.4,-0.585,0.8111,30.0,34.9,35.0,1.2,1.59,6.05,7.93,1.1401,0
5533_flat,5533,monsoon_flat_floodplain,26.0207,89.9744,1.6,38.0,0.0945,0.5596,22.5,47.0,30.5,1.37,0.0,1.66,12.88,0.0402,0
5533_permeable,5533,permeable_slope,27.094774299503758,88.44441188156226,15.24,655.6,-0.585,0.8111,16.51,59.56,23.93,1.32,0.0,1.27,7.64,0.1575,0
5552_pos,5552,real_landslide_event,25.0985,94.3619,48.0,2044.1,0.5664,0.8241,38.6,16.9,44.6,1.2,5.7,7.3,12.73,2.6039,1
5552_monsoon_stable,5552,normal_monsoon_stable_slope,25.08712146182408,94.34919904385258,48.0,2044.1,0.5664,0.8241,38.6,16.9,44.6,1.2,24.03,39.79,46.49,9.5057,0
5552_dry,5552,dry_season_steep_slope,25.0985,94.3619,48.0,2044.1,0.5664,0.8241,38.6,16.9,44.6,1.2,2.59,6.53,10.78,2.2047,0
5552_flat,5552,monsoon_flat_floodplain,26.5413,88.7196,2.1,75.0,0.9989,0.9674,23.0,46.0,31.0,1.34,6.32,7.56,14.18,0.0611,0
5552_permeable,5552,permeable_slope,25.09925964268399,94.3622179714995,20.35,256.5,0.5664,0.8241,11.09,59.16,29.75,1.32,3.99,5.47,9.17,0.1683,0
5575_pos,5575,real_landslide_event,25.8266,94.1497,41.31,639.4,0.0976,0.9952,31.2,32.2,36.5,1.2,26.4,42.4,53.95,7.0038,1
5575_monsoon_stable,5575,normal_monsoon_stable_slope,25.838391233775674,94.15443595596078,41.31,639.4,0.0976,0.9952,31.2,32.2,36.5,1.2,15.76,40.32,52.89,6.8666,0
5575_dry,5575,dry_season_steep_slope,25.8266,94.1497,41.31,639.4,0.0976,0.9952,31.2,32.2,36.5,1.2,0.15,0.21,1.89,0.2453,0
5575_flat,5575,monsoon_flat_floodplain,26.1445,91.7362,1.8,55.0,-0.8587,-0.142,22.0,48.0,30.0,1.35,23.5,48.77,50.31,0.174,0
5575_permeable,5575,permeable_slope,25.826410864401772,94.14096415270006,21.92,411.8,0.0976,0.9952,11.66,54.56,33.78,1.32,18.48,31.8,38.84,0.8285,0
5582_pos,5582,real_landslide_event,26.1309,91.8383,41.89,1353.8,-0.5621,-0.8271,37.6,17.9,44.5,1.2,24.5,47.5,71.74,12.7296,1
5582_monsoon_stable,5582,normal_monsoon_stable_slope,26.14253059844898,91.84342742900577,41.89,1353.8,-0.5621,-0.8271,37.6,17.9,44.5,1.2,22.15,56.66,64.77,11.494,0
5582_dry,5582,dry_season_steep_slope,26.1309,91.8383,41.89,1353.8,-0.5621,-0.8271,37.6,17.9,44.5,1.2,0.74,3.37,7.97,1.4138,0
5582_flat,5582,monsoon_flat_floodplain,26.7509,92.7926,1.4,48.0,-0.8705,-0.4469,21.0,52.0,27.0,1.38,29.99,49.97,86.32,0.2111,0
5582_permeable,5582,permeable_slope,26.122798005724093,91.7985639136803,15.5,649.8,-0.5621,-0.8271,15.68,62.6,21.73,1.32,17.15,35.62,51.65,1.0084,0
5584_pos,5584,real_landslide_event,26.1665,91.7049,39.5,746.7,0.7181,0.6959,32.2,30.1,37.7,1.2,24.5,47.5,71.74,9.4112,1
5584_monsoon_stable,5584,normal_monsoon_stable_slope,26.17335052584724,91.70567971583746,39.5,746.7,0.7181,0.6959,32.2,30.1,37.7,1.2,8.86,30.58,43.91,5.7612,0
5584_dry,5584,dry_season_steep_slope,26.1665,91.7049,39.5,746.7,0.7181,0.6959,32.2,30.1,37.7,1.2,1.54,2.51,6.43,0.8431,0
5584_flat,5584,monsoon_flat_floodplain,27.4728,94.912,1.9,108.0,-0.5516,-0.865,23.5,45.0,31.5,1.32,30.38,46.39,87.88,0.3577,0
5584_permeable,5584,permeable_slope,26.148283730649332,91.67500764818558,25.56,652.2,0.7181,0.6959,17.45,55.89,26.66,1.32,17.15,35.62,51.65,1.8892,0
5603_pos,5603,real_landslide_event,25.426,94.6024,45.42,1479.0,0.3223,0.9466,34.2,25.6,40.2,1.2,0.0,0.1,37.13,6.0007,1
5603_monsoon_stable,5603,normal_monsoon_stable_slope,25.406314019847816,94.61897611413052,45.42,1479.0,0.3223,0.9466,34.2,25.6,40.2,1.2,25.79,54.18,61.32,9.9107,0
5603_dry,5603,dry_season_steep_slope,25.426,94.6024,45.42,1479.0,0.3223,0.9466,34.2,25.6,40.2,1.2,2.3,4.1,5.76,0.9314,0
5603_flat,5603,monsoon_flat_floodplain,24.8333,92.7789,1.2,25.0,0.0755,0.8182,24.0,42.0,34.0,1.4,0.0,0.12,40.93,0.1035,0
5603_permeable,5603,permeable_slope,25.4520738829258,94.5911349732511,20.98,721.1,0.3223,0.9466,17.0,61.95,21.05,1.32,0.0,0.08,26.73,0.7614,0
6015_pos,6015,real_landslide_event,27.9032,96.174,49.51,1689.7,0.831,-0.5563,31.9,28.7,39.4,1.2,51.3,80.0,80.74,12.6836,1
6015_monsoon_stable,6015,normal_monsoon_stable_slope,27.899314770935284,96.16207859695442,49.51,1689.7,0.831,-0.5563,31.9,28.7,39.4,1.2,27.73,39.44,48.13,7.5607,0
6015_dry,6015,dry_season_steep_slope,27.9032,96.174,49.51,1689.7,0.831,-0.5563,31.9,28.7,39.4,1.2,0.07,2.44,6.21,0.9761,0
6015_flat,6015,monsoon_flat_floodplain,26.3212,91.0065,1.5,42.0,-0.9746,-0.7346,20.5,50.0,29.5,1.36,45.51,72.94,93.62,0.2463,0
6015_permeable,6015,permeable_slope,27.88376215269109,96.16871550978308,25.84,653.3,0.831,-0.5563,17.39,56.87,25.75,1.32,35.91,60.0,58.13,2.1277,0
6016_pos,6016,real_landslide_event,24.8669,92.3576,40.73,696.4,-0.6934,-0.7206,31.7,31.1,37.2,1.2,53.9,160.1,184.48,24.2549,1
6016_monsoon_stable,6016,normal_monsoon_stable_slope,24.85868072770374,92.37240791525711,40.73,696.4,-0.6934,-0.7206,31.7,31.1,37.2,1.2,18.41,48.38,59.16,7.7776,0
6016_dry,6016,dry_season_steep_slope,24.8669,92.3576,40.73,696.4,-0.6934,-0.7206,31.7,31.1,37.2,1.2,0.32,5.0,8.5,1.1172,0
6016_flat,6016,monsoon_flat_floodplain,26.0207,89.9744,1.6,38.0,-0.0371,0.898,22.5,47.0,30.5,1.37,64.56,151.53,200.46,0.6253,0
6016_permeable,6016,permeable_slope,24.902585164745354,92.36147787105985,12.11,483.2,-0.6934,-0.7206,13.37,50.66,35.97,1.32,37.73,120.07,132.82,1.8731,0
6105_pos,6105,real_landslide_event,28.9205,95.3429,44.0,1766.5,0.8018,0.5976,32.3,27.9,39.8,1.2,9.2,50.1,112.07,16.3841,1
6105_monsoon_stable,6105,normal_monsoon_stable_slope,28.923165584946045,95.34926963617283,44.0,1766.5,0.8018,0.5976,32.3,27.9,39.8,1.2,11.68,44.48,50.33,7.3572,0
6105_dry,6105,dry_season_steep_slope,28.9205,95.3429,44.0,1766.5,0.8018,0.5976,32.3,27.9,39.8,1.2,2.44,5.91,7.85,1.148,0
6105_flat,6105,monsoon_flat_floodplain,26.5413,88.7196,2.1,75.0,0.0796,-0.9922,23.0,46.0,31.0,1.34,8.3,64.16,124.34,0.5356,0
6105_permeable,6105,permeable_slope,28.88182617798725,95.31002528576418,16.28,275.1,0.8018,0.5976,14.73,61.34,23.93,1.32,6.44,37.58,80.69,1.5647,0
6106_pos,6106,real_landslide_event,26.1407,91.7645,40.84,1368.0,-0.5693,-0.8221,37.7,17.6,44.6,1.2,27.8,36.6,161.73,28.2552,1
6106_monsoon_stable,6106,normal_monsoon_stable_slope,26.121772756408568,91.75504115246646,40.84,1368.0,-0.5693,-0.8221,37.7,17.6,44.6,1.2,17.85,50.73,58.88,10.2865,0
6106_dry,6106,dry_season_steep_slope,26.1407,91.7645,40.84,1368.0,-0.5693,-0.8221,37.7,17.6,44.6,1.2,2.1,4.62,9.87,1.7246,0
6106_flat,6106,monsoon_flat_floodplain,26.1445,91.7362,1.8,55.0,0.4729,0.9486,22.0,48.0,30.0,1.35,32.84,37.64,192.75,0.6667,0
6106_permeable,6106,permeable_slope,26.104592783953066,91.7333273258602,22.38,644.6,-0.5693,-0.8221,12.17,66.8,21.03,1.32,19.46,27.45,116.45,2.4501,0
6107_pos,6107,real_landslide_event,26.1844,91.7896,30.03,1146.9,-0.9905,0.1374,35.8,22.1,42.2,1.2,27.8,36.6,161.73,19.7766,1
6107_monsoon_stable,6107,normal_monsoon_stable_slope,26.17929236076986,91.77172751247488,30.03,1146.9,-0.9905,0.1374,35.8,22.1,42.2,1.2,21.24,51.86,56.34,6.8893,0
6107_dry,6107,dry_season_steep_slope,26.1844,91.7896,30.03,1146.9,-0.9905,0.1374,35.8,22.1,42.2,1.2,1.48,5.19,6.06,0.7404,0
6107_flat,6107,monsoon_flat_floodplain,26.7509,92.7926,1.4,48.0,0.5037,-0.1116,21.0,52.0,27.0,1.38,24.1,33.02,171.93,0.4206,0
6107_permeable,6107,permeable_slope,26.156860487942005,91.78122975065664,16.82,319.9,-0.9905,0.1374,16.11,57.93,25.96,1.32,19.46,27.45,116.45,2.6048,0
6110_pos,6110,real_landslide_event,26.1619,91.7697,28.86,932.1,-0.8018,-0.5976,33.8,26.4,39.8,1.2,7.1,38.6,142.91,15.3714,1
6110_monsoon_stable,6110,normal_monsoon_stable_slope,26.154201304722395,91.77825935051007,28.86,932.1,-0.8018,-0.5976,33.8,26.4,39.8,1.2,11.13,28.55,39.29,4.226,0
6110_dry,6110,dry_season_steep_slope,26.1619,91.7697,28.86,932.1,-0.8018,-0.5976,33.8,26.4,39.8,1.2,2.94,4.73,5.84,0.6277,0
6110_flat,6110,monsoon_flat_floodplain,27.4728,94.912,1.9,108.0,0.1486,-0.9953,23.5,45.0,31.5,1.32,7.96,37.85,149.57,0.6089,0
6110_permeable,6110,permeable_slope,26.1456860030843,91.75089822426989,13.73,284.0,-0.8018,-0.5976,10.02,66.85,23.14,1.32,4.97,28.95,102.9,1.1108,0
6112_pos,6112,real_landslide_event,26.1964,91.7652,41.3,622.1,-0.5165,0.8563,31.1,32.6,36.4,1.2,4.5,39.4,112.94,14.5692,1
6112_monsoon_stable,6112,normal_monsoon_stable_slope,26.190923919445094,91.78466432188657,41.3,622.1,-0.5165,0.8563,31.1,32.6,36.4,1.2,9.39,22.9,32.18,4.1512,0
6112_dry,6112,dry_season_steep_slope,26.1964,91.7652,41.3,622.1,-0.5165,0.8563,31.1,32.6,36.4,1.2,2.99,7.86,13.08,1.6869,0
6112_flat,6112,monsoon_flat_floodplain,24.8333,92.7789,1.2,25.0,0.0405,-0.478,24.0,42.0,34.0,1.4,5.31,49.74,130.23,0.3293,0
6112_permeable,6112,permeable_slope,26.20310150919493,91.73274857704823,14.28,407.6,-0.5165,0.8563,14.79,52.69,32.53,1.32,3.15,29.55,81.32,1.4715,0
6143_pos,6143,real_landslide_event,23.7327,92.7463,37.81,1210.3,0.7361,0.6769,32.2,29.7,38.2,1.2,19.1,92.1,105.85,13.4247,1
6143_monsoon_stable,6143,normal_monsoon_stable_slope,23.733159439096916,92.76436163218061,37.81,1210.3,0.7361,0.6769,32.2,29.7,38.2,1.2,10.16,32.91,45.17,5.7292,0
6143_dry,6143,dry_season_steep_slope,23.7327,92.7463,37.81,1210.3,0.7361,0.6769,32.2,29.7,38.2,1.2,2.46,4.49,7.04,0.8926,0
6143_flat,6143,monsoon_flat_floodplain,26.3212,91.0065,1.5,42.0,-0.8445,0.584,20.5,50.0,29.5,1.36,20.33,116.81,122.35,0.3218,0
6143_permeable,6143,permeable_slope,23.743226292312933,92.71824006195264,15.24,324.2,0.7361,0.6769,15.29,58.79,25.91,1.32,13.37,69.07,76.21,1.4616,0
6146_pos,6146,real_landslide_event,27.059,88.4694,49.92,1421.9,-0.9744,-0.225,31.1,32.5,36.4,1.2,19.4,43.0,74.55,11.1571,1
6146_monsoon_stable,6146,normal_monsoon_stable_slope,27.069402549864275,88.48274918565225,49.92,1421.9,-0.9744,-0.225,31.1,32.5,36.4,1.2,18.48,47.75,53.39,7.9908,0
6146_dry,6146,dry_season_steep_slope,27.059,88.4694,49.92,1421.9,-0.9744,-0.225,31.1,32.5,36.4,1.2,2.7,2.74,5.34,0.7993,0
6146_flat,6146,monsoon_flat_floodplain,26.0207,89.9744,1.6,38.0,-0.1896,-0.6289,22.5,47.0,30.5,1.37,21.78,54.32,86.71,0.2705,0
6146_permeable,6146,permeable_slope,27.080917704464422,88.44218650270628,14.97,727.9,-0.9744,-0.225,15.48,51.38,33.14,1.32,13.58,32.25,53.68,1.0737,0
6200_pos,6200,real_landslide_event,27.0869,93.6086,41.75,2429.8,0.6613,-0.7501,35.6,20.9,43.5,1.2,3.2,91.6,236.24,38.6007,1
6200_monsoon_stable,6200,normal_monsoon_stable_slope,27.06989115880069,93.621469891808,41.75,2429.8,0.6613,-0.7501,35.6,20.9,43.5,1.2,17.05,48.97,56.79,9.2797,0
6200_dry,6200,dry_season_steep_slope,27.0869,93.6086,41.75,2429.8,0.6613,-0.7501,35.6,20.9,43.5,1.2,2.65,6.29,8.14,1.3301,0
6200_flat,6200,monsoon_flat_floodplain,26.5413,88.7196,2.1,75.0,-0.7028,-0.8188,23.0,46.0,31.0,1.34,2.91,83.04,286.72,1.2352,0
6200_permeable,6200,permeable_slope,27.126176399298043,93.60286363232245,16.34,661.2,0.6613,-0.7501,16.57,61.94,21.49,1.32,2.24,68.7,170.09,3.7095,0
6213_pos,6213,real_landslide_event,25.8143,90.5763,36.15,802.6,0.5635,-0.8261,34.4,30.1,35.5,1.2,4.7,96.5,116.78,15.1794,1
6213_monsoon_stable,6213,normal_monsoon_stable_slope,25.79886135276337,90.57786624127783,36.15,802.6,0.5635,-0.8261,34.4,30.1,35.5,1.2,11.72,25.16,32.59,4.2364,0
6213_dry,6213,dry_season_steep_slope,25.8143,90.5763,36.15,802.6,0.5635,-0.8261,34.4,30.1,35.5,1.2,2.2,3.48,7.95,1.0331,0
6213_flat,6213,monsoon_flat_floodplain,26.1445,91.7362,1.8,55.0,-0.9812,0.0812,22.0,48.0,30.0,1.35,4.31,123.34,124.17,0.4294,0
6213_permeable,6213,permeable_slope,25.78600061478366,90.56315729547698,18.77,746.4,0.5635,-0.8261,12.93,57.11,29.95,1.32,3.29,72.38,84.08,1.687,0
6214_pos,6214,real_landslide_event,25.9702,91.8587,34.93,1423.0,0.766,-0.6428,38.9,20.0,41.1,1.2,0.0,0.6,6.67,1.0314,1
6214_monsoon_stable,6214,normal_monsoon_stable_slope,25.987680751696868,91.87302492161967,34.93,1423.0,0.766,-0.6428,38.9,20.0,41.1,1.2,12.0,36.55,49.68,7.6841,0
6214_dry,6214,dry_season_steep_slope,25.9702,91.8587,34.93,1423.0,0.766,-0.6428,38.9,20.0,41.1,1.2,1.29,3.7,5.72,0.885,0
6214_flat,6214,monsoon_flat_floodplain,26.7509,92.7926,1.4,48.0,-0.0032,0.9876,21.0,52.0,27.0,1.38,0.0,0.59,6.77,0.0166,0
6214_permeable,6214,permeable_slope,25.98466959356096,91.84588645300478,12.14,411.9,0.766,-0.6428,11.68,65.66,22.66,1.32,0.0,0.45,4.8,0.054,0
6222_pos,6222,real_landslide_event,27.1249,93.7706,40.51,2348.7,-0.4848,-0.8746,35.2,21.7,43.0,1.2,0.0,1.0,38.65,6.0521,1
6222_monsoon_stable,6222,normal_monsoon_stable_slope,27.130996353377558,93.78256665466766,40.51,2348.7,-0.4848,-0.8746,35.2,21.7,43.0,1.2,22.97,33.46,42.95,6.7246,0
6222_dry,6222,dry_season_steep_slope,27.1249,93.7706,40.51,2348.7,-0.4848,-0.8746,35.2,21.7,43.0,1.2,2.93,6.54,10.67,1.6702,0
6222_flat,6222,monsoon_flat_floodplain,27.4728,94.912,1.9,108.0,-0.9462,-0.6631,23.5,45.0,31.5,1.32,0.0,0.97,44.44,0.1809,0
6222_permeable,6222,permeable_slope,27.093091284137873,93.76968421791416,13.32,510.5,-0.4848,-0.8746,13.92,65.17,20.91,1.32,0.0,0.75,27.83,0.4094,0
6282_pos,6282,real_landslide_event,26.1097,91.7747,41.97,1007.8,0.2706,-0.9627,34.5,24.8,40.6,1.2,37.1,140.8,146.32,22.541,1
6282_monsoon_stable,6282,normal_monsoon_stable_slope,26.097573878825443,91.75881811146208,41.97,1007.8,0.2706,-0.9627,34.5,24.8,40.6,1.2,20.69,36.38,45.46,7.0029,0
6282_dry,6282,dry_season_steep_slope,26.1097,91.7747,41.97,1007.8,0.2706,-0.9627,34.5,24.8,40.6,1.2,1.83,3.8,7.43,1.1452,0
6282_flat,6282,monsoon_flat_floodplain,24.8333,92.7789,1.2,25.0,-0.2885,0.624,24.0,42.0,34.0,1.4,37.3,155.38,169.84,0.4294,0
6282_permeable,6282,permeable_slope,26.140106898657287,91.78533740037773,13.96,672.6,0.2706,-0.9627,17.4,57.16,25.44,1.32,25.97,105.6,105.35,2.1319,0
6283_pos,6283,real_landslide_event,26.1314,91.7548,36.38,1158.5,0.7157,-0.6984,35.9,21.8,42.3,1.2,55.8,142.1,153.42,22.3517,1
6283_monsoon_stable,6283,normal_monsoon_stable_slope,26.128365233012655,91.75061845807379,36.38,1158.5,0.7157,-0.6984,35.9,21.8,42.3,1.2,27.59,56.89,68.16,9.9294,0
6283_dry,6283,dry_season_steep_slope,26.1314,91.7548,36.38,1158.5,0.7157,-0.6984,35.9,21.8,42.3,1.2,1.67,4.62,6.7,0.9762,0
6283_flat,6283,monsoon_flat_floodplain,26.3212,91.0065,1.5,42.0,-0.0537,0.1028,20.5,50.0,29.5,1.36,59.52,169.13,139.49,0.3669,0
6283_permeable,6283,permeable_slope,26.13962604287085,91.76107559521094,13.26,654.5,0.7157,-0.6984,15.2,59.32,25.48,1.32,39.06,106.57,110.46,1.8314,0
6284_pos,6284,real_landslide_event,26.1324,91.8342,41.76,1339.9,-0.0419,0.9991,37.5,18.2,44.3,1.2,55.8,142.1,153.42,27.0149,1
6284_monsoon_stable,6284,normal_monsoon_stable_slope,26.120694269906526,91.82046012571294,41.76,1339.9,-0.0419,0.9991,37.5,18.2,44.3,1.2,23.36,41.99,52.36,9.22,0
6284_dry,6284,dry_season_steep_slope,26.1324,91.8342,41.76,1339.9,-0.0419,0.9991,37.5,18.2,44.3,1.2,1.74,6.19,6.62,1.1663,0
6284_flat,6284,monsoon_flat_floodplain,26.0207,89.9744,1.6,38.0,0.6049,-0.9586,22.5,47.0,30.5,1.37,59.64,174.53,172.97,0.5396,0
6284_permeable,6284,permeable_slope,26.118088364235547,91.82568798727954,19.13,617.7,-0.0419,0.9991,12.49,52.34,35.17,1.32,39.06,106.57,110.46,2.2477,0
6285_pos,6285,real_landslide_event,26.159,91.8178,40.35,811.6,-0.3987,0.9171,32.8,28.8,38.5,1.2,55.8,142.1,153.42,21.0803,1
6285_monsoon_stable,6285,normal_monsoon_stable_slope,26.16012569376238,91.80592188346165,40.35,811.6,-0.3987,0.9171,32.8,28.8,38.5,1.2,22.44,37.52,47.88,6.5793,0
6285_dry,6285,dry_season_steep_slope,26.159,91.8178,40.35,811.6,-0.3987,0.9171,32.8,28.8,38.5,1.2,0.75,2.08,6.91,0.9495,0
6285_flat,6285,monsoon_flat_floodplain,26.5413,88.7196,2.1,75.0,-0.6459,-0.9644,23.0,46.0,31.0,1.34,50.96,137.54,180.74,0.7786,0
6285_permeable,6285,permeable_slope,26.163854130554995,91.81833939602933,14.11,298.6,-0.3987,0.9171,16.95,65.59,17.46,1.32,39.06,106.57,110.46,2.0875,0
6286_pos,6286,real_landslide_event,26.1044,91.7082,41.72,544.1,0.9603,0.279,30.4,34.1,35.5,1.2,37.1,140.8,146.32,18.3949,1
6286_monsoon_stable,6286,normal_monsoon_stable_slope,26.107489201669797,91.71821277571502,41.72,544.1,0.9603,0.279,30.4,34.1,35.5,1.2,27.39,50.35,56.62,7.1178,0
6286_dry,6286,dry_season_steep_slope,26.1044,91.7082,41.72,544.1,0.9603,0.279,30.4,34.1,35.5,1.2,0.41,1.73,6.68,0.8402,0
6286_flat,6286,monsoon_flat_floodplain,26.1445,91.7362,1.8,55.0,0.4355,0.2936,22.0,48.0,30.0,1.35,42.47,156.53,173.33,0.5995,0
6286_permeable,6286,permeable_slope,26.115884921336267,91.71133165330852,18.2,620.9,0.9603,0.279,12.86,64.41,22.73,1.32,25.97,105.6,105.35,1.9494,0
6287_pos,6287,real_landslide_event,26.1295,91.7056,34.08,950.3,1.0,0.0,34.0,26.0,40.0,1.2,55.8,142.1,153.42,19.332,1
6287_monsoon_stable,6287,normal_monsoon_stable_slope,26.141679818628987,91.72084365669734,34.08,950.3,1.0,0.0,34.0,26.0,40.0,1.2,13.98,38.5,48.58,6.1212,0
6287_dry,6287,dry_season_steep_slope,26.1295,91.7056,34.08,950.3,1.0,0.0,34.0,26.0,40.0,1.2,2.03,6.7,11.76,1.4816,0
6287_flat,6287,monsoon_flat_floodplain,26.7509,92.7926,1.4,48.0,-0.596,0.0749,21.0,52.0,27.0,1.38,63.57,157.55,175.69,0.4297,0
6287_permeable,6287,permeable_slope,26.10561906851432,91.6703377514255,17.74,654.2,1.0,0.0,11.29,53.84,34.87,1.32,39.06,106.57,110.46,1.8709,0
6288_pos,6288,real_landslide_event,26.1985,91.7998,41.15,885.8,-0.2656,-0.9641,33.4,27.3,39.3,1.2,55.8,142.1,153.42,22.0736,1
6288_monsoon_stable,6288,normal_monsoon_stable_slope,26.186867214422016,91.79772773338875,41.15,885.8,-0.2656,-0.9641,33.4,27.3,39.3,1.2,21.49,49.22,55.01,7.9147,0
6288_dry,6288,dry_season_steep_slope,26.1985,91.7998,41.15,885.8,-0.2656,-0.9641,33.4,27.3,39.3,1.2,0.82,4.89,7.02,1.0104,0
6288_flat,6288,monsoon_flat_floodplain,27.4728,94.912,1.9,108.0,-0.7144,-0.973,23.5,45.0,31.5,1.32,68.07,167.29,148.54,0.6047,0
6288_permeable,6288,permeable_slope,26.17274242269059,91.79014512227292,16.16,633.7,-0.2656,-0.9641,13.79,55.15,31.06,1.32,39.06,106.57,110.46,2.0702,0
6289_pos,6289,real_landslide_event,26.1001,91.6849,33.13,835.7,0.3843,-0.9232,33.0,28.3,38.7,1.2,37.1,140.8,146.32,17.1404,1
6289_monsoon_stable,6289,normal_monsoon_stable_slope,26.10570846748531,91.66842746010086,33.13,835.7,0.3843,-0.9232,33.0,28.3,38.7,1.2,9.15,21.3,31.75,3.7192,0
6289_dry,6289,dry_season_steep_slope,26.1001,91.6849,33.13,835.7,0.3843,-0.9232,33.0,28.3,38.7,1.2,2.64,7.47,12.33,1.4441,0
6289_flat,6289,monsoon_flat_floodplain,24.8333,92.7789,1.2,25.0,-0.1877,0.9888,24.0,42.0,34.0,1.4,34.74,150.52,149.43,0.3778,0
6289_permeable,6289,permeable_slope,26.140019869477516,91.68296239075868,15.17,368.0,0.3843,-0.9232,13.18,59.85,26.96,1.32,25.97,105.6,105.35,1.7226,0
6290_pos,6290,real_landslide_event,25.5772,91.8666,42.06,1397.2,-0.2554,0.9668,38.7,20.4,40.9,1.2,125.6,276.1,307.91,55.2517,1
6290_monsoon_stable,6290,normal_monsoon_stable_slope,25.559405843650257,91.85435865910694,42.06,1397.2,-0.2554,0.9668,38.7,20.4,40.9,1.2,20.28,45.79,50.87,9.1285,0
6290_dry,6290,dry_season_steep_slope,25.5772,91.8666,42.06,1397.2,-0.2554,0.9668,38.7,20.4,40.9,1.2,0.71,1.04,6.19,1.1113,0
6290_flat,6290,monsoon_flat_floodplain,26.3212,91.0065,1.5,42.0,0.958,0.4878,20.5,50.0,29.5,1.36,126.95,264.07,288.76,0.7596,0
6290_permeable,6290,permeable_slope,25.61318979112009,91.85854704301605,12.7,325.1,-0.2554,0.9668,17.0,58.55,24.46,1.32,87.92,207.08,221.7,3.9574,0
6291_pos,6291,real_landslide_event,25.7354,90.3852,41.91,1452.7,0.8572,0.515,39.1,19.5,41.4,1.2,10.1,54.7,71.15,12.9592,1
6291_monsoon_stable,6291,normal_monsoon_stable_slope,25.726626860630127,90.36972956042514,41.91,1452.7,0.8572,0.515,39.1,19.5,41.4,1.2,23.9,41.2,49.56,9.0255,0
6291_dry,6291,dry_season_steep_slope,25.7354,90.3852,41.91,1452.7,0.8572,0.515,39.1,19.5,41.4,1.2,1.28,6.2,11.3,2.0574,0
6291_flat,6291,monsoon_flat_floodplain,26.0207,89.9744,1.6,38.0,0.8924,-0.5867,22.5,47.0,30.5,1.37,12.04,68.17,83.62,0.2609,0
6291_permeable,6291,permeable_slope,25.754847566017066,90.34526495032075,15.87,709.4,0.8572,0.515,17.74,64.95,17.3,1.32,7.07,41.03,51.23,1.1415,0
6292_pos,6292,real_landslide_event,25.7238,89.9032,38.56,1100.2,-0.7373,-0.6756,36.5,25.3,38.2,1.2,7.1,64.5,81.39,12.3163,1
6292_monsoon_stable,6292,normal_monsoon_stable_slope,25.74216785636165,89.91052991434513,38.56,1100.2,-0.7373,-0.6756,36.5,25.3,38.2,1.2,26.54,49.63,55.85,8.4513,0
6292_dry,6292,dry_season_steep_slope,25.7238,89.9032,38.56,1100.2,-0.7373,-0.6756,36.5,25.3,38.2,1.2,2.36,7.26,12.1,1.831,0
6292_flat,6292,monsoon_flat_floodplain,26.5413,88.7196,2.1,75.0,0.9969,0.8083,23.0,46.0,31.0,1.34,7.42,65.74,99.67,0.4294,0
6292_permeable,6292,permeable_slope,25.756008728931004,89.89114992567592,18.31,645.7,-0.7373,-0.6756,17.48,54.64,27.87,1.32,4.97,48.38,58.6,1.5766,0
6293_pos,6293,real_landslide_event,25.5006,90.0896,42.87,1403.5,-0.3649,-0.9311,38.8,20.3,40.9,1.2,0.2,0.5,7.15,1.3073,1
6293_monsoon_stable,6293,normal_monsoon_stable_slope,25.52055489255844,90.08994380136578,42.87,1403.5,-0.3649,-0.9311,38.8,20.3,40.9,1.2,24.17,38.64,50.23,9.1858,0
6293_dry,6293,dry_season_steep_slope,25.5006,90.0896,42.87,1403.5,-0.3649,-0.9311,38.8,20.3,40.9,1.2,2.74,4.32,10.29,1.8819,0
6293_flat,6293,monsoon_flat_floodplain,26.1445,91.7362,1.8,55.0,0.9794,-0.9835,22.0,48.0,30.0,1.35,0.21,0.53,7.5,0.0259,0
6293_permeable,6293,permeable_slope,25.52367467981226,90.11115020117148,18.92,274.6,-0.3649,-0.9311,13.03,53.95,33.01,1.32,0.14,0.38,5.15,0.107,0
6331_pos,6331,real_landslide_event,25.9466,94.6279,47.93,1042.3,0.1167,0.9932,30.9,32.3,36.9,1.2,5.4,14.9,21.26,3.0721,1
6331_monsoon_stable,6331,normal_monsoon_stable_slope,25.940471440915292,94.61218492771015,47.93,1042.3,0.1167,0.9932,30.9,32.3,36.9,1.2,19.62,33.3,48.53,7.0119,0
6331_dry,6331,dry_season_steep_slope,25.9466,94.6279,47.93,1042.3,0.1167,0.9932,30.9,32.3,36.9,1.2,2.49,6.44,8.02,1.159,0
6331_flat,6331,monsoon_flat_floodplain,26.7509,92.7926,1.4,48.0,0.9109,-0.9225,21.0,52.0,27.0,1.38,6.11,14.54,23.5,0.0575,0
6331_permeable,6331,permeable_slope,25.924156894812842,94.66535906737057,14.84,447.6,0.1167,0.9932,12.09,67.68,20.23,1.32,3.78,11.18,15.31,0.2142,0
6513_pos,6513,real_landslide_event,23.0137,91.7174,41.41,1298.7,-0.6441,0.7649,37.1,19.0,43.9,1.2,11.2,37.8,64.07,11.0098,1
6513_monsoon_stable,6513,normal_monsoon_stable_slope,23.01495446921593,91.70300202423596,41.41,1298.7,-0.6441,0.7649,37.1,19.0,43.9,1.2,8.1,23.21,31.83,5.4695,0
6513_dry,6513,dry_season_steep_slope,23.0137,91.7174,41.41,1298.7,-0.6441,0.7649,37.1,19.0,43.9,1.2,2.42,6.23,8.94,1.5367,0
6513_flat,6513,monsoon_flat_floodplain,27.4728,94.912,1.9,108.0,-0.9553,-0.2244,23.5,45.0,31.5,1.32,12.72,46.59,76.08,0.3097,0
6513_permeable,6513,permeable_slope,22.997534607871565,91.73137991307851,23.01,394.5,-0.6441,0.7649,11.46,56.68,31.85,1.32,7.84,28.35,46.13,0.9995,0
6775_pos,6775,real_landslide_event,26.1468,91.6469,41.69,773.1,-0.9923,-0.1236,32.4,29.5,38.0,1.2,0.3,0.7,0.7,0.0964,1
6775_monsoon_stable,6775,normal_monsoon_stable_slope,26.14578214976142,91.64119682948888,41.69,773.1,-0.9923,-0.1236,32.4,29.5,38.0,1.2,22.98,34.61,46.48,6.4448,0
6775_dry,6775,dry_season_steep_slope,26.1468,91.6469,41.69,773.1,-0.9923,-0.1236,32.4,29.5,38.0,1.2,1.43,5.88,6.19,0.8589,0
6775_flat,6775,monsoon_flat_floodplain,24.8333,92.7789,1.2,25.0,-0.2063,0.044,24.0,42.0,34.0,1.4,0.27,0.76,0.81,0.0021,0
6775_permeable,6775,permeable_slope,26.11700307066189,91.64887627848604,15.5,372.1,-0.9923,-0.1236,14.93,55.3,29.77,1.32,0.21,0.52,0.5,0.0097,0
6782_pos,6782,real_landslide_event,26.8545,88.3372,43.42,2547.5,0.5045,0.8634,36.7,19.8,43.4,1.2,1.1,78.6,141.95,24.9074,1
6782_monsoon_stable,6782,normal_monsoon_stable_slope,26.866448445580083,88.35176225734612,43.42,2547.5,0.5045,0.8634,36.7,19.8,43.4,1.2,24.5,38.17,49.13,8.6209,0
6782_dry,6782,dry_season_steep_slope,26.8545,88.3372,43.42,2547.5,0.5045,0.8634,36.7,19.8,43.4,1.2,0.87,4.06,9.56,1.6778,0
6782_flat,6782,monsoon_flat_floodplain,26.3212,91.0065,1.5,42.0,-0.4714,0.8279,20.5,50.0,29.5,1.36,1.23,89.38,154.98,0.4077,0
6782_permeable,6782,permeable_slope,26.825900460722337,88.36720844688243,25.04,266.7,0.5045,0.8634,11.3,57.0,31.69,1.32,0.77,58.95,102.2,2.3592,0
6783_pos,6783,real_landslide_event,26.8546,88.3373,43.61,1733.3,-0.4067,0.9135,32.7,29.0,38.3,1.2,54.9,131.3,209.88,30.5797,1
6783_monsoon_stable,6783,normal_monsoon_stable_slope,26.8670268971159,88.3194300482616,43.61,1733.3,-0.4067,0.9135,32.7,29.0,38.3,1.2,24.29,57.12,62.53,9.1105,0
6783_dry,6783,dry_season_steep_slope,26.8546,88.3373,43.61,1733.3,-0.4067,0.9135,32.7,29.0,38.3,1.2,2.69,3.57,5.39,0.786,0
6783_flat,6783,monsoon_flat_floodplain,26.0207,89.9744,1.6,38.0,0.4813,-0.969,22.5,47.0,30.5,1.37,66.97,140.57,213.39,0.6657,0
6783_permeable,6783,permeable_slope,26.85375668190871,88.36811832722968,12.2,459.1,-0.4067,0.9135,14.91,62.8,22.29,1.32,38.43,98.47,151.11,2.2154,0
6786_pos,6786,real_landslide_event,24.6108,92.562,35.64,933.1,-0.9999,-0.0122,33.8,26.3,39.8,1.2,0.7,0.7,1.83,0.2373,1
6786_monsoon_stable,6786,normal_monsoon_stable_slope,24.59506763807827,92.54367970233666,35.64,933.1,-0.9999,-0.0122,33.8,26.3,39.8,1.2,24.35,37.93,53.3,6.9267,0
6786_dry,6786,dry_season_steep_slope,24.6108,92.562,35.64,933.1,-0.9999,-0.0122,33.8,26.3,39.8,1.2,2.76,6.68,12.58,1.6353,0
6786_flat,6786,monsoon_flat_floodplain,26.5413,88.7196,2.1,75.0,-0.9322,0.217,23.0,46.0,31.0,1.34,0.64,0.63,1.66,0.0071,0
6786_permeable,6786,permeable_slope,24.632693191494855,92.57615316734602,21.71,372.7,-0.9999,-0.0122,10.29,67.66,22.06,1.32,0.49,0.52,1.31,0.0226,0
6945_pos,6945,real_landslide_event,25.16,93.686,47.67,1600.6,0.3778,0.9259,35.2,23.7,41.2,1.2,1.8,12.5,45.58,7.9905,1
6945_monsoon_stable,6945,normal_monsoon_stable_slope,25.17783504920018,93.66635278102693,47.67,1600.6,0.3778,0.9259,35.2,23.7,41.2,1.2,17.29,29.26,39.31,6.8913,0
6945_dry,6945,dry_season_steep_slope,25.16,93.686,47.67,1600.6,0.3778,0.9259,35.2,23.7,41.2,1.2,1.12,4.94,8.8,1.5427,0
6945_flat,6945,monsoon_flat_floodplain,26.1445,91.7362,1.8,55.0,0.3022,0.665,22.0,48.0,30.0,1.35,1.54,14.69,52.04,0.18,0
6945_permeable,6945,permeable_slope,25.154624412952717,93.66164263062362,22.08,563.6,0.3778,0.9259,13.12,59.1,27.78,1.32,1.26,9.38,32.82,0.7704,0
6963_pos,6963,real_landslide_event,23.7131,92.7362,45.33,1801.0,-0.4648,-0.8854,36.7,20.6,42.7,1.2,8.6,18.2,41.97,7.5696,1
6963_monsoon_stable,6963,normal_monsoon_stable_slope,23.71147245503236,92.72883220867816,45.33,1801.0,-0.4648,-0.8854,36.7,20.6,42.7,1.2,25.04,56.12,63.69,11.4854,0
6963_dry,6963,dry_season_steep_slope,23.7131,92.7362,45.33,1801.0,-0.4648,-0.8854,36.7,20.6,42.7,1.2,2.08,3.86,6.46,1.1656,0
6963_flat,6963,monsoon_flat_floodplain,26.7509,92.7926,1.4,48.0,0.9956,0.6852,21.0,52.0,27.0,1.38,8.9,20.85,44.61,0.1091,0
6963_permeable,6963,permeable_slope,23.689709781380632,92.70181433134812,18.98,281.6,-0.4648,-0.8854,14.71,63.52,21.77,1.32,6.02,13.65,30.22,0.6699,0
6964_pos,6964,real_landslide_event,27.0087,88.443,45.93,1791.2,-0.8545,0.5195,33.0,28.3,38.7,1.2,14.3,32.4,70.28,10.8236,1
6964_monsoon_stable,6964,normal_monsoon_stable_slope,27.016649111935017,88.43038391363052,45.93,1791.2,-0.8545,0.5195,33.0,28.3,38.7,1.2,27.36,40.29,47.95,7.3841,0
6964_dry,6964,dry_season_steep_slope,27.0087,88.443,45.93,1791.2,-0.8545,0.5195,33.0,28.3,38.7,1.2,1.74,2.94,8.33,1.2825,0
6964_flat,6964,monsoon_flat_floodplain,27.4728,94.912,1.9,108.0,0.8047,0.1108,23.5,45.0,31.5,1.32,13.66,31.51,73.57,0.2995,0
6964_permeable,6964,permeable_slope,26.975568437976097,88.47491129759221,15.65,608.4,-0.8545,0.5195,12.24,64.47,23.29,1.32,10.01,24.3,50.6,0.7694,0
6965_pos,6965,real_landslide_event,27.0257,88.4301,39.86,1384.6,-0.6455,-0.7638,30.9,32.9,36.2,1.2,14.3,32.4,70.28,8.7276,1
6965_monsoon_stable,6965,normal_monsoon_stable_slope,27.020399555233336,88.44751106055243,39.86,1384.6,-0.6455,-0.7638,30.9,32.9,36.2,1.2,15.54,48.28,60.63,7.529,0
6965_dry,6965,dry_season_steep_slope,27.0257,88.4301,39.86,1384.6,-0.6455,-0.7638,30.9,32.9,36.2,1.2,2.16,5.09,5.78,0.718,0
6965_flat,6965,monsoon_flat_floodplain,24.8333,92.7789,1.2,25.0,0.9122,0.7326,24.0,42.0,34.0,1.4,17.44,36.93,75.7,0.1914,0
6965_permeable,6965,permeable_slope,27.052391644510717,88.40781156286717,20.24,606.5,-0.6455,-0.7638,15.96,62.89,21.16,1.32,10.01,24.3,50.6,1.2992,0
6966_pos,6966,real_landslide_event,26.9974,88.4314,46.59,1611.8,-0.8886,0.4586,32.1,30.4,37.6,1.2,14.3,32.4,70.28,10.4737,1
6966_monsoon_stable,6966,normal_monsoon_stable_slope,26.981702385425915,88.4485707256563,46.59,1611.8,-0.8886,0.4586,32.1,30.4,37.6,1.2,10.56,27.57,37.24,5.5497,0
6966_dry,6966,dry_season_steep_slope,26.9974,88.4314,46.59,1611.8,-0.8886,0.4586,32.1,30.4,37.6,1.2,1.79,2.58,8.4,1.2515,0
6966_flat,6966,monsoon_flat_floodplain,26.3212,91.0065,1.5,42.0,0.5543,-0.9103,20.5,50.0,29.5,1.36,16.28,31.79,72.23,0.19,0
6966_permeable,6966,permeable_slope,27.009704716451317,88.41686542082726,24.55,708.9,-0.8886,0.4586,15.0,53.47,31.53,1.32,10.01,24.3,50.6,1.557,0
6967_pos,6967,real_landslide_event,27.0165,88.2476,39.14,2319.6,0.4258,0.9048,35.6,22.4,42.0,1.2,33.4,109.0,181.07,27.7018,1
6967_monsoon_stable,6967,normal_monsoon_stable_slope,27.00614305008118,88.24962395739034,39.14,2319.6,0.4258,0.9048,35.6,22.4,42.0,1.2,12.27,23.54,36.03,5.5122,0
6967_dry,6967,dry_season_steep_slope,27.0165,88.2476,39.14,2319.6,0.4258,0.9048,35.6,22.4,42.0,1.2,0.72,2.29,3.72,0.5685,0
6967_flat,6967,monsoon_flat_floodplain,26.0207,89.9744,1.6,38.0,0.7622,0.4958,22.5,47.0,30.5,1.37,36.51,117.13,173.65,0.5417,0
6967_permeable,6967,permeable_slope,27.030602055058996,88.27425901963707,20.61,523.8,0.4258,0.9048,15.7,62.66,21.64,1.32,23.38,81.75,130.37,3.3571,0
6968_pos,6968,real_landslide_event,25.463,92.2121,40.86,1775.6,-0.9373,-0.3486,41.5,15.0,43.5,1.2,40.2,310.6,337.81,66.4598,1
6968_monsoon_stable,6968,normal_monsoon_stable_slope,25.470899822183085,92.20029488727198,40.86,1775.6,-0.9373,-0.3486,41.5,15.0,43.5,1.2,15.5,46.53,53.07,10.44,0
6968_dry,6968,dry_season_steep_slope,25.463,92.2121,40.86,1775.6,-0.9373,-0.3486,41.5,15.0,43.5,1.2,1.41,4.98,10.45,2.0564,0
6968_flat,6968,monsoon_flat_floodplain,26.5413,88.7196,2.1,75.0,0.9721,0.5429,23.0,46.0,31.0,1.34,41.04,399.8,321.29,1.3841,0
6968_permeable,6968,permeable_slope,25.43897477389974,92.2080130383747,16.83,698.8,-0.9373,-0.3486,12.7,60.26,27.04,1.32,28.14,232.95,243.22,4.2278,0
6969_pos,6969,real_landslide_event,25.5114,90.215,33.48,1170.1,0.2368,0.9715,37.1,24.1,38.8,1.2,24.4,57.2,211.45,29.0594,1
6969_monsoon_stable,6969,normal_monsoon_stable_slope,25.508172765382945,90.2008737389038,33.48,1170.1,0.2368,0.9715,37.1,24.1,38.8,1.2,16.7,39.3,53.02,7.2872,0
6969_dry,6969,dry_season_steep_slope,25.5114,90.215,33.48,1170.1,0.2368,0.9715,37.1,24.1,38.8,1.2,2.28,4.39,4.74,0.6516,0
6969_flat,6969,monsoon_flat_floodplain,26.1445,91.7362,1.8,55.0,-0.3383,0.0865,22.0,48.0,30.0,1.35,22.24,66.8,203.68,0.7045,0
6969_permeable,6969,permeable_slope,25.47757437061341,90.17687883000242,14.5,522.3,0.2368,0.9715,10.18,66.41,23.42,1.32,17.08,42.9,152.24,1.766,0
6970_pos,6970,real_landslide_event,25.5084,90.2191,30.15,1615.2,0.4741,0.8805,40.3,16.8,42.9,1.2,24.4,57.2,211.45,30.5365,1
6970_monsoon_stable,6970,normal_monsoon_stable_slope,25.50986002458137,90.23246479097867,30.15,1615.2,0.4741,0.8805,40.3,16.8,42.9,1.2,14.54,24.9,32.33,4.669,0
6970_dry,6970,dry_season_steep_slope,25.5084,90.2191,30.15,1615.2,0.4741,0.8805,40.3,16.8,42.9,1.2,2.82,3.47,4.6,0.6638,0
6970_flat,6970,monsoon_flat_floodplain,26.7509,92.7926,1.4,48.0,-0.433,0.8371,21.0,52.0,27.0,1.38,27.18,59.2,210.23,0.5142,0
6970_permeable,6970,permeable_slope,25.50602487010617,90.22673071150723,14.9,349.4,0.4741,0.8805,10.32,57.2,32.48,1.32,17.08,42.9,152.24,1.947,0
6971_pos,6971,real_landslide_event,27.0987,93.816,45.44,2563.4,-0.0471,0.9989,36.3,19.4,44.2,1.2,62.9,133.0,168.13,30.3508,1
6971_monsoon_stable,6971,normal_monsoon_stable_slope,27.0893035206016,93.83000844555252,45.44,2563.4,-0.0471,0.9989,36.3,19.4,44.2,1.2,27.63,52.99,61.57,11.1141,0
6971_dry,6971,dry_season_steep_slope,27.0987,93.816,45.44,2563.4,-0.0471,0.9989,36.3,19.4,44.2,1.2,0.47,1.96,4.81,0.868,0
6971_flat,6971,monsoon_flat_floodplain,27.4728,94.912,1.9,108.0,0.664,0.576,23.5,45.0,31.5,1.32,56.61,166.88,210.04,0.855,0
6971_permeable,6971,permeable_slope,27.13100119756576,93.85299122453893,15.28,409.5,-0.0471,0.9989,12.19,51.03,36.78,1.32,44.03,99.75,121.06,1.9507,0
6990_pos,6990,real_landslide_event,26.0319,94.5466,47.69,1687.0,-0.1977,0.9803,35.8,22.4,41.8,1.2,15.6,82.8,98.3,17.7191,1
6990_monsoon_stable,6990,normal_monsoon_stable_slope,26.043830377695688,94.53238485806952,47.69,1687.0,-0.1977,0.9803,35.8,22.4,41.8,1.2,23.05,42.61,56.2,10.1305,0
6990_dry,6990,dry_season_steep_slope,26.0319,94.5466,47.69,1687.0,-0.1977,0.9803,35.8,22.4,41.8,1.2,1.39,4.42,8.35,1.5044,0
6990_flat,6990,monsoon_flat_floodplain,24.8333,92.7789,1.2,25.0,-0.8781,0.1898,24.0,42.0,34.0,1.4,15.55,88.31,113.8,0.2877,0
6990_permeable,6990,permeable_slope,26.024669076646976,94.52680413636966,23.32,713.0,-0.1977,0.9803,15.3,52.65,32.05,1.32,10.92,62.1,70.78,2.1273,0
7021_pos,7021,real_landslide_event,27.0076,88.251,40.61,1648.7,0.9905,0.1374,32.2,30.0,37.8,1.2,22.2,51.7,95.4,12.8179,1
7021_monsoon_stable,7021,normal_monsoon_stable_slope,26.99742853245978,88.24388844261888,40.61,1648.7,0.9905,0.1374,32.2,30.0,37.8,1.2,16.4,33.5,44.85,6.0259,0
7021_dry,7021,dry_season_steep_slope,27.0076,88.251,40.61,1648.7,0.9905,0.1374,32.2,30.0,37.8,1.2,1.04,5.8,7.27,0.977,0
7021_flat,7021,monsoon_flat_floodplain,26.3212,91.0065,1.5,42.0,-0.8927,0.9545,20.5,50.0,29.5,1.36,23.24,57.51,92.92,0.2444,0
7021_permeable,7021,permeable_slope,26.99213803612733,88.21340243820208,17.64,452.5,0.9905,0.1374,16.57,64.79,18.64,1.32,15.54,38.78,68.69,1.5859,0
7031_pos,7031,real_landslide_event,27.6163,88.6586,51.71,1886.9,0.3502,-0.9367,33.4,27.3,39.3,1.2,15.1,81.1,140.78,24.1585,1
7031_monsoon_stable,7031,normal_monsoon_stable_slope,27.61372634868327,88.67710146455097,51.71,1886.9,0.3502,-0.9367,33.4,27.3,39.3,1.2,16.67,51.56,60.41,10.3664,0
7031_dry,7031,dry_season_steep_slope,27.6163,88.6586,51.71,1886.9,0.3502,-0.9367,33.4,27.3,39.3,1.2,1.02,4.24,6.6,1.1329,0
7031_flat,7031,monsoon_flat_floodplain,26.0207,89.9744,1.6,38.0,0.9983,-0.1647,22.5,47.0,30.5,1.37,16.24,73.07,168.0,0.5241,0
7031_permeable,7031,permeable_slope,27.604897621753434,88.65134318700193,24.48,396.3,0.3502,-0.9367,13.84,60.23,25.92,1.32,10.57,60.83,101.36,2.7486,0
7033_pos,7033,real_landslide_event,27.0161,88.2478,39.13,2256.2,-0.4035,-0.915,35.3,23.1,41.6,1.2,19.8,91.6,135.41,20.421,1
7033_monsoon_stable,7033,normal_monsoon_stable_slope,27.00462996632197,88.26190411178605,39.13,2256.2,-0.4035,-0.915,35.3,23.1,41.6,1.2,11.61,46.23,56.63,8.5404,0
7033_dry,7033,dry_season_steep_slope,27.0161,88.2478,39.13,2256.2,-0.4035,-0.915,35.3,23.1,41.6,1.2,1.96,6.83,9.02,1.3596,0
7033_flat,7033,monsoon_flat_floodplain,26.5413,88.7196,2.1,75.0,0.8244,-0.4965,23.0,46.0,31.0,1.34,23.44,103.15,140.81,0.6066,0
7033_permeable,7033,permeable_slope,27.020019051380014,88.2483768255516,25.28,607.3,-0.4035,-0.915,16.14,54.91,28.95,1.32,13.86,68.7,97.5,3.287,0
7034_pos,7034,real_landslide_event,27.0875,88.6556,45.46,1817.7,-0.849,0.5284,33.1,28.1,38.9,1.2,18.7,107.6,163.91,25.156,1
7034_monsoon_stable,7034,normal_monsoon_stable_slope,27.09547407243721,88.66308364696094,45.46,1817.7,-0.849,0.5284,33.1,28.1,38.9,1.2,27.43,56.3,67.99,10.4346,0
7034_dry,7034,dry_season_steep_slope,27.0875,88.6556,45.46,1817.7,-0.849,0.5284,33.1,28.1,38.9,1.2,1.51,4.79,7.51,1.1531,0
7034_flat,7034,monsoon_flat_floodplain,26.1445,91.7362,1.8,55.0,0.7631,-0.9855,22.0,48.0,30.0,1.35,17.82,98.61,176.24,0.6095,0
7034_permeable,7034,permeable_slope,27.047761704287947,88.67336939317036,19.52,745.8,-0.849,0.5284,11.95,50.72,37.33,1.32,13.09,80.7,118.01,2.3687,0
7035_pos,7035,real_landslide_event,25.4243,88.2746,43.91,2142.6,-0.3616,-0.9323,34.7,24.4,40.9,1.2,5.0,35.1,59.62,9.6118,1
7035_monsoon_stable,7035,normal_monsoon_stable_slope,25.436397057448957,88.25836464035864,43.91,2142.6,-0.3616,-0.9323,34.7,24.4,40.9,1.2,25.26,40.34,50.75,8.1809,0
7035_dry,7035,dry_season_steep_slope,25.4243,88.2746,43.91,2142.6,-0.3616,-0.9323,34.7,24.4,40.9,1.2,1.44,3.94,4.35,0.7016,0
7035_flat,7035,monsoon_flat_floodplain,26.7509,92.7926,1.4,48.0,0.9632,0.0273,21.0,52.0,27.0,1.38,4.73,40.24,62.79,0.1536,0
7035_permeable,7035,permeable_slope,25.42212800905998,88.29853266605534,24.88,550.9,-0.3616,-0.9323,16.85,66.25,16.91,1.32,3.5,26.33,42.93,1.3866,0
7036_pos,7036,real_landslide_event,26.8352,88.1881,46.02,2670.4,0.0506,-0.9987,37.4,18.5,44.2,1.2,21.4,52.6,94.25,17.8382,1
7036_monsoon_stable,7036,normal_monsoon_stable_slope,26.820720295333434,88.18706496867277,46.02,2670.4,0.0506,-0.9987,37.4,18.5,44.2,1.2,13.27,35.75,42.37,8.0195,0
7036_dry,7036,dry_season_steep_slope,26.8352,88.1881,46.02,2670.4,0.0506,-0.9987,37.4,18.5,44.2,1.2,0.51,2.56,4.99,0.9437,0
7036_flat,7036,monsoon_flat_floodplain,27.4728,94.912,1.9,108.0,-0.9441,0.7856,23.5,45.0,31.5,1.32,23.17,50.41,106.54,0.4337,0
7036_permeable,7036,permeable_slope,26.85911487405648,88.16684141871175,22.81,478.9,0.0506,-0.9987,10.67,59.66,29.67,1.32,14.98,39.45,67.86,1.3312,0
7037_pos,7037,real_landslide_event,26.8811,88.2779,39.98,2382.3,-0.9888,0.1495,35.9,21.7,42.4,1.2,26.5,49.4,88.35,13.9548,1
7037_monsoon_stable,7037,normal_monsoon_stable_slope,26.88048660836206,88.27147151682827,39.98,2382.3,-0.9888,0.1495,35.9,21.7,42.4,1.2,27.89,40.5,53.24,8.409,0
7037_dry,7037,dry_season_steep_slope,26.8811,88.2779,39.98,2382.3,-0.9888,0.1495,35.9,21.7,42.4,1.2,1.17,4.1,7.45,1.1774,0
7037_flat,7037,monsoon_flat_floodplain,24.8333,92.7789,1.2,25.0,-0.9933,0.3094,24.0,42.0,34.0,1.4,30.17,60.24,82.86,0.2095,0
7037_permeable,7037,permeable_slope,26.860287601556877,88.25794662310268,18.8,462.2,-0.9888,0.1495,11.67,65.55,22.78,1.32,18.55,37.05,63.61,1.095,0
7038_pos,7038,real_landslide_event,26.8781,88.2807,37.99,2695.9,-0.9627,0.2706,37.5,18.2,44.3,1.2,26.5,49.4,88.35,14.3778,1
7038_monsoon_stable,7038,normal_monsoon_stable_slope,26.8607133712248,88.2896922888672,37.99,2695.9,-0.9627,0.2706,37.5,18.2,44.3,1.2,8.79,30.04,38.79,6.3132,0
7038_dry,7038,dry_season_steep_slope,26.8781,88.2807,37.99,2695.9,-0.9627,0.2706,37.5,18.2,44.3,1.2,2.45,2.48,2.58,0.4202,0
7038_flat,7038,monsoon_flat_floodplain,26.3212,91.0065,1.5,42.0,-0.9766,-0.9481,20.5,50.0,29.5,1.36,25.16,62.94,89.7,0.236,0
7038_permeable,7038,permeable_slope,26.912265825614742,88.28538503651441,16.21,529.3,-0.9627,0.2706,16.85,50.2,32.96,1.32,18.55,37.05,63.61,1.5091,0
7039_pos,7039,real_landslide_event,27.0678,88.456,51.17,2777.4,-0.0087,1.0,37.9,17.3,44.9,1.2,19.9,55.8,83.07,17.4239,1
7039_monsoon_stable,7039,normal_monsoon_stable_slope,27.08448283616491,88.4371610063302,51.17,2777.4,-0.0087,1.0,37.9,17.3,44.9,1.2,26.87,52.93,60.16,12.6177,0
7039_dry,7039,dry_season_steep_slope,27.0678,88.456,51.17,2777.4,-0.0087,1.0,37.9,17.3,44.9,1.2,2.48,4.83,9.32,1.9552,0
7039_flat,7039,monsoon_flat_floodplain,26.0207,89.9744,1.6,38.0,0.8886,0.1568,22.5,47.0,30.5,1.37,24.75,72.32,76.7,0.2393,0
7039_permeable,7039,permeable_slope,27.057917280286393,88.48915839567131,24.68,726.1,-0.0087,1.0,17.02,57.16,25.82,1.32,13.93,41.85,59.81,2.0488,0
7040_pos,7040,real_landslide_event,26.9978,88.167,51.31,1313.7,0.5505,-0.8348,30.6,33.7,35.7,1.2,26.5,49.4,88.35,13.1528,1
7040_monsoon_stable,7040,normal_monsoon_stable_slope,27.005163053173664,88.16636995800515,51.31,1313.7,0.5505,-0.8348,30.6,33.7,35.7,1.2,18.43,29.06,37.38,5.5642,0
7040_dry,7040,dry_season_steep_slope,26.9978,88.167,51.31,1313.7,0.5505,-0.8348,30.6,33.7,35.7,1.2,0.76,4.37,4.94,0.7349,0
7040_flat,7040,monsoon_flat_floodplain,26.5413,88.7196,2.1,75.0,-0.8071,0.4453,23.0,46.0,31.0,1.34,23.84,51.96,87.25,0.3759,0
7040_permeable,7040,permeable_slope,26.9667289082868,88.13808390285907,12.45,369.4,0.5505,-0.8348,14.3,62.64,23.06,1.32,18.55,37.05,63.61,0.9134,0
7076_pos,7076,real_landslide_event,26.9282,88.4553,51.91,1300.3,-0.6198,-0.7848,30.5,33.9,35.6,1.2,20.2,122.9,160.46,23.9724,1
7076_monsoon_stable,7076,normal_monsoon_stable_slope,26.925751799855462,88.4665919569891,51.91,1300.3,-0.6198,-0.7848,30.5,33.9,35.6,1.2,26.75,37.31,52.45,7.8363,0
7076_dry,7076,dry_season_steep_slope,26.9282,88.4553,51.91,1300.3,-0.6198,-0.7848,30.5,33.9,35.6,1.2,1.59,4.5,5.9,0.8818,0
7076_flat,7076,monsoon_flat_floodplain,26.1445,91.7362,1.8,55.0,0.7393,-0.7118,22.0,48.0,30.0,1.35,19.95,157.78,180.19,0.6232,0
7076_permeable,7076,permeable_slope,26.95201737357115,88.47062826292559,16.47,280.7,-0.6198,-0.7848,14.15,61.38,24.47,1.32,14.14,92.18,115.53,2.1765,0
7138_pos,7138,real_landslide_event,27.0816,88.4397,41.62,2411.7,0.8934,0.4493,36.1,21.4,42.6,1.2,2.6,60.4,152.09,25.0321,1
7138_monsoon_stable,7138,normal_monsoon_stable_slope,27.063270609601663,88.44827869932853,41.62,2411.7,0.8934,0.4493,36.1,21.4,42.6,1.2,19.3,36.65,42.87,7.0564,0
7138_dry,7138,dry_season_steep_slope,27.0816,88.4397,41.62,2411.7,0.8934,0.4493,36.1,21.4,42.6,1.2,0.05,0.46,1.16,0.1903,0
7138_flat,7138,monsoon_flat_floodplain,26.7509,92.7926,1.4,48.0,0.9138,-0.7912,21.0,52.0,27.0,1.38,2.84,56.34,145.74,0.3565,0
7138_permeable,7138,permeable_slope,27.058870934645498,88.45308446109661,25.48,470.4,0.8934,0.4493,14.42,61.51,24.07,1.32,1.82,45.3,109.5,3.1872,0
7139_pos,7139,real_landslide_event,26.8826,88.2806,34.68,1271.1,0.9421,-0.3355,30.4,34.2,35.4,1.2,2.0,66.0,107.68,11.566,1
7139_monsoon_stable,7139,normal_monsoon_stable_slope,26.883282417408818,88.29403581716886,34.68,1271.1,0.9421,-0.3355,30.4,34.2,35.4,1.2,22.18,51.07,61.37,6.5915,0
7139_dry,7139,dry_season_steep_slope,26.8826,88.2806,34.68,1271.1,0.9421,-0.3355,30.4,34.2,35.4,1.2,1.37,1.59,2.91,0.3122,0
7139_flat,7139,monsoon_flat_floodplain,27.4728,94.912,1.9,108.0,-0.6663,-0.9913,23.5,45.0,31.5,1.32,2.31,79.06,111.76,0.4549,0
7139_permeable,7139,permeable_slope,26.87435284021102,88.26720542009741,13.59,577.0,0.9421,-0.3355,16.04,54.28,29.68,1.32,1.4,49.5,77.53,1.4345,0
7214_pos,7214,real_landslide_event,27.36,93.0385,46.35,2115.8,0.4115,0.9114,34.1,24.2,41.8,1.2,88.3,149.8,182.99,30.2942,1
7214_monsoon_stable,7214,normal_monsoon_stable_slope,27.358364256569565,93.04184296187482,46.35,2115.8,0.4115,0.9114,34.1,24.2,41.8,1.2,25.99,49.09,55.3,9.1558,0
7214_dry,7214,dry_season_steep_slope,27.36,93.0385,46.35,2115.8,0.4115,0.9114,34.1,24.2,41.8,1.2,0.32,0.7,2.0,0.3313,0
7214_flat,7214,monsoon_flat_floodplain,24.8333,92.7789,1.2,25.0,0.9083,0.9764,24.0,42.0,34.0,1.4,77.69,174.32,208.8,0.5279,0
7214_permeable,7214,permeable_slope,27.379415358959978,93.0046940307143,19.31,389.5,0.4115,0.9114,12.18,58.9,28.92,1.32,61.81,112.35,131.75,2.5287,0
7253_pos,7253,real_landslide_event,24.7979,92.9974,41.87,1336.7,0.9367,0.3502,37.4,18.3,44.3,1.2,37.5,140.6,270.32,47.534,1
7253_monsoon_stable,7253,normal_monsoon_stable_slope,24.784345730438154,93.00525177273047,41.87,1336.7,0.9367,0.3502,37.4,18.3,44.3,1.2,13.46,23.98,36.84,6.4781,0
7253_dry,7253,dry_season_steep_slope,24.7979,92.9974,41.87,1336.7,0.9367,0.3502,37.4,18.3,44.3,1.2,1.83,5.91,7.71,1.3559,0
7253_flat,7253,monsoon_flat_floodplain,26.3212,91.0065,1.5,42.0,-0.5911,0.6449,20.5,50.0,29.5,1.36,35.53,145.3,282.75,0.7438,0
7253_permeable,7253,permeable_slope,24.77827480425512,93.02765048942749,23.43,731.1,0.9367,0.3502,16.95,63.67,19.39,1.32,26.25,105.45,194.63,6.0711,0
7263_pos,7263,real_landslide_event,25.4477,94.0489,47.26,2061.2,0.0192,-0.9998,38.7,16.6,44.7,1.2,21.8,88.6,144.12,29.2754,1
7263_monsoon_stable,7263,normal_monsoon_stable_slope,25.43738383127625,94.03276617525073,47.26,2061.2,0.0192,-0.9998,38.7,16.6,44.7,1.2,18.26,35.57,46.0,9.3443,0
7263_dry,7263,dry_season_steep_slope,25.4477,94.0489,47.26,2061.2,0.0192,-0.9998,38.7,16.6,44.7,1.2,2.06,2.56,4.55,0.9242,0
7263_flat,7263,monsoon_flat_floodplain,26.0207,89.9744,1.6,38.0,-0.2637,0.9769,22.5,47.0,30.5,1.37,19.72,113.08,169.98,0.5302,0
7263_permeable,7263,permeable_slope,25.486269815702546,94.03988314739294,24.81,339.2,0.0192,-0.9998,10.82,51.72,37.46,1.32,15.26,66.45,103.76,2.352,0
7264_pos,7264,real_landslide_event,25.4538,93.9827,39.26,1067.0,0.6871,0.7266,31.1,31.9,37.1,1.2,21.8,88.6,144.12,17.9202,1
7264_monsoon_stable,7264,normal_monsoon_stable_slope,25.459586901084155,93.97071335377959,39.26,1067.0,0.6871,0.7266,31.1,31.9,37.1,1.2,23.55,55.01,64.85,8.0633,0
7264_dry,7264,dry_season_steep_slope,25.4538,93.9827,39.26,1067.0,0.6871,0.7266,31.1,31.9,37.1,1.2,1.84,5.89,6.59,0.8198,0
7264_flat,7264,monsoon_flat_floodplain,26.5413,88.7196,2.1,75.0,0.9494,-0.5062,23.0,46.0,31.0,1.34,27.04,90.28,155.46,0.6697,0
7264_permeable,7264,permeable_slope,25.48468800328096,93.99966775668993,13.62,365.3,0.6871,0.7266,17.0,54.64,28.36,1.32,15.26,66.45,103.76,2.0357,0
7265_pos,7265,real_landslide_event,25.5007,93.9854,47.73,878.2,0.9385,-0.3453,29.6,34.8,35.6,1.2,21.8,88.6,144.12,19.5145,1
7265_monsoon_stable,7265,normal_monsoon_stable_slope,25.48233709005102,93.9855309977583,47.73,878.2,0.9385,-0.3453,29.6,34.8,35.6,1.2,26.4,42.9,55.18,7.4724,0
7265_dry,7265,dry_season_steep_slope,25.5007,93.9854,47.73,878.2,0.9385,-0.3453,29.6,34.8,35.6,1.2,2.51,7.05,10.47,1.4177,0
7265_flat,7265,monsoon_flat_floodplain,26.1445,91.7362,1.8,55.0,-0.024,0.3685,22.0,48.0,30.0,1.35,25.74,108.6,169.27,0.5854,0
7265_permeable,7265,permeable_slope,25.519866919439792,93.97349398572057,20.56,498.3,0.9385,-0.3453,14.93,56.64,28.42,1.32,15.26,66.45,103.76,2.6314,0
7266_pos,7266,real_landslide_event,25.5098,93.8794,43.53,922.1,0.9311,-0.3649,29.9,34.1,35.9,1.2,21.8,88.6,144.12,18.4429,1
7266_monsoon_stable,7266,normal_monsoon_stable_slope,25.51678157991248,93.86711009798903,43.53,922.1,0.9311,-0.3649,29.9,34.1,35.9,1.2,26.58,60.74,69.21,8.8564,0
7266_dry,7266,dry_season_steep_slope,25.5098,93.8794,43.53,922.1,0.9311,-0.3649,29.9,34.1,35.9,1.2,0.91,2.36,2.68,0.3425,0
7266_flat,7266,monsoon_flat_floodplain,26.7509,92.7926,1.4,48.0,0.0738,0.5258,21.0,52.0,27.0,1.38,25.13,89.43,133.9,0.3275,0
7266_permeable,7266,permeable_slope,25.51514156224033,93.86324259618792,22.44,568.7,0.9311,-0.3649,14.56,58.55,26.89,1.32,15.26,66.45,103.76,2.7551,0
7267_pos,7267,real_landslide_event,25.3908,94.0926,32.5,1059.1,0.9048,-0.4258,31.0,32.0,37.0,1.2,21.8,88.6,144.12,15.1544,1
7267_monsoon_stable,7267,normal_monsoon_stable_slope,25.398173787943982,94.10093673699312,32.5,1059.1,0.9048,-0.4258,31.0,32.0,37.0,1.2,8.75,33.49,42.67,4.487,0
7267_dry,7267,dry_season_steep_slope,25.3908,94.0926,32.5,1059.1,0.9048,-0.4258,31.0,32.0,37.0,1.2,0.76,3.56,7.16,0.7528,0
7267_flat,7267,monsoon_flat_floodplain,27.4728,94.912,1.9,108.0,-0.5296,0.0088,23.5,45.0,31.5,1.32,20.07,96.85,145.98,0.5942,0
7267_permeable,7267,permeable_slope,25.378054216373467,94.08706236200067,22.59,615.0,0.9048,-0.4258,14.84,58.06,27.1,1.32,15.26,66.45,103.76,2.8343,0
7276_pos,7276,real_landslide_event,26.1062,91.8717,32.24,530.7,0.0209,0.9998,30.3,34.4,35.3,1.2,1.3,94.0,211.82,21.2289,1
7276_monsoon_stable,7276,normal_monsoon_stable_slope,26.09921741848328,91.8595111043243,32.24,530.7,0.0209,0.9998,30.3,34.4,35.3,1.2,22.99,51.86,56.42,5.6547,0
7276_dry,7276,dry_season_steep_slope,26.1062,91.8717,32.24,530.7,0.0209,0.9998,30.3,34.4,35.3,1.2,1.63,2.82,3.36,0.3371,0
7276_flat,7276,monsoon_flat_floodplain,24.8333,92.7789,1.2,25.0,0.7776,0.7136,24.0,42.0,34.0,1.4,1.13,118.32,219.09,0.5539,0
7276_permeable,7276,permeable_slope,26.072197218032425,91.90485366239417,22.19,302.8,0.0209,0.9998,11.6,59.89,28.51,1.32,0.91,70.5,152.51,3.1677,0
7279_pos,7279,real_landslide_event,24.9818,93.5142,46.0,1700.8,0.421,0.907,35.9,22.1,41.9,1.2,20.2,98.7,152.35,26.851,1
7279_monsoon_stable,7279,normal_monsoon_stable_slope,24.984883376769933,93.52769654889173,46.0,1700.8,0.421,0.907,35.9,22.1,41.9,1.2,8.83,22.91,33.96,5.9853,0
7279_dry,7279,dry_season_steep_slope,24.9818,93.5142,46.0,1700.8,0.421,0.907,35.9,22.1,41.9,1.2,0.66,3.79,9.12,1.6076,0
7279_flat,7279,monsoon_flat_floodplain,26.3212,91.0065,1.5,42.0,-0.7964,-0.9949,20.5,50.0,29.5,1.36,18.24,121.23,141.86,0.3732,0
7279_permeable,7279,permeable_slope,24.98382194112137,93.47855287794404,14.73,496.6,0.421,0.907,10.1,57.05,32.84,1.32,14.14,74.03,109.69,1.3589,0
7334_pos,7334,real_landslide_event,28.1737,94.7596,46.76,1931.3,-0.7815,0.6239,33.2,26.1,40.7,1.2,44.4,131.2,150.8,24.1027,1
7334_monsoon_stable,7334,normal_monsoon_stable_slope,28.187239457070305,94.74474588008185,46.76,1931.3,-0.7815,0.6239,33.2,26.1,40.7,1.2,15.56,49.52,53.91,8.6166,0
7334_dry,7334,dry_season_steep_slope,28.1737,94.7596,46.76,1931.3,-0.7815,0.6239,33.2,26.1,40.7,1.2,0.22,3.25,6.51,1.0401,0
7334_flat,7334,monsoon_flat_floodplain,26.0207,89.9744,1.6,38.0,-0.1758,0.908,22.5,47.0,30.5,1.37,38.4,168.27,153.91,0.4801,0
7334_permeable,7334,permeable_slope,28.199313267427183,94.72519771177859,14.49,278.7,-0.7815,0.6239,17.24,61.59,21.17,1.32,31.08,98.4,108.58,2.1961,0
7335_pos,7335,real_landslide_event,25.5145,90.2023,44.88,1643.1,-0.6794,0.7337,40.5,16.4,43.1,1.2,50.3,87.1,109.25,22.3513,1
7335_monsoon_stable,7335,normal_monsoon_stable_slope,25.508410296427858,90.18900986337718,44.88,1643.1,-0.6794,0.7337,40.5,16.4,43.1,1.2,14.66,44.76,55.05,11.2639,0
7335_dry,7335,dry_season_steep_slope,25.5145,90.2023,44.88,1643.1,-0.6794,0.7337,40.5,16.4,43.1,1.2,0.63,1.33,1.51,0.309,0
7335_flat,7335,monsoon_flat_floodplain,26.5413,88.7196,2.1,75.0,0.9517,0.7615,23.0,46.0,31.0,1.34,53.16,80.23,136.17,0.5866,0
7335_permeable,7335,permeable_slope,25.50300417140985,90.20718964003973,13.5,716.2,-0.6794,0.7337,15.62,53.3,31.08,1.32,35.21,65.32,78.66,1.4174,0
7336_pos,7336,real_landslide_event,25.2193,90.5549,44.65,1401.6,0.3633,0.9317,38.7,20.3,40.9,1.2,58.0,140.8,164.36,30.9651,1
7336_monsoon_stable,7336,normal_monsoon_stable_slope,25.235782423187807,90.55192744543331,44.65,1401.6,0.3633,0.9317,38.7,20.3,40.9,1.2,19.02,32.64,46.84,8.8251,0
7336_dry,7336,dry_season_steep_slope,25.2193,90.5549,44.65,1401.6,0.3633,0.9317,38.7,20.3,40.9,1.2,1.85,2.2,4.14,0.7795,0
7336_flat,7336,monsoon_flat_floodplain,26.1445,91.7362,1.8,55.0,-0.6261,-0.9997,22.0,48.0,30.0,1.35,50.17,181.29,166.33,0.5753,0
7336_permeable,7336,permeable_slope,25.192242628567236,90.59328447387449,20.81,416.3,0.3633,0.9317,17.84,62.15,20.01,1.32,40.6,105.6,118.34,3.5034,0
7363_pos,7363,real_landslide_event,26.8843,88.1835,48.98,2094.2,-0.83,-0.5577,34.5,24.9,40.6,1.2,15.6,54.0,91.66,15.918,1
7363_monsoon_stable,7363,normal_monsoon_stable_slope,26.871076717755425,88.17123055403592,48.98,2094.2,-0.83,-0.5577,34.5,24.9,40.6,1.2,16.54,46.56,58.48,10.1562,0
7363_dry,7363,dry_season_steep_slope,26.8843,88.1835,48.98,2094.2,-0.83,-0.5577,34.5,24.9,40.6,1.2,0.66,4.33,7.64,1.3268,0
7363_flat,7363,monsoon_flat_floodplain,26.7509,92.7926,1.4,48.0,-0.6391,-0.2411,21.0,52.0,27.0,1.38,13.32,57.77,94.77,0.2318,0
7363_permeable,7363,permeable_slope,26.851903773072415,88.19889233548402,15.91,452.9,-0.83,-0.5577,10.05,61.87,28.08,1.32,10.92,40.5,65.99,0.8505,0
7364_pos,7364,real_landslide_event,24.819,94.3551,47.96,1328.1,0.8425,-0.5388,33.1,27.9,39.1,1.2,63.1,160.0,234.71,37.5924,1
7364_monsoon_stable,7364,normal_monsoon_stable_slope,24.82588313966526,94.3373542731145,47.96,1328.1,0.8425,-0.5388,33.1,27.9,39.1,1.2,23.52,41.04,48.28,7.7325,0
7364_dry,7364,dry_season_steep_slope,24.819,94.3551,47.96,1328.1,0.8425,-0.5388,33.1,27.9,39.1,1.2,1.78,6.63,12.45,1.994,0
7364_flat,7364,monsoon_flat_floodplain,27.4728,94.912,1.9,108.0,-0.7036,0.7317,23.5,45.0,31.5,1.32,58.97,171.93,268.88,1.0945,0
7364_permeable,7364,permeable_slope,24.843139491530074,94.33144839606126,14.67,489.2,0.8425,-0.5388,11.13,55.45,33.42,1.32,44.17,120.0,168.99,2.3228,0
7369_pos,7369,real_landslide_event,24.1988,94.1016,34.97,1778.9,-0.7059,0.7083,36.5,20.9,42.5,1.2,17.3,304.9,379.5,54.7221,1
7369_monsoon_stable,7369,normal_monsoon_stable_slope,24.208414362654477,94.09684681692974,34.97,1778.9,-0.7059,0.7083,36.5,20.9,42.5,1.2,9.51,44.49,49.08,7.0777,0
7369_dry,7369,dry_season_steep_slope,24.1988,94.1016,34.97,1778.9,-0.7059,0.7083,36.5,20.9,42.5,1.2,0.71,5.2,8.75,1.2614,0
7369_flat,7369,monsoon_flat_floodplain,24.8333,92.7789,1.2,25.0,0.3738,0.999,24.0,42.0,34.0,1.4,19.31,354.16,415.84,1.0513,0
7369_permeable,7369,permeable_slope,24.190557909590947,94.1084317997893,17.38,518.9,-0.7059,0.7083,14.71,60.22,25.07,1.32,12.11,228.68,273.24,5.6738,0
7370_pos,7370,real_landslide_event,24.1419,94.1078,45.26,1381.3,0.3404,-0.9403,33.5,27.1,39.5,1.2,17.3,304.9,379.5,59.2074,1
7370_monsoon_stable,7370,normal_monsoon_stable_slope,24.156024954419056,94.09500931278988,45.26,1381.3,0.3404,-0.9403,33.5,27.1,39.5,1.2,24.59,48.14,58.43,9.1165,0
7370_dry,7370,dry_season_steep_slope,24.1419,94.1078,45.26,1381.3,0.3404,-0.9403,33.5,27.1,39.5,1.2,0.63,4.24,7.59,1.1848,0
7370_flat,7370,monsoon_flat_floodplain,26.3212,91.0065,1.5,42.0,-0.5563,0.7227,20.5,50.0,29.5,1.36,15.43,375.68,425.61,1.1196,0
7370_permeable,7370,permeable_slope,24.180825454794014,94.12277339237383,13.67,316.1,0.3404,-0.9403,12.84,67.37,19.79,1.32,12.11,228.68,273.24,3.7513,0
7371_pos,7371,real_landslide_event,23.9939,94.0573,37.11,2032.8,0.6143,-0.7891,38.5,17.0,44.5,1.2,16.4,431.4,498.89,82.5405,1
7371_monsoon_stable,7371,normal_monsoon_stable_slope,23.988107941992794,94.07514990668733,37.11,2032.8,0.6143,-0.7891,38.5,17.0,44.5,1.2,24.18,39.46,46.55,7.701,0
7371_dry,7371,dry_season_steep_slope,23.9939,94.0573,37.11,2032.8,0.6143,-0.7891,38.5,17.0,44.5,1.2,0.39,2.76,3.2,0.53,0
7371_flat,7371,monsoon_flat_floodplain,26.0207,89.9744,1.6,38.0,0.9447,0.9572,22.5,47.0,30.5,1.37,18.08,519.38,453.32,1.4141,0
7371_permeable,7371,permeable_slope,23.98675768311564,94.04134677378545,17.32,348.5,0.6143,-0.7891,11.76,64.82,23.42,1.32,11.48,323.55,359.2,5.782,0
7372_pos,7372,real_landslide_event,25.0634,94.3415,47.82,899.1,0.9646,0.2639,29.8,34.5,35.8,1.2,52.0,119.9,159.0,21.7547,1
7372_monsoon_stable,7372,normal_monsoon_stable_slope,25.0703883428303,94.3569866992629,47.82,899.1,0.9646,0.2639,29.8,34.5,35.8,1.2,11.34,33.29,39.38,5.3881,0
7372_dry,7372,dry_season_steep_slope,25.0634,94.3415,47.82,899.1,0.9646,0.2639,29.8,34.5,35.8,1.2,2.92,6.73,7.45,1.0194,0
7372_flat,7372,monsoon_flat_floodplain,26.5413,88.7196,2.1,75.0,0.9224,0.8847,23.0,46.0,31.0,1.34,56.87,111.63,150.82,0.6497,0
7372_permeable,7372,permeable_slope,25.09245234708992,94.3341717719491,25.94,338.3,0.9646,0.2639,17.16,62.88,19.96,1.32,36.4,89.93,114.48,3.996,0
7373_pos,7373,real_landslide_event,24.9111,94.4759,36.17,1468.7,-0.3173,-0.9483,34.1,25.7,40.1,1.2,10.6,120.9,182.02,24.2856,1
7373_monsoon_stable,7373,normal_monsoon_stable_slope,24.923605888601067,94.49467366398461,36.17,1468.7,-0.3173,-0.9483,34.1,25.7,40.1,1.2,24.84,40.68,53.04,7.0763,0
7373_dry,7373,dry_season_steep_slope,24.9111,94.4759,36.17,1468.7,-0.3173,-0.9483,34.1,25.7,40.1,1.2,0.97,1.48,3.51,0.4678,0
7373_flat,7373,monsoon_flat_floodplain,26.1445,91.7362,1.8,55.0,0.9396,-0.3895,22.0,48.0,30.0,1.35,9.12,156.16,202.17,0.6992,0
7373_permeable,7373,permeable_slope,24.890472824159193,94.50329594503278,25.35,555.3,-0.3173,-0.9483,12.09,65.72,22.19,1.32,7.42,90.68,131.06,3.1015,0
7374_pos,7374,real_landslide_event,25.1122,94.3591,46.97,1000.1,-0.6626,-0.749,30.5,32.9,36.5,1.2,15.8,108.3,147.44,20.6116,1
7374_monsoon_stable,7374,normal_monsoon_stable_slope,25.127942815478885,94.37858283540764,46.97,1000.1,-0.6626,-0.749,30.5,32.9,36.5,1.2,20.76,40.79,54.89,7.6742,0
7374_dry,7374,dry_season_steep_slope,25.1122,94.3591,46.97,1000.1,-0.6626,-0.749,30.5,32.9,36.5,1.2,1.29,5.24,10.07,1.4076,0
7374_flat,7374,monsoon_flat_floodplain,26.7509,92.7926,1.4,48.0,-0.4657,-0.9732,21.0,52.0,27.0,1.38,15.18,110.38,154.13,0.377,0
7374_permeable,7374,permeable_slope,25.083740960281247,94.3345210970379,18.16,524.1,-0.6626,-0.749,17.3,55.45,27.25,1.32,11.06,81.22,106.15,2.7899,0
7375_pos,7375,real_landslide_event,25.1941,94.4481,41.35,1944.5,-0.075,0.9972,37.8,18.4,43.8,1.2,8.4,84.4,113.67,19.9793,1
7375_monsoon_stable,7375,normal_monsoon_stable_slope,25.19987336201342,94.45875366130127,41.35,1944.5,-0.075,0.9972,37.8,18.4,43.8,1.2,24.87,58.46,66.23,11.6414,0
7375_dry,7375,dry_season_steep_slope,25.1941,94.4481,41.35,1944.5,-0.075,0.9972,37.8,18.4,43.8,1.2,0.84,1.08,2.05,0.3599,0
7375_flat,7375,monsoon_flat_floodplain,27.4728,94.912,1.9,108.0,0.9998,-0.9807,23.5,45.0,31.5,1.32,8.86,108.09,114.66,0.4667,0
7375_permeable,7375,permeable_slope,25.191112432569096,94.48388295673091,25.77,546.8,-0.075,0.9972,14.13,55.03,30.84,1.32,5.88,63.3,81.84,2.4572,0
7383_pos,7383,real_landslide_event,23.899,94.1434,32.41,1255.3,0.2181,0.9759,32.5,29.0,38.5,1.2,15.0,448.2,566.89,63.7908,1
7383_monsoon_stable,7383,normal_monsoon_stable_slope,23.90619558212471,94.16095221061082,32.41,1255.3,0.2181,0.9759,32.5,29.0,38.5,1.2,12.57,27.56,38.19,4.2977,0
7383_dry,7383,dry_season_steep_slope,23.899,94.1434,32.41,1255.3,0.2181,0.9759,32.5,29.0,38.5,1.2,2.94,6.05,6.46,0.7265,0
7383_flat,7383,monsoon_flat_floodplain,24.8333,92.7789,1.2,25.0,0.8947,0.4034,24.0,42.0,34.0,1.4,15.5,428.68,606.3,1.5329,0
7383_permeable,7383,permeable_slope,23.900374331521007,94.13121925947463,17.67,630.2,0.2181,0.9759,11.24,59.72,29.04,1.32,10.5,336.15,408.16,6.6023,0
7384_pos,7384,real_landslide_event,23.9278,94.0906,36.18,852.4,0.0262,0.9997,29.4,35.2,35.4,1.2,16.4,431.4,498.89,53.3686,1
7384_monsoon_stable,7384,normal_monsoon_stable_slope,23.94077501377567,94.0719554453406,36.18,852.4,0.0262,0.9997,29.4,35.2,35.4,1.2,24.23,54.2,59.9,6.4077,0
7384_dry,7384,dry_season_steep_slope,23.9278,94.0906,36.18,852.4,0.0262,0.9997,29.4,35.2,35.4,1.2,2.5,6.81,8.21,0.8782,0
7384_flat,7384,monsoon_flat_floodplain,26.3212,91.0065,1.5,42.0,0.9978,-0.6384,20.5,50.0,29.5,1.36,14.92,450.89,563.51,1.4823,0
7384_permeable,7384,permeable_slope,23.891836898639102,94.05177275989821,25.74,582.1,0.0262,0.9997,12.34,50.46,37.2,1.32,11.48,323.55,359.2,9.6959,0
7385_pos,7385,real_landslide_event,24.004,93.9815,35.48,1205.6,0.4195,-0.9078,32.1,29.8,38.1,1.2,16.4,431.4,498.89,59.6756,1
7385_monsoon_stable,7385,normal_monsoon_stable_slope,23.9928568731719,93.99144713691913,35.48,1205.6,0.4195,-0.9078,32.1,29.8,38.1,1.2,15.19,40.52,46.38,5.5474,0
7385_dry,7385,dry_season_steep_slope,24.004,93.9815,35.48,1205.6,0.4195,-0.9078,32.1,29.8,38.1,1.2,2.81,6.38,9.51,1.1374,0
7385_flat,7385,monsoon_flat_floodplain,26.0207,89.9744,1.6,38.0,0.4419,0.7995,22.5,47.0,30.5,1.37,19.39,540.46,602.79,1.8804,0
7385_permeable,7385,permeable_slope,24.00767622887862,94.00787554826215,22.53,653.1,0.4195,-0.9078,13.67,55.18,31.14,1.32,11.48,323.55,359.2,9.1873,0
7387_pos,7387,real_landslide_event,24.954,94.2156,47.82,969.1,-0.9732,-0.23,30.3,33.4,36.3,1.2,15.8,108.3,147.44,20.68,1
7387_monsoon_stable,7387,normal_monsoon_stable_slope,24.95227936327738,94.22329487831777,47.82,969.1,-0.9732,-0.23,30.3,33.4,36.3,1.2,9.1,42.78,50.62,7.1007,0
7387_dry,7387,dry_season_steep_slope,24.954,94.2156,47.82,969.1,-0.9732,-0.23,30.3,33.4,36.3,1.2,0.07,3.39,5.21,0.7311,0
7387_flat,7387,monsoon_flat_floodplain,26.5413,88.7196,2.1,75.0,-0.2245,-0.0552,23.0,46.0,31.0,1.34,13.63,112.56,182.78,0.7874,0
7387_permeable,7387,permeable_slope,24.949488317899206,94.19196734648419,19.76,332.9,-0.9732,-0.23,14.69,56.68,28.63,1.32,11.06,81.22,106.15,2.5496,0
7388_pos,7388,real_landslide_event,24.416,94.0984,40.29,1064.5,-0.6858,-0.7278,31.0,31.9,37.0,1.2,33.3,252.8,314.17,39.7903,1
7388_monsoon_stable,7388,normal_monsoon_stable_slope,24.427984814306544,94.11295022047167,40.29,1064.5,-0.6858,-0.7278,31.0,31.9,37.0,1.2,20.35,35.31,42.39,5.3682,0
7388_dry,7388,dry_season_steep_slope,24.416,94.0984,40.29,1064.5,-0.6858,-0.7278,31.0,31.9,37.0,1.2,2.91,5.64,10.89,1.379,0
7388_flat,7388,monsoon_flat_floodplain,26.1445,91.7362,1.8,55.0,-0.2251,0.1026,22.0,48.0,30.0,1.35,29.6,243.23,284.48,0.9839,0
7388_permeable,7388,permeable_slope,24.39966418775276,94.08431692959307,15.53,510.1,-0.6858,-0.7278,12.56,58.74,28.7,1.32,23.31,189.6,226.2,3.6291,0
7389_pos,7389,real_landslide_event,24.4072,94.0644,43.01,1534.1,0.9992,-0.0401,34.6,24.7,40.6,1.2,33.3,252.8,314.17,49.552,1
7389_monsoon_stable,7389,normal_monsoon_stable_slope,24.38753145598188,94.06899412113334,43.01,1534.1,0.9992,-0.0401,34.6,24.7,40.6,1.2,23.81,34.97,49.71,7.84,0
7389_dry,7389,dry_season_steep_slope,24.4072,94.0644,43.01,1534.1,0.9992,-0.0401,34.6,24.7,40.6,1.2,0.43,2.5,4.96,0.783,0
7389_flat,7389,monsoon_flat_floodplain,26.7509,92.7926,1.4,48.0,0.952,0.9941,21.0,52.0,27.0,1.38,29.35,244.47,331.23,0.8102,0
7389_permeable,7389,permeable_slope,24.440225065102652,94.07647822577391,15.28,262.5,0.9992,-0.0401,17.33,67.91,14.76,1.32,23.31,189.6,226.2,4.663,0
7390_pos,7390,real_landslide_event,24.4265,94.1913,47.86,995.7,0.6613,0.7501,30.5,33.0,36.5,1.2,16.6,220.1,330.26,46.7997,1
7390_monsoon_stable,7390,normal_monsoon_stable_slope,24.43918692678378,94.20792928305671,47.86,995.7,0.6613,0.7501,30.5,33.0,36.5,1.2,14.12,28.5,41.88,5.9349,0
7390_dry,7390,dry_season_steep_slope,24.4265,94.1913,47.86,995.7,0.6613,0.7501,30.5,33.0,36.5,1.2,2.84,3.47,3.97,0.5631,0
7390_flat,7390,monsoon_flat_floodplain,27.4728,94.912,1.9,108.0,0.2921,0.9996,23.5,45.0,31.5,1.32,17.68,261.12,372.15,1.5149,0
7390_permeable,7390,permeable_slope,24.419443861220664,94.18820480108396,15.16,608.1,0.6613,0.7501,17.3,52.9,29.8,1.32,11.62,165.07,237.79,5.329,0
7409_pos,7409,real_landslide_event,25.72,94.6219,43.13,952.1,-0.9711,-0.2385,30.2,33.7,36.2,1.2,4.4,48.6,51.96,6.6865,1
7409_monsoon_stable,7409,normal_monsoon_stable_slope,25.73243591574398,94.62214735144204,43.13,952.1,-0.9711,-0.2385,30.2,33.7,36.2,1.2,14.87,29.05,37.66,4.8459,0
7409_dry,7409,dry_season_steep_slope,25.72,94.6219,43.13,952.1,-0.9711,-0.2385,30.2,33.7,36.2,1.2,1.73,6.21,11.63,1.4961,0
7409_flat,7409,monsoon_flat_floodplain,24.8333,92.7789,1.2,25.0,0.5746,-0.7285,24.0,42.0,34.0,1.4,5.45,47.87,47.07,0.119,0
7409_permeable,7409,permeable_slope,25.728528368505245,94.61712327156644,25.47,314.7,-0.9711,-0.2385,12.29,55.42,32.29,1.32,3.08,36.45,37.41,0.9636,0
7589_pos,7589,real_landslide_event,25.2568,92.3825,43.8,1371.3,-0.9992,0.0401,38.5,20.8,40.6,1.2,51.9,144.6,184.77,33.9658,1
7589_monsoon_stable,7589,normal_monsoon_stable_slope,25.27545202415182,92.37934018985379,43.8,1371.3,-0.9992,0.0401,38.5,20.8,40.6,1.2,14.75,40.54,52.45,9.6419,0
7589_dry,7589,dry_season_steep_slope,25.2568,92.3825,43.8,1371.3,-0.9992,0.0401,38.5,20.8,40.6,1.2,1.79,5.85,9.28,1.7053,0
7589_flat,7589,monsoon_flat_floodplain,26.3212,91.0065,1.5,42.0,0.5339,-0.9305,20.5,50.0,29.5,1.36,54.05,182.15,173.52,0.4565,0
7589_permeable,7589,permeable_slope,25.223847053386027,92.39924843005332,24.29,252.5,-0.9992,0.0401,11.34,55.6,33.06,1.32,36.33,108.45,133.04,3.0218,0
7590_pos,7590,real_landslide_event,25.1416,92.3807,31.92,1725.4,-0.5284,-0.849,41.1,15.0,43.9,1.2,51.9,144.6,184.77,29.0961,1
7590_monsoon_stable,7590,normal_monsoon_stable_slope,25.127462988037532,92.37001538121494,31.92,1725.4,-0.5284,-0.849,41.1,15.0,43.9,1.2,26.89,37.96,45.76,7.2055,0
7590_dry,7590,dry_season_steep_slope,25.1416,92.3807,31.92,1725.4,-0.5284,-0.849,41.1,15.0,43.9,1.2,2.83,7.03,11.1,1.7474,0
7590_flat,7590,monsoon_flat_floodplain,26.0207,89.9744,1.6,38.0,-0.5551,0.219,22.5,47.0,30.5,1.37,52.98,171.37,227.91,0.711,0
7590_permeable,7590,permeable_slope,25.10726735291611,92.40215582463964,21.43,253.2,-0.5284,-0.849,14.27,62.55,23.17,1.32,36.33,108.45,133.04,3.2325,0
7591_pos,7591,real_landslide_event,25.0318,92.4584,39.2,655.9,0.497,-0.8678,31.4,31.9,36.7,1.2,0.0,0.0,0.06,0.0074,1
7591_monsoon_stable,7591,normal_monsoon_stable_slope,25.041427231670575,92.44046729379589,39.2,655.9,0.497,-0.8678,31.4,31.9,36.7,1.2,10.12,28.27,35.11,4.4016,0
7591_dry,7591,dry_season_steep_slope,25.0318,92.4584,39.2,655.9,0.497,-0.8678,31.4,31.9,36.7,1.2,2.86,4.58,9.63,1.2078,0
7591_flat,7591,monsoon_flat_floodplain,26.5413,88.7196,2.1,75.0,0.3033,0.9946,23.0,46.0,31.0,1.34,0.0,0.0,0.07,0.0003,0
7591_permeable,7591,permeable_slope,25.047786020757325,92.4581534332377,13.02,599.1,0.497,-0.8678,10.82,55.37,33.8,1.32,0.0,0.0,0.04,0.0005,0
7655_pos,7655,real_landslide_event,27.5799,91.8569,36.91,1822.2,0.8049,-0.5934,32.6,27.3,40.1,1.2,29.8,80.0,87.97,11.2747,1
7655_monsoon_stable,7655,normal_monsoon_stable_slope,27.566464673646585,91.86170481798207,36.91,1822.2,0.8049,-0.5934,32.6,27.3,40.1,1.2,14.63,40.79,51.9,6.6516,0
7655_dry,7655,dry_season_steep_slope,27.5799,91.8569,36.91,1822.2,0.8049,-0.5934,32.6,27.3,40.1,1.2,2.59,5.57,10.14,1.2997,0
7655_flat,7655,monsoon_flat_floodplain,26.1445,91.7362,1.8,55.0,-0.9804,0.3356,22.0,48.0,30.0,1.35,26.85,79.14,90.49,0.313,0
7655_permeable,7655,permeable_slope,27.615527269348462,91.8291928071143,19.67,279.6,0.8049,-0.5934,17.72,57.65,24.63,1.32,20.86,60.0,63.34,1.8157,0
7660_pos,7660,real_landslide_event,25.6237,94.1136,40.69,1608.3,0.3811,0.9245,35.2,23.6,41.2,1.2,13.2,48.5,130.45,20.1848,1
7660_monsoon_stable,7660,normal_monsoon_stable_slope,25.630703391984383,94.11048052729802,40.69,1608.3,0.3811,0.9245,35.2,23.6,41.2,1.2,21.15,48.86,60.96,9.4326,0
7660_dry,7660,dry_season_steep_slope,25.6237,94.1136,40.69,1608.3,0.3811,0.9245,35.2,23.6,41.2,1.2,1.47,2.58,7.36,1.139,0
7660_flat,7660,monsoon_flat_floodplain,26.7509,92.7926,1.4,48.0,-0.9933,0.3469,21.0,52.0,27.0,1.38,13.27,45.27,134.9,0.33,0
7660_permeable,7660,permeable_slope,25.605241943931322,94.08094279590462,17.72,484.9,0.3811,0.9245,14.41,61.7,23.89,1.32,9.24,36.38,93.93,1.9296,0
7664_pos,7664,real_landslide_event,24.7459,93.4251,46.56,1786.0,0.9869,-0.1616,36.6,20.8,42.6,1.2,4.7,25.0,65.97,12.0937,1
7664_monsoon_stable,7664,normal_monsoon_stable_slope,24.732130305092003,93.42836096265643,46.56,1786.0,0.9869,-0.1616,36.6,20.8,42.6,1.2,15.11,35.36,44.98,8.2452,0
7664_dry,7664,dry_season_steep_slope,24.7459,93.4251,46.56,1786.0,0.9869,-0.1616,36.6,20.8,42.6,1.2,2.33,5.58,9.54,1.7488,0
7664_flat,7664,monsoon_flat_floodplain,27.4728,94.912,1.9,108.0,0.4838,0.1618,23.5,45.0,31.5,1.32,4.25,29.42,67.63,0.2753,0
7664_permeable,7664,permeable_slope,24.74422646402106,93.41358342975556,19.13,358.0,0.9869,-0.1616,15.09,50.46,34.45,1.32,3.29,18.75,47.5,1.183,0
7665_pos,7665,real_landslide_event,24.7016,93.5291,35.53,1487.5,0.9998,-0.0175,34.3,25.4,40.3,1.2,4.7,25.0,65.97,8.7381,1
7665_monsoon_stable,7665,normal_monsoon_stable_slope,24.683733632321342,93.52088978241709,35.53,1487.5,0.9998,-0.0175,34.3,25.4,40.3,1.2,23.57,53.76,61.61,8.1607,0
7665_dry,7665,dry_season_steep_slope,24.7016,93.5291,35.53,1487.5,0.9998,-0.0175,34.3,25.4,40.3,1.2,2.94,3.03,8.75,1.1586,0
7665_flat,7665,monsoon_flat_floodplain,24.8333,92.7789,1.2,25.0,0.9637,0.9463,24.0,42.0,34.0,1.4,4.78,24.63,63.41,0.1603,0
7665_permeable,7665,permeable_slope,24.710445346170822,93.56194951273517,23.82,273.3,0.9998,-0.0175,16.49,55.19,28.31,1.32,3.29,18.75,47.5,1.5443,0
7666_pos,7666,real_landslide_event,25.1019,93.3729,34.46,1353.4,0.3535,-0.9354,33.3,27.5,39.3,1.2,3.6,34.9,52.0,6.4039,1
7666_monsoon_stable,7666,normal_monsoon_stable_slope,25.108229213759238,93.38644502581924,34.46,1353.4,0.3535,-0.9354,33.3,27.5,39.3,1.2,13.15,32.97,44.09,5.4303,0
7666_dry,7666,dry_season_steep_slope,25.1019,93.3729,34.46,1353.4,0.3535,-0.9354,33.3,27.5,39.3,1.2,2.53,3.34,8.43,1.0387,0
7666_flat,7666,monsoon_flat_floodplain,26.3212,91.0065,1.5,42.0,-0.8796,0.7231,20.5,50.0,29.5,1.36,3.3,38.95,51.45,0.1353,0
7666_permeable,7666,permeable_slope,25.09416378275759,93.33960712679225,15.88,660.2,0.3535,-0.9354,11.42,59.01,29.57,1.32,2.52,26.17,37.44,0.5575,0
7699_pos,7699,real_landslide_event,26.0214,94.5224,46.75,1130.8,-0.4509,0.8926,31.5,30.9,37.5,1.2,27.3,47.6,69.6,10.1662,1
7699_monsoon_stable,7699,normal_monsoon_stable_slope,26.01982355515603,94.52725353519979,46.75,1130.8,-0.4509,0.8926,31.5,30.9,37.5,1.2,13.57,42.16,53.4,7.8003,0
7699_dry,7699,dry_season_steep_slope,26.0214,94.5224,46.75,1130.8,-0.4509,0.8926,31.5,30.9,37.5,1.2,2.15,4.61,6.89,1.0065,0
7699_flat,7699,monsoon_flat_floodplain,26.0207,89.9744,1.6,38.0,0.119,-0.9706,22.5,47.0,30.5,1.37,23.59,60.83,70.69,0.2205,0
7699_permeable,7699,permeable_slope,26.05828449616441,94.50152116640484,22.52,690.5,-0.4509,0.8926,16.23,57.95,25.82,1.32,19.11,35.7,50.11,1.4935,0
7701_pos,7701,real_landslide_event,25.6278,94.1051,46.67,1196.6,-0.8746,0.4848,32.1,29.9,38.1,1.2,22.4,32.3,55.97,8.3833,1
7701_monsoon_stable,7701,normal_monsoon_stable_slope,25.612927953009898,94.1060534977613,46.67,1196.6,-0.8746,0.4848,32.1,29.9,38.1,1.2,25.73,43.06,50.97,7.6349,0
7701_dry,7701,dry_season_steep_slope,25.6278,94.1051,46.67,1196.6,-0.8746,0.4848,32.1,29.9,38.1,1.2,1.38,4.52,7.34,1.1,0
7701_flat,7701,monsoon_flat_floodplain,26.5413,88.7196,2.1,75.0,0.4635,0.4345,23.0,46.0,31.0,1.34,20.32,32.54,63.39,0.2731,0
7701_permeable,7701,permeable_slope,25.64494717841374,94.13201916173665,20.88,350.3,-0.8746,0.4848,10.23,67.2,22.57,1.32,15.68,24.22,40.29,0.666,0
7706_pos,7706,real_landslide_event,25.0728,92.3636,44.89,886.7,-0.0785,-0.9969,35.0,28.8,36.2,1.2,66.6,180.4,247.96,39.6274,1
7706_monsoon_stable,7706,normal_monsoon_stable_slope,25.075706030730853,92.38219086537191,44.89,886.7,-0.0785,-0.9969,35.0,28.8,36.2,1.2,15.75,50.1,61.73,9.8661,0
7706_dry,7706,dry_season_steep_slope,25.0728,92.3636,44.89,886.7,-0.0785,-0.9969,35.0,28.8,36.2,1.2,0.12,4.59,8.32,1.3303,0
7706_flat,7706,monsoon_flat_floodplain,26.1445,91.7362,1.8,55.0,-0.9984,-0.0521,22.0,48.0,30.0,1.35,66.51,168.06,230.8,0.7982,0
7706_permeable,7706,permeable_slope,25.041022307007964,92.39480356336601,24.45,264.4,-0.0785,-0.9969,15.71,51.98,32.31,1.32,46.62,135.3,178.53,5.7871,0
7727_pos,7727,real_landslide_event,25.6263,94.1057,46.75,1102.7,0.986,0.1668,31.3,31.3,37.3,1.2,39.7,65.8,80.35,11.6267,1
7727_monsoon_stable,7727,normal_monsoon_stable_slope,25.62559730042081,94.09716180347455,46.75,1102.7,0.986,0.1668,31.3,31.3,37.3,1.2,17.89,35.95,49.02,7.093,0
7727_dry,7727,dry_season_steep_slope,25.6263,94.1057,46.75,1102.7,0.986,0.1668,31.3,31.3,37.3,1.2,0.53,0.78,5.38,0.7789,0
7727_flat,7727,monsoon_flat_floodplain,26.7509,92.7926,1.4,48.0,-0.9994,0.9638,21.0,52.0,27.0,1.38,34.26,82.02,89.46,0.2188,0
7727_permeable,7727,permeable_slope,25.639571339523734,94.13596530493258,25.86,527.8,0.986,0.1668,11.5,63.58,24.92,1.32,27.79,49.35,57.85,1.3443,0
7728_pos,7728,real_landslide_event,26.1028,91.8806,39.72,1227.8,-0.6807,0.7325,36.5,20.4,43.1,1.2,28.2,134.9,226.17,36.5135,1
7728_monsoon_stable,7728,normal_monsoon_stable_slope,26.116837322552986,91.8797482803086,39.72,1227.8,-0.6807,0.7325,36.5,20.4,43.1,1.2,11.1,31.46,43.47,7.0172,0
7728_dry,7728,dry_season_steep_slope,26.1028,91.8806,39.72,1227.8,-0.6807,0.7325,36.5,20.4,43.1,1.2,2.36,5.26,6.97,1.1247,0
7728_flat,7728,monsoon_flat_floodplain,27.4728,94.912,1.9,108.0,-0.3525,0.677,23.5,45.0,31.5,1.32,26.93,148.86,209.6,0.8532,0
7728_permeable,7728,permeable_slope,26.07674862129037,91.88397270693059,23.63,700.5,-0.6807,0.7325,17.52,64.07,18.4,1.32,19.74,101.18,162.85,5.2813,0
7778_pos,7778,real_landslide_event,23.8447,93.0514,37.08,1447.0,-0.808,-0.5892,34.0,26.0,40.0,1.2,15.3,32.7,72.77,9.8659,1
7778_monsoon_stable,7778,normal_monsoon_stable_slope,23.84546761951381,93.07096556151677,37.08,1447.0,-0.808,-0.5892,34.0,26.0,40.0,1.2,14.83,34.11,46.09,6.2485,0
7778_dry,7778,dry_season_steep_slope,23.8447,93.0514,37.08,1447.0,-0.808,-0.5892,34.0,26.0,40.0,1.2,2.86,4.96,6.52,0.8841,0
7778_flat,7778,monsoon_flat_floodplain,24.8333,92.7789,1.2,25.0,-0.5282,-0.2336,24.0,42.0,34.0,1.4,15.9,36.27,76.45,0.1933,0
7778_permeable,7778,permeable_slope,23.871837506664615,93.02447710933664,24.94,343.0,-0.808,-0.5892,10.18,54.78,35.04,1.32,10.71,24.53,52.39,1.1003,0
7780_pos,7780,real_landslide_event,23.3572,92.7878,37.73,2049.5,-0.5678,-0.8231,38.6,16.8,44.6,1.2,7.6,21.8,74.29,12.5206,1
7780_monsoon_stable,7780,normal_monsoon_stable_slope,23.37552525108181,92.78578662446631,37.73,2049.5,-0.5678,-0.8231,38.6,16.8,44.6,1.2,19.89,35.9,48.09,8.1043,0
7780_dry,7780,dry_season_steep_slope,23.3572,92.7878,37.73,2049.5,-0.5678,-0.8231,38.6,16.8,44.6,1.2,0.05,2.81,7.28,1.2264,0
7780_flat,7780,monsoon_flat_floodplain,26.3212,91.0065,1.5,42.0,-0.8229,-0.2339,20.5,50.0,29.5,1.36,8.7,26.36,74.67,0.1964,0
7780_permeable,7780,permeable_slope,23.325862903972066,92.77814235388482,22.26,594.5,-0.5678,-0.8231,17.12,61.45,21.43,1.32,5.32,16.35,53.49,1.6272,0
7836_pos,7836,real_landslide_event,24.042,92.6724,34.11,1075.9,-0.6896,-0.7242,31.1,31.8,37.1,1.2,6.8,24.1,53.63,5.9143,1
7836_monsoon_stable,7836,normal_monsoon_stable_slope,24.029333725262436,92.68064851781554,34.11,1075.9,-0.6896,-0.7242,31.1,31.8,37.1,1.2,8.0,34.11,42.21,4.6547,0
7836_dry,7836,dry_season_steep_slope,24.042,92.6724,34.11,1075.9,-0.6896,-0.7242,31.1,31.8,37.1,1.2,0.35,3.72,8.85,0.9761,0
7836_flat,7836,monsoon_flat_floodplain,26.0207,89.9744,1.6,38.0,-0.8539,-0.3261,22.5,47.0,30.5,1.37,6.82,27.31,61.04,0.1904,0
7836_permeable,7836,permeable_slope,24.020970351570973,92.66056098920029,18.77,419.7,-0.6896,-0.7242,13.3,59.3,27.4,1.32,4.76,18.08,38.62,0.786,0
7837_pos,7837,real_landslide_event,23.7269,92.7265,42.6,1383.2,0.8271,-0.5621,33.5,27.0,39.5,1.2,4.1,21.9,48.39,7.2,1
7837_monsoon_stable,7837,normal_monsoon_stable_slope,23.718931330207788,92.71533908277999,42.6,1383.2,0.8271,-0.5621,33.5,27.0,39.5,1.2,19.81,53.76,60.12,8.9456,0
7837_dry,7837,dry_season_steep_slope,23.7269,92.7265,42.6,1383.2,0.8271,-0.5621,33.5,27.0,39.5,1.2,2.12,6.51,9.19,1.3667,0
7837_flat,7837,monsoon_flat_floodplain,26.5413,88.7196,2.1,75.0,0.9993,0.2696,23.0,46.0,31.0,1.34,4.36,27.89,53.55,0.2307,0
7837_permeable,7837,permeable_slope,23.7136709485517,92.7560007445315,17.13,667.4,0.8271,-0.5621,14.54,54.31,31.14,1.32,2.87,16.42,34.84,0.7327,0
7887_pos,7887,real_landslide_event,27.8835,96.9262,34.95,2699.5,-0.0,1.0,37.0,18.0,45.0,1.2,12.6,33.6,49.33,7.3834,1
7887_monsoon_stable,7887,normal_monsoon_stable_slope,27.86362117827692,96.91787275932356,34.95,2699.5,-0.0,1.0,37.0,18.0,45.0,1.2,21.98,42.46,52.31,7.8298,0
7887_dry,7887,dry_season_steep_slope,27.8835,96.9262,34.95,2699.5,-0.0,1.0,37.0,18.0,45.0,1.2,0.73,1.5,7.24,1.083,0
7887_flat,7887,monsoon_flat_floodplain,26.1445,91.7362,1.8,55.0,-0.578,-0.0637,22.0,48.0,30.0,1.35,14.16,42.18,51.87,0.1794,0
7887_permeable,7887,permeable_slope,27.869402841313928,96.91142069046145,13.01,585.2,-0.0,1.0,14.56,61.63,23.8,1.32,8.82,25.2,35.51,0.5457,0
7910_pos,7910,real_landslide_event,24.3481,94.1146,45.75,1660.6,0.4035,0.915,35.6,22.8,41.6,1.2,17.3,304.9,379.5,65.6716,1
7910_monsoon_stable,7910,normal_monsoon_stable_slope,24.342312062476207,94.09977691735098,45.75,1660.6,0.4035,0.915,35.6,22.8,41.6,1.2,8.76,38.02,42.38,7.3342,0
7910_dry,7910,dry_season_steep_slope,24.3481,94.1146,45.75,1660.6,0.4035,0.915,35.6,22.8,41.6,1.2,1.02,1.19,6.35,1.0984,0
7910_flat,7910,monsoon_flat_floodplain,26.7509,92.7926,1.4,48.0,0.7666,0.9526,21.0,52.0,27.0,1.38,20.89,274.97,423.97,1.037,0
7910_permeable,7910,permeable_slope,24.36762746401261,94.12527498811366,21.25,474.9,0.4035,0.915,10.86,67.69,21.46,1.32,12.11,228.68,273.24,4.8567,0
7923_pos,7923,real_landslide_event,26.49349035,91.72137514,37.78,941.3,-0.314,0.9494,33.9,26.2,39.9,1.2,12.3,88.7,130.0,17.8276,1
7923_monsoon_stable,7923,normal_monsoon_stable_slope,26.483581842742158,91.72024993014438,37.78,941.3,-0.314,0.9494,33.9,26.2,39.9,1.2,16.88,42.35,48.01,6.5841,0
7923_dry,7923,dry_season_steep_slope,26.49349035,91.72137514,37.78,941.3,-0.314,0.9494,33.9,26.2,39.9,1.2,2.83,4.44,5.78,0.7927,0
7923_flat,7923,monsoon_flat_floodplain,27.4728,94.912,1.9,108.0,0.9999,-0.2407,23.5,45.0,31.5,1.32,15.12,90.86,159.13,0.6478,0
7923_permeable,7923,permeable_slope,26.51891954719343,91.74828574938027,19.3,580.9,-0.314,0.9494,13.38,60.07,26.56,1.32,8.61,66.53,93.6,1.9585,0
7933_pos,7933,real_landslide_event,26.1868,91.6739,37.78,1234.4,0.4909,0.8712,36.5,20.3,43.2,1.2,35.3,132.0,187.24,29.0027,1
7933_monsoon_stable,7933,normal_monsoon_stable_slope,26.167040949644843,91.67218927021051,37.78,1234.4,0.4909,0.8712,36.5,20.3,43.2,1.2,24.09,36.9,50.69,7.8512,0
7933_dry,7933,dry_season_steep_slope,26.1868,91.6739,37.78,1234.4,0.4909,0.8712,36.5,20.3,43.2,1.2,2.82,6.7,10.04,1.5549,0
7933_flat,7933,monsoon_flat_floodplain,24.8333,92.7789,1.2,25.0,0.7441,0.9335,24.0,42.0,34.0,1.4,38.61,120.23,215.05,0.5437,0
7933_permeable,7933,permeable_slope,26.147051050556723,91.64939660945485,13.6,354.9,0.4909,0.8712,12.99,52.5,34.51,1.32,24.71,99.0,134.81,2.0455,0
7956_pos,7956,real_landslide_event,26.048,91.8695,41.93,1063.4,0.991,0.134,36.3,25.9,37.8,1.2,3.5,100.2,325.43,52.2482,1
7956_monsoon_stable,7956,normal_monsoon_stable_slope,26.03526761949785,91.86776528112166,41.93,1063.4,0.991,0.134,36.3,25.9,37.8,1.2,20.75,43.62,54.11,8.6882,0
7956_dry,7956,dry_season_steep_slope,26.048,91.8695,41.93,1063.4,0.991,0.134,36.3,25.9,37.8,1.2,2.26,5.13,10.24,1.6441,0
7956_flat,7956,monsoon_flat_floodplain,26.3212,91.0065,1.5,42.0,-0.9909,-0.9808,20.5,50.0,29.5,1.36,3.49,124.66,395.7,1.0409,0
7956_permeable,7956,permeable_slope,26.029001551458535,91.87824095943567,12.44,315.3,0.991,0.134,12.4,60.83,26.77,1.32,2.45,75.15,234.31,2.9484,0
7972_pos,7972,real_landslide_event,23.4495,92.8112,41.54,1790.0,0.7022,-0.712,36.6,20.8,42.6,1.2,1.3,16.5,33.51,5.6104,1
7972_monsoon_stable,7972,normal_monsoon_stable_slope,23.43513974711492,92.79524493752919,41.54,1790.0,0.7022,-0.712,36.6,20.8,42.6,1.2,20.77,46.28,56.34,9.4324,0
7972_dry,7972,dry_season_steep_slope,23.4495,92.8112,41.54,1790.0,0.7022,-0.712,36.6,20.8,42.6,1.2,1.2,4.95,5.65,0.9466,0
7972_flat,7972,monsoon_flat_floodplain,26.0207,89.9744,1.6,38.0,0.9956,0.3212,22.5,47.0,30.5,1.37,1.55,14.86,36.34,0.1134,0
7972_permeable,7972,permeable_slope,23.44982441724807,92.80979800473082,22.43,709.5,0.7022,-0.712,15.73,64.55,19.72,1.32,0.91,12.38,24.13,0.6667,0
8012_pos,8012,real_landslide_event,25.9703,91.8584,35.26,1593.4,-0.986,0.1668,40.1,17.2,42.7,1.2,7.7,53.6,294.84,48.5298,1
8012_monsoon_stable,8012,normal_monsoon_stable_slope,25.988544861677305,91.86706184601928,35.26,1593.4,-0.986,0.1668,40.1,17.2,42.7,1.2,9.63,31.71,38.22,6.2917,0
8012_dry,8012,dry_season_steep_slope,25.9703,91.8584,35.26,1593.4,-0.986,0.1668,40.1,17.2,42.7,1.2,2.06,5.52,8.48,1.3956,0
8012_flat,8012,monsoon_flat_floodplain,26.5413,88.7196,2.1,75.0,-0.9218,0.1951,23.0,46.0,31.0,1.34,8.21,54.46,280.1,1.2066,0
8012_permeable,8012,permeable_slope,26.004007961391014,91.8275963380368,21.13,418.0,-0.986,0.1668,17.22,61.97,20.81,1.32,5.39,40.2,212.28,6.1627,0
8222_pos,8222,real_landslide_event,26.1961,91.7825,31.79,669.1,-0.4879,0.8729,31.5,31.6,36.9,1.2,11.7,18.7,96.17,10.1059,1
8222_monsoon_stable,8222,normal_monsoon_stable_slope,26.194641505167944,91.79491927236465,31.79,669.1,-0.4879,0.8729,31.5,31.6,36.9,1.2,26.41,49.2,60.42,6.3485,0
8222_dry,8222,dry_season_steep_slope,26.1961,91.7825,31.79,669.1,-0.4879,0.8729,31.5,31.6,36.9,1.2,0.25,2.47,5.31,0.5576,0
8222_flat,8222,monsoon_flat_floodplain,26.1445,91.7362,1.8,55.0,0.2975,-0.9559,22.0,48.0,30.0,1.35,13.21,22.14,93.21,0.3224,0
8222_permeable,8222,permeable_slope,26.186463529050098,91.82052924015983,19.28,719.3,-0.4879,0.8729,14.03,57.12,28.85,1.32,8.19,14.02,69.24,1.5465,0
8223_pos,8223,real_landslide_event,23.7348,92.7187,37.78,2063.1,-0.9455,-0.3256,38.7,16.6,44.7,1.2,10.7,31.2,43.09,7.302,1
8223_monsoon_stable,8223,normal_monsoon_stable_slope,23.722038858257832,92.70148198535149,37.78,2063.1,-0.9455,-0.3256,38.7,16.6,44.7,1.2,9.17,20.73,33.28,5.6383,0
8223_dry,8223,dry_season_steep_slope,23.7348,92.7187,37.78,2063.1,-0.9455,-0.3256,38.7,16.6,44.7,1.2,0.67,3.43,6.87,1.1634,0
8223_flat,8223,monsoon_flat_floodplain,26.7509,92.7926,1.4,48.0,0.0883,0.9778,21.0,52.0,27.0,1.38,11.78,33.62,45.32,0.1109,0
8223_permeable,8223,permeable_slope,23.746928915409935,92.73191058065194,17.07,698.3,-0.9455,-0.3256,14.61,50.94,34.45,1.32,7.49,23.4,31.03,0.668,0
8224_pos,8224,real_landslide_event,23.7313,92.7187,35.36,1668.5,0.742,-0.6704,35.7,22.6,41.7,1.2,10.7,31.2,43.09,6.0516,1
8224_monsoon_stable,8224,normal_monsoon_stable_slope,23.74363956786534,92.72654463039667,35.36,1668.5,0.742,-0.6704,35.7,22.6,41.7,1.2,26.22,55.33,63.4,8.9028,0
8224_dry,8224,dry_season_steep_slope,23.7313,92.7187,35.36,1668.5,0.742,-0.6704,35.7,22.6,41.7,1.2,1.48,2.52,6.08,0.8532,0
8224_flat,8224,monsoon_flat_floodplain,27.4728,94.912,1.9,108.0,0.8487,-0.9315,23.5,45.0,31.5,1.32,9.22,29.07,46.35,0.1887,0
8224_permeable,8224,permeable_slope,23.73962965376662,92.74667862104647,12.57,440.7,0.742,-0.6704,12.35,60.19,27.46,1.32,7.49,23.4,31.03,0.3944,0
8237_pos,8237,real_landslide_event,27.0136,92.6351,44.65,1205.4,-0.1063,-0.9943,29.5,33.8,36.7,1.2,25.6,70.7,88.44,11.4191,1
8237_monsoon_stable,8237,normal_monsoon_stable_slope,26.994813452264978,92.62869630916563,44.65,1205.4,-0.1063,-0.9943,29.5,33.8,36.7,1.2,8.42,26.48,34.47,4.4507,0
8237_dry,8237,dry_season_steep_slope,27.0136,92.6351,44.65,1205.4,-0.1063,-0.9943,29.5,33.8,36.7,1.2,1.83,4.93,5.72,0.7391,0
8237_flat,8237,monsoon_flat_floodplain,24.8333,92.7789,1.2,25.0,-0.5541,0.9985,24.0,42.0,34.0,1.4,23.82,73.69,89.03,0.2251,0
8237_permeable,8237,permeable_slope,27.013017083590412,92.66707478130711,15.73,712.2,-0.1063,-0.9943,11.11,56.85,32.04,1.32,17.92,53.03,63.67,0.9268,0
8339_pos,8339,real_landslide_event,26.1666,91.7042,38.99,601.7,0.5284,-0.849,30.9,33.0,36.1,1.2,30.3,76.6,131.72,16.0459,1
8339_monsoon_stable,8339,normal_monsoon_stable_slope,26.173235818951625,91.70792900650721,38.99,601.7,0.5284,-0.849,30.9,33.0,36.1,1.2,27.74,52.86,62.79,7.6483,0
8339_dry,8339,dry_season_steep_slope,26.1666,91.7042,38.99,601.7,0.5284,-0.849,30.9,33.0,36.1,1.2,0.5,3.02,6.62,0.8064,0
8339_flat,8339,monsoon_flat_floodplain,26.3212,91.0065,1.5,42.0,0.2563,0.947,20.5,50.0,29.5,1.36,26.51,81.32,152.28,0.4006,0
8339_permeable,8339,permeable_slope,26.147010977545055,91.73530015668366,15.39,557.2,0.5284,-0.849,16.21,64.74,19.05,1.32,21.21,57.45,94.84,1.8756,0
8366_pos,8366,real_landslide_event,25.583,91.893,45.86,1310.2,0.8121,0.5835,38.1,21.8,40.1,1.2,50.4,157.3,180.03,33.6773,1
8366_monsoon_stable,8366,normal_monsoon_stable_slope,25.564927176866846,91.88539685227902,45.86,1310.2,0.8121,0.5835,38.1,21.8,40.1,1.2,13.54,39.4,45.51,8.5138,0
8366_dry,8366,dry_season_steep_slope,25.583,91.893,45.86,1310.2,0.8121,0.5835,38.1,21.8,40.1,1.2,1.22,1.95,7.83,1.4641,0
8366_flat,8366,monsoon_flat_floodplain,26.0207,89.9744,1.6,38.0,0.6769,0.2115,22.5,47.0,30.5,1.37,51.52,150.87,190.67,0.5948,0
8366_permeable,8366,permeable_slope,25.588931276638036,91.90745849174432,25.41,572.2,0.8121,0.5835,12.18,64.85,22.97,1.32,35.28,117.98,129.62,3.1123,0
8684_pos,8684,real_landslide_event,25.9611,91.3681,36.93,1180.7,0.8471,-0.5314,37.1,24.0,38.9,1.2,27.2,171.9,294.32,44.0903,1
8684_monsoon_stable,8684,normal_monsoon_stable_slope,25.97693792810288,91.37426361537737,36.93,1180.7,0.8471,-0.5314,37.1,24.0,38.9,1.2,15.11,38.14,44.52,6.6699,0
8684_dry,8684,dry_season_steep_slope,25.9611,91.3681,36.93,1180.7,0.8471,-0.5314,37.1,24.0,38.9,1.2,2.92,3.11,8.94,1.3397,0
8684_flat,8684,monsoon_flat_floodplain,26.5413,88.7196,2.1,75.0,-0.7402,0.3479,23.0,46.0,31.0,1.34,32.44,173.8,342.63,1.476,0
8684_permeable,8684,permeable_slope,25.949214712161265,91.34348406572227,13.4,442.5,0.8471,-0.5314,14.4,56.05,29.56,1.32,19.04,128.93,211.91,3.4311,0
8900_pos,8900,real_landslide_event,25.0118,94.3136,32.61,1349.5,0.9988,0.0488,33.2,27.5,39.2,1.2,2.8,24.9,103.16,12.0634,1
8900_monsoon_stable,8900,normal_monsoon_stable_slope,25.001952585706714,94.3254059750717,32.61,1349.5,0.9988,0.0488,33.2,27.5,39.2,1.2,21.99,42.3,55.61,6.5031,0
8900_dry,8900,dry_season_steep_slope,25.0118,94.3136,32.61,1349.5,0.9988,0.0488,33.2,27.5,39.2,1.2,2.16,6.95,11.22,1.3125,0
8900_flat,8900,monsoon_flat_floodplain,26.1445,91.7362,1.8,55.0,-0.8608,0.804,22.0,48.0,30.0,1.35,3.23,31.72,105.22,0.3639,0
8900_permeable,8900,permeable_slope,25.0499237327109,94.27589675495018,16.09,667.8,0.9988,0.0488,17.66,63.91,18.43,1.32,1.96,18.67,74.27,1.6805,0
8901_pos,8901,real_landslide_event,25.7902,94.1318,47.22,806.2,0.0035,1.0,29.0,35.9,35.0,1.2,17.9,23.3,96.29,12.5673,1
8901_monsoon_stable,8901,normal_monsoon_stable_slope,25.78291459732688,94.14427924535022,47.22,806.2,0.0035,1.0,29.0,35.9,35.0,1.2,25.01,59.85,70.3,9.1754,0
8901_dry,8901,dry_season_steep_slope,25.7902,94.1318,47.22,806.2,0.0035,1.0,29.0,35.9,35.0,1.2,3.0,5.61,6.5,0.8488,0
8901_flat,8901,monsoon_flat_floodplain,26.7509,92.7926,1.4,48.0,-0.6312,0.8774,21.0,52.0,27.0,1.38,18.51,28.26,95.56,0.2337,0
8901_permeable,8901,permeable_slope,25.757408614497447,94.13509598002437,22.42,351.0,0.0035,1.0,15.75,62.62,21.63,1.32,12.53,17.47,69.33,1.9405,0
8930_pos,8930,real_landslide_event,26.1699,94.4922,40.06,1140.1,0.9888,0.1495,31.6,30.8,37.6,1.2,10.2,37.1,94.02,12.1825,1
8930_monsoon_stable,8930,normal_monsoon_stable_slope,26.15641894884598,94.50258880240209,40.06,1140.1,0.9888,0.1495,31.6,30.8,37.6,1.2,27.61,52.38,63.69,8.2527,0
8930_dry,8930,dry_season_steep_slope,26.1699,94.4922,40.06,1140.1,0.9888,0.1495,31.6,30.8,37.6,1.2,2.55,6.69,11.52,1.4921,0
8930_flat,8930,monsoon_flat_floodplain,27.4728,94.912,1.9,108.0,0.4154,0.8426,23.5,45.0,31.5,1.32,12.69,34.53,98.74,0.402,0
8930_permeable,8930,permeable_slope,26.2098034763306,94.47693540887808,19.12,655.2,0.9888,0.1495,11.86,59.92,28.22,1.32,7.14,27.83,67.7,1.246,0
8995_pos,8995,real_landslide_event,26.1963,91.8074,41.54,1329.7,-0.0488,0.9988,37.4,18.4,44.2,1.2,10.0,34.4,96.58,16.8595,1
8995_monsoon_stable,8995,normal_monsoon_stable_slope,26.18460679286007,91.82225231206499,41.54,1329.7,-0.0488,0.9988,37.4,18.4,44.2,1.2,27.15,39.55,52.86,9.2281,0
8995_dry,8995,dry_season_steep_slope,26.1963,91.8074,41.54,1329.7,-0.0488,0.9988,37.4,18.4,44.2,1.2,2.12,4.48,6.24,1.0901,0
8995_flat,8995,monsoon_flat_floodplain,24.8333,92.7789,1.2,25.0,0.2051,0.8428,24.0,42.0,34.0,1.4,11.25,36.96,113.9,0.288,0
8995_permeable,8995,permeable_slope,26.17659565697894,91.83894251828809,20.0,255.2,-0.0488,0.9988,15.61,52.12,32.28,1.32,7.0,25.8,69.54,1.8483,0
8996_pos,8996,real_landslide_event,26.1768,91.7702,38.18,560.9,-0.9373,0.3486,30.5,33.8,35.7,1.2,10.0,34.4,96.58,11.3408,1
8996_monsoon_stable,8996,normal_monsoon_stable_slope,26.168732032614784,91.75238271083535,38.18,560.9,-0.9373,0.3486,30.5,33.8,35.7,1.2,8.75,32.09,40.79,4.7898,0
8996_dry,8996,dry_season_steep_slope,26.1768,91.7702,38.18,560.9,-0.9373,0.3486,30.5,33.8,35.7,1.2,1.06,1.28,2.88,0.3381,0
8996_flat,8996,monsoon_flat_floodplain,26.3212,91.0065,1.5,42.0,-0.1138,-0.087,20.5,50.0,29.5,1.36,11.97,37.01,99.56,0.2619,0
8996_permeable,8996,permeable_slope,26.16041505294607,91.7819489278686,15.49,447.7,-0.9373,0.3486,11.87,51.13,37.0,1.32,7.0,25.8,69.54,1.1056,0
9010_pos,9010,real_landslide_event,27.3034,93.804,46.34,1382.1,0.8862,-0.4633,30.4,31.9,37.7,1.2,27.1,68.1,84.54,11.7463,1
9010_monsoon_stable,9010,normal_monsoon_stable_slope,27.287204896961242,93.80887076819118,46.34,1382.1,0.8862,-0.4633,30.4,31.9,37.7,1.2,8.68,29.36,37.37,5.1921,0
9010_dry,9010,dry_season_steep_slope,27.3034,93.804,46.34,1382.1,0.8862,-0.4633,30.4,31.9,37.7,1.2,1.56,3.77,8.61,1.1958,0
9010_flat,9010,monsoon_flat_floodplain,26.0207,89.9744,1.6,38.0,-0.967,-0.6677,22.5,47.0,30.5,1.37,27.06,77.67,85.68,0.2673,0
9010_permeable,9010,permeable_slope,27.28787800706535,93.79021340822929,20.22,399.4,0.8862,-0.4633,12.79,57.56,29.65,1.32,18.97,51.07,60.87,1.2934,0
9051_pos,9051,real_landslide_event,26.09748244,91.8744337,34.16,1539.5,-0.1771,0.9842,39.7,18.1,42.2,1.2,34.5,108.6,170.0,26.7404,1
9051_monsoon_stable,9051,normal_monsoon_stable_slope,26.10650481945606,91.86082705069539,34.16,1539.5,-0.1771,0.9842,39.7,18.1,42.2,1.2,27.68,48.53,61.18,9.6225,0
9051_dry,9051,dry_season_steep_slope,26.09748244,91.8744337,34.16,1539.5,-0.1771,0.9842,39.7,18.1,42.2,1.2,2.11,5.49,7.89,1.2418,0
9051_flat,9051,monsoon_flat_floodplain,26.5413,88.7196,2.1,75.0,0.1454,-0.6005,23.0,46.0,31.0,1.34,43.02,136.58,164.87,0.7102,0
9051_permeable,9051,permeable_slope,26.108938998711253,91.84251906503184,12.48,451.7,-0.1771,0.9842,12.97,67.61,19.43,1.32,24.15,81.45,122.4,1.5506,0
9074_pos,9074,real_landslide_event,27.1176,88.1069,50.84,2185.8,-0.7638,0.6455,34.9,23.9,41.2,1.2,96.7,187.7,365.95,66.6052,1
9074_monsoon_stable,9074,normal_monsoon_stable_slope,27.113506063190467,88.12068264952035,50.84,2185.8,-0.7638,0.6455,34.9,23.9,41.2,1.2,14.12,42.05,48.11,8.7566,0
9074_dry,9074,dry_season_steep_slope,27.1176,88.1069,50.84,2185.8,-0.7638,0.6455,34.9,23.9,41.2,1.2,0.74,1.76,7.51,1.3665,0
9074_flat,9074,monsoon_flat_floodplain,26.1445,91.7362,1.8,55.0,-0.5957,0.0492,22.0,48.0,30.0,1.35,90.16,224.08,356.65,1.2335,0
9074_permeable,9074,permeable_slope,27.15098796718909,88.12303873293874,24.65,323.2,-0.7638,0.6455,15.98,52.77,31.25,1.32,67.69,140.77,263.48,8.7077,0
9087_pos,9087,real_landslide_event,28.235,94.9612,43.44,2280.0,0.986,-0.1668,34.9,22.4,42.7,1.2,22.2,85.3,156.17,25.5144,1
9087_monsoon_stable,9087,normal_monsoon_stable_slope,28.237726592006663,94.97263858321452,43.44,2280.0,0.986,-0.1668,34.9,22.4,42.7,1.2,11.27,36.9,50.04,8.1755,0
9087_dry,9087,dry_season_steep_slope,28.235,94.9612,43.44,2280.0,0.986,-0.1668,34.9,22.4,42.7,1.2,2.7,3.9,6.06,0.9902,0
9087_flat,9087,monsoon_flat_floodplain,26.7509,92.7926,1.4,48.0,-0.0624,0.0141,21.0,52.0,27.0,1.38,26.53,98.26,191.06,0.4673,0
9087_permeable,9087,permeable_slope,28.20825760821167,94.9629603045684,25.18,263.6,0.986,-0.1668,10.52,65.77,23.71,1.32,15.54,63.97,112.44,2.2996,0
9122_pos,9122,real_landslide_event,26.1966,91.802,41.62,721.9,-0.7059,-0.7083,32.0,30.6,37.5,1.2,19.0,48.3,111.77,15.1584,1
9122_monsoon_stable,9122,normal_monsoon_stable_slope,26.209272339817844,91.81480113835387,41.62,721.9,-0.7059,-0.7083,32.0,30.6,37.5,1.2,18.53,40.41,49.4,6.6992,0
9122_dry,9122,dry_season_steep_slope,26.1966,91.802,41.62,721.9,-0.7059,-0.7083,32.0,30.6,37.5,1.2,0.69,5.17,8.69,1.1779,0
9122_flat,9122,monsoon_flat_floodplain,27.4728,94.912,1.9,108.0,-0.4913,0.9999,23.5,45.0,31.5,1.32,17.9,49.59,126.94,0.5167,0
9122_permeable,9122,permeable_slope,26.170153270463796,91.81433982912195,13.55,406.8,-0.7059,-0.7083,17.35,50.07,32.59,1.32,13.3,36.22,80.48,1.6511,0
9124_pos,9124,real_landslide_event,25.203,90.5573,39.85,753.1,-0.0017,-1.0,34.0,30.9,35.0,1.2,16.6,97.0,130.9,18.1555,1
9124_monsoon_stable,9124,normal_monsoon_stable_slope,25.189762592474246,90.56805738783342,39.85,753.1,-0.0017,-1.0,34.0,30.9,35.0,1.2,22.57,56.51,60.53,8.3955,0
9124_dry,9124,dry_season_steep_slope,25.203,90.5573,39.85,753.1,-0.0017,-1.0,34.0,30.9,35.0,1.2,1.3,6.05,8.68,1.2034,0
9124_flat,9124,monsoon_flat_floodplain,24.8333,92.7789,1.2,25.0,-0.1092,0.2453,24.0,42.0,34.0,1.4,16.83,106.3,139.67,0.3531,0
9124_permeable,9124,permeable_slope,25.24153535898681,90.55028295276082,20.43,313.9,-0.0017,-1.0,11.99,52.12,35.89,1.32,11.62,72.75,94.25,1.9646,0
9138_pos,9138,real_landslide_event,26.9015,88.4719,51.65,2395.6,-0.7083,0.7059,36.0,21.5,42.5,1.2,116.3,236.1,391.84,75.875,1
9138_monsoon_stable,9138,normal_monsoon_stable_slope,26.8855956127339,88.46546330319008,51.65,2395.6,-0.7083,0.7059,36.0,21.5,42.5,1.2,17.4,48.81,58.53,11.3327,0
9138_dry,9138,dry_season_steep_slope,26.9015,88.4719,51.65,2395.6,-0.7083,0.7059,36.0,21.5,42.5,1.2,1.64,2.28,4.62,0.895,0
9138_flat,9138,monsoon_flat_floodplain,26.3212,91.0065,1.5,42.0,-0.0244,0.1544,20.5,50.0,29.5,1.36,121.76,228.91,437.8,1.1516,0
9138_permeable,9138,permeable_slope,26.903112474889394,88.4883323873489,17.28,538.3,-0.7083,0.7059,10.88,55.43,33.69,1.32,81.41,177.07,282.12,4.4424,0
9142_pos,9142,real_landslide_event,26.3185,94.5247,42.53,1378.0,-0.9994,-0.0349,33.4,27.1,39.4,1.2,10.3,65.6,155.14,22.9656,1
9142_monsoon_stable,9142,normal_monsoon_stable_slope,26.29929484855655,94.54315109038944,42.53,1378.0,-0.9994,-0.0349,33.4,27.1,39.4,1.2,18.7,39.64,50.42,7.4643,0
9142_dry,9142,dry_season_steep_slope,26.3185,94.5247,42.53,1378.0,-0.9994,-0.0349,33.4,27.1,39.4,1.2,1.14,2.13,6.96,1.0308,0
9142_flat,9142,monsoon_flat_floodplain,26.0207,89.9744,1.6,38.0,-0.9128,0.7555,22.5,47.0,30.5,1.37,11.37,79.15,172.94,0.5395,0
9142_permeable,9142,permeable_slope,26.353793092250246,94.50022837076669,19.65,380.8,-0.9994,-0.0349,11.83,51.64,36.53,1.32,7.21,49.2,111.7,2.2199,0
9168_pos,9168,real_landslide_event,27.6438,93.871,45.13,1183.1,0.977,0.213,29.4,34.0,36.6,1.2,11.6,37.9,104.64,13.5588,1
9168_monsoon_stable,9168,normal_monsoon_stable_slope,27.63921849922065,93.85469615379745,45.13,1183.1,0.977,0.213,29.4,34.0,36.6,1.2,22.18,49.56,56.69,7.3459,0
9168_dry,9168,dry_season_steep_slope,27.6438,93.871,45.13,1183.1,0.977,0.213,29.4,34.0,36.6,1.2,0.34,3.4,7.62,0.9879,0
9168_flat,9168,monsoon_flat_floodplain,26.5413,88.7196,2.1,75.0,0.3943,-0.9984,23.0,46.0,31.0,1.34,12.64,34.37,102.63,0.4421,0
9168_permeable,9168,permeable_slope,27.678795474998164,93.84248024077245,21.74,457.7,0.977,0.213,12.2,56.02,31.78,1.32,8.12,28.42,75.34,1.6532,0
9169_pos,9169,real_landslide_event,26.1677,94.2442,36.29,1971.1,-0.0628,0.998,38.0,18.0,44.0,1.2,10.1,73.6,87.27,13.8611,1
9169_monsoon_stable,9169,normal_monsoon_stable_slope,26.14895913265217,94.25122231384208,36.29,1971.1,-0.0628,0.998,38.0,18.0,44.0,1.2,9.74,40.73,49.65,7.887,0
9169_dry,9169,dry_season_steep_slope,26.1677,94.2442,36.29,1971.1,-0.0628,0.998,38.0,18.0,44.0,1.2,1.17,2.53,6.16,0.9783,0
9169_flat,9169,monsoon_flat_floodplain,26.1445,91.7362,1.8,55.0,0.9835,-0.3683,22.0,48.0,30.0,1.35,11.22,74.85,105.35,0.3644,0
9169_permeable,9169,permeable_slope,26.178257426465304,94.22251618832243,24.71,711.8,-0.0628,0.998,14.73,61.41,23.85,1.32,7.07,55.2,62.83,1.816,0
9186_pos,9186,real_landslide_event,25.48,94.1383,47.96,1889.5,0.9774,-0.2113,37.4,19.2,43.4,1.2,16.6,44.7,67.17,13.0438,1
9186_monsoon_stable,9186,normal_monsoon_stable_slope,25.496708909263152,94.12981480575897,47.96,1889.5,0.9774,-0.2113,37.4,19.2,43.4,1.2,20.12,35.94,44.17,8.5769,0
9186_dry,9186,dry_season_steep_slope,25.48,94.1383,47.96,1889.5,0.9774,-0.2113,37.4,19.2,43.4,1.2,1.2,1.44,7.21,1.4002,0
9186_flat,9186,monsoon_flat_floodplain,26.7509,92.7926,1.4,48.0,-0.9475,-0.9971,21.0,52.0,27.0,1.38,14.67,47.77,61.38,0.1501,0
9186_permeable,9186,permeable_slope,25.504148343733384,94.10705842888422,14.23,671.1,0.9774,-0.2113,14.75,60.83,24.43,1.32,11.62,33.53,48.36,0.8257,0
9215_pos,9215,real_landslide_event,27.1758,88.5294,38.25,2533.3,-0.6691,0.7431,36.7,20.0,43.3,1.2,0.0,0.5,6.88,1.0856,1
9215_monsoon_stable,9215,normal_monsoon_stable_slope,27.17748706723176,88.54310370020754,38.25,2533.3,-0.6691,0.7431,36.7,20.0,43.3,1.2,18.83,37.72,51.68,8.155,0
9215_dry,9215,dry_season_steep_slope,27.1758,88.5294,38.25,2533.3,-0.6691,0.7431,36.7,20.0,43.3,1.2,2.64,4.92,5.7,0.8999,0
9215_flat,9215,monsoon_flat_floodplain,27.4728,94.912,1.9,108.0,0.9631,0.2023,23.5,45.0,31.5,1.32,0.0,0.46,8.22,0.0335,0
9215_permeable,9215,permeable_slope,27.1503520517255,88.55698708055833,20.86,326.0,-0.6691,0.7431,14.51,61.24,24.24,1.32,0.0,0.38,4.95,0.1203,0
9219_pos,9219,real_landslide_event,26.0101,94.5282,46.62,1344.7,0.9987,0.0506,33.2,27.6,39.2,1.2,1.5,80.4,93.62,14.7533,1
9219_monsoon_stable,9219,normal_monsoon_stable_slope,26.020859702909306,94.53481158656818,46.62,1344.7,0.9987,0.0506,33.2,27.6,39.2,1.2,15.78,31.2,46.36,7.306,0
9219_dry,9219,dry_season_steep_slope,26.0101,94.5282,46.62,1344.7,0.9987,0.0506,33.2,27.6,39.2,1.2,2.92,3.07,5.02,0.7913,0
9219_flat,9219,monsoon_flat_floodplain,24.8333,92.7789,1.2,25.0,-0.8508,0.9923,24.0,42.0,34.0,1.4,1.8,72.71,104.74,0.2648,0
9219_permeable,9219,permeable_slope,26.005351402254348,94.54669941182927,22.53,361.1,0.9987,0.0506,12.25,63.57,24.18,1.32,1.05,60.3,67.4,1.4655,0
9220_pos,9220,real_landslide_event,27.1027,88.1218,51.21,1793.5,0.9968,0.0802,33.0,28.3,38.7,1.2,172.7,240.5,465.96,77.8474,1
9220_monsoon_stable,9220,normal_monsoon_stable_slope,27.097690975805026,88.12252346619661,51.21,1793.5,0.9968,0.0802,33.0,28.3,38.7,1.2,12.47,34.8,48.74,8.1428,0
9220_dry,9220,dry_season_steep_slope,27.1027,88.1218,51.21,1793.5,0.9968,0.0802,33.0,28.3,38.7,1.2,2.16,4.56,8.01,1.3374,0
9220_flat,9220,monsoon_flat_floodplain,26.3212,91.0065,1.5,42.0,0.9852,0.3512,20.5,50.0,29.5,1.36,148.83,251.18,451.49,1.1876,0
9220_permeable,9220,permeable_slope,27.099097719044632,88.13238369387184,16.62,602.2,0.9968,0.0802,17.1,64.85,18.05,1.32,120.89,180.38,335.49,7.5391,0
9232_pos,9232,real_landslide_event,23.5397,93.3783,41.7,1296.9,-0.7638,-0.6455,32.8,28.4,38.8,1.2,3.1,29.2,44.64,6.3219,1
9232_monsoon_stable,9232,normal_monsoon_stable_slope,23.559434770029423,93.39630018002084,41.7,1296.9,-0.7638,-0.6455,32.8,28.4,38.8,1.2,26.82,38.14,51.16,7.2448,0
9232_dry,9232,dry_season_steep_slope,23.5397,93.3783,41.7,1296.9,-0.7638,-0.6455,32.8,28.4,38.8,1.2,1.17,2.73,7.43,1.0525,0
9232_flat,9232,monsoon_flat_floodplain,26.0207,89.9744,1.6,38.0,-0.1437,-0.2728,22.5,47.0,30.5,1.37,2.94,27.43,52.33,0.1632,0
9232_permeable,9232,permeable_slope,23.5532768624382,93.37068652432174,22.04,585.8,-0.7638,-0.6455,12.01,60.29,27.7,1.32,2.17,21.9,32.14,0.6844,0
9251_pos,9251,real_landslide_event,25.8702,94.7844,39.69,829.7,0.599,0.8007,29.2,35.5,35.2,1.2,3.6,13.9,84.56,9.6981,1
9251_monsoon_stable,9251,normal_monsoon_stable_slope,25.856080852837437,94.78170376486622,39.69,829.7,0.599,0.8007,29.2,35.5,35.2,1.2,19.23,38.62,47.21,5.4149,0
9251_dry,9251,dry_season_steep_slope,25.8702,94.7844,39.69,829.7,0.599,0.8007,29.2,35.5,35.2,1.2,2.39,5.22,5.95,0.6827,0
9251_flat,9251,monsoon_flat_floodplain,26.5413,88.7196,2.1,75.0,-0.3151,-0.9997,23.0,46.0,31.0,1.34,3.67,13.73,100.95,0.4349,0
9251_permeable,9251,permeable_slope,25.84052482893905,94.80509126147786,19.95,561.9,0.599,0.8007,13.49,54.4,32.11,1.32,2.52,10.43,60.88,1.3746,0
9252_pos,9252,real_landslide_event,27.5748,91.8644,37.29,1453.3,-0.421,0.907,30.8,31.2,38.1,1.2,8.4,42.0,159.49,18.9033,1
9252_monsoon_stable,9252,normal_monsoon_stable_slope,27.588325688861925,91.85257711254035,37.29,1453.3,-0.421,0.907,30.8,31.2,38.1,1.2,24.78,56.09,66.49,7.8806,0
9252_dry,9252,dry_season_steep_slope,27.5748,91.8644,37.29,1453.3,-0.421,0.907,30.8,31.2,38.1,1.2,2.5,7.0,7.41,0.8782,0
9252_flat,9252,monsoon_flat_floodplain,26.1445,91.7362,1.8,55.0,-0.7305,1.0,22.0,48.0,30.0,1.35,9.23,38.05,155.92,0.5393,0
9252_permeable,9252,permeable_slope,27.594693387522835,91.86563532560781,18.12,285.6,-0.421,0.907,14.37,62.9,22.73,1.32,5.88,31.5,114.83,2.387,0
9334_pos,9334,real_landslide_event,24.5204,92.7264,32.0,1204.7,-0.6921,0.7218,36.3,20.9,42.8,1.2,28.0,56.5,83.53,11.0753,1
9334_monsoon_stable,9334,normal_monsoon_stable_slope,24.526648593485767,92.7397489713278,32.0,1204.7,-0.6921,0.7218,36.3,20.9,42.8,1.2,22.89,53.47,58.44,7.7482,0
9334_dry,9334,dry_season_steep_slope,24.5204,92.7264,32.0,1204.7,-0.6921,0.7218,36.3,20.9,42.8,1.2,1.84,3.1,8.88,1.1769,0
9334_flat,9334,monsoon_flat_floodplain,26.7509,92.7926,1.4,48.0,-0.7324,-0.9965,21.0,52.0,27.0,1.38,32.27,53.64,102.1,0.2497,0
9334_permeable,9334,permeable_slope,24.483499416217796,92.6925003484057,15.9,263.0,-0.6921,0.7218,15.09,58.69,26.22,1.32,19.6,42.38,60.14,1.187,0
9335_pos,9335,real_landslide_event,24.5202,92.7239,28.51,755.6,0.4352,-0.9003,32.3,29.9,37.8,1.2,28.0,56.5,83.53,8.2616,1
9335_monsoon_stable,9335,normal_monsoon_stable_slope,24.53007805203587,92.71158785008735,28.51,755.6,0.4352,-0.9003,32.3,29.9,37.8,1.2,27.93,38.99,52.34,5.1765,0
9335_dry,9335,dry_season_steep_slope,24.5202,92.7239,28.51,755.6,0.4352,-0.9003,32.3,29.9,37.8,1.2,0.54,1.64,5.13,0.5076,0
9335_flat,9335,monsoon_flat_floodplain,27.4728,94.912,1.9,108.0,-0.2096,-0.1139,23.5,45.0,31.5,1.32,27.2,72.12,87.01,0.3542,0
9335_permeable,9335,permeable_slope,24.48317485371207,92.73619783291537,15.46,599.2,0.4352,-0.9003,11.04,61.74,27.22,1.32,19.6,42.38,60.14,0.8292,0
9336_pos,9336,real_landslide_event,24.5308,92.5121,39.23,621.3,0.6547,0.7559,31.1,32.6,36.3,1.2,31.7,70.4,96.81,11.9662,1
9336_monsoon_stable,9336,normal_monsoon_stable_slope,24.52039259335472,92.52516929424077,39.23,621.3,0.6547,0.7559,31.1,32.6,36.3,1.2,21.26,34.57,45.14,5.5803,0
9336_dry,9336,dry_season_steep_slope,24.5308,92.5121,39.23,621.3,0.6547,0.7559,31.1,32.6,36.3,1.2,2.46,2.87,8.33,1.0299,0
9336_flat,9336,monsoon_flat_floodplain,24.8333,92.7789,1.2,25.0,0.9957,0.9715,24.0,42.0,34.0,1.4,33.16,77.63,97.01,0.2453,0
9336_permeable,9336,permeable_slope,24.54454482517849,92.49963456582236,13.4,542.3,0.6547,0.7559,12.64,58.03,29.34,1.32,22.19,52.8,69.7,0.9782,0
9338_pos,9338,real_landslide_event,24.4638,92.4943,31.13,750.2,-0.7193,-0.6947,32.2,30.0,37.8,1.2,31.7,70.4,96.81,10.3303,1
9338_monsoon_stable,9338,normal_monsoon_stable_slope,24.44729162886204,92.50483206007642,31.13,750.2,-0.7193,-0.6947,32.2,30.0,37.8,1.2,18.23,42.87,56.02,5.9775,0
9338_dry,9338,dry_season_steep_slope,24.4638,92.4943,31.13,750.2,-0.7193,-0.6947,32.2,30.0,37.8,1.2,0.32,0.37,1.94,0.2066,0
9338_flat,9338,monsoon_flat_floodplain,26.3212,91.0065,1.5,42.0,0.5866,-0.455,20.5,50.0,29.5,1.36,36.32,71.64,120.3,0.3165,0
9338_permeable,9338,permeable_slope,24.48950588638063,92.4992362792023,23.06,640.1,-0.7193,-0.6947,13.46,60.88,25.65,1.32,22.19,52.8,69.7,1.7309,0
9404_pos,9404,real_landslide_event,28.0822,96.5316,47.33,1919.1,-0.2689,0.9632,33.1,26.2,40.7,1.2,7.0,20.9,86.01,13.8219,1
9404_monsoon_stable,9404,normal_monsoon_stable_slope,28.070578161978936,96.53211112050339,47.33,1919.1,-0.2689,0.9632,33.1,26.2,40.7,1.2,17.69,31.05,39.55,6.3554,0
9404_dry,9404,dry_season_steep_slope,28.0822,96.5316,47.33,1919.1,-0.2689,0.9632,33.1,26.2,40.7,1.2,0.55,3.58,8.73,1.4033,0
9404_flat,9404,monsoon_flat_floodplain,26.0207,89.9744,1.6,38.0,-0.0783,0.6147,22.5,47.0,30.5,1.37,7.82,25.91,98.26,0.3065,0
9404_permeable,9404,permeable_slope,28.092185666324312,96.56723605764118,18.87,443.9,-0.2689,0.9632,14.42,60.72,24.86,1.32,4.9,15.67,61.93,1.3617,0
9405_pos,9405,real_landslide_event,26.7223,95.0243,40.36,1640.9,0.3955,0.9184,35.5,23.1,41.5,1.2,36.6,62.3,92.15,14.3411,1
9405_monsoon_stable,9405,normal_monsoon_stable_slope,26.72801119635295,95.02434169565346,40.36,1640.9,0.3955,0.9184,35.5,23.1,41.5,1.2,23.65,33.82,42.38,6.5959,0
9405_dry,9405,dry_season_steep_slope,26.7223,95.0243,40.36,1640.9,0.3955,0.9184,35.5,23.1,41.5,1.2,1.5,3.75,8.32,1.2954,0
9405_flat,9405,monsoon_flat_floodplain,26.5413,88.7196,2.1,75.0,-0.0992,-0.9504,23.0,46.0,31.0,1.34,41.65,72.7,109.38,0.4712,0
9405_permeable,9405,permeable_slope,26.736631654886324,95.03510971949775,13.65,417.4,0.3955,0.9184,16.32,67.93,15.75,1.32,25.62,46.72,66.35,1.153,0
9464_pos,9464,real_landslide_event,27.5754,91.9754,42.43,1769.2,-0.9999,-0.0105,32.3,27.8,39.8,1.2,6.8,10.7,36.15,5.1376,1
9464_monsoon_stable,9464,normal_monsoon_stable_slope,27.56832089028133,91.97454251434344,42.43,1769.2,-0.9999,-0.0105,32.3,27.8,39.8,1.2,19.47,35.1,44.73,6.3555,0
9464_dry,9464,dry_season_steep_slope,27.5754,91.9754,42.43,1769.2,-0.9999,-0.0105,32.3,27.8,39.8,1.2,1.92,4.75,6.47,0.9187,0
9464_flat,9464,monsoon_flat_floodplain,26.1445,91.7362,1.8,55.0,-0.9231,-0.9553,22.0,48.0,30.0,1.35,6.73,13.74,40.07,0.1386,0
9464_permeable,9464,permeable_slope,27.5496509436749,91.97167265307057,12.13,379.4,-0.9999,-0.0105,11.07,50.05,38.88,1.32,4.76,8.02,26.03,0.3055,0
9587_pos,9587,real_landslide_event,26.8692,88.4695,37.0,1915.2,0.2773,0.9608,33.6,27.0,39.5,1.2,137.1,178.2,204.99,27.1992,1
9587_monsoon_stable,9587,normal_monsoon_stable_slope,26.868870254359198,88.4621402044576,37.0,1915.2,0.2773,0.9608,33.6,27.0,39.5,1.2,8.83,28.27,41.55,5.5132,0
9587_dry,9587,dry_season_steep_slope,26.8692,88.4695,37.0,1915.2,0.2773,0.9608,33.6,27.0,39.5,1.2,1.78,4.42,10.18,1.3501,0
9587_flat,9587,monsoon_flat_floodplain,26.7509,92.7926,1.4,48.0,0.9999,0.4901,21.0,52.0,27.0,1.38,162.87,209.05,210.75,0.5155,0
9587_permeable,9587,permeable_slope,26.876114187797665,88.47457707723501,18.89,423.8,0.2773,0.9608,10.74,61.47,27.79,1.32,95.97,133.65,147.6,2.4067,0
9603_pos,9603,real_landslide_event,26.8861,88.1704,35.49,2335.9,-0.7242,0.6896,35.7,22.2,42.1,1.2,63.1,131.9,163.03,23.043,1
9603_monsoon_stable,9603,normal_monsoon_stable_slope,26.886244218365732,88.17175695459686,35.49,2335.9,-0.7242,0.6896,35.7,22.2,42.1,1.2,25.83,46.93,60.88,8.6048,0
9603_dry,9603,dry_season_steep_slope,26.8861,88.1704,35.49,2335.9,-0.7242,0.6896,35.7,22.2,42.1,1.2,2.18,4.53,5.06,0.7158,0
9603_flat,9603,monsoon_flat_floodplain,27.4728,94.912,1.9,108.0,0.3079,0.9358,23.5,45.0,31.5,1.32,64.08,129.77,194.66,0.7924,0
9603_permeable,9603,permeable_slope,26.908216702420308,88.18894872626083,20.43,354.3,-0.7242,0.6896,16.26,53.87,29.87,1.32,44.17,98.93,117.38,3.2804,0
9604_pos,9604,real_landslide_event,27.2676,88.2891,52.0,2232.2,-0.859,-0.512,35.2,23.4,41.5,1.2,121.6,142.5,170.15,31.8729,1
9604_monsoon_stable,9604,normal_monsoon_stable_slope,27.267879302817523,88.29869383030515,52.0,2232.2,-0.859,-0.512,35.2,23.4,41.5,1.2,27.55,51.66,59.29,11.1052,0
9604_dry,9604,dry_season_steep_slope,27.2676,88.2891,52.0,2232.2,-0.859,-0.512,35.2,23.4,41.5,1.2,1.35,2.85,4.4,0.8235,0
9604_flat,9604,monsoon_flat_floodplain,24.8333,92.7789,1.2,25.0,0.6532,-0.8013,24.0,42.0,34.0,1.4,113.52,167.95,160.01,0.4046,0
9604_permeable,9604,permeable_slope,27.256702769564562,88.32255690892052,20.98,485.8,-0.859,-0.512,15.26,53.52,31.22,1.32,85.12,106.88,122.51,3.304,0
9617_pos,9617,real_landslide_event,26.888,88.2796,35.93,2717.8,0.6143,-0.7891,37.6,17.9,44.5,1.2,0.0,137.3,228.3,35.6032,1
9617_monsoon_stable,9617,normal_monsoon_stable_slope,26.90401173809426,88.26411854570352,35.93,2717.8,0.6143,-0.7891,37.6,17.9,44.5,1.2,12.79,36.93,45.11,7.0354,0
9617_dry,9617,dry_season_steep_slope,26.888,88.2796,35.93,2717.8,0.6143,-0.7891,37.6,17.9,44.5,1.2,1.65,2.56,3.29,0.5124,0
9617_flat,9617,monsoon_flat_floodplain,26.3212,91.0065,1.5,42.0,0.7395,-0.502,20.5,50.0,29.5,1.36,0.0,152.62,277.23,0.7293,0
9617_permeable,9617,permeable_slope,26.875983162678693,88.3104927941535,23.82,562.6,0.6143,-0.7891,17.79,50.26,31.96,1.32,0.0,102.98,164.38,5.9539,0
9618_pos,9618,real_landslide_event,26.9343,88.4486,50.42,2407.7,0.7046,-0.7096,36.0,21.4,42.5,1.2,0.0,49.0,155.55,29.6267,1
9618_monsoon_stable,9618,normal_monsoon_stable_slope,26.940777733739125,88.46702079952496,50.42,2407.7,0.7046,-0.7096,36.0,21.4,42.5,1.2,11.99,45.7,56.59,10.7775,0
9618_dry,9618,dry_season_steep_slope,26.9343,88.4486,50.42,2407.7,0.7046,-0.7096,36.0,21.4,42.5,1.2,0.43,1.98,5.23,0.9957,0
9618_flat,9618,monsoon_flat_floodplain,26.0207,89.9744,1.6,38.0,-0.7299,-0.7515,22.5,47.0,30.5,1.37,0.0,56.7,168.86,0.5268,0
9618_permeable,9618,permeable_slope,26.95964654658194,88.41063793225705,13.92,708.9,0.7046,-0.7096,11.83,50.95,37.22,1.32,0.0,36.75,112.0,1.6007,0
9619_pos,9619,real_landslide_event,27.1695,88.3664,48.83,2300.5,-0.993,0.1184,35.5,22.6,41.9,1.2,2.1,136.2,197.37,35.8499,1
9619_monsoon_stable,9619,normal_monsoon_stable_slope,27.17548842273437,88.36907949622626,48.83,2300.5,-0.993,0.1184,35.5,22.6,41.9,1.2,13.12,23.17,37.33,6.7811,0
9619_dry,9619,dry_season_steep_slope,27.1695,88.3664,48.83,2300.5,-0.993,0.1184,35.5,22.6,41.9,1.2,2.39,7.3,11.64,2.1135,0
9619_flat,9619,monsoon_flat_floodplain,26.5413,88.7196,2.1,75.0,0.838,-0.1795,23.0,46.0,31.0,1.34,2.61,132.17,200.88,0.8654,0
9619_permeable,9619,permeable_slope,27.139568357456756,88.3576230830186,22.85,591.8,-0.993,0.1184,12.92,63.7,23.38,1.32,1.47,102.15,142.1,3.2992,0
9620_pos,9620,real_landslide_event,27.172,88.5292,41.33,2595.6,0.9232,0.3843,37.0,19.3,43.7,1.2,0.0,49.0,155.55,26.5497,1
9620_monsoon_stable,9620,normal_monsoon_stable_slope,27.1603393320233,88.5442553158119,41.33,2595.6,0.9232,0.3843,37.0,19.3,43.7,1.2,18.09,32.73,42.87,7.3167,0
9620_dry,9620,dry_season_steep_slope,27.172,88.5292,41.33,2595.6,0.9232,0.3843,37.0,19.3,43.7,1.2,1.04,3.94,8.3,1.416,0
9620_flat,9620,monsoon_flat_floodplain,26.1445,91.7362,1.8,55.0,0.8333,-0.6111,22.0,48.0,30.0,1.35,0.0,49.32,176.7,0.6112,0
9620_permeable,9620,permeable_slope,27.195115646932155,88.49559109279816,21.61,682.9,0.9232,0.3843,17.16,63.04,19.8,1.32,0.0,36.75,112.0,3.2884,0
