id,sample_type,latitude,longitude,date,slope,clay_percent,rain_day_minus_3_mm,rain_day_minus_2_mm,rain_day_minus_1_mm,rain_event_day_mm,target
57,real_landslide_steep_rain,27.4459,88.6193,2007-04-11,13.59687524180116,25.0,42.3,19.4,14.0,7.5,1
57_dry,real_dry_season_steep_dry,27.4459,88.6193,2006-11-12,13.59687524180116,25.0,9.7,9.3,13.7,6.1,0
57_flat,real_monsoon_flat_valley_rain,26.1445,91.7362,2007-04-11,2.9189949338347145,25.0,8.9,27.0,22.6,10.5,0
93,real_landslide_steep_rain,26.7324,88.4089,2007-06-13,1.280959113423653,25.0,215.2,29.4,0.3,15.2,1
93_dry,real_dry_season_steep_dry,26.7324,88.4089,2007-01-14,1.280959113423653,25.0,0.0,0.3,0.0,0.5,0
93_flat,real_monsoon_flat_valley_rain,26.5413,88.7196,2007-06-13,2.2906100426385296,25.0,241.1,49.2,0.2,13.1,0
130,real_landslide_steep_rain,26.1699,91.7986,2007-07-19,11.87283675412141,25.0,51.8,16.1,10.1,12.5,1
130_dry,real_dry_season_steep_dry,26.1699,91.7986,2007-02-19,11.87283675412141,25.0,0.6,1.0,0.3,0.0,0
130_flat,real_monsoon_flat_valley_rain,26.3212,91.0065,2007-07-19,0.5729386976834859,25.0,47.7,23.8,8.4,10.5,0
94,real_landslide_steep_rain,26.8096,88.526,2007-06-15,18.86838370797213,25.0,0.3,15.2,25.7,63.4,1
94_dry,real_dry_season_steep_dry,26.8096,88.526,2007-01-16,18.86838370797213,25.0,0.0,0.5,0.0,0.0,0
94_flat,real_monsoon_flat_valley_rain,26.6528,92.7926,2007-06-15,1.7183580016554572,25.0,0.3,6.5,25.8,12.4,0
126,real_landslide_steep_rain,27.1499,88.38,2007-07-16,31.505953138152577,25.0,60.3,17.4,8.6,17.3,1
126_dry,real_dry_season_steep_dry,27.1499,88.38,2007-02-16,31.505953138152577,25.0,11.8,35.0,13.0,30.8,0
126_flat,real_monsoon_flat_valley_rain,26.0207,89.9744,2007-07-16,1.1457628381751035,25.0,8.6,10.1,8.8,9.8,0
78,real_landslide_steep_rain,27.3383,88.6069,2007-05-23,15.119460665411577,25.0,8.1,7.3,11.3,15.8,1
78_dry,real_dry_season_steep_dry,27.3383,88.6069,2006-12-24,15.119460665411577,25.0,0.4,3.5,7.9,4.4,0
78_flat,real_monsoon_flat_valley_rain,26.7271,88.3953,2007-05-23,0.0,25.0,13.8,33.1,19.0,2.2,0
141,real_landslide_steep_rain,25.38,91.88,2007-07-26,18.58031398842556,25.0,56.3,45.9,85.5,72.1,1
141_dry,real_dry_season_steep_dry,25.38,91.88,2007-02-26,18.58031398842556,25.0,0.0,0.0,1.4,9.6,0
141_flat,real_monsoon_flat_valley_rain,27.4728,94.912,2007-07-26,1.1457628381751035,25.0,38.8,17.5,33.9,24.4,0
133,real_landslide_steep_rain,23.9304,88.2374,2007-07-21,1.1457628381751035,25.0,24.0,10.5,16.9,35.9,1
133_dry,real_dry_season_steep_dry,23.9304,88.2374,2007-02-21,1.1457628381751035,25.0,0.0,0.0,0.0,0.0,0
133_flat,real_monsoon_flat_valley_rain,26.3463,92.6841,2007-07-21,0.5729386976834859,25.0,45.6,28.1,17.5,5.4,0
147,real_landslide_steep_rain,22.533,92.899,2007-07-30,16.181268131599445,25.0,9.0,2.2,1.3,0.8,1
147_dry,real_dry_season_steep_dry,22.533,92.899,2007-03-02,16.181268131599445,25.0,0.0,0.0,0.0,0.0,0
147_flat,real_monsoon_flat_valley_rain,26.7271,88.3953,2007-07-30,0.0,25.0,21.9,83.9,17.4,20.5,0
210,real_landslide_steep_rain,27.0713,88.4308,2007-08-25,36.14991187660738,25.0,5.1,17.0,34.2,13.1,1
210_dry,real_dry_season_steep_dry,27.0713,88.4308,2007-03-28,36.14991187660738,25.0,0.0,0.0,0.0,0.0,0
210_flat,real_monsoon_flat_valley_rain,26.0207,89.9744,2007-08-25,1.1457628381751035,25.0,8.0,19.6,13.3,10.3,0
211,real_landslide_steep_rain,24.9667,93.55,2007-08-26,18.08168200491717,25.0,4.9,10.9,16.9,68.7,1
211_dry,real_dry_season_steep_dry,24.9667,93.55,2007-03-29,18.08168200491717,25.0,0.0,0.0,0.0,0.0,0
211_flat,real_monsoon_flat_valley_rain,26.3212,91.0065,2007-08-26,0.5729386976834859,25.0,18.3,9.0,4.7,11.0,0
142,real_landslide_steep_rain,25.5212,90.232,2007-07-27,10.888076838622831,25.0,16.1,61.1,53.0,59.4,1
142_dry,real_dry_season_steep_dry,25.5212,90.232,2007-02-27,10.888076838622831,25.0,0.0,0.0,1.1,0.0,0
142_flat,real_monsoon_flat_valley_rain,26.1445,91.7362,2007-07-27,2.9189949338347145,25.0,18.7,40.8,25.9,29.2,0
148,real_landslide_steep_rain,22.479,92.967,2007-07-30,40.36453657309736,25.0,9.0,2.2,1.3,0.8,1
148_dry,real_dry_season_steep_dry,22.479,92.967,2007-03-02,40.36453657309736,25.0,0.0,0.0,0.0,0.0,0
148_flat,real_monsoon_flat_valley_rain,26.5413,88.7196,2007-07-30,2.2906100426385296,25.0,25.1,44.2,19.9,42.3,0
151,real_landslide_steep_rain,26.8905,88.2789,2007-08-02,24.855902210900258,25.0,18.8,8.8,17.0,19.0,1
151_dry,real_dry_season_steep_dry,26.8905,88.2789,2007-03-05,24.855902210900258,25.0,9.0,0.1,0.4,3.1,0
151_flat,real_monsoon_flat_valley_rain,26.6528,92.7926,2007-08-02,1.7183580016554572,25.0,13.0,34.6,21.4,0.5,0
212,real_landslide_steep_rain,25.5576,91.8506,2007-08-26,7.428549707571748,25.0,11.9,9.4,4.2,10.0,1
212_dry,real_dry_season_steep_dry,25.5576,91.8506,2007-03-29,7.428549707571748,25.0,0.0,0.0,0.2,0.0,0
212_flat,real_monsoon_flat_valley_rain,26.3463,92.6841,2007-08-26,0.5729386976834859,25.0,5.0,9.1,7.3,20.9,0
213,real_landslide_steep_rain,25.2946,92.8339,2007-08-26,23.132182561931256,25.0,7.0,17.9,41.1,77.9,1
213_dry,real_dry_season_steep_dry,25.2946,92.8339,2007-03-29,23.132182561931256,25.0,0.0,0.0,0.0,0.0,0
213_flat,real_monsoon_flat_valley_rain,27.4728,94.912,2007-08-26,1.1457628381751035,25.0,20.7,5.2,20.0,21.2,0
215,real_landslide_steep_rain,25.7428,93.9136,2007-08-28,16.496226513469395,25.0,12.2,40.2,61.9,15.0,1
215_dry,real_dry_season_steep_dry,25.7428,93.9136,2007-03-31,16.496226513469395,25.0,0.0,0.0,0.0,0.0,0
215_flat,real_monsoon_flat_valley_rain,26.1445,91.7362,2007-08-28,2.9189949338347145,25.0,2.8,12.2,21.5,5.1,0
220,real_landslide_steep_rain,25.1333,93.9667,2007-08-31,1.280959113423653,25.0,6.7,17.5,5.1,7.5,1
220_dry,real_dry_season_steep_dry,25.1333,93.9667,2007-04-03,1.280959113423653,25.0,0.0,0.0,0.0,0.0,0
220_flat,real_monsoon_flat_valley_rain,26.5413,88.7196,2007-08-31,2.2906100426385296,25.0,12.6,8.7,22.5,10.4,0
218,real_landslide_steep_rain,27.0096,88.2548,2007-08-29,19.82702865340817,25.0,8.5,10.9,17.4,16.1,1
218_dry,real_dry_season_steep_dry,27.0096,88.2548,2007-04-01,19.82702865340817,25.0,0.4,2.7,2.7,3.3,0
218_flat,real_monsoon_flat_valley_rain,26.7271,88.3953,2007-08-29,0.0,25.0,14.2,11.8,5.3,11.5,0
241,real_landslide_steep_rain,27.201,88.4883,2007-09-07,33.63510363886156,25.0,34.6,44.0,81.8,121.0,1
241_dry,real_dry_season_steep_dry,27.201,88.4883,2007-04-10,33.63510363886156,25.0,2.0,6.4,5.8,1.2,0
241_flat,real_monsoon_flat_valley_rain,26.3212,91.0065,2007-09-07,0.5729386976834859,25.0,22.4,21.8,53.3,46.3,0
221,real_landslide_steep_rain,22.6461,88.3403,2007-08-31,0.0,25.0,7.9,3.7,1.7,6.8,1
221_dry,real_dry_season_steep_dry,22.6461,88.3403,2007-04-03,0.0,25.0,0.0,0.0,0.0,0.0,0
221_flat,real_monsoon_flat_valley_rain,26.6528,92.7926,2007-08-31,1.7183580016554572,25.0,7.5,14.3,11.8,4.6,0
231,real_landslide_steep_rain,27.06826195,88.28121204,2007-09-05,13.093845922704302,25.0,15.9,22.9,39.9,109.7,1
231_dry,real_dry_season_steep_dry,27.06826195,88.28121204,2007-04-08,13.093845922704302,25.0,1.9,1.6,6.7,3.7,0
231_flat,real_monsoon_flat_valley_rain,26.0207,89.9744,2007-09-05,1.1457628381751035,25.0,4.6,4.6,13.5,23.9,0
242,real_landslide_steep_rain,26.8833,88.2833,2007-09-07,12.407418527400743,25.0,39.9,109.7,81.2,200.5,1
242_dry,real_dry_season_steep_dry,26.8833,88.2833,2007-04-10,12.407418527400743,25.0,6.7,3.7,16.2,19.8,0
242_flat,real_monsoon_flat_valley_rain,26.3463,92.6841,2007-09-07,0.5729386976834859,25.0,36.3,28.7,63.8,148.4,0
247,real_landslide_steep_rain,25.0604,93.9877,2007-09-08,44.64323362124431,25.0,47.5,31.8,29.8,21.5,1
247_dry,real_dry_season_steep_dry,25.0604,93.9877,2007-04-11,44.64323362124431,25.0,4.7,11.8,17.7,12.8,0
247_flat,real_monsoon_flat_valley_rain,27.4728,94.912,2007-09-08,1.1457628381751035,25.0,11.5,19.9,43.9,44.4,0
252,real_landslide_steep_rain,25.4993,94.1192,2007-09-09,14.03624346792648,25.0,29.1,18.4,48.7,26.6,1
252_dry,real_dry_season_steep_dry,25.4993,94.1192,2007-04-12,14.03624346792648,25.0,24.2,22.2,24.9,18.3,0
252_flat,real_monsoon_flat_valley_rain,26.7271,88.3953,2007-09-09,0.0,25.0,113.2,101.0,114.0,9.8,0
251,real_landslide_steep_rain,27.1667,88.35,2007-09-09,23.407652145117517,25.0,81.2,200.5,93.9,25.2,1
251_dry,real_dry_season_steep_dry,27.1667,88.35,2007-04-12,23.407652145117517,25.0,16.2,19.8,5.5,0.5,0
251_flat,real_monsoon_flat_valley_rain,26.1445,91.7362,2007-09-09,2.9189949338347145,25.0,96.3,46.6,45.4,10.8,0
255,real_landslide_steep_rain,24.2451,94.0691,2007-09-10,19.86214420520484,25.0,23.7,4.0,2.1,4.1,1
255_dry,real_dry_season_steep_dry,24.2451,94.0691,2007-04-13,19.86214420520484,25.0,14.0,6.7,1.6,0.1,0
255_flat,real_monsoon_flat_valley_rain,26.5413,88.7196,2007-09-10,2.2906100426385296,25.0,69.0,20.7,4.1,15.7,0
259,real_landslide_steep_rain,25.52,91.27,2007-09-11,5.710593137499643,25.0,57.9,26.8,17.3,7.9,1
259_dry,real_dry_season_steep_dry,25.52,91.27,2007-04-14,5.710593137499643,25.0,12.8,3.3,1.8,2.3,0
259_flat,real_monsoon_flat_valley_rain,26.3212,91.0065,2007-09-11,0.5729386976834859,25.0,17.1,13.4,11.7,1.2,0
258,real_landslide_steep_rain,24.4279,94.0564,2007-09-11,26.14722986183188,25.0,6.2,3.0,1.9,5.0,1
258_dry,real_dry_season_steep_dry,24.4279,94.0564,2007-04-14,26.14722986183188,25.0,13.8,5.4,0.0,0.0,0
258_flat,real_monsoon_flat_valley_rain,26.0207,89.9744,2007-09-11,1.1457628381751035,25.0,12.4,11.8,9.1,7.1,0
256,real_landslide_steep_rain,27.3425,88.6236,2007-09-10,23.171829876153083,25.0,117.8,60.1,78.5,26.5,1
256_dry,real_dry_season_steep_dry,27.3425,88.6236,2007-04-13,23.171829876153083,25.0,3.5,4.1,3.2,5.5,0
256_flat,real_monsoon_flat_valley_rain,26.6528,92.7926,2007-09-10,1.7183580016554572,25.0,100.8,29.9,47.6,10.8,0
260,real_landslide_steep_rain,27.2084,88.4909,2007-09-11,15.149071220451717,25.0,106.0,44.0,18.8,7.7,1
260_dry,real_dry_season_steep_dry,27.2084,88.4909,2007-04-14,15.149071220451717,25.0,1.6,0.3,1.3,0.7,0
260_flat,real_monsoon_flat_valley_rain,26.3463,92.6841,2007-09-11,0.5729386976834859,25.0,62.3,20.6,7.1,2.6,0
264,real_landslide_steep_rain,26.1833,91.8,2007-09-13,0.0,25.0,5.4,1.6,3.6,6.7,1
264_dry,real_dry_season_steep_dry,26.1833,91.8,2007-04-16,0.0,25.0,0.0,0.0,0.0,0.3,0
264_flat,real_monsoon_flat_valley_rain,27.4728,94.912,2007-09-13,1.1457628381751035,25.0,2.0,2.9,19.0,12.8,0
274,real_landslide_steep_rain,27.0875,88.4572,2007-09-20,22.14940249347011,25.0,3.5,3.0,0.0,0.0,1
274_dry,real_dry_season_steep_dry,27.0875,88.4572,2007-04-23,22.14940249347011,25.0,3.5,16.5,6.6,3.4,0
274_flat,real_monsoon_flat_valley_rain,26.7271,88.3953,2007-09-20,0.0,25.0,0.0,0.4,0.0,0.0,0
313,real_landslide_steep_rain,25.7055,94.0132,2007-10-16,13.71932671241174,25.0,15.1,11.2,26.0,26.3,1
313_dry,real_dry_season_steep_dry,25.7055,94.0132,2007-05-19,13.71932671241174,25.0,3.3,6.3,21.4,19.1,0
313_flat,real_monsoon_flat_valley_rain,26.6528,92.7926,2007-10-16,1.7183580016554572,25.0,0.4,2.9,11.3,48.4,0
269,real_landslide_steep_rain,27.2872,88.2816,2007-09-18,22.78820279770908,25.0,3.6,12.6,3.5,3.0,1
269_dry,real_dry_season_steep_dry,27.2872,88.2816,2007-04-21,22.78820279770908,25.0,0.6,0.6,3.5,16.5,0
269_flat,real_monsoon_flat_valley_rain,26.1445,91.7362,2007-09-18,2.9189949338347145,25.0,25.3,10.5,0.9,2.2,0
285,real_landslide_steep_rain,24.1293,92.6921,2007-09-29,18.69471325052464,25.0,2.1,10.6,5.5,16.7,1
285_dry,real_dry_season_steep_dry,24.1293,92.6921,2007-05-02,18.69471325052464,25.0,0.0,0.0,0.0,0.0,0
285_flat,real_monsoon_flat_valley_rain,26.5413,88.7196,2007-09-29,2.2906100426385296,25.0,0.0,24.1,15.8,9.0,0
319,real_landslide_steep_rain,25.4379,94.1162,2007-10-19,34.03319358776428,25.0,23.3,11.9,4.9,16.2,1
319_dry,real_dry_season_steep_dry,25.4379,94.1162,2007-05-22,34.03319358776428,25.0,18.4,17.2,21.5,16.6,0
319_flat,real_monsoon_flat_valley_rain,26.0207,89.9744,2007-10-19,1.1457628381751035,25.0,8.0,0.4,3.4,8.4,0
322,real_landslide_steep_rain,24.75,93.4333,2007-10-21,39.297343678564125,25.0,1.2,5.2,10.8,1.4,1
322_dry,real_dry_season_steep_dry,24.75,93.4333,2007-05-24,39.297343678564125,25.0,18.9,14.2,28.5,4.1,0
322_flat,real_monsoon_flat_valley_rain,26.3212,91.0065,2007-10-21,0.5729386976834859,25.0,2.1,1.3,0.4,2.0,0
545,real_landslide_steep_rain,24.9849,92.8411,2008-05-20,22.02818529494819,25.0,2.6,19.9,26.1,18.9,1
545_dry,real_dry_season_steep_dry,24.9849,92.8411,2007-12-22,22.02818529494819,25.0,0.0,0.0,0.0,0.0,0
545_flat,real_monsoon_flat_valley_rain,26.3463,92.6841,2008-05-20,0.5729386976834859,25.0,15.0,26.4,10.8,4.4,0
580,real_landslide_steep_rain,24.6596,93.9784,2008-06-09,0.0,25.0,16.8,7.4,15.0,8.6,1
580_dry,real_dry_season_steep_dry,24.6596,93.9784,2008-01-11,0.0,25.0,0.0,0.0,0.0,0.0,0
580_flat,real_monsoon_flat_valley_rain,27.4728,94.912,2008-06-09,1.1457628381751035,25.0,8.6,1.8,2.6,7.2,0
587,real_landslide_steep_rain,27.2298,94.0989,2008-06-15,1.280959113423653,25.0,16.4,29.6,40.2,1.8,1
587_dry,real_dry_season_steep_dry,27.2298,94.0989,2008-01-17,1.280959113423653,25.0,4.6,2.1,0.0,0.0,0
587_flat,real_monsoon_flat_valley_rain,26.7271,88.3953,2008-06-15,0.0,25.0,17.6,17.0,65.8,4.9,0
585,real_landslide_steep_rain,27.0998,93.6287,2008-06-14,7.9293646872281585,25.0,17.8,9.9,15.9,22.8,1
585_dry,real_dry_season_steep_dry,27.0998,93.6287,2008-01-16,7.9293646872281585,25.0,0.2,0.9,1.1,0.0,0
585_flat,real_monsoon_flat_valley_rain,26.1445,91.7362,2008-06-14,2.9189949338347145,25.0,51.2,20.2,19.6,19.4,0
614,real_landslide_steep_rain,26.89,88.28,2008-06-29,23.046887822390865,25.0,13.7,29.8,13.4,14.6,1
614_dry,real_dry_season_steep_dry,26.89,88.28,2008-01-31,23.046887822390865,25.0,0.0,1.8,4.8,3.8,0
614_flat,real_monsoon_flat_valley_rain,26.0207,89.9744,2008-06-29,1.1457628381751035,25.0,14.7,20.7,29.6,79.7,0
594,real_landslide_steep_rain,24.9336,93.8275,2008-06-19,10.772508814602732,25.0,3.8,17.6,6.9,15.6,1
594_dry,real_dry_season_steep_dry,24.9336,93.8275,2008-01-21,10.772508814602732,25.0,0.0,0.0,0.1,0.0,0
594_flat,real_monsoon_flat_valley_rain,26.5413,88.7196,2008-06-19,2.2906100426385296,25.0,8.3,3.3,16.8,52.5,0
595,real_landslide_steep_rain,26.885,88.2778,2008-06-20,19.82702865340817,25.0,15.0,35.7,48.6,17.3,1
595_dry,real_dry_season_steep_dry,26.885,88.2778,2008-01-22,19.82702865340817,25.0,9.0,0.3,0.0,0.0,0
595_flat,real_monsoon_flat_valley_rain,26.6528,92.7926,2008-06-20,1.7183580016554572,25.0,10.5,28.0,21.7,7.1,0
692,real_landslide_steep_rain,25.705,94.04,2008-08-07,19.18025799623977,25.0,20.4,9.8,33.8,10.0,1
692_dry,real_dry_season_steep_dry,25.705,94.04,2008-03-10,19.18025799623977,25.0,1.3,7.3,0.2,0.0,0
692_flat,real_monsoon_flat_valley_rain,26.3463,92.6841,2008-08-07,0.5729386976834859,25.0,41.0,10.5,13.9,7.5,0
620,real_landslide_steep_rain,27.0771,88.482,2008-06-30,25.253207609369632,25.0,57.5,14.3,11.2,16.5,1
620_dry,real_dry_season_steep_dry,27.0771,88.482,2008-02-01,25.253207609369632,25.0,4.4,7.4,18.7,5.8,0
620_flat,real_monsoon_flat_valley_rain,26.3212,91.0065,2008-06-30,0.5729386976834859,25.0,26.4,31.0,142.1,18.5,0
714,real_landslide_steep_rain,27.163,94.0,2008-08-14,2.2906100426385296,25.0,35.6,8.6,10.2,10.8,1
714_dry,real_dry_season_steep_dry,27.163,94.0,2008-03-17,2.2906100426385296,25.0,22.8,9.8,6.3,0.0,0
714_flat,real_monsoon_flat_valley_rain,27.4728,94.912,2008-08-14,1.1457628381751035,25.0,20.0,20.5,25.6,18.4,0
731,real_landslide_steep_rain,26.138,94.25,2008-08-19,16.708002222639085,25.0,11.6,10.0,23.8,38.9,1
731_dry,real_dry_season_steep_dry,26.138,94.25,2008-03-22,16.708002222639085,25.0,0.7,2.9,7.6,7.2,0
731_flat,real_monsoon_flat_valley_rain,26.1445,91.7362,2008-08-19,2.9189949338347145,25.0,21.9,8.8,26.2,113.6,0
755,real_landslide_steep_rain,27.337,88.609,2008-08-28,24.70756955555535,25.0,58.4,56.3,65.9,76.1,1
755_dry,real_dry_season_steep_dry,27.337,88.609,2008-03-31,24.70756955555535,25.0,3.1,0.5,1.0,1.1,0
755_flat,real_monsoon_flat_valley_rain,26.7271,88.3953,2008-08-28,0.0,25.0,17.4,26.8,23.9,68.3,0
760,real_landslide_steep_rain,25.67,94.1066,2008-08-29,17.849848259878947,25.0,1.2,7.5,7.8,29.0,1
760_dry,real_dry_season_steep_dry,25.67,94.1066,2008-04-01,17.849848259878947,25.0,0.0,4.0,1.8,5.0,0
760_flat,real_monsoon_flat_valley_rain,26.5413,88.7196,2008-08-29,2.2906100426385296,25.0,18.4,23.4,75.9,113.4,0
870,real_landslide_steep_rain,27.4,92.35,2008-10-29,19.297336265636357,25.0,16.3,97.4,13.2,0.2,1
870_dry,real_dry_season_steep_dry,27.4,92.35,2008-06-01,19.297336265636357,25.0,42.6,52.6,47.7,39.7,0
870_flat,real_monsoon_flat_valley_rain,26.3212,91.0065,2008-10-29,0.5729386976834859,25.0,6.0,72.3,0.0,0.0,0
1030,real_landslide_steep_rain,27.04357147,88.26522126,2009-05-26,7.40691212849523,25.0,17.0,5.4,31.3,145.9,1
1030_dry,real_dry_season_steep_dry,27.04357147,88.26522126,2008-12-27,7.40691212849523,25.0,3.9,6.9,9.0,5.3,0
1030_flat,real_monsoon_flat_valley_rain,26.3463,92.6841,2009-05-26,0.5729386976834859,25.0,1.2,1.4,27.9,36.9,0
869,real_landslide_steep_rain,27.2333,94.1167,2008-10-29,1.280959113423653,25.0,8.4,36.4,0.8,0.0,1
869_dry,real_dry_season_steep_dry,27.2333,94.1167,2008-06-01,1.280959113423653,25.0,6.7,5.5,7.2,17.7,0
869_flat,real_monsoon_flat_valley_rain,26.0207,89.9744,2008-10-29,1.1457628381751035,25.0,1.7,51.0,0.7,0.0,0
868,real_landslide_steep_rain,26.3333,91.25,2008-10-29,0.8102306720437776,25.0,6.5,63.2,0.0,0.0,1
868_dry,real_dry_season_steep_dry,26.3333,91.25,2008-06-01,0.8102306720437776,25.0,3.1,23.1,20.0,19.2,0
868_flat,real_monsoon_flat_valley_rain,26.6528,92.7926,2008-10-29,1.7183580016554572,25.0,8.5,41.1,0.0,0.0,0
1031,real_landslide_steep_rain,26.8836,88.2791,2009-05-26,21.33126583595921,25.0,8.2,0.5,33.1,177.4,1
1031_dry,real_dry_season_steep_dry,26.8836,88.2791,2008-12-27,21.33126583595921,25.0,0.2,3.5,3.8,0.1,0
1031_flat,real_monsoon_flat_valley_rain,27.4728,94.912,2009-05-26,1.1457628381751035,25.0,0.0,0.7,17.4,25.2,0
1032,real_landslide_steep_rain,27.0095,88.2592,2009-05-26,34.3762362069521,25.0,17.0,5.4,31.3,145.9,1
1032_dry,real_dry_season_steep_dry,27.0095,88.2592,2008-12-27,34.3762362069521,25.0,3.9,6.9,9.0,5.3,0
1032_flat,real_monsoon_flat_valley_rain,26.1445,91.7362,2009-05-26,2.9189949338347145,25.0,0.0,13.4,30.1,70.6,0
1037,real_landslide_steep_rain,26.89,88.47,2009-06-17,21.652516594654987,25.0,2.3,3.1,3.0,36.1,1
1037_dry,real_dry_season_steep_dry,26.89,88.47,2009-01-18,21.652516594654987,25.0,0.0,0.0,0.0,0.1,0
1037_flat,real_monsoon_flat_valley_rain,26.7271,88.3953,2009-06-17,0.0,25.0,3.1,6.8,3.9,5.8,0
1050,real_landslide_steep_rain,26.87324244,88.29184021,2009-07-03,15.72735540025082,25.0,30.6,47.1,61.8,37.1,1
1050_dry,real_dry_season_steep_dry,26.87324244,88.29184021,2009-02-03,15.72735540025082,25.0,5.0,0.9,2.5,0.4,0
1050_flat,real_monsoon_flat_valley_rain,26.5413,88.7196,2009-07-03,2.2906100426385296,25.0,45.3,69.3,20.3,16.2,0
1054,real_landslide_steep_rain,26.8572,88.3143,2009-07-22,21.30578361782877,25.0,9.2,3.2,17.4,18.9,1
1054_dry,real_dry_season_steep_dry,26.8572,88.3143,2009-02-22,21.30578361782877,25.0,0.0,0.0,0.0,0.0,0
1054_flat,real_monsoon_flat_valley_rain,26.6528,92.7926,2009-07-22,1.7183580016554572,25.0,2.0,3.0,9.5,14.6,0
1055,real_landslide_steep_rain,26.8826,88.2788,2009-07-22,33.43690087037759,25.0,5.4,0.8,8.3,19.1,1
1055_dry,real_dry_season_steep_dry,26.8826,88.2788,2009-02-22,33.43690087037759,25.0,0.8,3.4,4.7,0.7,0
1055_flat,real_monsoon_flat_valley_rain,26.0207,89.9744,2009-07-22,1.1457628381751035,25.0,24.1,0.3,3.6,1.9,0
1061,real_landslide_steep_rain,27.478,88.527,2009-07-01,38.058925239427545,25.0,49.7,41.1,26.1,34.5,1
1061_dry,real_dry_season_steep_dry,27.478,88.527,2009-02-01,38.058925239427545,25.0,36.7,36.7,33.6,21.9,0
1061_flat,real_monsoon_flat_valley_rain,26.3463,92.6841,2009-07-01,0.5729386976834859,25.0,26.5,45.9,44.3,31.2,0
1056,real_landslide_steep_rain,27.04,88.264,2009-07-22,17.382703987116226,25.0,9.4,4.0,5.3,31.2,1
1056_dry,real_dry_season_steep_dry,27.04,88.264,2009-02-22,17.382703987116226,25.0,1.9,6.5,8.4,4.3,0
1056_flat,real_monsoon_flat_valley_rain,26.3212,91.0065,2009-07-22,0.5729386976834859,25.0,22.5,11.5,7.0,8.9,0
1084,real_landslide_steep_rain,27.7,92.8,2009-08-12,13.507014370466038,25.0,33.2,49.2,55.3,152.8,1
1084_dry,real_dry_season_steep_dry,27.7,92.8,2009-03-15,13.507014370466038,25.0,30.7,2.0,1.4,6.9,0
1084_flat,real_monsoon_flat_valley_rain,27.4728,94.912,2009-08-12,1.1457628381751035,25.0,16.7,19.5,30.3,29.5,0
1088,real_landslide_steep_rain,26.8867642,88.28044714,2009-08-16,39.75589779983602,25.0,22.7,73.4,17.0,37.1,1
1088_dry,real_dry_season_steep_dry,26.8867642,88.28044714,2009-03-19,39.75589779983602,25.0,7.0,0.0,2.0,0.4,0
1088_flat,real_monsoon_flat_valley_rain,26.1445,91.7362,2009-08-16,2.9189949338347145,25.0,45.4,18.6,29.4,11.3,0
1090,real_landslide_steep_rain,26.9599,88.268,2009-08-16,12.869652430655464,25.0,22.7,73.4,17.0,37.1,1
1090_dry,real_dry_season_steep_dry,26.9599,88.268,2009-03-19,12.869652430655464,25.0,7.0,0.0,2.0,0.4,0
1090_flat,real_monsoon_flat_valley_rain,26.5413,88.7196,2009-08-16,2.2906100426385296,25.0,35.4,34.6,22.7,49.9,0
1089,real_landslide_steep_rain,26.7914,88.363,2009-08-16,9.090276920822324,25.0,31.2,60.7,21.0,22.7,1
1089_dry,real_dry_season_steep_dry,26.7914,88.363,2009-03-19,9.090276920822324,25.0,0.2,0.0,0.0,0.0,0
1089_flat,real_monsoon_flat_valley_rain,26.7271,88.3953,2009-08-16,0.0,25.0,41.4,71.9,21.8,30.7,0
1091,real_landslide_steep_rain,27.02459801,88.43849551,2009-08-16,39.06077172403224,25.0,38.4,148.6,22.9,137.5,1
1091_dry,real_dry_season_steep_dry,27.02459801,88.43849551,2009-03-19,39.06077172403224,25.0,0.0,0.0,0.0,0.0,0
1091_flat,real_monsoon_flat_valley_rain,26.6528,92.7926,2009-08-16,1.7183580016554572,25.0,111.4,18.8,19.1,23.1,0
1094,real_landslide_steep_rain,27.15977181,88.63411246,2009-08-16,38.39557557315655,25.0,38.4,148.6,22.9,137.5,1
1094_dry,real_dry_season_steep_dry,27.15977181,88.63411246,2009-03-19,38.39557557315655,25.0,0.0,0.0,0.0,0.0,0
1094_flat,real_monsoon_flat_valley_rain,26.3463,92.6841,2009-08-16,0.5729386976834859,25.0,47.8,34.1,44.6,18.6,0
1092,real_landslide_steep_rain,26.74452462,88.40011959,2009-08-16,1.280959113423653,25.0,41.4,71.9,21.8,30.7,1
1092_dry,real_dry_season_steep_dry,26.74452462,88.40011959,2009-03-19,1.280959113423653,25.0,0.0,0.0,0.0,0.2,0
1092_flat,real_monsoon_flat_valley_rain,26.0207,89.9744,2009-08-16,1.1457628381751035,25.0,26.3,5.6,11.9,15.5,0
1093,real_landslide_steep_rain,26.88211522,88.3195318,2009-08-16,18.898375796512653,25.0,22.7,73.4,17.0,37.1,1
1093_dry,real_dry_season_steep_dry,26.88211522,88.3195318,2009-03-19,18.898375796512653,25.0,7.0,0.0,2.0,0.4,0
1093_flat,real_monsoon_flat_valley_rain,26.3212,91.0065,2009-08-16,0.5729386976834859,25.0,43.7,16.8,21.9,11.6,0
1102,real_landslide_steep_rain,27.2644,88.1365,2009-08-19,18.641439944547074,25.0,48.6,89.4,27.2,34.8,1
1102_dry,real_dry_season_steep_dry,27.2644,88.1365,2009-03-22,18.641439944547074,25.0,4.2,7.2,12.9,18.5,0
1102_flat,real_monsoon_flat_valley_rain,27.4728,94.912,2009-08-19,1.1457628381751035,25.0,9.0,8.2,11.9,8.7,0
1106,real_landslide_steep_rain,26.8992,88.1667,2009-08-20,8.284177231157289,25.0,78.6,31.4,20.8,111.4,1
1106_dry,real_dry_season_steep_dry,26.8992,88.1667,2009-03-23,8.284177231157289,25.0,3.2,11.1,14.1,8.9,0
1106_flat,real_monsoon_flat_valley_rain,26.1445,91.7362,2009-08-20,2.9189949338347145,25.0,11.0,15.6,13.5,21.4,0
1108,real_landslide_steep_rain,24.9925,93.5,2009-08-20,9.245973666550688,25.0,3.0,7.9,6.9,9.4,1
1108_dry,real_dry_season_steep_dry,24.9925,93.5,2009-03-23,9.245973666550688,25.0,0.3,0.3,0.2,1.3,0
1108_flat,real_monsoon_flat_valley_rain,26.5413,88.7196,2009-08-20,2.2906100426385296,25.0,62.8,42.1,34.3,31.1,0
1107,real_landslide_steep_rain,27.0736,88.4779,2009-08-20,11.378567244391917,25.0,99.4,29.2,23.7,43.3,1
1107_dry,real_dry_season_steep_dry,27.0736,88.4779,2009-03-23,11.378567244391917,25.0,0.0,0.2,0.6,1.3,0
1107_flat,real_monsoon_flat_valley_rain,26.7271,88.3953,2009-08-20,0.0,25.0,35.9,38.0,23.5,38.6,0
1109,real_landslide_steep_rain,25.5215,93.1645,2009-08-20,5.878250113590978,25.0,0.0,3.6,3.6,2.7,1
1109_dry,real_dry_season_steep_dry,25.5215,93.1645,2009-03-23,5.878250113590978,25.0,0.2,0.3,1.9,0.3,0
1109_flat,real_monsoon_flat_valley_rain,26.6528,92.7926,2009-08-20,1.7183580016554572,25.0,10.0,17.0,15.1,19.4,0
1111,real_landslide_steep_rain,27.1344,88.4575,2009-08-20,24.563045162076698,25.0,99.4,29.2,23.7,43.3,1
1111_dry,real_dry_season_steep_dry,27.1344,88.4575,2009-03-23,24.563045162076698,25.0,0.0,0.2,0.6,1.3,0
1111_flat,real_monsoon_flat_valley_rain,26.3212,91.0065,2009-08-20,0.5729386976834859,25.0,14.7,25.1,15.4,10.8,0
1112,real_landslide_steep_rain,27.1761,88.5287,2009-08-20,23.754948389321505,25.0,99.4,29.2,23.7,43.3,1
1112_dry,real_dry_season_steep_dry,27.1761,88.5287,2009-03-23,23.754948389321505,25.0,0.0,0.2,0.6,1.3,0
1112_flat,real_monsoon_flat_valley_rain,26.3463,92.6841,2009-08-20,0.5729386976834859,25.0,15.9,18.5,16.2,43.5,0
1110,real_landslide_steep_rain,26.88405686,88.28087032,2009-08-20,15.680141406453098,25.0,78.6,31.4,20.8,111.4,1
1110_dry,real_dry_season_steep_dry,26.88405686,88.28087032,2009-03-23,15.680141406453098,25.0,3.2,11.1,14.1,8.9,0
1110_flat,real_monsoon_flat_valley_rain,26.0207,89.9744,2009-08-20,1.1457628381751035,25.0,23.8,34.0,18.0,30.1,0
1125,real_landslide_steep_rain,27.3746,88.7648,2009-08-26,0.0,25.0,27.9,28.2,16.5,12.4,1
1125_dry,real_dry_season_steep_dry,27.3746,88.7648,2009-03-29,0.0,25.0,9.9,3.0,7.2,5.1,0
1125_flat,real_monsoon_flat_valley_rain,27.4728,94.912,2009-08-26,1.1457628381751035,25.0,11.9,4.6,0.0,2.4,0
1127,real_landslide_steep_rain,25.1718,93.123,2009-08-27,17.299107615709833,25.0,8.4,4.1,9.1,7.3,1
1127_dry,real_dry_season_steep_dry,25.1718,93.123,2009-03-30,17.299107615709833,25.0,4.3,3.1,17.1,19.3,0
1127_flat,real_monsoon_flat_valley_rain,26.1445,91.7362,2009-08-27,2.9189949338347145,25.0,5.5,5.1,64.9,34.0,0
1129,real_landslide_steep_rain,24.8628,94.4182,2009-08-30,25.178516216275582,25.0,8.5,6.7,3.7,12.3,1
1129_dry,real_dry_season_steep_dry,24.8628,94.4182,2009-04-02,25.178516216275582,25.0,13.6,2.8,12.0,0.0,0
1129_flat,real_monsoon_flat_valley_rain,26.7271,88.3953,2009-08-30,0.0,25.0,20.4,3.4,3.4,14.6,0
1168,real_landslide_steep_rain,27.1954,88.6115,2009-09-17,12.999985665815318,25.0,4.2,5.6,7.4,11.8,1
1168_dry,real_dry_season_steep_dry,27.1954,88.6115,2009-04-20,12.999985665815318,25.0,4.6,0.5,0.2,0.0,0
1168_flat,real_monsoon_flat_valley_rain,26.5413,88.7196,2009-09-17,2.2906100426385296,25.0,1.5,6.4,5.2,5.4,0
1170,real_landslide_steep_rain,26.8342,88.2798,2009-09-18,22.04642818808474,25.0,2.3,9.2,8.7,12.5,1
1170_dry,real_dry_season_steep_dry,26.8342,88.2798,2009-04-21,22.04642818808474,25.0,1.2,0.3,0.3,2.2,0
1170_flat,real_monsoon_flat_valley_rain,26.6528,92.7926,2009-09-18,1.7183580016554572,25.0,12.1,8.2,7.3,22.3,0
1222,real_landslide_steep_rain,23.73478778,92.72124394,2009-10-05,33.6798171877479,25.0,1.6,41.6,17.3,28.3,1
1222_dry,real_dry_season_steep_dry,23.73478778,92.72124394,2009-05-08,33.6798171877479,25.0,0.7,0.0,0.5,0.6,0
1222_flat,real_monsoon_flat_valley_rain,26.0207,89.9744,2009-10-05,1.1457628381751035,25.0,0.0,6.7,3.4,49.1,0
1596,real_landslide_steep_rain,24.7339,93.9161,2010-03-27,23.26770481005695,25.0,0.0,0.0,0.0,2.5,1
1596_dry,real_dry_season_steep_dry,24.7339,93.9161,2009-10-28,23.26770481005695,25.0,0.0,0.0,0.0,0.0,0
1596_flat,real_monsoon_flat_valley_rain,26.3212,91.0065,2010-03-27,0.5729386976834859,25.0,0.2,1.6,10.0,48.2,0
1611,real_landslide_steep_rain,25.1553,93.028,2010-04-01,16.172159015782555,25.0,33.6,60.8,20.7,15.3,1
1611_dry,real_dry_season_steep_dry,25.1553,93.028,2009-11-02,16.172159015782555,25.0,0.0,0.0,0.0,0.0,0
1611_flat,real_monsoon_flat_valley_rain,26.3463,92.6841,2010-04-01,0.5729386976834859,25.0,7.6,14.8,14.6,0.3,0
1613,real_landslide_steep_rain,27.8997,93.3497,2010-04-02,8.678829373950299,25.0,16.1,19.9,22.5,20.2,1
1613_dry,real_dry_season_steep_dry,27.8997,93.3497,2009-11-03,8.678829373950299,25.0,4.3,4.9,0.9,2.3,0
1613_flat,real_monsoon_flat_valley_rain,27.4728,94.912,2010-04-02,1.1457628381751035,25.0,24.3,80.2,42.1,41.3,0
1770,real_landslide_steep_rain,26.1965,91.763,2010-04-20,11.157292128087049,25.0,40.7,30.3,24.8,50.4,1
1770_dry,real_dry_season_steep_dry,26.1965,91.763,2009-11-21,11.157292128087049,25.0,0.0,0.8,0.0,0.1,0
1770_flat,real_monsoon_flat_valley_rain,26.5413,88.7196,2010-04-20,2.2906100426385296,25.0,8.4,3.4,4.0,3.5,0
1755,real_landslide_steep_rain,27.3341,88.6083,2010-04-17,22.595761881293804,25.0,0.4,1.8,1.9,4.7,1
1755_dry,real_dry_season_steep_dry,27.3341,88.6083,2009-11-18,22.595761881293804,25.0,24.4,19.5,44.9,16.0,0
1755_flat,real_monsoon_flat_valley_rain,26.1445,91.7362,2010-04-17,2.9189949338347145,25.0,14.2,3.8,18.4,40.7,0
1756,real_landslide_steep_rain,27.322,88.6087,2010-04-17,42.522707069627515,25.0,0.4,1.8,1.9,4.7,1
1756_dry,real_dry_season_steep_dry,27.322,88.6087,2009-11-18,42.522707069627515,25.0,24.4,19.5,44.9,16.0,0
1756_flat,real_monsoon_flat_valley_rain,26.7271,88.3953,2010-04-17,0.0,25.0,2.1,0.4,0.5,3.6,0
1771,real_landslide_steep_rain,26.1978,91.7665,2010-04-20,8.984876931685683,25.0,40.7,30.3,24.8,50.4,1
1771_dry,real_dry_season_steep_dry,26.1978,91.7665,2009-11-21,8.984876931685683,25.0,0.0,0.8,0.0,0.1,0
1771_flat,real_monsoon_flat_valley_rain,26.6528,92.7926,2010-04-20,1.7183580016554572,25.0,25.7,29.0,71.2,44.6,0
1775,real_landslide_steep_rain,27.8965,96.1779,2010-04-21,4.9166653832101535,25.0,10.9,37.9,39.8,53.6,1
1775_dry,real_dry_season_steep_dry,27.8965,96.1779,2009-11-22,4.9166653832101535,25.0,0.7,0.0,0.0,0.0,0
1775_flat,real_monsoon_flat_valley_rain,26.0207,89.9744,2010-04-21,1.1457628381751035,25.0,82.9,98.3,6.3,38.5,0
1776,real_landslide_steep_rain,25.3612,92.2845,2010-04-21,5.111089695288715,25.0,50.6,63.9,57.3,18.3,1
1776_dry,real_dry_season_steep_dry,25.3612,92.2845,2009-11-22,5.111089695288715,25.0,0.0,2.7,0.0,0.0,0
1776_flat,real_monsoon_flat_valley_rain,26.3212,91.0065,2010-04-21,0.5729386976834859,25.0,70.8,78.4,39.7,50.9,0
1857,real_landslide_steep_rain,25.3433,92.2897,2010-05-11,2.2906100426385296,25.0,11.9,41.4,73.4,37.2,1
1857_dry,real_dry_season_steep_dry,25.3433,92.2897,2009-12-12,2.2906100426385296,25.0,0.0,0.0,0.0,0.0,0
1857_flat,real_monsoon_flat_valley_rain,26.3463,92.6841,2010-05-11,0.5729386976834859,25.0,14.1,22.7,21.0,4.4,0
1929,real_landslide_steep_rain,27.3543,88.6428,2010-05-31,22.671853529325695,25.0,8.9,7.2,5.1,3.5,1
1929_dry,real_dry_season_steep_dry,27.3543,88.6428,2010-01-01,22.671853529325695,25.0,2.2,0.7,7.8,1.2,0
1929_flat,real_monsoon_flat_valley_rain,27.4728,94.912,2010-05-31,1.1457628381751035,25.0,10.6,3.0,4.4,25.6,0
1934,real_landslide_steep_rain,24.6005,92.3814,2010-06-03,14.03624346792648,25.0,12.1,9.1,7.7,3.1,1
1934_dry,real_dry_season_steep_dry,24.6005,92.3814,2010-01-04,14.03624346792648,25.0,0.0,0.0,0.0,0.0,0
1934_flat,real_monsoon_flat_valley_rain,26.7271,88.3953,2010-06-03,0.0,25.0,18.7,14.3,5.7,5.2,0
1930,real_landslide_steep_rain,28.4298,95.8776,2010-05-31,23.396501671982783,25.0,6.4,3.3,3.1,19.0,1
1930_dry,real_dry_season_steep_dry,28.4298,95.8776,2010-01-01,23.396501671982783,25.0,0.0,0.0,3.7,0.0,0
1930_flat,real_monsoon_flat_valley_rain,26.1445,91.7362,2010-05-31,2.9189949338347145,25.0,6.3,5.2,7.5,12.1,0
1935,real_landslide_steep_rain,23.8986,91.7599,2010-06-03,11.91191379484262,25.0,11.3,3.7,4.3,6.2,1
1935_dry,real_dry_season_steep_dry,23.8986,91.7599,2010-01-04,11.91191379484262,25.0,0.0,0.0,0.0,0.0,0
1935_flat,real_monsoon_flat_valley_rain,26.5413,88.7196,2010-06-03,2.2906100426385296,25.0,7.5,19.8,9.1,16.6,0
1961,real_landslide_steep_rain,25.8833,91.2,2010-06-09,21.954998832237575,25.0,3.4,3.9,15.3,34.9,1
1961_dry,real_dry_season_steep_dry,25.8833,91.2,2010-01-10,21.954998832237575,25.0,0.0,0.0,0.0,0.0,0
1961_flat,real_monsoon_flat_valley_rain,26.0207,89.9744,2010-06-09,1.1457628381751035,25.0,40.5,25.3,72.3,58.5,0
1963,real_landslide_steep_rain,26.944,88.4441,2010-06-11,23.749494492866763,25.0,3.5,20.8,12.5,4.2,1
1963_dry,real_dry_season_steep_dry,26.944,88.4441,2010-01-12,23.749494492866763,25.0,0.0,0.6,4.0,0.8,0
1963_flat,real_monsoon_flat_valley_rain,26.3212,91.0065,2010-06-11,0.5729386976834859,25.0,71.0,84.4,12.4,5.7,0
1954,real_landslide_steep_rain,24.7543,93.5039,2010-06-07,24.185336209149625,25.0,11.7,9.5,2.0,10.2,1
1954_dry,real_dry_season_steep_dry,24.7543,93.5039,2010-01-08,24.185336209149625,25.0,0.0,0.0,0.0,0.0,0
1954_flat,real_monsoon_flat_valley_rain,26.6528,92.7926,2010-06-07,1.7183580016554572,25.0,10.0,18.6,12.6,12.4,0
1986,real_landslide_steep_rain,26.3335,94.5512,2010-06-15,12.156145050965591,25.0,14.7,13.0,12.6,20.3,1
1986_dry,real_dry_season_steep_dry,26.3335,94.5512,2010-01-16,12.156145050965591,25.0,0.0,0.0,0.0,0.0,0
1986_flat,real_monsoon_flat_valley_rain,26.3463,92.6841,2010-06-15,0.5729386976834859,25.0,33.6,10.1,16.2,2.8,0
1987,real_landslide_steep_rain,25.2269,93.1658,2010-06-15,4.124518139862882,25.0,2.2,9.7,5.7,8.1,1
1987_dry,real_dry_season_steep_dry,25.2269,93.1658,2010-01-16,4.124518139862882,25.0,0.0,0.0,0.0,0.0,0
1987_flat,real_monsoon_flat_valley_rain,27.4728,94.912,2010-06-15,1.1457628381751035,25.0,3.7,24.3,17.6,14.2,0
1994,real_landslide_steep_rain,25.0633,92.8025,2010-06-16,18.641439944547074,25.0,31.3,32.2,20.6,12.2,1
1994_dry,real_dry_season_steep_dry,25.0633,92.8025,2010-01-17,18.641439944547074,25.0,0.0,0.0,0.0,0.0,0
1994_flat,real_monsoon_flat_valley_rain,26.7271,88.3953,2010-06-16,0.0,25.0,4.5,3.6,8.4,15.8,0
1993,real_landslide_steep_rain,26.8073,88.3162,2010-06-16,2.361028198348736,25.0,6.9,3.9,11.2,18.7,1
1993_dry,real_dry_season_steep_dry,26.8073,88.3162,2010-01-17,2.361028198348736,25.0,0.0,0.0,0.0,0.0,0
1993_flat,real_monsoon_flat_valley_rain,26.1445,91.7362,2010-06-16,2.9189949338347145,25.0,1.1,7.0,4.0,19.5,0
1995,real_landslide_steep_rain,27.0765,88.4808,2010-06-16,18.78558400320078,25.0,4.7,3.3,6.6,7.0,1
1995_dry,real_dry_season_steep_dry,27.0765,88.4808,2010-01-17,18.78558400320078,25.0,0.0,0.0,0.0,0.0,0
1995_flat,real_monsoon_flat_valley_rain,26.5413,88.7196,2010-06-16,2.2906100426385296,25.0,4.0,3.5,12.2,14.9,0
1996,real_landslide_steep_rain,26.4333,94.8833,2010-06-17,17.849848259878947,25.0,27.1,14.0,9.2,29.1,1
1996_dry,real_dry_season_steep_dry,26.4333,94.8833,2010-01-18,17.849848259878947,25.0,0.3,0.0,0.0,0.0,0
1996_flat,real_monsoon_flat_valley_rain,26.6528,92.7926,2010-06-17,1.7183580016554572,25.0,12.0,5.9,15.5,9.0,0
2026,real_landslide_steep_rain,25.4916,91.2698,2010-06-28,3.4808773532462083,25.0,20.4,94.3,83.6,95.7,1
2026_dry,real_dry_season_steep_dry,25.4916,91.2698,2010-01-29,3.4808773532462083,25.0,0.1,0.0,0.0,0.0,0
2026_flat,real_monsoon_flat_valley_rain,26.3212,91.0065,2010-06-28,0.5729386976834859,25.0,18.8,75.9,30.2,17.8,0
2034,real_landslide_steep_rain,26.8712,88.3052,2010-07-04,40.43481527764616,25.0,21.1,56.2,34.3,9.6,1
2034_dry,real_dry_season_steep_dry,26.8712,88.3052,2010-02-04,40.43481527764616,25.0,0.3,1.1,1.2,0.1,0
2034_flat,real_monsoon_flat_valley_rain,26.3463,92.6841,2010-07-04,0.5729386976834859,25.0,9.4,27.9,32.2,23.4,0
2025,real_landslide_steep_rain,25.5728,91.885,2010-06-28,5.3893224751224,25.0,22.6,65.2,46.0,68.2,1
2025_dry,real_dry_season_steep_dry,25.5728,91.885,2010-01-29,5.3893224751224,25.0,0.0,0.0,0.0,0.0,0
2025_flat,real_monsoon_flat_valley_rain,26.0207,89.9744,2010-06-28,1.1457628381751035,25.0,12.9,46.8,15.8,20.0,0
2042,real_landslide_steep_rain,26.0093,94.5238,2010-07-06,20.54767091335874,25.0,22.5,14.3,3.9,5.1,1
2042_dry,real_dry_season_steep_dry,26.0093,94.5238,2010-02-06,20.54767091335874,25.0,0.0,0.0,0.0,0.0,0
2042_flat,real_monsoon_flat_valley_rain,27.4728,94.912,2010-07-06,1.1457628381751035,25.0,6.0,72.6,15.5,25.0,0
2043,real_landslide_steep_rain,26.7225,95.0281,2010-07-06,15.42217279371702,25.0,25.8,16.4,7.3,8.2,1
2043_dry,real_dry_season_steep_dry,26.7225,95.0281,2010-02-06,15.42217279371702,25.0,0.9,0.0,0.2,0.0,0
2043_flat,real_monsoon_flat_valley_rain,26.1445,91.7362,2010-07-06,2.9189949338347145,25.0,33.2,16.3,9.7,23.5,0
2044,real_landslide_steep_rain,25.8877,94.7861,2010-07-06,5.267518906840194,25.0,22.8,12.7,3.8,6.0,1
2044_dry,real_dry_season_steep_dry,25.8877,94.7861,2010-02-06,5.267518906840194,25.0,0.0,0.0,0.0,0.0,0
2044_flat,real_monsoon_flat_valley_rain,26.7271,88.3953,2010-07-06,0.0,25.0,44.1,17.1,14.6,13.6,0
2045,real_landslide_steep_rain,26.2363,94.8133,2010-07-06,11.22695812387902,25.0,29.7,9.7,4.1,3.2,1
2045_dry,real_dry_season_steep_dry,26.2363,94.8133,2010-02-06,11.22695812387902,25.0,0.0,0.0,0.0,0.0,0
2045_flat,real_monsoon_flat_valley_rain,26.5413,88.7196,2010-07-06,2.2906100426385296,25.0,49.8,29.0,23.5,19.1,0
2098,real_landslide_steep_rain,26.7215,95.0283,2010-07-19,11.157292128087049,25.0,14.8,6.3,37.0,41.1,1
2098_dry,real_dry_season_steep_dry,26.7215,95.0283,2010-02-19,11.157292128087049,25.0,0.0,1.6,0.9,0.0,0
2098_flat,real_monsoon_flat_valley_rain,26.6528,92.7926,2010-07-19,1.7183580016554572,25.0,9.8,11.8,26.3,15.0,0
2113,real_landslide_steep_rain,27.3773,88.559,2010-07-21,31.38661346636262,25.0,68.2,43.1,29.7,53.9,1
2113_dry,real_dry_season_steep_dry,27.3773,88.559,2010-02-21,31.38661346636262,25.0,2.6,6.6,4.7,2.1,0
2113_flat,real_monsoon_flat_valley_rain,26.3463,92.6841,2010-07-21,0.5729386976834859,25.0,13.0,11.2,22.5,14.5,0
2112,real_landslide_steep_rain,27.5509,88.6475,2010-07-21,38.844318744095986,25.0,68.2,43.1,29.7,53.9,1
2112_dry,real_dry_season_steep_dry,27.5509,88.6475,2010-02-21,38.844318744095986,25.0,2.6,6.6,4.7,2.1,0
2112_flat,real_monsoon_flat_valley_rain,26.3212,91.0065,2010-07-21,0.5729386976834859,25.0,10.0,18.9,8.7,4.1,0
2106,real_landslide_steep_rain,26.8716,94.9921,2010-07-20,14.57421619803874,25.0,6.3,37.0,41.1,103.1,1
2106_dry,real_dry_season_steep_dry,26.8716,94.9921,2010-02-20,14.57421619803874,25.0,1.6,0.9,0.0,0.0,0
2106_flat,real_monsoon_flat_valley_rain,26.0207,89.9744,2010-07-20,1.1457628381751035,25.0,5.4,6.0,39.9,19.7,0
2140,real_landslide_steep_rain,25.0477,92.801,2010-07-25,23.407652145117517,25.0,10.2,14.5,9.9,9.3,1
2140_dry,real_dry_season_steep_dry,25.0477,92.801,2010-02-25,23.407652145117517,25.0,0.0,0.0,4.3,2.8,0
2140_flat,real_monsoon_flat_valley_rain,27.4728,94.912,2010-07-25,1.1457628381751035,25.0,10.2,13.6,4.8,19.0,0
2163,real_landslide_steep_rain,25.4196,94.1054,2010-07-29,0.0,25.0,25.0,7.3,10.2,29.0,1
2163_dry,real_dry_season_steep_dry,25.4196,94.1054,2010-03-01,0.0,25.0,0.1,1.2,1.8,0.9,0
2163_flat,real_monsoon_flat_valley_rain,26.1445,91.7362,2010-07-29,2.9189949338347145,25.0,21.4,5.3,1.1,22.6,0
2164,real_landslide_steep_rain,25.3098633,94.48214677,2010-07-29,0.0,25.0,20.8,2.6,12.6,27.7,1
2164_dry,real_dry_season_steep_dry,25.3098633,94.48214677,2010-03-01,0.0,25.0,0.0,1.3,1.5,0.0,0
2164_flat,real_monsoon_flat_valley_rain,26.7271,88.3953,2010-07-29,0.0,25.0,29.5,9.3,3.7,21.0,0
2166,real_landslide_steep_rain,24.9786,93.5027,2010-07-29,0.0,25.0,13.4,2.7,2.8,35.6,1
2166_dry,real_dry_season_steep_dry,24.9786,93.5027,2010-03-01,0.0,25.0,1.4,0.2,3.4,0.0,0
2166_flat,real_monsoon_flat_valley_rain,26.5413,88.7196,2010-07-29,2.2906100426385296,25.0,33.1,12.6,1.2,11.1,0
2201,real_landslide_steep_rain,27.0366,88.263,2010-08-05,0.0,25.0,13.5,9.8,18.1,14.8,1
2201_dry,real_dry_season_steep_dry,27.0366,88.263,2010-03-08,0.0,25.0,0.8,1.6,1.0,1.2,0
2201_flat,real_monsoon_flat_valley_rain,26.0207,89.9744,2010-08-05,1.1457628381751035,25.0,4.7,2.4,4.2,35.1,0
2182,real_landslide_steep_rain,24.9356,93.8443,2010-07-31,0.0,25.0,3.9,38.5,3.7,10.0,1
2182_dry,real_dry_season_steep_dry,24.9356,93.8443,2010-03-03,0.0,25.0,3.7,0.0,0.0,0.3,0
2182_flat,real_monsoon_flat_valley_rain,26.6528,92.7926,2010-07-31,1.7183580016554572,25.0,14.4,13.6,21.7,7.6,0
2205,real_landslide_steep_rain,23.7365,92.7146,2010-08-06,0.0,25.0,12.4,22.3,29.5,17.2,1
2205_dry,real_dry_season_steep_dry,23.7365,92.7146,2010-03-09,0.0,25.0,1.2,0.9,0.2,0.0,0
2205_flat,real_monsoon_flat_valley_rain,26.3212,91.0065,2010-08-06,0.5729386976834859,25.0,2.7,9.0,30.7,5.9,0
2214,real_landslide_steep_rain,27.0375,88.2627,2010-08-06,0.0,25.0,9.8,18.1,14.8,6.4,1
2214_dry,real_dry_season_steep_dry,27.0375,88.2627,2010-03-09,0.0,25.0,1.6,1.0,1.2,5.8,0
2214_flat,real_monsoon_flat_valley_rain,26.3463,92.6841,2010-08-06,0.5729386976834859,25.0,16.0,17.4,4.5,22.9,0
2243,real_landslide_steep_rain,25.70223725,94.04619681,2010-08-13,0.0,25.0,8.8,22.7,21.9,14.4,1
2243_dry,real_dry_season_steep_dry,25.70223725,94.04619681,2010-03-16,0.0,25.0,0.0,0.0,7.0,0.3,0
2243_flat,real_monsoon_flat_valley_rain,27.4728,94.912,2010-08-13,1.1457628381751035,25.0,3.1,15.7,15.8,20.1,0
2249,real_landslide_steep_rain,26.0814,94.803,2010-08-14,0.0,25.0,12.5,8.3,12.4,15.1,1
2249_dry,real_dry_season_steep_dry,26.0814,94.803,2010-03-17,0.0,25.0,0.0,0.2,0.5,0.0,0
2249_flat,real_monsoon_flat_valley_rain,26.5413,88.7196,2010-08-14,2.2906100426385296,25.0,9.2,27.0,17.8,12.5,0
2261,real_landslide_steep_rain,26.9435,88.4445,2010-08-17,0.0,25.0,68.8,28.2,49.7,44.2,1
2261_dry,real_dry_season_steep_dry,26.9435,88.4445,2010-03-20,0.0,25.0,0.0,0.0,0.0,0.0,0
2261_flat,real_monsoon_flat_valley_rain,26.0207,89.9744,2010-08-17,1.1457628381751035,25.0,6.0,7.1,10.6,22.6,0
2248,real_landslide_steep_rain,26.222,94.9152,2010-08-14,0.0,25.0,23.4,8.3,25.6,31.6,1
2248_dry,real_dry_season_steep_dry,26.222,94.9152,2010-03-17,0.0,25.0,0.0,0.9,0.5,0.1,0
2248_flat,real_monsoon_flat_valley_rain,26.7271,88.3953,2010-08-14,0.0,25.0,12.1,15.0,19.4,20.6,0
2253,real_landslide_steep_rain,25.31006064,94.48265093,2010-08-15,0.0,25.0,8.8,7.6,20.5,16.9,1
2253_dry,real_dry_season_steep_dry,25.31006064,94.48265093,2010-03-18,0.0,25.0,0.6,1.0,0.0,0.1,0
2253_flat,real_monsoon_flat_valley_rain,26.6528,92.7926,2010-08-15,1.7183580016554572,25.0,21.8,27.9,12.3,9.3,0
2247,real_landslide_steep_rain,26.148,94.8422,2010-08-14,0.0,25.0,9.3,7.4,12.0,11.1,1
2247_dry,real_dry_season_steep_dry,26.148,94.8422,2010-03-17,0.0,25.0,0.0,1.1,1.8,0.0,0
2247_flat,real_monsoon_flat_valley_rain,26.1445,91.7362,2010-08-14,2.9189949338347145,25.0,7.6,12.7,12.9,13.2,0
2263,real_landslide_steep_rain,26.2753,94.6654,2010-08-17,0.0,25.0,11.1,44.3,28.8,5.0,1
2263_dry,real_dry_season_steep_dry,26.2753,94.6654,2010-03-20,0.0,25.0,0.0,0.2,0.0,0.0,0
2263_flat,real_monsoon_flat_valley_rain,26.3212,91.0065,2010-08-17,0.5729386976834859,25.0,6.6,10.9,15.1,25.1,0
2279,real_landslide_steep_rain,26.9722,88.4481,2010-08-19,0.0,25.0,49.7,44.2,35.2,87.1,1
2279_dry,real_dry_season_steep_dry,26.9722,88.4481,2010-03-22,0.0,25.0,0.0,0.0,0.0,0.3,0
2279_flat,real_monsoon_flat_valley_rain,26.3463,92.6841,2010-08-19,0.5729386976834859,25.0,33.1,9.5,21.5,20.7,0
2281,real_landslide_steep_rain,25.61560252,94.11603493,2010-08-19,0.0,25.0,14.9,3.1,8.1,12.2,1
2281_dry,real_dry_season_steep_dry,25.61560252,94.11603493,2010-03-22,0.0,25.0,1.1,0.0,0.0,1.0,0
2281_flat,real_monsoon_flat_valley_rain,27.4728,94.912,2010-08-19,1.1457628381751035,25.0,11.5,5.6,5.7,23.7,0
2282,real_landslide_steep_rain,26.1984,94.8158,2010-08-19,0.0,25.0,28.8,5.0,15.5,31.0,1
2282_dry,real_dry_season_steep_dry,26.1984,94.8158,2010-03-22,0.0,25.0,0.0,0.0,0.0,0.0,0
2282_flat,real_monsoon_flat_valley_rain,26.1445,91.7362,2010-08-19,2.9189949338347145,25.0,13.4,11.9,9.4,51.6,0
2304,real_landslide_steep_rain,25.5718,94.1211,2010-08-21,0.0,25.0,8.1,12.2,14.4,4.8,1
2304_dry,real_dry_season_steep_dry,25.5718,94.1211,2010-03-24,0.0,25.0,0.0,1.0,0.1,0.6,0
2304_flat,real_monsoon_flat_valley_rain,26.6528,92.7926,2010-08-21,1.7183580016554572,25.0,60.9,18.4,12.5,9.7,0
2341,real_landslide_steep_rain,27.2319,88.497,2010-08-26,0.0,25.0,60.2,135.5,6.9,9.8,1
2341_dry,real_dry_season_steep_dry,27.2319,88.497,2010-03-29,0.0,25.0,1.8,1.4,0.0,1.9,0
2341_flat,real_monsoon_flat_valley_rain,26.0207,89.9744,2010-08-26,1.1457628381751035,25.0,52.3,2.9,7.3,13.6,0
2296,real_landslide_steep_rain,27.167,88.3652,2010-08-20,0.0,25.0,41.4,28.1,30.4,34.6,1
2296_dry,real_dry_season_steep_dry,27.167,88.3652,2010-03-23,0.0,25.0,0.2,2.7,27.4,18.0,0
2296_flat,real_monsoon_flat_valley_rain,26.5413,88.7196,2010-08-20,2.2906100426385296,25.0,20.6,29.2,61.5,9.8,0
2283,real_landslide_steep_rain,24.8961,93.4957,2010-08-19,0.0,25.0,26.3,4.1,4.6,4.4,1
2283_dry,real_dry_season_steep_dry,24.8961,93.4957,2010-03-22,0.0,25.0,0.0,0.0,0.0,0.1,0
2283_flat,real_monsoon_flat_valley_rain,26.7271,88.3953,2010-08-19,0.0,25.0,31.4,34.9,24.4,35.2,0
2343,real_landslide_steep_rain,25.4786,94.1327,2010-08-27,0.0,25.0,14.8,3.7,6.4,15.1,1
2343_dry,real_dry_season_steep_dry,25.4786,94.1327,2010-03-30,0.0,25.0,10.3,28.2,40.4,23.6,0
2343_flat,real_monsoon_flat_valley_rain,26.3212,91.0065,2010-08-27,0.5729386976834859,25.0,1.5,18.6,11.2,4.7,0
2344,real_landslide_steep_rain,24.7505,93.4221,2010-08-27,0.0,25.0,18.8,11.8,7.6,8.1,1
2344_dry,real_dry_season_steep_dry,24.7505,93.4221,2010-03-30,0.0,25.0,1.2,3.9,19.7,21.2,0
2344_flat,real_monsoon_flat_valley_rain,26.3463,92.6841,2010-08-27,0.5729386976834859,25.0,5.3,14.7,20.7,26.7,0
2345,real_landslide_steep_rain,27.3392,88.6188,2010-08-27,0.0,25.0,154.3,20.0,23.3,28.9,1
2345_dry,real_dry_season_steep_dry,27.3392,88.6188,2010-03-30,0.0,25.0,1.1,5.4,12.6,26.0,0
2345_flat,real_monsoon_flat_valley_rain,27.4728,94.912,2010-08-27,1.1457628381751035,25.0,0.6,10.0,13.5,18.5,0
2392,real_landslide_steep_rain,27.3702,88.7334,2010-09-04,0.0,25.0,16.9,12.6,15.6,16.7,1
2392_dry,real_dry_season_steep_dry,27.3702,88.7334,2010-04-07,0.0,25.0,1.2,5.8,2.2,0.1,0
2392_flat,real_monsoon_flat_valley_rain,26.1445,91.7362,2010-09-04,2.9189949338347145,25.0,25.6,9.2,22.0,9.4,0
2405,real_landslide_steep_rain,28.3036,95.4112,2010-09-09,0.0,25.0,123.2,59.8,15.8,37.9,1
2405_dry,real_dry_season_steep_dry,28.3036,95.4112,2010-04-12,0.0,25.0,11.8,110.6,6.9,13.3,0
2405_flat,real_monsoon_flat_valley_rain,26.7271,88.3953,2010-09-09,0.0,25.0,12.5,23.0,11.1,4.8,0
2411,real_landslide_steep_rain,27.0011,93.7273,2010-09-10,0.0,25.0,7.3,17.2,15.5,13.0,1
2411_dry,real_dry_season_steep_dry,27.0011,93.7273,2010-04-13,0.0,25.0,24.8,30.1,28.8,25.2,0
2411_flat,real_monsoon_flat_valley_rain,26.5413,88.7196,2010-09-10,2.2906100426385296,25.0,20.4,19.4,8.7,6.3,0
2420,real_landslide_steep_rain,23.72988966,92.71495623,2010-09-13,0.0,25.0,7.7,4.1,5.3,14.2,1
2420_dry,real_dry_season_steep_dry,23.72988966,92.71495623,2010-04-16,0.0,25.0,0.0,0.4,0.0,0.6,0
2420_flat,real_monsoon_flat_valley_rain,26.0207,89.9744,2010-09-13,1.1457628381751035,25.0,21.2,31.0,2.5,7.3,0
2421,real_landslide_steep_rain,23.75406693,92.74128531,2010-09-13,0.0,25.0,7.7,4.1,5.3,14.2,1
2421_dry,real_dry_season_steep_dry,23.75406693,92.74128531,2010-04-16,0.0,25.0,0.0,0.4,0.0,0.6,0
2421_flat,real_monsoon_flat_valley_rain,26.3212,91.0065,2010-09-13,0.5729386976834859,25.0,7.0,16.2,1.0,22.3,0
2415,real_landslide_steep_rain,25.63961883,94.11112157,2010-09-12,0.0,25.0,3.8,13.6,9.6,16.2,1
2415_dry,real_dry_season_steep_dry,25.63961883,94.11112157,2010-04-15,0.0,25.0,5.1,0.2,2.2,3.6,0
2415_flat,real_monsoon_flat_valley_rain,26.6528,92.7926,2010-09-12,1.7183580016554572,25.0,11.0,14.1,7.3,0.5,0
2422,real_landslide_steep_rain,23.74182634,92.7141905,2010-09-13,0.0,25.0,7.7,4.1,5.3,14.2,1
2422_dry,real_dry_season_steep_dry,23.74182634,92.7141905,2010-04-16,0.0,25.0,0.0,0.4,0.0,0.6,0
2422_flat,real_monsoon_flat_valley_rain,26.3463,92.6841,2010-09-13,0.5729386976834859,25.0,17.1,1.9,11.0,15.8,0
2423,real_landslide_steep_rain,23.73504471,92.71060943,2010-09-13,0.0,25.0,7.7,4.1,5.3,14.2,1
2423_dry,real_dry_season_steep_dry,23.73504471,92.71060943,2010-04-16,0.0,25.0,0.0,0.4,0.0,0.6,0
2423_flat,real_monsoon_flat_valley_rain,27.4728,94.912,2010-09-13,1.1457628381751035,25.0,27.2,1.1,7.1,17.4,0
2424,real_landslide_steep_rain,23.591,92.9296,2010-09-13,0.0,25.0,7.8,12.3,6.5,15.4,1
2424_dry,real_dry_season_steep_dry,23.591,92.9296,2010-04-16,0.0,25.0,0.5,0.2,0.0,0.7,0
2424_flat,real_monsoon_flat_valley_rain,26.1445,91.7362,2010-09-13,2.9189949338347145,25.0,7.2,12.4,2.2,8.3,0
2426,real_landslide_steep_rain,22.7176,92.8416,2010-09-13,0.0,25.0,9.4,13.3,10.5,19.6,1
2426_dry,real_dry_season_steep_dry,22.7176,92.8416,2010-04-16,0.0,25.0,0.4,0.3,0.2,0.0,0
2426_flat,real_monsoon_flat_valley_rain,26.5413,88.7196,2010-09-13,2.2906100426385296,25.0,6.3,28.3,50.9,31.3,0
2436,real_landslide_steep_rain,24.3069,93.125,2010-09-16,0.0,25.0,12.3,11.1,15.5,13.9,1
2436_dry,real_dry_season_steep_dry,24.3069,93.125,2010-04-19,0.0,25.0,2.3,0.6,1.2,6.2,0
2436_flat,real_monsoon_flat_valley_rain,26.6528,92.7926,2010-09-16,1.7183580016554572,25.0,14.1,19.5,25.6,15.6,0
2437,real_landslide_steep_rain,23.7527,92.694,2010-09-16,0.0,25.0,14.2,12.4,14.6,13.0,1
2437_dry,real_dry_season_steep_dry,23.7527,92.694,2010-04-19,0.0,25.0,0.6,0.0,0.7,0.5,0
2437_flat,real_monsoon_flat_valley_rain,26.0207,89.9744,2010-09-16,1.1457628381751035,25.0,7.3,16.7,24.5,20.5,0
2425,real_landslide_steep_rain,23.3439,93.0748,2010-09-13,0.0,25.0,5.3,12.3,7.4,18.8,1
2425_dry,real_dry_season_steep_dry,23.3439,93.0748,2010-04-16,0.0,25.0,0.7,0.9,0.0,1.1,0
2425_flat,real_monsoon_flat_valley_rain,26.7271,88.3953,2010-09-13,0.0,25.0,6.9,9.1,66.9,6.6,0
2539,real_landslide_steep_rain,28.3092,95.4149,2010-10-03,0.0,25.0,3.3,2.7,3.5,4.0,1
2539_dry,real_dry_season_steep_dry,28.3092,95.4149,2010-05-06,0.0,25.0,90.9,60.3,6.8,10.6,0
2539_flat,real_monsoon_flat_valley_rain,26.3212,91.0065,2010-10-03,0.5729386976834859,25.0,0.9,5.2,0.1,0.0,0
2566,real_landslide_steep_rain,25.4769,94.1351,2010-10-08,0.0,25.0,10.6,20.6,23.1,24.1,1
2566_dry,real_dry_season_steep_dry,25.4769,94.1351,2010-05-11,0.0,25.0,11.4,25.0,32.9,3.4,0
2566_flat,real_monsoon_flat_valley_rain,26.3463,92.6841,2010-10-08,0.5729386976834859,25.0,11.4,5.7,17.3,117.3,0
2567,real_landslide_steep_rain,25.6633,94.4703,2010-10-08,0.0,25.0,10.2,15.2,23.7,26.2,1
2567_dry,real_dry_season_steep_dry,25.6633,94.4703,2010-05-11,0.0,25.0,7.4,9.5,8.1,6.4,0
2567_flat,real_monsoon_flat_valley_rain,27.4728,94.912,2010-10-08,1.1457628381751035,25.0,0.2,9.7,12.0,20.1,0
2568,real_landslide_steep_rain,24.7679,93.4108,2010-10-08,0.0,25.0,8.4,22.6,17.4,29.9,1
2568_dry,real_dry_season_steep_dry,24.7679,93.4108,2010-05-11,0.0,25.0,9.2,10.4,36.8,3.1,0
2568_flat,real_monsoon_flat_valley_rain,26.1445,91.7362,2010-10-08,2.9189949338347145,25.0,6.7,10.0,21.7,119.1,0
2573,real_landslide_steep_rain,25.1796,93.0083,2010-10-09,0.0,25.0,12.1,18.5,53.3,57.9,1
2573_dry,real_dry_season_steep_dry,25.1796,93.0083,2010-05-12,0.0,25.0,34.6,72.7,4.7,0.9,0
2573_flat,real_monsoon_flat_valley_rain,26.6528,92.7926,2010-10-09,1.7183580016554572,25.0,8.5,14.5,83.1,14.7,0
2570,real_landslide_steep_rain,24.837,93.9128,2010-10-08,0.0,25.0,1.6,18.6,22.5,25.3,1
2570_dry,real_dry_season_steep_dry,24.837,93.9128,2010-05-11,0.0,25.0,0.8,2.2,24.5,0.0,0
2570_flat,real_monsoon_flat_valley_rain,26.5413,88.7196,2010-10-08,2.2906100426385296,25.0,3.7,11.8,3.2,11.2,0
2569,real_landslide_steep_rain,25.2745,94.0212,2010-10-08,0.0,25.0,4.8,16.2,19.7,28.1,1
2569_dry,real_dry_season_steep_dry,25.2745,94.0212,2010-05-11,0.0,25.0,7.9,31.5,60.7,9.5,0
2569_flat,real_monsoon_flat_valley_rain,26.7271,88.3953,2010-10-08,0.0,25.0,1.5,2.9,2.5,6.6,0
2575,real_landslide_steep_rain,25.5242,92.9914,2010-10-09,0.0,25.0,14.2,30.2,50.4,44.6,1
2575_dry,real_dry_season_steep_dry,25.5242,92.9914,2010-05-12,0.0,25.0,25.2,19.4,1.3,0.0,0
2575_flat,real_monsoon_flat_valley_rain,26.3212,91.0065,2010-10-09,0.5729386976834859,25.0,16.9,7.7,88.3,1.1,0
2574,real_landslide_steep_rain,25.4749,93.1477,2010-10-09,0.0,25.0,20.3,22.6,36.7,36.5,1
2574_dry,real_dry_season_steep_dry,25.4749,93.1477,2010-05-12,0.0,25.0,34.0,28.8,0.8,0.0,0
2574_flat,real_monsoon_flat_valley_rain,26.0207,89.9744,2010-10-09,1.1457628381751035,25.0,6.7,10.3,59.4,0.0,0
2576,real_landslide_steep_rain,25.4788,94.1399,2010-10-09,0.0,25.0,20.6,23.1,24.1,17.9,1
2576_dry,real_dry_season_steep_dry,25.4788,94.1399,2010-05-12,0.0,25.0,25.0,32.9,3.4,6.9,0
2576_flat,real_monsoon_flat_valley_rain,26.3463,92.6841,2010-10-09,0.5729386976834859,25.0,5.7,17.3,117.3,25.8,0
2577,real_landslide_steep_rain,25.5265,93.8673,2010-10-09,0.0,25.0,16.8,18.9,27.1,26.1,1
2577_dry,real_dry_season_steep_dry,25.5265,93.8673,2010-05-12,0.0,25.0,15.6,28.3,1.5,1.0,0
2577_flat,real_monsoon_flat_valley_rain,27.4728,94.912,2010-10-09,1.1457628381751035,25.0,9.7,12.0,20.1,17.5,0
2579,real_landslide_steep_rain,25.682,94.1076,2010-10-09,0.0,25.0,14.3,23.4,26.8,18.4,1
2579_dry,real_dry_season_steep_dry,25.682,94.1076,2010-05-12,0.0,25.0,25.0,14.8,1.9,0.0,0
2579_flat,real_monsoon_flat_valley_rain,26.7271,88.3953,2010-10-09,0.0,25.0,2.9,2.5,6.6,0.0,0
2743,real_landslide_steep_rain,27.5798729,91.85672387,2010-11-22,0.0,25.0,8.9,8.9,3.4,0.0,1
2743_dry,real_dry_season_steep_dry,27.5798729,91.85672387,2010-06-25,0.0,25.0,53.8,10.4,8.6,15.8,0
2743_flat,real_monsoon_flat_valley_rain,26.6528,92.7926,2010-11-22,1.7183580016554572,25.0,2.5,1.3,0.7,0.0,0
2578,real_landslide_steep_rain,25.3179,94.0462,2010-10-09,0.0,25.0,16.2,19.7,28.1,21.6,1
2578_dry,real_dry_season_steep_dry,25.3179,94.0462,2010-05-12,0.0,25.0,31.5,60.7,9.5,3.8,0
2578_flat,real_monsoon_flat_valley_rain,26.1445,91.7362,2010-10-09,2.9189949338347145,25.0,10.0,21.7,119.1,8.1,0
2587,real_landslide_steep_rain,25.6623,94.1072,2010-10-10,0.0,25.0,23.4,26.8,18.4,1.8,1
2587_dry,real_dry_season_steep_dry,25.6623,94.1072,2010-05-13,0.0,25.0,14.8,1.9,0.0,0.6,0
2587_flat,real_monsoon_flat_valley_rain,26.5413,88.7196,2010-10-10,2.2906100426385296,25.0,3.2,11.2,0.1,3.7,0
3269,real_landslide_steep_rain,28.0791,96.5242,2011-03-22,0.0,25.0,34.5,67.9,99.6,24.9,1
3269_dry,real_dry_season_steep_dry,28.0791,96.5242,2010-10-23,0.0,25.0,1.0,2.1,2.8,1.2,0
3269_flat,real_monsoon_flat_valley_rain,26.0207,89.9744,2011-03-22,1.1457628381751035,25.0,15.8,6.0,0.0,0.0,0
3525,real_landslide_steep_rain,25.0672,93.4093,2011-05-22,0.0,25.0,14.6,24.5,17.4,35.0,1
3525_dry,real_dry_season_steep_dry,25.0672,93.4093,2010-12-23,0.0,25.0,0.0,0.0,0.0,0.0,0
3525_flat,real_monsoon_flat_valley_rain,26.3212,91.0065,2011-05-22,0.5729386976834859,25.0,11.0,27.2,16.9,43.2,0
3532,real_landslide_steep_rain,25.0888,92.8551,2011-05-24,0.0,25.0,50.7,56.6,32.5,17.3,1
3532_dry,real_dry_season_steep_dry,25.0888,92.8551,2010-12-25,0.0,25.0,0.0,0.0,0.0,0.0,0
3532_flat,real_monsoon_flat_valley_rain,26.3463,92.6841,2011-05-24,0.5729386976834859,25.0,35.4,42.2,3.6,12.4,0
3556,real_landslide_steep_rain,25.1555,93.8474,2011-05-31,0.0,25.0,9.1,19.4,54.6,93.7,1
3556_dry,real_dry_season_steep_dry,25.1555,93.8474,2011-01-01,0.0,25.0,0.0,0.0,0.0,0.0,0
3556_flat,real_monsoon_flat_valley_rain,27.4728,94.912,2011-05-31,1.1457628381751035,25.0,10.6,5.0,20.1,7.0,0
3560,real_landslide_steep_rain,24.8286,93.5935,2011-05-31,0.0,25.0,20.6,17.8,26.2,23.2,1
3560_dry,real_dry_season_steep_dry,24.8286,93.5935,2011-01-01,0.0,25.0,0.0,0.0,0.0,0.0,0
3560_flat,real_monsoon_flat_valley_rain,26.1445,91.7362,2011-05-31,2.9189949338347145,25.0,47.9,42.9,149.2,8.4,0
3617,real_landslide_steep_rain,26.84850975,88.26181745,2011-06-17,0.0,25.0,9.8,14.3,8.9,27.4,1
3617_dry,real_dry_season_steep_dry,26.84850975,88.26181745,2011-01-18,0.0,25.0,0.0,3.2,0.5,2.3,0
3617_flat,real_monsoon_flat_valley_rain,26.7271,88.3953,2011-06-17,0.0,25.0,8.2,8.3,5.1,24.0,0
3621,real_landslide_steep_rain,26.88,88.28,2011-06-17,0.0,25.0,4.2,9.5,4.2,37.1,1
3621_dry,real_dry_season_steep_dry,26.88,88.28,2011-01-18,0.0,25.0,0.0,8.5,0.6,3.9,0
3621_flat,real_monsoon_flat_valley_rain,26.6528,92.7926,2011-06-17,1.7183580016554572,25.0,4.9,32.1,62.7,47.0,0
3619,real_landslide_steep_rain,27.4885,88.4451,2011-06-17,0.0,25.0,4.6,6.6,23.7,66.3,1
3619_dry,real_dry_season_steep_dry,27.4885,88.4451,2011-01-18,0.0,25.0,30.2,32.0,10.8,42.9,0
3619_flat,real_monsoon_flat_valley_rain,26.5413,88.7196,2011-06-17,2.2906100426385296,25.0,23.6,12.5,8.5,30.8,0
3632,real_landslide_steep_rain,27.0638,88.4659,2011-06-20,0.0,25.0,32.2,25.0,31.7,6.3,1
3632_dry,real_dry_season_steep_dry,27.0638,88.4659,2011-01-21,0.0,25.0,5.7,12.0,3.7,0.4,0
3632_flat,real_monsoon_flat_valley_rain,26.0207,89.9744,2011-06-20,1.1457628381751035,25.0,35.4,17.3,14.9,4.7,0
3633,real_landslide_steep_rain,26.3186,94.5121,2011-06-20,0.0,25.0,26.3,39.2,6.6,11.8,1
3633_dry,real_dry_season_steep_dry,26.3186,94.5121,2011-01-21,0.0,25.0,4.1,3.7,0.0,0.0,0
3633_flat,real_monsoon_flat_valley_rain,26.3212,91.0065,2011-06-20,0.5729386976834859,25.0,11.3,14.2,48.0,9.4,0
3637,real_landslide_steep_rain,25.51614662,94.2341227,2011-06-21,0.0,25.0,11.2,14.9,20.8,16.1,1
3637_dry,real_dry_season_steep_dry,25.51614662,94.2341227,2011-01-22,0.0,25.0,0.0,0.4,0.0,0.0,0
3637_flat,real_monsoon_flat_valley_rain,26.3463,92.6841,2011-06-21,0.5729386976834859,25.0,3.0,0.1,0.4,26.8,0
3643,real_landslide_steep_rain,27.2879,88.2579,2011-06-23,0.0,25.0,8.1,11.7,17.2,19.6,1
3643_dry,real_dry_season_steep_dry,27.2879,88.2579,2011-01-24,0.0,25.0,1.4,0.4,1.3,2.0,0
3643_flat,real_monsoon_flat_valley_rain,27.4728,94.912,2011-06-23,1.1457628381751035,25.0,1.5,14.3,16.7,8.0,0
3662,real_landslide_steep_rain,25.03561729,94.0144205,2011-06-28,0.0,25.0,4.1,7.2,8.2,8.6,1
3662_dry,real_dry_season_steep_dry,25.03561729,94.0144205,2011-01-29,0.0,25.0,0.0,0.0,0.0,0.0,0
3662_flat,real_monsoon_flat_valley_rain,26.1445,91.7362,2011-06-28,2.9189949338347145,25.0,8.7,43.5,41.2,66.0,0
3663,real_landslide_steep_rain,25.6682,94.1099,2011-06-28,0.0,25.0,16.8,19.6,29.2,36.8,1
3663_dry,real_dry_season_steep_dry,25.6682,94.1099,2011-01-29,0.0,25.0,0.0,0.1,0.1,0.0,0
3663_flat,real_monsoon_flat_valley_rain,26.7271,88.3953,2011-06-28,0.0,25.0,12.3,27.6,55.4,53.3,0
3672,real_landslide_steep_rain,25.5125,93.3613,2011-06-29,0.0,25.0,0.9,9.9,1.7,3.7,1
3672_dry,real_dry_season_steep_dry,25.5125,93.3613,2011-01-30,0.0,25.0,0.0,0.0,0.0,0.0,0
3672_flat,real_monsoon_flat_valley_rain,26.5413,88.7196,2011-06-29,2.2906100426385296,25.0,35.4,88.7,38.7,91.4,0
3738,real_landslide_steep_rain,24.8063,93.9482,2011-07-06,0.0,25.0,4.2,6.2,8.9,0.8,1
3738_dry,real_dry_season_steep_dry,24.8063,93.9482,2011-02-06,0.0,25.0,0.0,0.0,0.0,0.0,0
3738_flat,real_monsoon_flat_valley_rain,26.0207,89.9744,2011-07-06,1.1457628381751035,25.0,71.9,3.1,2.3,2.1,0
3683,real_landslide_steep_rain,25.8782,94.1739,2011-07-01,0.0,25.0,41.9,25.1,26.6,10.0,1
3683_dry,real_dry_season_steep_dry,25.8782,94.1739,2011-02-01,0.0,25.0,0.0,0.0,2.1,0.2,0
3683_flat,real_monsoon_flat_valley_rain,26.6528,92.7926,2011-07-01,1.7183580016554572,25.0,71.4,42.2,4.4,11.9,0
3741,real_landslide_steep_rain,25.4191,94.1079,2011-07-07,0.0,25.0,14.3,14.0,7.7,6.8,1
3741_dry,real_dry_season_steep_dry,25.4191,94.1079,2011-02-07,0.0,25.0,0.0,0.0,0.0,0.0,0
3741_flat,real_monsoon_flat_valley_rain,26.3212,91.0065,2011-07-07,0.5729386976834859,25.0,14.4,18.7,3.6,5.9,0
3760,real_landslide_steep_rain,25.6703,94.1095,2011-07-11,0.0,25.0,2.5,2.8,3.7,12.8,1
3760_dry,real_dry_season_steep_dry,25.6703,94.1095,2011-02-11,0.0,25.0,0.0,0.0,0.0,0.0,0
3760_flat,real_monsoon_flat_valley_rain,26.3463,92.6841,2011-07-11,0.5729386976834859,25.0,22.1,3.8,5.3,4.4,0
3776,real_landslide_steep_rain,27.125,93.7145,2011-07-15,0.0,25.0,6.2,10.0,44.1,40.2,1
3776_dry,real_dry_season_steep_dry,27.125,93.7145,2011-02-15,0.0,25.0,0.0,0.1,0.0,9.1,0
3776_flat,real_monsoon_flat_valley_rain,27.4728,94.912,2011-07-15,1.1457628381751035,25.0,33.8,37.3,26.2,57.3,0
3789,real_landslide_steep_rain,27.2743,92.9064,2011-07-16,0.0,25.0,20.5,42.8,70.8,12.4,1
3789_dry,real_dry_season_steep_dry,27.2743,92.9064,2011-02-16,0.0,25.0,0.0,0.2,3.6,8.1,0
3789_flat,real_monsoon_flat_valley_rain,26.1445,91.7362,2011-07-16,2.9189949338347145,25.0,26.2,36.5,42.2,6.6,0
3805,real_landslide_steep_rain,27.05374234,88.42572376,2011-07-19,0.0,25.0,105.6,19.8,7.4,140.2,1
3805_dry,real_dry_season_steep_dry,27.05374234,88.42572376,2011-02-19,0.0,25.0,16.6,8.2,3.1,0.0,0
3805_flat,real_monsoon_flat_valley_rain,26.5413,88.7196,2011-07-19,2.2906100426385296,25.0,14.3,15.1,24.8,117.1,0
3794,real_landslide_steep_rain,26.99195749,88.42280921,2011-07-17,0.0,25.0,35.5,41.4,105.6,19.8,1
3794_dry,real_dry_season_steep_dry,26.99195749,88.42280921,2011-02-17,0.0,25.0,0.0,0.4,16.6,8.2,0
3794_flat,real_monsoon_flat_valley_rain,26.7271,88.3953,2011-07-17,0.0,25.0,17.7,57.6,77.8,27.1,0
3813,real_landslide_steep_rain,27.1141,88.4658,2011-07-20,0.0,25.0,19.8,7.4,140.2,45.9,1
3813_dry,real_dry_season_steep_dry,27.1141,88.4658,2011-02-20,0.0,25.0,8.2,3.1,0.0,0.0,0
3813_flat,real_monsoon_flat_valley_rain,26.0207,89.9744,2011-07-20,1.1457628381751035,25.0,14.0,15.5,32.4,26.6,0
3830,real_landslide_steep_rain,24.3527,94.3429,2011-07-22,0.0,25.0,50.1,33.4,14.5,25.7,1
3830_dry,real_dry_season_steep_dry,24.3527,94.3429,2011-02-22,0.0,25.0,0.0,0.0,0.2,0.3,0
3830_flat,real_monsoon_flat_valley_rain,26.3212,91.0065,2011-07-22,0.5729386976834859,25.0,34.4,28.4,28.5,14.3,0
3806,real_landslide_steep_rain,27.1032,93.6884,2011-07-19,0.0,25.0,31.8,10.8,38.9,21.8,1
3806_dry,real_dry_season_steep_dry,27.1032,93.6884,2011-02-19,0.0,25.0,8.5,1.2,0.4,1.8,0
3806_flat,real_monsoon_flat_valley_rain,26.6528,92.7926,2011-07-19,1.7183580016554572,25.0,57.8,9.4,30.8,46.5,0
3831,real_landslide_steep_rain,24.7992,93.948,2011-07-22,0.0,25.0,34.5,23.9,11.5,11.0,1
3831_dry,real_dry_season_steep_dry,24.7992,93.948,2011-02-22,0.0,25.0,0.0,0.0,0.3,0.2,0
3831_flat,real_monsoon_flat_valley_rain,26.3463,92.6841,2011-07-22,0.5729386976834859,25.0,67.4,1.6,24.8,5.5,0
3837,real_landslide_steep_rain,26.5836,93.0038,2011-07-24,0.0,25.0,47.9,38.7,9.9,8.9,1
3837_dry,real_dry_season_steep_dry,26.5836,93.0038,2011-02-24,0.0,25.0,0.0,0.0,0.0,0.0,0
3840,real_landslide_steep_rain,24.6869,93.9157,2011-07-25,0.0,25.0,11.0,0.3,5.3,1.7,1
3840_flat,real_monsoon_flat_valley_rain,26.1445,91.7362,2011-07-25,2.9189949338347145,25.0,12.2,43.2,80.6,11.3,0
3965,real_landslide_steep_rain,24.808,93.117,2011-09-06,0.0,25.0,1.4,16.3,20.2,8.9,1
3965_dry,real_dry_season_steep_dry,24.808,93.117,2011-04-09,0.0,25.0,0.0,0.0,0.0,0.0,0
3965_flat,real_monsoon_flat_valley_rain,26.5413,88.7196,2011-09-06,2.2906100426385296,25.0,4.8,1.6,4.8,19.0,0
3932,real_landslide_steep_rain,25.83,94.13,2011-08-18,0.0,25.0,13.2,15.7,4.2,3.8,1
3932_dry,real_dry_season_steep_dry,25.83,94.13,2011-03-21,0.0,25.0,0.6,13.5,0.6,0.0,0
3932_flat,real_monsoon_flat_valley_rain,27.4728,94.912,2011-08-18,1.1457628381751035,25.0,18.3,4.5,5.2,11.1,0
3943,real_landslide_steep_rain,27.13862165,88.22551799,2011-08-23,0.0,25.0,2.7,7.8,31.7,32.8,1
3943_dry,real_dry_season_steep_dry,27.13862165,88.22551799,2011-03-26,0.0,25.0,0.0,1.3,9.8,3.5,0
3943_flat,real_monsoon_flat_valley_rain,26.1445,91.7362,2011-08-23,2.9189949338347145,25.0,0.0,12.1,27.5,25.6,0
3983,real_landslide_steep_rain,26.1548,91.7351,2011-09-23,0.0,25.0,8.1,24.8,32.2,12.4,1
3983_dry,real_dry_season_steep_dry,26.1548,91.7351,2011-04-26,0.0,25.0,6.9,15.6,13.7,0.0,0
3983_flat,real_monsoon_flat_valley_rain,26.6528,92.7926,2011-09-23,1.7183580016554572,25.0,8.9,12.1,26.4,29.8,0
3944,real_landslide_steep_rain,27.7344,88.633,2011-08-25,0.0,25.0,9.8,9.2,9.2,8.7,1
3944_dry,real_dry_season_steep_dry,27.7344,88.633,2011-03-28,0.0,25.0,10.4,3.0,5.6,5.4,0
3944_flat,real_monsoon_flat_valley_rain,26.7271,88.3953,2011-08-25,0.0,25.0,17.7,15.4,12.4,18.2,0
3986,real_landslide_steep_rain,27.0605,88.255,2011-09-25,0.0,25.0,7.8,9.7,26.7,61.8,1
3986_dry,real_dry_season_steep_dry,27.0605,88.255,2011-04-28,0.0,25.0,12.9,5.3,3.3,9.6,0
3986_flat,real_monsoon_flat_valley_rain,26.0207,89.9744,2011-09-25,1.1457628381751035,25.0,20.3,2.1,11.3,4.5,0
4241,real_landslide_steep_rain,25.1604,93.6795,2012-03-04,0.0,25.0,1.3,8.2,0.7,1.1,1
4241_dry,real_dry_season_steep_dry,25.1604,93.6795,2011-10-06,0.0,25.0,8.5,1.8,1.4,1.2,0
4241_flat,real_monsoon_flat_valley_rain,26.3463,92.6841,2012-03-04,0.5729386976834859,25.0,0.0,0.0,0.6,1.2,0
3997,real_landslide_steep_rain,27.5161,88.5575,2011-09-30,0.0,25.0,1.6,1.5,4.7,0.4,1
3997_dry,real_dry_season_steep_dry,27.5161,88.5575,2011-05-03,0.0,25.0,11.7,15.3,3.7,8.4,0
3997_flat,real_monsoon_flat_valley_rain,26.3212,91.0065,2011-09-30,0.5729386976834859,25.0,5.5,0.2,0.8,1.6,0
4313,real_landslide_steep_rain,28.4659,95.86,2012-04-08,0.0,25.0,38.7,52.7,26.3,9.2,1
4313_dry,real_dry_season_steep_dry,28.4659,95.86,2011-11-10,0.0,25.0,0.8,0.0,0.0,0.0,0
4313_flat,real_monsoon_flat_valley_rain,27.4728,94.912,2012-04-08,1.1457628381751035,25.0,16.9,29.0,6.9,13.3,0
4378,real_landslide_steep_rain,28.8254,96.1517,2012-06-02,0.0,25.0,5.6,10.8,11.2,22.9,1
4378_dry,real_dry_season_steep_dry,28.8254,96.1517,2012-01-04,0.0,25.0,0.2,21.7,6.6,4.8,0
4378_flat,real_monsoon_flat_valley_rain,26.7271,88.3953,2012-06-02,0.0,25.0,9.4,127.2,14.1,85.6,0
4377,real_landslide_steep_rain,26.1475,91.7356,2012-06-02,0.0,25.0,15.1,29.4,12.2,19.2,1
4377_dry,real_dry_season_steep_dry,26.1475,91.7356,2012-01-04,0.0,25.0,0.0,1.4,0.3,0.1,0
4377_flat,real_monsoon_flat_valley_rain,26.1445,91.7362,2012-06-02,2.9189949338347145,25.0,15.1,29.4,12.2,19.2,0
4382,real_landslide_steep_rain,25.1175,92.8573,2012-06-03,0.0,25.0,7.1,117.7,20.9,154.4,1
4382_dry,real_dry_season_steep_dry,25.1175,92.8573,2012-01-05,0.0,25.0,6.7,0.0,0.0,0.0,0
4382_flat,real_monsoon_flat_valley_rain,26.5413,88.7196,2012-06-03,2.2906100426385296,25.0,28.8,5.5,100.2,1.5,0
4384,real_landslide_steep_rain,25.1775,93.0123,2012-06-03,0.0,25.0,14.9,83.4,9.0,183.9,1
4384_dry,real_dry_season_steep_dry,25.1775,93.0123,2012-01-05,0.0,25.0,5.9,2.0,0.9,0.5,0
4384_flat,real_monsoon_flat_valley_rain,26.0207,89.9744,2012-06-03,1.1457628381751035,25.0,2.7,6.1,16.7,46.1,0
4383,real_landslide_steep_rain,25.3056,93.1265,2012-06-03,0.0,25.0,16.9,78.7,10.4,148.6,1
4383_dry,real_dry_season_steep_dry,25.3056,93.1265,2012-01-05,0.0,25.0,5.6,1.8,0.0,0.1,0
4383_flat,real_monsoon_flat_valley_rain,26.6528,92.7926,2012-06-03,1.7183580016554572,25.0,20.1,4.1,5.3,49.9,0
4385,real_landslide_steep_rain,27.7167,88.5577,2012-06-03,0.0,25.0,10.7,14.0,13.0,12.1,1
4385_dry,real_dry_season_steep_dry,27.7167,88.5577,2012-01-05,0.0,25.0,36.4,41.6,60.2,42.1,0
4385_flat,real_monsoon_flat_valley_rain,26.3212,91.0065,2012-06-03,0.5729386976834859,25.0,60.9,11.6,13.8,83.4,0
4393,real_landslide_steep_rain,27.7565,88.632,2012-06-07,0.0,25.0,7.6,5.0,0.6,1.5,1
4393_dry,real_dry_season_steep_dry,27.7565,88.632,2012-01-09,0.0,25.0,14.3,10.8,6.7,8.1,0
4393_flat,real_monsoon_flat_valley_rain,26.3463,92.6841,2012-06-07,0.5729386976834859,25.0,7.0,2.8,2.1,7.1,0
4394,real_landslide_steep_rain,27.1748,88.6458,2012-06-07,0.0,25.0,1.3,1.7,1.6,3.5,1
4394_dry,real_dry_season_steep_dry,27.1748,88.6458,2012-01-09,0.0,25.0,0.0,0.0,0.0,0.0,0
4394_flat,real_monsoon_flat_valley_rain,27.4728,94.912,2012-06-07,1.1457628381751035,25.0,30.9,54.7,7.3,0.1,0
4407,real_landslide_steep_rain,25.0951,92.3567,2012-06-13,0.0,25.0,77.1,26.0,7.8,12.8,1
4407_dry,real_dry_season_steep_dry,25.0951,92.3567,2012-01-15,0.0,25.0,0.0,0.0,0.0,0.0,0
4407_flat,real_monsoon_flat_valley_rain,26.7271,88.3953,2012-06-13,0.0,25.0,4.3,2.0,6.2,32.5,0
4411,real_landslide_steep_rain,27.339,88.6065,2012-06-14,0.0,25.0,7.0,11.6,11.7,20.3,1
4411_dry,real_dry_season_steep_dry,27.339,88.6065,2012-01-16,0.0,25.0,10.4,1.5,4.4,9.2,0
4411_flat,real_monsoon_flat_valley_rain,26.6528,92.7926,2012-06-14,1.7183580016554572,25.0,15.1,9.4,19.4,103.5,0
4408,real_landslide_steep_rain,25.5498,92.0757,2012-06-13,0.0,25.0,12.4,10.9,9.5,12.2,1
4408_dry,real_dry_season_steep_dry,25.5498,92.0757,2012-01-15,0.0,25.0,0.0,0.0,0.0,0.0,0
4408_flat,real_monsoon_flat_valley_rain,26.5413,88.7196,2012-06-13,2.2906100426385296,25.0,6.7,8.5,26.9,26.5,0
4403,real_landslide_steep_rain,24.8142,93.5444,2012-06-10,0.0,25.0,0.8,0.5,4.1,11.4,1
4403_dry,real_dry_season_steep_dry,24.8142,93.5444,2012-01-12,0.0,25.0,13.7,5.9,7.6,1.3,0
4403_flat,real_monsoon_flat_valley_rain,26.1445,91.7362,2012-06-10,2.9189949338347145,25.0,27.5,8.6,13.3,1.6,0
4424,real_landslide_steep_rain,26.149,91.7351,2012-06-20,0.0,25.0,4.9,13.5,30.8,46.1,1
4424_dry,real_dry_season_steep_dry,26.149,91.7351,2012-01-22,0.0,25.0,3.2,1.0,0.0,0.0,0
4424_flat,real_monsoon_flat_valley_rain,26.0207,89.9744,2012-06-20,1.1457628381751035,25.0,36.0,2.5,5.8,10.6,0
4426,real_landslide_steep_rain,26.1226,91.7162,2012-06-22,0.0,25.0,26.3,43.4,88.7,53.8,1
4426_dry,real_dry_season_steep_dry,26.1226,91.7162,2012-01-24,0.0,25.0,0.0,0.0,0.0,0.0,0
4426_flat,real_monsoon_flat_valley_rain,26.3212,91.0065,2012-06-22,0.5729386976834859,25.0,10.0,34.1,79.1,27.9,0
4434,real_landslide_steep_rain,26.1049,91.7369,2012-06-25,0.0,25.0,53.8,49.9,81.6,36.9,1
4434_dry,real_dry_season_steep_dry,26.1049,91.7369,2012-01-27,0.0,25.0,0.0,0.0,0.0,0.0,0
4434_flat,real_monsoon_flat_valley_rain,26.3463,92.6841,2012-06-25,0.5729386976834859,25.0,16.5,39.5,55.2,60.2,0
4435,real_landslide_steep_rain,27.174,95.8011,2012-06-25,0.0,25.0,44.6,21.1,41.1,46.1,1
4435_dry,real_dry_season_steep_dry,27.174,95.8011,2012-01-27,0.0,25.0,0.0,0.0,0.7,0.4,0
4435_flat,real_monsoon_flat_valley_rain,27.4728,94.912,2012-06-25,1.1457628381751035,25.0,46.2,18.1,82.6,47.6,0
4552,real_landslide_steep_rain,27.0377,88.3603,2012-09-14,0.0,25.0,12.2,17.8,78.7,109.7,1
4552_dry,real_dry_season_steep_dry,27.0377,88.3603,2012-04-17,0.0,25.0,11.4,10.4,1.3,1.5,0
4552_flat,real_monsoon_flat_valley_rain,26.5413,88.7196,2012-09-14,2.2906100426385296,25.0,30.3,23.7,57.3,24.2,0
4436,real_landslide_steep_rain,26.9986,95.4993,2012-06-25,0.0,25.0,30.4,21.8,43.5,44.5,1
4436_dry,real_dry_season_steep_dry,26.9986,95.4993,2012-01-27,0.0,25.0,0.4,0.0,0.6,0.5,0
4436_flat,real_monsoon_flat_valley_rain,26.1445,91.7362,2012-06-25,2.9189949338347145,25.0,45.2,39.8,103.2,32.3,0
4446,real_landslide_steep_rain,28.9986,94.8885,2012-07-05,0.0,25.0,35.7,50.1,37.3,69.1,1
4446_dry,real_dry_season_steep_dry,28.9986,94.8885,2012-02-06,0.0,25.0,0.0,0.0,2.3,8.4,0
4446_flat,real_monsoon_flat_valley_rain,26.7271,88.3953,2012-07-05,0.0,25.0,12.4,13.1,57.8,98.4,0
4556,real_landslide_steep_rain,27.1675,88.3651,2012-09-16,0.0,25.0,59.6,85.8,72.6,70.3,1
4556_dry,real_dry_season_steep_dry,27.1675,88.3651,2012-04-19,0.0,25.0,1.0,4.3,4.3,6.4,0
4556_flat,real_monsoon_flat_valley_rain,26.6528,92.7926,2012-09-16,1.7183580016554572,25.0,44.8,23.6,42.0,40.6,0
4569,real_landslide_steep_rain,27.8385,88.556,2012-09-19,0.0,25.0,27.7,40.3,11.9,21.5,1
4569_dry,real_dry_season_steep_dry,27.8385,88.556,2012-04-22,0.0,25.0,18.3,14.7,26.6,49.7,0
4569_flat,real_monsoon_flat_valley_rain,26.0207,89.9744,2012-09-19,1.1457628381751035,25.0,66.0,1.5,13.1,9.4,0
4570,real_landslide_steep_rain,27.8458,95.2253,2012-09-19,0.0,25.0,26.7,28.9,22.9,55.6,1
4570_dry,real_dry_season_steep_dry,27.8458,95.2253,2012-04-22,0.0,25.0,38.8,0.0,0.1,16.2,0
4570_flat,real_monsoon_flat_valley_rain,26.3212,91.0065,2012-09-19,0.5729386976834859,25.0,25.3,1.7,8.0,8.3,0
4571,real_landslide_steep_rain,27.6558,88.605,2012-09-19,0.0,25.0,46.5,46.2,12.6,28.5,1
4571_dry,real_dry_season_steep_dry,27.6558,88.605,2012-04-22,0.0,25.0,15.9,19.8,28.1,47.5,0
4571_flat,real_monsoon_flat_valley_rain,26.3463,92.6841,2012-09-19,0.5729386976834859,25.0,5.7,10.4,7.8,5.8,0
4757,real_landslide_steep_rain,28.1193,95.1645,2013-02-18,0.0,25.0,0.0,0.1,11.2,10.4,1
4757_dry,real_dry_season_steep_dry,28.1193,95.1645,2012-09-21,0.0,25.0,27.8,67.2,55.9,39.9,0
4757_flat,real_monsoon_flat_valley_rain,26.1445,91.7362,2013-02-18,2.9189949338347145,25.0,0.0,1.5,11.0,0.2,0
4798,real_landslide_steep_rain,28.8254,96.1509,2013-04-07,0.0,25.0,28.1,24.6,12.5,0.7,1
4798_dry,real_dry_season_steep_dry,28.8254,96.1509,2012-11-08,0.0,25.0,0.0,0.0,0.1,0.9,0
4798_flat,real_monsoon_flat_valley_rain,26.7271,88.3953,2013-04-07,0.0,25.0,0.8,0.0,0.0,0.0,0
4610,real_landslide_steep_rain,23.7705,92.5217,2012-11-11,0.0,25.0,1.9,0.0,0.0,0.0,1
4610_dry,real_dry_season_steep_dry,23.7705,92.5217,2012-06-14,0.0,25.0,0.1,1.7,1.1,3.7,0
4610_flat,real_monsoon_flat_valley_rain,27.4728,94.912,2012-11-11,1.1457628381751035,25.0,1.0,0.0,0.0,0.0,0
4845,real_landslide_steep_rain,24.2315,92.6755,2013-05-07,0.0,25.0,7.5,20.9,11.2,47.1,1
4845_dry,real_dry_season_steep_dry,24.2315,92.6755,2012-12-08,0.0,25.0,0.0,0.0,0.0,0.0,0
4845_flat,real_monsoon_flat_valley_rain,26.5413,88.7196,2013-05-07,2.2906100426385296,25.0,3.9,3.6,0.0,0.0,0
4848,real_landslide_steep_rain,24.0896,91.4663,2013-05-08,0.0,25.0,54.0,71.8,45.0,57.9,1
4848_dry,real_dry_season_steep_dry,24.0896,91.4663,2012-12-09,0.0,25.0,0.0,0.0,0.0,0.0,0
4848_flat,real_monsoon_flat_valley_rain,26.6528,92.7926,2013-05-08,1.7183580016554572,25.0,26.5,6.4,0.1,0.5,0
4857,real_landslide_steep_rain,23.7281,92.7175,2013-05-11,0.0,25.0,15.6,9.0,6.2,6.4,1
4857_dry,real_dry_season_steep_dry,23.7281,92.7175,2012-12-12,0.0,25.0,0.0,0.0,0.0,2.6,0
4857_flat,real_monsoon_flat_valley_rain,26.0207,89.9744,2013-05-11,1.1457628381751035,25.0,0.9,3.1,0.4,6.3,0
4858,real_landslide_steep_rain,26.1662,91.7138,2013-05-11,0.0,25.0,2.8,10.5,19.4,21.7,1
4858_dry,real_dry_season_steep_dry,26.1662,91.7138,2012-12-12,0.0,25.0,0.0,0.0,0.0,4.2,0
4858_flat,real_monsoon_flat_valley_rain,26.3212,91.0065,2013-05-11,0.5729386976834859,25.0,2.0,6.0,6.0,15.3,0
4859,real_landslide_steep_rain,26.1771,91.7599,2013-05-11,0.0,25.0,2.8,10.5,19.4,21.7,1
4859_dry,real_dry_season_steep_dry,26.1771,91.7599,2012-12-12,0.0,25.0,0.0,0.0,0.0,4.2,0
4859_flat,real_monsoon_flat_valley_rain,26.3463,92.6841,2013-05-11,0.5729386976834859,25.0,2.5,7.5,4.3,29.7,0
4860,real_landslide_steep_rain,26.1016,91.6906,2013-05-11,0.0,25.0,1.9,2.8,7.4,29.0,1
4860_dry,real_dry_season_steep_dry,26.1016,91.6906,2012-12-12,0.0,25.0,0.0,0.1,0.0,0.3,0
4860_flat,real_monsoon_flat_valley_rain,27.4728,94.912,2013-05-11,1.1457628381751035,25.0,2.1,3.0,0.8,3.7,0
4892,real_landslide_steep_rain,27.8776,94.25,2013-06-01,0.0,25.0,47.0,21.9,24.2,11.5,1
4892_dry,real_dry_season_steep_dry,27.8776,94.25,2013-01-02,0.0,25.0,0.0,0.0,0.0,0.1,0
4892_flat,real_monsoon_flat_valley_rain,26.7271,88.3953,2013-06-01,0.0,25.0,15.4,38.0,136.0,17.4,0
4861,real_landslide_steep_rain,24.9926,93.4946,2013-05-12,0.0,25.0,100.9,91.7,70.0,4.4,1
4861_dry,real_dry_season_steep_dry,24.9926,93.4946,2012-12-13,0.0,25.0,0.0,0.0,0.6,0.1,0
4861_flat,real_monsoon_flat_valley_rain,26.1445,91.7362,2013-05-12,2.9189949338347145,25.0,10.5,19.4,21.7,12.8,0
4906,real_landslide_steep_rain,26.0977,94.7499,2013-06-07,0.0,25.0,2.3,3.0,6.1,15.3,1
4906_dry,real_dry_season_steep_dry,26.0977,94.7499,2013-01-08,0.0,25.0,0.0,0.0,0.0,0.0,0
4906_flat,real_monsoon_flat_valley_rain,26.6528,92.7926,2013-06-07,1.7183580016554572,25.0,13.4,2.2,3.3,6.8,0
4905,real_landslide_steep_rain,26.0977,94.7031,2013-06-07,0.0,25.0,2.3,3.0,6.1,15.3,1
4905_dry,real_dry_season_steep_dry,26.0977,94.7031,2013-01-08,0.0,25.0,0.0,0.0,0.0,0.0,0
4905_flat,real_monsoon_flat_valley_rain,26.5413,88.7196,2013-06-07,2.2906100426385296,25.0,12.1,12.6,20.2,8.0,0
4908,real_landslide_steep_rain,27.3721,88.708,2013-06-08,0.0,25.0,14.2,19.2,13.6,16.4,1
4908_dry,real_dry_season_steep_dry,27.3721,88.708,2013-01-09,0.0,25.0,1.8,6.6,5.6,3.9,0
4908_flat,real_monsoon_flat_valley_rain,26.0207,89.9744,2013-06-08,1.1457628381751035,25.0,27.8,42.7,10.6,3.9,0
4990,real_landslide_steep_rain,27.3765,88.7628,2013-06-27,0.0,25.0,21.2,26.5,32.7,24.4,1
4990_dry,real_dry_season_steep_dry,27.3765,88.7628,2013-01-28,0.0,25.0,4.4,2.1,2.3,0.0,0
4990_flat,real_monsoon_flat_valley_rain,26.3212,91.0065,2013-06-27,0.5729386976834859,25.0,20.4,31.0,30.3,21.6,0
5005,real_landslide_steep_rain,26.72,95.029,2013-07-01,0.0,25.0,19.3,10.4,33.4,28.8,1
5005_dry,real_dry_season_steep_dry,26.72,95.029,2013-02-01,0.0,25.0,0.0,0.0,0.0,0.0,0
5005_flat,real_monsoon_flat_valley_rain,26.3463,92.6841,2013-07-01,0.5729386976834859,25.0,34.5,3.9,5.9,7.0,0
5006,real_landslide_steep_rain,26.1147,94.3864,2013-07-01,0.0,25.0,10.5,15.3,29.7,15.5,1
5006_dry,real_dry_season_steep_dry,26.1147,94.3864,2013-02-01,0.0,25.0,0.0,0.0,0.0,0.0,0
5006_flat,real_monsoon_flat_valley_rain,27.4728,94.912,2013-07-01,1.1457628381751035,25.0,27.0,10.4,3.7,9.7,0
5084,real_landslide_steep_rain,25.616,94.1167,2013-07-12,0.0,25.0,5.1,2.1,14.6,27.7,1
5084_dry,real_dry_season_steep_dry,25.616,94.1167,2013-02-12,0.0,25.0,0.5,0.0,0.0,0.0,0
5084_flat,real_monsoon_flat_valley_rain,26.1445,91.7362,2013-07-12,2.9189949338347145,25.0,8.3,7.1,21.3,36.9,0
5087,real_landslide_steep_rain,25.6269,94.1139,2013-07-12,0.0,25.0,4.7,2.4,9.6,27.1,1
5087_dry,real_dry_season_steep_dry,25.6269,94.1139,2013-02-12,0.0,25.0,1.3,0.0,0.0,0.0,0
5087_flat,real_monsoon_flat_valley_rain,26.7271,88.3953,2013-07-12,0.0,25.0,7.0,63.0,13.0,7.5,0
5123,real_landslide_steep_rain,25.7131,94.0885,2013-07-17,0.0,25.0,14.4,12.0,75.8,9.9,1
5123_dry,real_dry_season_steep_dry,25.7131,94.0885,2013-02-17,0.0,25.0,0.0,0.0,0.2,5.2,0
5123_flat,real_monsoon_flat_valley_rain,26.0207,89.9744,2013-07-17,1.1457628381751035,25.0,3.7,0.4,6.6,7.1,0
5107,real_landslide_steep_rain,25.6269,94.1139,2013-07-15,0.0,25.0,27.1,10.6,14.4,12.0,1
5107_dry,real_dry_season_steep_dry,25.6269,94.1139,2013-02-15,0.0,25.0,0.0,0.0,0.0,0.0,0
5107_flat,real_monsoon_flat_valley_rain,26.5413,88.7196,2013-07-15,2.2906100426385296,25.0,14.3,23.2,16.8,4.5,0
5122,real_landslide_steep_rain,25.7658,93.9413,2013-07-17,0.0,25.0,14.4,12.0,75.8,9.9,1
5122_dry,real_dry_season_steep_dry,25.7658,93.9413,2013-02-17,0.0,25.0,0.0,0.0,0.2,5.2,0
5122_flat,real_monsoon_flat_valley_rain,26.6528,92.7926,2013-07-17,1.7183580016554572,25.0,8.4,6.5,7.7,15.7,0
5250,real_landslide_steep_rain,27.8837,93.0515,2013-08-01,0.0,25.0,7.6,7.0,7.2,17.7,1
5250_dry,real_dry_season_steep_dry,27.8837,93.0515,2013-03-04,0.0,25.0,5.2,1.5,2.4,1.0,0
5250_flat,real_monsoon_flat_valley_rain,26.3212,91.0065,2013-08-01,0.5729386976834859,25.0,1.0,17.0,32.2,56.7,0
5268,real_landslide_steep_rain,26.0137,94.5163,2013-08-04,0.0,25.0,9.0,11.2,1.3,4.9,1
5268_dry,real_dry_season_steep_dry,26.0137,94.5163,2013-03-07,0.0,25.0,0.0,0.0,0.0,0.0,0
5268_flat,real_monsoon_flat_valley_rain,26.3463,92.6841,2013-08-04,0.5729386976834859,25.0,0.8,24.9,7.2,5.2,0
5270,real_landslide_steep_rain,26.0481,94.4619,2013-08-04,0.0,25.0,9.0,11.2,1.3,4.9,1
5270_dry,real_dry_season_steep_dry,26.0481,94.4619,2013-03-07,0.0,25.0,0.0,0.0,0.0,0.0,0
5270_flat,real_monsoon_flat_valley_rain,26.1445,91.7362,2013-08-04,2.9189949338347145,25.0,59.0,26.0,5.1,0.5,0
5269,real_landslide_steep_rain,25.8376,94.5234,2013-08-04,0.0,25.0,8.0,9.6,1.2,5.8,1
5269_dry,real_dry_season_steep_dry,25.8376,94.5234,2013-03-07,0.0,25.0,0.0,0.0,0.0,0.0,0
5269_flat,real_monsoon_flat_valley_rain,27.4728,94.912,2013-08-04,1.1457628381751035,25.0,35.3,7.6,2.7,20.1,0
5271,real_landslide_steep_rain,26.284,94.5808,2013-08-04,0.0,25.0,7.0,16.9,3.8,9.3,1
5271_dry,real_dry_season_steep_dry,26.284,94.5808,2013-03-07,0.0,25.0,0.0,0.0,0.0,0.0,0
5271_flat,real_monsoon_flat_valley_rain,26.7271,88.3953,2013-08-04,0.0,25.0,9.0,8.0,4.6,10.3,0
5273,real_landslide_steep_rain,26.1807,94.5497,2013-08-04,0.0,25.0,7.0,16.9,3.8,9.3,1
5273_dry,real_dry_season_steep_dry,26.1807,94.5497,2013-03-07,0.0,25.0,0.0,0.0,0.0,0.0,0
5273_flat,real_monsoon_flat_valley_rain,26.6528,92.7926,2013-08-04,1.7183580016554572,25.0,8.9,23.1,7.5,9.8,0
5272,real_landslide_steep_rain,26.2083,94.5438,2013-08-04,0.0,25.0,7.0,16.9,3.8,9.3,1
5272_dry,real_dry_season_steep_dry,26.2083,94.5438,2013-03-07,0.0,25.0,0.0,0.0,0.0,0.0,0
5272_flat,real_monsoon_flat_valley_rain,26.5413,88.7196,2013-08-04,2.2906100426385296,25.0,15.6,18.3,16.3,20.6,0
5275,real_landslide_steep_rain,26.1498,94.6055,2013-08-04,0.0,25.0,7.0,16.9,3.8,9.3,1
5275_dry,real_dry_season_steep_dry,26.1498,94.6055,2013-03-07,0.0,25.0,0.0,0.0,0.0,0.0,0
5275_flat,real_monsoon_flat_valley_rain,26.3212,91.0065,2013-08-04,0.5729386976834859,25.0,56.7,11.1,2.2,4.4,0
5274,real_landslide_steep_rain,26.0838,94.564,2013-08-04,0.0,25.0,9.0,11.2,1.3,4.9,1
5274_dry,real_dry_season_steep_dry,26.0838,94.564,2013-03-07,0.0,25.0,0.0,0.0,0.0,0.0,0
5274_flat,real_monsoon_flat_valley_rain,26.0207,89.9744,2013-08-04,1.1457628381751035,25.0,2.2,5.6,2.3,1.1,0
5300,real_landslide_steep_rain,25.318,94.0441,2013-08-09,0.0,25.0,16.3,4.5,11.7,5.2,1
5300_dry,real_dry_season_steep_dry,25.318,94.0441,2013-03-12,0.0,25.0,0.0,0.0,0.6,0.8,0
5300_flat,real_monsoon_flat_valley_rain,26.3463,92.6841,2013-08-09,0.5729386976834859,25.0,20.3,6.9,5.8,23.6,0
5312,real_landslide_steep_rain,26.7103,94.693,2013-08-11,0.0,25.0,8.3,6.8,17.6,26.4,1
5312_dry,real_dry_season_steep_dry,26.7103,94.693,2013-03-14,0.0,25.0,0.0,0.0,0.0,0.0,0
5312_flat,real_monsoon_flat_valley_rain,27.4728,94.912,2013-08-11,1.1457628381751035,25.0,7.5,8.9,9.4,25.0,0
5336,real_landslide_steep_rain,26.3897,94.9439,2013-08-16,0.0,25.0,8.6,9.1,12.8,19.2,1
5336_dry,real_dry_season_steep_dry,26.3897,94.9439,2013-03-19,0.0,25.0,0.5,0.5,14.2,3.3,0
5336_flat,real_monsoon_flat_valley_rain,26.1445,91.7362,2013-08-16,2.9189949338347145,25.0,5.0,15.7,8.4,16.0,0
5338,real_landslide_steep_rain,26.8727,94.9275,2013-08-16,0.0,25.0,13.1,12.2,27.6,16.4,1
5338_dry,real_dry_season_steep_dry,26.8727,94.9275,2013-03-19,0.0,25.0,0.0,0.6,11.8,2.6,0
5338_flat,real_monsoon_flat_valley_rain,26.5413,88.7196,2013-08-16,2.2906100426385296,25.0,7.7,17.5,13.5,13.5,0
5337,real_landslide_steep_rain,26.4205,94.9731,2013-08-16,0.0,25.0,8.6,9.1,12.8,19.2,1
5337_dry,real_dry_season_steep_dry,26.4205,94.9731,2013-03-19,0.0,25.0,0.5,0.5,14.2,3.3,0
5337_flat,real_monsoon_flat_valley_rain,26.7271,88.3953,2013-08-16,0.0,25.0,9.3,8.7,4.2,10.3,0
5343,real_landslide_steep_rain,24.7625,93.4341,2013-08-17,0.0,25.0,7.6,15.2,7.9,12.5,1
5343_dry,real_dry_season_steep_dry,24.7625,93.4341,2013-03-20,0.0,25.0,0.0,0.2,0.3,0.0,0
5343_flat,real_monsoon_flat_valley_rain,26.6528,92.7926,2013-08-17,1.7183580016554572,25.0,12.8,7.0,20.9,7.9,0
5421,real_landslide_steep_rain,26.4205,94.9731,2013-08-30,0.0,25.0,16.5,15.0,5.3,9.3,1
5421_dry,real_dry_season_steep_dry,26.4205,94.9731,2013-04-02,0.0,25.0,5.4,6.2,2.3,3.9,0
5421_flat,real_monsoon_flat_valley_rain,26.0207,89.9744,2013-08-30,1.1457628381751035,25.0,54.2,18.9,1.1,6.2,0
5427,real_landslide_steep_rain,25.3833,94.1884,2013-08-15,0.0,25.0,17.4,13.9,19.8,8.1,1
5427_dry,real_dry_season_steep_dry,25.3833,94.1884,2013-03-18,0.0,25.0,0.2,4.7,0.8,1.7,0
5427_flat,real_monsoon_flat_valley_rain,26.3212,91.0065,2013-08-15,0.5729386976834859,25.0,6.2,1.6,13.8,6.9,0
5429,real_landslide_steep_rain,27.3425,88.2426,2013-09-01,0.0,25.0,16.7,7.8,10.9,35.4,1
5429_dry,real_dry_season_steep_dry,27.3425,88.2426,2013-04-04,0.0,25.0,5.1,5.1,2.9,1.4,0
5429_flat,real_monsoon_flat_valley_rain,26.3463,92.6841,2013-09-01,0.5729386976834859,25.0,12.3,9.7,16.4,16.9,0
5430,real_landslide_steep_rain,24.9037,93.487,2013-09-01,0.0,25.0,1.8,1.8,1.2,3.7,1
5430_dry,real_dry_season_steep_dry,24.9037,93.487,2013-04-04,0.0,25.0,2.5,0.0,1.8,5.9,0
5430_flat,real_monsoon_flat_valley_rain,27.4728,94.912,2013-09-01,1.1457628381751035,25.0,11.8,8.9,16.2,11.7,0
5431,real_landslide_steep_rain,24.9829,93.5063,2013-09-01,0.0,25.0,1.8,1.8,1.2,3.7,1
5431_dry,real_dry_season_steep_dry,24.9829,93.5063,2013-04-04,0.0,25.0,2.5,0.0,1.8,5.9,0
5431_flat,real_monsoon_flat_valley_rain,26.1445,91.7362,2013-09-01,2.9189949338347145,25.0,5.4,6.7,26.0,16.5,0
5485,real_landslide_steep_rain,27.6047,88.6463,2013-09-08,0.0,25.0,34.7,26.9,3.7,4.2,1
5485_dry,real_dry_season_steep_dry,27.6047,88.6463,2013-04-11,0.0,25.0,1.6,2.5,6.1,3.2,0
5485_flat,real_monsoon_flat_valley_rain,26.0207,89.9744,2013-09-08,1.1457628381751035,25.0,3.0,2.3,4.2,6.8,0
5442,real_landslide_steep_rain,27.1614,93.7525,2013-09-02,0.0,25.0,8.7,12.2,12.1,12.3,1
5442_dry,real_dry_season_steep_dry,27.1614,93.7525,2013-04-05,0.0,25.0,3.9,3.2,16.1,7.2,0
5442_flat,real_monsoon_flat_valley_rain,26.5413,88.7196,2013-09-02,2.2906100426385296,25.0,9.4,13.9,16.3,17.9,0
5441,real_landslide_steep_rain,28.611,94.9829,2013-09-02,0.0,25.0,9.5,11.0,30.2,43.9,1
5441_dry,real_dry_season_steep_dry,28.611,94.9829,2013-04-05,0.0,25.0,0.0,0.4,14.3,14.4,0
5441_flat,real_monsoon_flat_valley_rain,26.7271,88.3953,2013-09-02,0.0,25.0,4.3,21.0,36.9,38.9,0
5476,real_landslide_steep_rain,27.3736,88.7323,2013-09-07,0.0,25.0,23.8,21.1,13.4,1.4,1
5476_dry,real_dry_season_steep_dry,27.3736,88.7323,2013-04-10,0.0,25.0,3.4,2.4,1.5,8.9,0
5476_flat,real_monsoon_flat_valley_rain,26.6528,92.7926,2013-09-07,1.7183580016554572,25.0,14.4,31.6,5.8,6.8,0
5533,real_landslide_steep_rain,27.0599,88.4674,2013-09-16,0.0,25.0,0.0,0.3,1.4,0.0,1
5533_dry,real_dry_season_steep_dry,27.0599,88.4674,2013-04-19,0.0,25.0,6.6,3.0,2.1,2.9,0
5533_flat,real_monsoon_flat_valley_rain,26.3212,91.0065,2013-09-16,0.5729386976834859,25.0,0.2,3.7,10.9,3.5,0
5552,real_landslide_steep_rain,25.0985,94.3619,2013-09-24,0.0,25.0,1.2,0.1,1.5,5.7,1
5552_dry,real_dry_season_steep_dry,25.0985,94.3619,2013-04-27,0.0,25.0,0.0,0.3,0.0,1.8,0
5552_flat,real_monsoon_flat_valley_rain,26.3463,92.6841,2013-09-24,0.5729386976834859,25.0,1.0,0.2,2.5,5.1,0
5575,real_landslide_steep_rain,25.8266,94.1497,2013-10-05,0.0,25.0,1.8,4.8,11.2,26.4,1
5575_dry,real_dry_season_steep_dry,25.8266,94.1497,2013-05-08,0.0,25.0,26.8,32.5,26.1,11.6,0
5575_flat,real_monsoon_flat_valley_rain,27.4728,94.912,2013-10-05,1.1457628381751035,25.0,0.0,0.0,28.5,30.3,0
5582,real_landslide_steep_rain,26.1309,91.8383,2013-10-06,0.0,25.0,15.3,9.4,13.6,24.5,1
5582_dry,real_dry_season_steep_dry,26.1309,91.8383,2013-05-09,0.0,25.0,7.7,1.2,2.8,10.5,0
5582_flat,real_monsoon_flat_valley_rain,26.1445,91.7362,2013-10-06,2.9189949338347145,25.0,15.3,9.4,13.6,24.5,0
6016,real_landslide_steep_rain,24.8669,92.3576,2014-05-09,0.0,25.0,1.1,40.3,65.9,53.9,1
6016_dry,real_dry_season_steep_dry,24.8669,92.3576,2013-12-10,0.0,25.0,0.0,0.0,0.0,0.0,0
6016_flat,real_monsoon_flat_valley_rain,26.0207,89.9744,2014-05-09,1.1457628381751035,25.0,24.6,49.6,30.2,0.9,0
6015,real_landslide_steep_rain,27.9032,96.174,2014-05-08,0.0,25.0,2.9,0.9,27.8,51.3,1
6015_dry,real_dry_season_steep_dry,27.9032,96.174,2013-12-09,0.0,25.0,0.0,0.0,0.0,0.0,0
6015_flat,real_monsoon_flat_valley_rain,26.6528,92.7926,2014-05-08,1.7183580016554572,25.0,13.1,15.2,40.2,53.0,0
5584,real_landslide_steep_rain,26.1665,91.7049,2013-10-06,0.0,25.0,15.3,9.4,13.6,24.5,1
5584_dry,real_dry_season_steep_dry,26.1665,91.7049,2013-05-09,0.0,25.0,7.7,1.2,2.8,10.5,0
5584_flat,real_monsoon_flat_valley_rain,26.7271,88.3953,2013-10-06,0.0,25.0,0.0,4.0,18.9,56.4,0
5603,real_landslide_steep_rain,25.426,94.6024,2013-10-13,0.0,25.0,0.0,0.0,0.1,0.0,1
5603_dry,real_dry_season_steep_dry,25.426,94.6024,2013-05-16,0.0,25.0,1.8,1.4,1.2,58.0,0
5603_flat,real_monsoon_flat_valley_rain,26.5413,88.7196,2013-10-13,2.2906100426385296,25.0,0.0,0.0,0.7,3.7,0
6105,real_landslide_steep_rain,28.9205,95.3429,2014-06-26,0.0,25.0,21.9,26.5,14.4,9.2,1
6105_dry,real_dry_season_steep_dry,28.9205,95.3429,2014-01-27,0.0,25.0,0.0,1.1,0.0,2.5,0
6105_flat,real_monsoon_flat_valley_rain,26.3212,91.0065,2014-06-26,0.5729386976834859,25.0,8.3,9.7,3.3,16.9,0
6106,real_landslide_steep_rain,26.1407,91.7645,2014-06-26,0.0,25.0,23.5,5.1,3.7,27.8,1
6106_dry,real_dry_season_steep_dry,26.1407,91.7645,2014-01-27,0.0,25.0,0.0,0.0,0.0,0.0,0
6106_flat,real_monsoon_flat_valley_rain,26.3463,92.6841,2014-06-26,0.5729386976834859,25.0,41.8,7.1,11.7,9.7,0
6107,real_landslide_steep_rain,26.1844,91.7896,2014-06-26,0.0,25.0,23.5,5.1,3.7,27.8,1
6107_dry,real_dry_season_steep_dry,26.1844,91.7896,2014-01-27,0.0,25.0,0.0,0.0,0.0,0.0,0
6107_flat,real_monsoon_flat_valley_rain,27.4728,94.912,2014-06-26,1.1457628381751035,25.0,17.7,12.4,0.1,20.5,0
6110,real_landslide_steep_rain,26.1619,91.7697,2014-06-27,0.0,25.0,5.1,3.7,27.8,7.1,1
6110_dry,real_dry_season_steep_dry,26.1619,91.7697,2014-01-28,0.0,25.0,0.0,0.0,0.0,0.0,0
6110_flat,real_monsoon_flat_valley_rain,26.1445,91.7362,2014-06-27,2.9189949338347145,25.0,5.1,3.7,27.8,7.1,0
6146,real_landslide_steep_rain,27.059,88.4694,2014-07-15,0.0,25.0,1.7,8.1,15.5,19.4,1
6146_dry,real_dry_season_steep_dry,27.059,88.4694,2014-02-15,0.0,25.0,1.1,0.0,3.9,11.0,0
6146_flat,real_monsoon_flat_valley_rain,26.6528,92.7926,2014-07-15,1.7183580016554572,25.0,2.9,10.5,33.0,33.6,0
6143,real_landslide_steep_rain,23.7327,92.7463,2014-07-14,0.0,25.0,31.9,26.0,47.0,19.1,1
6143_dry,real_dry_season_steep_dry,23.7327,92.7463,2014-02-14,0.0,25.0,0.0,1.0,0.0,0.0,0
6143_flat,real_monsoon_flat_valley_rain,26.5413,88.7196,2014-07-14,2.2906100426385296,25.0,14.4,4.9,32.2,31.6,0
6112,real_landslide_steep_rain,26.1964,91.7652,2014-06-28,0.0,25.0,3.7,27.8,7.1,4.5,1
6112_dry,real_dry_season_steep_dry,26.1964,91.7652,2014-01-29,0.0,25.0,0.0,0.0,0.0,0.0,0
6112_flat,real_monsoon_flat_valley_rain,26.7271,88.3953,2014-06-28,0.0,25.0,12.4,5.3,15.9,66.3,0
6200,real_landslide_steep_rain,27.0869,93.6086,2014-08-17,0.0,25.0,136.8,68.4,20.0,3.2,1
6200_dry,real_dry_season_steep_dry,27.0869,93.6086,2014-03-20,0.0,25.0,0.0,0.0,6.3,6.3,0
6200_flat,real_monsoon_flat_valley_rain,26.0207,89.9744,2014-08-17,1.1457628381751035,25.0,33.5,20.1,31.7,2.7,0
6213,real_landslide_steep_rain,25.8143,90.5763,2014-09-24,0.0,25.0,10.1,72.2,19.6,4.7,1
6213_dry,real_dry_season_steep_dry,25.8143,90.5763,2014-04-27,0.0,25.0,0.0,0.0,11.8,41.1,0
6213_flat,real_monsoon_flat_valley_rain,26.3212,91.0065,2014-09-24,0.5729386976834859,25.0,21.4,88.4,12.4,2.6,0
6214,real_landslide_steep_rain,25.9702,91.8587,2014-10-05,0.0,25.0,0.0,0.6,0.0,0.0,1
6214_dry,real_dry_season_steep_dry,25.9702,91.8587,2014-05-08,0.0,25.0,0.1,2.7,2.6,5.3,0
6214_flat,real_monsoon_flat_valley_rain,26.3463,92.6841,2014-10-05,0.5729386976834859,25.0,0.2,1.0,0.2,0.0,0
6282,real_landslide_steep_rain,26.1097,91.7747,2014-09-22,0.0,25.0,26.0,74.1,29.6,37.1,1
6282_dry,real_dry_season_steep_dry,26.1097,91.7747,2014-04-25,0.0,25.0,0.0,0.0,0.0,0.0,0
6282_flat,real_monsoon_flat_valley_rain,26.1445,91.7362,2014-09-22,2.9189949338347145,25.0,21.3,58.6,27.7,55.8,0
6222,real_landslide_steep_rain,27.1249,93.7706,2014-10-01,0.0,25.0,10.6,1.0,0.0,0.0,1
6222_dry,real_dry_season_steep_dry,27.1249,93.7706,2014-05-04,0.0,25.0,0.0,2.8,10.6,29.6,0
6222_flat,real_monsoon_flat_valley_rain,27.4728,94.912,2014-10-01,1.1457628381751035,25.0,4.4,0.1,0.0,0.0,0
6284,real_landslide_steep_rain,26.1324,91.8342,2014-09-22,0.0,25.0,21.3,58.6,27.7,55.8,1
6284_dry,real_dry_season_steep_dry,26.1324,91.8342,2014-04-25,0.0,25.0,0.0,0.0,0.0,0.0,0
6284_flat,real_monsoon_flat_valley_rain,26.5413,88.7196,2014-09-22,2.2906100426385296,25.0,106.3,49.4,205.7,94.6,0
6283,real_landslide_steep_rain,26.1314,91.7548,2014-09-22,0.0,25.0,21.3,58.6,27.7,55.8,1
6283_dry,real_dry_season_steep_dry,26.1314,91.7548,2014-04-25,0.0,25.0,0.0,0.0,0.0,0.0,0
6283_flat,real_monsoon_flat_valley_rain,26.7271,88.3953,2014-09-22,0.0,25.0,77.5,45.8,220.4,145.8,0
6286,real_landslide_steep_rain,26.1044,91.7082,2014-09-22,0.0,25.0,26.0,74.1,29.6,37.1,1
6286_dry,real_dry_season_steep_dry,26.1044,91.7082,2014-04-25,0.0,25.0,0.0,0.0,0.0,0.0,0
6286_flat,real_monsoon_flat_valley_rain,26.0207,89.9744,2014-09-22,1.1457628381751035,25.0,22.0,17.8,24.4,64.6,0
6285,real_landslide_steep_rain,26.159,91.8178,2014-09-22,0.0,25.0,21.3,58.6,27.7,55.8,1
6285_dry,real_dry_season_steep_dry,26.159,91.8178,2014-04-25,0.0,25.0,0.0,0.0,0.0,0.0,0
6285_flat,real_monsoon_flat_valley_rain,26.6528,92.7926,2014-09-22,1.7183580016554572,25.0,70.3,82.7,54.8,55.8,0
6287,real_landslide_steep_rain,26.1295,91.7056,2014-09-22,0.0,25.0,21.3,58.6,27.7,55.8,1
6287_dry,real_dry_season_steep_dry,26.1295,91.7056,2014-04-25,0.0,25.0,0.0,0.0,0.0,0.0,0
6287_flat,real_monsoon_flat_valley_rain,26.3212,91.0065,2014-09-22,0.5729386976834859,25.0,14.9,33.5,21.4,88.4,0
6288,real_landslide_steep_rain,26.1985,91.7998,2014-09-22,0.0,25.0,21.3,58.6,27.7,55.8,1
6288_dry,real_dry_season_steep_dry,26.1985,91.7998,2014-04-25,0.0,25.0,0.0,0.0,0.0,0.0,0
6288_flat,real_monsoon_flat_valley_rain,26.3463,92.6841,2014-09-22,0.5729386976834859,25.0,35.8,32.8,40.7,56.7,0
6290,real_landslide_steep_rain,25.5772,91.8666,2014-09-23,0.0,25.0,45.6,46.7,103.8,125.6,1
6290_dry,real_dry_season_steep_dry,25.5772,91.8666,2014-04-26,0.0,25.0,0.0,0.0,7.4,9.9,0
6290_flat,real_monsoon_flat_valley_rain,26.1445,91.7362,2014-09-23,2.9189949338347145,25.0,58.6,27.7,55.8,16.5,0
6289,real_landslide_steep_rain,26.1001,91.6849,2014-09-22,0.0,25.0,26.0,74.1,29.6,37.1,1
6289_dry,real_dry_season_steep_dry,26.1001,91.6849,2014-04-25,0.0,25.0,0.0,0.0,0.0,0.0,0
6289_flat,real_monsoon_flat_valley_rain,27.4728,94.912,2014-09-22,1.1457628381751035,25.0,51.3,46.5,37.2,19.4,0
6513,real_landslide_steep_rain,23.0137,91.7174,2014-08-14,0.0,25.0,13.1,12.3,14.3,11.2,1
6513_dry,real_dry_season_steep_dry,23.0137,91.7174,2014-03-17,0.0,25.0,0.0,0.0,0.0,0.0,0
6513_flat,real_monsoon_flat_valley_rain,26.3212,91.0065,2014-08-14,0.5729386976834859,25.0,4.6,12.9,28.5,142.0,0
6291,real_landslide_steep_rain,25.7354,90.3852,2014-09-21,0.0,25.0,4.1,34.3,10.3,10.1,1
6291_dry,real_dry_season_steep_dry,25.7354,90.3852,2014-04-24,0.0,25.0,0.0,0.0,0.0,0.0,0
6291_flat,real_monsoon_flat_valley_rain,26.7271,88.3953,2014-09-21,0.0,25.0,9.7,77.5,45.8,220.4,0
6331,real_landslide_steep_rain,25.9466,94.6279,2014-09-08,0.0,25.0,2.5,0.5,9.0,5.4,1
6331_dry,real_dry_season_steep_dry,25.9466,94.6279,2014-04-11,0.0,25.0,3.0,2.9,0.6,0.0,0
6331_flat,real_monsoon_flat_valley_rain,26.0207,89.9744,2014-09-08,1.1457628381751035,25.0,5.5,4.4,40.5,2.5,0
6293,real_landslide_steep_rain,25.5006,90.0896,2014-10-20,0.0,25.0,0.0,0.0,0.3,0.2,1
6293_dry,real_dry_season_steep_dry,25.5006,90.0896,2014-05-23,0.0,25.0,1.1,0.0,0.0,0.2,0
6293_flat,real_monsoon_flat_valley_rain,26.6528,92.7926,2014-10-20,1.7183580016554572,25.0,0.0,2.3,0.6,0.0,0
6292,real_landslide_steep_rain,25.7238,89.9032,2014-09-23,0.0,25.0,15.0,13.6,43.8,7.1,1
6292_dry,real_dry_season_steep_dry,25.7238,89.9032,2014-04-26,0.0,25.0,0.0,0.0,0.0,0.2,0
6292_flat,real_monsoon_flat_valley_rain,26.5413,88.7196,2014-09-23,2.2906100426385296,25.0,49.4,205.7,94.6,0.6,0
6775,real_landslide_steep_rain,26.1468,91.6469,2015-02-14,0.0,25.0,0.0,0.0,0.4,0.3,1
6775_dry,real_dry_season_steep_dry,26.1468,91.6469,2014-09-17,0.0,25.0,7.1,6.2,9.7,0.0,0
6775_flat,real_monsoon_flat_valley_rain,26.3463,92.6841,2015-02-14,0.5729386976834859,25.0,0.0,0.3,5.5,0.3,0
6782,real_landslide_steep_rain,26.8545,88.3372,2011-09-28,0.0,25.0,34.5,23.4,54.1,1.1,1
6782_dry,real_dry_season_steep_dry,26.8545,88.3372,2011-05-01,0.0,25.0,5.8,6.9,14.0,16.7,0
6782_flat,real_monsoon_flat_valley_rain,27.4728,94.912,2011-09-28,1.1457628381751035,25.0,6.5,6.5,7.6,5.2,0
6786,real_landslide_steep_rain,24.6108,92.562,2015-02-19,0.0,25.0,0.2,0.0,0.0,0.7,1
6786_dry,real_dry_season_steep_dry,24.6108,92.562,2014-09-22,0.0,25.0,17.0,18.0,3.0,1.8,0
6786_flat,real_monsoon_flat_valley_rain,26.7271,88.3953,2015-02-19,0.0,25.0,0.0,0.0,0.3,0.1,0
6945,real_landslide_steep_rain,25.16,93.686,2015-06-19,0.0,25.0,2.6,5.2,5.5,1.8,1
6945_dry,real_dry_season_steep_dry,25.16,93.686,2015-01-20,0.0,25.0,2.5,7.7,0.2,0.0,0
6945_flat,real_monsoon_flat_valley_rain,26.5413,88.7196,2015-06-19,2.2906100426385296,25.0,6.0,7.7,18.1,8.2,0
6783,real_landslide_steep_rain,26.8546,88.3373,2012-07-19,0.0,25.0,64.7,14.1,62.3,54.9,1
6783_dry,real_dry_season_steep_dry,26.8546,88.3373,2012-02-20,0.0,25.0,0.1,0.0,0.0,0.0,0
6783_flat,real_monsoon_flat_valley_rain,26.1445,91.7362,2012-07-19,2.9189949338347145,25.0,9.3,8.1,21.5,60.3,0
6963,real_landslide_steep_rain,23.7131,92.7362,2015-06-19,0.0,25.0,9.8,3.9,5.7,8.6,1
6963_dry,real_dry_season_steep_dry,23.7131,92.7362,2015-01-20,0.0,25.0,3.4,1.4,0.0,0.0,0
6963_flat,real_monsoon_flat_valley_rain,26.6528,92.7926,2015-06-19,1.7183580016554572,25.0,13.1,5.5,7.9,14.9,0
6964,real_landslide_steep_rain,27.0087,88.443,2015-06-17,0.0,25.0,21.3,4.8,13.3,14.3,1
6964_dry,real_dry_season_steep_dry,27.0087,88.443,2015-01-18,0.0,25.0,0.0,0.0,0.0,0.2,0
6964_flat,real_monsoon_flat_valley_rain,26.0207,89.9744,2015-06-17,1.1457628381751035,25.0,18.2,21.2,14.4,10.7,0
6965,real_landslide_steep_rain,27.0257,88.4301,2015-06-17,0.0,25.0,21.3,4.8,13.3,14.3,1
6965_dry,real_dry_season_steep_dry,27.0257,88.4301,2015-01-18,0.0,25.0,0.0,0.0,0.0,0.2,0
6965_flat,real_monsoon_flat_valley_rain,26.3212,91.0065,2015-06-17,0.5729386976834859,25.0,16.7,22.9,18.0,6.6,0
6966,real_landslide_steep_rain,26.9974,88.4314,2015-06-17,0.0,25.0,21.3,4.8,13.3,14.3,1
6966_dry,real_dry_season_steep_dry,26.9974,88.4314,2015-01-18,0.0,25.0,0.0,0.0,0.0,0.2,0
6966_flat,real_monsoon_flat_valley_rain,26.3463,92.6841,2015-06-17,0.5729386976834859,25.0,8.7,47.8,26.0,12.2,0
6968,real_landslide_steep_rain,25.463,92.2121,2015-06-13,0.0,25.0,65.5,104.6,165.8,40.2,1
6968_dry,real_dry_season_steep_dry,25.463,92.2121,2015-01-14,0.0,25.0,0.0,0.0,0.0,0.0,0
6968_flat,real_monsoon_flat_valley_rain,26.1445,91.7362,2015-06-13,2.9189949338347145,25.0,85.9,33.5,21.9,7.4,0
6970,real_landslide_steep_rain,25.5084,90.2191,2015-06-16,0.0,25.0,34.0,11.1,21.7,24.4,1
6970_dry,real_dry_season_steep_dry,25.5084,90.2191,2015-01-17,0.0,25.0,0.0,0.0,0.0,1.4,0
6970_flat,real_monsoon_flat_valley_rain,26.5413,88.7196,2015-06-16,2.2906100426385296,25.0,17.1,9.0,2.9,6.0,0
6967,real_landslide_steep_rain,27.0165,88.2476,2015-06-13,0.0,25.0,33.6,32.2,43.4,33.4,1
6967_dry,real_dry_season_steep_dry,27.0165,88.2476,2015-01-14,0.0,25.0,0.0,0.0,0.0,0.0,0
6967_flat,real_monsoon_flat_valley_rain,27.4728,94.912,2015-06-13,1.1457628381751035,25.0,21.0,7.6,8.1,11.5,0
6969,real_landslide_steep_rain,25.5114,90.215,2015-06-16,0.0,25.0,34.0,11.1,21.7,24.4,1
6969_dry,real_dry_season_steep_dry,25.5114,90.215,2015-01-17,0.0,25.0,0.0,0.0,0.0,1.4,0
6969_flat,real_monsoon_flat_valley_rain,26.7271,88.3953,2015-06-16,0.0,25.0,9.3,13.9,6.4,18.9,0
6990,real_landslide_steep_rain,26.0319,94.5466,2015-06-24,0.0,25.0,10.7,34.2,33.0,15.6,1
6990_dry,real_dry_season_steep_dry,26.0319,94.5466,2015-01-25,0.0,25.0,0.0,0.0,0.0,0.0,0
6990_flat,real_monsoon_flat_valley_rain,26.0207,89.9744,2015-06-24,1.1457628381751035,25.0,32.5,17.6,27.5,58.8,0
6971,real_landslide_steep_rain,27.0987,93.816,2015-06-09,0.0,25.0,14.1,26.1,44.0,62.9,1
6971_dry,real_dry_season_steep_dry,27.0987,93.816,2015-01-10,0.0,25.0,0.0,0.0,0.0,0.3,0
6971_flat,real_monsoon_flat_valley_rain,26.6528,92.7926,2015-06-09,1.7183580016554572,25.0,14.4,46.8,45.4,38.3,0
7021,real_landslide_steep_rain,27.0076,88.251,2015-06-27,0.0,25.0,16.7,17.9,11.6,22.2,1
7021_dry,real_dry_season_steep_dry,27.0076,88.251,2015-01-28,0.0,25.0,1.9,1.5,5.3,1.9,0
7021_flat,real_monsoon_flat_valley_rain,26.3212,91.0065,2015-06-27,0.5729386976834859,25.0,24.9,9.7,6.1,7.0,0
7031,real_landslide_steep_rain,27.6163,88.6586,2015-05-24,0.0,25.0,55.1,44.7,21.3,15.1,1
7031_dry,real_dry_season_steep_dry,27.6163,88.6586,2014-12-25,0.0,25.0,15.9,9.5,5.6,7.6,0
7031_flat,real_monsoon_flat_valley_rain,26.3463,92.6841,2015-05-24,0.5729386976834859,25.0,11.9,1.1,1.6,11.8,0
7033,real_landslide_steep_rain,27.0161,88.2478,2015-06-29,0.0,25.0,11.6,22.2,49.6,19.8,1
7033_dry,real_dry_season_steep_dry,27.0161,88.2478,2015-01-30,0.0,25.0,5.3,1.9,1.5,1.7,0
7033_flat,real_monsoon_flat_valley_rain,27.4728,94.912,2015-06-29,1.1457628381751035,25.0,1.0,1.6,31.0,14.4,0
7034,real_landslide_steep_rain,27.0875,88.6556,2015-06-30,0.0,25.0,53.2,57.4,31.5,18.7,1
7034_dry,real_dry_season_steep_dry,27.0875,88.6556,2015-01-31,0.0,25.0,2.1,1.7,0.3,5.0,0
7034_flat,real_monsoon_flat_valley_rain,26.1445,91.7362,2015-06-30,2.9189949338347145,25.0,1.5,24.9,2.2,3.4,0
7035,real_landslide_steep_rain,25.4243,88.2746,2015-06-30,0.0,25.0,7.0,25.5,4.6,5.0,1
7035_dry,real_dry_season_steep_dry,25.4243,88.2746,2015-01-31,0.0,25.0,0.0,6.2,0.0,0.0,0
7035_flat,real_monsoon_flat_valley_rain,26.7271,88.3953,2015-06-30,0.0,25.0,8.4,21.0,8.8,26.1,0
7036,real_landslide_steep_rain,26.8352,88.1881,2015-07-01,0.0,25.0,29.6,11.1,20.1,21.4,1
7036_dry,real_dry_season_steep_dry,26.8352,88.1881,2015-02-01,0.0,25.0,0.2,0.1,0.3,0.0,0
7036_flat,real_monsoon_flat_valley_rain,26.5413,88.7196,2015-07-01,2.2906100426385296,25.0,19.3,12.1,14.9,12.0,0
7037,real_landslide_steep_rain,26.8811,88.2779,2015-07-01,0.0,25.0,31.1,7.3,15.6,26.5,1
7037_dry,real_dry_season_steep_dry,26.8811,88.2779,2015-02-01,0.0,25.0,0.1,1.2,0.7,0.0,0
7037_flat,real_monsoon_flat_valley_rain,26.6528,92.7926,2015-07-01,1.7183580016554572,25.0,35.0,4.5,5.6,3.9,0
7038,real_landslide_steep_rain,26.8781,88.2807,2015-07-01,0.0,25.0,31.1,7.3,15.6,26.5,1
7038_dry,real_dry_season_steep_dry,26.8781,88.2807,2015-02-01,0.0,25.0,0.1,1.2,0.7,0.0,0
7038_flat,real_monsoon_flat_valley_rain,26.0207,89.9744,2015-07-01,1.1457628381751035,25.0,17.1,5.9,0.7,1.8,0
7039,real_landslide_steep_rain,27.0678,88.456,2015-07-01,0.0,25.0,26.7,8.4,27.5,19.9,1
7039_dry,real_dry_season_steep_dry,27.0678,88.456,2015-02-01,0.0,25.0,2.1,6.7,1.6,0.0,0
7039_flat,real_monsoon_flat_valley_rain,26.3212,91.0065,2015-07-01,0.5729386976834859,25.0,23.7,3.7,2.0,0.3,0
7040,real_landslide_steep_rain,26.9978,88.167,2015-07-01,0.0,25.0,31.1,7.3,15.6,26.5,1
7040_dry,real_dry_season_steep_dry,26.9978,88.167,2015-02-01,0.0,25.0,0.1,1.2,0.7,0.0,0
7040_flat,real_monsoon_flat_valley_rain,26.3463,92.6841,2015-07-01,0.5729386976834859,25.0,14.8,19.3,15.7,6.6,0
7076,real_landslide_steep_rain,26.9282,88.4553,2015-07-04,0.0,25.0,19.9,13.1,89.6,20.2,1
7076_dry,real_dry_season_steep_dry,26.9282,88.4553,2015-02-04,0.0,25.0,0.0,0.0,0.0,0.2,0
7076_flat,real_monsoon_flat_valley_rain,27.4728,94.912,2015-07-04,1.1457628381751035,25.0,11.5,5.2,11.7,17.6,0
7138,real_landslide_steep_rain,27.0816,88.4397,2015-07-07,0.0,25.0,20.2,41.0,16.8,2.6,1
7138_dry,real_dry_season_steep_dry,27.0816,88.4397,2015-02-07,0.0,25.0,0.2,6.3,2.1,1.3,0
7138_flat,real_monsoon_flat_valley_rain,26.1445,91.7362,2015-07-07,2.9189949338347145,25.0,24.2,54.0,4.8,25.0,0
7139,real_landslide_steep_rain,26.8826,88.2806,2015-07-07,0.0,25.0,7.8,44.7,19.3,2.0,1
7139_dry,real_dry_season_steep_dry,26.8826,88.2806,2015-02-07,0.0,25.0,0.0,1.1,0.0,0.6,0
7139_flat,real_monsoon_flat_valley_rain,26.7271,88.3953,2015-07-07,0.0,25.0,11.8,34.3,6.9,4.9,0
7214,real_landslide_steep_rain,27.36,93.0385,2015-07-15,0.0,25.0,15.4,22.3,39.2,88.3,1
7214_dry,real_dry_season_steep_dry,27.36,93.0385,2015-02-15,0.0,25.0,0.3,3.6,0.0,0.0,0
7214_flat,real_monsoon_flat_valley_rain,26.5413,88.7196,2015-07-15,2.2906100426385296,25.0,2.3,6.3,7.5,46.7,0
7253,real_landslide_steep_rain,24.7979,92.9974,2015-07-22,0.0,25.0,13.9,54.8,48.3,37.5,1
7253_dry,real_dry_season_steep_dry,24.7979,92.9974,2015-02-22,0.0,25.0,0.1,0.0,0.0,7.5,0
7253_flat,real_monsoon_flat_valley_rain,26.6528,92.7926,2015-07-22,1.7183580016554572,25.0,0.5,6.9,25.8,26.7,0
7263,real_landslide_steep_rain,25.4477,94.0489,2015-07-22,0.0,25.0,14.0,35.7,31.1,21.8,1
7263_dry,real_dry_season_steep_dry,25.4477,94.0489,2015-02-22,0.0,25.0,9.8,0.6,1.3,3.2,0
7263_flat,real_monsoon_flat_valley_rain,26.0207,89.9744,2015-07-22,1.1457628381751035,25.0,16.0,34.8,73.2,25.0,0
7264,real_landslide_steep_rain,25.4538,93.9827,2015-07-22,0.0,25.0,14.0,35.7,31.1,21.8,1
7264_dry,real_dry_season_steep_dry,25.4538,93.9827,2015-02-22,0.0,25.0,9.8,0.6,1.3,3.2,0
7264_flat,real_monsoon_flat_valley_rain,26.3212,91.0065,2015-07-22,0.5729386976834859,25.0,33.2,25.0,45.9,20.3,0
7265,real_landslide_steep_rain,25.5007,93.9854,2015-07-22,0.0,25.0,14.0,35.7,31.1,21.8,1
7265_dry,real_dry_season_steep_dry,25.5007,93.9854,2015-02-22,0.0,25.0,9.8,0.6,1.3,3.2,0
7265_flat,real_monsoon_flat_valley_rain,26.3463,92.6841,2015-07-22,0.5729386976834859,25.0,0.1,14.6,25.9,21.8,0
7267,real_landslide_steep_rain,25.3908,94.0926,2015-07-22,0.0,25.0,14.0,35.7,31.1,21.8,1
7267_dry,real_dry_season_steep_dry,25.3908,94.0926,2015-02-22,0.0,25.0,9.8,0.6,1.3,3.2,0
7267_flat,real_monsoon_flat_valley_rain,26.1445,91.7362,2015-07-22,2.9189949338347145,25.0,18.3,14.5,77.8,62.8,0
7266,real_landslide_steep_rain,25.5098,93.8794,2015-07-22,0.0,25.0,14.0,35.7,31.1,21.8,1
7266_dry,real_dry_season_steep_dry,25.5098,93.8794,2015-02-22,0.0,25.0,9.8,0.6,1.3,3.2,0
7266_flat,real_monsoon_flat_valley_rain,27.4728,94.912,2015-07-22,1.1457628381751035,25.0,30.6,20.3,23.4,14.3,0
7279,real_landslide_steep_rain,24.9818,93.5142,2015-07-24,0.0,25.0,16.8,59.4,19.1,20.2,1
7279_dry,real_dry_season_steep_dry,24.9818,93.5142,2015-02-24,0.0,25.0,0.0,3.0,0.0,0.0,0
7279_flat,real_monsoon_flat_valley_rain,26.5413,88.7196,2015-07-24,2.2906100426385296,25.0,11.3,34.9,87.0,10.0,0
7276,real_landslide_steep_rain,26.1062,91.8717,2015-07-25,0.0,25.0,87.1,73.7,19.0,1.3,1
7276_dry,real_dry_season_steep_dry,26.1062,91.8717,2015-02-25,0.0,25.0,0.2,0.0,0.0,0.1,0
7276_flat,real_monsoon_flat_valley_rain,26.7271,88.3953,2015-07-25,0.0,25.0,22.6,58.2,9.4,0.4,0
7334,real_landslide_steep_rain,28.1737,94.7596,2015-08-18,0.0,25.0,27.0,56.3,30.5,44.4,1
7334_dry,real_dry_season_steep_dry,28.1737,94.7596,2015-03-21,0.0,25.0,28.1,25.6,0.0,0.0,0
7334_flat,real_monsoon_flat_valley_rain,26.6528,92.7926,2015-08-18,1.7183580016554572,25.0,6.9,7.7,9.3,19.7,0
7335,real_landslide_steep_rain,25.5145,90.2023,2015-08-18,0.0,25.0,20.9,8.6,28.2,50.3,1
7335_dry,real_dry_season_steep_dry,25.5145,90.2023,2015-03-21,0.0,25.0,0.0,0.0,0.0,0.0,0
7335_flat,real_monsoon_flat_valley_rain,26.0207,89.9744,2015-08-18,1.1457628381751035,25.0,13.7,3.5,7.6,34.3,0
7336,real_landslide_steep_rain,25.2193,90.5549,2015-08-19,0.0,25.0,15.8,40.8,42.0,58.0,1
7336_dry,real_dry_season_steep_dry,25.2193,90.5549,2015-03-22,0.0,25.0,0.0,0.0,0.0,0.0,0
7336_flat,real_monsoon_flat_valley_rain,26.3212,91.0065,2015-08-19,0.5729386976834859,25.0,2.3,15.0,16.4,16.5,0
7363,real_landslide_steep_rain,26.8843,88.1835,2015-06-30,0.0,25.0,15.9,31.1,7.3,15.6,1
7363_dry,real_dry_season_steep_dry,26.8843,88.1835,2015-01-31,0.0,25.0,0.0,0.1,1.2,0.7,0
7363_flat,real_monsoon_flat_valley_rain,26.3463,92.6841,2015-06-30,0.5729386976834859,25.0,14.9,14.8,19.3,15.7,0
7364,real_landslide_steep_rain,24.819,94.3551,2015-07-31,0.0,25.0,49.0,32.9,64.0,63.1,1
7364_dry,real_dry_season_steep_dry,24.819,94.3551,2015-03-03,0.0,25.0,0.0,0.0,0.0,0.0,0
7364_flat,real_monsoon_flat_valley_rain,27.4728,94.912,2015-07-31,1.1457628381751035,25.0,0.4,0.9,0.1,6.3,0
7371,real_landslide_steep_rain,23.9939,94.0573,2015-08-01,30.117428705869603,25.0,53.8,202.5,212.5,16.4,1
7371_dry,real_dry_season_steep_dry,23.9939,94.0573,2015-03-04,30.117428705869603,25.0,0.0,0.0,0.5,1.6,0
7371_flat,real_monsoon_flat_valley_rain,26.5413,88.7196,2015-08-01,2.2906100426385296,25.0,0.0,0.0,1.7,25.5,0
7369,real_landslide_steep_rain,24.1988,94.1016,2015-08-01,31.68167996685456,25.0,36.8,124.3,163.3,17.3,1
7369_dry,real_dry_season_steep_dry,24.1988,94.1016,2015-03-04,31.68167996685456,25.0,0.0,0.0,0.2,1.9,0
7369_flat,real_monsoon_flat_valley_rain,26.1445,91.7362,2015-08-01,2.9189949338347145,25.0,3.2,0.1,30.2,15.2,0
7372,real_landslide_steep_rain,25.0634,94.3415,2015-07-31,20.050350541222016,25.0,19.2,27.4,40.5,52.0,1
7372_dry,real_dry_season_steep_dry,25.0634,94.3415,2015-03-03,20.050350541222016,25.0,0.0,0.0,0.0,0.0,0
7372_flat,real_monsoon_flat_valley_rain,26.6528,92.7926,2015-07-31,1.7183580016554572,25.0,2.1,0.0,0.0,20.0,0
7370,real_landslide_steep_rain,24.1419,94.1078,2015-08-01,31.36606835986254,25.0,36.8,124.3,163.3,17.3,1
7370_dry,real_dry_season_steep_dry,24.1419,94.1078,2015-03-04,31.36606835986254,25.0,0.0,0.0,0.2,1.9,0
7370_flat,real_monsoon_flat_valley_rain,26.7271,88.3953,2015-08-01,0.0,25.0,0.0,1.0,2.8,10.8,0
7373,real_landslide_steep_rain,24.9111,94.4759,2015-08-01,20.413046273156503,25.0,46.3,49.2,61.1,10.6,1
7373_dry,real_dry_season_steep_dry,24.9111,94.4759,2015-03-04,20.413046273156503,25.0,0.3,0.0,0.0,1.2,0
7373_flat,real_monsoon_flat_valley_rain,26.0207,89.9744,2015-08-01,1.1457628381751035,25.0,0.8,0.0,33.0,47.3,0
7374,real_landslide_steep_rain,25.1122,94.3591,2015-08-01,14.70766576132861,25.0,27.4,40.5,52.0,15.8,1
7374_dry,real_dry_season_steep_dry,25.1122,94.3591,2015-03-04,14.70766576132861,25.0,0.0,0.0,0.0,2.9,0
7374_flat,real_monsoon_flat_valley_rain,26.3212,91.0065,2015-08-01,0.5729386976834859,25.0,0.0,0.3,29.6,28.2,0
7375,real_landslide_steep_rain,25.1941,94.4481,2015-08-01,9.51604741998822,25.0,25.1,31.7,44.3,8.4,1
7375_dry,real_dry_season_steep_dry,25.1941,94.4481,2015-03-04,9.51604741998822,25.0,0.0,0.0,0.0,2.5,0
7375_flat,real_monsoon_flat_valley_rain,26.3463,92.6841,2015-08-01,0.5729386976834859,25.0,0.1,0.5,26.8,14.7,0
7383,real_landslide_steep_rain,23.899,94.1434,2015-08-01,10.684933277782497,25.0,78.6,234.4,198.8,15.0,1
7383_dry,real_dry_season_steep_dry,23.899,94.1434,2015-03-04,10.684933277782497,25.0,0.0,0.0,0.1,0.7,0
7383_flat,real_monsoon_flat_valley_rain,27.4728,94.912,2015-08-01,1.1457628381751035,25.0,0.9,0.1,6.3,1.9,0
7387,real_landslide_steep_rain,24.954,94.2156,2015-08-01,14.615430541128886,25.0,27.4,40.5,52.0,15.8,1
7387_dry,real_dry_season_steep_dry,24.954,94.2156,2015-03-04,14.615430541128886,25.0,0.0,0.0,0.0,2.9,0
7387_flat,real_monsoon_flat_valley_rain,26.5413,88.7196,2015-08-01,2.2906100426385296,25.0,0.0,0.0,1.7,25.5,0
7385,real_landslide_steep_rain,24.004,93.9815,2015-08-01,31.882143482905143,25.0,53.8,202.5,212.5,16.4,1
7385_dry,real_dry_season_steep_dry,24.004,93.9815,2015-03-04,31.882143482905143,25.0,0.0,0.0,0.5,1.6,0
7385_flat,real_monsoon_flat_valley_rain,26.7271,88.3953,2015-08-01,0.0,25.0,0.0,1.0,2.8,10.8,0
7384,real_landslide_steep_rain,23.9278,94.0906,2015-08-01,16.281058441520802,25.0,53.8,202.5,212.5,16.4,1
7384_dry,real_dry_season_steep_dry,23.9278,94.0906,2015-03-04,16.281058441520802,25.0,0.0,0.0,0.5,1.6,0
7384_flat,real_monsoon_flat_valley_rain,26.1445,91.7362,2015-08-01,2.9189949338347145,25.0,3.2,0.1,30.2,15.2,0
7388,real_landslide_steep_rain,24.416,94.0984,2015-08-01,24.014568349585662,25.0,32.3,86.8,132.7,33.3,1
7388_dry,real_dry_season_steep_dry,24.416,94.0984,2015-03-04,24.014568349585662,25.0,0.0,0.0,0.1,3.7,0
7388_flat,real_monsoon_flat_valley_rain,26.6528,92.7926,2015-08-01,1.7183580016554572,25.0,0.0,0.0,20.0,17.8,0
7389,real_landslide_steep_rain,24.4072,94.0644,2015-08-01,26.2222941938457,25.0,32.3,86.8,132.7,33.3,1
7389_dry,real_dry_season_steep_dry,24.4072,94.0644,2015-03-04,26.2222941938457,25.0,0.0,0.0,0.1,3.7,0
7389_flat,real_monsoon_flat_valley_rain,26.0207,89.9744,2015-08-01,1.1457628381751035,25.0,0.8,0.0,33.0,47.3,0
7390,real_landslide_steep_rain,24.4265,94.1913,2015-08-01,13.244750575284366,25.0,45.2,106.5,97.0,16.6,1
7390_dry,real_dry_season_steep_dry,24.4265,94.1913,2015-03-04,13.244750575284366,25.0,0.0,0.0,0.1,1.9,0
7390_flat,real_monsoon_flat_valley_rain,26.3212,91.0065,2015-08-01,0.5729386976834859,25.0,0.0,0.3,29.6,28.2,0
7409,real_landslide_steep_rain,25.72,94.6219,2015-08-02,39.39764294624393,25.0,8.5,34.9,9.3,4.4,1
7409_dry,real_dry_season_steep_dry,25.72,94.6219,2015-03-05,39.39764294624393,25.0,0.0,1.4,2.2,0.7,0
7409_flat,real_monsoon_flat_valley_rain,26.3463,92.6841,2015-08-02,0.5729386976834859,25.0,0.5,26.8,14.7,2.7,0
7589,real_landslide_steep_rain,25.2568,92.3825,2015-08-19,4.883493424700951,25.0,25.9,36.0,56.7,51.9,1
7589_dry,real_dry_season_steep_dry,25.2568,92.3825,2015-03-22,4.883493424700951,25.0,0.0,0.0,0.0,0.0,0
7589_flat,real_monsoon_flat_valley_rain,27.4728,94.912,2015-08-19,1.1457628381751035,25.0,8.9,14.2,24.0,31.5,0
7590,real_landslide_steep_rain,25.1416,92.3807,2015-08-19,8.984876931685683,25.0,25.9,36.0,56.7,51.9,1
7590_dry,real_dry_season_steep_dry,25.1416,92.3807,2015-03-22,8.984876931685683,25.0,0.0,0.0,0.0,0.0,0
7590_flat,real_monsoon_flat_valley_rain,26.1445,91.7362,2015-08-19,2.9189949338347145,25.0,22.5,18.3,12.7,23.3,0
7655,real_landslide_steep_rain,27.5799,91.8569,2016-04-22,19.528728546210285,25.0,4.7,22.3,27.9,29.8,1
7655_dry,real_dry_season_steep_dry,27.5799,91.8569,2015-11-24,19.528728546210285,25.0,0.0,0.0,0.0,0.0,0
7655_flat,real_monsoon_flat_valley_rain,26.5413,88.7196,2016-04-22,2.2906100426385296,25.0,6.6,1.6,0.4,0.0,0
7591,real_landslide_steep_rain,25.0318,92.4584,2015-03-19,15.651730558256704,25.0,0.1,0.0,0.0,0.0,1
7591_dry,real_dry_season_steep_dry,25.0318,92.4584,2014-10-20,15.651730558256704,25.0,0.0,0.0,0.0,0.0,0
7591_flat,real_monsoon_flat_valley_rain,26.7271,88.3953,2015-03-19,0.0,25.0,0.6,0.0,0.0,0.0,0
7660,real_landslide_steep_rain,25.6237,94.1136,2015-08-12,20.140129120020212,25.0,54.6,23.9,11.4,13.2,1
7660_dry,real_dry_season_steep_dry,25.6237,94.1136,2015-03-15,20.140129120020212,25.0,0.0,0.0,0.0,0.0,0
7660_flat,real_monsoon_flat_valley_rain,26.6528,92.7926,2015-08-12,1.7183580016554572,25.0,1.2,2.9,3.2,15.7,0
7664,real_landslide_steep_rain,24.7459,93.4251,2015-08-11,4.573921259900861,25.0,14.0,8.7,11.6,4.7,1
7664_dry,real_dry_season_steep_dry,24.7459,93.4251,2015-03-14,4.573921259900861,25.0,0.0,0.0,0.0,0.0,0
7664_flat,real_monsoon_flat_valley_rain,26.0207,89.9744,2015-08-11,1.1457628381751035,25.0,3.4,2.4,2.5,1.2,0
7665,real_landslide_steep_rain,24.7016,93.5291,2015-08-11,11.87283675412141,25.0,14.0,8.7,11.6,4.7,1
7665_dry,real_dry_season_steep_dry,24.7016,93.5291,2015-03-14,11.87283675412141,25.0,0.0,0.0,0.0,0.0,0
7665_flat,real_monsoon_flat_valley_rain,26.3212,91.0065,2015-08-11,0.5729386976834859,25.0,21.2,13.2,9.2,4.3,0
7666,real_landslide_steep_rain,25.1019,93.3729,2015-08-11,31.39687644298045,25.0,2.5,7.5,23.8,3.6,1
7666_dry,real_dry_season_steep_dry,25.1019,93.3729,2015-03-14,31.39687644298045,25.0,0.0,0.0,0.0,0.0,0
7666_flat,real_monsoon_flat_valley_rain,26.3463,92.6841,2015-08-11,0.5729386976834859,25.0,14.7,14.3,8.6,13.7,0
7699,real_landslide_steep_rain,26.0214,94.5224,2015-08-19,14.302914425322813,25.0,11.5,10.0,10.3,27.3,1
7699_dry,real_dry_season_steep_dry,26.0214,94.5224,2015-03-22,14.302914425322813,25.0,0.0,0.0,0.0,0.0,0
7699_flat,real_monsoon_flat_valley_rain,27.4728,94.912,2015-08-19,1.1457628381751035,25.0,8.9,14.2,24.0,31.5,0
7701,real_landslide_steep_rain,25.6278,94.1051,2015-08-19,13.9061215425325,25.0,4.4,6.2,3.7,22.4,1
7701_dry,real_dry_season_steep_dry,25.6278,94.1051,2015-03-22,13.9061215425325,25.0,0.0,0.0,0.0,0.0,0
7701_flat,real_monsoon_flat_valley_rain,26.1445,91.7362,2015-08-19,2.9189949338347145,25.0,22.5,18.3,12.7,23.3,0
7706,real_landslide_steep_rain,25.0728,92.3636,2015-08-19,8.14812945516323,25.0,42.2,48.5,65.3,66.6,1
7706_dry,real_dry_season_steep_dry,25.0728,92.3636,2015-03-22,8.14812945516323,25.0,0.0,0.0,0.0,0.0,0
7706_flat,real_monsoon_flat_valley_rain,26.7271,88.3953,2015-08-19,0.0,25.0,15.1,63.1,8.7,18.0,0
7727,real_landslide_steep_rain,25.6263,94.1057,2015-08-20,26.661026251394187,25.0,6.2,3.7,22.4,39.7,1
7727_dry,real_dry_season_steep_dry,25.6263,94.1057,2015-03-23,26.661026251394187,25.0,0.0,0.0,0.0,0.3,0
7727_flat,real_monsoon_flat_valley_rain,26.5413,88.7196,2015-08-20,2.2906100426385296,25.0,92.5,17.3,24.2,84.8,0
7728,real_landslide_steep_rain,26.1028,91.8806,2015-08-22,15.651730558256704,25.0,49.5,85.1,21.6,28.2,1
7728_dry,real_dry_season_steep_dry,26.1028,91.8806,2015-03-25,15.651730558256704,25.0,0.0,0.0,0.2,0.0,0
7728_flat,real_monsoon_flat_valley_rain,26.6528,92.7926,2015-08-22,1.7183580016554572,25.0,24.4,44.4,102.0,12.0,0
7780,real_landslide_steep_rain,23.3572,92.7878,2015-08-26,5.96026196814625,25.0,5.1,9.0,5.2,7.6,1
7780_dry,real_dry_season_steep_dry,23.3572,92.7878,2015-03-29,5.96026196814625,25.0,0.0,0.3,0.9,0.4,0
7780_flat,real_monsoon_flat_valley_rain,26.3212,91.0065,2015-08-26,0.5729386976834859,25.0,87.7,15.5,14.3,13.5,0
7778,real_landslide_steep_rain,23.8447,93.0514,2015-08-26,31.51953719901054,25.0,4.4,10.2,7.2,15.3,1
7778_dry,real_dry_season_steep_dry,23.8447,93.0514,2015-03-29,31.51953719901054,25.0,0.6,0.1,3.6,0.6,0
7778_flat,real_monsoon_flat_valley_rain,26.0207,89.9744,2015-08-26,1.1457628381751035,25.0,17.6,12.0,49.9,23.0,0
7836,real_landslide_steep_rain,24.042,92.6724,2015-08-27,5.1742413701299474,25.0,4.5,7.1,10.2,6.8,1
7836_dry,real_dry_season_steep_dry,24.042,92.6724,2015-03-30,5.1742413701299474,25.0,0.6,4.4,0.7,1.9,0
7836_flat,real_monsoon_flat_valley_rain,26.3463,92.6841,2015-08-27,0.5729386976834859,25.0,21.3,23.1,22.0,7.1,0
7887,real_landslide_steep_rain,27.8835,96.9262,2015-08-16,47.76984359088099,25.0,4.8,9.4,11.6,12.6,1
7887_dry,real_dry_season_steep_dry,27.8835,96.9262,2015-03-19,47.76984359088099,25.0,2.0,2.9,7.3,7.3,0
7887_flat,real_monsoon_flat_valley_rain,26.1445,91.7362,2015-08-16,2.9189949338347145,25.0,18.0,30.6,9.7,22.5,0
7837,real_landslide_steep_rain,23.7269,92.7265,2015-08-27,24.312228664227604,25.0,6.7,10.5,7.3,4.1,1
7837_dry,real_dry_season_steep_dry,23.7269,92.7265,2015-03-30,24.312228664227604,25.0,0.5,3.3,0.3,0.5,0
7837_flat,real_monsoon_flat_valley_rain,27.4728,94.912,2015-08-27,1.1457628381751035,25.0,9.8,6.7,4.6,16.1,0
7910,real_landslide_steep_rain,24.3481,94.1146,2015-08-01,5.710593137499643,25.0,36.8,124.3,163.3,17.3,1
7910_dry,real_dry_season_steep_dry,24.3481,94.1146,2015-03-04,5.710593137499643,25.0,0.0,0.0,0.2,1.9,0
7910_flat,real_monsoon_flat_valley_rain,26.7271,88.3953,2015-08-01,0.0,25.0,0.0,1.0,2.8,10.8,0
7923,real_landslide_steep_rain,26.49349035,91.72137514,2015-09-01,3.3371107053581257,25.0,26.9,25.1,51.3,12.3,1
7923_dry,real_dry_season_steep_dry,26.49349035,91.72137514,2015-04-04,3.3371107053581257,25.0,19.8,31.9,21.8,8.8,0
7923_flat,real_monsoon_flat_valley_rain,26.5413,88.7196,2015-09-01,2.2906100426385296,25.0,22.3,88.9,208.3,6.5,0
7933,real_landslide_steep_rain,26.1868,91.6739,2015-09-01,0.5729386976834859,25.0,28.5,9.8,86.9,35.3,1
7933_dry,real_dry_season_steep_dry,26.1868,91.6739,2015-04-04,0.5729386976834859,25.0,9.6,22.8,15.7,7.4,0
7933_flat,real_monsoon_flat_valley_rain,26.6528,92.7926,2015-09-01,1.7183580016554572,25.0,17.8,41.0,62.4,17.0,0
7956,real_landslide_steep_rain,26.048,91.8695,2015-09-05,15.97940505640506,25.0,60.5,54.3,42.4,3.5,1
7956_dry,real_dry_season_steep_dry,26.048,91.8695,2015-04-08,15.97940505640506,25.0,4.2,0.4,0.5,0.2,0
7956_flat,real_monsoon_flat_valley_rain,26.0207,89.9744,2015-09-05,1.1457628381751035,25.0,48.6,21.2,66.4,22.6,0
7972,real_landslide_steep_rain,23.4495,92.8112,2015-08-28,50.27441050516269,25.0,5.9,8.2,7.0,1.3,1
7972_dry,real_dry_season_steep_dry,23.4495,92.8112,2015-03-31,50.27441050516269,25.0,1.7,0.8,0.5,8.9,0
7972_flat,real_monsoon_flat_valley_rain,26.3212,91.0065,2015-08-28,0.5729386976834859,25.0,14.3,13.5,9.6,6.5,0
8012,real_landslide_steep_rain,25.9703,91.8584,2015-09-06,12.419832137022013,25.0,54.3,42.4,3.5,7.7,1
8012_dry,real_dry_season_steep_dry,25.9703,91.8584,2015-04-09,12.419832137022013,25.0,0.4,0.5,0.2,2.2,0
8012_flat,real_monsoon_flat_valley_rain,26.3463,92.6841,2015-09-06,0.5729386976834859,25.0,6.4,30.8,23.1,9.8,0
8222,real_landslide_steep_rain,26.1961,91.7825,2016-06-22,14.164976627383547,25.0,13.1,3.2,3.8,11.7,1
8222_dry,real_dry_season_steep_dry,26.1961,91.7825,2016-01-24,14.164976627383547,25.0,0.0,0.0,0.0,0.1,0
8222_flat,real_monsoon_flat_valley_rain,27.4728,94.912,2016-06-22,1.1457628381751035,25.0,10.4,19.6,14.5,2.7,0
8223,real_landslide_steep_rain,23.7348,92.7187,2015-09-14,23.24519815924777,25.0,9.6,5.6,14.9,10.7,1
8223_dry,real_dry_season_steep_dry,23.7348,92.7187,2015-04-17,23.24519815924777,25.0,1.3,0.0,0.0,1.5,0
8223_flat,real_monsoon_flat_valley_rain,26.1445,91.7362,2015-09-14,2.9189949338347145,25.0,28.7,1.7,11.8,22.5,0
8237,real_landslide_steep_rain,27.0136,92.6351,2016-07-01,2.361028198348736,25.0,16.9,24.0,21.1,25.6,1
8237_dry,real_dry_season_steep_dry,27.0136,92.6351,2016-02-02,2.361028198348736,25.0,0.0,0.0,0.2,0.5,0
8237_flat,real_monsoon_flat_valley_rain,26.5413,88.7196,2016-07-01,2.2906100426385296,25.0,9.9,11.7,23.0,23.4,0
8224,real_landslide_steep_rain,23.7313,92.7187,2015-09-14,34.22722138397883,25.0,9.6,5.6,14.9,10.7,1
8224_dry,real_dry_season_steep_dry,23.7313,92.7187,2015-04-17,34.22722138397883,25.0,1.3,0.0,0.0,1.5,0
8224_flat,real_monsoon_flat_valley_rain,26.7271,88.3953,2015-09-14,0.0,25.0,13.9,18.2,5.5,15.3,0
8339,real_landslide_steep_rain,26.1666,91.7042,2015-09-23,9.6316519614038,25.0,84.3,23.7,22.6,30.3,1
8339_dry,real_dry_season_steep_dry,26.1666,91.7042,2015-04-26,9.6316519614038,25.0,15.7,4.0,4.1,1.1,0
8339_flat,real_monsoon_flat_valley_rain,26.6528,92.7926,2015-09-23,1.7183580016554572,25.0,23.8,32.6,23.2,95.0,0
8366,real_landslide_steep_rain,25.583,91.893,2015-09-23,0.8102306720437776,25.0,28.7,50.5,56.4,50.4,1
8366_dry,real_dry_season_steep_dry,25.583,91.893,2015-04-26,0.8102306720437776,25.0,6.8,19.9,22.4,11.2,0
8366_flat,real_monsoon_flat_valley_rain,26.0207,89.9744,2015-09-23,1.1457628381751035,25.0,17.9,27.5,51.2,51.5,0
8684,real_landslide_steep_rain,25.9611,91.3681,2016-07-07,4.044691235386269,25.0,40.2,71.5,73.2,27.2,1
8684_dry,real_dry_season_steep_dry,25.9611,91.3681,2016-02-08,4.044691235386269,25.0,0.0,0.1,0.0,0.6,0
8684_flat,real_monsoon_flat_valley_rain,26.3212,91.0065,2016-07-07,0.5729386976834859,25.0,44.5,34.7,23.1,35.7,0
8900,real_landslide_steep_rain,25.0118,94.3136,2016-07-07,14.04702373801616,25.0,11.0,16.8,5.3,2.8,1
8900_dry,real_dry_season_steep_dry,25.0118,94.3136,2016-02-08,14.04702373801616,25.0,0.0,0.0,0.0,1.0,0
9252,real_landslide_steep_rain,27.5748,91.8644,2016-07-28,13.12884614937404,25.0,61.2,22.0,11.6,8.4,1
9252_dry,real_dry_season_steep_dry,27.5748,91.8644,2016-02-29,13.12884614937404,25.0,0.9,1.1,1.2,0.0,0
9252_flat,real_monsoon_flat_valley_rain,26.6528,92.7926,2016-07-28,1.7183580016554572,25.0,20.4,23.3,1.7,5.2,0
9335,real_landslide_steep_rain,24.5202,92.7239,2016-05-18,0.5729386976834859,25.0,8.1,5.5,23.0,28.0,1
9335_dry,real_dry_season_steep_dry,24.5202,92.7239,2015-12-20,0.5729386976834859,25.0,0.0,0.0,0.0,0.0,0
9335_flat,real_monsoon_flat_valley_rain,26.3212,91.0065,2016-05-18,0.5729386976834859,25.0,80.7,71.6,71.3,52.9,0
9215,real_landslide_steep_rain,27.1758,88.5294,2016-01-14,21.22267281307461,25.0,1.1,0.5,0.0,0.0,1
9215_dry,real_dry_season_steep_dry,27.1758,88.5294,2015-08-17,21.22267281307461,25.0,12.4,27.6,20.0,76.0,0
9215_flat,real_monsoon_flat_valley_rain,26.3463,92.6841,2016-01-14,0.5729386976834859,25.0,0.0,0.0,0.0,0.3,0
9219,real_landslide_steep_rain,26.0101,94.5282,2016-07-26,15.886617531931096,25.0,8.7,47.1,31.8,1.5,1
9219_dry,real_dry_season_steep_dry,26.0101,94.5282,2016-02-27,15.886617531931096,25.0,0.0,4.9,0.7,0.7,0
9219_flat,real_monsoon_flat_valley_rain,27.4728,94.912,2016-07-26,1.1457628381751035,25.0,26.9,12.6,17.6,5.7,0
9220,real_landslide_steep_rain,27.1027,88.1218,2016-07-26,22.02209957077959,25.0,91.5,25.6,42.2,172.7,1
9220_dry,real_dry_season_steep_dry,27.1027,88.1218,2016-02-27,22.02209957077959,25.0,1.2,0.1,0.0,0.0,0
9220_flat,real_monsoon_flat_valley_rain,26.1445,91.7362,2016-07-26,2.9189949338347145,25.0,8.9,13.9,43.8,83.8,0
9232,real_landslide_steep_rain,23.5397,93.3783,2016-07-28,23.540850885728464,25.0,13.9,10.1,16.0,3.1,1
9232_dry,real_dry_season_steep_dry,23.5397,93.3783,2016-02-29,23.540850885728464,25.0,0.0,2.4,0.3,0.3,0
9232_flat,real_monsoon_flat_valley_rain,26.7271,88.3953,2016-07-28,0.0,25.0,41.6,68.7,6.2,10.8,0
9251,real_landslide_steep_rain,25.8702,94.7844,2016-07-28,10.21937711459359,25.0,24.1,6.5,3.8,3.6,1
9251_dry,real_dry_season_steep_dry,25.8702,94.7844,2016-02-29,10.21937711459359,25.0,0.4,0.3,0.5,0.1,0
9251_flat,real_monsoon_flat_valley_rain,26.5413,88.7196,2016-07-28,2.2906100426385296,25.0,57.1,41.0,3.8,8.4,0
9334,real_landslide_steep_rain,24.5204,92.7264,2016-05-18,1.1457628381751035,25.0,8.1,5.5,23.0,28.0,1
9334_dry,real_dry_season_steep_dry,24.5204,92.7264,2015-12-20,1.1457628381751035,25.0,0.0,0.0,0.0,0.0,0
9334_flat,real_monsoon_flat_valley_rain,26.0207,89.9744,2016-05-18,1.1457628381751035,25.0,63.1,67.8,50.3,51.3,0
9336,real_landslide_steep_rain,24.5308,92.5121,2016-05-18,7.40691212849523,25.0,12.5,8.0,30.7,31.7,1
9336_dry,real_dry_season_steep_dry,24.5308,92.5121,2015-12-20,7.40691212849523,25.0,0.0,0.0,0.0,0.0,0
9336_flat,real_monsoon_flat_valley_rain,26.3463,92.6841,2016-05-18,0.5729386976834859,25.0,67.5,36.2,17.8,7.9,0
9338,real_landslide_steep_rain,24.4638,92.4943,2016-05-18,17.349325993056564,25.0,12.5,8.0,30.7,31.7,1
9338_dry,real_dry_season_steep_dry,24.4638,92.4943,2015-12-20,17.349325993056564,25.0,0.0,0.0,0.0,0.0,0
9338_flat,real_monsoon_flat_valley_rain,27.4728,94.912,2016-05-18,1.1457628381751035,25.0,13.2,62.9,28.2,53.2,0
9404,real_landslide_steep_rain,28.0822,96.5316,2016-05-01,25.31271386922847,25.0,24.5,8.7,5.2,7.0,1
9404_dry,real_dry_season_steep_dry,28.0822,96.5316,2015-12-03,25.31271386922847,25.0,0.7,4.7,2.3,2.0,0
9404_flat,real_monsoon_flat_valley_rain,26.1445,91.7362,2016-05-01,2.9189949338347145,25.0,2.5,6.4,4.3,10.1,0
9405,real_landslide_steep_rain,26.7223,95.0243,2016-04-19,7.428549707571748,25.0,35.1,2.8,22.9,36.6,1
9405_dry,real_dry_season_steep_dry,26.7223,95.0243,2015-11-21,7.428549707571748,25.0,1.5,0.0,0.0,0.0,0
9405_flat,real_monsoon_flat_valley_rain,26.7271,88.3953,2016-04-19,0.0,25.0,0.1,0.1,1.7,3.7,0
9464,real_landslide_steep_rain,27.5754,91.9754,2016-08-05,38.677266766755615,25.0,6.9,1.3,2.6,6.8,1
9464_dry,real_dry_season_steep_dry,27.5754,91.9754,2016-03-08,38.677266766755615,25.0,3.1,2.6,8.6,7.4,0
9464_flat,real_monsoon_flat_valley_rain,26.5413,88.7196,2016-08-05,2.2906100426385296,25.0,6.3,20.1,15.3,10.6,0
9587,real_landslide_steep_rain,26.8692,88.4695,2016-10-12,18.898375796512653,25.0,33.7,12.1,29.0,137.1,1
9587_dry,real_dry_season_steep_dry,26.8692,88.4695,2016-05-15,18.898375796512653,25.0,9.9,63.2,11.0,8.8,0
9587_flat,real_monsoon_flat_valley_rain,26.6528,92.7926,2016-10-12,1.7183580016554572,25.0,18.1,14.0,32.7,41.4,0
9603,real_landslide_steep_rain,26.8861,88.1704,2016-10-12,31.26985182661436,25.0,41.7,28.8,40.0,63.1,1
9603_dry,real_dry_season_steep_dry,26.8861,88.1704,2016-05-15,31.26985182661436,25.0,21.1,34.0,19.5,38.9,0
9603_flat,real_monsoon_flat_valley_rain,26.0207,89.9744,2016-10-12,1.1457628381751035,25.0,15.0,22.0,12.1,10.8,0
9604,real_landslide_steep_rain,27.2676,88.2891,2016-10-12,47.27099522281467,25.0,34.9,6.9,14.0,121.6,1
9604_dry,real_dry_season_steep_dry,27.2676,88.2891,2016-05-15,47.27099522281467,25.0,4.9,31.0,8.5,14.1,0
9604_flat,real_monsoon_flat_valley_rain,26.3212,91.0065,2016-10-12,0.5729386976834859,25.0,7.4,14.4,25.9,16.5,0
9617,real_landslide_steep_rain,26.888,88.2796,2016-10-15,36.8796731366337,25.0,63.1,100.2,37.1,0.0,1
9617_dry,real_dry_season_steep_dry,26.888,88.2796,2016-05-18,36.8796731366337,25.0,38.9,18.5,11.8,14.4,0
9617_flat,real_monsoon_flat_valley_rain,26.3463,92.6841,2016-10-15,0.5729386976834859,25.0,46.2,31.7,0.2,0.0,0
9618,real_landslide_steep_rain,26.9343,88.4486,2016-10-15,16.208558038649098,25.0,121.6,42.7,6.3,0.0,1
9618_dry,real_dry_season_steep_dry,26.9343,88.4486,2016-05-18,16.208558038649098,25.0,14.1,12.5,9.5,6.2,0
9618_flat,real_monsoon_flat_valley_rain,27.4728,94.912,2016-10-15,1.1457628381751035,25.0,11.2,15.6,0.0,0.0,0
9619,real_landslide_steep_rain,27.1695,88.3664,2016-10-15,40.06221925723847,25.0,23.2,89.2,44.9,2.1,1
9619_dry,real_dry_season_steep_dry,27.1695,88.3664,2016-05-18,40.06221925723847,25.0,54.0,44.6,16.4,18.9,0
9619_flat,real_monsoon_flat_valley_rain,26.1445,91.7362,2016-10-15,2.9189949338347145,25.0,39.1,2.8,0.3,0.2,0
9620,real_landslide_steep_rain,27.172,88.5292,2016-10-15,30.555005741355924,25.0,121.6,42.7,6.3,0.0,1
9620_dry,real_dry_season_steep_dry,27.172,88.5292,2016-05-18,30.555005741355924,25.0,14.1,12.5,9.5,6.2,0
9620_flat,real_monsoon_flat_valley_rain,26.7271,88.3953,2016-10-15,0.0,25.0,137.1,26.4,0.9,0.0,0
