latitude,longitude,elevation,slope,clay_percentage
25.0,92.5,27.0,2.862405226111748,28.0
25.0,92.505,31.0,4.044691235386269,28.0
25.0,92.51,43.0,2.9189949338347145,28.0
25.0,92.515,26.0,2.560638973149915,28.0
25.0,92.52,26.0,2.9189949338347145,28.0
25.0,92.525,31.0,3.663718325999619,28.0
25.0,92.53,39.0,4.163849943478467,28.0
25.0,92.535,44.0,0.5729386976834859,28.0
25.0,92.54,48.0,6.84277341263094,28.0
25.0,92.545,48.0,6.651732748715235,28.0
25.0,92.55,29.0,2.9189949338347145,28.0
25.0,92.555,46.0,0.5729386976834859,28.0
25.0,92.56,25.0,10.44746989776266,28.0
25.0,92.565,30.0,4.465877540190299,28.0
25.0,92.57,23.0,0.5729386976834859,28.0
25.0,92.575,27.0,1.7183580016554572,28.0
25.0,92.58,27.0,8.530765609948133,28.0
25.0,92.585,25.0,2.9189949338347145,28.0
25.0,92.59,22.0,1.1457628381751035,28.0
25.0,92.595,22.0,1.7183580016554572,28.0
25.0,92.6,30.0,1.2809591134236533,28.0
25.0,92.605,28.0,0.5729386976834859,28.0
25.0,92.61,40.0,1.2809591134236533,28.0
25.0,92.615,97.0,14.079306913753854,28.0
25.0,92.62,94.0,6.959412387152244,28.0
25.0,92.625,124.0,17.906157750459435,28.0
25.0,92.63,240.0,22.834502638149456,28.0
25.0,92.635,344.0,23.468840191747002,28.0
25.0,92.64,455.0,23.001208325803734,28.0
25.0,92.645,454.0,32.21418267031087,28.0
25.0,92.65,227.0,17.424313779662153,28.0
25.0,92.655,146.0,16.398037117968236,28.0
25.0,92.66,90.0,12.206865139615095,28.0
25.0,92.665,80.0,19.550236336404964,28.0
25.0,92.67,90.0,13.093845922704302,28.0
25.0,92.675,45.0,8.14812945516323,28.0
25.0,92.68,65.0,14.9403293424737,28.0
25.0,92.685,42.0,1.811248047327972,28.0
25.0,92.69,152.0,15.793169048263966,28.0
25.0,92.695,227.0,12.419832137022013,28.0
25.0,92.7,289.0,3.4808773532462083,28.0
25.0,92.705,200.0,23.24519815924777,28.0
25.0,92.71,234.0,21.100386082393715,28.0
25.0,92.715,149.0,27.163614006974587,28.0
25.0,92.72,167.0,25.098463901830883,28.0
25.0,92.725,121.0,25.572953701284636,28.0
25.0,92.73,34.0,2.0649342141827822,28.0
25.0,92.735,50.0,15.276593911816503,28.0
25.0,92.74,91.0,21.5273333260243,28.0
25.0,92.745,148.0,22.87490363679849,28.0
25.0,92.75,307.0,30.737526083800457,28.0
25.0,92.755,422.0,19.1434780917466,28.0
25.0,92.76,588.0,27.003740826820703,28.0
25.0,92.765,539.0,16.531754412834047,28.0
25.0,92.77,586.0,33.43690087037759,28.0
25.0,92.775,586.0,12.382549217765357,28.0
25.0,92.78,443.0,25.31271386922847,28.0
25.0,92.785,364.0,8.049466975528398,28.0
25.0,92.79,418.0,36.013825755137674,28.0
25.0,92.795,452.0,29.98014024152449,28.0
25.0,92.8,570.0,4.044691235386269,28.0
25.0,92.805,491.0,,28.0
25.0,92.81,544.0,24.22774531795417,28.0
25.0,92.815,490.0,,28.0
25.0,92.82,373.0,27.304428776436175,28.0
25.0,92.825,390.0,28.422356771016563,28.0
25.0,92.83,441.0,14.132921424385623,28.0
25.0,92.835,377.0,15.537461076489711,28.0
25.0,92.84,308.0,6.67592292471606,28.0
25.0,92.845,226.0,13.949652246979397,28.0
25.0,92.85,333.0,15.354441513180227,28.0
25.0,92.855,194.0,18.480426727831507,28.0
25.0,92.86,200.0,23.847380515387343,28.0
25.0,92.865,200.0,27.41360697987478,28.0
25.0,92.87,107.0,23.540850885728464,28.0
25.0,92.875,167.0,19.91815725240767,28.0
25.0,92.88,96.0,11.63529670109765,28.0
25.0,92.885,89.0,6.379370208442803,28.0
25.0,92.89,176.0,19.91815725240767,28.0
25.0,92.895,139.0,16.208558038649098,28.0
25.0,92.9,142.0,17.05377386638326,28.0
25.0,92.905,118.0,5.419335736411587,28.0
25.0,92.91,101.0,13.540792726885437,28.0
25.0,92.915,113.0,5.267518906840194,28.0
25.0,92.92,185.0,14.615430541128886,28.0
25.0,92.925,327.0,10.888076838622833,28.0
25.0,92.93,323.0,4.044691235386269,28.0
25.0,92.935,456.0,20.385976479920778,28.0
25.0,92.94,545.0,23.290179541000384,28.0
25.0,92.945,607.0,15.877302622696872,28.0
25.0,92.95,664.0,27.990970091758022,28.0
25.0,92.955,616.0,24.855902210900254,28.0
25.0,92.96,619.0,28.682327259935295,28.0
25.0,92.965,,,28.0
25.0,92.97,473.0,35.264389682754654,28.0
25.0,92.975,371.0,20.14701290275177,28.0
25.0,92.98,435.0,10.98810564233957,28.0
25.0,92.985,311.0,19.485618658513864,28.0
25.0,92.99,420.0,35.03590773544886,28.0
25.0,92.995,516.0,22.9668617619454,28.0
25.005,92.5,72.0,13.59687524180116,28.0
25.005,92.505,39.0,4.850090156191999,28.0
25.005,92.51,31.0,1.811248047327972,28.0
25.005,92.515,31.0,1.280959113423653,28.0
25.005,92.52,32.0,1.7183580016554572,28.0
25.005,92.525,29.0,2.0649342141827822,28.0
25.005,92.53,30.0,1.811248047327972,28.0
25.005,92.535,66.0,0.8102306720437776,28.0
25.005,92.54,48.0,5.878250113590978,28.0
25.005,92.545,63.0,1.811248047327972,28.0
25.005,92.55,36.0,2.560638973149915,28.0
25.005,92.555,55.0,3.0824947102675178,28.0
25.005,92.56,62.0,4.124518139862882,28.0
25.005,92.565,51.0,5.1742413701299474,28.0
25.005,92.57,26.0,0.8102306720437776,28.0
25.005,92.575,60.0,16.69924423399362,28.0
25.005,92.58,67.0,7.051280552921114,28.0
25.005,92.585,40.0,6.651732748715235,28.0
25.005,92.59,65.0,5.7388854270937575,28.0
25.005,92.595,31.0,0.8102306720437776,28.0
25.005,92.6,38.0,7.2977186821765665,28.0
25.005,92.605,77.0,12.604382648379184,28.0
25.005,92.61,31.0,1.280959113423653,28.0
25.005,92.615,37.0,1.7183580016554572,28.0
25.005,92.62,37.0,1.280959113423653,28.0
25.005,92.625,125.0,15.276593911816503,28.0
25.005,92.63,277.0,20.140129120020212,28.0
25.005,92.635,369.0,17.849848259878947,28.0
25.005,92.64,394.0,29.686933196903503,28.0
25.005,92.645,383.0,23.94467010289635,28.0
25.005,92.65,229.0,16.531754412834047,28.0
25.005,92.655,123.0,17.248706122708775,28.0
25.005,92.66,215.0,6.889675180467723,28.0
25.005,92.665,168.0,17.849848259878947,28.0
25.005,92.67,141.0,14.03624346792648,28.0
25.005,92.675,46.0,5.111089695288715,28.0
25.005,92.68,76.0,6.67592292471606,28.0
25.005,92.685,87.0,10.581758987862388,28.0
25.005,92.69,50.0,7.599333100622036,28.0
25.005,92.695,74.0,12.419832137022013,28.0
25.005,92.7,91.0,5.710593137499643,28.0
25.005,92.705,116.0,17.622325575320776,28.0
25.005,92.71,160.0,20.243055274274415,28.0
25.005,92.715,230.0,27.21215532549541,28.0
25.005,92.72,225.0,31.190395397802924,28.0
25.005,92.725,259.0,18.541977963997237,28.0
25.005,92.73,106.0,31.948426937823527,28.0
25.005,92.735,47.0,6.959412387152244,28.0
25.005,92.74,36.0,1.7183580016554572,28.0
25.005,92.745,90.0,12.382549217765357,28.0
25.005,92.75,171.0,21.106846658709145,28.0
25.005,92.755,208.0,9.31427931090428,28.0
25.005,92.76,330.0,24.39103005426629,28.0
25.005,92.765,358.0,19.231594954140725,28.0
25.005,92.77,429.0,14.302914425322813,28.0
25.005,92.775,348.0,16.281058441520802,28.0
25.005,92.78,532.0,15.585195857538066,28.0
25.005,92.785,535.0,15.06995574963759,28.0
25.005,92.79,615.0,11.59517961733378,28.0
25.005,92.795,661.0,9.9063692721155,28.0
25.005,92.8,659.0,34.3362505651804,28.0
25.005,92.805,737.0,7.428549707571748,28.0
25.005,92.81,760.0,15.460716851353515,28.0
25.005,92.815,790.0,31.69176119676978,28.0
25.005,92.82,517.0,31.68167996685456,28.0
25.005,92.825,614.0,36.33548650784948,28.0
25.005,92.83,625.0,27.269338050788605,28.0
25.005,92.835,455.0,16.734242254624238,28.0
25.005,92.84,413.0,24.396269761643275,28.0
25.005,92.845,402.0,26.77002786406292,28.0
25.005,92.85,292.0,16.94235714251686,28.0
25.005,92.855,234.0,22.9668617619454,28.0
25.005,92.86,140.0,7.641405059952685,28.0
25.005,92.865,167.0,20.473776079507815,28.0
25.005,92.87,148.0,28.30319610038818,28.0
25.005,92.875,152.0,14.366056176200178,28.0
25.005,92.88,246.0,10.095435505303422,28.0
25.005,92.885,167.0,22.666013397863924,28.0
25.005,92.89,102.0,15.06995574963759,28.0
25.005,92.895,185.0,17.257119157898394,28.0
25.005,92.9,182.0,10.095435505303422,28.0
25.005,92.905,224.0,9.713320968615797,28.0
25.005,92.91,96.0,17.257119157898394,28.0
25.005,92.915,91.0,2.560638973149915,28.0
25.005,92.92,111.0,5.267518906840194,28.0
25.005,92.925,175.0,20.813377245065748,28.0
25.005,92.93,299.0,6.866265885252495,28.0
25.005,92.935,379.0,2.0649342141827822,28.0
25.005,92.94,414.0,18.58031398842556,28.0
25.005,92.945,429.0,28.516255566235397,28.0
25.005,92.95,477.0,18.86838370797213,28.0
25.005,92.955,571.0,17.424313779662153,28.0
25.005,92.96,681.0,18.86838370797213,28.0
25.005,92.965,787.0,13.60805977475334,28.0
25.005,92.97,524.0,20.833118830632372,28.0
25.005,92.975,542.0,13.336644515520948,28.0
25.005,92.98,496.0,21.583791547916466,28.0
25.005,92.985,405.0,22.406871204937445,28.0
25.005,92.99,438.0,21.28025901001372,28.0
25.005,92.995,661.0,19.83405840224228,28.0
25.01,92.5,28.0,0.8102306720437776,28.0
25.01,92.505,27.0,1.1457628381751035,28.0
25.01,92.51,32.0,0.5729386976834859,28.0
25.01,92.515,35.0,2.361028198348736,28.0
25.01,92.52,42.0,7.662350300486558,28.0
25.01,92.525,57.0,6.889675180467723,28.0
25.01,92.53,53.0,3.2376881462291047,28.0
25.01,92.535,96.0,5.878250113590978,28.0
25.01,92.54,75.0,2.361028198348736,28.0
25.01,92.545,77.0,5.96026196814625,28.0
25.01,92.55,69.0,11.378567244391917,28.0
25.01,92.555,59.0,6.959412387152244,28.0
25.01,92.56,65.0,12.156145050965591,28.0
25.01,92.565,49.0,8.049466975528398,28.0
25.01,92.57,29.0,3.6188832299832416,28.0
25.01,92.575,31.0,5.878250113590978,28.0
25.01,92.58,53.0,14.738259624023955,28.0
25.01,92.585,75.0,6.504634281949115,28.0
25.01,92.59,39.0,0.8102306720437776,28.0
25.01,92.595,93.0,12.952764513375518,28.0
25.01,92.6,77.0,13.17534790222412,28.0
25.01,92.605,80.0,14.03624346792648,28.0
25.01,92.61,86.0,14.54321520062608,28.0
25.01,92.615,50.0,2.361028198348736,28.0
25.01,92.62,42.0,2.862405226111748,28.0
25.01,92.625,56.0,5.710593137499643,28.0
25.01,92.63,122.0,23.001208325803734,28.0
25.01,92.635,211.0,22.19762640166049,28.0
25.01,92.64,167.0,19.83405840224228,28.0
25.01,92.645,218.0,12.419832137022013,28.0
25.01,92.65,312.0,21.261087638361182,28.0
25.01,92.655,273.0,20.62787340377509,28.0
25.01,92.66,352.0,19.83405840224228,28.0
25.01,92.665,108.0,22.02209957077959,28.0
25.01,92.67,97.0,19.28275254686276,28.0
25.01,92.675,97.0,23.890693491223985,28.0
25.01,92.68,216.0,10.203973721731684,28.0
25.01,92.685,174.0,6.06783785083067,28.0
25.01,92.69,160.0,17.752790161946685,28.0
25.01,92.695,139.0,5.1742413701299474,28.0
25.01,92.7,131.0,24.73324165148356,28.0
25.01,92.705,116.0,20.813377245065748,28.0
25.01,92.71,133.0,15.354441513180229,28.0
25.01,92.715,113.0,16.389075025823413,28.0
25.01,92.72,133.0,20.050350541222016,28.0
25.01,92.725,173.0,12.419832137022013,28.0
25.01,92.73,82.0,11.378567244391917,28.0
25.01,92.735,57.0,15.651730558256707,28.0
25.01,92.74,42.0,0.8102306720437776,28.0
25.01,92.745,44.0,0.8102306720437776,28.0
25.01,92.75,41.0,2.9189949338347145,28.0
25.01,92.755,78.0,16.208558038649098,28.0
25.01,92.76,158.0,21.80140948635181,28.0
25.01,92.765,277.0,11.794248902093369,28.0
25.01,92.77,229.0,8.896025825607326,28.0
25.01,92.775,261.0,16.45168408046464,28.0
25.01,92.78,302.0,36.86989764584402,28.0
25.01,92.785,357.0,30.058200512399605,28.0
25.01,92.79,469.0,40.03825547284043,28.0
25.01,92.795,513.0,13.416459891104456,28.0
25.01,92.8,480.0,23.063983633676173,28.0
25.01,92.805,609.0,17.35767803462991,28.0
25.01,92.81,721.0,14.54321520062608,28.0
25.01,92.815,768.0,15.52789294984244,28.0
25.01,92.82,721.0,23.79851256035922,28.0
25.01,92.825,745.0,8.45570253780166,28.0
25.01,92.83,761.0,8.678829373950299,28.0
25.01,92.835,643.0,26.194185490754055,28.0
25.01,92.84,429.0,30.939162847620818,28.0
25.01,92.845,421.0,21.61506814734454,28.0
25.01,92.85,431.0,34.80972011984915,28.0
25.01,92.855,268.0,10.21937711459359,28.0
25.01,92.86,250.0,16.708002222639085,28.0
25.01,92.865,135.0,15.56612306257827,28.0
25.01,92.87,152.0,28.471414080238404,28.0
25.01,92.875,276.0,11.754735170671625,28.0
25.01,92.88,245.0,7.40691212849523,28.0
25.01,92.885,228.0,15.867981092283754,28.0
25.01,92.89,218.0,5.3893224751224,28.0
25.01,92.895,186.0,19.6644186882119,28.0
25.01,92.9,220.0,11.648634944412732,28.0
25.01,92.905,178.0,19.40625475131371,28.0
25.01,92.91,321.0,13.674945403795036,28.0
25.01,92.915,177.0,29.225443358679705,28.0
25.01,92.92,95.0,2.361028198348736,28.0
25.01,92.925,140.0,7.599333100622036,28.0
25.01,92.93,223.0,16.208558038649098,28.0
25.01,92.935,268.0,24.645789209301867,28.0
25.01,92.94,247.0,12.964588174052748,28.0
25.01,92.945,364.0,21.048602883337185,28.0
25.01,92.95,518.0,27.758186382561853,28.0
25.01,92.955,519.0,39.70084567364605,28.0
25.01,92.96,762.0,25.64100582430528,28.0
25.01,92.965,634.0,14.470575684643377,28.0
25.01,92.97,701.0,21.727142230503578,28.0
25.01,92.975,626.0,12.079616644827674,28.0
25.01,92.98,688.0,31.792236195562015,28.0
25.01,92.985,541.0,32.26292986283742,28.0
25.01,92.99,525.0,16.531754412834047,28.0
25.01,92.995,672.0,43.087089664738635,28.0
25.015,92.5,37.0,3.4808773532462083,28.0
25.015,92.505,51.0,5.624839675183298,28.0
25.015,92.51,41.0,4.9166653832101535,28.0
25.015,92.515,41.0,0.5729386976834859,28.0
25.015,92.52,95.0,16.70800222263908,28.0
25.015,92.525,79.0,2.0649342141827822,28.0
25.015,92.53,73.0,2.0649342141827822,28.0
25.015,92.535,81.0,3.663718325999619,28.0
25.015,92.54,143.0,15.793169048263966,28.0
25.015,92.545,139.0,12.84579372031137,28.0
25.015,92.55,172.0,22.347372412787248,28.0
25.015,92.555,130.0,0.8102306720437776,28.0
25.015,92.56,162.0,24.24890789301412,28.0
25.015,92.565,137.0,23.35182128069875,28.0
25.015,92.57,137.0,19.047414462750012,28.0
25.015,92.575,40.0,5.878250113590978,28.0
25.015,92.58,75.0,8.54942232101196,28.0
25.015,92.585,132.0,14.164976627383547,28.0
25.015,92.59,169.0,20.050350541222016,28.0
25.015,92.595,151.0,4.7140651095854516,28.0
25.015,92.6,154.0,9.245973666550688,28.0
25.015,92.605,163.0,10.21937711459359,28.0
25.015,92.61,153.0,15.56612306257827,28.0
25.015,92.615,115.0,8.14812945516323,28.0
25.015,92.62,90.0,2.560638973149915,28.0
25.015,92.625,40.0,4.004172940709388,28.0
25.015,92.63,42.0,3.3371107053581257,28.0
25.015,92.635,68.0,18.29417015928986,28.0
25.015,92.64,207.0,24.333280202025342,28.0
25.015,92.645,306.0,24.317494136848023,28.0
25.015,92.65,407.0,5.7388854270937575,28.0
25.015,92.655,248.0,12.665224630685922,28.0
25.015,92.66,163.0,12.206865139615095,28.0
25.015,92.665,247.0,19.6002996778214,28.0
25.015,92.67,245.0,28.241221948090235,28.0
25.015,92.675,226.0,15.119460665411577,28.0
25.015,92.68,232.0,12.857729366676711,28.0
25.015,92.685,205.0,28.548791225633753,28.0
25.015,92.69,178.0,22.58402266548946,28.0
25.015,92.695,148.0,6.504634281949114,28.0
25.015,92.7,84.0,9.36515852576206,28.0
25.015,92.705,108.0,18.16075212819556,28.0
25.015,92.71,182.0,15.651730558256704,28.0
25.015,92.715,192.0,22.625071558890102,28.0
25.015,92.72,222.0,22.770805185264212,28.0
25.015,92.725,149.0,17.849848259878947,28.0
25.015,92.73,285.0,31.550060531730136,28.0
25.015,92.735,174.0,22.14940249347011,28.0
25.015,92.74,116.0,20.5945073782813,28.0
25.015,92.745,106.0,10.816005503945128,28.0
25.015,92.75,55.0,2.862405226111748,28.0
25.015,92.755,58.0,9.664408742578416,28.0
25.015,92.76,68.0,7.9293646872281585,28.0
25.015,92.765,84.0,6.504634281949115,28.0
25.015,92.77,108.0,20.413046273156507,28.0
25.015,92.775,238.0,29.28383890901281,28.0
25.015,92.78,249.0,8.605135268574712,28.0
25.015,92.785,299.0,16.253917058152773,28.0
25.015,92.79,330.0,3.0824947102675178,28.0
25.015,92.795,457.0,16.734242254624238,28.0
25.015,92.8,530.0,18.641439944547074,28.0
25.015,92.805,696.0,32.31153323742385,28.0
25.015,92.81,846.0,25.208434105904036,28.0
25.015,92.815,925.0,21.856877087002452,28.0
25.015,92.82,924.0,16.253917058152773,28.0
25.015,92.825,800.0,9.177123708952482,28.0
25.015,92.83,645.0,20.473776079507815,28.0
25.015,92.835,515.0,15.06995574963759,28.0
25.015,92.84,706.0,41.73360562615106,28.0
25.015,92.845,470.0,13.17534790222412,28.0
25.015,92.85,367.0,12.370093432433936,28.0
25.015,92.855,304.0,18.10544934292749,28.0
25.015,92.86,190.0,23.890693491223985,28.0
25.015,92.865,158.0,29.37684488800065,28.0
25.015,92.87,87.0,13.507014370466038,28.0
25.015,92.875,150.0,18.883387503340305,28.0
25.015,92.88,297.0,27.42230999924108,28.0
25.015,92.885,362.0,16.531754412834047,28.0
25.015,92.89,329.0,17.523671614749585,28.0
25.015,92.895,243.0,18.541977963997237,28.0
25.015,92.9,217.0,18.29417015928986,28.0
25.015,92.905,192.0,12.156145050965591,28.0
25.015,92.91,170.0,20.62787340377509,28.0
25.015,92.915,193.0,22.625071558890102,28.0
25.015,92.92,104.0,8.54942232101196,28.0
25.015,92.925,126.0,10.537203406802927,28.0
25.015,92.93,123.0,12.370093432433936,28.0
25.015,92.935,189.0,19.980921176079207,28.0
25.015,92.94,270.0,25.23332354577616,28.0
25.015,92.945,257.0,11.63529670109765,28.0
25.015,92.95,400.0,25.253207609369632,28.0
25.015,92.955,553.0,19.28275254686276,28.0
25.015,92.96,536.0,38.364457296802634,28.0
25.015,92.965,495.0,9.761969244030082,28.0
25.015,92.97,594.0,40.09809531613678,28.0
25.015,92.975,786.0,13.59687524180116,28.0
25.015,92.98,749.0,21.30578361782877,28.0
25.015,92.985,745.0,32.799259833398104,28.0
25.015,92.99,712.0,21.50846786453591,28.0
25.015,92.995,706.0,13.59687524180116,28.0
25.02,92.5,90.0,8.678829373950299,28.0
25.02,92.505,83.0,10.816005503945128,28.0
25.02,92.51,73.0,11.323696238973891,28.0
25.02,92.515,34.0,3.3371107053581257,28.0
25.02,92.52,76.0,4.9166653832101535,28.0
25.02,92.525,108.0,11.433146958125782,28.0
25.02,92.53,182.0,25.088429470674225,28.0
25.02,92.535,195.0,31.868854766004784,28.0
25.02,92.54,363.0,19.37728868834163,28.0
25.02,92.545,284.0,32.12934439831926,28.0
25.02,92.55,419.0,19.02515576249955,28.0
25.02,92.555,327.0,23.79851256035922,28.0
25.02,92.56,314.0,31.38319105635903,28.0
25.02,92.565,337.0,16.61135092907738,28.0
25.02,92.57,210.0,12.419832137022013,28.0
25.02,92.575,84.0,24.81511885948649,28.0
25.02,92.58,168.0,30.55500574135593,28.0
25.02,92.585,244.0,29.98759044568813,28.0
25.02,92.59,317.0,26.981412563625305,28.0
25.02,92.595,300.0,33.342971771899464,28.0
25.02,92.6,337.0,22.31753787766195,28.0
25.02,92.605,365.0,26.27370152161616,28.0
25.02,92.61,335.0,31.898739337413737,28.0
25.02,92.615,290.0,25.679765260676543,28.0
25.02,92.62,217.0,25.416327338260817,28.0
25.02,92.625,65.0,20.654513358814864,28.0
25.02,92.63,174.0,17.299107615709833,28.0
25.02,92.635,105.0,19.69992069421517,28.0
25.02,92.64,110.0,11.309932474020217,28.0
25.02,92.645,277.0,26.665582493525097,28.0
25.02,92.65,423.0,9.794256737807247,28.0
25.02,92.655,253.0,11.309932474020217,28.0
25.02,92.66,234.0,24.604470324180955,28.0
25.02,92.665,173.0,20.188249292660988,28.0
25.02,92.67,379.0,19.82702865340817,28.0
25.02,92.675,344.0,36.27471169856689,28.0
25.02,92.68,238.0,22.531087197569885,28.0
25.02,92.685,109.0,14.799223392695009,28.0
25.02,92.69,215.0,21.583791547916466,28.0
25.02,92.695,205.0,21.41379223247083,28.0
25.02,92.7,208.0,10.44746989776266,28.0
25.02,92.705,117.0,13.518284623129588,28.0
25.02,92.71,222.0,25.572953701284636,28.0
25.02,92.715,310.0,13.949652246979396,28.0
25.02,92.72,365.0,10.772508814602732,28.0
25.02,92.725,329.0,18.317585387347243,28.0
25.02,92.73,370.0,14.707665761328611,28.0
25.02,92.735,369.0,15.960899862035443,28.0
25.02,92.74,247.0,23.03548032843362,28.0
25.02,92.745,148.0,15.499145989287891,28.0
25.02,92.75,107.0,20.911829865312622,28.0
25.02,92.755,95.0,9.92227370227362,28.0
25.02,92.76,136.0,34.85133190573927,28.0
25.02,92.765,51.0,18.270716432784337,28.0
25.02,92.77,52.0,10.743403801775962,28.0
25.02,92.775,186.0,23.35182128069875,28.0
25.02,92.78,420.0,23.001208325803734,28.0
25.02,92.785,507.0,11.976725812374069,28.0
25.02,92.79,549.0,17.432620785390803,28.0
25.02,92.795,511.0,19.047414462750012,28.0
25.02,92.8,608.0,28.682327259935295,28.0
25.02,92.805,784.0,13.873369436070131,28.0
25.02,92.81,905.0,17.777117627472432,28.0
25.02,92.815,1049.0,19.6644186882119,28.0
25.02,92.82,1002.0,22.058578238434865,28.0
25.02,92.825,707.0,22.02818529494819,28.0
25.02,92.83,668.0,15.217895698464046,28.0
25.02,92.835,720.0,17.01102858617966,28.0
25.02,92.84,645.0,23.83653389078596,28.0
25.02,92.845,547.0,31.978167796689497,28.0
25.02,92.85,404.0,1.280959113423653,28.0
25.02,92.855,343.0,12.845793720311368,28.0
25.02,92.86,317.0,10.417371405393052,28.0
25.02,92.865,202.0,18.78558400320078,28.0
25.02,92.87,167.0,1.1457628381751035,28.0
25.02,92.875,171.0,24.014568349585662,28.0
25.02,92.88,211.0,10.581758987862388,28.0
25.02,92.885,353.0,16.9509599686148,28.0
25.02,92.89,433.0,13.774570975668132,28.0
25.02,92.895,364.0,24.855902210900258,28.0
25.02,92.9,402.0,17.432620785390803,28.0
25.02,92.905,359.0,11.309932474020217,28.0
25.02,92.91,205.0,22.38309884692005,28.0
25.02,92.915,137.0,25.64585580838865,28.0
25.02,92.92,210.0,26.34354279039121,28.0
25.02,92.925,124.0,18.80821273217334,28.0
25.02,92.93,135.0,4.883493424700951,28.0
25.02,92.935,119.0,9.9063692721155,28.0
25.02,92.94,203.0,5.7388854270937575,28.0
25.02,92.945,236.0,5.1742413701299474,28.0
25.02,92.95,283.0,13.14048922592315,28.0
25.02,92.955,351.0,20.89873960454897,28.0
25.02,92.96,463.0,27.110495720066897,28.0
25.02,92.965,566.0,25.76182373138194,28.0
25.02,92.97,525.0,21.30578361782877,28.0
25.02,92.975,615.0,20.473776079507815,28.0
25.02,92.98,860.0,32.11625350565669,28.0
25.02,92.985,979.0,22.20364391367852,28.0
25.02,92.99,911.0,21.363059243617435,28.0
25.02,92.995,777.0,11.648634944412732,28.0
25.025,92.5,158.0,6.889675180467723,28.0
25.025,92.505,163.0,19.1434780917466,28.0
25.025,92.51,164.0,17.248706122708775,28.0
25.025,92.515,120.0,28.261905876437847,28.0
25.025,92.52,63.0,24.396269761643275,28.0
25.025,92.525,242.0,30.694761034860772,28.0
25.025,92.53,226.0,30.72684518753863,28.0
25.025,92.535,256.0,30.348599559475677,28.0
25.025,92.54,314.0,13.14048922592315,28.0
25.025,92.545,445.0,18.255059151203536,28.0
25.025,92.55,547.0,12.604382648379184,28.0
25.025,92.555,410.0,28.037134838050477,28.0
25.025,92.56,534.0,20.001783914715947,28.0
25.025,92.565,412.0,19.69992069421517,28.0
25.025,92.57,329.0,27.21215532549541,28.0
25.025,92.575,193.0,17.695861429122893,28.0
25.025,92.58,269.0,6.379370208442803,28.0
25.025,92.585,409.0,19.485618658513864,28.0
25.025,92.59,334.0,9.398914043719726,28.0
25.025,92.595,484.0,21.881465773865425,28.0
25.025,92.6,533.0,38.01121597755541,28.0
25.025,92.605,609.0,15.0600315288688,28.0
25.025,92.61,428.0,13.093845922704302,28.0
25.025,92.615,376.0,23.66746136058434,28.0
25.025,92.62,212.0,28.0245572684822,28.0
25.025,92.625,74.0,19.973960441220324,28.0
25.025,92.63,328.0,23.771298897938955,28.0
25.025,92.635,350.0,23.357413214316196,28.0
25.025,92.64,193.0,20.358857925542072,28.0
25.025,92.645,275.0,27.902476725957808,28.0
25.025,92.65,417.0,17.16429219963367,28.0
25.025,92.655,370.0,14.207585688982292,28.0
25.025,92.66,220.0,19.40625475131371,28.0
25.025,92.665,201.0,19.121365623378026,28.0
25.025,92.67,295.0,7.662350300486558,28.0
25.025,92.675,437.0,29.26439663486011,28.0
25.025,92.68,417.0,16.253917058152773,28.0
25.025,92.685,185.0,30.57298923715231,28.0
25.025,92.69,323.0,28.422356771016563,28.0
25.025,92.695,423.0,31.54667183585484,28.0
25.025,92.7,377.0,24.014568349585662,28.0
25.025,92.705,307.0,23.273326481355983,28.0
25.025,92.71,243.0,18.80821273217334,28.0
25.025,92.715,254.0,10.98810564233957,28.0
25.025,92.72,356.0,7.599333100622036,28.0
25.025,92.725,430.0,20.654513358814864,28.0
25.025,92.73,331.0,23.68390180028396,28.0
25.025,92.735,251.0,19.721181132323412,28.0
25.025,92.74,172.0,9.398914043719726,28.0
25.025,92.745,228.0,10.537203406802927,28.0
25.025,92.75,212.0,21.633803725523855,28.0
25.025,92.755,179.0,11.91191379484262,28.0
25.025,92.76,319.0,15.537461076489713,28.0
25.025,92.765,193.0,25.05828878940444,28.0
25.025,92.77,69.0,2.0649342141827822,28.0
25.025,92.775,279.0,19.6002996778214,28.0
25.025,92.78,423.0,28.32792072776704,28.0
25.025,92.785,383.0,16.46060440228172,28.0
25.025,92.79,494.0,21.11975962495444,28.0
25.025,92.795,615.0,21.464358373859103,28.0
25.025,92.8,808.0,9.648045316098155,28.0
25.025,92.805,683.0,30.57298923715231,28.0
25.025,92.81,745.0,25.411408337849295,28.0
25.025,92.815,824.0,21.106846658709145,28.0
25.025,92.82,994.0,18.883387503340305,28.0
25.025,92.825,810.0,29.388433936169168,28.0
25.025,92.83,813.0,19.643076549430887,28.0
25.025,92.835,739.0,22.19762640166049,28.0
25.025,92.84,469.0,24.142814615048746,28.0
25.025,92.845,461.0,26.661026251394187,28.0
25.025,92.85,479.0,38.32881810145589,28.0
25.025,92.855,288.0,33.18112669516803,28.0
25.025,92.86,200.0,8.984876931685683,28.0
25.025,92.865,177.0,12.456989292435246,28.0
25.025,92.87,146.0,30.59813331847374,28.0
25.025,92.875,177.0,19.91815725240767,28.0
25.025,92.88,298.0,15.765003824114848,28.0
25.025,92.885,314.0,15.119460665411571,28.0
25.025,92.89,256.0,6.302976451652821,28.0
25.025,92.895,279.0,18.38760160290751,28.0
25.025,92.9,270.0,23.468840191747,28.0
25.025,92.905,226.0,25.833886309289184,28.0
25.025,92.91,166.0,25.153542357903422,28.0
25.025,92.915,326.0,15.651730558256704,28.0
25.025,92.92,205.0,13.186944047889988,28.0
25.025,92.925,254.0,18.41861020950385,28.0
25.025,92.93,200.0,14.707665761328611,28.0
25.025,92.935,189.0,29.983865763089387,28.0
25.025,92.94,233.0,25.4261608691452,28.0
25.025,92.945,328.0,13.244750575284366,28.0
25.025,92.95,438.0,21.71472961826232,28.0
25.025,92.955,556.0,31.300839735465235,28.0
25.025,92.96,775.0,23.132182561931256,28.0
25.025,92.965,815.0,26.67924362098057,28.0
25.025,92.97,700.0,23.716731883202687,28.0
25.025,92.975,701.0,10.816005503945128,28.0
25.025,92.98,784.0,18.58031398842556,28.0
25.025,92.985,917.0,23.001208325803734,28.0
25.025,92.99,1038.0,19.047414462750012,28.0
25.025,92.995,905.0,33.51226004829566,28.0
25.03,92.5,442.0,25.766637839257108,28.0
25.03,92.505,440.0,28.950169473762767,28.0
25.03,92.51,505.0,25.4261608691452,28.0
25.03,92.515,295.0,26.403831452301443,28.0
25.03,92.52,156.0,21.254691850269865,28.0
25.03,92.525,154.0,27.321946085497732,28.0
25.03,92.53,92.0,25.21839447028755,28.0
25.03,92.535,202.0,27.003740826820703,28.0
25.03,92.54,316.0,29.26439663486011,28.0
25.03,92.545,290.0,18.69471325052464,28.0
25.03,92.55,369.0,16.531754412834047,28.0
25.03,92.555,518.0,21.04211761970153,28.0
25.03,92.56,597.0,10.873704491297854,28.0
25.03,92.565,546.0,19.69992069421517,28.0
25.03,92.57,444.0,17.978226794147478,28.0
25.03,92.575,436.0,12.51864147468042,28.0
25.03,92.58,373.0,29.42315242477441,28.0
25.03,92.585,522.0,8.45570253780166,28.0
25.03,92.59,617.0,18.480426727831507,28.0
25.03,92.595,684.0,33.02386755579665,28.0
25.03,92.6,665.0,15.020256666513818,28.0
25.03,92.605,457.0,22.19762640166049,28.0
25.03,92.61,354.0,26.63822601008533,28.0
25.03,92.615,211.0,13.59687524180116,28.0
25.03,92.62,186.0,28.261905876437847,28.0
25.03,92.625,173.0,21.363059243617435,28.0
25.03,92.63,312.0,26.84229492949709,28.0
25.03,92.635,515.0,22.507502830396614,28.0
25.03,92.64,294.0,21.22267281307461,28.0
25.03,92.645,342.0,26.583375567168165,28.0
25.03,92.65,270.0,9.159824730595334,28.0
25.03,92.655,414.0,19.485618658513864,28.0
25.03,92.66,346.0,17.720287776093915,28.0
25.03,92.665,269.0,17.391035938698558,28.0
25.03,92.67,345.0,22.671853529325695,28.0
25.03,92.675,486.0,21.80140948635181,28.0
25.03,92.68,468.0,22.02818529494819,28.0
25.03,92.685,224.0,24.359555875506427,28.0
25.03,92.69,366.0,26.44543993107773,28.0
25.03,92.695,515.0,29.98014024152449,28.0
25.03,92.7,610.0,27.543671227301132,28.0
25.03,92.705,492.0,22.671853529325695,28.0
25.03,92.71,418.0,32.343855994532596,28.0
25.03,92.715,513.0,26.661026251394187,28.0
25.03,92.72,633.0,32.343855994532596,28.0
25.03,92.725,665.0,23.13218256193125,28.0
25.03,92.73,580.0,30.886338545176045,28.0
25.03,92.735,409.0,20.112562289669626,28.0
25.03,92.74,280.0,16.91651608571675,28.0
25.03,92.745,473.0,29.777705628761332,28.0
25.03,92.75,322.0,32.197901503434494,28.0
25.03,92.755,405.0,31.68167996685456,28.0
25.03,92.76,420.0,16.734242254624238,28.0
25.03,92.765,303.0,20.473776079507815,28.0
25.03,92.77,92.0,15.988647909217685,28.0
25.03,92.775,58.0,15.383512936117317,28.0
25.03,92.78,292.0,30.117428705869607,28.0
25.03,92.785,386.0,22.38309884692005,28.0
25.03,92.79,578.0,23.557422528871143,28.0
25.03,92.795,618.0,38.45099138670323,28.0
25.03,92.8,604.0,20.413046273156503,28.0
25.03,92.805,542.0,27.621219105430512,28.0
25.03,92.81,534.0,27.461416695574936,28.0
25.03,92.815,601.0,24.521513128068214,28.0
25.03,92.82,818.0,28.858712272146946,28.0
25.03,92.825,926.0,26.44543993107773,28.0
25.03,92.83,714.0,30.22057041476709,28.0
25.03,92.835,537.0,7.599333100622036,28.0
25.03,92.84,407.0,32.63194030642942,28.0
25.03,92.845,301.0,16.099059885706843,28.0
25.03,92.85,386.0,29.503879867313476,28.0
25.03,92.855,364.0,25.76182373138194,28.0
25.03,92.86,347.0,18.58031398842556,28.0
25.03,92.865,273.0,16.398037117968236,28.0
25.03,92.87,401.0,30.967266930053167,28.0
25.03,92.875,386.0,22.671853529325695,28.0
25.03,92.88,315.0,19.91116713616606,28.0
25.03,92.885,489.0,24.72297771719879,28.0
25.03,92.89,368.0,16.91651608571675,28.0
25.03,92.895,363.0,19.550236336404964,28.0
25.03,92.9,184.0,25.71843256387208,28.0
25.03,92.905,235.0,21.312158140079532,28.0
25.03,92.91,241.0,22.926696049813323,28.0
25.03,92.915,265.0,21.71472961826232,28.0
25.03,92.92,216.0,18.58031398842556,28.0
25.03,92.925,191.0,20.846265656650555,28.0
25.03,92.93,374.0,18.78558400320078,28.0
25.03,92.935,262.0,9.31427931090428,28.0
25.03,92.94,150.0,2.361028198348736,28.0
25.03,92.945,175.0,18.541977963997237,28.0
25.03,92.95,398.0,30.135894104649733,28.0
25.03,92.955,359.0,39.02668119773521,28.0
25.03,92.96,480.0,30.24625565345471,28.0
25.03,92.965,815.0,32.69844047927373,28.0
25.03,92.97,801.0,31.898739337413737,28.0
25.03,92.975,589.0,15.72735540025082,28.0
25.03,92.98,706.0,8.878141907487027,28.0
25.03,92.985,739.0,11.527973042352134,28.0
25.03,92.99,904.0,43.53753813736115,28.0
25.03,92.995,1096.0,9.398914043719726,28.0
25.035,92.5,562.0,35.158708927338765,28.0
25.035,92.505,681.0,7.209120586689089,28.0
25.035,92.51,513.0,20.16077098227733,28.0
25.035,92.515,365.0,19.51437258196248,28.0
25.035,92.52,271.0,24.12151143189931,28.0
25.035,92.525,328.0,25.504615436263425,28.0
25.035,92.53,277.0,24.05743134879469,28.0
25.035,92.535,111.0,1.280959113423653,28.0
25.035,92.54,166.0,26.024509243690748,28.0
25.035,92.545,315.0,23.716731883202687,28.0
25.035,92.55,472.0,20.67446261282179,28.0
25.035,92.555,410.0,16.531754412834047,28.0
25.035,92.56,643.0,11.963794805286303,28.0
25.035,92.565,662.0,16.45168408046464,28.0
25.035,92.57,543.0,5.1742413701299474,28.0
25.035,92.575,594.0,10.21937711459359,28.0
25.035,92.58,494.0,29.26439663486011,28.0
25.035,92.585,577.0,6.173484200727683,28.0
25.035,92.59,623.0,11.648634944412732,28.0
25.035,92.595,754.0,16.91651608571675,28.0
25.035,92.6,613.0,30.106339563131183,28.0
25.035,92.605,486.0,28.874654280301105,28.0
25.035,92.61,455.0,29.894220817704063,28.0
25.035,92.615,314.0,31.300839735465235,28.0
25.035,92.62,100.0,22.531087197569885,28.0
25.035,92.625,278.0,19.113987352812888,28.0
25.035,92.63,355.0,20.547670913358743,28.0
25.035,92.635,470.0,22.311564128231236,28.0
25.035,92.64,422.0,19.40625475131371,28.0
25.035,92.645,456.0,22.48979123209422,28.0
25.035,92.65,308.0,5.267518906840194,28.0
25.035,92.655,447.0,14.707665761328611,28.0
25.035,92.66,591.0,22.99548908611204,28.0
25.035,92.665,432.0,20.140129120020216,28.0
25.035,92.67,379.0,19.297336265636357,28.0
25.035,92.675,434.0,18.77803322244554,28.0
25.035,92.68,406.0,31.961651719893283,28.0
25.035,92.685,286.0,30.822725738827977,28.0
25.035,92.69,451.0,25.650704346482858,28.0
25.035,92.695,616.0,10.98810564233957,28.0
25.035,92.7,680.0,12.079616644827674,28.0
25.035,92.705,509.0,13.518284623129588,28.0
25.035,92.71,480.0,22.38309884692005,28.0
25.035,92.715,656.0,19.86214420520484,28.0
25.035,92.72,627.0,29.935368405474257,28.0
25.035,92.725,864.0,13.14048922592315,28.0
25.035,92.73,695.0,26.810717279318016,28.0
25.035,92.735,496.0,18.270716432784337,28.0
25.035,92.74,376.0,16.496226513469395,28.0
25.035,92.745,574.0,24.70756955555535,28.0
25.035,92.75,514.0,16.9509599686148,28.0
25.035,92.755,669.0,17.349325993056564,28.0
25.035,92.76,491.0,43.95765070968095,28.0
25.035,92.765,292.0,9.107717061395457,28.0
25.035,92.77,229.0,34.83192632709834,28.0
25.035,92.775,232.0,17.630515348889947,28.0
25.035,92.78,121.0,20.188249292660988,28.0
25.035,92.785,172.0,21.106846658709145,28.0
25.035,92.79,400.0,16.281058441520802,28.0
25.035,92.795,360.0,35.285982881305884,28.0
25.035,92.8,399.0,14.06855543858456,28.0
25.035,92.805,530.0,14.366056176200178,28.0
25.035,92.81,636.0,12.845793720311368,28.0
25.035,92.815,570.0,34.82637761834123,28.0
25.035,92.82,688.0,20.201969577630862,28.0
25.035,92.825,749.0,25.52905496895954,28.0
25.035,92.83,647.0,27.21215532549541,28.0
25.035,92.835,511.0,15.802543980364272,28.0
25.035,92.84,401.0,22.595761881293804,28.0
25.035,92.845,460.0,25.67976526067654,28.0
25.035,92.85,444.0,15.585195857538066,28.0
25.035,92.855,642.0,16.540621739986666,28.0
25.035,92.86,470.0,26.56963419785217,28.0
25.035,92.865,303.0,10.21937711459359,28.0
25.035,92.87,414.0,19.528728546210285,28.0
25.035,92.875,594.0,33.07027680025562,28.0
25.035,92.88,443.0,19.297336265636357,28.0
25.035,92.885,599.0,23.468840191747,28.0
25.035,92.89,423.0,27.003740826820703,28.0
25.035,92.895,339.0,20.385976479920775,28.0
25.035,92.9,204.0,11.976725812374069,28.0
25.035,92.905,264.0,24.20125277189839,28.0
25.035,92.91,378.0,4.163849943478467,28.0
25.035,92.915,210.0,17.28232754551572,28.0
25.035,92.92,188.0,2.560638973149915,28.0
25.035,92.925,379.0,26.48233660220301,28.0
25.035,92.93,343.0,35.06054243271615,28.0
25.035,92.935,222.0,17.019588322885273,28.0
25.035,92.94,276.0,16.46060440228172,28.0
25.035,92.945,399.0,23.24519815924777,28.0
25.035,92.95,323.0,,28.0
25.035,92.955,338.0,44.03136098981008,28.0
25.035,92.96,672.0,9.9063692721155,28.0
25.035,92.965,612.0,36.31525376495006,28.0
25.035,92.97,639.0,27.039402984376,28.0
25.035,92.975,649.0,22.48979123209422,28.0
25.035,92.98,492.0,19.47122063449069,28.0
25.035,92.985,695.0,18.80821273217334,28.0
25.035,92.99,729.0,22.926696049813323,28.0
25.035,92.995,1015.0,55.964978218431845,28.0
25.04,92.5,667.0,19.355526618144488,28.0
25.04,92.505,562.0,26.109567873949555,28.0
25.04,92.51,415.0,15.06995574963759,28.0
25.04,92.515,272.0,13.507014370466038,28.0
25.04,92.52,369.0,23.468840191747,28.0
25.04,92.525,500.0,17.23186464707325,28.0
25.04,92.53,272.0,14.70766576132861,28.0
25.04,92.535,262.0,23.290179541000384,28.0
25.04,92.54,105.0,13.507014370466038,28.0
25.04,92.545,198.0,12.066808999772697,28.0
25.04,92.55,355.0,20.62787340377509,28.0
25.04,92.555,453.0,30.290194899487297,28.0
25.04,92.56,606.0,33.89569606037812,28.0
25.04,92.565,675.0,11.976725812374069,28.0
25.04,92.57,448.0,17.121890324478656,28.0
25.04,92.575,567.0,16.181268131599445,28.0
25.04,92.58,581.0,4.883493424700951,28.0
25.04,92.585,574.0,18.018106824856694,28.0
25.04,92.59,648.0,10.095435505303422,28.0
25.04,92.595,763.0,16.69924423399362,28.0
25.04,92.6,538.0,16.94235714251686,28.0
25.04,92.605,533.0,20.970597195584748,28.0
25.04,92.61,418.0,27.634108302945137,28.0
25.04,92.615,339.0,24.333280202025342,28.0
25.04,92.62,178.0,17.874008470120444,28.0
25.04,92.625,275.0,16.777863072020835,28.0
25.04,92.63,250.0,10.21937711459359,28.0
25.04,92.635,373.0,21.979432647206902,28.0
25.04,92.64,311.0,25.018013664398502,28.0
25.04,92.645,460.0,18.33317422681741,28.0
25.04,92.65,385.0,22.38309884692005,28.0
25.04,92.655,475.0,22.38309884692005,28.0
25.04,92.66,564.0,26.729237185589547,28.0
25.04,92.665,548.0,29.060829788451077,28.0
25.04,92.67,448.0,13.093845922704302,28.0
25.04,92.675,587.0,16.235792010273038,28.0
25.04,92.68,357.0,24.062781161547804,28.0
25.04,92.685,301.0,9.177123708952482,28.0
25.04,92.69,478.0,20.94450636642053,28.0
25.04,92.695,464.0,18.08168200491717,28.0
25.04,92.7,633.0,23.66746136058434,28.0
25.04,92.705,703.0,15.42217279371702,28.0
25.04,92.71,631.0,23.273326481355983,28.0
25.04,92.715,661.0,23.716731883202687,28.0
25.04,92.72,730.0,22.989767773608857,28.0
25.04,92.725,840.0,6.651732748715235,28.0
25.04,92.73,730.0,23.933889354573783,28.0
25.04,92.735,519.0,18.845848864047166,28.0
25.04,92.74,510.0,26.06709398952703,28.0
25.04,92.745,655.0,12.665224630685922,28.0
25.04,92.75,696.0,22.31753787766195,28.0
25.04,92.755,776.0,5.710593137499643,28.0
25.04,92.76,542.0,14.196947417484148,28.0
25.04,92.765,381.0,27.543671227301132,28.0
25.04,92.77,432.0,29.43855949593154,28.0
25.04,92.775,345.0,20.473776079507815,28.0
25.04,92.78,120.0,33.70658681677466,28.0
25.04,92.785,171.0,10.888076838622831,28.0
25.04,92.79,251.0,26.287693674089116,28.0
25.04,92.795,429.0,22.72431726833861,28.0
25.04,92.8,529.0,39.64969660909107,28.0
25.04,92.805,481.0,36.43375781487059,28.0
25.04,92.81,389.0,5.710593137499643,28.0
25.04,92.815,493.0,26.403831452301443,28.0
25.04,92.82,627.0,23.754948389321505,28.0
25.04,92.825,756.0,23.335033643685247,28.0
25.04,92.83,706.0,22.880666760340993,28.0
25.04,92.835,576.0,11.91191379484262,28.0
25.04,92.84,482.0,22.80558119897249,28.0
25.04,92.845,591.0,26.837787558336057,28.0
25.04,92.85,626.0,24.05743134879469,28.0
25.04,92.855,546.0,20.970597195584748,28.0
25.04,92.86,493.0,28.950169473762767,28.0
25.04,92.865,489.0,23.79851256035922,28.0
25.04,92.87,461.0,25.178516216275582,28.0
25.04,92.875,590.0,21.48327791740003,28.0
25.04,92.88,663.0,14.28179453796326,28.0
25.04,92.885,680.0,35.07967693505106,28.0
25.04,92.89,494.0,8.605135268574712,28.0
25.04,92.895,415.0,21.5273333260243,28.0
25.04,92.9,352.0,11.648634944412734,28.0
25.04,92.905,248.0,2.2906100426385296,28.0
25.04,92.91,375.0,19.297336265636357,28.0
25.04,92.915,338.0,18.98798214506527,28.0
25.04,92.92,315.0,7.96961039432136,28.0
25.04,92.925,311.0,13.186944047889988,28.0
25.04,92.93,412.0,27.83473278856992,28.0
25.04,92.935,244.0,7.599333100622036,28.0
25.04,92.94,470.0,16.976735987066444,28.0
25.04,92.945,540.0,38.058925239427545,28.0
25.04,92.95,557.0,33.50022584258462,28.0
25.04,92.955,340.0,33.02386755579665,28.0
25.04,92.96,312.0,28.906492225308387,28.0
25.04,92.965,440.0,27.543671227301132,28.0
25.04,92.97,551.0,28.91046765839842,28.0
25.04,92.975,557.0,20.311282505000214,28.0
25.04,92.98,466.0,19.290046219188735,28.0
25.04,92.985,602.0,5.1742413701299474,28.0
25.04,92.99,619.0,21.106846658709145,28.0
25.04,92.995,725.0,24.604470324180955,28.0
25.045,92.5,628.0,12.456989292435246,28.0
25.045,92.505,550.0,14.366056176200178,28.0
25.045,92.51,503.0,21.04211761970153,28.0
25.045,92.515,444.0,12.456989292435246,28.0
25.045,92.52,495.0,20.813377245065748,28.0
25.045,92.525,575.0,26.88280561510016,28.0
25.045,92.53,430.0,17.630515348889947,28.0
25.045,92.535,439.0,21.48327791740003,28.0
25.045,92.54,167.0,15.26682958715123,28.0
25.045,92.545,85.0,4.609363720543608,28.0
25.045,92.55,157.0,17.257119157898394,28.0
25.045,92.555,345.0,28.074810076389895,28.0
25.045,92.56,385.0,26.783602227923566,28.0
25.045,92.565,497.0,25.996057519985634,28.0
25.045,92.57,276.0,23.273326481355983,28.0
25.045,92.575,486.0,36.254402255051694,28.0
25.045,92.58,461.0,31.961651719893283,28.0
25.045,92.585,447.0,29.205932247399417,28.0
25.045,92.59,639.0,25.587560300277683,28.0
25.045,92.595,602.0,27.461416695574936,28.0
25.045,92.6,433.0,29.74372432246605,28.0
25.045,92.605,402.0,28.30319610038818,28.0
25.045,92.61,394.0,19.47122063449069,28.0
25.045,92.615,291.0,23.491032092080957,28.0
25.045,92.62,208.0,23.424363185841766,28.0
25.045,92.625,70.0,21.30578361782877,28.0
25.045,92.63,111.0,26.606252251176382,28.0
25.045,92.635,221.0,19.355526618144488,28.0
25.045,92.64,363.0,20.140129120020212,28.0
25.045,92.645,444.0,6.504634281949114,28.0
25.045,92.65,498.0,24.22774531795417,28.0
25.045,92.655,709.0,18.034027403561364,28.0
25.045,92.66,711.0,21.8075823700646,28.0
25.045,92.665,733.0,17.299107615709833,28.0
25.045,92.67,676.0,16.91651608571675,28.0
25.045,92.675,470.0,22.989767773608857,28.0
25.045,92.68,418.0,11.872836754121412,28.0
25.045,92.685,495.0,19.550236336404964,28.0
25.045,92.69,515.0,28.028750857977528,28.0
25.045,92.695,551.0,16.838697704135715,28.0
25.045,92.7,615.0,21.89988173570756,28.0
25.045,92.705,766.0,25.76182373138194,28.0
25.045,92.71,641.0,22.671853529325695,28.0
25.045,92.715,734.0,24.312228664227604,28.0
25.045,92.72,847.0,27.02158159117704,28.0
25.045,92.725,641.0,16.91651608571675,28.0
25.045,92.73,573.0,30.12851041879753,28.0
25.045,92.735,719.0,23.890693491223985,28.0
25.045,92.74,718.0,16.317161174234332,28.0
25.045,92.745,683.0,13.093845922704302,28.0
25.045,92.75,774.0,13.949652246979396,28.0
25.045,92.755,754.0,20.54767091335874,28.0
25.045,92.76,575.0,14.666756752735052,28.0
25.045,92.765,557.0,18.317585387347243,28.0
25.045,92.77,576.0,31.276743054114192,28.0
25.045,92.775,378.0,26.44543993107773,28.0
25.045,92.78,202.0,14.910225469622969,28.0
25.045,92.785,161.0,33.61718397514411,28.0
25.045,92.79,147.0,28.261905876437847,28.0
25.045,92.795,245.0,25.253207609369632,28.0
25.045,92.8,300.0,27.0260387538073,28.0
25.045,92.805,212.0,4.465877540190299,28.0
25.045,92.81,454.0,26.109567873949555,28.0
25.045,92.815,457.0,31.186932086499553,28.0
25.045,92.82,522.0,21.40745975916796,28.0
25.045,92.825,754.0,29.74372432246605,28.0
25.045,92.83,753.0,21.30578361782877,28.0
25.045,92.835,543.0,7.428549707571748,28.0
25.045,92.84,675.0,14.302914425322813,28.0
25.045,92.845,823.0,22.834502638149456,28.0
25.045,92.85,615.0,16.45168408046464,28.0
25.045,92.855,533.0,16.208558038649098,28.0
25.045,92.86,604.0,18.58031398842556,28.0
25.045,92.865,664.0,24.27532191647999,28.0
25.045,92.87,688.0,26.583375567168165,28.0
25.045,92.875,605.0,9.449304906720505,28.0
25.045,92.88,805.0,18.98798214506527,28.0
25.045,92.885,737.0,31.60080767212232,28.0
25.045,92.89,580.0,31.033823213473173,28.0
25.045,92.895,415.0,16.389075025823413,28.0
25.045,92.9,453.0,21.930526507189803,28.0
25.045,92.905,332.0,14.03624346792648,28.0
25.045,92.91,482.0,25.87697129238931,28.0
25.045,92.915,490.0,24.359555875506427,28.0
25.045,92.92,452.0,24.70756955555535,28.0
25.045,92.925,433.0,11.91191379484262,28.0
25.045,92.93,520.0,25.411408337849295,28.0
25.045,92.935,344.0,17.874008470120444,28.0
25.045,92.94,472.0,27.94046065250578,28.0
25.045,92.945,785.0,21.100386082393715,28.0
25.045,92.95,727.0,23.491032092080957,28.0
25.045,92.955,501.0,15.26682958715123,28.0
25.045,92.96,438.0,23.890693491223985,28.0
25.045,92.965,369.0,7.599333100622036,28.0
25.045,92.97,311.0,26.02924637582836,28.0
25.045,92.975,338.0,12.964588174052748,28.0
25.045,92.98,493.0,15.736777699633285,28.0
25.045,92.985,476.0,18.457276769424013,28.0
25.045,92.99,534.0,30.191166929474495,28.0
25.045,92.995,598.0,19.471220634490695,28.0
25.05,92.5,603.0,38.59416538246031,28.0
25.05,92.505,771.0,15.886617531931096,28.0
25.05,92.51,566.0,22.9668617619454,28.0
25.05,92.515,538.0,11.648634944412732,28.0
25.05,92.52,627.0,9.159824730595334,28.0
25.05,92.525,590.0,40.10406655801229,28.0
25.05,92.53,380.0,28.822786411439576,28.0
25.05,92.535,212.0,20.050350541222016,28.0
25.05,92.54,108.0,9.090276920822324,28.0
25.05,92.545,95.0,1.811248047327972,28.0
25.05,92.55,95.0,4.044691235386269,28.0
25.05,92.555,159.0,8.896025825607326,28.0
25.05,92.56,193.0,13.774570975668132,28.0
25.05,92.565,180.0,13.949652246979396,28.0
25.05,92.57,178.0,11.157292128087049,28.0
25.05,92.575,221.0,17.752790161946685,28.0
25.05,92.58,321.0,6.889675180467723,28.0
25.05,92.585,483.0,29.924156484334752,28.0
25.05,92.59,673.0,20.050350541222016,28.0
25.05,92.595,523.0,26.024509243690748,28.0
25.05,92.6,297.0,16.777863072020835,28.0
25.05,92.605,233.0,6.379370208442804,28.0
25.05,92.61,222.0,13.71932671241174,28.0
25.05,92.615,170.0,11.648634944412732,28.0
25.05,92.62,134.0,2.560638973149915,28.0
25.05,92.625,87.0,6.147248032686261,28.0
25.05,92.63,105.0,3.837767974238014,28.0
25.05,92.635,201.0,22.29362915969408,28.0
25.05,92.64,294.0,33.36726309969391,28.0
25.05,92.645,306.0,23.468840191747,28.0
25.05,92.65,358.0,12.604382648379184,28.0
25.05,92.655,511.0,31.892102999320755,28.0
25.05,92.66,671.0,35.027687854415305,28.0
25.05,92.665,879.0,10.44746989776266,28.0
25.05,92.67,599.0,18.541977963997237,28.0
25.05,92.675,482.0,23.132182561931252,28.0
25.05,92.68,556.0,19.80591943221724,28.0
25.05,92.685,608.0,4.3551096715835795,28.0
25.05,92.69,587.0,19.485618658513864,28.0
25.05,92.695,648.0,20.94450636642053,28.0
25.05,92.7,654.0,30.117428705869607,28.0
25.05,92.705,667.0,20.050350541222016,28.0
25.05,92.71,581.0,27.513414750654828,28.0
25.05,92.715,545.0,25.253207609369632,28.0
25.05,92.72,784.0,15.97940505640506,28.0
25.05,92.725,566.0,25.26810466440916,28.0
25.05,92.73,475.0,17.248706122708775,28.0
25.05,92.735,571.0,28.666198466719468,28.0
25.05,92.74,585.0,25.178516216275582,28.0
25.05,92.745,789.0,35.03590773544886,28.0
25.05,92.75,813.0,26.194185490754055,28.0
25.05,92.755,595.0,15.42217279371702,28.0
25.05,92.76,734.0,13.14048922592315,28.0
25.05,92.765,724.0,9.245973666550688,28.0
25.05,92.77,535.0,20.813377245065748,28.0
25.05,92.775,344.0,16.46060440228172,28.0
25.05,92.78,330.0,9.107717061395457,28.0
25.05,92.785,347.0,17.16429219963367,28.0
25.05,92.79,178.0,12.713660915082892,28.0
25.05,92.795,95.0,11.157292128087049,28.0
25.05,92.8,79.0,15.585195857538066,28.0
25.05,92.805,290.0,30.36680879829025,28.0
25.05,92.81,291.0,11.378567244391917,28.0
25.05,92.815,428.0,23.018353624726977,28.0
25.05,92.82,618.0,14.738259624023955,28.0
25.05,92.825,683.0,7.051280552921114,28.0
25.05,92.83,720.0,16.317161174234332,28.0
25.05,92.835,702.0,14.28179453796326,28.0
25.05,92.84,726.0,21.61506814734454,28.0
25.05,92.845,717.0,21.41379223247083,28.0
25.05,92.85,674.0,25.833886309289184,28.0
25.05,92.855,614.0,1.1457628381751035,28.0
25.05,92.86,714.0,8.660468233028292,28.0
25.05,92.865,833.0,19.113987352812888,28.0
25.05,92.87,921.0,23.45217590413025,28.0
25.05,92.875,749.0,24.48508445803616,28.0
25.05,92.88,891.0,5.3893224751224,28.0
25.05,92.885,720.0,20.865964606031216,28.0
25.05,92.89,545.0,18.58031398842556,28.0
25.05,92.895,630.0,31.186932086499553,28.0
25.05,92.9,496.0,28.646015299576213,28.0
25.05,92.905,444.0,20.188249292660988,28.0
25.05,92.91,408.0,5.822915528381649,28.0
25.05,92.915,657.0,22.926696049813323,28.0
25.05,92.92,692.0,14.302914425322813,28.0
25.05,92.925,751.0,27.990970091758022,28.0
25.05,92.93,581.0,38.48856297086051,28.0
25.05,92.935,463.0,31.51953719901054,28.0
25.05,92.94,,,28.0
25.05,92.945,815.0,30.312120824247096,28.0
25.05,92.95,890.0,33.245445091303885,28.0
25.05,92.955,777.0,23.018353624726977,28.0
25.05,92.96,577.0,30.37044824138247,28.0
25.05,92.965,481.0,17.349325993056564,28.0
25.05,92.97,491.0,26.783602227923566,28.0
25.05,92.975,375.0,15.793169048263966,28.0
25.05,92.98,398.0,5.878250113590978,28.0
25.05,92.985,558.0,20.001783914715947,28.0
25.05,92.99,627.0,27.238572082130062,28.0
25.05,92.995,722.0,27.749659225200567,28.0
25.055,92.5,416.0,17.019588322885273,28.0
25.055,92.505,549.0,36.511444040261736,28.0
25.055,92.51,664.0,35.06054243271615,28.0
25.055,92.515,633.0,29.23713898176245,28.0
25.055,92.52,464.0,32.87759701830017,28.0
25.055,92.525,319.0,26.67924362098057,28.0
25.055,92.53,222.0,20.24989196488147,28.0
25.055,92.535,193.0,19.1434780917466,28.0
25.055,92.54,247.0,21.652516594654987,28.0
25.055,92.545,235.0,22.531087197569885,28.0
25.055,92.55,131.0,2.9189949338347145,28.0
25.055,92.555,104.0,6.2772984895975545,28.0
25.055,92.56,117.0,3.0824947102675178,28.0
25.055,92.565,123.0,4.465877540190299,28.0
25.055,92.57,141.0,4.044691235386269,28.0
25.055,92.575,207.0,10.095435505303422,28.0
25.055,92.58,215.0,13.495733280795813,28.0
25.055,92.585,389.0,17.257119157898394,28.0
25.055,92.59,441.0,21.254691850269865,28.0
25.055,92.595,398.0,21.01614897338419,28.0
25.055,92.6,289.0,12.845793720311368,28.0
25.055,92.605,201.0,9.51604741998822,28.0
25.055,92.61,165.0,6.866265885252495,28.0
25.055,92.615,154.0,6.173484200727683,28.0
25.055,92.62,98.0,0.5729386976834859,28.0
25.055,92.625,94.0,2.560638973149915,28.0
25.055,92.63,87.0,4.163849943478467,28.0
25.055,92.635,136.0,26.91873130178203,28.0
25.055,92.64,330.0,25.996057519985634,28.0
25.055,92.645,430.0,22.834502638149456,28.0
25.055,92.65,540.0,20.311282505000214,28.0
25.055,92.655,501.0,19.550236336404964,28.0
25.055,92.66,623.0,25.991310736287613,28.0
25.055,92.665,793.0,37.351484577447394,28.0
25.055,92.67,580.0,24.142814615048746,28.0
25.055,92.675,637.0,17.695861429122893,28.0
25.055,92.68,693.0,19.83405840224228,28.0
25.055,92.685,751.0,4.883493424700951,28.0
25.055,92.69,622.0,33.6798171877479,28.0
25.055,92.695,521.0,30.36680879829025,28.0
25.055,92.7,531.0,22.40687120493745,28.0
25.055,92.705,587.0,25.896083659356645,28.0
25.055,92.71,522.0,22.595761881293804,28.0
25.055,92.715,495.0,13.540792726885435,28.0
25.055,92.72,627.0,13.540792726885435,28.0
25.055,92.725,509.0,21.633803725523855,28.0
25.055,92.73,419.0,21.04211761970153,28.0
25.055,92.735,543.0,26.217612768234883,28.0
25.055,92.74,507.0,22.671853529325695,28.0
25.055,92.745,663.0,40.16563440015268,28.0
25.055,92.75,576.0,26.292355063639818,28.0
25.055,92.755,496.0,17.382703987116226,28.0
25.055,92.76,668.0,27.65127821544219,28.0
25.055,92.765,737.0,12.604382648379184,28.0
25.055,92.77,547.0,21.40745975916796,28.0
25.055,92.775,511.0,19.685730102414364,28.0
25.055,92.78,459.0,17.874008470120444,28.0
25.055,92.785,440.0,6.866265885252495,28.0
25.055,92.79,294.0,19.231594954140725,28.0
25.055,92.795,166.0,9.648045316098155,28.0
25.055,92.8,84.0,9.090276920822324,28.0
25.055,92.805,193.0,31.023332130007805,28.0
25.055,92.81,326.0,20.970597195584748,28.0
25.055,92.815,460.0,8.14812945516323,28.0
25.055,92.82,567.0,29.380708806648396,28.0
25.055,92.825,775.0,21.261087638361182,28.0
25.055,92.83,719.0,6.959412387152244,28.0
25.055,92.835,645.0,25.113503893435155,28.0
25.055,92.84,741.0,29.100172448163818,28.0
25.055,92.845,688.0,9.159824730595334,28.0
25.055,92.85,838.0,12.665224630685922,28.0
25.055,92.855,709.0,15.06995574963759,28.0
25.055,92.86,758.0,24.12151143189932,28.0
25.055,92.865,847.0,17.874008470120444,28.0
25.055,92.87,1030.0,16.94235714251686,28.0
25.055,92.875,899.0,21.50846786453591,28.0
25.055,92.88,1068.0,15.383512936117317,28.0
25.055,92.885,841.0,27.41360697987478,28.0
25.055,92.89,709.0,25.21839447028755,28.0
25.055,92.895,755.0,31.82892426072062,28.0
25.055,92.9,726.0,32.45648863664063,28.0
25.055,92.905,671.0,21.583791547916466,28.0
25.055,92.91,590.0,22.31753787766195,28.0
25.055,92.915,595.0,30.637568356882372,28.0
25.055,92.92,742.0,32.197901503434494,28.0
25.055,92.925,720.0,17.978226794147478,28.0
25.055,92.93,599.0,23.26770481005695,28.0
25.055,92.935,719.0,25.52905496895954,28.0
25.055,92.94,758.0,25.64585580838865,28.0
25.055,92.945,651.0,24.190643485947348,28.0
25.055,92.95,926.0,32.11625350565669,28.0
25.055,92.955,917.0,28.621762893645194,28.0
25.055,92.96,750.0,16.91651608571675,28.0
25.055,92.965,652.0,21.106846658709145,28.0
25.055,92.97,483.0,12.84579372031137,28.0
25.055,92.975,471.0,18.77803322244554,28.0
25.055,92.98,359.0,0.8102306720437776,28.0
25.055,92.985,555.0,32.197901503434494,28.0
25.055,92.99,677.0,19.1434780917466,28.0
25.055,92.995,836.0,13.416459891104456,28.0
25.06,92.5,287.0,0.0,28.0
25.06,92.505,420.0,24.48508445803616,28.0
25.06,92.51,385.0,23.290179541000384,28.0
25.06,92.515,499.0,20.001783914715947,28.0
25.06,92.52,474.0,15.040159724994792,28.0
25.06,92.525,436.0,19.83405840224228,28.0
25.06,92.53,466.0,21.979432647206902,28.0
25.06,92.535,554.0,,28.0
25.06,92.54,457.0,7.909161066980582,28.0
25.06,92.545,270.0,20.050350541222016,28.0
25.06,92.55,189.0,27.565248984490395,28.0
25.06,92.555,185.0,23.79851256035922,28.0
25.06,92.56,254.0,14.54321520062608,28.0
25.06,92.565,216.0,22.19762640166049,28.0
25.06,92.57,148.0,5.3893224751224,28.0
25.06,92.575,301.0,10.537203406802927,28.0
25.06,92.58,330.0,19.34826542513789,28.0
25.06,92.585,297.0,17.523671614749585,28.0
25.06,92.59,366.0,10.402286577822323,28.0
25.06,92.595,244.0,5.822915528381649,28.0
25.06,92.6,188.0,12.206865139615095,28.0
25.06,92.605,142.0,9.664408742578416,28.0
25.06,92.61,121.0,7.051280552921114,28.0
25.06,92.615,128.0,12.665224630685922,28.0
25.06,92.62,108.0,2.862405226111748,28.0
25.06,92.625,119.0,5.3893224751224,28.0
25.06,92.63,105.0,4.609363720543608,28.0
25.06,92.635,127.0,15.119460665411577,28.0
25.06,92.64,204.0,16.208558038649098,28.0
25.06,92.645,282.0,28.028750857977528,28.0
25.06,92.65,258.0,25.411408337849288,28.0
25.06,92.655,369.0,31.505953138152577,28.0
25.06,92.66,534.0,29.595659805604612,28.0
25.06,92.665,598.0,32.06706985148497,28.0
25.06,92.67,412.0,18.883387503340305,28.0
25.06,92.675,472.0,26.12370130504621,28.0
25.06,92.68,580.0,16.235792010273038,28.0
25.06,92.685,697.0,23.245198159247774,28.0
25.06,92.69,465.0,22.72431726833861,28.0
25.06,92.695,337.0,8.697149365003282,28.0
25.06,92.7,388.0,18.018106824856694,28.0
25.06,92.705,417.0,13.895214125297697,28.0
25.06,92.71,333.0,9.245973666550688,28.0
25.06,92.715,553.0,39.61071022630609,28.0
25.06,92.72,490.0,25.26810466440916,28.0
25.06,92.725,450.0,18.480426727831507,28.0
25.06,92.73,287.0,18.38760160290751,28.0
25.06,92.735,326.0,18.041980981737503,28.0
25.06,92.74,341.0,6.504634281949114,28.0
25.06,92.745,433.0,26.88280561510016,28.0
25.06,92.75,445.0,6.959412387152244,28.0
25.06,92.755,406.0,12.84579372031137,28.0
25.06,92.76,488.0,23.132182561931252,28.0
25.06,92.765,726.0,18.457276769424013,28.0
25.06,92.77,607.0,14.302914425322813,28.0
25.06,92.775,634.0,21.954998832237575,28.0
25.06,92.78,637.0,29.28772462169229,28.0
25.06,92.785,615.0,4.609363720543608,28.0
25.06,92.79,389.0,12.117948587036471,28.0
25.06,92.795,278.0,24.74862531519583,28.0
25.06,92.8,141.0,26.14722986183188,28.0
25.06,92.805,121.0,8.049466975528398,28.0
25.06,92.81,228.0,8.984876931685683,28.0
25.06,92.815,436.0,16.708002222639085,28.0
25.06,92.82,574.0,39.451703072600466,28.0
25.06,92.825,791.0,16.235792010273038,28.0
25.06,92.83,816.0,25.572953701284636,28.0
25.06,92.835,578.0,24.312228664227604,28.0
25.06,92.84,539.0,24.97258393272332,28.0
25.06,92.845,678.0,25.781071626671828,28.0
25.06,92.85,857.0,26.837787558336057,28.0
25.06,92.855,859.0,23.03548032843362,28.0
25.06,92.86,980.0,27.356924802812937,28.0
25.06,92.865,966.0,11.22695812387902,28.0
25.06,92.87,1074.0,20.33169040453783,28.0
25.06,92.875,1091.0,23.754948389321505,28.0
25.06,92.88,1001.0,6.84277341263094,28.0
25.06,92.885,1020.0,20.67446261282179,28.0
25.06,92.89,1028.0,27.634108302945137,28.0
25.06,92.895,781.0,30.868692862842128,28.0
25.06,92.9,974.0,22.874903636798493,28.0
25.06,92.905,964.0,13.585680087733436,28.0
25.06,92.91,652.0,30.424943995075456,28.0
25.06,92.915,965.0,21.633803725523855,28.0
25.06,92.92,946.0,23.468840191747,28.0
25.06,92.925,912.0,30.744642849699108,28.0
25.06,92.93,928.0,16.9509599686148,28.0
25.06,92.935,862.0,23.09243561667001,28.0
25.06,92.94,853.0,22.811369738436177,28.0
25.06,92.945,777.0,26.34354279039121,28.0
25.06,92.95,864.0,17.05377386638326,28.0
25.06,92.955,1079.0,22.78820279770908,28.0
25.06,92.96,966.0,18.641439944547074,28.0
25.06,92.965,655.0,29.894220817704063,28.0
25.06,92.97,641.0,32.83690827674361,28.0
25.06,92.975,638.0,32.42117275635727,28.0
25.06,92.98,437.0,17.695861429122893,28.0
25.06,92.985,429.0,10.888076838622831,28.0
25.06,92.99,596.0,33.43690087037759,28.0
25.06,92.995,706.0,5.111089695288715,28.0
25.065,92.5,248.0,20.94450636642053,28.0
25.065,92.505,241.0,8.896025825607326,28.0
25.065,92.51,384.0,15.217895698464046,28.0
25.065,92.515,534.0,22.317537877661955,28.0
25.065,92.52,542.0,20.94450636642053,28.0
25.065,92.525,613.0,15.149071220451717,28.0
25.065,92.53,661.0,16.9509599686148,28.0
25.065,92.535,530.0,23.402077887495174,28.0
25.065,92.54,335.0,18.641439944547074,28.0
25.065,92.545,343.0,7.9896532960303395,28.0
25.065,92.55,380.0,24.604470324180955,28.0
25.065,92.555,220.0,14.829594234049214,28.0
25.065,92.56,326.0,12.964588174052748,28.0
25.065,92.565,424.0,4.609363720543608,28.0
25.065,92.57,329.0,35.2697906805233,28.0
25.065,92.575,217.0,9.51604741998822,28.0
25.065,92.58,378.0,25.684603702526804,28.0
25.065,92.585,344.0,8.697149365003282,28.0
25.065,92.59,363.0,7.493070705420571,28.0
25.065,92.595,437.0,10.888076838622831,28.0
25.065,92.6,419.0,14.302914425322813,28.0
25.065,92.605,242.0,6.504634281949115,28.0
25.065,92.61,266.0,24.233038579757753,28.0
25.065,92.615,158.0,15.81191219488406,28.0
25.065,92.62,129.0,5.96026196814625,28.0
25.065,92.625,110.0,4.124518139862882,28.0
25.065,92.63,106.0,1.1457628381751035,28.0
25.065,92.635,106.0,5.1742413701299474,28.0
25.065,92.64,144.0,17.695861429122893,28.0
25.065,92.645,233.0,16.9509599686148,28.0
25.065,92.65,227.0,23.149186435359432,28.0
25.065,92.655,279.0,29.013494642380795,28.0
25.065,92.66,392.0,33.986515662302416,28.0
25.065,92.665,456.0,36.04731197223408,28.0
25.065,92.67,310.0,14.28179453796326,28.0
25.065,92.675,331.0,15.793169048263966,28.0
25.065,92.68,354.0,6.302976451652821,28.0
25.065,92.685,397.0,13.686056323998818,28.0
25.065,92.69,351.0,10.44746989776266,28.0
25.065,92.695,324.0,10.931069451588014,28.0
25.065,92.7,295.0,6.379370208442803,28.0
25.065,92.705,279.0,6.454830247455114,28.0
25.065,92.71,254.0,2.9189949338347145,28.0
25.065,92.715,300.0,10.21937711459359,28.0
25.065,92.72,306.0,27.651278215442197,28.0
25.065,92.725,376.0,18.69471325052464,28.0
25.065,92.73,430.0,2.361028198348736,28.0
25.065,92.735,227.0,3.3371107053581257,28.0
25.065,92.74,251.0,22.347372412787248,28.0
25.065,92.745,229.0,7.7455377836318355,28.0
25.065,92.75,313.0,0.8102306720437776,28.0
25.065,92.755,351.0,7.428549707571748,28.0
25.065,92.76,374.0,20.62787340377509,28.0
25.065,92.765,634.0,41.248380203386034,28.0
25.065,92.77,618.0,34.75128412073402,28.0
25.065,92.775,676.0,32.41795846227693,28.0
25.065,92.78,849.0,18.034027403561364,28.0
25.065,92.785,657.0,19.1434780917466,28.0
25.065,92.79,531.0,14.799223392695009,28.0
25.065,92.795,303.0,22.101028844856764,28.0
25.065,92.8,191.0,14.910225469622969,28.0
25.065,92.805,97.0,7.641405059952685,28.0
25.065,92.81,219.0,30.54420624854054,28.0
25.065,92.815,270.0,12.749851295121235,28.0
25.065,92.82,414.0,31.39687644298045,28.0
25.065,92.825,,,28.0
25.065,92.83,909.0,31.311156133255544,28.0
25.065,92.835,497.0,28.30319610038818,28.0
25.065,92.84,394.0,9.648045316098155,28.0
25.065,92.845,553.0,31.90868884051998,28.0
25.065,92.85,745.0,34.85410224097107,28.0
25.065,92.855,982.0,32.32770254503532,28.0
25.065,92.86,968.0,38.01121597755541,28.0
25.065,92.865,1013.0,37.99300307749674,28.0
25.065,92.87,1261.0,26.217612768234883,28.0
25.065,92.875,1243.0,12.713660915082892,28.0
25.065,92.88,1153.0,15.06995574963759,28.0
25.065,92.885,1163.0,13.540792726885435,28.0
25.065,92.89,1018.0,22.601628197355133,28.0
25.065,92.895,1007.0,20.78041748766358,28.0
25.065,92.9,1060.0,12.370093432433936,28.0
25.065,92.905,845.0,23.132182561931252,28.0
25.065,92.91,770.0,13.71932671241174,28.0
25.065,92.915,964.0,27.238572082130062,28.0
25.065,92.92,1146.0,28.91046765839842,28.0
25.065,92.925,1134.0,25.470338194916117,28.0
25.065,92.93,930.0,21.254691850269865,28.0
25.065,92.935,951.0,25.372002567423127,28.0
25.065,92.94,991.0,15.276593911816503,28.0
25.065,92.945,1012.0,21.954998832237575,28.0
25.065,92.95,1075.0,18.58031398842556,28.0
25.065,92.955,1125.0,20.365642146706307,28.0
25.065,92.96,1075.0,44.71354526335782,28.0
25.065,92.965,902.0,32.06706985148497,28.0
25.065,92.97,761.0,17.849848259878947,28.0
25.065,92.975,654.0,21.464358373859103,28.0
25.065,92.98,462.0,24.285875363835967,28.0
25.065,92.985,469.0,31.245709865923228,28.0
25.065,92.99,713.0,32.67313877016891,28.0
25.065,92.995,806.0,33.966052070509846,28.0
25.07,92.5,265.0,17.16429219963367,28.0
25.07,92.505,347.0,13.949652246979396,28.0
25.07,92.51,326.0,19.86214420520484,28.0
25.07,92.515,357.0,9.36515852576206,28.0
25.07,92.52,414.0,12.713660915082892,28.0
25.07,92.525,579.0,29.017444420148852,28.0
25.07,92.53,665.0,21.7085195733847,28.0
25.07,92.535,506.0,15.651730558256707,28.0
25.07,92.54,432.0,18.33317422681741,28.0
25.07,92.545,456.0,17.121890324478656,28.0
25.07,92.55,445.0,32.12934439831926,28.0
25.07,92.555,200.0,6.936247607063137,28.0
25.07,92.56,345.0,5.96026196814625,28.0
25.07,92.565,451.0,14.37654823502028,28.0
25.07,92.57,549.0,16.540621739986666,28.0
25.07,92.575,233.0,8.284177231157289,28.0
25.07,92.58,430.0,26.217612768234883,28.0
25.07,92.585,526.0,8.398938982096263,28.0
25.07,92.59,478.0,27.0260387538073,28.0
25.07,92.595,483.0,11.794248902093369,28.0
25.07,92.6,432.0,8.089084126141794,28.0
25.07,92.605,392.0,13.60805977475334,28.0
25.07,92.61,287.0,17.978226794147478,28.0
25.07,92.615,178.0,18.16075212819556,28.0
25.07,92.62,282.0,14.37654823502028,28.0
25.07,92.625,161.0,12.079616644827674,28.0
25.07,92.63,143.0,9.24597366655069,28.0
25.07,92.635,116.0,8.824258606545213,28.0
25.07,92.64,200.0,8.14812945516323,28.0
25.07,92.645,265.0,6.302976451652821,28.0
25.07,92.65,161.0,5.142764557884242,28.0
25.07,92.655,196.0,7.40691212849523,28.0
25.07,92.66,213.0,5.419335736411587,28.0
25.07,92.665,213.0,15.793169048263966,28.0
25.07,92.67,239.0,15.988647909217685,28.0
25.07,92.675,262.0,11.143301269215591,28.0
25.07,92.68,352.0,20.846265656650555,28.0
25.07,92.685,339.0,10.04852985013406,28.0
25.07,92.69,283.0,5.267518906840194,28.0
25.07,92.695,268.0,3.0824947102675178,28.0
25.07,92.7,262.0,0.8102306720437776,28.0
25.07,92.705,258.0,1.811248047327972,28.0
25.07,92.71,252.0,1.1457628381751035,28.0
25.07,92.715,265.0,8.284177231157289,28.0
25.07,92.72,254.0,4.573921259900861,28.0
25.07,92.725,237.0,4.609363720543608,28.0
25.07,92.73,222.0,8.14812945516323,28.0
25.07,92.735,211.0,2.0649342141827822,28.0
25.07,92.74,215.0,5.267518906840194,28.0
25.07,92.745,218.0,12.51864147468042,28.0
25.07,92.75,200.0,7.051280552921114,28.0
25.07,92.755,201.0,9.713320968615797,28.0
25.07,92.76,310.0,15.765003824114848,28.0
25.07,92.765,405.0,31.033823213473173,28.0
25.07,92.77,340.0,20.911829865312622,28.0
25.07,92.775,466.0,38.57661418303356,28.0
25.07,92.78,648.0,42.92943091217646,28.0
25.07,92.785,733.0,38.99251616169748,28.0
25.07,92.79,581.0,13.540792726885435,28.0
25.07,92.795,404.0,24.27532191647999,28.0
25.07,92.8,233.0,21.41379223247083,28.0
25.07,92.805,112.0,4.609363720543608,28.0
25.07,92.81,209.0,16.94235714251686,28.0
25.07,92.815,313.0,29.618525422233592,28.0
25.07,92.82,505.0,22.14940249347011,28.0
25.07,92.825,643.0,27.304428776436175,28.0
25.07,92.83,861.0,20.311282505000214,28.0
25.07,92.835,562.0,17.687709838076103,28.0
25.07,92.84,295.0,18.255059151203536,28.0
25.07,92.845,361.0,19.471220634490695,28.0
25.07,92.85,581.0,28.124910188034836,28.0
25.07,92.855,702.0,32.011150403650234,28.0
25.07,92.86,653.0,34.56060959108066,28.0
25.07,92.865,837.0,35.07421223612796,28.0
25.07,92.87,1081.0,28.629850987034818,28.0
25.07,92.875,942.0,27.426659782438396,28.0
25.07,92.88,1039.0,32.197901503434494,28.0
25.07,92.885,1213.0,13.186944047889988,28.0
25.07,92.89,1226.0,6.866265885252495,28.0
25.07,92.895,1212.0,11.91191379484262,28.0
25.07,92.9,1163.0,22.671853529325695,28.0
25.07,92.905,1013.0,23.132182561931256,28.0
25.07,92.91,958.0,19.86214420520484,28.0
25.07,92.915,1136.0,28.124910188034836,28.0
25.07,92.92,1187.0,18.69471325052464,28.0
25.07,92.925,1213.0,25.113503893435155,28.0
25.07,92.93,1054.0,15.06995574963759,28.0
25.07,92.935,1065.0,19.86214420520484,28.0
25.07,92.94,1148.0,17.35767803462991,28.0
25.07,92.945,1008.0,30.555005741355924,28.0
25.07,92.95,1168.0,25.10849211553709,28.0
25.07,92.955,1080.0,27.6984033483547,28.0
25.07,92.96,1005.0,31.245709865923228,28.0
25.07,92.965,982.0,31.190395397802924,28.0
25.07,92.97,778.0,31.898739337413737,28.0
25.07,92.975,642.0,29.983865763089387,28.0
25.07,92.98,539.0,22.584022665489456,28.0
25.07,92.985,457.0,12.066808999772697,28.0
25.07,92.99,474.0,14.334526006829275,28.0
25.07,92.995,567.0,19.34826542513789,28.0
25.075,92.5,250.0,7.599333100622036,28.0
25.075,92.505,307.0,15.354441513180229,28.0
25.075,92.51,466.0,16.172159015782555,28.0
25.075,92.515,487.0,26.71561769840941,28.0
25.075,92.52,532.0,11.323696238973891,28.0
25.075,92.525,550.0,16.531754412834047,28.0
25.075,92.53,717.0,5.267518906840194,28.0
25.075,92.535,571.0,17.630515348889947,28.0
25.075,92.54,580.0,14.666756752735052,28.0
25.075,92.545,579.0,11.648634944412732,28.0
25.075,92.55,455.0,15.765003824114848,28.0
25.075,92.555,253.0,14.079306913753854,28.0
25.075,92.56,370.0,23.132182561931252,28.0
25.075,92.565,474.0,23.68390180028396,28.0
25.075,92.57,430.0,6.379370208442803,28.0
25.075,92.575,288.0,14.302914425322813,28.0
25.075,92.58,404.0,23.716731883202687,28.0
25.075,92.585,574.0,21.78287605629714,28.0
25.075,92.59,685.0,10.816005503945128,28.0
25.075,92.595,644.0,24.359555875506427,28.0
25.075,92.6,434.0,24.24890789301412,28.0
25.075,92.605,243.0,14.03624346792648,28.0
25.075,92.61,192.0,23.77129889793896,28.0
25.075,92.615,319.0,14.707665761328611,28.0
25.075,92.62,364.0,11.963794805286303,28.0
25.075,92.625,333.0,16.70800222263908,28.0
25.075,92.63,297.0,22.666013397863924,28.0
25.075,92.635,159.0,19.528728546210285,28.0
25.075,92.64,209.0,26.12370130504621,28.0
25.075,92.645,258.0,13.949652246979396,28.0
25.075,92.65,218.0,12.84579372031137,28.0
25.075,92.655,296.0,16.281058441520802,28.0
25.075,92.66,273.0,9.713320968615797,28.0
25.075,92.665,218.0,10.44746989776266,28.0
25.075,92.67,229.0,9.92227370227362,28.0
25.075,92.675,268.0,14.37654823502028,28.0
25.075,92.68,273.0,3.2376881462291047,28.0
25.075,92.685,298.0,7.909161066980582,28.0
25.075,92.69,316.0,8.049466975528398,28.0
25.075,92.695,307.0,8.45570253780166,28.0
25.075,92.7,287.0,3.0824947102675178,28.0
25.075,92.705,278.0,3.6188832299832416,28.0
25.075,92.71,347.0,3.0824947102675178,28.0
25.075,92.715,298.0,3.663718325999619,28.0
25.075,92.72,271.0,2.429397114363021,28.0
25.075,92.725,237.0,4.044691235386269,28.0
25.075,92.73,226.0,4.163849943478467,28.0
25.075,92.735,291.0,6.889675180467723,28.0
25.075,92.74,283.0,9.51604741998822,28.0
25.075,92.745,235.0,9.648045316098155,28.0
25.075,92.75,213.0,1.280959113423653,28.0
25.075,92.755,191.0,14.910225469622969,28.0
25.075,92.76,221.0,7.493070705420571,28.0
25.075,92.765,229.0,16.838697704135715,28.0
25.075,92.77,183.0,26.403831452301443,28.0
25.075,92.775,367.0,31.51953719901054,28.0
25.075,92.78,397.0,24.285875363835967,28.0
25.075,92.785,403.0,21.61506814734454,28.0
25.075,92.79,553.0,33.110392322486426,28.0
25.075,92.795,368.0,33.854514812620515,28.0
25.075,92.8,275.0,53.48617196929293,28.0
25.075,92.805,106.0,8.206727073997664,28.0
25.075,92.81,95.0,2.361028198348736,28.0
25.075,92.815,254.0,17.695861429122893,28.0
25.075,92.82,400.0,26.67924362098057,28.0
25.075,92.825,530.0,24.24890789301412,28.0
25.075,92.83,637.0,30.24625565345471,28.0
25.075,92.835,440.0,13.873369436070131,28.0
25.075,92.84,298.0,15.680141406453098,28.0
25.075,92.845,299.0,20.00178391471595,28.0
25.075,92.85,393.0,15.81191219488406,28.0
25.075,92.855,502.0,36.97467216122848,28.0
25.075,92.86,739.0,15.217895698464046,28.0
25.075,92.865,796.0,24.65094662675764,28.0
25.075,92.87,915.0,32.53008701354238,28.0
25.075,92.875,720.0,5.267518906840194,28.0
25.075,92.88,917.0,27.304428776436175,28.0
25.075,92.885,1221.0,20.813377245065748,28.0
25.075,92.89,1309.0,27.304428776436175,28.0
25.075,92.895,1319.0,12.419832137022013,28.0
25.075,92.9,1181.0,16.208558038649098,28.0
25.075,92.905,1128.0,16.389075025823413,28.0
25.075,92.91,1103.0,15.42217279371702,28.0
25.075,92.915,1182.0,15.06995574963759,28.0
25.075,92.92,1293.0,14.666756752735052,28.0
25.075,92.925,1270.0,17.257119157898394,28.0
25.075,92.93,1210.0,19.86214420520484,28.0
25.075,92.935,1171.0,17.28232754551572,28.0
25.075,92.94,1089.0,35.32908313599966,28.0
25.075,92.945,876.0,12.456989292435246,28.0
25.075,92.95,1077.0,30.410429343694716,28.0
25.075,92.955,1121.0,28.385467865729964,28.0
25.075,92.96,876.0,27.4787676491941,28.0
25.075,92.965,931.0,23.672943392302237,28.0
25.075,92.97,954.0,19.925144089647365,28.0
25.075,92.975,663.0,25.54858015930156,28.0
25.075,92.98,460.0,19.31918469252796,28.0
25.075,92.985,564.0,13.37091809860972,28.0
25.075,92.99,573.0,12.156145050965591,28.0
25.075,92.995,643.0,19.925144089647365,28.0
25.08,92.5,349.0,18.69471325052464,28.0
25.08,92.505,387.0,15.81191219488406,28.0
25.08,92.51,452.0,28.062261227009017,28.0
25.08,92.515,621.0,26.371395953204264,28.0
25.08,92.52,690.0,18.38760160290751,28.0
25.08,92.525,736.0,17.231864647073255,28.0
25.08,92.53,747.0,17.223436191131462,28.0
25.08,92.535,712.0,18.898375796512653,28.0
25.08,92.54,542.0,18.883387503340305,28.0
25.08,92.545,368.0,25.54858015930156,28.0
25.08,92.55,337.0,10.931069451588014,28.0
25.08,92.555,390.0,19.464016342661992,28.0
25.08,92.56,452.0,25.36707011065046,28.0
25.08,92.565,563.0,10.44746989776266,28.0
25.08,92.57,501.0,23.132182561931252,28.0
25.08,92.575,330.0,5.111089695288715,28.0
25.08,92.58,510.0,16.61135092907738,28.0
25.08,92.585,611.0,22.80558119897249,28.0
25.08,92.59,685.0,12.999985665815318,28.0
25.08,92.595,568.0,18.08168200491717,28.0
25.08,92.6,412.0,21.583791547916466,28.0
25.08,92.605,248.0,8.45570253780166,28.0
25.08,92.61,380.0,26.4592859363578,28.0
25.08,92.615,385.0,17.01102858617966,28.0
25.08,92.62,527.0,6.06783785083067,28.0
25.08,92.625,428.0,13.895214125297697,28.0
25.08,92.63,273.0,22.72431726833861,28.0
25.08,92.635,327.0,19.047414462750012,28.0
25.08,92.64,398.0,11.648634944412732,28.0
25.08,92.645,288.0,20.140129120020216,28.0
25.08,92.65,363.0,18.041980981737503,28.0
25.08,92.655,417.0,15.06995574963759,28.0
25.08,92.66,381.0,20.846265656650555,28.0
25.08,92.665,394.0,22.834502638149456,28.0
25.08,92.67,358.0,24.95235189036929,28.0
25.08,92.675,373.0,6.06783785083067,28.0
25.08,92.68,346.0,21.5273333260243,28.0
25.08,92.685,378.0,12.156145050965591,28.0
25.08,92.69,428.0,9.159824730595334,28.0
25.08,92.695,390.0,20.358857925542072,28.0
25.08,92.7,411.0,15.585195857538066,28.0
25.08,92.705,347.0,13.895214125297697,28.0
25.08,92.71,387.0,9.398914043719726,28.0
25.08,92.715,316.0,18.270716432784337,28.0
25.08,92.72,276.0,8.896025825607326,28.0
25.08,92.725,286.0,6.866265885252495,28.0
25.08,92.73,313.0,9.36515852576206,28.0
25.08,92.735,351.0,3.837767974238014,28.0
25.08,92.74,320.0,11.59517961733378,28.0
25.08,92.745,240.0,3.2376881462291047,28.0
25.08,92.75,237.0,3.6188832299832416,28.0
25.08,92.755,249.0,2.2906100426385296,28.0
25.08,92.76,251.0,2.9189949338347145,28.0
25.08,92.765,246.0,2.0649342141827822,28.0
25.08,92.77,224.0,2.0649342141827822,28.0
25.08,92.775,197.0,2.862405226111748,28.0
25.08,92.78,162.0,10.537203406802927,28.0
25.08,92.785,204.0,16.317161174234332,28.0
25.08,92.79,247.0,26.48233660220301,28.0
25.08,92.795,163.0,12.419832137022013,28.0
25.08,92.8,109.0,7.909161066980582,28.0
25.08,92.805,241.0,22.19160656627279,28.0
25.08,92.81,200.0,9.24597366655069,28.0
25.08,92.815,263.0,8.896025825607326,28.0
25.08,92.82,264.0,22.02209957077959,28.0
25.08,92.825,329.0,7.909161066980582,28.0
25.08,92.83,403.0,20.358857925542072,28.0
25.08,92.835,385.0,8.697149365003282,28.0
25.08,92.84,226.0,8.605135268574712,28.0
25.08,92.845,253.0,8.842258533397425,28.0
25.08,92.85,345.0,7.7455377836318355,28.0
25.08,92.855,407.0,23.62353705226748,28.0
25.08,92.86,456.0,23.273326481355983,28.0
25.08,92.865,780.0,27.039402984376,28.0
25.08,92.87,630.0,24.317494136848023,28.0
25.08,92.875,787.0,38.69470588005897,28.0
25.08,92.88,1116.0,24.51631407954091,28.0
25.08,92.885,1175.0,21.954998832237575,28.0
25.08,92.89,1003.0,39.35384148704363,28.0
25.08,92.895,,,28.0
25.08,92.9,1142.0,48.8659044186812,28.0
25.08,92.905,1272.0,30.97077658259356,28.0
25.08,92.91,1082.0,41.377103607212106,28.0
25.08,92.915,1231.0,49.32454183275217,28.0
25.08,92.92,1212.0,40.34103875638507,28.0
25.08,92.925,1273.0,28.30319610038818,28.0
25.08,92.93,1360.0,11.87283675412141,28.0
25.08,92.935,1122.0,46.27728173973144,28.0
25.08,92.94,868.0,26.67924362098057,28.0
25.08,92.945,714.0,16.208558038649098,28.0
25.08,92.95,933.0,18.41861020950385,28.0
25.08,92.955,1084.0,15.040159724994792,28.0
25.08,92.96,976.0,34.61692257853977,28.0
25.08,92.965,689.0,12.370093432433936,28.0
25.08,92.97,651.0,18.270716432784337,28.0
25.08,92.975,588.0,25.178516216275582,28.0
25.08,92.98,580.0,23.933889354573783,28.0
25.08,92.985,564.0,22.38904532449576,28.0
25.08,92.99,778.0,16.55833888459116,28.0
25.08,92.995,763.0,18.270716432784337,28.0
25.085,92.5,385.0,16.742977650935924,28.0
25.085,92.505,521.0,22.19160656627279,28.0
25.085,92.51,557.0,25.4261608691452,28.0
25.085,92.515,510.0,13.518284623129588,28.0
25.085,92.52,625.0,26.44543993107773,28.0
25.085,92.525,824.0,17.817569982561537,28.0
25.085,92.53,940.0,15.06995574963759,28.0
25.085,92.535,808.0,28.32792072776704,28.0
25.085,92.54,594.0,23.847380515387343,28.0
25.085,92.545,593.0,19.721181132323412,28.0
25.085,92.55,564.0,18.08168200491717,28.0
25.085,92.555,558.0,22.874903636798493,28.0
25.085,92.56,627.0,18.41861020950385,28.0
25.085,92.565,629.0,34.44739612830573,28.0
25.085,92.57,703.0,23.66746136058434,28.0
25.085,92.575,537.0,24.03601419940415,28.0
25.085,92.58,600.0,31.852228800633767,28.0
25.085,92.585,711.0,17.391035938698558,28.0
25.085,92.59,634.0,14.880049387383034,28.0
25.085,92.595,503.0,20.865964606031216,28.0
25.085,92.6,449.0,16.253917058152773,28.0
25.085,92.605,358.0,13.17534790222412,28.0
25.085,92.61,559.0,39.36428158957994,28.0
25.085,92.615,627.0,8.45570253780166,28.0
25.085,92.62,604.0,14.03624346792648,28.0
25.085,92.625,522.0,26.403831452301443,28.0
25.085,92.63,523.0,24.83042469288418,28.0
25.085,92.635,534.0,13.774570975668132,28.0
25.085,92.64,625.0,19.290046219188735,28.0
25.085,92.645,435.0,16.17215901578255,28.0
25.085,92.65,526.0,13.12884614937404,28.0
25.085,92.655,625.0,22.584022665489456,28.0
25.085,92.66,477.0,10.095435505303422,28.0
25.085,92.665,606.0,9.9063692721155,28.0
25.085,92.67,551.0,15.383512936117317,28.0
25.085,92.675,461.0,13.37091809860972,28.0
25.085,92.68,501.0,20.050350541222016,28.0
25.085,92.685,610.0,22.29362915969408,28.0
25.085,92.69,626.0,21.826086273528343,28.0
25.085,92.695,649.0,23.890693491223985,28.0
25.085,92.7,475.0,10.888076838622831,28.0
25.085,92.705,545.0,21.881465773865425,28.0
25.085,92.71,560.0,24.81511885948649,28.0
25.085,92.715,464.0,22.406871204937445,28.0
25.085,92.72,442.0,22.666013397863924,28.0
25.085,92.725,334.0,11.63529670109765,28.0
25.085,92.73,383.0,21.12621202019002,28.0
25.085,92.735,354.0,6.889675180467723,28.0
25.085,92.74,299.0,5.878250113590978,28.0
25.085,92.745,306.0,12.713660915082892,28.0
25.085,92.75,314.0,9.159824730595334,28.0
25.085,92.755,286.0,3.6188832299832416,28.0
25.085,92.76,288.0,2.560638973149915,28.0
25.085,92.765,263.0,2.361028198348736,28.0
25.085,92.77,238.0,2.862405226111748,28.0
25.085,92.775,205.0,4.3551096715835795,28.0
25.085,92.78,177.0,5.267518906840194,28.0
25.085,92.785,150.0,4.573921259900861,28.0
25.085,92.79,129.0,1.280959113423653,28.0
25.085,92.795,111.0,3.663718325999619,28.0
25.085,92.8,104.0,4.163849943478467,28.0
25.085,92.805,145.0,33.245445091303885,28.0
25.085,92.81,131.0,16.890625981975184,28.0
25.085,92.815,139.0,5.878250113590978,28.0
25.085,92.82,188.0,11.63529670109765,28.0
25.085,92.825,263.0,7.599333100622036,28.0
25.085,92.83,258.0,10.34170762418876,28.0
25.085,92.835,326.0,6.651732748715235,28.0
25.085,92.84,202.0,16.91651608571675,28.0
25.085,92.845,221.0,14.03624346792648,28.0
25.085,92.85,242.0,11.446746863908654,28.0
25.085,92.855,286.0,9.24597366655069,28.0
25.085,92.86,391.0,15.793169048263966,28.0
25.085,92.865,493.0,18.58031398842556,28.0
25.085,92.87,487.0,30.058200512399605,28.0
25.085,92.875,875.0,37.84654004071,28.0
25.085,92.88,929.0,36.49393483561564,28.0
25.085,92.885,973.0,19.685730102414364,28.0
25.085,92.89,713.0,34.5577888231175,28.0
25.085,92.895,852.0,29.618525422233592,28.0
25.085,92.9,735.0,24.142814615048746,28.0
25.085,92.905,997.0,13.71932671241174,28.0
25.085,92.91,829.0,22.347372412787248,28.0
25.085,92.915,,,28.0
25.085,92.92,1071.0,12.999985665815318,28.0
25.085,92.925,844.0,34.675842311411365,28.0
25.085,92.93,1071.0,30.191166929474495,28.0
25.085,92.935,889.0,27.0260387538073,28.0
25.085,92.94,706.0,23.171829876153083,28.0
25.085,92.945,669.0,26.14722986183188,28.0
25.085,92.95,931.0,23.468840191747,28.0
25.085,92.955,1077.0,16.389075025823413,28.0
25.085,92.96,898.0,29.511547680926455,28.0
25.085,92.965,881.0,27.69840334835469,28.0
25.085,92.97,777.0,9.449304906720505,28.0
25.085,92.975,857.0,33.82208521749396,28.0
25.085,92.98,745.0,23.149186435359432,28.0
25.085,92.985,744.0,41.676265474602594,28.0
25.085,92.99,816.0,48.36280728649757,28.0
25.085,92.995,1048.0,24.74862531519583,28.0
25.09,92.5,437.0,23.273326481355983,28.0
25.09,92.505,573.0,8.605135268574712,28.0
25.09,92.51,678.0,18.270716432784337,28.0
25.09,92.515,550.0,17.155822277993956,28.0
25.09,92.52,638.0,15.119460665411577,28.0
25.09,92.525,820.0,23.540850885728464,28.0
25.09,92.53,1065.0,16.208558038649098,28.0
25.09,92.535,1041.0,26.555881284497303,28.0
25.09,92.54,801.0,20.654513358814864,28.0
25.09,92.545,755.0,27.02158159117704,28.0
25.09,92.55,773.0,27.96152506647304,28.0
25.09,92.555,668.0,25.54858015930156,28.0
25.09,92.56,799.0,16.742977650935924,28.0
25.09,92.565,769.0,24.563045162076698,28.0
25.09,92.57,835.0,4.609363720543608,28.0
25.09,92.575,733.0,27.039402984376,28.0
25.09,92.58,741.0,20.951033263047087,28.0
25.09,92.585,778.0,25.896083659356645,28.0
25.09,92.59,628.0,26.180112975361297,28.0
25.09,92.595,485.0,23.58500363276618,28.0
25.09,92.6,605.0,20.634537788968707,28.0
25.09,92.605,430.0,21.954998832237575,28.0
25.09,92.61,622.0,30.410429343694716,28.0
25.09,92.615,764.0,15.198269477657098,28.0
25.09,92.62,774.0,8.284177231157289,28.0
25.09,92.625,649.0,22.507502830396614,28.0
25.09,92.63,656.0,24.48508445803616,28.0
25.09,92.635,732.0,17.121890324478656,28.0
25.09,92.64,651.0,23.424363185841766,28.0
25.09,92.645,461.0,15.72735540025082,28.0
25.09,92.65,626.0,19.51437258196248,28.0
25.09,92.655,708.0,10.21937711459359,28.0
25.09,92.66,517.0,23.68390180028396,28.0
25.09,92.665,678.0,17.946241531785883,28.0
25.09,92.67,568.0,18.58031398842556,28.0
25.09,92.675,628.0,19.1434780917466,28.0
25.09,92.68,540.0,23.468840191747,28.0
25.09,92.685,740.0,18.10544934292749,28.0
25.09,92.69,761.0,25.76182373138194,28.0
25.09,92.695,774.0,25.10849211553709,28.0
25.09,92.7,674.0,20.487238440521768,28.0
25.09,92.705,765.0,12.456989292435246,28.0
25.09,92.71,706.0,21.28025901001372,28.0
25.09,92.715,527.0,17.523671614749585,28.0
25.09,92.72,606.0,17.849848259878947,28.0
25.09,92.725,401.0,11.22695812387902,28.0
25.09,92.73,548.0,21.12621202019002,28.0
25.09,92.735,484.0,20.94450636642053,28.0
25.09,92.74,402.0,12.456989292435246,28.0
25.09,92.745,538.0,13.9061215425325,28.0
25.09,92.75,489.0,18.38760160290751,28.0
25.09,92.755,400.0,15.06995574963759,28.0
25.09,92.76,313.0,9.449304906720505,28.0
25.09,92.765,456.0,35.07421223612796,28.0
25.09,92.77,386.0,28.028750857977528,28.0
25.09,92.775,335.0,21.33126583595921,28.0
25.09,92.78,240.0,18.58031398842556,28.0
25.09,92.785,182.0,13.60805977475334,28.0
25.09,92.79,125.0,4.163849943478467,28.0
25.09,92.795,112.0,3.837767974238014,28.0
25.09,92.8,105.0,1.1457628381751035,28.0
25.09,92.805,105.0,0.8102306720437776,28.0
25.09,92.81,107.0,1.6201374245654556,28.0
25.09,92.815,113.0,1.811248047327972,28.0
25.09,92.82,168.0,7.2977186821765665,28.0
25.09,92.825,220.0,10.095435505303422,28.0
25.09,92.83,209.0,9.9063692721155,28.0
25.09,92.835,250.0,12.84579372031137,28.0
25.09,92.84,167.0,0.5729386976834859,28.0
25.09,92.845,199.0,5.267518906840194,28.0
25.09,92.85,206.0,8.14812945516323,28.0
25.09,92.855,246.0,10.640849616317048,28.0
25.09,92.86,316.0,16.838697704135715,28.0
25.09,92.865,476.0,21.813752794346744,28.0
25.09,92.87,388.0,8.049466975528398,28.0
25.09,92.875,712.0,31.68167996685456,28.0
25.09,92.88,765.0,26.565051177077994,28.0
25.09,92.885,773.0,25.113503893435155,28.0
25.09,92.89,559.0,12.066808999772697,28.0
25.09,92.895,791.0,21.22267281307461,28.0
25.09,92.9,626.0,10.772508814602732,28.0
25.09,92.905,933.0,29.894220817704063,28.0
25.09,92.91,767.0,32.650967803754895,28.0
25.09,92.915,798.0,33.927980154144706,28.0
25.09,92.92,1063.0,28.471414080238404,28.0
25.09,92.925,855.0,32.53327948985054,28.0
25.09,92.93,903.0,22.31753787766195,28.0
25.09,92.935,821.0,21.41379223247083,28.0
25.09,92.94,624.0,26.67924362098057,28.0
25.09,92.945,612.0,41.75683797471951,28.0
25.09,92.95,762.0,7.40691212849523,28.0
25.09,92.955,954.0,31.882143482905143,28.0
25.09,92.96,1066.0,13.686056323998818,28.0
25.09,92.965,797.0,42.6561581814819,28.0
25.09,92.97,595.0,12.320128415332896,28.0
25.09,92.975,626.0,24.992790684886817,28.0
25.09,92.98,917.0,25.376933525152303,28.0
25.09,92.985,923.0,36.22134459631404,28.0
25.09,92.99,965.0,24.65094662675764,28.0
25.09,92.995,995.0,25.795492628543876,28.0
25.095,92.5,563.0,23.62353705226748,28.0
25.095,92.505,634.0,13.336644515520948,28.0
25.095,92.51,773.0,13.093845922704302,28.0
25.095,92.515,663.0,15.198269477657098,28.0
25.095,92.52,803.0,13.17534790222412,28.0
25.095,92.525,990.0,25.411408337849288,28.0
25.095,92.53,1180.0,15.886617531931096,28.0
25.095,92.535,1165.0,19.290046219188735,28.0
25.095,92.54,1004.0,18.16075212819556,28.0
25.095,92.545,951.0,23.94467010289635,28.0
25.095,92.55,994.0,19.40625475131371,28.0
25.095,92.555,797.0,19.054826478799185,28.0
25.095,92.56,910.0,24.359555875506427,28.0
25.095,92.565,994.0,20.846265656650555,28.0
25.095,92.57,901.0,20.846265656650555,28.0
25.095,92.575,964.0,18.541977963997237,28.0
25.095,92.58,859.0,9.449304906720505,28.0
25.095,92.585,926.0,15.680141406453098,28.0
25.095,92.59,652.0,22.78820279770908,28.0
25.095,92.595,685.0,21.50846786453591,28.0
25.095,92.6,794.0,14.302914425322813,28.0
25.095,92.605,658.0,18.76291982466018,28.0
25.095,92.61,795.0,23.754948389321505,28.0
25.095,92.615,916.0,21.533616683340576,28.0
25.095,92.62,899.0,20.112562289669626,28.0
25.095,92.625,829.0,9.794256737807247,28.0
25.095,92.63,801.0,14.707665761328611,28.0
25.095,92.635,863.0,4.465877540190299,28.0
25.095,92.64,717.0,24.521513128068214,28.0
25.095,92.645,536.0,12.382549217765357,28.0
25.095,92.65,724.0,23.357413214316196,28.0
25.095,92.655,777.0,15.736777699633285,28.0
25.095,92.66,615.0,23.239566497270467,28.0
25.095,92.665,855.0,13.949652246979396,28.0
25.095,92.67,717.0,22.531087197569885,28.0
25.095,92.675,799.0,26.02924637582836,28.0
25.095,92.68,715.0,17.019588322885273,28.0
25.095,92.685,824.0,22.874903636798493,28.0
25.095,92.69,965.0,17.424313779662153,28.0
25.095,92.695,961.0,28.422356771016563,28.0
25.095,92.7,883.0,26.403831452301443,28.0
25.095,92.705,959.0,17.382703987116226,28.0
25.095,92.71,710.0,18.325381934580992,28.0
25.095,92.715,690.0,18.10544934292749,28.0
25.095,92.72,774.0,19.980921176079207,28.0
25.095,92.725,596.0,26.02924637582836,28.0
25.095,92.73,666.0,25.54858015930156,28.0
25.095,92.735,480.0,29.511547680926455,28.0
25.095,92.74,479.0,22.34737241278725,28.0
25.095,92.745,622.0,10.04852985013406,28.0
25.095,92.75,505.0,13.14048922592315,28.0
25.095,92.755,398.0,11.309932474020217,28.0
25.095,92.76,480.0,18.38760160290751,28.0
25.095,92.765,693.0,14.789083385427716,28.0
25.095,92.77,631.0,7.7455377836318355,28.0
25.095,92.775,517.0,16.208558038649098,28.0
25.095,92.78,375.0,23.046887822390865,28.0
25.095,92.785,328.0,16.91651608571675,28.0
25.095,92.79,247.0,12.845793720311368,28.0
25.095,92.795,196.0,14.06855543858456,28.0
25.095,92.8,197.0,13.093845922704302,28.0
25.095,92.805,112.0,7.599333100622036,28.0
25.095,92.81,119.0,6.379370208442803,28.0
25.095,92.815,107.0,2.9189949338347145,28.0
25.095,92.82,115.0,1.7183580016554572,28.0
25.095,92.825,136.0,1.280959113423653,28.0
25.095,92.83,164.0,10.743403801775962,28.0
25.095,92.835,197.0,9.9063692721155,28.0
25.095,92.84,151.0,3.4808773532462083,28.0
25.095,92.845,170.0,4.883493424700951,28.0
25.095,92.85,169.0,2.361028198348736,28.0
25.095,92.855,227.0,9.159824730595334,28.0
25.095,92.86,271.0,12.320128415332896,28.0
25.095,92.865,343.0,10.888076838622831,28.0
25.095,92.87,342.0,12.481691419986054,28.0
25.095,92.875,396.0,3.3371107053581257,28.0
25.095,92.88,518.0,5.142764557884242,28.0
25.095,92.885,410.0,10.402286577822323,28.0
25.095,92.89,596.0,33.53329866403109,28.0
25.095,92.895,634.0,36.49393483561564,28.0
25.095,92.9,661.0,42.43250244665583,28.0
25.095,92.905,794.0,18.034027403561364,28.0
25.095,92.91,632.0,24.359555875506427,28.0
25.095,92.915,629.0,36.52393892495334,28.0
25.095,92.92,712.0,42.24007104119342,28.0
25.095,92.925,687.0,33.02386755579665,28.0
25.095,92.93,628.0,44.25027749382159,28.0
25.095,92.935,509.0,23.357413214316196,28.0
25.095,92.94,471.0,34.1145604203223,28.0
25.095,92.945,671.0,19.121365623378026,28.0
25.095,92.95,766.0,21.930526507189803,28.0
25.095,92.955,902.0,29.225443358679705,28.0
25.095,92.96,834.0,26.06709398952703,28.0
25.095,92.965,612.0,14.06855543858456,28.0
25.095,92.97,557.0,17.35767803462991,28.0
25.095,92.975,528.0,24.185336209149625,28.0
25.095,92.98,792.0,36.14991187660738,28.0
25.095,92.985,887.0,30.486489533227388,28.0
25.095,92.99,1112.0,26.783602227923566,28.0
25.095,92.995,1202.0,27.181281995789256,28.0
25.1,92.5,764.0,16.91651608571675,28.0
25.1,92.505,821.0,20.365642146706307,28.0
25.1,92.51,904.0,14.334526006829275,28.0
25.1,92.515,838.0,15.06995574963759,28.0
25.1,92.52,880.0,16.94235714251686,28.0
25.1,92.525,1170.0,31.39687644298045,28.0
25.1,92.53,1273.0,10.203973721731684,28.0
25.1,92.535,1190.0,30.55500574135593,28.0
25.1,92.54,1140.0,26.287693674089116,28.0
25.1,92.545,1191.0,13.774570975668132,28.0
25.1,92.55,1172.0,15.06995574963759,28.0
25.1,92.555,1080.0,21.33126583595921,28.0
25.1,92.56,1199.0,27.426659782438396,28.0
25.1,92.565,1243.0,21.22267281307461,28.0
25.1,92.57,1184.0,16.734242254624238,28.0
25.1,92.575,1121.0,22.601628197355133,28.0
25.1,92.58,1075.0,35.12332839706918,28.0
25.1,92.585,1092.0,34.381940445476616,28.0
25.1,92.59,820.0,26.810717279318016,28.0
25.1,92.595,946.0,6.936247607063137,28.0
25.1,92.6,792.0,23.245198159247774,28.0
25.1,92.605,868.0,24.359555875506427,28.0
25.1,92.61,991.0,15.793169048263966,28.0
25.1,92.615,1077.0,17.906157750459435,28.0
25.1,92.62,1038.0,17.777117627472432,28.0
25.1,92.625,1041.0,19.464016342661992,28.0
25.1,92.63,1041.0,14.70766576132861,28.0
25.1,92.635,1036.0,20.14701290275177,28.0
25.1,92.64,800.0,21.363059243617435,28.0
25.1,92.645,611.0,11.648634944412732,28.0
25.1,92.65,831.0,16.61135092907738,28.0
25.1,92.655,959.0,19.471220634490695,28.0
25.1,92.66,817.0,21.954998832237575,28.0
25.1,92.665,1054.0,23.94467010289635,28.0
25.1,92.67,1033.0,29.268286919239102,28.0
25.1,92.675,1045.0,16.91651608571675,28.0
25.1,92.68,863.0,23.68390180028396,28.0
25.1,92.685,905.0,23.491032092080957,28.0
25.1,92.69,1097.0,29.7890172334567,28.0
25.1,92.695,1283.0,18.69471325052464,28.0
25.1,92.7,1207.0,26.61996293569917,28.0
25.1,92.705,1016.0,21.80140948635181,28.0
25.1,92.71,765.0,25.64585580838865,28.0
25.1,92.715,833.0,19.37728868834163,28.0
25.1,92.72,939.0,22.874903636798493,28.0
25.1,92.725,859.0,20.406283385022064,28.0
25.1,92.73,661.0,20.33169040453783,28.0
25.1,92.735,583.0,16.9509599686148,28.0
25.1,92.74,683.0,23.933889354573783,28.0
25.1,92.745,741.0,21.48327791740003,28.0
25.1,92.75,476.0,11.648634944412732,28.0
25.1,92.755,413.0,15.680141406453098,28.0
25.1,92.76,697.0,27.061652551964443,28.0
25.1,92.765,820.0,16.531754412834047,28.0
25.1,92.77,707.0,14.164976627383547,28.0
25.1,92.775,640.0,11.309932474020217,28.0
25.1,92.78,537.0,20.60118647336543,28.0
25.1,92.785,436.0,12.604382648379184,28.0
25.1,92.79,368.0,13.14048922592315,28.0
25.1,92.795,254.0,14.196947417484148,28.0
25.1,92.8,223.0,10.21937711459359,28.0
25.1,92.805,165.0,20.547670913358743,28.0
25.1,92.81,142.0,3.837767974238014,28.0
25.1,92.815,111.0,0.8102306720437776,28.0
25.1,92.82,112.0,0.5729386976834859,28.0
25.1,92.825,117.0,2.862405226111748,28.0
25.1,92.83,122.0,2.361028198348736,28.0
25.1,92.835,129.0,2.361028198348736,28.0
25.1,92.84,140.0,0.5729386976834859,28.0
25.1,92.845,179.0,4.609363720543608,28.0
25.1,92.85,178.0,10.537203406802927,28.0
25.1,92.855,255.0,11.268529661509747,28.0
25.1,92.86,314.0,14.789083385427716,28.0
25.1,92.865,369.0,22.811369738436177,28.0
25.1,92.87,296.0,9.648045316098155,28.0
25.1,92.875,389.0,8.605135268574712,28.0
25.1,92.88,463.0,13.873369436070131,28.0
25.1,92.885,339.0,10.265436734150176,28.0
25.1,92.89,299.0,20.311282505000214,28.0
25.1,92.895,370.0,19.528728546210285,28.0
25.1,92.9,498.0,16.540621739986666,28.0
25.1,92.905,421.0,14.334526006829275,28.0
25.1,92.91,340.0,17.655055916385443,28.0
25.1,92.915,416.0,16.742977650935924,28.0
25.1,92.92,382.0,11.754735170671625,28.0
25.1,92.925,391.0,19.002862987358917,28.0
25.1,92.93,378.0,15.97940505640506,28.0
25.1,92.935,370.0,14.03624346792648,28.0
25.1,92.94,368.0,20.62787340377509,28.0
25.1,92.945,601.0,20.473776079507815,28.0
25.1,92.95,728.0,26.67924362098057,28.0
25.1,92.955,654.0,28.062261227009017,28.0
25.1,92.96,576.0,9.761969244030082,28.0
25.1,92.965,567.0,10.21937711459359,28.0
25.1,92.97,445.0,9.697046418543986,28.0
25.1,92.975,436.0,20.5945073782813,28.0
25.1,92.98,616.0,19.25354151275117,28.0
25.1,92.985,723.0,12.481691419986054,28.0
25.1,92.99,770.0,36.090996850053195,28.0
25.1,92.995,778.0,29.43855949593154,28.0
25.105,92.5,940.0,15.52789294984244,28.0
25.105,92.505,957.0,13.093845922704302,28.0
25.105,92.51,884.0,33.61718397514411,28.0
25.105,92.515,1031.0,18.77803322244554,28.0
25.105,92.52,1094.0,35.43900681058386,28.0
25.105,92.525,1200.0,25.645855808388653,28.0
25.105,92.53,1138.0,38.659808254090095,28.0
25.105,92.535,811.0,21.04211761970153,28.0
25.105,92.54,926.0,16.398037117968236,28.0
25.105,92.545,1225.0,30.46479372379824,28.0
25.105,92.55,1162.0,20.813377245065748,28.0
25.105,92.555,1181.0,16.181268131599445,28.0
25.105,92.56,1117.0,19.18025799623977,28.0
25.105,92.565,1036.0,24.563045162076698,28.0
25.105,92.57,1023.0,21.50846786453591,28.0
25.105,92.575,1170.0,11.794248902093369,28.0
25.105,92.58,1239.0,13.518284623129588,28.0
25.105,92.585,1200.0,11.59517961733378,28.0
25.105,92.59,1123.0,25.766637839257108,28.0
25.105,92.595,1015.0,24.645789209301867,28.0
25.105,92.6,924.0,21.50217423953968,28.0
25.105,92.605,1025.0,18.80821273217334,28.0
25.105,92.61,1175.0,17.01102858617966,28.0
25.105,92.615,1077.0,9.648045316098155,28.0
25.105,92.62,1045.0,11.527973042352134,28.0
25.105,92.625,1050.0,1.1457628381751035,28.0
25.105,92.63,1059.0,16.742977650935924,28.0
25.105,92.635,1095.0,25.253207609369632,28.0
25.105,92.64,886.0,17.752790161946685,28.0
25.105,92.645,774.0,26.048181158843665,28.0
25.105,92.65,905.0,22.14940249347011,28.0
25.105,92.655,1103.0,39.602490073374035,28.0
25.105,92.66,1101.0,28.434634773883587,28.0
25.105,92.665,1272.0,35.5455346960757,28.0
25.105,92.67,1271.0,15.877302622696872,28.0
25.105,92.675,1253.0,20.547670913358743,28.0
25.105,92.68,1088.0,27.43970223366078,28.0
25.105,92.685,1124.0,34.08845097167982,28.0
25.105,92.69,1235.0,24.992790684886817,28.0
25.105,92.695,1402.0,14.54321520062608,28.0
25.105,92.7,1224.0,28.646015299576213,28.0
25.105,92.705,957.0,23.62353705226748,28.0
25.105,92.71,871.0,20.33169040453783,28.0
25.105,92.715,1016.0,21.71472961826232,28.0
25.105,92.72,1094.0,17.849848259878947,28.0
25.105,92.725,1080.0,18.84584886404717,28.0
25.105,92.73,796.0,38.27968220718881,28.0
25.105,92.735,727.0,24.22774531795417,28.0
25.105,92.74,888.0,21.363059243617435,28.0
25.105,92.745,1028.0,23.83653389078596,28.0
25.105,92.75,678.0,33.02386755579665,28.0
25.105,92.755,501.0,16.253917058152773,28.0
25.105,92.76,,,28.0
25.105,92.765,904.0,12.749851295121235,28.0
25.105,92.77,791.0,14.54321520062608,28.0
25.105,92.775,768.0,12.604382648379184,28.0
25.105,92.78,670.0,16.708002222639085,28.0
25.105,92.785,563.0,8.878141907487027,28.0
25.105,92.79,321.0,24.094842552110705,28.0
25.105,92.795,341.0,22.19762640166049,28.0
25.105,92.8,284.0,17.849848259878947,28.0
25.105,92.805,221.0,10.81600550394513,28.0
25.105,92.81,196.0,6.147248032686261,28.0
25.105,92.815,164.0,8.896025825607326,28.0
25.105,92.82,141.0,13.495733280795813,28.0
25.105,92.825,114.0,2.361028198348736,28.0
25.105,92.83,118.0,0.5729386976834859,28.0
25.105,92.835,123.0,0.5729386976834859,28.0
25.105,92.84,128.0,1.811248047327972,28.0
25.105,92.845,142.0,12.51864147468042,28.0
25.105,92.85,174.0,11.91191379484262,28.0
25.105,92.855,182.0,9.648045316098155,28.0
25.105,92.86,208.0,9.697046418543986,28.0
25.105,92.865,240.0,8.896025825607326,28.0
25.105,92.87,273.0,21.533616683340576,28.0
25.105,92.875,394.0,6.959412387152244,28.0
25.105,92.88,405.0,8.049466975528398,28.0
25.105,92.885,316.0,11.754735170671625,28.0
25.105,92.89,247.0,6.147248032686261,28.0
25.105,92.895,340.0,14.132921424385623,28.0
25.105,92.9,390.0,8.284177231157289,28.0
25.105,92.905,303.0,8.678829373950299,28.0
25.105,92.91,267.0,6.379370208442804,28.0
25.105,92.915,319.0,11.157292128087049,28.0
25.105,92.92,311.0,6.936247607063137,28.0
25.105,92.925,271.0,4.883493424700951,28.0
25.105,92.93,381.0,14.207585688982292,28.0
25.105,92.935,312.0,10.743403801775962,28.0
25.105,92.94,337.0,18.33317422681741,28.0
25.105,92.945,480.0,12.999985665815318,28.0
25.105,92.95,507.0,22.221682529751497,28.0
25.105,92.955,529.0,15.040159724994792,28.0
25.105,92.96,431.0,12.964588174052748,28.0
25.105,92.965,507.0,9.159824730595334,28.0
25.105,92.97,436.0,17.01102858617966,28.0
25.105,92.975,380.0,16.46060440228172,28.0
25.105,92.98,518.0,10.743403801775962,28.0
25.105,92.985,505.0,25.48993404738799,28.0
25.105,92.99,570.0,21.7085195733847,28.0
25.105,92.995,605.0,14.334526006829275,28.0
25.11,92.5,930.0,23.66746136058434,28.0
25.11,92.505,744.0,33.54830972371527,28.0
25.11,92.51,875.0,20.634537788968707,28.0
25.11,92.515,1048.0,21.80140948635181,28.0
25.11,92.52,978.0,23.66746136058434,28.0
25.11,92.525,825.0,32.733166896537675,28.0
25.11,92.53,766.0,24.65094662675764,28.0
25.11,92.535,601.0,14.28179453796326,28.0
25.11,92.54,810.0,11.309932474020217,28.0
25.11,92.545,1064.0,37.20852928918589,28.0
25.11,92.55,960.0,43.171791637092525,28.0
25.11,92.555,984.0,28.074810076389895,28.0
25.11,92.56,862.0,22.31753787766195,28.0
25.11,92.565,790.0,28.874654280301105,28.0
25.11,92.57,820.0,32.040778442636665,28.0
25.11,92.575,1046.0,20.60118647336543,28.0
25.11,92.58,1169.0,6.147248032686261,28.0
25.11,92.585,1141.0,10.417371405393052,28.0
25.11,92.59,893.0,21.451732411764542,28.0
25.11,92.595,1146.0,30.191166929474495,28.0
25.11,92.6,1240.0,20.62787340377509,28.0
25.11,92.605,1237.0,17.752790161946685,28.0
25.11,92.61,1101.0,35.75650748013858,28.0
25.11,92.615,963.0,37.92909224170025,28.0
25.11,92.62,854.0,35.212990237568874,28.0
25.11,92.625,973.0,43.331719750245355,28.0
25.11,92.63,1103.0,34.42750264382728,28.0
25.11,92.635,1207.0,16.208558038649098,28.0
25.11,92.64,1003.0,16.55833888459116,28.0
25.11,92.645,916.0,18.641439944547074,28.0
25.11,92.65,1145.0,22.02818529494819,28.0
25.11,92.655,1273.0,34.31335753179285,28.0
25.11,92.66,1338.0,25.253207609369632,28.0
25.11,92.665,1452.0,13.12884614937404,28.0
25.11,92.67,1444.0,11.648634944412734,28.0
25.11,92.675,1392.0,7.599333100622036,28.0
25.11,92.68,1317.0,15.585195857538066,28.0
25.11,92.685,1315.0,17.817569982561537,28.0
25.11,92.69,1395.0,17.382703987116226,28.0
25.11,92.695,1512.0,14.54321520062608,28.0
25.11,92.7,1348.0,34.630970443901504,28.0
25.11,92.705,1087.0,28.124910188034836,28.0
25.11,92.71,1033.0,24.20125277189839,28.0
25.11,92.715,1177.0,21.727142230503578,28.0
25.11,92.72,1287.0,19.6644186882119,28.0
25.11,92.725,1197.0,28.874654280301105,28.0
25.11,92.73,845.0,30.191166929474495,28.0
25.11,92.735,852.0,26.02924637582836,28.0
25.11,92.74,1043.0,29.311019739118063,28.0
25.11,92.745,1139.0,6.504634281949114,28.0
25.11,92.75,852.0,47.34026563487048,28.0
25.11,92.755,631.0,25.819499284701447,28.0
25.11,92.76,741.0,36.93820087758546,28.0
25.11,92.765,969.0,7.493070705420571,28.0
25.11,92.77,874.0,10.581758987862388,28.0
25.11,92.775,857.0,12.51864147468042,28.0
25.11,92.78,705.0,15.354441513180229,28.0
25.11,92.785,481.0,29.43855949593154,28.0
25.11,92.79,345.0,16.17215901578255,28.0
25.11,92.795,494.0,14.196947417484148,28.0
25.11,92.8,420.0,17.817569982561537,28.0
25.11,92.805,402.0,14.207585688982292,28.0
25.11,92.81,329.0,10.142106156573984,28.0
25.11,92.815,235.0,9.761969244030082,28.0
25.11,92.82,170.0,7.209120586689089,28.0
25.11,92.825,170.0,9.177123708952482,28.0
25.11,92.83,181.0,3.0824947102675178,28.0
25.11,92.835,124.0,1.811248047327972,28.0
25.11,92.84,127.0,2.2906100426385296,28.0
25.11,92.845,129.0,1.6201374245654556,28.0
25.11,92.85,135.0,0.5729386976834859,28.0
25.11,92.855,144.0,4.124518139862882,28.0
25.11,92.86,182.0,10.537203406802927,28.0
25.11,92.865,170.0,2.862405226111748,28.0
25.11,92.87,274.0,11.859779120947978,28.0
25.11,92.875,338.0,24.72297771719879,28.0
25.11,92.88,274.0,7.493070705420571,28.0
25.11,92.885,266.0,20.112562289669626,28.0
25.11,92.89,244.0,13.37091809860972,28.0
25.11,92.895,288.0,10.640849616317048,28.0
25.11,92.9,262.0,11.143301269215591,28.0
25.11,92.905,218.0,7.9293646872281585,28.0
25.11,92.91,222.0,4.609363720543608,28.0
25.11,92.915,231.0,5.419335736411587,28.0
25.11,92.92,242.0,8.824258606545213,28.0
25.11,92.925,239.0,4.465877540190299,28.0
25.11,92.93,239.0,4.609363720543608,28.0
25.11,92.935,261.0,4.124518139862882,28.0
25.11,92.94,293.0,12.481691419986054,28.0
25.11,92.945,324.0,14.079306913753854,28.0
25.11,92.95,355.0,12.713660915082892,28.0
25.11,92.955,396.0,12.964588174052748,28.0
25.11,92.96,361.0,13.59687524180116,28.0
25.11,92.965,411.0,5.7388854270937575,28.0
25.11,92.97,374.0,4.124518139862882,28.0
25.11,92.975,347.0,10.98810564233957,28.0
25.11,92.98,397.0,10.21937711459359,28.0
25.11,92.985,410.0,4.7140651095854516,28.0
25.11,92.99,503.0,6.06783785083067,28.0
25.11,92.995,548.0,14.666756752735052,28.0
25.115,92.5,490.0,32.78669116839928,28.0
25.115,92.505,615.0,18.883387503340305,28.0
25.115,92.51,920.0,28.108227058231787,28.0
25.115,92.515,902.0,19.721181132323412,28.0
25.115,92.52,739.0,23.94467010289635,28.0
25.115,92.525,680.0,25.781071626671828,28.0
25.115,92.53,464.0,3.0824947102675178,28.0
25.115,92.535,679.0,21.813752794346744,28.0
25.115,92.54,826.0,21.22267281307461,28.0
25.115,92.545,747.0,30.106339563131183,28.0
25.115,92.55,586.0,21.583791547916466,28.0
25.115,92.555,704.0,23.273326481355983,28.0
25.115,92.56,573.0,23.890693491223985,28.0
25.115,92.565,542.0,27.42230999924108,28.0
25.115,92.57,857.0,23.018353624726977,28.0
25.115,92.575,1099.0,21.826086273528343,28.0
25.115,92.58,1197.0,27.68556441076604,28.0
25.115,92.585,,,28.0
25.115,92.59,748.0,33.02386755579665,28.0
25.115,92.595,1000.0,34.74291895379154,28.0
25.115,92.6,918.0,45.37463149106973,28.0
25.115,92.605,903.0,30.925092865714426,28.0
25.115,92.61,741.0,22.72431726833861,28.0
25.115,92.615,553.0,28.385467865729957,28.0
25.115,92.62,462.0,27.96152506647304,28.0
25.115,92.625,686.0,25.948527381355433,28.0
25.115,92.63,870.0,25.819499284701447,28.0
25.115,92.635,1187.0,23.245198159247774,28.0
25.115,92.64,1153.0,28.629850987034818,28.0
25.115,92.645,1129.0,29.388433936169168,28.0
25.115,92.65,1331.0,27.20334029287531,28.0
25.115,92.655,1441.0,15.119460665411577,28.0
25.115,92.66,1404.0,5.7388854270937575,28.0
25.115,92.665,1352.0,19.86915737629387,28.0
25.115,92.67,1314.0,1.7183580016554572,28.0
25.115,92.675,1366.0,12.773913615584416,28.0
25.115,92.68,1468.0,15.499145989287891,28.0
25.115,92.685,1483.0,13.873369436070131,28.0
25.115,92.69,1441.0,2.9189949338347145,28.0
25.115,92.695,1440.0,4.609363720543608,28.0
25.115,92.7,1425.0,11.433146958125782,28.0
25.115,92.705,1399.0,8.824258606545213,28.0
25.115,92.71,1294.0,25.193482068031308,28.0
25.115,92.715,1401.0,27.543671227301132,28.0
25.115,92.72,1417.0,14.03624346792648,28.0
25.115,92.725,1459.0,46.74955008573651,28.0
25.115,92.73,1065.0,41.22435382593974,28.0
25.115,92.735,1100.0,36.34306722263086,28.0
25.115,92.74,1276.0,22.20364391367852,28.0
25.115,92.745,980.0,27.321946085497732,28.0
25.115,92.75,826.0,30.348599559475677,28.0
25.115,92.755,626.0,25.587560300277683,28.0
25.115,92.76,778.0,33.40363275126772,28.0
25.115,92.765,977.0,27.88979593572651,28.0
25.115,92.77,1015.0,19.6644186882119,28.0
25.115,92.775,876.0,19.20228160882196,28.0
25.115,92.78,627.0,27.061652551964443,28.0
25.115,92.785,393.0,13.59687524180116,28.0
25.115,92.79,517.0,24.062781161547804,28.0
25.115,92.795,662.0,10.816005503945128,28.0
25.115,92.8,606.0,11.63529670109765,28.0
25.115,92.805,504.0,19.550236336404964,28.0
25.115,92.81,339.0,23.09243561667001,28.0
25.115,92.815,359.0,19.471220634490695,28.0
25.115,92.82,345.0,23.879876253764905,28.0
25.115,92.825,294.0,9.107717061395457,28.0
25.115,92.83,235.0,39.12661118568973,28.0
25.115,92.835,226.0,24.036014199404143,28.0
25.115,92.84,146.0,20.311282505000214,28.0
25.115,92.845,147.0,7.641405059952685,28.0
25.115,92.85,142.0,5.1742413701299474,28.0
25.115,92.855,141.0,1.280959113423653,28.0
25.115,92.86,140.0,3.433630362450522,28.0
25.115,92.865,151.0,1.280959113423653,28.0
25.115,92.87,195.0,11.91191379484262,28.0
25.115,92.875,168.0,4.044691235386269,28.0
25.115,92.88,169.0,2.361028198348736,28.0
25.115,92.885,176.0,3.663718325999619,28.0
25.115,92.89,180.0,1.1457628381751035,28.0
25.115,92.895,185.0,1.6201374245654556,28.0
25.115,92.9,193.0,1.811248047327972,28.0
25.115,92.905,212.0,5.267518906840194,28.0
25.115,92.91,228.0,11.115261308548,28.0
25.115,92.915,208.0,2.9189949338347145,28.0
25.115,92.92,232.0,11.364876967033675,28.0
25.115,92.925,237.0,5.96026196814625,28.0
25.115,92.93,260.0,10.21937711459359,28.0
25.115,92.935,251.0,14.553557497859137,28.0
25.115,92.94,264.0,9.36515852576206,28.0
25.115,92.945,260.0,14.615430541128886,28.0
25.115,92.95,260.0,1.811248047327972,28.0
25.115,92.955,315.0,11.976725812374069,28.0
25.115,92.96,296.0,8.14812945516323,28.0
25.115,92.965,300.0,6.504634281949115,28.0
25.115,92.97,306.0,5.419335736411587,28.0
25.115,92.975,313.0,2.560638973149915,28.0
25.115,92.98,341.0,12.370093432433936,28.0
25.115,92.985,368.0,9.36515852576206,28.0
25.115,92.99,447.0,7.2977186821765665,28.0
25.115,92.995,468.0,9.449304906720505,28.0
25.12,92.5,433.0,21.61506814734454,28.0
25.12,92.505,654.0,27.927809068935503,28.0
25.12,92.51,898.0,4.465877540190299,28.0
25.12,92.515,716.0,22.34737241278725,28.0
25.12,92.52,554.0,19.113987352812888,28.0
25.12,92.525,388.0,21.924402392569775,28.0
25.12,92.53,482.0,23.307014702110447,28.0
25.12,92.535,688.0,11.364876967033675,28.0
25.12,92.54,526.0,28.422356771016563,28.0
25.12,92.545,472.0,13.949652246979396,28.0
25.12,92.55,408.0,17.424313779662153,28.0
25.12,92.555,484.0,21.533616683340576,28.0
25.12,92.56,399.0,17.5484006137923,28.0
25.12,92.565,394.0,28.96998466836003,28.0
25.12,92.57,592.0,31.138369345567487,28.0
25.12,92.575,747.0,50.06166440848746,28.0
25.12,92.58,803.0,15.020256666513818,28.0
25.12,92.585,704.0,25.819499284701447,28.0
25.12,92.59,462.0,33.31864441012544,28.0
25.12,92.595,448.0,35.89217630685894,28.0
25.12,92.6,450.0,30.20587520629145,28.0
25.12,92.605,504.0,27.3787487699275,28.0
25.12,92.61,481.0,28.405971880095237,28.0
25.12,92.615,534.0,23.357413214316196,28.0
25.12,92.62,757.0,16.06235837746245,28.0
25.12,92.625,515.0,20.970597195584748,28.0
25.12,92.63,825.0,26.88280561510016,28.0
25.12,92.635,1075.0,27.426659782438396,28.0
25.12,92.64,1088.0,22.880666760340993,28.0
25.12,92.645,1200.0,21.106846658709145,28.0
25.12,92.65,1250.0,24.73324165148356,28.0
25.12,92.655,1318.0,14.707665761328611,28.0
25.12,92.66,1195.0,23.290179541000384,28.0
25.12,92.665,1023.0,24.062781161547804,28.0
25.12,92.67,1063.0,1.280959113423653,28.0
25.12,92.675,1217.0,30.22424217767037,28.0
25.12,92.68,1352.0,3.0824947102675178,28.0
25.12,92.685,1411.0,5.710593137499643,28.0
25.12,92.69,1343.0,14.615430541128886,28.0
25.12,92.695,1305.0,19.40625475131371,28.0
25.12,92.7,1302.0,10.032841837324575,28.0
25.12,92.705,1282.0,3.433630362450522,28.0
25.12,92.71,1364.0,11.91191379484262,28.0
25.12,92.715,1364.0,7.96961039432136,28.0
25.12,92.72,1405.0,9.648045316098155,28.0
25.12,92.725,1448.0,8.089084126141794,28.0
25.12,92.73,1471.0,27.96152506647304,28.0
25.12,92.735,1351.0,14.079306913753854,28.0
25.12,92.74,1157.0,30.55500574135593,28.0
25.12,92.745,1046.0,37.728849596942545,28.0
25.12,92.75,879.0,24.39103005426629,28.0
25.12,92.755,668.0,15.802543980364272,28.0
25.12,92.76,934.0,36.91871543406027,28.0
25.12,92.765,1074.0,16.089894054824914,28.0
25.12,92.77,980.0,4.3551096715835795,28.0
25.12,92.775,836.0,14.910225469622969,28.0
25.12,92.78,669.0,23.79851256035922,28.0
25.12,92.785,441.0,11.63529670109765,28.0
25.12,92.79,752.0,27.110495720066897,28.0
25.12,92.795,774.0,8.530765609948133,28.0
25.12,92.8,689.0,13.244750575284366,28.0
25.12,92.805,559.0,15.217895698464046,28.0
25.12,92.81,575.0,16.235792010273038,28.0
25.12,92.815,557.0,7.493070705420571,28.0
25.12,92.82,545.0,7.051280552921114,28.0
25.12,92.825,475.0,14.079306913753854,28.0
25.12,92.83,364.0,20.365642146706307,28.0
25.12,92.835,453.0,16.9509599686148,28.0
25.12,92.84,400.0,16.389075025823413,28.0
25.12,92.845,341.0,22.671853529325695,28.0
25.12,92.85,184.0,18.13707730871511,28.0
25.12,92.855,214.0,21.451732411764542,28.0
25.12,92.86,187.0,5.878250113590978,28.0
25.12,92.865,148.0,2.361028198348736,28.0
25.12,92.87,159.0,2.9189949338347145,28.0
25.12,92.875,257.0,13.873369436070131,28.0
25.12,92.88,289.0,9.794256737807247,28.0
25.12,92.885,253.0,7.599333100622036,28.0
25.12,92.89,217.0,10.772508814602732,28.0
25.12,92.895,245.0,15.26682958715123,28.0
25.12,92.9,237.0,8.984876931685683,28.0
25.12,92.905,235.0,13.585680087733436,28.0
25.12,92.91,277.0,11.115261308548,28.0
25.12,92.915,297.0,12.845793720311368,28.0
25.12,92.92,347.0,14.58453263822114,28.0
25.12,92.925,382.0,19.643076549430887,28.0
25.12,92.93,399.0,15.651730558256707,28.0
25.12,92.935,422.0,21.89988173570756,28.0
25.12,92.94,403.0,19.80591943221724,28.0
25.12,92.945,353.0,6.504634281949115,28.0
25.12,92.95,383.0,4.609363720543608,28.0
25.12,92.955,366.0,22.19762640166049,28.0
25.12,92.96,339.0,18.57265495653785,28.0
25.12,92.965,415.0,13.244750575284366,28.0
25.12,92.97,384.0,12.419832137022013,28.0
25.12,92.975,474.0,15.06995574963759,28.0
25.12,92.98,422.0,15.52789294984244,28.0
25.12,92.985,399.0,15.72735540025082,28.0
25.12,92.99,385.0,17.231864647073255,28.0
25.12,92.995,371.0,9.648045316098155,28.0
25.125,92.5,529.0,19.83405840224228,28.0
25.125,92.505,634.0,24.886422264141434,28.0
25.125,92.51,740.0,15.266829587151229,28.0
25.125,92.515,635.0,27.990970091758022,28.0
25.125,92.52,470.0,22.671853529325695,28.0
25.125,92.525,276.0,8.530765609948133,28.0
25.125,92.53,511.0,24.359555875506427,28.0
25.125,92.535,573.0,17.391035938698558,28.0
25.125,92.54,424.0,10.98810564233957,28.0
25.125,92.545,354.0,24.74862531519583,28.0
25.125,92.55,287.0,12.419832137022013,28.0
25.125,92.555,320.0,37.60561112062442,28.0
25.125,92.56,341.0,10.04852985013406,28.0
25.125,92.565,338.0,8.984876931685683,28.0
25.125,92.57,388.0,25.411408337849295,28.0
25.125,92.575,412.0,22.584022665489456,28.0
25.125,92.58,541.0,32.871343764431366,28.0
25.125,92.585,511.0,37.77279727853909,28.0
25.125,92.59,356.0,12.964588174052748,28.0
25.125,92.595,344.0,22.34737241278725,28.0
25.125,92.6,441.0,30.102641529429487,28.0
25.125,92.605,454.0,27.461416695574936,28.0
25.125,92.61,490.0,27.927809068935503,28.0
25.125,92.615,755.0,36.52393892495334,28.0
25.125,92.62,880.0,24.062781161547804,28.0
25.125,92.625,643.0,28.556915132333415,28.0
25.125,92.63,648.0,31.882143482905143,28.0
25.125,92.635,752.0,44.8574869210774,28.0
25.125,92.64,891.0,27.461416695574936,28.0
25.125,92.645,1050.0,4.163849943478467,28.0
25.125,92.65,1225.0,26.565051177077994,28.0
25.125,92.655,1176.0,18.270716432784337,28.0
25.125,92.66,1047.0,28.950169473762767,28.0
25.125,92.665,1085.0,20.60118647336543,28.0
25.125,92.67,1233.0,13.12884614937404,28.0
25.125,92.675,1169.0,14.03624346792648,28.0
25.125,92.68,1353.0,10.888076838622831,28.0
25.125,92.685,1370.0,2.0649342141827822,28.0
25.125,92.69,1301.0,3.3371107053581257,28.0
25.125,92.695,1281.0,1.1457628381751035,28.0
25.125,92.7,1288.0,1.280959113423653,28.0
25.125,92.705,1276.0,1.811248047327972,28.0
25.125,92.71,1338.0,20.406283385022064,28.0
25.125,92.715,1299.0,12.952764513375518,28.0
25.125,92.72,1396.0,8.284177231157289,28.0
25.125,92.725,1404.0,10.34170762418876,28.0
25.125,92.73,1465.0,4.124518139862882,28.0
25.125,92.735,1582.0,4.609363720543608,28.0
25.125,92.74,1444.0,26.91873130178203,28.0
25.125,92.745,1163.0,36.170353609974455,28.0
25.125,92.75,849.0,29.80408734889178,28.0
25.125,92.755,706.0,26.010289586407552,28.0
25.125,92.76,1041.0,20.365642146706307,28.0
25.125,92.765,956.0,27.42230999924108,28.0
25.125,92.77,805.0,21.261087638361182,28.0
25.125,92.775,643.0,32.343855994532596,28.0
25.125,92.78,535.0,21.80140948635181,28.0
25.125,92.785,599.0,32.443655261698375,28.0
25.125,92.79,722.0,19.550236336404964,28.0
25.125,92.795,827.0,20.94450636642053,28.0
25.125,92.8,745.0,16.253917058152773,28.0
25.125,92.805,703.0,25.684603702526804,28.0
25.125,92.81,714.0,11.143301269215591,28.0
25.125,92.815,681.0,16.317161174234332,28.0
25.125,92.82,575.0,7.599333100622036,28.0
25.125,92.825,373.0,28.1914744499293,28.0
25.125,92.83,498.0,12.952764513375518,28.0
25.125,92.835,590.0,4.609363720543608,28.0
25.125,92.84,473.0,14.03624346792648,28.0
25.125,92.845,429.0,28.471414080238404,28.0
25.125,92.85,339.0,19.82702865340817,28.0
25.125,92.855,392.0,17.752790161946685,28.0
25.125,92.86,316.0,24.48508445803616,28.0
25.125,92.865,335.0,23.79851256035922,28.0
25.125,92.87,307.0,35.03590773544886,28.0
25.125,92.875,299.0,10.873704491297854,28.0
25.125,92.88,306.0,13.540792726885435,28.0
25.125,92.885,325.0,7.428549707571748,28.0
25.125,92.89,335.0,17.752790161946685,28.0
25.125,92.895,341.0,16.821344150651747,28.0
25.125,92.9,329.0,14.302914425322813,28.0
25.125,92.905,280.0,21.71472961826232,28.0
25.125,92.91,337.0,15.960899862035443,28.0
25.125,92.915,430.0,17.777117627472432,28.0
25.125,92.92,486.0,16.317161174234332,28.0
25.125,92.925,584.0,26.985880647298437,28.0
25.125,92.93,584.0,31.311156133255537,28.0
25.125,92.935,582.0,29.15509532145218,28.0
25.125,92.94,535.0,26.033982132566702,28.0
25.125,92.945,433.0,23.290179541000384,28.0
25.125,92.95,496.0,19.86214420520484,28.0
25.125,92.955,474.0,25.29785776746718,28.0
25.125,92.96,424.0,6.504634281949114,28.0
25.125,92.965,503.0,16.235792010273038,28.0
25.125,92.97,540.0,18.457276769424013,28.0
25.125,92.975,589.0,25.679765260676543,28.0
25.125,92.98,570.0,25.31271386922847,28.0
25.125,92.985,576.0,22.299609771221537,28.0
25.125,92.99,551.0,23.357413214316196,28.0
25.125,92.995,516.0,14.799223392695009,28.0
25.13,92.5,540.0,22.29362915969408,28.0
25.13,92.505,676.0,16.45168408046464,28.0
25.13,92.51,538.0,29.879232641851864,28.0
25.13,92.515,413.0,18.457276769424013,28.0
25.13,92.52,317.0,23.754948389321505,28.0
25.13,92.525,293.0,19.18025799623977,28.0
25.13,92.53,432.0,31.47534807612139,28.0
25.13,92.535,437.0,45.32291166591288,28.0
25.13,92.54,293.0,27.181281995789256,28.0
25.13,92.545,170.0,4.465877540190299,28.0
25.13,92.55,167.0,42.09410707795597,28.0
25.13,92.555,284.0,10.032841837324575,28.0
25.13,92.56,194.0,16.496226513469395,28.0
25.13,92.565,221.0,19.121365623378026,28.0
25.13,92.57,257.0,16.208558038649098,28.0
25.13,92.575,249.0,5.822915528381649,28.0
25.13,92.58,253.0,14.334526006829275,28.0
25.13,92.585,303.0,6.379370208442804,28.0
25.13,92.59,376.0,27.356924802812937,28.0
25.13,92.595,506.0,31.47534807612139,28.0
25.13,92.6,712.0,19.82702865340817,28.0
25.13,92.605,836.0,31.69176119676978,28.0
25.13,92.61,924.0,24.73324165148356,28.0
25.13,92.615,1015.0,25.587560300277683,28.0
25.13,92.62,1049.0,26.34354279039121,28.0
25.13,92.625,832.0,23.046887822390865,28.0
25.13,92.63,659.0,29.656564669168223,28.0
25.13,92.635,906.0,24.992790684886817,28.0
25.13,92.64,839.0,33.71550030685783,28.0
25.13,92.645,981.0,,28.0
25.13,92.65,1067.0,9.648045316098155,28.0
25.13,92.655,998.0,11.859779120947978,28.0
25.13,92.66,1031.0,19.86915737629387,28.0
25.13,92.665,1203.0,24.359555875506427,28.0
25.13,92.67,1359.0,11.157292128087049,28.0
25.13,92.675,1329.0,21.254691850269865,28.0
25.13,92.68,1206.0,8.678829373950299,28.0
25.13,92.685,1319.0,22.02209957077959,28.0
25.13,92.69,1313.0,16.91651608571675,28.0
25.13,92.695,1306.0,4.7140651095854516,28.0
25.13,92.7,1297.0,4.044691235386269,28.0
25.13,92.705,1311.0,10.81600550394513,28.0
25.13,92.71,1314.0,8.984876931685683,28.0
25.13,92.715,1384.0,12.51864147468042,28.0
25.13,92.72,1431.0,9.177123708952482,28.0
25.13,92.725,1394.0,16.742977650935924,28.0
25.13,92.73,1510.0,13.873369436070131,28.0
25.13,92.735,1469.0,23.950057751840276,28.0
25.13,92.74,1158.0,39.1942845311714,28.0
25.13,92.745,856.0,28.96998466836003,28.0
25.13,92.75,860.0,32.4404453542636,28.0
25.13,92.755,927.0,40.71275539291121,28.0
25.13,92.76,1035.0,38.138121915142534,28.0
25.13,92.765,795.0,27.3787487699275,28.0
25.13,92.77,747.0,23.7331216031099,28.0
25.13,92.775,762.0,7.9293646872281585,28.0
25.13,92.78,618.0,25.996057519985634,28.0
25.13,92.785,773.0,23.557422528871143,28.0
25.13,92.79,876.0,28.569093502591567,28.0
25.13,92.795,1032.0,16.9509599686148,28.0
25.13,92.8,920.0,25.05828878940444,28.0
25.13,92.805,710.0,21.28025901001372,28.0
25.13,92.81,582.0,27.41360697987478,28.0
25.13,92.815,505.0,27.621219105430512,28.0
25.13,92.82,460.0,18.541977963997237,28.0
25.13,92.825,424.0,27.4787676491941,28.0
25.13,92.83,455.0,21.363059243617435,28.0
25.13,92.835,600.0,15.988647909217685,28.0
25.13,92.84,620.0,13.186944047889988,28.0
25.13,92.845,398.0,22.19762640166049,28.0
25.13,92.85,427.0,25.645855808388653,28.0
25.13,92.855,559.0,22.34737241278725,28.0
25.13,92.86,377.0,15.988647909217685,28.0
25.13,92.865,513.0,18.69471325052464,28.0
25.13,92.87,515.0,27.65127821544219,28.0
25.13,92.875,530.0,31.802250125689003,28.0
25.13,92.88,371.0,23.77129889793896,28.0
25.13,92.885,455.0,30.102641529429487,28.0
25.13,92.89,547.0,24.22774531795417,28.0
25.13,92.895,544.0,24.014568349585662,28.0
25.13,92.9,475.0,24.992790684886817,28.0
25.13,92.905,488.0,21.71472961826232,28.0
25.13,92.91,401.0,16.55833888459116,28.0
25.13,92.915,670.0,24.41721152397483,28.0
25.13,92.92,721.0,21.33126583595921,28.0
25.13,92.925,799.0,20.94450636642053,28.0
25.13,92.93,871.0,28.471414080238404,28.0
25.13,92.935,857.0,28.261905876437844,28.0
25.13,92.94,736.0,32.32770254503532,28.0
25.13,92.945,700.0,33.47613088574852,28.0
25.13,92.95,737.0,21.33126583595921,28.0
25.13,92.955,603.0,22.834502638149456,28.0
25.13,92.96,531.0,18.13707730871511,28.0
25.13,92.965,625.0,10.873704491297854,28.0
25.13,92.97,682.0,12.419832137022013,28.0
25.13,92.975,754.0,19.82702865340817,28.0
25.13,92.98,761.0,2.560638973149915,28.0
25.13,92.985,661.0,7.40691212849523,28.0
25.13,92.99,619.0,5.267518906840194,28.0
25.13,92.995,732.0,14.06855543858456,28.0
25.135,92.5,432.0,13.37091809860972,28.0
25.135,92.505,477.0,21.954998832237575,28.0
25.135,92.51,353.0,18.78558400320078,28.0
25.135,92.515,247.0,16.398037117968236,28.0
25.135,92.52,210.0,10.21937711459359,28.0
25.135,92.525,130.0,6.866265885252495,28.0
25.135,92.53,160.0,12.419832137022013,28.0
25.135,92.535,190.0,17.432620785390803,28.0
25.135,92.54,248.0,11.378567244391917,28.0
25.135,92.545,392.0,20.62787340377509,28.0
25.135,92.55,453.0,6.936247607063137,28.0
25.135,92.555,391.0,14.57421619803874,28.0
25.135,92.56,374.0,12.665224630685922,28.0
25.135,92.565,356.0,14.079306913753854,28.0
25.135,92.57,422.0,11.963794805286303,28.0
25.135,92.575,522.0,23.407652145117517,28.0
25.135,92.58,525.0,16.208558038649098,28.0
25.135,92.585,465.0,26.217612768234883,28.0
25.135,92.59,427.0,27.21215532549541,28.0
25.135,92.595,646.0,26.783602227923566,28.0
25.135,92.6,847.0,22.406871204937445,28.0
25.135,92.605,1120.0,24.39103005426629,28.0
25.135,92.61,1178.0,19.69992069421517,28.0
25.135,92.615,1272.0,22.460227326172323,28.0
25.135,92.62,1166.0,24.72297771719879,28.0
25.135,92.625,895.0,33.27293312595996,28.0
25.135,92.63,827.0,23.273326481355983,28.0
25.135,92.635,1094.0,22.58402266548946,28.0
25.135,92.64,1175.0,15.26682958715123,28.0
25.135,92.645,1086.0,30.72684518753863,28.0
25.135,92.65,1043.0,29.74372432246605,28.0
25.135,92.655,1020.0,12.370093432433936,28.0
25.135,92.66,1127.0,20.140129120020212,28.0
25.135,92.665,1324.0,18.98798214506527,28.0
25.135,92.67,1410.0,3.4808773532462083,28.0
25.135,92.675,1354.0,0.5729386976834859,28.0
25.135,92.68,1354.0,6.67592292471606,28.0
25.135,92.685,1350.0,5.111089695288715,28.0
25.135,92.69,1330.0,3.663718325999619,28.0
25.135,92.695,1316.0,2.361028198348736,28.0
25.135,92.7,1402.0,21.954998832237575,28.0
25.135,92.705,1436.0,8.398938982096263,28.0
25.135,92.71,1427.0,8.45570253780166,28.0
25.135,92.715,1396.0,4.465877540190299,28.0
25.135,92.72,1465.0,15.886617531931096,28.0
25.135,92.725,1570.0,25.766637839257108,28.0
25.135,92.73,1596.0,30.882810915351666,28.0
25.135,92.735,1406.0,31.918632345067017,28.0
25.135,92.74,1413.0,,28.0
25.135,92.745,1336.0,,28.0
25.135,92.75,1376.0,53.55580190510506,28.0
25.135,92.755,1349.0,36.14991187660738,28.0
25.135,92.76,1107.0,31.36606835986254,28.0
25.135,92.765,1082.0,31.90868884051998,28.0
25.135,92.77,1066.0,20.654513358814864,28.0
25.135,92.775,853.0,22.625071558890102,28.0
25.135,92.78,740.0,28.77476341301488,28.0
25.135,92.785,919.0,17.978226794147478,28.0
25.135,92.79,1124.0,18.7477906121146,28.0
25.135,92.795,1016.0,15.198269477657098,28.0
25.135,92.8,841.0,21.80140948635181,28.0
25.135,92.805,667.0,26.12370130504621,28.0
25.135,92.81,738.0,22.40687120493745,28.0
25.135,92.815,626.0,17.890092279426646,28.0
25.135,92.82,469.0,20.951033263047087,28.0
25.135,92.825,673.0,17.155822277993956,28.0
25.135,92.83,724.0,17.744671625056935,28.0
25.135,92.835,769.0,17.432620785390803,28.0
25.135,92.84,671.0,18.84584886404717,28.0
25.135,92.845,479.0,2.0649342141827822,28.0
25.135,92.85,589.0,23.09243561667001,28.0
25.135,92.855,727.0,17.752790161946685,28.0
25.135,92.86,584.0,22.9668617619454,28.0
25.135,92.865,739.0,27.787996713795696,28.0
25.135,92.87,782.0,23.13218256193125,28.0
25.135,92.875,801.0,17.248706122708775,28.0
25.135,92.88,698.0,30.24625565345471,28.0
25.135,92.885,758.0,32.53327948985054,28.0
25.135,92.89,733.0,19.685730102414364,28.0
25.135,92.895,879.0,21.826086273528343,28.0
25.135,92.9,788.0,25.35226373630059,28.0
25.135,92.905,684.0,26.287693674089116,28.0
25.135,92.91,656.0,27.321946085497732,28.0
25.135,92.915,603.0,19.25354151275117,28.0
25.135,92.92,814.0,22.29362915969408,28.0
25.135,92.925,1002.0,10.44746989776266,28.0
25.135,92.93,931.0,16.69924423399362,28.0
25.135,92.935,958.0,6.454830247455114,28.0
25.135,92.94,915.0,10.816005503945128,28.0
25.135,92.945,945.0,26.259697376554502,28.0
25.135,92.95,876.0,27.238572082130062,28.0
25.135,92.955,809.0,27.304428776436175,28.0
25.135,92.96,775.0,29.98759044568813,28.0
25.135,92.965,670.0,17.257119157898394,28.0
25.135,92.97,780.0,23.950057751840276,28.0
25.135,92.975,889.0,16.253917058152773,28.0
25.135,92.98,718.0,12.382549217765357,28.0
25.135,92.985,648.0,15.56612306257827,28.0
25.135,92.99,606.0,12.156145050965591,28.0
25.135,92.995,731.0,14.70766576132861,28.0
25.14,92.5,260.0,13.60805977475334,28.0
25.14,92.505,323.0,9.9063692721155,28.0
25.14,92.51,268.0,4.124518139862882,28.0
25.14,92.515,112.0,4.9166653832101535,28.0
25.14,92.52,242.0,31.65813312074801,28.0
25.14,92.525,234.0,14.738259624023955,28.0
25.14,92.53,336.0,17.424313779662153,28.0
25.14,92.535,373.0,13.674945403795036,28.0
25.14,92.54,439.0,18.80821273217334,28.0
25.14,92.545,527.0,10.142106156573984,28.0
25.14,92.55,606.0,15.877302622696872,28.0
25.14,92.555,492.0,17.28232754551572,28.0
25.14,92.56,456.0,10.417371405393052,28.0
25.14,92.565,579.0,22.29362915969408,28.0
25.14,92.57,656.0,24.094842552110705,28.0
25.14,92.575,709.0,20.365642146706307,28.0
25.14,92.58,725.0,27.629813025080505,28.0
25.14,92.585,491.0,24.83042469288418,28.0
25.14,92.59,535.0,26.665582493525097,28.0
25.14,92.595,443.0,7.141919756273425,28.0
25.14,92.6,,,28.0
25.14,92.605,1101.0,29.264396634860105,28.0
25.14,92.61,1245.0,21.04211761970153,28.0
25.14,92.615,1356.0,8.45570253780166,28.0
25.14,92.62,1187.0,11.648634944412734,28.0
25.14,92.625,1077.0,22.04642818808474,28.0
25.14,92.63,913.0,23.933889354573783,28.0
25.14,92.635,1077.0,28.617717360941366,28.0
25.14,92.64,1224.0,7.051280552921114,28.0
25.14,92.645,1202.0,13.674945403795036,28.0
25.14,92.65,1149.0,8.398938982096263,28.0
25.14,92.655,1138.0,20.654513358814864,28.0
25.14,92.66,1179.0,33.39454789891858,28.0
25.14,92.665,1427.0,17.257119157898394,28.0
25.14,92.67,1458.0,10.402286577822323,28.0
25.14,92.675,1419.0,4.3551096715835795,28.0
25.14,92.68,1375.0,7.7455377836318355,28.0
25.14,92.685,1396.0,6.173484200727683,28.0
25.14,92.69,1323.0,5.1742413701299474,28.0
25.14,92.695,1335.0,5.96026196814625,28.0
25.14,92.7,1386.0,19.40625475131371,28.0
25.14,92.705,1491.0,18.034027403561364,28.0
25.14,92.71,1593.0,11.433146958125782,28.0
25.14,92.715,1525.0,21.254691850269865,28.0
25.14,92.72,1572.0,18.58031398842556,28.0
25.14,92.725,1673.0,5.3893224751224,28.0
25.14,92.73,1694.0,2.560638973149915,28.0
25.14,92.735,1677.0,5.878250113590978,28.0
25.14,92.74,1618.0,3.663718325999619,28.0
25.14,92.745,1637.0,3.663718325999619,28.0
25.14,92.75,1535.0,9.664408742578416,28.0
25.14,92.755,1545.0,12.665224630685922,28.0
25.14,92.76,1375.0,13.540792726885435,28.0
25.14,92.765,1366.0,3.4808773532462083,28.0
25.14,92.77,1226.0,30.96375653207352,28.0
25.14,92.775,922.0,23.13218256193125,28.0
25.14,92.78,851.0,20.5275536180663,28.0
25.14,92.785,1023.0,24.70756955555535,28.0
25.14,92.79,1203.0,2.361028198348736,28.0
25.14,92.795,1048.0,24.142814615048746,28.0
25.14,92.8,851.0,16.496226513469395,28.0
25.14,92.805,906.0,18.16075212819556,28.0
25.14,92.81,830.0,19.86915737629387,28.0
25.14,92.815,595.0,4.609363720543608,28.0
25.14,92.82,688.0,27.039402984376,28.0
25.14,92.825,821.0,19.83405840224228,28.0
25.14,92.83,902.0,14.366056176200178,28.0
25.14,92.835,935.0,18.778033222445544,28.0
25.14,92.84,731.0,14.196947417484148,28.0
25.14,92.845,600.0,19.86214420520484,28.0
25.14,92.85,777.0,33.10114358966526,28.0
25.14,92.855,880.0,29.56512305466373,28.0
25.14,92.86,866.0,33.61718397514411,28.0
25.14,92.865,1022.0,40.51058943733277,28.0
25.14,92.87,1071.0,30.172763170745124,28.0
25.14,92.875,1097.0,31.868854766004784,28.0
25.14,92.88,1062.0,31.23189860247385,28.0
25.14,92.885,1093.0,14.470575684643377,28.0
25.14,92.89,1036.0,6.504634281949115,28.0
25.14,92.895,1073.0,3.3371107053581257,28.0
25.14,92.9,1002.0,27.83473278856992,28.0
25.14,92.905,987.0,22.67769149055652,28.0
25.14,92.91,963.0,29.37684488800065,28.0
25.14,92.915,795.0,23.77129889793896,28.0
25.14,92.92,858.0,15.765003824114848,28.0
25.14,92.925,1002.0,17.849848259878947,28.0
25.14,92.93,955.0,8.984876931685683,28.0
25.14,92.935,853.0,13.540792726885435,28.0
25.14,92.94,853.0,14.615430541128886,28.0
25.14,92.945,907.0,14.366056176200178,28.0
25.14,92.95,919.0,14.04702373801616,28.0
25.14,92.955,1009.0,9.697046418543986,28.0
25.14,92.96,924.0,8.45570253780166,28.0
25.14,92.965,872.0,20.80679101271123,28.0
25.14,92.97,914.0,24.20125277189839,28.0
25.14,92.975,933.0,17.299107615709833,28.0
25.14,92.98,796.0,13.186944047889988,28.0
25.14,92.985,702.0,10.21937711459359,28.0
25.14,92.99,709.0,9.713320968615797,28.0
25.14,92.995,574.0,16.208558038649098,28.0
25.145,92.5,163.0,12.181534728819736,28.0
25.145,92.505,231.0,21.254691850269865,28.0
25.145,92.51,157.0,18.86838370797213,28.0
25.145,92.515,163.0,17.978226794147478,28.0
25.145,92.52,305.0,16.253917058152773,28.0
25.145,92.525,390.0,14.418427013423848,28.0
25.145,92.53,425.0,20.634537788968707,28.0
25.145,92.535,537.0,12.869652430655464,28.0
25.145,92.54,602.0,23.58500363276618,28.0
25.145,92.545,728.0,23.046887822390868,28.0
25.145,92.55,751.0,13.71932671241174,28.0
25.145,92.555,610.0,26.565051177077994,28.0
25.145,92.56,639.0,28.516255566235397,28.0
25.145,92.565,748.0,31.424213239769305,28.0
25.145,92.57,876.0,20.358857925542072,28.0
25.145,92.575,952.0,24.563045162076698,28.0
25.145,92.58,863.0,33.07336609158907,28.0
25.145,92.585,591.0,37.73579680934586,28.0
25.145,92.59,744.0,21.826086273528343,28.0
25.145,92.595,648.0,24.70756955555535,28.0
25.145,92.6,580.0,21.583791547916466,28.0
25.145,92.605,668.0,23.35182128069875,28.0
25.145,92.61,1006.0,39.6844963183411,28.0
25.145,92.615,1297.0,8.089084126141794,28.0
25.145,92.62,1176.0,14.207585688982292,28.0
25.145,92.625,1164.0,7.209120586689089,28.0
25.145,92.63,1120.0,27.75818638256185,28.0
25.145,92.635,976.0,18.78558400320078,28.0
25.145,92.64,1169.0,31.424213239769305,28.0
25.145,92.645,1241.0,15.020256666513818,28.0
25.145,92.65,1281.0,2.0649342141827822,28.0
25.145,92.655,1350.0,15.276593911816503,28.0
25.145,92.66,1366.0,10.743403801775962,28.0
25.145,92.665,1439.0,3.0824947102675178,28.0
25.145,92.67,1496.0,16.089894054824914,28.0
25.145,92.675,1458.0,15.217895698464046,28.0
25.145,92.68,1421.0,5.7388854270937575,28.0
25.145,92.685,1414.0,3.4808773532462083,28.0
25.145,92.69,1346.0,7.7455377836318355,28.0
25.145,92.695,1387.0,21.40745975916796,28.0
25.145,92.7,1423.0,9.648045316098155,28.0
25.145,92.705,1510.0,25.87697129238931,28.0
25.145,92.71,1640.0,6.454830247455114,28.0
25.145,92.715,1618.0,5.111089695288715,28.0
25.145,92.72,1675.0,3.837767974238014,28.0
25.145,92.725,1691.0,3.0824947102675178,28.0
25.145,92.73,1699.0,4.465877540190299,28.0
25.145,92.735,1651.0,9.107717061395457,28.0
25.145,92.74,1569.0,20.14701290275177,28.0
25.145,92.745,1581.0,32.78354750027376,28.0
25.145,92.75,1613.0,5.111089695288715,28.0
25.145,92.755,1548.0,17.248706122708775,28.0
25.145,92.76,1404.0,16.890625981975184,28.0
25.145,92.765,1320.0,8.824258606545213,28.0
25.145,92.77,1329.0,21.583791547916466,28.0
25.145,92.775,1041.0,23.03548032843362,28.0
25.145,92.78,987.0,25.650704346482858,28.0
25.145,92.785,1163.0,36.218798882489544,28.0
25.145,92.79,1271.0,16.821344150651747,28.0
25.145,92.795,1082.0,23.03548032843362,28.0
25.145,92.8,1092.0,23.83653389078596,28.0
25.145,92.805,1047.0,8.896025825607326,28.0
25.145,92.81,871.0,21.312158140079532,28.0
25.145,92.815,732.0,22.19762640166049,28.0
25.145,92.82,819.0,20.311282505000214,28.0
25.145,92.825,948.0,27.304428776436175,28.0
25.145,92.83,1045.0,17.23186464707325,28.0
25.145,92.835,991.0,25.665241294016468,28.0
25.145,92.84,745.0,12.713660915082892,28.0
25.145,92.845,777.0,27.872873020491895,28.0
25.145,92.85,967.0,13.59687524180116,28.0
25.145,92.855,1109.0,15.198269477657098,28.0
25.145,92.86,1128.0,12.999985665815318,28.0
25.145,92.865,1211.0,4.3551096715835795,28.0
25.145,92.87,1175.0,13.416459891104456,28.0
25.145,92.875,1255.0,9.159824730595334,28.0
25.145,92.88,1319.0,3.663718325999619,28.0
25.145,92.885,1224.0,15.0600315288688,28.0
25.145,92.89,1058.0,14.57421619803874,28.0
25.145,92.895,1012.0,9.9063692721155,28.0
25.145,92.9,1111.0,16.742977650935924,28.0
25.145,92.905,1139.0,24.359555875506427,28.0
25.145,92.91,1071.0,6.936247607063137,28.0
25.145,92.915,991.0,10.21937711459359,28.0
25.145,92.92,1012.0,25.81470078401803,28.0
25.145,92.925,1097.0,16.55833888459116,28.0
25.145,92.93,949.0,13.495733280795813,28.0
25.145,92.935,813.0,6.379370208442803,28.0
25.145,92.94,881.0,10.640849616317048,28.0
25.145,92.945,938.0,27.12379140724319,28.0
25.145,92.95,984.0,16.681711234925,28.0
25.145,92.955,1025.0,14.789083385427716,28.0
25.145,92.96,1098.0,11.648634944412732,28.0
25.145,92.965,1018.0,21.7085195733847,28.0
25.145,92.97,1080.0,10.931069451588014,28.0
25.145,92.975,941.0,19.82702865340817,28.0
25.145,92.98,842.0,7.428549707571748,28.0
25.145,92.985,783.0,16.496226513469395,28.0
25.145,92.99,752.0,18.457276769424013,28.0
25.145,92.995,660.0,14.03624346792648,28.0
25.15,92.5,78.0,2.9189949338347145,28.0
25.15,92.505,99.0,1.280959113423653,28.0
25.15,92.51,176.0,15.499145989287891,28.0
25.15,92.515,131.0,19.528728546210285,28.0
25.15,92.52,116.0,7.209120586689089,28.0
25.15,92.525,295.0,22.101028844856764,28.0
25.15,92.53,381.0,,28.0
25.15,92.535,685.0,20.94450636642053,28.0
25.15,92.54,827.0,19.471220634490695,28.0
25.15,92.545,931.0,5.267518906840194,28.0
25.15,92.55,908.0,25.52905496895954,28.0
25.15,92.555,860.0,18.317585387347243,28.0
25.15,92.56,1008.0,18.38760160290751,28.0
25.15,92.565,1069.0,31.505953138152577,28.0
25.15,92.57,1183.0,22.805581198972487,28.0
25.15,92.575,1126.0,14.04702373801616,28.0
25.15,92.58,899.0,33.23015403812321,28.0
25.15,92.585,899.0,33.321687304462316,28.0
25.15,92.59,901.0,28.62985098703482,28.0
25.15,92.595,654.0,18.410864354172183,28.0
25.15,92.6,851.0,32.70160045797619,28.0
25.15,92.605,899.0,24.24890789301412,28.0
25.15,92.61,929.0,37.88098912438741,28.0
25.15,92.615,1284.0,16.208558038649098,28.0
25.15,92.62,1225.0,17.299107615709833,28.0
25.15,92.625,1277.0,14.164976627383547,28.0
25.15,92.63,1216.0,11.794248902093369,28.0
25.15,92.635,1159.0,15.960899862035443,28.0
25.15,92.64,1044.0,28.520326031798568,28.0
25.15,92.645,1074.0,25.178516216275582,28.0
25.15,92.65,1170.0,24.014568349585662,28.0
25.15,92.655,1209.0,13.186944047889988,28.0
25.15,92.66,1300.0,17.257119157898394,28.0
25.15,92.665,1442.0,16.742977650935924,28.0
25.15,92.67,1468.0,12.665224630685922,28.0
25.15,92.675,1508.0,8.45570253780166,28.0
25.15,92.68,1408.0,7.662350300486558,28.0
25.15,92.685,1361.0,13.093845922704302,28.0
25.15,92.69,1394.0,13.774570975668132,28.0
25.15,92.695,1485.0,3.837767974238014,28.0
25.15,92.7,1497.0,21.30578361782877,28.0
25.15,92.705,1583.0,22.14940249347011,28.0
25.15,92.71,1600.0,11.309932474020217,28.0
25.15,92.715,1607.0,17.720287776093915,28.0
25.15,92.72,1646.0,10.888076838622831,28.0
25.15,92.725,1626.0,11.63529670109765,28.0
25.15,92.73,1580.0,23.03548032843362,28.0
25.15,92.735,1489.0,19.02515576249955,28.0
25.15,92.74,1455.0,23.273326481355983,28.0
25.15,92.745,1394.0,15.81191219488406,28.0
25.15,92.75,1529.0,15.585195857538066,28.0
25.15,92.755,1588.0,9.159824730595334,28.0
25.15,92.76,1416.0,20.78041748766358,28.0
25.15,92.765,1296.0,4.465877540190299,28.0
25.15,92.77,1371.0,14.70766576132861,28.0
25.15,92.775,1309.0,20.304473709960437,28.0
25.15,92.78,1296.0,22.834502638149456,28.0
25.15,92.785,1408.0,26.048181158843665,28.0
25.15,92.79,1421.0,24.094842552110705,28.0
25.15,92.795,1360.0,13.416459891104456,28.0
25.15,92.8,1317.0,4.044691235386269,28.0
25.15,92.805,1199.0,7.40691212849523,28.0
25.15,92.81,1002.0,32.53008701354238,28.0
25.15,92.815,950.0,26.010289586407552,28.0
25.15,92.82,996.0,25.819499284701447,28.0
25.15,92.825,1119.0,10.772508814602732,28.0
25.15,92.83,1152.0,12.964588174052748,28.0
25.15,92.835,1001.0,31.051293565952417,28.0
25.15,92.84,938.0,19.721181132323412,28.0
25.15,92.845,1028.0,15.119460665411577,28.0
25.15,92.85,1091.0,20.201969577630862,28.0
25.15,92.855,1237.0,7.9896532960303395,28.0
25.15,92.86,1177.0,13.585680087733436,28.0
25.15,92.865,1104.0,8.984876931685683,28.0
25.15,92.87,1208.0,14.334526006829275,28.0
25.15,92.875,1297.0,15.06995574963759,28.0
25.15,92.88,1320.0,5.3893224751224,28.0
25.15,92.885,1280.0,26.99034751476369,28.0
25.15,92.89,1071.0,12.481691419986054,28.0
25.15,92.895,979.0,5.7388854270937575,28.0
25.15,92.9,1074.0,15.651730558256704,28.0
25.15,92.905,1245.0,4.163849943478467,28.0
25.15,92.91,1236.0,14.789083385427716,28.0
25.15,92.915,1252.0,20.846265656650555,28.0
25.15,92.92,1239.0,6.936247607063137,28.0
25.15,92.925,1177.0,31.852228800633767,28.0
25.15,92.93,908.0,21.764320410826414,28.0
25.15,92.935,817.0,16.94235714251686,28.0
25.15,92.94,888.0,12.456989292435246,28.0
25.15,92.945,975.0,10.537203406802927,28.0
25.15,92.95,979.0,7.141919756273425,28.0
25.15,92.955,942.0,2.9189949338347145,28.0
25.15,92.96,1038.0,12.156145050965591,28.0
25.15,92.965,1115.0,18.13707730871511,28.0
25.15,92.97,1085.0,11.115261308548,28.0
25.15,92.975,996.0,2.361028198348736,28.0
25.15,92.98,868.0,12.999985665815318,28.0
25.15,92.985,775.0,21.78287605629714,28.0
25.15,92.99,662.0,23.79851256035922,28.0
25.15,92.995,590.0,3.837767974238014,28.0
25.155,92.5,177.0,15.26682958715123,28.0
25.155,92.505,95.0,3.6188832299832416,28.0
25.155,92.51,252.0,9.24597366655069,28.0
25.155,92.515,287.0,11.91191379484262,28.0
25.155,92.52,203.0,8.398938982096263,28.0
25.155,92.525,237.0,13.14048922592315,28.0
25.155,92.53,206.0,16.55833888459116,28.0
25.155,92.535,344.0,12.964588174052748,28.0
25.155,92.54,663.0,14.666756752735052,28.0
25.155,92.545,659.0,26.88280561510016,28.0
25.155,92.55,558.0,25.572953701284636,28.0
25.155,92.555,698.0,29.268286919239102,28.0
25.155,92.56,1033.0,28.682327259935295,28.0
25.155,92.565,1274.0,19.80591943221724,28.0
25.155,92.57,1347.0,9.24597366655069,28.0
25.155,92.575,1190.0,18.410864354172183,28.0
25.155,92.58,1092.0,27.003740826820703,28.0
25.155,92.585,1148.0,17.121890324478656,28.0
25.155,92.59,990.0,32.7520777166562,28.0
25.155,92.595,981.0,31.093147209327395,28.0
25.155,92.6,1176.0,25.352263736300593,28.0
25.155,92.605,1121.0,30.995323304302893,28.0
25.155,92.61,1286.0,27.163614006974587,28.0
25.155,92.615,1403.0,6.936247607063137,28.0
25.155,92.62,1312.0,10.44746989776266,28.0
25.155,92.625,1371.0,1.280959113423653,28.0
25.155,92.63,1344.0,13.416459891104456,28.0
25.155,92.635,1241.0,15.354441513180229,28.0
25.155,92.64,1224.0,8.398938982096263,28.0
25.155,92.645,1113.0,14.06855543858456,28.0
25.155,92.65,1193.0,13.058738527350116,28.0
25.155,92.655,1071.0,14.302914425322813,28.0
25.155,92.66,1132.0,12.066808999772697,28.0
25.155,92.665,1291.0,12.456989292435246,28.0
25.155,92.67,1441.0,9.159824730595334,28.0
25.155,92.675,1464.0,7.051280552921114,28.0
25.155,92.68,1442.0,4.163849943478467,28.0
25.155,92.685,1436.0,8.824258606545213,28.0
25.155,92.69,1423.0,6.936247607063137,28.0
25.155,92.695,1527.0,26.109567873949555,28.0
25.155,92.7,1674.0,1.6201374245654556,28.0
25.155,92.705,1601.0,10.417371405393052,28.0
25.155,92.71,1484.0,17.946241531785883,28.0
25.155,92.715,1544.0,1.811248047327972,28.0
25.155,92.72,1563.0,16.777863072020835,28.0
25.155,92.725,1486.0,24.72297771719879,28.0
25.155,92.73,1458.0,6.866265885252495,28.0
25.155,92.735,1375.0,10.44746989776266,28.0
25.155,92.74,1328.0,15.793169048263966,28.0
25.155,92.745,1335.0,14.58453263822114,28.0
25.155,92.75,1467.0,21.912146908156487,28.0
25.155,92.755,1551.0,7.7455377836318355,28.0
25.155,92.76,1391.0,16.734242254624238,28.0
25.155,92.765,1285.0,5.96026196814625,28.0
25.155,92.77,1338.0,4.9166653832101535,28.0
25.155,92.775,1358.0,26.403831452301443,28.0
25.155,92.78,1450.0,14.789083385427716,28.0
25.155,92.785,1497.0,5.96026196814625,28.0
25.155,92.79,1493.0,8.049466975528398,28.0
25.155,92.795,1447.0,4.465877540190299,28.0
25.155,92.8,1430.0,8.678829373950299,28.0
25.155,92.805,1354.0,11.976725812374069,28.0
25.155,92.81,1270.0,15.149071220451717,28.0
25.155,92.815,1229.0,25.35226373630059,28.0
25.155,92.82,1206.0,5.624839675183298,28.0
25.155,92.825,1133.0,26.02924637582836,28.0
25.155,92.83,1086.0,5.3893224751224,28.0
25.155,92.835,1056.0,10.888076838622831,28.0
25.155,92.84,1034.0,3.0824947102675178,28.0
25.155,92.845,1038.0,7.599333100622036,28.0
25.155,92.85,1174.0,13.686056323998818,28.0
25.155,92.855,1151.0,24.95235189036929,28.0
25.155,92.86,1065.0,17.432620785390803,28.0
25.155,92.865,1082.0,8.45570253780166,28.0
25.155,92.87,1193.0,10.81600550394513,28.0
25.155,92.875,1244.0,5.3893224751224,28.0
25.155,92.88,1194.0,28.261905876437844,28.0
25.155,92.885,1075.0,9.92227370227362,28.0
25.155,92.89,964.0,15.0600315288688,28.0
25.155,92.895,969.0,15.354441513180229,28.0
25.155,92.9,1113.0,24.285875363835967,28.0
25.155,92.905,1258.0,3.4808773532462083,28.0
25.155,92.91,1268.0,1.280959113423653,28.0
25.155,92.915,1255.0,7.253560723066103,28.0
25.155,92.92,1236.0,7.428549707571748,28.0
25.155,92.925,1123.0,23.83653389078596,28.0
25.155,92.93,958.0,8.284177231157289,28.0
25.155,92.935,840.0,10.402286577822323,28.0
25.155,92.94,773.0,20.67446261282179,28.0
25.155,92.945,832.0,24.95235189036929,28.0
25.155,92.95,900.0,11.87283675412141,28.0
25.155,92.955,894.0,10.032841837324575,28.0
25.155,92.96,941.0,11.976725812374069,28.0
25.155,92.965,972.0,15.886617531931096,28.0
25.155,92.97,970.0,18.845848864047166,28.0
25.155,92.975,941.0,4.004172940709388,28.0
25.155,92.98,940.0,6.84277341263094,28.0
25.155,92.985,845.0,15.0600315288688,28.0
25.155,92.99,728.0,15.585195857538066,28.0
25.155,92.995,572.0,10.684933277782497,28.0
25.16,92.5,201.0,13.818582444029008,28.0
25.16,92.505,101.0,11.872836754121412,28.0
25.16,92.51,249.0,15.802543980364272,28.0
25.16,92.515,340.0,6.959412387152244,28.0
25.16,92.52,374.0,16.9509599686148,28.0
25.16,92.525,301.0,5.710593137499643,28.0
25.16,92.53,257.0,26.12370130504621,28.0
25.16,92.535,184.0,11.754735170671625,28.0
25.16,92.54,307.0,20.547670913358743,28.0
25.16,92.545,357.0,33.70658681677466,28.0
25.16,92.55,471.0,12.999985665815318,28.0
25.16,92.555,748.0,30.2168978365388,28.0
25.16,92.56,960.0,31.35235740952613,28.0
25.16,92.565,1135.0,28.62985098703482,28.0
25.16,92.57,1033.0,31.033823213473173,28.0
25.16,92.575,1053.0,35.027687854415305,28.0
25.16,92.58,1299.0,16.55833888459116,28.0
25.16,92.585,1333.0,14.70766576132861,28.0
25.16,92.59,1167.0,22.595761881293804,28.0
25.16,92.595,1214.0,21.71472961826232,28.0
25.16,92.6,1377.0,20.188249292660988,28.0
25.16,92.605,1447.0,31.138369345567487,28.0
25.16,92.61,1529.0,13.279296233845615,28.0
25.16,92.615,1481.0,8.697149365003282,28.0
25.16,92.62,1426.0,8.605135268574712,28.0
25.16,92.625,1405.0,8.206727073997664,28.0
25.16,92.63,1385.0,1.6201374245654556,28.0
25.16,92.635,1354.0,9.9063692721155,28.0
25.16,92.64,1261.0,11.364876967033675,28.0
25.16,92.645,1179.0,16.172159015782555,28.0
25.16,92.65,1240.0,7.662350300486558,28.0
25.16,92.655,1178.0,14.553557497859137,28.0
25.16,92.66,1110.0,20.385976479920775,28.0
25.16,92.665,1206.0,29.47317300825169,28.0
25.16,92.67,1436.0,15.877302622696872,28.0
25.16,92.675,1458.0,5.624839675183298,28.0
25.16,92.68,1457.0,1.811248047327972,28.0
25.16,92.685,1462.0,7.2977186821765665,28.0
25.16,92.69,1556.0,14.366056176200178,28.0
25.16,92.695,1618.0,10.21937711459359,28.0
25.16,92.7,1630.0,12.079616644827674,28.0
25.16,92.705,1494.0,16.181268131599445,28.0
25.16,92.71,1420.0,7.9896532960303395,28.0
25.16,92.715,1423.0,12.869652430655464,28.0
25.16,92.72,1391.0,6.889675180467723,28.0
25.16,92.725,1382.0,4.850090156191999,28.0
25.16,92.73,1356.0,0.5729386976834859,28.0
25.16,92.735,1293.0,18.10544934292749,28.0
25.16,92.74,1330.0,16.91651608571675,28.0
25.16,92.745,1318.0,17.720287776093915,28.0
25.16,92.75,1384.0,16.890625981975184,28.0
25.16,92.755,1445.0,19.002862987358917,28.0
25.16,92.76,1477.0,8.605135268574712,28.0
25.16,92.765,1377.0,12.206865139615095,28.0
25.16,92.77,1291.0,9.664408742578416,28.0
25.16,92.775,1232.0,14.666756752735052,28.0
25.16,92.78,1377.0,17.349325993056564,28.0
25.16,92.785,1495.0,1.7183580016554572,28.0
25.16,92.79,1444.0,4.044691235386269,28.0
25.16,92.795,1372.0,6.302976451652821,28.0
25.16,92.8,1439.0,11.527973042352134,28.0
25.16,92.805,1318.0,23.557422528871143,28.0
25.16,92.81,1211.0,10.032841837324575,28.0
25.16,92.815,1183.0,12.066808999772697,28.0
25.16,92.82,1219.0,11.19914909644824,28.0
25.16,92.825,1154.0,8.54942232101196,28.0
25.16,92.83,1136.0,5.710593137499643,28.0
25.16,92.835,1080.0,7.141919756273425,28.0
25.16,92.84,1041.0,9.794256737807247,28.0
25.16,92.845,1026.0,11.433146958125782,28.0
25.16,92.85,1041.0,12.84579372031137,28.0
25.16,92.855,1040.0,18.5342984732941,28.0
25.16,92.86,969.0,10.581758987862388,28.0
25.16,92.865,1041.0,9.51604741998822,28.0
25.16,92.87,1063.0,6.2772984895975545,28.0
25.16,92.875,1042.0,18.325381934580992,28.0
25.16,92.88,1005.0,15.651730558256707,28.0
25.16,92.885,974.0,1.280959113423653,28.0
25.16,92.89,925.0,17.257119157898394,28.0
25.16,92.895,1019.0,10.142106156573984,28.0
25.16,92.9,1220.0,16.253917058152773,28.0
25.16,92.905,1243.0,0.5729386976834859,28.0
25.16,92.91,1230.0,11.63529670109765,28.0
25.16,92.915,1193.0,5.96026196814625,28.0
25.16,92.92,1161.0,7.662350300486558,28.0
25.16,92.925,1047.0,8.842258533397425,28.0
25.16,92.93,959.0,8.530765609948133,28.0
25.16,92.935,882.0,4.7140651095854516,28.0
25.16,92.94,813.0,14.196947417484148,28.0
25.16,92.945,718.0,21.5273333260243,28.0
25.16,92.95,798.0,24.48508445803616,28.0
25.16,92.955,813.0,19.464016342661992,28.0
25.16,92.96,855.0,12.00254108984283,28.0
25.16,92.965,1064.0,11.872836754121412,28.0
25.16,92.97,929.0,9.449304906720505,28.0
25.16,92.975,876.0,1.6201374245654556,28.0
25.16,92.98,931.0,9.664408742578416,28.0
25.16,92.985,829.0,15.354441513180229,28.0
25.16,92.99,706.0,22.811369738436177,28.0
25.16,92.995,529.0,27.85169490428029,28.0
25.165,92.5,215.0,18.08168200491717,28.0
25.165,92.505,119.0,15.97940505640506,28.0
25.165,92.51,154.0,13.9061215425325,28.0
25.165,92.515,279.0,15.736777699633285,28.0
25.165,92.52,451.0,6.651732748715235,28.0
25.165,92.525,375.0,7.662350300486558,28.0
25.165,92.53,338.0,6.379370208442803,28.0
25.165,92.535,246.0,13.873369436070131,28.0
25.165,92.54,201.0,4.004172940709388,28.0
25.165,92.545,302.0,32.21418267031087,28.0
25.165,92.55,462.0,21.451732411764542,28.0
25.165,92.555,605.0,25.645855808388653,28.0
25.165,92.56,724.0,31.7353754997287,28.0
25.165,92.565,804.0,33.61718397514411,28.0
25.165,92.57,672.0,36.501441120506314,28.0
25.165,92.575,951.0,33.66492623517576,28.0
25.165,92.58,1122.0,42.94098376809507,28.0
25.165,92.585,1328.0,32.06706985148497,28.0
25.165,92.59,1366.0,10.743403801775962,28.0
25.165,92.595,1411.0,17.978226794147478,28.0
25.165,92.6,1511.0,2.361028198348736,28.0
25.165,92.605,1456.0,12.320128415332896,28.0
25.165,92.61,1467.0,12.156145050965591,28.0
25.165,92.615,1482.0,9.449304906720505,28.0
25.165,92.62,1481.0,4.124518139862882,28.0
25.165,92.625,1490.0,15.81191219488406,28.0
25.165,92.63,1444.0,8.678829373950299,28.0
25.165,92.635,1347.0,18.457276769424013,28.0
25.165,92.64,1228.0,13.37091809860972,28.0
25.165,92.645,1274.0,16.708002222639085,28.0
25.165,92.65,1242.0,8.089084126141794,28.0
25.165,92.655,1197.0,11.157292128087049,28.0
25.165,92.66,1116.0,22.770805185264212,28.0
25.165,92.665,1279.0,25.178516216275582,28.0
25.165,92.67,1378.0,19.86214420520484,28.0
25.165,92.675,1382.0,29.26439663486011,28.0
25.165,92.68,1430.0,5.3893224751224,28.0
25.165,92.685,1498.0,10.772508814602732,28.0
25.165,92.69,1537.0,6.936247607063137,28.0
25.165,92.695,1591.0,13.12884614937404,28.0
25.165,92.7,1630.0,4.609363720543608,28.0
25.165,92.705,1584.0,7.7455377836318355,28.0
25.165,92.71,1511.0,19.464016342661992,28.0
25.165,92.715,1415.0,7.7455377836318355,28.0
25.165,92.72,1358.0,13.949652246979396,28.0
25.165,92.725,1312.0,11.91191379484262,28.0
25.165,92.73,1335.0,4.044691235386269,28.0
25.165,92.735,1340.0,9.090276920822324,28.0
25.165,92.74,1335.0,9.245973666550688,28.0
25.165,92.745,1238.0,13.12884614937404,28.0
25.165,92.75,1281.0,13.14048922592315,28.0
25.165,92.755,1336.0,15.149071220451717,28.0
25.165,92.76,1409.0,12.370093432433936,28.0
25.165,92.765,1433.0,7.7455377836318355,28.0
25.165,92.77,1357.0,5.7388854270937575,28.0
25.165,92.775,1239.0,20.311282505000214,28.0
25.165,92.78,1315.0,9.697046418543986,28.0
25.165,92.785,1467.0,6.379370208442803,28.0
25.165,92.79,1347.0,21.40745975916796,28.0
25.165,92.795,1333.0,18.41861020950385,28.0
25.165,92.8,1316.0,10.44746989776266,28.0
25.165,92.805,1257.0,4.609363720543608,28.0
25.165,92.81,1191.0,13.540792726885435,28.0
25.165,92.815,1160.0,8.697149365003282,28.0
25.165,92.82,1198.0,5.624839675183298,28.0
25.165,92.825,1179.0,4.044691235386269,28.0
25.165,92.83,1130.0,4.7140651095854516,28.0
25.165,92.835,1103.0,8.398938982096263,28.0
25.165,92.84,1012.0,15.040159724994792,28.0
25.165,92.845,1048.0,9.245973666550688,28.0
25.165,92.85,1045.0,3.3371107053581257,28.0
25.165,92.855,972.0,9.398914043719726,28.0
25.165,92.86,928.0,18.207983774890597,28.0
25.165,92.865,1030.0,7.7455377836318355,28.0
25.165,92.87,999.0,22.299609771221537,28.0
25.165,92.875,934.0,10.142106156573984,28.0
25.165,92.88,891.0,15.06995574963759,28.0
25.165,92.885,889.0,8.984876931685683,28.0
25.165,92.89,1016.0,20.311282505000214,28.0
25.165,92.895,1114.0,15.802543980364272,28.0
25.165,92.9,1241.0,8.697149365003282,28.0
25.165,92.905,1199.0,7.2977186821765665,28.0
25.165,92.91,1158.0,16.06235837746245,28.0
25.165,92.915,1060.0,21.106846658709145,28.0
25.165,92.92,1042.0,11.91191379484262,28.0
25.165,92.925,988.0,10.417371405393052,28.0
25.165,92.93,883.0,4.044691235386269,28.0
25.165,92.935,947.0,3.4808773532462083,28.0
25.165,92.94,878.0,11.268529661509747,28.0
25.165,92.945,757.0,9.794256737807247,28.0
25.165,92.95,771.0,11.648634944412732,28.0
25.165,92.955,833.0,15.585195857538066,28.0
25.165,92.96,858.0,14.666756752735052,28.0
25.165,92.965,1057.0,19.18025799623977,28.0
25.165,92.97,1038.0,32.040778442636665,28.0
25.165,92.975,885.0,9.697046418543986,28.0
25.165,92.98,932.0,7.641405059952685,28.0
25.165,92.985,777.0,10.684933277782497,28.0
25.165,92.99,683.0,16.734242254624238,28.0
25.165,92.995,485.0,19.82702865340817,28.0
25.17,92.5,316.0,13.895214125297697,28.0
25.17,92.505,171.0,17.744671625056935,28.0
25.17,92.51,194.0,6.06783785083067,28.0
25.17,92.515,308.0,10.81600550394513,28.0
25.17,92.52,432.0,13.093845922704302,28.0
25.17,92.525,534.0,17.391035938698558,28.0
25.17,92.53,441.0,13.279296233845615,28.0
25.17,92.535,419.0,14.799223392695009,28.0
25.17,92.54,408.0,14.366056176200178,28.0
25.17,92.545,243.0,15.06995574963759,28.0
25.17,92.55,330.0,14.9403293424737,28.0
25.17,92.555,440.0,12.84579372031137,28.0
25.17,92.56,433.0,17.391035938698558,28.0
25.17,92.565,435.0,10.684933277782497,28.0
25.17,92.57,557.0,21.71472961826232,28.0
25.17,92.575,629.0,22.87490363679849,28.0
25.17,92.58,707.0,49.22480798534947,28.0
25.17,92.585,837.0,32.197901503434494,28.0
25.17,92.59,1144.0,36.603676478558214,28.0
25.17,92.595,1285.0,15.97940505640506,28.0
25.17,92.6,1347.0,24.094842552110705,28.0
25.17,92.605,1407.0,20.911829865312622,28.0
25.17,92.61,1474.0,9.9063692721155,28.0
25.17,92.615,1454.0,3.3371107053581257,28.0
25.17,92.62,1444.0,6.173484200727683,28.0
25.17,92.625,1530.0,17.817569982561537,28.0
25.17,92.63,1523.0,14.079306913753854,28.0
25.17,92.635,1393.0,7.7455377836318355,28.0
25.17,92.64,1382.0,17.5484006137923,28.0
25.17,92.645,1387.0,8.398938982096263,28.0
25.17,92.65,1262.0,8.049466975528398,28.0
25.17,92.655,1221.0,10.44746989776266,28.0
25.17,92.66,1125.0,20.304473709960437,28.0
25.17,92.665,1215.0,10.888076838622831,28.0
25.17,92.67,1164.0,6.504634281949114,28.0
25.17,92.675,1327.0,17.752790161946685,28.0
25.17,92.68,1461.0,10.888076838622831,28.0
25.17,92.685,1481.0,12.419832137022013,28.0
25.17,92.69,1486.0,8.45570253780166,28.0
25.17,92.695,1517.0,4.573921259900861,28.0
25.17,92.7,1520.0,13.895214125297697,28.0
25.17,92.705,1497.0,21.583791547916466,28.0
25.17,92.71,1453.0,17.695861429122893,28.0
25.17,92.715,1537.0,6.173484200727683,28.0
25.17,92.72,1435.0,5.419335736411587,28.0
25.17,92.725,1382.0,18.78558400320078,28.0
25.17,92.73,1456.0,21.7085195733847,28.0
25.17,92.735,1466.0,6.67592292471606,28.0
25.17,92.74,1348.0,7.599333100622036,28.0
25.17,92.745,1300.0,15.680141406453098,28.0
25.17,92.75,1267.0,17.05377386638326,28.0
25.17,92.755,1191.0,13.540792726885435,28.0
25.17,92.76,1337.0,8.842258533397425,28.0
25.17,92.765,1360.0,13.12884614937404,28.0
25.17,92.77,1305.0,8.824258606545213,28.0
25.17,92.775,1208.0,13.37091809860972,28.0
25.17,92.78,1309.0,14.910225469622969,28.0
25.17,92.785,1360.0,16.398037117968236,28.0
25.17,92.79,1296.0,6.67592292471606,28.0
25.17,92.795,1211.0,12.604382648379184,28.0
25.17,92.8,1251.0,13.244750575284366,28.0
25.17,92.805,1202.0,8.605135268574712,28.0
25.17,92.81,1147.0,7.96961039432136,28.0
25.17,92.815,1189.0,4.124518139862882,28.0
25.17,92.82,1169.0,2.0649342141827822,28.0
25.17,92.825,1150.0,3.3371107053581257,28.0
25.17,92.83,1137.0,5.710593137499643,28.0
25.17,92.835,1094.0,8.45570253780166,28.0
25.17,92.84,923.0,28.950169473762767,28.0
25.17,92.845,1051.0,5.7388854270937575,28.0
25.17,92.85,1030.0,0.8102306720437776,28.0
25.17,92.855,920.0,12.481691419986054,28.0
25.17,92.86,894.0,5.822915528381649,28.0
25.17,92.865,950.0,1.7183580016554572,28.0
25.17,92.87,917.0,6.302976451652821,28.0
25.17,92.875,842.0,10.640849616317048,28.0
25.17,92.88,882.0,10.032841837324575,28.0
25.17,92.885,987.0,10.888076838622831,28.0
25.17,92.89,1150.0,22.595761881293804,28.0
25.17,92.895,1206.0,5.624839675183298,28.0
25.17,92.9,1174.0,7.7455377836318355,28.0
25.17,92.905,1118.0,7.141919756273425,28.0
25.17,92.91,1048.0,15.119460665411571,28.0
25.17,92.915,930.0,20.634537788968707,28.0
25.17,92.92,900.0,10.04852985013406,28.0
25.17,92.925,970.0,6.379370208442803,28.0
25.17,92.93,874.0,16.496226513469395,28.0
25.17,92.935,860.0,10.44746989776266,28.0
25.17,92.94,829.0,14.366056176200178,28.0
25.17,92.945,673.0,8.697149365003282,28.0
25.17,92.95,758.0,8.697149365003282,28.0
25.17,92.955,904.0,19.86214420520484,28.0
25.17,92.96,1009.0,3.0824947102675178,28.0
25.17,92.965,950.0,12.156145050965591,28.0
25.17,92.97,974.0,21.979432647206902,28.0
25.17,92.975,907.0,14.789083385427716,28.0
25.17,92.98,850.0,22.36524583480084,28.0
25.17,92.985,848.0,25.684603702526804,28.0
25.17,92.99,635.0,20.304473709960437,28.0
25.17,92.995,440.0,14.666756752735052,28.0
25.175,92.5,229.0,8.14812945516323,28.0
25.175,92.505,185.0,17.299107615709833,28.0
25.175,92.51,191.0,14.132921424385623,28.0
25.175,92.515,212.0,12.51864147468042,28.0
25.175,92.52,292.0,15.217895698464046,28.0
25.175,92.525,444.0,16.9509599686148,28.0
25.175,92.53,595.0,14.302914425322813,28.0
25.175,92.535,583.0,16.099059885706843,28.0
25.175,92.54,447.0,13.14048922592315,28.0
25.175,92.545,393.0,15.119460665411571,28.0
25.175,92.55,319.0,16.208558038649098,28.0
25.175,92.555,286.0,9.090276920822324,28.0
25.175,92.56,310.0,7.2977186821765665,28.0
25.175,92.565,330.0,8.605135268574712,28.0
25.175,92.57,356.0,9.713320968615797,28.0
25.175,92.575,400.0,20.413046273156507,28.0
25.175,92.58,456.0,14.418427013423848,28.0
25.175,92.585,556.0,29.511547680926455,28.0
25.175,92.59,,,28.0
25.175,92.595,1128.0,24.645789209301867,28.0
25.175,92.6,1262.0,19.6002996778214,28.0
25.175,92.605,1417.0,14.196947417484148,28.0
25.175,92.61,1507.0,2.9189949338347145,28.0
25.175,92.615,1501.0,3.837767974238014,28.0
25.175,92.62,1493.0,7.909161066980582,28.0
25.175,92.625,1550.0,15.119460665411577,28.0
25.175,92.63,1497.0,12.370093432433936,28.0
25.175,92.635,1451.0,9.664408742578416,28.0
25.175,92.64,1474.0,10.81600550394513,28.0
25.175,92.645,1341.0,15.26682958715123,28.0
25.175,92.65,1244.0,7.9293646872281585,28.0
25.175,92.655,1215.0,10.44746989776266,28.0
25.175,92.66,1200.0,13.093845922704302,28.0
25.175,92.665,1176.0,11.323696238973891,28.0
25.175,92.67,1162.0,5.7388854270937575,28.0
25.175,92.675,1271.0,24.359555875506427,28.0
25.175,92.68,1439.0,17.349325993056564,28.0
25.175,92.685,1506.0,7.428549707571748,28.0
25.175,92.69,1533.0,6.866265885252495,28.0
25.175,92.695,1539.0,1.280959113423653,28.0
25.175,92.7,1530.0,14.132921424385623,28.0
25.175,92.705,1506.0,16.253917058152773,28.0
25.175,92.71,1485.0,12.419832137022013,28.0
25.175,92.715,1417.0,6.147248032686261,28.0
25.175,92.72,1411.0,6.2772984895975545,28.0
25.175,92.725,1507.0,5.7388854270937575,28.0
25.175,92.73,1478.0,19.721181132323412,28.0
25.175,92.735,1385.0,16.55833888459116,28.0
25.175,92.74,1344.0,1.811248047327972,28.0
25.175,92.745,1298.0,0.8102306720437776,28.0
25.175,92.75,1237.0,22.99548908611204,28.0
25.175,92.755,1178.0,8.530765609948133,28.0
25.175,92.76,1266.0,3.3371107053581257,28.0
25.175,92.765,1362.0,11.115261308548,28.0
25.175,92.77,1299.0,14.196947417484148,28.0
25.175,92.775,1167.0,10.44746989776266,28.0
25.175,92.78,1238.0,17.121890324478656,28.0
25.175,92.785,1306.0,2.0649342141827822,28.0
25.175,92.79,1305.0,1.1457628381751035,28.0
25.175,92.795,1227.0,1.280959113423653,28.0
25.175,92.8,1138.0,17.744671625056935,28.0
25.175,92.805,1112.0,1.280959113423653,28.0
25.175,92.81,1189.0,6.889675180467723,28.0
25.175,92.815,1223.0,7.428549707571748,28.0
25.175,92.82,1197.0,4.573921259900861,28.0
25.175,92.825,1164.0,3.837767974238014,28.0
25.175,92.83,1141.0,4.163849943478467,28.0
25.175,92.835,1020.0,25.81470078401803,28.0
25.175,92.84,850.0,13.873369436070131,28.0
25.175,92.845,1004.0,19.31918469252796,28.0
25.175,92.85,1064.0,4.044691235386269,28.0
25.175,92.855,952.0,20.243055274274415,28.0
25.175,92.86,898.0,8.530765609948133,28.0
25.175,92.865,890.0,13.093845922704302,28.0
25.175,92.87,901.0,8.878141907487027,28.0
25.175,92.875,831.0,13.895214125297697,28.0
25.175,92.88,890.0,4.9166653832101535,28.0
25.175,92.885,955.0,17.978226794147478,28.0
25.175,92.89,1167.0,20.188249292660988,28.0
25.175,92.895,1160.0,12.370093432433936,28.0
25.175,92.9,1170.0,4.3551096715835795,28.0
25.175,92.905,1137.0,9.761969244030082,28.0
25.175,92.91,1085.0,2.0649342141827822,28.0
25.175,92.915,959.0,21.464358373859103,28.0
25.175,92.92,805.0,8.660468233028292,28.0
25.175,92.925,793.0,14.9403293424737,28.0
25.175,92.93,840.0,11.446746863908654,28.0
25.175,92.935,740.0,21.61506814734454,28.0
25.175,92.94,687.0,7.40691212849523,28.0
25.175,92.945,655.0,4.044691235386269,28.0
25.175,92.95,745.0,8.54942232101196,28.0
25.175,92.955,903.0,6.84277341263094,28.0
25.175,92.96,942.0,9.9063692721155,28.0
25.175,92.965,933.0,3.0824947102675178,28.0
25.175,92.97,790.0,16.208558038649098,28.0
25.175,92.975,800.0,10.44746989776266,28.0
25.175,92.98,757.0,13.37091809860972,28.0
25.175,92.985,725.0,23.540850885728464,28.0
25.175,92.99,637.0,9.159824730595334,28.0
25.175,92.995,464.0,19.82702865340817,28.0
25.18,92.5,373.0,11.323696238973891,28.0
25.18,92.505,230.0,29.98759044568813,28.0
25.18,92.51,345.0,8.605135268574712,28.0
25.18,92.515,241.0,30.57298923715231,28.0
25.18,92.52,204.0,16.181268131599445,28.0
25.18,92.525,324.0,12.857729366676711,28.0
25.18,92.53,456.0,18.80821273217334,28.0
25.18,92.535,499.0,21.12621202019002,28.0
25.18,92.54,531.0,6.67592292471606,28.0
25.18,92.545,477.0,11.157292128087049,28.0
25.18,92.55,405.0,15.460716851353514,28.0
25.18,92.555,386.0,19.297336265636357,28.0
25.18,92.56,425.0,24.014568349585662,28.0
25.18,92.565,519.0,10.931069451588014,28.0
25.18,92.57,539.0,23.716731883202687,28.0
25.18,92.575,533.0,16.253917058152773,28.0
25.18,92.58,537.0,26.180112975361297,28.0
25.18,92.585,530.0,18.98798214506527,28.0
25.18,92.59,582.0,23.77129889793896,28.0
25.18,92.595,,,28.0
25.18,92.6,1211.0,58.52661378495677,28.0
25.18,92.605,1385.0,,28.0
25.18,92.61,1423.0,,28.0
25.18,92.615,1475.0,11.648634944412732,28.0
25.18,92.62,1547.0,19.20228160882196,28.0
25.18,92.625,1581.0,5.267518906840194,28.0
25.18,92.63,1573.0,9.24597366655069,28.0
25.18,92.635,1553.0,11.446746863908654,28.0
25.18,92.64,1515.0,21.912146908156487,28.0
25.18,92.645,1413.0,13.518284623129588,28.0
25.18,92.65,1293.0,12.206865139615095,28.0
25.18,92.655,1268.0,8.530765609948133,28.0
25.18,92.66,1251.0,5.653572472774074,28.0
25.18,92.665,1196.0,3.2376881462291047,28.0
25.18,92.67,1188.0,4.7140651095854516,28.0
25.18,92.675,1159.0,12.952764513375518,28.0
25.18,92.68,1410.0,15.26682958715123,28.0
25.18,92.685,1474.0,11.157292128087049,28.0
25.18,92.69,1548.0,3.663718325999619,28.0
25.18,92.695,1545.0,9.794256737807247,28.0
25.18,92.7,1501.0,8.45570253780166,28.0
25.18,92.705,1468.0,1.6201374245654556,28.0
25.18,92.71,1450.0,3.6188832299832416,28.0
25.18,92.715,1463.0,10.581758987862388,28.0
25.18,92.72,1522.0,19.80591943221724,28.0
25.18,92.725,1511.0,21.30578361782877,28.0
25.18,92.73,1403.0,5.3893224751224,28.0
25.18,92.735,1344.0,2.862405226111748,28.0
25.18,92.74,1327.0,1.280959113423653,28.0
25.18,92.745,1306.0,0.5729386976834859,28.0
25.18,92.75,1264.0,13.14048922592315,28.0
25.18,92.755,1200.0,10.04852985013406,28.0
25.18,92.76,1257.0,5.822915528381649,28.0
25.18,92.765,1335.0,10.34170762418876,28.0
25.18,92.77,1298.0,15.680141406453098,28.0
25.18,92.775,1208.0,17.622325575320776,28.0
25.18,92.78,1181.0,10.203973721731684,28.0
25.18,92.785,1230.0,6.866265885252495,28.0
25.18,92.79,1242.0,4.883493424700951,28.0
25.18,92.795,1225.0,4.044691235386269,28.0
25.18,92.8,1145.0,8.824258606545213,28.0
25.18,92.805,1197.0,19.643076549430887,28.0
25.18,92.81,1229.0,4.124518139862882,28.0
25.18,92.815,1229.0,1.811248047327972,28.0
25.18,92.82,1218.0,11.91191379484262,28.0
25.18,92.825,1156.0,1.6201374245654556,28.0
25.18,92.83,1147.0,5.710593137499643,28.0
25.18,92.835,1042.0,19.47122063449069,28.0
25.18,92.84,827.0,17.299107615709833,28.0
25.18,92.845,887.0,18.410864354172183,28.0
25.18,92.85,1017.0,11.91191379484262,28.0
25.18,92.855,938.0,2.560638973149915,28.0
25.18,92.86,847.0,5.653572472774074,28.0
25.18,92.865,892.0,6.959412387152244,28.0
25.18,92.87,910.0,5.3893224751224,28.0
25.18,92.875,768.0,15.97940505640506,28.0
25.18,92.88,884.0,10.772508814602732,28.0
25.18,92.885,937.0,15.97940505640506,28.0
25.18,92.89,1103.0,29.205932247399417,28.0
25.18,92.895,1094.0,14.418427013423848,28.0
25.18,92.9,1125.0,12.713660915082892,28.0
25.18,92.905,1124.0,5.878250113590978,28.0
25.18,92.91,1083.0,4.3551096715835795,28.0
25.18,92.915,1019.0,18.76291982466018,28.0
25.18,92.92,899.0,11.157292128087049,28.0
25.18,92.925,821.0,23.68390180028396,28.0
25.18,92.93,705.0,21.50846786453591,28.0
25.18,92.935,759.0,11.22695812387902,28.0
25.18,92.94,655.0,4.7140651095854516,28.0
25.18,92.945,781.0,14.57421619803874,28.0
25.18,92.95,761.0,28.385467865729964,28.0
25.18,92.955,821.0,8.284177231157289,28.0
25.18,92.96,875.0,6.866265885252495,28.0
25.18,92.965,920.0,6.67592292471606,28.0
25.18,92.97,853.0,23.307014702110447,28.0
25.18,92.975,692.0,15.867981092283754,28.0
25.18,92.98,681.0,4.044691235386269,28.0
25.18,92.985,634.0,16.099059885706843,28.0
25.18,92.99,563.0,19.91815725240767,28.0
25.18,92.995,416.0,14.418427013423848,28.0
25.185,92.5,460.0,8.206727073997664,28.0
25.185,92.505,351.0,29.95403806772121,28.0
25.185,92.51,395.0,7.9293646872281585,28.0
25.185,92.515,389.0,6.936247607063137,28.0
25.185,92.52,303.0,29.23713898176245,28.0
25.185,92.525,264.0,26.14722986183188,28.0
25.185,92.53,288.0,11.648634944412732,28.0
25.185,92.535,392.0,10.98810564233957,28.0
25.185,92.54,557.0,15.867981092283754,28.0
25.185,92.545,550.0,15.266829587151229,28.0
25.185,92.55,532.0,17.299107615709833,28.0
25.185,92.555,558.0,20.050350541222016,28.0
25.185,92.56,634.0,23.754948389321505,28.0
25.185,92.565,698.0,34.78470182920318,28.0
25.185,92.57,836.0,27.181281995789256,28.0
25.185,92.575,746.0,34.961778558152474,28.0
25.185,92.58,698.0,29.894220817704063,28.0
25.185,92.585,669.0,14.03624346792648,28.0
25.185,92.59,682.0,12.370093432433936,28.0
25.185,92.595,657.0,19.80591943221724,28.0
25.185,92.6,687.0,23.879876253764905,28.0
25.185,92.605,,,28.0
25.185,92.61,,,28.0
25.185,92.615,1399.0,12.964588174052748,28.0
25.185,92.62,1500.0,7.641405059952685,28.0
25.185,92.625,1595.0,14.799223392695009,28.0
25.185,92.63,1609.0,1.280959113423653,28.0
25.185,92.635,1598.0,4.124518139862882,28.0
25.185,92.64,1551.0,24.39103005426629,28.0
25.185,92.645,1518.0,10.21937711459359,28.0
25.185,92.65,1431.0,4.3551096715835795,28.0
25.185,92.655,1381.0,21.22267281307461,28.0
25.185,92.66,1302.0,15.354441513180229,28.0
25.185,92.665,1244.0,16.742977650935924,28.0
25.185,92.67,1329.0,21.100386082393715,28.0
25.185,92.675,1304.0,27.838974955039955,28.0
25.185,92.68,1369.0,22.99548908611204,28.0
25.185,92.685,1469.0,8.824258606545213,28.0
25.185,92.69,1530.0,2.862405226111748,28.0
25.185,92.695,1517.0,11.309932474020217,28.0
25.185,92.7,1463.0,11.872836754121412,28.0
25.185,92.705,1462.0,14.079306913753854,28.0
25.185,92.71,1423.0,13.17534790222412,28.0
25.185,92.715,1396.0,13.518284623129588,28.0
25.185,92.72,1419.0,0.5729386976834859,28.0
25.185,92.725,1403.0,2.9189949338347145,28.0
25.185,92.73,1381.0,0.8102306720437776,28.0
25.185,92.735,1355.0,3.6188832299832416,28.0
25.185,92.74,1321.0,1.811248047327972,28.0
25.185,92.745,1311.0,4.609363720543608,28.0
25.185,92.75,1284.0,10.417371405393052,28.0
25.185,92.755,1227.0,8.284177231157289,28.0
25.185,92.76,1217.0,19.550236336404964,28.0
25.185,92.765,1269.0,8.530765609948133,28.0
25.185,92.77,1300.0,11.378567244391917,28.0
25.185,92.775,1221.0,6.959412387152244,28.0
25.185,92.78,1122.0,6.379370208442804,28.0
25.185,92.785,1092.0,9.664408742578416,28.0
25.185,92.79,1112.0,15.642246457208728,28.0
25.185,92.795,1120.0,10.04852985013406,28.0
25.185,92.8,1085.0,7.7455377836318355,28.0
25.185,92.805,1216.0,6.504634281949115,28.0
25.185,92.81,1200.0,11.976725812374069,28.0
25.185,92.815,1212.0,5.624839675183298,28.0
25.185,92.82,1225.0,1.6201374245654556,28.0
25.185,92.825,1221.0,3.0824947102675178,28.0
25.185,92.83,1151.0,3.663718325999619,28.0
25.185,92.835,1017.0,20.188249292660988,28.0
25.185,92.84,827.0,8.824258606545213,28.0
25.185,92.845,784.0,15.06995574963759,28.0
25.185,92.85,893.0,14.366056176200178,28.0
25.185,92.855,956.0,9.9063692721155,28.0
25.185,92.86,855.0,17.391035938698558,28.0
25.185,92.865,897.0,20.243055274274415,28.0
25.185,92.87,911.0,12.999985665815318,28.0
25.185,92.875,763.0,9.761969244030082,28.0
25.185,92.88,895.0,13.873369436070131,28.0
25.185,92.885,933.0,7.141919756273425,28.0
25.185,92.89,1059.0,16.734242254624238,28.0
25.185,92.895,968.0,17.35767803462991,28.0
25.185,92.9,1041.0,26.287693674089116,28.0
25.185,92.905,1101.0,16.317161174234332,28.0
25.185,92.91,1076.0,6.84277341263094,28.0
25.185,92.915,1021.0,7.209120586689089,28.0
25.185,92.92,980.0,9.24597366655069,28.0
25.185,92.925,939.0,5.267518906840194,28.0
25.185,92.93,757.0,8.530765609948133,28.0
25.185,92.935,675.0,14.302914425322813,28.0
25.185,92.94,743.0,18.883387503340305,28.0
25.185,92.945,833.0,8.678829373950299,28.0
25.185,92.95,842.0,7.2977186821765665,28.0
25.185,92.955,852.0,2.862405226111748,28.0
25.185,92.96,889.0,5.878250113590978,28.0
25.185,92.965,925.0,4.883493424700951,28.0
25.185,92.97,923.0,4.3551096715835795,28.0
25.185,92.975,727.0,8.824258606545213,28.0
25.185,92.98,601.0,10.417371405393052,28.0
25.185,92.985,622.0,23.68390180028396,28.0
25.185,92.99,470.0,19.80591943221724,28.0
25.185,92.995,492.0,11.268529661509747,28.0
25.19,92.5,547.0,10.095435505303422,28.0
25.19,92.505,442.0,28.129078334646746,28.0
25.19,92.51,442.0,15.119460665411577,28.0
25.19,92.515,464.0,7.493070705420571,28.0
25.19,92.52,431.0,5.267518906840194,28.0
25.19,92.525,395.0,12.320128415332896,28.0
25.19,92.53,215.0,21.04211761970153,28.0
25.19,92.535,356.0,14.615430541128886,28.0
25.19,92.54,497.0,17.299107615709833,28.0
25.19,92.545,606.0,9.107717061395457,28.0
25.19,92.55,639.0,12.964588174052748,28.0
25.19,92.555,683.0,22.19762640166049,28.0
25.19,92.56,738.0,30.977793652606476,28.0
25.19,92.565,861.0,29.060829788451077,28.0
25.19,92.57,1021.0,16.389075025823413,28.0
25.19,92.575,1163.0,22.101028844856764,28.0
25.19,92.58,1119.0,29.6489638160698,28.0
25.19,92.585,987.0,28.96998466836003,28.0
25.19,92.59,860.0,19.91116713616606,28.0
25.19,92.595,1022.0,50.90435555084278,28.0
25.19,92.6,1283.0,27.181281995789256,28.0
25.19,92.605,1436.0,24.22774531795417,28.0
25.19,92.61,1465.0,1.280959113423653,28.0
25.19,92.615,1508.0,15.020256666513818,28.0
25.19,92.62,1523.0,3.2376881462291047,28.0
25.19,92.625,1553.0,6.379370208442804,28.0
25.19,92.63,1615.0,15.383512936117317,28.0
25.19,92.635,1566.0,17.391035938698558,28.0
25.19,92.64,1408.0,10.81600550394513,28.0
25.19,92.645,1371.0,3.663718325999619,28.0
25.19,92.65,1368.0,14.70766576132861,28.0
25.19,92.655,1328.0,5.624839675183298,28.0
25.19,92.66,1424.0,6.06783785083067,28.0
25.19,92.665,1432.0,8.660468233028292,28.0
25.19,92.67,1441.0,10.032841837324575,28.0
25.19,92.675,1498.0,5.3893224751224,28.0
25.19,92.68,1480.0,10.032841837324575,28.0
25.19,92.685,1492.0,5.1742413701299474,28.0
25.19,92.69,1484.0,14.079306913753854,28.0
25.19,92.695,1536.0,9.648045316098155,28.0
25.19,92.7,1469.0,14.302914425322813,28.0
25.19,92.705,1414.0,14.829594234049214,28.0
25.19,92.71,1318.0,22.311564128231236,28.0
25.19,92.715,1312.0,25.819499284701447,28.0
25.19,92.72,1373.0,3.4808773532462083,28.0
25.19,92.725,1329.0,1.6201374245654556,28.0
25.19,92.73,1378.0,2.0649342141827822,28.0
25.19,92.735,1299.0,12.370093432433936,28.0
25.19,92.74,1323.0,9.664408742578416,28.0
25.19,92.745,1335.0,0.5729386976834859,28.0
25.19,92.75,1299.0,6.889675180467723,28.0
25.19,92.755,1251.0,12.079616644827674,28.0
25.19,92.76,1125.0,21.979432647206902,28.0
25.19,92.765,1265.0,3.4808773532462083,28.0
25.19,92.77,1292.0,11.963794805286303,28.0
25.19,92.775,1261.0,5.624839675183298,28.0
25.19,92.78,1235.0,4.7140651095854516,28.0
25.19,92.785,1228.0,10.21937711459359,28.0
25.19,92.79,1178.0,4.609363720543608,28.0
25.19,92.795,1078.0,10.21937711459359,28.0
25.19,92.8,1074.0,16.06235837746245,28.0
25.19,92.805,1159.0,10.888076838622831,28.0
25.19,92.81,1179.0,7.9293646872281585,28.0
25.19,92.815,1197.0,11.794248902093369,28.0
25.19,92.82,1229.0,6.302976451652821,28.0
25.19,92.825,1263.0,9.92227370227362,28.0
25.19,92.83,1158.0,11.91191379484262,28.0
25.19,92.835,988.0,19.6002996778214,28.0
25.19,92.84,906.0,11.22695812387902,28.0
25.19,92.845,818.0,4.3551096715835795,28.0
25.19,92.85,803.0,8.14812945516323,28.0
25.19,92.855,898.0,9.664408742578416,28.0
25.19,92.86,881.0,8.049466975528398,28.0
25.19,92.865,727.0,3.837767974238014,28.0
25.19,92.87,753.0,13.12884614937404,28.0
25.19,92.875,846.0,15.217895698464046,28.0
25.19,92.88,944.0,2.0649342141827822,28.0
25.19,92.885,968.0,8.984876931685683,28.0
25.19,92.89,918.0,5.822915528381649,28.0
25.19,92.895,872.0,9.697046418543986,28.0
25.19,92.9,842.0,8.54942232101196,28.0
25.19,92.905,856.0,9.51604741998822,28.0
25.19,92.91,817.0,17.432620785390803,28.0
25.19,92.915,938.0,29.013494642380795,28.0
25.19,92.92,958.0,8.45570253780166,28.0
25.19,92.925,929.0,5.267518906840194,28.0
25.19,92.93,798.0,13.279296233845615,28.0
25.19,92.935,687.0,11.364876967033675,28.0
25.19,92.94,751.0,4.609363720543608,28.0
25.19,92.945,869.0,5.96026196814625,28.0
25.19,92.95,870.0,7.253560723066103,28.0
25.19,92.955,859.0,2.560638973149915,28.0
25.19,92.96,880.0,4.7140651095854516,28.0
25.19,92.965,883.0,4.465877540190299,28.0
25.19,92.97,871.0,3.663718325999619,28.0
25.19,92.975,722.0,22.19762640166049,28.0
25.19,92.98,605.0,8.14812945516323,28.0
25.19,92.985,465.0,20.413046273156507,28.0
25.19,92.99,434.0,16.208558038649098,28.0
25.19,92.995,385.0,13.873369436070131,28.0
25.195,92.5,616.0,13.9061215425325,28.0
25.195,92.505,526.0,18.457276769424013,28.0
25.195,92.51,442.0,54.85651867996576,28.0
25.195,92.515,518.0,4.044691235386269,28.0
25.195,92.52,510.0,6.84277341263094,28.0
25.195,92.525,471.0,11.63529670109765,28.0
25.195,92.53,376.0,23.468840191747,28.0
25.195,92.535,315.0,14.079306913753854,28.0
25.195,92.54,402.0,13.14048922592315,28.0
25.195,92.545,443.0,15.149071220451717,28.0
25.195,92.55,430.0,18.480426727831507,28.0
25.195,92.555,522.0,27.238572082130062,28.0
25.195,92.56,529.0,15.499145989287891,28.0
25.195,92.565,632.0,14.666756752735052,28.0
25.195,92.57,672.0,20.54767091335874,28.0
25.195,92.575,816.0,25.766637839257108,28.0
25.195,92.58,944.0,33.37029698712761,28.0
25.195,92.585,1253.0,16.389075025823413,28.0
25.195,92.59,1326.0,25.4261608691452,28.0
25.195,92.595,1398.0,28.041325229742665,28.0
25.195,92.6,1515.0,7.9896532960303395,28.0
25.195,92.605,1506.0,5.1742413701299474,28.0
25.195,92.61,1497.0,8.398938982096263,28.0
25.195,92.615,1556.0,1.6201374245654556,28.0
25.195,92.62,1552.0,6.2772984895975545,28.0
25.195,92.625,1604.0,8.896025825607326,28.0
25.195,92.63,1557.0,5.419335736411587,28.0
25.195,92.635,1447.0,22.317537877661955,28.0
25.195,92.64,1412.0,13.336644515520948,28.0
25.195,92.645,1338.0,8.678829373950299,28.0
25.195,92.65,1209.0,15.52789294984244,28.0
25.195,92.655,1249.0,24.645789209301867,28.0
25.195,92.66,1371.0,7.2977186821765665,28.0
25.195,92.665,1431.0,18.38760160290751,28.0
25.195,92.67,1383.0,33.0826304798784,28.0
25.195,92.675,1507.0,17.655055916385443,28.0
25.195,92.68,1526.0,2.2906100426385296,28.0
25.195,92.685,1528.0,1.280959113423653,28.0
25.195,92.69,1528.0,3.3371107053581257,28.0
25.195,92.695,1485.0,6.147248032686261,28.0
25.195,92.7,1488.0,6.147248032686261,28.0
25.195,92.705,1458.0,4.044691235386269,28.0
25.195,92.71,1388.0,13.873369436070131,28.0
25.195,92.715,1259.0,10.095435505303422,28.0
25.195,92.72,1230.0,18.78558400320078,28.0
25.195,92.725,1284.0,20.62787340377509,28.0
25.195,92.73,1305.0,9.107717061395457,28.0
25.195,92.735,1280.0,18.58031398842556,28.0
25.195,92.74,1284.0,5.653572472774074,28.0
25.195,92.745,1339.0,3.433630362450522,28.0
25.195,92.75,1312.0,4.3551096715835795,28.0
25.195,92.755,1280.0,9.794256737807247,28.0
25.195,92.76,1123.0,12.419832137022013,28.0
25.195,92.765,1197.0,20.634537788968707,28.0
25.195,92.77,1269.0,3.433630362450522,28.0
25.195,92.775,1228.0,8.089084126141794,28.0
25.195,92.78,1231.0,6.84277341263094,28.0
25.195,92.785,1251.0,6.06783785083067,28.0
25.195,92.79,1197.0,6.379370208442803,28.0
25.195,92.795,1111.0,18.98798214506527,28.0
25.195,92.8,1060.0,8.896025825607326,28.0
25.195,92.805,1097.0,19.02515576249955,28.0
25.195,92.81,1119.0,13.674945403795036,28.0
25.195,92.815,1154.0,4.044691235386269,28.0
25.195,92.82,1225.0,7.641405059952685,28.0
25.195,92.825,1251.0,10.537203406802927,28.0
25.195,92.83,1208.0,14.470575684643377,28.0
25.195,92.835,1138.0,18.80821273217334,28.0
25.195,92.84,948.0,18.845848864047166,28.0
25.195,92.845,864.0,15.736777699633285,28.0
25.195,92.85,787.0,22.48979123209422,28.0
25.195,92.855,732.0,21.954998832237575,28.0
25.195,92.86,781.0,8.54942232101196,28.0
25.195,92.865,684.0,11.157292128087049,28.0
25.195,92.87,780.0,20.813377245065748,28.0
25.195,92.875,921.0,9.449304906720505,28.0
25.195,92.88,963.0,2.0649342141827822,28.0
25.195,92.885,946.0,13.244750575284366,28.0
25.195,92.89,882.0,3.663718325999619,28.0
25.195,92.895,822.0,14.615430541128886,28.0
25.195,92.9,711.0,22.29960977122154,28.0
25.195,92.905,748.0,18.457276769424013,28.0
25.195,92.91,694.0,9.697046418543986,28.0
25.195,92.915,799.0,8.14812945516323,28.0
25.195,92.92,935.0,21.912146908156487,28.0
25.195,92.925,966.0,5.710593137499643,28.0
25.195,92.93,808.0,10.757967088390004,28.0
25.195,92.935,693.0,7.051280552921114,28.0
25.195,92.94,701.0,18.58031398842556,28.0
25.195,92.945,829.0,8.660468233028292,28.0
25.195,92.95,879.0,6.504634281949114,28.0
25.195,92.955,869.0,6.173484200727683,28.0
25.195,92.96,854.0,2.361028198348736,28.0
25.195,92.965,891.0,6.302976451652821,28.0
25.195,92.97,846.0,3.2376881462291047,28.0
25.195,92.975,728.0,27.872873020491895,28.0
25.195,92.98,596.0,8.049466975528398,28.0
25.195,92.985,658.0,13.949652246979396,28.0
25.195,92.99,638.0,11.446746863908654,28.0
25.195,92.995,349.0,12.51864147468042,28.0
25.2,92.5,621.0,12.604382648379184,28.0
25.2,92.505,519.0,11.527973042352134,28.0
25.2,92.51,428.0,28.037134838050477,28.0
25.2,92.515,552.0,4.465877540190299,28.0
25.2,92.52,585.0,10.816005503945128,28.0
25.2,92.525,524.0,13.279296233845615,28.0
25.2,92.53,459.0,14.302914425322813,28.0
25.2,92.535,297.0,21.40745975916796,28.0
25.2,92.54,293.0,36.67312292849402,28.0
25.2,92.545,293.0,21.533616683340576,28.0
25.2,92.55,304.0,28.373153218547692,28.0
25.2,92.555,337.0,3.6188832299832416,28.0
25.2,92.56,402.0,7.641405059952685,28.0
25.2,92.565,491.0,25.088429470674225,28.0
25.2,92.57,599.0,14.079306913753854,28.0
25.2,92.575,751.0,16.181268131599445,28.0
25.2,92.58,835.0,18.13707730871511,28.0
25.2,92.585,896.0,16.281058441520802,28.0
25.2,92.59,1173.0,25.470338194916117,28.0
25.2,92.595,1411.0,18.86838370797213,28.0
25.2,92.6,1543.0,5.419335736411587,28.0
25.2,92.605,1542.0,8.284177231157289,28.0
25.2,92.61,1594.0,9.449304906720505,28.0
25.2,92.615,1579.0,4.3551096715835795,28.0
25.2,92.62,1564.0,2.2906100426385296,28.0
25.2,92.625,1564.0,2.862405226111748,28.0
25.2,92.63,1567.0,2.0649342141827822,28.0
25.2,92.635,1502.0,17.849848259878947,28.0
25.2,92.64,1450.0,15.119460665411577,28.0
25.2,92.645,1408.0,10.873704491297854,28.0
25.2,92.65,1271.0,18.255059151203536,28.0
25.2,92.655,1185.0,4.9166653832101535,28.0
25.2,92.66,1300.0,25.4261608691452,28.0
25.2,92.665,1358.0,12.320128415332896,28.0
25.2,92.67,1281.0,10.581758987862388,28.0
25.2,92.675,1261.0,13.416459891104456,28.0
25.2,92.68,1476.0,26.44082199038508,28.0
25.2,92.685,1297.0,14.54321520062608,28.0
25.2,92.69,1419.0,31.437864686712302,28.0
25.2,92.695,1414.0,21.48327791740003,28.0
25.2,92.7,1451.0,21.33126583595921,28.0
25.2,92.705,1483.0,3.837767974238014,28.0
25.2,92.71,1442.0,20.94450636642053,28.0
25.2,92.715,1319.0,6.504634281949115,28.0
25.2,92.72,1282.0,10.931069451588014,28.0
25.2,92.725,1222.0,17.155822277993956,28.0
25.2,92.73,1177.0,8.089084126141794,28.0
25.2,92.735,1158.0,7.9896532960303395,28.0
25.2,92.74,1206.0,26.44543993107773,28.0
25.2,92.745,1298.0,8.14812945516323,28.0
25.2,92.75,1261.0,18.034027403561364,28.0
25.2,92.755,1155.0,15.72735540025082,28.0
25.2,92.76,1121.0,8.878141907487027,28.0
25.2,92.765,1116.0,11.963794805286303,28.0
25.2,92.77,1181.0,25.376933525152303,28.0
25.2,92.775,1048.0,12.604382648379184,28.0
25.2,92.78,1132.0,29.162926570203226,28.0
25.2,92.785,1238.0,18.33317422681741,28.0
25.2,92.79,1213.0,8.530765609948133,28.0
25.2,92.795,1163.0,5.267518906840194,28.0
25.2,92.8,1102.0,17.695861429122893,28.0
25.2,92.805,1126.0,12.999985665815318,28.0
25.2,92.81,1158.0,12.84579372031137,28.0
25.2,92.815,1145.0,21.89988173570756,28.0
25.2,92.82,1237.0,3.6188832299832416,28.0
25.2,92.825,1233.0,9.449304906720505,28.0
25.2,92.83,1176.0,18.13707730871511,28.0
25.2,92.835,1164.0,15.736777699633285,28.0
25.2,92.84,1071.0,5.142764557884242,28.0
25.2,92.845,946.0,20.62787340377509,28.0
25.2,92.85,866.0,23.540850885728464,28.0
25.2,92.855,786.0,16.708002222639085,28.0
25.2,92.86,680.0,13.37091809860972,28.0
25.2,92.865,807.0,18.08168200491717,28.0
25.2,92.87,920.0,2.560638973149915,28.0
25.2,92.875,962.0,5.3893224751224,28.0
25.2,92.88,1004.0,1.7183580016554572,28.0
25.2,92.885,955.0,4.609363720543608,28.0
25.2,92.89,887.0,9.697046418543986,28.0
25.2,92.895,836.0,11.268529661509747,28.0
25.2,92.9,710.0,4.3551096715835795,28.0
25.2,92.905,670.0,11.794248902093369,28.0
25.2,92.91,716.0,19.91815725240767,28.0
25.2,92.915,840.0,13.336644515520948,28.0
25.2,92.92,925.0,16.777863072020835,28.0
25.2,92.925,959.0,7.662350300486558,28.0
25.2,92.93,808.0,8.398938982096263,28.0
25.2,92.935,741.0,17.849848259878947,28.0
25.2,92.94,669.0,7.428549707571748,28.0
25.2,92.945,769.0,18.641439944547074,28.0
25.2,92.95,852.0,4.573921259900861,28.0
25.2,92.955,880.0,10.402286577822323,28.0
25.2,92.96,854.0,8.984876931685683,28.0
25.2,92.965,922.0,10.44746989776266,28.0
25.2,92.97,839.0,5.267518906840194,28.0
25.2,92.975,787.0,22.34737241278725,28.0
25.2,92.98,714.0,22.834502638149456,28.0
25.2,92.985,687.0,14.54321520062608,28.0
25.2,92.99,604.0,14.615430541128886,28.0
25.2,92.995,363.0,15.793169048263966,28.0
25.205,92.5,609.0,3.3371107053581257,28.0
25.205,92.505,546.0,9.159824730595334,28.0
25.205,92.51,409.0,25.71843256387208,28.0
25.205,92.515,578.0,9.31427931090428,28.0
25.205,92.52,640.0,13.14048922592315,28.0
25.205,92.525,590.0,8.697149365003282,28.0
25.205,92.53,478.0,20.547670913358743,28.0
25.205,92.535,395.0,23.468840191747,28.0
25.205,92.54,447.0,7.7455377836318355,28.0
25.205,92.545,481.0,10.640849616317048,28.0
25.205,92.55,513.0,9.9063692721155,28.0
25.205,92.555,502.0,14.418427013423848,28.0
25.205,92.56,478.0,10.581758987862388,28.0
25.205,92.565,432.0,10.032841837324575,28.0
25.205,92.57,472.0,11.754735170671625,28.0
25.205,92.575,677.0,29.815380931071303,28.0
25.205,92.58,634.0,12.964588174052748,28.0
25.205,92.585,812.0,16.45168408046464,28.0
25.205,92.59,1041.0,25.795492628543876,28.0
25.205,92.595,1302.0,30.769527432314753,28.0
25.205,92.6,1535.0,15.97940505640506,28.0
25.205,92.605,1563.0,7.40691212849523,28.0
25.205,92.61,1586.0,5.3893224751224,28.0
25.205,92.615,1607.0,15.537461076489713,28.0
25.205,92.62,1514.0,1.280959113423653,28.0
25.205,92.625,1579.0,5.111089695288715,28.0
25.205,92.63,1586.0,2.0649342141827822,28.0
25.205,92.635,1567.0,7.141919756273425,28.0
25.205,92.64,1529.0,11.157292128087049,28.0
25.205,92.645,1445.0,17.720287776093915,28.0
25.205,92.65,1236.0,16.69924423399362,28.0
25.205,92.655,1167.0,17.299107615709833,28.0
25.205,92.66,1187.0,12.481691419986054,28.0
25.205,92.665,1329.0,2.429397114363021,28.0
25.205,92.67,1283.0,10.032841837324575,28.0
25.205,92.675,1208.0,15.06995574963759,28.0
25.205,92.68,1298.0,15.877302622696872,28.0
25.205,92.685,1337.0,23.83653389078596,28.0
25.205,92.69,1224.0,6.173484200727683,28.0
25.205,92.695,1256.0,13.507014370466038,28.0
25.205,92.7,1332.0,29.6869331969035,28.0
25.205,92.705,1489.0,15.793169048263966,28.0
25.205,92.71,1493.0,1.811248047327972,28.0
25.205,92.715,1427.0,19.464016342661992,28.0
25.205,92.72,1392.0,10.931069451588014,28.0
25.205,92.725,1330.0,18.641439944547074,28.0
25.205,92.73,1309.0,13.59687524180116,28.0
25.205,92.735,1275.0,10.684933277782497,28.0
25.205,92.74,1181.0,17.223436191131462,28.0
25.205,92.745,1195.0,22.989767773608857,28.0
25.205,92.75,1098.0,12.665224630685922,28.0
25.205,92.755,1130.0,15.81191219488406,28.0
25.205,92.76,1125.0,0.8102306720437776,28.0
25.205,92.765,1094.0,17.906157750459435,28.0
25.205,92.77,1084.0,13.416459891104456,28.0
25.205,92.775,1190.0,9.177123708952482,28.0
25.205,92.78,1048.0,10.34170762418876,28.0
25.205,92.785,1050.0,11.859779120947978,28.0
25.205,92.79,1159.0,15.040159724994792,28.0
25.205,92.795,1019.0,20.304473709960437,28.0
25.205,92.8,1104.0,9.6316519614038,28.0
25.205,92.805,1120.0,6.379370208442803,28.0
25.205,92.81,1146.0,14.470575684643377,28.0
25.205,92.815,1210.0,5.710593137499643,28.0
25.205,92.82,1215.0,1.811248047327972,28.0
25.205,92.825,1167.0,11.63529670109765,28.0
25.205,92.83,1072.0,11.323696238973891,28.0
25.205,92.835,1020.0,7.7455377836318355,28.0
25.205,92.84,994.0,11.872836754121412,28.0
25.205,92.845,991.0,6.379370208442803,28.0
25.205,92.85,973.0,18.38760160290751,28.0
25.205,92.855,849.0,8.54942232101196,28.0
25.205,92.86,703.0,21.464358373859103,28.0
25.205,92.865,789.0,17.752790161946685,28.0
25.205,92.87,909.0,21.80140948635181,28.0
25.205,92.875,996.0,10.743403801775962,28.0
25.205,92.88,993.0,4.609363720543608,28.0
25.205,92.885,890.0,13.59687524180116,28.0
25.205,92.89,823.0,10.265436734150176,28.0
25.205,92.895,830.0,22.834502638149456,28.0
25.205,92.9,697.0,16.821344150651747,28.0
25.205,92.905,687.0,29.131579289762872,28.0
25.205,92.91,806.0,12.665224630685922,28.0
25.205,92.915,806.0,1.811248047327972,28.0
25.205,92.92,844.0,18.80821273217334,28.0
25.205,92.925,910.0,15.651730558256707,28.0
25.205,92.93,816.0,3.0824947102675178,28.0
25.205,92.935,782.0,7.909161066980582,28.0
25.205,92.94,653.0,14.666756752735052,28.0
25.205,92.945,770.0,8.984876931685683,28.0
25.205,92.95,758.0,13.873369436070131,28.0
25.205,92.955,725.0,11.91191379484262,28.0
25.205,92.96,855.0,1.7183580016554572,28.0
25.205,92.965,860.0,4.465877540190299,28.0
25.205,92.97,837.0,2.9189949338347145,28.0
25.205,92.975,813.0,9.9063692721155,28.0
25.205,92.98,803.0,10.581758987862388,28.0
25.205,92.985,677.0,13.37091809860972,28.0
25.205,92.99,583.0,10.44746989776266,28.0
25.205,92.995,359.0,18.57265495653785,28.0
25.21,92.5,568.0,6.2772984895975545,28.0
25.21,92.505,486.0,21.451732411764542,28.0
25.21,92.51,419.0,29.34590098927809,28.0
25.21,92.515,462.0,17.299107615709833,28.0
25.21,92.52,551.0,10.772508814602732,28.0
25.21,92.525,657.0,15.354441513180229,28.0
25.21,92.53,608.0,11.364876967033675,28.0
25.21,92.535,551.0,10.873704491297854,28.0
25.21,92.54,424.0,21.11975962495444,28.0
25.21,92.545,549.0,10.21937711459359,28.0
25.21,92.55,641.0,13.540792726885435,28.0
25.21,92.555,631.0,4.609363720543608,28.0
25.21,92.56,616.0,19.798876354524932,28.0
25.21,92.565,583.0,8.697149365003282,28.0
25.21,92.57,552.0,15.354441513180229,28.0
25.21,92.575,521.0,8.697149365003282,28.0
25.21,92.58,590.0,23.239566497270467,28.0
25.21,92.585,777.0,25.71843256387208,28.0
25.21,92.59,1031.0,19.6644186882119,28.0
25.21,92.595,1223.0,39.98420060002656,28.0
25.21,92.6,1320.0,1.6201374245654556,28.0
25.21,92.605,1349.0,13.14048922592315,28.0
25.21,92.61,1445.0,23.357413214316196,28.0
25.21,92.615,1535.0,15.217895698464046,28.0
25.21,92.62,1418.0,19.002862987358917,28.0
25.21,92.625,1568.0,9.159824730595334,28.0
25.21,92.63,1540.0,22.67769149055652,28.0
25.21,92.635,1584.0,8.45570253780166,28.0
25.21,92.64,1493.0,10.640849616317048,28.0
25.21,92.645,1419.0,20.311282505000214,28.0
25.21,92.65,1237.0,10.04852985013406,28.0
25.21,92.655,1153.0,7.40691212849523,28.0
25.21,92.66,1188.0,15.81191219488406,28.0
25.21,92.665,1312.0,10.095435505303422,28.0
25.21,92.67,1229.0,17.874008470120444,28.0
25.21,92.675,1187.0,9.159824730595334,28.0
25.21,92.68,1250.0,13.686056323998818,28.0
25.21,92.685,1302.0,13.14048922592315,28.0
25.21,92.69,1258.0,5.653572472774074,28.0
25.21,92.695,1138.0,12.604382648379184,28.0
25.21,92.7,1260.0,17.5484006137923,28.0
25.21,92.705,1389.0,28.73061935213674,28.0
25.21,92.71,1454.0,7.909161066980582,28.0
25.21,92.715,1433.0,24.12151143189931,28.0
25.21,92.72,1479.0,1.811248047327972,28.0
25.21,92.725,1457.0,4.9166653832101535,28.0
25.21,92.73,1437.0,6.173484200727683,28.0
25.21,92.735,1360.0,10.98810564233957,28.0
25.21,92.74,1311.0,15.886617531931096,28.0
25.21,92.745,1228.0,12.713660915082892,28.0
25.21,92.75,1250.0,18.10544934292749,28.0
25.21,92.755,1229.0,12.117948587036471,28.0
25.21,92.76,1181.0,10.684933277782497,28.0
25.21,92.765,1225.0,13.518284623129588,28.0
25.21,92.77,1249.0,10.581758987862388,28.0
25.21,92.775,1223.0,4.9166653832101535,28.0
25.21,92.78,1097.0,10.816005503945128,28.0
25.21,92.785,1051.0,5.653572472774074,28.0
25.21,92.79,1001.0,10.21937711459359,28.0
25.21,92.795,992.0,4.3551096715835795,28.0
25.21,92.8,1080.0,23.001208325803734,28.0
25.21,92.805,1150.0,3.0824947102675178,28.0
25.21,92.81,1139.0,3.663718325999619,28.0
25.21,92.815,1147.0,7.641405059952685,28.0
25.21,92.82,1202.0,4.465877540190299,28.0
25.21,92.825,1132.0,14.707665761328611,28.0
25.21,92.83,1053.0,21.954998832237575,28.0
25.21,92.835,906.0,12.713660915082892,28.0
25.21,92.84,799.0,25.178516216275582,28.0
25.21,92.845,848.0,18.77803322244554,28.0
25.21,92.85,879.0,6.302976451652821,28.0
25.21,92.855,802.0,12.51864147468042,28.0
25.21,92.86,660.0,9.159824730595334,28.0
25.21,92.865,794.0,7.9896532960303395,28.0
25.21,92.87,896.0,16.94235714251686,28.0
25.21,92.875,905.0,5.7388854270937575,28.0
25.21,92.88,951.0,5.3893224751224,28.0
25.21,92.885,938.0,6.2772984895975545,28.0
25.21,92.89,834.0,18.898375796512653,28.0
25.21,92.895,714.0,18.26288994219413,28.0
25.21,92.9,656.0,20.813377245065748,28.0
25.21,92.905,591.0,7.599333100622036,28.0
25.21,92.91,640.0,16.681711234925,28.0
25.21,92.915,684.0,14.06855543858456,28.0
25.21,92.92,771.0,15.354441513180229,28.0
25.21,92.925,795.0,3.3371107053581257,28.0
25.21,92.93,823.0,9.449304906720505,28.0
25.21,92.935,733.0,4.883493424700951,28.0
25.21,92.94,663.0,13.9061215425325,28.0
25.21,92.945,709.0,9.36515852576206,28.0
25.21,92.95,671.0,2.2906100426385296,28.0
25.21,92.955,784.0,13.71932671241174,28.0
25.21,92.96,873.0,2.9189949338347145,28.0
25.21,92.965,831.0,8.878141907487027,28.0
25.21,92.97,795.0,4.004172940709388,28.0
25.21,92.975,788.0,10.888076838622831,28.0
25.21,92.98,673.0,10.417371405393052,28.0
25.21,92.985,658.0,9.245973666550688,28.0
25.21,92.99,556.0,13.873369436070131,28.0
25.21,92.995,440.0,17.687709838076103,28.0
25.215,92.5,560.0,6.866265885252495,28.0
25.215,92.505,484.0,19.528728546210285,28.0
25.215,92.51,493.0,12.00254108984283,28.0
25.215,92.515,486.0,20.16077098227733,28.0
25.215,92.52,493.0,27.20334029287531,28.0
25.215,92.525,640.0,15.217895698464046,28.0
25.215,92.53,698.0,8.14812945516323,28.0
25.215,92.535,605.0,15.499145989287891,28.0
25.215,92.54,408.0,30.744642849699108,28.0
25.215,92.545,547.0,8.14812945516323,28.0
25.215,92.55,665.0,16.253917058152773,28.0
25.215,92.555,759.0,12.665224630685922,28.0
25.215,92.56,741.0,21.61506814734454,28.0
25.215,92.565,723.0,24.48508445803616,28.0
25.215,92.57,702.0,19.550236336404964,28.0
25.215,92.575,627.0,16.742977650935924,28.0
25.215,92.58,565.0,12.079616644827674,28.0
25.215,92.585,655.0,16.172159015782555,28.0
25.215,92.59,875.0,14.366056176200178,28.0
25.215,92.595,1026.0,20.050350541222016,28.0
25.215,92.6,1433.0,1.811248047327972,28.0
25.215,92.605,1292.0,22.595761881293804,28.0
25.215,92.61,1329.0,27.513414750654828,28.0
25.215,92.615,1389.0,10.203973721731684,28.0
25.215,92.62,1337.0,24.014568349585662,28.0
25.215,92.625,1404.0,11.527973042352134,28.0
25.215,92.63,1544.0,0.8102306720437776,28.0
25.215,92.635,1537.0,2.862405226111748,28.0
25.215,92.64,1496.0,6.504634281949114,28.0
25.215,92.645,1353.0,20.62787340377509,28.0
25.215,92.65,1262.0,13.12884614937404,28.0
25.215,92.655,1233.0,15.802543980364272,28.0
25.215,92.66,1151.0,13.895214125297697,28.0
25.215,92.665,1231.0,8.45570253780166,28.0
25.215,92.67,1226.0,3.663718325999619,28.0
25.215,92.675,1175.0,13.540792726885435,28.0
25.215,92.68,1187.0,6.504634281949114,28.0
25.215,92.685,1284.0,10.98810564233957,28.0
25.215,92.69,1240.0,9.24597366655069,28.0
25.215,92.695,1173.0,14.03624346792648,28.0
25.215,92.7,1198.0,16.281058441520802,28.0
25.215,92.705,1315.0,13.37091809860972,28.0
25.215,92.71,1310.0,7.428549707571748,28.0
25.215,92.715,1272.0,23.705796034358674,28.0
25.215,92.72,1335.0,10.772508814602732,28.0
25.215,92.725,1397.0,13.17534790222412,28.0
25.215,92.73,1470.0,2.429397114363021,28.0
25.215,92.735,1408.0,13.37091809860972,28.0
25.215,92.74,1381.0,10.44746989776266,28.0
25.215,92.745,1339.0,10.417371405393052,28.0
25.215,92.75,1306.0,12.370093432433936,28.0
25.215,92.755,1334.0,12.407418527400743,28.0
25.215,92.76,1310.0,23.62353705226748,28.0
25.215,92.765,1320.0,9.177123708952482,28.0
25.215,92.77,1290.0,4.850090156191999,28.0
25.215,92.775,1252.0,8.530765609948133,28.0
25.215,92.78,1129.0,10.873704491297854,28.0
25.215,92.785,1094.0,7.428549707571748,28.0
25.215,92.79,1047.0,3.433630362450522,28.0
25.215,92.795,1057.0,10.04852985013406,28.0
25.215,92.8,1002.0,9.245973666550688,28.0
25.215,92.805,1014.0,7.7455377836318355,28.0
25.215,92.81,1107.0,9.713320968615797,28.0
25.215,92.815,1129.0,3.3371107053581257,28.0
25.215,92.82,1195.0,14.738259624023955,28.0
25.215,92.825,1158.0,12.749851295121235,28.0
25.215,92.83,1086.0,6.379370208442804,28.0
25.215,92.835,968.0,20.60118647336543,28.0
25.215,92.84,874.0,8.660468233028292,28.0
25.215,92.845,763.0,14.789083385427716,28.0
25.215,92.85,808.0,8.697149365003282,28.0
25.215,92.855,759.0,13.17534790222412,28.0
25.215,92.86,637.0,15.383512936117317,28.0
25.215,92.865,804.0,5.822915528381649,28.0
25.215,92.87,810.0,9.664408742578416,28.0
25.215,92.875,796.0,10.142106156573984,28.0
25.215,92.88,859.0,21.78287605629714,28.0
25.215,92.885,921.0,8.14812945516323,28.0
25.215,92.89,865.0,2.361028198348736,28.0
25.215,92.895,750.0,11.446746863908654,28.0
25.215,92.9,597.0,12.156145050965591,28.0
25.215,92.905,695.0,7.9896532960303395,28.0
25.215,92.91,690.0,13.518284623129588,28.0
25.215,92.915,655.0,15.119460665411571,28.0
25.215,92.92,674.0,25.372002567423127,28.0
25.215,92.925,740.0,15.52789294984244,28.0
25.215,92.93,796.0,12.117948587036471,28.0
25.215,92.935,745.0,3.0824947102675178,28.0
25.215,92.94,728.0,5.96026196814625,28.0
25.215,92.945,649.0,10.98810564233957,28.0
25.215,92.95,682.0,5.653572472774074,28.0
25.215,92.955,841.0,17.906157750459435,28.0
25.215,92.96,882.0,5.111089695288715,28.0
25.215,92.965,813.0,6.67592292471606,28.0
25.215,92.97,778.0,15.642246457208728,28.0
25.215,92.975,666.0,7.209120586689089,28.0
25.215,92.98,659.0,2.9189949338347145,28.0
25.215,92.985,644.0,10.772508814602732,28.0
25.215,92.99,556.0,11.754735170671625,28.0
25.215,92.995,557.0,19.18025799623977,28.0
25.22,92.5,591.0,12.665224630685922,28.0
25.22,92.505,529.0,11.91191379484262,28.0
25.22,92.51,595.0,11.323696238973891,28.0
25.22,92.515,582.0,6.889675180467723,28.0
25.22,92.52,482.0,10.98810564233957,28.0
25.22,92.525,571.0,11.648634944412732,28.0
25.22,92.53,658.0,19.471220634490695,28.0
25.22,92.535,628.0,12.00254108984283,28.0
25.22,92.54,494.0,15.217895698464046,28.0
25.22,92.545,523.0,16.91651608571675,28.0
25.22,92.55,596.0,12.773913615584416,28.0
25.22,92.555,753.0,14.666756752735052,28.0
25.22,92.56,904.0,16.94235714251686,28.0
25.22,92.565,913.0,25.26810466440916,28.0
25.22,92.57,863.0,14.418427013423848,28.0
25.22,92.575,809.0,10.265436734150176,28.0
25.22,92.58,746.0,18.77803322244554,28.0
25.22,92.585,636.0,18.76291982466018,28.0
25.22,92.59,862.0,28.548791225633753,28.0
25.22,92.595,1021.0,28.028750857977528,28.0
25.22,92.6,1258.0,34.94250451668839,28.0
25.22,92.605,1432.0,12.84579372031137,28.0
25.22,92.61,1344.0,17.257119157898394,28.0
25.22,92.615,1277.0,13.518284623129588,28.0
25.22,92.62,1298.0,18.034027403561364,28.0
25.22,92.625,1433.0,1.811248047327972,28.0
25.22,92.63,1512.0,11.143301269215591,28.0
25.22,92.635,1493.0,10.772508814602732,28.0
25.22,92.64,1516.0,8.697149365003282,28.0
25.22,92.645,1444.0,8.14812945516323,28.0
25.22,92.65,1313.0,13.416459891104456,28.0
25.22,92.655,1269.0,3.837767974238014,28.0
25.22,92.66,1183.0,9.9063692721155,28.0
25.22,92.665,1163.0,14.132921424385623,28.0
25.22,92.67,1135.0,18.78558400320078,28.0
25.22,92.675,1168.0,17.391035938698558,28.0
25.22,92.68,1136.0,12.382549217765357,28.0
25.22,92.685,1209.0,15.877302622696872,28.0
25.22,92.69,1218.0,3.0824947102675178,28.0
25.22,92.695,1135.0,2.9189949338347145,28.0
25.22,92.7,1185.0,10.142106156573984,28.0
25.22,92.705,1256.0,12.857729366676711,28.0
25.22,92.71,1227.0,11.59517961733378,28.0
25.22,92.715,1187.0,6.959412387152244,28.0
25.22,92.72,1246.0,21.924402392569775,28.0
25.22,92.725,1435.0,11.19914909644824,28.0
25.22,92.73,1489.0,2.862405226111748,28.0
25.22,92.735,1476.0,5.3893224751224,28.0
25.22,92.74,1452.0,7.209120586689089,28.0
25.22,92.745,1405.0,8.049466975528398,28.0
25.22,92.75,1412.0,4.850090156191999,28.0
25.22,92.755,1394.0,7.253560723066103,28.0
25.22,92.76,1333.0,15.149071220451717,28.0
25.22,92.765,1240.0,8.660468233028292,28.0
25.22,92.77,1174.0,9.697046418543986,28.0
25.22,92.775,1203.0,7.051280552921114,28.0
25.22,92.78,1197.0,8.530765609948133,28.0
25.22,92.785,1156.0,5.96026196814625,28.0
25.22,92.79,1114.0,7.662350300486558,28.0
25.22,92.795,1046.0,8.14812945516323,28.0
25.22,92.8,1031.0,12.079616644827674,28.0
25.22,92.805,1072.0,23.468840191747,28.0
25.22,92.81,1180.0,2.862405226111748,28.0
25.22,92.815,1184.0,3.433630362450522,28.0
25.22,92.82,1157.0,9.794256737807247,28.0
25.22,92.825,1132.0,12.066808999772697,28.0
25.22,92.83,1093.0,3.837767974238014,28.0
25.22,92.835,1024.0,11.91191379484262,28.0
25.22,92.84,893.0,7.7455377836318355,28.0
25.22,92.845,798.0,11.157292128087049,28.0
25.22,92.85,718.0,13.71932671241174,28.0
25.22,92.855,660.0,12.407418527400743,28.0
25.22,92.86,648.0,21.7085195733847,28.0
25.22,92.865,780.0,6.67592292471606,28.0
25.22,92.87,774.0,7.428549707571748,28.0
25.22,92.875,705.0,12.00254108984283,28.0
25.22,92.88,786.0,12.857729366676711,28.0
25.22,92.885,900.0,6.959412387152244,28.0
25.22,92.89,818.0,20.634537788968707,28.0
25.22,92.895,681.0,13.674945403795036,28.0
25.22,92.9,582.0,13.37091809860972,28.0
25.22,92.905,726.0,15.585195857538066,28.0
25.22,92.91,802.0,4.044691235386269,28.0
25.22,92.915,737.0,5.7388854270937575,28.0
25.22,92.92,700.0,4.3551096715835795,28.0
25.22,92.925,653.0,19.20228160882196,28.0
25.22,92.93,704.0,3.3371107053581257,28.0
25.22,92.935,739.0,13.674945403795036,28.0
25.22,92.94,663.0,11.378567244391917,28.0
25.22,92.945,654.0,24.521513128068214,28.0
25.22,92.95,788.0,15.119460665411577,28.0
25.22,92.955,874.0,11.91191379484262,28.0
25.22,92.96,883.0,6.379370208442803,28.0
25.22,92.965,730.0,8.530765609948133,28.0
25.22,92.97,677.0,6.173484200727683,28.0
25.22,92.975,648.0,7.209120586689089,28.0
25.22,92.98,617.0,16.389075025823413,28.0
25.22,92.985,621.0,5.710593137499643,28.0
25.22,92.99,665.0,10.265436734150176,28.0
25.22,92.995,617.0,11.527973042352134,28.0
25.225,92.5,632.0,9.648045316098155,28.0
25.225,92.505,595.0,12.370093432433936,28.0
25.225,92.51,708.0,12.665224630685922,28.0
25.225,92.515,660.0,11.91191379484262,28.0
25.225,92.52,606.0,8.697149365003282,28.0
25.225,92.525,562.0,10.537203406802927,28.0
25.225,92.53,544.0,13.507014370466038,28.0
25.225,92.535,616.0,21.12621202019002,28.0
25.225,92.54,590.0,12.419832137022013,28.0
25.225,92.545,474.0,16.389075025823413,28.0
25.225,92.55,515.0,12.845793720311368,28.0
25.225,92.555,647.0,17.432620785390803,28.0
25.225,92.56,759.0,18.80821273217334,28.0
25.225,92.565,887.0,21.78287605629714,28.0
25.225,92.57,1043.0,23.402077887495174,28.0
25.225,92.575,940.0,16.317161174234332,28.0
25.225,92.58,916.0,13.058738527350116,28.0
25.225,92.585,852.0,16.61135092907738,28.0
25.225,92.59,738.0,7.40691212849523,28.0
25.225,92.595,951.0,23.149186435359432,28.0
25.225,92.6,1216.0,24.190643485947348,28.0
25.225,92.605,1478.0,5.7388854270937575,28.0
25.225,92.61,1415.0,19.25354151275117,28.0
25.225,92.615,1310.0,16.281058441520802,28.0
25.225,92.62,1258.0,4.609363720543608,28.0
25.225,92.625,1276.0,11.872836754121412,28.0
25.225,92.63,1297.0,17.687709838076103,28.0
25.225,92.635,1344.0,14.880049387383034,28.0
25.225,92.64,1485.0,9.664408742578416,28.0
25.225,92.645,1439.0,15.81191219488406,28.0
25.225,92.65,1320.0,9.9063692721155,28.0
25.225,92.655,1290.0,11.143301269215591,28.0
25.225,92.66,1255.0,9.245973666550688,28.0
25.225,92.665,1271.0,11.872836754121412,28.0
25.225,92.67,1260.0,6.84277341263094,28.0
25.225,92.675,1247.0,7.40691212849523,28.0
25.225,92.68,1225.0,1.280959113423653,28.0
25.225,92.685,1203.0,11.794248902093369,28.0
25.225,92.69,1091.0,3.4808773532462083,28.0
25.225,92.695,1112.0,22.78820279770908,28.0
25.225,92.7,1212.0,2.361028198348736,28.0
25.225,92.705,1236.0,5.624839675183298,28.0
25.225,92.71,1136.0,12.370093432433936,28.0
25.225,92.715,1238.0,9.24597366655069,28.0
25.225,92.72,1297.0,5.878250113590978,28.0
25.225,92.725,1289.0,11.648634944412732,28.0
25.225,92.73,1355.0,23.66746136058434,28.0
25.225,92.735,1458.0,6.2772984895975545,28.0
25.225,92.74,1414.0,25.572953701284636,28.0
25.225,92.745,1433.0,5.822915528381649,28.0
25.225,92.75,1408.0,13.949652246979396,28.0
25.225,92.755,1317.0,6.936247607063137,28.0
25.225,92.76,1207.0,17.630515348889947,28.0
25.225,92.765,1210.0,7.209120586689089,28.0
25.225,92.77,1183.0,10.04852985013406,28.0
25.225,92.775,1159.0,6.84277341263094,28.0
25.225,92.78,1141.0,14.418427013423848,28.0
25.225,92.785,1109.0,15.0600315288688,28.0
25.225,92.79,1007.0,20.547670913358743,28.0
25.225,92.795,1043.0,8.605135268574712,28.0
25.225,92.8,1082.0,7.9896532960303395,28.0
25.225,92.805,1126.0,24.333280202025342,28.0
25.225,92.81,1175.0,16.398037117968236,28.0
25.225,92.815,1188.0,6.379370208442804,28.0
25.225,92.82,1128.0,12.156145050965591,28.0
25.225,92.825,1022.0,5.822915528381649,28.0
25.225,92.83,1066.0,13.336644515520948,28.0
25.225,92.835,1031.0,7.662350300486558,28.0
25.225,92.84,934.0,8.530765609948133,28.0
25.225,92.845,874.0,8.678829373950299,28.0
25.225,92.85,843.0,10.581758987862388,28.0
25.225,92.855,777.0,7.493070705420571,28.0
25.225,92.86,696.0,15.276593911816503,28.0
25.225,92.865,664.0,21.33126583595921,28.0
25.225,92.87,654.0,13.416459891104456,28.0
25.225,92.875,754.0,8.45570253780166,28.0
25.225,92.88,836.0,1.1457628381751035,28.0
25.225,92.885,835.0,4.044691235386269,28.0
25.225,92.89,759.0,10.417371405393052,28.0
25.225,92.895,651.0,16.46060440228172,28.0
25.225,92.9,582.0,8.049466975528398,28.0
25.225,92.905,695.0,10.888076838622831,28.0
25.225,92.91,739.0,6.147248032686261,28.0
25.225,92.915,776.0,5.710593137499643,28.0
25.225,92.92,750.0,9.648045316098155,28.0
25.225,92.925,706.0,10.581758987862388,28.0
25.225,92.93,623.0,10.44746989776266,28.0
25.225,92.935,629.0,4.7140651095854516,28.0
25.225,92.94,653.0,6.379370208442803,28.0
25.225,92.945,751.0,14.54321520062608,28.0
25.225,92.95,786.0,11.963794805286303,28.0
25.225,92.955,799.0,7.599333100622036,28.0
25.225,92.96,786.0,14.03624346792648,28.0
25.225,92.965,685.0,12.964588174052748,28.0
25.225,92.97,645.0,3.3371107053581257,28.0
25.225,92.975,631.0,15.26682958715123,28.0
25.225,92.98,615.0,5.3893224751224,28.0
25.225,92.985,653.0,7.2977186821765665,28.0
25.225,92.99,710.0,5.710593137499643,28.0
25.225,92.995,678.0,4.163849943478467,28.0
25.23,92.5,647.0,5.878250113590978,28.0
25.23,92.505,665.0,8.206727073997664,28.0
25.23,92.51,781.0,13.873369436070131,28.0
25.23,92.515,789.0,16.708002222639085,28.0
25.23,92.52,756.0,22.317537877661955,28.0
25.23,92.525,617.0,8.824258606545213,28.0
25.23,92.53,600.0,9.794256737807247,28.0
25.23,92.535,612.0,12.456989292435246,28.0
25.23,92.54,639.0,5.142764557884242,28.0
25.23,92.545,524.0,19.047414462750012,28.0
25.23,92.55,455.0,6.06783785083067,28.0
25.23,92.555,569.0,12.857729366676711,28.0
25.23,92.56,672.0,12.079616644827674,28.0
25.23,92.565,790.0,23.68390180028396,28.0
25.23,92.57,967.0,17.744671625056935,28.0
25.23,92.575,1218.0,28.129078334646746,28.0
25.23,92.58,1185.0,29.26439663486011,28.0
25.23,92.585,1131.0,37.73579680934586,28.0
25.23,92.59,889.0,34.859641495238854,28.0
25.23,92.595,905.0,23.402077887495174,28.0
25.23,92.6,1312.0,17.155822277993956,28.0
25.23,92.605,1378.0,21.954998832237575,28.0
25.23,92.61,1307.0,15.793169048263966,28.0
25.23,92.615,1317.0,18.78558400320078,28.0
25.23,92.62,1310.0,7.7455377836318355,28.0
25.23,92.625,1259.0,0.8102306720437776,28.0
25.23,92.63,1302.0,14.06855543858456,28.0
25.23,92.635,1421.0,6.651732748715235,28.0
25.23,92.64,1464.0,9.761969244030082,28.0
25.23,92.645,1364.0,15.736777699633285,28.0
25.23,92.65,1331.0,7.051280552921114,28.0
25.23,92.655,1313.0,5.267518906840194,28.0
25.23,92.66,1319.0,5.1742413701299474,28.0
25.23,92.665,1303.0,11.976725812374069,28.0
25.23,92.67,1278.0,9.648045316098155,28.0
25.23,92.675,1195.0,25.572953701284636,28.0
25.23,92.68,1162.0,13.540792726885435,28.0
25.23,92.685,1124.0,18.38760160290751,28.0
25.23,92.69,1188.0,10.21937711459359,28.0
25.23,92.695,1121.0,13.873369436070131,28.0
25.23,92.7,1169.0,3.0824947102675178,28.0
25.23,92.705,1200.0,10.21937711459359,28.0
25.23,92.71,1131.0,13.14048922592315,28.0
25.23,92.715,1204.0,11.648634944412732,28.0
25.23,92.72,1184.0,16.099059885706843,28.0
25.23,92.725,1207.0,4.044691235386269,28.0
25.23,92.73,1303.0,8.697149365003282,28.0
25.23,92.735,1379.0,23.933889354573783,28.0
25.23,92.74,1287.0,2.0649342141827822,28.0
25.23,92.745,1291.0,6.504634281949115,28.0
25.23,92.75,1379.0,0.8102306720437776,28.0
25.23,92.755,1327.0,4.044691235386269,28.0
25.23,92.76,1251.0,5.710593137499643,28.0
25.23,92.765,1176.0,10.142106156573984,28.0
25.23,92.77,1071.0,17.5484006137923,28.0
25.23,92.775,977.0,3.3371107053581257,28.0
25.23,92.78,970.0,6.936247607063137,28.0
25.23,92.785,1005.0,15.354441513180229,28.0
25.23,92.79,1120.0,4.004172940709388,28.0
25.23,92.795,1126.0,12.117948587036471,28.0
25.23,92.8,1138.0,5.3893224751224,28.0
25.23,92.805,1184.0,10.032841837324575,28.0
25.23,92.81,1229.0,10.888076838622831,28.0
25.23,92.815,1209.0,12.952764513375518,28.0
25.23,92.82,1107.0,5.142764557884242,28.0
25.23,92.825,1049.0,13.873369436070131,28.0
25.23,92.83,951.0,25.679765260676543,28.0
25.23,92.835,871.0,10.931069451588014,28.0
25.23,92.84,981.0,15.0600315288688,28.0
25.23,92.845,952.0,13.949652246979396,28.0
25.23,92.85,887.0,11.309932474020217,28.0
25.23,92.855,796.0,15.460716851353514,28.0
25.23,92.86,796.0,15.149071220451717,28.0
25.23,92.865,731.0,16.181268131599445,28.0
25.23,92.87,652.0,22.317537877661955,28.0
25.23,92.875,778.0,10.265436734150176,28.0
25.23,92.88,844.0,0.5729386976834859,28.0
25.23,92.885,847.0,8.530765609948133,28.0
25.23,92.89,759.0,8.605135268574712,28.0
25.23,92.895,720.0,15.119460665411571,28.0
25.23,92.9,589.0,17.019588322885273,28.0
25.23,92.905,596.0,8.049466975528398,28.0
25.23,92.91,693.0,9.697046418543986,28.0
25.23,92.915,752.0,9.713320968615797,28.0
25.23,92.92,821.0,2.9189949338347145,28.0
25.23,92.925,794.0,9.794256737807247,28.0
25.23,92.93,726.0,18.325381934580992,28.0
25.23,92.935,731.0,20.60118647336543,28.0
25.23,92.94,765.0,0.5729386976834859,28.0
25.23,92.945,777.0,4.163849943478467,28.0
25.23,92.95,805.0,4.573921259900861,28.0
25.23,92.955,792.0,2.560638973149915,28.0
25.23,92.96,764.0,2.9189949338347145,28.0
25.23,92.965,721.0,5.419335736411587,28.0
25.23,92.97,676.0,9.36515852576206,28.0
25.23,92.975,557.0,14.079306913753854,28.0
25.23,92.98,669.0,12.370093432433936,28.0
25.23,92.985,651.0,3.0824947102675178,28.0
25.23,92.99,687.0,4.9166653832101535,28.0
25.23,92.995,651.0,9.92227370227362,28.0
25.235,92.5,729.0,14.789083385427716,28.0
25.235,92.505,740.0,8.984876931685683,28.0
25.235,92.51,846.0,15.651730558256704,28.0
25.235,92.515,915.0,10.640849616317048,28.0
25.235,92.52,793.0,16.089894054824914,28.0
25.235,92.525,720.0,23.03548032843362,28.0
25.235,92.53,678.0,11.433146958125782,28.0
25.235,92.535,598.0,12.156145050965591,28.0
25.235,92.54,692.0,14.03624346792648,28.0
25.235,92.545,632.0,7.7455377836318355,28.0
25.235,92.55,527.0,14.666756752735052,28.0
25.235,92.555,526.0,16.91651608571675,28.0
25.235,92.56,628.0,8.45570253780166,28.0
25.235,92.565,708.0,14.04702373801616,28.0
25.235,92.57,907.0,23.890693491223985,28.0
25.235,92.575,1170.0,32.05064263526879,28.0
25.235,92.58,1405.0,20.813377245065748,28.0
25.235,92.585,1390.0,36.06788432494061,28.0
25.235,92.59,1224.0,34.03610653544052,28.0
25.235,92.595,1015.0,42.24698637527128,28.0
25.235,92.6,,,28.0
25.235,92.605,1324.0,17.630515348889947,28.0
25.235,92.61,1300.0,9.245973666550688,28.0
25.235,92.615,1310.0,12.066808999772697,28.0
25.235,92.62,1264.0,6.379370208442803,28.0
25.235,92.625,1189.0,7.051280552921114,28.0
25.235,92.63,1316.0,9.713320968615797,28.0
25.235,92.635,1428.0,13.895214125297697,28.0
25.235,92.64,1372.0,12.773913615584416,28.0
25.235,92.645,1283.0,5.267518906840194,28.0
25.235,92.65,1233.0,19.550236336404964,28.0
25.235,92.655,1268.0,25.05828878940444,28.0
25.235,92.66,1240.0,17.622325575320776,28.0
25.235,92.665,1208.0,15.217895698464046,28.0
25.235,92.67,1142.0,13.14048922592315,28.0
25.235,92.675,1132.0,9.107717061395457,28.0
25.235,92.68,1128.0,11.754735170671625,28.0
25.235,92.685,1249.0,14.789083385427716,28.0
25.235,92.69,1256.0,6.959412387152244,28.0
25.235,92.695,1185.0,13.17534790222412,28.0
25.235,92.7,1112.0,19.34826542513789,28.0
25.235,92.705,1068.0,16.708002222639085,28.0
25.235,92.71,1089.0,9.449304906720505,28.0
25.235,92.715,1121.0,8.605135268574712,28.0
25.235,92.72,1189.0,13.9061215425325,28.0
25.235,92.725,1240.0,12.370093432433936,28.0
25.235,92.73,1290.0,4.883493424700951,28.0
25.235,92.735,1295.0,1.280959113423653,28.0
25.235,92.74,1242.0,17.391035938698558,28.0
25.235,92.745,1271.0,10.265436734150176,28.0
25.235,92.75,1277.0,5.111089695288715,28.0
25.235,92.755,1308.0,13.093845922704302,28.0
25.235,92.76,1234.0,6.651732748715235,28.0
25.235,92.765,1170.0,11.59517961733378,28.0
25.235,92.77,1052.0,20.94450636642053,28.0
25.235,92.775,1091.0,19.80591943221724,28.0
25.235,92.78,1124.0,5.111089695288715,28.0
25.235,92.785,1105.0,14.366056176200178,28.0
25.235,92.79,1153.0,8.14812945516323,28.0
25.235,92.795,1184.0,6.454830247455114,28.0
25.235,92.8,1176.0,10.142106156573984,28.0
25.235,92.805,1225.0,4.609363720543608,28.0
25.235,92.81,1193.0,8.14812945516323,28.0
25.235,92.815,1157.0,7.2977186821765665,28.0
25.235,92.82,1122.0,21.8075823700646,28.0
25.235,92.825,1067.0,13.60805977475334,28.0
25.235,92.83,999.0,6.454830247455114,28.0
25.235,92.835,918.0,8.284177231157289,28.0
25.235,92.84,858.0,22.788202797709086,28.0
25.235,92.845,927.0,13.518284623129588,28.0
25.235,92.85,923.0,13.37091809860972,28.0
25.235,92.855,862.0,6.504634281949114,28.0
25.235,92.86,830.0,5.1742413701299474,28.0
25.235,92.865,761.0,6.504634281949114,28.0
25.235,92.87,591.0,15.886617531931096,28.0
25.235,92.875,768.0,15.119460665411577,28.0
25.235,92.88,863.0,5.1742413701299474,28.0
25.235,92.885,849.0,5.1742413701299474,28.0
25.235,92.89,761.0,14.366056176200178,28.0
25.235,92.895,726.0,8.530765609948133,28.0
25.235,92.9,650.0,11.59517961733378,28.0
25.235,92.905,585.0,5.7388854270937575,28.0
25.235,92.91,664.0,4.163849943478467,28.0
25.235,92.915,736.0,8.14812945516323,28.0
25.235,92.92,815.0,4.163849943478467,28.0
25.235,92.925,813.0,3.3371107053581257,28.0
25.235,92.93,784.0,6.651732748715235,28.0
25.235,92.935,780.0,8.089084126141794,28.0
25.235,92.94,786.0,14.37654823502028,28.0
25.235,92.945,820.0,10.21937711459359,28.0
25.235,92.95,804.0,4.883493424700951,28.0
25.235,92.955,762.0,8.824258606545213,28.0
25.235,92.96,740.0,9.107717061395457,28.0
25.235,92.965,644.0,12.999985665815318,28.0
25.235,92.97,630.0,14.196947417484148,28.0
25.235,92.975,509.0,11.754735170671625,28.0
25.235,92.98,633.0,10.142106156573984,28.0
25.235,92.985,629.0,9.6316519614038,28.0
25.235,92.99,652.0,8.984876931685683,28.0
25.235,92.995,649.0,9.159824730595334,28.0
25.24,92.5,809.0,10.931069451588014,28.0
25.24,92.505,810.0,12.665224630685922,28.0
25.24,92.51,910.0,14.789083385427716,28.0
25.24,92.515,968.0,18.845848864047166,28.0
25.24,92.52,883.0,18.84584886404717,28.0
25.24,92.525,826.0,16.61135092907738,28.0
25.24,92.53,772.0,15.460716851353514,28.0
25.24,92.535,674.0,11.446746863908654,28.0
25.24,92.54,780.0,13.585680087733436,28.0
25.24,92.545,637.0,15.802543980364272,28.0
25.24,92.55,672.0,16.253917058152773,28.0
25.24,92.555,531.0,17.299107615709833,28.0
25.24,92.56,569.0,10.095435505303422,28.0
25.24,92.565,627.0,5.419335736411587,28.0
25.24,92.57,731.0,19.550236336404964,28.0
25.24,92.575,1009.0,36.05502968442895,28.0
25.24,92.58,1274.0,29.5307016742686,28.0
25.24,92.585,1587.0,21.28025901001372,28.0
25.24,92.59,1559.0,1.811248047327972,28.0
25.24,92.595,1444.0,53.65615998312914,28.0
25.24,92.6,1221.0,24.12151143189932,28.0
25.24,92.605,1369.0,10.34170762418876,28.0
25.24,92.61,1401.0,5.142764557884242,28.0
25.24,92.615,1389.0,8.878141907487027,28.0
25.24,92.62,1313.0,12.370093432433936,28.0
25.24,92.625,1245.0,15.0600315288688,28.0
25.24,92.63,1197.0,17.752790161946685,28.0
25.24,92.635,1305.0,16.389075025823413,28.0
25.24,92.64,1243.0,26.324947614792432,28.0
25.24,92.645,1275.0,11.648634944412734,28.0
25.24,92.65,1146.0,20.970597195584748,28.0
25.24,92.655,1156.0,22.926696049813323,28.0
25.24,92.66,1161.0,18.034027403561364,28.0
25.24,92.665,1170.0,11.63529670109765,28.0
25.24,92.67,1124.0,16.91651608571675,28.0
25.24,92.675,1226.0,9.6316519614038,28.0
25.24,92.68,1246.0,7.40691212849523,28.0
25.24,92.685,1296.0,9.159824730595334,28.0
25.24,92.69,1287.0,4.7140651095854516,28.0
25.24,92.695,1265.0,7.141919756273425,28.0
25.24,92.7,1221.0,3.837767974238014,28.0
25.24,92.705,1123.0,16.45168408046464,28.0
25.24,92.71,1088.0,20.62787340377509,28.0
25.24,92.715,1158.0,2.9189949338347145,28.0
25.24,92.72,1184.0,6.651732748715235,28.0
25.24,92.725,1217.0,13.507014370466038,28.0
25.24,92.73,1298.0,2.0649342141827822,28.0
25.24,92.735,1263.0,14.37654823502028,28.0
25.24,92.74,1175.0,10.095435505303422,28.0
25.24,92.745,1180.0,15.537461076489713,28.0
25.24,92.75,1167.0,11.648634944412732,28.0
25.24,92.755,1222.0,20.140129120020212,28.0
25.24,92.76,1150.0,16.61135092907738,28.0
25.24,92.765,1032.0,12.419832137022013,28.0
25.24,92.77,980.0,12.51864147468042,28.0
25.24,92.775,1124.0,21.930526507189803,28.0
25.24,92.78,1185.0,10.81600550394513,28.0
25.24,92.785,1185.0,3.6188832299832416,28.0
25.24,92.79,1167.0,7.7455377836318355,28.0
25.24,92.795,1242.0,5.822915528381649,28.0
25.24,92.8,1254.0,7.141919756273425,28.0
25.24,92.805,1253.0,15.651730558256704,28.0
25.24,92.81,1219.0,10.931069451588014,28.0
25.24,92.815,1185.0,9.664408742578416,28.0
25.24,92.82,1101.0,20.833118830632372,28.0
25.24,92.825,981.0,7.40691212849523,28.0
25.24,92.83,955.0,16.208558038649098,28.0
25.24,92.835,846.0,18.10544934292749,28.0
25.24,92.84,742.0,4.609363720543608,28.0
25.24,92.845,774.0,26.565051177077994,28.0
25.24,92.85,781.0,14.70766576132861,28.0
25.24,92.855,864.0,0.5729386976834859,28.0
25.24,92.86,822.0,7.7455377836318355,28.0
25.24,92.865,693.0,18.69471325052464,28.0
25.24,92.87,594.0,10.21937711459359,28.0
25.24,92.875,793.0,15.765003824114848,28.0
25.24,92.88,866.0,5.1742413701299474,28.0
25.24,92.885,834.0,5.419335736411587,28.0
25.24,92.89,765.0,8.45570253780166,28.0
25.24,92.895,743.0,4.850090156191999,28.0
25.24,92.9,629.0,16.253917058152773,28.0
25.24,92.905,612.0,15.585195857538066,28.0
25.24,92.91,707.0,12.773913615584416,28.0
25.24,92.915,743.0,1.280959113423653,28.0
25.24,92.92,727.0,7.209120586689089,28.0
25.24,92.925,743.0,15.119460665411571,28.0
25.24,92.93,850.0,5.710593137499643,28.0
25.24,92.935,848.0,3.6188832299832416,28.0
25.24,92.94,821.0,7.7455377836318355,28.0
25.24,92.945,830.0,5.1742413701299474,28.0
25.24,92.95,767.0,7.141919756273425,28.0
25.24,92.955,745.0,4.9166653832101535,28.0
25.24,92.96,729.0,9.9063692721155,28.0
25.24,92.965,680.0,12.857729366676711,28.0
25.24,92.97,611.0,18.255059151203536,28.0
25.24,92.975,557.0,20.385976479920775,28.0
25.24,92.98,441.0,9.159824730595334,28.0
25.24,92.985,509.0,21.41379223247083,28.0
25.24,92.99,502.0,7.9293646872281585,28.0
25.24,92.995,529.0,16.976735987066444,28.0
25.245,92.5,972.0,17.432620785390803,28.0
25.245,92.505,951.0,20.94450636642053,28.0
25.245,92.51,1031.0,11.794248902093369,28.0
25.245,92.515,1184.0,11.527973042352134,28.0
25.245,92.52,1135.0,17.349325993056564,28.0
25.245,92.525,1018.0,26.010289586407552,28.0
25.245,92.53,906.0,16.45168408046464,28.0
25.245,92.535,753.0,21.930526507189803,28.0
25.245,92.54,893.0,19.91116713616606,28.0
25.245,92.545,832.0,11.976725812374069,28.0
25.245,92.55,713.0,15.81191219488406,28.0
25.245,92.555,631.0,11.157292128087049,28.0
25.245,92.56,587.0,9.31427931090428,28.0
25.245,92.565,663.0,26.91873130178203,28.0
25.245,92.57,826.0,13.59687524180116,28.0
25.245,92.575,1124.0,29.6489638160698,28.0
25.245,92.58,1291.0,25.29785776746718,28.0
25.245,92.585,1570.0,9.107717061395457,28.0
25.245,92.59,1600.0,1.811248047327972,28.0
25.245,92.595,1564.0,5.96026196814625,28.0
25.245,92.6,1519.0,15.52789294984244,28.0
25.245,92.605,1315.0,23.62353705226748,28.0
25.245,92.61,1293.0,16.389075025823413,28.0
25.245,92.615,1264.0,19.82702865340817,28.0
25.245,92.62,1243.0,21.01614897338419,28.0
25.245,92.625,1178.0,14.207585688982292,28.0
25.245,92.63,1162.0,6.379370208442804,28.0
25.245,92.635,1176.0,8.089084126141794,28.0
25.245,92.64,1198.0,16.742977650935924,28.0
25.245,92.645,1133.0,2.429397114363021,28.0
25.245,92.65,1212.0,29.28383890901281,28.0
25.245,92.655,1318.0,14.334526006829275,28.0
25.245,92.66,1321.0,11.323696238973891,28.0
25.245,92.665,1227.0,11.527973042352134,28.0
25.245,92.67,1172.0,6.959412387152244,28.0
25.245,92.675,1245.0,16.17215901578255,28.0
25.245,92.68,1311.0,2.9189949338347145,28.0
25.245,92.685,1337.0,3.837767974238014,28.0
25.245,92.69,1291.0,11.87283675412141,28.0
25.245,92.695,1171.0,24.20125277189839,28.0
25.245,92.7,1104.0,14.70766576132861,28.0
25.245,92.705,1051.0,11.63529670109765,28.0
25.245,92.71,1208.0,3.6188832299832416,28.0
25.245,92.715,1206.0,5.419335736411587,28.0
25.245,92.72,1222.0,2.862405226111748,28.0
25.245,92.725,1205.0,4.609363720543608,28.0
25.245,92.73,1277.0,19.464016342661992,28.0
25.245,92.735,1253.0,13.674945403795036,28.0
25.245,92.74,1209.0,15.793169048263966,28.0
25.245,92.745,1168.0,9.664408742578416,28.0
25.245,92.75,1121.0,22.507502830396614,28.0
25.245,92.755,1053.0,14.334526006829275,28.0
25.245,92.76,997.0,17.391035938698558,28.0
25.245,92.765,1005.0,17.424313779662153,28.0
25.245,92.77,1090.0,6.866265885252495,28.0
25.245,92.775,1129.0,21.954998832237575,28.0
25.245,92.78,1139.0,14.829594234049214,28.0
25.245,92.785,1191.0,6.84277341263094,28.0
25.245,92.79,1237.0,9.761969244030082,28.0
25.245,92.795,1199.0,18.98798214506527,28.0
25.245,92.8,1212.0,8.530765609948133,28.0
25.245,92.805,1215.0,4.004172940709388,28.0
25.245,92.81,1195.0,5.111089695288715,28.0
25.245,92.815,1109.0,7.051280552921114,28.0
25.245,92.82,1110.0,4.124518139862882,28.0
25.245,92.825,1059.0,14.418427013423848,28.0
25.245,92.83,1001.0,14.54321520062608,28.0
25.245,92.835,917.0,11.268529661509747,28.0
25.245,92.84,868.0,16.70800222263908,28.0
25.245,92.845,827.0,7.40691212849523,28.0
25.245,92.85,710.0,2.429397114363021,28.0
25.245,92.855,651.0,17.630515348889947,28.0
25.245,92.86,692.0,20.846265656650555,28.0
25.245,92.865,714.0,8.398938982096263,28.0
25.245,92.87,606.0,22.601628197355133,28.0
25.245,92.875,681.0,16.55833888459116,28.0
25.245,92.88,833.0,11.157292128087049,28.0
25.245,92.885,797.0,3.3371107053581257,28.0
25.245,92.89,752.0,8.45570253780166,28.0
25.245,92.895,746.0,11.446746863908654,28.0
25.245,92.9,610.0,11.87283675412141,28.0
25.245,92.905,598.0,17.752790161946685,28.0
25.245,92.91,611.0,11.19914909644824,28.0
25.245,92.915,711.0,19.471220634490695,28.0
25.245,92.92,760.0,7.428549707571748,28.0
25.245,92.925,781.0,13.507014370466038,28.0
25.245,92.93,803.0,7.141919756273425,28.0
25.245,92.935,758.0,17.849848259878947,28.0
25.245,92.94,771.0,7.7455377836318355,28.0
25.245,92.945,770.0,18.38760160290751,28.0
25.245,92.95,753.0,3.0824947102675178,28.0
25.245,92.955,723.0,18.69471325052464,28.0
25.245,92.96,678.0,15.266829587151229,28.0
25.245,92.965,687.0,3.3371107053581257,28.0
25.245,92.97,659.0,2.361028198348736,28.0
25.245,92.975,647.0,7.051280552921114,28.0
25.245,92.98,500.0,13.12884614937404,28.0
25.245,92.985,445.0,14.789083385427716,28.0
25.245,92.99,367.0,4.044691235386269,28.0
25.245,92.995,450.0,18.845848864047166,28.0
25.25,92.5,1100.0,8.284177231157289,28.0
25.25,92.505,1095.0,16.91651608571675,28.0
25.25,92.51,1190.0,15.802543980364272,28.0
25.25,92.515,1325.0,10.402286577822323,28.0
25.25,92.52,1219.0,1.811248047327972,28.0
25.25,92.525,1095.0,10.98810564233957,28.0
25.25,92.53,968.0,23.716731883202687,28.0
25.25,92.535,896.0,17.687709838076103,28.0
25.25,92.54,995.0,14.37654823502028,28.0
25.25,92.545,861.0,9.449304906720505,28.0
25.25,92.55,773.0,20.304473709960437,28.0
25.25,92.555,712.0,11.87283675412141,28.0
25.25,92.56,644.0,12.857729366676711,28.0
25.25,92.565,741.0,17.35767803462991,28.0
25.25,92.57,872.0,14.366056176200178,28.0
25.25,92.575,1093.0,26.99034751476369,28.0
25.25,92.58,1276.0,26.88280561510016,28.0
25.25,92.585,1492.0,21.363059243617435,28.0
25.25,92.59,1541.0,2.0649342141827822,28.0
25.25,92.595,1527.0,8.984876931685683,28.0
25.25,92.6,1530.0,5.624839675183298,28.0
25.25,92.605,1400.0,9.177123708952482,28.0
25.25,92.61,1268.0,11.63529670109765,28.0
25.25,92.615,1193.0,5.7388854270937575,28.0
25.25,92.62,1205.0,13.585680087733436,28.0
25.25,92.625,1205.0,18.5342984732941,28.0
25.25,92.63,1180.0,17.01102858617966,28.0
25.25,92.635,1194.0,11.19914909644824,28.0
25.25,92.64,1229.0,21.363059243617435,28.0
25.25,92.645,1149.0,5.822915528381649,28.0
25.25,92.65,1308.0,17.432620785390803,28.0
25.25,92.655,1375.0,6.379370208442804,28.0
25.25,92.66,1361.0,11.91191379484262,28.0
25.25,92.665,1284.0,18.38760160290751,28.0
25.25,92.67,1231.0,7.641405059952685,28.0
25.25,92.675,1295.0,3.2376881462291047,28.0
25.25,92.68,1364.0,5.7388854270937575,28.0
25.25,92.685,1311.0,7.051280552921114,28.0
25.25,92.69,1248.0,16.61135092907738,28.0
25.25,92.695,1252.0,5.96026196814625,28.0
25.25,92.7,1181.0,16.708002222639085,28.0
25.25,92.705,1090.0,6.936247607063137,28.0
25.25,92.71,1068.0,20.911829865312622,28.0
25.25,92.715,1246.0,7.253560723066103,28.0
25.25,92.72,1244.0,10.98810564233957,28.0
25.25,92.725,1204.0,3.837767974238014,28.0
25.25,92.73,1185.0,2.0649342141827822,28.0
25.25,92.735,1226.0,16.976735987066444,28.0
25.25,92.74,1233.0,6.173484200727683,28.0
25.25,92.745,1235.0,9.36515852576206,28.0
25.25,92.75,1209.0,3.663718325999619,28.0
25.25,92.755,1117.0,11.268529661509747,28.0
25.25,92.76,1070.0,13.416459891104456,28.0
25.25,92.765,955.0,13.873369436070131,28.0
25.25,92.77,987.0,25.572953701284636,28.0
25.25,92.775,991.0,6.959412387152244,28.0
25.25,92.78,1133.0,23.03548032843362,28.0
25.25,92.785,1224.0,3.837767974238014,28.0
25.25,92.79,1212.0,7.428549707571748,28.0
25.25,92.795,1168.0,11.794248902093369,28.0
25.25,92.8,1142.0,13.59687524180116,28.0
25.25,92.805,1174.0,7.428549707571748,28.0
25.25,92.81,1176.0,6.866265885252495,28.0
25.25,92.815,1120.0,11.115261308548,28.0
25.25,92.82,1069.0,10.81600550394513,28.0
25.25,92.825,1030.0,23.273326481355983,28.0
25.25,92.83,1072.0,5.1742413701299474,28.0
25.25,92.835,1017.0,9.648045316098155,28.0
25.25,92.84,955.0,10.417371405393052,28.0
25.25,92.845,855.0,14.789083385427716,28.0
25.25,92.85,797.0,16.281058441520802,28.0
25.25,92.855,710.0,8.089084126141794,28.0
25.25,92.86,635.0,19.86214420520484,28.0
25.25,92.865,613.0,20.473776079507815,28.0
25.25,92.87,534.0,13.60805977475334,28.0
25.25,92.875,689.0,22.04642818808474,28.0
25.25,92.88,824.0,2.361028198348736,28.0
25.25,92.885,731.0,8.14812945516323,28.0
25.25,92.89,695.0,1.811248047327972,28.0
25.25,92.895,679.0,6.67592292471606,28.0
25.25,92.9,601.0,15.585195857538066,28.0
25.25,92.905,659.0,14.738259624023955,28.0
25.25,92.91,728.0,12.079616644827674,28.0
25.25,92.915,733.0,19.25354151275117,28.0
25.25,92.92,770.0,11.872836754121412,28.0
25.25,92.925,798.0,15.149071220451717,28.0
25.25,92.93,729.0,6.379370208442803,28.0
25.25,92.935,721.0,7.7455377836318355,28.0
25.25,92.94,725.0,8.984876931685683,28.0
25.25,92.945,739.0,10.743403801775962,28.0
25.25,92.95,728.0,5.111089695288715,28.0
25.25,92.955,664.0,9.398914043719726,28.0
25.25,92.96,605.0,16.70800222263908,28.0
25.25,92.965,703.0,3.663718325999619,28.0
25.25,92.97,696.0,6.06783785083067,28.0
25.25,92.975,660.0,12.370093432433936,28.0
25.25,92.98,553.0,23.94467010289635,28.0
25.25,92.985,516.0,15.383512936117317,28.0
25.25,92.99,419.0,12.999985665815318,28.0
25.25,92.995,340.0,21.451732411764542,28.0
25.255,92.5,1104.0,12.382549217765357,28.0
25.255,92.505,1232.0,11.794248902093369,28.0
25.255,92.51,1213.0,11.859779120947978,28.0
25.255,92.515,1271.0,21.727142230503578,28.0
25.255,92.52,1224.0,21.954998832237575,28.0
25.255,92.525,1059.0,15.354441513180229,28.0
25.255,92.53,1019.0,13.518284623129588,28.0
25.255,92.535,1038.0,17.890092279426646,28.0
25.255,92.54,1137.0,12.51864147468042,28.0
25.255,92.545,948.0,22.926696049813323,28.0
25.255,92.55,908.0,14.615430541128886,28.0
25.255,92.555,860.0,14.132921424385623,28.0
25.255,92.56,762.0,12.952764513375518,28.0
25.255,92.565,735.0,12.845793720311368,28.0
25.255,92.57,809.0,10.34170762418876,28.0
25.255,92.575,955.0,13.895214125297697,28.0
25.255,92.58,1146.0,19.297336265636357,28.0
25.255,92.585,1423.0,23.407652145117517,28.0
25.255,92.59,1503.0,11.648634944412734,28.0
25.255,92.595,1428.0,12.665224630685922,28.0
25.255,92.6,1394.0,25.113503893435155,28.0
25.255,92.605,1310.0,16.208558038649098,28.0
25.255,92.61,1222.0,12.079616644827674,28.0
25.255,92.615,1207.0,16.91651608571675,28.0
25.255,92.62,1326.0,10.888076838622831,28.0
25.255,92.625,1238.0,19.485618658513864,28.0
25.255,92.63,1183.0,14.302914425322813,28.0
25.255,92.635,1307.0,8.605135268574712,28.0
25.255,92.64,1315.0,7.599333100622036,28.0
25.255,92.645,1172.0,15.266829587151229,28.0
25.255,92.65,1248.0,25.028091851156137,28.0
25.255,92.655,1423.0,10.095435505303422,28.0
25.255,92.66,1425.0,7.2977186821765665,28.0
25.255,92.665,1384.0,8.660468233028292,28.0
25.255,92.67,1305.0,18.08168200491717,28.0
25.255,92.675,1295.0,18.08168200491717,28.0
25.255,92.68,1380.0,7.209120586689089,28.0
25.255,92.685,1335.0,2.361028198348736,28.0
25.255,92.69,1229.0,8.049466975528398,28.0
25.255,92.695,1309.0,3.2376881462291047,28.0
25.255,92.7,1251.0,11.91191379484262,28.0
25.255,92.705,1121.0,8.45570253780166,28.0
25.255,92.71,1060.0,15.651730558256704,28.0
25.255,92.715,1150.0,18.33317422681741,28.0
25.255,92.72,1131.0,7.9896532960303395,28.0
25.255,92.725,1086.0,19.82702865340817,28.0
25.255,92.73,1139.0,16.976735987066444,28.0
25.255,92.735,1147.0,14.079306913753854,28.0
25.255,92.74,1172.0,11.87283675412141,28.0
25.255,92.745,1286.0,1.811248047327972,28.0
25.255,92.75,1249.0,3.4808773532462083,28.0
25.255,92.755,1192.0,8.54942232101196,28.0
25.255,92.76,1138.0,13.416459891104456,28.0
25.255,92.765,1081.0,14.553557497859137,28.0
25.255,92.77,1070.0,9.92227370227362,28.0
25.255,92.775,900.0,21.30578361782877,28.0
25.255,92.78,1038.0,13.244750575284366,28.0
25.255,92.785,1187.0,11.364876967033675,28.0
25.255,92.79,1128.0,5.710593137499643,28.0
25.255,92.795,1109.0,20.634537788968707,28.0
25.255,92.8,1073.0,9.245973666550688,28.0
25.255,92.805,1129.0,1.280959113423653,28.0
25.255,92.81,1172.0,3.6188832299832416,28.0
25.255,92.815,1125.0,4.044691235386269,28.0
25.255,92.82,1099.0,4.124518139862882,28.0
25.255,92.825,951.0,18.38760160290751,28.0
25.255,92.83,916.0,13.540792726885435,28.0
25.255,92.835,988.0,20.70765310790219,28.0
25.255,92.84,1012.0,10.402286577822323,28.0
25.255,92.845,951.0,8.398938982096263,28.0
25.255,92.85,907.0,12.419832137022013,28.0
25.255,92.855,798.0,12.999985665815318,28.0
25.255,92.86,716.0,8.54942232101196,28.0
25.255,92.865,628.0,14.06855543858456,28.0
25.255,92.87,613.0,20.14701290275177,28.0
25.255,92.875,725.0,10.873704491297854,28.0
25.255,92.88,788.0,12.117948587036471,28.0
25.255,92.885,687.0,20.94450636642053,28.0
25.255,92.89,567.0,16.208558038649098,28.0
25.255,92.895,537.0,9.713320968615797,28.0
25.255,92.9,560.0,19.925144089647365,28.0
25.255,92.905,680.0,12.370093432433936,28.0
25.255,92.91,776.0,7.599333100622036,28.0
25.255,92.915,780.0,2.560638973149915,28.0
25.255,92.92,844.0,9.51604741998822,28.0
25.255,92.925,778.0,6.379370208442803,28.0
25.255,92.93,711.0,15.56612306257827,28.0
25.255,92.935,701.0,6.379370208442804,28.0
25.255,92.94,703.0,15.06995574963759,28.0
25.255,92.945,721.0,1.6201374245654556,28.0
25.255,92.95,703.0,4.465877540190299,28.0
25.255,92.955,639.0,21.106846658709145,28.0
25.255,92.96,586.0,12.869652430655464,28.0
25.255,92.965,682.0,4.609363720543608,28.0
25.255,92.97,673.0,6.379370208442803,28.0
25.255,92.975,696.0,6.454830247455114,28.0
25.255,92.98,640.0,18.270716432784337,28.0
25.255,92.985,545.0,29.698307033603637,28.0
25.255,92.99,403.0,8.049466975528398,28.0
25.255,92.995,283.0,12.604382648379184,28.0
25.26,92.5,1149.0,14.666756752735052,28.0
25.26,92.505,1257.0,1.811248047327972,28.0
25.26,92.51,1110.0,14.70766576132861,28.0
25.26,92.515,1088.0,20.60118647336543,28.0
25.26,92.52,1118.0,22.44246215398312,28.0
25.26,92.525,1195.0,10.34170762418876,28.0
25.26,92.53,1229.0,16.734242254624238,28.0
25.26,92.535,1290.0,27.69840334835469,28.0
25.26,92.54,1308.0,34.31049364198968,28.0
25.26,92.545,1163.0,23.239566497270467,28.0
25.26,92.55,1087.0,4.3551096715835795,28.0
25.26,92.555,1053.0,15.585195857538066,28.0
25.26,92.56,1038.0,29.683140179123296,28.0
25.26,92.565,988.0,22.601628197355133,28.0
25.26,92.57,895.0,16.06235837746245,28.0
25.26,92.575,1044.0,22.14940249347011,28.0
25.26,92.58,1239.0,25.253207609369632,28.0
25.26,92.585,1465.0,2.862405226111748,28.0
25.26,92.59,1450.0,16.821344150651747,28.0
25.26,92.595,1440.0,21.813752794346744,28.0
25.26,92.6,1386.0,21.33126583595921,28.0
25.26,92.605,1330.0,18.78558400320078,28.0
25.26,92.61,1400.0,15.680141406453098,28.0
25.26,92.615,1362.0,11.59517961733378,28.0
25.26,92.62,1361.0,14.132921424385623,28.0
25.26,92.625,1357.0,7.051280552921114,28.0
25.26,92.63,1338.0,10.772508814602732,28.0
25.26,92.635,1325.0,4.3551096715835795,28.0
25.26,92.64,1260.0,15.736777699633285,28.0
25.26,92.645,1136.0,2.2906100426385296,28.0
25.26,92.65,1254.0,21.633803725523855,28.0
25.26,92.655,1372.0,10.888076838622831,28.0
25.26,92.66,1388.0,18.38760160290751,28.0
25.26,92.665,1410.0,5.3893224751224,28.0
25.26,92.67,1422.0,2.361028198348736,28.0
25.26,92.675,1409.0,2.862405226111748,28.0
25.26,92.68,1403.0,6.379370208442803,28.0
25.26,92.685,1313.0,18.778033222445544,28.0
25.26,92.69,1295.0,13.37091809860972,28.0
25.26,92.695,1334.0,5.653572472774074,28.0
25.26,92.7,1298.0,3.663718325999619,28.0
25.26,92.705,1176.0,14.03624346792648,28.0
25.26,92.71,1116.0,9.449304906720505,28.0
25.26,92.715,1091.0,20.54767091335874,28.0
25.26,92.72,1109.0,11.378567244391917,28.0
25.26,92.725,1061.0,22.40687120493745,28.0
25.26,92.73,1197.0,4.883493424700951,28.0
25.26,92.735,1187.0,14.789083385427716,28.0
25.26,92.74,1241.0,8.605135268574712,28.0
25.26,92.745,1233.0,15.354441513180229,28.0
25.26,92.75,1210.0,13.60805977475334,28.0
25.26,92.755,1176.0,13.585680087733436,28.0
25.26,92.76,1182.0,9.159824730595334,28.0
25.26,92.765,1114.0,10.032841837324575,28.0
25.26,92.77,1044.0,10.537203406802927,28.0
25.26,92.775,876.0,24.72297771719879,28.0
25.26,92.78,1028.0,10.265436734150176,28.0
25.26,92.785,1156.0,8.089084126141794,28.0
25.26,92.79,1084.0,10.417371405393052,28.0
25.26,92.795,977.0,13.37091809860972,28.0
25.26,92.8,1029.0,22.38904532449576,28.0
25.26,92.805,1118.0,13.60805977475334,28.0
25.26,92.81,1145.0,3.663718325999619,28.0
25.26,92.815,1138.0,5.111089695288715,28.0
25.26,92.82,1078.0,10.81600550394513,28.0
25.26,92.825,949.0,20.00178391471595,28.0
25.26,92.83,855.0,12.964588174052748,28.0
25.26,92.835,885.0,8.984876931685683,28.0
25.26,92.84,1027.0,14.470575684643377,28.0
25.26,92.845,1019.0,2.862405226111748,28.0
25.26,92.85,969.0,9.31427931090428,28.0
25.26,92.855,864.0,14.615430541128886,28.0
25.26,92.86,775.0,8.45570253780166,28.0
25.26,92.865,659.0,6.67592292471606,28.0
25.26,92.87,581.0,20.78041748766358,28.0
25.26,92.875,519.0,24.65094662675764,28.0
25.26,92.88,635.0,15.651730558256704,28.0
25.26,92.885,548.0,23.58500363276618,28.0
25.26,92.89,631.0,15.72735540025082,28.0
25.26,92.895,630.0,10.772508814602732,28.0
25.26,92.9,690.0,11.157292128087049,28.0
25.26,92.905,711.0,5.878250113590978,28.0
25.26,92.91,769.0,11.433146958125782,28.0
25.26,92.915,778.0,1.811248047327972,28.0
25.26,92.92,749.0,2.560638973149915,28.0
25.26,92.925,752.0,10.21937711459359,28.0
25.26,92.93,730.0,8.530765609948133,28.0
25.26,92.935,708.0,5.142764557884242,28.0
25.26,92.94,678.0,6.379370208442804,28.0
25.26,92.945,723.0,3.6188832299832416,28.0
25.26,92.95,686.0,7.253560723066103,28.0
25.26,92.955,573.0,8.842258533397425,28.0
25.26,92.96,511.0,12.51864147468042,28.0
25.26,92.965,573.0,27.41360697987478,28.0
25.26,92.97,570.0,19.25354151275117,28.0
25.26,92.975,637.0,7.9896532960303395,28.0
25.26,92.98,604.0,8.45570253780166,28.0
25.26,92.985,570.0,5.267518906840194,28.0
25.26,92.99,473.0,20.14701290275177,28.0
25.26,92.995,364.0,9.24597366655069,28.0
25.265,92.5,1181.0,9.648045316098155,28.0
25.265,92.505,1214.0,14.164976627383547,28.0
25.265,92.51,1044.0,9.107717061395457,28.0
25.265,92.515,958.0,10.640849616317048,28.0
25.265,92.52,987.0,5.267518906840194,28.0
25.265,92.525,1079.0,13.60805977475334,28.0
25.265,92.53,1115.0,14.03624346792648,28.0
25.265,92.535,1241.0,19.231594954140725,28.0
25.265,92.54,1269.0,22.58402266548946,28.0
25.265,92.545,1159.0,11.872836754121412,28.0
25.265,92.55,1055.0,10.34170762418876,28.0
25.265,92.555,1003.0,3.837767974238014,28.0
25.265,92.56,1083.0,16.91651608571675,28.0
25.265,92.565,1167.0,11.963794805286303,28.0
25.265,92.57,1156.0,21.30578361782877,28.0
25.265,92.575,1182.0,15.802543980364272,28.0
25.265,92.58,1408.0,29.983865763089387,28.0
25.265,92.585,1480.0,3.837767974238014,28.0
25.265,92.59,1487.0,2.560638973149915,28.0
25.265,92.595,1498.0,8.45570253780166,28.0
25.265,92.6,1457.0,5.142764557884242,28.0
25.265,92.605,1481.0,1.1457628381751035,28.0
25.265,92.61,1479.0,11.754735170671625,28.0
25.265,92.615,1437.0,6.67592292471606,28.0
25.265,92.62,1417.0,3.4808773532462083,28.0
25.265,92.625,1382.0,10.417371405393052,28.0
25.265,92.63,1382.0,5.624839675183298,28.0
25.265,92.635,1298.0,8.54942232101196,28.0
25.265,92.64,1152.0,11.963794805286303,28.0
25.265,92.645,1151.0,1.280959113423653,28.0
25.265,92.65,1213.0,23.149186435359432,28.0
25.265,92.655,1189.0,19.31918469252796,28.0
25.265,92.66,1233.0,23.94467010289635,28.0
25.265,92.665,1311.0,19.83405840224228,28.0
25.265,92.67,1351.0,7.7455377836318355,28.0
25.265,92.675,1424.0,4.609363720543608,28.0
25.265,92.68,1377.0,11.115261308548,28.0
25.265,92.685,1385.0,3.3371107053581257,28.0
25.265,92.69,1347.0,9.24597366655069,28.0
25.265,92.695,1329.0,5.267518906840194,28.0
25.265,92.7,1299.0,5.878250113590978,28.0
25.265,92.705,1278.0,10.04852985013406,28.0
25.265,92.71,1255.0,10.21937711459359,28.0
25.265,92.715,1215.0,7.599333100622036,28.0
25.265,92.72,1150.0,18.480426727831507,28.0
25.265,92.725,1041.0,19.685730102414364,28.0
25.265,92.73,1150.0,14.03624346792648,28.0
25.265,92.735,1192.0,13.37091809860972,28.0
25.265,92.74,1198.0,9.245973666550688,28.0
25.265,92.745,1234.0,6.379370208442803,28.0
25.265,92.75,1175.0,15.56612306257827,28.0
25.265,92.755,1103.0,6.866265885252495,28.0
25.265,92.76,1094.0,11.446746863908654,28.0
25.265,92.765,1028.0,17.906157750459435,28.0
25.265,92.77,873.0,12.456989292435246,28.0
25.265,92.775,1001.0,13.279296233845615,28.0
25.265,92.78,1072.0,14.880049387383034,28.0
25.265,92.785,1086.0,8.089084126141794,28.0
25.265,92.79,1024.0,7.40691212849523,28.0
25.265,92.795,951.0,7.9896532960303395,28.0
25.265,92.8,945.0,19.31918469252796,28.0
25.265,92.805,1060.0,15.680141406453098,28.0
25.265,92.81,1124.0,5.142764557884242,28.0
25.265,92.815,1105.0,19.231594954140725,28.0
25.265,92.82,1064.0,14.366056176200178,28.0
25.265,92.825,950.0,15.56612306257827,28.0
25.265,92.83,867.0,9.761969244030082,28.0
25.265,92.835,841.0,10.581758987862388,28.0
25.265,92.84,881.0,12.51864147468042,28.0
25.265,92.845,899.0,26.77002786406292,28.0
25.265,92.85,1015.0,4.044691235386269,28.0
25.265,92.855,933.0,14.54321520062608,28.0
25.265,92.86,824.0,4.609363720543608,28.0
25.265,92.865,776.0,14.302914425322813,28.0
25.265,92.87,681.0,10.44746989776266,28.0
25.265,92.875,613.0,10.44746989776266,28.0
25.265,92.88,490.0,0.8102306720437776,28.0
25.265,92.885,639.0,18.641439944547074,28.0
25.265,92.89,704.0,20.734153281236697,28.0
25.265,92.895,692.0,10.640849616317048,28.0
25.265,92.9,726.0,7.141919756273425,28.0
25.265,92.905,798.0,9.648045316098155,28.0
25.265,92.91,832.0,7.7455377836318355,28.0
25.265,92.915,756.0,12.079616644827674,28.0
25.265,92.92,697.0,4.573921259900861,28.0
25.265,92.925,741.0,2.9189949338347145,28.0
25.265,92.93,667.0,17.630515348889947,28.0
25.265,92.935,698.0,4.163849943478467,28.0
25.265,92.94,605.0,4.044691235386269,28.0
25.265,92.945,729.0,4.163849943478467,28.0
25.265,92.95,700.0,5.96026196814625,28.0
25.265,92.955,577.0,13.540792726885435,28.0
25.265,92.96,463.0,8.984876931685683,28.0
25.265,92.965,498.0,10.21937711459359,28.0
25.265,92.97,467.0,13.14048922592315,28.0
25.265,92.975,599.0,1.280959113423653,28.0
25.265,92.98,558.0,4.124518139862882,28.0
25.265,92.985,552.0,3.3371107053581257,28.0
25.265,92.99,514.0,17.630515348889947,28.0
25.265,92.995,381.0,10.888076838622831,28.0
25.27,92.5,1133.0,11.22695812387902,28.0
25.27,92.505,1231.0,11.648634944412732,28.0
25.27,92.51,1099.0,16.91651608571675,28.0
25.27,92.515,1014.0,10.931069451588014,28.0
25.27,92.52,903.0,4.609363720543608,28.0
25.27,92.525,968.0,9.177123708952482,28.0
25.27,92.53,1084.0,13.336644515520948,28.0
25.27,92.535,1164.0,18.80821273217334,28.0
25.27,92.54,1203.0,16.389075025823413,28.0
25.27,92.545,1044.0,12.066808999772697,28.0
25.27,92.55,1017.0,14.470575684643377,28.0
25.27,92.555,1015.0,1.280959113423653,28.0
25.27,92.56,1097.0,17.752790161946685,28.0
25.27,92.565,1171.0,12.845793720311368,28.0
25.27,92.57,1268.0,25.71843256387208,28.0
25.27,92.575,1478.0,20.243055274274415,28.0
25.27,92.58,1512.0,2.361028198348736,28.0
25.27,92.585,1504.0,1.1457628381751035,28.0
25.27,92.59,1500.0,6.889675180467723,28.0
25.27,92.595,1500.0,2.862405226111748,28.0
25.27,92.6,1474.0,5.624839675183298,28.0
25.27,92.605,1405.0,13.37091809860972,28.0
25.27,92.61,1434.0,13.416459891104456,28.0
25.27,92.615,1406.0,17.777117627472432,28.0
25.27,92.62,1397.0,19.550236336404964,28.0
25.27,92.625,1303.0,11.794248902093369,28.0
25.27,92.63,1288.0,12.181534728819736,28.0
25.27,92.635,1301.0,15.06995574963759,28.0
25.27,92.64,1261.0,10.032841837324575,28.0
25.27,92.645,1173.0,2.9189949338347145,28.0
25.27,92.65,1180.0,7.599333100622036,28.0
25.27,92.655,1225.0,24.93209448947184,28.0
25.27,92.66,1316.0,18.58031398842556,28.0
25.27,92.665,1345.0,9.090276920822324,28.0
25.27,92.67,1397.0,9.664408742578416,28.0
25.27,92.675,1411.0,8.878141907487027,28.0
25.27,92.68,1371.0,2.560638973149915,28.0
25.27,92.685,1251.0,10.873704491297854,28.0
25.27,92.69,1234.0,9.398914043719726,28.0
25.27,92.695,1193.0,8.984876931685683,28.0
25.27,92.7,1177.0,8.824258606545213,28.0
25.27,92.705,1208.0,21.40745975916796,28.0
25.27,92.71,1157.0,7.051280552921114,28.0
25.27,92.715,1170.0,19.34826542513789,28.0
25.27,92.72,1199.0,2.862405226111748,28.0
25.27,92.725,1123.0,16.253917058152773,28.0
25.27,92.73,1061.0,21.40745975916796,28.0
25.27,92.735,1168.0,7.428549707571748,28.0
25.27,92.74,1222.0,1.811248047327972,28.0
25.27,92.745,1217.0,5.878250113590978,28.0
25.27,92.75,1206.0,1.6201374245654556,28.0
25.27,92.755,1164.0,9.761969244030082,28.0
25.27,92.76,1093.0,11.309932474020217,28.0
25.27,92.765,999.0,13.540792726885435,28.0
25.27,92.77,883.0,17.432620785390803,28.0
25.27,92.775,842.0,12.456989292435246,28.0
25.27,92.78,1012.0,18.08168200491717,28.0
25.27,92.785,1020.0,10.537203406802927,28.0
25.27,92.79,954.0,19.86214420520484,28.0
25.27,92.795,920.0,8.824258606545213,28.0
25.27,92.8,932.0,15.651730558256704,28.0
25.27,92.805,1059.0,17.019588322885273,28.0
25.27,92.81,1077.0,8.678829373950299,28.0
25.27,92.815,1107.0,7.909161066980582,28.0
25.27,92.82,1023.0,17.906157750459435,28.0
25.27,92.825,874.0,16.208558038649098,28.0
25.27,92.83,853.0,16.099059885706843,28.0
25.27,92.835,826.0,12.382549217765357,28.0
25.27,92.84,802.0,21.04211761970153,28.0
25.27,92.845,859.0,8.697149365003282,28.0
25.27,92.85,945.0,6.889675180467723,28.0
25.27,92.855,962.0,11.527973042352134,28.0
25.27,92.86,917.0,3.663718325999619,28.0
25.27,92.865,826.0,9.664408742578416,28.0
25.27,92.87,751.0,9.24597366655069,28.0
25.27,92.875,620.0,20.001783914715944,28.0
25.27,92.88,514.0,13.540792726885435,28.0
25.27,92.885,728.0,15.266829587151229,28.0
25.27,92.89,712.0,7.96961039432136,28.0
25.27,92.895,751.0,7.2977186821765665,28.0
25.27,92.9,776.0,7.2977186821765665,28.0
25.27,92.905,806.0,1.1457628381751035,28.0
25.27,92.91,786.0,6.67592292471606,28.0
25.27,92.915,725.0,17.01102858617966,28.0
25.27,92.92,647.0,13.17534790222412,28.0
25.27,92.925,720.0,14.615430541128886,28.0
25.27,92.93,675.0,5.624839675183298,28.0
25.27,92.935,589.0,7.9293646872281585,28.0
25.27,92.94,623.0,17.23186464707325,28.0
25.27,92.945,749.0,12.382549217765357,28.0
25.27,92.95,710.0,11.648634944412732,28.0
25.27,92.955,578.0,16.253917058152773,28.0
25.27,92.96,496.0,12.456989292435246,28.0
25.27,92.965,383.0,13.873369436070131,28.0
25.27,92.97,406.0,22.595761881293804,28.0
25.27,92.975,497.0,21.954998832237575,28.0
25.27,92.98,546.0,0.8102306720437776,28.0
25.27,92.985,498.0,7.051280552921114,28.0
25.27,92.99,437.0,19.28275254686276,28.0
25.27,92.995,288.0,10.21937711459359,28.0
25.275,92.5,1082.0,9.159824730595334,28.0
25.275,92.505,1155.0,8.678829373950299,28.0
25.275,92.51,1113.0,16.61135092907738,28.0
25.275,92.515,1017.0,12.665224630685922,28.0
25.275,92.52,896.0,8.984876931685683,28.0
25.275,92.525,919.0,1.7183580016554572,28.0
25.275,92.53,1002.0,13.14048922592315,28.0
25.275,92.535,1012.0,9.398914043719726,28.0
25.275,92.54,1134.0,7.7455377836318355,28.0
25.275,92.545,1012.0,12.370093432433936,28.0
25.275,92.55,951.0,7.428549707571748,28.0
25.275,92.555,1005.0,20.5945073782813,28.0
25.275,92.56,1006.0,11.157292128087049,28.0
25.275,92.565,1042.0,12.117948587036471,28.0
25.275,92.57,1195.0,5.7388854270937575,28.0
25.275,92.575,1404.0,21.40745975916796,28.0
25.275,92.58,1491.0,2.361028198348736,28.0
25.275,92.585,1473.0,2.429397114363021,28.0
25.275,92.59,1472.0,3.6188832299832416,28.0
25.275,92.595,1447.0,5.111089695288715,28.0
25.275,92.6,1438.0,7.051280552921114,28.0
25.275,92.605,1409.0,13.59687524180116,28.0
25.275,92.61,1268.0,11.309932474020217,28.0
25.275,92.615,1219.0,8.530765609948133,28.0
25.275,92.62,1256.0,24.687002406878204,28.0
25.275,92.625,1194.0,11.794248902093369,28.0
25.275,92.63,1211.0,22.14940249347011,28.0
25.275,92.635,1165.0,15.72735540025082,28.0
25.275,92.64,1175.0,17.752790161946685,28.0
25.275,92.645,1154.0,16.742977650935924,28.0
25.275,92.65,1228.0,25.71843256387208,28.0
25.275,92.655,1291.0,5.111089695288715,28.0
25.275,92.66,1375.0,5.7388854270937575,28.0
25.275,92.665,1374.0,6.06783785083067,28.0
25.275,92.67,1385.0,12.51864147468042,28.0
25.275,92.675,1336.0,12.156145050965591,28.0
25.275,92.68,1309.0,5.96026196814625,28.0
25.275,92.685,1255.0,10.888076838622831,28.0
25.275,92.69,1185.0,11.527973042352134,28.0
25.275,92.695,1126.0,25.665241294016468,28.0
25.275,92.7,1082.0,20.487238440521768,28.0
25.275,92.705,1126.0,13.14048922592315,28.0
25.275,92.71,1111.0,9.177123708952482,28.0
25.275,92.715,1095.0,5.96026196814625,28.0
25.275,92.72,1051.0,12.320128415332896,28.0
25.275,92.725,1111.0,25.81470078401803,28.0
25.275,92.73,986.0,19.02515576249955,28.0
25.275,92.735,1161.0,12.51864147468042,28.0
25.275,92.74,1216.0,1.811248047327972,28.0
25.275,92.745,1160.0,10.581758987862388,28.0
25.275,92.75,1152.0,8.45570253780166,28.0
25.275,92.755,1182.0,4.7140651095854516,28.0
25.275,92.76,1126.0,8.530765609948133,28.0
25.275,92.765,1098.0,9.36515852576206,28.0
25.275,92.77,1060.0,10.402286577822323,28.0
25.275,92.775,987.0,10.142106156573984,28.0
25.275,92.78,856.0,16.91651608571675,28.0
25.275,92.785,830.0,13.058738527350116,28.0
25.275,92.79,925.0,23.885285788111435,28.0
25.275,92.795,955.0,7.96961039432136,28.0
25.275,92.8,981.0,12.51864147468042,28.0
25.275,92.805,977.0,11.446746863908654,28.0
25.275,92.81,1044.0,1.811248047327972,28.0
25.275,92.815,1113.0,2.0649342141827822,28.0
25.275,92.82,1080.0,8.842258533397425,28.0
25.275,92.825,958.0,13.093845922704302,28.0
25.275,92.83,981.0,11.446746863908654,28.0
25.275,92.835,911.0,8.984876931685683,28.0
25.275,92.84,811.0,11.143301269215591,28.0
25.275,92.845,778.0,18.16075212819556,28.0
25.275,92.85,830.0,10.873704491297854,28.0
25.275,92.855,930.0,7.428549707571748,28.0
25.275,92.86,831.0,5.142764557884242,28.0
25.275,92.865,795.0,9.24597366655069,28.0
25.275,92.87,684.0,15.537461076489713,28.0
25.275,92.875,564.0,16.9509599686148,28.0
25.275,92.88,536.0,21.954998832237575,28.0
25.275,92.885,778.0,15.877302622696872,28.0
25.275,92.89,816.0,6.379370208442804,28.0
25.275,92.895,806.0,8.45570253780166,28.0
25.275,92.9,855.0,4.044691235386269,28.0
25.275,92.905,781.0,6.504634281949114,28.0
25.275,92.91,747.0,7.909161066980582,28.0
25.275,92.915,674.0,11.754735170671625,28.0
25.275,92.92,645.0,5.267518906840194,28.0
25.275,92.925,677.0,20.734153281236697,28.0
25.275,92.93,638.0,6.504634281949115,28.0
25.275,92.935,561.0,7.641405059952685,28.0
25.275,92.94,663.0,15.119460665411571,28.0
25.275,92.945,726.0,17.257119157898394,28.0
25.275,92.95,677.0,15.354441513180229,28.0
25.275,92.955,602.0,6.147248032686261,28.0
25.275,92.96,551.0,10.888076838622831,28.0
25.275,92.965,500.0,7.7455377836318355,28.0
25.275,92.97,432.0,7.662350300486558,28.0
25.275,92.975,362.0,18.034027403561364,28.0
25.275,92.98,541.0,24.81511885948649,28.0
25.275,92.985,465.0,20.574452374651397,28.0
25.275,92.99,375.0,18.78558400320078,28.0
25.275,92.995,248.0,4.3551096715835795,28.0
25.28,92.5,1026.0,8.605135268574712,28.0
25.28,92.505,1089.0,15.217895698464046,28.0
25.28,92.51,967.0,9.92227370227362,28.0
25.28,92.515,977.0,5.653572472774074,28.0
25.28,92.52,907.0,2.9189949338347145,28.0
25.28,92.525,889.0,4.124518139862882,28.0
25.28,92.53,924.0,10.21937711459359,28.0
25.28,92.535,1026.0,5.878250113590978,28.0
25.28,92.54,952.0,15.149071220451717,28.0
25.28,92.545,1003.0,6.2772984895975545,28.0
25.28,92.55,941.0,11.91191379484262,28.0
25.28,92.555,953.0,13.14048922592315,28.0
25.28,92.56,1024.0,6.173484200727683,28.0
25.28,92.565,1077.0,24.83042469288418,28.0
25.28,92.57,1242.0,10.142106156573984,28.0
25.28,92.575,1452.0,15.06995574963759,28.0
25.28,92.58,1430.0,10.772508814602732,28.0
25.28,92.585,1447.0,4.124518139862882,28.0
25.28,92.59,1412.0,14.06855543858456,28.0
25.28,92.595,1439.0,7.7455377836318355,28.0
25.28,92.6,1387.0,12.370093432433936,28.0
25.28,92.605,1313.0,22.58402266548946,28.0
25.28,92.61,1329.0,25.31271386922847,28.0
25.28,92.615,1374.0,19.47122063449069,28.0
25.28,92.62,1293.0,15.765003824114848,28.0
25.28,92.625,1312.0,5.624839675183298,28.0
25.28,92.63,1344.0,11.433146958125782,28.0
25.28,92.635,1308.0,9.664408742578416,28.0
25.28,92.64,1290.0,12.181534728819736,28.0
25.28,92.645,1241.0,6.2772984895975545,28.0
25.28,92.65,1202.0,10.931069451588014,28.0
25.28,92.655,1249.0,24.036014199404143,28.0
25.28,92.66,1322.0,7.253560723066103,28.0
25.28,92.665,1275.0,9.6316519614038,28.0
25.28,92.67,1199.0,22.058578238434865,28.0
25.28,92.675,1238.0,21.464358373859103,28.0
25.28,92.68,1249.0,10.581758987862388,28.0
25.28,92.685,1160.0,22.406871204937445,28.0
25.28,92.69,1207.0,19.047414462750012,28.0
25.28,92.695,1229.0,7.428549707571748,28.0
25.28,92.7,1170.0,2.560638973149915,28.0
25.28,92.705,1242.0,13.495733280795813,28.0
25.28,92.71,1238.0,9.761969244030082,28.0
25.28,92.715,1127.0,10.98810564233957,28.0
25.28,92.72,1134.0,9.648045316098155,28.0
25.28,92.725,975.0,6.379370208442804,28.0
25.28,92.73,1104.0,14.164976627383547,28.0
25.28,92.735,1178.0,19.290046219188735,28.0
25.28,92.74,1185.0,17.231864647073255,28.0
25.28,92.745,1077.0,14.164976627383547,28.0
25.28,92.75,1157.0,4.573921259900861,28.0
25.28,92.755,1129.0,5.878250113590978,28.0
25.28,92.76,1129.0,8.678829373950299,28.0
25.28,92.765,1152.0,5.419335736411587,28.0
25.28,92.77,1108.0,9.24597366655069,28.0
25.28,92.775,1055.0,14.738259624023955,28.0
25.28,92.78,1056.0,7.96961039432136,28.0
25.28,92.785,989.0,20.365642146706307,28.0
25.28,92.79,824.0,5.267518906840194,28.0
25.28,92.795,988.0,15.119460665411571,28.0
25.28,92.8,1043.0,11.976725812374069,28.0
25.28,92.805,1043.0,4.573921259900861,28.0
25.28,92.81,1061.0,1.7183580016554572,28.0
25.28,92.815,1094.0,10.095435505303422,28.0
25.28,92.82,1058.0,9.107717061395457,28.0
25.28,92.825,1011.0,12.419832137022013,28.0
25.28,92.83,1030.0,7.051280552921114,28.0
25.28,92.835,935.0,5.111089695288715,28.0
25.28,92.84,847.0,8.984876931685683,28.0
25.28,92.845,729.0,18.457276769424013,28.0
25.28,92.85,803.0,15.651730558256707,28.0
25.28,92.855,854.0,7.40691212849523,28.0
25.28,92.86,816.0,4.7140651095854516,28.0
25.28,92.865,769.0,9.159824730595334,28.0
25.28,92.87,546.0,20.050350541222016,28.0
25.28,92.875,489.0,12.370093432433936,28.0
25.28,92.88,628.0,14.470575684643377,28.0
25.28,92.885,777.0,10.888076838622831,28.0
25.28,92.89,881.0,2.9189949338347145,28.0
25.28,92.895,856.0,10.537203406802927,28.0
25.28,92.9,844.0,6.379370208442804,28.0
25.28,92.905,743.0,19.113987352812888,28.0
25.28,92.91,711.0,8.14812945516323,28.0
25.28,92.915,655.0,6.379370208442804,28.0
25.28,92.92,624.0,8.660468233028292,28.0
25.28,92.925,651.0,9.177123708952482,28.0
25.28,92.93,609.0,8.284177231157289,28.0
25.28,92.935,540.0,15.119460665411571,28.0
25.28,92.94,521.0,21.826086273528343,28.0
25.28,92.945,585.0,12.206865139615095,28.0
25.28,92.95,658.0,5.419335736411587,28.0
25.28,92.955,614.0,7.141919756273425,28.0
25.28,92.96,564.0,6.651732748715235,28.0
25.28,92.965,525.0,6.147248032686261,28.0
25.28,92.97,496.0,11.143301269215591,28.0
25.28,92.975,389.0,5.7388854270937575,28.0
25.28,92.98,382.0,15.0600315288688,28.0
25.28,92.985,369.0,16.389075025823413,28.0
25.28,92.99,305.0,17.874008470120444,28.0
25.28,92.995,251.0,7.9896532960303395,28.0
25.285,92.5,1033.0,2.862405226111748,28.0
25.285,92.505,1005.0,1.811248047327972,28.0
25.285,92.51,929.0,15.56612306257827,28.0
25.285,92.515,915.0,2.560638973149915,28.0
25.285,92.52,910.0,7.141919756273425,28.0
25.285,92.525,890.0,1.280959113423653,28.0
25.285,92.53,911.0,12.066808999772697,28.0
25.285,92.535,917.0,13.12884614937404,28.0
25.285,92.54,892.0,5.822915528381649,28.0
25.285,92.545,892.0,0.8102306720437776,28.0
25.285,92.55,905.0,6.06783785083067,28.0
25.285,92.555,994.0,16.708002222639085,28.0
25.285,92.56,1085.0,9.177123708952482,28.0
25.285,92.565,1148.0,12.419832137022013,28.0
25.285,92.57,1287.0,14.9403293424737,28.0
25.285,92.575,1437.0,14.70766576132861,28.0
25.285,92.58,1401.0,4.9166653832101535,28.0
25.285,92.585,1392.0,3.4808773532462083,28.0
25.285,92.59,1373.0,5.142764557884242,28.0
25.285,92.595,1368.0,5.3893224751224,28.0
25.285,92.6,1344.0,11.268529661509747,28.0
25.285,92.605,1365.0,5.7388854270937575,28.0
25.285,92.61,1361.0,10.743403801775962,28.0
25.285,92.615,1370.0,5.1742413701299474,28.0
25.285,92.62,1356.0,7.7455377836318355,28.0
25.285,92.625,1318.0,10.34170762418876,28.0
25.285,92.63,1292.0,15.06995574963759,28.0
25.285,92.635,1309.0,13.058738527350116,28.0
25.285,92.64,1215.0,11.527973042352134,28.0
25.285,92.645,1216.0,16.496226513469395,28.0
25.285,92.65,1224.0,8.605135268574712,28.0
25.285,92.655,1193.0,4.9166653832101535,28.0
25.285,92.66,1212.0,14.70766576132861,28.0
25.285,92.665,1166.0,14.553557497859137,28.0
25.285,92.67,1118.0,6.504634281949114,28.0
25.285,92.675,1120.0,2.9189949338347145,28.0
25.285,92.68,1217.0,19.290046219188735,28.0
25.285,92.685,1254.0,4.883493424700951,28.0
25.285,92.69,1253.0,7.909161066980582,28.0
25.285,92.695,1285.0,15.276593911816503,28.0
25.285,92.7,1242.0,15.26682958715123,28.0
25.285,92.705,1274.0,5.419335736411587,28.0
25.285,92.71,1182.0,7.641405059952685,28.0
25.285,92.715,1153.0,6.889675180467723,28.0
25.285,92.72,1192.0,8.14812945516323,28.0
25.285,92.725,1099.0,21.01614897338419,28.0
25.285,92.73,1012.0,17.16429219963367,28.0
25.285,92.735,1046.0,25.67976526067654,28.0
25.285,92.74,1056.0,19.69992069421517,28.0
25.285,92.745,890.0,23.540850885728464,28.0
25.285,92.75,1073.0,26.4592859363578,28.0
25.285,92.755,1096.0,7.909161066980582,28.0
25.285,92.76,1064.0,19.31918469252796,28.0
25.285,92.765,1097.0,7.141919756273425,28.0
25.285,92.77,1104.0,10.537203406802927,28.0
25.285,92.775,1102.0,3.6188832299832416,28.0
25.285,92.78,1048.0,12.156145050965591,28.0
25.285,92.785,1018.0,12.869652430655464,28.0
25.285,92.79,857.0,5.878250113590978,28.0
25.285,92.795,953.0,20.473776079507815,28.0
25.285,92.8,1058.0,7.909161066980582,28.0
25.285,92.805,1101.0,4.004172940709388,28.0
25.285,92.81,1081.0,7.909161066980582,28.0
25.285,92.815,1035.0,13.17534790222412,28.0
25.285,92.82,997.0,9.794256737807247,28.0
25.285,92.825,1031.0,9.449304906720505,28.0
25.285,92.83,1018.0,15.217895698464046,28.0
25.285,92.835,915.0,8.14812945516323,28.0
25.285,92.84,796.0,15.680141406453098,28.0
25.285,92.845,691.0,17.121890324478656,28.0
25.285,92.85,705.0,18.76291982466018,28.0
25.285,92.855,820.0,11.446746863908654,28.0
25.285,92.86,810.0,5.267518906840194,28.0
25.285,92.865,751.0,14.789083385427716,28.0
25.285,92.87,632.0,11.754735170671625,28.0
25.285,92.875,518.0,16.91651608571675,28.0
25.285,92.88,425.0,14.302914425322813,28.0
25.285,92.885,675.0,21.633803725523855,28.0
25.285,92.89,838.0,15.765003824114848,28.0
25.285,92.895,848.0,12.206865139615095,28.0
25.285,92.9,785.0,9.159824730595334,28.0
25.285,92.905,788.0,5.96026196814625,28.0
25.285,92.91,768.0,7.141919756273425,28.0
25.285,92.915,705.0,8.398938982096263,28.0
25.285,92.92,725.0,7.641405059952685,28.0
25.285,92.925,730.0,10.684933277782497,28.0
25.285,92.93,667.0,14.70766576132861,28.0
25.285,92.935,623.0,9.398914043719726,28.0
25.285,92.94,567.0,8.878141907487027,28.0
25.285,92.945,468.0,25.10849211553709,28.0
25.285,92.95,618.0,20.050350541222016,28.0
25.285,92.955,637.0,5.267518906840194,28.0
25.285,92.96,588.0,5.822915528381649,28.0
25.285,92.965,546.0,6.889675180467723,28.0
25.285,92.97,480.0,10.98810564233957,28.0
25.285,92.975,426.0,10.142106156573984,28.0
25.285,92.98,341.0,13.14048922592315,28.0
25.285,92.985,279.0,24.12151143189932,28.0
25.285,92.99,327.0,13.37091809860972,28.0
25.285,92.995,358.0,15.06995574963759,28.0
25.29,92.5,1019.0,6.959412387152244,28.0
25.29,92.505,954.0,11.648634944412732,28.0
25.29,92.51,911.0,1.280959113423653,28.0
25.29,92.515,910.0,0.8102306720437776,28.0
25.29,92.52,924.0,10.34170762418876,28.0
25.29,92.525,920.0,11.794248902093369,28.0
25.29,92.53,906.0,8.14812945516323,28.0
25.29,92.535,881.0,0.8102306720437776,28.0
25.29,92.54,894.0,10.44746989776266,28.0
25.29,92.545,904.0,8.14812945516323,28.0
25.29,92.55,917.0,7.209120586689089,28.0
25.29,92.555,943.0,11.648634944412734,28.0
25.29,92.56,983.0,13.14048922592315,28.0
25.29,92.565,1086.0,21.04211761970153,28.0
25.29,92.57,1228.0,14.334526006829275,28.0
25.29,92.575,1425.0,5.710593137499643,28.0
25.29,92.58,1439.0,5.878250113590978,28.0
25.29,92.585,1435.0,3.6188832299832416,28.0
25.29,92.59,1369.0,7.428549707571748,28.0
25.29,92.595,1363.0,1.1457628381751035,28.0
25.29,92.6,1353.0,11.364876967033675,28.0
25.29,92.605,1309.0,14.58453263822114,28.0
25.29,92.61,1226.0,4.7140651095854516,28.0
25.29,92.615,1242.0,2.862405226111748,28.0
25.29,92.62,1233.0,3.0824947102675178,28.0
25.29,92.625,1230.0,5.710593137499643,28.0
25.29,92.63,1247.0,6.379370208442804,28.0
25.29,92.635,1213.0,26.565051177077994,28.0
25.29,92.64,1229.0,7.253560723066103,28.0
25.29,92.645,1166.0,13.244750575284366,28.0
25.29,92.65,1164.0,15.149071220451717,28.0
25.29,92.655,1198.0,1.7183580016554572,28.0
25.29,92.66,1200.0,5.710593137499643,28.0
25.29,92.665,1124.0,3.663718325999619,28.0
25.29,92.67,1118.0,3.0824947102675178,28.0
25.29,92.675,1125.0,4.044691235386269,28.0
25.29,92.68,1129.0,13.585680087733436,28.0
25.29,92.685,1148.0,5.419335736411587,28.0
25.29,92.69,1277.0,4.465877540190299,28.0
25.29,92.695,1253.0,9.713320968615797,28.0
25.29,92.7,1293.0,7.141919756273425,28.0
25.29,92.705,1277.0,7.7455377836318355,28.0
25.29,92.71,1207.0,11.976725812374069,28.0
25.29,92.715,1224.0,8.284177231157289,28.0
25.29,92.72,1222.0,6.06783785083067,28.0
25.29,92.725,1184.0,23.885285788111435,28.0
25.29,92.73,950.0,18.38760160290751,28.0
25.29,92.735,973.0,22.78240573048169,28.0
25.29,92.74,904.0,18.76291982466018,28.0
25.29,92.745,984.0,15.198269477657098,28.0
25.29,92.75,996.0,19.31918469252796,28.0
25.29,92.755,908.0,18.76291982466018,28.0
25.29,92.76,875.0,16.838697704135715,28.0
25.29,92.765,1068.0,2.9189949338347145,28.0
25.29,92.77,1104.0,6.06783785083067,28.0
25.29,92.775,1059.0,7.051280552921114,28.0
25.29,92.78,1061.0,9.9063692721155,28.0
25.29,92.785,925.0,18.78558400320078,28.0
25.29,92.79,873.0,13.9061215425325,28.0
25.29,92.795,1015.0,14.132921424385623,28.0
25.29,92.8,1085.0,6.504634281949115,28.0
25.29,92.805,1051.0,7.141919756273425,28.0
25.29,92.81,1024.0,2.862405226111748,28.0
25.29,92.815,1012.0,12.00254108984283,28.0
25.29,92.82,935.0,8.697149365003282,28.0
25.29,92.825,964.0,9.24597366655069,28.0
25.29,92.83,972.0,15.06995574963759,28.0
25.29,92.835,949.0,7.428549707571748,28.0
25.29,92.84,833.0,11.364876967033675,28.0
25.29,92.845,724.0,13.518284623129588,28.0
25.29,92.85,575.0,19.86214420520484,28.0
25.29,92.855,665.0,18.270716432784337,28.0
25.29,92.86,753.0,14.03624346792648,28.0
25.29,92.865,626.0,16.208558038649098,28.0
25.29,92.87,494.0,17.849848259878947,28.0
25.29,92.875,468.0,20.304473709960437,28.0
25.29,92.88,457.0,10.44746989776266,28.0
25.29,92.885,575.0,22.78240573048169,28.0
25.29,92.89,787.0,9.664408742578416,28.0
25.29,92.895,859.0,2.862405226111748,28.0
25.29,92.9,827.0,5.624839675183298,28.0
25.29,92.905,821.0,11.527973042352134,28.0
25.29,92.91,775.0,3.433630362450522,28.0
25.29,92.915,760.0,7.493070705420571,28.0
25.29,92.92,781.0,4.465877540190299,28.0
25.29,92.925,771.0,4.850090156191999,28.0
25.29,92.93,731.0,5.267518906840194,28.0
25.29,92.935,639.0,8.049466975528398,28.0
25.29,92.94,605.0,16.681711234925,28.0
25.29,92.945,481.0,12.456989292435246,28.0
25.29,92.95,506.0,14.9403293424737,28.0
25.29,92.955,553.0,15.460716851353515,28.0
25.29,92.96,633.0,8.089084126141794,28.0
25.29,92.965,567.0,8.398938982096263,28.0
25.29,92.97,531.0,4.609363720543608,28.0
25.29,92.975,439.0,9.24597366655069,28.0
25.29,92.98,243.0,14.829594234049214,28.0
25.29,92.985,378.0,6.379370208442804,28.0
25.29,92.99,365.0,7.599333100622036,28.0
25.29,92.995,330.0,7.7455377836318355,28.0
25.295,92.5,1043.0,10.888076838622831,28.0
25.295,92.505,1013.0,11.115261308548,28.0
25.295,92.51,946.0,4.465877540190299,28.0
25.295,92.515,966.0,7.051280552921114,28.0
25.295,92.52,983.0,6.147248032686261,28.0
25.295,92.525,917.0,13.093845922704302,28.0
25.295,92.53,882.0,0.8102306720437776,28.0
25.295,92.535,886.0,2.0649342141827822,28.0
25.295,92.54,933.0,2.862405226111748,28.0
25.295,92.545,989.0,12.665224630685922,28.0
25.295,92.55,1035.0,12.456989292435246,28.0
25.295,92.555,1042.0,8.45570253780166,28.0
25.295,92.56,1114.0,15.06995574963759,28.0
25.295,92.565,1146.0,19.34826542513789,28.0
25.295,92.57,1212.0,19.290046219188735,28.0
25.295,92.575,1438.0,10.04852985013406,28.0
25.295,92.58,1406.0,10.640849616317048,28.0
25.295,92.585,1344.0,14.666756752735052,28.0
25.295,92.59,1315.0,8.14812945516323,28.0
25.295,92.595,1313.0,9.664408742578416,28.0
25.295,92.6,1292.0,15.765003824114848,28.0
25.295,92.605,1241.0,5.624839675183298,28.0
25.295,92.61,1142.0,23.171829876153083,28.0
25.295,92.615,1168.0,15.42217279371702,28.0
25.295,92.62,1156.0,22.85760160845332,28.0
25.295,92.625,1146.0,14.666756752735052,28.0
25.295,92.63,1203.0,7.051280552921114,28.0
25.295,92.635,1142.0,7.141919756273425,28.0
25.295,92.64,1160.0,4.163849943478467,28.0
25.295,92.645,1159.0,10.04852985013406,28.0
25.295,92.65,1145.0,10.21937711459359,28.0
25.295,92.655,1184.0,7.141919756273425,28.0
25.295,92.66,1177.0,3.837767974238014,28.0
25.295,92.665,1167.0,6.866265885252495,28.0
25.295,92.67,1088.0,15.198269477657098,28.0
25.295,92.675,1075.0,16.681711234925,28.0
25.295,92.68,1100.0,7.428549707571748,28.0
25.295,92.685,1167.0,14.880049387383034,28.0
25.295,92.69,1198.0,20.911829865312622,28.0
25.295,92.695,1116.0,13.949652246979396,28.0
25.295,92.7,1125.0,24.41721152397483,28.0
25.295,92.705,1191.0,3.663718325999619,28.0
25.295,92.71,1206.0,20.001783914715944,28.0
25.295,92.715,1244.0,9.6316519614038,28.0
25.295,92.72,1226.0,2.862405226111748,28.0
25.295,92.725,1195.0,7.641405059952685,28.0
25.295,92.73,1148.0,22.770805185264212,28.0
25.295,92.735,1127.0,15.06995574963759,28.0
25.295,92.74,1096.0,5.267518906840194,28.0
25.295,92.745,959.0,21.312158140079532,28.0
25.295,92.75,861.0,23.357413214316196,28.0
25.295,92.755,964.0,23.58500363276618,28.0
25.295,92.76,948.0,20.865964606031216,28.0
25.295,92.765,997.0,15.217895698464046,28.0
25.295,92.77,992.0,12.51864147468042,28.0
25.295,92.775,977.0,12.370093432433936,28.0
25.295,92.78,941.0,19.40625475131371,28.0
25.295,92.785,895.0,14.418427013423848,28.0
25.295,92.79,896.0,9.107717061395457,28.0
25.295,92.795,1024.0,9.664408742578416,28.0
25.295,92.8,1056.0,3.0824947102675178,28.0
25.295,92.805,1006.0,9.245973666550688,28.0
25.295,92.81,965.0,9.245973666550688,28.0
25.295,92.815,966.0,10.095435505303422,28.0
25.295,92.82,942.0,7.40691212849523,28.0
25.295,92.825,874.0,20.94450636642053,28.0
25.295,92.83,808.0,12.604382648379184,28.0
25.295,92.835,863.0,14.666756752735052,28.0
25.295,92.84,782.0,8.878141907487027,28.0
25.295,92.845,676.0,22.40687120493745,28.0
25.295,92.85,674.0,9.177123708952482,28.0
25.295,92.855,531.0,11.976725812374069,28.0
25.295,92.86,549.0,19.40625475131371,28.0
25.295,92.865,565.0,12.999985665815318,28.0
25.295,92.87,485.0,17.257119157898394,28.0
25.295,92.875,575.0,14.58453263822114,28.0
25.295,92.88,564.0,25.208434105904036,28.0
25.295,92.885,671.0,20.574452374651397,28.0
25.295,92.89,800.0,10.21937711459359,28.0
25.295,92.895,781.0,8.45570253780166,28.0
25.295,92.9,754.0,10.537203406802927,28.0
25.295,92.905,773.0,14.079306913753854,28.0
25.295,92.91,776.0,7.40691212849523,28.0
25.295,92.915,808.0,4.004172940709388,28.0
25.295,92.92,809.0,2.2906100426385296,28.0
25.295,92.925,735.0,10.095435505303422,28.0
25.295,92.93,720.0,13.37091809860972,28.0
25.295,92.935,675.0,18.33317422681741,28.0
25.295,92.94,636.0,14.04702373801616,28.0
25.295,92.945,574.0,12.206865139615095,28.0
25.295,92.95,458.0,4.883493424700951,28.0
25.295,92.955,470.0,13.949652246979396,28.0
25.295,92.96,542.0,12.181534728819736,28.0
25.295,92.965,582.0,12.419832137022013,28.0
25.295,92.97,482.0,10.44746989776266,28.0
25.295,92.975,380.0,16.55833888459116,28.0
25.295,92.98,273.0,16.181268131599445,28.0
25.295,92.985,414.0,10.04852985013406,28.0
25.295,92.99,406.0,6.651732748715235,28.0
25.295,92.995,403.0,15.460716851353514,28.0
25.3,92.5,1137.0,9.9063692721155,28.0
25.3,92.505,1044.0,11.91191379484262,28.0
25.3,92.51,1019.0,9.24597366655069,28.0
25.3,92.515,1053.0,5.267518906840194,28.0
25.3,92.52,964.0,10.684933277782497,28.0
25.3,92.525,918.0,6.67592292471606,28.0
25.3,92.53,876.0,0.8102306720437776,28.0
25.3,92.535,879.0,1.280959113423653,28.0
25.3,92.54,929.0,8.14812945516323,28.0
25.3,92.545,991.0,12.066808999772697,28.0
25.3,92.55,996.0,14.196947417484148,28.0
25.3,92.555,1097.0,11.309932474020217,28.0
25.3,92.56,1234.0,14.54321520062608,28.0
25.3,92.565,1272.0,11.87283675412141,28.0
25.3,92.57,1309.0,15.81191219488406,28.0
25.3,92.575,1393.0,15.354441513180229,28.0
25.3,92.58,1261.0,26.837787558336057,28.0
25.3,92.585,1215.0,27.09275137466776,28.0
25.3,92.59,1239.0,6.302976451652821,28.0
25.3,92.595,1238.0,1.7183580016554572,28.0
25.3,92.6,1264.0,7.7455377836318355,28.0
25.3,92.605,1145.0,19.231594954140725,28.0
25.3,92.61,1068.0,21.856877087002452,28.0
25.3,92.615,1060.0,5.96026196814625,28.0
25.3,92.62,1087.0,10.931069451588014,28.0
25.3,92.625,1063.0,11.754735170671625,28.0
25.3,92.63,1164.0,10.402286577822323,28.0
25.3,92.635,1103.0,14.615430541128886,28.0
25.3,92.64,1171.0,5.1742413701299474,28.0
25.3,92.645,1128.0,13.058738527350116,28.0
25.3,92.65,1093.0,9.36515852576206,28.0
25.3,92.655,1144.0,5.142764557884242,28.0
25.3,92.66,1119.0,10.265436734150176,28.0
25.3,92.665,1086.0,20.16077098227733,28.0
25.3,92.67,1047.0,11.91191379484262,28.0
25.3,92.675,1070.0,25.689440705713572,28.0
25.3,92.68,1153.0,1.811248047327972,28.0
25.3,92.685,1117.0,7.2977186821765665,28.0
25.3,92.69,1156.0,6.504634281949115,28.0
25.3,92.695,1115.0,5.878250113590978,28.0
25.3,92.7,1090.0,2.0649342141827822,28.0
25.3,92.705,1099.0,12.370093432433936,28.0
25.3,92.71,1107.0,18.041980981737503,28.0
25.3,92.715,1213.0,8.878141907487027,28.0
25.3,92.72,1190.0,6.504634281949115,28.0
25.3,92.725,1126.0,10.581758987862388,28.0
25.3,92.73,1071.0,17.5484006137923,28.0
25.3,92.735,1098.0,16.208558038649098,28.0
25.3,92.74,1073.0,11.527973042352134,28.0
25.3,92.745,1067.0,10.203973721731684,28.0
25.3,92.75,1095.0,13.507014370466038,28.0
25.3,92.755,1038.0,14.164976627383547,28.0
25.3,92.76,884.0,20.654513358814864,28.0
25.3,92.765,859.0,23.557422528871143,28.0
25.3,92.77,803.0,23.749494492866763,28.0
25.3,92.775,798.0,5.111089695288715,28.0
25.3,92.78,842.0,20.833118830632372,28.0
25.3,92.785,787.0,10.757967088390004,28.0
25.3,92.79,941.0,22.811369738436177,28.0
25.3,92.795,1043.0,11.446746863908654,28.0
25.3,92.8,1042.0,6.866265885252495,28.0
25.3,92.805,1026.0,5.7388854270937575,28.0
25.3,92.81,930.0,12.857729366676711,28.0
25.3,92.815,855.0,7.662350300486558,28.0
25.3,92.82,807.0,7.428549707571748,28.0
25.3,92.825,758.0,10.888076838622831,28.0
25.3,92.83,789.0,14.132921424385623,28.0
25.3,92.835,673.0,5.267518906840194,28.0
25.3,92.84,659.0,20.89873960454897,28.0
25.3,92.845,689.0,22.221682529751497,28.0
25.3,92.85,725.0,6.147248032686261,28.0
25.3,92.855,651.0,13.093845922704302,28.0
25.3,92.86,557.0,12.84579372031137,28.0
25.3,92.865,431.0,3.6188832299832416,28.0
25.3,92.87,405.0,28.471414080238404,28.0
25.3,92.875,397.0,30.630405341952827,28.0
25.3,92.88,439.0,23.950057751840276,28.0
25.3,92.885,621.0,22.99548908611204,28.0
25.3,92.89,723.0,7.209120586689089,28.0
25.3,92.895,610.0,27.304428776436175,28.0
25.3,92.9,560.0,29.26439663486011,28.0
25.3,92.905,623.0,20.243055274274415,28.0
25.3,92.91,667.0,13.60805977475334,28.0
25.3,92.915,635.0,15.642246457208728,28.0
25.3,92.92,687.0,22.04642818808474,28.0
25.3,92.925,739.0,6.454830247455114,28.0
25.3,92.93,652.0,10.581758987862388,28.0
25.3,92.935,673.0,6.379370208442804,28.0
25.3,92.94,619.0,5.710593137499643,28.0
25.3,92.945,572.0,9.648045316098155,28.0
25.3,92.95,480.0,12.51864147468042,28.0
25.3,92.955,409.0,11.527973042352134,28.0
25.3,92.96,529.0,12.604382648379184,28.0
25.3,92.965,592.0,1.811248047327972,28.0
25.3,92.97,509.0,13.17534790222412,28.0
25.3,92.975,396.0,11.446746863908654,28.0
25.3,92.98,243.0,14.799223392695009,28.0
25.3,92.985,354.0,14.738259624023955,28.0
25.3,92.99,488.0,6.504634281949115,28.0
25.3,92.995,434.0,5.142764557884242,28.0
25.305,92.5,1088.0,8.049466975528398,28.0
25.305,92.505,1017.0,8.089084126141794,28.0
25.305,92.51,999.0,5.1742413701299474,28.0
25.305,92.515,1001.0,12.84579372031137,28.0
25.305,92.52,954.0,11.754735170671625,28.0
25.305,92.525,949.0,6.889675180467723,28.0
25.305,92.53,891.0,7.051280552921114,28.0
25.305,92.535,877.0,1.7183580016554572,28.0
25.305,92.54,885.0,5.7388854270937575,28.0
25.305,92.545,914.0,4.3551096715835795,28.0
25.305,92.55,929.0,9.24597366655069,28.0
25.305,92.555,1022.0,2.560638973149915,28.0
25.305,92.56,1162.0,16.890625981975184,28.0
25.305,92.565,1279.0,12.857729366676711,28.0
25.305,92.57,1294.0,5.419335736411587,28.0
25.305,92.575,1284.0,16.777863072020835,28.0
25.305,92.58,1196.0,8.54942232101196,28.0
25.305,92.585,1084.0,6.504634281949114,28.0
25.305,92.59,1125.0,7.493070705420571,28.0
25.305,92.595,1104.0,25.21839447028755,28.0
25.305,92.6,1232.0,4.7140651095854516,28.0
25.305,92.605,1204.0,6.504634281949115,28.0
25.305,92.61,1159.0,8.896025825607326,28.0
25.305,92.615,1082.0,11.976725812374069,28.0
25.305,92.62,1045.0,9.761969244030082,28.0
25.305,92.625,1059.0,7.141919756273425,28.0
25.305,92.63,1081.0,13.71932671241174,28.0
25.305,92.635,1057.0,15.793169048263966,28.0
25.305,92.64,1141.0,5.267518906840194,28.0
25.305,92.645,1101.0,16.681711234925,28.0
25.305,92.65,1005.0,20.5275536180663,28.0
25.305,92.655,989.0,3.3371107053581257,28.0
25.305,92.66,1046.0,12.51864147468042,28.0
25.305,92.665,962.0,13.540792726885435,28.0
25.305,92.67,995.0,15.119460665411571,28.0
25.305,92.675,1046.0,15.276593911816503,28.0
25.305,92.68,1125.0,6.173484200727683,28.0
25.305,92.685,1118.0,12.964588174052748,28.0
25.305,92.69,1193.0,4.3551096715835795,28.0
25.305,92.695,1174.0,8.824258606545213,28.0
25.305,92.7,1092.0,12.00254108984283,28.0
25.305,92.705,1118.0,8.049466975528398,28.0
25.305,92.71,1134.0,11.648634944412732,28.0
25.305,92.715,1205.0,3.4808773532462083,28.0
25.305,92.72,1124.0,15.793169048263966,28.0
25.305,92.725,1140.0,4.044691235386269,28.0
25.305,92.73,1113.0,17.695861429122893,28.0
25.305,92.735,1121.0,2.0649342141827822,28.0
25.305,92.74,1098.0,8.089084126141794,28.0
25.305,92.745,1093.0,7.7455377836318355,28.0
25.305,92.75,1124.0,2.0649342141827822,28.0
25.305,92.755,1094.0,20.001783914715944,28.0
25.305,92.76,945.0,12.419832137022013,28.0
25.305,92.765,905.0,17.382703987116226,28.0
25.305,92.77,945.0,6.67592292471606,28.0
25.305,92.775,968.0,16.61135092907738,28.0
25.305,92.78,878.0,30.087841120830657,28.0
25.305,92.785,860.0,17.720287776093915,28.0
25.305,92.79,1057.0,7.96961039432136,28.0
25.305,92.795,1052.0,6.504634281949115,28.0
25.305,92.8,1056.0,10.581758987862388,28.0
25.305,92.805,1022.0,10.772508814602732,28.0
25.305,92.81,971.0,15.109575122340466,28.0
25.305,92.815,878.0,16.91651608571675,28.0
25.305,92.82,940.0,18.270716432784337,28.0
25.305,92.825,881.0,10.640849616317048,28.0
25.305,92.83,876.0,14.164976627383547,28.0
25.305,92.835,830.0,14.196947417484148,28.0
25.305,92.84,767.0,11.323696238973891,28.0
25.305,92.845,796.0,20.001783914715947,28.0
25.305,92.85,810.0,13.71932671241174,28.0
25.305,92.855,704.0,7.641405059952685,28.0
25.305,92.86,652.0,14.57421619803874,28.0
25.305,92.865,583.0,23.407652145117517,28.0
25.305,92.87,535.0,21.12621202019002,28.0
25.305,92.875,530.0,15.06995574963759,28.0
25.305,92.88,473.0,10.095435505303422,28.0
25.305,92.885,528.0,30.939162847620818,28.0
25.305,92.89,588.0,23.307014702110447,28.0
25.305,92.895,482.0,18.58031398842556,28.0
25.305,92.9,370.0,27.0260387538073,28.0
25.305,92.905,477.0,14.910225469622969,28.0
25.305,92.91,493.0,13.686056323998818,28.0
25.305,92.915,472.0,12.456989292435246,28.0
25.305,92.92,548.0,23.45217590413025,28.0
25.305,92.925,600.0,23.402077887495174,28.0
25.305,92.93,625.0,12.456989292435246,28.0
25.305,92.935,556.0,9.107717061395457,28.0
25.305,92.94,597.0,4.124518139862882,28.0
25.305,92.945,547.0,17.23186464707325,28.0
25.305,92.95,450.0,18.041980981737503,28.0
25.305,92.955,376.0,12.713660915082892,28.0
25.305,92.96,516.0,12.84579372031137,28.0
25.305,92.965,578.0,1.7183580016554572,28.0
25.305,92.97,514.0,9.36515852576206,28.0
25.305,92.975,438.0,20.970597195584748,28.0
25.305,92.98,268.0,18.86838370797213,28.0
25.305,92.985,319.0,17.849848259878947,28.0
25.305,92.99,402.0,19.297336265636357,28.0
25.305,92.995,374.0,13.686056323998818,28.0
25.31,92.5,1013.0,14.03624346792648,28.0
25.31,92.505,999.0,13.14048922592315,28.0
25.31,92.51,934.0,17.299107615709833,28.0
25.31,92.515,903.0,2.9189949338347145,28.0
25.31,92.52,902.0,8.896025825607326,28.0
25.31,92.525,875.0,3.3371107053581257,28.0
25.31,92.53,870.0,1.1457628381751035,28.0
25.31,92.535,877.0,1.280959113423653,28.0
25.31,92.54,926.0,6.173484200727683,28.0
25.31,92.545,952.0,9.31427931090428,28.0
25.31,92.55,1012.0,11.976725812374069,28.0
25.31,92.555,1086.0,9.648045316098155,28.0
25.31,92.56,1075.0,14.9403293424737,28.0
25.31,92.565,1069.0,17.906157750459435,28.0
25.31,92.57,1200.0,5.7388854270937575,28.0
25.31,92.575,1182.0,7.2977186821765665,28.0
25.31,92.58,1105.0,10.032841837324575,28.0
25.31,92.585,1069.0,9.92227370227362,28.0
25.31,92.59,1062.0,13.244750575284366,28.0
25.31,92.595,1058.0,6.06783785083067,28.0
25.31,92.6,1145.0,12.419832137022013,28.0
25.31,92.605,1108.0,21.50846786453591,28.0
25.31,92.61,1157.0,13.058738527350116,28.0
25.31,92.615,1076.0,6.651732748715235,28.0
25.31,92.62,1054.0,3.6188832299832416,28.0
25.31,92.625,1104.0,12.857729366676711,28.0
25.31,92.63,1097.0,12.999985665815318,28.0
25.31,92.635,1079.0,4.465877540190299,28.0
25.31,92.64,1025.0,4.9166653832101535,28.0
25.31,92.645,1032.0,22.04642818808474,28.0
25.31,92.65,1070.0,7.7455377836318355,28.0
25.31,92.655,1085.0,9.6316519614038,28.0
25.31,92.66,980.0,20.385976479920775,28.0
25.31,92.665,1099.0,7.641405059952685,28.0
25.31,92.67,1036.0,7.40691212849523,28.0
25.31,92.675,939.0,18.58031398842556,28.0
25.31,92.68,1036.0,15.06995574963759,28.0
25.31,92.685,1081.0,17.257119157898394,28.0
25.31,92.69,1168.0,17.849848259878947,28.0
25.31,92.695,1173.0,5.96026196814625,28.0
25.31,92.7,1084.0,8.049466975528398,28.0
25.31,92.705,1035.0,25.54858015930156,28.0
25.31,92.71,1138.0,18.41861020950385,28.0
25.31,92.715,1158.0,10.21937711459359,28.0
25.31,92.72,1171.0,14.789083385427716,28.0
25.31,92.725,1198.0,3.837767974238014,28.0
25.31,92.73,1188.0,8.678829373950299,28.0
25.31,92.735,1178.0,7.909161066980582,28.0
25.31,92.74,1158.0,4.609363720543608,28.0
25.31,92.745,1172.0,6.936247607063137,28.0
25.31,92.75,1096.0,6.889675180467723,28.0
25.31,92.755,1034.0,18.845848864047166,28.0
25.31,92.76,1061.0,8.824258606545213,28.0
25.31,92.765,970.0,13.818582444029008,28.0
25.31,92.77,1044.0,6.06783785083067,28.0
25.31,92.775,1041.0,14.418427013423848,28.0
25.31,92.78,895.0,22.67769149055652,28.0
25.31,92.785,803.0,23.468840191747,28.0
25.31,92.79,960.0,19.464016342661992,28.0
25.31,92.795,1006.0,10.402286577822323,28.0
25.31,92.8,1065.0,1.811248047327972,28.0
25.31,92.805,1028.0,1.6201374245654556,28.0
25.31,92.81,999.0,6.173484200727683,28.0
25.31,92.815,926.0,12.604382648379184,28.0
25.31,92.82,985.0,5.419335736411587,28.0
25.31,92.825,951.0,6.06783785083067,28.0
25.31,92.83,968.0,5.267518906840194,28.0
25.31,92.835,955.0,5.710593137499643,28.0
25.31,92.84,926.0,4.044691235386269,28.0
25.31,92.845,934.0,1.1457628381751035,28.0
25.31,92.85,896.0,12.117948587036471,28.0
25.31,92.855,795.0,18.08168200491717,28.0
25.31,92.86,759.0,12.481691419986054,28.0
25.31,92.865,728.0,7.9896532960303395,28.0
25.31,92.87,724.0,6.06783785083067,28.0
25.31,92.875,651.0,13.186944047889988,28.0
25.31,92.88,502.0,16.46060440228172,28.0
25.31,92.885,448.0,30.37044824138247,28.0
25.31,92.89,482.0,16.208558038649098,28.0
25.31,92.895,365.0,23.77129889793896,28.0
25.31,92.9,436.0,18.410864354172183,28.0
25.31,92.905,343.0,22.811369738436177,28.0
25.31,92.91,306.0,20.33169040453783,28.0
25.31,92.915,342.0,23.749494492866763,28.0
25.31,92.92,329.0,28.087349382301895,28.0
25.31,92.925,479.0,26.403831452301443,28.0
25.31,92.93,610.0,14.079306913753854,28.0
25.31,92.935,566.0,3.433630362450522,28.0
25.31,92.94,474.0,6.379370208442803,28.0
25.31,92.945,430.0,4.7140651095854516,28.0
25.31,92.95,399.0,5.3893224751224,28.0
25.31,92.955,386.0,15.06995574963759,28.0
25.31,92.96,561.0,15.802543980364272,28.0
25.31,92.965,586.0,3.2376881462291047,28.0
25.31,92.97,565.0,7.493070705420571,28.0
25.31,92.975,479.0,13.495733280795813,28.0
25.31,92.98,359.0,12.665224630685922,28.0
25.31,92.985,276.0,13.093845922704302,28.0
25.31,92.99,369.0,19.91116713616606,28.0
25.31,92.995,482.0,18.480426727831507,28.0
25.315,92.5,1133.0,15.0600315288688,28.0
25.315,92.505,1068.0,6.379370208442803,28.0
25.315,92.51,1017.0,8.398938982096263,28.0
25.315,92.515,958.0,4.163849943478467,28.0
25.315,92.52,927.0,19.290046219188735,28.0
25.315,92.525,883.0,6.06783785083067,28.0
25.315,92.53,871.0,1.280959113423653,28.0
25.315,92.535,871.0,0.8102306720437776,28.0
25.315,92.54,913.0,13.540792726885435,28.0
25.315,92.545,952.0,6.06783785083067,28.0
25.315,92.55,1004.0,7.9293646872281585,28.0
25.315,92.555,1037.0,10.684933277782497,28.0
25.315,92.56,943.0,9.761969244030082,28.0
25.315,92.565,956.0,11.157292128087049,28.0
25.315,92.57,1086.0,12.206865139615095,28.0
25.315,92.575,1206.0,10.98810564233957,28.0
25.315,92.58,1179.0,4.044691235386269,28.0
25.315,92.585,1160.0,13.416459891104456,28.0
25.315,92.59,1166.0,5.653572472774074,28.0
25.315,92.595,1060.0,2.560638973149915,28.0
25.315,92.6,1108.0,8.284177231157289,28.0
25.315,92.605,1098.0,10.816005503945128,28.0
25.315,92.61,1069.0,15.217895698464046,28.0
25.315,92.615,1041.0,9.648045316098155,28.0
25.315,92.62,1083.0,4.3551096715835795,28.0
25.315,92.625,1132.0,8.049466975528398,28.0
25.315,92.63,1159.0,1.280959113423653,28.0
25.315,92.635,1155.0,4.573921259900861,28.0
25.315,92.64,1067.0,14.57421619803874,28.0
25.315,92.645,1157.0,5.710593137499643,28.0
25.315,92.65,1097.0,10.98810564233957,28.0
25.315,92.655,1157.0,14.57421619803874,28.0
25.315,92.66,1145.0,5.1742413701299474,28.0
25.315,92.665,1134.0,6.866265885252495,28.0
25.315,92.67,1111.0,9.36515852576206,28.0
25.315,92.675,1068.0,14.366056176200178,28.0
25.315,92.68,944.0,17.16429219963367,28.0
25.315,92.685,919.0,16.317161174234332,28.0
25.315,92.69,967.0,14.04702373801616,28.0
25.315,92.695,1046.0,22.406871204937445,28.0
25.315,92.7,1124.0,14.615430541128886,28.0
25.315,92.705,1059.0,19.643076549430887,28.0
25.315,92.71,936.0,21.40745975916796,28.0
25.315,92.715,1107.0,15.886617531931096,28.0
25.315,92.72,1144.0,4.883493424700951,28.0
25.315,92.725,1203.0,11.115261308548,28.0
25.315,92.73,1126.0,6.959412387152244,28.0
25.315,92.735,1120.0,10.142106156573984,28.0
25.315,92.74,1095.0,9.24597366655069,28.0
25.315,92.745,1142.0,1.7183580016554572,28.0
25.315,92.75,1098.0,7.641405059952685,28.0
25.315,92.755,1036.0,9.9063692721155,28.0
25.315,92.76,1079.0,16.45168408046464,28.0
25.315,92.765,1084.0,5.624839675183298,28.0
25.315,92.77,1085.0,7.9896532960303395,28.0
25.315,92.775,1017.0,16.389075025823413,28.0
25.315,92.78,940.0,6.147248032686261,28.0
25.315,92.785,852.0,10.21937711459359,28.0
25.315,92.79,883.0,23.68390180028396,28.0
25.315,92.795,970.0,18.845848864047166,28.0
25.315,92.8,1055.0,10.581758987862388,28.0
25.315,92.805,1053.0,5.1742413701299474,28.0
25.315,92.81,1005.0,9.697046418543986,28.0
25.315,92.815,970.0,13.14048922592315,28.0
25.315,92.82,1009.0,2.862405226111748,28.0
25.315,92.825,1000.0,4.609363720543608,28.0
25.315,92.83,976.0,1.7183580016554572,28.0
25.315,92.835,902.0,15.97940505640506,28.0
25.315,92.84,844.0,10.34170762418876,28.0
25.315,92.845,820.0,22.584022665489456,28.0
25.315,92.85,888.0,8.14812945516323,28.0
25.315,92.855,871.0,5.878250113590978,28.0
25.315,92.86,851.0,8.605135268574712,28.0
25.315,92.865,802.0,6.936247607063137,28.0
25.315,92.87,762.0,10.44746989776266,28.0
25.315,92.875,677.0,7.428549707571748,28.0
25.315,92.88,605.0,9.36515852576206,28.0
25.315,92.885,426.0,25.896083659356645,28.0
25.315,92.89,431.0,26.88280561510016,28.0
25.315,92.895,451.0,19.113987352812888,28.0
25.315,92.9,570.0,19.91815725240767,28.0
25.315,92.905,563.0,16.253917058152773,28.0
25.315,92.91,555.0,18.898375796512653,28.0
25.315,92.915,487.0,15.72735540025082,28.0
25.315,92.92,350.0,22.85760160845332,28.0
25.315,92.925,398.0,20.358857925542072,28.0
25.315,92.93,424.0,21.583791547916466,28.0
25.315,92.935,416.0,20.413046273156503,28.0
25.315,92.94,474.0,18.38760160290751,28.0
25.315,92.945,541.0,12.456989292435246,28.0
25.315,92.95,401.0,13.949652246979396,28.0
25.315,92.955,312.0,21.533616683340576,28.0
25.315,92.96,514.0,13.774570975668132,28.0
25.315,92.965,538.0,19.6644186882119,28.0
25.315,92.97,518.0,17.16429219963367,28.0
25.315,92.975,454.0,16.777863072020835,28.0
25.315,92.98,349.0,16.208558038649098,28.0
25.315,92.985,229.0,17.523671614749585,28.0
25.315,92.99,439.0,8.678829373950299,28.0
25.315,92.995,522.0,8.530765609948133,28.0
25.32,92.5,1211.0,5.878250113590978,28.0
25.32,92.505,1133.0,9.159824730595334,28.0
25.32,92.51,1053.0,9.31427931090428,28.0
25.32,92.515,1014.0,4.609363720543608,28.0
25.32,92.52,951.0,10.873704491297854,28.0
25.32,92.525,902.0,2.361028198348736,28.0
25.32,92.53,868.0,1.1457628381751035,28.0
25.32,92.535,870.0,1.1457628381751035,28.0
25.32,92.54,882.0,15.886617531931096,28.0
25.32,92.545,893.0,15.217895698464046,28.0
25.32,92.55,937.0,4.124518139862882,28.0
25.32,92.555,988.0,13.71932671241174,28.0
25.32,92.56,912.0,9.398914043719726,28.0
25.32,92.565,931.0,5.878250113590978,28.0
25.32,92.57,990.0,12.370093432433936,28.0
25.32,92.575,1082.0,9.664408742578416,28.0
25.32,92.58,1190.0,6.147248032686261,28.0
25.32,92.585,1263.0,6.67592292471606,28.0
25.32,92.59,1179.0,11.309932474020217,28.0
25.32,92.595,1125.0,20.406283385022064,28.0
25.32,92.6,1163.0,6.147248032686261,28.0
25.32,92.605,1124.0,7.9896532960303395,28.0
25.32,92.61,1056.0,10.873704491297854,28.0
25.32,92.615,1084.0,3.4808773532462083,28.0
25.32,92.62,1066.0,4.883493424700951,28.0
25.32,92.625,1169.0,8.660468233028292,28.0
25.32,92.63,1161.0,1.7183580016554572,28.0
25.32,92.635,1146.0,4.850090156191999,28.0
25.32,92.64,1127.0,9.92227370227362,28.0
25.32,92.645,1110.0,8.678829373950299,28.0
25.32,92.65,1087.0,1.1457628381751035,28.0
25.32,92.655,1131.0,15.040159724994792,28.0
25.32,92.66,1134.0,5.710593137499643,28.0
25.32,92.665,1155.0,5.267518906840194,28.0
25.32,92.67,1129.0,5.419335736411587,28.0
25.32,92.675,1138.0,2.560638973149915,28.0
25.32,92.68,1089.0,12.370093432433936,28.0
25.32,92.685,1016.0,10.537203406802927,28.0
25.32,92.69,965.0,12.869652430655464,28.0
25.32,92.695,942.0,16.91651608571675,28.0
25.32,92.7,1112.0,13.674945403795036,28.0
25.32,92.705,1057.0,16.890625981975184,28.0
25.32,92.71,922.0,20.001783914715944,28.0
25.32,92.715,1131.0,15.585195857538066,28.0
25.32,92.72,1143.0,11.22695812387902,28.0
25.32,92.725,1132.0,9.398914043719726,28.0
25.32,92.73,1100.0,3.0824947102675178,28.0
25.32,92.735,1113.0,5.111089695288715,28.0
25.32,92.74,1092.0,2.361028198348736,28.0
25.32,92.745,1102.0,8.54942232101196,28.0
25.32,92.75,1118.0,2.862405226111748,28.0
25.32,92.755,1103.0,4.883493424700951,28.0
25.32,92.76,1083.0,4.124518139862882,28.0
25.32,92.765,1050.0,1.811248047327972,28.0
25.32,92.77,1056.0,16.55833888459116,28.0
25.32,92.775,1037.0,6.67592292471606,28.0
25.32,92.78,930.0,7.428549707571748,28.0
25.32,92.785,800.0,17.752790161946685,28.0
25.32,92.79,917.0,10.44746989776266,28.0
25.32,92.795,959.0,6.379370208442803,28.0
25.32,92.8,1023.0,8.45570253780166,28.0
25.32,92.805,1068.0,11.91191379484262,28.0
25.32,92.81,1042.0,5.653572472774074,28.0
25.32,92.815,1007.0,2.2906100426385296,28.0
25.32,92.82,1014.0,5.267518906840194,28.0
25.32,92.825,916.0,8.206727073997664,28.0
25.32,92.83,920.0,15.52789294984244,28.0
25.32,92.835,909.0,10.743403801775962,28.0
25.32,92.84,838.0,8.984876931685683,28.0
25.32,92.845,768.0,10.265436734150176,28.0
25.32,92.85,710.0,20.201969577630862,28.0
25.32,92.855,798.0,22.48979123209422,28.0
25.32,92.86,747.0,16.742977650935924,28.0
25.32,92.865,743.0,15.149071220451717,28.0
25.32,92.87,736.0,3.4808773532462083,28.0
25.32,92.875,652.0,5.1742413701299474,28.0
25.32,92.88,599.0,24.992790684886817,28.0
25.32,92.885,384.0,25.35226373630059,28.0
25.32,92.89,510.0,8.678829373950299,28.0
25.32,92.895,558.0,6.84277341263094,28.0
25.32,92.9,669.0,10.417371405393052,28.0
25.32,92.905,683.0,12.066808999772697,28.0
25.32,92.91,624.0,8.824258606545213,28.0
25.32,92.915,507.0,14.70766576132861,28.0
25.32,92.92,380.0,20.94450636642053,28.0
25.32,92.925,276.0,29.388433936169168,28.0
25.32,92.93,261.0,26.104854009099295,28.0
25.32,92.935,289.0,21.451732411764542,28.0
25.32,92.94,395.0,22.88066676034099,28.0
25.32,92.945,479.0,11.446746863908654,28.0
25.32,92.95,259.0,28.037134838050477,28.0
25.32,92.955,392.0,11.59517961733378,28.0
25.32,92.96,362.0,20.243055274274415,28.0
25.32,92.965,353.0,15.383512936117317,28.0
25.32,92.97,352.0,15.149071220451717,28.0
25.32,92.975,220.0,27.061652551964443,28.0
25.32,92.98,219.0,22.805581198972487,28.0
25.32,92.985,279.0,25.996057519985634,28.0
25.32,92.99,471.0,10.640849616317048,28.0
25.32,92.995,580.0,13.336644515520948,28.0
25.325,92.5,1187.0,7.599333100622036,28.0
25.325,92.505,1163.0,14.9403293424737,28.0
25.325,92.51,1079.0,2.862405226111748,28.0
25.325,92.515,1000.0,8.45570253780166,28.0
25.325,92.52,994.0,6.173484200727683,28.0
25.325,92.525,899.0,4.609363720543608,28.0
25.325,92.53,915.0,5.267518906840194,28.0
25.325,92.535,870.0,2.862405226111748,28.0
25.325,92.54,870.0,2.9189949338347145,28.0
25.325,92.545,932.0,6.67592292471606,28.0
25.325,92.55,936.0,9.648045316098155,28.0
25.325,92.555,972.0,8.14812945516323,28.0
25.325,92.56,909.0,11.648634944412732,28.0
25.325,92.565,889.0,7.7455377836318355,28.0
25.325,92.57,942.0,7.2977186821765665,28.0
25.325,92.575,1014.0,10.81600550394513,28.0
25.325,92.58,1107.0,14.666756752735052,28.0
25.325,92.585,1213.0,12.773913615584416,28.0
25.325,92.59,1205.0,12.370093432433936,28.0
25.325,92.595,1177.0,12.51864147468042,28.0
25.325,92.6,1202.0,15.460716851353515,28.0
25.325,92.605,1095.0,16.821344150651747,28.0
25.325,92.61,1074.0,11.157292128087049,28.0
25.325,92.615,1063.0,3.0824947102675178,28.0
25.325,92.62,1121.0,12.773913615584416,28.0
25.325,92.625,1123.0,5.3893224751224,28.0
25.325,92.63,1109.0,7.9293646872281585,28.0
25.325,92.635,1119.0,8.284177231157289,28.0
25.325,92.64,1130.0,18.325381934580992,28.0
25.325,92.645,1085.0,5.624839675183298,28.0
25.325,92.65,1109.0,5.624839675183298,28.0
25.325,92.655,1116.0,9.159824730595334,28.0
25.325,92.66,1110.0,8.984876931685683,28.0
25.325,92.665,1136.0,2.862405226111748,28.0
25.325,92.67,1142.0,0.5729386976834859,28.0
25.325,92.675,1152.0,7.40691212849523,28.0
25.325,92.68,1111.0,9.24597366655069,28.0
25.325,92.685,1091.0,5.822915528381649,28.0
25.325,92.69,1013.0,6.06783785083067,28.0
25.325,92.695,903.0,15.72735540025082,28.0
25.325,92.7,1041.0,19.86915737629387,28.0
25.325,92.705,1049.0,24.312228664227604,28.0
25.325,92.71,892.0,16.734242254624238,28.0
25.325,92.715,1087.0,13.518284623129588,28.0
25.325,92.72,1076.0,8.089084126141794,28.0
25.325,92.725,1126.0,3.3371107053581257,28.0
25.325,92.73,1113.0,8.284177231157289,28.0
25.325,92.735,1040.0,11.527973042352134,28.0
25.325,92.74,1041.0,15.793169048263966,28.0
25.325,92.745,1074.0,2.9189949338347145,28.0
25.325,92.75,1096.0,11.754735170671625,28.0
25.325,92.755,1087.0,4.044691235386269,28.0
25.325,92.76,1060.0,6.866265885252495,28.0
25.325,92.765,1051.0,21.106846658709145,28.0
25.325,92.77,1035.0,2.361028198348736,28.0
25.325,92.775,973.0,14.418427013423848,28.0
25.325,92.78,935.0,9.794256737807247,28.0
25.325,92.785,776.0,2.560638973149915,28.0
25.325,92.79,940.0,11.143301269215591,28.0
25.325,92.795,1040.0,6.889675180467723,28.0
25.325,92.8,1060.0,3.2376881462291047,28.0
25.325,92.805,1067.0,2.862405226111748,28.0
25.325,92.81,1047.0,2.862405226111748,28.0
25.325,92.815,1042.0,2.560638973149915,28.0
25.325,92.82,1020.0,2.862405226111748,28.0
25.325,92.825,933.0,9.697046418543986,28.0
25.325,92.83,833.0,9.713320968615797,28.0
25.325,92.835,801.0,5.267518906840194,28.0
25.325,92.84,736.0,12.481691419986054,28.0
25.325,92.845,679.0,15.72735540025082,28.0
25.325,92.85,654.0,16.890625981975184,28.0
25.325,92.855,657.0,11.433146958125782,28.0
25.325,92.86,630.0,17.720287776093915,28.0
25.325,92.865,566.0,23.063983633676173,28.0
25.325,92.87,599.0,22.88066676034099,28.0
25.325,92.875,602.0,22.29362915969408,28.0
25.325,92.88,524.0,24.537100202866757,28.0
25.325,92.885,482.0,23.77129889793896,28.0
25.325,92.89,553.0,9.398914043719726,28.0
25.325,92.895,571.0,10.34170762418876,28.0
25.325,92.9,640.0,18.325381934580992,28.0
25.325,92.905,726.0,8.896025825607326,28.0
25.325,92.91,667.0,7.641405059952685,28.0
25.325,92.915,544.0,17.382703987116226,28.0
25.325,92.92,460.0,20.846265656650555,28.0
25.325,92.925,433.0,16.317161174234332,28.0
25.325,92.93,405.0,3.0824947102675178,28.0
25.325,92.935,253.0,23.716731883202687,28.0
25.325,92.94,414.0,17.231864647073255,28.0
25.325,92.945,400.0,7.141919756273425,28.0
25.325,92.95,246.0,3.0824947102675178,28.0
25.325,92.955,252.0,18.08168200491717,28.0
25.325,92.96,313.0,20.846265656650555,28.0
25.325,92.965,324.0,19.297336265636357,28.0
25.325,92.97,304.0,14.302914425322813,28.0
25.325,92.975,338.0,22.04642818808474,28.0
25.325,92.98,381.0,19.6644186882119,28.0
25.325,92.985,387.0,5.822915528381649,28.0
25.325,92.99,434.0,17.523671614749585,28.0
25.325,92.995,573.0,13.873369436070131,28.0
25.33,92.5,1214.0,12.079616644827674,28.0
25.33,92.505,1216.0,10.581758987862388,28.0
25.33,92.51,1088.0,10.417371405393052,28.0
25.33,92.515,1039.0,9.245973666550688,28.0
25.33,92.52,960.0,9.6316519614038,28.0
25.33,92.525,910.0,10.684933277782497,28.0
25.33,92.53,935.0,13.585680087733436,28.0
25.33,92.535,902.0,5.710593137499643,28.0
25.33,92.54,863.0,1.7183580016554572,28.0
25.33,92.545,933.0,11.648634944412732,28.0
25.33,92.55,1006.0,10.684933277782497,28.0
25.33,92.555,951.0,8.896025825607326,28.0
25.33,92.56,933.0,4.163849943478467,28.0
25.33,92.565,872.0,0.5729386976834859,28.0
25.33,92.57,894.0,7.909161066980582,28.0
25.33,92.575,946.0,7.40691212849523,28.0
25.33,92.58,1014.0,12.51864147468042,28.0
25.33,92.585,1104.0,11.446746863908654,28.0
25.33,92.59,1152.0,4.465877540190299,28.0
25.33,92.595,1143.0,4.850090156191999,28.0
25.33,92.6,1160.0,10.640849616317048,28.0
25.33,92.605,1106.0,9.794256737807247,28.0
25.33,92.61,1103.0,10.21937711459359,28.0
25.33,92.615,1109.0,5.624839675183298,28.0
25.33,92.62,1097.0,7.7455377836318355,28.0
25.33,92.625,1123.0,7.141919756273425,28.0
25.33,92.63,1100.0,4.3551096715835795,28.0
25.33,92.635,1110.0,3.2376881462291047,28.0
25.33,92.64,1108.0,2.0649342141827822,28.0
25.33,92.645,1099.0,3.663718325999619,28.0
25.33,92.65,1104.0,2.9189949338347145,28.0
25.33,92.655,1126.0,2.361028198348736,28.0
25.33,92.66,1135.0,1.280959113423653,28.0
25.33,92.665,1128.0,3.4808773532462083,28.0
25.33,92.67,1080.0,8.45570253780166,28.0
25.33,92.675,1115.0,6.866265885252495,28.0
25.33,92.68,1040.0,14.418427013423848,28.0
25.33,92.685,1073.0,10.81600550394513,28.0
25.33,92.69,1013.0,8.14812945516323,28.0
25.33,92.695,873.0,9.664408742578416,28.0
25.33,92.7,978.0,12.419832137022013,28.0
25.33,92.705,956.0,6.302976451652821,28.0
25.33,92.71,885.0,10.402286577822323,28.0
25.33,92.715,1003.0,11.976725812374069,28.0
25.33,92.72,923.0,11.963794805286303,28.0
25.33,92.725,1059.0,11.364876967033675,28.0
25.33,92.73,1100.0,4.044691235386269,28.0
25.33,92.735,1093.0,12.419832137022013,28.0
25.33,92.74,1054.0,5.142764557884242,28.0
25.33,92.745,1019.0,6.302976451652821,28.0
25.33,92.75,1029.0,6.302976451652821,28.0
25.33,92.755,1037.0,3.0824947102675178,28.0
25.33,92.76,967.0,17.978226794147478,28.0
25.33,92.765,902.0,19.002862987358917,28.0
25.33,92.77,1026.0,12.456989292435246,28.0
25.33,92.775,876.0,13.895214125297697,28.0
25.33,92.78,848.0,15.585195857538066,28.0
25.33,92.785,772.0,14.738259624023955,28.0
25.33,92.79,995.0,13.686056323998818,28.0
25.33,92.795,1044.0,11.446746863908654,28.0
25.33,92.8,1005.0,5.3893224751224,28.0
25.33,92.805,1050.0,6.379370208442804,28.0
25.33,92.81,1053.0,1.280959113423653,28.0
25.33,92.815,1031.0,2.862405226111748,28.0
25.33,92.82,1014.0,12.51864147468042,28.0
25.33,92.825,944.0,5.1742413701299474,28.0
25.33,92.83,878.0,6.959412387152244,28.0
25.33,92.835,837.0,9.159824730595334,28.0
25.33,92.84,793.0,4.124518139862882,28.0
25.33,92.845,724.0,14.164976627383547,28.0
25.33,92.85,661.0,18.38760160290751,28.0
25.33,92.855,550.0,20.413046273156507,28.0
25.33,92.86,600.0,18.255059151203536,28.0
25.33,92.865,589.0,12.665224630685922,28.0
25.33,92.87,523.0,20.813377245065748,28.0
25.33,92.875,519.0,23.357413214316196,28.0
25.33,92.88,439.0,11.91191379484262,28.0
25.33,92.885,611.0,14.302914425322813,28.0
25.33,92.89,625.0,9.177123708952482,28.0
25.33,92.895,691.0,9.697046418543986,28.0
25.33,92.9,709.0,10.772508814602732,28.0
25.33,92.905,741.0,9.245973666550688,28.0
25.33,92.91,708.0,11.446746863908654,28.0
25.33,92.915,650.0,15.149071220451717,28.0
25.33,92.92,606.0,7.909161066980582,28.0
25.33,92.925,555.0,19.47122063449069,28.0
25.33,92.93,328.0,26.729237185589547,28.0
25.33,92.935,359.0,14.738259624023955,28.0
25.33,92.94,376.0,16.208558038649098,28.0
25.33,92.945,226.0,36.43626970061044,28.0
25.33,92.95,343.0,19.550236336404964,28.0
25.33,92.955,312.0,17.28232754551572,28.0
25.33,92.96,400.0,15.72735540025082,28.0
25.33,92.965,477.0,11.87283675412141,28.0
25.33,92.97,472.0,6.454830247455114,28.0
25.33,92.975,449.0,7.40691212849523,28.0
25.33,92.98,507.0,19.297336265636357,28.0
25.33,92.985,501.0,14.302914425322813,28.0
25.33,92.99,520.0,8.14812945516323,28.0
25.33,92.995,624.0,14.789083385427716,28.0
25.335,92.5,1162.0,10.265436734150176,28.0
25.335,92.505,1152.0,9.761969244030082,28.0
25.335,92.51,1068.0,9.664408742578416,28.0
25.335,92.515,1001.0,13.540792726885435,28.0
25.335,92.52,937.0,9.449304906720505,28.0
25.335,92.525,886.0,1.811248047327972,28.0
25.335,92.53,878.0,3.663718325999619,28.0
25.335,92.535,866.0,0.5729386976834859,28.0
25.335,92.54,866.0,1.7183580016554572,28.0
25.335,92.545,900.0,12.857729366676711,28.0
25.335,92.55,921.0,6.889675180467723,28.0
25.335,92.555,897.0,9.31427931090428,28.0
25.335,92.56,871.0,0.8102306720437776,28.0
25.335,92.565,893.0,6.959412387152244,28.0
25.335,92.57,930.0,8.14812945516323,28.0
25.335,92.575,912.0,5.3893224751224,28.0
25.335,92.58,966.0,6.379370208442804,28.0
25.335,92.585,1052.0,4.883493424700951,28.0
25.335,92.59,1100.0,3.663718325999619,28.0
25.335,92.595,1066.0,12.320128415332896,28.0
25.335,92.6,1015.0,10.417371405393052,28.0
25.335,92.605,984.0,9.51604741998822,28.0
25.335,92.61,999.0,12.604382648379184,28.0
25.335,92.615,988.0,22.38309884692005,28.0
25.335,92.62,1086.0,8.45570253780166,28.0
25.335,92.625,1116.0,1.6201374245654556,28.0
25.335,92.63,1069.0,18.317585387347243,28.0
25.335,92.635,1100.0,11.309932474020217,28.0
25.335,92.64,1104.0,7.2977186821765665,28.0
25.335,92.645,1127.0,5.267518906840194,28.0
25.335,92.65,1098.0,6.379370208442804,28.0
25.335,92.655,1060.0,6.959412387152244,28.0
25.335,92.66,1055.0,12.156145050965591,28.0
25.335,92.665,1042.0,12.713660915082892,28.0
25.335,92.67,995.0,5.822915528381649,28.0
25.335,92.675,1012.0,15.06995574963759,28.0
25.335,92.68,1043.0,4.124518139862882,28.0
25.335,92.685,980.0,13.12884614937404,28.0
25.335,92.69,1010.0,9.664408742578416,28.0
25.335,92.695,880.0,15.0600315288688,28.0
25.335,92.7,992.0,6.84277341263094,28.0
25.335,92.705,1033.0,9.713320968615797,28.0
25.335,92.71,941.0,13.17534790222412,28.0
25.335,92.715,941.0,0.5729386976834859,28.0
25.335,92.72,863.0,13.14048922592315,28.0
25.335,92.725,1017.0,13.37091809860972,28.0
25.335,92.73,1054.0,9.713320968615797,28.0
25.335,92.735,1064.0,5.111089695288715,28.0
25.335,92.74,984.0,24.062781161547804,28.0
25.335,92.745,1001.0,14.302914425322813,28.0
25.335,92.75,1021.0,1.280959113423653,28.0
25.335,92.755,919.0,10.44746989776266,28.0
25.335,92.76,773.0,19.83405840224228,28.0
25.335,92.765,835.0,21.22267281307461,28.0
25.335,92.77,823.0,21.04211761970153,28.0
25.335,92.775,807.0,10.873704491297854,28.0
25.335,92.78,802.0,14.079306913753854,28.0
25.335,92.785,836.0,22.04642818808474,28.0
25.335,92.79,921.0,13.12884614937404,28.0
25.335,92.795,915.0,13.17534790222412,28.0
25.335,92.8,998.0,16.099059885706843,28.0
25.335,92.805,1036.0,11.22695812387902,28.0
25.335,92.81,1029.0,2.0649342141827822,28.0
25.335,92.815,1008.0,5.267518906840194,28.0
25.335,92.82,1018.0,4.609363720543608,28.0
25.335,92.825,919.0,14.079306913753854,28.0
25.335,92.83,850.0,11.91191379484262,28.0
25.335,92.835,770.0,11.378567244391917,28.0
25.335,92.84,657.0,19.485618658513864,28.0
25.335,92.845,623.0,13.518284623129588,28.0
25.335,92.85,637.0,14.470575684643377,28.0
25.335,92.855,668.0,11.648634944412732,28.0
25.335,92.86,750.0,3.837767974238014,28.0
25.335,92.865,725.0,3.837767974238014,28.0
25.335,92.87,684.0,20.54767091335874,28.0
25.335,92.875,626.0,13.14048922592315,28.0
25.335,92.88,513.0,9.24597366655069,28.0
25.335,92.885,660.0,14.470575684643377,28.0
25.335,92.89,771.0,23.273326481355983,28.0
25.335,92.895,790.0,2.9189949338347145,28.0
25.335,92.9,772.0,2.0649342141827822,28.0
25.335,92.905,701.0,18.98798214506527,28.0
25.335,92.91,690.0,11.963794805286303,28.0
25.335,92.915,674.0,6.504634281949115,28.0
25.335,92.92,614.0,11.19914909644824,28.0
25.335,92.925,557.0,8.049466975528398,28.0
25.335,92.93,376.0,18.38760160290751,28.0
25.335,92.935,239.0,27.017123217850244,28.0
25.335,92.94,300.0,32.41795846227693,28.0
25.335,92.945,435.0,10.04852985013406,28.0
25.335,92.95,513.0,8.089084126141794,28.0
25.335,92.955,456.0,10.98810564233957,28.0
25.335,92.96,443.0,14.54321520062608,28.0
25.335,92.965,542.0,5.96026196814625,28.0
25.335,92.97,555.0,17.231864647073255,28.0
25.335,92.975,580.0,14.666756752735052,28.0
25.335,92.98,600.0,2.862405226111748,28.0
25.335,92.985,592.0,8.660468233028292,28.0
25.335,92.99,597.0,7.909161066980582,28.0
25.335,92.995,550.0,18.410864354172183,28.0
25.34,92.5,1141.0,5.878250113590978,28.0
25.34,92.505,1111.0,6.889675180467723,28.0
25.34,92.51,1029.0,5.96026196814625,28.0
25.34,92.515,984.0,4.3551096715835795,28.0
25.34,92.52,966.0,9.648045316098155,28.0
25.34,92.525,940.0,9.245973666550688,28.0
25.34,92.53,884.0,4.044691235386269,28.0
25.34,92.535,914.0,7.7455377836318355,28.0
25.34,92.54,867.0,4.883493424700951,28.0
25.34,92.545,862.0,2.0649342141827822,28.0
25.34,92.55,888.0,10.931069451588014,28.0
25.34,92.555,900.0,7.493070705420571,28.0
25.34,92.56,863.0,0.8102306720437776,28.0
25.34,92.565,911.0,8.54942232101196,28.0
25.34,92.57,992.0,8.984876931685683,28.0
25.34,92.575,1004.0,0.8102306720437776,28.0
25.34,92.58,1016.0,10.142106156573984,28.0
25.34,92.585,1108.0,12.773913615584416,28.0
25.34,92.59,1121.0,4.163849943478467,28.0
25.34,92.595,1117.0,8.049466975528398,28.0
25.34,92.6,1073.0,12.665224630685922,28.0
25.34,92.605,975.0,9.31427931090428,28.0
25.34,92.61,917.0,3.663718325999619,28.0
25.34,92.615,951.0,13.540792726885435,28.0
25.34,92.62,1068.0,5.710593137499643,28.0
25.34,92.625,1000.0,16.281058441520802,28.0
25.34,92.63,945.0,4.465877540190299,28.0
25.34,92.635,956.0,18.034027403561364,28.0
25.34,92.64,1058.0,9.159824730595334,28.0
25.34,92.645,1077.0,8.697149365003282,28.0
25.34,92.65,1040.0,13.949652246979396,28.0
25.34,92.655,1046.0,7.428549707571748,28.0
25.34,92.66,1018.0,7.909161066980582,28.0
25.34,92.665,1038.0,3.663718325999619,28.0
25.34,92.67,978.0,12.320128415332896,28.0
25.34,92.675,1010.0,8.984876931685683,28.0
25.34,92.68,1006.0,7.909161066980582,28.0
25.34,92.685,901.0,10.743403801775962,28.0
25.34,92.69,904.0,14.54321520062608,28.0
25.34,92.695,876.0,16.208558038649098,28.0
25.34,92.7,950.0,18.98798214506527,28.0
25.34,92.705,913.0,24.333280202025342,28.0
25.34,92.71,913.0,13.9061215425325,28.0
25.34,92.715,908.0,14.06855543858456,28.0
25.34,92.72,834.0,8.206727073997664,28.0
25.34,92.725,905.0,18.38760160290751,28.0
25.34,92.73,1071.0,8.984876931685683,28.0
25.34,92.735,1070.0,6.06783785083067,28.0
25.34,92.74,983.0,14.207585688982292,28.0
25.34,92.745,937.0,12.604382648379184,28.0
25.34,92.75,904.0,13.12884614937404,28.0
25.34,92.755,825.0,17.5484006137923,28.0
25.34,92.76,864.0,13.12884614937404,28.0
25.34,92.765,934.0,8.049466975528398,28.0
25.34,92.77,868.0,12.665224630685922,28.0
25.34,92.775,853.0,10.757967088390004,28.0
25.34,92.78,854.0,17.622325575320776,28.0
25.34,92.785,836.0,7.428549707571748,28.0
25.34,92.79,843.0,5.267518906840194,28.0
25.34,92.795,942.0,18.480426727831507,28.0
25.34,92.8,949.0,6.2772984895975545,28.0
25.34,92.805,967.0,17.299107615709833,28.0
25.34,92.81,1003.0,12.481691419986054,28.0
25.34,92.815,946.0,3.6188832299832416,28.0
25.34,92.82,1015.0,1.1457628381751035,28.0
25.34,92.825,893.0,7.253560723066103,28.0
25.34,92.83,851.0,12.952764513375518,28.0
25.34,92.835,725.0,17.622325575320776,28.0
25.34,92.84,705.0,9.648045316098155,28.0
25.34,92.845,762.0,18.883387503340305,28.0
25.34,92.85,742.0,17.121890324478656,28.0
25.34,92.855,778.0,7.641405059952685,28.0
25.34,92.86,743.0,5.3893224751224,28.0
25.34,92.865,769.0,7.428549707571748,28.0
25.34,92.87,710.0,17.523671614749585,28.0
25.34,92.875,606.0,9.664408742578416,28.0
25.34,92.88,524.0,21.261087638361182,28.0
25.34,92.885,649.0,13.774570975668132,28.0
25.34,92.89,756.0,14.418427013423848,28.0
25.34,92.895,733.0,13.416459891104456,28.0
25.34,92.9,713.0,16.253917058152773,28.0
25.34,92.905,645.0,13.37091809860972,28.0
25.34,92.91,620.0,25.376933525152303,28.0
25.34,92.915,685.0,5.7388854270937575,28.0
25.34,92.92,608.0,14.615430541128886,28.0
25.34,92.925,549.0,21.7085195733847,28.0
25.34,92.93,458.0,8.45570253780166,28.0
25.34,92.935,213.0,31.918632345067017,28.0
25.34,92.94,408.0,17.695861429122893,28.0
25.34,92.945,533.0,14.302914425322813,28.0
25.34,92.95,549.0,5.267518906840194,28.0
25.34,92.955,456.0,13.895214125297697,28.0
25.34,92.96,424.0,7.9896532960303395,28.0
25.34,92.965,505.0,4.7140651095854516,28.0
25.34,92.97,498.0,5.267518906840194,28.0
25.34,92.975,494.0,12.964588174052748,28.0
25.34,92.98,536.0,12.370093432433936,28.0
25.34,92.985,554.0,6.866265885252495,28.0
25.34,92.99,574.0,11.433146958125782,28.0
25.34,92.995,500.0,16.208558038649098,28.0
25.345,92.5,1158.0,9.159824730595334,28.0
25.345,92.505,1135.0,8.678829373950299,28.0
25.345,92.51,1071.0,5.3893224751224,28.0
25.345,92.515,1064.0,7.641405059952685,28.0
25.345,92.52,1043.0,9.177123708952482,28.0
25.345,92.525,981.0,11.446746863908654,28.0
25.345,92.53,978.0,7.253560723066103,28.0
25.345,92.535,997.0,8.660468233028292,28.0
25.345,92.54,911.0,11.59517961733378,28.0
25.345,92.545,861.0,5.624839675183298,28.0
25.345,92.55,861.0,1.1457628381751035,28.0
25.345,92.555,862.0,2.429397114363021,28.0
25.345,92.56,885.0,8.089084126141794,28.0
25.345,92.565,899.0,10.98810564233957,28.0
25.345,92.57,889.0,8.697149365003282,28.0
25.345,92.575,909.0,4.3551096715835795,28.0
25.345,92.58,984.0,12.857729366676711,28.0
25.345,92.585,1043.0,15.585195857538066,28.0
25.345,92.59,1158.0,7.7455377836318355,28.0
25.345,92.595,1105.0,14.334526006829275,28.0
25.345,92.6,1010.0,9.664408742578416,28.0
25.345,92.605,949.0,8.049466975528398,28.0
25.345,92.61,886.0,11.22695812387902,28.0
25.345,92.615,1009.0,14.366056176200178,28.0
25.345,92.62,1069.0,3.6188832299832416,28.0
25.345,92.625,1047.0,4.609363720543608,28.0
25.345,92.63,970.0,11.91191379484262,28.0
25.345,92.635,873.0,12.066808999772697,28.0
25.345,92.64,956.0,9.6316519614038,28.0
25.345,92.645,1028.0,3.0824947102675178,28.0
25.345,92.65,954.0,12.206865139615095,28.0
25.345,92.655,887.0,11.754735170671625,28.0
25.345,92.66,862.0,12.181534728819736,28.0
25.345,92.665,1019.0,6.67592292471606,28.0
25.345,92.67,1016.0,8.984876931685683,28.0
25.345,92.675,956.0,14.707665761328611,28.0
25.345,92.68,962.0,10.743403801775962,28.0
25.345,92.685,947.0,15.198269477657098,28.0
25.345,92.69,945.0,10.888076838622831,28.0
25.345,92.695,867.0,10.44746989776266,28.0
25.345,92.7,836.0,12.84579372031137,28.0
25.345,92.705,823.0,20.62787340377509,28.0
25.345,92.71,799.0,10.203973721731684,28.0
25.345,92.715,839.0,6.302976451652821,28.0
25.345,92.72,810.0,27.43970223366078,28.0
25.345,92.725,965.0,17.23186464707325,28.0
25.345,92.73,1033.0,1.280959113423653,28.0
25.345,92.735,980.0,9.92227370227362,28.0
25.345,92.74,1000.0,14.880049387383034,28.0
25.345,92.745,848.0,15.585195857538066,28.0
25.345,92.75,787.0,13.12884614937404,28.0
25.345,92.755,856.0,20.413046273156507,28.0
25.345,92.76,928.0,19.91815725240767,28.0
25.345,92.765,1012.0,3.4808773532462083,28.0
25.345,92.77,999.0,12.51864147468042,28.0
25.345,92.775,997.0,4.3551096715835795,28.0
25.345,92.78,1005.0,4.163849943478467,28.0
25.345,92.785,874.0,10.931069451588014,28.0
25.345,92.79,935.0,17.849848259878947,28.0
25.345,92.795,972.0,8.049466975528398,28.0
25.345,92.8,989.0,6.67592292471606,28.0
25.345,92.805,996.0,4.163849943478467,28.0
25.345,92.81,972.0,8.824258606545213,28.0
25.345,92.815,975.0,10.816005503945128,28.0
25.345,92.82,958.0,17.720287776093915,28.0
25.345,92.825,905.0,10.816005503945128,28.0
25.345,92.83,815.0,7.9293646872281585,28.0
25.345,92.835,734.0,15.793169048263966,28.0
25.345,92.84,786.0,12.156145050965591,28.0
25.345,92.845,842.0,5.96026196814625,28.0
25.345,92.85,852.0,9.648045316098155,28.0
25.345,92.855,804.0,3.0824947102675178,28.0
25.345,92.86,797.0,7.599333100622036,28.0
25.345,92.865,743.0,6.936247607063137,28.0
25.345,92.87,624.0,8.878141907487027,28.0
25.345,92.875,574.0,16.9509599686148,28.0
25.345,92.88,605.0,12.370093432433936,28.0
25.345,92.885,710.0,14.03624346792648,28.0
25.345,92.89,694.0,8.530765609948133,28.0
25.345,92.895,646.0,8.398938982096263,28.0
25.345,92.9,728.0,10.888076838622831,28.0
25.345,92.905,592.0,12.84579372031137,28.0
25.345,92.91,546.0,8.14812945516323,28.0
25.345,92.915,614.0,15.651730558256707,28.0
25.345,92.92,635.0,6.936247607063137,28.0
25.345,92.925,559.0,8.14812945516323,28.0
25.345,92.93,377.0,12.952764513375518,28.0
25.345,92.935,254.0,24.74862531519583,28.0
25.345,92.94,451.0,16.821344150651747,28.0
25.345,92.945,586.0,9.9063692721155,28.0
25.345,92.95,569.0,1.7183580016554572,28.0
25.345,92.955,561.0,1.280959113423653,28.0
25.345,92.96,482.0,12.156145050965591,28.0
25.345,92.965,457.0,15.52789294984244,28.0
25.345,92.97,457.0,10.142106156573984,28.0
25.345,92.975,496.0,7.641405059952685,28.0
25.345,92.98,519.0,17.248706122708775,28.0
25.345,92.985,534.0,6.936247607063137,28.0
25.345,92.99,555.0,5.267518906840194,28.0
25.345,92.995,538.0,7.96961039432136,28.0
25.35,92.5,1052.0,19.528728546210285,28.0
25.35,92.505,1130.0,5.419335736411587,28.0
25.35,92.51,1158.0,1.6201374245654556,28.0
25.35,92.515,1178.0,11.648634944412734,28.0
25.35,92.52,1138.0,6.302976451652821,28.0
25.35,92.525,1056.0,0.5729386976834859,28.0
25.35,92.53,1012.0,10.142106156573984,28.0
25.35,92.535,965.0,10.684933277782497,28.0
25.35,92.54,925.0,7.7455377836318355,28.0
25.35,92.545,864.0,6.379370208442804,28.0
25.35,92.55,859.0,2.361028198348736,28.0
25.35,92.555,860.0,2.0649342141827822,28.0
25.35,92.56,862.0,1.280959113423653,28.0
25.35,92.565,884.0,8.206727073997664,28.0
25.35,92.57,919.0,8.206727073997664,28.0
25.35,92.575,907.0,8.206727073997664,28.0
25.35,92.58,918.0,10.142106156573984,28.0
25.35,92.585,1022.0,10.402286577822323,28.0
25.35,92.59,1101.0,10.81600550394513,28.0
25.35,92.595,1027.0,6.651732748715235,28.0
25.35,92.6,938.0,8.14812945516323,28.0
25.35,92.605,885.0,6.173484200727683,28.0
25.35,92.61,963.0,11.754735170671625,28.0
25.35,92.615,1063.0,7.428549707571748,28.0
25.35,92.62,1018.0,8.896025825607326,28.0
25.35,92.625,912.0,12.370093432433936,28.0
25.35,92.63,895.0,13.518284623129588,28.0
25.35,92.635,850.0,12.181534728819736,28.0
25.35,92.64,840.0,13.518284623129588,28.0
25.35,92.645,936.0,10.98810564233957,28.0
25.35,92.65,893.0,11.433146958125782,28.0
25.35,92.655,842.0,6.866265885252495,28.0
25.35,92.66,805.0,9.398914043719726,28.0
25.35,92.665,949.0,19.973960441220324,28.0
25.35,92.67,1044.0,7.493070705420571,28.0
25.35,92.675,1037.0,5.624839675183298,28.0
25.35,92.68,1025.0,6.889675180467723,28.0
25.35,92.685,1054.0,12.419832137022013,28.0
25.35,92.69,1005.0,3.433630362450522,28.0
25.35,92.695,951.0,9.664408742578416,28.0
25.35,92.7,1004.0,8.605135268574712,28.0
25.35,92.705,974.0,4.3551096715835795,28.0
25.35,92.71,943.0,3.3371107053581257,28.0
25.35,92.715,786.0,21.930526507189803,28.0
25.35,92.72,839.0,15.585195857538066,28.0
25.35,92.725,855.0,12.952764513375518,28.0
25.35,92.73,1013.0,12.156145050965591,28.0
25.35,92.735,992.0,11.19914909644824,28.0
25.35,92.74,938.0,5.96026196814625,28.0
25.35,92.745,864.0,15.06995574963759,28.0
25.35,92.75,789.0,14.302914425322813,28.0
25.35,92.755,917.0,15.26682958715123,28.0
25.35,92.76,996.0,4.124518139862882,28.0
25.35,92.765,982.0,9.107717061395457,28.0
25.35,92.77,1032.0,6.651732748715235,28.0
25.35,92.775,1001.0,2.0649342141827822,28.0
25.35,92.78,1003.0,1.811248047327972,28.0
25.35,92.785,950.0,16.06235837746245,28.0
25.35,92.79,970.0,12.604382648379184,28.0
25.35,92.795,990.0,1.811248047327972,28.0
25.35,92.8,1025.0,10.417371405393052,28.0
25.35,92.805,1004.0,3.2376881462291047,28.0
25.35,92.81,1010.0,6.67592292471606,28.0
25.35,92.815,1016.0,0.8102306720437776,28.0
25.35,92.82,957.0,10.684933277782497,28.0
25.35,92.825,855.0,17.978226794147478,28.0
25.35,92.83,863.0,17.720287776093915,28.0
25.35,92.835,820.0,14.666756752735052,28.0
25.35,92.84,879.0,12.952764513375518,28.0
25.35,92.845,863.0,16.253917058152773,28.0
25.35,92.85,817.0,16.181268131599445,28.0
25.35,92.855,768.0,8.530765609948133,28.0
25.35,92.86,690.0,12.079616644827674,28.0
25.35,92.865,633.0,15.736777699633285,28.0
25.35,92.87,574.0,14.03624346792648,28.0
25.35,92.875,624.0,6.302976451652821,28.0
25.35,92.88,688.0,19.34826542513789,28.0
25.35,92.885,680.0,5.624839675183298,28.0
25.35,92.89,630.0,10.873704491297854,28.0
25.35,92.895,559.0,14.079306913753854,28.0
25.35,92.9,617.0,9.648045316098155,28.0
25.35,92.905,597.0,6.379370208442803,28.0
25.35,92.91,553.0,15.642246457208728,28.0
25.35,92.915,501.0,12.999985665815318,28.0
25.35,92.92,510.0,5.111089695288715,28.0
25.35,92.925,536.0,19.973960441220324,28.0
25.35,92.93,313.0,23.239566497270467,28.0
25.35,92.935,304.0,28.141576457218697,28.0
25.35,92.94,439.0,13.186944047889988,28.0
25.35,92.945,514.0,16.281058441520802,28.0
25.35,92.95,581.0,7.141919756273425,28.0
25.35,92.955,564.0,3.6188832299832416,28.0
25.35,92.96,562.0,4.3551096715835795,28.0
25.35,92.965,471.0,12.604382648379184,28.0
25.35,92.97,472.0,7.7455377836318355,28.0
25.35,92.975,482.0,7.599333100622036,28.0
25.35,92.98,580.0,7.428549707571748,28.0
25.35,92.985,575.0,10.44746989776266,28.0
25.35,92.99,527.0,15.585195857538066,28.0
25.35,92.995,539.0,5.267518906840194,28.0
25.355,92.5,993.0,12.079616644827674,28.0
25.355,92.505,1025.0,9.159824730595334,28.0
25.355,92.51,1060.0,6.889675180467723,28.0
25.355,92.515,1120.0,11.268529661509747,28.0
25.355,92.52,1076.0,7.7455377836318355,28.0
25.355,92.525,984.0,9.664408742578416,28.0
25.355,92.53,925.0,12.964588174052748,28.0
25.355,92.535,879.0,13.14048922592315,28.0
25.355,92.54,858.0,0.5729386976834859,28.0
25.355,92.545,861.0,1.6201374245654556,28.0
25.355,92.55,863.0,2.2906100426385296,28.0
25.355,92.555,860.0,4.044691235386269,28.0
25.355,92.56,874.0,5.624839675183298,28.0
25.355,92.565,897.0,10.81600550394513,28.0
25.355,92.57,961.0,11.268529661509747,28.0
25.355,92.575,1027.0,13.37091809860972,28.0
25.355,92.58,1026.0,14.04702373801616,28.0
25.355,92.585,1077.0,17.695861429122893,28.0
25.355,92.59,1061.0,13.37091809860972,28.0
25.355,92.595,969.0,9.9063692721155,28.0
25.355,92.6,901.0,6.936247607063137,28.0
25.355,92.605,872.0,1.811248047327972,28.0
25.355,92.61,925.0,10.640849616317048,28.0
25.355,92.615,1066.0,5.7388854270937575,28.0
25.355,92.62,1006.0,6.379370208442803,28.0
25.355,92.625,883.0,10.581758987862388,28.0
25.355,92.63,833.0,8.678829373950299,28.0
25.355,92.635,837.0,15.56612306257827,28.0
25.355,92.64,781.0,6.379370208442804,28.0
25.355,92.645,840.0,11.22695812387902,28.0
25.355,92.65,865.0,10.34170762418876,28.0
25.355,92.655,777.0,11.433146958125782,28.0
25.355,92.66,811.0,11.22695812387902,28.0
25.355,92.665,917.0,8.089084126141794,28.0
25.355,92.67,978.0,15.198269477657098,28.0
25.355,92.675,957.0,31.39687644298045,28.0
25.355,92.68,1049.0,5.710593137499643,28.0
25.355,92.685,1017.0,2.2906100426385296,28.0
25.355,92.69,1028.0,5.111089695288715,28.0
25.355,92.695,997.0,4.163849943478467,28.0
25.355,92.7,1005.0,4.163849943478467,28.0
25.355,92.705,1018.0,11.87283675412141,28.0
25.355,92.71,900.0,13.818582444029008,28.0
25.355,92.715,798.0,24.95235189036929,28.0
25.355,92.72,812.0,21.40745975916796,28.0
25.355,92.725,823.0,13.686056323998818,28.0
25.355,92.73,976.0,1.280959113423653,28.0
25.355,92.735,904.0,21.912146908156487,28.0
25.355,92.74,865.0,10.21937711459359,28.0
25.355,92.745,803.0,12.84579372031137,28.0
25.355,92.75,839.0,9.713320968615797,28.0
25.355,92.755,881.0,5.111089695288715,28.0
25.355,92.76,935.0,22.507502830396614,28.0
25.355,92.765,976.0,2.560638973149915,28.0
25.355,92.77,983.0,5.419335736411587,28.0
25.355,92.775,1014.0,4.465877540190299,28.0
25.355,92.78,1018.0,0.8102306720437776,28.0
25.355,92.785,984.0,2.862405226111748,28.0
25.355,92.79,915.0,14.366056176200178,28.0
25.355,92.795,997.0,2.361028198348736,28.0
25.355,92.8,1033.0,3.663718325999619,28.0
25.355,92.805,1014.0,7.909161066980582,28.0
25.355,92.81,1028.0,2.361028198348736,28.0
25.355,92.815,1022.0,3.837767974238014,28.0
25.355,92.82,1007.0,18.5342984732941,28.0
25.355,92.825,914.0,6.379370208442804,28.0
25.355,92.83,914.0,7.2977186821765665,28.0
25.355,92.835,885.0,4.573921259900861,28.0
25.355,92.84,919.0,7.662350300486558,28.0
25.355,92.845,882.0,14.707665761328611,28.0
25.355,92.85,778.0,11.63529670109765,28.0
25.355,92.855,676.0,3.3371107053581257,28.0
25.355,92.86,669.0,8.530765609948133,28.0
25.355,92.865,666.0,11.309932474020217,28.0
25.355,92.87,639.0,6.504634281949115,28.0
25.355,92.875,662.0,14.707665761328611,28.0
25.355,92.88,752.0,10.743403801775962,28.0
25.355,92.885,665.0,4.609363720543608,28.0
25.355,92.89,646.0,6.302976451652821,28.0
25.355,92.895,605.0,17.349325993056564,28.0
25.355,92.9,504.0,11.648634944412732,28.0
25.355,92.905,599.0,4.9166653832101535,28.0
25.355,92.91,567.0,1.280959113423653,28.0
25.355,92.915,518.0,10.095435505303422,28.0
25.355,92.92,439.0,9.697046418543986,28.0
25.355,92.925,412.0,23.58500363276618,28.0
25.355,92.93,259.0,24.094842552110705,28.0
25.355,92.935,355.0,12.999985665815318,28.0
25.355,92.94,418.0,9.36515852576206,28.0
25.355,92.945,522.0,9.648045316098155,28.0
25.355,92.95,576.0,2.9189949338347145,28.0
25.355,92.955,579.0,10.581758987862388,28.0
25.355,92.96,549.0,13.336644515520948,28.0
25.355,92.965,468.0,1.1457628381751035,28.0
25.355,92.97,518.0,5.267518906840194,28.0
25.355,92.975,483.0,4.163849943478467,28.0
25.355,92.98,530.0,18.38760160290751,28.0
25.355,92.985,475.0,14.666756752735052,28.0
25.355,92.99,432.0,6.454830247455114,28.0
25.355,92.995,443.0,17.622325575320776,28.0
25.36,92.5,944.0,6.302976451652821,28.0
25.36,92.505,1021.0,2.862405226111748,28.0
25.36,92.51,1013.0,9.664408742578416,28.0
25.36,92.515,1069.0,8.697149365003282,28.0
25.36,92.52,1095.0,5.1742413701299474,28.0
25.36,92.525,996.0,7.9293646872281585,28.0
25.36,92.53,913.0,19.550236336404964,28.0
25.36,92.535,903.0,14.799223392695009,28.0
25.36,92.54,923.0,11.648634944412734,28.0
25.36,92.545,938.0,9.159824730595334,28.0
25.36,92.55,902.0,10.684933277782497,28.0
25.36,92.555,862.0,2.0649342141827822,28.0
25.36,92.56,851.0,2.862405226111748,28.0
25.36,92.565,901.0,5.419335736411587,28.0
25.36,92.57,940.0,8.530765609948133,28.0
25.36,92.575,1048.0,12.964588174052748,28.0
25.36,92.58,1136.0,7.40691212849523,28.0
25.36,92.585,1093.0,12.665224630685922,28.0
25.36,92.59,988.0,11.22695812387902,28.0
25.36,92.595,954.0,13.244750575284366,28.0
25.36,92.6,878.0,5.267518906840194,28.0
25.36,92.605,924.0,10.265436734150176,28.0
25.36,92.61,980.0,8.398938982096263,28.0
25.36,92.615,1077.0,10.581758987862388,28.0
25.36,92.62,1045.0,2.862405226111748,28.0
25.36,92.625,946.0,9.9063692721155,28.0
25.36,92.63,852.0,8.697149365003282,28.0
25.36,92.635,891.0,8.398938982096263,28.0
25.36,92.64,816.0,11.446746863908654,28.0
25.36,92.645,769.0,5.267518906840194,28.0
25.36,92.65,842.0,13.244750575284366,28.0
25.36,92.655,774.0,11.378567244391917,28.0
25.36,92.66,799.0,17.432620785390803,28.0
25.36,92.665,909.0,10.402286577822323,28.0
25.36,92.67,868.0,18.69471325052464,28.0
25.36,92.675,897.0,6.302976451652821,28.0
25.36,92.68,1015.0,9.398914043719726,28.0
25.36,92.685,1005.0,6.866265885252495,28.0
25.36,92.69,1005.0,2.560638973149915,28.0
25.36,92.695,1033.0,12.320128415332896,28.0
25.36,92.7,1010.0,8.089084126141794,28.0
25.36,92.705,946.0,5.1742413701299474,28.0
25.36,92.71,908.0,13.9061215425325,28.0
25.36,92.715,756.0,15.867981092283754,28.0
25.36,92.72,818.0,17.155822277993956,28.0
25.36,92.725,904.0,15.537461076489713,28.0
25.36,92.73,957.0,8.54942232101196,28.0
25.36,92.735,868.0,10.581758987862388,28.0
25.36,92.74,762.0,6.67592292471606,28.0
25.36,92.745,785.0,18.207983774890597,28.0
25.36,92.75,826.0,12.713660915082892,28.0
25.36,92.755,836.0,13.540792726885435,28.0
25.36,92.76,955.0,9.664408742578416,28.0
25.36,92.765,977.0,5.624839675183298,28.0
25.36,92.77,989.0,8.45570253780166,28.0
25.36,92.775,1002.0,4.163849943478467,28.0
25.36,92.78,1012.0,4.7140651095854516,28.0
25.36,92.785,987.0,5.710593137499643,28.0
25.36,92.79,949.0,12.00254108984283,28.0
25.36,92.795,970.0,11.963794805286303,28.0
25.36,92.8,969.0,2.862405226111748,28.0
25.36,92.805,1026.0,5.3893224751224,28.0
25.36,92.81,1023.0,4.3551096715835795,28.0
25.36,92.815,1018.0,2.862405226111748,28.0
25.36,92.82,1007.0,1.280959113423653,28.0
25.36,92.825,926.0,5.653572472774074,28.0
25.36,92.83,978.0,1.6201374245654556,28.0
25.36,92.835,943.0,2.429397114363021,28.0
25.36,92.84,917.0,5.653572472774074,28.0
25.36,92.845,907.0,8.049466975528398,28.0
25.36,92.85,815.0,4.850090156191999,28.0
25.36,92.855,780.0,3.6188832299832416,28.0
25.36,92.86,766.0,7.662350300486558,28.0
25.36,92.865,645.0,0.0,28.0
25.36,92.87,697.0,10.04852985013406,28.0
25.36,92.875,716.0,3.6188832299832416,28.0
25.36,92.88,699.0,5.7388854270937575,28.0
25.36,92.885,656.0,15.736777699633285,28.0
25.36,92.89,562.0,5.822915528381649,28.0
25.36,92.895,535.0,15.960899862035443,28.0
25.36,92.9,516.0,7.051280552921114,28.0
25.36,92.905,431.0,19.528728546210285,28.0
25.36,92.91,445.0,17.752790161946685,28.0
25.36,92.915,451.0,9.713320968615797,28.0
25.36,92.92,439.0,7.493070705420571,28.0
25.36,92.925,395.0,16.734242254624238,28.0
25.36,92.93,317.0,19.485618658513864,28.0
25.36,92.935,248.0,23.26770481005695,28.0
25.36,92.94,446.0,21.33126583595921,28.0
25.36,92.945,515.0,8.878141907487027,28.0
25.36,92.95,510.0,5.653572472774074,28.0
25.36,92.955,563.0,10.095435505303422,28.0
25.36,92.96,566.0,5.419335736411587,28.0
25.36,92.965,540.0,7.40691212849523,28.0
25.36,92.97,540.0,9.664408742578416,28.0
25.36,92.975,527.0,9.177123708952482,28.0
25.36,92.98,507.0,0.5729386976834859,28.0
25.36,92.985,446.0,12.066808999772697,28.0
25.36,92.99,389.0,13.186944047889988,28.0
25.36,92.995,348.0,8.605135268574712,28.0
25.365,92.5,948.0,4.163849943478467,28.0
25.365,92.505,961.0,2.560638973149915,28.0
25.365,92.51,960.0,5.142764557884242,28.0
25.365,92.515,1026.0,10.743403801775962,28.0
25.365,92.52,1075.0,10.684933277782497,28.0
25.365,92.525,1061.0,8.54942232101196,28.0
25.365,92.53,1028.0,12.665224630685922,28.0
25.365,92.535,992.0,5.822915528381649,28.0
25.365,92.54,1013.0,8.206727073997664,28.0
25.365,92.545,971.0,6.504634281949115,28.0
25.365,92.55,925.0,10.417371405393052,28.0
25.365,92.555,864.0,16.55833888459116,28.0
25.365,92.56,857.0,0.0,28.0
25.365,92.565,872.0,9.36515852576206,28.0
25.365,92.57,920.0,8.605135268574712,28.0
25.365,92.575,1048.0,10.757967088390004,28.0
25.365,92.58,1037.0,8.984876931685683,28.0
25.365,92.585,974.0,11.446746863908654,28.0
25.365,92.59,940.0,5.96026196814625,28.0
25.365,92.595,872.0,1.280959113423653,28.0
25.365,92.6,868.0,7.641405059952685,28.0
25.365,92.605,877.0,6.2772984895975545,28.0
25.365,92.61,908.0,13.518284623129588,28.0
25.365,92.615,973.0,8.049466975528398,28.0
25.365,92.62,1063.0,11.648634944412732,28.0
25.365,92.625,970.0,15.149071220451717,28.0
25.365,92.63,944.0,7.7455377836318355,28.0
25.365,92.635,851.0,8.530765609948133,28.0
25.365,92.64,807.0,6.866265885252495,28.0
25.365,92.645,777.0,4.609363720543608,28.0
25.365,92.65,785.0,8.089084126141794,28.0
25.365,92.655,806.0,11.309932474020217,28.0
25.365,92.66,759.0,1.280959113423653,28.0
25.365,92.665,830.0,12.604382648379184,28.0
25.365,92.67,776.0,4.7140651095854516,28.0
25.365,92.675,860.0,18.75535719771722,28.0
25.365,92.68,943.0,8.896025825607326,28.0
25.365,92.685,953.0,24.74862531519583,28.0
25.365,92.69,997.0,9.697046418543986,28.0
25.365,92.695,990.0,8.878141907487027,28.0
25.365,92.7,934.0,5.822915528381649,28.0
25.365,92.705,963.0,8.824258606545213,28.0
25.365,92.71,885.0,9.449304906720505,28.0
25.365,92.715,776.0,11.963794805286303,28.0
25.365,92.72,804.0,11.19914909644824,28.0
25.365,92.725,879.0,6.173484200727683,28.0
25.365,92.73,909.0,11.115261308548,28.0
25.365,92.735,867.0,14.37654823502028,28.0
25.365,92.74,754.0,8.605135268574712,28.0
25.365,92.745,807.0,18.96563230023939,28.0
25.365,92.75,918.0,18.78558400320078,28.0
25.365,92.755,962.0,5.624839675183298,28.0
25.365,92.76,984.0,2.560638973149915,28.0
25.365,92.765,989.0,2.429397114363021,28.0
25.365,92.77,1001.0,6.147248032686261,28.0
25.365,92.775,979.0,6.651732748715235,28.0
25.365,92.78,1013.0,8.878141907487027,28.0
25.365,92.785,1006.0,11.364876967033675,28.0
25.365,92.79,942.0,7.051280552921114,28.0
25.365,92.795,989.0,4.883493424700951,28.0
25.365,92.8,1017.0,2.429397114363021,28.0
25.365,92.805,995.0,7.7455377836318355,28.0
25.365,92.81,1021.0,1.7183580016554572,28.0
25.365,92.815,1020.0,1.1457628381751035,28.0
25.365,92.82,991.0,8.14812945516323,28.0
25.365,92.825,948.0,7.428549707571748,28.0
25.365,92.83,922.0,6.379370208442804,28.0
25.365,92.835,887.0,5.1742413701299474,28.0
25.365,92.84,858.0,12.370093432433936,28.0
25.365,92.845,841.0,9.398914043719726,28.0
25.365,92.85,789.0,10.816005503945128,28.0
25.365,92.855,777.0,6.959412387152244,28.0
25.365,92.86,715.0,14.666756752735052,28.0
25.365,92.865,734.0,6.06783785083067,28.0
25.365,92.87,729.0,5.1742413701299474,28.0
25.365,92.875,712.0,4.004172940709388,28.0
25.365,92.88,641.0,7.253560723066103,28.0
25.365,92.885,577.0,4.609363720543608,28.0
25.365,92.89,580.0,5.267518906840194,28.0
25.365,92.895,588.0,22.101028844856764,28.0
25.365,92.9,622.0,5.111089695288715,28.0
25.365,92.905,530.0,6.06783785083067,28.0
25.365,92.91,479.0,6.302976451652821,28.0
25.365,92.915,438.0,6.379370208442803,28.0
25.365,92.92,276.0,23.424363185841766,28.0
25.365,92.925,260.0,25.67976526067654,28.0
25.365,92.93,229.0,30.46479372379824,28.0
25.365,92.935,412.0,25.253207609369632,28.0
25.365,92.94,500.0,11.91191379484262,28.0
25.365,92.945,454.0,15.276593911816503,28.0
25.365,92.95,538.0,9.107717061395457,28.0
25.365,92.955,527.0,11.309932474020217,28.0
25.365,92.96,506.0,7.9896532960303395,28.0
25.365,92.965,527.0,14.707665761328611,28.0
25.365,92.97,500.0,7.641405059952685,28.0
25.365,92.975,575.0,17.817569982561537,28.0
25.365,92.98,507.0,9.713320968615797,28.0
25.365,92.985,463.0,6.06783785083067,28.0
25.365,92.99,453.0,1.1457628381751035,28.0
25.365,92.995,435.0,9.159824730595334,28.0
25.37,92.5,946.0,2.862405226111748,28.0
25.37,92.505,957.0,3.433630362450522,28.0
25.37,92.51,950.0,1.1457628381751035,28.0
25.37,92.515,941.0,1.280959113423653,28.0
25.37,92.52,984.0,8.089084126141794,28.0
25.37,92.525,1028.0,11.963794805286303,28.0
25.37,92.53,1046.0,9.713320968615797,28.0
25.37,92.535,1026.0,8.54942232101196,28.0
25.37,92.54,1033.0,12.845793720311368,28.0
25.37,92.545,1009.0,5.267518906840194,28.0
25.37,92.55,1012.0,5.1742413701299474,28.0
25.37,92.555,956.0,15.42217279371702,28.0
25.37,92.56,854.0,1.6201374245654556,28.0
25.37,92.565,910.0,13.37091809860972,28.0
25.37,92.57,1007.0,8.54942232101196,28.0
25.37,92.575,940.0,12.206865139615095,28.0
25.37,92.58,951.0,7.40691212849523,28.0
25.37,92.585,890.0,7.209120586689089,28.0
25.37,92.59,865.0,3.2376881462291047,28.0
25.37,92.595,884.0,6.147248032686261,28.0
25.37,92.6,958.0,10.81600550394513,28.0
25.37,92.605,966.0,12.066808999772697,28.0
25.37,92.61,945.0,10.142106156573984,28.0
25.37,92.615,1012.0,7.428549707571748,28.0
25.37,92.62,1018.0,14.04702373801616,28.0
25.37,92.625,1004.0,6.379370208442803,28.0
25.37,92.63,926.0,9.92227370227362,28.0
25.37,92.635,871.0,11.648634944412732,28.0
25.37,92.64,846.0,6.379370208442803,28.0
25.37,92.645,785.0,8.824258606545213,28.0
25.37,92.65,844.0,11.378567244391917,28.0
25.37,92.655,865.0,11.433146958125782,28.0
25.37,92.66,804.0,18.38760160290751,28.0
25.37,92.665,813.0,12.964588174052748,28.0
25.37,92.67,773.0,3.2376881462291047,28.0
25.37,92.675,835.0,9.9063692721155,28.0
25.37,92.68,896.0,9.697046418543986,28.0
25.37,92.685,830.0,10.44746989776266,28.0
25.37,92.69,898.0,13.14048922592315,28.0
25.37,92.695,915.0,10.21937711459359,28.0
25.37,92.7,948.0,4.609363720543608,28.0
25.37,92.705,900.0,8.089084126141794,28.0
25.37,92.71,854.0,19.82702865340817,28.0
25.37,92.715,788.0,13.585680087733436,28.0
25.37,92.72,832.0,11.115261308548,28.0
25.37,92.725,866.0,4.7140651095854516,28.0
25.37,92.73,800.0,17.817569982561537,28.0
25.37,92.735,810.0,10.931069451588014,28.0
25.37,92.74,843.0,12.999985665815318,28.0
25.37,92.745,791.0,17.630515348889947,28.0
25.37,92.75,907.0,20.734153281236697,28.0
25.37,92.755,978.0,2.0649342141827822,28.0
25.37,92.76,960.0,8.398938982096263,28.0
25.37,92.765,962.0,9.697046418543986,28.0
25.37,92.77,950.0,12.181534728819736,28.0
25.37,92.775,987.0,4.609363720543608,28.0
25.37,92.78,982.0,4.883493424700951,28.0
25.37,92.785,1005.0,1.280959113423653,28.0
25.37,92.79,993.0,10.44746989776266,28.0
25.37,92.795,998.0,13.12884614937404,28.0
25.37,92.8,1022.0,6.147248032686261,28.0
25.37,92.805,997.0,2.560638973149915,28.0
25.37,92.81,983.0,0.8102306720437776,28.0
25.37,92.815,968.0,9.24597366655069,28.0
25.37,92.82,956.0,1.7183580016554572,28.0
25.37,92.825,868.0,21.50846786453591,28.0
25.37,92.83,814.0,6.173484200727683,28.0
25.37,92.835,793.0,14.03624346792648,28.0
25.37,92.84,790.0,5.710593137499643,28.0
25.37,92.845,766.0,8.984876931685683,28.0
25.37,92.85,761.0,6.504634281949114,28.0
25.37,92.855,786.0,2.560638973149915,28.0
25.37,92.86,766.0,3.0824947102675178,28.0
25.37,92.865,681.0,17.257119157898394,28.0
25.37,92.87,625.0,14.03624346792648,28.0
25.37,92.875,717.0,5.267518906840194,28.0
25.37,92.88,665.0,17.630515348889947,28.0
25.37,92.885,681.0,3.3371107053581257,28.0
25.37,92.89,634.0,18.98798214506527,28.0
25.37,92.895,543.0,12.845793720311368,28.0
25.37,92.9,490.0,13.949652246979396,28.0
25.37,92.905,401.0,32.927537574423255,28.0
25.37,92.91,379.0,33.135030167983544,28.0
25.37,92.915,277.0,33.02386755579665,28.0
25.37,92.92,320.0,22.02818529494819,28.0
25.37,92.925,320.0,19.40625475131371,28.0
25.37,92.93,176.0,12.999985665815318,28.0
25.37,92.935,265.0,33.20872259629687,28.0
25.37,92.94,313.0,26.93218317518085,28.0
25.37,92.945,406.0,11.91191379484262,28.0
25.37,92.95,532.0,16.742977650935924,28.0
25.37,92.955,498.0,15.020256666513818,28.0
25.37,92.96,414.0,8.14812945516323,28.0
25.37,92.965,519.0,13.60805977475334,28.0
25.37,92.97,497.0,13.186944047889988,28.0
25.37,92.975,457.0,20.16077098227733,28.0
25.37,92.98,438.0,22.718496604133097,28.0
25.37,92.985,475.0,8.45570253780166,28.0
25.37,92.99,457.0,13.59687524180116,28.0
25.37,92.995,412.0,16.317161174234332,28.0
25.375,92.5,956.0,6.651732748715235,28.0
25.375,92.505,926.0,12.604382648379184,28.0
25.375,92.51,956.0,10.537203406802927,28.0
25.375,92.515,947.0,4.044691235386269,28.0
25.375,92.52,940.0,4.7140651095854516,28.0
25.375,92.525,933.0,5.419335736411587,28.0
25.375,92.53,941.0,18.33317422681741,28.0
25.375,92.535,940.0,20.385976479920775,28.0
25.375,92.54,948.0,8.896025825607326,28.0
25.375,92.545,1006.0,14.910225469622969,28.0
25.375,92.55,994.0,11.87283675412141,28.0
25.375,92.555,939.0,12.51864147468042,28.0
25.375,92.56,854.0,5.1742413701299474,28.0
25.375,92.565,886.0,6.173484200727683,28.0
25.375,92.57,978.0,7.428549707571748,28.0
25.375,92.575,922.0,5.822915528381649,28.0
25.375,92.58,870.0,6.06783785083067,28.0
25.375,92.585,859.0,2.2906100426385296,28.0
25.375,92.59,899.0,7.9293646872281585,28.0
25.375,92.595,966.0,9.664408742578416,28.0
25.375,92.6,999.0,10.873704491297854,28.0
25.375,92.605,1060.0,11.309932474020217,28.0
25.375,92.61,1039.0,8.984876931685683,28.0
25.375,92.615,974.0,9.761969244030082,28.0
25.375,92.62,908.0,11.446746863908654,28.0
25.375,92.625,909.0,12.84579372031137,28.0
25.375,92.63,943.0,11.794248902093369,28.0
25.375,92.635,952.0,8.14812945516323,28.0
25.375,92.64,878.0,13.674945403795036,28.0
25.375,92.645,860.0,4.004172940709388,28.0
25.375,92.65,939.0,13.518284623129588,28.0
25.375,92.655,897.0,8.896025825607326,28.0
25.375,92.66,892.0,9.159824730595334,28.0
25.375,92.665,856.0,10.095435505303422,28.0
25.375,92.67,803.0,7.7455377836318355,28.0
25.375,92.675,764.0,9.398914043719726,28.0
25.375,92.68,826.0,12.370093432433936,28.0
25.375,92.685,798.0,11.19914909644824,28.0
25.375,92.69,855.0,7.599333100622036,28.0
25.375,92.695,925.0,13.336644515520948,28.0
25.375,92.7,933.0,20.140129120020212,28.0
25.375,92.705,895.0,13.37091809860972,28.0
25.375,92.71,825.0,10.417371405393052,28.0
25.375,92.715,746.0,6.67592292471606,28.0
25.375,92.72,757.0,6.651732748715235,28.0
25.375,92.725,870.0,17.16429219963367,28.0
25.375,92.73,846.0,5.1742413701299474,28.0
25.375,92.735,750.0,10.537203406802927,28.0
25.375,92.74,848.0,13.416459891104456,28.0
25.375,92.745,836.0,13.518284623129588,28.0
25.375,92.75,819.0,16.389075025823413,28.0
25.375,92.755,919.0,4.044691235386269,28.0
25.375,92.76,823.0,9.159824730595334,28.0
25.375,92.765,954.0,6.959412387152244,28.0
25.375,92.77,974.0,3.0824947102675178,28.0
25.375,92.775,998.0,5.822915528381649,28.0
25.375,92.78,1002.0,5.7388854270937575,28.0
25.375,92.785,992.0,7.209120586689089,28.0
25.375,92.79,1005.0,5.1742413701299474,28.0
25.375,92.795,998.0,4.7140651095854516,28.0
25.375,92.8,984.0,6.651732748715235,28.0
25.375,92.805,985.0,2.862405226111748,28.0
25.375,92.81,981.0,2.560638973149915,28.0
25.375,92.815,959.0,5.3893224751224,28.0
25.375,92.82,966.0,12.749851295121235,28.0
25.375,92.825,853.0,7.40691212849523,28.0
25.375,92.83,791.0,22.101028844856764,28.0
25.375,92.835,714.0,14.789083385427716,28.0
25.375,92.84,770.0,2.560638973149915,28.0
25.375,92.845,742.0,8.089084126141794,28.0
25.375,92.85,715.0,9.9063692721155,28.0
25.375,92.855,727.0,10.684933277782497,28.0
25.375,92.86,683.0,3.3371107053581257,28.0
25.375,92.865,645.0,12.117948587036471,28.0
25.375,92.87,561.0,11.976725812374069,28.0
25.375,92.875,629.0,16.70800222263908,28.0
25.375,92.88,673.0,16.181268131599445,28.0
25.375,92.885,560.0,6.379370208442804,28.0
25.375,92.89,561.0,11.648634944412732,28.0
25.375,92.895,523.0,9.24597366655069,28.0
25.375,92.9,312.0,25.36707011065046,28.0
25.375,92.905,364.0,28.520326031798568,28.0
25.375,92.91,342.0,17.817569982561537,28.0
25.375,92.915,358.0,19.1434780917466,28.0
25.375,92.92,450.0,12.604382648379184,28.0
25.375,92.925,416.0,6.06783785083067,28.0
25.375,92.93,371.0,9.794256737807247,28.0
25.375,92.935,259.0,17.424313779662153,28.0
25.375,92.94,335.0,25.665241294016468,28.0
25.375,92.945,477.0,13.244750575284366,28.0
25.375,92.95,543.0,12.999985665815318,28.0
25.375,92.955,485.0,10.04852985013406,28.0
25.375,92.96,392.0,11.976725812374069,28.0
25.375,92.965,482.0,12.952764513375518,28.0
25.375,92.97,451.0,17.35767803462991,28.0
25.375,92.975,331.0,3.433630362450522,28.0
25.375,92.98,337.0,4.850090156191999,28.0
25.375,92.985,474.0,1.6201374245654556,28.0
25.375,92.99,431.0,10.816005503945128,28.0
25.375,92.995,319.0,12.51864147468042,28.0
25.38,92.5,985.0,2.0649342141827822,28.0
25.38,92.505,986.0,0.8102306720437776,28.0
25.38,92.51,966.0,2.0649342141827822,28.0
25.38,92.515,964.0,2.429397114363021,28.0
25.38,92.52,940.0,2.0649342141827822,28.0
25.38,92.525,909.0,7.909161066980582,28.0
25.38,92.53,894.0,5.878250113590978,28.0
25.38,92.535,893.0,5.7388854270937575,28.0
25.38,92.54,896.0,2.2906100426385296,28.0
25.38,92.545,945.0,6.959412387152244,28.0
25.38,92.55,932.0,12.665224630685922,28.0
25.38,92.555,931.0,4.3551096715835795,28.0
25.38,92.56,865.0,11.976725812374069,28.0
25.38,92.565,854.0,1.280959113423653,28.0
25.38,92.57,879.0,13.774570975668132,28.0
25.38,92.575,858.0,4.044691235386269,28.0
25.38,92.58,855.0,0.8102306720437776,28.0
25.38,92.585,890.0,7.141919756273425,28.0
25.38,92.59,948.0,10.743403801775962,28.0
25.38,92.595,1029.0,6.173484200727683,28.0
25.38,92.6,1123.0,5.653572472774074,28.0
25.38,92.605,1083.0,11.976725812374069,28.0
25.38,92.61,1009.0,12.419832137022013,28.0
25.38,92.615,905.0,5.419335736411587,28.0
25.38,92.62,860.0,6.651732748715235,28.0
25.38,92.625,806.0,7.662350300486558,28.0
25.38,92.63,831.0,8.398938982096263,28.0
25.38,92.635,899.0,10.581758987862388,28.0
25.38,92.64,937.0,12.999985665815318,28.0
25.38,92.645,960.0,5.111089695288715,28.0
25.38,92.65,1017.0,7.9896532960303395,28.0
25.38,92.655,954.0,5.267518906840194,28.0
25.38,92.66,902.0,4.465877540190299,28.0
25.38,92.665,811.0,12.382549217765357,28.0
25.38,92.67,839.0,5.96026196814625,28.0
25.38,92.675,799.0,5.1742413701299474,28.0
25.38,92.68,778.0,7.599333100622036,28.0
25.38,92.685,884.0,4.609363720543608,28.0
25.38,92.69,865.0,10.402286577822323,28.0
25.38,92.695,840.0,8.45570253780166,28.0
25.38,92.7,798.0,7.209120586689089,28.0
25.38,92.705,841.0,12.604382648379184,28.0
25.38,92.71,817.0,14.196947417484148,28.0
25.38,92.715,780.0,9.449304906720505,28.0
25.38,92.72,815.0,9.6316519614038,28.0
25.38,92.725,762.0,5.878250113590978,28.0
25.38,92.73,744.0,4.609363720543608,28.0
25.38,92.735,753.0,13.59687524180116,28.0
25.38,92.74,764.0,26.14722986183188,28.0
25.38,92.745,880.0,5.96026196814625,28.0
25.38,92.75,788.0,12.419832137022013,28.0
25.38,92.755,788.0,12.999985665815318,28.0
25.38,92.76,854.0,16.172159015782555,28.0
25.38,92.765,942.0,10.265436734150176,28.0
25.38,92.77,977.0,13.37091809860972,28.0
25.38,92.775,986.0,4.163849943478467,28.0
25.38,92.78,1013.0,0.0,28.0
25.38,92.785,994.0,6.504634281949115,28.0
25.38,92.79,1003.0,2.9189949338347145,28.0
25.38,92.795,993.0,2.429397114363021,28.0
25.38,92.8,978.0,4.044691235386269,28.0
25.38,92.805,975.0,6.06783785083067,28.0
25.38,92.81,955.0,6.06783785083067,28.0
25.38,92.815,954.0,1.811248047327972,28.0
25.38,92.82,951.0,3.433630362450522,28.0
25.38,92.825,865.0,4.465877540190299,28.0
25.38,92.83,825.0,3.4808773532462083,28.0
25.38,92.835,787.0,9.107717061395457,28.0
25.38,92.84,634.0,11.859779120947978,28.0
25.38,92.845,633.0,30.146963456623045,28.0
25.38,92.85,684.0,23.046887822390868,28.0
25.38,92.855,584.0,21.22267281307461,28.0
25.38,92.86,497.0,17.777117627472432,28.0
25.38,92.865,494.0,27.061652551964443,28.0
25.38,92.87,468.0,22.40687120493745,28.0
25.38,92.875,485.0,27.96152506647304,28.0
25.38,92.88,520.0,24.72297771719879,28.0
25.38,92.885,540.0,8.896025825607326,28.0
25.38,92.89,473.0,17.05377386638326,28.0
25.38,92.895,431.0,20.201969577630862,28.0
25.38,92.9,411.0,32.11625350565669,28.0
25.38,92.905,513.0,9.648045316098155,28.0
25.38,92.91,495.0,8.54942232101196,28.0
25.38,92.915,473.0,9.090276920822324,28.0
25.38,92.92,550.0,7.209120586689089,28.0
25.38,92.925,526.0,11.963794805286303,28.0
25.38,92.93,428.0,4.163849943478467,28.0
25.38,92.935,278.0,20.050350541222016,28.0
25.38,92.94,253.0,27.216561068831584,28.0
25.38,92.945,404.0,8.842258533397425,28.0
25.38,92.95,479.0,6.173484200727683,28.0
25.38,92.955,449.0,10.21937711459359,28.0
25.38,92.96,363.0,2.361028198348736,28.0
25.38,92.965,455.0,20.78041748766358,28.0
25.38,92.97,414.0,14.789083385427716,28.0
25.38,92.975,326.0,8.284177231157289,28.0
25.38,92.98,435.0,14.54321520062608,28.0
25.38,92.985,447.0,12.320128415332896,28.0
25.38,92.99,315.0,5.822915528381649,28.0
25.38,92.995,341.0,20.634537788968707,28.0
25.385,92.5,969.0,2.0649342141827822,28.0
25.385,92.505,965.0,1.811248047327972,28.0
25.385,92.51,935.0,4.044691235386269,28.0
25.385,92.515,969.0,1.280959113423653,28.0
25.385,92.52,966.0,6.651732748715235,28.0
25.385,92.525,933.0,2.862405226111748,28.0
25.385,92.53,911.0,2.361028198348736,28.0
25.385,92.535,902.0,7.051280552921114,28.0
25.385,92.54,868.0,0.5729386976834859,28.0
25.385,92.545,866.0,3.837767974238014,28.0
25.385,92.55,854.0,2.862405226111748,28.0
25.385,92.555,858.0,3.2376881462291047,28.0
25.385,92.56,853.0,1.280959113423653,28.0
25.385,92.565,857.0,2.2906100426385296,28.0
25.385,92.57,865.0,5.267518906840194,28.0
25.385,92.575,913.0,7.662350300486558,28.0
25.385,92.58,863.0,3.0824947102675178,28.0
25.385,92.585,872.0,8.878141907487027,28.0
25.385,92.59,939.0,6.67592292471606,28.0
25.385,92.595,1028.0,9.24597366655069,28.0
25.385,92.6,1045.0,7.96961039432136,28.0
25.385,92.605,1022.0,10.04852985013406,28.0
25.385,92.61,943.0,11.976725812374069,28.0
25.385,92.615,849.0,6.454830247455114,28.0
25.385,92.62,806.0,5.7388854270937575,28.0
25.385,92.625,780.0,1.6201374245654556,28.0
25.385,92.63,785.0,8.089084126141794,28.0
25.385,92.635,794.0,7.909161066980582,28.0
25.385,92.64,797.0,9.648045316098155,28.0
25.385,92.645,875.0,13.093845922704302,28.0
25.385,92.65,918.0,10.44746989776266,28.0
25.385,92.655,962.0,6.936247607063137,28.0
25.385,92.66,936.0,3.837767974238014,28.0
25.385,92.665,859.0,8.206727073997664,28.0
25.385,92.67,797.0,11.364876967033675,28.0
25.385,92.675,773.0,5.653572472774074,28.0
25.385,92.68,750.0,5.822915528381649,28.0
25.385,92.685,843.0,13.585680087733436,28.0
25.385,92.69,835.0,11.19914909644824,28.0
25.385,92.695,777.0,3.837767974238014,28.0
25.385,92.7,742.0,2.9189949338347145,28.0
25.385,92.705,760.0,9.51604741998822,28.0
25.385,92.71,737.0,8.54942232101196,28.0
25.385,92.715,798.0,9.648045316098155,28.0
25.385,92.72,809.0,17.349325993056564,28.0
25.385,92.725,882.0,14.9403293424737,28.0
25.385,92.73,877.0,6.651732748715235,28.0
25.385,92.735,922.0,14.615430541128886,28.0
25.385,92.74,903.0,11.527973042352134,28.0
25.385,92.745,933.0,10.44746989776266,28.0
25.385,92.75,932.0,9.159824730595334,28.0
25.385,92.755,927.0,9.51604741998822,28.0
25.385,92.76,838.0,19.113987352812888,28.0
25.385,92.765,813.0,24.396269761643275,28.0
25.385,92.77,918.0,13.416459891104456,28.0
25.385,92.775,964.0,4.3551096715835795,28.0
25.385,92.78,972.0,6.2772984895975545,28.0
25.385,92.785,1014.0,4.163849943478467,28.0
25.385,92.79,985.0,3.663718325999619,28.0
25.385,92.795,972.0,4.163849943478467,28.0
25.385,92.8,991.0,2.2906100426385296,28.0
25.385,92.805,962.0,4.9166653832101535,28.0
25.385,92.81,954.0,3.837767974238014,28.0
25.385,92.815,953.0,0.5729386976834859,28.0
25.385,92.82,953.0,12.117948587036471,28.0
25.385,92.825,930.0,3.4808773532462083,28.0
25.385,92.83,831.0,2.361028198348736,28.0
25.385,92.835,788.0,1.811248047327972,28.0
25.385,92.84,609.0,25.178516216275582,28.0
25.385,92.845,467.0,12.407418527400743,28.0
25.385,92.85,491.0,19.02515576249955,28.0
25.385,92.855,512.0,17.121890324478656,28.0
25.385,92.86,499.0,25.87697129238931,28.0
25.385,92.865,569.0,20.865964606031216,28.0
25.385,92.87,547.0,12.999985665815318,28.0
25.385,92.875,535.0,15.06995574963759,28.0
25.385,92.88,434.0,23.35182128069875,28.0
25.385,92.885,400.0,27.1326492221848,28.0
25.385,92.89,470.0,18.5342984732941,28.0
25.385,92.895,445.0,5.3893224751224,28.0
25.385,92.9,479.0,14.738259624023955,28.0
25.385,92.905,563.0,23.468840191747,28.0
25.385,92.91,595.0,7.9896532960303395,28.0
25.385,92.915,551.0,11.976725812374069,28.0
25.385,92.92,543.0,13.416459891104456,28.0
25.385,92.925,492.0,19.40625475131371,28.0
25.385,92.93,451.0,19.721181132323412,28.0
25.385,92.935,376.0,10.142106156573984,28.0
25.385,92.94,266.0,12.00254108984283,28.0
25.385,92.945,245.0,38.15616837919962,28.0
25.385,92.95,407.0,8.45570253780166,28.0
25.385,92.955,317.0,25.416327338260817,28.0
25.385,92.96,348.0,5.267518906840194,28.0
25.385,92.965,410.0,18.98798214506527,28.0
25.385,92.97,391.0,12.370093432433936,28.0
25.385,92.975,316.0,10.04852985013406,28.0
25.385,92.98,417.0,22.40687120493745,28.0
25.385,92.985,351.0,9.449304906720505,28.0
25.385,92.99,275.0,2.361028198348736,28.0
25.385,92.995,337.0,19.464016342661992,28.0
25.39,92.5,984.0,12.713660915082892,28.0
25.39,92.505,971.0,3.6188832299832416,28.0
25.39,92.51,922.0,5.878250113590978,28.0
25.39,92.515,917.0,6.379370208442803,28.0
25.39,92.52,943.0,2.9189949338347145,28.0
25.39,92.525,928.0,3.6188832299832416,28.0
25.39,92.53,908.0,4.9166653832101535,28.0
25.39,92.535,915.0,4.883493424700951,28.0
25.39,92.54,876.0,2.862405226111748,28.0
25.39,92.545,866.0,5.111089695288715,28.0
25.39,92.55,880.0,2.361028198348736,28.0
25.39,92.555,875.0,9.648045316098155,28.0
25.39,92.56,860.0,2.2906100426385296,28.0
25.39,92.565,864.0,11.323696238973891,28.0
25.39,92.57,949.0,4.044691235386269,28.0
25.39,92.575,930.0,9.664408742578416,28.0
25.39,92.58,859.0,5.7388854270937575,28.0
25.39,92.585,959.0,8.398938982096263,28.0
25.39,92.59,1023.0,7.428549707571748,28.0
25.39,92.595,1065.0,11.976725812374069,28.0
25.39,92.6,1124.0,2.429397114363021,28.0
25.39,92.605,1043.0,7.40691212849523,28.0
25.39,92.61,982.0,10.537203406802927,28.0
25.39,92.615,912.0,13.416459891104456,28.0
25.39,92.62,846.0,8.896025825607326,28.0
25.39,92.625,790.0,5.267518906840194,28.0
25.39,92.63,772.0,5.111089695288715,28.0
25.39,92.635,761.0,3.663718325999619,28.0
25.39,92.64,796.0,8.14812945516323,28.0
25.39,92.645,838.0,11.648634944412732,28.0
25.39,92.65,878.0,10.684933277782497,28.0
25.39,92.655,839.0,16.389075025823413,28.0
25.39,92.66,895.0,12.370093432433936,28.0
25.39,92.665,913.0,7.209120586689089,28.0
25.39,92.67,870.0,6.302976451652821,28.0
25.39,92.675,849.0,6.866265885252495,28.0
25.39,92.68,757.0,11.323696238973891,28.0
25.39,92.685,814.0,7.599333100622036,28.0
25.39,92.69,819.0,9.648045316098155,28.0
25.39,92.695,752.0,6.866265885252495,28.0
25.39,92.7,780.0,6.504634281949115,28.0
25.39,92.705,756.0,7.428549707571748,28.0
25.39,92.71,810.0,7.9293646872281585,28.0
25.39,92.715,822.0,14.553557497859137,28.0
25.39,92.72,835.0,13.279296233845615,28.0
25.39,92.725,792.0,6.302976451652821,28.0
25.39,92.73,924.0,3.6188832299832416,28.0
25.39,92.735,939.0,2.2906100426385296,28.0
25.39,92.74,957.0,4.609363720543608,28.0
25.39,92.745,955.0,8.678829373950299,28.0
25.39,92.75,950.0,3.663718325999619,28.0
25.39,92.755,930.0,9.697046418543986,28.0
25.39,92.76,878.0,9.24597366655069,28.0
25.39,92.765,900.0,6.67592292471606,28.0
25.39,92.77,840.0,18.480426727831507,28.0
25.39,92.775,915.0,14.418427013423848,28.0
25.39,92.78,958.0,3.3371107053581257,28.0
25.39,92.785,990.0,3.6188832299832416,28.0
25.39,92.79,988.0,0.5729386976834859,28.0
25.39,92.795,972.0,2.9189949338347145,28.0
25.39,92.8,970.0,6.67592292471606,28.0
25.39,92.805,896.0,5.267518906840194,28.0
25.39,92.81,956.0,2.862405226111748,28.0
25.39,92.815,959.0,6.67592292471606,28.0
25.39,92.82,896.0,13.949652246979396,28.0
25.39,92.825,922.0,5.878250113590978,28.0
25.39,92.83,833.0,10.98810564233957,28.0
25.39,92.835,714.0,16.821344150651747,28.0
25.39,92.84,517.0,23.290179541000384,28.0
25.39,92.845,585.0,19.290046219188735,28.0
25.39,92.85,506.0,8.049466975528398,28.0
25.39,92.855,686.0,19.231594954140725,28.0
25.39,92.86,609.0,16.742977650935924,28.0
25.39,92.865,657.0,6.173484200727683,28.0
25.39,92.87,625.0,7.909161066980582,28.0
25.39,92.875,572.0,11.794248902093369,28.0
25.39,92.88,593.0,6.959412387152244,28.0
25.39,92.885,573.0,5.653572472774074,28.0
25.39,92.89,525.0,14.37654823502028,28.0
25.39,92.895,545.0,9.648045316098155,28.0
25.39,92.9,594.0,18.541977963997237,28.0
25.39,92.905,610.0,2.9189949338347145,28.0
25.39,92.91,533.0,24.74862531519583,28.0
25.39,92.915,476.0,7.662350300486558,28.0
25.39,92.92,482.0,14.302914425322813,28.0
25.39,92.925,451.0,1.7183580016554572,28.0
25.39,92.93,440.0,8.896025825607326,28.0
25.39,92.935,336.0,17.655055916385443,28.0
25.39,92.94,324.0,24.22774531795417,28.0
25.39,92.945,229.0,5.111089695288715,28.0
25.39,92.95,285.0,9.51604741998822,28.0
25.39,92.955,419.0,14.880049387383034,28.0
25.39,92.96,461.0,10.417371405393052,28.0
25.39,92.965,465.0,10.757967088390004,28.0
25.39,92.97,356.0,9.245973666550688,28.0
25.39,92.975,340.0,4.7140651095854516,28.0
25.39,92.98,303.0,13.244750575284366,28.0
25.39,92.985,350.0,21.33126583595921,28.0
25.39,92.99,347.0,9.107717061395457,28.0
25.39,92.995,268.0,14.207585688982292,28.0
25.395,92.5,960.0,5.822915528381649,28.0
25.395,92.505,967.0,9.24597366655069,28.0
25.395,92.51,922.0,3.0824947102675178,28.0
25.395,92.515,913.0,0.5729386976834859,28.0
25.395,92.52,943.0,8.896025825607326,28.0
25.395,92.525,921.0,4.044691235386269,28.0
25.395,92.53,971.0,12.407418527400743,28.0
25.395,92.535,919.0,5.878250113590978,28.0
25.395,92.54,858.0,4.124518139862882,28.0
25.395,92.545,868.0,11.648634944412732,28.0
25.395,92.55,870.0,4.465877540190299,28.0
25.395,92.555,920.0,1.280959113423653,28.0
25.395,92.56,890.0,12.964588174052748,28.0
25.395,92.565,908.0,2.560638973149915,28.0
25.395,92.57,972.0,12.117948587036471,28.0
25.395,92.575,934.0,6.173484200727683,28.0
25.395,92.58,875.0,15.72735540025082,28.0
25.395,92.585,959.0,10.684933277782497,28.0
25.395,92.59,1033.0,10.21937711459359,28.0
25.395,92.595,997.0,14.03624346792648,28.0
25.395,92.6,1020.0,11.648634944412734,28.0
25.395,92.605,976.0,14.615430541128886,28.0
25.395,92.61,942.0,7.40691212849523,28.0
25.395,92.615,934.0,6.889675180467723,28.0
25.395,92.62,846.0,8.398938982096263,28.0
25.395,92.625,774.0,7.051280552921114,28.0
25.395,92.63,783.0,9.6316519614038,28.0
25.395,92.635,766.0,2.361028198348736,28.0
25.395,92.64,765.0,4.573921259900861,28.0
25.395,92.645,777.0,8.398938982096263,28.0
25.395,92.65,865.0,3.0824947102675178,28.0
25.395,92.655,784.0,12.370093432433936,28.0
25.395,92.66,799.0,13.518284623129588,28.0
25.395,92.665,917.0,10.931069451588014,28.0
25.395,92.67,852.0,7.641405059952685,28.0
25.395,92.675,806.0,10.44746989776266,28.0
25.395,92.68,759.0,11.157292128087049,28.0
25.395,92.685,800.0,12.370093432433936,28.0
25.395,92.69,782.0,10.21937711459359,28.0
25.395,92.695,738.0,3.4808773532462083,28.0
25.395,92.7,816.0,4.850090156191999,28.0
25.395,92.705,781.0,7.493070705420571,28.0
25.395,92.71,769.0,10.032841837324575,28.0
25.395,92.715,862.0,9.159824730595334,28.0
25.395,92.72,946.0,1.280959113423653,28.0
25.395,92.725,889.0,24.185336209149625,28.0
25.395,92.73,940.0,3.6188832299832416,28.0
25.395,92.735,935.0,7.7455377836318355,28.0
25.395,92.74,945.0,6.959412387152244,28.0
25.395,92.745,960.0,2.9189949338347145,28.0
25.395,92.75,965.0,4.124518139862882,28.0
25.395,92.755,918.0,11.794248902093369,28.0
25.395,92.76,925.0,9.398914043719726,28.0
25.395,92.765,952.0,2.862405226111748,28.0
25.395,92.77,869.0,9.664408742578416,28.0
25.395,92.775,913.0,15.276593911816503,28.0
25.395,92.78,957.0,9.648045316098155,28.0
25.395,92.785,963.0,8.984876931685683,28.0
25.395,92.79,963.0,3.3371107053581257,28.0
25.395,92.795,979.0,4.3551096715835795,28.0
25.395,92.8,912.0,8.842258533397425,28.0
25.395,92.805,915.0,7.9896532960303395,28.0
25.395,92.81,939.0,0.0,28.0
25.395,92.815,918.0,11.976725812374069,28.0
25.395,92.82,769.0,21.78287605629714,28.0
25.395,92.825,726.0,28.91046765839842,28.0
25.395,92.83,643.0,18.78558400320078,28.0
25.395,92.835,583.0,16.208558038649098,28.0
25.395,92.84,592.0,22.88066676034099,28.0
25.395,92.845,715.0,4.7140651095854516,28.0
25.395,92.85,615.0,18.96563230023939,28.0
25.395,92.855,720.0,6.379370208442803,28.0
25.395,92.86,692.0,5.96026196814625,28.0
25.395,92.865,674.0,5.419335736411587,28.0
25.395,92.87,655.0,4.3551096715835795,28.0
25.395,92.875,595.0,8.089084126141794,28.0
25.395,92.88,620.0,14.207585688982292,28.0
25.395,92.885,576.0,5.142764557884242,28.0
25.395,92.89,566.0,10.684933277782497,28.0
25.395,92.895,613.0,16.61135092907738,28.0
25.395,92.9,594.0,11.59517961733378,28.0
25.395,92.905,622.0,3.0824947102675178,28.0
25.395,92.91,530.0,14.164976627383547,28.0
25.395,92.915,545.0,14.789083385427716,28.0
25.395,92.92,553.0,13.60805977475334,28.0
25.395,92.925,532.0,15.97940505640506,28.0
25.395,92.93,425.0,9.648045316098155,28.0
25.395,92.935,427.0,11.309932474020217,28.0
25.395,92.94,420.0,5.710593137499643,28.0
25.395,92.945,363.0,11.648634944412732,28.0
25.395,92.95,160.0,16.742977650935924,28.0
25.395,92.955,371.0,16.208558038649098,28.0
25.395,92.96,424.0,25.29785776746718,28.0
25.395,92.965,380.0,16.45168408046464,28.0
25.395,92.97,367.0,11.157292128087049,28.0
25.395,92.975,263.0,12.00254108984283,28.0
25.395,92.98,320.0,3.3371107053581257,28.0
25.395,92.985,373.0,21.464358373859103,28.0
25.395,92.99,432.0,8.284177231157289,28.0
25.395,92.995,355.0,9.664408742578416,28.0
25.4,92.5,992.0,17.432620785390803,28.0
25.4,92.505,973.0,3.433630362450522,28.0
25.4,92.51,939.0,10.931069451588014,28.0
25.4,92.515,945.0,5.710593137499643,28.0
25.4,92.52,914.0,1.280959113423653,28.0
25.4,92.525,936.0,10.21937711459359,28.0
25.4,92.53,956.0,15.651730558256704,28.0
25.4,92.535,927.0,5.822915528381649,28.0
25.4,92.54,864.0,2.9189949338347145,28.0
25.4,92.545,858.0,0.5729386976834859,28.0
25.4,92.55,876.0,1.7183580016554572,28.0
25.4,92.555,950.0,13.186944047889988,28.0
25.4,92.56,949.0,5.878250113590978,28.0
25.4,92.565,944.0,9.92227370227362,28.0
25.4,92.57,997.0,8.824258606545213,28.0
25.4,92.575,974.0,6.173484200727683,28.0
25.4,92.58,927.0,1.1457628381751035,28.0
25.4,92.585,978.0,11.309932474020217,28.0
25.4,92.59,933.0,10.142106156573984,28.0
25.4,92.595,897.0,7.7455377836318355,28.0
25.4,92.6,905.0,10.873704491297854,28.0
25.4,92.605,901.0,7.2977186821765665,28.0
25.4,92.61,855.0,4.465877540190299,28.0
25.4,92.615,879.0,11.91191379484262,28.0
25.4,92.62,851.0,7.641405059952685,28.0
25.4,92.625,825.0,8.14812945516323,28.0
25.4,92.63,801.0,6.889675180467723,28.0
25.4,92.635,775.0,5.142764557884242,28.0
25.4,92.64,769.0,4.044691235386269,28.0
25.4,92.645,757.0,4.883493424700951,28.0
25.4,92.65,855.0,11.157292128087049,28.0
25.4,92.655,802.0,11.63529670109765,28.0
25.4,92.66,743.0,6.302976451652821,28.0
25.4,92.665,850.0,11.59517961733378,28.0
25.4,92.67,853.0,11.91191379484262,28.0
25.4,92.675,828.0,11.364876967033675,28.0
25.4,92.68,787.0,4.9166653832101535,28.0
25.4,92.685,750.0,0.5729386976834859,28.0
25.4,92.69,736.0,1.280959113423653,28.0
25.4,92.695,775.0,10.402286577822323,28.0
25.4,92.7,831.0,6.379370208442804,28.0
25.4,92.705,839.0,4.044691235386269,28.0
25.4,92.71,785.0,12.181534728819736,28.0
25.4,92.715,797.0,12.00254108984283,28.0
25.4,92.72,930.0,6.173484200727683,28.0
25.4,92.725,926.0,3.3371107053581257,28.0
25.4,92.73,918.0,4.609363720543608,28.0
25.4,92.735,934.0,10.537203406802927,28.0
25.4,92.74,947.0,5.624839675183298,28.0
25.4,92.745,937.0,8.697149365003282,28.0
25.4,92.75,923.0,12.51864147468042,28.0
25.4,92.755,941.0,6.67592292471606,28.0
25.4,92.76,899.0,6.147248032686261,28.0
25.4,92.765,960.0,1.811248047327972,28.0
25.4,92.77,892.0,14.553557497859137,28.0
25.4,92.775,933.0,8.824258606545213,28.0
25.4,92.78,926.0,8.14812945516323,28.0
25.4,92.785,946.0,4.7140651095854516,28.0
25.4,92.79,961.0,4.163849943478467,28.0
25.4,92.795,960.0,3.837767974238014,28.0
25.4,92.8,930.0,16.253917058152773,28.0
25.4,92.805,831.0,16.91651608571675,28.0
25.4,92.81,831.0,16.389075025823413,28.0
25.4,92.815,793.0,23.09243561667001,28.0
25.4,92.82,771.0,7.7455377836318355,28.0
25.4,92.825,757.0,20.846265656650555,28.0
25.4,92.83,719.0,20.358857925542072,28.0
25.4,92.835,745.0,18.26288994219413,28.0
25.4,92.84,699.0,19.25354151275117,28.0
25.4,92.845,698.0,14.164976627383547,28.0
25.4,92.85,695.0,15.81191219488406,28.0
25.4,92.855,709.0,15.651730558256707,28.0
25.4,92.86,696.0,8.14812945516323,28.0
25.4,92.865,686.0,10.21937711459359,28.0
25.4,92.87,662.0,6.959412387152244,28.0
25.4,92.875,679.0,10.98810564233957,28.0
25.4,92.88,640.0,18.38760160290751,28.0
25.4,92.885,609.0,12.320128415332896,28.0
25.4,92.89,620.0,18.541977963997237,28.0
25.4,92.895,592.0,12.749851295121235,28.0
25.4,92.9,515.0,9.51604741998822,28.0
25.4,92.905,579.0,10.816005503945128,28.0
25.4,92.91,577.0,6.651732748715235,28.0
25.4,92.915,603.0,10.888076838622831,28.0
25.4,92.92,634.0,15.06995574963759,28.0
25.4,92.925,580.0,9.794256737807247,28.0
25.4,92.93,544.0,11.115261308548,28.0
25.4,92.935,547.0,13.186944047889988,28.0
25.4,92.94,471.0,14.06855543858456,28.0
25.4,92.945,394.0,4.883493424700951,28.0
25.4,92.95,193.0,20.140129120020216,28.0
25.4,92.955,315.0,15.988647909217685,28.0
25.4,92.96,307.0,25.411408337849295,28.0
25.4,92.965,209.0,18.33317422681741,28.0
25.4,92.97,307.0,12.604382648379184,28.0
25.4,92.975,278.0,15.52789294984244,28.0
25.4,92.98,385.0,4.9166653832101535,28.0
25.4,92.985,438.0,3.837767974238014,28.0
25.4,92.99,344.0,9.713320968615797,28.0
25.4,92.995,307.0,20.67446261282179,28.0
25.405,92.5,1011.0,3.3371107053581257,28.0
25.405,92.505,997.0,3.433630362450522,28.0
25.405,92.51,966.0,3.4808773532462083,28.0
25.405,92.515,934.0,7.662350300486558,28.0
25.405,92.52,916.0,3.2376881462291047,28.0
25.405,92.525,942.0,4.465877540190299,28.0
25.405,92.53,929.0,14.789083385427716,28.0
25.405,92.535,896.0,7.428549707571748,28.0
25.405,92.54,890.0,10.44746989776266,28.0
25.405,92.545,871.0,1.811248047327972,28.0
25.405,92.55,862.0,2.862405226111748,28.0
25.405,92.555,834.0,9.24597366655069,28.0
25.405,92.56,849.0,2.9189949338347145,28.0
25.405,92.565,858.0,17.890092279426646,28.0
25.405,92.57,930.0,8.530765609948133,28.0
25.405,92.575,1039.0,5.624839675183298,28.0
25.405,92.58,1011.0,10.142106156573984,28.0
25.405,92.585,930.0,10.21937711459359,28.0
25.405,92.59,873.0,8.660468233028292,28.0
25.405,92.595,818.0,2.429397114363021,28.0
25.405,92.6,817.0,8.284177231157289,28.0
25.405,92.605,827.0,10.743403801775962,28.0
25.405,92.61,803.0,7.493070705420571,28.0
25.405,92.615,829.0,6.959412387152244,28.0
25.405,92.62,843.0,6.959412387152244,28.0
25.405,92.625,787.0,6.302976451652821,28.0
25.405,92.63,761.0,2.429397114363021,28.0
25.405,92.635,749.0,2.429397114363021,28.0
25.405,92.64,746.0,5.7388854270937575,28.0
25.405,92.645,770.0,4.573921259900861,28.0
25.405,92.65,783.0,6.936247607063137,28.0
25.405,92.655,790.0,11.754735170671625,28.0
25.405,92.66,757.0,6.06783785083067,28.0
25.405,92.665,759.0,12.370093432433936,28.0
25.405,92.67,819.0,9.713320968615797,28.0
25.405,92.675,798.0,9.664408742578416,28.0
25.405,92.68,740.0,6.866265885252495,28.0
25.405,92.685,766.0,10.095435505303422,28.0
25.405,92.69,745.0,2.862405226111748,28.0
25.405,92.695,763.0,7.599333100622036,28.0
25.405,92.7,801.0,13.507014370466038,28.0
25.405,92.705,788.0,10.032841837324575,28.0
25.405,92.71,847.0,5.710593137499643,28.0
25.405,92.715,882.0,14.707665761328611,28.0
25.405,92.72,902.0,20.5275536180663,28.0
25.405,92.725,948.0,3.4808773532462083,28.0
25.405,92.73,949.0,4.3551096715835795,28.0
25.405,92.735,924.0,14.03624346792648,28.0
25.405,92.74,957.0,3.0824947102675178,28.0
25.405,92.745,938.0,10.21937711459359,28.0
25.405,92.75,916.0,11.648634944412732,28.0
25.405,92.755,916.0,10.095435505303422,28.0
25.405,92.76,926.0,12.206865139615095,28.0
25.405,92.765,968.0,14.615430541128886,28.0
25.405,92.77,965.0,6.379370208442804,28.0
25.405,92.775,946.0,5.419335736411587,28.0
25.405,92.78,951.0,7.641405059952685,28.0
25.405,92.785,951.0,5.822915528381649,28.0
25.405,92.79,947.0,2.560638973149915,28.0
25.405,92.795,952.0,4.124518139862882,28.0
25.405,92.8,888.0,6.379370208442803,28.0
25.405,92.805,889.0,17.890092279426646,28.0
25.405,92.81,875.0,10.265436734150176,28.0
25.405,92.815,916.0,21.106846658709145,28.0
25.405,92.82,892.0,14.03624346792648,28.0
25.405,92.825,922.0,8.824258606545213,28.0
25.405,92.83,890.0,4.044691235386269,28.0
25.405,92.835,817.0,5.142764557884242,28.0
25.405,92.84,740.0,13.37091809860972,28.0
25.405,92.845,751.0,4.609363720543608,28.0
25.405,92.85,746.0,7.9896532960303395,28.0
25.405,92.855,726.0,3.663718325999619,28.0
25.405,92.86,710.0,4.3551096715835795,28.0
25.405,92.865,726.0,8.660468233028292,28.0
25.405,92.87,644.0,4.465877540190299,28.0
25.405,92.875,569.0,8.14812945516323,28.0
25.405,92.88,565.0,10.743403801775962,28.0
25.405,92.885,555.0,6.2772984895975545,28.0
25.405,92.89,544.0,12.952764513375518,28.0
25.405,92.895,533.0,5.878250113590978,28.0
25.405,92.9,505.0,15.276593911816503,28.0
25.405,92.905,566.0,12.665224630685922,28.0
25.405,92.91,584.0,10.04852985013406,28.0
25.405,92.915,636.0,6.06783785083067,28.0
25.405,92.92,525.0,17.121890324478656,28.0
25.405,92.925,570.0,8.14812945516323,28.0
25.405,92.93,560.0,11.754735170671625,28.0
25.405,92.935,439.0,14.079306913753854,28.0
25.405,92.94,453.0,9.159824730595334,28.0
25.405,92.945,400.0,12.51864147468042,28.0
25.405,92.95,202.0,23.58500363276618,28.0
25.405,92.955,236.0,15.585195857538066,28.0
25.405,92.96,208.0,19.82702865340817,28.0
25.405,92.965,281.0,21.254691850269865,28.0
25.405,92.97,167.0,12.079616644827674,28.0
25.405,92.975,273.0,7.7455377836318355,28.0
25.405,92.98,274.0,13.949652246979396,28.0
25.405,92.985,331.0,9.761969244030082,28.0
25.405,92.99,319.0,5.710593137499643,28.0
25.405,92.995,308.0,27.68556441076604,28.0
25.41,92.5,1032.0,5.7388854270937575,28.0
25.41,92.505,1009.0,1.811248047327972,28.0
25.41,92.51,985.0,0.8102306720437776,28.0
25.41,92.515,952.0,4.883493424700951,28.0
25.41,92.52,955.0,3.2376881462291047,28.0
25.41,92.525,940.0,5.3893224751224,28.0
25.41,92.53,937.0,9.648045316098155,28.0
25.41,92.535,909.0,0.8102306720437776,28.0
25.41,92.54,881.0,11.648634944412732,28.0
25.41,92.545,883.0,5.142764557884242,28.0
25.41,92.55,880.0,9.449304906720505,28.0
25.41,92.555,862.0,9.51604741998822,28.0
25.41,92.56,890.0,9.24597366655069,28.0
25.41,92.565,913.0,7.7455377836318355,28.0
25.41,92.57,961.0,8.984876931685683,28.0
25.41,92.575,925.0,9.107717061395457,28.0
25.41,92.58,974.0,9.177123708952482,28.0
25.41,92.585,980.0,4.124518139862882,28.0
25.41,92.59,884.0,11.433146958125782,28.0
25.41,92.595,826.0,7.141919756273425,28.0
25.41,92.6,791.0,9.761969244030082,28.0
25.41,92.605,748.0,7.599333100622036,28.0
25.41,92.61,745.0,2.361028198348736,28.0
25.41,92.615,829.0,2.361028198348736,28.0
25.41,92.62,817.0,7.051280552921114,28.0
25.41,92.625,811.0,4.7140651095854516,28.0
25.41,92.63,801.0,6.936247607063137,28.0
25.41,92.635,748.0,3.433630362450522,28.0
25.41,92.64,773.0,2.0649342141827822,28.0
25.41,92.645,801.0,8.984876931685683,28.0
25.41,92.65,767.0,5.653572472774074,28.0
25.41,92.655,746.0,4.609363720543608,28.0
25.41,92.66,747.0,3.2376881462291047,28.0
25.41,92.665,734.0,4.3551096715835795,28.0
25.41,92.67,767.0,3.3371107053581257,28.0
25.41,92.675,746.0,6.147248032686261,28.0
25.41,92.68,802.0,7.2977186821765665,28.0
25.41,92.685,806.0,10.743403801775962,28.0
25.41,92.69,779.0,6.936247607063137,28.0
25.41,92.695,793.0,8.049466975528398,28.0
25.41,92.7,826.0,4.7140651095854516,28.0
25.41,92.705,782.0,4.465877540190299,28.0
25.41,92.71,818.0,8.605135268574712,28.0
25.41,92.715,940.0,10.34170762418876,28.0
25.41,92.72,964.0,4.883493424700951,28.0
25.41,92.725,952.0,7.9896532960303395,28.0
25.41,92.73,969.0,3.6188832299832416,28.0
25.41,92.735,945.0,4.7140651095854516,28.0
25.41,92.74,939.0,4.9166653832101535,28.0
25.41,92.745,913.0,15.198269477657098,28.0
25.41,92.75,910.0,9.177123708952482,28.0
25.41,92.755,910.0,10.44746989776266,28.0
25.41,92.76,903.0,6.866265885252495,28.0
25.41,92.765,939.0,5.710593137499643,28.0
25.41,92.77,967.0,1.280959113423653,28.0
25.41,92.775,955.0,2.429397114363021,28.0
25.41,92.78,959.0,6.147248032686261,28.0
25.41,92.785,964.0,3.4808773532462083,28.0
25.41,92.79,967.0,3.433630362450522,28.0
25.41,92.795,938.0,3.837767974238014,28.0
25.41,92.8,954.0,5.96026196814625,28.0
25.41,92.805,931.0,4.044691235386269,28.0
25.41,92.81,924.0,9.31427931090428,28.0
25.41,92.815,916.0,5.3893224751224,28.0
25.41,92.82,945.0,7.7455377836318355,28.0
25.41,92.825,932.0,5.7388854270937575,28.0
25.41,92.83,890.0,2.862405226111748,28.0
25.41,92.835,829.0,4.044691235386269,28.0
25.41,92.84,767.0,8.206727073997664,28.0
25.41,92.845,746.0,10.888076838622831,28.0
25.41,92.85,704.0,8.678829373950299,28.0
25.41,92.855,736.0,12.665224630685922,28.0
25.41,92.86,730.0,3.837767974238014,28.0
25.41,92.865,703.0,9.36515852576206,28.0
25.41,92.87,682.0,6.936247607063137,28.0
25.41,92.875,661.0,2.361028198348736,28.0
25.41,92.88,603.0,5.267518906840194,28.0
25.41,92.885,553.0,20.14701290275177,28.0
25.41,92.89,532.0,11.309932474020217,28.0
25.41,92.895,557.0,19.18025799623977,28.0
25.41,92.9,514.0,18.08168200491717,28.0
25.41,92.905,454.0,18.78558400320078,28.0
25.41,92.91,460.0,11.268529661509747,28.0
25.41,92.915,510.0,21.048602883337185,28.0
25.41,92.92,502.0,21.254691850269865,28.0
25.41,92.925,474.0,14.06855543858456,28.0
25.41,92.93,463.0,9.664408742578416,28.0
25.41,92.935,360.0,22.406871204937445,28.0
25.41,92.94,318.0,20.33169040453783,28.0
25.41,92.945,232.0,31.08966345175629,28.0
25.41,92.95,291.0,16.838697704135715,28.0
25.41,92.955,322.0,18.10544934292749,28.0
25.41,92.96,398.0,27.55230572581754,28.0
25.41,92.965,353.0,16.253917058152773,28.0
25.41,92.97,285.0,7.9896532960303395,28.0
25.41,92.975,157.0,4.609363720543608,28.0
25.41,92.98,279.0,17.121890324478656,28.0
25.41,92.985,292.0,5.142764557884242,28.0
25.41,92.99,280.0,14.207585688982292,28.0
25.41,92.995,215.0,4.004172940709388,28.0
25.415,92.5,1029.0,6.302976451652821,28.0
25.415,92.505,1027.0,4.3551096715835795,28.0
25.415,92.51,999.0,7.7455377836318355,28.0
25.415,92.515,974.0,3.0824947102675178,28.0
25.415,92.52,977.0,6.147248032686261,28.0
25.415,92.525,963.0,6.147248032686261,28.0
25.415,92.53,937.0,2.361028198348736,28.0
25.415,92.535,922.0,5.111089695288715,28.0
25.415,92.54,902.0,4.163849943478467,28.0
25.415,92.545,888.0,11.976725812374069,28.0
25.415,92.55,926.0,11.648634944412732,28.0
25.415,92.555,939.0,5.142764557884242,28.0
25.415,92.56,932.0,5.111089695288715,28.0
25.415,92.565,961.0,11.22695812387902,28.0
25.415,92.57,943.0,6.866265885252495,28.0
25.415,92.575,868.0,6.866265885252495,28.0
25.415,92.58,918.0,12.665224630685922,28.0
25.415,92.585,909.0,6.959412387152244,28.0
25.415,92.59,890.0,6.504634281949114,28.0
25.415,92.595,851.0,7.9896532960303395,28.0
25.415,92.6,778.0,6.147248032686261,28.0
25.415,92.605,742.0,8.14812945516323,28.0
25.415,92.61,750.0,3.4808773532462083,28.0
25.415,92.615,795.0,11.22695812387902,28.0
25.415,92.62,787.0,13.416459891104456,28.0
25.415,92.625,807.0,6.889675180467723,28.0
25.415,92.63,830.0,8.678829373950299,28.0
25.415,92.635,762.0,7.662350300486558,28.0
25.415,92.64,762.0,5.267518906840194,28.0
25.415,92.645,769.0,4.883493424700951,28.0
25.415,92.65,759.0,6.866265885252495,28.0
25.415,92.655,741.0,5.111089695288715,28.0
25.415,92.66,740.0,5.1742413701299474,28.0
25.415,92.665,757.0,9.31427931090428,28.0
25.415,92.67,733.0,5.7388854270937575,28.0
25.415,92.675,738.0,5.142764557884242,28.0
25.415,92.68,793.0,8.049466975528398,28.0
25.415,92.685,812.0,11.378567244391917,28.0
25.415,92.69,819.0,6.504634281949115,28.0
25.415,92.695,799.0,7.7455377836318355,28.0
25.415,92.7,845.0,1.811248047327972,28.0
25.415,92.705,818.0,5.878250113590978,28.0
25.415,92.71,797.0,2.361028198348736,28.0
25.415,92.715,871.0,14.738259624023955,28.0
25.415,92.72,971.0,2.862405226111748,28.0
25.415,92.725,971.0,2.560638973149915,28.0
25.415,92.73,952.0,4.044691235386269,28.0
25.415,92.735,950.0,10.095435505303422,28.0
25.415,92.74,944.0,7.428549707571748,28.0
25.415,92.745,923.0,7.141919756273425,28.0
25.415,92.75,921.0,7.209120586689089,28.0
25.415,92.755,926.0,2.429397114363021,28.0
25.415,92.76,918.0,10.032841837324575,28.0
25.415,92.765,936.0,10.21937711459359,28.0
25.415,92.77,973.0,11.446746863908654,28.0
25.415,92.775,968.0,5.267518906840194,28.0
25.415,92.78,967.0,6.504634281949114,28.0
25.415,92.785,972.0,5.267518906840194,28.0
25.415,92.79,926.0,5.96026196814625,28.0
25.415,92.795,952.0,2.2906100426385296,28.0
25.415,92.8,948.0,4.609363720543608,28.0
25.415,92.805,956.0,2.361028198348736,28.0
25.415,92.81,957.0,5.111089695288715,28.0
25.415,92.815,966.0,5.1742413701299474,28.0
25.415,92.82,919.0,13.59687524180116,28.0
25.415,92.825,910.0,13.9061215425325,28.0
25.415,92.83,864.0,8.842258533397425,28.0
25.415,92.835,868.0,7.428549707571748,28.0
25.415,92.84,792.0,14.57421619803874,28.0
25.415,92.845,779.0,10.21937711459359,28.0
25.415,92.85,729.0,11.963794805286303,28.0
25.415,92.855,683.0,4.7140651095854516,28.0
25.415,92.86,734.0,8.089084126141794,28.0
25.415,92.865,652.0,6.147248032686261,28.0
25.415,92.87,622.0,9.794256737807247,28.0
25.415,92.875,653.0,2.2906100426385296,28.0
25.415,92.88,615.0,7.428549707571748,28.0
25.415,92.885,614.0,3.433630362450522,28.0
25.415,92.89,605.0,7.051280552921114,28.0
25.415,92.895,574.0,10.743403801775962,28.0
25.415,92.9,499.0,11.309932474020217,28.0
25.415,92.905,436.0,27.141502262185657,28.0
25.415,92.91,423.0,9.761969244030082,28.0
25.415,92.915,495.0,11.446746863908654,28.0
25.415,92.92,477.0,16.253917058152773,28.0
25.415,92.925,406.0,16.089894054824914,28.0
25.415,92.93,365.0,2.862405226111748,28.0
25.415,92.935,283.0,18.541977963997237,28.0
25.415,92.94,363.0,18.26288994219413,28.0
25.415,92.945,403.0,11.859779120947978,28.0
25.415,92.95,435.0,20.473776079507815,28.0
25.415,92.955,361.0,8.984876931685683,28.0
25.415,92.96,274.0,23.239566497270467,28.0
25.415,92.965,207.0,10.402286577822323,28.0
25.415,92.97,203.0,20.311282505000214,28.0
25.415,92.975,217.0,21.30578361782877,28.0
25.415,92.98,328.0,5.710593137499643,28.0
25.415,92.985,240.0,8.398938982096263,28.0
25.415,92.99,153.0,6.651732748715235,28.0
25.415,92.995,155.0,14.207585688982292,28.0
25.42,92.5,1045.0,2.560638973149915,28.0
25.42,92.505,1011.0,5.7388854270937575,28.0
25.42,92.51,1015.0,7.662350300486558,28.0
25.42,92.515,1021.0,9.107717061395457,28.0
25.42,92.52,991.0,1.811248047327972,28.0
25.42,92.525,965.0,5.142764557884242,28.0
25.42,92.53,944.0,6.379370208442803,28.0
25.42,92.535,890.0,28.950169473762767,28.0
25.42,92.54,905.0,4.044691235386269,28.0
25.42,92.545,880.0,5.111089695288715,28.0
25.42,92.55,908.0,3.6188832299832416,28.0
25.42,92.555,936.0,6.889675180467723,28.0
25.42,92.56,945.0,9.24597366655069,28.0
25.42,92.565,904.0,5.822915528381649,28.0
25.42,92.57,913.0,1.811248047327972,28.0
25.42,92.575,868.0,5.111089695288715,28.0
25.42,92.58,830.0,11.963794805286303,28.0
25.42,92.585,860.0,4.3551096715835795,28.0
25.42,92.59,853.0,9.245973666550688,28.0
25.42,92.595,843.0,7.40691212849523,28.0
25.42,92.6,783.0,6.147248032686261,28.0
25.42,92.605,744.0,4.163849943478467,28.0
25.42,92.61,759.0,4.850090156191999,28.0
25.42,92.615,753.0,8.878141907487027,28.0
25.42,92.62,753.0,10.931069451588014,28.0
25.42,92.625,762.0,8.878141907487027,28.0
25.42,92.63,783.0,5.878250113590978,28.0
25.42,92.635,747.0,2.9189949338347145,28.0
25.42,92.64,751.0,1.811248047327972,28.0
25.42,92.645,755.0,2.0649342141827822,28.0
25.42,92.65,742.0,4.044691235386269,28.0
25.42,92.655,744.0,1.6201374245654556,28.0
25.42,92.66,761.0,9.697046418543986,28.0
25.42,92.665,771.0,6.84277341263094,28.0
25.42,92.67,761.0,4.609363720543608,28.0
25.42,92.675,790.0,3.4808773532462083,28.0
25.42,92.68,765.0,8.678829373950299,28.0
25.42,92.685,764.0,4.7140651095854516,28.0
25.42,92.69,771.0,10.21937711459359,28.0
25.42,92.695,792.0,11.268529661509747,28.0
25.42,92.7,806.0,6.651732748715235,28.0
25.42,92.705,832.0,8.697149365003282,28.0
25.42,92.71,815.0,0.5729386976834859,28.0
25.42,92.715,832.0,8.530765609948133,28.0
25.42,92.72,966.0,3.4808773532462083,28.0
25.42,92.725,952.0,7.909161066980582,28.0
25.42,92.73,963.0,4.3551096715835795,28.0
25.42,92.735,928.0,2.862405226111748,28.0
25.42,92.74,890.0,8.605135268574712,28.0
25.42,92.745,940.0,2.9189949338347145,28.0
25.42,92.75,941.0,6.06783785083067,28.0
25.42,92.755,929.0,5.878250113590978,28.0
25.42,92.76,930.0,3.6188832299832416,28.0
25.42,92.765,922.0,6.06783785083067,28.0
25.42,92.77,912.0,13.336644515520948,28.0
25.42,92.775,842.0,30.290194899487297,28.0
25.42,92.78,686.0,20.385976479920775,28.0
25.42,92.785,786.0,23.245198159247774,28.0
25.42,92.79,889.0,12.079616644827674,28.0
25.42,92.795,916.0,14.37654823502028,28.0
25.42,92.8,954.0,1.811248047327972,28.0
25.42,92.805,956.0,2.9189949338347145,28.0
25.42,92.81,963.0,10.98810564233957,28.0
25.42,92.815,915.0,5.111089695288715,28.0
25.42,92.82,852.0,5.267518906840194,28.0
25.42,92.825,854.0,18.13707730871511,28.0
25.42,92.83,845.0,8.896025825607326,28.0
25.42,92.835,826.0,2.0649342141827822,28.0
25.42,92.84,839.0,1.7183580016554572,28.0
25.42,92.845,794.0,4.124518139862882,28.0
25.42,92.85,751.0,14.164976627383547,28.0
25.42,92.855,647.0,13.507014370466038,28.0
25.42,92.86,692.0,1.6201374245654556,28.0
25.42,92.865,619.0,15.960899862035443,28.0
25.42,92.87,509.0,8.878141907487027,28.0
25.42,92.875,567.0,22.36524583480084,28.0
25.42,92.88,647.0,3.3371107053581257,28.0
25.42,92.885,635.0,6.889675180467723,28.0
25.42,92.89,602.0,5.878250113590978,28.0
25.42,92.895,576.0,10.032841837324575,28.0
25.42,92.9,563.0,8.54942232101196,28.0
25.42,92.905,551.0,3.837767974238014,28.0
25.42,92.91,492.0,17.257119157898394,28.0
25.42,92.915,375.0,16.281058441520802,28.0
25.42,92.92,421.0,18.317585387347243,28.0
25.42,92.925,355.0,15.642246457208728,28.0
25.42,92.93,286.0,5.111089695288715,28.0
25.42,92.935,362.0,7.141919756273425,28.0
25.42,92.94,401.0,5.710593137499643,28.0
25.42,92.945,464.0,17.695861429122893,28.0
25.42,92.95,358.0,17.432620785390803,28.0
25.42,92.955,349.0,17.23186464707325,28.0
25.42,92.96,378.0,17.817569982561537,28.0
25.42,92.965,217.0,13.873369436070131,28.0
25.42,92.97,221.0,27.65556789684383,28.0
25.42,92.975,280.0,16.281058441520802,28.0
25.42,92.98,242.0,15.149071220451717,28.0
25.42,92.985,161.0,16.91651608571675,28.0
25.42,92.99,203.0,10.095435505303422,28.0
25.42,92.995,174.0,16.089894054824914,28.0
25.425,92.5,1043.0,4.609363720543608,28.0
25.425,92.505,1032.0,3.0824947102675178,28.0
25.425,92.51,991.0,2.361028198348736,28.0
25.425,92.515,978.0,9.92227370227362,28.0
25.425,92.52,966.0,0.5729386976834859,28.0
25.425,92.525,976.0,2.560638973149915,28.0
25.425,92.53,940.0,7.9293646872281585,28.0
25.425,92.535,813.0,16.61135092907738,28.0
25.425,92.54,887.0,3.2376881462291047,28.0
25.425,92.545,884.0,5.7388854270937575,28.0
25.425,92.55,854.0,9.664408742578416,28.0
25.425,92.555,931.0,3.837767974238014,28.0
25.425,92.56,907.0,8.605135268574712,28.0
25.425,92.565,859.0,4.883493424700951,28.0
25.425,92.57,805.0,10.640849616317048,28.0
25.425,92.575,844.0,12.51864147468042,28.0
25.425,92.58,809.0,11.378567244391917,28.0
25.425,92.585,815.0,13.12884614937404,28.0
25.425,92.59,872.0,7.909161066980582,28.0
25.425,92.595,843.0,8.45570253780166,28.0
25.425,92.6,808.0,6.147248032686261,28.0
25.425,92.605,747.0,4.609363720543608,28.0
25.425,92.61,752.0,3.663718325999619,28.0
25.425,92.615,793.0,5.3893224751224,28.0
25.425,92.62,765.0,5.142764557884242,28.0
25.425,92.625,749.0,2.9189949338347145,28.0
25.425,92.63,758.0,3.6188832299832416,28.0
25.425,92.635,738.0,2.9189949338347145,28.0
25.425,92.64,759.0,2.862405226111748,28.0
25.425,92.645,743.0,3.0824947102675178,28.0
25.425,92.65,741.0,3.6188832299832416,28.0
25.425,92.655,761.0,7.493070705420571,28.0
25.425,92.66,820.0,7.141919756273425,28.0
25.425,92.665,760.0,6.504634281949115,28.0
25.425,92.67,772.0,4.3551096715835795,28.0
25.425,92.675,810.0,5.1742413701299474,28.0
25.425,92.68,767.0,7.40691212849523,28.0
25.425,92.685,768.0,5.653572472774074,28.0
25.425,92.69,750.0,5.267518906840194,28.0
25.425,92.695,795.0,6.889675180467723,28.0
25.425,92.7,808.0,10.640849616317048,28.0
25.425,92.705,840.0,3.3371107053581257,28.0
25.425,92.71,835.0,4.883493424700951,28.0
25.425,92.715,807.0,8.14812945516323,28.0
25.425,92.72,848.0,16.838697704135715,28.0
25.425,92.725,959.0,4.124518139862882,28.0
25.425,92.73,912.0,3.0824947102675178,28.0
25.425,92.735,937.0,10.98810564233957,28.0
25.425,92.74,930.0,10.640849616317048,28.0
25.425,92.745,954.0,1.811248047327972,28.0
25.425,92.75,929.0,6.2772984895975545,28.0
25.425,92.755,934.0,4.9166653832101535,28.0
25.425,92.76,943.0,2.9189949338347145,28.0
25.425,92.765,946.0,2.2906100426385296,28.0
25.425,92.77,802.0,21.100386082393715,28.0
25.425,92.775,622.0,19.28275254686276,28.0
25.425,92.78,555.0,6.936247607063137,28.0
25.425,92.785,627.0,9.92227370227362,28.0
25.425,92.79,675.0,21.363059243617435,28.0
25.425,92.795,761.0,34.99476664794011,28.0
25.425,92.8,930.0,4.3551096715835795,28.0
25.425,92.805,946.0,1.1457628381751035,28.0
25.425,92.81,894.0,5.111089695288715,28.0
25.425,92.815,875.0,8.45570253780166,28.0
25.425,92.82,771.0,12.419832137022013,28.0
25.425,92.825,707.0,17.248706122708775,28.0
25.425,92.83,738.0,31.3145935011556,28.0
25.425,92.835,792.0,10.21937711459359,28.0
25.425,92.84,817.0,2.862405226111748,28.0
25.425,92.845,767.0,6.379370208442803,28.0
25.425,92.85,753.0,3.6188832299832416,28.0
25.425,92.855,712.0,8.206727073997664,28.0
25.425,92.86,633.0,9.398914043719726,28.0
25.425,92.865,555.0,17.382703987116226,28.0
25.425,92.87,426.0,17.874008470120444,28.0
25.425,92.875,543.0,16.398037117968236,28.0
25.425,92.88,605.0,15.217895698464046,28.0
25.425,92.885,628.0,3.663718325999619,28.0
25.425,92.89,609.0,7.40691212849523,28.0
25.425,92.895,591.0,4.7140651095854516,28.0
25.425,92.9,523.0,15.537461076489713,28.0
25.425,92.905,428.0,13.093845922704302,28.0
25.425,92.91,462.0,16.734242254624238,28.0
25.425,92.915,416.0,15.72735540025082,28.0
25.425,92.92,418.0,13.895214125297697,28.0
25.425,92.925,398.0,18.845848864047166,28.0
25.425,92.93,449.0,8.984876931685683,28.0
25.425,92.935,400.0,12.382549217765357,28.0
25.425,92.94,457.0,11.22695812387902,28.0
25.425,92.945,491.0,7.662350300486558,28.0
25.425,92.95,414.0,21.28025901001372,28.0
25.425,92.955,459.0,12.156145050965591,28.0
25.425,92.96,396.0,10.537203406802927,28.0
25.425,92.965,289.0,5.142764557884242,28.0
25.425,92.97,218.0,12.066808999772697,28.0
25.425,92.975,161.0,9.31427931090428,28.0
25.425,92.98,293.0,17.874008470120444,28.0
25.425,92.985,311.0,6.379370208442803,28.0
25.425,92.99,224.0,11.446746863908654,28.0
25.425,92.995,146.0,6.06783785083067,28.0
25.43,92.5,1044.0,11.859779120947978,28.0
25.43,92.505,990.0,20.112562289669626,28.0
25.43,92.51,967.0,12.999985665815318,28.0
25.43,92.515,940.0,2.361028198348736,28.0
25.43,92.52,937.0,1.7183580016554572,28.0
25.43,92.525,932.0,9.648045316098155,28.0
25.43,92.53,920.0,5.822915528381649,28.0
25.43,92.535,810.0,25.48993404738799,28.0
25.43,92.54,880.0,2.0649342141827822,28.0
25.43,92.545,918.0,15.276593911816503,28.0
25.43,92.55,923.0,7.9293646872281585,28.0
25.43,92.555,895.0,7.662350300486558,28.0
25.43,92.56,820.0,3.6188832299832416,28.0
25.43,92.565,838.0,16.235792010273038,28.0
25.43,92.57,814.0,9.398914043719726,28.0
25.43,92.575,831.0,10.931069451588014,28.0
25.43,92.58,792.0,4.883493424700951,28.0
25.43,92.585,797.0,8.878141907487027,28.0
25.43,92.59,857.0,6.504634281949114,28.0
25.43,92.595,828.0,5.653572472774074,28.0
25.43,92.6,812.0,4.9166653832101535,28.0
25.43,92.605,739.0,4.044691235386269,28.0
25.43,92.61,767.0,1.6201374245654556,28.0
25.43,92.615,805.0,9.245973666550688,28.0
25.43,92.62,789.0,4.163849943478467,28.0
25.43,92.625,744.0,4.883493424700951,28.0
25.43,92.63,752.0,3.837767974238014,28.0
25.43,92.635,757.0,4.044691235386269,28.0
25.43,92.64,789.0,2.560638973149915,28.0
25.43,92.645,755.0,4.609363720543608,28.0
25.43,92.65,743.0,1.811248047327972,28.0
25.43,92.655,739.0,1.7183580016554572,28.0
25.43,92.66,800.0,10.21937711459359,28.0
25.43,92.665,801.0,4.465877540190299,28.0
25.43,92.67,773.0,7.9896532960303395,28.0
25.43,92.675,825.0,5.142764557884242,28.0
25.43,92.68,820.0,2.361028198348736,28.0
25.43,92.685,784.0,5.96026196814625,28.0
25.43,92.69,763.0,3.6188832299832416,28.0
25.43,92.695,766.0,7.209120586689089,28.0
25.43,92.7,795.0,9.648045316098155,28.0
25.43,92.705,844.0,7.909161066980582,28.0
25.43,92.71,810.0,8.896025825607326,28.0
25.43,92.715,825.0,8.284177231157289,28.0
25.43,92.72,872.0,9.51604741998822,28.0
25.43,92.725,952.0,6.147248032686261,28.0
25.43,92.73,946.0,6.504634281949114,28.0
25.43,92.735,942.0,11.527973042352134,28.0
25.43,92.74,939.0,19.20228160882196,28.0
25.43,92.745,953.0,2.429397114363021,28.0
25.43,92.75,941.0,10.581758987862388,28.0
25.43,92.755,861.0,22.221682529751497,28.0
25.43,92.76,809.0,15.651730558256707,28.0
25.43,92.765,756.0,16.496226513469395,28.0
25.43,92.77,690.0,18.13707730871511,28.0
25.43,92.775,557.0,8.089084126141794,28.0
25.43,92.78,487.0,6.959412387152244,28.0
25.43,92.785,558.0,7.428549707571748,28.0
25.43,92.79,602.0,14.910225469622969,28.0
25.43,92.795,641.0,21.40745975916796,28.0
25.43,92.8,816.0,24.317494136848023,28.0
25.43,92.805,936.0,11.115261308548,28.0
25.43,92.81,906.0,8.896025825607326,28.0
25.43,92.815,797.0,13.818582444029008,28.0
25.43,92.82,710.0,22.19762640166049,28.0
25.43,92.825,649.0,15.886617531931096,28.0
25.43,92.83,694.0,12.382549217765357,28.0
25.43,92.835,783.0,7.9896532960303395,28.0
25.43,92.84,757.0,11.19914909644824,28.0
25.43,92.845,789.0,7.599333100622036,28.0
25.43,92.85,752.0,5.1742413701299474,28.0
25.43,92.855,643.0,7.599333100622036,28.0
25.43,92.86,636.0,7.2977186821765665,28.0
25.43,92.865,441.0,12.407418527400743,28.0
25.43,92.87,333.0,16.91651608571675,28.0
25.43,92.875,524.0,16.94235714251686,28.0
25.43,92.88,633.0,11.794248902093369,28.0
25.43,92.885,579.0,13.279296233845615,28.0
25.43,92.89,560.0,14.54321520062608,28.0
25.43,92.895,501.0,9.9063692721155,28.0
25.43,92.9,481.0,15.06995574963759,28.0
25.43,92.905,498.0,18.78558400320078,28.0
25.43,92.91,521.0,15.06995574963759,28.0
25.43,92.915,544.0,17.391035938698558,28.0
25.43,92.92,520.0,11.364876967033675,28.0
25.43,92.925,429.0,12.156145050965591,28.0
25.43,92.93,478.0,6.06783785083067,28.0
25.43,92.935,448.0,1.280959113423653,28.0
25.43,92.94,439.0,8.530765609948133,28.0
25.43,92.945,460.0,21.100386082393715,28.0
25.43,92.95,418.0,21.048602883337185,28.0
25.43,92.955,332.0,9.664408742578416,28.0
25.43,92.96,308.0,16.540621739986666,28.0
25.43,92.965,237.0,15.651730558256704,28.0
25.43,92.97,286.0,13.507014370466038,28.0
25.43,92.975,345.0,12.370093432433936,28.0
25.43,92.98,258.0,17.720287776093915,28.0
25.43,92.985,237.0,14.880049387383034,28.0
25.43,92.99,223.0,11.446746863908654,28.0
25.43,92.995,171.0,12.713660915082892,28.0
25.435,92.5,944.0,7.40691212849523,28.0
25.435,92.505,931.0,2.0649342141827822,28.0
25.435,92.51,889.0,8.206727073997664,28.0
25.435,92.515,872.0,4.9166653832101535,28.0
25.435,92.52,858.0,6.866265885252495,28.0
25.435,92.525,836.0,12.456989292435246,28.0
25.435,92.53,800.0,17.257119157898394,28.0
25.435,92.535,789.0,8.049466975528398,28.0
25.435,92.54,805.0,7.599333100622036,28.0
25.435,92.545,818.0,8.842258533397425,28.0
25.435,92.55,850.0,4.609363720543608,28.0
25.435,92.555,850.0,18.457276769424013,28.0
25.435,92.56,851.0,6.936247607063137,28.0
25.435,92.565,791.0,4.044691235386269,28.0
25.435,92.57,784.0,0.5729386976834859,28.0
25.435,92.575,782.0,2.9189949338347145,28.0
25.435,92.58,790.0,3.663718325999619,28.0
25.435,92.585,802.0,10.931069451588014,28.0
25.435,92.59,850.0,4.883493424700951,28.0
25.435,92.595,794.0,7.7455377836318355,28.0
25.435,92.6,748.0,3.0824947102675178,28.0
25.435,92.605,746.0,4.163849943478467,28.0
25.435,92.61,748.0,6.379370208442804,28.0
25.435,92.615,795.0,5.624839675183298,28.0
25.435,92.62,801.0,8.049466975528398,28.0
25.435,92.625,742.0,6.866265885252495,28.0
25.435,92.63,742.0,4.044691235386269,28.0
25.435,92.635,743.0,1.811248047327972,28.0
25.435,92.64,791.0,7.40691212849523,28.0
25.435,92.645,756.0,8.896025825607326,28.0
25.435,92.65,772.0,3.6188832299832416,28.0
25.435,92.655,740.0,3.837767974238014,28.0
25.435,92.66,744.0,8.398938982096263,28.0
25.435,92.665,788.0,7.141919756273425,28.0
25.435,92.67,827.0,7.909161066980582,28.0
25.435,92.675,801.0,6.504634281949115,28.0
25.435,92.68,798.0,14.553557497859137,28.0
25.435,92.685,755.0,4.9166653832101535,28.0
25.435,92.69,784.0,5.96026196814625,28.0
25.435,92.695,797.0,2.0649342141827822,28.0
25.435,92.7,801.0,2.2906100426385296,28.0
25.435,92.705,807.0,9.177123708952482,28.0
25.435,92.71,852.0,5.267518906840194,28.0
25.435,92.715,833.0,7.051280552921114,28.0
25.435,92.72,902.0,10.757967088390004,28.0
25.435,92.725,950.0,2.0649342141827822,28.0
25.435,92.73,932.0,13.14048922592315,28.0
25.435,92.735,941.0,8.842258533397425,28.0
25.435,92.74,971.0,5.267518906840194,28.0
25.435,92.745,955.0,19.18025799623977,28.0
25.435,92.75,811.0,9.24597366655069,28.0
25.435,92.755,712.0,9.9063692721155,28.0
25.435,92.76,679.0,13.71932671241174,28.0
25.435,92.765,623.0,8.530765609948133,28.0
25.435,92.77,578.0,13.774570975668132,28.0
25.435,92.775,501.0,13.873369436070131,28.0
25.435,92.78,432.0,4.9166653832101535,28.0
25.435,92.785,493.0,13.540792726885435,28.0
25.435,92.79,477.0,12.964588174052748,28.0
25.435,92.795,616.0,13.60805977475334,28.0
25.435,92.8,775.0,18.13707730871511,28.0
25.435,92.805,886.0,25.64585580838865,28.0
25.435,92.81,816.0,22.926696049813323,28.0
25.435,92.815,687.0,20.547670913358743,28.0
25.435,92.82,510.0,12.206865139615095,28.0
25.435,92.825,586.0,22.460227326172323,28.0
25.435,92.83,681.0,4.465877540190299,28.0
25.435,92.835,668.0,8.824258606545213,28.0
25.435,92.84,758.0,25.21839447028755,28.0
25.435,92.845,772.0,11.872836754121412,28.0
25.435,92.85,745.0,7.9896532960303395,28.0
25.435,92.855,664.0,5.878250113590978,28.0
25.435,92.86,513.0,20.001783914715947,28.0
25.435,92.865,398.0,22.101028844856764,28.0
25.435,92.87,265.0,7.209120586689089,28.0
25.435,92.875,354.0,23.7331216031099,28.0
25.435,92.88,443.0,29.205932247399417,28.0
25.435,92.885,616.0,1.6201374245654556,28.0
25.435,92.89,539.0,6.959412387152244,28.0
25.435,92.895,566.0,12.665224630685922,28.0
25.435,92.9,544.0,17.35767803462991,28.0
25.435,92.905,550.0,14.302914425322813,28.0
25.435,92.91,520.0,2.560638973149915,28.0
25.435,92.915,573.0,18.778033222445544,28.0
25.435,92.92,476.0,18.041980981737503,28.0
25.435,92.925,534.0,10.537203406802927,28.0
25.435,92.93,545.0,11.527973042352134,28.0
25.435,92.935,402.0,10.402286577822323,28.0
25.435,92.94,429.0,7.9896532960303395,28.0
25.435,92.945,360.0,16.838697704135715,28.0
25.435,92.95,426.0,14.28179453796326,28.0
25.435,92.955,362.0,7.428549707571748,28.0
25.435,92.96,303.0,9.159824730595334,28.0
25.435,92.965,238.0,13.674945403795036,28.0
25.435,92.97,334.0,20.413046273156503,28.0
25.435,92.975,291.0,11.19914909644824,28.0
25.435,92.98,288.0,13.585680087733436,28.0
25.435,92.985,284.0,16.253917058152773,28.0
25.435,92.99,218.0,11.872836754121412,28.0
25.435,92.995,186.0,21.40745975916796,28.0
25.44,92.5,943.0,8.605135268574712,28.0
25.44,92.505,929.0,1.280959113423653,28.0
25.44,92.51,904.0,4.7140651095854516,28.0
25.44,92.515,879.0,18.26288994219413,28.0
25.44,92.52,854.0,13.14048922592315,28.0
25.44,92.525,859.0,2.560638973149915,28.0
25.44,92.53,838.0,2.9189949338347145,28.0
25.44,92.535,829.0,7.493070705420571,28.0
25.44,92.54,815.0,2.2906100426385296,28.0
25.44,92.545,792.0,15.877302622696872,28.0
25.44,92.55,820.0,7.141919756273425,28.0
25.44,92.555,763.0,6.302976451652821,28.0
25.44,92.56,758.0,5.878250113590978,28.0
25.44,92.565,804.0,1.811248047327972,28.0
25.44,92.57,814.0,6.959412387152244,28.0
25.44,92.575,783.0,3.837767974238014,28.0
25.44,92.58,778.0,1.1457628381751035,28.0
25.44,92.585,806.0,5.267518906840194,28.0
25.44,92.59,824.0,10.04852985013406,28.0
25.44,92.595,815.0,6.379370208442803,28.0
25.44,92.6,780.0,9.159824730595334,28.0
25.44,92.605,740.0,5.111089695288715,28.0
25.44,92.61,739.0,2.429397114363021,28.0
25.44,92.615,746.0,7.2977186821765665,28.0
25.44,92.62,810.0,6.504634281949114,28.0
25.44,92.625,768.0,6.173484200727683,28.0
25.44,92.63,758.0,5.624839675183298,28.0
25.44,92.635,766.0,4.3551096715835795,28.0
25.44,92.64,770.0,8.605135268574712,28.0
25.44,92.645,818.0,9.245973666550688,28.0
25.44,92.65,811.0,3.3371107053581257,28.0
25.44,92.655,757.0,3.433630362450522,28.0
25.44,92.66,780.0,6.936247607063137,28.0
25.44,92.665,765.0,10.417371405393052,28.0
25.44,92.67,803.0,5.710593137499643,28.0
25.44,92.675,798.0,7.40691212849523,28.0
25.44,92.68,797.0,4.883493424700951,28.0
25.44,92.685,757.0,5.96026196814625,28.0
25.44,92.69,782.0,6.2772984895975545,28.0
25.44,92.695,764.0,5.710593137499643,28.0
25.44,92.7,782.0,4.3551096715835795,28.0
25.44,92.705,774.0,11.794248902093369,28.0
25.44,92.71,793.0,9.159824730595334,28.0
25.44,92.715,820.0,5.624839675183298,28.0
25.44,92.72,828.0,7.428549707571748,28.0
25.44,92.725,965.0,5.710593137499643,28.0
25.44,92.73,945.0,7.599333100622036,28.0
25.44,92.735,931.0,6.302976451652821,28.0
25.44,92.74,805.0,14.334526006829275,28.0
25.44,92.745,804.0,2.862405226111748,28.0
25.44,92.75,682.0,12.869652430655464,28.0
25.44,92.755,614.0,4.7140651095854516,28.0
25.44,92.76,531.0,8.284177231157289,28.0
25.44,92.765,574.0,8.089084126141794,28.0
25.44,92.77,579.0,12.51864147468042,28.0
25.44,92.775,496.0,9.159824730595334,28.0
25.44,92.78,440.0,4.124518139862882,28.0
25.44,92.785,436.0,12.066808999772697,28.0
25.44,92.79,563.0,10.888076838622831,28.0
25.44,92.795,671.0,11.976725812374069,28.0
25.44,92.8,753.0,4.044691235386269,28.0
25.44,92.805,655.0,18.38760160290751,28.0
25.44,92.81,541.0,15.383512936117317,28.0
25.44,92.815,559.0,16.208558038649098,28.0
25.44,92.82,475.0,8.896025825607326,28.0
25.44,92.825,449.0,14.707665761328611,28.0
25.44,92.83,592.0,23.171829876153083,28.0
25.44,92.835,667.0,15.72735540025082,28.0
25.44,92.84,738.0,15.802543980364272,28.0
25.44,92.845,686.0,33.18112669516803,28.0
25.44,92.85,568.0,22.36524583480084,28.0
25.44,92.855,462.0,23.879876253764905,28.0
25.44,92.86,401.0,18.207983774890597,28.0
25.44,92.865,359.0,8.984876931685683,28.0
25.44,92.87,252.0,6.2772984895975545,28.0
25.44,92.875,278.0,3.6188832299832416,28.0
25.44,92.88,267.0,7.909161066980582,28.0
25.44,92.885,389.0,30.22424217767037,28.0
25.44,92.89,599.0,6.889675180467723,28.0
25.44,92.895,584.0,5.710593137499643,28.0
25.44,92.9,646.0,14.58453263822114,28.0
25.44,92.905,576.0,6.173484200727683,28.0
25.44,92.91,559.0,6.889675180467723,28.0
25.44,92.915,516.0,7.253560723066103,28.0
25.44,92.92,551.0,8.54942232101196,28.0
25.44,92.925,535.0,6.866265885252495,28.0
25.44,92.93,461.0,15.109575122340466,28.0
25.44,92.935,364.0,5.267518906840194,28.0
25.44,92.94,334.0,7.493070705420571,28.0
25.44,92.945,379.0,14.789083385427716,28.0
25.44,92.95,335.0,15.119460665411571,28.0
25.44,92.955,380.0,5.624839675183298,28.0
25.44,92.96,425.0,12.749851295121235,28.0
25.44,92.965,343.0,10.44746989776266,28.0
25.44,92.97,315.0,18.80821273217334,28.0
25.44,92.975,247.0,7.9896532960303395,28.0
25.44,92.98,298.0,15.585195857538066,28.0
25.44,92.985,284.0,10.581758987862388,28.0
25.44,92.99,294.0,8.984876931685683,28.0
25.44,92.995,182.0,10.98810564233957,28.0
25.445,92.5,953.0,9.159824730595334,28.0
25.445,92.505,939.0,4.883493424700951,28.0
25.445,92.51,914.0,4.163849943478467,28.0
25.445,92.515,905.0,4.9166653832101535,28.0
25.445,92.52,896.0,8.049466975528398,28.0
25.445,92.525,864.0,1.280959113423653,28.0
25.445,92.53,845.0,4.3551096715835795,28.0
25.445,92.535,837.0,4.9166653832101535,28.0
25.445,92.54,790.0,10.98810564233957,28.0
25.445,92.545,789.0,4.3551096715835795,28.0
25.445,92.55,831.0,1.811248047327972,28.0
25.445,92.555,773.0,10.04852985013406,28.0
25.445,92.56,740.0,9.159824730595334,28.0
25.445,92.565,758.0,4.465877540190299,28.0
25.445,92.57,812.0,3.0824947102675178,28.0
25.445,92.575,807.0,2.862405226111748,28.0
25.445,92.58,784.0,2.2906100426385296,28.0
25.445,92.585,775.0,1.280959113423653,28.0
25.445,92.59,797.0,2.862405226111748,28.0
25.445,92.595,761.0,10.402286577822323,28.0
25.445,92.6,749.0,5.267518906840194,28.0
25.445,92.605,744.0,3.0824947102675178,28.0
25.445,92.61,798.0,4.163849943478467,28.0
25.445,92.615,786.0,3.663718325999619,28.0
25.445,92.62,813.0,5.822915528381649,28.0
25.445,92.625,828.0,10.142106156573984,28.0
25.445,92.63,776.0,7.7455377836318355,28.0
25.445,92.635,806.0,10.34170762418876,28.0
25.445,92.64,829.0,11.323696238973891,28.0
25.445,92.645,852.0,7.662350300486558,28.0
25.445,92.65,810.0,7.662350300486558,28.0
25.445,92.655,779.0,8.54942232101196,28.0
25.445,92.66,794.0,7.428549707571748,28.0
25.445,92.665,794.0,6.06783785083067,28.0
25.445,92.67,762.0,10.743403801775962,28.0
25.445,92.675,761.0,10.34170762418876,28.0
25.445,92.68,790.0,6.454830247455114,28.0
25.445,92.685,771.0,3.4808773532462083,28.0
25.445,92.69,751.0,10.743403801775962,28.0
25.445,92.695,780.0,4.465877540190299,28.0
25.445,92.7,737.0,10.581758987862388,28.0
25.445,92.705,731.0,9.761969244030082,28.0
25.445,92.71,787.0,13.336644515520948,28.0
25.445,92.715,824.0,4.609363720543608,28.0
25.445,92.72,844.0,9.36515852576206,28.0
25.445,92.725,827.0,8.896025825607326,28.0
25.445,92.73,885.0,21.61506814734454,28.0
25.445,92.735,874.0,16.742977650935924,28.0
25.445,92.74,711.0,19.91815725240767,28.0
25.445,92.745,638.0,12.419832137022013,28.0
25.445,92.75,635.0,4.9166653832101535,28.0
25.445,92.755,566.0,8.049466975528398,28.0
25.445,92.76,497.0,6.06783785083067,28.0
25.445,92.765,497.0,10.21937711459359,28.0
25.445,92.77,544.0,8.984876931685683,28.0
25.445,92.775,491.0,7.253560723066103,28.0
25.445,92.78,424.0,12.773913615584416,28.0
25.445,92.785,422.0,13.540792726885435,28.0
25.445,92.79,564.0,7.9896532960303395,28.0
25.445,92.795,660.0,6.173484200727683,28.0
25.445,92.8,629.0,10.888076838622831,28.0
25.445,92.805,546.0,9.92227370227362,28.0
25.445,92.81,454.0,16.976735987066444,28.0
25.445,92.815,433.0,12.713660915082892,28.0
25.445,92.82,376.0,12.964588174052748,28.0
25.445,92.825,484.0,9.761969244030082,28.0
25.445,92.83,629.0,15.06995574963759,28.0
25.445,92.835,600.0,22.44246215398312,28.0
25.445,92.84,546.0,21.254691850269865,28.0
25.445,92.845,450.0,9.92227370227362,28.0
25.445,92.85,396.0,7.7455377836318355,28.0
25.445,92.855,356.0,11.963794805286303,28.0
25.445,92.86,316.0,5.822915528381649,28.0
25.445,92.865,265.0,7.2977186821765665,28.0
25.445,92.87,322.0,12.00254108984283,28.0
25.445,92.875,279.0,12.665224630685922,28.0
25.445,92.88,240.0,5.96026196814625,28.0
25.445,92.885,344.0,21.60256511465476,28.0
25.445,92.89,556.0,9.6316519614038,28.0
25.445,92.895,587.0,16.253917058152773,28.0
25.445,92.9,543.0,15.198269477657098,28.0
25.445,92.905,545.0,17.849848259878947,28.0
25.445,92.91,481.0,11.963794805286303,28.0
25.445,92.915,550.0,10.142106156573984,28.0
25.445,92.92,485.0,8.697149365003282,28.0
25.445,92.925,425.0,15.72735540025082,28.0
25.445,92.93,427.0,22.87490363679849,28.0
25.445,92.935,442.0,15.52789294984244,28.0
25.445,92.94,407.0,19.40625475131371,28.0
25.445,92.945,305.0,12.079616644827674,28.0
25.445,92.95,274.0,3.4808773532462083,28.0
25.445,92.955,312.0,14.57421619803874,28.0
25.445,92.96,340.0,13.093845922704302,28.0
25.445,92.965,334.0,12.999985665815318,28.0
25.445,92.97,299.0,15.585195857538066,28.0
25.445,92.975,282.0,18.13707730871511,28.0
25.445,92.98,314.0,18.84584886404717,28.0
25.445,92.985,349.0,4.3551096715835795,28.0
25.445,92.99,311.0,14.03624346792648,28.0
25.445,92.995,294.0,8.660468233028292,28.0
25.45,92.5,961.0,2.429397114363021,28.0
25.45,92.505,928.0,8.14812945516323,28.0
25.45,92.51,931.0,1.6201374245654556,28.0
25.45,92.515,916.0,3.4808773532462083,28.0
25.45,92.52,898.0,5.3893224751224,28.0
25.45,92.525,869.0,2.361028198348736,28.0
25.45,92.53,860.0,5.710593137499643,28.0
25.45,92.535,843.0,5.710593137499643,28.0
25.45,92.54,804.0,24.317494136848023,28.0
25.45,92.545,803.0,0.5729386976834859,28.0
25.45,92.55,809.0,10.98810564233957,28.0
25.45,92.555,800.0,2.9189949338347145,28.0
25.45,92.56,742.0,4.609363720543608,28.0
25.45,92.565,735.0,4.573921259900861,28.0
25.45,92.57,826.0,4.124518139862882,28.0
25.45,92.575,813.0,8.824258606545213,28.0
25.45,92.58,803.0,0.8102306720437776,28.0
25.45,92.585,796.0,12.51864147468042,28.0
25.45,92.59,761.0,6.504634281949115,28.0
25.45,92.595,772.0,7.2977186821765665,28.0
25.45,92.6,737.0,2.560638973149915,28.0
25.45,92.605,756.0,7.253560723066103,28.0
25.45,92.61,808.0,7.253560723066103,28.0
25.45,92.615,816.0,9.664408742578416,28.0
25.45,92.62,794.0,7.141919756273425,28.0
25.45,92.625,825.0,11.115261308548,28.0
25.45,92.63,788.0,3.6188832299832416,28.0
25.45,92.635,818.0,10.98810564233957,28.0
25.45,92.64,823.0,4.163849943478467,28.0
25.45,92.645,839.0,9.9063692721155,28.0
25.45,92.65,786.0,7.40691212849523,28.0
25.45,92.655,765.0,6.959412387152244,28.0
25.45,92.66,823.0,1.6201374245654556,28.0
25.45,92.665,818.0,0.8102306720437776,28.0
25.45,92.67,739.0,9.9063692721155,28.0
25.45,92.675,667.0,4.609363720543608,28.0
25.45,92.68,704.0,9.92227370227362,28.0
25.45,92.685,716.0,8.678829373950299,28.0
25.45,92.69,670.0,6.379370208442804,28.0
25.45,92.695,693.0,11.309932474020217,28.0
25.45,92.7,661.0,4.465877540190299,28.0
25.45,92.705,721.0,7.2977186821765665,28.0
25.45,92.71,705.0,8.678829373950299,28.0
25.45,92.715,732.0,7.662350300486558,28.0
25.45,92.72,802.0,12.964588174052748,28.0
25.45,92.725,735.0,14.57421619803874,28.0
25.45,92.73,816.0,12.206865139615095,28.0
25.45,92.735,826.0,12.845793720311368,28.0
25.45,92.74,674.0,8.049466975528398,28.0
25.45,92.745,580.0,10.203973721731684,28.0
25.45,92.75,552.0,16.496226513469395,28.0
25.45,92.755,548.0,9.159824730595334,28.0
25.45,92.76,527.0,7.2977186821765665,28.0
25.45,92.765,475.0,3.837767974238014,28.0
25.45,92.77,484.0,12.079616644827674,28.0
25.45,92.775,436.0,10.44746989776266,28.0
25.45,92.78,384.0,6.866265885252495,28.0
25.45,92.785,464.0,11.157292128087049,28.0
25.45,92.79,573.0,8.660468233028292,28.0
25.45,92.795,601.0,13.518284623129588,28.0
25.45,92.8,563.0,4.044691235386269,28.0
25.45,92.805,499.0,24.014568349585662,28.0
25.45,92.81,400.0,9.761969244030082,28.0
25.45,92.815,353.0,7.428549707571748,28.0
25.45,92.82,432.0,12.382549217765357,28.0
25.45,92.825,511.0,10.21937711459359,28.0
25.45,92.83,515.0,5.710593137499643,28.0
25.45,92.835,488.0,13.59687524180116,28.0
25.45,92.84,450.0,14.789083385427716,28.0
25.45,92.845,392.0,8.896025825607326,28.0
25.45,92.85,336.0,12.84579372031137,28.0
25.45,92.855,301.0,13.37091809860972,28.0
25.45,92.86,319.0,8.678829373950299,28.0
25.45,92.865,362.0,19.528728546210285,28.0
25.45,92.87,480.0,3.0824947102675178,28.0
25.45,92.875,320.0,11.115261308548,28.0
25.45,92.88,227.0,9.664408742578416,28.0
25.45,92.885,279.0,9.648045316098155,28.0
25.45,92.89,440.0,22.311564128231236,28.0
25.45,92.895,418.0,16.777863072020835,28.0
25.45,92.9,452.0,21.727142230503578,28.0
25.45,92.905,497.0,26.118991521091676,28.0
25.45,92.91,421.0,21.954998832237575,28.0
25.45,92.915,550.0,16.235792010273038,28.0
25.45,92.92,511.0,15.877302622696872,28.0
25.45,92.925,431.0,21.5273333260243,28.0
25.45,92.93,450.0,15.56612306257827,28.0
25.45,92.935,414.0,10.873704491297854,28.0
25.45,92.94,366.0,12.964588174052748,28.0
25.45,92.945,318.0,8.678829373950299,28.0
25.45,92.95,374.0,7.9293646872281585,28.0
25.45,92.955,252.0,22.531087197569885,28.0
25.45,92.96,352.0,5.267518906840194,28.0
25.45,92.965,334.0,2.2906100426385296,28.0
25.45,92.97,260.0,18.96563230023939,28.0
25.45,92.975,189.0,5.822915528381649,28.0
25.45,92.98,282.0,14.470575684643377,28.0
25.45,92.985,276.0,12.51864147468042,28.0
25.45,92.99,317.0,11.91191379484262,28.0
25.45,92.995,300.0,10.684933277782497,28.0
25.455,92.5,958.0,8.530765609948133,28.0
25.455,92.505,942.0,2.361028198348736,28.0
25.455,92.51,931.0,0.5729386976834859,28.0
25.455,92.515,921.0,4.7140651095854516,28.0
25.455,92.52,912.0,7.2977186821765665,28.0
25.455,92.525,888.0,5.267518906840194,28.0
25.455,92.53,859.0,7.9896532960303395,28.0
25.455,92.535,837.0,26.665582493525097,28.0
25.455,92.54,840.0,3.6188832299832416,28.0
25.455,92.545,803.0,20.33169040453783,28.0
25.455,92.55,803.0,4.044691235386269,28.0
25.455,92.555,761.0,5.419335736411587,28.0
25.455,92.56,726.0,5.419335736411587,28.0
25.455,92.565,731.0,2.862405226111748,28.0
25.455,92.57,801.0,16.208558038649098,28.0
25.455,92.575,808.0,3.6188832299832416,28.0
25.455,92.58,794.0,1.6201374245654556,28.0
25.455,92.585,775.0,1.280959113423653,28.0
25.455,92.59,748.0,5.3893224751224,28.0
25.455,92.595,741.0,4.609363720543608,28.0
25.455,92.6,746.0,2.0649342141827822,28.0
25.455,92.605,754.0,4.044691235386269,28.0
25.455,92.61,796.0,4.883493424700951,28.0
25.455,92.615,801.0,3.0824947102675178,28.0
25.455,92.62,768.0,4.609363720543608,28.0
25.455,92.625,750.0,0.5729386976834859,28.0
25.455,92.63,760.0,7.40691212849523,28.0
25.455,92.635,778.0,4.9166653832101535,28.0
25.455,92.64,796.0,5.822915528381649,28.0
25.455,92.645,844.0,6.147248032686261,28.0
25.455,92.65,837.0,3.837767974238014,28.0
25.455,92.655,829.0,4.883493424700951,28.0
25.455,92.66,781.0,8.605135268574712,28.0
25.455,92.665,758.0,12.117948587036471,28.0
25.455,92.67,696.0,7.7455377836318355,28.0
25.455,92.675,660.0,6.866265885252495,28.0
25.455,92.68,639.0,6.173484200727683,28.0
25.455,92.685,663.0,4.7140651095854516,28.0
25.455,92.69,648.0,6.2772984895975545,28.0
25.455,92.695,650.0,6.67592292471606,28.0
25.455,92.7,667.0,8.824258606545213,28.0
25.455,92.705,664.0,9.794256737807247,28.0
25.455,92.71,659.0,11.309932474020217,28.0
25.455,92.715,685.0,6.2772984895975545,28.0
25.455,92.72,691.0,8.896025825607326,28.0
25.455,92.725,672.0,8.824258606545213,28.0
25.455,92.73,766.0,7.428549707571748,28.0
25.455,92.735,820.0,8.984876931685683,28.0
25.455,92.74,705.0,10.04852985013406,28.0
25.455,92.745,591.0,6.84277341263094,28.0
25.455,92.75,499.0,4.883493424700951,28.0
25.455,92.755,457.0,3.4808773532462083,28.0
25.455,92.76,491.0,11.323696238973891,28.0
25.455,92.765,486.0,9.24597366655069,28.0
25.455,92.77,415.0,1.6201374245654556,28.0
25.455,92.775,441.0,6.936247607063137,28.0
25.455,92.78,387.0,14.28179453796326,28.0
25.455,92.785,456.0,8.284177231157289,28.0
25.455,92.79,458.0,8.45570253780166,28.0
25.455,92.795,490.0,10.04852985013406,28.0
25.455,92.8,572.0,9.449304906720505,28.0
25.455,92.805,458.0,14.366056176200178,28.0
25.455,92.81,371.0,5.653572472774074,28.0
25.455,92.815,368.0,19.69992069421517,28.0
25.455,92.82,480.0,5.267518906840194,28.0
25.455,92.825,485.0,11.115261308548,28.0
25.455,92.83,441.0,10.095435505303422,28.0
25.455,92.835,387.0,11.648634944412732,28.0
25.455,92.84,355.0,13.895214125297697,28.0
25.455,92.845,326.0,10.743403801775962,28.0
25.455,92.85,343.0,15.72735540025082,28.0
25.455,92.855,408.0,17.424313779662153,28.0
25.455,92.86,510.0,28.220512053403727,28.0
25.455,92.865,601.0,13.686056323998818,28.0
25.455,92.87,519.0,22.85760160845332,28.0
25.455,92.875,340.0,13.71932671241174,28.0
25.455,92.88,298.0,7.7455377836318355,28.0
25.455,92.885,243.0,21.727142230503578,28.0
25.455,92.89,253.0,26.417712710029317,28.0
25.455,92.895,199.0,27.4917688647372,28.0
25.455,92.9,226.0,25.178516216275582,28.0
25.455,92.905,246.0,18.96563230023939,28.0
25.455,92.91,299.0,21.312158140079532,28.0
25.455,92.915,303.0,18.10544934292749,28.0
25.455,92.92,318.0,21.30578361782877,28.0
25.455,92.925,259.0,19.6644186882119,28.0
25.455,92.93,338.0,20.385976479920775,28.0
25.455,92.935,408.0,14.615430541128886,28.0
25.455,92.94,419.0,3.663718325999619,28.0
25.455,92.945,283.0,14.37654823502028,28.0
25.455,92.95,392.0,15.198269477657098,28.0
25.455,92.955,303.0,22.601628197355133,28.0
25.455,92.96,210.0,24.443350416314896,28.0
25.455,92.965,265.0,15.383512936117317,28.0
25.455,92.97,192.0,19.6002996778214,28.0
25.455,92.975,154.0,20.365642146706307,28.0
25.455,92.98,239.0,13.60805977475334,28.0
25.455,92.985,222.0,18.10544934292749,28.0
25.455,92.99,273.0,12.665224630685922,28.0
25.455,92.995,243.0,12.079616644827674,28.0
25.46,92.5,875.0,32.69844047927373,28.0
25.46,92.505,849.0,23.59602270300501,28.0
25.46,92.51,892.0,16.91651608571675,28.0
25.46,92.515,905.0,2.0649342141827822,28.0
25.46,92.52,903.0,8.896025825607326,28.0
25.46,92.525,878.0,6.379370208442804,28.0
25.46,92.53,845.0,13.093845922704302,28.0
25.46,92.535,806.0,21.254691850269865,28.0
25.46,92.54,845.0,2.361028198348736,28.0
25.46,92.545,830.0,9.648045316098155,28.0
25.46,92.55,805.0,20.54767091335874,28.0
25.46,92.555,782.0,0.0,28.0
25.46,92.56,755.0,1.7183580016554572,28.0
25.46,92.565,738.0,1.6201374245654556,28.0
25.46,92.57,771.0,18.883387503340305,28.0
25.46,92.575,817.0,3.663718325999619,28.0
25.46,92.58,799.0,2.361028198348736,28.0
25.46,92.585,762.0,4.573921259900861,28.0
25.46,92.59,740.0,3.4808773532462083,28.0
25.46,92.595,735.0,0.5729386976834859,28.0
25.46,92.6,735.0,1.811248047327972,28.0
25.46,92.605,770.0,8.089084126141794,28.0
25.46,92.61,753.0,3.837767974238014,28.0
25.46,92.615,759.0,1.811248047327972,28.0
25.46,92.62,745.0,1.811248047327972,28.0
25.46,92.625,755.0,4.044691235386269,28.0
25.46,92.63,769.0,7.141919756273425,28.0
25.46,92.635,785.0,7.40691212849523,28.0
25.46,92.64,772.0,2.0649342141827822,28.0
25.46,92.645,785.0,4.7140651095854516,28.0
25.46,92.65,772.0,8.605135268574712,28.0
25.46,92.655,774.0,7.909161066980582,28.0
25.46,92.66,712.0,7.209120586689089,28.0
25.46,92.665,683.0,6.651732748715235,28.0
25.46,92.67,638.0,1.811248047327972,28.0
25.46,92.675,633.0,1.280959113423653,28.0
25.46,92.68,636.0,7.7455377836318355,28.0
25.46,92.685,618.0,1.1457628381751035,28.0
25.46,92.69,652.0,2.9189949338347145,28.0
25.46,92.695,652.0,4.465877540190299,28.0
25.46,92.7,637.0,3.4808773532462083,28.0
25.46,92.705,630.0,4.3551096715835795,28.0
25.46,92.71,657.0,4.883493424700951,28.0
25.46,92.715,682.0,3.663718325999619,28.0
25.46,92.72,658.0,7.428549707571748,28.0
25.46,92.725,667.0,9.92227370227362,28.0
25.46,92.73,760.0,8.824258606545213,28.0
25.46,92.735,783.0,7.641405059952685,28.0
25.46,92.74,683.0,9.090276920822324,28.0
25.46,92.745,598.0,7.051280552921114,28.0
25.46,92.75,532.0,8.678829373950299,28.0
25.46,92.755,483.0,7.96961039432136,28.0
25.46,92.76,442.0,8.678829373950299,28.0
25.46,92.765,410.0,10.04852985013406,28.0
25.46,92.77,401.0,7.641405059952685,28.0
25.46,92.775,415.0,11.648634944412734,28.0
25.46,92.78,362.0,8.842258533397425,28.0
25.46,92.785,348.0,14.70766576132861,28.0
25.46,92.79,352.0,4.163849943478467,28.0
25.46,92.795,447.0,8.678829373950299,28.0
25.46,92.8,426.0,8.14812945516323,28.0
25.46,92.805,440.0,15.06995574963759,28.0
25.46,92.81,398.0,5.624839675183298,28.0
25.46,92.815,339.0,9.398914043719726,28.0
25.46,92.82,341.0,15.499145989287891,28.0
25.46,92.825,330.0,19.82702865340817,28.0
25.46,92.83,380.0,14.28179453796326,28.0
25.46,92.835,339.0,15.42217279371702,28.0
25.46,92.84,392.0,13.495733280795813,28.0
25.46,92.845,436.0,9.51604741998822,28.0
25.46,92.85,590.0,22.584022665489456,28.0
25.46,92.855,576.0,5.267518906840194,28.0
25.46,92.86,544.0,15.585195857538066,28.0
25.46,92.865,568.0,9.159824730595334,28.0
25.46,92.87,598.0,8.842258533397425,28.0
25.46,92.875,504.0,10.743403801775962,28.0
25.46,92.88,383.0,15.793169048263966,28.0
25.46,92.885,233.0,11.59517961733378,28.0
25.46,92.89,336.0,1.280959113423653,28.0
25.46,92.895,391.0,4.465877540190299,28.0
25.46,92.9,331.0,18.255059151203536,28.0
25.46,92.905,284.0,20.140129120020212,28.0
25.46,92.91,222.0,10.04852985013406,28.0
25.46,92.915,235.0,26.583375567168165,28.0
25.46,92.92,244.0,24.48508445803616,28.0
25.46,92.925,311.0,19.002862987358917,28.0
25.46,92.93,240.0,18.207983774890597,28.0
25.46,92.935,168.0,24.41721152397483,28.0
25.46,92.94,282.0,13.12884614937404,28.0
25.46,92.945,206.0,19.82702865340817,28.0
25.46,92.95,188.0,17.655055916385443,28.0
25.46,92.955,198.0,16.181268131599445,28.0
25.46,92.96,206.0,4.850090156191999,28.0
25.46,92.965,142.0,2.429397114363021,28.0
25.46,92.97,200.0,27.668430238552077,28.0
25.46,92.975,188.0,24.94728992018513,28.0
25.46,92.98,249.0,8.984876931685683,28.0
25.46,92.985,157.0,11.323696238973891,28.0
25.46,92.99,234.0,9.648045316098155,28.0
25.46,92.995,192.0,7.7455377836318355,28.0
25.465,92.5,926.0,10.640849616317048,28.0
25.465,92.505,826.0,16.06235837746245,28.0
25.465,92.51,790.0,11.754735170671625,28.0
25.465,92.515,783.0,2.560638973149915,28.0
25.465,92.52,791.0,24.72297771719879,28.0
25.465,92.525,845.0,8.984876931685683,28.0
25.465,92.53,835.0,6.84277341263094,28.0
25.465,92.535,825.0,4.850090156191999,28.0
25.465,92.54,836.0,3.4808773532462083,28.0
25.465,92.545,806.0,2.0649342141827822,28.0
25.465,92.55,792.0,3.433630362450522,28.0
25.465,92.555,766.0,4.163849943478467,28.0
25.465,92.56,739.0,1.6201374245654556,28.0
25.465,92.565,739.0,6.504634281949115,28.0
25.465,92.57,739.0,8.530765609948133,28.0
25.465,92.575,757.0,8.049466975528398,28.0
25.465,92.58,774.0,17.01102858617966,28.0
25.465,92.585,751.0,7.493070705420571,28.0
25.465,92.59,735.0,2.2906100426385296,28.0
25.465,92.595,744.0,4.465877540190299,28.0
25.465,92.6,736.0,2.361028198348736,28.0
25.465,92.605,788.0,8.605135268574712,28.0
25.465,92.61,758.0,6.504634281949115,28.0
25.465,92.615,749.0,2.862405226111748,28.0
25.465,92.62,742.0,5.267518906840194,28.0
25.465,92.625,756.0,6.959412387152244,28.0
25.465,92.63,788.0,6.651732748715235,28.0
25.465,92.635,750.0,1.6201374245654556,28.0
25.465,92.64,755.0,4.9166653832101535,28.0
25.465,92.645,767.0,3.3371107053581257,28.0
25.465,92.65,796.0,2.361028198348736,28.0
25.465,92.655,754.0,7.209120586689089,28.0
25.465,92.66,694.0,7.141919756273425,28.0
25.465,92.665,675.0,6.504634281949114,28.0
25.465,92.67,681.0,2.429397114363021,28.0
25.465,92.675,643.0,7.40691212849523,28.0
25.465,92.68,634.0,3.3371107053581257,28.0
25.465,92.685,618.0,3.4808773532462083,28.0
25.465,92.69,617.0,4.044691235386269,28.0
25.465,92.695,639.0,7.051280552921114,28.0
25.465,92.7,645.0,4.609363720543608,28.0
25.465,92.705,655.0,5.7388854270937575,28.0
25.465,92.71,654.0,5.624839675183298,28.0
25.465,92.715,657.0,4.7140651095854516,28.0
25.465,92.72,632.0,5.419335736411587,28.0
25.465,92.725,645.0,9.398914043719726,28.0
25.465,92.73,713.0,7.428549707571748,28.0
25.465,92.735,784.0,4.3551096715835795,28.0
25.465,92.74,699.0,21.28025901001372,28.0
25.465,92.745,648.0,5.142764557884242,28.0
25.465,92.75,590.0,9.648045316098155,28.0
25.465,92.755,556.0,9.664408742578416,28.0
25.465,92.76,496.0,9.51604741998822,28.0
25.465,92.765,439.0,10.417371405393052,28.0
25.465,92.77,467.0,10.98810564233957,28.0
25.465,92.775,426.0,3.837767974238014,28.0
25.465,92.78,447.0,12.370093432433936,28.0
25.465,92.785,404.0,8.896025825607326,28.0
25.465,92.79,341.0,13.37091809860972,28.0
25.465,92.795,351.0,11.446746863908654,28.0
25.465,92.8,338.0,8.984876931685683,28.0
25.465,92.805,359.0,12.999985665815318,28.0
25.465,92.81,322.0,9.36515852576206,28.0
25.465,92.815,360.0,5.111089695288715,28.0
25.465,92.82,379.0,4.609363720543608,28.0
25.465,92.825,399.0,9.177123708952482,28.0
25.465,92.83,365.0,11.446746863908654,28.0
25.465,92.835,355.0,11.446746863908654,28.0
25.465,92.84,383.0,15.765003824114848,28.0
25.465,92.845,511.0,17.849848259878947,28.0
25.465,92.85,589.0,9.713320968615797,28.0
25.465,92.855,566.0,13.507014370466038,28.0
25.465,92.86,485.0,10.203973721731684,28.0
25.465,92.865,467.0,10.888076838622831,28.0
25.465,92.87,546.0,7.493070705420571,28.0
25.465,92.875,452.0,18.041980981737503,28.0
25.465,92.88,303.0,9.9063692721155,28.0
25.465,92.885,348.0,27.41360697987478,28.0
25.465,92.89,486.0,12.773913615584416,28.0
25.465,92.895,555.0,10.44746989776266,28.0
25.465,92.9,509.0,10.772508814602732,28.0
25.465,92.905,415.0,23.424363185841766,28.0
25.465,92.91,424.0,22.347372412787248,28.0
25.465,92.915,422.0,3.4808773532462083,28.0
25.465,92.92,365.0,17.299107615709833,28.0
25.465,92.925,428.0,15.680141406453098,28.0
25.465,92.93,303.0,14.615430541128886,28.0
25.465,92.935,210.0,12.419832137022013,28.0
25.465,92.94,227.0,20.140129120020212,28.0
25.465,92.945,205.0,14.207585688982292,28.0
25.465,92.95,264.0,18.38760160290751,28.0
25.465,92.955,253.0,15.72735540025082,28.0
25.465,92.96,178.0,6.504634281949115,28.0
25.465,92.965,282.0,19.471220634490695,28.0
25.465,92.97,263.0,10.81600550394513,28.0
25.465,92.975,274.0,12.156145050965591,28.0
25.465,92.98,183.0,25.689440705713572,28.0
25.465,92.985,171.0,7.209120586689089,28.0
25.465,92.99,206.0,18.75535719771722,28.0
25.465,92.995,229.0,8.530765609948133,28.0
25.47,92.5,979.0,18.80821273217334,28.0
25.47,92.505,900.0,8.984876931685683,28.0
25.47,92.51,879.0,10.142106156573984,28.0
25.47,92.515,910.0,2.361028198348736,28.0
25.47,92.52,908.0,4.044691235386269,28.0
25.47,92.525,892.0,0.5729386976834859,28.0
25.47,92.53,855.0,6.504634281949115,28.0
25.47,92.535,839.0,5.1742413701299474,28.0
25.47,92.54,829.0,5.111089695288715,28.0
25.47,92.545,793.0,7.7455377836318355,28.0
25.47,92.55,799.0,14.418427013423848,28.0
25.47,92.555,764.0,8.605135268574712,28.0
25.47,92.56,746.0,2.429397114363021,28.0
25.47,92.565,731.0,3.3371107053581257,28.0
25.47,92.57,773.0,4.609363720543608,28.0
25.47,92.575,744.0,1.1457628381751035,28.0
25.47,92.58,743.0,1.811248047327972,28.0
25.47,92.585,741.0,2.361028198348736,28.0
25.47,92.59,739.0,0.8102306720437776,28.0
25.47,92.595,735.0,1.1457628381751035,28.0
25.47,92.6,744.0,3.663718325999619,28.0
25.47,92.605,745.0,2.2906100426385296,28.0
25.47,92.61,737.0,4.124518139862882,28.0
25.47,92.615,733.0,1.7183580016554572,28.0
25.47,92.62,740.0,6.504634281949115,28.0
25.47,92.625,769.0,2.862405226111748,28.0
25.47,92.63,747.0,5.653572472774074,28.0
25.47,92.635,737.0,3.4808773532462083,28.0
25.47,92.64,778.0,3.3371107053581257,28.0
25.47,92.645,773.0,3.0824947102675178,28.0
25.47,92.65,783.0,4.465877540190299,28.0
25.47,92.655,754.0,6.504634281949114,28.0
25.47,92.66,688.0,5.96026196814625,28.0
25.47,92.665,641.0,8.878141907487027,28.0
25.47,92.67,649.0,0.5729386976834859,28.0
25.47,92.675,646.0,2.429397114363021,28.0
25.47,92.68,624.0,4.609363720543608,28.0
25.47,92.685,621.0,2.0649342141827822,28.0
25.47,92.69,611.0,4.044691235386269,28.0
25.47,92.695,606.0,1.1457628381751035,28.0
25.47,92.7,615.0,2.361028198348736,28.0
25.47,92.705,620.0,3.837767974238014,28.0
25.47,92.71,619.0,4.163849943478467,28.0
25.47,92.715,636.0,2.862405226111748,28.0
25.47,92.72,627.0,2.9189949338347145,28.0
25.47,92.725,646.0,5.822915528381649,28.0
25.47,92.73,700.0,7.9896532960303395,28.0
25.47,92.735,716.0,11.91191379484262,28.0
25.47,92.74,612.0,11.648634944412732,28.0
25.47,92.745,548.0,9.51604741998822,28.0
25.47,92.75,591.0,3.837767974238014,28.0
25.47,92.755,611.0,7.599333100622036,28.0
25.47,92.76,557.0,4.163849943478467,28.0
25.47,92.765,525.0,9.713320968615797,28.0
25.47,92.77,522.0,9.51604741998822,28.0
25.47,92.775,507.0,7.209120586689089,28.0
25.47,92.78,486.0,9.6316519614038,28.0
25.47,92.785,428.0,8.206727073997664,28.0
25.47,92.79,382.0,12.964588174052748,28.0
25.47,92.795,331.0,3.663718325999619,28.0
25.47,92.8,375.0,5.111089695288715,28.0
25.47,92.805,385.0,10.265436734150176,28.0
25.47,92.81,391.0,6.147248032686261,28.0
25.47,92.815,382.0,6.889675180467723,28.0
25.47,92.82,356.0,14.418427013423848,28.0
25.47,92.825,474.0,2.9189949338347145,28.0
25.47,92.83,459.0,15.06995574963759,28.0
25.47,92.835,437.0,10.417371405393052,28.0
25.47,92.84,369.0,5.3893224751224,28.0
25.47,92.845,499.0,15.651730558256707,28.0
25.47,92.85,625.0,6.302976451652821,28.0
25.47,92.855,583.0,5.624839675183298,28.0
25.47,92.86,579.0,0.8102306720437776,28.0
25.47,92.865,486.0,14.57421619803874,28.0
25.47,92.87,441.0,12.419832137022013,28.0
25.47,92.875,325.0,13.37091809860972,28.0
25.47,92.88,293.0,32.77411288784428,28.0
25.47,92.885,466.0,12.845793720311368,28.0
25.47,92.89,561.0,17.946241531785883,28.0
25.47,92.895,590.0,19.355526618144488,28.0
25.47,92.9,552.0,12.857729366676711,28.0
25.47,92.905,530.0,5.3893224751224,28.0
25.47,92.91,515.0,9.9063692721155,28.0
25.47,92.915,394.0,14.58453263822114,28.0
25.47,92.92,455.0,10.816005503945128,28.0
25.47,92.925,438.0,21.106846658709145,28.0
25.47,92.93,287.0,8.049466975528398,28.0
25.47,92.935,272.0,16.61135092907738,28.0
25.47,92.94,386.0,14.418427013423848,28.0
25.47,92.945,280.0,15.72735540025082,28.0
25.47,92.95,407.0,12.999985665815318,28.0
25.47,92.955,380.0,12.84579372031137,28.0
25.47,92.96,179.0,5.822915528381649,28.0
25.47,92.965,315.0,15.765003824114848,28.0
25.47,92.97,263.0,12.419832137022013,28.0
25.47,92.975,289.0,18.80821273217334,28.0
25.47,92.98,265.0,18.778033222445544,28.0
25.47,92.985,251.0,6.651732748715235,28.0
25.47,92.99,157.0,7.253560723066103,28.0
25.47,92.995,275.0,9.648045316098155,28.0
25.475,92.5,1081.0,8.45570253780166,28.0
25.475,92.505,1045.0,13.71932671241174,28.0
25.475,92.51,1010.0,17.630515348889947,28.0
25.475,92.515,967.0,12.066808999772697,28.0
25.475,92.52,925.0,7.9293646872281585,28.0
25.475,92.525,889.0,3.4808773532462083,28.0
25.475,92.53,878.0,5.7388854270937575,28.0
25.475,92.535,861.0,1.6201374245654556,28.0
25.475,92.54,833.0,4.609363720543608,28.0
25.475,92.545,814.0,7.909161066980582,28.0
25.475,92.55,773.0,1.7183580016554572,28.0
25.475,92.555,776.0,2.560638973149915,28.0
25.475,92.56,776.0,2.862405226111748,28.0
25.475,92.565,760.0,10.81600550394513,28.0
25.475,92.57,731.0,16.389075025823413,28.0
25.475,92.575,769.0,0.5729386976834859,28.0
25.475,92.58,763.0,3.3371107053581257,28.0
25.475,92.585,744.0,0.0,28.0
25.475,92.59,747.0,4.3551096715835795,28.0
25.475,92.595,765.0,5.111089695288715,28.0
25.475,92.6,743.0,2.0649342141827822,28.0
25.475,92.605,737.0,2.9189949338347145,28.0
25.475,92.61,735.0,4.465877540190299,28.0
25.475,92.615,744.0,1.7183580016554572,28.0
25.475,92.62,738.0,1.811248047327972,28.0
25.475,92.625,732.0,0.8102306720437776,28.0
25.475,92.63,741.0,4.850090156191999,28.0
25.475,92.635,755.0,5.7388854270937575,28.0
25.475,92.64,761.0,8.089084126141794,28.0
25.475,92.645,752.0,5.822915528381649,28.0
25.475,92.65,753.0,4.044691235386269,28.0
25.475,92.655,723.0,5.1742413701299474,28.0
25.475,92.66,691.0,4.044691235386269,28.0
25.475,92.665,677.0,2.862405226111748,28.0
25.475,92.67,640.0,5.142764557884242,28.0
25.475,92.675,615.0,6.379370208442803,28.0
25.475,92.68,610.0,2.2906100426385296,28.0
25.475,92.685,618.0,1.280959113423653,28.0
25.475,92.69,616.0,0.8102306720437776,28.0
25.475,92.695,604.0,1.7183580016554572,28.0
25.475,92.7,615.0,6.866265885252495,28.0
25.475,92.705,641.0,6.936247607063137,28.0
25.475,92.71,654.0,4.883493424700951,28.0
25.475,92.715,627.0,2.429397114363021,28.0
25.475,92.72,640.0,2.361028198348736,28.0
25.475,92.725,658.0,4.9166653832101535,28.0
25.475,92.73,731.0,7.141919756273425,28.0
25.475,92.735,675.0,12.713660915082892,28.0
25.475,92.74,599.0,7.141919756273425,28.0
25.475,92.745,504.0,9.090276920822324,28.0
25.475,92.75,514.0,6.379370208442803,28.0
25.475,92.755,519.0,8.878141907487027,28.0
25.475,92.76,483.0,8.697149365003282,28.0
25.475,92.765,560.0,8.049466975528398,28.0
25.475,92.77,550.0,11.115261308548,28.0
25.475,92.775,461.0,4.7140651095854516,28.0
25.475,92.78,409.0,10.931069451588014,28.0
25.475,92.785,372.0,11.446746863908654,28.0
25.475,92.79,436.0,8.049466975528398,28.0
25.475,92.795,433.0,11.963794805286303,28.0
25.475,92.8,425.0,10.095435505303422,28.0
25.475,92.805,487.0,10.757967088390004,28.0
25.475,92.81,386.0,7.428549707571748,28.0
25.475,92.815,473.0,7.428549707571748,28.0
25.475,92.82,453.0,5.111089695288715,28.0
25.475,92.825,434.0,14.666756752735052,28.0
25.475,92.83,541.0,24.73324165148356,28.0
25.475,92.835,507.0,12.869652430655464,28.0
25.475,92.84,419.0,8.284177231157289,28.0
25.475,92.845,468.0,18.207983774890597,28.0
25.475,92.85,503.0,28.471414080238404,28.0
25.475,92.855,611.0,10.757967088390004,28.0
25.475,92.86,565.0,18.16075212819556,28.0
25.475,92.865,549.0,7.209120586689089,28.0
25.475,92.87,434.0,12.382549217765357,28.0
25.475,92.875,385.0,20.140129120020212,28.0
25.475,92.88,503.0,9.664408742578416,28.0
25.475,92.885,526.0,7.40691212849523,28.0
25.475,92.89,545.0,7.599333100622036,28.0
25.475,92.895,526.0,10.757967088390004,28.0
25.475,92.9,494.0,3.2376881462291047,28.0
25.475,92.905,489.0,11.59517961733378,28.0
25.475,92.91,506.0,9.664408742578416,28.0
25.475,92.915,538.0,3.4808773532462083,28.0
25.475,92.92,499.0,14.079306913753854,28.0
25.475,92.925,353.0,12.370093432433936,28.0
25.475,92.93,287.0,3.0824947102675178,28.0
25.475,92.935,378.0,23.45217590413025,28.0
25.475,92.94,444.0,4.883493424700951,28.0
25.475,92.945,389.0,6.379370208442803,28.0
25.475,92.95,399.0,3.0824947102675178,28.0
25.475,92.955,319.0,24.74862531519583,28.0
25.475,92.96,294.0,8.824258606545213,28.0
25.475,92.965,330.0,12.156145050965591,28.0
25.475,92.97,300.0,11.446746863908654,28.0
25.475,92.975,223.0,21.28025901001372,28.0
25.475,92.98,282.0,14.079306913753854,28.0
25.475,92.985,208.0,12.481691419986054,28.0
25.475,92.99,214.0,19.464016342661992,28.0
25.475,92.995,150.0,7.493070705420571,28.0
25.48,92.5,1150.0,0.5729386976834859,28.0
25.48,92.505,1145.0,1.280959113423653,28.0
25.48,92.51,1123.0,8.530765609948133,28.0
25.48,92.515,1114.0,6.302976451652821,28.0
25.48,92.52,1092.0,9.245973666550688,28.0
25.48,92.525,948.0,17.752790161946685,28.0
25.48,92.53,852.0,12.857729366676711,28.0
25.48,92.535,805.0,20.54767091335874,28.0
25.48,92.54,841.0,3.0824947102675178,28.0
25.48,92.545,822.0,6.67592292471606,28.0
25.48,92.55,789.0,0.8102306720437776,28.0
25.48,92.555,785.0,8.206727073997664,28.0
25.48,92.56,765.0,7.599333100622036,28.0
25.48,92.565,775.0,11.87283675412141,28.0
25.48,92.57,749.0,28.878637380051607,28.0
25.48,92.575,770.0,12.964588174052748,28.0
25.48,92.58,735.0,11.22695812387902,28.0
25.48,92.585,756.0,2.9189949338347145,28.0
25.48,92.59,746.0,2.560638973149915,28.0
25.48,92.595,734.0,1.7183580016554572,28.0
25.48,92.6,740.0,4.9166653832101535,28.0
25.48,92.605,737.0,6.504634281949115,28.0
25.48,92.61,737.0,2.862405226111748,28.0
25.48,92.615,750.0,1.6201374245654556,28.0
25.48,92.62,752.0,2.560638973149915,28.0
25.48,92.625,751.0,5.822915528381649,28.0
25.48,92.63,746.0,4.004172940709388,28.0
25.48,92.635,741.0,3.6188832299832416,28.0
25.48,92.64,762.0,6.866265885252495,28.0
25.48,92.645,767.0,5.7388854270937575,28.0
25.48,92.65,746.0,2.862405226111748,28.0
25.48,92.655,700.0,5.710593137499643,28.0
25.48,92.66,684.0,8.54942232101196,28.0
25.48,92.665,637.0,8.45570253780166,28.0
25.48,92.67,632.0,6.147248032686261,28.0
25.48,92.675,611.0,2.2906100426385296,28.0
25.48,92.68,612.0,0.0,28.0
25.48,92.685,607.0,2.0649342141827822,28.0
25.48,92.69,605.0,2.560638973149915,28.0
25.48,92.695,606.0,0.8102306720437776,28.0
25.48,92.7,614.0,1.280959113423653,28.0
25.48,92.705,610.0,2.0649342141827822,28.0
25.48,92.71,626.0,5.1742413701299474,28.0
25.48,92.715,675.0,5.111089695288715,28.0
25.48,92.72,677.0,5.111089695288715,28.0
25.48,92.725,696.0,7.428549707571748,28.0
25.48,92.73,698.0,8.984876931685683,28.0
25.48,92.735,643.0,11.794248902093369,28.0
25.48,92.74,607.0,13.336644515520948,28.0
25.48,92.745,541.0,6.889675180467723,28.0
25.48,92.75,497.0,6.651732748715235,28.0
25.48,92.755,455.0,11.976725812374069,28.0
25.48,92.76,473.0,10.417371405393052,28.0
25.48,92.765,517.0,7.493070705420571,28.0
25.48,92.77,476.0,9.245973666550688,28.0
25.48,92.775,467.0,5.653572472774074,28.0
25.48,92.78,407.0,8.896025825607326,28.0
25.48,92.785,371.0,4.3551096715835795,28.0
25.48,92.79,466.0,7.209120586689089,28.0
25.48,92.795,555.0,11.157292128087049,28.0
25.48,92.8,543.0,14.738259624023955,28.0
25.48,92.805,487.0,14.58453263822114,28.0
25.48,92.81,412.0,5.624839675183298,28.0
25.48,92.815,507.0,8.398938982096263,28.0
25.48,92.82,517.0,9.6316519614038,28.0
25.48,92.825,481.0,5.96026196814625,28.0
25.48,92.83,617.0,1.1457628381751035,28.0
25.48,92.835,573.0,17.16429219963367,28.0
25.48,92.84,539.0,4.609363720543608,28.0
25.48,92.845,587.0,8.824258606545213,28.0
25.48,92.85,526.0,12.156145050965591,28.0
25.48,92.855,539.0,10.21937711459359,28.0
25.48,92.86,533.0,13.14048922592315,28.0
25.48,92.865,507.0,13.17534790222412,28.0
25.48,92.87,444.0,12.320128415332896,28.0
25.48,92.875,444.0,14.366056176200178,28.0
25.48,92.88,514.0,11.63529670109765,28.0
25.48,92.885,577.0,14.880049387383034,28.0
25.48,92.89,583.0,17.424313779662153,28.0
25.48,92.895,550.0,10.21937711459359,28.0
25.48,92.9,532.0,15.81191219488406,28.0
25.48,92.905,411.0,22.625071558890102,28.0
25.48,92.91,524.0,10.44746989776266,28.0
25.48,92.915,452.0,21.01614897338419,28.0
25.48,92.92,472.0,13.336644515520948,28.0
25.48,92.925,444.0,7.493070705420571,28.0
25.48,92.93,401.0,19.40625475131371,28.0
25.48,92.935,414.0,9.664408742578416,28.0
25.48,92.94,407.0,7.428549707571748,28.0
25.48,92.945,334.0,7.9293646872281585,28.0
25.48,92.95,369.0,16.389075025823413,28.0
25.48,92.955,333.0,6.959412387152244,28.0
25.48,92.96,323.0,12.206865139615095,28.0
25.48,92.965,360.0,3.4808773532462083,28.0
25.48,92.97,282.0,12.181534728819736,28.0
25.48,92.975,275.0,16.253917058152773,28.0
25.48,92.98,267.0,17.523671614749585,28.0
25.48,92.985,292.0,11.143301269215591,28.0
25.48,92.99,267.0,13.674945403795036,28.0
25.48,92.995,258.0,10.34170762418876,28.0
25.485,92.5,1100.0,10.04852985013406,28.0
25.485,92.505,1081.0,5.3893224751224,28.0
25.485,92.51,1106.0,5.3893224751224,28.0
25.485,92.515,1103.0,1.6201374245654556,28.0
25.485,92.52,1105.0,9.159824730595334,28.0
25.485,92.525,1063.0,2.429397114363021,28.0
25.485,92.53,955.0,27.651278215442197,28.0
25.485,92.535,944.0,18.78558400320078,28.0
25.485,92.54,839.0,20.846265656650555,28.0
25.485,92.545,773.0,15.499145989287891,28.0
25.485,92.55,828.0,18.641439944547074,28.0
25.485,92.555,809.0,6.173484200727683,28.0
25.485,92.56,806.0,5.96026196814625,28.0
25.485,92.565,794.0,5.267518906840194,28.0
25.485,92.57,741.0,2.361028198348736,28.0
25.485,92.575,797.0,14.58453263822114,28.0
25.485,92.58,742.0,18.38760160290751,28.0
25.485,92.585,764.0,4.465877540190299,28.0
25.485,92.59,750.0,0.8102306720437776,28.0
25.485,92.595,741.0,0.8102306720437776,28.0
25.485,92.6,722.0,2.361028198348736,28.0
25.485,92.605,731.0,2.560638973149915,28.0
25.485,92.61,727.0,6.06783785083067,28.0
25.485,92.615,743.0,6.651732748715235,28.0
25.485,92.62,745.0,1.1457628381751035,28.0
25.485,92.625,742.0,4.163849943478467,28.0
25.485,92.63,744.0,3.2376881462291047,28.0
25.485,92.635,746.0,4.7140651095854516,28.0
25.485,92.64,772.0,4.163849943478467,28.0
25.485,92.645,769.0,3.6188832299832416,28.0
25.485,92.65,764.0,3.2376881462291047,28.0
25.485,92.655,720.0,5.710593137499643,28.0
25.485,92.66,697.0,3.0824947102675178,28.0
25.485,92.665,655.0,11.91191379484262,28.0
25.485,92.67,636.0,4.9166653832101535,28.0
25.485,92.675,614.0,3.3371107053581257,28.0
25.485,92.68,600.0,6.504634281949114,28.0
25.485,92.685,605.0,2.862405226111748,28.0
25.485,92.69,613.0,3.663718325999619,28.0
25.485,92.695,608.0,1.280959113423653,28.0
25.485,92.7,617.0,4.163849943478467,28.0
25.485,92.705,619.0,1.1457628381751035,28.0
25.485,92.71,616.0,3.4808773532462083,28.0
25.485,92.715,651.0,11.91191379484262,28.0
25.485,92.72,657.0,10.81600550394513,28.0
25.485,92.725,720.0,3.2376881462291047,28.0
25.485,92.73,650.0,8.049466975528398,28.0
25.485,92.735,593.0,7.428549707571748,28.0
25.485,92.74,562.0,8.697149365003282,28.0
25.485,92.745,582.0,2.862405226111748,28.0
25.485,92.75,512.0,11.115261308548,28.0
25.485,92.755,448.0,5.878250113590978,28.0
25.485,92.76,437.0,10.402286577822323,28.0
25.485,92.765,449.0,9.9063692721155,28.0
25.485,92.77,422.0,8.878141907487027,28.0
25.485,92.775,389.0,8.896025825607326,28.0
25.485,92.78,385.0,9.245973666550688,28.0
25.485,92.785,436.0,5.142764557884242,28.0
25.485,92.79,430.0,6.302976451652821,28.0
25.485,92.795,516.0,10.816005503945128,28.0
25.485,92.8,577.0,6.2772984895975545,28.0
25.485,92.805,482.0,9.36515852576206,28.0
25.485,92.81,476.0,9.449304906720505,28.0
25.485,92.815,558.0,15.802543980364272,28.0
25.485,92.82,635.0,16.890625981975184,28.0
25.485,92.825,616.0,7.9896532960303395,28.0
25.485,92.83,654.0,14.58453263822114,28.0
25.485,92.835,612.0,8.45570253780166,28.0
25.485,92.84,590.0,12.370093432433936,28.0
25.485,92.845,547.0,8.089084126141794,28.0
25.485,92.85,604.0,5.142764557884242,28.0
25.485,92.855,530.0,7.7455377836318355,28.0
25.485,92.86,587.0,10.402286577822323,28.0
25.485,92.865,530.0,15.537461076489713,28.0
25.485,92.87,503.0,18.57265495653785,28.0
25.485,92.875,454.0,18.58031398842556,28.0
25.485,92.88,515.0,6.959412387152244,28.0
25.485,92.885,545.0,13.37091809860972,28.0
25.485,92.89,518.0,6.866265885252495,28.0
25.485,92.895,543.0,7.40691212849523,28.0
25.485,92.9,469.0,2.429397114363021,28.0
25.485,92.905,416.0,21.826086273528343,28.0
25.485,92.91,493.0,6.173484200727683,28.0
25.485,92.915,382.0,8.45570253780166,28.0
25.485,92.92,377.0,5.7388854270937575,28.0
25.485,92.925,456.0,9.697046418543986,28.0
25.485,92.93,439.0,20.311282505000214,28.0
25.485,92.935,447.0,16.496226513469395,28.0
25.485,92.94,412.0,14.738259624023955,28.0
25.485,92.945,325.0,15.651730558256707,28.0
25.485,92.95,379.0,9.159824730595334,28.0
25.485,92.955,349.0,8.660468233028292,28.0
25.485,92.96,351.0,9.664408742578416,28.0
25.485,92.965,343.0,12.952764513375518,28.0
25.485,92.97,314.0,9.697046418543986,28.0
25.485,92.975,324.0,9.36515852576206,28.0
25.485,92.98,288.0,22.19762640166049,28.0
25.485,92.985,224.0,17.432620785390803,28.0
25.485,92.99,233.0,7.641405059952685,28.0
25.485,92.995,164.0,13.674945403795036,28.0
25.49,92.5,1039.0,18.845848864047166,28.0
25.49,92.505,1076.0,31.46853924034878,28.0
25.49,92.51,1078.0,16.69924423399362,28.0
25.49,92.515,1073.0,6.379370208442804,28.0
25.49,92.52,1083.0,5.710593137499643,28.0
25.49,92.525,1057.0,5.111089695288715,28.0
25.49,92.53,1012.0,18.41861020950385,28.0
25.49,92.535,993.0,10.684933277782497,28.0
25.49,92.54,960.0,3.837767974238014,28.0
25.49,92.545,931.0,11.754735170671625,28.0
25.49,92.55,912.0,5.1742413701299474,28.0
25.49,92.555,881.0,16.389075025823413,28.0
25.49,92.56,859.0,17.906157750459435,28.0
25.49,92.565,813.0,17.777117627472432,28.0
25.49,92.57,774.0,10.581758987862388,28.0
25.49,92.575,719.0,0.0,28.0
25.49,92.58,788.0,4.044691235386269,28.0
25.49,92.585,765.0,8.45570253780166,28.0
25.49,92.59,762.0,0.8102306720437776,28.0
25.49,92.595,755.0,0.5729386976834859,28.0
25.49,92.6,748.0,2.862405226111748,28.0
25.49,92.605,723.0,2.862405226111748,28.0
25.49,92.61,719.0,4.044691235386269,28.0
25.49,92.615,754.0,4.3551096715835795,28.0
25.49,92.62,753.0,0.0,28.0
25.49,92.625,758.0,3.0824947102675178,28.0
25.49,92.63,770.0,1.811248047327972,28.0
25.49,92.635,750.0,0.0,28.0
25.49,92.64,740.0,8.14812945516323,28.0
25.49,92.645,730.0,5.96026196814625,28.0
25.49,92.65,742.0,8.049466975528398,28.0
25.49,92.655,709.0,4.7140651095854516,28.0
25.49,92.66,697.0,8.206727073997664,28.0
25.49,92.665,634.0,3.0824947102675178,28.0
25.49,92.67,635.0,8.398938982096263,28.0
25.49,92.675,635.0,5.7388854270937575,28.0
25.49,92.68,603.0,1.6201374245654556,28.0
25.49,92.685,601.0,0.0,28.0
25.49,92.69,599.0,2.9189949338347145,28.0
25.49,92.695,616.0,2.9189949338347145,28.0
25.49,92.7,625.0,2.361028198348736,28.0
25.49,92.705,639.0,3.6188832299832416,28.0
25.49,92.71,645.0,4.044691235386269,28.0
25.49,92.715,641.0,5.878250113590978,28.0
25.49,92.72,692.0,10.21937711459359,28.0
25.49,92.725,705.0,8.206727073997664,28.0
25.49,92.73,609.0,6.651732748715235,28.0
25.49,92.735,571.0,5.1742413701299474,28.0
25.49,92.74,525.0,1.280959113423653,28.0
25.49,92.745,528.0,8.284177231157289,28.0
25.49,92.75,444.0,13.37091809860972,28.0
25.49,92.755,426.0,4.044691235386269,28.0
25.49,92.76,442.0,5.267518906840194,28.0
25.49,92.765,426.0,6.147248032686261,28.0
25.49,92.77,428.0,7.051280552921114,28.0
25.49,92.775,407.0,11.91191379484262,28.0
25.49,92.78,435.0,11.115261308548,28.0
25.49,92.785,480.0,10.095435505303422,28.0
25.49,92.79,468.0,10.04852985013406,28.0
25.49,92.795,511.0,11.648634944412734,28.0
25.49,92.8,592.0,7.209120586689089,28.0
25.49,92.805,507.0,5.7388854270937575,28.0
25.49,92.81,541.0,16.890625981975184,28.0
25.49,92.815,549.0,7.141919756273425,28.0
25.49,92.82,506.0,11.87283675412141,28.0
25.49,92.825,511.0,11.648634944412732,28.0
25.49,92.83,618.0,11.63529670109765,28.0
25.49,92.835,558.0,5.3893224751224,28.0
25.49,92.84,591.0,8.678829373950299,28.0
25.49,92.845,558.0,11.364876967033675,28.0
25.49,92.85,584.0,11.63529670109765,28.0
25.49,92.855,591.0,10.44746989776266,28.0
25.49,92.86,615.0,5.111089695288715,28.0
25.49,92.865,580.0,4.163849943478467,28.0
25.49,92.87,544.0,7.253560723066103,28.0
25.49,92.875,499.0,7.7455377836318355,28.0
25.49,92.88,504.0,14.799223392695009,28.0
25.49,92.885,565.0,12.382549217765357,28.0
25.49,92.89,494.0,12.419832137022013,28.0
25.49,92.895,450.0,0.8102306720437776,28.0
25.49,92.9,515.0,10.743403801775962,28.0
25.49,92.905,394.0,12.845793720311368,28.0
25.49,92.91,447.0,14.666756752735052,28.0
25.49,92.915,460.0,25.54858015930156,28.0
25.49,92.92,382.0,10.772508814602732,28.0
25.49,92.925,381.0,20.94450636642053,28.0
25.49,92.93,378.0,17.382703987116226,28.0
25.49,92.935,470.0,21.954998832237575,28.0
25.49,92.94,415.0,11.446746863908654,28.0
25.49,92.945,331.0,19.28275254686276,28.0
25.49,92.95,319.0,24.12151143189931,28.0
25.49,92.955,367.0,15.119460665411577,28.0
25.49,92.96,313.0,7.493070705420571,28.0
25.49,92.965,282.0,18.38760160290751,28.0
25.49,92.97,317.0,13.895214125297697,28.0
25.49,92.975,297.0,5.822915528381649,28.0
25.49,92.98,325.0,8.896025825607326,28.0
25.49,92.985,269.0,11.433146958125782,28.0
25.49,92.99,206.0,13.14048922592315,28.0
25.49,92.995,215.0,18.541977963997237,28.0
25.495,92.5,989.0,18.325381934580992,28.0
25.495,92.505,1052.0,22.19160656627279,28.0
25.495,92.51,1053.0,0.8102306720437776,28.0
25.495,92.515,1051.0,3.837767974238014,28.0
25.495,92.52,1035.0,4.9166653832101535,28.0
25.495,92.525,1035.0,7.9896532960303395,28.0
25.495,92.53,1018.0,6.67592292471606,28.0
25.495,92.535,995.0,3.6188832299832416,28.0
25.495,92.54,956.0,11.648634944412732,28.0
25.495,92.545,928.0,11.59517961733378,28.0
25.495,92.55,899.0,9.449304906720505,28.0
25.495,92.555,909.0,4.3551096715835795,28.0
25.495,92.56,884.0,6.2772984895975545,28.0
25.495,92.565,870.0,8.678829373950299,28.0
25.495,92.57,850.0,12.604382648379184,28.0
25.495,92.575,817.0,24.74862531519583,28.0
25.495,92.58,731.0,8.206727073997664,28.0
25.495,92.585,719.0,6.2772984895975545,28.0
25.495,92.59,723.0,3.3371107053581257,28.0
25.495,92.595,748.0,9.31427931090428,28.0
25.495,92.6,744.0,3.0824947102675178,28.0
25.495,92.605,736.0,2.361028198348736,28.0
25.495,92.61,742.0,8.678829373950299,28.0
25.495,92.615,725.0,4.609363720543608,28.0
25.495,92.62,743.0,8.54942232101196,28.0
25.495,92.625,733.0,7.599333100622036,28.0
25.495,92.63,765.0,1.811248047327972,28.0
25.495,92.635,746.0,5.267518906840194,28.0
25.495,92.64,735.0,4.163849943478467,28.0
25.495,92.645,720.0,3.0824947102675178,28.0
25.495,92.65,717.0,6.504634281949114,28.0
25.495,92.655,684.0,4.124518139862882,28.0
25.495,92.66,657.0,8.878141907487027,28.0
25.495,92.665,622.0,2.862405226111748,28.0
25.495,92.67,614.0,4.3551096715835795,28.0
25.495,92.675,601.0,1.1457628381751035,28.0
25.495,92.68,601.0,1.7183580016554572,28.0
25.495,92.685,601.0,0.0,28.0
25.495,92.69,601.0,0.0,28.0
25.495,92.695,601.0,0.0,28.0
25.495,92.7,610.0,9.159824730595334,28.0
25.495,92.705,608.0,4.044691235386269,28.0
25.495,92.71,662.0,9.697046418543986,28.0
25.495,92.715,703.0,7.493070705420571,28.0
25.495,92.72,691.0,6.504634281949115,28.0
25.495,92.725,698.0,4.7140651095854516,28.0
25.495,92.73,635.0,10.640849616317048,28.0
25.495,92.735,593.0,9.449304906720505,28.0
25.495,92.74,568.0,4.7140651095854516,28.0
25.495,92.745,484.0,8.45570253780166,28.0
25.495,92.75,465.0,8.896025825607326,28.0
25.495,92.755,511.0,6.936247607063137,28.0
25.495,92.76,468.0,9.24597366655069,28.0
25.495,92.765,461.0,8.206727073997664,28.0
25.495,92.77,530.0,7.40691212849523,28.0
25.495,92.775,507.0,4.883493424700951,28.0
25.495,92.78,529.0,9.664408742578416,28.0
25.495,92.785,523.0,6.67592292471606,28.0
25.495,92.79,479.0,6.504634281949114,28.0
25.495,92.795,481.0,16.235792010273038,28.0
25.495,92.8,554.0,7.493070705420571,28.0
25.495,92.805,551.0,12.84579372031137,28.0
25.495,92.81,543.0,6.67592292471606,28.0
25.495,92.815,462.0,14.164976627383547,28.0
25.495,92.82,362.0,11.754735170671625,28.0
25.495,92.825,352.0,20.24989196488147,28.0
25.495,92.83,426.0,12.604382648379184,28.0
25.495,92.835,457.0,9.9063692721155,28.0
25.495,92.84,371.0,14.615430541128886,28.0
25.495,92.845,418.0,19.20228160882196,28.0
25.495,92.85,567.0,8.824258606545213,28.0
25.495,92.855,601.0,9.24597366655069,28.0
25.495,92.86,606.0,5.710593137499643,28.0
25.495,92.865,544.0,4.609363720543608,28.0
25.495,92.87,571.0,13.540792726885435,28.0
25.495,92.875,564.0,15.680141406453098,28.0
25.495,92.88,538.0,11.157292128087049,28.0
25.495,92.885,481.0,10.98810564233957,28.0
25.495,92.89,521.0,9.9063692721155,28.0
25.495,92.895,500.0,16.742977650935924,28.0
25.495,92.9,464.0,10.44746989776266,28.0
25.495,92.905,382.0,13.244750575284366,28.0
25.495,92.91,382.0,10.04852985013406,28.0
25.495,92.915,386.0,11.309932474020217,28.0
25.495,92.92,462.0,11.91191379484262,28.0
25.495,92.925,325.0,5.96026196814625,28.0
25.495,92.93,304.0,13.37091809860972,28.0
25.495,92.935,442.0,16.890625981975184,28.0
25.495,92.94,376.0,2.9189949338347145,28.0
25.495,92.945,275.0,12.51864147468042,28.0
25.495,92.95,359.0,16.742977650935924,28.0
25.495,92.955,344.0,9.398914043719726,28.0
25.495,92.96,360.0,8.842258533397425,28.0
25.495,92.965,316.0,2.2906100426385296,28.0
25.495,92.97,265.0,6.379370208442804,28.0
25.495,92.975,316.0,12.713660915082892,28.0
25.495,92.98,299.0,4.465877540190299,28.0
25.495,92.985,284.0,7.641405059952685,28.0
25.495,92.99,301.0,12.999985665815318,28.0
25.495,92.995,236.0,13.540792726885435,28.0
