id,sample_type,latitude,longitude,date,state,district,slide_name,material_involved,movement_type,slope,elevation_m,clay_percent,rain_day_minus_3_mm,rain_day_minus_2_mm,rain_day_minus_1_mm,rain_event_day_mm,target
ASM/HLKD/83D10/2016/59,real_landslide,24.511306,92.693028,2016-05-18,Assam,Hailakandi,Lalcherra Slide (Rabinala),Debris,Slide,4.76,39.0,28.6,8.1,5.5,23.0,28.0,1
ASM/HLKD/83D10/2016/59_neg1,real_non_landslide,24.511306,92.693028,2015-11-20,Assam,Hailakandi,Lalcherra Slide (Rabinala),Debris,Slide,4.76,39.0,28.6,0.0,0.0,0.0,0.0,0
ASM/HLKD/83D10/2016/59_neg2,real_non_landslide,24.511306,92.693028,2016-11-14,Assam,Hailakandi,Lalcherra Slide (Rabinala),Debris,Slide,4.76,39.0,28.6,2.4,1.1,0.0,0.0,0
ASM/CCR/83H2/2016/66,real_landslide,24.645417,93.005361,2016-08-31,Assam,Cachar,Khasiapunji slide,Debris,Slide,0.0,359.0,29.5,12.0,4.6,4.9,8.7,1
ASM/CCR/83H2/2016/66_neg1,real_non_landslide,24.645417,93.005361,2016-03-04,Assam,Cachar,Khasiapunji slide,Debris,Slide,0.0,359.0,29.5,0.1,0.0,0.0,0.2,0
ASM/CCR/83H2/2016/66_neg2,real_non_landslide,24.645417,93.005361,2017-02-27,Assam,Cachar,Khasiapunji slide,Debris,Slide,0.0,359.0,29.5,4.4,0.0,0.0,0.0,0
ASM/HLKD/83D10/2016/58,real_landslide,24.478972,92.682861,2016-05-17,Assam,Hailakandi,Terracherra Slide,Debris,Slide,9.46,56.0,27.2,12.4,8.1,5.5,23.0,1
ASM/HLKD/83D10/2016/58_neg1,real_non_landslide,24.478972,92.682861,2015-11-19,Assam,Hailakandi,Terracherra Slide,Debris,Slide,9.46,56.0,27.2,0.0,0.0,0.0,0.0,0
ASM/HLKD/83D10/2016/58_neg2,real_non_landslide,24.478972,92.682861,2016-11-13,Assam,Hailakandi,Terracherra Slide,Debris,Slide,9.46,56.0,27.2,1.9,2.4,1.1,0.0,0
AS/CAC/83D10/2009-10/AS-1,real_landslide,24.57025,92.685,2010-04-02,Assam,Cachar,Palgana slide,Debris,Slide,17.93,43.0,27.9,90.2,161.6,29.8,8.6,1
AS/CAC/83D10/2009-10/AS-1_neg1,real_non_landslide,24.57025,92.685,2009-10-04,Assam,Cachar,Palgana slide,Debris,Slide,17.93,43.0,27.9,0.2,1.7,31.1,13.9,0
AS/CAC/83D10/2009-10/AS-1_neg2,real_non_landslide,24.57025,92.685,2010-09-29,Assam,Cachar,Palgana slide,Debris,Slide,17.93,43.0,27.9,10.2,4.7,6.4,0.4,0
ASM/HLKD/83D10/2016/60,real_landslide,24.515944,92.540889,2016-05-18,Assam,Hailakandi,Ramchandi (Koyabasti),Earth,Slide,10.56,41.0,27.1,12.5,8.0,30.7,31.7,1
ASM/HLKD/83D10/2016/60_neg1,real_non_landslide,24.515944,92.540889,2015-11-20,Assam,Hailakandi,Ramchandi (Koyabasti),Earth,Slide,10.56,41.0,27.1,0.0,0.0,0.0,0.0,0
ASM/HLKD/83D10/2016/60_neg2,real_non_landslide,24.515944,92.540889,2016-11-14,Assam,Hailakandi,Ramchandi (Koyabasti),Earth,Slide,10.56,41.0,27.1,1.2,0.7,0.0,0.0,0
ASM/CHR/83D14/2020/0002,real_landslide,24.72192,92.90381,2020-06-05,Assam,Cachar,Govindnagar Slide,Debris,Slide,1.91,35.0,28.8,11.6,16.8,15.0,3.5,1
ASM/CHR/83D14/2020/0002_neg1,real_non_landslide,24.72192,92.90381,2019-12-08,Assam,Cachar,Govindnagar Slide,Debris,Slide,1.91,35.0,28.8,0.0,0.0,0.0,0.0,0
ASM/CHR/83D14/2020/0002_neg2,real_non_landslide,24.72192,92.90381,2020-12-02,Assam,Cachar,Govindnagar Slide,Debris,Slide,1.91,35.0,28.8,0.0,0.0,0.0,0.0,0
ASM/HLK/83D10/2020/004,real_landslide,24.70656,92.65008,2020-06-02,Assam,Hailakandi,Mohanpur Grant Slide 2,Debris,Slide,3.44,47.0,28.5,27.1,6.0,13.4,15.8,1
ASM/HLK/83D10/2020/004_neg1,real_non_landslide,24.70656,92.65008,2019-12-05,Assam,Hailakandi,Mohanpur Grant Slide 2,Debris,Slide,3.44,47.0,28.5,0.0,0.0,0.0,0.0,0
ASM/HLK/83D10/2020/004_neg2,real_non_landslide,24.70656,92.65008,2020-11-29,Assam,Hailakandi,Mohanpur Grant Slide 2,Debris,Slide,3.44,47.0,28.5,0.0,0.0,0.0,0.0,0
AS/KAR/83D06/2009-10/AS-2,real_landslide,24.710833,92.481167,2010-06-03,Assam,Karimganj,Rongpur slide,Debris,Slide,3.81,34.0,24.7,19.1,14.4,16.3,5.7,1
AS/KAR/83D06/2009-10/AS-2_neg1,real_non_landslide,24.710833,92.481167,2009-12-05,Assam,Karimganj,Rongpur slide,Debris,Slide,3.81,34.0,24.7,0.0,0.0,0.0,0.0,0
AS/KAR/83D06/2009-10/AS-2_neg2,real_non_landslide,24.710833,92.481167,2010-11-30,Assam,Karimganj,Rongpur slide,Debris,Slide,3.81,34.0,24.7,0.1,0.0,0.0,0.0,0
ASM/KRGJ/83D06/2016/61,real_landslide,24.659389,92.497361,2016-05-18,Assam,Karimganj,Rakhalbasti,Earth,Slide,5.71,24.0,27.6,11.0,7.3,56.7,55.8,1
ASM/KRGJ/83D06/2016/61_neg1,real_non_landslide,24.659389,92.497361,2015-11-20,Assam,Karimganj,Rakhalbasti,Earth,Slide,5.71,24.0,27.6,0.0,0.0,0.0,0.0,0
ASM/KRGJ/83D06/2016/61_neg2,real_non_landslide,24.659389,92.497361,2016-11-14,Assam,Karimganj,Rakhalbasti,Earth,Slide,5.71,24.0,27.6,0.8,0.2,0.0,0.0,0
ASM/HLK/83D10/2020/003,real_landslide,24.70364,92.64681,2020-06-02,Assam,Hailakandi,Mohanpur Grant Slide 1,Debris,Slide,20.14,47.0,28.7,27.1,6.0,13.4,15.8,1
ASM/HLK/83D10/2020/003_neg1,real_non_landslide,24.70364,92.64681,2019-12-05,Assam,Hailakandi,Mohanpur Grant Slide 1,Debris,Slide,20.14,47.0,28.7,0.0,0.0,0.0,0.0,0
ASM/HLK/83D10/2020/003_neg2,real_non_landslide,24.70364,92.64681,2020-11-29,Assam,Hailakandi,Mohanpur Grant Slide 1,Debris,Slide,20.14,47.0,28.7,0.0,0.0,0.0,0.0,0
ASM/HLK/83D09/2020/006,real_landslide,24.79489,92.55506,2020-06-02,Assam,Hailakandi,Chandipur Grant Slide,Debris,Slide,10.56,43.0,29.1,22.5,3.8,14.9,20.5,1
ASM/HLK/83D09/2020/006_neg1,real_non_landslide,24.79489,92.55506,2019-12-05,Assam,Hailakandi,Chandipur Grant Slide,Debris,Slide,10.56,43.0,29.1,0.0,0.0,0.0,0.0,0
ASM/HLK/83D09/2020/006_neg2,real_non_landslide,24.79489,92.55506,2020-11-29,Assam,Hailakandi,Chandipur Grant Slide,Debris,Slide,10.56,43.0,29.1,0.0,0.0,0.0,0.0,0
ASM/HLK/83D10/2020/005,real_landslide,24.73117,92.64739,2020-06-02,Assam,Hailakandi,Mohanpur Grant Slide 3,Debris,Slide,2.86,24.0,28.0,27.1,6.0,13.4,15.8,1
ASM/HLK/83D10/2020/005_neg1,real_non_landslide,24.73117,92.64739,2019-12-05,Assam,Hailakandi,Mohanpur Grant Slide 3,Debris,Slide,2.86,24.0,28.0,0.0,0.0,0.0,0.0,0
ASM/HLK/83D10/2020/005_neg2,real_non_landslide,24.73117,92.64739,2020-11-29,Assam,Hailakandi,Mohanpur Grant Slide 3,Debris,Slide,2.86,24.0,28.0,0.0,0.0,0.0,0.0,0
ASM/KGJ/83D05/2020/0008,real_landslide,24.78002778,92.45372222,2020-06-02,Assam,Karimganj,Karimpur Slide 2,Earth,Slide,7.59,52.0,26.2,16.6,3.0,14.8,21.3,1
ASM/KGJ/83D05/2020/0008_neg1,real_non_landslide,24.78002778,92.45372222,2019-12-05,Assam,Karimganj,Karimpur Slide 2,Earth,Slide,7.59,52.0,26.2,0.0,0.0,0.0,0.0,0
ASM/KGJ/83D05/2020/0008_neg2,real_non_landslide,24.78002778,92.45372222,2020-11-29,Assam,Karimganj,Karimpur Slide 2,Earth,Slide,7.59,52.0,26.2,0.0,0.0,0.0,0.0,0
ASM/CHR/83H01/2020/001,real_landslide,24.92097,93.07306,2020-06-02,Assam,Cachar,Kanakpur Slide,Earth,Slide,14.62,64.0,31.7,25.4,8.7,13.9,47.4,1
ASM/CHR/83H01/2020/001_neg1,real_non_landslide,24.92097,93.07306,2019-12-05,Assam,Cachar,Kanakpur Slide,Earth,Slide,14.62,64.0,31.7,0.0,0.0,0.0,0.0,0
ASM/CHR/83H01/2020/001_neg2,real_non_landslide,24.92097,93.07306,2020-11-29,Assam,Cachar,Kanakpur Slide,Earth,Slide,14.62,64.0,31.7,0.0,0.0,0.0,0.0,0
ASM/KGJ/83D05/2020/007,real_landslide,24.78380556,92.45563889,2020-06-02,Assam,Karimganj,Karimpur Slide 1,Earth,Slide,15.82,17.0,26.8,16.6,3.0,14.8,21.3,1
ASM/KGJ/83D05/2020/007_neg1,real_non_landslide,24.78380556,92.45563889,2019-12-05,Assam,Karimganj,Karimpur Slide 1,Earth,Slide,15.82,17.0,26.8,0.0,0.0,0.0,0.0,0
ASM/KGJ/83D05/2020/007_neg2,real_non_landslide,24.78380556,92.45563889,2020-11-29,Assam,Karimganj,Karimpur Slide 1,Earth,Slide,15.82,17.0,26.8,0.0,0.0,0.0,0.0,0
AS/NC/83C16/2009-10/AS-5,real_landslide,25.124306,92.904278,2010-04-02,Assam,Dima Hasao,Mailongdisa-Harangajao-2 slide,Debris,Slide,34.85,301.0,34.0,74.4,106.0,50.9,11.5,1
AS/NC/83C16/2009-10/AS-5_neg1,real_non_landslide,25.124306,92.904278,2009-10-04,Assam,Dima Hasao,Mailongdisa-Harangajao-2 slide,Debris,Slide,34.85,301.0,34.0,0.0,0.0,3.1,2.2,0
AS/NC/83C16/2009-10/AS-5_neg2,real_non_landslide,25.124306,92.904278,2010-09-29,Assam,Dima Hasao,Mailongdisa-Harangajao-2 slide,Debris,Slide,34.85,301.0,34.0,20.5,13.8,24.5,0.0,0
AS/DH/83G04/2018/003,real_landslide,25.224278,93.222861,2018-06-14,Assam,Dima Hasao,Phiding slide,Debris,Slide,9.46,620.0,35.0,13.5,90.2,136.0,63.8,1
AS/DH/83G04/2018/003_neg1,real_non_landslide,25.224278,93.222861,2017-12-16,Assam,Dima Hasao,Phiding slide,Debris,Slide,9.46,620.0,35.0,0.6,0.0,0.0,0.0,0
AS/DH/83G04/2018/003_neg2,real_non_landslide,25.224278,93.222861,2018-12-11,Assam,Dima Hasao,Phiding slide,Debris,Slide,9.46,620.0,35.0,0.2,0.0,0.0,0.0,0
AS/NC/83C16/2009-10/AS-4,real_landslide,25.121,92.915028,2010-06-20,Assam,Dima Hasao,Mailongdisa-Harangajao slide,Debris,Slide,21.05,319.0,31.8,5.0,6.0,24.6,69.4,1
AS/NC/83C16/2009-10/AS-4_neg1,real_non_landslide,25.121,92.915028,2009-12-22,Assam,Dima Hasao,Mailongdisa-Harangajao slide,Debris,Slide,21.05,319.0,31.8,0.2,0.0,0.0,0.0,0
AS/NC/83C16/2009-10/AS-4_neg2,real_non_landslide,25.121,92.915028,2010-12-17,Assam,Dima Hasao,Mailongdisa-Harangajao slide,Debris,Slide,21.05,319.0,31.8,0.0,0.0,0.0,0.0,0
AS/NC/83C16/2009-10/AS-3,real_landslide,25.124583,92.989111,2010-06-16,Assam,Dima Hasao,Jatinga-Longrangajao slide,Debris,Slide,6.65,545.0,32.9,22.2,25.3,15.1,9.6,1
AS/NC/83C16/2009-10/AS-3_neg1,real_non_landslide,25.124583,92.989111,2009-12-18,Assam,Dima Hasao,Jatinga-Longrangajao slide,Debris,Slide,6.65,545.0,32.9,0.0,0.0,0.0,0.1,0
AS/NC/83C16/2009-10/AS-3_neg2,real_non_landslide,25.124583,92.989111,2010-12-13,Assam,Dima Hasao,Jatinga-Longrangajao slide,Debris,Slide,6.65,545.0,32.9,1.5,0.3,0.0,0.0,0
AS/DH/83C16/2018/002,real_landslide,25.146306,93.942167,2018-06-14,Assam,Dima Hasao,Jatinga Lampur landslide.,Debris,Slide,0.0,1287.0,32.9,29.1,78.4,124.8,29.8,1
AS/DH/83C16/2018/002_neg1,real_non_landslide,25.146306,93.942167,2017-12-16,Assam,Dima Hasao,Jatinga Lampur landslide.,Debris,Slide,0.0,1287.0,32.9,0.4,0.0,0.0,0.0,0
AS/DH/83C16/2018/002_neg2,real_non_landslide,25.146306,93.942167,2018-12-11,Assam,Dima Hasao,Jatinga Lampur landslide.,Debris,Slide,0.0,1287.0,32.9,0.0,0.0,0.0,2.2,0
AS/NC/83G04/2009-10/AS-6,real_landslide,25.229556,93.1556,2010-04-02,Assam,Dima Hasao,Mahur-Wadringdisa slide,Debris,Slide,12.23,477.0,35.1,31.5,10.0,3.5,2.7,1
AS/NC/83G04/2009-10/AS-6_neg1,real_non_landslide,25.229556,93.1556,2009-10-04,Assam,Dima Hasao,Mahur-Wadringdisa slide,Debris,Slide,12.23,477.0,35.1,0.1,0.7,5.6,4.0,0
AS/NC/83G04/2009-10/AS-6_neg2,real_non_landslide,25.229556,93.1556,2010-09-29,Assam,Dima Hasao,Mahur-Wadringdisa slide,Debris,Slide,12.23,477.0,35.1,16.2,2.2,18.1,0.5,0
AS/DH/83C16/2018/001,real_landslide,26.11,94.76,2018-06-14,Assam,Dima Hasao,Bandarkhal landslide.,Debris,Slide,16.0,1025.0,29.2,39.5,85.4,58.1,16.1,1
AS/DH/83C16/2018/001_neg1,real_non_landslide,26.11,94.76,2017-12-16,Assam,Dima Hasao,Bandarkhal landslide.,Debris,Slide,16.0,1025.0,29.2,5.5,0.0,0.6,0.0,0
AS/DH/83C16/2018/001_neg2,real_non_landslide,26.11,94.76,2018-12-11,Assam,Dima Hasao,Bandarkhal landslide.,Debris,Slide,16.0,1025.0,29.2,0.0,0.0,0.0,3.8,0
AS/KRP/78N16/2018/001,real_landslide,26.112667,91.853889,2018-08-24,Assam,Kamrup,Shankardev Nagar slide,Debris,Slide,22.41,190.0,26.9,19.5,14.6,9.6,17.2,1
AS/KRP/78N16/2018/001_neg1,real_non_landslide,26.112667,91.853889,2018-02-25,Assam,Kamrup,Shankardev Nagar slide,Debris,Slide,22.41,190.0,26.9,0.0,0.5,0.6,2.2,0
AS/KRP/78N16/2018/001_neg2,real_non_landslide,26.112667,91.853889,2019-02-20,Assam,Kamrup,Shankardev Nagar slide,Debris,Slide,22.41,190.0,26.9,0.5,1.8,0.2,0.2,0
AS/DH/83G04/2018/004,real_landslide,26.098167,91.881278,2018-06-14,Assam,Dima Hasao,Dautohaja Tunnel No. 3 slide.,Debris,Slide,0.0,83.0,29.3,4.7,8.0,8.0,10.1,1
AS/DH/83G04/2018/004_neg1,real_non_landslide,26.098167,91.881278,2017-12-16,Assam,Dima Hasao,Dautohaja Tunnel No. 3 slide.,Debris,Slide,0.0,83.0,29.3,0.0,0.0,0.0,0.0,0
AS/DH/83G04/2018/004_neg2,real_non_landslide,26.098167,91.881278,2018-12-11,Assam,Dima Hasao,Dautohaja Tunnel No. 3 slide.,Debris,Slide,0.0,83.0,29.3,0.0,0.0,0.0,0.0,0
AS/KAM(M)/78N12/2023/01,real_landslide,26.1505375,91.72798139,2023-06-17,Assam,Kamrup (Metro),Dhirenpara,Earth,Slide,20.14,110.0,27.6,24.0,12.3,22.8,52.3,1
AS/KAM(M)/78N12/2023/01_neg1,real_non_landslide,26.1505375,91.72798139,2022-12-19,Assam,Kamrup (Metro),Dhirenpara,Earth,Slide,20.14,110.0,27.6,0.6,0.0,0.0,0.0,0
AS/KAM(M)/78N12/2023/01_neg2,real_non_landslide,26.1505375,91.72798139,2023-12-14,Assam,Kamrup (Metro),Dhirenpara,Earth,Slide,20.14,110.0,27.6,0.2,1.2,4.5,0.4,0
ASM/KMP/78N16/2017/06,real_landslide,26.18842,91.85125,2017-06-16,Assam,Kamrup (Metro),Bonda-Hajongdisa slide,Earth,Slide,41.99,155.0,29.8,65.4,1.1,7.9,44.0,1
ASM/KMP/78N16/2017/06_neg1,real_non_landslide,26.18842,91.85125,2016-12-18,Assam,Kamrup (Metro),Bonda-Hajongdisa slide,Earth,Slide,41.99,155.0,29.8,0.0,0.0,0.0,0.3,0
ASM/KMP/78N16/2017/06_neg2,real_non_landslide,26.18842,91.85125,2017-12-13,Assam,Kamrup (Metro),Bonda-Hajongdisa slide,Earth,Slide,41.99,155.0,29.8,0.0,0.3,0.1,0.0,0
ASM/KAM/78N16/2017/08,real_landslide,26.19081,91.84528,2017-07-04,Assam,Kamrup (Metro),Bonda colony slide no. 2,Earth,Slide,10.76,59.0,28.5,53.1,26.9,66.9,36.8,1
ASM/KAM/78N16/2017/08_neg1,real_non_landslide,26.19081,91.84528,2017-01-05,Assam,Kamrup (Metro),Bonda colony slide no. 2,Earth,Slide,10.76,59.0,28.5,0.0,0.0,2.3,0.1,0
ASM/KAM/78N16/2017/08_neg2,real_non_landslide,26.19081,91.84528,2017-12-31,Assam,Kamrup (Metro),Bonda colony slide no. 2,Earth,Slide,10.76,59.0,28.5,0.0,0.0,0.0,0.0,0
ASM/KAM/78N16/2017/09,real_landslide,26.20536,91.86497,2017-07-03,Assam,Kamrup (Metro),Panikhaiti–Bongaon slide,Debris,Slide,8.53,81.0,29.3,23.2,53.1,26.9,66.9,1
ASM/KAM/78N16/2017/09_neg1,real_non_landslide,26.20536,91.86497,2017-01-04,Assam,Kamrup (Metro),Panikhaiti–Bongaon slide,Debris,Slide,8.53,81.0,29.3,0.0,0.0,0.0,2.3,0
ASM/KAM/78N16/2017/09_neg2,real_non_landslide,26.20536,91.86497,2017-12-30,Assam,Kamrup (Metro),Panikhaiti–Bongaon slide,Debris,Slide,8.53,81.0,29.3,0.0,0.0,0.0,0.0,0
ASM/KAM/78N16/2017/07,real_landslide,26.37456,91.84561,2017-07-04,Assam,Kamrup (Metro),Bonda colony slide no. 1,Earth,Slide,7.59,54.0,29.0,66.1,19.9,54.8,41.6,1
ASM/KAM/78N16/2017/07_neg1,real_non_landslide,26.37456,91.84561,2017-01-05,Assam,Kamrup (Metro),Bonda colony slide no. 1,Earth,Slide,7.59,54.0,29.0,0.0,0.0,0.0,0.0,0
ASM/KAM/78N16/2017/07_neg2,real_non_landslide,26.37456,91.84561,2017-12-31,Assam,Kamrup (Metro),Bonda colony slide no. 1,Earth,Slide,7.59,54.0,29.0,0.0,0.0,0.0,0.0,0
AS/UDA/83B01/2021/02,real_landslide,26.88969,92.12266,2021-04-28,Assam,Udalguri,,Rock-cum- debris,Falls,3.81,228.0,26.5,0.9,1.9,0.1,0.1,1
AS/UDA/83B01/2021/02_neg1,real_non_landslide,26.88969,92.12266,2020-10-30,Assam,Udalguri,,Rock-cum- debris,Falls,3.81,228.0,26.5,0.6,0.0,0.0,0.0,0
AS/UDA/83B01/2021/02_neg2,real_non_landslide,26.88969,92.12266,2021-10-25,Assam,Udalguri,,Rock-cum- debris,Falls,3.81,228.0,26.5,0.3,0.0,0.0,1.4,0
AS/UDA/83B01/2021/01,real_landslide,26.89074,92.12068,2021-04-28,Assam,Udalguri,,Rock-cum- debris,Falls,34.38,211.0,26.6,0.9,1.9,0.1,0.1,1
AS/UDA/83B01/2021/01_neg1,real_non_landslide,26.89074,92.12068,2020-10-30,Assam,Udalguri,,Rock-cum- debris,Falls,34.38,211.0,26.6,0.6,0.0,0.0,0.0,0
AS/UDA/83B01/2021/01_neg2,real_non_landslide,26.89074,92.12068,2021-10-25,Assam,Udalguri,,Rock-cum- debris,Falls,34.38,211.0,26.6,0.3,0.0,0.0,1.4,0
AS/KAM(M)/76N16/2024/2,real_landslide,26.11464,91.83886,2024-07-05,Assam,Kamrup (Metro),Garo Basti Slide,Earth,Slide,7.59,165.0,29.6,31.9,24.8,21.5,17.4,1
AS/KAM(M)/76N16/2024/2_neg1,real_non_landslide,26.11464,91.83886,2024-01-07,Assam,Kamrup (Metro),Garo Basti Slide,Earth,Slide,7.59,165.0,29.6,0.0,0.0,0.0,0.0,0
AS/KAM(M)/76N16/2024/2_neg2,real_non_landslide,26.11464,91.83886,2025-01-01,Assam,Kamrup (Metro),Garo Basti Slide,Earth,Slide,7.59,165.0,29.6,0.0,0.0,0.0,0.0,0
ASM/DH/83G04/2022-23/014,real_landslide,25.16736,93.00953,2022-05-15,Assam,Dima Hasao,South Bagetar Slide 1,Debris,Slide,27.32,636.0,32.2,18.8,18.2,30.9,12.2,1
ASM/DH/83G04/2022-23/014_neg1,real_non_landslide,25.16736,93.00953,2021-11-16,Assam,Dima Hasao,South Bagetar Slide 1,Debris,Slide,27.32,636.0,32.2,0.2,0.0,0.0,0.0,0
ASM/DH/83G04/2022-23/014_neg2,real_non_landslide,25.16736,93.00953,2022-11-11,Assam,Dima Hasao,South Bagetar Slide 1,Debris,Slide,27.32,636.0,32.2,0.0,0.0,0.0,0.0,0
ASM/DH/83G04/2022-23/017,real_landslide,25.16023,93.01084,2022-05-14,Assam,Dima Hasao,Kana Basti Slide 2,Debris,Slide,25.64,590.0,35.1,27.3,18.8,18.2,30.9,1
ASM/DH/83G04/2022-23/017_neg1,real_non_landslide,25.16023,93.01084,2021-11-15,Assam,Dima Hasao,Kana Basti Slide 2,Debris,Slide,25.64,590.0,35.1,0.5,0.2,0.0,0.0,0
ASM/DH/83G04/2022-23/017_neg2,real_non_landslide,25.16023,93.01084,2022-11-10,Assam,Dima Hasao,Kana Basti Slide 2,Debris,Slide,25.64,590.0,35.1,0.0,0.0,0.0,0.0,0
ASM/DH/83G04/2022-23/018,real_landslide,25.162389,93.010222,2022-04-14,Assam,Dima Hasao,Natun Basti Slide 1,Debris,Slide,22.37,574.0,33.9,4.4,1.0,7.5,4.2,1
ASM/DH/83G04/2022-23/018_neg1,real_non_landslide,25.162389,93.010222,2021-10-16,Assam,Dima Hasao,Natun Basti Slide 1,Debris,Slide,22.37,574.0,33.9,5.2,0.0,1.9,4.1,0
ASM/DH/83G04/2022-23/018_neg2,real_non_landslide,25.162389,93.010222,2022-10-11,Assam,Dima Hasao,Natun Basti Slide 1,Debris,Slide,22.37,574.0,33.9,3.7,7.1,0.1,0.9,0
ASM/DH/83G04/2022-23/029,real_landslide,25.170194,93.007389,2022-05-15,Assam,Dima Hasao,Dibarai Slide,Debris,Slide,21.84,701.0,29.9,18.8,18.2,30.9,12.2,1
ASM/DH/83G04/2022-23/029_neg1,real_non_landslide,25.170194,93.007389,2021-11-16,Assam,Dima Hasao,Dibarai Slide,Debris,Slide,21.84,701.0,29.9,0.2,0.0,0.0,0.0,0
ASM/DH/83G04/2022-23/029_neg2,real_non_landslide,25.170194,93.007389,2022-11-11,Assam,Dima Hasao,Dibarai Slide,Debris,Slide,21.84,701.0,29.9,0.0,0.0,0.0,0.0,0
ASM/DH/83G04/2022-23/015,real_landslide,25.16579,93.00948,2022-05-14,Assam,Dima Hasao,South Bagetar Slide 2,Debris,Slide,26.57,577.0,33.2,27.3,18.8,18.2,30.9,1
ASM/DH/83G04/2022-23/015_neg1,real_non_landslide,25.16579,93.00948,2021-11-15,Assam,Dima Hasao,South Bagetar Slide 2,Debris,Slide,26.57,577.0,33.2,0.5,0.2,0.0,0.0,0
ASM/DH/83G04/2022-23/015_neg2,real_non_landslide,25.16579,93.00948,2022-11-10,Assam,Dima Hasao,South Bagetar Slide 2,Debris,Slide,26.57,577.0,33.2,0.0,0.0,0.0,0.0,0
AS/KAMRUP/78N12/2015- 16/0004,real_landslide,26.09961111,91.87811111,2014-09-25,Assam,Kamrup,Jorabat-Khanapara,Earth,Slide the loose soil from top (already cut in the area) due to heavy rain.,2.86,84.0,28.2,33.9,58.7,16.0,12.1,1
AS/KAMRUP/78N12/2015- 16/0004_neg1,real_non_landslide,26.09961111,91.87811111,2014-03-29,Assam,Kamrup,Jorabat-Khanapara,Earth,Slide the loose soil from top (already cut in the area) due to heavy rain.,2.86,84.0,28.2,0.3,0.3,0.7,0.0,0
AS/KAMRUP/78N12/2015- 16/0004_neg2,real_non_landslide,26.09961111,91.87811111,2015-03-24,Assam,Kamrup,Jorabat-Khanapara,Earth,Slide the loose soil from top (already cut in the area) due to heavy rain.,2.86,84.0,28.2,0.0,0.0,0.0,0.2,0
ASM/DH/83G04/2022-23/016,real_landslide,25.15859,93.01292,2022-05-14,Assam,Dima Hasao,Kana Basti Slide 1,Debris,Slide,18.43,581.0,34.7,27.3,18.8,18.2,30.9,1
ASM/DH/83G04/2022-23/016_neg1,real_non_landslide,25.15859,93.01292,2021-11-15,Assam,Dima Hasao,Kana Basti Slide 1,Debris,Slide,18.43,581.0,34.7,0.5,0.2,0.0,0.0,0
ASM/DH/83G04/2022-23/016_neg2,real_non_landslide,25.15859,93.01292,2022-11-10,Assam,Dima Hasao,Kana Basti Slide 1,Debris,Slide,18.43,581.0,34.7,0.0,0.0,0.0,0.0,0
AS/KAMRUP/78N12/2015- 16/0003,real_landslide,26.14944444,91.748,2014-09-23,Assam,Kamrup,"Kalapahar, Binobha Nagar.",Earth,Slide,34.99,156.0,29.7,58.6,27.7,55.8,16.5,1
AS/KAMRUP/78N12/2015- 16/0003_neg1,real_non_landslide,26.14944444,91.748,2014-03-27,Assam,Kamrup,"Kalapahar, Binobha Nagar.",Earth,Slide,34.99,156.0,29.7,0.0,0.1,0.6,1.7,0
AS/KAMRUP/78N12/2015- 16/0003_neg2,real_non_landslide,26.14944444,91.748,2015-03-22,Assam,Kamrup,"Kalapahar, Binobha Nagar.",Earth,Slide,34.99,156.0,29.7,0.0,0.0,0.0,0.0,0
ASM/DH/83G04/2022-23/027,real_landslide,25.15556,93.021583,2022-05-14,Assam,Dima Hasao,Mahadev Tilla Slide 1,Debris,Slide,19.47,601.0,31.4,27.3,18.8,18.2,30.9,1
ASM/DH/83G04/2022-23/027_neg1,real_non_landslide,25.15556,93.021583,2021-11-15,Assam,Dima Hasao,Mahadev Tilla Slide 1,Debris,Slide,19.47,601.0,31.4,0.5,0.2,0.0,0.0,0
ASM/DH/83G04/2022-23/027_neg2,real_non_landslide,25.15556,93.021583,2022-11-10,Assam,Dima Hasao,Mahadev Tilla Slide 1,Debris,Slide,19.47,601.0,31.4,0.0,0.0,0.0,0.0,0
ASM/DH/83G04/2022-23/026,real_landslide,25.158138,93.024778,2022-05-15,Assam,Dima Hasao,Lower Songpijang Slide 1,Earth,Slide,20.08,554.0,31.5,18.8,18.2,30.9,12.2,1
ASM/DH/83G04/2022-23/026_neg1,real_non_landslide,25.158138,93.024778,2021-11-16,Assam,Dima Hasao,Lower Songpijang Slide 1,Earth,Slide,20.08,554.0,31.5,0.2,0.0,0.0,0.0,0
ASM/DH/83G04/2022-23/026_neg2,real_non_landslide,25.158138,93.024778,2022-11-11,Assam,Dima Hasao,Lower Songpijang Slide 1,Earth,Slide,20.08,554.0,31.5,0.0,0.0,0.0,0.0,0
ASM/DH/83G4/ PD/2016/55,real_landslide,25.24194444,93.14319444,2016-05-22,Assam,Dima Hasao (N.C. Hills),Nutan Lampur slide -1,Debris,Slide,27.51,628.0,32.4,50.8,8.9,58.8,23.1,1
ASM/DH/83G4/ PD/2016/55_neg1,real_non_landslide,25.24194444,93.14319444,2015-11-24,Assam,Dima Hasao (N.C. Hills),Nutan Lampur slide -1,Debris,Slide,27.51,628.0,32.4,0.0,0.0,0.0,0.0,0
ASM/DH/83G4/ PD/2016/55_neg2,real_non_landslide,25.24194444,93.14319444,2016-11-18,Assam,Dima Hasao (N.C. Hills),Nutan Lampur slide -1,Debris,Slide,27.51,628.0,32.4,0.0,0.0,0.0,0.0,0
ASM/DH/83G4/ PD/2016/04,real_landslide,25.41733333,93.12908333,2016-05-22,Assam,Dima Hasao (N.C. Hills),Mupa – Langting RF Rock slide,Rock,Slide,17.55,369.0,33.0,29.7,5.2,56.0,18.7,1
ASM/DH/83G4/ PD/2016/04_neg1,real_non_landslide,25.41733333,93.12908333,2015-11-24,Assam,Dima Hasao (N.C. Hills),Mupa – Langting RF Rock slide,Rock,Slide,17.55,369.0,33.0,0.0,0.0,0.0,0.0,0
ASM/DH/83G4/ PD/2016/04_neg2,real_non_landslide,25.41733333,93.12908333,2016-11-18,Assam,Dima Hasao (N.C. Hills),Mupa – Langting RF Rock slide,Rock,Slide,17.55,369.0,33.0,0.0,0.0,0.0,0.0,0
ASM/DH/83G04/2022-23/024,real_landslide,25.17044,93.025325,2022-05-15,Assam,Dima Hasao,Tularam Raji Slide 1,Debris,Slide,0.0,469.0,31.8,18.8,18.2,30.9,12.2,1
ASM/DH/83G04/2022-23/024_neg1,real_non_landslide,25.17044,93.025325,2021-11-16,Assam,Dima Hasao,Tularam Raji Slide 1,Debris,Slide,0.0,469.0,31.8,0.2,0.0,0.0,0.0,0
ASM/DH/83G04/2022-23/024_neg2,real_non_landslide,25.17044,93.025325,2022-11-11,Assam,Dima Hasao,Tularam Raji Slide 1,Debris,Slide,0.0,469.0,31.8,0.0,0.0,0.0,0.0,0
ASM/DH/83G04/2022-23/025,real_landslide,25.16804,93.02503,2022-05-14,Assam,Dima Hasao,Tularam Raji Slide 2,Debris,Slide,22.09,479.0,29.6,27.3,18.8,18.2,30.9,1
ASM/DH/83G04/2022-23/025_neg1,real_non_landslide,25.16804,93.02503,2021-11-15,Assam,Dima Hasao,Tularam Raji Slide 2,Debris,Slide,22.09,479.0,29.6,0.5,0.2,0.0,0.0,0
ASM/DH/83G04/2022-23/025_neg2,real_non_landslide,25.16804,93.02503,2022-11-10,Assam,Dima Hasao,Tularam Raji Slide 2,Debris,Slide,22.09,479.0,29.6,0.0,0.0,0.0,0.0,0
ASM/DH/83G04/2022-23/044,real_landslide,25.168083,93.024922,2022-05-14,Assam,Dima Hasao,Tularam Raji Slide 3,Earth,Slide,21.61,502.0,29.6,27.3,18.8,18.2,30.9,1
ASM/DH/83G04/2022-23/044_neg1,real_non_landslide,25.168083,93.024922,2021-11-15,Assam,Dima Hasao,Tularam Raji Slide 3,Earth,Slide,21.61,502.0,29.6,0.5,0.2,0.0,0.0,0
ASM/DH/83G04/2022-23/044_neg2,real_non_landslide,25.168083,93.024922,2022-11-10,Assam,Dima Hasao,Tularam Raji Slide 3,Earth,Slide,21.61,502.0,29.6,0.0,0.0,0.0,0.0,0
ASM/DH/83G4/ PD/2016/53,real_landslide,25.18955556,93.09641667,2016-05-22,Assam,Dima Hasao (N.C. Hills),Mahur railway station slide,Debris,Slide,7.59,549.0,33.6,88.0,9.3,76.9,21.3,1
ASM/DH/83G4/ PD/2016/53_neg1,real_non_landslide,25.18955556,93.09641667,2015-11-24,Assam,Dima Hasao (N.C. Hills),Mahur railway station slide,Debris,Slide,7.59,549.0,33.6,0.0,0.0,0.0,0.0,0
ASM/DH/83G4/ PD/2016/53_neg2,real_non_landslide,25.18955556,93.09641667,2016-11-18,Assam,Dima Hasao (N.C. Hills),Mahur railway station slide,Debris,Slide,7.59,549.0,33.6,0.0,0.0,0.0,0.0,0
ASM/DH/83G04/2022-23/045,real_landslide,25.1638056,93.010861,2022-05-15,Assam,Dima Hasao,Natun Basti Slide 4,Debris,Slide,25.8,599.0,33.9,18.8,18.2,30.9,12.2,1
ASM/DH/83G04/2022-23/045_neg1,real_non_landslide,25.1638056,93.010861,2021-11-16,Assam,Dima Hasao,Natun Basti Slide 4,Debris,Slide,25.8,599.0,33.9,0.2,0.0,0.0,0.0,0
ASM/DH/83G04/2022-23/045_neg2,real_non_landslide,25.1638056,93.010861,2022-11-11,Assam,Dima Hasao,Natun Basti Slide 4,Debris,Slide,25.8,599.0,33.9,0.0,0.0,0.0,0.0,0
ASM/DH/83G4/ PD/2016/56,real_landslide,25.27480556,93.14555556,2016-05-22,Assam,Dima Hasao (N.C. Hills),Nutan Lampur slide -2,Rock,Slide,26.13,507.0,34.9,50.8,8.9,58.8,23.1,1
ASM/DH/83G4/ PD/2016/56_neg1,real_non_landslide,25.27480556,93.14555556,2015-11-24,Assam,Dima Hasao (N.C. Hills),Nutan Lampur slide -2,Rock,Slide,26.13,507.0,34.9,0.0,0.0,0.0,0.0,0
ASM/DH/83G4/ PD/2016/56_neg2,real_non_landslide,25.27480556,93.14555556,2016-11-18,Assam,Dima Hasao (N.C. Hills),Nutan Lampur slide -2,Rock,Slide,26.13,507.0,34.9,0.0,0.0,0.0,0.0,0
ASM/DH/83G04/2022-23/032,real_landslide,25.17483,93.019861,2022-05-15,Assam,Dima Hasao,Moulhoi Slide 3,Debris,Slide,40.36,654.0,27.4,18.8,18.2,30.9,12.2,1
ASM/DH/83G04/2022-23/032_neg1,real_non_landslide,25.17483,93.019861,2021-11-16,Assam,Dima Hasao,Moulhoi Slide 3,Debris,Slide,40.36,654.0,27.4,0.2,0.0,0.0,0.0,0
ASM/DH/83G04/2022-23/032_neg2,real_non_landslide,25.17483,93.019861,2022-11-11,Assam,Dima Hasao,Moulhoi Slide 3,Debris,Slide,40.36,654.0,27.4,0.0,0.0,0.0,0.0,0
ASM/DH/83G04/2022-23/039,real_landslide,25.16649,93.02289,2022-05-15,Assam,Dima Hasao,Lower Songpijang slide 3,Debris,Slide,12.23,570.0,29.6,18.8,18.2,30.9,12.2,1
ASM/DH/83G04/2022-23/039_neg1,real_non_landslide,25.16649,93.02289,2021-11-16,Assam,Dima Hasao,Lower Songpijang slide 3,Debris,Slide,12.23,570.0,29.6,0.2,0.0,0.0,0.0,0
ASM/DH/83G04/2022-23/039_neg2,real_non_landslide,25.16649,93.02289,2022-11-11,Assam,Dima Hasao,Lower Songpijang slide 3,Debris,Slide,12.23,570.0,29.6,0.0,0.0,0.0,0.0,0
ASM/DH/83G04/2022-23/040,real_landslide,25.16497,93.02275,2022-05-15,Assam,Dima Hasao,Lower Songpijang slide 4,Debris,Slide,36.73,599.0,30.2,18.8,18.2,30.9,12.2,1
ASM/DH/83G04/2022-23/040_neg1,real_non_landslide,25.16497,93.02275,2021-11-16,Assam,Dima Hasao,Lower Songpijang slide 4,Debris,Slide,36.73,599.0,30.2,0.2,0.0,0.0,0.0,0
ASM/DH/83G04/2022-23/040_neg2,real_non_landslide,25.16497,93.02275,2022-11-11,Assam,Dima Hasao,Lower Songpijang slide 4,Debris,Slide,36.73,599.0,30.2,0.0,0.0,0.0,0.0,0
ASM/DH/83G04/2022-23/033,real_landslide,25.1568056,93.019722,2022-05-13,Assam,Dima Hasao,Mahadev Tilla slide 2,Debris,Slide,42.79,673.0,31.9,8.1,27.3,18.8,18.2,1
ASM/DH/83G04/2022-23/033_neg1,real_non_landslide,25.1568056,93.019722,2021-11-14,Assam,Dima Hasao,Mahadev Tilla slide 2,Debris,Slide,42.79,673.0,31.9,0.1,0.5,0.2,0.0,0
ASM/DH/83G04/2022-23/033_neg2,real_non_landslide,25.1568056,93.019722,2022-11-09,Assam,Dima Hasao,Mahadev Tilla slide 2,Debris,Slide,42.79,673.0,31.9,0.5,0.0,0.0,0.0,0
ASM/DH/83G04/2022-23/041,real_landslide,25.1655,93.02556,2022-05-15,Assam,Dima Hasao,Lower Songpijang Slide 5,Debris,Slide,19.29,515.0,30.1,18.8,18.2,30.9,12.2,1
ASM/DH/83G04/2022-23/041_neg1,real_non_landslide,25.1655,93.02556,2021-11-16,Assam,Dima Hasao,Lower Songpijang Slide 5,Debris,Slide,19.29,515.0,30.1,0.2,0.0,0.0,0.0,0
ASM/DH/83G04/2022-23/041_neg2,real_non_landslide,25.1655,93.02556,2022-11-11,Assam,Dima Hasao,Lower Songpijang Slide 5,Debris,Slide,19.29,515.0,30.1,0.0,0.0,0.0,0.0,0
ASM/DH/83C16/2022-23/042,real_landslide,25.16427,92.99788,2022-05-15,Assam,Dima Hasao,Kokai Punchi Slide,Debris,Slide,14.04,502.0,34.4,18.8,18.2,30.9,12.2,1
ASM/DH/83C16/2022-23/042_neg1,real_non_landslide,25.16427,92.99788,2021-11-16,Assam,Dima Hasao,Kokai Punchi Slide,Debris,Slide,14.04,502.0,34.4,0.2,0.0,0.0,0.0,0
ASM/DH/83C16/2022-23/042_neg2,real_non_landslide,25.16427,92.99788,2022-11-11,Assam,Dima Hasao,Kokai Punchi Slide,Debris,Slide,14.04,502.0,34.4,0.0,0.0,0.0,0.0,0
ASM/DH/83G04/2022-23/043,real_landslide,25.17425,93.00244,2022-05-15,Assam,Dima Hasao,Fiangpui Presbyterian church Slide,Debris,Slide,39.1,706.0,30.3,18.8,18.2,30.9,12.2,1
ASM/DH/83G04/2022-23/043_neg1,real_non_landslide,25.17425,93.00244,2021-11-16,Assam,Dima Hasao,Fiangpui Presbyterian church Slide,Debris,Slide,39.1,706.0,30.3,0.2,0.0,0.0,0.0,0
ASM/DH/83G04/2022-23/043_neg2,real_non_landslide,25.17425,93.00244,2022-11-11,Assam,Dima Hasao,Fiangpui Presbyterian church Slide,Debris,Slide,39.1,706.0,30.3,0.0,0.0,0.0,0.0,0
ASM/DH/83G4/PD/2016/02,real_landslide,25.14677778,93.03097222,2016-05-17,Assam,Dima Hasao (N.C. Hills),New Haflong R. S slide(1),Debris,Slide,32.78,470.0,35.5,34.8,33.2,0.4,12.4,1
ASM/DH/83G4/PD/2016/02_neg1,real_non_landslide,25.14677778,93.03097222,2015-11-19,Assam,Dima Hasao (N.C. Hills),New Haflong R. S slide(1),Debris,Slide,32.78,470.0,35.5,0.0,0.9,0.9,0.0,0
ASM/DH/83G4/PD/2016/02_neg2,real_non_landslide,25.14677778,93.03097222,2016-11-13,Assam,Dima Hasao (N.C. Hills),New Haflong R. S slide(1),Debris,Slide,32.78,470.0,35.5,1.1,1.2,0.0,0.0,0
ASM/DH/83G4/ PD/2016 /01,real_landslide,25.17986111,93.07077778,2016-05-17,Assam,Dima Hasao (N.C. Hills),Migrendisa slide,Debris,Slide,21.47,507.0,31.7,34.8,33.2,0.4,12.4,1
ASM/DH/83G4/ PD/2016 /01_neg1,real_non_landslide,25.17986111,93.07077778,2015-11-19,Assam,Dima Hasao (N.C. Hills),Migrendisa slide,Debris,Slide,21.47,507.0,31.7,0.0,0.9,0.9,0.0,0
ASM/DH/83G4/ PD/2016 /01_neg2,real_non_landslide,25.17986111,93.07077778,2016-11-13,Assam,Dima Hasao (N.C. Hills),Migrendisa slide,Debris,Slide,21.47,507.0,31.7,1.1,1.2,0.0,0.0,0
ASM/DH/83G04/2022-23/047,real_landslide,25.162667,93.009806,2022-05-14,Assam,Dima Hasao,Natun Basti Slide 5,Debris,Slide,26.54,538.0,33.9,27.3,18.8,18.2,30.9,1
ASM/DH/83G04/2022-23/047_neg1,real_non_landslide,25.162667,93.009806,2021-11-15,Assam,Dima Hasao,Natun Basti Slide 5,Debris,Slide,26.54,538.0,33.9,0.5,0.2,0.0,0.0,0
ASM/DH/83G04/2022-23/047_neg2,real_non_landslide,25.162667,93.009806,2022-11-10,Assam,Dima Hasao,Natun Basti Slide 5,Debris,Slide,26.54,538.0,33.9,0.0,0.0,0.0,0.0,0
ASM/DH/83G04/2022-23/038,real_landslide,25.16553,93.02172,2022-05-15,Assam,Dima Hasao,Lower Songpijang slide 2,Debris,Slide,29.83,634.0,28.8,18.8,18.2,30.9,12.2,1
ASM/DH/83G04/2022-23/038_neg1,real_non_landslide,25.16553,93.02172,2021-11-16,Assam,Dima Hasao,Lower Songpijang slide 2,Debris,Slide,29.83,634.0,28.8,0.2,0.0,0.0,0.0,0
ASM/DH/83G04/2022-23/038_neg2,real_non_landslide,25.16553,93.02172,2022-11-11,Assam,Dima Hasao,Lower Songpijang slide 2,Debris,Slide,29.83,634.0,28.8,0.0,0.0,0.0,0.0,0
ASM/DH/83G4/ PD/2016/25,real_landslide,25.15561111,93.02222222,2016-05-17,Assam,Dima Hasao,Mahadev Tila slide-2,Debris,Slide,6.85,604.0,31.3,34.8,33.2,0.4,12.4,1
ASM/DH/83G4/ PD/2016/25_neg1,real_non_landslide,25.15561111,93.02222222,2015-11-19,Assam,Dima Hasao,Mahadev Tila slide-2,Debris,Slide,6.85,604.0,31.3,0.0,0.9,0.9,0.0,0
ASM/DH/83G4/ PD/2016/25_neg2,real_non_landslide,25.15561111,93.02222222,2016-11-13,Assam,Dima Hasao,Mahadev Tila slide-2,Debris,Slide,6.85,604.0,31.3,1.1,1.2,0.0,0.0,0
ASM/DH/83G4/PD/2016/26,real_landslide,25.15658333,93.01961111,2016-05-22,Assam,Dima Hasao,Haflong-Jatinga road section slide-01,Debris,Slide,40.36,622.0,31.9,88.0,9.3,76.9,21.3,1
ASM/DH/83G4/PD/2016/26_neg1,real_non_landslide,25.15658333,93.01961111,2015-11-24,Assam,Dima Hasao,Haflong-Jatinga road section slide-01,Debris,Slide,40.36,622.0,31.9,0.0,0.0,0.0,0.0,0
ASM/DH/83G4/PD/2016/26_neg2,real_non_landslide,25.15658333,93.01961111,2016-11-18,Assam,Dima Hasao,Haflong-Jatinga road section slide-01,Debris,Slide,40.36,622.0,31.9,0.0,0.0,0.0,0.0,0
ASM/DH/83G4/ PD/2016/42,real_landslide,25.164,93.04019444,2016-05-22,Assam,Dima Hasao (N.C. Hills),96 km Migrendisa slide,Debris,Slide,32.38,450.0,34.1,88.0,9.3,76.9,21.3,1
ASM/DH/83G4/ PD/2016/42_neg1,real_non_landslide,25.164,93.04019444,2015-11-24,Assam,Dima Hasao (N.C. Hills),96 km Migrendisa slide,Debris,Slide,32.38,450.0,34.1,0.0,0.0,0.0,0.0,0
ASM/DH/83G4/ PD/2016/42_neg2,real_non_landslide,25.164,93.04019444,2016-11-18,Assam,Dima Hasao (N.C. Hills),96 km Migrendisa slide,Debris,Slide,32.38,450.0,34.1,0.0,0.0,0.0,0.0,0
ASM/DH/83G4/PD/2016/43,real_landslide,25.14872222,93.03191667,2016-05-17,Assam,Dima Hasao (N.C. Hills),New Haflong R.S. slide - (2),Debris,Creep,28.07,457.0,34.8,34.8,33.2,0.4,12.4,1
ASM/DH/83G4/PD/2016/43_neg1,real_non_landslide,25.14872222,93.03191667,2015-11-19,Assam,Dima Hasao (N.C. Hills),New Haflong R.S. slide - (2),Debris,Creep,28.07,457.0,34.8,0.0,0.9,0.9,0.0,0
ASM/DH/83G4/PD/2016/43_neg2,real_non_landslide,25.14872222,93.03191667,2016-11-13,Assam,Dima Hasao (N.C. Hills),New Haflong R.S. slide - (2),Debris,Creep,28.07,457.0,34.8,1.1,1.2,0.0,0.0,0
ASM/DH/83G4/ PD/2016/24,real_landslide,25.15572222,93.02277778,2016-05-22,Assam,Dima Hasao,Mahadev Tilla-1,Earth,Slide,29.71,608.0,31.3,88.0,9.3,76.9,21.3,1
ASM/DH/83G4/ PD/2016/24_neg1,real_non_landslide,25.15572222,93.02277778,2015-11-24,Assam,Dima Hasao,Mahadev Tilla-1,Earth,Slide,29.71,608.0,31.3,0.0,0.0,0.0,0.0,0
ASM/DH/83G4/ PD/2016/24_neg2,real_non_landslide,25.15572222,93.02277778,2016-11-18,Assam,Dima Hasao,Mahadev Tilla-1,Earth,Slide,29.71,608.0,31.3,0.0,0.0,0.0,0.0,0
ASM/DH/83G4/ PD/2016/06,real_landslide,25.15669444,93.01766667,2022-05-15,Assam,Dima Hasao (N.C. Hills),G. C. Langthasa High school slide,Debris,Slide,44.92,668.0,31.9,18.8,18.2,30.9,12.2,1
ASM/DH/83G4/ PD/2016/06_neg1,real_non_landslide,25.15669444,93.01766667,2021-11-16,Assam,Dima Hasao (N.C. Hills),G. C. Langthasa High school slide,Debris,Slide,44.92,668.0,31.9,0.2,0.0,0.0,0.0,0
ASM/DH/83G4/ PD/2016/06_neg2,real_non_landslide,25.15669444,93.01766667,2022-11-11,Assam,Dima Hasao (N.C. Hills),G. C. Langthasa High school slide,Debris,Slide,44.92,668.0,31.9,0.0,0.0,0.0,0.0,0
ASM/DH/83G4/ PD/2016/37,real_landslide,25.2185,93.01311111,2016-05-22,Assam,Dima Hasao (N.C. Hills),Haflong – Gunjung road section slide- 08,Debris,Slide,32.1,453.0,33.8,88.0,9.3,76.9,21.3,1
ASM/DH/83G4/ PD/2016/37_neg1,real_non_landslide,25.2185,93.01311111,2015-11-24,Assam,Dima Hasao (N.C. Hills),Haflong – Gunjung road section slide- 08,Debris,Slide,32.1,453.0,33.8,0.0,0.0,0.0,0.0,0
ASM/DH/83G4/ PD/2016/37_neg2,real_non_landslide,25.2185,93.01311111,2016-11-18,Assam,Dima Hasao (N.C. Hills),Haflong – Gunjung road section slide- 08,Debris,Slide,32.1,453.0,33.8,0.0,0.0,0.0,0.0,0
ASM/DH/83G4/ PD/2016/07,real_landslide,25.20552778,93.02013889,2016-05-22,Assam,Dima Hasao (N.C. Hills),Haflong – Gunjung slide-1,Debris,Slide,21.61,352.0,31.5,88.0,9.3,76.9,21.3,1
ASM/DH/83G4/ PD/2016/07_neg1,real_non_landslide,25.20552778,93.02013889,2015-11-24,Assam,Dima Hasao (N.C. Hills),Haflong – Gunjung slide-1,Debris,Slide,21.61,352.0,31.5,0.0,0.0,0.0,0.0,0
ASM/DH/83G4/ PD/2016/07_neg2,real_non_landslide,25.20552778,93.02013889,2016-11-18,Assam,Dima Hasao (N.C. Hills),Haflong – Gunjung slide-1,Debris,Slide,21.61,352.0,31.5,0.0,0.0,0.0,0.0,0
ASM/DH/83G4/ PD/2016/33,real_landslide,25.23880556,93.03219444,2016-05-22,Assam,Dima Hasao,Haflong – Gunjung road section slide- 04,Rock,Slide,22.62,550.0,33.0,88.0,9.3,76.9,21.3,1
ASM/DH/83G4/ PD/2016/33_neg1,real_non_landslide,25.23880556,93.03219444,2015-11-24,Assam,Dima Hasao,Haflong – Gunjung road section slide- 04,Rock,Slide,22.62,550.0,33.0,0.0,0.0,0.0,0.0,0
ASM/DH/83G4/ PD/2016/33_neg2,real_non_landslide,25.23880556,93.03219444,2016-11-18,Assam,Dima Hasao,Haflong – Gunjung road section slide- 04,Rock,Slide,22.62,550.0,33.0,0.0,0.0,0.0,0.0,0
ASM/DH/83G4/ PD/2016/40,real_landslide,25.19669444,93.01858333,2016-05-22,Assam,Dima Hasao (N.C. Hills),Lungkok slide (Haflong – Gunjung road 11),Rock,Slide,27.51,433.0,33.1,88.0,9.3,76.9,21.3,1
ASM/DH/83G4/ PD/2016/40_neg1,real_non_landslide,25.19669444,93.01858333,2015-11-24,Assam,Dima Hasao (N.C. Hills),Lungkok slide (Haflong – Gunjung road 11),Rock,Slide,27.51,433.0,33.1,0.0,0.0,0.0,0.0,0
ASM/DH/83G4/ PD/2016/40_neg2,real_non_landslide,25.19669444,93.01858333,2016-11-18,Assam,Dima Hasao (N.C. Hills),Lungkok slide (Haflong – Gunjung road 11),Rock,Slide,27.51,433.0,33.1,0.0,0.0,0.0,0.0,0
ASM/DH/83G4/ PD/2016/41,real_landslide,25.18844444,93.01966667,2016-05-22,Assam,Dima Hasao (N.C. Hills),Lower Haflong slide (Haflong – Gunjung road-12),Rock,Slide,18.43,506.0,29.4,88.0,9.3,76.9,21.3,1
ASM/DH/83G4/ PD/2016/41_neg1,real_non_landslide,25.18844444,93.01966667,2015-11-24,Assam,Dima Hasao (N.C. Hills),Lower Haflong slide (Haflong – Gunjung road-12),Rock,Slide,18.43,506.0,29.4,0.0,0.0,0.0,0.0,0
ASM/DH/83G4/ PD/2016/41_neg2,real_non_landslide,25.18844444,93.01966667,2016-11-18,Assam,Dima Hasao (N.C. Hills),Lower Haflong slide (Haflong – Gunjung road-12),Rock,Slide,18.43,506.0,29.4,0.0,0.0,0.0,0.0,0
ASM/DH/83G4/ PD /2016/03,real_landslide,25.20738889,93.12277778,2014-08-20,Assam,Dima Hasao (N.C. Hills),Heuwangberam subsidence zone-1,Debris,"Initially started as a subsidence, now movement of slope mass has already been initiated.",20.81,673.0,30.0,15.4,2.8,4.0,1.4,1
ASM/DH/83G4/ PD /2016/03_neg1,real_non_landslide,25.20738889,93.12277778,2014-02-21,Assam,Dima Hasao (N.C. Hills),Heuwangberam subsidence zone-1,Debris,"Initially started as a subsidence, now movement of slope mass has already been initiated.",20.81,673.0,30.0,0.6,0.0,0.0,0.0,0
ASM/DH/83G4/ PD /2016/03_neg2,real_non_landslide,25.20738889,93.12277778,2015-02-16,Assam,Dima Hasao (N.C. Hills),Heuwangberam subsidence zone-1,Debris,"Initially started as a subsidence, now movement of slope mass has already been initiated.",20.81,673.0,30.0,2.2,0.0,6.1,0.0,0
ASM/DH/83G04/2022-23/005,real_landslide,25.15144,93.0331,2022-05-14,Assam,Dima Hasao,New Haflong RS Slide 3,Debris,Slide,36.51,479.0,34.9,27.3,18.8,18.2,30.9,1
ASM/DH/83G04/2022-23/005_neg1,real_non_landslide,25.15144,93.0331,2021-11-15,Assam,Dima Hasao,New Haflong RS Slide 3,Debris,Slide,36.51,479.0,34.9,0.5,0.2,0.0,0.0,0
ASM/DH/83G04/2022-23/005_neg2,real_non_landslide,25.15144,93.0331,2022-11-10,Assam,Dima Hasao,New Haflong RS Slide 3,Debris,Slide,36.51,479.0,34.9,0.0,0.0,0.0,0.0,0
ASM/DH/83G4/ PD/2016/10,real_landslide,25.17597222,93.02016667,2016-05-22,Assam,Dima Hasao,N.D Raji.-1,Debris,Slide,25.03,577.0,31.3,88.0,9.3,76.9,21.3,1
ASM/DH/83G4/ PD/2016/10_neg1,real_non_landslide,25.17597222,93.02016667,2015-11-24,Assam,Dima Hasao,N.D Raji.-1,Debris,Slide,25.03,577.0,31.3,0.0,0.0,0.0,0.0,0
ASM/DH/83G4/ PD/2016/10_neg2,real_non_landslide,25.17597222,93.02016667,2016-11-18,Assam,Dima Hasao,N.D Raji.-1,Debris,Slide,25.03,577.0,31.3,0.0,0.0,0.0,0.0,0
ASM/DH/83G4/ PD/2016/11,real_landslide,25.17505556,93.02041667,2016-05-22,Assam,Dima Hasao,N.D Raji (Hamar)-2,Debris,Slide,14.93,593.0,27.4,88.0,9.3,76.9,21.3,1
ASM/DH/83G4/ PD/2016/11_neg1,real_non_landslide,25.17505556,93.02041667,2015-11-24,Assam,Dima Hasao,N.D Raji (Hamar)-2,Debris,Slide,14.93,593.0,27.4,0.0,0.0,0.0,0.0,0
ASM/DH/83G4/ PD/2016/11_neg2,real_non_landslide,25.17505556,93.02041667,2016-11-18,Assam,Dima Hasao,N.D Raji (Hamar)-2,Debris,Slide,14.93,593.0,27.4,0.0,0.0,0.0,0.0,0
ASM/DH/83G4/ PD/2016/12,real_landslide,25.17188889,93.02061111,2016-05-22,Assam,Dima Hasao,"Huonveng, N.D Raji-3",Debris,Slide,42.53,616.0,29.3,88.0,9.3,76.9,21.3,1
ASM/DH/83G4/ PD/2016/12_neg1,real_non_landslide,25.17188889,93.02061111,2015-11-24,Assam,Dima Hasao,"Huonveng, N.D Raji-3",Debris,Slide,42.53,616.0,29.3,0.0,0.0,0.0,0.0,0
ASM/DH/83G4/ PD/2016/12_neg2,real_non_landslide,25.17188889,93.02061111,2016-11-18,Assam,Dima Hasao,"Huonveng, N.D Raji-3",Debris,Slide,42.53,616.0,29.3,0.0,0.0,0.0,0.0,0
ASM/DH/83G4/ PD/2016/13,real_landslide,25.16563889,93.02544444,2016-05-22,Assam,Dima Hasao,Songpiang-1,Debris,Fall,27.32,515.0,30.1,88.0,9.3,76.9,21.3,1
ASM/DH/83G4/ PD/2016/13_neg1,real_non_landslide,25.16563889,93.02544444,2015-11-24,Assam,Dima Hasao,Songpiang-1,Debris,Fall,27.32,515.0,30.1,0.0,0.0,0.0,0.0,0
ASM/DH/83G4/ PD/2016/13_neg2,real_non_landslide,25.16563889,93.02544444,2016-11-18,Assam,Dima Hasao,Songpiang-1,Debris,Fall,27.32,515.0,30.1,0.0,0.0,0.0,0.0,0
ASM/DH/83G4/ PD/2016/14,real_landslide,25.16344444,93.02316667,2016-05-22,Assam,Dima Hasao,Songpiang-2,Debris,Slide,34.63,601.0,28.4,88.0,9.3,76.9,21.3,1
ASM/DH/83G4/ PD/2016/14_neg1,real_non_landslide,25.16344444,93.02316667,2015-11-24,Assam,Dima Hasao,Songpiang-2,Debris,Slide,34.63,601.0,28.4,0.0,0.0,0.0,0.0,0
ASM/DH/83G4/ PD/2016/14_neg2,real_non_landslide,25.16344444,93.02316667,2016-11-18,Assam,Dima Hasao,Songpiang-2,Debris,Slide,34.63,601.0,28.4,0.0,0.0,0.0,0.0,0
ASM/DH/83G4/ PD/2016/15,real_landslide,25.15069444,93.02583333,2016-05-22,Assam,Dima Hasao,Boro Haflong-1,Debris,slide,8.74,667.0,29.9,88.0,9.3,76.9,21.3,1
ASM/DH/83G4/ PD/2016/15_neg1,real_non_landslide,25.15069444,93.02583333,2015-11-24,Assam,Dima Hasao,Boro Haflong-1,Debris,slide,8.74,667.0,29.9,0.0,0.0,0.0,0.0,0
ASM/DH/83G4/ PD/2016/15_neg2,real_non_landslide,25.15069444,93.02583333,2016-11-18,Assam,Dima Hasao,Boro Haflong-1,Debris,slide,8.74,667.0,29.9,0.0,0.0,0.0,0.0,0
ASM/DH/83G4/ PD/2016/16,real_landslide,25.14586111,93.02419444,2016-05-22,Assam,Dima Hasao,"Vidya Mandir, Boro Haflong-2",Debris,Slide,22.09,702.0,30.1,88.0,9.3,76.9,21.3,1
ASM/DH/83G4/ PD/2016/16_neg1,real_non_landslide,25.14586111,93.02419444,2015-11-24,Assam,Dima Hasao,"Vidya Mandir, Boro Haflong-2",Debris,Slide,22.09,702.0,30.1,0.0,0.0,0.0,0.0,0
ASM/DH/83G4/ PD/2016/16_neg2,real_non_landslide,25.14586111,93.02419444,2016-11-18,Assam,Dima Hasao,"Vidya Mandir, Boro Haflong-2",Debris,Slide,22.09,702.0,30.1,0.0,0.0,0.0,0.0,0
ASM/DH/83G4/ PD/2016/17,real_landslide,25.14041667,93.02038889,2016-05-22,Assam,Dima Hasao,"Near and below Assam rifles camp, Boro Haflong-3.",Debris,Slide,0.0,750.0,28.1,88.0,9.3,76.9,21.3,1
ASM/DH/83G4/ PD/2016/17_neg1,real_non_landslide,25.14041667,93.02038889,2015-11-24,Assam,Dima Hasao,"Near and below Assam rifles camp, Boro Haflong-3.",Debris,Slide,0.0,750.0,28.1,0.0,0.0,0.0,0.0,0
ASM/DH/83G4/ PD/2016/17_neg2,real_non_landslide,25.14041667,93.02038889,2016-11-18,Assam,Dima Hasao,"Near and below Assam rifles camp, Boro Haflong-3.",Debris,Slide,0.0,750.0,28.1,0.0,0.0,0.0,0.0,0
ASM/DH/83G4/ PD/2016/23,real_landslide,25.17638889,93.11613889,2016-05-22,Assam,Dima Hasao,Mahur,Debris,Slide,6.65,558.0,31.3,88.0,9.3,76.9,21.3,1
ASM/DH/83G4/ PD/2016/23_neg1,real_non_landslide,25.17638889,93.11613889,2015-11-24,Assam,Dima Hasao,Mahur,Debris,Slide,6.65,558.0,31.3,0.0,0.0,0.0,0.0,0
ASM/DH/83G4/ PD/2016/23_neg2,real_non_landslide,25.17638889,93.11613889,2016-11-18,Assam,Dima Hasao,Mahur,Debris,Slide,6.65,558.0,31.3,0.0,0.0,0.0,0.0,0
ASM/DH/83G4/ PD/2016/05,real_landslide,25.1775,93.02622222,2016-05-22,Assam,Dima Hasao (N.C. Hills),Khongsai slide-1,Earth,Shallow rotational,18.43,495.0,33.1,88.0,9.3,76.9,21.3,1
ASM/DH/83G4/ PD/2016/05_neg1,real_non_landslide,25.1775,93.02622222,2015-11-24,Assam,Dima Hasao (N.C. Hills),Khongsai slide-1,Earth,Shallow rotational,18.43,495.0,33.1,0.0,0.0,0.0,0.0,0
ASM/DH/83G4/ PD/2016/05_neg2,real_non_landslide,25.1775,93.02622222,2016-11-18,Assam,Dima Hasao (N.C. Hills),Khongsai slide-1,Earth,Shallow rotational,18.43,495.0,33.1,0.0,0.0,0.0,0.0,0
ASM/DH/83G4/ PD/2016/08,real_landslide,25.17691667,93.02655556,2016-05-22,Assam,Dima Hasao,Khongsai slide- 2,Earth,Slide,17.93,475.0,33.1,88.0,9.3,76.9,21.3,1
ASM/DH/83G4/ PD/2016/08_neg1,real_non_landslide,25.17691667,93.02655556,2015-11-24,Assam,Dima Hasao,Khongsai slide- 2,Earth,Slide,17.93,475.0,33.1,0.0,0.0,0.0,0.0,0
ASM/DH/83G4/ PD/2016/08_neg2,real_non_landslide,25.17691667,93.02655556,2016-11-18,Assam,Dima Hasao,Khongsai slide- 2,Earth,Slide,17.93,475.0,33.1,0.0,0.0,0.0,0.0,0
ASM/KAM (M)/78N16/2017/0006,real_landslide,26.18841667,91.85125,2017-06-16,Assam,Kamrup (Metro),"Bonda, Hajongdisa slide",Earth,Slide,41.99,155.0,29.8,65.4,1.1,7.9,44.0,1
ASM/KAM (M)/78N16/2017/0006_neg1,real_non_landslide,26.18841667,91.85125,2016-12-18,Assam,Kamrup (Metro),"Bonda, Hajongdisa slide",Earth,Slide,41.99,155.0,29.8,0.0,0.0,0.0,0.3,0
ASM/KAM (M)/78N16/2017/0006_neg2,real_non_landslide,26.18841667,91.85125,2017-12-13,Assam,Kamrup (Metro),"Bonda, Hajongdisa slide",Earth,Slide,41.99,155.0,29.8,0.0,0.3,0.1,0.0,0
ASM/DH/83G4/ PD/2016/19,real_landslide,25.13447222,93.01897222,2016-05-22,Assam,Dima Hasao,Jatinga-2,Rock,Slide,27.32,758.0,30.5,88.0,9.3,76.9,21.3,1
ASM/DH/83G4/ PD/2016/19_neg1,real_non_landslide,25.13447222,93.01897222,2015-11-24,Assam,Dima Hasao,Jatinga-2,Rock,Slide,27.32,758.0,30.5,0.0,0.0,0.0,0.0,0
ASM/DH/83G4/ PD/2016/19_neg2,real_non_landslide,25.13447222,93.01897222,2016-11-18,Assam,Dima Hasao,Jatinga-2,Rock,Slide,27.32,758.0,30.5,0.0,0.0,0.0,0.0,0
ASM/DH/83G4/ PD/2016/09,real_landslide,25.17702778,93.02088889,2016-05-22,Assam,Dima Hasao,Muolhoi /Gilgal,Earth,Slide,18.43,571.0,31.3,88.0,9.3,76.9,21.3,1
ASM/DH/83G4/ PD/2016/09_neg1,real_non_landslide,25.17702778,93.02088889,2015-11-24,Assam,Dima Hasao,Muolhoi /Gilgal,Earth,Slide,18.43,571.0,31.3,0.0,0.0,0.0,0.0,0
ASM/DH/83G4/ PD/2016/09_neg2,real_non_landslide,25.17702778,93.02088889,2016-11-18,Assam,Dima Hasao,Muolhoi /Gilgal,Earth,Slide,18.43,571.0,31.3,0.0,0.0,0.0,0.0,0
ASM/KAM/78N12/2019/04,real_landslide,26.15805556,91.71258333,2019-07-16,Assam,Kamrup (Metro),Bezbaruah Nagar slide,Debris,Slide,6.02,77.0,25.2,15.1,29.7,46.7,18.0,1
ASM/KAM/78N12/2019/04_neg1,real_non_landslide,26.15805556,91.71258333,2019-01-17,Assam,Kamrup (Metro),Bezbaruah Nagar slide,Debris,Slide,6.02,77.0,25.2,0.0,0.0,0.0,0.0,0
ASM/KAM/78N12/2019/04_neg2,real_non_landslide,26.15805556,91.71258333,2020-01-12,Assam,Kamrup (Metro),Bezbaruah Nagar slide,Debris,Slide,6.02,77.0,25.2,2.6,0.1,0.0,0.0,0
AS/KAM/76N16/2024/1,real_landslide,26.11464,91.83886,2024-07-05,Assam,Kamrup (Metro),Garo Basti Slide,Earth,Slide,7.59,165.0,29.6,31.9,24.8,21.5,17.4,1
AS/KAM/76N16/2024/1_neg1,real_non_landslide,26.11464,91.83886,2024-01-07,Assam,Kamrup (Metro),Garo Basti Slide,Earth,Slide,7.59,165.0,29.6,0.0,0.0,0.0,0.0,0
AS/KAM/76N16/2024/1_neg2,real_non_landslide,26.11464,91.83886,2025-01-01,Assam,Kamrup (Metro),Garo Basti Slide,Earth,Slide,7.59,165.0,29.6,0.0,0.0,0.0,0.0,0
ASM/WKA/83C05/2020/3,real_landslide,25.91406,92.49897,2020-09-25,Assam,West Karbi Anglong,Approach road (Hatidubi Dam)-3,Debris,Slide,42.74,379.0,32.5,76.6,15.2,32.4,26.8,1
ASM/WKA/83C05/2020/3_neg1,real_non_landslide,25.91406,92.49897,2020-03-29,Assam,West Karbi Anglong,Approach road (Hatidubi Dam)-3,Debris,Slide,42.74,379.0,32.5,1.1,0.6,0.1,0.0,0
ASM/WKA/83C05/2020/3_neg2,real_non_landslide,25.91406,92.49897,2021-03-24,Assam,West Karbi Anglong,Approach road (Hatidubi Dam)-3,Debris,Slide,42.74,379.0,32.5,0.0,0.0,0.0,0.0,0
ASM/KAM/78N12/2019/0002,real_landslide,26.10591667,91.62283333,2019-07-10,Assam,Kamrup (Metro),Matia pahar slide,Rock,Slide,10.39,47.0,29.2,15.4,57.1,23.7,38.8,1
ASM/KAM/78N12/2019/0002_neg1,real_non_landslide,26.10591667,91.62283333,2019-01-11,Assam,Kamrup (Metro),Matia pahar slide,Rock,Slide,10.39,47.0,29.2,0.0,0.0,0.5,0.0,0
ASM/KAM/78N12/2019/0002_neg2,real_non_landslide,26.10591667,91.62283333,2020-01-06,Assam,Kamrup (Metro),Matia pahar slide,Rock,Slide,10.39,47.0,29.2,3.6,0.9,5.1,0.3,0
AS/KRP/78N/16/2018/003,real_landslide,26.11266667,91.85388889,2018-08-24,Assam,Kamrup,Hastinapur landslide,Debris,Slide,22.41,190.0,26.9,19.5,14.6,9.6,17.2,1
AS/KRP/78N/16/2018/003_neg1,real_non_landslide,26.11266667,91.85388889,2018-02-25,Assam,Kamrup,Hastinapur landslide,Debris,Slide,22.41,190.0,26.9,0.0,0.5,0.6,2.2,0
AS/KRP/78N/16/2018/003_neg2,real_non_landslide,26.11266667,91.85388889,2019-02-20,Assam,Kamrup,Hastinapur landslide,Debris,Slide,22.41,190.0,26.9,0.5,1.8,0.2,0.2,0
ASM/DH/83G3/ PD/2017 /02,real_landslide,25.40586111,93.11097222,2017-05-20,Assam,Dima Hasao (N.C. Hills),Mupa slide,Debris,Slide,15.82,255.0,30.5,1.6,5.1,6.3,2.0,1
ASM/DH/83G3/ PD/2017 /02_neg1,real_non_landslide,25.40586111,93.11097222,2016-11-21,Assam,Dima Hasao (N.C. Hills),Mupa slide,Debris,Slide,15.82,255.0,30.5,0.0,0.0,0.0,0.0,0
ASM/DH/83G3/ PD/2017 /02_neg2,real_non_landslide,25.40586111,93.11097222,2017-11-16,Assam,Dima Hasao (N.C. Hills),Mupa slide,Debris,Slide,15.82,255.0,30.5,0.0,0.0,0.7,2.4,0
ASM/CHR/83H01/2020/001,real_landslide,24.92097,93.07306,2020-06-02,Assam,Cachar,Kanakpur Slide,Earth,Slide,14.62,64.0,31.7,25.4,8.7,13.9,47.4,1
ASM/CHR/83H01/2020/001_neg1,real_non_landslide,24.92097,93.07306,2019-12-05,Assam,Cachar,Kanakpur Slide,Earth,Slide,14.62,64.0,31.7,0.0,0.0,0.0,0.0,0
ASM/CHR/83H01/2020/001_neg2,real_non_landslide,24.92097,93.07306,2020-11-29,Assam,Cachar,Kanakpur Slide,Earth,Slide,14.62,64.0,31.7,0.0,0.0,0.0,0.0,0
ASM/DH/83G3/ PD/2017 /01,real_landslide,25.39155556,93.11316667,2017-06-03,Assam,Dima Hasao (N.C. Hills),Boila bridge slide,Soil,Subsidence,6.65,216.0,28.6,4.2,117.5,13.9,32.2,1
ASM/DH/83G3/ PD/2017 /01_neg1,real_non_landslide,25.39155556,93.11316667,2016-12-05,Assam,Dima Hasao (N.C. Hills),Boila bridge slide,Soil,Subsidence,6.65,216.0,28.6,0.5,0.5,0.0,0.0,0
ASM/DH/83G3/ PD/2017 /01_neg2,real_non_landslide,25.39155556,93.11316667,2017-11-30,Assam,Dima Hasao (N.C. Hills),Boila bridge slide,Soil,Subsidence,6.65,216.0,28.6,0.0,0.0,0.0,0.0,0
AS/KAMRUP/78N12/2015- 16/0001,real_landslide,26.21111111,91.68416667,2015-09-01,Assam,Kamrup,Jayguru Kalipahar Slide,Debris,Toppled the wedged weathered rocks blocks.,6.38,59.0,26.0,28.5,9.8,86.9,35.3,1
AS/KAMRUP/78N12/2015- 16/0001_neg1,real_non_landslide,26.21111111,91.68416667,2015-03-05,Assam,Kamrup,Jayguru Kalipahar Slide,Debris,Toppled the wedged weathered rocks blocks.,6.38,59.0,26.0,0.0,0.6,0.4,0.0,0
AS/KAMRUP/78N12/2015- 16/0001_neg2,real_non_landslide,26.21111111,91.68416667,2016-02-28,Assam,Kamrup,Jayguru Kalipahar Slide,Debris,Toppled the wedged weathered rocks blocks.,6.38,59.0,26.0,0.0,0.0,0.0,0.2,0
ASM/KAM/78N12/2020/003,real_landslide,26.21305556,91.6925,2020-06-26,Assam,Kamrup (Metro),Gauripur landslide,Rock,Fall,30.81,78.0,28.1,0.5,2.3,42.1,129.1,1
ASM/KAM/78N12/2020/003_neg1,real_non_landslide,26.21305556,91.6925,2019-12-29,Assam,Kamrup (Metro),Gauripur landslide,Rock,Fall,30.81,78.0,28.1,0.0,2.7,0.0,0.0,0
ASM/KAM/78N12/2020/003_neg2,real_non_landslide,26.21305556,91.6925,2020-12-23,Assam,Kamrup (Metro),Gauripur landslide,Rock,Fall,30.81,78.0,28.1,0.0,0.0,0.0,0.0,0
ASM/KAM/78N16/2020/002,real_landslide,26.09150556,91.87898611,2020-07-12,Assam,Kamrup (Metro),Ambher landslide,Earth,Slide,12.23,76.0,27.2,19.3,10.9,44.3,15.5,1
ASM/KAM/78N16/2020/002_neg1,real_non_landslide,26.09150556,91.87898611,2020-01-14,Assam,Kamrup (Metro),Ambher landslide,Earth,Slide,12.23,76.0,27.2,0.0,0.0,0.0,0.0,0
ASM/KAM/78N16/2020/002_neg2,real_non_landslide,26.09150556,91.87898611,2021-01-08,Assam,Kamrup (Metro),Ambher landslide,Earth,Slide,12.23,76.0,27.2,0.0,0.0,0.0,0.0,0
ASM/DH/83G04/2022-23/022,real_landslide,25.18919,93.02118,2022-05-15,Assam,Dima Hasao,Lower Haflong Slide 2,Debris,Slide,0.95,483.0,31.5,18.8,18.2,30.9,12.2,1
ASM/DH/83G04/2022-23/022_neg1,real_non_landslide,25.18919,93.02118,2021-11-16,Assam,Dima Hasao,Lower Haflong Slide 2,Debris,Slide,0.95,483.0,31.5,0.2,0.0,0.0,0.0,0
ASM/DH/83G04/2022-23/022_neg2,real_non_landslide,25.18919,93.02118,2022-11-11,Assam,Dima Hasao,Lower Haflong Slide 2,Debris,Slide,0.95,483.0,31.5,0.0,0.0,0.0,0.0,0
ASM/DH/83G04/2022-23/030,real_landslide,25.177416,93.00975,2022-05-16,Assam,Dima Hasao,Merryland Slide,Debris,Slide,9.87,687.0,29.0,18.2,30.9,12.2,34.7,1
ASM/DH/83G04/2022-23/030_neg1,real_non_landslide,25.177416,93.00975,2021-11-17,Assam,Dima Hasao,Merryland Slide,Debris,Slide,9.87,687.0,29.0,0.0,0.0,0.0,0.0,0
ASM/DH/83G04/2022-23/030_neg2,real_non_landslide,25.177416,93.00975,2021-05-16,Assam,Dima Hasao,Merryland Slide,Debris,Slide,9.87,687.0,29.0,9.5,3.2,3.1,0.9,0
ASM/DH/83G04/2022-23/010,real_landslide,25.169861,93.002528,2022-05-15,Assam,Dima Hasao,Fiangpui Slide 1,Debris,Slide,20.08,711.0,30.5,18.8,18.2,30.9,12.2,1
ASM/DH/83G04/2022-23/010_neg1,real_non_landslide,25.169861,93.002528,2021-11-16,Assam,Dima Hasao,Fiangpui Slide 1,Debris,Slide,20.08,711.0,30.5,0.2,0.0,0.0,0.0,0
ASM/DH/83G04/2022-23/010_neg2,real_non_landslide,25.169861,93.002528,2022-11-11,Assam,Dima Hasao,Fiangpui Slide 1,Debris,Slide,20.08,711.0,30.5,0.0,0.0,0.0,0.0,0
AS/KRM/83D06/2014-15/0001,real_landslide,24.70619444,92.28997222,2014-05-10,Assam,Karimganj,"Satkaragul (Pathariya Hills RF),",Earth,Flow,1.91,44.0,24.2,40.3,65.9,53.9,41.1,1
AS/KRM/83D06/2014-15/0001_neg1,real_non_landslide,24.70619444,92.28997222,2013-11-11,Assam,Karimganj,"Satkaragul (Pathariya Hills RF),",Earth,Flow,1.91,44.0,24.2,0.0,0.0,0.0,0.0,0
AS/KRM/83D06/2014-15/0001_neg2,real_non_landslide,24.70619444,92.28997222,2014-11-06,Assam,Karimganj,"Satkaragul (Pathariya Hills RF),",Earth,Flow,1.91,44.0,24.2,0.0,0.0,0.1,0.0,0
ASM/DH/83G04/2022-23/021,real_landslide,25.17623,93.01326,2022-05-14,Assam,Dima Hasao,Moulhoi Slide 1,Debris,Slide,4.76,680.0,27.9,27.3,18.8,18.2,30.9,1
ASM/DH/83G04/2022-23/021_neg1,real_non_landslide,25.17623,93.01326,2021-11-15,Assam,Dima Hasao,Moulhoi Slide 1,Debris,Slide,4.76,680.0,27.9,0.5,0.2,0.0,0.0,0
ASM/DH/83G04/2022-23/021_neg2,real_non_landslide,25.17623,93.01326,2022-11-10,Assam,Dima Hasao,Moulhoi Slide 1,Debris,Slide,4.76,680.0,27.9,0.0,0.0,0.0,0.0,0
AS-13/2011,real_landslide,25.10727778,92.88313889,2011-05-23,Assam,Dima Hasao,Rekho slide-1,NA,NIL,21.94,334.0,31.6,25.0,37.8,43.0,18.8,1
AS-13/2011_neg1,real_non_landslide,25.10727778,92.88313889,2010-11-24,Assam,Dima Hasao,Rekho slide-1,NA,NIL,21.94,334.0,31.6,0.6,0.0,0.0,0.0,0
AS-13/2011_neg2,real_non_landslide,25.10727778,92.88313889,2011-11-19,Assam,Dima Hasao,Rekho slide-1,NA,NIL,21.94,334.0,31.6,0.0,0.2,0.0,0.0,0
AS-03/2012-13,real_landslide,26.12911111,91.74911111,2012-06-25,Assam,Kamrup,Sonaighuli Slide,NA,NIL,19.31,74.0,28.6,45.2,39.8,103.2,32.3,1
AS-03/2012-13_neg1,real_non_landslide,26.12911111,91.74911111,2011-12-28,Assam,Kamrup,Sonaighuli Slide,NA,NIL,19.31,74.0,28.6,0.0,0.0,0.0,0.0,0
AS-03/2012-13_neg2,real_non_landslide,26.12911111,91.74911111,2012-12-22,Assam,Kamrup,Sonaighuli Slide,NA,NIL,19.31,74.0,28.6,0.2,0.7,0.0,0.0,0
AS-05/2012-13,real_landslide,26.15052778,91.72766667,2012-06-27,Assam,Kamrup,Tilabazar Slide,NA,NIL,39.35,110.0,27.6,103.2,32.3,19.3,7.2,1
AS-05/2012-13_neg1,real_non_landslide,26.15052778,91.72766667,2011-12-30,Assam,Kamrup,Tilabazar Slide,NA,NIL,39.35,110.0,27.6,0.0,0.0,0.0,0.0,0
AS-05/2012-13_neg2,real_non_landslide,26.15052778,91.72766667,2012-12-24,Assam,Kamrup,Tilabazar Slide,NA,NIL,39.35,110.0,27.6,0.0,0.0,0.0,0.0,0
AS/KAM(M)/78N12/2025/01,real_landslide,26.166185,91.7147,2025-06-04,Assam,Kamrup,Kamakhya Main Road,Earth,Slide,9.46,136.0,28.8,3.5,0.8,1.6,13.3,1
AS/KAM(M)/78N12/2025/01_neg1,real_non_landslide,26.166185,91.7147,2024-12-06,Assam,Kamrup,Kamakhya Main Road,Earth,Slide,9.46,136.0,28.8,0.0,0.2,0.6,0.4,0
AS/KAM(M)/78N12/2025/01_neg2,real_non_landslide,26.166185,91.7147,2025-12-01,Assam,Kamrup,Kamakhya Main Road,Earth,Slide,9.46,136.0,28.8,0.0,0.0,0.0,0.0,0
AS/KAM(M)/78N12/2025/03,real_landslide,26.16297,91.7059,2025-06-05,Assam,Kamrup,Kamakhya Main Road,Earth,Slide,13.13,205.0,28.1,0.7,1.0,17.5,11.0,1
AS/KAM(M)/78N12/2025/03_neg1,real_non_landslide,26.16297,91.7059,2024-12-07,Assam,Kamrup,Kamakhya Main Road,Earth,Slide,13.13,205.0,28.1,0.5,0.3,1.9,0.4,0
AS/KAM(M)/78N12/2025/03_neg2,real_non_landslide,26.16297,91.7059,2025-12-02,Assam,Kamrup,Kamakhya Main Road,Earth,Slide,13.13,205.0,28.1,0.0,0.0,0.2,1.4,0
AS/KAM(M)/78N16/2025/006,real_landslide,26.19113889,91.82961111,2025-05-31,Assam,Kamrup,"Doimuguri, Bonda",Earth,Slide,0.0,137.0,28.8,14.5,40.1,150.9,8.4,1
AS/KAM(M)/78N16/2025/006_neg1,real_non_landslide,26.19113889,91.82961111,2024-12-02,Assam,Kamrup,"Doimuguri, Bonda",Earth,Slide,0.0,137.0,28.8,0.0,0.0,0.0,0.0,0
AS/KAM(M)/78N16/2025/006_neg2,real_non_landslide,26.19113889,91.82961111,2025-11-27,Assam,Kamrup,"Doimuguri, Bonda",Earth,Slide,0.0,137.0,28.8,0.0,0.0,0.0,0.0,0
AS/KAM(M)/78N12/2025/04,real_landslide,26.17027,91.698,2025-05-31,Assam,Kamrup,Pandu,Debris,Slide,41.46,121.0,29.3,9.3,34.1,132.7,5.1,1
AS/KAM(M)/78N12/2025/04_neg1,real_non_landslide,26.17027,91.698,2024-12-02,Assam,Kamrup,Pandu,Debris,Slide,41.46,121.0,29.3,0.0,0.0,0.0,0.0,0
AS/KAM(M)/78N12/2025/04_neg2,real_non_landslide,26.17027,91.698,2025-11-27,Assam,Kamrup,Pandu,Debris,Slide,41.46,121.0,29.3,0.6,0.0,0.0,0.0,0
ASM/DH/83C16/2023-24/001,real_landslide,25.117665,92.847709,2022-05-14,Assam,Dima Hasao,Lower Boulsol slide,Debris,Slide,18.96,173.0,30.9,20.6,41.6,49.8,109.8,1
ASM/DH/83C16/2023-24/001_neg1,real_non_landslide,25.117665,92.847709,2021-11-15,Assam,Dima Hasao,Lower Boulsol slide,Debris,Slide,18.96,173.0,30.9,0.0,0.1,0.0,0.0,0
ASM/DH/83C16/2023-24/001_neg2,real_non_landslide,25.117665,92.847709,2022-11-10,Assam,Dima Hasao,Lower Boulsol slide,Debris,Slide,18.96,173.0,30.9,0.0,0.0,0.0,0.0,0
ASM/DH/83G03/2023-24/004,real_landslide,25.316197,93.006158,2022-06-16,Assam,Dima Hasao,Gunjung subsidence,Earth,Subsidence,0.0,692.0,31.6,4.8,2.3,27.4,24.0,1
ASM/DH/83G03/2023-24/004_neg1,real_non_landslide,25.316197,93.006158,2021-12-18,Assam,Dima Hasao,Gunjung subsidence,Earth,Subsidence,0.0,692.0,31.6,0.0,0.0,0.0,0.0,0
ASM/DH/83G03/2023-24/004_neg2,real_non_landslide,25.316197,93.006158,2022-12-13,Assam,Dima Hasao,Gunjung subsidence,Earth,Subsidence,0.0,692.0,31.6,0.0,0.0,0.0,0.0,0
6986,real_landslide,25.757752,91.252285,2014-07-17,Assam,Kamrup,Sundarpur village,Debris,flow,18.31,786.0,27.1,23.0,14.0,32.9,23.1,1
6986_neg1,real_non_landslide,25.757752,91.252285,2014-01-18,Assam,Kamrup,Sundarpur village,Debris,flow,18.31,786.0,27.1,0.0,0.2,0.0,0.0,0
6986_neg2,real_non_landslide,25.757752,91.252285,2015-01-13,Assam,Kamrup,Sundarpur village,Debris,flow,18.31,786.0,27.1,0.0,0.0,0.0,0.0,0
7115,real_landslide,25.872268,91.213965,2014-09-23,Assam,Kamrup,lepgaon,Debris,flow,47.9,188.0,29.6,36.2,12.5,59.4,16.4,1
7115_neg1,real_non_landslide,25.872268,91.213965,2014-03-27,Assam,Kamrup,lepgaon,Debris,flow,47.9,188.0,29.6,0.0,0.0,1.1,0.2,0
7115_neg2,real_non_landslide,25.872268,91.213965,2015-03-22,Assam,Kamrup,lepgaon,Debris,flow,47.9,188.0,29.6,0.0,0.0,0.0,0.0,0
7192,real_landslide,26.2272613,91.6922458,2008-12-26,Assam,Kamrup,,Debris,slide,3.44,68.0,30.5,0.0,1.1,0.0,4.8,1
7192_neg1,real_non_landslide,26.2272613,91.6922458,2008-06-29,Assam,Kamrup,,Debris,slide,3.44,68.0,30.5,35.0,16.7,26.8,103.1,0
7192_neg2,real_non_landslide,26.2272613,91.6922458,2009-06-24,Assam,Kamrup,,Debris,slide,3.44,68.0,30.5,3.5,3.7,10.7,16.8,0
7193,real_landslide,26.184324,91.855395,2025-05-31,Assam,Kamrup (Metro),Birkuchi,Soil,slide,15.82,76.0,27.2,14.5,40.1,150.9,8.4,1
7193_neg1,real_non_landslide,26.184324,91.855395,2024-12-02,Assam,Kamrup (Metro),Birkuchi,Soil,slide,15.82,76.0,27.2,0.0,0.0,0.0,0.0,0
7193_neg2,real_non_landslide,26.184324,91.855395,2025-11-27,Assam,Kamrup (Metro),Birkuchi,Soil,slide,15.82,76.0,27.2,0.0,0.0,0.0,0.0,0
7077,real_landslide,26.238016,91.945953,2025-11-02,Assam,Kamrup (Metro),708,Soil,slide,10.39,83.0,28.2,3.4,8.4,23.8,6.0,1
7077_neg1,real_non_landslide,26.238016,91.945953,2025-05-06,Assam,Kamrup (Metro),708,Soil,slide,10.39,83.0,28.2,1.0,16.0,0.2,0.4,0
7077_neg2,real_non_landslide,26.238016,91.945953,2026-05-01,Assam,Kamrup (Metro),708,Soil,slide,10.39,83.0,28.2,3.4,28.5,3.8,5.1,0
7195,real_landslide,26.11956,92.052125,2025-06-05,Assam,Kamrup (Metro),Nalgedra,Soil,slide,0.0,77.0,29.7,0.4,0.4,5.7,12.1,1
7195_neg1,real_non_landslide,26.11956,92.052125,2024-12-07,Assam,Kamrup (Metro),Nalgedra,Soil,slide,0.0,77.0,29.7,0.2,1.3,0.7,0.7,0
7195_neg2,real_non_landslide,26.11956,92.052125,2025-12-02,Assam,Kamrup (Metro),Nalgedra,Soil,slide,0.0,77.0,29.7,0.0,0.2,0.0,0.3,0
AS/KAM(M)/78N12/2025/02,real_landslide,26.16616,91.713803,2025-06-04,Assam,Kamrup,Kamakhya Main Road,Earth,Slide,0.0,165.0,30.7,3.9,0.7,1.0,17.5,1
AS/KAM(M)/78N12/2025/02_neg1,real_non_landslide,26.16616,91.713803,2024-12-06,Assam,Kamrup,Kamakhya Main Road,Earth,Slide,0.0,165.0,30.7,0.0,0.5,0.3,1.9,0
AS/KAM(M)/78N12/2025/02_neg2,real_non_landslide,26.16616,91.713803,2025-12-01,Assam,Kamrup,Kamakhya Main Road,Earth,Slide,0.0,165.0,30.7,0.0,0.0,0.0,0.2,0
7197,real_landslide,25.648512,93.121528,2025-06-05,Assam,Dima Hasao,,Debris,slide,25.27,344.0,32.1,0.6,0.3,14.4,3.7,1
7197_neg1,real_non_landslide,25.648512,93.121528,2024-12-07,Assam,Dima Hasao,,Debris,slide,25.27,344.0,32.1,0.0,0.0,0.6,0.2,0
7197_neg2,real_non_landslide,25.648512,93.121528,2025-12-02,Assam,Dima Hasao,,Debris,slide,25.27,344.0,32.1,0.0,0.0,0.0,0.0,0
7201,real_landslide,25.740148,91.224044,2014-07-18,Assam,West Khasi Hills,Harsanagar,Soil,slide,8.1,887.0,28.6,14.0,32.9,23.1,17.3,1
7201_neg1,real_non_landslide,25.740148,91.224044,2014-01-19,Assam,West Khasi Hills,Harsanagar,Soil,slide,8.1,887.0,28.6,0.2,0.0,0.0,0.1,0
7201_neg2,real_non_landslide,25.740148,91.224044,2015-01-14,Assam,West Khasi Hills,Harsanagar,Soil,slide,8.1,887.0,28.6,0.0,0.0,0.0,0.0,0
7203,real_landslide,25.341478,93.133718,2025-05-31,Assam,Dima Hasao,,Debris,slide,4.76,275.0,32.8,3.1,32.5,103.5,14.8,1
7203_neg1,real_non_landslide,25.341478,93.133718,2024-12-02,Assam,Dima Hasao,,Debris,slide,4.76,275.0,32.8,0.0,0.0,0.0,0.0,0
7203_neg2,real_non_landslide,25.341478,93.133718,2025-11-27,Assam,Dima Hasao,,Debris,slide,4.76,275.0,32.8,0.2,0.0,0.0,0.0,0
7241,real_landslide,26.156633,91.938576,2024-08-08,Assam,Kamrup (Metro),Amchong tea estate,Soil,slide,22.99,109.0,28.6,27.4,103.4,10.7,17.5,1
7241_neg1,real_non_landslide,26.156633,91.938576,2024-02-10,Assam,Kamrup (Metro),Amchong tea estate,Soil,slide,22.99,109.0,28.6,1.1,0.2,0.0,0.0,0
7241_neg2,real_non_landslide,26.156633,91.938576,2025-02-04,Assam,Kamrup (Metro),Amchong tea estate,Soil,slide,22.99,109.0,28.6,0.1,0.0,0.5,0.0,0
ARN/WK/83A12/2016/01,real_landslide,27.018342,92.6356,2016-07-01,Arunachal Pradesh,West Kameng,Bhalukpong Circuit House slide,Debris,Slide,40.63,189.0,26.4,16.9,24.0,21.1,25.6,1
ARN/WK/83A12/2016/01_neg1,real_non_landslide,27.018342,92.6356,2016-01-03,Arunachal Pradesh,West Kameng,Bhalukpong Circuit House slide,Debris,Slide,40.63,189.0,26.4,0.0,0.0,0.0,0.0,0
ARN/WK/83A12/2016/01_neg2,real_non_landslide,27.018342,92.6356,2016-12-28,Arunachal Pradesh,West Kameng,Bhalukpong Circuit House slide,Debris,Slide,40.63,189.0,26.4,9.1,6.7,2.9,0.0,0
ARN/Papumpare/83E12/2020/0 1,real_landslide,27.08130556,93.61283333,2020-06-25,Arunachal Pradesh,Papum Pare,N/A,Unconsolidated rock debris and sandy soil.,Translation (Debris flow),0.0,247.0,26.4,7.0,13.0,16.3,32.9,1
ARN/Papumpare/83E12/2020/0 1_neg1,real_non_landslide,27.08130556,93.61283333,2019-12-28,Arunachal Pradesh,Papum Pare,N/A,Unconsolidated rock debris and sandy soil.,Translation (Debris flow),0.0,247.0,26.4,0.2,0.6,0.4,0.0,0
ARN/Papumpare/83E12/2020/0 1_neg2,real_non_landslide,27.08130556,93.61283333,2020-12-22,Arunachal Pradesh,Papum Pare,N/A,Unconsolidated rock debris and sandy soil.,Translation (Debris flow),0.0,247.0,26.4,0.0,0.0,0.0,0.0,0
ARN/LS/83E15/2016/04,real_landslide,27.193425,93.780983,2016-07-16,Arunachal Pradesh,Lower Subansiri,Hoj-Potin slide,Debris,Slide,31.14,204.0,27.0,8.6,16.9,24.1,27.1,1
ARN/LS/83E15/2016/04_neg1,real_non_landslide,27.193425,93.780983,2016-01-18,Arunachal Pradesh,Lower Subansiri,Hoj-Potin slide,Debris,Slide,31.14,204.0,27.0,0.3,3.8,0.0,0.1,0
ARN/LS/83E15/2016/04_neg2,real_non_landslide,27.193425,93.780983,2017-01-12,Arunachal Pradesh,Lower Subansiri,Hoj-Potin slide,Debris,Slide,31.14,204.0,27.0,0.0,0.1,0.0,0.0,0
ARN/LS/83E15/2016/08,real_landslide,27.23995,93.806589,2016-07-17,Arunachal Pradesh,Lower Subansiri,Hoj-Potin slide,Debris,Slide,21.61,276.0,26.0,16.9,24.1,27.1,6.0,1
ARN/LS/83E15/2016/08_neg1,real_non_landslide,27.23995,93.806589,2016-01-19,Arunachal Pradesh,Lower Subansiri,Hoj-Potin slide,Debris,Slide,21.61,276.0,26.0,3.8,0.0,0.1,0.0,0
ARN/LS/83E15/2016/08_neg2,real_non_landslide,27.23995,93.806589,2017-01-13,Arunachal Pradesh,Lower Subansiri,Hoj-Potin slide,Debris,Slide,21.61,276.0,26.0,1.0,1.7,0.4,0.0,0
ARN/LS/83E15/2016/07,real_landslide,27.246131,93.804711,2016-07-17,Arunachal Pradesh,Lower Subansiri,Hoj-Potin slide,Debris,Slide,22.62,285.0,27.8,16.9,24.1,27.1,6.0,1
ARN/LS/83E15/2016/07_neg1,real_non_landslide,27.246131,93.804711,2016-01-19,Arunachal Pradesh,Lower Subansiri,Hoj-Potin slide,Debris,Slide,22.62,285.0,27.8,3.8,0.0,0.1,0.0,0
ARN/LS/83E15/2016/07_neg2,real_non_landslide,27.246131,93.804711,2017-01-13,Arunachal Pradesh,Lower Subansiri,Hoj-Potin slide,Debris,Slide,22.62,285.0,27.8,1.0,1.7,0.4,0.0,0
ARN/LS/83E15/2016/06,real_landslide,27.254756,93.801303,2016-07-17,Arunachal Pradesh,Lower Subansiri,Hoj-Potin slide,Debris,Slide,27.32,273.0,28.5,16.9,24.1,27.1,6.0,1
ARN/LS/83E15/2016/06_neg1,real_non_landslide,27.254756,93.801303,2016-01-19,Arunachal Pradesh,Lower Subansiri,Hoj-Potin slide,Debris,Slide,27.32,273.0,28.5,3.8,0.0,0.1,0.0,0
ARN/LS/83E15/2016/06_neg2,real_non_landslide,27.254756,93.801303,2017-01-13,Arunachal Pradesh,Lower Subansiri,Hoj-Potin slide,Debris,Slide,27.32,273.0,28.5,1.0,1.7,0.4,0.0,0
ARN/LS/83E15/2016/05,real_landslide,27.294886,93.803328,2016-07-17,Arunachal Pradesh,Lower Subansiri,Hoj-Potin slide,Debris,Slide,33.3,654.0,30.0,16.9,24.1,27.1,6.0,1
ARN/LS/83E15/2016/05_neg1,real_non_landslide,27.294886,93.803328,2016-01-19,Arunachal Pradesh,Lower Subansiri,Hoj-Potin slide,Debris,Slide,33.3,654.0,30.0,3.8,0.0,0.1,0.0,0
ARN/LS/83E15/2016/05_neg2,real_non_landslide,27.294886,93.803328,2017-01-13,Arunachal Pradesh,Lower Subansiri,Hoj-Potin slide,Debris,Slide,33.3,654.0,30.0,2.5,3.4,0.4,0.0,0
ARN/Papumpare/83E12/2020/0 1,real_landslide,27.08130556,93.61283333,2020-06-25,Arunachal Pradesh,Papum Pare,Donyi Slide,Unconsolidated rock debris and sandy soil.,Translation (Debris flow),0.0,247.0,26.4,7.0,13.0,16.3,32.9,1
ARN/Papumpare/83E12/2020/0 1_neg1,real_non_landslide,27.08130556,93.61283333,2019-12-28,Arunachal Pradesh,Papum Pare,Donyi Slide,Unconsolidated rock debris and sandy soil.,Translation (Debris flow),0.0,247.0,26.4,0.2,0.6,0.4,0.0,0
ARN/Papumpare/83E12/2020/0 1_neg2,real_non_landslide,27.08130556,93.61283333,2020-12-22,Arunachal Pradesh,Papum Pare,Donyi Slide,Unconsolidated rock debris and sandy soil.,Translation (Debris flow),0.0,247.0,26.4,0.0,0.0,0.0,0.0,0
ARN/LS/83E15/2016/03,real_landslide,27.307072,93.806008,2016-07-17,Arunachal Pradesh,Lower Subansiri,Possa-Potin slide,Debris,Slide,53.13,749.0,25.9,16.9,24.1,27.1,6.0,1
ARN/LS/83E15/2016/03_neg1,real_non_landslide,27.307072,93.806008,2016-01-19,Arunachal Pradesh,Lower Subansiri,Possa-Potin slide,Debris,Slide,53.13,749.0,25.9,3.8,0.0,0.1,0.0,0
ARN/LS/83E15/2016/03_neg2,real_non_landslide,27.307072,93.806008,2017-01-13,Arunachal Pradesh,Lower Subansiri,Possa-Potin slide,Debris,Slide,53.13,749.0,25.9,2.5,3.4,0.4,0.0,0
ARN/TWG/FM/2016-17/01,real_landslide,27.58741667,91.88694444,2016-04-22,Arunachal Pradesh,Tawang,Famla Slide,Debris,Slide,1.91,2596.0,31.6,3.6,20.8,21.6,24.1,1
ARN/TWG/FM/2016-17/01_neg1,real_non_landslide,27.58741667,91.88694444,2015-10-25,Arunachal Pradesh,Tawang,Famla Slide,Debris,Slide,1.91,2596.0,31.6,0.6,1.2,0.2,0.5,0
ARN/TWG/FM/2016-17/01_neg2,real_non_landslide,27.58741667,91.88694444,2016-10-19,Arunachal Pradesh,Tawang,Famla Slide,Debris,Slide,1.91,2596.0,31.6,0.3,1.0,0.0,0.1,0
ARN/LS/83E15/2016/02,real_landslide,27.339267,93.802581,2016-07-16,Arunachal Pradesh,Lower Subansiri,Possa-Potin slide,Debris,Slide,40.36,719.0,29.2,8.6,16.9,24.1,27.1,1
ARN/LS/83E15/2016/02_neg1,real_non_landslide,27.339267,93.802581,2016-01-18,Arunachal Pradesh,Lower Subansiri,Possa-Potin slide,Debris,Slide,40.36,719.0,29.2,0.3,3.8,0.0,0.1,0
ARN/LS/83E15/2016/02_neg2,real_non_landslide,27.339267,93.802581,2017-01-12,Arunachal Pradesh,Lower Subansiri,Possa-Potin slide,Debris,Slide,40.36,719.0,29.2,0.0,2.5,3.4,0.4,0
ARN/TWG/NYD/2016-17/06,real_landslide,27.59152778,91.88044444,2016-04-23,Arunachal Pradesh,Tawang,Nyungmadung Slide,Earth / soil,Flows,12.23,2790.0,29.1,20.8,21.6,24.1,24.6,1
ARN/TWG/NYD/2016-17/06_neg1,real_non_landslide,27.59152778,91.88044444,2015-10-26,Arunachal Pradesh,Tawang,Nyungmadung Slide,Earth / soil,Flows,12.23,2790.0,29.1,1.2,0.2,0.5,0.0,0
ARN/TWG/NYD/2016-17/06_neg2,real_non_landslide,27.59152778,91.88044444,2016-10-20,Arunachal Pradesh,Tawang,Nyungmadung Slide,Earth / soil,Flows,12.23,2790.0,29.1,1.0,0.0,0.1,0.0,0
ARN/TWNG/78M14/2016/0002,real_landslide,27.587417,91.886944,2016-04-22,Arunachal Pradesh,Tawang,Famla Slide,NA,Slide,1.91,2596.0,31.6,3.6,20.8,21.6,24.1,1
ARN/TWNG/78M14/2016/0002_neg1,real_non_landslide,27.587417,91.886944,2015-10-25,Arunachal Pradesh,Tawang,Famla Slide,NA,Slide,1.91,2596.0,31.6,0.6,1.2,0.2,0.5,0
ARN/TWNG/78M14/2016/0002_neg2,real_non_landslide,27.587417,91.886944,2016-10-19,Arunachal Pradesh,Tawang,Famla Slide,NA,Slide,1.91,2596.0,31.6,0.3,1.0,0.0,0.1,0
ARN/TWNG/78M14/2016/0022,real_landslide,27.589417,91.861444,2016-04-23,Arunachal Pradesh,Tawang,New Lebrang slide,NA,Slide,30.59,2916.0,31.4,22.3,27.9,29.8,26.3,1
ARN/TWNG/78M14/2016/0022_neg1,real_non_landslide,27.589417,91.861444,2015-10-26,Arunachal Pradesh,Tawang,New Lebrang slide,NA,Slide,30.59,2916.0,31.4,1.0,0.2,0.2,0.0,0
ARN/TWNG/78M14/2016/0022_neg2,real_non_landslide,27.589417,91.861444,2016-10-20,Arunachal Pradesh,Tawang,New Lebrang slide,NA,Slide,30.59,2916.0,31.4,0.4,0.0,0.2,0.0,0
ARN/TWNG/78M14/2016/0008,real_landslide,27.591806,91.865028,2016-04-22,Arunachal Pradesh,Tawang,All India Radio Colony Slide,NA,Fall,24.15,2942.0,28.2,4.7,22.3,27.9,29.8,1
ARN/TWNG/78M14/2016/0008_neg1,real_non_landslide,27.591806,91.865028,2015-10-25,Arunachal Pradesh,Tawang,All India Radio Colony Slide,NA,Fall,24.15,2942.0,28.2,0.8,1.0,0.2,0.2,0
ARN/TWNG/78M14/2016/0008_neg2,real_non_landslide,27.591806,91.865028,2016-10-19,Arunachal Pradesh,Tawang,All India Radio Colony Slide,NA,Fall,24.15,2942.0,28.2,0.0,0.4,0.0,0.2,0
ARN/TWNG/78M14/2016/0004,real_landslide,27.591389,91.9025,2016-04-23,Arunachal Pradesh,Tawang,Namet Slide,Rock cum Debris,Slide,33.16,2544.0,33.9,20.8,21.6,24.1,24.6,1
ARN/TWNG/78M14/2016/0004_neg1,real_non_landslide,27.591389,91.9025,2015-10-26,Arunachal Pradesh,Tawang,Namet Slide,Rock cum Debris,Slide,33.16,2544.0,33.9,1.2,0.2,0.5,0.0,0
ARN/TWNG/78M14/2016/0004_neg2,real_non_landslide,27.591389,91.9025,2016-10-20,Arunachal Pradesh,Tawang,Namet Slide,Rock cum Debris,Slide,33.16,2544.0,33.9,1.0,0.0,0.1,0.0,0
ARN/TWNG/78M14/2016/0010,real_landslide,27.593139,91.873889,2016-04-22,Arunachal Pradesh,Tawang,D.C. & S. P. Bungalows Slide,NA,Slide,14.76,2945.0,29.0,4.7,22.3,27.9,29.8,1
ARN/TWNG/78M14/2016/0010_neg1,real_non_landslide,27.593139,91.873889,2015-10-25,Arunachal Pradesh,Tawang,D.C. & S. P. Bungalows Slide,NA,Slide,14.76,2945.0,29.0,0.8,1.0,0.2,0.2,0
ARN/TWNG/78M14/2016/0010_neg2,real_non_landslide,27.593139,91.873889,2016-10-19,Arunachal Pradesh,Tawang,D.C. & S. P. Bungalows Slide,NA,Slide,14.76,2945.0,29.0,0.0,0.4,0.0,0.2,0
ARN/TWNG/78M14/2016/0013,real_landslide,27.594833,91.866417,2016-04-22,Arunachal Pradesh,Tawang,Duda Slide (District Urban Development Authority Colony),Debris,Slide,13.07,2971.0,27.8,4.7,22.3,27.9,29.8,1
ARN/TWNG/78M14/2016/0013_neg1,real_non_landslide,27.594833,91.866417,2015-10-25,Arunachal Pradesh,Tawang,Duda Slide (District Urban Development Authority Colony),Debris,Slide,13.07,2971.0,27.8,0.8,1.0,0.2,0.2,0
ARN/TWNG/78M14/2016/0013_neg2,real_non_landslide,27.594833,91.866417,2016-10-19,Arunachal Pradesh,Tawang,Duda Slide (District Urban Development Authority Colony),Debris,Slide,13.07,2971.0,27.8,0.0,0.4,0.0,0.2,0
ARN/TWNG/78M14/2016/0023,real_landslide,27.593361,91.879444,2016-04-23,Arunachal Pradesh,Tawang,Changpu sinking zone,NA,Subsidence,27.55,2836.0,30.2,20.8,21.6,24.1,24.6,1
ARN/TWNG/78M14/2016/0023_neg1,real_non_landslide,27.593361,91.879444,2015-10-26,Arunachal Pradesh,Tawang,Changpu sinking zone,NA,Subsidence,27.55,2836.0,30.2,1.2,0.2,0.5,0.0,0
ARN/TWNG/78M14/2016/0023_neg2,real_non_landslide,27.593361,91.879444,2016-10-20,Arunachal Pradesh,Tawang,Changpu sinking zone,NA,Subsidence,27.55,2836.0,30.2,1.0,0.0,0.1,0.0,0
ARN/TWNG/78M14/2016/0024,real_landslide,27.596639,91.878972,2016-04-23,Arunachal Pradesh,Tawang,SSB Colony slide,Debris,Slide,18.52,2913.0,31.1,20.8,21.6,24.1,24.6,1
ARN/TWNG/78M14/2016/0024_neg1,real_non_landslide,27.596639,91.878972,2015-10-26,Arunachal Pradesh,Tawang,SSB Colony slide,Debris,Slide,18.52,2913.0,31.1,1.2,0.2,0.5,0.0,0
ARN/TWNG/78M14/2016/0024_neg2,real_non_landslide,27.596639,91.878972,2016-10-20,Arunachal Pradesh,Tawang,SSB Colony slide,Debris,Slide,18.52,2913.0,31.1,1.0,0.0,0.1,0.0,0
ARN/TWNG/78M14/2016/0025,real_landslide,27.596639,91.878972,2016-04-23,Arunachal Pradesh,Tawang,Q.M. Store slide,Debris,Slide,18.52,2913.0,31.1,20.8,21.6,24.1,24.6,1
ARN/TWNG/78M14/2016/0025_neg1,real_non_landslide,27.596639,91.878972,2015-10-26,Arunachal Pradesh,Tawang,Q.M. Store slide,Debris,Slide,18.52,2913.0,31.1,1.2,0.2,0.5,0.0,0
ARN/TWNG/78M14/2016/0025_neg2,real_non_landslide,27.596639,91.878972,2016-10-20,Arunachal Pradesh,Tawang,Q.M. Store slide,Debris,Slide,18.52,2913.0,31.1,1.0,0.0,0.1,0.0,0
ARN/TWNG/78M14/2016/0001,real_landslide,27.587417,91.886944,2016-04-22,Arunachal Pradesh,Tawang,Famla Slide,Debris,Slide,1.91,2596.0,31.6,3.6,20.8,21.6,24.1,1
ARN/TWNG/78M14/2016/0001_neg1,real_non_landslide,27.587417,91.886944,2015-10-25,Arunachal Pradesh,Tawang,Famla Slide,Debris,Slide,1.91,2596.0,31.6,0.6,1.2,0.2,0.5,0
ARN/TWNG/78M14/2016/0001_neg2,real_non_landslide,27.587417,91.886944,2016-10-19,Arunachal Pradesh,Tawang,Famla Slide,Debris,Slide,1.91,2596.0,31.6,0.3,1.0,0.0,0.1,0
ARA/PP/83E16/2024/02,real_landslide,27.121136,93.762164,2024-06-18,Arunachal Pradesh,Papum Pare,Nirjuli Slide,Debris,Flow,0.0,198.0,24.7,11.0,5.0,37.5,13.4,1
ARA/PP/83E16/2024/02_neg1,real_non_landslide,27.121136,93.762164,2023-12-21,Arunachal Pradesh,Papum Pare,Nirjuli Slide,Debris,Flow,0.0,198.0,24.7,0.0,0.0,0.0,0.0,0
ARA/PP/83E16/2024/02_neg2,real_non_landslide,27.121136,93.762164,2024-12-15,Arunachal Pradesh,Papum Pare,Nirjuli Slide,Debris,Flow,0.0,198.0,24.7,0.0,0.0,0.0,0.0,0
ARA/PP/83E16/2024/01,real_landslide,27.105253,93.825399,2024-06-18,Arunachal Pradesh,Papum Pare,Banderdewa Petrol Pump Slide,Debris,Slide,11.31,175.0,28.3,8.2,1.9,35.6,23.1,1
ARA/PP/83E16/2024/01_neg1,real_non_landslide,27.105253,93.825399,2023-12-21,Arunachal Pradesh,Papum Pare,Banderdewa Petrol Pump Slide,Debris,Slide,11.31,175.0,28.3,0.0,0.0,0.0,0.0,0
ARA/PP/83E16/2024/01_neg2,real_non_landslide,27.105253,93.825399,2024-12-15,Arunachal Pradesh,Papum Pare,Banderdewa Petrol Pump Slide,Debris,Slide,11.31,175.0,28.3,0.0,0.0,0.0,0.0,0
ARA/PP/83E16/2024/03,real_landslide,27.121136,93.762164,2024-06-18,Arunachal Pradesh,Papum Pare,Chiputa Slide,Earth,Slide,0.0,198.0,24.7,11.0,5.0,37.5,13.4,1
ARA/PP/83E16/2024/03_neg1,real_non_landslide,27.121136,93.762164,2023-12-21,Arunachal Pradesh,Papum Pare,Chiputa Slide,Earth,Slide,0.0,198.0,24.7,0.0,0.0,0.0,0.0,0
ARA/PP/83E16/2024/03_neg2,real_non_landslide,27.121136,93.762164,2024-12-15,Arunachal Pradesh,Papum Pare,Chiputa Slide,Earth,Slide,0.0,198.0,24.7,0.0,0.0,0.0,0.0,0
ARA/DIB/82P15/2024/01,real_landslide,28.38919722,95.92776111,2024-04-24,Arunachal Pradesh,Lower Dibang Valley,N/A,Rock,flow,39.95,649.0,24.1,18.7,47.9,89.9,66.9,1
ARA/DIB/82P15/2024/01_neg1,real_non_landslide,28.38919722,95.92776111,2023-10-27,Arunachal Pradesh,Lower Dibang Valley,N/A,Rock,flow,39.95,649.0,24.1,0.0,1.8,9.6,0.9,0
ARA/DIB/82P15/2024/01_neg2,real_non_landslide,28.38919722,95.92776111,2023-04-25,Arunachal Pradesh,Lower Dibang Valley,N/A,Rock,flow,39.95,649.0,24.1,80.8,20.0,3.8,5.8,0
ARA/DIB/82P15/2024/01,real_landslide,28.38919722,95.92776111,2024-04-24,Arunachal Pradesh,Lower Dibang Valley,Abrali Slide,Rock,flow,39.95,649.0,24.1,18.7,47.9,89.9,66.9,1
ARA/DIB/82P15/2024/01_neg1,real_non_landslide,28.38919722,95.92776111,2023-10-27,Arunachal Pradesh,Lower Dibang Valley,Abrali Slide,Rock,flow,39.95,649.0,24.1,0.0,1.8,9.6,0.9,0
ARA/DIB/82P15/2024/01_neg2,real_non_landslide,28.38919722,95.92776111,2023-04-25,Arunachal Pradesh,Lower Dibang Valley,Abrali Slide,Rock,flow,39.95,649.0,24.1,80.8,20.0,3.8,5.8,0
MN/UKH/83L05/2018/001,real_landslide,22.873558,92.755953,2018-06-14,Manipur,Ukhrul,Landslide at 1.5 km South of Leiting Village,Debris,Slide,26.36,1051.0,31.2,264.9,120.6,97.2,33.7,1
MN/UKH/83L05/2018/001_neg1,real_non_landslide,22.873558,92.755953,2017-12-16,Manipur,Ukhrul,Landslide at 1.5 km South of Leiting Village,Debris,Slide,26.36,1051.0,31.2,0.0,0.0,0.0,0.0,0
MN/UKH/83L05/2018/001_neg2,real_non_landslide,22.873558,92.755953,2018-12-11,Manipur,Ukhrul,Landslide at 1.5 km South of Leiting Village,Debris,Slide,26.36,1051.0,31.2,0.0,0.0,0.0,4.1,0
MAN/CHAN/83L03/2007/C-10,real_landslide,24.40639,94.06583,2007-09-07,Manipur,Chandel,Bongyang slide,Debris,Slide,29.71,1184.0,28.5,10.2,44.4,36.3,28.6,1
MAN/CHAN/83L03/2007/C-10_neg1,real_non_landslide,24.40639,94.06583,2007-03-11,Manipur,Chandel,Bongyang slide,Debris,Slide,29.71,1184.0,28.5,0.0,0.0,0.0,0.0,0
MAN/CHAN/83L03/2007/C-10_neg2,real_non_landslide,24.40639,94.06583,2008-03-05,Manipur,Chandel,Bongyang slide,Debris,Slide,29.71,1184.0,28.5,0.0,0.0,2.2,3.3,0
MAN/TAM/83H09/2009-10/MN- 1,real_landslide,24.792333,93.658222,2010-06-10,Manipur,Tamenglong,Tupul Slide,Debris,Slide,39.93,456.0,32.7,7.3,33.0,7.8,3.3,1
MAN/TAM/83H09/2009-10/MN- 1_neg1,real_non_landslide,24.792333,93.658222,2009-12-12,Manipur,Tamenglong,Tupul Slide,Debris,Slide,39.93,456.0,32.7,0.0,0.0,0.0,0.0,0
MAN/TAM/83H09/2009-10/MN- 1_neg2,real_non_landslide,24.792333,93.658222,2010-12-07,Manipur,Tamenglong,Tupul Slide,Debris,Slide,39.93,456.0,32.7,0.0,0.0,0.0,0.0,0
MN/TGPL/83L03/2018/009,real_landslide,24.813306,93.243417,2018-08-02,Manipur,Tengnoupal,Lokchao Landslide,Rock,Slide,43.68,117.0,30.0,14.3,18.3,19.0,7.1,1
MN/TGPL/83L03/2018/009_neg1,real_non_landslide,24.813306,93.243417,2018-02-03,Manipur,Tengnoupal,Lokchao Landslide,Rock,Slide,43.68,117.0,30.0,0.0,0.0,0.4,0.0,0
MN/TGPL/83L03/2018/009_neg2,real_non_landslide,24.813306,93.243417,2019-01-29,Manipur,Tengnoupal,Lokchao Landslide,Rock,Slide,43.68,117.0,30.0,0.0,0.0,0.2,0.1,0
MAN/TAM/83H09/2007/C-1,real_landslide,24.81722,93.51722,2007-06-16,Manipur,Tamenglong,Khongsong slide,NA,,50.33,444.0,29.9,3.4,7.6,22.9,34.6,1
MAN/TAM/83H09/2007/C-1_neg1,real_non_landslide,24.81722,93.51722,2006-12-18,Manipur,Tamenglong,Khongsong slide,NA,,50.33,444.0,29.9,0.0,0.0,0.0,0.3,0
MAN/TAM/83H09/2007/C-1_neg2,real_non_landslide,24.81722,93.51722,2007-12-13,Manipur,Tamenglong,Khongsong slide,NA,,50.33,444.0,29.9,0.0,0.0,0.0,0.0,0
MAN/TAM/83H09/2007/C-13,real_landslide,24.81778,93.51583,2007-09-10,Manipur,Tamenglong,Taobam landslide,Debris,Slide,29.69,436.0,31.6,39.1,23.9,20.0,7.1,1
MAN/TAM/83H09/2007/C-13_neg1,real_non_landslide,24.81778,93.51583,2007-03-14,Manipur,Tamenglong,Taobam landslide,Debris,Slide,29.69,436.0,31.6,0.0,0.0,0.0,0.4,0
MAN/TAM/83H09/2007/C-13_neg2,real_non_landslide,24.81778,93.51583,2008-03-08,Manipur,Tamenglong,Taobam landslide,Debris,Slide,29.69,436.0,31.6,3.2,1.1,0.0,0.5,0
MAN/KAN/83K04/2017/01,real_landslide,24.82058,94.137,2017-05-31,Manipur,Kangpokpi,Maphou Kuki landslide,Rock,Subsidence,13.13,892.0,27.4,16.1,18.6,60.3,13.5,1
MAN/KAN/83K04/2017/01_neg1,real_non_landslide,24.82058,94.137,2016-12-02,Manipur,Kangpokpi,Maphou Kuki landslide,Rock,Subsidence,13.13,892.0,27.4,0.2,0.0,0.0,0.0,0
MAN/KAN/83K04/2017/01_neg2,real_non_landslide,24.82058,94.137,2017-11-27,Manipur,Kangpokpi,Maphou Kuki landslide,Rock,Subsidence,13.13,892.0,27.4,0.8,0.0,0.1,0.0,0
MAN/TAM/83H05/2008/C-19,real_landslide,24.83278,93.46333,2008-07-01,Manipur,Tamenglong,Tamenglong-Khongsang road-2 slide,Debris,Slide,39.99,787.0,33.2,33.0,40.0,15.6,12.4,1
MAN/TAM/83H05/2008/C-19_neg1,real_non_landslide,24.83278,93.46333,2008-01-03,Manipur,Tamenglong,Tamenglong-Khongsang road-2 slide,Debris,Slide,39.99,787.0,33.2,0.0,0.0,0.0,0.0,0
MAN/TAM/83H05/2008/C-19_neg2,real_non_landslide,24.83278,93.46333,2008-12-28,Manipur,Tamenglong,Tamenglong-Khongsang road-2 slide,Debris,Slide,39.99,787.0,33.2,0.0,3.0,0.6,0.0,0
7583,real_landslide,27.715081,94.692035,2026-06-28,Arunachal Pradesh,Lower Siang,Magi basti,Debris,slide,21.8,245.0,30.2,4.3,18.9,45.8,48.8,1
7583_neg1,real_non_landslide,27.715081,94.692035,2025-12-30,Arunachal Pradesh,Lower Siang,Magi basti,Debris,slide,21.8,245.0,30.2,0.0,0.0,0.0,0.5,0
7583_neg2,real_non_landslide,27.715081,94.692035,2025-06-28,Arunachal Pradesh,Lower Siang,Magi basti,Debris,slide,21.8,245.0,30.2,2.4,1.3,4.6,14.6,0
MAN/TAM/83H05/2008/C-17,real_landslide,24.84833,93.45917,2008-06-19,Manipur,Tamenglong,Tamenglong - Khongsang road slide,Debris,Slide,40.54,1034.0,28.5,5.8,22.6,9.2,21.9,1
MAN/TAM/83H05/2008/C-17_neg1,real_non_landslide,24.84833,93.45917,2007-12-22,Manipur,Tamenglong,Tamenglong - Khongsang road slide,Debris,Slide,40.54,1034.0,28.5,0.0,0.0,0.0,0.0,0
MAN/TAM/83H05/2008/C-17_neg2,real_non_landslide,24.84833,93.45917,2008-12-16,Manipur,Tamenglong,Tamenglong - Khongsang road slide,Debris,Slide,40.54,1034.0,28.5,0.0,0.0,0.0,0.0,0
MAN/TAM/83H05/2007/C-14,real_landslide,24.84833,93.45917,2007-09-12,Manipur,Tamenglong,Lamkaolong slide,Rock,Fall,40.54,1034.0,28.5,20.0,7.1,6.1,15.6,1
MAN/TAM/83H05/2007/C-14_neg1,real_non_landslide,24.84833,93.45917,2007-03-16,Manipur,Tamenglong,Lamkaolong slide,Rock,Fall,40.54,1034.0,28.5,0.0,0.4,1.9,4.0,0
MAN/TAM/83H05/2007/C-14_neg2,real_non_landslide,24.84833,93.45917,2008-03-10,Manipur,Tamenglong,Lamkaolong slide,Rock,Fall,40.54,1034.0,28.5,0.0,0.5,0.2,0.0,0
MAN/TAM/83H09/2009-10/MN- 2,real_landslide,24.862444,93.610639,2010-06-05,Manipur,Tamenglong,Lukhambi slide,NA,Slide,20.16,390.0,35.1,8.2,3.7,11.7,9.5,1
MAN/TAM/83H09/2009-10/MN- 2_neg1,real_non_landslide,24.862444,93.610639,2009-12-07,Manipur,Tamenglong,Lukhambi slide,NA,Slide,20.16,390.0,35.1,0.0,0.0,0.0,0.0,0
MAN/TAM/83H09/2009-10/MN- 2_neg2,real_non_landslide,24.862444,93.610639,2010-12-02,Manipur,Tamenglong,Lukhambi slide,NA,Slide,20.16,390.0,35.1,0.0,0.0,0.0,0.0,0
MAN/TAM/83H05/2008/C-18,real_landslide,24.90139,93.45389,2008-06-19,Manipur,Tamenglong,Tamenglong-Khongsang road (near Tabanglong) slide,Debris,Slide,31.01,945.0,27.7,2.8,18.5,5.8,18.0,1
MAN/TAM/83H05/2008/C-18_neg1,real_non_landslide,24.90139,93.45389,2007-12-22,Manipur,Tamenglong,Tamenglong-Khongsang road (near Tabanglong) slide,Debris,Slide,31.01,945.0,27.7,0.0,0.0,0.0,0.0,0
MAN/TAM/83H05/2008/C-18_neg2,real_non_landslide,24.90139,93.45389,2008-12-16,Manipur,Tamenglong,Tamenglong-Khongsang road (near Tabanglong) slide,Debris,Slide,31.01,945.0,27.7,0.0,0.0,0.0,0.0,0
MN/NON/83H13/2018/001,real_landslide,24.9252,94.3371,2018-06-06,Manipur,Noney,Kotlen landslide,Rock,Slide,45.94,1540.0,32.7,28.3,9.6,1.6,5.7,1
MN/NON/83H13/2018/001_neg1,real_non_landslide,24.9252,94.3371,2017-12-08,Manipur,Noney,Kotlen landslide,Rock,Slide,45.94,1540.0,32.7,0.0,0.0,0.0,1.3,0
MN/NON/83H13/2018/001_neg2,real_non_landslide,24.9252,94.3371,2018-12-03,Manipur,Noney,Kotlen landslide,Rock,Slide,45.94,1540.0,32.7,0.0,0.0,0.1,0.0,0
MN/TAM/83H05/2018/1,real_landslide,24.983806,93.497528,2018-06-22,Manipur,Tamenglong,,Debris,Slide,14.04,1155.0,30.2,13.0,2.9,12.4,16.8,1
MN/TAM/83H05/2018/1_neg1,real_non_landslide,24.983806,93.497528,2017-12-24,Manipur,Tamenglong,,Debris,Slide,14.04,1155.0,30.2,0.0,0.0,0.0,0.0,0
MN/TAM/83H05/2018/1_neg2,real_non_landslide,24.983806,93.497528,2018-12-19,Manipur,Tamenglong,,Debris,Slide,14.04,1155.0,30.2,0.0,1.5,44.3,1.9,0
MN/UKH/83L01/2018/48,real_landslide,24.983528,94.158333,2018-06-12,Manipur,Ukhrul,,Soil cum debris,Slide,21.47,1105.0,31.4,21.7,16.1,23.4,65.9,1
MN/UKH/83L01/2018/48_neg1,real_non_landslide,24.983528,94.158333,2017-12-14,Manipur,Ukhrul,,Soil cum debris,Slide,21.47,1105.0,31.4,7.9,1.1,0.0,0.0,0
MN/UKH/83L01/2018/48_neg2,real_non_landslide,24.983528,94.158333,2018-12-09,Manipur,Ukhrul,,Soil cum debris,Slide,21.47,1105.0,31.4,0.0,0.0,0.0,0.0,0
MN/TMG/83H01/2018/001,real_landslide,24.985167,93.508306,2018-05-03,Manipur,Tamenglong,Makru Bridge Landslide,Debris,Slide,22.29,1236.0,32.1,11.2,1.2,23.8,6.6,1
MN/TMG/83H01/2018/001_neg1,real_non_landslide,24.985167,93.508306,2017-11-04,Manipur,Tamenglong,Makru Bridge Landslide,Debris,Slide,22.29,1236.0,32.1,0.4,1.1,1.2,0.0,0
MN/TMG/83H01/2018/001_neg2,real_non_landslide,24.985167,93.508306,2018-10-30,Manipur,Tamenglong,Makru Bridge Landslide,Debris,Slide,22.29,1236.0,32.1,0.4,20.0,2.9,1.1,0
MAN/TAM/83H09/2007/C-7A,real_landslide,24.99083,93.50583,2007-08-28,Manipur,Tamenglong,Capentry area slide,Debris,Slide,22.49,1185.0,32.3,16.9,68.7,6.5,0.4,1
MAN/TAM/83H09/2007/C-7A_neg1,real_non_landslide,24.99083,93.50583,2007-03-01,Manipur,Tamenglong,Capentry area slide,Debris,Slide,22.49,1185.0,32.3,0.6,0.2,0.0,3.8,0
MAN/TAM/83H09/2007/C-7A_neg2,real_non_landslide,24.99083,93.50583,2008-02-24,Manipur,Tamenglong,Capentry area slide,Debris,Slide,22.49,1185.0,32.3,0.0,0.0,0.0,0.0,0
MAN/TAM/83H09/2007/C-7B,real_landslide,24.99083,93.50583,2007-08-28,Manipur,Tamenglong,Capentary area-2 slide,Debris,Slide,22.49,1185.0,32.3,16.9,68.7,6.5,0.4,1
MAN/TAM/83H09/2007/C-7B_neg1,real_non_landslide,24.99083,93.50583,2007-03-01,Manipur,Tamenglong,Capentary area-2 slide,Debris,Slide,22.49,1185.0,32.3,0.6,0.2,0.0,3.8,0
MAN/TAM/83H09/2007/C-7B_neg2,real_non_landslide,24.99083,93.50583,2008-02-24,Manipur,Tamenglong,Capentary area-2 slide,Debris,Slide,22.49,1185.0,32.3,0.0,0.0,0.0,0.0,0
MN/UKH/83L01/2018/14,real_landslide,24.994278,94.205917,2007-08-28,Manipur,Ukhrul,,Rock cum debris,Slide,42.79,1572.0,33.6,9.0,19.7,14.7,6.8,1
MN/UKH/83L01/2018/14_neg1,real_non_landslide,24.994278,94.205917,2007-03-01,Manipur,Ukhrul,,Rock cum debris,Slide,42.79,1572.0,33.6,0.2,0.0,0.0,2.9,0
MN/UKH/83L01/2018/14_neg2,real_non_landslide,24.994278,94.205917,2008-02-24,Manipur,Ukhrul,,Rock cum debris,Slide,42.79,1572.0,33.6,3.0,0.0,0.0,0.0,0
MAN/TAM/83H05/2007/C-5,real_landslide,24.99306,93.4975,2007-08-28,Manipur,Tamenglong,Guigailuang-2 slide,Debris,Slide,20.08,1188.0,30.4,16.9,68.7,6.5,0.4,1
MAN/TAM/83H05/2007/C-5_neg1,real_non_landslide,24.99306,93.4975,2007-03-01,Manipur,Tamenglong,Guigailuang-2 slide,Debris,Slide,20.08,1188.0,30.4,0.6,0.2,0.0,3.8,0
MAN/TAM/83H05/2007/C-5_neg2,real_non_landslide,24.99306,93.4975,2008-02-24,Manipur,Tamenglong,Guigailuang-2 slide,Debris,Slide,20.08,1188.0,30.4,0.0,0.0,0.0,0.0,0
MAN/TAM/83H09/2007/C-6,real_landslide,24.99694,93.50222,2007-08-28,Manipur,Tamenglong,Tamenglong-2 slide,NA,,16.8,1199.0,30.5,16.9,68.7,6.5,0.4,1
MAN/TAM/83H09/2007/C-6_neg1,real_non_landslide,24.99694,93.50222,2007-03-01,Manipur,Tamenglong,Tamenglong-2 slide,NA,,16.8,1199.0,30.5,0.6,0.2,0.0,3.8,0
MAN/TAM/83H09/2007/C-6_neg2,real_non_landslide,24.99694,93.50222,2008-02-24,Manipur,Tamenglong,Tamenglong-2 slide,NA,,16.8,1199.0,30.5,0.0,0.0,0.0,0.0,0
MN/KAN/83L01/2018/47,real_landslide,24.997972,94.020444,2007-08-28,Manipur,Kangpokpi,,Rock cum debris,Slide,0.0,835.0,32.2,6.7,59.1,9.6,4.2,1
MN/KAN/83L01/2018/47_neg1,real_non_landslide,24.997972,94.020444,2007-03-01,Manipur,Kangpokpi,,Rock cum debris,Slide,0.0,835.0,32.2,0.1,0.1,0.0,2.8,0
MN/KAN/83L01/2018/47_neg2,real_non_landslide,24.997972,94.020444,2008-02-24,Manipur,Kangpokpi,,Rock cum debris,Slide,0.0,835.0,32.2,3.5,0.0,0.0,0.0,0
MN/TMG/83H09/2018/001,real_landslide,25.047833,92.789306,2018-07-11,Manipur,Tamenglong,New Salem Slide,Soil,Slide,20.97,119.0,28.5,33.8,7.3,9.4,8.0,1
MN/TMG/83H09/2018/001_neg1,real_non_landslide,25.047833,92.789306,2018-01-12,Manipur,Tamenglong,New Salem Slide,Soil,Slide,20.97,119.0,28.5,0.0,0.0,0.0,0.0,0
MN/TMG/83H09/2018/001_neg2,real_non_landslide,25.047833,92.789306,2019-01-07,Manipur,Tamenglong,New Salem Slide,Soil,Slide,20.97,119.0,28.5,0.0,0.0,0.0,0.0,0
MN/KAN/83G16/2018/007,real_landslide,25.146528,93.941722,2017-06-04,Manipur,Kangpokpi,Kalikhola Slide II (Old Landslide),Debris,Slide,37.01,1287.0,32.9,94.8,3.6,52.3,24.4,1
MN/KAN/83G16/2018/007_neg1,real_non_landslide,25.146528,93.941722,2017-12-01,Manipur,Kangpokpi,Kalikhola Slide II (Old Landslide),Debris,Slide,37.01,1287.0,32.9,0.0,0.0,0.0,0.0,0
MN/KAN/83G16/2018/007_neg2,real_non_landslide,25.146528,93.941722,2016-06-04,Manipur,Kangpokpi,Kalikhola Slide II (Old Landslide),Debris,Slide,37.01,1287.0,32.9,6.6,0.4,1.3,11.0,0
MAN/SEN/83K03/2007/C-12,real_landslide,25.47217,94.15433,2007-09-09,Manipur,Senapati,Shajouba landslide,Debris,Slide,14.93,1486.0,31.8,30.1,14.3,41.2,20.9,1
MAN/SEN/83K03/2007/C-12_neg1,real_non_landslide,25.47217,94.15433,2007-03-13,Manipur,Senapati,Shajouba landslide,Debris,Slide,14.93,1486.0,31.8,0.0,0.7,0.0,0.8,0
MAN/SEN/83K03/2007/C-12_neg2,real_non_landslide,25.47217,94.15433,2008-03-07,Manipur,Senapati,Shajouba landslide,Debris,Slide,14.93,1486.0,31.8,8.2,14.0,3.9,0.3,0
MA/TAM/83H05/2024/01,real_landslide,24.979,93.496,2024-07-29,Manipur,Tamenglong,Dimthanlong landslide,Earth,Slide,19.37,1147.0,30.0,0.2,1.1,0.2,17.3,1
MA/TAM/83H05/2024/01_neg1,real_non_landslide,24.979,93.496,2024-01-31,Manipur,Tamenglong,Dimthanlong landslide,Earth,Slide,19.37,1147.0,30.0,0.0,0.0,0.0,0.3,0
MA/TAM/83H05/2024/01_neg2,real_non_landslide,24.979,93.496,2025-01-25,Manipur,Tamenglong,Dimthanlong landslide,Earth,Slide,19.37,1147.0,30.0,0.0,0.0,0.0,0.0,0
MN/TMG/83H05/2018/003,real_landslide,25.091778,92.354694,2018-07-11,Manipur,Tamenglong,Neigailong Slide,Soil,Slide,40.91,178.0,27.7,24.3,10.1,13.6,4.9,1
MN/TMG/83H05/2018/003_neg1,real_non_landslide,25.091778,92.354694,2018-01-12,Manipur,Tamenglong,Neigailong Slide,Soil,Slide,40.91,178.0,27.7,0.0,0.0,0.0,0.0,0
MN/TMG/83H05/2018/003_neg2,real_non_landslide,25.091778,92.354694,2019-01-07,Manipur,Tamenglong,Neigailong Slide,Soil,Slide,40.91,178.0,27.7,0.0,0.0,0.0,0.0,0
MN-33/2011,real_landslide,24.985,93.52113889,2011-05-31,Manipur,TAMENGLONG,Gadailong slide,Earth,Slide,24.23,1018.0,31.5,8.4,16.4,53.6,58.6,1
MN-33/2011_neg1,real_non_landslide,24.985,93.52113889,2010-12-02,Manipur,TAMENGLONG,Gadailong slide,Earth,Slide,24.23,1018.0,31.5,0.0,0.0,0.0,0.0,0
MN-33/2011_neg2,real_non_landslide,24.985,93.52113889,2011-11-27,Manipur,TAMENGLONG,Gadailong slide,Earth,Slide,24.23,1018.0,31.5,0.0,0.0,0.0,0.0,0
MN/SEN/83K03/2025/01,real_landslide,25.476047,94.146074,2025-09-15,Manipur,Senapati,Shajouba slide,Earth,Slide,27.23,1613.0,32.7,2.0,13.1,23.2,24.3,1
MN/SEN/83K03/2025/01_neg1,real_non_landslide,25.476047,94.146074,2025-03-19,Manipur,Senapati,Shajouba slide,Earth,Slide,27.23,1613.0,32.7,8.6,1.2,3.2,0.0,0
MN/SEN/83K03/2025/01_neg2,real_non_landslide,25.476047,94.146074,2026-03-14,Manipur,Senapati,Shajouba slide,Earth,Slide,27.23,1613.0,32.7,2.8,6.9,9.9,0.8,0
MN-34/2011,real_landslide,24.79083333,93.72333333,2011-07-06,Manipur,TAMENGLONG,Sinam Kuki SLIDE,Rock,Slide,46.8,1010.0,33.2,4.5,3.8,7.7,3.4,1
MN-34/2011_neg1,real_non_landslide,24.79083333,93.72333333,2011-01-07,Manipur,TAMENGLONG,Sinam Kuki SLIDE,Rock,Slide,46.8,1010.0,33.2,0.0,0.0,0.0,0.0,0
MN-34/2011_neg2,real_non_landslide,24.79083333,93.72333333,2012-01-02,Manipur,TAMENGLONG,Sinam Kuki SLIDE,Rock,Slide,46.8,1010.0,33.2,0.0,0.0,0.0,6.0,0
ML-94/2011,real_landslide,25.67469444,91.88652778,2011-06-26,Manipur,Ri-Bhoi,Umsaw Khwan slide,NA,Nil,13.92,1052.0,26.4,14.7,41.5,18.5,10.6,1
ML-94/2011_neg1,real_non_landslide,25.67469444,91.88652778,2010-12-28,Manipur,Ri-Bhoi,Umsaw Khwan slide,NA,Nil,13.92,1052.0,26.4,0.0,0.0,0.0,0.0,0
ML-94/2011_neg2,real_non_landslide,25.67469444,91.88652778,2011-12-23,Manipur,Ri-Bhoi,Umsaw Khwan slide,NA,Nil,13.92,1052.0,26.4,0.0,0.0,0.0,0.0,0
MN-10/2010,real_landslide,24.86469444,93.62116667,2010-06-08,Manipur,Tamenglong,None slide,NA,Nil,28.81,373.0,31.1,9.5,2.0,10.2,39.2,1
MN-10/2010_neg1,real_non_landslide,24.86469444,93.62116667,2009-12-10,Manipur,Tamenglong,None slide,NA,Nil,28.81,373.0,31.1,0.0,0.0,0.0,0.0,0
MN-10/2010_neg2,real_non_landslide,24.86469444,93.62116667,2010-12-05,Manipur,Tamenglong,None slide,NA,Nil,28.81,373.0,31.1,0.0,0.0,0.0,0.0,0
MN-12/2010,real_landslide,24.73133333,93.92738889,2010-03-28,Manipur,Tamenglong,Khoupum slide,NA,Nil,6.65,797.0,30.6,0.0,0.0,2.5,4.2,1
MN-12/2010_neg1,real_non_landslide,24.73133333,93.92738889,2009-09-29,Manipur,Tamenglong,Khoupum slide,NA,Nil,6.65,797.0,30.6,0.0,0.5,1.2,0.0,0
MN-12/2010_neg2,real_non_landslide,24.73133333,93.92738889,2010-09-24,Manipur,Tamenglong,Khoupum slide,NA,Nil,6.65,797.0,30.6,0.7,0.0,0.9,9.1,0
Manipur/ Ukhrul/ 83K04/ 2017/ 001,real_landslide,25.07849444,94.23608333,2017-04-05,Manipur,Ukhrul,Sirarakhong landslide,Soil,Slide,13.17,1606.0,34.9,19.9,11.4,51.9,6.4,1
Manipur/ Ukhrul/ 83K04/ 2017/ 001_neg1,real_non_landslide,25.07849444,94.23608333,2016-10-07,Manipur,Ukhrul,Sirarakhong landslide,Soil,Slide,13.17,1606.0,34.9,3.6,1.2,0.7,1.0,0
Manipur/ Ukhrul/ 83K04/ 2017/ 001_neg2,real_non_landslide,25.07849444,94.23608333,2017-10-02,Manipur,Ukhrul,Sirarakhong landslide,Soil,Slide,13.17,1606.0,34.9,40.3,2.9,0.7,3.5,0
MN/KPI/83G016/2022/01,real_landslide,25.24868889,93.85251111,2021-06-06,Manipur,Kangpokpi,Lamlenkon landslide,"Rock, detrital",Slide,6.65,1065.0,31.4,13.8,14.1,14.5,58.4,1
MN/KPI/83G016/2022/01_neg1,real_non_landslide,25.24868889,93.85251111,2020-12-08,Manipur,Kangpokpi,Lamlenkon landslide,"Rock, detrital",Slide,6.65,1065.0,31.4,0.0,0.0,0.0,0.0,0
MN/KPI/83G016/2022/01_neg2,real_non_landslide,25.24868889,93.85251111,2021-12-03,Manipur,Kangpokpi,Lamlenkon landslide,"Rock, detrital",Slide,6.65,1065.0,31.4,0.0,0.0,0.0,0.0,0
MN-11/2010,real_landslide,24.86297222,93.62397222,2010-06-08,Manipur,Tamenglong,Khumji slide,NA,Nil,18.43,366.0,32.8,9.5,2.0,10.2,39.2,1
MN-11/2010_neg1,real_non_landslide,24.86297222,93.62397222,2009-12-10,Manipur,Tamenglong,Khumji slide,NA,Nil,18.43,366.0,32.8,0.0,0.0,0.0,0.0,0
MN-11/2010_neg2,real_non_landslide,24.86297222,93.62397222,2010-12-05,Manipur,Tamenglong,Khumji slide,NA,Nil,18.43,366.0,32.8,0.0,0.0,0.0,0.0,0
6822,real_landslide,24.846509,93.573533,2025-05-31,Manipur,Noney,,Debris,slide,49.92,409.0,31.1,19.0,39.2,76.5,41.4,1
6822_neg1,real_non_landslide,24.846509,93.573533,2024-12-02,Manipur,Noney,,Debris,slide,49.92,409.0,31.1,0.4,0.0,0.0,0.0,0
6822_neg2,real_non_landslide,24.846509,93.573533,2025-11-27,Manipur,Noney,,Debris,slide,49.92,409.0,31.1,0.0,0.0,0.0,0.0,0
MEG/EJH/83CO8/2018/01,real_landslide,25.09178,92.35469,2018-05-07,Meghalaya,East Jaintia Hills,Sonapur 4km mile stone,Rock,Slide,40.91,178.0,27.7,16.9,61.4,117.0,125.9,1
MEG/EJH/83CO8/2018/01_neg1,real_non_landslide,25.09178,92.35469,2017-11-08,Meghalaya,East Jaintia Hills,Sonapur 4km mile stone,Rock,Slide,40.91,178.0,27.7,0.0,0.0,0.0,0.0,0
MEG/EJH/83CO8/2018/01_neg2,real_non_landslide,25.09178,92.35469,2018-11-03,Meghalaya,East Jaintia Hills,Sonapur 4km mile stone,Rock,Slide,40.91,178.0,27.7,0.5,0.0,0.0,1.0,0
MN/NON/83H09/2022/01,real_landslide,24.80664722,93.66738056,2022-06-30,Manipur,Noney,Tupul Railway station slide,"Rock, detrital",Slide,12.6,968.0,33.1,2.8,15.8,12.5,4.1,1
MN/NON/83H09/2022/01_neg1,real_non_landslide,24.80664722,93.66738056,2022-01-01,Manipur,Noney,Tupul Railway station slide,"Rock, detrital",Slide,12.6,968.0,33.1,0.0,0.0,0.0,0.0,0
MN/NON/83H09/2022/01_neg2,real_non_landslide,24.80664722,93.66738056,2022-12-27,Manipur,Noney,Tupul Railway station slide,"Rock, detrital",Slide,12.6,968.0,33.1,0.0,0.0,0.7,8.5,0
MEGH/JH/83C08/2007/D-23,real_landslide,25.12186,92.388583,2007-07-31,Meghalaya,Jaintia Hills,Sonapur slide,NA,Flow,45.29,76.0,27.0,23.4,23.1,15.5,15.2,1
MEGH/JH/83C08/2007/D-23_neg1,real_non_landslide,25.12186,92.388583,2007-02-01,Meghalaya,Jaintia Hills,Sonapur slide,NA,Flow,45.29,76.0,27.0,0.0,0.0,5.5,4.3,0
MEGH/JH/83C08/2007/D-23_neg2,real_non_landslide,25.12186,92.388583,2008-01-27,Meghalaya,Jaintia Hills,Sonapur slide,NA,Flow,45.29,76.0,27.0,8.6,7.6,10.1,0.0,0
6831,real_landslide,24.863924,93.617853,2025-06-05,Manipur,Noney,,Debris,slide,42.51,404.0,32.7,29.8,4.5,2.8,1.7,1
6831_neg1,real_non_landslide,24.863924,93.617853,2024-12-07,Manipur,Noney,,Debris,slide,42.51,404.0,32.7,0.0,0.0,0.0,0.0,0
6831_neg2,real_non_landslide,24.863924,93.617853,2025-12-02,Manipur,Noney,,Debris,slide,42.51,404.0,32.7,0.0,0.0,0.0,0.0,0
MEGH/WKH/78O04/2008/D-26,real_landslide,25.201,91.234,2008-08-12,Meghalaya,West Khasi Hills,Rajai slide,Debris,Fall,2.13,17.0,28.1,4.3,34.1,22.4,38.3,1
MEGH/WKH/78O04/2008/D-26_neg1,real_non_landslide,25.201,91.234,2008-02-14,Meghalaya,West Khasi Hills,Rajai slide,Debris,Fall,2.13,17.0,28.1,0.0,0.0,0.0,0.0,0
MEGH/WKH/78O04/2008/D-26_neg2,real_non_landslide,25.201,91.234,2009-02-08,Meghalaya,West Khasi Hills,Rajai slide,Debris,Fall,2.13,17.0,28.1,0.0,0.0,0.0,0.0,0
MEGH/JH/83C08/2007/D-22,real_landslide,25.134194,92.383528,2007-07-31,Meghalaya,Jaintia Hills,Tongseng slide,Rock cum Debris,Slide,22.07,148.0,31.2,33.5,31.1,17.9,19.1,1
MEGH/JH/83C08/2007/D-22_neg1,real_non_landslide,25.134194,92.383528,2007-02-01,Meghalaya,Jaintia Hills,Tongseng slide,Rock cum Debris,Slide,22.07,148.0,31.2,0.0,0.0,2.6,0.6,0
MEGH/JH/83C08/2007/D-22_neg2,real_non_landslide,25.134194,92.383528,2008-01-27,Meghalaya,Jaintia Hills,Tongseng slide,Rock cum Debris,Slide,22.07,148.0,31.2,9.0,6.1,9.2,0.0,0
MEGH/WKH/78O04/2008/D-27,real_landslide,25.20283,91.20908,2008-08-10,Meghalaya,West Khasi Hills,Shipur slide,Debris,Fall,13.13,68.0,29.0,14.7,5.7,4.3,34.1,1
MEGH/WKH/78O04/2008/D-27_neg1,real_non_landslide,25.20283,91.20908,2008-02-12,Meghalaya,West Khasi Hills,Shipur slide,Debris,Fall,13.13,68.0,29.0,2.3,0.2,0.0,0.0,0
MEGH/WKH/78O04/2008/D-27_neg2,real_non_landslide,25.20283,91.20908,2009-02-06,Meghalaya,West Khasi Hills,Shipur slide,Debris,Fall,13.13,68.0,29.0,0.1,0.0,0.0,0.0,0
MEG/EKH/78O11/2024/03,real_landslide,25.28236861,91.73874417,2024-05-30,Meghalaya,East Khasi Hills,NA,Debris,Slide and flow,8.53,774.0,28.5,79.2,235.2,54.1,28.2,1
MEG/EKH/78O11/2024/03_neg1,real_non_landslide,25.28236861,91.73874417,2023-12-02,Meghalaya,East Khasi Hills,NA,Debris,Slide and flow,8.53,774.0,28.5,0.0,0.0,0.0,0.0,0
MEG/EKH/78O11/2024/03_neg2,real_non_landslide,25.28236861,91.73874417,2024-11-26,Meghalaya,East Khasi Hills,NA,Debris,Slide and flow,8.53,774.0,28.5,0.2,0.2,0.0,0.0,0
MEGH/EKH/78O11/2009/D-37,real_landslide,25.300389,91.726722,2009-06-29,Meghalaya,East Khasi Hills,Umstew landslide,Debris,Slide,27.32,1525.0,36.7,22.5,37.6,52.2,103.4,1
MEGH/EKH/78O11/2009/D-37_neg1,real_non_landslide,25.300389,91.726722,2008-12-31,Meghalaya,East Khasi Hills,Umstew landslide,Debris,Slide,27.32,1525.0,36.7,0.0,0.0,0.4,0.0,0
MEGH/EKH/78O11/2009/D-37_neg2,real_non_landslide,25.300389,91.726722,2009-12-26,Meghalaya,East Khasi Hills,Umstew landslide,Debris,Slide,27.32,1525.0,36.7,0.0,0.0,0.0,0.0,0
MEG/EKH/78O15/2022/01,real_landslide,25.296,91.932,2022-04-04,Meghalaya,East Khasi Hills,NA,Rock,Slide,32.35,1055.0,31.1,28.8,1.0,6.6,93.3,1
MEG/EKH/78O15/2022/01_neg1,real_non_landslide,25.296,91.932,2021-10-06,Meghalaya,East Khasi Hills,NA,Rock,Slide,32.35,1055.0,31.1,5.2,22.1,7.2,0.6,0
MEG/EKH/78O15/2022/01_neg2,real_non_landslide,25.296,91.932,2022-10-01,Meghalaya,East Khasi Hills,NA,Rock,Slide,32.35,1055.0,31.1,9.8,4.0,0.6,1.0,0
ML/SWKH/78O07/2014/01,real_landslide,25.31458,91.45242,2013-08-06,Meghalaya,South West Khasi Hills,Tynnai Ground crack,Rock,Creep,48.58,1362.0,34.4,20.6,6.8,13.4,36.2,1
ML/SWKH/78O07/2014/01_neg1,real_non_landslide,25.31458,91.45242,2013-02-07,Meghalaya,South West Khasi Hills,Tynnai Ground crack,Rock,Creep,48.58,1362.0,34.4,0.0,0.0,0.0,0.0,0
ML/SWKH/78O07/2014/01_neg2,real_non_landslide,25.31458,91.45242,2014-02-02,Meghalaya,South West Khasi Hills,Tynnai Ground crack,Rock,Creep,48.58,1362.0,34.4,0.0,0.0,0.0,0.0,0
MEGH/WKH/78O07/2007/D-11,real_landslide,25.31488,91.33367,2007-07-19,Meghalaya,West Khasi Hills,Rangjadong slide,Debris,Slide,49.8,1114.0,32.6,30.7,54.1,65.3,90.2,1
MEGH/WKH/78O07/2007/D-11_neg1,real_non_landslide,25.31488,91.33367,2007-01-20,Meghalaya,West Khasi Hills,Rangjadong slide,Debris,Slide,49.8,1114.0,32.6,0.0,0.0,0.0,0.0,0
MEGH/WKH/78O07/2007/D-11_neg2,real_non_landslide,25.31488,91.33367,2008-01-15,Meghalaya,West Khasi Hills,Rangjadong slide,Debris,Slide,49.8,1114.0,32.6,0.0,0.0,0.0,0.0,0
MEGH/WKH/78O07/2007/D-10,real_landslide,25.31488,91.44913,2007-07-19,Meghalaya,West Khasi Hills,Tynnai (West) slide,Rock cum Debris,Slide,31.97,1359.0,34.0,61.0,62.4,57.6,70.5,1
MEGH/WKH/78O07/2007/D-10_neg1,real_non_landslide,25.31488,91.44913,2007-01-20,Meghalaya,West Khasi Hills,Tynnai (West) slide,Rock cum Debris,Slide,31.97,1359.0,34.0,0.0,0.0,0.0,0.0,0
MEGH/WKH/78O07/2007/D-10_neg2,real_non_landslide,25.31488,91.44913,2008-01-15,Meghalaya,West Khasi Hills,Tynnai (West) slide,Rock cum Debris,Slide,31.97,1359.0,34.0,0.0,0.0,0.0,0.0,0
ME/EKJ/78O15/2015/140,real_landslide,25.315176,91.923021,2007-07-19,Meghalaya,East Khasi Hills,,Rock,Slide,34.02,1076.0,30.3,54.0,71.9,80.8,114.7,1
ME/EKJ/78O15/2015/140_neg1,real_non_landslide,25.315176,91.923021,2007-01-20,Meghalaya,East Khasi Hills,,Rock,Slide,34.02,1076.0,30.3,0.0,0.0,0.0,0.0,0
ME/EKJ/78O15/2015/140_neg2,real_non_landslide,25.315176,91.923021,2008-01-15,Meghalaya,East Khasi Hills,,Rock,Slide,34.02,1076.0,30.3,0.0,0.0,0.0,0.0,0
MEGH/WKH/78O07/2007/D-12,real_landslide,25.31848,91.45262,2007-07-19,Meghalaya,West Khasi Hills,Tynnai East slide,Debris,Fall,18.65,1390.0,34.1,61.0,62.4,57.6,70.5,1
MEGH/WKH/78O07/2007/D-12_neg1,real_non_landslide,25.31848,91.45262,2007-01-20,Meghalaya,West Khasi Hills,Tynnai East slide,Debris,Fall,18.65,1390.0,34.1,0.0,0.0,0.0,0.0,0
MEGH/WKH/78O07/2007/D-12_neg2,real_non_landslide,25.31848,91.45262,2008-01-15,Meghalaya,West Khasi Hills,Tynnai East slide,Debris,Fall,18.65,1390.0,34.1,0.0,0.0,0.0,0.0,0
MEG/EJH/83C07/2024/02,real_landslide,25.37539167,92.431275,2024-05-28,Meghalaya,East Jaintia Hills,NA,Debris,Slide,0.0,1123.0,28.0,1.1,1.9,49.3,133.8,1
MEG/EJH/83C07/2024/02_neg1,real_non_landslide,25.37539167,92.431275,2023-11-30,Meghalaya,East Jaintia Hills,NA,Debris,Slide,0.0,1123.0,28.0,0.0,0.0,0.0,0.0,0
MEG/EJH/83C07/2024/02_neg2,real_non_landslide,25.37539167,92.431275,2024-11-24,Meghalaya,East Jaintia Hills,NA,Debris,Slide,0.0,1123.0,28.0,0.3,0.0,1.1,0.1,0
MEGH/WKH/78O07/2007/D-15,real_landslide,25.38803,91.46977,2007-06-16,Meghalaya,West Khasi Hills,Jashiar East slide,Debris,Slide,10.22,1527.0,35.5,4.0,24.0,20.3,79.6,1
MEGH/WKH/78O07/2007/D-15_neg1,real_non_landslide,25.38803,91.46977,2006-12-18,Meghalaya,West Khasi Hills,Jashiar East slide,Debris,Slide,10.22,1527.0,35.5,0.0,0.0,0.0,0.0,0
MEGH/WKH/78O07/2007/D-15_neg2,real_non_landslide,25.38803,91.46977,2007-12-13,Meghalaya,West Khasi Hills,Jashiar East slide,Debris,Slide,10.22,1527.0,35.5,0.0,0.0,0.0,0.0,0
ME/EKJ/78O15/2015/134,real_landslide,25.320833,91.9275,2007-07-19,Meghalaya,East Khasi Hills,,Rock,Slide,37.58,1091.0,28.9,54.0,71.9,80.8,114.7,1
ME/EKJ/78O15/2015/134_neg1,real_non_landslide,25.320833,91.9275,2007-01-20,Meghalaya,East Khasi Hills,,Rock,Slide,37.58,1091.0,28.9,0.0,0.0,0.0,0.0,0
ME/EKJ/78O15/2015/134_neg2,real_non_landslide,25.320833,91.9275,2008-01-15,Meghalaya,East Khasi Hills,,Rock,Slide,37.58,1091.0,28.9,0.0,0.0,0.0,0.0,0
MEGH/WKH/78O11/2007/D-14,real_landslide,25.40023,91.5159,2007-06-16,Meghalaya,West Khasi Hills,Jakrem East slide,Debris,Slide,15.61,1600.0,35.1,4.0,24.0,20.3,79.6,1
MEGH/WKH/78O11/2007/D-14_neg1,real_non_landslide,25.40023,91.5159,2006-12-18,Meghalaya,West Khasi Hills,Jakrem East slide,Debris,Slide,15.61,1600.0,35.1,0.0,0.0,0.0,0.0,0
MEGH/WKH/78O11/2007/D-14_neg2,real_non_landslide,25.40023,91.5159,2007-12-13,Meghalaya,West Khasi Hills,Jakrem East slide,Debris,Slide,15.61,1600.0,35.1,0.0,0.0,0.0,0.0,0
MEGH/WKH/78O07/2007/D-4,real_landslide,25.4013,91.45855,2007-08-18,Meghalaya,West Khasi Hills,Mawthawiang slide,Debris,Slide,13.13,1577.0,35.0,57.7,32.0,15.1,10.6,1
MEGH/WKH/78O07/2007/D-4_neg1,real_non_landslide,25.4013,91.45855,2007-02-19,Meghalaya,West Khasi Hills,Mawthawiang slide,Debris,Slide,13.13,1577.0,35.0,0.2,1.3,0.1,0.0,0
MEGH/WKH/78O07/2007/D-4_neg2,real_non_landslide,25.4013,91.45855,2008-02-14,Meghalaya,West Khasi Hills,Mawthawiang slide,Debris,Slide,13.13,1577.0,35.0,0.0,0.0,0.0,0.0,0
MG/SGH/78K11/2018/7,real_landslide,25.403061,90.724166,2007-08-18,Meghalaya,South Garo hills,Nengkhra-Nongalbibra road slide,Debris,Slide,15.85,347.0,28.9,95.0,11.9,6.5,9.7,1
MG/SGH/78K11/2018/7_neg1,real_non_landslide,25.403061,90.724166,2007-02-19,Meghalaya,South Garo hills,Nengkhra-Nongalbibra road slide,Debris,Slide,15.85,347.0,28.9,0.0,0.9,0.5,0.0,0
MG/SGH/78K11/2018/7_neg2,real_non_landslide,25.403061,90.724166,2008-02-14,Meghalaya,South Garo hills,Nengkhra-Nongalbibra road slide,Debris,Slide,15.85,347.0,28.9,0.0,0.0,0.0,0.0,0
ME/EKJ/78O15/2015/87,real_landslide,25.407917,91.998889,2007-08-18,Meghalaya,East Khasi Hills,,Rock,Fall,1.91,1521.0,30.3,43.5,24.8,12.2,8.2,1
ME/EKJ/78O15/2015/87_neg1,real_non_landslide,25.407917,91.998889,2007-02-19,Meghalaya,East Khasi Hills,,Rock,Fall,1.91,1521.0,30.3,0.2,5.6,1.0,0.4,0
ME/EKJ/78O15/2015/87_neg2,real_non_landslide,25.407917,91.998889,2008-02-14,Meghalaya,East Khasi Hills,,Rock,Fall,1.91,1521.0,30.3,0.0,0.0,0.0,0.0,0
MEGH/WKH/78O07/2007/D-5,real_landslide,25.40547,91.53712,2007-08-18,Meghalaya,West Khasi Hills,Umjarain East slide,Rock cum Debris,Slide,0.0,1458.0,36.7,57.7,32.0,15.1,10.6,1
MEGH/WKH/78O07/2007/D-5_neg1,real_non_landslide,25.40547,91.53712,2007-02-19,Meghalaya,West Khasi Hills,Umjarain East slide,Rock cum Debris,Slide,0.0,1458.0,36.7,0.2,1.3,0.1,0.0,0
MEGH/WKH/78O07/2007/D-5_neg2,real_non_landslide,25.40547,91.53712,2008-02-14,Meghalaya,West Khasi Hills,Umjarain East slide,Rock cum Debris,Slide,0.0,1458.0,36.7,0.0,0.0,0.0,0.0,0
MEGH/JH/78O15/2009/D-36,real_landslide,25.43561,91.862056,2009-07-17,Meghalaya,Jaintia Hills,Laitlongkot slide,Debris,Slide,24.23,1645.0,33.4,10.5,13.3,11.0,6.5,1
MEGH/JH/78O15/2009/D-36_neg1,real_non_landslide,25.43561,91.862056,2009-01-18,Meghalaya,Jaintia Hills,Laitlongkot slide,Debris,Slide,24.23,1645.0,33.4,0.0,0.0,0.0,0.0,0
MEGH/JH/78O15/2009/D-36_neg2,real_non_landslide,25.43561,91.862056,2010-01-13,Meghalaya,Jaintia Hills,Laitlongkot slide,Debris,Slide,24.23,1645.0,33.4,0.0,0.0,0.0,0.0,0
MEGH/WKH/78O07/2007/D-3,real_landslide,25.425,91.405,2007-08-18,Meghalaya,West Khasi Hills,Laitlawsnai slide,Debris,Slide,17.39,1556.0,36.5,57.7,32.0,15.1,10.6,1
MEGH/WKH/78O07/2007/D-3_neg1,real_non_landslide,25.425,91.405,2007-02-19,Meghalaya,West Khasi Hills,Laitlawsnai slide,Debris,Slide,17.39,1556.0,36.5,0.2,1.3,0.1,0.0,0
MEGH/WKH/78O07/2007/D-3_neg2,real_non_landslide,25.425,91.405,2008-02-14,Meghalaya,West Khasi Hills,Laitlawsnai slide,Debris,Slide,17.39,1556.0,36.5,0.0,0.0,0.0,0.0,0
MEGH/WKH/78O07/2007/D-13,real_landslide,25.44465,91.34622,2007-07-17,Meghalaya,West Khasi Hills,Mawpon slide,Debris,Slide,0.0,1468.0,35.0,7.1,7.9,30.6,50.0,1
MEGH/WKH/78O07/2007/D-13_neg1,real_non_landslide,25.44465,91.34622,2007-01-18,Meghalaya,West Khasi Hills,Mawpon slide,Debris,Slide,0.0,1468.0,35.0,0.0,0.0,0.0,0.0,0
MEGH/WKH/78O07/2007/D-13_neg2,real_non_landslide,25.44465,91.34622,2008-01-13,Meghalaya,West Khasi Hills,Mawpon slide,Debris,Slide,0.0,1468.0,35.0,0.0,0.0,0.0,0.0,0
MEG/EKH/78O10/2021/04,real_landslide,25.50368056,91.72342222,2007-07-19,Meghalaya,East Khasi Hills,NA,Rock,Slide,17.57,1749.0,32.8,55.2,61.9,62.3,85.0,1
MEG/EKH/78O10/2021/04_neg1,real_non_landslide,25.50368056,91.72342222,2007-01-20,Meghalaya,East Khasi Hills,NA,Rock,Slide,17.57,1749.0,32.8,0.0,0.0,0.0,0.0,0
MEG/EKH/78O10/2021/04_neg2,real_non_landslide,25.50368056,91.72342222,2008-01-15,Meghalaya,East Khasi Hills,NA,Rock,Slide,17.57,1749.0,32.8,0.0,0.0,0.0,0.0,0
MEGH/WKH/78O06/2007/D-9,real_landslide,25.50667,91.28318,2007-07-19,Meghalaya,West Khasi Hills,Nongjyllieh-2 slide,Debris,Slide,21.61,1358.0,36.3,30.6,50.0,41.1,59.9,1
MEGH/WKH/78O06/2007/D-9_neg1,real_non_landslide,25.50667,91.28318,2007-01-20,Meghalaya,West Khasi Hills,Nongjyllieh-2 slide,Debris,Slide,21.61,1358.0,36.3,0.0,0.0,0.1,0.0,0
MEGH/WKH/78O06/2007/D-9_neg2,real_non_landslide,25.50667,91.28318,2008-01-15,Meghalaya,West Khasi Hills,Nongjyllieh-2 slide,Debris,Slide,21.61,1358.0,36.3,0.0,0.0,0.0,0.0,0
MEGH/WGH/78K02/2007/D-19,real_landslide,25.51028,90.21678,2007-07-27,Meghalaya,West Garo Hills,Tura town (Rishipara) slide,NA,,18.13,332.0,27.7,16.1,61.1,53.0,59.4,1
MEGH/WGH/78K02/2007/D-19_neg1,real_non_landslide,25.51028,90.21678,2007-01-28,Meghalaya,West Garo Hills,Tura town (Rishipara) slide,NA,,18.13,332.0,27.7,0.0,0.0,0.0,0.0,0
MEGH/WGH/78K02/2007/D-19_neg2,real_non_landslide,25.51028,90.21678,2008-01-23,Meghalaya,West Garo Hills,Tura town (Rishipara) slide,NA,,18.13,332.0,27.7,2.0,0.0,0.0,10.0,0
MEGH/WKH/78O06/2007/D-7,real_landslide,25.51973,91.28443,2007-07-25,Meghalaya,West Khasi Hills,Mawkawah slide,Debris,Fall,24.75,1442.0,37.5,23.6,53.0,46.5,106.0,1
MEGH/WKH/78O06/2007/D-7_neg1,real_non_landslide,25.51973,91.28443,2007-01-26,Meghalaya,West Khasi Hills,Mawkawah slide,Debris,Fall,24.75,1442.0,37.5,0.0,0.0,0.0,0.0,0
MEGH/WKH/78O06/2007/D-7_neg2,real_non_landslide,25.51973,91.28443,2008-01-21,Meghalaya,West Khasi Hills,Mawkawah slide,Debris,Fall,24.75,1442.0,37.5,0.0,0.0,1.6,1.6,0
MEGH/WKH/78O06/2007/D-6,real_landslide,25.5208,91.25985,2007-07-25,Meghalaya,West Khasi Hills,Lawab slide,Rock cum Debris,Slide,26.13,1368.0,36.9,23.6,53.0,46.5,106.0,1
MEGH/WKH/78O06/2007/D-6_neg1,real_non_landslide,25.5208,91.25985,2007-01-26,Meghalaya,West Khasi Hills,Lawab slide,Rock cum Debris,Slide,26.13,1368.0,36.9,0.0,0.0,0.0,0.0,0
MEGH/WKH/78O06/2007/D-6_neg2,real_non_landslide,25.5208,91.25985,2008-01-21,Meghalaya,West Khasi Hills,Lawab slide,Rock cum Debris,Slide,26.13,1368.0,36.9,0.0,0.0,1.6,1.6,0
MEGH/EKH/83C02/2009/D-34,real_landslide,25.54231,92.1,2009-07-01,Meghalaya,East Khasi Hills,Puriang-4 slide,Rock cum Debris,Slide,26.97,1323.0,32.1,37.1,73.2,82.0,46.3,1
MEGH/EKH/83C02/2009/D-34_neg1,real_non_landslide,25.54231,92.1,2009-01-02,Meghalaya,East Khasi Hills,Puriang-4 slide,Rock cum Debris,Slide,26.97,1323.0,32.1,0.7,0.0,0.1,0.0,0
MEGH/EKH/83C02/2009/D-34_neg2,real_non_landslide,25.54231,92.1,2009-12-28,Meghalaya,East Khasi Hills,Puriang-4 slide,Rock cum Debris,Slide,26.97,1323.0,32.1,0.0,0.0,0.0,0.0,0
MEGH/EKH/83C02/2009/D-31,real_landslide,25.54261,92.10867,2009-07-01,Meghalaya,East Khasi Hills,Puriang slide,Debris,Slide,3.81,1143.0,30.8,37.1,73.2,82.0,46.3,1
MEGH/EKH/83C02/2009/D-31_neg1,real_non_landslide,25.54261,92.10867,2009-01-02,Meghalaya,East Khasi Hills,Puriang slide,Debris,Slide,3.81,1143.0,30.8,0.7,0.0,0.1,0.0,0
MEGH/EKH/83C02/2009/D-31_neg2,real_non_landslide,25.54261,92.10867,2009-12-28,Meghalaya,East Khasi Hills,Puriang slide,Debris,Slide,3.81,1143.0,30.8,0.0,0.0,0.0,0.0,0
MEGH/EKH/83C02/2009/D-35,real_landslide,25.54261,92.09842,2009-07-01,Meghalaya,Jaintia Hills,Kongong-2 slide,Debris,Slide,18.52,1296.0,32.6,37.1,73.2,82.0,46.3,1
MEGH/EKH/83C02/2009/D-35_neg1,real_non_landslide,25.54261,92.09842,2009-01-02,Meghalaya,Jaintia Hills,Kongong-2 slide,Debris,Slide,18.52,1296.0,32.6,0.7,0.0,0.1,0.0,0
MEGH/EKH/83C02/2009/D-35_neg2,real_non_landslide,25.54261,92.09842,2009-12-28,Meghalaya,Jaintia Hills,Kongong-2 slide,Debris,Slide,18.52,1296.0,32.6,0.0,0.0,0.0,0.0,0
ML/EKH/78O14/2014/03,real_landslide,25.57822,91.86545,2014-09-23,Meghalaya,East Khasi Hills,Barapathar,Debris,Slide,11.31,1450.0,34.2,45.6,46.7,103.8,125.6,1
ML/EKH/78O14/2014/03_neg1,real_non_landslide,25.57822,91.86545,2014-03-27,Meghalaya,East Khasi Hills,Barapathar,Debris,Slide,11.31,1450.0,34.2,20.4,11.5,2.9,4.6,0
ML/EKH/78O14/2014/03_neg2,real_non_landslide,25.57822,91.86545,2015-03-22,Meghalaya,East Khasi Hills,Barapathar,Debris,Slide,11.31,1450.0,34.2,0.0,0.0,0.0,0.3,0
MEGH/EKH/83C02/2009/D-33,real_landslide,25.54264,92.10214,2009-07-01,Meghalaya,East Khasi Hills,Puriang-3 slide,Rock,Slide,2.86,1330.0,30.5,37.1,73.2,82.0,46.3,1
MEGH/EKH/83C02/2009/D-33_neg1,real_non_landslide,25.54264,92.10214,2009-01-02,Meghalaya,East Khasi Hills,Puriang-3 slide,Rock,Slide,2.86,1330.0,30.5,0.7,0.0,0.1,0.0,0
MEGH/EKH/83C02/2009/D-33_neg2,real_non_landslide,25.54264,92.10214,2009-12-28,Meghalaya,East Khasi Hills,Puriang-3 slide,Rock,Slide,2.86,1330.0,30.5,0.0,0.0,0.0,0.0,0
MEG/RB/78O14/2017/01,real_landslide,25.663444,91.915944,2017-06-17,Meghalaya,Ri-Bhoi,Tharia slide,Debris,Slide,5.79,950.0,27.9,11.1,16.8,24.3,56.6,1
MEG/RB/78O14/2017/01_neg1,real_non_landslide,25.663444,91.915944,2016-12-19,Meghalaya,Ri-Bhoi,Tharia slide,Debris,Slide,5.79,950.0,27.9,0.0,0.0,0.0,4.9,0
MEG/RB/78O14/2017/01_neg2,real_non_landslide,25.663444,91.915944,2017-12-14,Meghalaya,Ri-Bhoi,Tharia slide,Debris,Slide,5.79,950.0,27.9,31.6,0.1,0.0,0.0,0
MEGH/EKH/83C02/2009/D-32,real_landslide,25.54328,92.10478,2009-07-01,Meghalaya,East Khasi Hills,Puriang-2 slide,Rock,Fall,27.23,1285.0,30.2,37.1,73.2,82.0,46.3,1
MEGH/EKH/83C02/2009/D-32_neg1,real_non_landslide,25.54328,92.10478,2009-01-02,Meghalaya,East Khasi Hills,Puriang-2 slide,Rock,Fall,27.23,1285.0,30.2,0.7,0.0,0.1,0.0,0
MEGH/EKH/83C02/2009/D-32_neg2,real_non_landslide,25.54328,92.10478,2009-12-28,Meghalaya,East Khasi Hills,Puriang-2 slide,Rock,Fall,27.23,1285.0,30.2,0.0,0.0,0.0,0.0,0
MEG/EKH/78O14/2024/01,real_landslide,25.6251,91.9118,2024-05-27,Meghalaya,East Khasi Hills,NA,Slope cut debris (weathered quartzite),Slide,24.39,1324.0,31.7,4.9,0.6,13.0,61.5,1
MEG/EKH/78O14/2024/01_neg1,real_non_landslide,25.6251,91.9118,2023-11-29,Meghalaya,East Khasi Hills,NA,Slope cut debris (weathered quartzite),Slide,24.39,1324.0,31.7,0.0,0.0,0.0,0.0,0
MEG/EKH/78O14/2024/01_neg2,real_non_landslide,25.6251,91.9118,2024-11-23,Meghalaya,East Khasi Hills,NA,Slope cut debris (weathered quartzite),Slide,24.39,1324.0,31.7,0.0,0.0,0.3,0.5,0
MEG/WKH/78O10/2016/51,real_landslide,25.687056,91.6485,2007-09-15,Meghalaya,West Khasi Hills,,Debris,Slide,40.36,1126.0,31.3,19.2,21.3,40.2,22.2,1
MEG/WKH/78O10/2016/51_neg1,real_non_landslide,25.687056,91.6485,2007-03-19,Meghalaya,West Khasi Hills,,Debris,Slide,40.36,1126.0,31.3,0.0,0.0,0.0,0.0,0
MEG/WKH/78O10/2016/51_neg2,real_non_landslide,25.687056,91.6485,2008-03-13,Meghalaya,West Khasi Hills,,Debris,Slide,40.36,1126.0,31.3,2.9,0.0,0.0,0.2,0
MEGH/WKH/78O02/2007/D-1,real_landslide,25.68625,91.118358,2007-09-15,Meghalaya,West Khasi Hills,Nongjri (Porthangjah) slide,Debris,Fall,12.23,1044.0,29.1,7.5,16.6,23.8,9.9,1
MEGH/WKH/78O02/2007/D-1_neg1,real_non_landslide,25.68625,91.118358,2007-03-19,Meghalaya,West Khasi Hills,Nongjri (Porthangjah) slide,Debris,Fall,12.23,1044.0,29.1,0.0,0.0,0.0,0.0,0
MEGH/WKH/78O02/2007/D-1_neg2,real_non_landslide,25.68625,91.118358,2008-03-13,Meghalaya,West Khasi Hills,Nongjri (Porthangjah) slide,Debris,Fall,12.23,1044.0,29.1,0.0,0.0,0.0,0.0,0
MEGH/WKH/78O02/2007/D-2,real_landslide,25.69483,91.11836,2007-09-15,Meghalaya,West Khasi Hills,Tynrong Mawsaw slide,Debris,Slide,25.24,1082.0,29.3,7.5,16.6,23.8,9.9,1
MEGH/WKH/78O02/2007/D-2_neg1,real_non_landslide,25.69483,91.11836,2007-03-19,Meghalaya,West Khasi Hills,Tynrong Mawsaw slide,Debris,Slide,25.24,1082.0,29.3,0.0,0.0,0.0,0.0,0
MEGH/WKH/78O02/2007/D-2_neg2,real_non_landslide,25.69483,91.11836,2008-03-13,Meghalaya,West Khasi Hills,Tynrong Mawsaw slide,Debris,Slide,25.24,1082.0,29.3,0.0,0.0,0.0,0.0,0
ME/EKJ/78O14/2015/23,real_landslide,25.695552,91.903777,2007-09-15,Meghalaya,East Khasi Hills,,Debris,Slide,19.29,881.0,30.4,13.0,21.9,39.4,21.2,1
ME/EKJ/78O14/2015/23_neg1,real_non_landslide,25.695552,91.903777,2007-03-19,Meghalaya,East Khasi Hills,,Debris,Slide,19.29,881.0,30.4,0.0,0.0,0.0,0.0,0
ME/EKJ/78O14/2015/23_neg2,real_non_landslide,25.695552,91.903777,2008-03-13,Meghalaya,East Khasi Hills,,Debris,Slide,19.29,881.0,30.4,2.6,1.5,0.0,0.1,0
ML/RIB/78O13/2014/07,real_landslide,25.95847,91.85406,2014-09-23,Meghalaya,Ri-Bhoi,Shangbangla,Debris,Slide,28.22,360.0,29.4,74.1,29.6,37.1,37.9,1
ML/RIB/78O13/2014/07_neg1,real_non_landslide,25.95847,91.85406,2014-03-27,Meghalaya,Ri-Bhoi,Shangbangla,Debris,Slide,28.22,360.0,29.4,0.3,0.0,0.5,0.1,0
ML/RIB/78O13/2014/07_neg2,real_non_landslide,25.95847,91.85406,2015-03-22,Meghalaya,Ri-Bhoi,Shangbangla,Debris,Slide,28.22,360.0,29.4,0.0,0.0,0.0,0.0,0
ML/RIB/78O13/2014/04,real_landslide,25.97256,91.86242,2014-10-05,Meghalaya,Ri-Bhoi,Umling,Debris,Slide,10.76,357.0,29.6,0.0,0.6,0.0,0.0,1
ML/RIB/78O13/2014/04_neg1,real_non_landslide,25.97256,91.86242,2014-04-08,Meghalaya,Ri-Bhoi,Umling,Debris,Slide,10.76,357.0,29.6,0.0,0.0,0.0,1.3,0
ML/RIB/78O13/2014/04_neg2,real_non_landslide,25.97256,91.86242,2015-04-03,Meghalaya,Ri-Bhoi,Umling,Debris,Slide,10.76,357.0,29.6,5.1,0.7,2.4,2.5,0
ML/RIB/78N16/2014/06,real_landslide,26.00294,91.86692,2014-09-23,Meghalaya,Ri-Bhoi,19 Mile,Debris,Slide,31.66,395.0,28.4,74.1,29.6,37.1,37.9,1
ML/RIB/78N16/2014/06_neg1,real_non_landslide,26.00294,91.86692,2014-03-27,Meghalaya,Ri-Bhoi,19 Mile,Debris,Slide,31.66,395.0,28.4,0.3,0.0,0.5,0.1,0
ML/RIB/78N16/2014/06_neg2,real_non_landslide,26.00294,91.86692,2015-03-22,Meghalaya,Ri-Bhoi,19 Mile,Debris,Slide,31.66,395.0,28.4,0.0,0.0,0.0,0.0,0
ML/RIB/78N16/2014/02,real_landslide,26.02547,91.87158,2014-09-20,Meghalaya,Ri-Bhoi,17 Mile B,Earth,Slide,2.86,181.0,29.0,0.0,2.7,26.0,74.1,1
ML/RIB/78N16/2014/02_neg1,real_non_landslide,26.02547,91.87158,2014-03-24,Meghalaya,Ri-Bhoi,17 Mile B,Earth,Slide,2.86,181.0,29.0,0.0,0.0,0.0,0.3,0
ML/RIB/78N16/2014/02_neg2,real_non_landslide,26.02547,91.87158,2015-03-19,Meghalaya,Ri-Bhoi,17 Mile B,Earth,Slide,2.86,181.0,29.0,0.0,0.0,0.0,0.0,0
3344,real_landslide,25.47704743,92.16831285,2020-05-25,Meghalaya,West Jaintia Hills,NULL,Debris,Slide,13.13,1391.0,31.7,12.8,2.0,8.2,19.0,1
3344_neg1,real_non_landslide,25.47704743,92.16831285,2019-11-27,Meghalaya,West Jaintia Hills,NULL,Debris,Slide,13.13,1391.0,31.7,0.0,0.0,0.0,0.0,0
3344_neg2,real_non_landslide,25.47704743,92.16831285,2020-11-21,Meghalaya,West Jaintia Hills,NULL,Debris,Slide,13.13,1391.0,31.7,0.1,0.0,1.3,1.8,0
3348,real_landslide,25.46307925,92.25426106,2020-05-26,Meghalaya,West Jaintia Hills,NULL,Soil,Slide,1.35,1370.0,31.7,1.1,6.2,13.9,91.8,1
3348_neg1,real_non_landslide,25.46307925,92.25426106,2019-11-28,Meghalaya,West Jaintia Hills,NULL,Soil,Slide,1.35,1370.0,31.7,0.0,0.0,0.0,0.0,0
3348_neg2,real_non_landslide,25.46307925,92.25426106,2020-11-22,Meghalaya,West Jaintia Hills,NULL,Soil,Slide,1.35,1370.0,31.7,0.0,2.5,1.5,0.0,0
3351,real_landslide,25.28422636,92.11294194,2020-06-26,Meghalaya,West Jaintia Hills,NULL,Debris,Slide,13.13,1019.0,30.0,23.3,18.6,37.2,111.2,1
3351_neg1,real_non_landslide,25.28422636,92.11294194,2019-12-29,Meghalaya,West Jaintia Hills,NULL,Debris,Slide,13.13,1019.0,30.0,0.0,2.4,0.0,0.0,0
3351_neg2,real_non_landslide,25.28422636,92.11294194,2020-12-23,Meghalaya,West Jaintia Hills,NULL,Debris,Slide,13.13,1019.0,30.0,0.0,0.0,0.0,0.0,0
3345,real_landslide,25.2842285,92.11314877,2020-05-26,Meghalaya,West Jaintia Hills,NULL,Rock,Slide,13.13,1019.0,30.0,15.9,54.4,100.8,230.2,1
3345_neg1,real_non_landslide,25.2842285,92.11314877,2019-11-28,Meghalaya,West Jaintia Hills,NULL,Rock,Slide,13.13,1019.0,30.0,0.0,0.0,0.0,0.0,0
3345_neg2,real_non_landslide,25.2842285,92.11314877,2020-11-22,Meghalaya,West Jaintia Hills,NULL,Rock,Slide,13.13,1019.0,30.0,1.5,0.1,1.6,0.0,0
ME/SWKH/78O07/2024/4,real_landslide,25.29967,91.46108,2024-06-15,Meghalaya,South West Khasi Hills,Manad slide-1,Debris,Slide,27.32,1030.0,29.8,8.4,78.8,18.5,33.0,1
ME/SWKH/78O07/2024/4_neg1,real_non_landslide,25.29967,91.46108,2023-12-18,Meghalaya,South West Khasi Hills,Manad slide-1,Debris,Slide,27.32,1030.0,29.8,0.0,0.0,0.0,0.0,0
ME/SWKH/78O07/2024/4_neg2,real_non_landslide,25.29967,91.46108,2024-12-12,Meghalaya,South West Khasi Hills,Manad slide-1,Debris,Slide,27.32,1030.0,29.8,0.0,0.0,0.0,0.0,0
ME/SWKH/78O07/2024/5,real_landslide,25.29667,91.45986,2024-06-17,Meghalaya,South West Khasi Hills,Manad slide-2,Debris,Slide,33.71,1054.0,29.6,18.5,33.0,31.7,34.5,1
ME/SWKH/78O07/2024/5_neg1,real_non_landslide,25.29667,91.45986,2023-12-20,Meghalaya,South West Khasi Hills,Manad slide-2,Debris,Slide,33.71,1054.0,29.6,0.0,0.0,0.0,0.0,0
ME/SWKH/78O07/2024/5_neg2,real_non_landslide,25.29667,91.45986,2024-12-14,Meghalaya,South West Khasi Hills,Manad slide-2,Debris,Slide,33.71,1054.0,29.6,0.0,0.0,0.0,0.0,0
ME/SWKH/78O07/2024/6,real_landslide,25.2975,91.46167,2024-06-17,Meghalaya,South West Khasi Hills,Manad slide-3,Debris,Slide,11.35,1072.0,30.3,18.5,33.0,31.7,34.5,1
ME/SWKH/78O07/2024/6_neg1,real_non_landslide,25.2975,91.46167,2023-12-20,Meghalaya,South West Khasi Hills,Manad slide-3,Debris,Slide,11.35,1072.0,30.3,0.0,0.0,0.0,0.0,0
ME/SWKH/78O07/2024/6_neg2,real_non_landslide,25.2975,91.46167,2024-12-14,Meghalaya,South West Khasi Hills,Manad slide-3,Debris,Slide,11.35,1072.0,30.3,0.0,0.0,0.0,0.0,0
ME/SWKH/78O072024/7,real_landslide,25.29739,91.46201,2024-06-17,Meghalaya,South West Khasi Hills,Manad slide-4,Debris,Slide,8.53,1063.0,30.3,18.5,33.0,31.7,34.5,1
ME/SWKH/78O072024/7_neg1,real_non_landslide,25.29739,91.46201,2023-12-20,Meghalaya,South West Khasi Hills,Manad slide-4,Debris,Slide,8.53,1063.0,30.3,0.0,0.0,0.0,0.0,0
ME/SWKH/78O072024/7_neg2,real_non_landslide,25.29739,91.46201,2024-12-14,Meghalaya,South West Khasi Hills,Manad slide-4,Debris,Slide,8.53,1063.0,30.3,0.0,0.0,0.0,0.0,0
ME/SWKH/78O07/2024/8,real_landslide,25.29778,91.45972,2024-06-15,Meghalaya,South West Khasi Hills,Lummawbah village slide,Debris,Slide,19.69,1044.0,29.6,8.4,78.8,18.5,33.0,1
ME/SWKH/78O07/2024/8_neg1,real_non_landslide,25.29778,91.45972,2023-12-18,Meghalaya,South West Khasi Hills,Lummawbah village slide,Debris,Slide,19.69,1044.0,29.6,0.0,0.0,0.0,0.0,0
ME/SWKH/78O07/2024/8_neg2,real_non_landslide,25.29778,91.45972,2024-12-12,Meghalaya,South West Khasi Hills,Lummawbah village slide,Debris,Slide,19.69,1044.0,29.6,0.0,0.0,0.0,0.0,0
ME/RIB/78O13/2024/09,real_landslide,25.809088,91.875238,2025-07-06,Meghalaya,Ri-Bhoi,Umsamlem slide,Earth,Slide,21.84,583.0,28.6,6.3,10.4,16.9,8.4,1
ME/RIB/78O13/2024/09_neg1,real_non_landslide,25.809088,91.875238,2025-01-07,Meghalaya,Ri-Bhoi,Umsamlem slide,Earth,Slide,21.84,583.0,28.6,0.0,0.0,0.3,0.3,0
ME/RIB/78O13/2024/09_neg2,real_non_landslide,25.809088,91.875238,2026-01-02,Meghalaya,Ri-Bhoi,Umsamlem slide,Earth,Slide,21.84,583.0,28.6,3.1,1.6,0.0,0.3,0
ME/RIB/78O13/2024/10,real_landslide,25.781246,91.874475,2024-07-06,Meghalaya,Ri-Bhoi,Umran Dairy slide,Earth,Slide,0.0,689.0,29.5,16.3,10.2,14.3,6.6,1
ME/RIB/78O13/2024/10_neg1,real_non_landslide,25.781246,91.874475,2024-01-08,Meghalaya,Ri-Bhoi,Umran Dairy slide,Earth,Slide,0.0,689.0,29.5,0.0,0.0,0.0,0.0,0
ME/RIB/78O13/2024/10_neg2,real_non_landslide,25.781246,91.874475,2023-07-07,Meghalaya,Ri-Bhoi,Umran Dairy slide,Earth,Slide,0.0,689.0,29.5,10.6,29.8,33.7,10.8,0
ME/EKH/78O15/2025/01,real_landslide,25.465167,91.824944,2025-05-30,Meghalaya,East Khasi Hills,11thMile slide 1,Debris,Slide,9.46,1691.0,32.2,7.0,10.5,47.4,291.2,1
ME/EKH/78O15/2025/01_neg1,real_non_landslide,25.465167,91.824944,2024-12-01,Meghalaya,East Khasi Hills,11thMile slide 1,Debris,Slide,9.46,1691.0,32.2,0.0,0.0,0.0,0.0,0
ME/EKH/78O15/2025/01_neg2,real_non_landslide,25.465167,91.824944,2025-11-26,Meghalaya,East Khasi Hills,11thMile slide 1,Debris,Slide,9.46,1691.0,32.2,2.2,0.0,0.0,0.0,0
ME/EKH/78O15/2025/02,real_landslide,25.422278,91.867694,2025-05-30,Meghalaya,East Khasi Hills,Laitlyngkot- Pomlum slide 1,Rock,Slide,49.4,1712.0,33.3,7.0,10.5,47.4,291.2,1
ME/EKH/78O15/2025/02_neg1,real_non_landslide,25.422278,91.867694,2024-12-01,Meghalaya,East Khasi Hills,Laitlyngkot- Pomlum slide 1,Rock,Slide,49.4,1712.0,33.3,0.0,0.0,0.0,0.0,0
ME/EKH/78O15/2025/02_neg2,real_non_landslide,25.422278,91.867694,2025-11-26,Meghalaya,East Khasi Hills,Laitlyngkot- Pomlum slide 1,Rock,Slide,49.4,1712.0,33.3,2.2,0.0,0.0,0.0,0
ME/EKH/78O15/2025/04,real_landslide,25.48716667,91.81936111,2025-05-30,Meghalaya,East Khasi Hills,11th Mile slide2,Debris,Slide,8.53,1712.0,32.6,7.0,10.5,47.4,291.2,1
ME/EKH/78O15/2025/04_neg1,real_non_landslide,25.48716667,91.81936111,2024-12-01,Meghalaya,East Khasi Hills,11th Mile slide2,Debris,Slide,8.53,1712.0,32.6,0.0,0.0,0.0,0.0,0
ME/EKH/78O15/2025/04_neg2,real_non_landslide,25.48716667,91.81936111,2025-11-26,Meghalaya,East Khasi Hills,11th Mile slide2,Debris,Slide,8.53,1712.0,32.6,2.2,0.0,0.0,0.0,0
ME/EKH/78O15/2025/05,real_landslide,25.456896,91.826145,2025-05-30,Meghalaya,East Khasi Hills,Lumkyntung landslide,Debris,Slide,24.23,1742.0,32.7,7.0,10.5,47.4,291.2,1
ME/EKH/78O15/2025/05_neg1,real_non_landslide,25.456896,91.826145,2024-12-01,Meghalaya,East Khasi Hills,Lumkyntung landslide,Debris,Slide,24.23,1742.0,32.7,0.0,0.0,0.0,0.0,0
ME/EKH/78O15/2025/05_neg2,real_non_landslide,25.456896,91.826145,2025-11-26,Meghalaya,East Khasi Hills,Lumkyntung landslide,Debris,Slide,24.23,1742.0,32.7,2.2,0.0,0.0,0.0,0
ME/EKH/78O15/2025/03,real_landslide,25.43480556,91.85952778,2025-05-30,Meghalaya,East Khasi Hills,Laitlyngkot-Pomlum slide 2,Debris,Slide,14.04,1802.0,33.3,7.0,10.5,47.4,291.2,1
ME/EKH/78O15/2025/03_neg1,real_non_landslide,25.43480556,91.85952778,2024-12-01,Meghalaya,East Khasi Hills,Laitlyngkot-Pomlum slide 2,Debris,Slide,14.04,1802.0,33.3,0.0,0.0,0.0,0.0,0
ME/EKH/78O15/2025/03_neg2,real_non_landslide,25.43480556,91.85952778,2025-11-26,Meghalaya,East Khasi Hills,Laitlyngkot-Pomlum slide 2,Debris,Slide,14.04,1802.0,33.3,2.2,0.0,0.0,0.0,0
ME/EKH/78O15/2025/08,real_landslide,25.366201,91.767213,2025-05-31,Meghalaya,East Khasi Hills,Mawrah Rock slide,Rock,Slide,25.02,1648.0,32.6,11.7,54.1,375.1,25.4,1
ME/EKH/78O15/2025/08_neg1,real_non_landslide,25.366201,91.767213,2024-12-02,Meghalaya,East Khasi Hills,Mawrah Rock slide,Rock,Slide,25.02,1648.0,32.6,0.1,0.0,0.1,0.0,0
ME/EKH/78O15/2025/08_neg2,real_non_landslide,25.366201,91.767213,2025-11-27,Meghalaya,East Khasi Hills,Mawrah Rock slide,Rock,Slide,25.02,1648.0,32.6,1.3,0.5,0.0,0.0,0
ME/EKH/78O15/2025/09,real_landslide,25.355042,91.767525,2025-05-31,Meghalaya,East Khasi Hills,Mawkhnai landslide,Debris,Slide,46.43,1666.0,32.2,11.7,54.1,375.1,25.4,1
ME/EKH/78O15/2025/09_neg1,real_non_landslide,25.355042,91.767525,2024-12-02,Meghalaya,East Khasi Hills,Mawkhnai landslide,Debris,Slide,46.43,1666.0,32.2,0.1,0.0,0.1,0.0,0
ME/EKH/78O15/2025/09_neg2,real_non_landslide,25.355042,91.767525,2025-11-27,Meghalaya,East Khasi Hills,Mawkhnai landslide,Debris,Slide,46.43,1666.0,32.2,1.3,0.5,0.0,0.0,0
ME/EKH/78O15/2025/10,real_landslide,25.340415,91.774142,2025-05-31,Meghalaya,East Khasi Hills,War-War landslide,Debris,Slide,50.96,1496.0,31.5,12.6,57.5,448.0,35.2,1
ME/EKH/78O15/2025/10_neg1,real_non_landslide,25.340415,91.774142,2024-12-02,Meghalaya,East Khasi Hills,War-War landslide,Debris,Slide,50.96,1496.0,31.5,0.0,0.0,0.0,0.0,0
ME/EKH/78O15/2025/10_neg2,real_non_landslide,25.340415,91.774142,2025-11-27,Meghalaya,East Khasi Hills,War-War landslide,Debris,Slide,50.96,1496.0,31.5,1.2,0.2,0.1,0.0,0
ML/RB/2014-2015/08,real_landslide,25.95608333,91.86413889,2014-09-23,Meghalaya,Ri-Bhoi,Pemangla slide ( around 22mile from Guwahati),Variably thick in-situ soil over the weathered bedrock of granite.,Slide,23.98,416.0,24.9,74.1,29.6,37.1,37.9,1
ML/RB/2014-2015/08_neg1,real_non_landslide,25.95608333,91.86413889,2014-03-27,Meghalaya,Ri-Bhoi,Pemangla slide ( around 22mile from Guwahati),Variably thick in-situ soil over the weathered bedrock of granite.,Slide,23.98,416.0,24.9,0.3,0.0,0.5,0.1,0
ML/RB/2014-2015/08_neg2,real_non_landslide,25.95608333,91.86413889,2015-03-22,Meghalaya,Ri-Bhoi,Pemangla slide ( around 22mile from Guwahati),Variably thick in-situ soil over the weathered bedrock of granite.,Slide,23.98,416.0,24.9,0.0,0.0,0.0,0.0,0
ML-5A/2010,real_landslide,25.13561111,92.3805,2010-05-12,Meghalaya,Jaintia Hills,Tongseng Landslide,NA,NA,0.95,189.0,29.3,42.8,74.1,18.9,20.2,1
ML-5A/2010_neg1,real_non_landslide,25.13561111,92.3805,2009-11-13,Meghalaya,Jaintia Hills,Tongseng Landslide,NA,NA,0.95,189.0,29.3,0.0,0.0,0.0,0.0,0
ML-5A/2010_neg2,real_non_landslide,25.13561111,92.3805,2010-11-08,Meghalaya,Jaintia Hills,Tongseng Landslide,NA,NA,0.95,189.0,29.3,0.0,0.0,0.0,0.0,0
ML-6/2010,real_landslide,25.13561111,92.3805,2010-04-22,Meghalaya,Jaintia Hills,Tongseng Landslide,NA,NA,0.95,189.0,29.3,92.0,157.0,26.9,20.7,1
ML-6/2010_neg1,real_non_landslide,25.13561111,92.3805,2009-10-24,Meghalaya,Jaintia Hills,Tongseng Landslide,NA,NA,0.95,189.0,29.3,0.0,0.0,0.0,0.0,0
ML-6/2010_neg2,real_non_landslide,25.13561111,92.3805,2010-10-19,Meghalaya,Jaintia Hills,Tongseng Landslide,NA,NA,0.95,189.0,29.3,5.4,7.3,0.0,2.0,0
ML-5B/2010,real_landslide,25.13561111,92.3805,2010-05-12,Meghalaya,Jaintia Hills,Tongseng Landslide,NA,NA,0.95,189.0,29.3,42.8,74.1,18.9,20.2,1
ML-5B/2010_neg1,real_non_landslide,25.13561111,92.3805,2009-11-13,Meghalaya,Jaintia Hills,Tongseng Landslide,NA,NA,0.95,189.0,29.3,0.0,0.0,0.0,0.0,0
ML-5B/2010_neg2,real_non_landslide,25.13561111,92.3805,2010-11-08,Meghalaya,Jaintia Hills,Tongseng Landslide,NA,NA,0.95,189.0,29.3,0.0,0.0,0.0,0.0,0
ME/EJH/83C08/2025/06,real_landslide,25.048054,92.409245,2025-05-11,Meghalaya,East Jaintia Hills,DonarSkul landslide,Debris,Slide,26.33,81.0,25.6,4.8,0.3,0.0,0.2,1
ME/EJH/83C08/2025/06_neg1,real_non_landslide,25.048054,92.409245,2025-11-07,Meghalaya,East Jaintia Hills,DonarSkul landslide,Debris,Slide,26.33,81.0,25.6,0.2,12.7,12.1,0.3,0
ME/EJH/83C08/2025/06_neg2,real_non_landslide,25.048054,92.409245,2024-05-11,Meghalaya,East Jaintia Hills,DonarSkul landslide,Debris,Slide,26.33,81.0,25.6,0.0,4.2,0.0,0.3,0
ML-7/2010,real_landslide,25.13486111,92.382,2010-04-22,Meghalaya,Jaintia Hills,Tongseng Landslide,NA,NA,34.99,168.0,31.2,106.6,162.0,39.2,24.4,1
ML-7/2010_neg1,real_non_landslide,25.13486111,92.382,2009-10-24,Meghalaya,Jaintia Hills,Tongseng Landslide,NA,NA,34.99,168.0,31.2,0.0,0.0,0.0,0.0,0
ML-7/2010_neg2,real_non_landslide,25.13486111,92.382,2010-10-19,Meghalaya,Jaintia Hills,Tongseng Landslide,NA,NA,34.99,168.0,31.2,2.8,0.6,0.0,0.0,0
ML-11/2010,real_landslide,25.04305556,92.42041667,2010-04-22,Meghalaya,Jaintia Hills,Dona Slide,NA,NA,22.62,156.0,29.7,59.3,149.9,21.7,14.4,1
ML-11/2010_neg1,real_non_landslide,25.04305556,92.42041667,2009-10-24,Meghalaya,Jaintia Hills,Dona Slide,NA,NA,22.62,156.0,29.7,0.0,0.0,0.0,0.0,0
ML-11/2010_neg2,real_non_landslide,25.04305556,92.42041667,2010-10-19,Meghalaya,Jaintia Hills,Dona Slide,NA,NA,22.62,156.0,29.7,2.6,3.5,0.0,1.0,0
ML-10/2010,real_landslide,25.05108333,92.40219444,2010-04-22,Meghalaya,Jaintia Hills,Umkiang Slide,NA,NA,30.05,94.0,25.2,59.3,149.9,21.7,14.4,1
ML-10/2010_neg1,real_non_landslide,25.05108333,92.40219444,2009-10-24,Meghalaya,Jaintia Hills,Umkiang Slide,NA,NA,30.05,94.0,25.2,0.0,0.0,0.0,0.0,0
ML-10/2010_neg2,real_non_landslide,25.05108333,92.40219444,2010-10-19,Meghalaya,Jaintia Hills,Umkiang Slide,NA,NA,30.05,94.0,25.2,2.6,3.5,0.0,1.0,0
ML-12/2010,real_landslide,25.04222222,92.44127778,2010-04-22,Meghalaya,Jaintia Hills,Ratachera Slide,NA,NA,39.81,299.0,31.0,59.3,149.9,21.7,14.4,1
ML-12/2010_neg1,real_non_landslide,25.04222222,92.44127778,2009-10-24,Meghalaya,Jaintia Hills,Ratachera Slide,NA,NA,39.81,299.0,31.0,0.0,0.0,0.0,0.0,0
ML-12/2010_neg2,real_non_landslide,25.04222222,92.44127778,2010-10-19,Meghalaya,Jaintia Hills,Ratachera Slide,NA,NA,39.81,299.0,31.0,2.6,3.5,0.0,1.0,0
ML-9/2010,real_landslide,25.07533333,92.36341667,2010-04-22,Meghalaya,Jaintia Hills,Kulyng Slide,NA,NA,4.76,181.0,30.5,106.6,162.0,39.2,24.4,1
ML-9/2010_neg1,real_non_landslide,25.07533333,92.36341667,2009-10-24,Meghalaya,Jaintia Hills,Kulyng Slide,NA,NA,4.76,181.0,30.5,0.0,0.0,0.0,0.0,0
ML-9/2010_neg2,real_non_landslide,25.07533333,92.36341667,2010-10-19,Meghalaya,Jaintia Hills,Kulyng Slide,NA,NA,4.76,181.0,30.5,2.8,0.6,0.0,0.0,0
ML-8/2010,real_landslide,25.12383333,92.38519444,2010-04-22,Meghalaya,Jaintia Hills,Sonapur,NA,NA,39.81,124.0,30.1,59.3,149.9,21.7,14.4,1
ML-8/2010_neg1,real_non_landslide,25.12383333,92.38519444,2009-10-24,Meghalaya,Jaintia Hills,Sonapur,NA,NA,39.81,124.0,30.1,0.0,0.0,0.0,0.0,0
ML-8/2010_neg2,real_non_landslide,25.12383333,92.38519444,2010-10-19,Meghalaya,Jaintia Hills,Sonapur,NA,NA,39.81,124.0,30.1,2.6,3.5,0.0,1.0,0
ML-01/2012-13,real_landslide,25.36497222,91.02411111,2012-05-01,Meghalaya,West Khasi Hills,Pynden Shallang slide,NA,NA,23.38,370.0,28.7,4.0,5.1,5.1,11.1,1
ML-01/2012-13_neg1,real_non_landslide,25.36497222,91.02411111,2011-11-03,Meghalaya,West Khasi Hills,Pynden Shallang slide,NA,NA,23.38,370.0,28.7,0.9,0.3,1.2,1.0,0
ML-01/2012-13_neg2,real_non_landslide,25.36497222,91.02411111,2012-10-28,Meghalaya,West Khasi Hills,Pynden Shallang slide,NA,NA,23.38,370.0,28.7,0.0,0.0,0.0,0.0,0
ML-02/2012-13,real_landslide,25.26361111,92.38557778,2012-06-26,Meghalaya,Jaintia Hills,West Khasi Hills,NA,NA,19.47,847.0,32.3,33.0,84.5,120.9,83.8,1
ML-02/2012-13_neg1,real_non_landslide,25.26361111,92.38557778,2011-12-29,Meghalaya,Jaintia Hills,West Khasi Hills,NA,NA,19.47,847.0,32.3,0.0,0.0,0.0,0.0,0
ML-02/2012-13_neg2,real_non_landslide,25.26361111,92.38557778,2012-12-23,Meghalaya,Jaintia Hills,West Khasi Hills,NA,NA,19.47,847.0,32.3,1.0,0.0,0.0,0.0,0
ML-04/2012-13,real_landslide,25.14702778,92.37883333,2012-06-26,Meghalaya,Jaintia Hills,Tanshang slide,NA,NA,0.0,198.0,30.3,33.0,84.5,120.9,83.8,1
ML-04/2012-13_neg1,real_non_landslide,25.14702778,92.37883333,2011-12-29,Meghalaya,Jaintia Hills,Tanshang slide,NA,NA,0.0,198.0,30.3,0.0,0.0,0.0,0.0,0
ML-04/2012-13_neg2,real_non_landslide,25.14702778,92.37883333,2012-12-23,Meghalaya,Jaintia Hills,Tanshang slide,NA,NA,0.0,198.0,30.3,1.0,0.0,0.0,0.0,0
ML-03/2012-13,real_landslide,25.26005556,92.38863889,2012-06-26,Meghalaya,Jaintia Hills,Nongshning slide,NA,NA,15.82,802.0,32.8,33.0,84.5,120.9,83.8,1
ML-03/2012-13_neg1,real_non_landslide,25.26005556,92.38863889,2011-12-29,Meghalaya,Jaintia Hills,Nongshning slide,NA,NA,15.82,802.0,32.8,0.0,0.0,0.0,0.0,0
ML-03/2012-13_neg2,real_non_landslide,25.26005556,92.38863889,2012-12-23,Meghalaya,Jaintia Hills,Nongshning slide,NA,NA,15.82,802.0,32.8,1.0,0.0,0.0,0.0,0
ML-06/2012-13,real_landslide,25.14341667,92.37805556,2012-06-26,Meghalaya,Jaintia Hills,Tongseng slide,NA,NA,31.05,198.0,31.6,33.0,84.5,120.9,83.8,1
ML-06/2012-13_neg1,real_non_landslide,25.14341667,92.37805556,2011-12-29,Meghalaya,Jaintia Hills,Tongseng slide,NA,NA,31.05,198.0,31.6,0.0,0.0,0.0,0.0,0
ML-06/2012-13_neg2,real_non_landslide,25.14341667,92.37805556,2012-12-23,Meghalaya,Jaintia Hills,Tongseng slide,NA,NA,31.05,198.0,31.6,1.0,0.0,0.0,0.0,0
ML-08/2012-13,real_landslide,25.09022222,92.35805556,2012-06-26,Meghalaya,Jaintia Hills,Sonapur slide,NA,NA,12.77,150.0,33.4,52.3,93.3,154.8,99.5,1
ML-08/2012-13_neg1,real_non_landslide,25.09022222,92.35805556,2011-12-29,Meghalaya,Jaintia Hills,Sonapur slide,NA,NA,12.77,150.0,33.4,0.0,0.0,0.0,0.0,0
ML-08/2012-13_neg2,real_non_landslide,25.09022222,92.35805556,2012-12-23,Meghalaya,Jaintia Hills,Sonapur slide,NA,NA,12.77,150.0,33.4,1.9,0.0,0.0,0.0,0
ML-10/2012-13,real_landslide,25.08772222,92.36086111,2012-06-26,Meghalaya,Jaintia Hills,Sonapur Mandir slide,NA,NA,44.49,418.0,31.9,52.3,93.3,154.8,99.5,1
ML-10/2012-13_neg1,real_non_landslide,25.08772222,92.36086111,2011-12-29,Meghalaya,Jaintia Hills,Sonapur Mandir slide,NA,NA,44.49,418.0,31.9,0.0,0.0,0.0,0.0,0
ML-10/2012-13_neg2,real_non_landslide,25.08772222,92.36086111,2012-12-23,Meghalaya,Jaintia Hills,Sonapur Mandir slide,NA,NA,44.49,418.0,31.9,1.9,0.0,0.0,0.0,0
ML-11/2012-13,real_landslide,26.00361111,92.86361111,2012-07-26,Meghalaya,Ri-Bhoi,19th Mile slide,NA,NA,1.35,72.0,31.8,28.1,117.9,0.0,11.9,1
ML-11/2012-13_neg1,real_non_landslide,26.00361111,92.86361111,2012-01-28,Meghalaya,Ri-Bhoi,19th Mile slide,NA,NA,1.35,72.0,31.8,0.0,0.0,0.0,0.0,0
ML-11/2012-13_neg2,real_non_landslide,26.00361111,92.86361111,2013-01-22,Meghalaya,Ri-Bhoi,19th Mile slide,NA,NA,1.35,72.0,31.8,0.0,0.0,0.0,0.0,0
ML/RB/2014/04,real_landslide,25.97255556,91.86241667,2014-10-05,Meghalaya,Ri-Bhoi,Umling Slide (adjacent to Kargil Petrol Pump on NH-40),Debris with embedded rock boulders (a variably thick column of the in-situ sandy soil and thin cover of slope wash resting over the weathered bedrock),Slide,10.76,357.0,29.6,0.0,0.6,0.0,0.0,1
ML/RB/2014/04_neg1,real_non_landslide,25.97255556,91.86241667,2014-04-08,Meghalaya,Ri-Bhoi,Umling Slide (adjacent to Kargil Petrol Pump on NH-40),Debris with embedded rock boulders (a variably thick column of the in-situ sandy soil and thin cover of slope wash resting over the weathered bedrock),Slide,10.76,357.0,29.6,0.0,0.0,0.0,1.3,0
ML/RB/2014/04_neg2,real_non_landslide,25.97255556,91.86241667,2015-04-03,Meghalaya,Ri-Bhoi,Umling Slide (adjacent to Kargil Petrol Pump on NH-40),Debris with embedded rock boulders (a variably thick column of the in-situ sandy soil and thin cover of slope wash resting over the weathered bedrock),Slide,10.76,357.0,29.6,5.1,0.7,2.4,2.5,0
ML-09/2012-13,real_landslide,25.09055556,92.35972222,2012-06-26,Meghalaya,Jaintia Hills,Sonapur slide,NA,NA,31.14,173.0,32.5,52.3,93.3,154.8,99.5,1
ML-09/2012-13_neg1,real_non_landslide,25.09055556,92.35972222,2011-12-29,Meghalaya,Jaintia Hills,Sonapur slide,NA,NA,31.14,173.0,32.5,0.0,0.0,0.0,0.0,0
ML-09/2012-13_neg2,real_non_landslide,25.09055556,92.35972222,2012-12-23,Meghalaya,Jaintia Hills,Sonapur slide,NA,NA,31.14,173.0,32.5,1.9,0.0,0.0,0.0,0
ML- 94/2011,real_landslide,25.67469444,91.88652778,2011-06-26,Meghalaya,Ri-Bhoi,Umsaw Khwan slide,Earth,slide,13.92,1052.0,26.4,14.7,41.5,18.5,10.6,1
ML- 94/2011_neg1,real_non_landslide,25.67469444,91.88652778,2010-12-28,Meghalaya,Ri-Bhoi,Umsaw Khwan slide,Earth,slide,13.92,1052.0,26.4,0.0,0.0,0.0,0.0,0
ML- 94/2011_neg2,real_non_landslide,25.67469444,91.88652778,2011-12-23,Meghalaya,Ri-Bhoi,Umsaw Khwan slide,Earth,slide,13.92,1052.0,26.4,0.0,0.0,0.0,0.0,0
ML-13/2012-13,real_landslide,25.53086111,91.29780556,2012-08-21,Meghalaya,West Khasi Hills,Porsohsat slide,NA,NA,7.59,1451.0,35.0,2.4,8.3,49.6,65.8,1
ML-13/2012-13_neg1,real_non_landslide,25.53086111,91.29780556,2012-02-23,Meghalaya,West Khasi Hills,Porsohsat slide,NA,NA,7.59,1451.0,35.0,0.0,0.0,0.0,0.0,0
ML-13/2012-13_neg2,real_non_landslide,25.53086111,91.29780556,2013-02-17,Meghalaya,West Khasi Hills,Porsohsat slide,NA,NA,7.59,1451.0,35.0,0.0,0.0,6.3,15.5,0
ML/EKH/78O14/2019-20/01,real_landslide,25.563,91.885,2019-07-09,Meghalaya,East Khasi Hills,"Malki, East Khasi Hills district, Meghalaya",Debris,Slide,23.43,1555.0,34.9,69.7,21.1,16.4,8.8,1
ML/EKH/78O14/2019-20/01_neg1,real_non_landslide,25.563,91.885,2019-01-10,Meghalaya,East Khasi Hills,"Malki, East Khasi Hills district, Meghalaya",Debris,Slide,23.43,1555.0,34.9,0.0,0.4,0.0,0.2,0
ML/EKH/78O14/2019-20/01_neg2,real_non_landslide,25.563,91.885,2020-01-05,Meghalaya,East Khasi Hills,"Malki, East Khasi Hills district, Meghalaya",Debris,Slide,23.43,1555.0,34.9,4.6,19.9,0.0,4.7,0
MEG/EKH/78O14/2019/05,real_landslide,25.6489,91.8965,2019-10-01,Meghalaya,East Khasi Hills,"Guwahati-Shillong Road, Near Umiam Lake view point",Rock (with thin overburden/debris),Slide,33.32,1101.0,27.8,20.6,7.6,18.7,48.6,1
MEG/EKH/78O14/2019/05_neg1,real_non_landslide,25.6489,91.8965,2019-04-04,Meghalaya,East Khasi Hills,"Guwahati-Shillong Road, Near Umiam Lake view point",Rock (with thin overburden/debris),Slide,33.32,1101.0,27.8,3.0,2.5,0.1,0.9,0
MEG/EKH/78O14/2019/05_neg2,real_non_landslide,25.6489,91.8965,2020-03-29,Meghalaya,East Khasi Hills,"Guwahati-Shillong Road, Near Umiam Lake view point",Rock (with thin overburden/debris),Slide,33.32,1101.0,27.8,0.5,0.1,0.0,0.0,0
MEG/EKH/78O14/2019/06,real_landslide,25.64911111,91.899,2019-07-11,Meghalaya,East Khasi Hills,"Guwahati-Shillong Road, Near Umiam Lake view point",Debris,Slide,30.1,1090.0,26.9,23.5,24.0,65.1,45.6,1
MEG/EKH/78O14/2019/06_neg1,real_non_landslide,25.64911111,91.899,2019-01-12,Meghalaya,East Khasi Hills,"Guwahati-Shillong Road, Near Umiam Lake view point",Debris,Slide,30.1,1090.0,26.9,0.2,2.1,0.0,0.0,0
MEG/EKH/78O14/2019/06_neg2,real_non_landslide,25.64911111,91.899,2020-01-07,Meghalaya,East Khasi Hills,"Guwahati-Shillong Road, Near Umiam Lake view point",Debris,Slide,30.1,1090.0,26.9,0.0,3.7,0.0,0.0,0
ML/EKH/78O11/2019-20/03,real_landslide,25.281,91.57330556,2019-07-07,Meghalaya,East Khasi Hills,"Mawsynram, East Khasi Hills District, Meghalaya",Debris,Slide,32.99,1332.0,29.6,8.3,21.0,106.9,96.7,1
ML/EKH/78O11/2019-20/03_neg1,real_non_landslide,25.281,91.57330556,2019-01-08,Meghalaya,East Khasi Hills,"Mawsynram, East Khasi Hills District, Meghalaya",Debris,Slide,32.99,1332.0,29.6,0.0,0.0,0.0,0.0,0
ML/EKH/78O11/2019-20/03_neg2,real_non_landslide,25.281,91.57330556,2020-01-03,Meghalaya,East Khasi Hills,"Mawsynram, East Khasi Hills District, Meghalaya",Debris,Slide,32.99,1332.0,29.6,0.0,1.5,0.1,17.3,0
MEG/EKH/78O8/2019/07,real_landslide,25.23211111,91.37252778,2019-06-27,Meghalaya,East Khasi Hills,Balat road slide - I,Debris,Slide,5.71,412.0,31.8,7.0,26.2,39.2,141.3,1
MEG/EKH/78O8/2019/07_neg1,real_non_landslide,25.23211111,91.37252778,2018-12-29,Meghalaya,East Khasi Hills,Balat road slide - I,Debris,Slide,5.71,412.0,31.8,0.0,0.0,0.0,0.0,0
MEG/EKH/78O8/2019/07_neg2,real_non_landslide,25.23211111,91.37252778,2019-12-24,Meghalaya,East Khasi Hills,Balat road slide - I,Debris,Slide,5.71,412.0,31.8,0.0,0.0,0.0,0.0,0
ML-07/2012-13,real_landslide,25.13427778,92.38511111,2012-06-26,Meghalaya,Jaintia Hills,Tongseng slide,NA,NA,8.48,140.0,31.2,52.3,93.3,154.8,99.5,1
ML-07/2012-13_neg1,real_non_landslide,25.13427778,92.38511111,2011-12-29,Meghalaya,Jaintia Hills,Tongseng slide,NA,NA,8.48,140.0,31.2,0.0,0.0,0.0,0.0,0
ML-07/2012-13_neg2,real_non_landslide,25.13427778,92.38511111,2012-12-23,Meghalaya,Jaintia Hills,Tongseng slide,NA,NA,8.48,140.0,31.2,1.9,0.0,0.0,0.0,0
MEG/EKH/78O8/2019/08,real_landslide,25.22194444,91.38422222,2019-06-27,Meghalaya,East Khasi Hills,Balat road,Debris,Slide,38.33,260.0,28.8,7.0,26.2,39.2,141.3,1
MEG/EKH/78O8/2019/08_neg1,real_non_landslide,25.22194444,91.38422222,2018-12-29,Meghalaya,East Khasi Hills,Balat road,Debris,Slide,38.33,260.0,28.8,0.0,0.0,0.0,0.0,0
MEG/EKH/78O8/2019/08_neg2,real_non_landslide,25.22194444,91.38422222,2019-12-24,Meghalaya,East Khasi Hills,Balat road,Debris,Slide,38.33,260.0,28.8,0.0,0.0,0.0,0.0,0
MEG/EKH/78O8/2019/10,real_landslide,25.18766667,91.39816667,2019-06-27,Meghalaya,East Khasi Hills,Balat-Shella road,Rock,Slide,22.68,110.0,28.1,7.0,26.2,39.2,141.3,1
MEG/EKH/78O8/2019/10_neg1,real_non_landslide,25.18766667,91.39816667,2018-12-29,Meghalaya,East Khasi Hills,Balat-Shella road,Rock,Slide,22.68,110.0,28.1,0.0,0.0,0.0,0.0,0
MEG/EKH/78O8/2019/10_neg2,real_non_landslide,25.18766667,91.39816667,2019-12-24,Meghalaya,East Khasi Hills,Balat-Shella road,Rock,Slide,22.68,110.0,28.1,0.0,0.0,0.0,0.0,0
MEG/EKH/78O8/2019/11,real_landslide,25.18688889,91.39855556,2019-06-27,Meghalaya,East Khasi Hills,Balat-Shella road,Debris,Slide,21.95,88.0,28.1,7.0,26.2,39.2,141.3,1
MEG/EKH/78O8/2019/11_neg1,real_non_landslide,25.18688889,91.39855556,2018-12-29,Meghalaya,East Khasi Hills,Balat-Shella road,Debris,Slide,21.95,88.0,28.1,0.0,0.0,0.0,0.0,0
MEG/EKH/78O8/2019/11_neg2,real_non_landslide,25.18688889,91.39855556,2019-12-24,Meghalaya,East Khasi Hills,Balat-Shella road,Debris,Slide,21.95,88.0,28.1,0.0,0.0,0.0,0.0,0
MEG/WJH/83C3/2020/6,real_landslide,25.43505556,92.19836111,2020-05-26,Meghalaya,West Jaintia Hills,Chilliangraij,Debris,Slide,2.86,1344.0,30.0,4.2,23.4,50.3,166.4,1
MEG/WJH/83C3/2020/6_neg1,real_non_landslide,25.43505556,92.19836111,2019-11-28,Meghalaya,West Jaintia Hills,Chilliangraij,Debris,Slide,2.86,1344.0,30.0,1.2,0.0,0.0,0.0,0
MEG/WJH/83C3/2020/6_neg2,real_non_landslide,25.43505556,92.19836111,2020-11-22,Meghalaya,West Jaintia Hills,Chilliangraij,Debris,Slide,2.86,1344.0,30.0,1.3,0.4,2.8,0.0,0
MEG/WJH/83C3/2020/7,real_landslide,25.44741667,92.20138889,2020-05-26,Meghalaya,West Jaintia Hills,Salaroh,Soil,Slide,19.19,1364.0,30.5,4.2,23.4,50.3,166.4,1
MEG/WJH/83C3/2020/7_neg1,real_non_landslide,25.44741667,92.20138889,2019-11-28,Meghalaya,West Jaintia Hills,Salaroh,Soil,Slide,19.19,1364.0,30.5,1.2,0.0,0.0,0.0,0
MEG/WJH/83C3/2020/7_neg2,real_non_landslide,25.44741667,92.20138889,2020-11-22,Meghalaya,West Jaintia Hills,Salaroh,Soil,Slide,19.19,1364.0,30.5,1.3,0.4,2.8,0.0,0
MEG/WJH/83C3/2020/9,real_landslide,25.45351667,92.18784722,2020-05-26,Meghalaya,West Jaintia Hills,Shillong-Agartala-Sabrum Rd,Soil,Slide,17.57,1262.0,28.5,2.0,8.2,19.0,86.0,1
MEG/WJH/83C3/2020/9_neg1,real_non_landslide,25.45351667,92.18784722,2019-11-28,Meghalaya,West Jaintia Hills,Shillong-Agartala-Sabrum Rd,Soil,Slide,17.57,1262.0,28.5,0.0,0.0,0.0,0.0,0
MEG/WJH/83C3/2020/9_neg2,real_non_landslide,25.45351667,92.18784722,2020-11-22,Meghalaya,West Jaintia Hills,Shillong-Agartala-Sabrum Rd,Soil,Slide,17.57,1262.0,28.5,0.0,1.3,1.8,0.0,0
MEG/SG/78K11/2022/01,real_landslide,25.36103333,91.64700833,2022-06-17,Meghalaya,South Garo Hills,"Ramgmik gittam, Siju",Debris,Slide,8.53,1476.0,37.4,60.3,133.1,156.0,253.5,1
MEG/SG/78K11/2022/01_neg1,real_non_landslide,25.36103333,91.64700833,2021-12-19,Meghalaya,South Garo Hills,"Ramgmik gittam, Siju",Debris,Slide,8.53,1476.0,37.4,0.0,0.0,0.0,0.0,0
MEG/SG/78K11/2022/01_neg2,real_non_landslide,25.36103333,91.64700833,2022-12-14,Meghalaya,South Garo Hills,"Ramgmik gittam, Siju",Debris,Slide,8.53,1476.0,37.4,0.0,0.0,0.0,0.2,0
MEG/WJH/83C3/2020/8,real_landslide,25.45075,92.19452778,2020-05-26,Meghalaya,West Jaintia Hills,Caroline colony,Debris,Slide,32.35,1344.0,30.4,2.0,8.2,19.0,86.0,1
MEG/WJH/83C3/2020/8_neg1,real_non_landslide,25.45075,92.19452778,2019-11-28,Meghalaya,West Jaintia Hills,Caroline colony,Debris,Slide,32.35,1344.0,30.4,0.0,0.0,0.0,0.0,0
MEG/WJH/83C3/2020/8_neg2,real_non_landslide,25.45075,92.19452778,2020-11-22,Meghalaya,West Jaintia Hills,Caroline colony,Debris,Slide,32.35,1344.0,30.4,0.0,1.3,1.8,0.0,0
MEG/SG/78K12/2022/02,real_landslide,25.21273889,90.63216111,2022-06-17,Meghalaya,South Garo Hills,Baghmara (1.5km north west from the Deputy Commissioner office),Debris,Slide,4.76,29.0,27.7,29.7,65.8,107.7,127.4,1
MEG/SG/78K12/2022/02_neg1,real_non_landslide,25.21273889,90.63216111,2021-12-19,Meghalaya,South Garo Hills,Baghmara (1.5km north west from the Deputy Commissioner office),Debris,Slide,4.76,29.0,27.7,0.0,0.0,0.0,0.0,0
MEG/SG/78K12/2022/02_neg2,real_non_landslide,25.21273889,90.63216111,2022-12-14,Meghalaya,South Garo Hills,Baghmara (1.5km north west from the Deputy Commissioner office),Debris,Slide,4.76,29.0,27.7,0.0,0.0,0.0,0.0,0
MEG/SG/78K12/2022/03,real_landslide,25.21022222,90.63220278,2022-06-17,Meghalaya,South Garo Hills,Baghmara along the road.,Debris,Slide,19.47,22.0,28.3,29.7,65.8,107.7,127.4,1
MEG/SG/78K12/2022/03_neg1,real_non_landslide,25.21022222,90.63220278,2021-12-19,Meghalaya,South Garo Hills,Baghmara along the road.,Debris,Slide,19.47,22.0,28.3,0.0,0.0,0.0,0.0,0
MEG/SG/78K12/2022/03_neg2,real_non_landslide,25.21022222,90.63220278,2022-12-14,Meghalaya,South Garo Hills,Baghmara along the road.,Debris,Slide,19.47,22.0,28.3,0.0,0.0,0.0,0.0,0
MEG/SG/78K11/2022/05,real_landslide,25.45939722,90.70860278,2022-06-17,Meghalaya,South Garo Hills,NongalBibra village,Debris,Slide,34.5,206.0,28.4,12.7,26.5,39.5,67.8,1
MEG/SG/78K11/2022/05_neg1,real_non_landslide,25.45939722,90.70860278,2021-12-19,Meghalaya,South Garo Hills,NongalBibra village,Debris,Slide,34.5,206.0,28.4,0.0,0.0,0.0,0.0,0
MEG/SG/78K11/2022/05_neg2,real_non_landslide,25.45939722,90.70860278,2022-12-14,Meghalaya,South Garo Hills,NongalBibra village,Debris,Slide,34.5,206.0,28.4,0.0,0.0,0.0,0.0,0
MEG/SG/78K03/2022/04,real_landslide,25.38163333,90.06033889,2022-06-09,Meghalaya,West Garo Hills,Jibalgre village,Debris,Slide,16.7,87.0,28.2,10.6,31.1,16.4,49.5,1
MEG/SG/78K03/2022/04_neg1,real_non_landslide,25.38163333,90.06033889,2021-12-11,Meghalaya,West Garo Hills,Jibalgre village,Debris,Slide,16.7,87.0,28.2,0.0,0.0,0.0,0.0,0
MEG/SG/78K03/2022/04_neg2,real_non_landslide,25.38163333,90.06033889,2022-12-06,Meghalaya,West Garo Hills,Jibalgre village,Debris,Slide,16.7,87.0,28.2,0.0,0.0,0.0,0.0,0
MEG/SG/78K11/2022/06,real_landslide,25.45903056,90.70813333,2022-06-17,Meghalaya,South Garo Hills,Nongal Bibra village,Debris,Slide,35.11,202.0,28.4,12.7,26.5,39.5,67.8,1
MEG/SG/78K11/2022/06_neg1,real_non_landslide,25.45903056,90.70813333,2021-12-19,Meghalaya,South Garo Hills,Nongal Bibra village,Debris,Slide,35.11,202.0,28.4,0.0,0.0,0.0,0.0,0
MEG/SG/78K11/2022/06_neg2,real_non_landslide,25.45903056,90.70813333,2022-12-14,Meghalaya,South Garo Hills,Nongal Bibra village,Debris,Slide,35.11,202.0,28.4,0.0,0.0,0.0,0.0,0
MEG/EKH/78O11/2022/08,real_landslide,25.44743611,91.59103889,2022-06-15,Meghalaya,East Khasi Hills,Nongsoung –Laitlarem road,Debris,Slide,24.75,1627.0,35.4,11.2,27.6,19.0,41.8,1
MEG/EKH/78O11/2022/08_neg1,real_non_landslide,25.44743611,91.59103889,2021-12-17,Meghalaya,East Khasi Hills,Nongsoung –Laitlarem road,Debris,Slide,24.75,1627.0,35.4,0.0,0.0,0.0,0.0,0
MEG/EKH/78O11/2022/08_neg2,real_non_landslide,25.44743611,91.59103889,2022-12-12,Meghalaya,East Khasi Hills,Nongsoung –Laitlarem road,Debris,Slide,24.75,1627.0,35.4,0.0,0.0,0.0,0.0,0
MEG/EKH/78O11/2022/09,real_landslide,25.44716111,91.59067778,2022-06-15,Meghalaya,East Khasi Hills,Nongspung – Laitlarem village road,Debris,Slide,19.29,1648.0,35.4,28.9,45.8,50.8,88.6,1
MEG/EKH/78O11/2022/09_neg1,real_non_landslide,25.44716111,91.59067778,2021-12-17,Meghalaya,East Khasi Hills,Nongspung – Laitlarem village road,Debris,Slide,19.29,1648.0,35.4,0.0,0.0,0.0,0.0,0
MEG/EKH/78O11/2022/09_neg2,real_non_landslide,25.44716111,91.59067778,2022-12-12,Meghalaya,East Khasi Hills,Nongspung – Laitlarem village road,Debris,Slide,19.29,1648.0,35.4,0.0,0.0,0.0,0.0,0
MEG/EKH/78O15/2022/13,real_landslide,25.35861111,91.97208333,2022-04-04,Meghalaya,East Khasi Hills,Umblai village,Debris,Slide,1.91,1140.0,30.3,28.8,1.0,6.6,93.3,1
MEG/EKH/78O15/2022/13_neg1,real_non_landslide,25.35861111,91.97208333,2021-10-06,Meghalaya,East Khasi Hills,Umblai village,Debris,Slide,1.91,1140.0,30.3,5.2,22.1,7.2,0.6,0
MEG/EKH/78O15/2022/13_neg2,real_non_landslide,25.35861111,91.97208333,2022-10-01,Meghalaya,East Khasi Hills,Umblai village,Debris,Slide,1.91,1140.0,30.3,9.8,4.0,0.6,1.0,0
MEG/EKH/78O15/2022/14,real_landslide,25.35908333,91.97433333,2022-04-04,Meghalaya,East Khasi Hills,Umblai village,Debris,flow,27.24,1172.0,32.2,28.8,1.0,6.6,93.3,1
MEG/EKH/78O15/2022/14_neg1,real_non_landslide,25.35908333,91.97433333,2021-10-06,Meghalaya,East Khasi Hills,Umblai village,Debris,flow,27.24,1172.0,32.2,5.2,22.1,7.2,0.6,0
MEG/EKH/78O15/2022/14_neg2,real_non_landslide,25.35908333,91.97433333,2022-10-01,Meghalaya,East Khasi Hills,Umblai village,Debris,flow,27.24,1172.0,32.2,9.8,4.0,0.6,1.0,0
MEG/EKH/78O15/2022/15,real_landslide,25.39611111,91.99194444,2022-04-04,Meghalaya,East Khasi Hills,"Lynshing village, along Mawkynrew to Lynshing road section.",Debris,Slide,44.37,1408.0,29.6,23.0,1.2,4.8,80.7,1
MEG/EKH/78O15/2022/15_neg1,real_non_landslide,25.39611111,91.99194444,2021-10-06,Meghalaya,East Khasi Hills,"Lynshing village, along Mawkynrew to Lynshing road section.",Debris,Slide,44.37,1408.0,29.6,3.2,14.2,4.8,1.8,0
MEG/EKH/78O15/2022/15_neg2,real_non_landslide,25.39611111,91.99194444,2022-10-01,Meghalaya,East Khasi Hills,"Lynshing village, along Mawkynrew to Lynshing road section.",Debris,Slide,44.37,1408.0,29.6,4.8,4.8,1.4,1.0,0
MEG/EKH/78O15/2023/01,real_landslide,25.365263,91.878497,2023-04-13,Meghalaya,East Khasi Hills,NH-40,Rock,Slide,43.03,1523.0,30.0,0.0,0.0,0.0,0.0,1
MEG/EKH/78O15/2023/01_neg1,real_non_landslide,25.365263,91.878497,2023-10-10,Meghalaya,East Khasi Hills,NH-40,Rock,Slide,43.03,1523.0,30.0,52.6,4.3,2.6,1.5,0
MEG/EKH/78O15/2023/01_neg2,real_non_landslide,25.365263,91.878497,2022-04-13,Meghalaya,East Khasi Hills,NH-40,Rock,Slide,43.03,1523.0,30.0,9.5,5.1,3.1,10.5,0
MEG/WKH/78O6/2023-24/1,real_landslide,25.52901389,91.26188611,2023-06-17,Meghalaya,West Khasi Hills,"Pyndengrei village, Nongstoin",Debris,Slide,7.23,1369.0,34.8,14.2,24.8,18.5,32.4,1
MEG/WKH/78O6/2023-24/1_neg1,real_non_landslide,25.52901389,91.26188611,2022-12-19,Meghalaya,West Khasi Hills,"Pyndengrei village, Nongstoin",Debris,Slide,7.23,1369.0,34.8,3.5,0.0,0.0,0.4,0
MEG/WKH/78O6/2023-24/1_neg2,real_non_landslide,25.52901389,91.26188611,2023-12-14,Meghalaya,West Khasi Hills,"Pyndengrei village, Nongstoin",Debris,Slide,7.23,1369.0,34.8,0.5,0.0,0.4,0.0,0
MEG/WJH/83C03/2023-24/2,real_landslide,25.41955556,92.16194444,2023-08-10,Meghalaya,West Jaintia Hills,Pynthor Langtein village,Earth,Slide,1.91,1395.0,30.9,29.5,19.6,11.4,2.4,1
MEG/WJH/83C03/2023-24/2_neg1,real_non_landslide,25.41955556,92.16194444,2023-02-11,Meghalaya,West Jaintia Hills,Pynthor Langtein village,Earth,Slide,1.91,1395.0,30.9,0.2,0.0,0.0,0.0,0
MEG/WJH/83C03/2023-24/2_neg2,real_non_landslide,25.41955556,92.16194444,2024-02-06,Meghalaya,West Jaintia Hills,Pynthor Langtein village,Earth,Slide,1.91,1395.0,30.9,0.0,0.0,0.0,2.2,0
ME/EWK/2025/1,real_landslide,25.55256111,91.61870278,2024-06-28,Meghalaya,Eastern-West Khasi Hill,Kynshi,Debris,Fall,7.59,1668.0,35.4,4.0,12.9,2.1,8.5,1
ME/EWK/2025/1_neg1,real_non_landslide,25.55256111,91.61870278,2023-12-31,Meghalaya,Eastern-West Khasi Hill,Kynshi,Debris,Fall,7.59,1668.0,35.4,0.0,0.0,0.4,0.9,0
ME/EWK/2025/1_neg2,real_non_landslide,25.55256111,91.61870278,2024-12-25,Meghalaya,Eastern-West Khasi Hill,Kynshi,Debris,Fall,7.59,1668.0,35.4,0.3,0.0,0.0,0.0,0
6892,real_landslide,25.39295833,91.55163333,2024-05-28,Meghalaya,South West Khasi Hills,Wamney,Debris,Slide,23.43,1438.0,33.6,2.5,4.5,84.8,128.0,1
6892_neg1,real_non_landslide,25.39295833,91.55163333,2023-11-30,Meghalaya,South West Khasi Hills,Wamney,Debris,Slide,23.43,1438.0,33.6,0.0,0.0,0.0,0.1,0
6892_neg2,real_non_landslide,25.39295833,91.55163333,2024-11-24,Meghalaya,South West Khasi Hills,Wamney,Debris,Slide,23.43,1438.0,33.6,0.0,0.3,0.4,0.1,0
6874,real_landslide,25.37129167,91.48003056,2024-06-15,Meghalaya,South West Khasi Hills,Jakarm,Debris,Fall,9.46,1564.0,35.9,6.5,47.9,9.4,21.3,1
6874_neg1,real_non_landslide,25.37129167,91.48003056,2023-12-18,Meghalaya,South West Khasi Hills,Jakarm,Debris,Fall,9.46,1564.0,35.9,0.2,0.0,0.0,0.0,0
6874_neg2,real_non_landslide,25.37129167,91.48003056,2024-12-12,Meghalaya,South West Khasi Hills,Jakarm,Debris,Fall,9.46,1564.0,35.9,0.1,0.0,0.0,0.0,0
ME/SWK/2025/4,real_landslide,25.40288611,91.43424167,2024-05-28,Meghalaya,South West Khasi Hills,Mawkyllung,Debris,Fall,22.62,1526.0,33.7,3.5,5.5,87.9,106.1,1
ME/SWK/2025/4_neg1,real_non_landslide,25.40288611,91.43424167,2023-11-30,Meghalaya,South West Khasi Hills,Mawkyllung,Debris,Fall,22.62,1526.0,33.7,0.0,0.0,0.0,0.1,0
ME/SWK/2025/4_neg2,real_non_landslide,25.40288611,91.43424167,2024-11-24,Meghalaya,South West Khasi Hills,Mawkyllung,Debris,Fall,22.62,1526.0,33.7,0.0,0.5,0.0,0.3,0
6891,real_landslide,25.531739,91.296177,2024-07-02,Meghalaya,West Khasi Hills,Mawrok Sohsat,Debris,Slide,42.51,1510.0,35.0,11.3,24.9,77.8,21.0,1
6891_neg1,real_non_landslide,25.531739,91.296177,2024-01-04,Meghalaya,West Khasi Hills,Mawrok Sohsat,Debris,Slide,42.51,1510.0,35.0,0.0,0.0,0.0,0.0,0
6891_neg2,real_non_landslide,25.531739,91.296177,2024-12-29,Meghalaya,West Khasi Hills,Mawrok Sohsat,Debris,Slide,42.51,1510.0,35.0,0.0,0.0,0.0,0.0,0
ME/WKH/2025/6,real_landslide,25.540056,91.314142,2024-07-02,Meghalaya,West Khasi Hills,Sohpian,Debris,Fall,17.84,1537.0,33.4,11.3,24.9,77.8,21.0,1
ME/WKH/2025/6_neg1,real_non_landslide,25.540056,91.314142,2024-01-04,Meghalaya,West Khasi Hills,Sohpian,Debris,Fall,17.84,1537.0,33.4,0.0,0.0,0.0,0.0,0
ME/WKH/2025/6_neg2,real_non_landslide,25.540056,91.314142,2024-12-29,Meghalaya,West Khasi Hills,Sohpian,Debris,Fall,17.84,1537.0,33.4,0.0,0.0,0.0,0.0,0
ME/WKH/2025/7,real_landslide,25.62790278,91.88801944,2024-05-28,Meghalaya,East Khasi Hills,Mowing Rim,Debris,Fall,0.0,1270.0,28.7,3.1,24.2,61.7,79.2,1
ME/WKH/2025/7_neg1,real_non_landslide,25.62790278,91.88801944,2023-11-30,Meghalaya,East Khasi Hills,Mowing Rim,Debris,Fall,0.0,1270.0,28.7,0.0,0.0,0.0,0.0,0
ME/WKH/2025/7_neg2,real_non_landslide,25.62790278,91.88801944,2024-11-24,Meghalaya,East Khasi Hills,Mowing Rim,Debris,Fall,0.0,1270.0,28.7,0.5,1.1,0.5,1.4,0
ME/EKH/2025/8,real_landslide,25.630403,91.8899195,2024-05-28,Meghalaya,East Khasi Hills,Mowing Rim,Debris,Subsidence,8.53,1261.0,26.5,3.1,24.2,61.7,79.2,1
ME/EKH/2025/8_neg1,real_non_landslide,25.630403,91.8899195,2023-11-30,Meghalaya,East Khasi Hills,Mowing Rim,Debris,Subsidence,8.53,1261.0,26.5,0.0,0.0,0.0,0.0,0
ME/EKH/2025/8_neg2,real_non_landslide,25.630403,91.8899195,2024-11-24,Meghalaya,East Khasi Hills,Mowing Rim,Debris,Subsidence,8.53,1261.0,26.5,0.5,1.1,0.5,1.4,0
ME/EKH/2025/9,real_landslide,25.630858,91.887601,2024-05-28,Meghalaya,East Khasi Hills,Mowing Rim,Debris,Slide,9.87,1223.0,27.4,3.1,24.2,61.7,79.2,1
ME/EKH/2025/9_neg1,real_non_landslide,25.630858,91.887601,2023-11-30,Meghalaya,East Khasi Hills,Mowing Rim,Debris,Slide,9.87,1223.0,27.4,0.0,0.0,0.0,0.0,0
ME/EKH/2025/9_neg2,real_non_landslide,25.630858,91.887601,2024-11-24,Meghalaya,East Khasi Hills,Mowing Rim,Debris,Slide,9.87,1223.0,27.4,0.5,1.1,0.5,1.4,0
6890,real_landslide,25.641242,91.894137,2024-07-02,Meghalaya,East Khasi Hills,Rymbai Petrol Pump(BPCL),Debris,Fall,16.7,1187.0,27.5,6.8,19.2,66.6,33.7,1
6890_neg1,real_non_landslide,25.641242,91.894137,2024-01-04,Meghalaya,East Khasi Hills,Rymbai Petrol Pump(BPCL),Debris,Fall,16.7,1187.0,27.5,0.4,0.5,0.1,0.0,0
6890_neg2,real_non_landslide,25.641242,91.894137,2024-12-29,Meghalaya,East Khasi Hills,Rymbai Petrol Pump(BPCL),Debris,Fall,16.7,1187.0,27.5,0.0,0.0,0.0,0.0,0
4694,real_landslide,25.65057222,91.89351389,2024-07-02,Meghalaya,East Khasi Hills,Mowing Rim,Debris,Fall,43.69,1114.0,28.5,29.2,44.7,76.6,48.5,1
4694_neg1,real_non_landslide,25.65057222,91.89351389,2024-01-04,Meghalaya,East Khasi Hills,Mowing Rim,Debris,Fall,43.69,1114.0,28.5,0.3,0.4,0.1,0.0,0
4694_neg2,real_non_landslide,25.65057222,91.89351389,2024-12-29,Meghalaya,East Khasi Hills,Mowing Rim,Debris,Fall,43.69,1114.0,28.5,0.0,0.0,0.0,0.0,0
6885,real_landslide,25.44693056,91.74096667,2024-05-28,Meghalaya,East Khasi Hills,Mawphlang,Debris,Topple/Fall,30.51,1700.0,33.3,2.0,5.7,99.3,171.7,1
6885_neg1,real_non_landslide,25.44693056,91.74096667,2023-11-30,Meghalaya,East Khasi Hills,Mawphlang,Debris,Topple/Fall,30.51,1700.0,33.3,0.0,0.0,0.0,0.1,0
6885_neg2,real_non_landslide,25.44693056,91.74096667,2024-11-24,Meghalaya,East Khasi Hills,Mawphlang,Debris,Topple/Fall,30.51,1700.0,33.3,0.0,0.0,2.0,1.2,0
6884,real_landslide,25.34508889,91.60050278,2024-05-28,Meghalaya,East Khasi Hills,Mawlynnu(Sixteen),Debris,Slide,21.8,1737.0,36.0,2.0,9.1,92.1,157.8,1
6884_neg1,real_non_landslide,25.34508889,91.60050278,2023-11-30,Meghalaya,East Khasi Hills,Mawlynnu(Sixteen),Debris,Slide,21.8,1737.0,36.0,0.0,0.0,0.0,0.5,0
6884_neg2,real_non_landslide,25.34508889,91.60050278,2024-11-24,Meghalaya,East Khasi Hills,Mawlynnu(Sixteen),Debris,Slide,21.8,1737.0,36.0,0.0,0.3,2.1,0.5,0
ME/SWK/2025/16,real_landslide,25.619397,91.61704,2025-05-30,Meghalaya,South West Khasi Hills,Mawiang,Debris,Slide,6.65,1501.0,33.1,17.1,4.4,30.2,126.2,1
ME/SWK/2025/16_neg1,real_non_landslide,25.619397,91.61704,2024-12-01,Meghalaya,South West Khasi Hills,Mawiang,Debris,Slide,6.65,1501.0,33.1,0.0,0.0,0.0,0.0,0
ME/SWK/2025/16_neg2,real_non_landslide,25.619397,91.61704,2025-11-26,Meghalaya,South West Khasi Hills,Mawiang,Debris,Slide,6.65,1501.0,33.1,1.1,0.0,0.2,0.0,0
4696,real_landslide,25.65443889,91.63345833,2025-05-30,Meghalaya,Eastern-West Khasi Hill,Nongkhlaw,Debris,Slide,27.63,1424.0,33.8,17.1,4.4,30.2,126.2,1
4696_neg1,real_non_landslide,25.65443889,91.63345833,2024-12-01,Meghalaya,Eastern-West Khasi Hill,Nongkhlaw,Debris,Slide,27.63,1424.0,33.8,0.0,0.0,0.0,0.0,0
4696_neg2,real_non_landslide,25.65443889,91.63345833,2025-11-26,Meghalaya,Eastern-West Khasi Hill,Nongkhlaw,Debris,Slide,27.63,1424.0,33.8,1.1,0.0,0.2,0.0,0
4697,real_landslide,25.65977222,91.63440556,2025-05-30,Meghalaya,Eastern-West Khasi Hill,Nongkhlaw,Debris,Fall,31.01,1400.0,33.4,17.1,4.4,30.2,126.2,1
4697_neg1,real_non_landslide,25.65977222,91.63440556,2024-12-01,Meghalaya,Eastern-West Khasi Hill,Nongkhlaw,Debris,Fall,31.01,1400.0,33.4,0.0,0.0,0.0,0.0,0
4697_neg2,real_non_landslide,25.65977222,91.63440556,2025-11-26,Meghalaya,Eastern-West Khasi Hill,Nongkhlaw,Debris,Fall,31.01,1400.0,33.4,1.1,0.0,0.2,0.0,0
4695,real_landslide,25.65443889,91.62390833,2025-05-30,Meghalaya,Eastern-West Khasi Hill,Mawblei,Debris,Fall,26.36,1444.0,32.8,17.1,4.4,30.2,126.2,1
4695_neg1,real_non_landslide,25.65443889,91.62390833,2024-12-01,Meghalaya,Eastern-West Khasi Hill,Mawblei,Debris,Fall,26.36,1444.0,32.8,0.0,0.0,0.0,0.0,0
4695_neg2,real_non_landslide,25.65443889,91.62390833,2025-11-26,Meghalaya,Eastern-West Khasi Hill,Mawblei,Debris,Fall,26.36,1444.0,32.8,1.1,0.0,0.2,0.0,0
ME/EKH/2025/20,real_landslide,25.65308889,91.89803889,2024-07-01,Meghalaya,East Khasi Hills,Umiam Hydal Project,Debris,Slide,30.13,1040.0,27.6,24.6,29.2,44.7,76.6,1
ME/EKH/2025/20_neg1,real_non_landslide,25.65308889,91.89803889,2024-01-03,Meghalaya,East Khasi Hills,Umiam Hydal Project,Debris,Slide,30.13,1040.0,27.6,0.4,0.3,0.4,0.1,0
ME/EKH/2025/20_neg2,real_non_landslide,25.65308889,91.89803889,2024-12-28,Meghalaya,East Khasi Hills,Umiam Hydal Project,Debris,Slide,30.13,1040.0,27.6,0.0,0.0,0.0,0.0,0
4699,real_landslide,25.65341111,91.89819444,2024-07-01,Meghalaya,East Khasi Hills,Umiam Hydal Project,Debris,Slide,24.93,1013.0,27.6,24.6,29.2,44.7,76.6,1
4699_neg1,real_non_landslide,25.65341111,91.89819444,2024-01-03,Meghalaya,East Khasi Hills,Umiam Hydal Project,Debris,Slide,24.93,1013.0,27.6,0.4,0.3,0.4,0.1,0
4699_neg2,real_non_landslide,25.65341111,91.89819444,2024-12-28,Meghalaya,East Khasi Hills,Umiam Hydal Project,Debris,Slide,24.93,1013.0,27.6,0.0,0.0,0.0,0.0,0
ME/RIB/2025/22,real_landslide,25.66315,91.90180278,2025-05-30,Meghalaya,Ri-Bhoi,Umiam Hydal Project,Debris,Fall,10.18,1017.0,27.9,10.4,2.7,26.3,110.5,1
ME/RIB/2025/22_neg1,real_non_landslide,25.66315,91.90180278,2024-12-01,Meghalaya,Ri-Bhoi,Umiam Hydal Project,Debris,Fall,10.18,1017.0,27.9,0.0,0.0,0.0,0.0,0
ME/RIB/2025/22_neg2,real_non_landslide,25.66315,91.90180278,2025-11-26,Meghalaya,Ri-Bhoi,Umiam Hydal Project,Debris,Fall,10.18,1017.0,27.9,0.3,0.0,0.0,0.0,0
6889,real_landslide,25.64887222,91.89692778,2024-07-02,Meghalaya,East Khasi Hills,Umiam Lake,Debris,Slide,36.15,1081.0,27.8,29.2,44.7,76.6,48.5,1
6889_neg1,real_non_landslide,25.64887222,91.89692778,2024-01-04,Meghalaya,East Khasi Hills,Umiam Lake,Debris,Slide,36.15,1081.0,27.8,0.3,0.4,0.1,0.0,0
6889_neg2,real_non_landslide,25.64887222,91.89692778,2024-12-29,Meghalaya,East Khasi Hills,Umiam Lake,Debris,Slide,36.15,1081.0,27.8,0.0,0.0,0.0,0.0,0
4701,real_landslide,25.67032222,91.90487222,2025-05-30,Meghalaya,Ri-Bhoi,Umsawlum A,Debris,Slide,19.29,975.0,27.6,10.4,2.7,26.3,110.5,1
4701_neg1,real_non_landslide,25.67032222,91.90487222,2024-12-01,Meghalaya,Ri-Bhoi,Umsawlum A,Debris,Slide,19.29,975.0,27.6,0.0,0.0,0.0,0.0,0
4701_neg2,real_non_landslide,25.67032222,91.90487222,2025-11-26,Meghalaya,Ri-Bhoi,Umsawlum A,Debris,Slide,19.29,975.0,27.6,0.3,0.0,0.0,0.0,0
ME/RIB/2025/28,real_landslide,25.67761389,91.89865833,2025-05-30,Meghalaya,Ri-Bhoi,,Debris,Slide,11.31,967.0,29.0,10.4,2.7,26.3,110.5,1
ME/RIB/2025/28_neg1,real_non_landslide,25.67761389,91.89865833,2024-12-01,Meghalaya,Ri-Bhoi,,Debris,Slide,11.31,967.0,29.0,0.0,0.0,0.0,0.0,0
ME/RIB/2025/28_neg2,real_non_landslide,25.67761389,91.89865833,2025-11-26,Meghalaya,Ri-Bhoi,,Debris,Slide,11.31,967.0,29.0,0.3,0.0,0.0,0.0,0
ME/EWK/2026/29,real_landslide,25.49551944,91.49585278,2025-07-02,Meghalaya,Eastern-West Khasi Hill,Umkrem,Debris,Slide,25.02,1580.0,35.3,1.0,7.2,2.4,5.6,1
ME/EWK/2026/29_neg1,real_non_landslide,25.49551944,91.49585278,2025-01-03,Meghalaya,Eastern-West Khasi Hill,Umkrem,Debris,Slide,25.02,1580.0,35.3,0.2,0.3,0.0,0.0,0
ME/EWK/2026/29_neg2,real_non_landslide,25.49551944,91.49585278,2025-12-29,Meghalaya,Eastern-West Khasi Hill,Umkrem,Debris,Slide,25.02,1580.0,35.3,0.0,0.0,0.0,0.0,0
ME/EWK/2026/30,real_landslide,25.28247222,91.36413333,2025-05-30,Meghalaya,South West Khasi Hills,Mawpud,Debris,Slide,51.28,993.0,28.0,8.6,5.8,55.9,200.6,1
ME/EWK/2026/30_neg1,real_non_landslide,25.28247222,91.36413333,2024-12-01,Meghalaya,South West Khasi Hills,Mawpud,Debris,Slide,51.28,993.0,28.0,0.0,0.0,0.0,0.0,0
ME/EWK/2026/30_neg2,real_non_landslide,25.28247222,91.36413333,2025-11-26,Meghalaya,South West Khasi Hills,Mawpud,Debris,Slide,51.28,993.0,28.0,0.7,0.5,0.0,0.1,0
ME/SWK/2026/31,real_landslide,25.28090556,91.36584722,2025-05-30,Meghalaya,South West Khasi Hills,Mawpud,Debris,Slide,42.82,935.0,27.1,5.5,12.0,52.5,188.7,1
ME/SWK/2026/31_neg1,real_non_landslide,25.28090556,91.36584722,2024-12-01,Meghalaya,South West Khasi Hills,Mawpud,Debris,Slide,42.82,935.0,27.1,0.0,0.0,0.0,0.0,0
ME/SWK/2026/31_neg2,real_non_landslide,25.28090556,91.36584722,2025-11-26,Meghalaya,South West Khasi Hills,Mawpud,Debris,Slide,42.82,935.0,27.1,1.8,0.2,0.0,0.0,0
ME/EKH/2025/25,real_landslide,25.42315556,91.86329167,2025-05-31,Meghalaya,East Khasi Hills,Lewmawiong,Debris,Slide,25.35,1743.0,32.8,10.5,47.4,291.2,15.3,1
ME/EKH/2025/25_neg1,real_non_landslide,25.42315556,91.86329167,2024-12-02,Meghalaya,East Khasi Hills,Lewmawiong,Debris,Slide,25.35,1743.0,32.8,0.0,0.0,0.0,0.0,0
ME/EKH/2025/25_neg2,real_non_landslide,25.42315556,91.86329167,2025-11-27,Meghalaya,East Khasi Hills,Lewmawiong,Debris,Slide,25.35,1743.0,32.8,0.0,0.0,0.0,0.0,0
ME/RIB/2026/32,real_landslide,25.68255833,91.90111389,2024-06-30,Meghalaya,Ri-Bhoi,Umbang 1,Debris,Slide,5.71,938.0,28.7,21.3,24.6,29.2,44.7,1
ME/RIB/2026/32_neg1,real_non_landslide,25.68255833,91.90111389,2024-01-02,Meghalaya,Ri-Bhoi,Umbang 1,Debris,Slide,5.71,938.0,28.7,0.8,0.4,0.3,0.4,0
ME/RIB/2026/32_neg2,real_non_landslide,25.68255833,91.90111389,2024-12-27,Meghalaya,Ri-Bhoi,Umbang 1,Debris,Slide,5.71,938.0,28.7,0.0,0.0,0.0,0.0,0
7236,real_landslide,25.68591944,91.90256667,2024-06-30,Meghalaya,Ri-Bhoi,Umbang 2,Debris,Slide,27.63,901.0,30.0,21.3,24.6,29.2,44.7,1
7236_neg1,real_non_landslide,25.68591944,91.90256667,2024-01-02,Meghalaya,Ri-Bhoi,Umbang 2,Debris,Slide,27.63,901.0,30.0,0.8,0.4,0.3,0.4,0
7236_neg2,real_non_landslide,25.68591944,91.90256667,2024-12-27,Meghalaya,Ri-Bhoi,Umbang 2,Debris,Slide,27.63,901.0,30.0,0.0,0.0,0.0,0.0,0
7237,real_landslide,25.71165556,91.89512778,2025-05-30,Meghalaya,Ri-Bhoi,Sahkynduh,Debris,Slide,23.07,844.0,29.6,10.4,2.7,26.3,110.5,1
7237_neg1,real_non_landslide,25.71165556,91.89512778,2024-12-01,Meghalaya,Ri-Bhoi,Sahkynduh,Debris,Slide,23.07,844.0,29.6,0.0,0.0,0.0,0.0,0
7237_neg2,real_non_landslide,25.71165556,91.89512778,2025-11-26,Meghalaya,Ri-Bhoi,Sahkynduh,Debris,Slide,23.07,844.0,29.6,0.3,0.0,0.0,0.0,0
7239,real_landslide,25.75297778,91.88535278,2025-05-30,Meghalaya,Ri-Bhoi,Ri-Bhoi Pataraim,Debris,Fall/Topple,0.0,820.0,29.4,23.2,4.6,25.7,92.7,1
7239_neg1,real_non_landslide,25.75297778,91.88535278,2024-12-01,Meghalaya,Ri-Bhoi,Ri-Bhoi Pataraim,Debris,Fall/Topple,0.0,820.0,29.4,0.0,0.0,0.0,0.0,0
7239_neg2,real_non_landslide,25.75297778,91.88535278,2025-11-26,Meghalaya,Ri-Bhoi,Ri-Bhoi Pataraim,Debris,Fall/Topple,0.0,820.0,29.4,0.7,0.0,0.0,0.0,0
7240,real_landslide,25.79744444,91.87408611,2024-06-14,Meghalaya,Ri-Bhoi,Umsamlan 1,Debris,Slide,31.05,605.0,29.1,0.9,2.9,17.0,0.3,1
7240_neg1,real_non_landslide,25.79744444,91.87408611,2023-12-17,Meghalaya,Ri-Bhoi,Umsamlan 1,Debris,Slide,31.05,605.0,29.1,0.2,0.0,0.0,0.0,0
7240_neg2,real_non_landslide,25.79744444,91.87408611,2024-12-11,Meghalaya,Ri-Bhoi,Umsamlan 1,Debris,Slide,31.05,605.0,29.1,0.0,0.0,0.8,0.8,0
ME/RIB/2026/37,real_landslide,25.80725833,91.87509444,2024-07-14,Meghalaya,Ri-Bhoi,Umsamlan 2,Debris,Slide,13.92,600.0,27.5,18.0,20.9,3.8,6.4,1
ME/RIB/2026/37_neg1,real_non_landslide,25.80725833,91.87509444,2024-01-16,Meghalaya,Ri-Bhoi,Umsamlan 2,Debris,Slide,13.92,600.0,27.5,0.0,0.0,1.0,3.0,0
ME/RIB/2026/37_neg2,real_non_landslide,25.80725833,91.87509444,2025-01-10,Meghalaya,Ri-Bhoi,Umsamlan 2,Debris,Slide,13.92,600.0,27.5,0.3,1.2,0.2,0.0,0
7242,real_landslide,25.62269444,91.16914444,2024-07-02,Meghalaya,West Khasi Hills,,Debris,Slide,16.43,1215.0,30.6,9.5,19.3,68.0,22.4,1
7242_neg1,real_non_landslide,25.62269444,91.16914444,2024-01-04,Meghalaya,West Khasi Hills,,Debris,Slide,16.43,1215.0,30.6,0.0,0.0,0.0,0.0,0
7242_neg2,real_non_landslide,25.62269444,91.16914444,2024-12-29,Meghalaya,West Khasi Hills,,Debris,Slide,16.43,1215.0,30.6,0.0,0.0,0.0,0.0,0
ME/WKH/2026/39,real_landslide,25.61276111,91.17375278,2024-07-02,Meghalaya,West Khasi Hills,,Debris,Slide,3.81,1151.0,31.2,9.5,19.3,68.0,22.4,1
ME/WKH/2026/39_neg1,real_non_landslide,25.61276111,91.17375278,2024-01-04,Meghalaya,West Khasi Hills,,Debris,Slide,3.81,1151.0,31.2,0.0,0.0,0.0,0.0,0
ME/WKH/2026/39_neg2,real_non_landslide,25.61276111,91.17375278,2024-12-29,Meghalaya,West Khasi Hills,,Debris,Slide,3.81,1151.0,31.2,0.0,0.0,0.0,0.0,0
4702,real_landslide,25.30127778,91.92198889,2025-05-30,Meghalaya,East Khasi Hills,Lait-Sohphie,Debris,Slide,0.0,1173.0,31.6,2.5,12.6,57.4,425.6,1
4702_neg1,real_non_landslide,25.30127778,91.92198889,2024-12-01,Meghalaya,East Khasi Hills,Lait-Sohphie,Debris,Slide,0.0,1173.0,31.6,0.0,0.0,0.0,0.0,0
4702_neg2,real_non_landslide,25.30127778,91.92198889,2025-11-26,Meghalaya,East Khasi Hills,Lait-Sohphie,Debris,Slide,0.0,1173.0,31.6,1.0,0.4,0.0,0.0,0
7243,real_landslide,25.66156667,91.13485278,2024-07-02,Meghalaya,West Khasi Hills,,Debris,Slide,22.68,1116.0,29.3,9.8,12.2,75.7,23.5,1
7243_neg1,real_non_landslide,25.66156667,91.13485278,2024-01-04,Meghalaya,West Khasi Hills,,Debris,Slide,22.68,1116.0,29.3,1.7,1.6,0.4,0.5,0
7243_neg2,real_non_landslide,25.66156667,91.13485278,2024-12-29,Meghalaya,West Khasi Hills,,Debris,Slide,22.68,1116.0,29.3,0.0,0.0,0.0,0.0,0
7244,real_landslide,25.69150833,91.64160833,2025-05-29,Meghalaya,Eastern-West Khasi Hill,Nongkhlaw-Tirotsing 1,Debris,Slide,6.38,1328.0,33.7,11.9,27.2,3.6,34.3,1
7244_neg1,real_non_landslide,25.69150833,91.64160833,2024-11-30,Meghalaya,Eastern-West Khasi Hill,Nongkhlaw-Tirotsing 1,Debris,Slide,6.38,1328.0,33.7,0.0,0.0,0.0,0.0,0
7244_neg2,real_non_landslide,25.69150833,91.64160833,2025-11-25,Meghalaya,Eastern-West Khasi Hill,Nongkhlaw-Tirotsing 1,Debris,Slide,6.38,1328.0,33.7,0.5,0.3,0.0,0.6,0
ME/EWK/2026/42,real_landslide,25.69517778,91.64123611,2025-05-30,Meghalaya,Eastern-West Khasi Hill,Nongkhlaw-Tirotsing 2,Debris,Slide,8.53,1289.0,33.6,27.2,3.6,34.3,111.4,1
ME/EWK/2026/42_neg1,real_non_landslide,25.69517778,91.64123611,2024-12-01,Meghalaya,Eastern-West Khasi Hill,Nongkhlaw-Tirotsing 2,Debris,Slide,8.53,1289.0,33.6,0.0,0.0,0.0,0.0,0
ME/EWK/2026/42_neg2,real_non_landslide,25.69517778,91.64123611,2025-11-26,Meghalaya,Eastern-West Khasi Hill,Nongkhlaw-Tirotsing 2,Debris,Slide,8.53,1289.0,33.6,0.3,0.0,0.6,0.0,0
ME/EWK/2026/43,real_landslide,25.69688611,91.64176667,2025-06-25,Meghalaya,Eastern-West Khasi Hill,,Debris,Slide,22.68,1267.0,33.0,31.4,46.9,36.9,28.0,1
ME/EWK/2026/43_neg1,real_non_landslide,25.69688611,91.64176667,2024-12-27,Meghalaya,Eastern-West Khasi Hill,,Debris,Slide,22.68,1267.0,33.0,0.0,0.0,0.0,0.0,0
ME/EWK/2026/43_neg2,real_non_landslide,25.69688611,91.64176667,2025-12-22,Meghalaya,Eastern-West Khasi Hill,,Debris,Slide,22.68,1267.0,33.0,0.0,0.5,0.0,0.1,0
ME/EWK/2026/45,real_landslide,25.69866667,91.64517222,2024-08-06,Meghalaya,Eastern-West Khasi Hill,Nongkhlaw-Tirotsing 4,Debris,Slide,30.26,1235.0,33.5,22.1,34.0,39.8,26.6,1
ME/EWK/2026/45_neg1,real_non_landslide,25.69866667,91.64517222,2024-02-08,Meghalaya,Eastern-West Khasi Hill,Nongkhlaw-Tirotsing 4,Debris,Slide,30.26,1235.0,33.5,0.3,1.9,0.1,0.1,0
ME/EWK/2026/45_neg2,real_non_landslide,25.69866667,91.64517222,2025-02-02,Meghalaya,Eastern-West Khasi Hill,Nongkhlaw-Tirotsing 4,Debris,Slide,30.26,1235.0,33.5,0.0,0.0,0.0,0.1,0
ME/EWK/2026/44,real_landslide,25.70087778,91.642902,2024-10-08,Meghalaya,Eastern-West Khasi Hill,Nongkhlaw-Tirotsing 3,Debris,Slide,25.8,1209.0,31.8,45.8,12.6,2.8,13.6,1
ME/EWK/2026/44_neg1,real_non_landslide,25.70087778,91.642902,2024-04-11,Meghalaya,Eastern-West Khasi Hill,Nongkhlaw-Tirotsing 3,Debris,Slide,25.8,1209.0,31.8,0.0,1.9,0.0,0.7,0
ME/EWK/2026/44_neg2,real_non_landslide,25.70087778,91.642902,2025-04-06,Meghalaya,Eastern-West Khasi Hill,Nongkhlaw-Tirotsing 3,Debris,Slide,25.8,1209.0,31.8,0.1,0.0,1.7,1.8,0
ME/EWK/2026/47,real_landslide,25.69523333,91.64426944,2025-05-30,Meghalaya,Eastern-West Khasi Hill,,Debris,Slide,34.02,1220.0,33.3,27.2,3.6,34.3,111.4,1
ME/EWK/2026/47_neg1,real_non_landslide,25.69523333,91.64426944,2024-12-01,Meghalaya,Eastern-West Khasi Hill,,Debris,Slide,34.02,1220.0,33.3,0.0,0.0,0.0,0.0,0
ME/EWK/2026/47_neg2,real_non_landslide,25.69523333,91.64426944,2025-11-26,Meghalaya,Eastern-West Khasi Hill,,Debris,Slide,34.02,1220.0,33.3,0.3,0.0,0.6,0.0,0
7245,real_landslide,25.69683611,91.64485556,2024-08-06,Meghalaya,Eastern-West Khasi Hill,,Debris,Slide,41.46,1278.0,33.5,22.1,34.0,39.8,26.6,1
7245_neg1,real_non_landslide,25.69683611,91.64485556,2024-02-08,Meghalaya,Eastern-West Khasi Hill,,Debris,Slide,41.46,1278.0,33.5,0.3,1.9,0.1,0.1,0
7245_neg2,real_non_landslide,25.69683611,91.64485556,2025-02-02,Meghalaya,Eastern-West Khasi Hill,,Debris,Slide,41.46,1278.0,33.5,0.0,0.0,0.0,0.1,0
ME/EWK/2026/48,real_landslide,25.69463611,91.64577778,2025-05-30,Meghalaya,Eastern-West Khasi Hill,,Debris,Slide,18.43,1201.0,34.4,27.2,3.6,34.3,111.4,1
ME/EWK/2026/48_neg1,real_non_landslide,25.69463611,91.64577778,2024-12-01,Meghalaya,Eastern-West Khasi Hill,,Debris,Slide,18.43,1201.0,34.4,0.0,0.0,0.0,0.0,0
ME/EWK/2026/48_neg2,real_non_landslide,25.69463611,91.64577778,2025-11-26,Meghalaya,Eastern-West Khasi Hill,,Debris,Slide,18.43,1201.0,34.4,0.3,0.0,0.6,0.0,0
ME/EWK/2026/49,real_landslide,25.68698889,91.64812222,2025-05-28,Meghalaya,Eastern-West Khasi Hill,,Rock,Slide,40.36,1177.0,31.3,28.1,11.9,27.2,3.6,1
ME/EWK/2026/49_neg1,real_non_landslide,25.68698889,91.64812222,2024-11-29,Meghalaya,Eastern-West Khasi Hill,,Rock,Slide,40.36,1177.0,31.3,0.1,0.0,0.0,0.0,0
ME/EWK/2026/49_neg2,real_non_landslide,25.68698889,91.64812222,2025-11-24,Meghalaya,Eastern-West Khasi Hill,,Rock,Slide,40.36,1177.0,31.3,0.7,0.5,0.3,0.0,0
ME/EWK/2026/50,real_landslide,25.68690556,91.64915278,2025-05-28,Meghalaya,Eastern-West Khasi Hill,,Debris,Fall,36.44,1105.0,31.3,28.1,11.9,27.2,3.6,1
ME/EWK/2026/50_neg1,real_non_landslide,25.68690556,91.64915278,2024-11-29,Meghalaya,Eastern-West Khasi Hill,,Debris,Fall,36.44,1105.0,31.3,0.1,0.0,0.0,0.0,0
ME/EWK/2026/50_neg2,real_non_landslide,25.68690556,91.64915278,2025-11-24,Meghalaya,Eastern-West Khasi Hill,,Debris,Fall,36.44,1105.0,31.3,0.7,0.5,0.3,0.0,0
ME/EWK/2026/51,real_landslide,25.688833,91.653639,2025-06-25,Meghalaya,Eastern-West Khasi Hill,,Earth,Slide,0.0,1024.0,30.1,31.4,46.9,36.9,28.0,1
ME/EWK/2026/51_neg1,real_non_landslide,25.688833,91.653639,2024-12-27,Meghalaya,Eastern-West Khasi Hill,,Earth,Slide,0.0,1024.0,30.1,0.0,0.0,0.0,0.0,0
ME/EWK/2026/51_neg2,real_non_landslide,25.688833,91.653639,2025-12-22,Meghalaya,Eastern-West Khasi Hill,,Earth,Slide,0.0,1024.0,30.1,0.0,0.5,0.0,0.1,0
7246,real_landslide,25.68798889,91.65838889,2024-05-28,Meghalaya,Eastern-West Khasi Hill,,Debris,Slide,2.86,1008.0,31.7,0.1,17.9,48.4,72.8,1
7246_neg1,real_non_landslide,25.68798889,91.65838889,2023-11-30,Meghalaya,Eastern-West Khasi Hill,,Debris,Slide,2.86,1008.0,31.7,0.0,0.0,0.0,0.0,0
7246_neg2,real_non_landslide,25.68798889,91.65838889,2024-11-24,Meghalaya,Eastern-West Khasi Hill,,Debris,Slide,2.86,1008.0,31.7,0.2,0.4,1.1,1.8,0
7247,real_landslide,25.68805,91.66653,2024-05-28,Meghalaya,Eastern-West Khasi Hill,,Debris,Slide,28.08,956.0,31.2,0.1,17.9,48.4,72.8,1
7247_neg1,real_non_landslide,25.68805,91.66653,2023-11-30,Meghalaya,Eastern-West Khasi Hill,,Debris,Slide,28.08,956.0,31.2,0.0,0.0,0.0,0.0,0
7247_neg2,real_non_landslide,25.68805,91.66653,2024-11-24,Meghalaya,Eastern-West Khasi Hill,,Debris,Slide,28.08,956.0,31.2,0.2,0.4,1.1,1.8,0
ME/EWK/2026/54,real_landslide,25.68822222,91.66746111,2025-06-11,Meghalaya,Eastern-West Khasi Hill,,Debris,Slide,6.38,936.0,31.2,4.6,2.7,3.2,6.4,1
ME/EWK/2026/54_neg1,real_non_landslide,25.68822222,91.66746111,2024-12-13,Meghalaya,Eastern-West Khasi Hill,,Debris,Slide,6.38,936.0,31.2,0.9,0.3,0.0,0.0,0
ME/EWK/2026/54_neg2,real_non_landslide,25.68822222,91.66746111,2025-12-08,Meghalaya,Eastern-West Khasi Hill,,Debris,Slide,6.38,936.0,31.2,0.0,0.0,0.0,0.0,0
7248,real_landslide,25.69007,91.67085,2025-06-11,Meghalaya,Eastern-West Khasi Hill,Mawiongkhri,Debris,Slide,10.76,868.0,30.0,4.6,2.7,3.2,6.4,1
7248_neg1,real_non_landslide,25.69007,91.67085,2024-12-13,Meghalaya,Eastern-West Khasi Hill,Mawiongkhri,Debris,Slide,10.76,868.0,30.0,0.9,0.3,0.0,0.0,0
7248_neg2,real_non_landslide,25.69007,91.67085,2025-12-08,Meghalaya,Eastern-West Khasi Hill,Mawiongkhri,Debris,Slide,10.76,868.0,30.0,0.0,0.0,0.0,0.0,0
7249,real_landslide,25.733262,91.675754,2025-06-11,Meghalaya,Eastern-West Khasi Hill,Umniangriang,Debris,Slide,21.47,727.0,32.6,1.4,1.0,3.8,3.7,1
7249_neg1,real_non_landslide,25.733262,91.675754,2024-12-13,Meghalaya,Eastern-West Khasi Hill,Umniangriang,Debris,Slide,21.47,727.0,32.6,0.4,0.8,0.0,0.0,0
7249_neg2,real_non_landslide,25.733262,91.675754,2025-12-08,Meghalaya,Eastern-West Khasi Hill,Umniangriang,Debris,Slide,21.47,727.0,32.6,0.0,0.0,0.0,0.0,0
7250,real_landslide,25.762051,91.658959,2024-05-29,Meghalaya,Eastern-West Khasi Hill,Boulder Stone Quarry Site,Debris,Slide,0.95,798.0,30.3,3.9,43.4,66.7,3.8,1
7250_neg1,real_non_landslide,25.762051,91.658959,2023-12-01,Meghalaya,Eastern-West Khasi Hill,Boulder Stone Quarry Site,Debris,Slide,0.95,798.0,30.3,0.0,0.0,0.0,0.0,0
7250_neg2,real_non_landslide,25.762051,91.658959,2024-11-25,Meghalaya,Eastern-West Khasi Hill,Boulder Stone Quarry Site,Debris,Slide,0.95,798.0,30.3,0.0,2.1,1.4,1.6,0
ME/EWK/2026/58,real_landslide,25.770935,91.656497,2024-05-29,Meghalaya,Eastern-West Khasi Hill,Mawpat,Debris,Slide,12.26,762.0,28.8,3.9,43.4,66.7,3.8,1
ME/EWK/2026/58_neg1,real_non_landslide,25.770935,91.656497,2023-12-01,Meghalaya,Eastern-West Khasi Hill,Mawpat,Debris,Slide,12.26,762.0,28.8,0.0,0.0,0.0,0.0,0
ME/EWK/2026/58_neg2,real_non_landslide,25.770935,91.656497,2024-11-25,Meghalaya,Eastern-West Khasi Hill,Mawpat,Debris,Slide,12.26,762.0,28.8,0.0,2.1,1.4,1.6,0
ME/EWK/2026/60,real_landslide,25.803984,91.659801,2024-08-28,Meghalaya,Eastern-West Khasi Hill,,Debris,Slide,37.24,695.0,27.9,5.3,3.0,1.4,1.9,1
ME/EWK/2026/60_neg1,real_non_landslide,25.803984,91.659801,2024-03-01,Meghalaya,Eastern-West Khasi Hill,,Debris,Slide,37.24,695.0,27.9,0.0,0.0,0.1,0.0,0
ME/EWK/2026/60_neg2,real_non_landslide,25.803984,91.659801,2025-02-24,Meghalaya,Eastern-West Khasi Hill,,Debris,Slide,37.24,695.0,27.9,2.4,1.1,1.9,0.6,0
7252,real_landslide,25.700668,91.596815,2025-05-31,Meghalaya,Eastern-West Khasi Hill,Mawkarah,Debris,Slide,10.76,1337.0,33.0,5.0,35.5,88.5,3.7,1
7252_neg1,real_non_landslide,25.700668,91.596815,2024-12-02,Meghalaya,Eastern-West Khasi Hill,Mawkarah,Debris,Slide,10.76,1337.0,33.0,0.0,0.0,0.0,0.0,0
7252_neg2,real_non_landslide,25.700668,91.596815,2025-11-27,Meghalaya,Eastern-West Khasi Hill,Mawkarah,Debris,Slide,10.76,1337.0,33.0,0.0,0.9,0.0,0.0,0
7251,real_landslide,25.791616,91.658242,2024-05-29,Meghalaya,Eastern-West Khasi Hill,Madpan,Debris,Slide,21.05,734.0,29.9,3.9,43.4,66.7,3.8,1
7251_neg1,real_non_landslide,25.791616,91.658242,2023-12-01,Meghalaya,Eastern-West Khasi Hill,Madpan,Debris,Slide,21.05,734.0,29.9,0.0,0.0,0.0,0.0,0
7251_neg2,real_non_landslide,25.791616,91.658242,2024-11-25,Meghalaya,Eastern-West Khasi Hill,Madpan,Debris,Slide,21.05,734.0,29.9,0.0,2.1,1.4,1.6,0
MIZO/AIZ/84A10/2007/E-4,real_landslide,23.744167,92.730472,2007-09-08,Mizoram,Aizawl,Ramhlun Vengther slide,Rock,Slide,40.91,856.0,33.9,10.5,39.0,22.8,11.0,1
MIZO/AIZ/84A10/2007/E-4_neg1,real_non_landslide,23.744167,92.730472,2007-03-12,Mizoram,Aizawl,Ramhlun Vengther slide,Rock,Slide,40.91,856.0,33.9,0.0,0.0,0.0,0.0,0
MIZO/AIZ/84A10/2007/E-4_neg2,real_non_landslide,23.744167,92.730472,2008-03-06,Mizoram,Aizawl,Ramhlun Vengther slide,Rock,Slide,40.91,856.0,33.9,0.0,1.1,0.4,0.1,0
ME/EWK/2026/62,real_landslide,25.739454,91.572107,2025-05-31,Meghalaya,Eastern-West Khasi Hill,,Debris,Slide,35.63,883.0,30.1,7.1,33.9,83.1,25.0,1
ME/EWK/2026/62_neg1,real_non_landslide,25.739454,91.572107,2024-12-02,Meghalaya,Eastern-West Khasi Hill,,Debris,Slide,35.63,883.0,30.1,0.0,0.0,0.0,0.0,0
ME/EWK/2026/62_neg2,real_non_landslide,25.739454,91.572107,2025-11-27,Meghalaya,Eastern-West Khasi Hill,,Debris,Slide,35.63,883.0,30.1,0.2,0.4,0.0,0.0,0
MIZO/AIZ/84A10/2007/E-3,real_landslide,23.751694,92.731528,2007-09-08,Mizoram,Aizawl,Bawng Venglai slide,Debris,Slide,36.62,929.0,29.7,10.5,39.0,22.8,11.0,1
MIZO/AIZ/84A10/2007/E-3_neg1,real_non_landslide,23.751694,92.731528,2007-03-12,Mizoram,Aizawl,Bawng Venglai slide,Debris,Slide,36.62,929.0,29.7,0.0,0.0,0.0,0.0,0
MIZO/AIZ/84A10/2007/E-3_neg2,real_non_landslide,23.751694,92.731528,2008-03-06,Mizoram,Aizawl,Bawng Venglai slide,Debris,Slide,36.62,929.0,29.7,0.0,1.1,0.4,0.1,0
7598,real_landslide,25.567423,89.979711,2026-07-13,Meghalaya,South West Garo Hills,Betasing,Debris,NULL,12.77,36.0,30.6,0.6,16.2,64.6,61.9,1
7598_neg1,real_non_landslide,25.567423,89.979711,2026-01-14,Meghalaya,South West Garo Hills,Betasing,Debris,NULL,12.77,36.0,30.6,0.0,0.0,0.0,0.0,0
7598_neg2,real_non_landslide,25.567423,89.979711,2025-07-13,Meghalaya,South West Garo Hills,Betasing,Debris,NULL,12.77,36.0,30.6,1.3,0.6,4.4,6.4,0
MZ/AZL/84A10/2024/001,real_landslide,23.73888889,92.69638889,2024-05-28,Mizoram,Aizawl,,Debris,Slide,29.42,1009.0,29.5,22.0,22.5,34.6,68.8,1
MZ/AZL/84A10/2024/001_neg1,real_non_landslide,23.73888889,92.69638889,2023-11-30,Mizoram,Aizawl,,Debris,Slide,29.42,1009.0,29.5,0.0,0.0,0.0,0.0,0
MZ/AZL/84A10/2024/001_neg2,real_non_landslide,23.73888889,92.69638889,2024-11-24,Mizoram,Aizawl,,Debris,Slide,29.42,1009.0,29.5,0.4,0.2,0.0,0.0,0
MZ/AZL/84A10/2024/005,real_landslide,23.7385748,92.6941941,2024-05-28,Mizoram,Aizawl,,Debris,Slide,48.75,940.0,29.8,22.0,22.5,34.6,68.8,1
MZ/AZL/84A10/2024/005_neg1,real_non_landslide,23.7385748,92.6941941,2023-11-30,Mizoram,Aizawl,,Debris,Slide,48.75,940.0,29.8,0.0,0.0,0.0,0.0,0
MZ/AZL/84A10/2024/005_neg2,real_non_landslide,23.7385748,92.6941941,2024-11-24,Mizoram,Aizawl,,Debris,Slide,48.75,940.0,29.8,0.4,0.2,0.0,0.0,0
MZ/AZL/84A10/2024/002,real_landslide,23.73947222,92.69666667,2024-05-28,Mizoram,Aizawl,,Debris,Complex,30.96,1026.0,29.5,22.0,22.5,34.6,68.8,1
MZ/AZL/84A10/2024/002_neg1,real_non_landslide,23.73947222,92.69666667,2023-11-30,Mizoram,Aizawl,,Debris,Complex,30.96,1026.0,29.5,0.0,0.0,0.0,0.0,0
MZ/AZL/84A10/2024/002_neg2,real_non_landslide,23.73947222,92.69666667,2024-11-24,Mizoram,Aizawl,,Debris,Complex,30.96,1026.0,29.5,0.4,0.2,0.0,0.0,0
MZ/AZL/84A10/2024/003,real_landslide,23.74027778,92.69722222,2024-05-28,Mizoram,Aizawl,,Earth,Slide,37.04,995.0,30.1,22.0,22.5,34.6,68.8,1
MZ/AZL/84A10/2024/003_neg1,real_non_landslide,23.74027778,92.69722222,2023-11-30,Mizoram,Aizawl,,Earth,Slide,37.04,995.0,30.1,0.0,0.0,0.0,0.0,0
MZ/AZL/84A10/2024/003_neg2,real_non_landslide,23.74027778,92.69722222,2024-11-24,Mizoram,Aizawl,,Earth,Slide,37.04,995.0,30.1,0.4,0.2,0.0,0.0,0
MZ/AZL/84A10/2024/008,real_landslide,23.7375,92.69444444,2024-05-28,Mizoram,Aizawl,,Debris,Slide,21.24,1006.0,29.8,22.0,22.5,34.6,68.8,1
MZ/AZL/84A10/2024/008_neg1,real_non_landslide,23.7375,92.69444444,2023-11-30,Mizoram,Aizawl,,Debris,Slide,21.24,1006.0,29.8,0.0,0.0,0.0,0.0,0
MZ/AZL/84A10/2024/008_neg2,real_non_landslide,23.7375,92.69444444,2024-11-24,Mizoram,Aizawl,,Debris,Slide,21.24,1006.0,29.8,0.4,0.2,0.0,0.0,0
MZ/AZL/84A10/2024/007,real_landslide,23.74116667,92.69455556,2024-05-28,Mizoram,Aizawl,,Debris,Slide,0.0,916.0,32.0,22.0,22.5,34.6,68.8,1
MZ/AZL/84A10/2024/007_neg1,real_non_landslide,23.74116667,92.69455556,2023-11-30,Mizoram,Aizawl,,Debris,Slide,0.0,916.0,32.0,0.0,0.0,0.0,0.0,0
MZ/AZL/84A10/2024/007_neg2,real_non_landslide,23.74116667,92.69455556,2024-11-24,Mizoram,Aizawl,,Debris,Slide,0.0,916.0,32.0,0.4,0.2,0.0,0.0,0
MZ/AZL/84A10/2024/009,real_landslide,23.73386111,92.69491667,2024-05-28,Mizoram,Aizawl,,Debris,Complex,30.17,927.0,30.1,22.0,22.5,34.6,68.8,1
MZ/AZL/84A10/2024/009_neg1,real_non_landslide,23.73386111,92.69491667,2023-11-30,Mizoram,Aizawl,,Debris,Complex,30.17,927.0,30.1,0.0,0.0,0.0,0.0,0
MZ/AZL/84A10/2024/009_neg2,real_non_landslide,23.73386111,92.69491667,2024-11-24,Mizoram,Aizawl,,Debris,Complex,30.17,927.0,30.1,0.4,0.2,0.0,0.0,0
MZ/AZL/84A10/2024/012,real_landslide,23.73472222,92.695,2024-05-28,Mizoram,Aizawl,,Earth,Slide,33.59,920.0,30.1,22.0,22.5,34.6,68.8,1
MZ/AZL/84A10/2024/012_neg1,real_non_landslide,23.73472222,92.695,2023-11-30,Mizoram,Aizawl,,Earth,Slide,33.59,920.0,30.1,0.0,0.0,0.0,0.0,0
MZ/AZL/84A10/2024/012_neg2,real_non_landslide,23.73472222,92.695,2024-11-24,Mizoram,Aizawl,,Earth,Slide,33.59,920.0,30.1,0.4,0.2,0.0,0.0,0
MIZ/LU/84B/13/2018/001,real_landslide,23.751528,91.604533,2018-06-04,Mizoram,Lunglei,Lunglawn landslide,Debris,Slide,5.71,85.0,27.7,3.6,16.4,2.6,7.7,1
MIZ/LU/84B/13/2018/001_neg1,real_non_landslide,23.751528,91.604533,2017-12-06,Mizoram,Lunglei,Lunglawn landslide,Debris,Slide,5.71,85.0,27.7,0.0,0.0,0.0,0.0,0
MIZ/LU/84B/13/2018/001_neg2,real_non_landslide,23.751528,91.604533,2018-12-01,Mizoram,Lunglei,Lunglawn landslide,Debris,Slide,5.71,85.0,27.7,0.0,0.0,0.0,0.0,0
MZ/AZL/84A10/2024/010,real_landslide,23.72669444,92.69519444,2024-05-28,Mizoram,Aizawl,,Debris,Complex,23.43,901.0,31.8,22.0,22.5,34.6,68.8,1
MZ/AZL/84A10/2024/010_neg1,real_non_landslide,23.72669444,92.69519444,2023-11-30,Mizoram,Aizawl,,Debris,Complex,23.43,901.0,31.8,0.0,0.0,0.0,0.0,0
MZ/AZL/84A10/2024/010_neg2,real_non_landslide,23.72669444,92.69519444,2024-11-24,Mizoram,Aizawl,,Debris,Complex,23.43,901.0,31.8,0.4,0.2,0.0,0.0,0
MZ/AZL/84A10/2024/015,real_landslide,23.74972222,92.69833333,2024-05-28,Mizoram,Aizawl,,Debris,Slide,24.93,613.0,31.7,22.0,22.5,34.6,68.8,1
MZ/AZL/84A10/2024/015_neg1,real_non_landslide,23.74972222,92.69833333,2023-11-30,Mizoram,Aizawl,,Debris,Slide,24.93,613.0,31.7,0.0,0.0,0.0,0.0,0
MZ/AZL/84A10/2024/015_neg2,real_non_landslide,23.74972222,92.69833333,2024-11-24,Mizoram,Aizawl,,Debris,Slide,24.93,613.0,31.7,0.4,0.2,0.0,0.0,0
MZ/AZL/84A10/2024/017,real_landslide,23.73111111,92.70388889,2024-05-28,Mizoram,Aizawl,,Debris,Slide,22.09,899.0,33.5,22.0,22.5,34.6,68.8,1
MZ/AZL/84A10/2024/017_neg1,real_non_landslide,23.73111111,92.70388889,2023-11-30,Mizoram,Aizawl,,Debris,Slide,22.09,899.0,33.5,0.0,0.0,0.0,0.0,0
MZ/AZL/84A10/2024/017_neg2,real_non_landslide,23.73111111,92.70388889,2024-11-24,Mizoram,Aizawl,,Debris,Slide,22.09,899.0,33.5,0.4,0.2,0.0,0.0,0
MZ/AZL/84A10/2024/018,real_landslide,23.73333333,92.70527778,2024-05-28,Mizoram,Aizawl,,Debris,Slide,27.08,954.0,33.5,22.0,22.5,34.6,68.8,1
MZ/AZL/84A10/2024/018_neg1,real_non_landslide,23.73333333,92.70527778,2023-11-30,Mizoram,Aizawl,,Debris,Slide,27.08,954.0,33.5,0.0,0.0,0.0,0.0,0
MZ/AZL/84A10/2024/018_neg2,real_non_landslide,23.73333333,92.70527778,2024-11-24,Mizoram,Aizawl,,Debris,Slide,27.08,954.0,33.5,0.4,0.2,0.0,0.0,0
MZ/AZL/84A10/2024/016,real_landslide,23.73111111,92.70222222,2024-05-28,Mizoram,Aizawl,,Debris,Slide,32.36,852.0,34.4,22.0,22.5,34.6,68.8,1
MZ/AZL/84A10/2024/016_neg1,real_non_landslide,23.73111111,92.70222222,2023-11-30,Mizoram,Aizawl,,Debris,Slide,32.36,852.0,34.4,0.0,0.0,0.0,0.0,0
MZ/AZL/84A10/2024/016_neg2,real_non_landslide,23.73111111,92.70222222,2024-11-24,Mizoram,Aizawl,,Debris,Slide,32.36,852.0,34.4,0.4,0.2,0.0,0.0,0
MZ/AZL/84A10/2024/014,real_landslide,23.73305556,92.69944444,2024-05-28,Mizoram,Aizawl,,Debris,Slide,29.54,899.0,30.5,22.0,22.5,34.6,68.8,1
MZ/AZL/84A10/2024/014_neg1,real_non_landslide,23.73305556,92.69944444,2023-11-30,Mizoram,Aizawl,,Debris,Slide,29.54,899.0,30.5,0.0,0.0,0.0,0.0,0
MZ/AZL/84A10/2024/014_neg2,real_non_landslide,23.73305556,92.69944444,2024-11-24,Mizoram,Aizawl,,Debris,Slide,29.54,899.0,30.5,0.4,0.2,0.0,0.0,0
MZ/AZL/84A10/2024/020,real_landslide,23.73583333,92.69777778,2024-05-28,Mizoram,Aizawl,,Debris,Slide,24.85,1017.0,30.0,22.0,22.5,34.6,68.8,1
MZ/AZL/84A10/2024/020_neg1,real_non_landslide,23.73583333,92.69777778,2023-11-30,Mizoram,Aizawl,,Debris,Slide,24.85,1017.0,30.0,0.0,0.0,0.0,0.0,0
MZ/AZL/84A10/2024/020_neg2,real_non_landslide,23.73583333,92.69777778,2024-11-24,Mizoram,Aizawl,,Debris,Slide,24.85,1017.0,30.0,0.4,0.2,0.0,0.0,0
MZ/AZL/84A10/2024/021,real_landslide,23.73132778,92.70821944,2024-05-28,Mizoram,Aizawl,,Debris,Slide,15.82,894.0,32.9,22.0,22.5,34.6,68.8,1
MZ/AZL/84A10/2024/021_neg1,real_non_landslide,23.73132778,92.70821944,2023-11-30,Mizoram,Aizawl,,Debris,Slide,15.82,894.0,32.9,0.0,0.0,0.0,0.0,0
MZ/AZL/84A10/2024/021_neg2,real_non_landslide,23.73132778,92.70821944,2024-11-24,Mizoram,Aizawl,,Debris,Slide,15.82,894.0,32.9,0.4,0.2,0.0,0.0,0
MZ/AZL/84A10/2024/024,real_landslide,23.71446389,92.71146389,2024-05-28,Mizoram,Aizawl,,Debris,Flow,14.04,920.0,29.7,22.0,22.5,34.6,68.8,1
MZ/AZL/84A10/2024/024_neg1,real_non_landslide,23.71446389,92.71146389,2023-11-30,Mizoram,Aizawl,,Debris,Flow,14.04,920.0,29.7,0.0,0.0,0.0,0.0,0
MZ/AZL/84A10/2024/024_neg2,real_non_landslide,23.71446389,92.71146389,2024-11-24,Mizoram,Aizawl,,Debris,Flow,14.04,920.0,29.7,0.4,0.2,0.0,0.0,0
MZ/AZL/84A10/2024/027,real_landslide,23.7175,92.70666667,2024-05-28,Mizoram,Aizawl,,Earth,Slide,26.32,885.0,30.6,22.0,22.5,34.6,68.8,1
MZ/AZL/84A10/2024/027_neg1,real_non_landslide,23.7175,92.70666667,2023-11-30,Mizoram,Aizawl,,Earth,Slide,26.32,885.0,30.6,0.0,0.0,0.0,0.0,0
MZ/AZL/84A10/2024/027_neg2,real_non_landslide,23.7175,92.70666667,2024-11-24,Mizoram,Aizawl,,Earth,Slide,26.32,885.0,30.6,0.4,0.2,0.0,0.0,0
MZ/AZL/84A10/2024/026,real_landslide,23.71595,92.70879444,2024-05-28,Mizoram,Aizawl,,Debris,Complex,29.54,920.0,29.2,22.0,22.5,34.6,68.8,1
MZ/AZL/84A10/2024/026_neg1,real_non_landslide,23.71595,92.70879444,2023-11-30,Mizoram,Aizawl,,Debris,Complex,29.54,920.0,29.2,0.0,0.0,0.0,0.0,0
MZ/AZL/84A10/2024/026_neg2,real_non_landslide,23.71595,92.70879444,2024-11-24,Mizoram,Aizawl,,Debris,Complex,29.54,920.0,29.2,0.4,0.2,0.0,0.0,0
MZ/AZL/84A10/2024/0028,real_landslide,23.71740833,92.70644167,2024-05-28,Mizoram,Aizawl,,Earth,Slide,26.88,887.0,30.6,22.0,22.5,34.6,68.8,1
MZ/AZL/84A10/2024/0028_neg1,real_non_landslide,23.71740833,92.70644167,2023-11-30,Mizoram,Aizawl,,Earth,Slide,26.88,887.0,30.6,0.0,0.0,0.0,0.0,0
MZ/AZL/84A10/2024/0028_neg2,real_non_landslide,23.71740833,92.70644167,2024-11-24,Mizoram,Aizawl,,Earth,Slide,26.88,887.0,30.6,0.4,0.2,0.0,0.0,0
MZ/AZL/84A10/2024/029,real_landslide,23.71735556,92.70753333,2024-05-28,Mizoram,Aizawl,,Earth,Complex,15.18,912.0,30.7,22.0,22.5,34.6,68.8,1
MZ/AZL/84A10/2024/029_neg1,real_non_landslide,23.71735556,92.70753333,2023-11-30,Mizoram,Aizawl,,Earth,Complex,15.18,912.0,30.7,0.0,0.0,0.0,0.0,0
MZ/AZL/84A10/2024/029_neg2,real_non_landslide,23.71735556,92.70753333,2024-11-24,Mizoram,Aizawl,,Earth,Complex,15.18,912.0,30.7,0.4,0.2,0.0,0.0,0
MZ/AZL/84A10/2024/031,real_landslide,23.71697222,92.70817222,2024-05-28,Mizoram,Aizawl,,Debris,Complex,25.8,912.0,30.7,22.0,22.5,34.6,68.8,1
MZ/AZL/84A10/2024/031_neg1,real_non_landslide,23.71697222,92.70817222,2023-11-30,Mizoram,Aizawl,,Debris,Complex,25.8,912.0,30.7,0.0,0.0,0.0,0.0,0
MZ/AZL/84A10/2024/031_neg2,real_non_landslide,23.71697222,92.70817222,2024-11-24,Mizoram,Aizawl,,Debris,Complex,25.8,912.0,30.7,0.4,0.2,0.0,0.0,0
MZ/AZL/84A10/2024/030,real_landslide,23.71721667,92.70777778,2024-05-28,Mizoram,Aizawl,,Debris,Slide,11.31,912.0,30.7,22.0,22.5,34.6,68.8,1
MZ/AZL/84A10/2024/030_neg1,real_non_landslide,23.71721667,92.70777778,2023-11-30,Mizoram,Aizawl,,Debris,Slide,11.31,912.0,30.7,0.0,0.0,0.0,0.0,0
MZ/AZL/84A10/2024/030_neg2,real_non_landslide,23.71721667,92.70777778,2024-11-24,Mizoram,Aizawl,,Debris,Slide,11.31,912.0,30.7,0.4,0.2,0.0,0.0,0
MZ/AZL/84A10/2024/032,real_landslide,23.71305556,92.70895833,2024-05-28,Mizoram,Aizawl,,Debris,Slide,45.19,985.0,29.1,22.0,22.5,34.6,68.8,1
MZ/AZL/84A10/2024/032_neg1,real_non_landslide,23.71305556,92.70895833,2023-11-30,Mizoram,Aizawl,,Debris,Slide,45.19,985.0,29.1,0.0,0.0,0.0,0.0,0
MZ/AZL/84A10/2024/032_neg2,real_non_landslide,23.71305556,92.70895833,2024-11-24,Mizoram,Aizawl,,Debris,Slide,45.19,985.0,29.1,0.4,0.2,0.0,0.0,0
MZ/AZL/84A10/2024/036,real_landslide,23.71138889,92.72444444,2024-05-28,Mizoram,Aizawl,,Earth,Slide,40.63,941.0,29.2,15.4,20.4,19.9,68.0,1
MZ/AZL/84A10/2024/036_neg1,real_non_landslide,23.71138889,92.72444444,2023-11-30,Mizoram,Aizawl,,Earth,Slide,40.63,941.0,29.2,0.0,0.0,0.0,0.0,0
MZ/AZL/84A10/2024/036_neg2,real_non_landslide,23.71138889,92.72444444,2024-11-24,Mizoram,Aizawl,,Earth,Slide,40.63,941.0,29.2,2.2,0.3,0.0,0.0,0
MZ/AZL/84A10/2024/037,real_landslide,23.71638889,92.72111111,2024-05-28,Mizoram,Aizawl,,Debris,Slide,44.52,986.0,29.1,15.4,20.4,19.9,68.0,1
MZ/AZL/84A10/2024/037_neg1,real_non_landslide,23.71638889,92.72111111,2023-11-30,Mizoram,Aizawl,,Debris,Slide,44.52,986.0,29.1,0.0,0.0,0.0,0.0,0
MZ/AZL/84A10/2024/037_neg2,real_non_landslide,23.71638889,92.72111111,2024-11-24,Mizoram,Aizawl,,Debris,Slide,44.52,986.0,29.1,2.2,0.3,0.0,0.0,0
MZ/AZL/84A10/2024/038,real_landslide,23.71444444,92.72861111,2024-05-28,Mizoram,Aizawl,,Debris,Slide,20.16,857.0,28.8,15.4,20.4,19.9,68.0,1
MZ/AZL/84A10/2024/038_neg1,real_non_landslide,23.71444444,92.72861111,2023-11-30,Mizoram,Aizawl,,Debris,Slide,20.16,857.0,28.8,0.0,0.0,0.0,0.0,0
MZ/AZL/84A10/2024/038_neg2,real_non_landslide,23.71444444,92.72861111,2024-11-24,Mizoram,Aizawl,,Debris,Slide,20.16,857.0,28.8,2.2,0.3,0.0,0.0,0
MZ/AZL/84A10/2024/025,real_landslide,23.71581111,92.70935,2024-05-28,Mizoram,Aizawl,,Debris,Slide,40.01,892.0,29.2,22.0,22.5,34.6,68.8,1
MZ/AZL/84A10/2024/025_neg1,real_non_landslide,23.71581111,92.70935,2023-11-30,Mizoram,Aizawl,,Debris,Slide,40.01,892.0,29.2,0.0,0.0,0.0,0.0,0
MZ/AZL/84A10/2024/025_neg2,real_non_landslide,23.71581111,92.70935,2024-11-24,Mizoram,Aizawl,,Debris,Slide,40.01,892.0,29.2,0.4,0.2,0.0,0.0,0
MZ/AZL/84A10/2024/042,real_landslide,23.7104,92.72237778,2024-05-28,Mizoram,Aizawl,,Debris,Slide,7.59,993.0,28.4,15.4,20.4,19.9,68.0,1
MZ/AZL/84A10/2024/042_neg1,real_non_landslide,23.7104,92.72237778,2023-11-30,Mizoram,Aizawl,,Debris,Slide,7.59,993.0,28.4,0.0,0.0,0.0,0.0,0
MZ/AZL/84A10/2024/042_neg2,real_non_landslide,23.7104,92.72237778,2024-11-24,Mizoram,Aizawl,,Debris,Slide,7.59,993.0,28.4,2.2,0.3,0.0,0.0,0
MZ/AZL/84A10/2024/045,real_landslide,23.71,92.71611111,2024-05-28,Mizoram,Aizawl,,Debris,Slide,29.54,911.0,29.7,15.4,20.4,19.9,68.0,1
MZ/AZL/84A10/2024/045_neg1,real_non_landslide,23.71,92.71611111,2023-11-30,Mizoram,Aizawl,,Debris,Slide,29.54,911.0,29.7,0.0,0.0,0.0,0.0,0
MZ/AZL/84A10/2024/045_neg2,real_non_landslide,23.71,92.71611111,2024-11-24,Mizoram,Aizawl,,Debris,Slide,29.54,911.0,29.7,2.2,0.3,0.0,0.0,0
MZ/AZL/84A10/2024/049,real_landslide,23.70416667,92.71222222,2024-05-28,Mizoram,Aizawl,,Earth,Slide,39.93,1085.0,29.6,22.0,22.5,34.6,68.8,1
MZ/AZL/84A10/2024/049_neg1,real_non_landslide,23.70416667,92.71222222,2023-11-30,Mizoram,Aizawl,,Earth,Slide,39.93,1085.0,29.6,0.0,0.0,0.0,0.0,0
MZ/AZL/84A10/2024/049_neg2,real_non_landslide,23.70416667,92.71222222,2024-11-24,Mizoram,Aizawl,,Earth,Slide,39.93,1085.0,29.6,0.4,0.2,0.0,0.0,0
MZ/AZL/84A10/2024/050,real_landslide,23.70027778,92.71611111,2024-05-28,Mizoram,Aizawl,,Debris,Slide,17.57,998.0,30.4,15.4,20.4,19.9,68.0,1
MZ/AZL/84A10/2024/050_neg1,real_non_landslide,23.70027778,92.71611111,2023-11-30,Mizoram,Aizawl,,Debris,Slide,17.57,998.0,30.4,0.0,0.0,0.0,0.0,0
MZ/AZL/84A10/2024/050_neg2,real_non_landslide,23.70027778,92.71611111,2024-11-24,Mizoram,Aizawl,,Debris,Slide,17.57,998.0,30.4,2.2,0.3,0.0,0.0,0
MZ/AZL/84A10/2024/048,real_landslide,23.70527778,92.71138889,2024-05-28,Mizoram,Aizawl,,Debris,Slide,52.26,1000.0,28.8,22.0,22.5,34.6,68.8,1
MZ/AZL/84A10/2024/048_neg1,real_non_landslide,23.70527778,92.71138889,2023-11-30,Mizoram,Aizawl,,Debris,Slide,52.26,1000.0,28.8,0.0,0.0,0.0,0.0,0
MZ/AZL/84A10/2024/048_neg2,real_non_landslide,23.70527778,92.71138889,2024-11-24,Mizoram,Aizawl,,Debris,Slide,52.26,1000.0,28.8,0.4,0.2,0.0,0.0,0
MZ/AZL/84A10/2024/052,real_landslide,23.68027778,92.72472222,2024-05-28,Mizoram,Aizawl,,Debris,Slide,45.81,948.0,29.9,15.4,25.4,17.1,78.0,1
MZ/AZL/84A10/2024/052_neg1,real_non_landslide,23.68027778,92.72472222,2023-11-30,Mizoram,Aizawl,,Debris,Slide,45.81,948.0,29.9,0.0,0.0,0.0,0.0,0
MZ/AZL/84A10/2024/052_neg2,real_non_landslide,23.68027778,92.72472222,2024-11-24,Mizoram,Aizawl,,Debris,Slide,45.81,948.0,29.9,0.8,0.2,0.0,0.0,0
MZ/AZL/84A10/2024/053,real_landslide,23.67805556,92.72,2024-05-28,Mizoram,Aizawl,,Debris,Slide,46.29,1004.0,29.1,15.4,25.4,17.1,78.0,1
MZ/AZL/84A10/2024/053_neg1,real_non_landslide,23.67805556,92.72,2023-11-30,Mizoram,Aizawl,,Debris,Slide,46.29,1004.0,29.1,0.0,0.0,0.0,0.0,0
MZ/AZL/84A10/2024/053_neg2,real_non_landslide,23.67805556,92.72,2024-11-24,Mizoram,Aizawl,,Debris,Slide,46.29,1004.0,29.1,0.8,0.2,0.0,0.0,0
MZ/AZL/84A10/2024/054,real_landslide,23.64333333,92.73444444,2024-05-28,Mizoram,Aizawl,,Earth,Slide,39.95,683.0,28.6,15.4,25.4,17.1,78.0,1
MZ/AZL/84A10/2024/054_neg1,real_non_landslide,23.64333333,92.73444444,2023-11-30,Mizoram,Aizawl,,Earth,Slide,39.95,683.0,28.6,0.0,0.0,0.0,0.0,0
MZ/AZL/84A10/2024/054_neg2,real_non_landslide,23.64333333,92.73444444,2024-11-24,Mizoram,Aizawl,,Earth,Slide,39.95,683.0,28.6,0.8,0.2,0.0,0.0,0
MZ/AZL/84A10/2024/055,real_landslide,23.64638889,92.72638889,2023-10-02,Mizoram,Aizawl,,Debris,Slide,37.82,812.0,29.6,0.4,22.7,7.1,2.7,1
MZ/AZL/84A10/2024/055_neg1,real_non_landslide,23.64638889,92.72638889,2023-04-05,Mizoram,Aizawl,,Debris,Slide,37.82,812.0,29.6,2.0,3.8,0.1,3.9,0
MZ/AZL/84A10/2024/055_neg2,real_non_landslide,23.64638889,92.72638889,2024-03-30,Mizoram,Aizawl,,Debris,Slide,37.82,812.0,29.6,0.0,1.1,0.5,1.4,0
MZ/AZL/84A10/2024/056,real_landslide,23.64638889,92.72527778,2024-05-28,Mizoram,Aizawl,,Debris,Slide,31.81,811.0,29.6,15.4,25.4,17.1,78.0,1
MZ/AZL/84A10/2024/056_neg1,real_non_landslide,23.64638889,92.72527778,2023-11-30,Mizoram,Aizawl,,Debris,Slide,31.81,811.0,29.6,0.0,0.0,0.0,0.0,0
MZ/AZL/84A10/2024/056_neg2,real_non_landslide,23.64638889,92.72527778,2024-11-24,Mizoram,Aizawl,,Debris,Slide,31.81,811.0,29.6,0.8,0.2,0.0,0.0,0
MZ/AZL/84A10/2024/057,real_landslide,23.63111111,92.72388889,2024-05-28,Mizoram,Aizawl,,Debris,Slide,41.58,874.0,31.2,15.4,25.4,17.1,78.0,1
MZ/AZL/84A10/2024/057_neg1,real_non_landslide,23.63111111,92.72388889,2023-11-30,Mizoram,Aizawl,,Debris,Slide,41.58,874.0,31.2,0.0,0.0,0.0,0.0,0
MZ/AZL/84A10/2024/057_neg2,real_non_landslide,23.63111111,92.72388889,2024-11-24,Mizoram,Aizawl,,Debris,Slide,41.58,874.0,31.2,0.8,0.2,0.0,0.0,0
MZ/AZL/84A10/2024/058,real_landslide,23.63055556,92.72305556,2024-05-28,Mizoram,Aizawl,,Debris,Complex,13.82,862.0,31.2,15.4,25.4,17.1,78.0,1
MZ/AZL/84A10/2024/058_neg1,real_non_landslide,23.63055556,92.72305556,2023-11-30,Mizoram,Aizawl,,Debris,Complex,13.82,862.0,31.2,0.0,0.0,0.0,0.0,0
MZ/AZL/84A10/2024/058_neg2,real_non_landslide,23.63055556,92.72305556,2024-11-24,Mizoram,Aizawl,,Debris,Complex,13.82,862.0,31.2,0.8,0.2,0.0,0.0,0
MZ/AZL/84A10/2024/059,real_landslide,23.62833333,92.72333333,2024-05-28,Mizoram,Aizawl,,Debris,Slide,17.84,777.0,31.4,14.9,16.4,17.3,86.1,1
MZ/AZL/84A10/2024/059_neg1,real_non_landslide,23.62833333,92.72333333,2023-11-30,Mizoram,Aizawl,,Debris,Slide,17.84,777.0,31.4,0.0,0.0,0.0,0.0,0
MZ/AZL/84A10/2024/059_neg2,real_non_landslide,23.62833333,92.72333333,2024-11-24,Mizoram,Aizawl,,Debris,Slide,17.84,777.0,31.4,1.0,0.4,0.0,0.0,0
MZ/AZL/84A10/2024/063,real_landslide,23.61916667,92.7225,2024-05-28,Mizoram,Aizawl,,Debris,Slide,25.64,857.0,30.3,14.9,16.4,17.3,86.1,1
MZ/AZL/84A10/2024/063_neg1,real_non_landslide,23.61916667,92.7225,2023-11-30,Mizoram,Aizawl,,Debris,Slide,25.64,857.0,30.3,0.0,0.0,0.0,0.0,0
MZ/AZL/84A10/2024/063_neg2,real_non_landslide,23.61916667,92.7225,2024-11-24,Mizoram,Aizawl,,Debris,Slide,25.64,857.0,30.3,1.0,0.4,0.0,0.0,0
MZ/AZL/84A10/2024/061,real_landslide,23.62194444,92.72305556,2024-05-28,Mizoram,Aizawl,,Debris,Slide,37.53,780.0,30.3,14.9,16.4,17.3,86.1,1
MZ/AZL/84A10/2024/061_neg1,real_non_landslide,23.62194444,92.72305556,2023-11-30,Mizoram,Aizawl,,Debris,Slide,37.53,780.0,30.3,0.0,0.0,0.0,0.0,0
MZ/AZL/84A10/2024/061_neg2,real_non_landslide,23.62194444,92.72305556,2024-11-24,Mizoram,Aizawl,,Debris,Slide,37.53,780.0,30.3,1.0,0.4,0.0,0.0,0
MZ/AZL/84A10/2024/062,real_landslide,23.62083333,92.7225,2024-05-28,Mizoram,Aizawl,,Debris,Slide,32.11,826.0,30.3,14.9,16.4,17.3,86.1,1
MZ/AZL/84A10/2024/062_neg1,real_non_landslide,23.62083333,92.7225,2023-11-30,Mizoram,Aizawl,,Debris,Slide,32.11,826.0,30.3,0.0,0.0,0.0,0.0,0
MZ/AZL/84A10/2024/062_neg2,real_non_landslide,23.62083333,92.7225,2024-11-24,Mizoram,Aizawl,,Debris,Slide,32.11,826.0,30.3,1.0,0.4,0.0,0.0,0
MZ/AZL/84A10/2024/060,real_landslide,23.62277778,92.72444444,2024-05-28,Mizoram,Aizawl,,Debris,Slide,25.96,833.0,30.3,14.9,16.4,17.3,86.1,1
MZ/AZL/84A10/2024/060_neg1,real_non_landslide,23.62277778,92.72444444,2023-11-30,Mizoram,Aizawl,,Debris,Slide,25.96,833.0,30.3,0.0,0.0,0.0,0.0,0
MZ/AZL/84A10/2024/060_neg2,real_non_landslide,23.62277778,92.72444444,2024-11-24,Mizoram,Aizawl,,Debris,Slide,25.96,833.0,30.3,1.0,0.4,0.0,0.0,0
MZ/AZL/84A10/2024/004,real_landslide,23.62,92.72472222,2024-05-28,Mizoram,Aizawl,,Debris,Complex,35.12,803.0,28.6,14.9,16.4,17.3,86.1,1
MZ/AZL/84A10/2024/004_neg1,real_non_landslide,23.62,92.72472222,2023-11-30,Mizoram,Aizawl,,Debris,Complex,35.12,803.0,28.6,0.0,0.0,0.0,0.0,0
MZ/AZL/84A10/2024/004_neg2,real_non_landslide,23.62,92.72472222,2024-11-24,Mizoram,Aizawl,,Debris,Complex,35.12,803.0,28.6,1.0,0.4,0.0,0.0,0
MZ/AZL/84A10/2024/065,real_landslide,23.61972222,92.72527778,2024-05-28,Mizoram,Aizawl,,Debris,Slide,35.0,811.0,28.6,14.9,16.4,17.3,86.1,1
MZ/AZL/84A10/2024/065_neg1,real_non_landslide,23.61972222,92.72527778,2023-11-30,Mizoram,Aizawl,,Debris,Slide,35.0,811.0,28.6,0.0,0.0,0.0,0.0,0
MZ/AZL/84A10/2024/065_neg2,real_non_landslide,23.61972222,92.72527778,2024-11-24,Mizoram,Aizawl,,Debris,Slide,35.0,811.0,28.6,1.0,0.4,0.0,0.0,0
MZ/AZL/84A10/2024/066,real_landslide,23.62027778,92.72555556,2024-05-28,Mizoram,Aizawl,,Debris,Slide,29.51,778.0,28.6,14.9,16.4,17.3,86.1,1
MZ/AZL/84A10/2024/066_neg1,real_non_landslide,23.62027778,92.72555556,2023-11-30,Mizoram,Aizawl,,Debris,Slide,29.51,778.0,28.6,0.0,0.0,0.0,0.0,0
MZ/AZL/84A10/2024/066_neg2,real_non_landslide,23.62027778,92.72555556,2024-11-24,Mizoram,Aizawl,,Debris,Slide,29.51,778.0,28.6,1.0,0.4,0.0,0.0,0
MZ/AZL/84A10/2024/067,real_landslide,23.62027778,92.72611111,2024-05-28,Mizoram,Aizawl,,Debris,Slide,17.57,770.0,28.6,14.9,16.4,17.3,86.1,1
MZ/AZL/84A10/2024/067_neg1,real_non_landslide,23.62027778,92.72611111,2023-11-30,Mizoram,Aizawl,,Debris,Slide,17.57,770.0,28.6,0.0,0.0,0.0,0.0,0
MZ/AZL/84A10/2024/067_neg2,real_non_landslide,23.62027778,92.72611111,2024-11-24,Mizoram,Aizawl,,Debris,Slide,17.57,770.0,28.6,1.0,0.4,0.0,0.0,0
MZ/AZL/84A10/2024/068,real_landslide,23.62111111,92.72444444,2024-05-28,Mizoram,Aizawl,,Debris,Slide,13.42,816.0,28.6,14.9,16.4,17.3,86.1,1
MZ/AZL/84A10/2024/068_neg1,real_non_landslide,23.62111111,92.72444444,2023-11-30,Mizoram,Aizawl,,Debris,Slide,13.42,816.0,28.6,0.0,0.0,0.0,0.0,0
MZ/AZL/84A10/2024/068_neg2,real_non_landslide,23.62111111,92.72444444,2024-11-24,Mizoram,Aizawl,,Debris,Slide,13.42,816.0,28.6,1.0,0.4,0.0,0.0,0
MZ/AZL/84A10/2024/070,real_landslide,23.67694444,92.71722222,2024-05-28,Mizoram,Aizawl,,Rock,Complex,43.67,1050.0,29.4,15.4,25.4,17.1,78.0,1
MZ/AZL/84A10/2024/070_neg1,real_non_landslide,23.67694444,92.71722222,2023-11-30,Mizoram,Aizawl,,Rock,Complex,43.67,1050.0,29.4,0.0,0.0,0.0,0.0,0
MZ/AZL/84A10/2024/070_neg2,real_non_landslide,23.67694444,92.71722222,2024-11-24,Mizoram,Aizawl,,Rock,Complex,43.67,1050.0,29.4,0.8,0.2,0.0,0.0,0
MZ/AZL/84A10/2024/069,real_landslide,23.68743333,92.72129167,2024-05-28,Mizoram,Aizawl,,Rock,Complex,1.91,1084.0,26.8,15.4,25.4,17.1,78.0,1
MZ/AZL/84A10/2024/069_neg1,real_non_landslide,23.68743333,92.72129167,2023-11-30,Mizoram,Aizawl,,Rock,Complex,1.91,1084.0,26.8,0.0,0.0,0.0,0.0,0
MZ/AZL/84A10/2024/069_neg2,real_non_landslide,23.68743333,92.72129167,2024-11-24,Mizoram,Aizawl,,Rock,Complex,1.91,1084.0,26.8,0.8,0.2,0.0,0.0,0
MZ/AZL/84A10/2024/071,real_landslide,23.67583333,92.715,2024-05-28,Mizoram,Aizawl,,Debris,Slide,38.0,979.0,29.7,15.4,25.4,17.1,78.0,1
MZ/AZL/84A10/2024/071_neg1,real_non_landslide,23.67583333,92.715,2023-11-30,Mizoram,Aizawl,,Debris,Slide,38.0,979.0,29.7,0.0,0.0,0.0,0.0,0
MZ/AZL/84A10/2024/071_neg2,real_non_landslide,23.67583333,92.715,2024-11-24,Mizoram,Aizawl,,Debris,Slide,38.0,979.0,29.7,0.8,0.2,0.0,0.0,0
MZ/AZL/84A10/2024/072,real_landslide,23.67472222,92.71722222,2024-05-28,Mizoram,Aizawl,,Debris,Complex,35.74,1073.0,30.0,15.4,25.4,17.1,78.0,1
MZ/AZL/84A10/2024/072_neg1,real_non_landslide,23.67472222,92.71722222,2023-11-30,Mizoram,Aizawl,,Debris,Complex,35.74,1073.0,30.0,0.0,0.0,0.0,0.0,0
MZ/AZL/84A10/2024/072_neg2,real_non_landslide,23.67472222,92.71722222,2024-11-24,Mizoram,Aizawl,,Debris,Complex,35.74,1073.0,30.0,0.8,0.2,0.0,0.0,0
MZ/AZL/84A10/2024/073,real_landslide,23.67444444,92.71472222,2024-05-28,Mizoram,Aizawl,,Debris,Slide,18.77,973.0,29.9,15.4,25.4,17.1,78.0,1
MZ/AZL/84A10/2024/073_neg1,real_non_landslide,23.67444444,92.71472222,2023-11-30,Mizoram,Aizawl,,Debris,Slide,18.77,973.0,29.9,0.0,0.0,0.0,0.0,0
MZ/AZL/84A10/2024/073_neg2,real_non_landslide,23.67444444,92.71472222,2024-11-24,Mizoram,Aizawl,,Debris,Slide,18.77,973.0,29.9,0.8,0.2,0.0,0.0,0
MZ/AZL/84A10/2024/074,real_landslide,23.67388889,92.71472222,2024-05-28,Mizoram,Aizawl,,Debris,Slide,33.82,969.0,29.9,15.4,25.4,17.1,78.0,1
MZ/AZL/84A10/2024/074_neg1,real_non_landslide,23.67388889,92.71472222,2023-11-30,Mizoram,Aizawl,,Debris,Slide,33.82,969.0,29.9,0.0,0.0,0.0,0.0,0
MZ/AZL/84A10/2024/074_neg2,real_non_landslide,23.67388889,92.71472222,2024-11-24,Mizoram,Aizawl,,Debris,Slide,33.82,969.0,29.9,0.8,0.2,0.0,0.0,0
MZ/AZL/84A10/2024/076,real_landslide,23.684301,92.715511,2024-05-28,Mizoram,Aizawl,,Debris,Slide,22.62,1004.0,28.0,15.4,25.4,17.1,78.0,1
MZ/AZL/84A10/2024/076_neg1,real_non_landslide,23.684301,92.715511,2023-11-30,Mizoram,Aizawl,,Debris,Slide,22.62,1004.0,28.0,0.0,0.0,0.0,0.0,0
MZ/AZL/84A10/2024/076_neg2,real_non_landslide,23.684301,92.715511,2024-11-24,Mizoram,Aizawl,,Debris,Slide,22.62,1004.0,28.0,0.8,0.2,0.0,0.0,0
MZ/AZL/84A10/2024/077,real_landslide,23.70638889,92.72055556,2024-05-28,Mizoram,Aizawl,,Debris,Slide,47.78,921.0,29.3,15.4,20.4,19.9,68.0,1
MZ/AZL/84A10/2024/077_neg1,real_non_landslide,23.70638889,92.72055556,2023-11-30,Mizoram,Aizawl,,Debris,Slide,47.78,921.0,29.3,0.0,0.0,0.0,0.0,0
MZ/AZL/84A10/2024/077_neg2,real_non_landslide,23.70638889,92.72055556,2024-11-24,Mizoram,Aizawl,,Debris,Slide,47.78,921.0,29.3,2.2,0.3,0.0,0.0,0
MZ/AZL/84A10/2024/075,real_landslide,23.672069,92.7099293,2024-05-28,Mizoram,Aizawl,,Debris,Slide,17.57,967.0,30.5,11.3,20.4,30.3,97.7,1
MZ/AZL/84A10/2024/075_neg1,real_non_landslide,23.672069,92.7099293,2023-11-30,Mizoram,Aizawl,,Debris,Slide,17.57,967.0,30.5,0.0,0.0,0.0,0.0,0
MZ/AZL/84A10/2024/075_neg2,real_non_landslide,23.672069,92.7099293,2024-11-24,Mizoram,Aizawl,,Debris,Slide,17.57,967.0,30.5,0.8,0.2,0.0,0.0,0
MZ/AZL/84A10/2024/078,real_landslide,23.70416667,92.72,2024-05-28,Mizoram,Aizawl,,Rock,Slide,44.85,890.0,29.8,15.4,20.4,19.9,68.0,1
MZ/AZL/84A10/2024/078_neg1,real_non_landslide,23.70416667,92.72,2023-11-30,Mizoram,Aizawl,,Rock,Slide,44.85,890.0,29.8,0.0,0.0,0.0,0.0,0
MZ/AZL/84A10/2024/078_neg2,real_non_landslide,23.70416667,92.72,2024-11-24,Mizoram,Aizawl,,Rock,Slide,44.85,890.0,29.8,2.2,0.3,0.0,0.0,0
MZ/AZL/84A10/2024/079,real_landslide,23.70305556,92.72055556,2024-05-28,Mizoram,Aizawl,,Debris,Complex,43.67,897.0,30.5,15.4,20.4,19.9,68.0,1
MZ/AZL/84A10/2024/079_neg1,real_non_landslide,23.70305556,92.72055556,2023-11-30,Mizoram,Aizawl,,Debris,Complex,43.67,897.0,30.5,0.0,0.0,0.0,0.0,0
MZ/AZL/84A10/2024/079_neg2,real_non_landslide,23.70305556,92.72055556,2024-11-24,Mizoram,Aizawl,,Debris,Complex,43.67,897.0,30.5,2.2,0.3,0.0,0.0,0
MZ/AZL/84A10/2024/082,real_landslide,23.69,92.72361111,2024-05-28,Mizoram,Aizawl,,Debris,Slide,17.57,872.0,28.6,15.4,25.4,17.1,78.0,1
MZ/AZL/84A10/2024/082_neg1,real_non_landslide,23.69,92.72361111,2023-11-30,Mizoram,Aizawl,,Debris,Slide,17.57,872.0,28.6,0.0,0.0,0.0,0.0,0
MZ/AZL/84A10/2024/082_neg2,real_non_landslide,23.69,92.72361111,2024-11-24,Mizoram,Aizawl,,Debris,Slide,17.57,872.0,28.6,0.8,0.2,0.0,0.0,0
MZ/AZL/84A10/2024/080,real_landslide,23.69333333,92.72055556,2024-05-28,Mizoram,Aizawl,,Debris,Complex,51.4,948.0,28.2,15.4,25.4,17.1,78.0,1
MZ/AZL/84A10/2024/080_neg1,real_non_landslide,23.69333333,92.72055556,2023-11-30,Mizoram,Aizawl,,Debris,Complex,51.4,948.0,28.2,0.0,0.0,0.0,0.0,0
MZ/AZL/84A10/2024/080_neg2,real_non_landslide,23.69333333,92.72055556,2024-11-24,Mizoram,Aizawl,,Debris,Complex,51.4,948.0,28.2,0.8,0.2,0.0,0.0,0
MZ/AZL/84A10/2024/083,real_landslide,23.68361111,92.72277778,2024-05-28,Mizoram,Aizawl,,Debris,Slide,43.1,941.0,27.3,15.4,25.4,17.1,78.0,1
MZ/AZL/84A10/2024/083_neg1,real_non_landslide,23.68361111,92.72277778,2023-11-30,Mizoram,Aizawl,,Debris,Slide,43.1,941.0,27.3,0.0,0.0,0.0,0.0,0
MZ/AZL/84A10/2024/083_neg2,real_non_landslide,23.68361111,92.72277778,2024-11-24,Mizoram,Aizawl,,Debris,Slide,43.1,941.0,27.3,0.8,0.2,0.0,0.0,0
MZ/AZL/84A10/2024/084,real_landslide,23.67611111,92.71972222,2024-05-28,Mizoram,Aizawl,,Debris,Complex,57.01,1056.0,28.7,15.4,25.4,17.1,78.0,1
MZ/AZL/84A10/2024/084_neg1,real_non_landslide,23.67611111,92.71972222,2023-11-30,Mizoram,Aizawl,,Debris,Complex,57.01,1056.0,28.7,0.0,0.0,0.0,0.0,0
MZ/AZL/84A10/2024/084_neg2,real_non_landslide,23.67611111,92.71972222,2024-11-24,Mizoram,Aizawl,,Debris,Complex,57.01,1056.0,28.7,0.8,0.2,0.0,0.0,0
MZ/AZL/84A10/2024/088,real_landslide,23.66027778,92.72694444,2024-05-28,Mizoram,Aizawl,,Debris,Complex,45.94,811.0,29.1,15.4,25.4,17.1,78.0,1
MZ/AZL/84A10/2024/088_neg1,real_non_landslide,23.66027778,92.72694444,2023-11-30,Mizoram,Aizawl,,Debris,Complex,45.94,811.0,29.1,0.0,0.0,0.0,0.0,0
MZ/AZL/84A10/2024/088_neg2,real_non_landslide,23.66027778,92.72694444,2024-11-24,Mizoram,Aizawl,,Debris,Complex,45.94,811.0,29.1,0.8,0.2,0.0,0.0,0
MZ/AZL/84A10/2024/085,real_landslide,23.67138889,92.72361111,2024-05-28,Mizoram,Aizawl,,Debris,Slide,9.46,978.0,30.0,15.4,25.4,17.1,78.0,1
MZ/AZL/84A10/2024/085_neg1,real_non_landslide,23.67138889,92.72361111,2023-11-30,Mizoram,Aizawl,,Debris,Slide,9.46,978.0,30.0,0.0,0.0,0.0,0.0,0
MZ/AZL/84A10/2024/085_neg2,real_non_landslide,23.67138889,92.72361111,2024-11-24,Mizoram,Aizawl,,Debris,Slide,9.46,978.0,30.0,0.8,0.2,0.0,0.0,0
MZ/AZL/84A10/2024/086,real_landslide,23.66694444,92.72194444,2024-05-28,Mizoram,Aizawl,,Debris,Complex,57.2,986.0,29.1,15.4,25.4,17.1,78.0,1
MZ/AZL/84A10/2024/086_neg1,real_non_landslide,23.66694444,92.72194444,2023-11-30,Mizoram,Aizawl,,Debris,Complex,57.2,986.0,29.1,0.0,0.0,0.0,0.0,0
MZ/AZL/84A10/2024/086_neg2,real_non_landslide,23.66694444,92.72194444,2024-11-24,Mizoram,Aizawl,,Debris,Complex,57.2,986.0,29.1,0.8,0.2,0.0,0.0,0
MZ/AZL/84A10/2024/090,real_landslide,23.64388889,92.72583333,2024-05-28,Mizoram,Aizawl,,Debris,Complex,25.92,826.0,29.2,15.4,25.4,17.1,78.0,1
MZ/AZL/84A10/2024/090_neg1,real_non_landslide,23.64388889,92.72583333,2023-11-30,Mizoram,Aizawl,,Debris,Complex,25.92,826.0,29.2,0.0,0.0,0.0,0.0,0
MZ/AZL/84A10/2024/090_neg2,real_non_landslide,23.64388889,92.72583333,2024-11-24,Mizoram,Aizawl,,Debris,Complex,25.92,826.0,29.2,0.8,0.2,0.0,0.0,0
MZ/AZL/84A15/2024/092,real_landslide,23.43277778,92.76111111,2024-05-28,Mizoram,Aizawl,,Debris,Slide,34.84,1494.0,31.2,20.5,16.8,19.7,86.2,1
MZ/AZL/84A15/2024/092_neg1,real_non_landslide,23.43277778,92.76111111,2023-11-30,Mizoram,Aizawl,,Debris,Slide,34.84,1494.0,31.2,0.0,0.0,0.0,0.0,0
MZ/AZL/84A15/2024/092_neg2,real_non_landslide,23.43277778,92.76111111,2024-11-24,Mizoram,Aizawl,,Debris,Slide,34.84,1494.0,31.2,2.2,1.2,0.2,0.1,0
MZ/AZL/84A10/2024/093,real_landslide,23.46777778,92.74111111,2024-05-28,Mizoram,Aizawl,,Debris,Slide,52.31,1282.0,34.1,20.5,16.8,19.7,86.2,1
MZ/AZL/84A10/2024/093_neg1,real_non_landslide,23.46777778,92.74111111,2023-11-30,Mizoram,Aizawl,,Debris,Slide,52.31,1282.0,34.1,0.0,0.0,0.0,0.0,0
MZ/AZL/84A10/2024/093_neg2,real_non_landslide,23.46777778,92.74111111,2024-11-24,Mizoram,Aizawl,,Debris,Slide,52.31,1282.0,34.1,2.2,1.2,0.2,0.1,0
MZ/AZL/84A10/2024/091,real_landslide,23.635,92.72361111,2024-05-28,Mizoram,Aizawl,,Debris,Slide,10.39,865.0,28.1,15.4,25.4,17.1,78.0,1
MZ/AZL/84A10/2024/091_neg1,real_non_landslide,23.635,92.72361111,2023-11-30,Mizoram,Aizawl,,Debris,Slide,10.39,865.0,28.1,0.0,0.0,0.0,0.0,0
MZ/AZL/84A10/2024/091_neg2,real_non_landslide,23.635,92.72361111,2024-11-24,Mizoram,Aizawl,,Debris,Slide,10.39,865.0,28.1,0.8,0.2,0.0,0.0,0
MZ/AZL/84A11/2024/095,real_landslide,23.4725,92.71444444,2024-05-28,Mizoram,Aizawl,,Earth,Slide,14.62,1065.0,30.8,20.5,16.8,19.7,86.2,1
MZ/AZL/84A11/2024/095_neg1,real_non_landslide,23.4725,92.71444444,2023-11-30,Mizoram,Aizawl,,Earth,Slide,14.62,1065.0,30.8,0.0,0.0,0.0,0.0,0
MZ/AZL/84A11/2024/095_neg2,real_non_landslide,23.4725,92.71444444,2024-11-24,Mizoram,Aizawl,,Earth,Slide,14.62,1065.0,30.8,2.2,1.2,0.2,0.1,0
MZ/AZL/84A11/2024/094,real_landslide,23.46805556,92.71638889,2024-05-28,Mizoram,Aizawl,,Debris,Flow,25.16,1121.0,29.3,20.5,16.8,19.7,86.2,1
MZ/AZL/84A11/2024/094_neg1,real_non_landslide,23.46805556,92.71638889,2023-11-30,Mizoram,Aizawl,,Debris,Flow,25.16,1121.0,29.3,0.0,0.0,0.0,0.0,0
MZ/AZL/84A11/2024/094_neg2,real_non_landslide,23.46805556,92.71638889,2024-11-24,Mizoram,Aizawl,,Debris,Flow,25.16,1121.0,29.3,2.2,1.2,0.2,0.1,0
MZ/AZL/84A11/2024/098,real_landslide,23.49722222,92.70333333,2024-05-28,Mizoram,Aizawl,,Debris,Slide,23.13,917.0,30.0,18.8,16.9,21.6,78.3,1
MZ/AZL/84A11/2024/098_neg1,real_non_landslide,23.49722222,92.70333333,2023-11-30,Mizoram,Aizawl,,Debris,Slide,23.13,917.0,30.0,0.0,0.0,0.0,0.0,0
MZ/AZL/84A11/2024/098_neg2,real_non_landslide,23.49722222,92.70333333,2024-11-24,Mizoram,Aizawl,,Debris,Slide,23.13,917.0,30.0,5.0,0.4,0.1,0.2,0
MZ/AZL/84A10/2024/100,real_landslide,23.53666667,92.6975,2024-05-28,Mizoram,Aizawl,,Debris,Slide,44.85,804.0,28.9,18.8,16.9,21.6,78.3,1
MZ/AZL/84A10/2024/100_neg1,real_non_landslide,23.53666667,92.6975,2023-11-30,Mizoram,Aizawl,,Debris,Slide,44.85,804.0,28.9,0.0,0.0,0.0,0.0,0
MZ/AZL/84A10/2024/100_neg2,real_non_landslide,23.53666667,92.6975,2024-11-24,Mizoram,Aizawl,,Debris,Slide,44.85,804.0,28.9,5.0,0.4,0.1,0.2,0
MZ/AZL/84A11/2024/097,real_landslide,23.49,92.70555556,2024-05-28,Mizoram,Aizawl,,Debris,Complex,59.55,947.0,29.8,20.5,16.8,19.7,86.2,1
MZ/AZL/84A11/2024/097_neg1,real_non_landslide,23.49,92.70555556,2023-11-30,Mizoram,Aizawl,,Debris,Complex,59.55,947.0,29.8,0.0,0.0,0.0,0.0,0
MZ/AZL/84A11/2024/097_neg2,real_non_landslide,23.49,92.70555556,2024-11-24,Mizoram,Aizawl,,Debris,Complex,59.55,947.0,29.8,2.2,1.2,0.2,0.1,0
MZ/AZL/84A10/2024/099,real_landslide,23.51361111,92.69833333,2024-05-28,Mizoram,Aizawl,,Debris,Slide,48.68,817.0,30.6,18.8,16.9,21.6,78.3,1
MZ/AZL/84A10/2024/099_neg1,real_non_landslide,23.51361111,92.69833333,2023-11-30,Mizoram,Aizawl,,Debris,Slide,48.68,817.0,30.6,0.0,0.0,0.0,0.0,0
MZ/AZL/84A10/2024/099_neg2,real_non_landslide,23.51361111,92.69833333,2024-11-24,Mizoram,Aizawl,,Debris,Slide,48.68,817.0,30.6,5.0,0.4,0.1,0.2,0
MZ/AZL/84A10/2024/101,real_landslide,23.54166667,92.70194444,2024-05-28,Mizoram,Aizawl,,Debris,Flow,4.76,867.0,28.3,18.8,16.9,21.6,78.3,1
MZ/AZL/84A10/2024/101_neg1,real_non_landslide,23.54166667,92.70194444,2023-11-30,Mizoram,Aizawl,,Debris,Flow,4.76,867.0,28.3,0.0,0.0,0.0,0.0,0
MZ/AZL/84A10/2024/101_neg2,real_non_landslide,23.54166667,92.70194444,2024-11-24,Mizoram,Aizawl,,Debris,Flow,4.76,867.0,28.3,5.0,0.4,0.1,0.2,0
MZ/AZL/84A10/2024/102,real_landslide,23.54277778,92.70333333,2024-05-28,Mizoram,Aizawl,,Earth,Slide,48.75,866.0,28.6,18.8,16.9,21.6,78.3,1
MZ/AZL/84A10/2024/102_neg1,real_non_landslide,23.54277778,92.70333333,2023-11-30,Mizoram,Aizawl,,Earth,Slide,48.75,866.0,28.6,0.0,0.0,0.0,0.0,0
MZ/AZL/84A10/2024/102_neg2,real_non_landslide,23.54277778,92.70333333,2024-11-24,Mizoram,Aizawl,,Earth,Slide,48.75,866.0,28.6,5.0,0.4,0.1,0.2,0
MZ/AZL/84A10/2024/103,real_landslide,23.52944444,92.72944444,2024-05-28,Mizoram,Aizawl,,Debris,Flow,36.35,987.0,29.6,18.8,16.9,21.6,78.3,1
MZ/AZL/84A10/2024/103_neg1,real_non_landslide,23.52944444,92.72944444,2023-11-30,Mizoram,Aizawl,,Debris,Flow,36.35,987.0,29.6,0.0,0.0,0.0,0.0,0
MZ/AZL/84A10/2024/103_neg2,real_non_landslide,23.52944444,92.72944444,2024-11-24,Mizoram,Aizawl,,Debris,Flow,36.35,987.0,29.6,5.0,0.4,0.1,0.2,0
MZ/AZL/84A10/2024/104,real_landslide,23.53083333,92.73055556,2024-05-28,Mizoram,Aizawl,,Debris,Slide,21.94,945.0,28.8,18.8,16.9,21.6,78.3,1
MZ/AZL/84A10/2024/104_neg1,real_non_landslide,23.53083333,92.73055556,2023-11-30,Mizoram,Aizawl,,Debris,Slide,21.94,945.0,28.8,0.0,0.0,0.0,0.0,0
MZ/AZL/84A10/2024/104_neg2,real_non_landslide,23.53083333,92.73055556,2024-11-24,Mizoram,Aizawl,,Debris,Slide,21.94,945.0,28.8,5.0,0.4,0.1,0.2,0
MZ/AZL/84A10/2024/105,real_landslide,23.53111111,92.73361111,2024-05-28,Mizoram,Aizawl,,Debris,Slide,43.04,998.0,29.1,18.8,16.9,21.6,78.3,1
MZ/AZL/84A10/2024/105_neg1,real_non_landslide,23.53111111,92.73361111,2023-11-30,Mizoram,Aizawl,,Debris,Slide,43.04,998.0,29.1,0.0,0.0,0.0,0.0,0
MZ/AZL/84A10/2024/105_neg2,real_non_landslide,23.53111111,92.73361111,2024-11-24,Mizoram,Aizawl,,Debris,Slide,43.04,998.0,29.1,5.0,0.4,0.1,0.2,0
MZ/AZL/84A10/2024/106,real_landslide,23.53083333,92.73333333,2024-05-28,Mizoram,Aizawl,,Debris,Slide,43.04,998.0,29.1,18.8,16.9,21.6,78.3,1
MZ/AZL/84A10/2024/106_neg1,real_non_landslide,23.53083333,92.73333333,2023-11-30,Mizoram,Aizawl,,Debris,Slide,43.04,998.0,29.1,0.0,0.0,0.0,0.0,0
MZ/AZL/84A10/2024/106_neg2,real_non_landslide,23.53083333,92.73333333,2024-11-24,Mizoram,Aizawl,,Debris,Slide,43.04,998.0,29.1,5.0,0.4,0.1,0.2,0
MZ/AZL/84A10/2024/110,real_landslide,23.56666667,92.70888889,2024-05-28,Mizoram,Aizawl,,Debris,Slide,47.07,797.0,31.2,18.8,16.9,21.6,78.3,1
MZ/AZL/84A10/2024/110_neg1,real_non_landslide,23.56666667,92.70888889,2023-11-30,Mizoram,Aizawl,,Debris,Slide,47.07,797.0,31.2,0.0,0.0,0.0,0.0,0
MZ/AZL/84A10/2024/110_neg2,real_non_landslide,23.56666667,92.70888889,2024-11-24,Mizoram,Aizawl,,Debris,Slide,47.07,797.0,31.2,5.0,0.4,0.1,0.2,0
MZ/AZL/84A10/2024/109,real_landslide,23.565,92.70777778,2024-05-28,Mizoram,Aizawl,,Debris,Slide,0.95,828.0,29.7,18.8,16.9,21.6,78.3,1
MZ/AZL/84A10/2024/109_neg1,real_non_landslide,23.565,92.70777778,2023-11-30,Mizoram,Aizawl,,Debris,Slide,0.95,828.0,29.7,0.0,0.0,0.0,0.0,0
MZ/AZL/84A10/2024/109_neg2,real_non_landslide,23.565,92.70777778,2024-11-24,Mizoram,Aizawl,,Debris,Slide,0.95,828.0,29.7,5.0,0.4,0.1,0.2,0
MZ/AZL/84A13/2024/112,real_landslide,23.77472222,92.76194444,2024-05-28,Mizoram,Aizawl,,Debris,Slide,2.86,1128.0,28.9,16.4,15.7,23.7,58.6,1
MZ/AZL/84A13/2024/112_neg1,real_non_landslide,23.77472222,92.76194444,2023-11-30,Mizoram,Aizawl,,Debris,Slide,2.86,1128.0,28.9,0.0,0.0,0.0,0.0,0
MZ/AZL/84A13/2024/112_neg2,real_non_landslide,23.77472222,92.76194444,2024-11-24,Mizoram,Aizawl,,Debris,Slide,2.86,1128.0,28.9,1.5,0.1,0.0,0.0,0
MZ/AZL/84A09/2024/111,real_landslide,23.77305556,92.74361111,2024-05-28,Mizoram,Aizawl,,Debris,Slide,36.0,997.0,28.4,16.4,15.7,23.7,58.6,1
MZ/AZL/84A09/2024/111_neg1,real_non_landslide,23.77305556,92.74361111,2023-11-30,Mizoram,Aizawl,,Debris,Slide,36.0,997.0,28.4,0.0,0.0,0.0,0.0,0
MZ/AZL/84A09/2024/111_neg2,real_non_landslide,23.77305556,92.74361111,2024-11-24,Mizoram,Aizawl,,Debris,Slide,36.0,997.0,28.4,1.5,0.1,0.0,0.0,0
MZ/AZL/84A10/2024/108,real_landslide,23.56416667,92.70805556,2024-05-28,Mizoram,Aizawl,,Debris,Slide,40.49,827.0,29.7,18.8,16.9,21.6,78.3,1
MZ/AZL/84A10/2024/108_neg1,real_non_landslide,23.56416667,92.70805556,2023-11-30,Mizoram,Aizawl,,Debris,Slide,40.49,827.0,29.7,0.0,0.0,0.0,0.0,0
MZ/AZL/84A10/2024/108_neg2,real_non_landslide,23.56416667,92.70805556,2024-11-24,Mizoram,Aizawl,,Debris,Slide,40.49,827.0,29.7,5.0,0.4,0.1,0.2,0
MZ/AZL/84A10/2024/114,real_landslide,23.74861111,92.73861111,2024-05-28,Mizoram,Aizawl,,Debris,Slide,42.05,987.0,30.5,15.4,20.4,19.9,68.0,1
MZ/AZL/84A10/2024/114_neg1,real_non_landslide,23.74861111,92.73861111,2023-11-30,Mizoram,Aizawl,,Debris,Slide,42.05,987.0,30.5,0.0,0.0,0.0,0.0,0
MZ/AZL/84A10/2024/114_neg2,real_non_landslide,23.74861111,92.73861111,2024-11-24,Mizoram,Aizawl,,Debris,Slide,42.05,987.0,30.5,2.2,0.3,0.0,0.0,0
MZ/AZL/84A10/2024/115,real_landslide,23.61,92.72083333,2024-05-28,Mizoram,Aizawl,,Debris,Slide,50.58,846.0,30.2,14.9,16.4,17.3,86.1,1
MZ/AZL/84A10/2024/115_neg1,real_non_landslide,23.61,92.72083333,2023-11-30,Mizoram,Aizawl,,Debris,Slide,50.58,846.0,30.2,0.0,0.0,0.0,0.0,0
MZ/AZL/84A10/2024/115_neg2,real_non_landslide,23.61,92.72083333,2024-11-24,Mizoram,Aizawl,,Debris,Slide,50.58,846.0,30.2,1.0,0.4,0.0,0.0,0
MZ/AZL/84A10/2024/116,real_landslide,23.60666667,92.72305556,2024-05-28,Mizoram,Aizawl,,Debris,Complex,30.75,932.0,30.2,14.9,16.4,17.3,86.1,1
MZ/AZL/84A10/2024/116_neg1,real_non_landslide,23.60666667,92.72305556,2023-11-30,Mizoram,Aizawl,,Debris,Complex,30.75,932.0,30.2,0.0,0.0,0.0,0.0,0
MZ/AZL/84A10/2024/116_neg2,real_non_landslide,23.60666667,92.72305556,2024-11-24,Mizoram,Aizawl,,Debris,Complex,30.75,932.0,30.2,1.0,0.4,0.0,0.0,0
MZ/AZL/84A10/2024/117,real_landslide,23.5925,92.71666667,2024-05-28,Mizoram,Aizawl,,Debris,Slide,28.99,727.0,29.2,14.9,16.4,17.3,86.1,1
MZ/AZL/84A10/2024/117_neg1,real_non_landslide,23.5925,92.71666667,2023-11-30,Mizoram,Aizawl,,Debris,Slide,28.99,727.0,29.2,0.0,0.0,0.0,0.0,0
MZ/AZL/84A10/2024/117_neg2,real_non_landslide,23.5925,92.71666667,2024-11-24,Mizoram,Aizawl,,Debris,Slide,28.99,727.0,29.2,1.0,0.4,0.0,0.0,0
MZ/AZL/84A10/2024/118,real_landslide,23.58722222,92.71361111,2024-05-28,Mizoram,Aizawl,,Debris,Slide,31.31,816.0,31.0,14.9,16.4,17.3,86.1,1
MZ/AZL/84A10/2024/118_neg1,real_non_landslide,23.58722222,92.71361111,2023-11-30,Mizoram,Aizawl,,Debris,Slide,31.31,816.0,31.0,0.0,0.0,0.0,0.0,0
MZ/AZL/84A10/2024/118_neg2,real_non_landslide,23.58722222,92.71361111,2024-11-24,Mizoram,Aizawl,,Debris,Slide,31.31,816.0,31.0,1.0,0.4,0.0,0.0,0
MZ/AZL/84A10/2024/119,real_landslide,23.57694444,92.71305556,2024-05-28,Mizoram,Aizawl,,Debris,Slide,16.25,898.0,30.3,14.9,16.4,17.3,86.1,1
MZ/AZL/84A10/2024/119_neg1,real_non_landslide,23.57694444,92.71305556,2023-11-30,Mizoram,Aizawl,,Debris,Slide,16.25,898.0,30.3,0.0,0.0,0.0,0.0,0
MZ/AZL/84A10/2024/119_neg2,real_non_landslide,23.57694444,92.71305556,2024-11-24,Mizoram,Aizawl,,Debris,Slide,16.25,898.0,30.3,1.0,0.4,0.0,0.0,0
MZ/AZL/84A10/2024/121,real_landslide,23.58027778,92.715,2024-05-28,Mizoram,Aizawl,,Earth,Slide,6.92,912.0,29.3,14.9,16.4,17.3,86.1,1
MZ/AZL/84A10/2024/121_neg1,real_non_landslide,23.58027778,92.715,2023-11-30,Mizoram,Aizawl,,Earth,Slide,6.92,912.0,29.3,0.0,0.0,0.0,0.0,0
MZ/AZL/84A10/2024/121_neg2,real_non_landslide,23.58027778,92.715,2024-11-24,Mizoram,Aizawl,,Earth,Slide,6.92,912.0,29.3,1.0,0.4,0.0,0.0,0
MZ/AZL/84A10/2024/122,real_landslide,23.58138889,92.71416667,2024-05-28,Mizoram,Aizawl,,Debris,Slide,48.77,923.0,31.6,14.9,16.4,17.3,86.1,1
MZ/AZL/84A10/2024/122_neg1,real_non_landslide,23.58138889,92.71416667,2023-11-30,Mizoram,Aizawl,,Debris,Slide,48.77,923.0,31.6,0.0,0.0,0.0,0.0,0
MZ/AZL/84A10/2024/122_neg2,real_non_landslide,23.58138889,92.71416667,2024-11-24,Mizoram,Aizawl,,Debris,Slide,48.77,923.0,31.6,1.0,0.4,0.0,0.0,0
MZ/AZL/84A10/2024/124,real_landslide,23.58555556,92.71583333,2024-05-28,Mizoram,Aizawl,,Debris,Complex,44.02,929.0,31.7,14.9,16.4,17.3,86.1,1
MZ/AZL/84A10/2024/124_neg1,real_non_landslide,23.58555556,92.71583333,2023-11-30,Mizoram,Aizawl,,Debris,Complex,44.02,929.0,31.7,0.0,0.0,0.0,0.0,0
MZ/AZL/84A10/2024/124_neg2,real_non_landslide,23.58555556,92.71583333,2024-11-24,Mizoram,Aizawl,,Debris,Complex,44.02,929.0,31.7,1.0,0.4,0.0,0.0,0
MZ/AZL/84A10/2024/126,real_landslide,23.58638889,92.71583333,2024-05-28,Mizoram,Aizawl,,Debris,Slide,27.55,914.0,31.7,14.9,16.4,17.3,86.1,1
MZ/AZL/84A10/2024/126_neg1,real_non_landslide,23.58638889,92.71583333,2023-11-30,Mizoram,Aizawl,,Debris,Slide,27.55,914.0,31.7,0.0,0.0,0.0,0.0,0
MZ/AZL/84A10/2024/126_neg2,real_non_landslide,23.58638889,92.71583333,2024-11-24,Mizoram,Aizawl,,Debris,Slide,27.55,914.0,31.7,1.0,0.4,0.0,0.0,0
MZ/AZL/84A10/2024/123,real_landslide,23.58694444,92.7175,2024-05-28,Mizoram,Aizawl,,Debris,Slide,35.74,928.0,31.7,14.9,16.4,17.3,86.1,1
MZ/AZL/84A10/2024/123_neg1,real_non_landslide,23.58694444,92.7175,2023-11-30,Mizoram,Aizawl,,Debris,Slide,35.74,928.0,31.7,0.0,0.0,0.0,0.0,0
MZ/AZL/84A10/2024/123_neg2,real_non_landslide,23.58694444,92.7175,2024-11-24,Mizoram,Aizawl,,Debris,Slide,35.74,928.0,31.7,1.0,0.4,0.0,0.0,0
MZ/AZL/84A10/2024/125,real_landslide,23.58583333,92.71638889,2024-05-28,Mizoram,Aizawl,,Debris,Slide,22.62,914.0,31.7,14.9,16.4,17.3,86.1,1
MZ/AZL/84A10/2024/125_neg1,real_non_landslide,23.58583333,92.71638889,2023-11-30,Mizoram,Aizawl,,Debris,Slide,22.62,914.0,31.7,0.0,0.0,0.0,0.0,0
MZ/AZL/84A10/2024/125_neg2,real_non_landslide,23.58583333,92.71638889,2024-11-24,Mizoram,Aizawl,,Debris,Slide,22.62,914.0,31.7,1.0,0.4,0.0,0.0,0
MZ/AZL/84A10/2024/127,real_landslide,23.65388889,92.72444444,2024-05-28,Mizoram,Aizawl,,Debris,Slide,33.7,728.0,30.0,15.4,25.4,17.1,78.0,1
MZ/AZL/84A10/2024/127_neg1,real_non_landslide,23.65388889,92.72444444,2023-11-30,Mizoram,Aizawl,,Debris,Slide,33.7,728.0,30.0,0.0,0.0,0.0,0.0,0
MZ/AZL/84A10/2024/127_neg2,real_non_landslide,23.65388889,92.72444444,2024-11-24,Mizoram,Aizawl,,Debris,Slide,33.7,728.0,30.0,0.8,0.2,0.0,0.0,0
MZ/AZL/84A10/2024/128,real_landslide,23.65416667,92.71777778,2024-05-28,Mizoram,Aizawl,,Debris,Slide,43.78,936.0,32.2,15.4,25.4,17.1,78.0,1
MZ/AZL/84A10/2024/128_neg1,real_non_landslide,23.65416667,92.71777778,2023-11-30,Mizoram,Aizawl,,Debris,Slide,43.78,936.0,32.2,0.0,0.0,0.0,0.0,0
MZ/AZL/84A10/2024/128_neg2,real_non_landslide,23.65416667,92.71777778,2024-11-24,Mizoram,Aizawl,,Debris,Slide,43.78,936.0,32.2,0.8,0.2,0.0,0.0,0
MZ/AZL/84A10/2024/129,real_landslide,23.655,92.71444444,2024-05-28,Mizoram,Aizawl,,Rock,Slide,16.23,860.0,32.1,15.4,25.4,17.1,78.0,1
MZ/AZL/84A10/2024/129_neg1,real_non_landslide,23.655,92.71444444,2023-11-30,Mizoram,Aizawl,,Rock,Slide,16.23,860.0,32.1,0.0,0.0,0.0,0.0,0
MZ/AZL/84A10/2024/129_neg2,real_non_landslide,23.655,92.71444444,2024-11-24,Mizoram,Aizawl,,Rock,Slide,16.23,860.0,32.1,0.8,0.2,0.0,0.0,0
MZ/AZL/84A10/2024/130,real_landslide,23.65416667,92.69,2024-05-28,Mizoram,Aizawl,,Debris,Slide,37.2,855.0,31.6,11.3,20.4,30.3,97.7,1
MZ/AZL/84A10/2024/130_neg1,real_non_landslide,23.65416667,92.69,2023-11-30,Mizoram,Aizawl,,Debris,Slide,37.2,855.0,31.6,0.0,0.0,0.0,0.0,0
MZ/AZL/84A10/2024/130_neg2,real_non_landslide,23.65416667,92.69,2024-11-24,Mizoram,Aizawl,,Debris,Slide,37.2,855.0,31.6,0.8,0.2,0.0,0.0,0
MZ/AZL/84A10/2024/131,real_landslide,23.66055556,92.67277778,2024-05-28,Mizoram,Aizawl,,Earth,Slide,19.69,1026.0,32.4,11.3,20.4,30.3,97.7,1
MZ/AZL/84A10/2024/131_neg1,real_non_landslide,23.66055556,92.67277778,2023-11-30,Mizoram,Aizawl,,Earth,Slide,19.69,1026.0,32.4,0.0,0.0,0.0,0.0,0
MZ/AZL/84A10/2024/131_neg2,real_non_landslide,23.66055556,92.67277778,2024-11-24,Mizoram,Aizawl,,Earth,Slide,19.69,1026.0,32.4,0.8,0.2,0.0,0.0,0
MZ/AZL/84A10/2024/132,real_landslide,23.66083333,92.67277778,2024-05-28,Mizoram,Aizawl,,Debris,Slide,23.57,1007.0,32.4,11.3,20.4,30.3,97.7,1
MZ/AZL/84A10/2024/132_neg1,real_non_landslide,23.66083333,92.67277778,2023-11-30,Mizoram,Aizawl,,Debris,Slide,23.57,1007.0,32.4,0.0,0.0,0.0,0.0,0
MZ/AZL/84A10/2024/132_neg2,real_non_landslide,23.66083333,92.67277778,2024-11-24,Mizoram,Aizawl,,Debris,Slide,23.57,1007.0,32.4,0.8,0.2,0.0,0.0,0
MZ/AZL/84A10/2024/133,real_landslide,23.65777778,92.67444444,2024-05-28,Mizoram,Aizawl,,Earth,Slide,20.7,960.0,31.9,11.3,20.4,30.3,97.7,1
MZ/AZL/84A10/2024/133_neg1,real_non_landslide,23.65777778,92.67444444,2023-11-30,Mizoram,Aizawl,,Earth,Slide,20.7,960.0,31.9,0.0,0.0,0.0,0.0,0
MZ/AZL/84A10/2024/133_neg2,real_non_landslide,23.65777778,92.67444444,2024-11-24,Mizoram,Aizawl,,Earth,Slide,20.7,960.0,31.9,0.8,0.2,0.0,0.0,0
MZ/AZL/84A10/2024/134,real_landslide,23.65861111,92.70583333,2024-05-28,Mizoram,Aizawl,,Debris,Slide,28.86,873.0,31.4,11.3,20.4,30.3,97.7,1
MZ/AZL/84A10/2024/134_neg1,real_non_landslide,23.65861111,92.70583333,2023-11-30,Mizoram,Aizawl,,Debris,Slide,28.86,873.0,31.4,0.0,0.0,0.0,0.0,0
MZ/AZL/84A10/2024/134_neg2,real_non_landslide,23.65861111,92.70583333,2024-11-24,Mizoram,Aizawl,,Debris,Slide,28.86,873.0,31.4,0.8,0.2,0.0,0.0,0
MZ/AZL/84A10/2024/135,real_landslide,23.68143611,92.72144167,2024-05-28,Mizoram,Aizawl,,Debris,Slide,42.67,1045.0,26.7,15.4,25.4,17.1,78.0,1
MZ/AZL/84A10/2024/135_neg1,real_non_landslide,23.68143611,92.72144167,2023-11-30,Mizoram,Aizawl,,Debris,Slide,42.67,1045.0,26.7,0.0,0.0,0.0,0.0,0
MZ/AZL/84A10/2024/135_neg2,real_non_landslide,23.68143611,92.72144167,2024-11-24,Mizoram,Aizawl,,Debris,Slide,42.67,1045.0,26.7,0.8,0.2,0.0,0.0,0
MZ/AZL/84A14/2024/136,real_landslide,23.73555556,92.78833333,2024-05-28,Mizoram,Aizawl,,Rock,Slide,27.32,536.0,29.0,15.4,20.4,19.9,68.0,1
MZ/AZL/84A14/2024/136_neg1,real_non_landslide,23.73555556,92.78833333,2023-11-30,Mizoram,Aizawl,,Rock,Slide,27.32,536.0,29.0,0.0,0.0,0.0,0.0,0
MZ/AZL/84A14/2024/136_neg2,real_non_landslide,23.73555556,92.78833333,2024-11-24,Mizoram,Aizawl,,Rock,Slide,27.32,536.0,29.0,2.2,0.3,0.0,0.0,0
MZ/AZL/84A14/2024/137,real_landslide,23.72694444,92.79527778,2024-05-28,Mizoram,Aizawl,,Debris,Slide,2.13,266.0,27.5,15.4,20.4,19.9,68.0,1
MZ/AZL/84A14/2024/137_neg1,real_non_landslide,23.72694444,92.79527778,2023-11-30,Mizoram,Aizawl,,Debris,Slide,2.13,266.0,27.5,0.0,0.0,0.0,0.0,0
MZ/AZL/84A14/2024/137_neg2,real_non_landslide,23.72694444,92.79527778,2024-11-24,Mizoram,Aizawl,,Debris,Slide,2.13,266.0,27.5,2.2,0.3,0.0,0.0,0
MZ/AZL/84A14/2024/138,real_landslide,23.73277778,92.79722222,2024-05-28,Mizoram,Aizawl,,Debris,Slide,14.54,248.0,26.6,15.4,20.4,19.9,68.0,1
MZ/AZL/84A14/2024/138_neg1,real_non_landslide,23.73277778,92.79722222,2023-11-30,Mizoram,Aizawl,,Debris,Slide,14.54,248.0,26.6,0.0,0.0,0.0,0.0,0
MZ/AZL/84A14/2024/138_neg2,real_non_landslide,23.73277778,92.79722222,2024-11-24,Mizoram,Aizawl,,Debris,Slide,14.54,248.0,26.6,2.2,0.3,0.0,0.0,0
MZ/AZL/84A14/2024/139,real_landslide,23.73416667,92.79861111,2024-05-28,Mizoram,Aizawl,,Debris,Slide,22.99,306.0,28.0,15.4,20.4,19.9,68.0,1
MZ/AZL/84A14/2024/139_neg1,real_non_landslide,23.73416667,92.79861111,2023-11-30,Mizoram,Aizawl,,Debris,Slide,22.99,306.0,28.0,0.0,0.0,0.0,0.0,0
MZ/AZL/84A14/2024/139_neg2,real_non_landslide,23.73416667,92.79861111,2024-11-24,Mizoram,Aizawl,,Debris,Slide,22.99,306.0,28.0,2.2,0.3,0.0,0.0,0
MZ/AZL/84A14/2024/140,real_landslide,23.74555556,92.79444444,2024-05-28,Mizoram,Aizawl,,Debris,Slide,16.0,370.0,29.4,15.4,20.4,19.9,68.0,1
MZ/AZL/84A14/2024/140_neg1,real_non_landslide,23.74555556,92.79444444,2023-11-30,Mizoram,Aizawl,,Debris,Slide,16.0,370.0,29.4,0.0,0.0,0.0,0.0,0
MZ/AZL/84A14/2024/140_neg2,real_non_landslide,23.74555556,92.79444444,2024-11-24,Mizoram,Aizawl,,Debris,Slide,16.0,370.0,29.4,2.2,0.3,0.0,0.0,0
MZ/AZL/84A14/2024/141,real_landslide,23.73666667,92.79722222,2024-05-28,Mizoram,Aizawl,,Debris,Subsidence,23.49,332.0,28.1,15.4,20.4,19.9,68.0,1
MZ/AZL/84A14/2024/141_neg1,real_non_landslide,23.73666667,92.79722222,2023-11-30,Mizoram,Aizawl,,Debris,Subsidence,23.49,332.0,28.1,0.0,0.0,0.0,0.0,0
MZ/AZL/84A14/2024/141_neg2,real_non_landslide,23.73666667,92.79722222,2024-11-24,Mizoram,Aizawl,,Debris,Subsidence,23.49,332.0,28.1,2.2,0.3,0.0,0.0,0
MZ/AZL/84A14/2024/142,real_landslide,23.73638889,92.79805556,2024-05-28,Mizoram,Aizawl,,Earth,Slide,28.55,331.0,28.1,15.4,20.4,19.9,68.0,1
MZ/AZL/84A14/2024/142_neg1,real_non_landslide,23.73638889,92.79805556,2023-11-30,Mizoram,Aizawl,,Earth,Slide,28.55,331.0,28.1,0.0,0.0,0.0,0.0,0
MZ/AZL/84A14/2024/142_neg2,real_non_landslide,23.73638889,92.79805556,2024-11-24,Mizoram,Aizawl,,Earth,Slide,28.55,331.0,28.1,2.2,0.3,0.0,0.0,0
MZ/AZL/84A14/2024/144,real_landslide,23.73638889,92.8,2024-05-28,Mizoram,Aizawl,,Earth,Slide,6.02,375.0,28.0,15.4,20.4,19.9,68.0,1
MZ/AZL/84A14/2024/144_neg1,real_non_landslide,23.73638889,92.8,2023-11-30,Mizoram,Aizawl,,Earth,Slide,6.02,375.0,28.0,0.0,0.0,0.0,0.0,0
MZ/AZL/84A14/2024/144_neg2,real_non_landslide,23.73638889,92.8,2024-11-24,Mizoram,Aizawl,,Earth,Slide,6.02,375.0,28.0,2.2,0.3,0.0,0.0,0
MZ/AZL/84A14/2024/145,real_landslide,23.73555556,92.80027778,2024-05-28,Mizoram,Aizawl,,Debris,Slide,1.91,373.0,28.0,15.4,20.4,19.9,68.0,1
MZ/AZL/84A14/2024/145_neg1,real_non_landslide,23.73555556,92.80027778,2023-11-30,Mizoram,Aizawl,,Debris,Slide,1.91,373.0,28.0,0.0,0.0,0.0,0.0,0
MZ/AZL/84A14/2024/145_neg2,real_non_landslide,23.73555556,92.80027778,2024-11-24,Mizoram,Aizawl,,Debris,Slide,1.91,373.0,28.0,2.2,0.3,0.0,0.0,0
MZ/AZL/84A14/2024/146,real_landslide,23.71972222,92.79777778,2024-05-28,Mizoram,Aizawl,,Earth,Slide,11.35,215.0,26.1,15.4,20.4,19.9,68.0,1
MZ/AZL/84A14/2024/146_neg1,real_non_landslide,23.71972222,92.79777778,2023-11-30,Mizoram,Aizawl,,Earth,Slide,11.35,215.0,26.1,0.0,0.0,0.0,0.0,0
MZ/AZL/84A14/2024/146_neg2,real_non_landslide,23.71972222,92.79777778,2024-11-24,Mizoram,Aizawl,,Earth,Slide,11.35,215.0,26.1,2.2,0.3,0.0,0.0,0
MZ/AZL/84A14/2024/143,real_landslide,23.73583333,92.79888889,2024-05-28,Mizoram,Aizawl,,Earth,Slide,31.01,356.0,28.1,15.4,20.4,19.9,68.0,1
MZ/AZL/84A14/2024/143_neg1,real_non_landslide,23.73583333,92.79888889,2023-11-30,Mizoram,Aizawl,,Earth,Slide,31.01,356.0,28.1,0.0,0.0,0.0,0.0,0
MZ/AZL/84A14/2024/143_neg2,real_non_landslide,23.73583333,92.79888889,2024-11-24,Mizoram,Aizawl,,Earth,Slide,31.01,356.0,28.1,2.2,0.3,0.0,0.0,0
MZ/AZL/84A14/2024/149,real_landslide,23.73305556,92.84777778,2024-05-28,Mizoram,Aizawl,,Debris,Slide,48.73,739.0,29.2,5.7,15.0,14.7,82.5,1
MZ/AZL/84A14/2024/149_neg1,real_non_landslide,23.73305556,92.84777778,2023-11-30,Mizoram,Aizawl,,Debris,Slide,48.73,739.0,29.2,0.0,0.0,0.0,0.0,0
MZ/AZL/84A14/2024/149_neg2,real_non_landslide,23.73305556,92.84777778,2024-11-24,Mizoram,Aizawl,,Debris,Slide,48.73,739.0,29.2,1.1,0.6,0.0,0.0,0
MZ/AZL/84A13/2024/150,real_landslide,23.76083333,92.8475,2024-05-28,Mizoram,Aizawl,,Debris,Slide,48.0,762.0,33.2,3.4,6.8,15.1,66.6,1
MZ/AZL/84A13/2024/150_neg1,real_non_landslide,23.76083333,92.8475,2023-11-30,Mizoram,Aizawl,,Debris,Slide,48.0,762.0,33.2,0.0,0.0,0.0,0.0,0
MZ/AZL/84A13/2024/150_neg2,real_non_landslide,23.76083333,92.8475,2024-11-24,Mizoram,Aizawl,,Debris,Slide,48.0,762.0,33.2,0.8,1.7,0.1,0.1,0
MZ/AZL/84A13/2024/151,real_landslide,23.86972222,92.87611111,2024-05-28,Mizoram,Aizawl,,Debris,Slide,27.63,952.0,32.5,3.6,11.3,16.7,78.3,1
MZ/AZL/84A13/2024/151_neg1,real_non_landslide,23.86972222,92.87611111,2023-11-30,Mizoram,Aizawl,,Debris,Slide,27.63,952.0,32.5,0.0,0.0,0.0,0.0,0
MZ/AZL/84A13/2024/151_neg2,real_non_landslide,23.86972222,92.87611111,2024-11-24,Mizoram,Aizawl,,Debris,Slide,27.63,952.0,32.5,1.1,0.5,0.1,0.0,0
MZ/AZL/84A13/2024/152,real_landslide,23.80750556,92.83417222,2024-05-28,Mizoram,Aizawl,,Earth,Slide,50.46,512.0,28.7,3.4,6.8,15.1,66.6,1
MZ/AZL/84A13/2024/152_neg1,real_non_landslide,23.80750556,92.83417222,2023-11-30,Mizoram,Aizawl,,Earth,Slide,50.46,512.0,28.7,0.0,0.0,0.0,0.0,0
MZ/AZL/84A13/2024/152_neg2,real_non_landslide,23.80750556,92.83417222,2024-11-24,Mizoram,Aizawl,,Earth,Slide,50.46,512.0,28.7,0.8,1.7,0.1,0.1,0
MZ/AZL/84A14/2024/0147,real_landslide,23.72222222,92.80138889,2024-05-28,Mizoram,Aizawl,,Rock,Slide,38.13,157.0,26.8,15.4,20.4,19.9,68.0,1
MZ/AZL/84A14/2024/0147_neg1,real_non_landslide,23.72222222,92.80138889,2023-11-30,Mizoram,Aizawl,,Rock,Slide,38.13,157.0,26.8,0.0,0.0,0.0,0.0,0
MZ/AZL/84A14/2024/0147_neg2,real_non_landslide,23.72222222,92.80138889,2024-11-24,Mizoram,Aizawl,,Rock,Slide,38.13,157.0,26.8,2.2,0.3,0.0,0.0,0
MZ/SER/84A15/2024/153,real_landslide,23.47694444,92.857846,2024-05-28,Mizoram,Serchhip,,Debris,Slide,15.82,1030.0,31.2,24.1,10.4,18.5,88.3,1
MZ/SER/84A15/2024/153_neg1,real_non_landslide,23.47694444,92.857846,2023-11-30,Mizoram,Serchhip,,Debris,Slide,15.82,1030.0,31.2,0.0,0.0,0.0,0.0,0
MZ/SER/84A15/2024/153_neg2,real_non_landslide,23.47694444,92.857846,2024-11-24,Mizoram,Serchhip,,Debris,Slide,15.82,1030.0,31.2,6.9,2.6,0.5,0.2,0
MZ/SER/84A15/2024/154,real_landslide,23.471041,92.85503,2024-05-28,Mizoram,Serchhip,,Debris,Slide,44.46,1034.0,30.8,24.1,10.4,18.5,88.3,1
MZ/SER/84A15/2024/154_neg1,real_non_landslide,23.471041,92.85503,2023-11-30,Mizoram,Serchhip,,Debris,Slide,44.46,1034.0,30.8,0.0,0.0,0.0,0.0,0
MZ/SER/84A15/2024/154_neg2,real_non_landslide,23.471041,92.85503,2024-11-24,Mizoram,Serchhip,,Debris,Slide,44.46,1034.0,30.8,6.9,2.6,0.5,0.2,0
MZ/SER/84A15/2024/155,real_landslide,23.465558,92.855991,2024-05-28,Mizoram,Serchhip,,Debris,Slide,20.61,1078.0,30.6,24.1,10.4,18.5,88.3,1
MZ/SER/84A15/2024/155_neg1,real_non_landslide,23.465558,92.855991,2023-11-30,Mizoram,Serchhip,,Debris,Slide,20.61,1078.0,30.6,0.0,0.0,0.0,0.0,0
MZ/SER/84A15/2024/155_neg2,real_non_landslide,23.465558,92.855991,2024-11-24,Mizoram,Serchhip,,Debris,Slide,20.61,1078.0,30.6,6.9,2.6,0.5,0.2,0
MZ/SER/84A15/2024/158,real_landslide,23.288812,92.864763,2024-05-28,Mizoram,Serchhip,,Debris,Slide,6.65,923.0,31.4,19.6,15.6,17.0,104.8,1
MZ/SER/84A15/2024/158_neg1,real_non_landslide,23.288812,92.864763,2023-11-30,Mizoram,Serchhip,,Debris,Slide,6.65,923.0,31.4,0.0,0.0,0.0,0.0,0
MZ/SER/84A15/2024/158_neg2,real_non_landslide,23.288812,92.864763,2024-11-24,Mizoram,Serchhip,,Debris,Slide,6.65,923.0,31.4,4.3,1.5,0.5,0.0,0
MZ/SER/84A15/2024/157,real_landslide,23.31259,92.856415,2024-05-28,Mizoram,Serchhip,,Debris,Slide,43.75,949.0,30.0,19.6,15.6,17.0,104.8,1
MZ/SER/84A15/2024/157_neg1,real_non_landslide,23.31259,92.856415,2023-11-30,Mizoram,Serchhip,,Debris,Slide,43.75,949.0,30.0,0.0,0.0,0.0,0.0,0
MZ/SER/84A15/2024/157_neg2,real_non_landslide,23.31259,92.856415,2024-11-24,Mizoram,Serchhip,,Debris,Slide,43.75,949.0,30.0,4.3,1.5,0.5,0.0,0
MZ/SER/84A15/2024/159,real_landslide,23.281264,92.869279,2024-05-28,Mizoram,Serchhip,,Debris,Slide,29.54,989.0,31.5,19.6,15.6,17.0,104.8,1
MZ/SER/84A15/2024/159_neg1,real_non_landslide,23.281264,92.869279,2023-11-30,Mizoram,Serchhip,,Debris,Slide,29.54,989.0,31.5,0.0,0.0,0.0,0.0,0
MZ/SER/84A15/2024/159_neg2,real_non_landslide,23.281264,92.869279,2024-11-24,Mizoram,Serchhip,,Debris,Slide,29.54,989.0,31.5,4.3,1.5,0.5,0.0,0
MZ/SER/84A15/2024/160,real_landslide,23.379441,92.844081,2024-05-28,Mizoram,Serchhip,,Debris,Slide,21.8,919.0,30.2,20.2,12.2,16.8,107.3,1
MZ/SER/84A15/2024/160_neg1,real_non_landslide,23.379441,92.844081,2023-11-30,Mizoram,Serchhip,,Debris,Slide,21.8,919.0,30.2,0.0,0.0,0.0,0.0,0
MZ/SER/84A15/2024/160_neg2,real_non_landslide,23.379441,92.844081,2024-11-24,Mizoram,Serchhip,,Debris,Slide,21.8,919.0,30.2,3.8,2.3,0.6,0.0,0
MZ/SER/84A15/2024/162,real_landslide,23.382175,92.843876,2024-05-28,Mizoram,Serchhip,,Debris,Slide,30.26,913.0,30.6,20.2,12.2,16.8,107.3,1
MZ/SER/84A15/2024/162_neg1,real_non_landslide,23.382175,92.843876,2023-11-30,Mizoram,Serchhip,,Debris,Slide,30.26,913.0,30.6,0.0,0.0,0.0,0.0,0
MZ/SER/84A15/2024/162_neg2,real_non_landslide,23.382175,92.843876,2024-11-24,Mizoram,Serchhip,,Debris,Slide,30.26,913.0,30.6,3.8,2.3,0.6,0.0,0
MZ/SER/84A15/2024/163,real_landslide,23.382772,92.845187,2024-05-28,Mizoram,Serchhip,,Debris,Slide,11.04,947.0,30.6,20.2,12.2,16.8,107.3,1
MZ/SER/84A15/2024/163_neg1,real_non_landslide,23.382772,92.845187,2023-11-30,Mizoram,Serchhip,,Debris,Slide,11.04,947.0,30.6,0.0,0.0,0.0,0.0,0
MZ/SER/84A15/2024/163_neg2,real_non_landslide,23.382772,92.845187,2024-11-24,Mizoram,Serchhip,,Debris,Slide,11.04,947.0,30.6,3.8,2.3,0.6,0.0,0
MZ/SER/84A15/2024/161,real_landslide,23.38151,92.844938,2024-05-28,Mizoram,Serchhip,,Debris,Slide,15.85,931.0,30.6,20.2,12.2,16.8,107.3,1
MZ/SER/84A15/2024/161_neg1,real_non_landslide,23.38151,92.844938,2023-11-30,Mizoram,Serchhip,,Debris,Slide,15.85,931.0,30.6,0.0,0.0,0.0,0.0,0
MZ/SER/84A15/2024/161_neg2,real_non_landslide,23.38151,92.844938,2024-11-24,Mizoram,Serchhip,,Debris,Slide,15.85,931.0,30.6,3.8,2.3,0.6,0.0,0
MZ/SER/84A15/2024/165,real_landslide,23.387941,92.842291,2024-05-28,Mizoram,Serchhip,,Debris,Slide,35.63,940.0,30.2,20.2,12.2,16.8,107.3,1
MZ/SER/84A15/2024/165_neg1,real_non_landslide,23.387941,92.842291,2023-11-30,Mizoram,Serchhip,,Debris,Slide,35.63,940.0,30.2,0.0,0.0,0.0,0.0,0
MZ/SER/84A15/2024/165_neg2,real_non_landslide,23.387941,92.842291,2024-11-24,Mizoram,Serchhip,,Debris,Slide,35.63,940.0,30.2,3.8,2.3,0.6,0.0,0
MZ/SER/84A16/2024/166,real_landslide,23.237077,92.910043,2024-05-28,Mizoram,Serchhip,,Debris,Slide,0.95,657.0,29.6,14.4,23.2,10.8,67.2,1
MZ/SER/84A16/2024/166_neg1,real_non_landslide,23.237077,92.910043,2023-11-30,Mizoram,Serchhip,,Debris,Slide,0.95,657.0,29.6,0.0,0.0,0.0,0.0,0
MZ/SER/84A16/2024/166_neg2,real_non_landslide,23.237077,92.910043,2024-11-24,Mizoram,Serchhip,,Debris,Slide,0.95,657.0,29.6,6.5,1.2,1.0,0.0,0
MZ/SER/84A15/2024/164,real_landslide,23.381533,92.854115,2024-05-28,Mizoram,Serchhip,,Debris,Slide,41.59,829.0,30.9,20.2,12.2,16.8,107.3,1
MZ/SER/84A15/2024/164_neg1,real_non_landslide,23.381533,92.854115,2023-11-30,Mizoram,Serchhip,,Debris,Slide,41.59,829.0,30.9,0.0,0.0,0.0,0.0,0
MZ/SER/84A15/2024/164_neg2,real_non_landslide,23.381533,92.854115,2024-11-24,Mizoram,Serchhip,,Debris,Slide,41.59,829.0,30.9,3.8,2.3,0.6,0.0,0
MZ/SER/84E04/2024/167,real_landslide,23.126631,93.064946,2024-05-28,Mizoram,Serchhip,,Debris,Slide,29.12,1408.0,30.0,3.0,21.0,7.6,51.0,1
MZ/SER/84E04/2024/167_neg1,real_non_landslide,23.126631,93.064946,2023-11-30,Mizoram,Serchhip,,Debris,Slide,29.12,1408.0,30.0,0.0,0.0,0.0,0.0,0
MZ/SER/84E04/2024/167_neg2,real_non_landslide,23.126631,93.064946,2024-11-24,Mizoram,Serchhip,,Debris,Slide,29.12,1408.0,30.0,3.1,3.5,0.4,0.0,0
MIZ/AZL/2022/49,real_landslide,23.65530556,92.7025,2022-04-05,Mizoram,Aizawl,Muthi,"Insitu Earth (upslope), rock at road level and flatground",Rock slide,30.96,892.0,31.4,0.1,1.7,1.8,0.4,1
MIZ/AZL/2022/49_neg1,real_non_landslide,23.65530556,92.7025,2021-10-07,Mizoram,Aizawl,Muthi,"Insitu Earth (upslope), rock at road level and flatground",Rock slide,30.96,892.0,31.4,4.4,1.8,0.9,1.4,0
MIZ/AZL/2022/49_neg2,real_non_landslide,23.65530556,92.7025,2021-04-05,Mizoram,Aizawl,Muthi,"Insitu Earth (upslope), rock at road level and flatground",Rock slide,30.96,892.0,31.4,0.9,0.0,0.0,0.0,0
MIZ/AZL/2022/39,real_landslide,22.91452778,92.89333333,2022-11-14,Mizoram,Hnahthial,"Shalom Vengthar, Bawngkawn",Rock,Rock slide,28.81,574.0,29.1,0.0,0.0,0.0,0.0,1
MIZ/AZL/2022/39_neg1,real_non_landslide,22.91452778,92.89333333,2022-05-18,Mizoram,Hnahthial,"Shalom Vengthar, Bawngkawn",Rock,Rock slide,28.81,574.0,29.1,13.1,1.5,6.3,10.9,0
MIZ/AZL/2022/39_neg2,real_non_landslide,22.91452778,92.89333333,2023-05-13,Mizoram,Hnahthial,"Shalom Vengthar, Bawngkawn",Rock,Rock slide,28.81,574.0,29.1,0.0,0.0,1.4,17.6,0
MIZ/AZL/2023/80,real_landslide,23.59944444,92.72019444,2023-06-09,Mizoram,Aizawl,Melriat,Debris,Slide,35.8,787.0,31.1,0.9,2.1,19.4,20.3,1
MIZ/AZL/2023/80_neg1,real_non_landslide,23.59944444,92.72019444,2022-12-11,Mizoram,Aizawl,Melriat,Debris,Slide,35.8,787.0,31.1,0.0,0.0,0.0,0.0,0
MIZ/AZL/2023/80_neg2,real_non_landslide,23.59944444,92.72019444,2023-12-06,Mizoram,Aizawl,Melriat,Debris,Slide,35.8,787.0,31.1,0.0,0.0,2.6,0.4,0
MIZ/AZL/2023/85,real_landslide,24.27138889,92.96,2023-07-24,Mizoram,Aizawl,Sakawrdai to Zohmun road,Debris,Slide,23.63,770.0,31.2,26.7,2.7,21.6,27.2,1
MIZ/AZL/2023/85_neg1,real_non_landslide,24.27138889,92.96,2023-01-25,Mizoram,Aizawl,Sakawrdai to Zohmun road,Debris,Slide,23.63,770.0,31.2,0.0,0.0,0.0,0.0,0
MIZ/AZL/2023/85_neg2,real_non_landslide,24.27138889,92.96,2024-01-20,Mizoram,Aizawl,Sakawrdai to Zohmun road,Debris,Slide,23.63,770.0,31.2,0.0,0.0,0.0,0.0,0
MIZ/AZL/2023/81,real_landslide,23.51980556,92.70066667,2023-08-13,Mizoram,Aizawl,Aizawl-Thenzawl-Lunglei Highway,Debris,Slide,43.39,732.0,31.7,1.6,3.0,1.5,9.6,1
MIZ/AZL/2023/81_neg1,real_non_landslide,23.51980556,92.70066667,2023-02-14,Mizoram,Aizawl,Aizawl-Thenzawl-Lunglei Highway,Debris,Slide,43.39,732.0,31.7,0.0,0.0,0.9,0.0,0
MIZ/AZL/2023/81_neg2,real_non_landslide,23.51980556,92.70066667,2024-02-09,Mizoram,Aizawl,Aizawl-Thenzawl-Lunglei Highway,Debris,Slide,43.39,732.0,31.7,1.4,1.4,0.0,0.0,0
MIZ/AZL/2023/102,real_landslide,24.18561111,92.94536111,2013-08-15,Mizoram,Aizawl,NULL,Debris,Slide,16.7,438.0,32.0,3.2,11.5,12.9,10.5,1
MIZ/AZL/2023/102_neg1,real_non_landslide,24.18561111,92.94536111,2013-02-16,Mizoram,Aizawl,NULL,Debris,Slide,16.7,438.0,32.0,0.0,0.0,0.0,0.1,0
MIZ/AZL/2023/102_neg2,real_non_landslide,24.18561111,92.94536111,2014-02-11,Mizoram,Aizawl,NULL,Debris,Slide,16.7,438.0,32.0,0.1,0.7,0.8,1.3,0
MIZ/AZL/2023/126,real_landslide,23.86638889,92.88138889,2022-10-02,Mizoram,Aizawl,NULL,Debris,Slide,47.74,955.0,33.2,3.0,5.6,15.7,44.6,1
MIZ/AZL/2023/126_neg1,real_non_landslide,23.86638889,92.88138889,2023-03-31,Mizoram,Aizawl,NULL,Debris,Slide,47.74,955.0,33.2,0.8,0.1,2.3,0.0,0
MIZ/AZL/2023/126_neg2,real_non_landslide,23.86638889,92.88138889,2021-10-02,Mizoram,Aizawl,NULL,Debris,Slide,47.74,955.0,33.2,3.0,0.0,1.1,10.2,0
MIZ/AZL/2023/142,real_landslide,23.57166667,92.71083333,2023-06-09,Mizoram,Aizawl,NULL,Debris,Slide,47.64,789.0,30.1,0.9,2.1,19.4,20.3,1
MIZ/AZL/2023/142_neg1,real_non_landslide,23.57166667,92.71083333,2022-12-11,Mizoram,Aizawl,NULL,Debris,Slide,47.64,789.0,30.1,0.0,0.0,0.0,0.0,0
MIZ/AZL/2023/142_neg2,real_non_landslide,23.57166667,92.71083333,2023-12-06,Mizoram,Aizawl,NULL,Debris,Slide,47.64,789.0,30.1,0.0,0.0,2.6,0.4,0
MIZ/AZL/2023/143,real_landslide,23.58388889,92.71722222,2023-08-08,Mizoram,Aizawl,NULL,Rock,Slide,21.94,980.0,29.6,7.8,15.4,49.0,2.9,1
MIZ/AZL/2023/143_neg1,real_non_landslide,23.58388889,92.71722222,2023-02-09,Mizoram,Aizawl,NULL,Rock,Slide,21.94,980.0,29.6,0.0,0.0,0.0,0.0,0
MIZ/AZL/2023/143_neg2,real_non_landslide,23.58388889,92.71722222,2024-02-04,Mizoram,Aizawl,NULL,Rock,Slide,21.94,980.0,29.6,0.2,2.8,0.3,0.0,0
MIZ/AZL/2023/144,real_landslide,23.58591667,92.71777778,2023-07-25,Mizoram,Aizawl,NULL,Earth,Slide,21.26,957.0,29.7,2.9,11.8,13.8,22.0,1
MIZ/AZL/2023/144_neg1,real_non_landslide,23.58591667,92.71777778,2023-01-26,Mizoram,Aizawl,NULL,Earth,Slide,21.26,957.0,29.7,0.0,0.0,0.0,0.0,0
MIZ/AZL/2023/144_neg2,real_non_landslide,23.58591667,92.71777778,2024-01-21,Mizoram,Aizawl,NULL,Earth,Slide,21.26,957.0,29.7,0.3,0.1,0.0,0.0,0
MIZ/AZL/2023/145,real_landslide,23.55944444,92.70833333,2023-07-06,Mizoram,Aizawl,NULL,Earth,Slide,1.35,770.0,30.3,4.3,12.2,22.0,4.0,1
MIZ/AZL/2023/145_neg1,real_non_landslide,23.55944444,92.70833333,2023-01-07,Mizoram,Aizawl,NULL,Earth,Slide,1.35,770.0,30.3,0.0,0.0,0.0,0.0,0
MIZ/AZL/2023/145_neg2,real_non_landslide,23.55944444,92.70833333,2024-01-02,Mizoram,Aizawl,NULL,Earth,Slide,1.35,770.0,30.3,0.0,0.0,0.0,0.0,0
MIZ/AZL/2023/147,real_landslide,23.54027778,92.70138889,2023-08-06,Mizoram,Aizawl,NULL,Rock,Slide,35.3,840.0,29.6,5.1,8.1,11.4,27.4,1
MIZ/AZL/2023/147_neg1,real_non_landslide,23.54027778,92.70138889,2023-02-07,Mizoram,Aizawl,NULL,Rock,Slide,35.3,840.0,29.6,0.0,0.0,0.0,0.0,0
MIZ/AZL/2023/147_neg2,real_non_landslide,23.54027778,92.70138889,2024-02-02,Mizoram,Aizawl,NULL,Rock,Slide,35.3,840.0,29.6,0.0,0.0,0.0,0.2,0
MIZ/AZL/2023/146,real_landslide,23.54380556,92.70136111,2023-08-06,Mizoram,Aizawl,NULL,Debris,Slide,36.87,747.0,29.6,5.1,8.1,11.4,27.4,1
MIZ/AZL/2023/146_neg1,real_non_landslide,23.54380556,92.70136111,2023-02-07,Mizoram,Aizawl,NULL,Debris,Slide,36.87,747.0,29.6,0.0,0.0,0.0,0.0,0
MIZ/AZL/2023/146_neg2,real_non_landslide,23.54380556,92.70136111,2024-02-02,Mizoram,Aizawl,NULL,Debris,Slide,36.87,747.0,29.6,0.0,0.0,0.0,0.2,0
MIZ/AZL/2023/149,real_landslide,23.535,92.69694444,2023-07-28,Mizoram,Aizawl,NULL,Rock,Slide,39.81,852.0,32.3,21.7,18.0,5.9,3.7,1
MIZ/AZL/2023/149_neg1,real_non_landslide,23.535,92.69694444,2023-01-29,Mizoram,Aizawl,NULL,Rock,Slide,39.81,852.0,32.3,0.0,0.0,0.0,0.0,0
MIZ/AZL/2023/149_neg2,real_non_landslide,23.535,92.69694444,2024-01-24,Mizoram,Aizawl,NULL,Rock,Slide,39.81,852.0,32.3,0.0,0.0,0.0,3.7,0
MIZ/AZL/2023/148,real_landslide,23.53986111,92.70063889,2023-08-06,Mizoram,Aizawl,NULL,Debris,Slide,38.83,816.0,29.6,5.1,8.1,11.4,27.4,1
MIZ/AZL/2023/148_neg1,real_non_landslide,23.53986111,92.70063889,2023-02-07,Mizoram,Aizawl,NULL,Debris,Slide,38.83,816.0,29.6,0.0,0.0,0.0,0.0,0
MIZ/AZL/2023/148_neg2,real_non_landslide,23.53986111,92.70063889,2024-02-02,Mizoram,Aizawl,NULL,Debris,Slide,38.83,816.0,29.6,0.0,0.0,0.0,0.2,0
MIZ/AZL/2023/150,real_landslide,23.53333333,92.69722222,2023-08-02,Mizoram,Aizawl,NULL,Earth,Slide,49.18,764.0,32.3,7.1,10.5,3.8,9.4,1
MIZ/AZL/2023/150_neg1,real_non_landslide,23.53333333,92.69722222,2023-02-03,Mizoram,Aizawl,NULL,Earth,Slide,49.18,764.0,32.3,0.0,0.0,0.0,0.0,0
MIZ/AZL/2023/150_neg2,real_non_landslide,23.53333333,92.69722222,2024-01-29,Mizoram,Aizawl,NULL,Earth,Slide,49.18,764.0,32.3,0.0,0.0,0.0,0.0,0
MIZ/AZL/2023/153,real_landslide,23.5,92.70111111,2023-08-09,Mizoram,Aizawl,NULL,Debris,Slide,37.2,879.0,32.6,27.4,49.9,4.4,3.7,1
MIZ/AZL/2023/153_neg1,real_non_landslide,23.5,92.70111111,2023-02-10,Mizoram,Aizawl,NULL,Debris,Slide,37.2,879.0,32.6,0.0,0.0,0.0,0.0,0
MIZ/AZL/2023/153_neg2,real_non_landslide,23.5,92.70111111,2024-02-05,Mizoram,Aizawl,NULL,Debris,Slide,37.2,879.0,32.6,0.2,0.4,0.0,0.0,0
MIZ/AZL/2023/152,real_landslide,23.49991667,92.70136111,2023-06-02,Mizoram,Aizawl,NULL,Debris,Slide,32.11,872.0,29.1,0.0,3.8,0.1,0.1,1
MIZ/AZL/2023/152_neg1,real_non_landslide,23.49991667,92.70136111,2022-12-04,Mizoram,Aizawl,NULL,Debris,Slide,32.11,872.0,29.1,3.3,0.0,0.0,0.0,0
MIZ/AZL/2023/152_neg2,real_non_landslide,23.49991667,92.70136111,2023-11-29,Mizoram,Aizawl,NULL,Debris,Slide,32.11,872.0,29.1,0.0,0.0,0.0,0.0,0
MIZ/AZL/2023/151,real_landslide,23.52972222,92.69611111,2023-08-03,Mizoram,Aizawl,NULL,Debris,Slide,40.39,785.0,32.1,10.5,3.8,9.4,5.1,1
MIZ/AZL/2023/151_neg1,real_non_landslide,23.52972222,92.69611111,2023-02-04,Mizoram,Aizawl,NULL,Debris,Slide,40.39,785.0,32.1,0.0,0.0,0.0,0.0,0
MIZ/AZL/2023/151_neg2,real_non_landslide,23.52972222,92.69611111,2024-01-30,Mizoram,Aizawl,NULL,Debris,Slide,40.39,785.0,32.1,0.0,0.0,0.0,0.0,0
MIZ/AZL/2023/155,real_landslide,23.78138889,92.67638889,2023-10-25,Mizoram,Aizawl,NULL,Rock,Slide,57.76,468.0,26.8,7.8,0.7,3.4,12.1,1
MIZ/AZL/2023/155_neg1,real_non_landslide,23.78138889,92.67638889,2023-04-28,Mizoram,Aizawl,NULL,Rock,Slide,57.76,468.0,26.8,0.0,0.0,0.1,0.0,0
MIZ/AZL/2023/155_neg2,real_non_landslide,23.78138889,92.67638889,2024-04-22,Mizoram,Aizawl,NULL,Rock,Slide,57.76,468.0,26.8,5.9,1.3,8.6,4.2,0
MIZ/KOL/2023/156,real_landslide,23.93194444,92.65222222,2023-09-17,Mizoram,Kolasib,NULL,Debris,Slide,25.51,230.0,23.6,3.7,0.7,1.8,19.8,1
MIZ/KOL/2023/156_neg1,real_non_landslide,23.93194444,92.65222222,2023-03-21,Mizoram,Kolasib,NULL,Debris,Slide,25.51,230.0,23.6,0.0,10.6,2.0,7.3,0
MIZ/KOL/2023/156_neg2,real_non_landslide,23.93194444,92.65222222,2024-03-15,Mizoram,Kolasib,NULL,Debris,Slide,25.51,230.0,23.6,0.0,0.0,2.0,0.0,0
MIZ/KOL/2023/157,real_landslide,23.93027778,92.6525,2023-09-17,Mizoram,Kolasib,NULL,Rock,Slide,13.42,186.0,24.5,3.7,0.7,1.8,19.8,1
MIZ/KOL/2023/157_neg1,real_non_landslide,23.93027778,92.6525,2023-03-21,Mizoram,Kolasib,NULL,Rock,Slide,13.42,186.0,24.5,0.0,10.6,2.0,7.3,0
MIZ/KOL/2023/157_neg2,real_non_landslide,23.93027778,92.6525,2024-03-15,Mizoram,Kolasib,NULL,Rock,Slide,13.42,186.0,24.5,0.0,0.0,2.0,0.0,0
MIZ/KOL/2023/162,real_landslide,23.03016667,92.67336111,2023-09-12,Mizoram,Kolasib,NULL,Debris,Slide,52.52,249.0,29.6,3.4,19.0,29.0,11.2,1
MIZ/KOL/2023/162_neg1,real_non_landslide,23.03016667,92.67336111,2023-03-16,Mizoram,Kolasib,NULL,Debris,Slide,52.52,249.0,29.6,0.0,0.0,0.2,0.0,0
MIZ/KOL/2023/162_neg2,real_non_landslide,23.03016667,92.67336111,2024-03-10,Mizoram,Kolasib,NULL,Debris,Slide,52.52,249.0,29.6,0.0,0.0,0.0,0.0,0
MIZ/KOL/2023/163,real_landslide,23.02280556,92.67255556,2023-09-17,Mizoram,Kolasib,NULL,Debris,Slide,24.23,386.0,30.1,5.6,1.6,1.9,27.8,1
MIZ/KOL/2023/163_neg1,real_non_landslide,23.02280556,92.67255556,2023-03-21,Mizoram,Kolasib,NULL,Debris,Slide,24.23,386.0,30.1,0.0,9.1,6.8,8.1,0
MIZ/KOL/2023/163_neg2,real_non_landslide,23.02280556,92.67255556,2024-03-15,Mizoram,Kolasib,NULL,Debris,Slide,24.23,386.0,30.1,0.0,0.0,0.1,0.0,0
MIZ/KOL/2023/160,real_landslide,23.05222222,92.67027778,2023-09-12,Mizoram,Kolasib,NULL,Debris,Slide,37.35,436.0,31.6,3.4,19.0,29.0,11.2,1
MIZ/KOL/2023/160_neg1,real_non_landslide,23.05222222,92.67027778,2023-03-16,Mizoram,Kolasib,NULL,Debris,Slide,37.35,436.0,31.6,0.0,0.0,0.2,0.0,0
MIZ/KOL/2023/160_neg2,real_non_landslide,23.05222222,92.67027778,2024-03-10,Mizoram,Kolasib,NULL,Debris,Slide,37.35,436.0,31.6,0.0,0.0,0.0,0.0,0
MIZ/KOL/2023/164,real_landslide,23.00638889,92.67691667,2023-07-23,Mizoram,Kolasib,NULL,Rock,Slide,29.54,397.0,31.3,10.6,22.8,7.1,3.3,1
MIZ/KOL/2023/164_neg1,real_non_landslide,23.00638889,92.67691667,2023-01-24,Mizoram,Kolasib,NULL,Rock,Slide,29.54,397.0,31.3,0.0,0.0,0.0,0.0,0
MIZ/KOL/2023/164_neg2,real_non_landslide,23.00638889,92.67691667,2024-01-19,Mizoram,Kolasib,NULL,Rock,Slide,29.54,397.0,31.3,0.0,0.0,0.0,0.0,0
MIZ/KOL/2023/169,real_landslide,23.91777778,92.73805556,2023-09-27,Mizoram,Kolasib,NULL,Rock,Slide,54.47,866.0,29.9,0.9,1.5,10.6,3.9,1
MIZ/KOL/2023/169_neg1,real_non_landslide,23.91777778,92.73805556,2023-03-31,Mizoram,Kolasib,NULL,Rock,Slide,54.47,866.0,29.9,0.0,0.5,5.9,0.4,0
MIZ/KOL/2023/169_neg2,real_non_landslide,23.91777778,92.73805556,2024-03-25,Mizoram,Kolasib,NULL,Rock,Slide,54.47,866.0,29.9,1.3,0.6,0.2,0.0,0
MIZ/AZL/2023/206,real_landslide,23.63472222,92.855,2023-07-11,Mizoram,Aizawl,NULL,Debris,Slide,41.99,1038.0,29.1,1.8,4.2,13.4,1.6,1
MIZ/AZL/2023/206_neg1,real_non_landslide,23.63472222,92.855,2023-01-12,Mizoram,Aizawl,NULL,Debris,Slide,41.99,1038.0,29.1,0.0,0.0,0.0,0.0,0
MIZ/AZL/2023/206_neg2,real_non_landslide,23.63472222,92.855,2024-01-07,Mizoram,Aizawl,NULL,Debris,Slide,41.99,1038.0,29.1,0.0,0.0,0.0,0.0,0
MIZ/KOL/2023/170,real_landslide,23.89638889,92.73638889,2023-09-27,Mizoram,Kolasib,NULL,Rock,Slide,49.56,1037.0,28.0,1.2,1.9,9.1,5.3,1
MIZ/KOL/2023/170_neg1,real_non_landslide,23.89638889,92.73638889,2023-03-31,Mizoram,Kolasib,NULL,Rock,Slide,49.56,1037.0,28.0,0.0,0.0,3.6,0.2,0
MIZ/KOL/2023/170_neg2,real_non_landslide,23.89638889,92.73638889,2024-03-25,Mizoram,Kolasib,NULL,Rock,Slide,49.56,1037.0,28.0,1.9,0.7,0.4,0.0,0
MIZ/AZL/2024/220,real_landslide,23.60861111,92.85055556,2024-05-28,Mizoram,Aizawl,NULL,Debris,Slide,39.81,1120.0,31.0,7.0,16.5,16.1,69.5,1
MIZ/AZL/2024/220_neg1,real_non_landslide,23.60861111,92.85055556,2023-11-30,Mizoram,Aizawl,NULL,Debris,Slide,39.81,1120.0,31.0,0.0,0.0,0.0,0.0,0
MIZ/AZL/2024/220_neg2,real_non_landslide,23.60861111,92.85055556,2024-11-24,Mizoram,Aizawl,NULL,Debris,Slide,39.81,1120.0,31.0,4.6,1.0,0.2,0.5,0
MIZ/AZL/2024/227,real_landslide,23.73305556,92.75,2024-07-22,Mizoram,Aizawl,NULL,Debris,Slide,37.3,966.0,31.7,6.7,2.5,6.6,5.3,1
MIZ/AZL/2024/227_neg1,real_non_landslide,23.73305556,92.75,2024-01-24,Mizoram,Aizawl,NULL,Debris,Slide,37.3,966.0,31.7,0.0,0.0,0.0,1.2,0
MIZ/AZL/2024/227_neg2,real_non_landslide,23.73305556,92.75,2025-01-18,Mizoram,Aizawl,NULL,Debris,Slide,37.3,966.0,31.7,0.0,0.0,0.0,0.0,0
MIZ/AZL/2024/228,real_landslide,23.73222222,92.75,2024-05-28,Mizoram,Aizawl,NULL,Debris,Slide,49.16,925.0,31.7,15.4,20.4,19.9,68.0,1
MIZ/AZL/2024/228_neg1,real_non_landslide,23.73222222,92.75,2023-11-30,Mizoram,Aizawl,NULL,Debris,Slide,49.16,925.0,31.7,0.0,0.0,0.0,0.0,0
MIZ/AZL/2024/228_neg2,real_non_landslide,23.73222222,92.75,2024-11-24,Mizoram,Aizawl,NULL,Debris,Slide,49.16,925.0,31.7,2.2,0.3,0.0,0.0,0
MIZ/AZL/2024/229,real_landslide,23.73194444,92.75,2024-05-28,Mizoram,Aizawl,NULL,Debris,Slide,43.07,925.0,31.7,15.4,20.4,19.9,68.0,1
MIZ/AZL/2024/229_neg1,real_non_landslide,23.73194444,92.75,2023-11-30,Mizoram,Aizawl,NULL,Debris,Slide,43.07,925.0,31.7,0.0,0.0,0.0,0.0,0
MIZ/AZL/2024/229_neg2,real_non_landslide,23.73194444,92.75,2024-11-24,Mizoram,Aizawl,NULL,Debris,Slide,43.07,925.0,31.7,2.2,0.3,0.0,0.0,0
MIZ/AZL/2024/230,real_landslide,23.74083333,92.74111111,2024-05-28,Mizoram,Aizawl,NULL,Debris,Slide,27.18,943.0,31.1,15.4,20.4,19.9,68.0,1
MIZ/AZL/2024/230_neg1,real_non_landslide,23.74083333,92.74111111,2023-11-30,Mizoram,Aizawl,NULL,Debris,Slide,27.18,943.0,31.1,0.0,0.0,0.0,0.0,0
MIZ/AZL/2024/230_neg2,real_non_landslide,23.74083333,92.74111111,2024-11-24,Mizoram,Aizawl,NULL,Debris,Slide,27.18,943.0,31.1,2.2,0.3,0.0,0.0,0
MIZ/AZL/2024/231,real_landslide,23.74916667,92.7375,2024-06-30,Mizoram,Aizawl,NULL,Debris,Slide,47.19,1076.0,30.5,16.0,9.9,4.0,11.9,1
MIZ/AZL/2024/231_neg1,real_non_landslide,23.74916667,92.7375,2024-01-02,Mizoram,Aizawl,NULL,Debris,Slide,47.19,1076.0,30.5,0.0,0.0,0.0,0.0,0
MIZ/AZL/2024/231_neg2,real_non_landslide,23.74916667,92.7375,2024-12-27,Mizoram,Aizawl,NULL,Debris,Slide,47.19,1076.0,30.5,0.0,0.0,0.0,0.0,0
MIZ/AZL/2024/235,real_landslide,23.76972222,92.74472222,2024-05-28,Mizoram,Aizawl,NULL,Earth,Slide,42.36,1118.0,27.8,16.4,15.7,23.7,58.6,1
MIZ/AZL/2024/235_neg1,real_non_landslide,23.76972222,92.74472222,2023-11-30,Mizoram,Aizawl,NULL,Earth,Slide,42.36,1118.0,27.8,0.0,0.0,0.0,0.0,0
MIZ/AZL/2024/235_neg2,real_non_landslide,23.76972222,92.74472222,2024-11-24,Mizoram,Aizawl,NULL,Earth,Slide,42.36,1118.0,27.8,1.5,0.1,0.0,0.0,0
MIZ/AZL/2024/238,real_landslide,23.76055556,92.73194444,2024-07-02,Mizoram,Aizawl,NULL,Debris,Slide,46.54,1105.0,30.0,4.0,11.9,50.0,34.0,1
MIZ/AZL/2024/238_neg1,real_non_landslide,23.76055556,92.73194444,2024-01-04,Mizoram,Aizawl,NULL,Debris,Slide,46.54,1105.0,30.0,0.0,0.0,0.0,0.0,0
MIZ/AZL/2024/238_neg2,real_non_landslide,23.76055556,92.73194444,2024-12-29,Mizoram,Aizawl,NULL,Debris,Slide,46.54,1105.0,30.0,0.0,0.0,0.0,0.0,0
MIZ/AZL/2024/237,real_landslide,23.76388889,92.73388889,2024-09-26,Mizoram,Aizawl,NULL,Rock,Slide,54.63,1135.0,30.5,0.0,16.1,28.0,4.2,1
MIZ/AZL/2024/237_neg1,real_non_landslide,23.76388889,92.73388889,2024-03-30,Mizoram,Aizawl,NULL,Rock,Slide,54.63,1135.0,30.5,0.1,3.1,1.8,1.7,0
MIZ/AZL/2024/237_neg2,real_non_landslide,23.76388889,92.73388889,2025-03-25,Mizoram,Aizawl,NULL,Rock,Slide,54.63,1135.0,30.5,0.1,0.0,0.0,0.0,0
MIZ/AZL/2024/250,real_landslide,23.74388889,92.71222222,2024-07-20,Mizoram,Aizawl,NULL,Debris,Slide,35.45,789.0,31.3,12.5,13.6,8.8,2.7,1
MIZ/AZL/2024/250_neg1,real_non_landslide,23.74388889,92.71222222,2024-01-22,Mizoram,Aizawl,NULL,Debris,Slide,35.45,789.0,31.3,0.0,0.0,0.0,0.0,0
MIZ/AZL/2024/250_neg2,real_non_landslide,23.74388889,92.71222222,2025-01-16,Mizoram,Aizawl,NULL,Debris,Slide,35.45,789.0,31.3,0.0,0.0,0.0,0.0,0
MIZ/AZL/2024/247,real_landslide,23.74916667,92.69416667,2024-05-28,Mizoram,Aizawl,NULL,Debris,Slide,41.02,885.0,31.2,22.0,22.5,34.6,68.8,1
MIZ/AZL/2024/247_neg1,real_non_landslide,23.74916667,92.69416667,2023-11-30,Mizoram,Aizawl,NULL,Debris,Slide,41.02,885.0,31.2,0.0,0.0,0.0,0.0,0
MIZ/AZL/2024/247_neg2,real_non_landslide,23.74916667,92.69416667,2024-11-24,Mizoram,Aizawl,NULL,Debris,Slide,41.02,885.0,31.2,0.4,0.2,0.0,0.0,0
MIZ/AZL/2024/252,real_landslide,23.74722222,92.71805556,2024-07-02,Mizoram,Aizawl,NULL,Debris,Slide,40.41,917.0,32.6,4.0,11.9,50.0,34.0,1
MIZ/AZL/2024/252_neg1,real_non_landslide,23.74722222,92.71805556,2024-01-04,Mizoram,Aizawl,NULL,Debris,Slide,40.41,917.0,32.6,0.0,0.0,0.0,0.0,0
MIZ/AZL/2024/252_neg2,real_non_landslide,23.74722222,92.71805556,2024-12-29,Mizoram,Aizawl,NULL,Debris,Slide,40.41,917.0,32.6,0.0,0.0,0.0,0.0,0
MIZ/AZL/2024/254,real_landslide,23.69277778,92.72055556,2024-05-28,Mizoram,Aizawl,NULL,Debris,Slide,34.73,1011.0,28.0,15.4,25.4,17.1,78.0,1
MIZ/AZL/2024/254_neg1,real_non_landslide,23.69277778,92.72055556,2023-11-30,Mizoram,Aizawl,NULL,Debris,Slide,34.73,1011.0,28.0,0.0,0.0,0.0,0.0,0
MIZ/AZL/2024/254_neg2,real_non_landslide,23.69277778,92.72055556,2024-11-24,Mizoram,Aizawl,NULL,Debris,Slide,34.73,1011.0,28.0,0.8,0.2,0.0,0.0,0
MIZ/AZL/2024/262,real_landslide,23.69777778,92.71944444,2024-09-20,Mizoram,Aizawl,NULL,Debris,Slide,43.67,1023.0,30.4,7.1,3.2,6.0,0.4,1
MIZ/AZL/2024/262_neg1,real_non_landslide,23.69777778,92.71944444,2024-03-24,Mizoram,Aizawl,NULL,Debris,Slide,43.67,1023.0,30.4,9.0,1.3,0.2,0.4,0
MIZ/AZL/2024/262_neg2,real_non_landslide,23.69777778,92.71944444,2025-03-19,Mizoram,Aizawl,NULL,Debris,Slide,43.67,1023.0,30.4,0.4,2.2,0.6,0.0,0
MIZ/AZL/2024/265,real_landslide,23.70972222,92.72222222,2024-05-28,Mizoram,Aizawl,NULL,Debris,Slide,39.29,944.0,28.4,15.4,20.4,19.9,68.0,1
MIZ/AZL/2024/265_neg1,real_non_landslide,23.70972222,92.72222222,2023-11-30,Mizoram,Aizawl,NULL,Debris,Slide,39.29,944.0,28.4,0.0,0.0,0.0,0.0,0
MIZ/AZL/2024/265_neg2,real_non_landslide,23.70972222,92.72222222,2024-11-24,Mizoram,Aizawl,NULL,Debris,Slide,39.29,944.0,28.4,2.2,0.3,0.0,0.0,0
MIZ/AZL/2024/266,real_landslide,23.69944444,92.71972222,2024-05-28,Mizoram,Aizawl,NULL,Debris,Complex,29.03,1067.0,30.2,15.4,20.4,19.9,68.0,1
MIZ/AZL/2024/266_neg1,real_non_landslide,23.69944444,92.71972222,2023-11-30,Mizoram,Aizawl,NULL,Debris,Complex,29.03,1067.0,30.2,0.0,0.0,0.0,0.0,0
MIZ/AZL/2024/266_neg2,real_non_landslide,23.69944444,92.71972222,2024-11-24,Mizoram,Aizawl,NULL,Debris,Complex,29.03,1067.0,30.2,2.2,0.3,0.0,0.0,0
MIZ/AZL/2024/263,real_landslide,23.69972222,92.7175,2024-06-20,Mizoram,Aizawl,NULL,Debris,Slide,42.85,1019.0,30.3,1.9,2.2,4.2,2.4,1
MIZ/AZL/2024/263_neg1,real_non_landslide,23.69972222,92.7175,2023-12-23,Mizoram,Aizawl,NULL,Debris,Slide,42.85,1019.0,30.3,0.0,0.0,0.0,0.0,0
MIZ/AZL/2024/263_neg2,real_non_landslide,23.69972222,92.7175,2024-12-17,Mizoram,Aizawl,NULL,Debris,Slide,42.85,1019.0,30.3,0.0,0.0,0.0,0.0,0
MIZ/AZL/2024/268,real_landslide,23.68916667,92.72055556,2024-05-28,Mizoram,Aizawl,NULL,Debris,Slide,25.85,1019.0,28.6,15.4,25.4,17.1,78.0,1
MIZ/AZL/2024/268_neg1,real_non_landslide,23.68916667,92.72055556,2023-11-30,Mizoram,Aizawl,NULL,Debris,Slide,25.85,1019.0,28.6,0.0,0.0,0.0,0.0,0
MIZ/AZL/2024/268_neg2,real_non_landslide,23.68916667,92.72055556,2024-11-24,Mizoram,Aizawl,NULL,Debris,Slide,25.85,1019.0,28.6,0.8,0.2,0.0,0.0,0
MIZ/AZL/2024/270,real_landslide,23.70277778,92.72083333,2024-07-02,Mizoram,Aizawl,NULL,Rock,Slide,56.72,842.0,30.5,4.0,11.9,50.0,34.0,1
MIZ/AZL/2024/270_neg1,real_non_landslide,23.70277778,92.72083333,2024-01-04,Mizoram,Aizawl,NULL,Rock,Slide,56.72,842.0,30.5,0.0,0.0,0.0,0.0,0
MIZ/AZL/2024/270_neg2,real_non_landslide,23.70277778,92.72083333,2024-12-29,Mizoram,Aizawl,NULL,Rock,Slide,56.72,842.0,30.5,0.0,0.0,0.0,0.0,0
MIZ/AZL/2024/271,real_landslide,23.7025,92.72138889,2024-07-02,Mizoram,Aizawl,NULL,Debris,Slide,53.31,842.0,30.5,4.0,11.9,50.0,34.0,1
MIZ/AZL/2024/271_neg1,real_non_landslide,23.7025,92.72138889,2024-01-04,Mizoram,Aizawl,NULL,Debris,Slide,53.31,842.0,30.5,0.0,0.0,0.0,0.0,0
MIZ/AZL/2024/271_neg2,real_non_landslide,23.7025,92.72138889,2024-12-29,Mizoram,Aizawl,NULL,Debris,Slide,53.31,842.0,30.5,0.0,0.0,0.0,0.0,0
MIZ/AZL/2024/272,real_landslide,23.69805556,92.72277778,2024-07-02,Mizoram,Aizawl,NULL,Debris,Slide,43.21,874.0,29.2,4.0,11.9,50.0,34.0,1
MIZ/AZL/2024/272_neg1,real_non_landslide,23.69805556,92.72277778,2024-01-04,Mizoram,Aizawl,NULL,Debris,Slide,43.21,874.0,29.2,0.0,0.0,0.0,0.0,0
MIZ/AZL/2024/272_neg2,real_non_landslide,23.69805556,92.72277778,2024-12-29,Mizoram,Aizawl,NULL,Debris,Slide,43.21,874.0,29.2,0.0,0.0,0.0,0.0,0
MIZ/AZL/2024/273,real_landslide,23.69361111,92.7225,2024-06-28,Mizoram,Aizawl,NULL,Debris,Slide,32.91,841.0,29.2,7.4,16.9,12.9,5.7,1
MIZ/AZL/2024/273_neg1,real_non_landslide,23.69361111,92.7225,2023-12-31,Mizoram,Aizawl,NULL,Debris,Slide,32.91,841.0,29.2,0.3,0.0,0.0,0.0,0
MIZ/AZL/2024/273_neg2,real_non_landslide,23.69361111,92.7225,2024-12-25,Mizoram,Aizawl,NULL,Debris,Slide,32.91,841.0,29.2,0.0,0.0,0.0,0.0,0
MIZ/AZL/2024/278,real_landslide,23.66416667,92.72055556,2024-05-28,Mizoram,Aizawl,NULL,Debris,Complex,14.76,1063.0,28.9,15.4,25.4,17.1,78.0,1
MIZ/AZL/2024/278_neg1,real_non_landslide,23.66416667,92.72055556,2023-11-30,Mizoram,Aizawl,NULL,Debris,Complex,14.76,1063.0,28.9,0.0,0.0,0.0,0.0,0
MIZ/AZL/2024/278_neg2,real_non_landslide,23.66416667,92.72055556,2024-11-24,Mizoram,Aizawl,NULL,Debris,Complex,14.76,1063.0,28.9,0.8,0.2,0.0,0.0,0
MIZ/AZL/2024/280,real_landslide,23.66,92.72638889,2024-05-28,Mizoram,Aizawl,NULL,Debris,Slide,43.25,839.0,29.1,15.4,25.4,17.1,78.0,1
MIZ/AZL/2024/280_neg1,real_non_landslide,23.66,92.72638889,2023-11-30,Mizoram,Aizawl,NULL,Debris,Slide,43.25,839.0,29.1,0.0,0.0,0.0,0.0,0
MIZ/AZL/2024/280_neg2,real_non_landslide,23.66,92.72638889,2024-11-24,Mizoram,Aizawl,NULL,Debris,Slide,43.25,839.0,29.1,0.8,0.2,0.0,0.0,0
MIZ/AZL/2024/281,real_landslide,23.65527778,92.72694444,2024-05-28,Mizoram,Aizawl,NULL,Debris,Slide,21.8,831.0,30.1,15.4,25.4,17.1,78.0,1
MIZ/AZL/2024/281_neg1,real_non_landslide,23.65527778,92.72694444,2023-11-30,Mizoram,Aizawl,NULL,Debris,Slide,21.8,831.0,30.1,0.0,0.0,0.0,0.0,0
MIZ/AZL/2024/281_neg2,real_non_landslide,23.65527778,92.72694444,2024-11-24,Mizoram,Aizawl,NULL,Debris,Slide,21.8,831.0,30.1,0.8,0.2,0.0,0.0,0
MIZ/AZL/2024/282,real_landslide,23.65138889,92.72694444,2024-05-28,Mizoram,Aizawl,NULL,Debris,Slide,7.59,798.0,30.1,15.4,25.4,17.1,78.0,1
MIZ/AZL/2024/282_neg1,real_non_landslide,23.65138889,92.72694444,2023-11-30,Mizoram,Aizawl,NULL,Debris,Slide,7.59,798.0,30.1,0.0,0.0,0.0,0.0,0
MIZ/AZL/2024/282_neg2,real_non_landslide,23.65138889,92.72694444,2024-11-24,Mizoram,Aizawl,NULL,Debris,Slide,7.59,798.0,30.1,0.8,0.2,0.0,0.0,0
MIZ/AZL/2024/279,real_landslide,23.66055556,92.72527778,2024-05-28,Mizoram,Aizawl,NULL,Debris,Slide,47.74,861.0,30.3,15.4,25.4,17.1,78.0,1
MIZ/AZL/2024/279_neg1,real_non_landslide,23.66055556,92.72527778,2023-11-30,Mizoram,Aizawl,NULL,Debris,Slide,47.74,861.0,30.3,0.0,0.0,0.0,0.0,0
MIZ/AZL/2024/279_neg2,real_non_landslide,23.66055556,92.72527778,2024-11-24,Mizoram,Aizawl,NULL,Debris,Slide,47.74,861.0,30.3,0.8,0.2,0.0,0.0,0
MIZ/AZL/2024/283,real_landslide,23.64555556,92.72444444,2024-05-28,Mizoram,Aizawl,NULL,Debris,Slide,46.49,787.0,28.1,15.4,25.4,17.1,78.0,1
MIZ/AZL/2024/283_neg1,real_non_landslide,23.64555556,92.72444444,2023-11-30,Mizoram,Aizawl,NULL,Debris,Slide,46.49,787.0,28.1,0.0,0.0,0.0,0.0,0
MIZ/AZL/2024/283_neg2,real_non_landslide,23.64555556,92.72444444,2024-11-24,Mizoram,Aizawl,NULL,Debris,Slide,46.49,787.0,28.1,0.8,0.2,0.0,0.0,0
MIZ/AZL/2024/286,real_landslide,23.64166667,92.72416667,2024-05-28,Mizoram,Aizawl,NULL,Debris,Slide,44.73,759.0,30.6,15.4,25.4,17.1,78.0,1
MIZ/AZL/2024/286_neg1,real_non_landslide,23.64166667,92.72416667,2023-11-30,Mizoram,Aizawl,NULL,Debris,Slide,44.73,759.0,30.6,0.0,0.0,0.0,0.0,0
MIZ/AZL/2024/286_neg2,real_non_landslide,23.64166667,92.72416667,2024-11-24,Mizoram,Aizawl,NULL,Debris,Slide,44.73,759.0,30.6,0.8,0.2,0.0,0.0,0
MIZ/AZL/2024/294,real_landslide,23.62611111,92.72638889,2024-05-28,Mizoram,Aizawl,NULL,Debris,Slide,35.8,780.0,31.6,14.9,16.4,17.3,86.1,1
MIZ/AZL/2024/294_neg1,real_non_landslide,23.62611111,92.72638889,2023-11-30,Mizoram,Aizawl,NULL,Debris,Slide,35.8,780.0,31.6,0.0,0.0,0.0,0.0,0
MIZ/AZL/2024/294_neg2,real_non_landslide,23.62611111,92.72638889,2024-11-24,Mizoram,Aizawl,NULL,Debris,Slide,35.8,780.0,31.6,1.0,0.4,0.0,0.0,0
MIZ/AZL/2024/287,real_landslide,23.64083333,92.72472222,2024-05-28,Mizoram,Aizawl,NULL,Debris,Slide,9.74,817.0,27.7,15.4,25.4,17.1,78.0,1
MIZ/AZL/2024/287_neg1,real_non_landslide,23.64083333,92.72472222,2023-11-30,Mizoram,Aizawl,NULL,Debris,Slide,9.74,817.0,27.7,0.0,0.0,0.0,0.0,0
MIZ/AZL/2024/287_neg2,real_non_landslide,23.64083333,92.72472222,2024-11-24,Mizoram,Aizawl,NULL,Debris,Slide,9.74,817.0,27.7,0.8,0.2,0.0,0.0,0
MIZ/AZL/2024/288,real_landslide,23.6375,92.72277778,2024-05-28,Mizoram,Aizawl,NULL,Debris,Slide,50.77,760.0,28.4,15.4,25.4,17.1,78.0,1
MIZ/AZL/2024/288_neg1,real_non_landslide,23.6375,92.72277778,2023-11-30,Mizoram,Aizawl,NULL,Debris,Slide,50.77,760.0,28.4,0.0,0.0,0.0,0.0,0
MIZ/AZL/2024/288_neg2,real_non_landslide,23.6375,92.72277778,2024-11-24,Mizoram,Aizawl,NULL,Debris,Slide,50.77,760.0,28.4,0.8,0.2,0.0,0.0,0
MIZ/AZL/2024/295,real_landslide,23.6325,92.72388889,2024-05-28,Mizoram,Aizawl,NULL,Debris,Slide,49.83,830.0,31.5,15.4,25.4,17.1,78.0,1
MIZ/AZL/2024/295_neg1,real_non_landslide,23.6325,92.72388889,2023-11-30,Mizoram,Aizawl,NULL,Debris,Slide,49.83,830.0,31.5,0.0,0.0,0.0,0.0,0
MIZ/AZL/2024/295_neg2,real_non_landslide,23.6325,92.72388889,2024-11-24,Mizoram,Aizawl,NULL,Debris,Slide,49.83,830.0,31.5,0.8,0.2,0.0,0.0,0
MIZ/AZL/2024/302,real_landslide,23.61611111,92.71722222,2024-05-28,Mizoram,Aizawl,NULL,Debris,Slide,15.18,916.0,29.9,14.9,16.4,17.3,86.1,1
MIZ/AZL/2024/302_neg1,real_non_landslide,23.61611111,92.71722222,2023-11-30,Mizoram,Aizawl,NULL,Debris,Slide,15.18,916.0,29.9,0.0,0.0,0.0,0.0,0
MIZ/AZL/2024/302_neg2,real_non_landslide,23.61611111,92.71722222,2024-11-24,Mizoram,Aizawl,NULL,Debris,Slide,15.18,916.0,29.9,1.0,0.4,0.0,0.0,0
MIZ/AZL/2024/297,real_landslide,23.62972222,92.72555556,2024-05-28,Mizoram,Aizawl,NULL,Debris,Slide,25.27,805.0,31.4,15.4,25.4,17.1,78.0,1
MIZ/AZL/2024/297_neg1,real_non_landslide,23.62972222,92.72555556,2023-11-30,Mizoram,Aizawl,NULL,Debris,Slide,25.27,805.0,31.4,0.0,0.0,0.0,0.0,0
MIZ/AZL/2024/297_neg2,real_non_landslide,23.62972222,92.72555556,2024-11-24,Mizoram,Aizawl,NULL,Debris,Slide,25.27,805.0,31.4,0.8,0.2,0.0,0.0,0
MIZ/AZL/2024/300,real_landslide,23.66166667,92.72416667,2024-07-19,Mizoram,Aizawl,NULL,Debris,Slide,45.87,832.0,29.6,14.5,8.5,9.7,14.7,1
MIZ/AZL/2024/300_neg1,real_non_landslide,23.66166667,92.72416667,2024-01-21,Mizoram,Aizawl,NULL,Debris,Slide,45.87,832.0,29.6,0.3,0.1,0.0,0.0,0
MIZ/AZL/2024/300_neg2,real_non_landslide,23.66166667,92.72416667,2025-01-15,Mizoram,Aizawl,NULL,Debris,Slide,45.87,832.0,29.6,0.0,0.0,0.0,0.0,0
MIZ/AZL/2024/305,real_landslide,23.61861111,92.72611111,2024-05-28,Mizoram,Aizawl,NULL,Debris,Slide,33.02,818.0,28.6,14.9,16.4,17.3,86.1,1
MIZ/AZL/2024/305_neg1,real_non_landslide,23.61861111,92.72611111,2023-11-30,Mizoram,Aizawl,NULL,Debris,Slide,33.02,818.0,28.6,0.0,0.0,0.0,0.0,0
MIZ/AZL/2024/305_neg2,real_non_landslide,23.61861111,92.72611111,2024-11-24,Mizoram,Aizawl,NULL,Debris,Slide,33.02,818.0,28.6,1.0,0.4,0.0,0.0,0
MIZ/AZL/2024/306,real_landslide,23.60555556,92.725,2024-05-28,Mizoram,Aizawl,NULL,Debris,Slide,30.13,898.0,30.4,14.9,16.4,17.3,86.1,1
MIZ/AZL/2024/306_neg1,real_non_landslide,23.60555556,92.725,2023-11-30,Mizoram,Aizawl,NULL,Debris,Slide,30.13,898.0,30.4,0.0,0.0,0.0,0.0,0
MIZ/AZL/2024/306_neg2,real_non_landslide,23.60555556,92.725,2024-11-24,Mizoram,Aizawl,NULL,Debris,Slide,30.13,898.0,30.4,1.0,0.4,0.0,0.0,0
MIZ/AZL/2024/307,real_landslide,23.58694444,92.8175,2024-08-25,Mizoram,Aizawl,NULL,Debris,Slide,17.75,616.0,31.1,19.8,23.8,14.2,6.5,1
MIZ/AZL/2024/307_neg1,real_non_landslide,23.58694444,92.8175,2024-02-27,Mizoram,Aizawl,NULL,Debris,Slide,17.75,616.0,31.1,0.0,0.0,0.0,0.0,0
MIZ/AZL/2024/307_neg2,real_non_landslide,23.58694444,92.8175,2025-02-21,Mizoram,Aizawl,NULL,Debris,Slide,17.75,616.0,31.1,0.0,1.6,0.0,0.0,0
MIZ/AZL/2024/312,real_landslide,23.59194444,92.75055556,2024-05-28,Mizoram,Aizawl,NULL,Debris,Slide,40.2,722.0,28.7,14.9,16.4,17.3,86.1,1
MIZ/AZL/2024/312_neg1,real_non_landslide,23.59194444,92.75055556,2023-11-30,Mizoram,Aizawl,NULL,Debris,Slide,40.2,722.0,28.7,0.0,0.0,0.0,0.0,0
MIZ/AZL/2024/312_neg2,real_non_landslide,23.59194444,92.75055556,2024-11-24,Mizoram,Aizawl,NULL,Debris,Slide,40.2,722.0,28.7,1.0,0.4,0.0,0.0,0
MIZ/AZL/2024/313,real_landslide,23.595,92.81611111,2024-05-28,Mizoram,Aizawl,NULL,Earth,Slide,46.67,585.0,31.1,7.0,16.5,16.1,69.5,1
MIZ/AZL/2024/313_neg1,real_non_landslide,23.595,92.81611111,2023-11-30,Mizoram,Aizawl,NULL,Earth,Slide,46.67,585.0,31.1,0.0,0.0,0.0,0.0,0
MIZ/AZL/2024/313_neg2,real_non_landslide,23.595,92.81611111,2024-11-24,Mizoram,Aizawl,NULL,Earth,Slide,46.67,585.0,31.1,4.6,1.0,0.2,0.5,0
MIZ/AZL/2024/319,real_landslide,23.60861111,92.80972222,2024-05-28,Mizoram,Aizawl,NULL,Debris,Slide,34.54,523.0,27.4,15.4,25.4,17.1,78.0,1
MIZ/AZL/2024/319_neg1,real_non_landslide,23.60861111,92.80972222,2023-11-30,Mizoram,Aizawl,NULL,Debris,Slide,34.54,523.0,27.4,0.0,0.0,0.0,0.0,0
MIZ/AZL/2024/319_neg2,real_non_landslide,23.60861111,92.80972222,2024-11-24,Mizoram,Aizawl,NULL,Debris,Slide,34.54,523.0,27.4,0.8,0.2,0.0,0.0,0
MIZ/AZL/2024/323,real_landslide,23.60972222,92.80916667,2024-05-28,Mizoram,Aizawl,NULL,Debris,Slide,53.13,511.0,27.1,15.4,25.4,17.1,78.0,1
MIZ/AZL/2024/323_neg1,real_non_landslide,23.60972222,92.80916667,2023-11-30,Mizoram,Aizawl,NULL,Debris,Slide,53.13,511.0,27.1,0.0,0.0,0.0,0.0,0
MIZ/AZL/2024/323_neg2,real_non_landslide,23.60972222,92.80916667,2024-11-24,Mizoram,Aizawl,NULL,Debris,Slide,53.13,511.0,27.1,0.8,0.2,0.0,0.0,0
MIZ/AZL/2024/328,real_landslide,23.61138889,92.80333333,2024-05-28,Mizoram,Aizawl,NULL,Debris,Slide,31.06,461.0,27.7,15.4,25.4,17.1,78.0,1
MIZ/AZL/2024/328_neg1,real_non_landslide,23.61138889,92.80333333,2023-11-30,Mizoram,Aizawl,NULL,Debris,Slide,31.06,461.0,27.7,0.0,0.0,0.0,0.0,0
MIZ/AZL/2024/328_neg2,real_non_landslide,23.61138889,92.80333333,2024-11-24,Mizoram,Aizawl,NULL,Debris,Slide,31.06,461.0,27.7,0.8,0.2,0.0,0.0,0
MIZ/AZL/2024/327,real_landslide,23.61222222,92.80527778,2024-05-28,Mizoram,Aizawl,NULL,Debris,Slide,29.54,456.0,28.9,15.4,25.4,17.1,78.0,1
MIZ/AZL/2024/327_neg1,real_non_landslide,23.61222222,92.80527778,2023-11-30,Mizoram,Aizawl,NULL,Debris,Slide,29.54,456.0,28.9,0.0,0.0,0.0,0.0,0
MIZ/AZL/2024/327_neg2,real_non_landslide,23.61222222,92.80527778,2024-11-24,Mizoram,Aizawl,NULL,Debris,Slide,29.54,456.0,28.9,0.8,0.2,0.0,0.0,0
MIZ/AZL/2024/342,real_landslide,23.61611111,92.79777778,2024-05-28,Mizoram,Aizawl,NULL,Debris,Complex,41.41,432.0,25.5,15.4,25.4,17.1,78.0,1
MIZ/AZL/2024/342_neg1,real_non_landslide,23.61611111,92.79777778,2023-11-30,Mizoram,Aizawl,NULL,Debris,Complex,41.41,432.0,25.5,0.0,0.0,0.0,0.0,0
MIZ/AZL/2024/342_neg2,real_non_landslide,23.61611111,92.79777778,2024-11-24,Mizoram,Aizawl,NULL,Debris,Complex,41.41,432.0,25.5,0.8,0.2,0.0,0.0,0
MIZ/AZL/2024/331,real_landslide,23.60972222,92.79972222,2024-07-02,Mizoram,Aizawl,NULL,Earth,Slide,48.27,370.0,28.2,2.1,13.0,46.9,33.2,1
MIZ/AZL/2024/331_neg1,real_non_landslide,23.60972222,92.79972222,2024-01-04,Mizoram,Aizawl,NULL,Earth,Slide,48.27,370.0,28.2,0.0,0.0,0.0,0.0,0
MIZ/AZL/2024/331_neg2,real_non_landslide,23.60972222,92.79972222,2024-12-29,Mizoram,Aizawl,NULL,Earth,Slide,48.27,370.0,28.2,0.0,0.0,0.0,0.0,0
MIZ/AZL/2024/343,real_landslide,23.61472222,92.79583333,2024-05-28,Mizoram,Aizawl,NULL,Debris,Complex,54.2,387.0,25.5,15.4,25.4,17.1,78.0,1
MIZ/AZL/2024/343_neg1,real_non_landslide,23.61472222,92.79583333,2023-11-30,Mizoram,Aizawl,NULL,Debris,Complex,54.2,387.0,25.5,0.0,0.0,0.0,0.0,0
MIZ/AZL/2024/343_neg2,real_non_landslide,23.61472222,92.79583333,2024-11-24,Mizoram,Aizawl,NULL,Debris,Complex,54.2,387.0,25.5,0.8,0.2,0.0,0.0,0
MIZ/AZL/2024/344,real_landslide,23.615,92.79222222,2024-05-28,Mizoram,Aizawl,NULL,Debris,Slide,44.72,338.0,23.6,15.4,25.4,17.1,78.0,1
MIZ/AZL/2024/344_neg1,real_non_landslide,23.615,92.79222222,2023-11-30,Mizoram,Aizawl,NULL,Debris,Slide,44.72,338.0,23.6,0.0,0.0,0.0,0.0,0
MIZ/AZL/2024/344_neg2,real_non_landslide,23.615,92.79222222,2024-11-24,Mizoram,Aizawl,NULL,Debris,Slide,44.72,338.0,23.6,0.8,0.2,0.0,0.0,0
MIZ/AZL/2024/346,real_landslide,23.61861111,92.79,2024-05-28,Mizoram,Aizawl,NULL,Debris,Slide,26.2,304.0,24.5,15.4,25.4,17.1,78.0,1
MIZ/AZL/2024/346_neg1,real_non_landslide,23.61861111,92.79,2023-11-30,Mizoram,Aizawl,NULL,Debris,Slide,26.2,304.0,24.5,0.0,0.0,0.0,0.0,0
MIZ/AZL/2024/346_neg2,real_non_landslide,23.61861111,92.79,2024-11-24,Mizoram,Aizawl,NULL,Debris,Slide,26.2,304.0,24.5,0.8,0.2,0.0,0.0,0
MIZ/AZL/2024/345,real_landslide,23.61583333,92.79111111,2023-09-23,Mizoram,Aizawl,NULL,Debris,Slide,35.36,320.0,23.6,15.8,7.6,1.4,0.2,1
MIZ/AZL/2024/345_neg1,real_non_landslide,23.61583333,92.79111111,2023-03-27,Mizoram,Aizawl,NULL,Debris,Slide,35.36,320.0,23.6,0.0,0.3,0.3,0.6,0
MIZ/AZL/2024/345_neg2,real_non_landslide,23.61583333,92.79111111,2024-03-21,Mizoram,Aizawl,NULL,Debris,Slide,35.36,320.0,23.6,0.1,0.3,0.2,10.2,0
MIZ/AZL/2024/350,real_landslide,23.62333333,92.78888889,2024-05-28,Mizoram,Aizawl,NULL,Debris,Slide,44.15,199.0,25.7,15.4,25.4,17.1,78.0,1
MIZ/AZL/2024/350_neg1,real_non_landslide,23.62333333,92.78888889,2023-11-30,Mizoram,Aizawl,NULL,Debris,Slide,44.15,199.0,25.7,0.0,0.0,0.0,0.0,0
MIZ/AZL/2024/350_neg2,real_non_landslide,23.62333333,92.78888889,2024-11-24,Mizoram,Aizawl,NULL,Debris,Slide,44.15,199.0,25.7,0.8,0.2,0.0,0.0,0
MIZ/AZL/2024/358,real_landslide,23.60111111,92.75888889,2024-05-26,Mizoram,Aizawl,NULL,Debris,Slide,40.36,545.0,29.9,1.3,20.8,14.9,16.4,1
MIZ/AZL/2024/358_neg1,real_non_landslide,23.60111111,92.75888889,2023-11-28,Mizoram,Aizawl,NULL,Debris,Slide,40.36,545.0,29.9,0.0,0.0,0.0,0.0,0
MIZ/AZL/2024/358_neg2,real_non_landslide,23.60111111,92.75888889,2024-11-22,Mizoram,Aizawl,NULL,Debris,Slide,40.36,545.0,29.9,0.0,3.0,1.0,0.4,0
MIZ/AZL/2024/351,real_landslide,23.62361111,92.78888889,2024-08-28,Mizoram,Aizawl,NULL,Debris,Slide,44.15,199.0,27.4,5.8,2.7,1.4,39.1,1
MIZ/AZL/2024/351_neg1,real_non_landslide,23.62361111,92.78888889,2024-03-01,Mizoram,Aizawl,NULL,Debris,Slide,44.15,199.0,27.4,0.0,0.0,0.0,0.0,0
MIZ/AZL/2024/351_neg2,real_non_landslide,23.62361111,92.78888889,2025-02-24,Mizoram,Aizawl,NULL,Debris,Slide,44.15,199.0,27.4,0.0,0.0,0.9,0.0,0
MIZ/AZL/2024/352,real_landslide,23.62527778,92.78638889,2024-05-28,Mizoram,Aizawl,NULL,Debris,Slide,16.7,199.0,26.4,15.4,25.4,17.1,78.0,1
MIZ/AZL/2024/352_neg1,real_non_landslide,23.62527778,92.78638889,2023-11-30,Mizoram,Aizawl,NULL,Debris,Slide,16.7,199.0,26.4,0.0,0.0,0.0,0.0,0
MIZ/AZL/2024/352_neg2,real_non_landslide,23.62527778,92.78638889,2024-11-24,Mizoram,Aizawl,NULL,Debris,Slide,16.7,199.0,26.4,0.8,0.2,0.0,0.0,0
MIZ/AZL/2024/366,real_landslide,23.59055556,92.71611111,2024-05-28,Mizoram,Aizawl,NULL,Debris,Slide,14.93,751.0,27.4,14.9,16.4,17.3,86.1,1
MIZ/AZL/2024/366_neg1,real_non_landslide,23.59055556,92.71611111,2023-11-30,Mizoram,Aizawl,NULL,Debris,Slide,14.93,751.0,27.4,0.0,0.0,0.0,0.0,0
MIZ/AZL/2024/366_neg2,real_non_landslide,23.59055556,92.71611111,2024-11-24,Mizoram,Aizawl,NULL,Debris,Slide,14.93,751.0,27.4,1.0,0.4,0.0,0.0,0
MIZ/AZL/2024/365,real_landslide,23.59527778,92.71722222,2024-05-28,Mizoram,Aizawl,NULL,Debris,Complex,18.52,710.0,29.2,14.9,16.4,17.3,86.1,1
MIZ/AZL/2024/365_neg1,real_non_landslide,23.59527778,92.71722222,2023-11-30,Mizoram,Aizawl,NULL,Debris,Complex,18.52,710.0,29.2,0.0,0.0,0.0,0.0,0
MIZ/AZL/2024/365_neg2,real_non_landslide,23.59527778,92.71722222,2024-11-24,Mizoram,Aizawl,NULL,Debris,Complex,18.52,710.0,29.2,1.0,0.4,0.0,0.0,0
MIZ/AZL/2024/382,real_landslide,23.57138889,92.70972222,2024-05-28,Mizoram,Aizawl,NULL,Debris,Slide,42.82,815.0,29.6,14.9,16.4,17.3,86.1,1
MIZ/AZL/2024/382_neg1,real_non_landslide,23.57138889,92.70972222,2023-11-30,Mizoram,Aizawl,NULL,Debris,Slide,42.82,815.0,29.6,0.0,0.0,0.0,0.0,0
MIZ/AZL/2024/382_neg2,real_non_landslide,23.57138889,92.70972222,2024-11-24,Mizoram,Aizawl,NULL,Debris,Slide,42.82,815.0,29.6,1.0,0.4,0.0,0.0,0
MIZ/AZL/2024/384,real_landslide,23.57027778,92.70722222,2024-05-28,Mizoram,Aizawl,NULL,Debris,Complex,32.95,816.0,30.3,14.9,16.4,17.3,86.1,1
MIZ/AZL/2024/384_neg1,real_non_landslide,23.57027778,92.70722222,2023-11-30,Mizoram,Aizawl,NULL,Debris,Complex,32.95,816.0,30.3,0.0,0.0,0.0,0.0,0
MIZ/AZL/2024/384_neg2,real_non_landslide,23.57027778,92.70722222,2024-11-24,Mizoram,Aizawl,NULL,Debris,Complex,32.95,816.0,30.3,1.0,0.4,0.0,0.0,0
MIZ/AZL/2024/367,real_landslide,23.59027778,92.71583333,2024-05-28,Mizoram,Aizawl,NULL,Earth,Slide,39.35,751.0,27.4,14.9,16.4,17.3,86.1,1
MIZ/AZL/2024/367_neg1,real_non_landslide,23.59027778,92.71583333,2023-11-30,Mizoram,Aizawl,NULL,Earth,Slide,39.35,751.0,27.4,0.0,0.0,0.0,0.0,0
MIZ/AZL/2024/367_neg2,real_non_landslide,23.59027778,92.71583333,2024-11-24,Mizoram,Aizawl,NULL,Earth,Slide,39.35,751.0,27.4,1.0,0.4,0.0,0.0,0
MIZ/AZL/2024/383,real_landslide,23.57055556,92.70888889,2024-05-28,Mizoram,Aizawl,NULL,Debris,Complex,47.34,874.0,29.6,14.9,16.4,17.3,86.1,1
MIZ/AZL/2024/383_neg1,real_non_landslide,23.57055556,92.70888889,2023-11-30,Mizoram,Aizawl,NULL,Debris,Complex,47.34,874.0,29.6,0.0,0.0,0.0,0.0,0
MIZ/AZL/2024/383_neg2,real_non_landslide,23.57055556,92.70888889,2024-11-24,Mizoram,Aizawl,NULL,Debris,Complex,47.34,874.0,29.6,1.0,0.4,0.0,0.0,0
MIZ/AZL/2024/386,real_landslide,23.55444444,92.70527778,2024-05-28,Mizoram,Aizawl,NULL,Debris,Slide,18.96,834.0,29.6,18.8,16.9,21.6,78.3,1
MIZ/AZL/2024/386_neg1,real_non_landslide,23.55444444,92.70527778,2023-11-30,Mizoram,Aizawl,NULL,Debris,Slide,18.96,834.0,29.6,0.0,0.0,0.0,0.0,0
MIZ/AZL/2024/386_neg2,real_non_landslide,23.55444444,92.70527778,2024-11-24,Mizoram,Aizawl,NULL,Debris,Slide,18.96,834.0,29.6,5.0,0.4,0.1,0.2,0
MIZ/AZL/2024/385,real_landslide,23.55388889,92.70472222,2024-05-28,Mizoram,Aizawl,NULL,Debris,Slide,13.42,829.0,29.6,18.8,16.9,21.6,78.3,1
MIZ/AZL/2024/385_neg1,real_non_landslide,23.55388889,92.70472222,2023-11-30,Mizoram,Aizawl,NULL,Debris,Slide,13.42,829.0,29.6,0.0,0.0,0.0,0.0,0
MIZ/AZL/2024/385_neg2,real_non_landslide,23.55388889,92.70472222,2024-11-24,Mizoram,Aizawl,NULL,Debris,Slide,13.42,829.0,29.6,5.0,0.4,0.1,0.2,0
MIZ/AZL/2024/388,real_landslide,23.56555556,92.7075,2024-07-19,Mizoram,Aizawl,NULL,Debris,Slide,41.29,828.0,29.8,17.3,8.1,7.8,16.1,1
MIZ/AZL/2024/388_neg1,real_non_landslide,23.56555556,92.7075,2024-01-21,Mizoram,Aizawl,NULL,Debris,Slide,41.29,828.0,29.8,0.4,0.2,0.0,0.0,0
MIZ/AZL/2024/388_neg2,real_non_landslide,23.56555556,92.7075,2025-01-15,Mizoram,Aizawl,NULL,Debris,Slide,41.29,828.0,29.8,0.0,0.0,0.0,0.0,0
MIZ/AZL/2024/387,real_landslide,23.5625,92.70777778,2024-08-25,Mizoram,Aizawl,NULL,Debris,Slide,1.91,794.0,28.8,21.1,9.3,24.6,3.8,1
MIZ/AZL/2024/387_neg1,real_non_landslide,23.5625,92.70777778,2024-02-27,Mizoram,Aizawl,NULL,Debris,Slide,1.91,794.0,28.8,0.0,0.0,0.0,0.0,0
MIZ/AZL/2024/387_neg2,real_non_landslide,23.5625,92.70777778,2025-02-21,Mizoram,Aizawl,NULL,Debris,Slide,1.91,794.0,28.8,0.0,0.2,0.0,0.0,0
MIZ/AZL/2024/389,real_landslide,23.55,92.70444444,2024-05-28,Mizoram,Aizawl,NULL,Debris,Slide,24.23,808.0,30.0,18.8,16.9,21.6,78.3,1
MIZ/AZL/2024/389_neg1,real_non_landslide,23.55,92.70444444,2023-11-30,Mizoram,Aizawl,NULL,Debris,Slide,24.23,808.0,30.0,0.0,0.0,0.0,0.0,0
MIZ/AZL/2024/389_neg2,real_non_landslide,23.55,92.70444444,2024-11-24,Mizoram,Aizawl,NULL,Debris,Slide,24.23,808.0,30.0,5.0,0.4,0.1,0.2,0
MIZ/AZL/2024/390,real_landslide,23.53222222,92.735,2024-05-28,Mizoram,Aizawl,NULL,Rock,Slide,35.45,964.0,28.5,18.8,16.9,21.6,78.3,1
MIZ/AZL/2024/390_neg1,real_non_landslide,23.53222222,92.735,2023-11-30,Mizoram,Aizawl,NULL,Rock,Slide,35.45,964.0,28.5,0.0,0.0,0.0,0.0,0
MIZ/AZL/2024/390_neg2,real_non_landslide,23.53222222,92.735,2024-11-24,Mizoram,Aizawl,NULL,Rock,Slide,35.45,964.0,28.5,5.0,0.4,0.1,0.2,0
MIZ/AZL/2024/401,real_landslide,23.53555556,92.72333333,2024-05-28,Mizoram,Aizawl,NULL,Debris,Slide,20.44,914.0,31.4,18.8,16.9,21.6,78.3,1
MIZ/AZL/2024/401_neg1,real_non_landslide,23.53555556,92.72333333,2023-11-30,Mizoram,Aizawl,NULL,Debris,Slide,20.44,914.0,31.4,0.0,0.0,0.0,0.0,0
MIZ/AZL/2024/401_neg2,real_non_landslide,23.53555556,92.72333333,2024-11-24,Mizoram,Aizawl,NULL,Debris,Slide,20.44,914.0,31.4,5.0,0.4,0.1,0.2,0
MIZ/AZL/2024/402,real_landslide,23.53805556,92.71861111,2024-05-29,Mizoram,Aizawl,NULL,Debris,Slide,21.8,900.0,30.4,16.9,21.6,78.3,2.5,1
MIZ/AZL/2024/402_neg1,real_non_landslide,23.53805556,92.71861111,2023-12-01,Mizoram,Aizawl,NULL,Debris,Slide,21.8,900.0,30.4,0.0,0.0,0.0,0.0,0
MIZ/AZL/2024/402_neg2,real_non_landslide,23.53805556,92.71861111,2024-11-25,Mizoram,Aizawl,NULL,Debris,Slide,21.8,900.0,30.4,0.4,0.1,0.2,0.0,0
MIZ/AZL/2024/414,real_landslide,23.54888889,92.70555556,2024-05-28,Mizoram,Aizawl,NULL,Debris,Complex,42.07,877.0,30.9,18.8,16.9,21.6,78.3,1
MIZ/AZL/2024/414_neg1,real_non_landslide,23.54888889,92.70555556,2023-11-30,Mizoram,Aizawl,NULL,Debris,Complex,42.07,877.0,30.9,0.0,0.0,0.0,0.0,0
MIZ/AZL/2024/414_neg2,real_non_landslide,23.54888889,92.70555556,2024-11-24,Mizoram,Aizawl,NULL,Debris,Complex,42.07,877.0,30.9,5.0,0.4,0.1,0.2,0
MIZ/AZL/2024/420,real_landslide,23.53694444,92.6975,2024-05-28,Mizoram,Aizawl,NULL,Debris,Slide,44.85,804.0,28.9,18.8,16.9,21.6,78.3,1
MIZ/AZL/2024/420_neg1,real_non_landslide,23.53694444,92.6975,2023-11-30,Mizoram,Aizawl,NULL,Debris,Slide,44.85,804.0,28.9,0.0,0.0,0.0,0.0,0
MIZ/AZL/2024/420_neg2,real_non_landslide,23.53694444,92.6975,2024-11-24,Mizoram,Aizawl,NULL,Debris,Slide,44.85,804.0,28.9,5.0,0.4,0.1,0.2,0
MIZ/AZL/2024/421,real_landslide,23.53611111,92.69777778,2024-05-28,Mizoram,Aizawl,NULL,Debris,Complex,45.02,855.0,28.9,18.8,16.9,21.6,78.3,1
MIZ/AZL/2024/421_neg1,real_non_landslide,23.53611111,92.69777778,2023-11-30,Mizoram,Aizawl,NULL,Debris,Complex,45.02,855.0,28.9,0.0,0.0,0.0,0.0,0
MIZ/AZL/2024/421_neg2,real_non_landslide,23.53611111,92.69777778,2024-11-24,Mizoram,Aizawl,NULL,Debris,Complex,45.02,855.0,28.9,5.0,0.4,0.1,0.2,0
MIZ/AZL/2024/422,real_landslide,23.53555556,92.69694444,2024-05-28,Mizoram,Aizawl,NULL,Rock,Slide,24.23,852.0,32.3,18.8,16.9,21.6,78.3,1
MIZ/AZL/2024/422_neg1,real_non_landslide,23.53555556,92.69694444,2023-11-30,Mizoram,Aizawl,NULL,Rock,Slide,24.23,852.0,32.3,0.0,0.0,0.0,0.0,0
MIZ/AZL/2024/422_neg2,real_non_landslide,23.53555556,92.69694444,2024-11-24,Mizoram,Aizawl,NULL,Rock,Slide,24.23,852.0,32.3,5.0,0.4,0.1,0.2,0
MIZ/AZL/2024/427,real_landslide,23.52861111,92.6975,2024-05-28,Mizoram,Aizawl,NULL,Debris,Slide,47.93,874.0,33.0,18.8,16.9,21.6,78.3,1
MIZ/AZL/2024/427_neg1,real_non_landslide,23.52861111,92.6975,2023-11-30,Mizoram,Aizawl,NULL,Debris,Slide,47.93,874.0,33.0,0.0,0.0,0.0,0.0,0
MIZ/AZL/2024/427_neg2,real_non_landslide,23.52861111,92.6975,2024-11-24,Mizoram,Aizawl,NULL,Debris,Slide,47.93,874.0,33.0,5.0,0.4,0.1,0.2,0
MIZ/AZL/2024/428,real_landslide,23.52777778,92.69861111,2024-05-28,Mizoram,Aizawl,NULL,Debris,Slide,38.81,839.0,33.0,18.8,16.9,21.6,78.3,1
MIZ/AZL/2024/428_neg1,real_non_landslide,23.52777778,92.69861111,2023-11-30,Mizoram,Aizawl,NULL,Debris,Slide,38.81,839.0,33.0,0.0,0.0,0.0,0.0,0
MIZ/AZL/2024/428_neg2,real_non_landslide,23.52777778,92.69861111,2024-11-24,Mizoram,Aizawl,NULL,Debris,Slide,38.81,839.0,33.0,5.0,0.4,0.1,0.2,0
MIZ/AZL/2024/426,real_landslide,23.53027778,92.69666667,2024-05-28,Mizoram,Aizawl,NULL,Debris,Slide,46.76,810.0,32.1,18.8,16.9,21.6,78.3,1
MIZ/AZL/2024/426_neg1,real_non_landslide,23.53027778,92.69666667,2023-11-30,Mizoram,Aizawl,NULL,Debris,Slide,46.76,810.0,32.1,0.0,0.0,0.0,0.0,0
MIZ/AZL/2024/426_neg2,real_non_landslide,23.53027778,92.69666667,2024-11-24,Mizoram,Aizawl,NULL,Debris,Slide,46.76,810.0,32.1,5.0,0.4,0.1,0.2,0
MIZ/AZL/2024/431,real_landslide,23.52277778,92.70277778,2024-05-28,Mizoram,Aizawl,NULL,Debris,Slide,37.77,789.0,29.4,18.8,16.9,21.6,78.3,1
MIZ/AZL/2024/431_neg1,real_non_landslide,23.52277778,92.70277778,2023-11-30,Mizoram,Aizawl,NULL,Debris,Slide,37.77,789.0,29.4,0.0,0.0,0.0,0.0,0
MIZ/AZL/2024/431_neg2,real_non_landslide,23.52277778,92.70277778,2024-11-24,Mizoram,Aizawl,NULL,Debris,Slide,37.77,789.0,29.4,5.0,0.4,0.1,0.2,0
MIZ/AZL/2024/432,real_landslide,23.51944444,92.70055556,2024-09-25,Mizoram,Aizawl,NULL,Debris,Slide,47.85,732.0,31.7,0.0,12.9,36.5,27.4,1
MIZ/AZL/2024/432_neg1,real_non_landslide,23.51944444,92.70055556,2024-03-29,Mizoram,Aizawl,NULL,Debris,Slide,47.85,732.0,31.7,0.3,0.0,1.8,0.6,0
MIZ/AZL/2024/432_neg2,real_non_landslide,23.51944444,92.70055556,2025-03-24,Mizoram,Aizawl,NULL,Debris,Slide,47.85,732.0,31.7,0.0,0.0,0.0,0.0,0
MIZ/AZL/2024/435,real_landslide,23.51444444,92.69805556,2024-05-28,Mizoram,Aizawl,NULL,Debris,Slide,33.57,786.0,30.6,18.8,16.9,21.6,78.3,1
MIZ/AZL/2024/435_neg1,real_non_landslide,23.51444444,92.69805556,2023-11-30,Mizoram,Aizawl,NULL,Debris,Slide,33.57,786.0,30.6,0.0,0.0,0.0,0.0,0
MIZ/AZL/2024/435_neg2,real_non_landslide,23.51444444,92.69805556,2024-11-24,Mizoram,Aizawl,NULL,Debris,Slide,33.57,786.0,30.6,5.0,0.4,0.1,0.2,0
MIZ/AZL/2024/437,real_landslide,23.51055556,92.69972222,2024-05-28,Mizoram,Aizawl,NULL,Debris,Slide,43.68,785.0,30.0,18.8,16.9,21.6,78.3,1
MIZ/AZL/2024/437_neg1,real_non_landslide,23.51055556,92.69972222,2023-11-30,Mizoram,Aizawl,NULL,Debris,Slide,43.68,785.0,30.0,0.0,0.0,0.0,0.0,0
MIZ/AZL/2024/437_neg2,real_non_landslide,23.51055556,92.69972222,2024-11-24,Mizoram,Aizawl,NULL,Debris,Slide,43.68,785.0,30.0,5.0,0.4,0.1,0.2,0
MIZ/AZL/2024/416,real_landslide,23.54027778,92.70138889,2024-05-28,Mizoram,Aizawl,NULL,Debris,Complex,35.3,840.0,29.6,18.8,16.9,21.6,78.3,1
MIZ/AZL/2024/416_neg1,real_non_landslide,23.54027778,92.70138889,2023-11-30,Mizoram,Aizawl,NULL,Debris,Complex,35.3,840.0,29.6,0.0,0.0,0.0,0.0,0
MIZ/AZL/2024/416_neg2,real_non_landslide,23.54027778,92.70138889,2024-11-24,Mizoram,Aizawl,NULL,Debris,Complex,35.3,840.0,29.6,5.0,0.4,0.1,0.2,0
MIZ/AZL/2024/439,real_landslide,23.50694444,92.69638889,2024-05-28,Mizoram,Aizawl,NULL,Debris,Slide,41.54,822.0,31.0,18.8,16.9,21.6,78.3,1
MIZ/AZL/2024/439_neg1,real_non_landslide,23.50694444,92.69638889,2023-11-30,Mizoram,Aizawl,NULL,Debris,Slide,41.54,822.0,31.0,0.0,0.0,0.0,0.0,0
MIZ/AZL/2024/439_neg2,real_non_landslide,23.50694444,92.69638889,2024-11-24,Mizoram,Aizawl,NULL,Debris,Slide,41.54,822.0,31.0,5.0,0.4,0.1,0.2,0
MIZ/AZL/2024/438,real_landslide,23.50861111,92.69805556,2024-05-28,Mizoram,Aizawl,NULL,Rock,Slide,54.75,768.0,31.2,18.8,16.9,21.6,78.3,1
MIZ/AZL/2024/438_neg1,real_non_landslide,23.50861111,92.69805556,2023-11-30,Mizoram,Aizawl,NULL,Rock,Slide,54.75,768.0,31.2,0.0,0.0,0.0,0.0,0
MIZ/AZL/2024/438_neg2,real_non_landslide,23.50861111,92.69805556,2024-11-24,Mizoram,Aizawl,NULL,Rock,Slide,54.75,768.0,31.2,5.0,0.4,0.1,0.2,0
MIZ/AZL/2024/441,real_landslide,23.50527778,92.6975,2024-05-28,Mizoram,Aizawl,NULL,Debris,Slide,32.67,849.0,31.8,18.8,16.9,21.6,78.3,1
MIZ/AZL/2024/441_neg1,real_non_landslide,23.50527778,92.6975,2023-11-30,Mizoram,Aizawl,NULL,Debris,Slide,32.67,849.0,31.8,0.0,0.0,0.0,0.0,0
MIZ/AZL/2024/441_neg2,real_non_landslide,23.50527778,92.6975,2024-11-24,Mizoram,Aizawl,NULL,Debris,Slide,32.67,849.0,31.8,5.0,0.4,0.1,0.2,0
MIZ/AZL/2024/444,real_landslide,23.55027778,92.70444444,2024-05-28,Mizoram,Aizawl,NULL,Debris,Slide,24.23,808.0,30.0,18.8,16.9,21.6,78.3,1
MIZ/AZL/2024/444_neg1,real_non_landslide,23.55027778,92.70444444,2023-11-30,Mizoram,Aizawl,NULL,Debris,Slide,24.23,808.0,30.0,0.0,0.0,0.0,0.0,0
MIZ/AZL/2024/444_neg2,real_non_landslide,23.55027778,92.70444444,2024-11-24,Mizoram,Aizawl,NULL,Debris,Slide,24.23,808.0,30.0,5.0,0.4,0.1,0.2,0
MIZ/AZL/2024/454,real_landslide,23.54305556,92.70055556,2024-05-28,Mizoram,Aizawl,NULL,Debris,Complex,48.69,769.0,29.6,18.8,16.9,21.6,78.3,1
MIZ/AZL/2024/454_neg1,real_non_landslide,23.54305556,92.70055556,2023-11-30,Mizoram,Aizawl,NULL,Debris,Complex,48.69,769.0,29.6,0.0,0.0,0.0,0.0,0
MIZ/AZL/2024/454_neg2,real_non_landslide,23.54305556,92.70055556,2024-11-24,Mizoram,Aizawl,NULL,Debris,Complex,48.69,769.0,29.6,5.0,0.4,0.1,0.2,0
MIZ/AZL/2024/459,real_landslide,23.53972222,92.69944444,2024-05-28,Mizoram,Aizawl,NULL,Debris,Complex,22.62,762.0,28.3,18.8,16.9,21.6,78.3,1
MIZ/AZL/2024/459_neg1,real_non_landslide,23.53972222,92.69944444,2023-11-30,Mizoram,Aizawl,NULL,Debris,Complex,22.62,762.0,28.3,0.0,0.0,0.0,0.0,0
MIZ/AZL/2024/459_neg2,real_non_landslide,23.53972222,92.69944444,2024-11-24,Mizoram,Aizawl,NULL,Debris,Complex,22.62,762.0,28.3,5.0,0.4,0.1,0.2,0
MIZ/AZL/2024/460,real_landslide,23.53777778,92.69833333,2024-05-28,Mizoram,Aizawl,NULL,Debris,Complex,49.32,778.0,28.9,18.8,16.9,21.6,78.3,1
MIZ/AZL/2024/460_neg1,real_non_landslide,23.53777778,92.69833333,2023-11-30,Mizoram,Aizawl,NULL,Debris,Complex,49.32,778.0,28.9,0.0,0.0,0.0,0.0,0
MIZ/AZL/2024/460_neg2,real_non_landslide,23.53777778,92.69833333,2024-11-24,Mizoram,Aizawl,NULL,Debris,Complex,49.32,778.0,28.9,5.0,0.4,0.1,0.2,0
MIZ/AZL/2024/469,real_landslide,23.54277778,92.67472222,2024-05-28,Mizoram,Aizawl,NULL,Debris,Complex,49.81,635.0,32.6,7.0,22.0,25.2,109.6,1
MIZ/AZL/2024/469_neg1,real_non_landslide,23.54277778,92.67472222,2023-11-30,Mizoram,Aizawl,NULL,Debris,Complex,49.81,635.0,32.6,0.0,0.0,0.0,0.0,0
MIZ/AZL/2024/469_neg2,real_non_landslide,23.54277778,92.67472222,2024-11-24,Mizoram,Aizawl,NULL,Debris,Complex,49.81,635.0,32.6,0.3,0.8,0.0,0.0,0
MIZ/AZL/2024/465,real_landslide,23.54277778,92.67638889,2024-05-28,Mizoram,Aizawl,NULL,Debris,Slide,34.57,687.0,32.6,7.0,22.0,25.2,109.6,1
MIZ/AZL/2024/465_neg1,real_non_landslide,23.54277778,92.67638889,2023-11-30,Mizoram,Aizawl,NULL,Debris,Slide,34.57,687.0,32.6,0.0,0.0,0.0,0.0,0
MIZ/AZL/2024/465_neg2,real_non_landslide,23.54277778,92.67638889,2024-11-24,Mizoram,Aizawl,NULL,Debris,Slide,34.57,687.0,32.6,0.3,0.8,0.0,0.0,0
MIZ/AZL/2024/472,real_landslide,23.54166667,92.66472222,2023-08-12,Mizoram,Aizawl,NULL,Debris,Complex,29.09,720.0,30.6,2.5,4.4,1.7,1.9,1
MIZ/AZL/2024/472_neg1,real_non_landslide,23.54166667,92.66472222,2023-02-13,Mizoram,Aizawl,NULL,Debris,Complex,29.09,720.0,30.6,0.0,0.0,0.0,1.7,0
MIZ/AZL/2024/472_neg2,real_non_landslide,23.54166667,92.66472222,2024-02-08,Mizoram,Aizawl,NULL,Debris,Complex,29.09,720.0,30.6,0.0,1.9,3.1,0.0,0
MIZ/AZL/2024/476,real_landslide,23.53888889,92.6625,2024-05-28,Mizoram,Aizawl,NULL,Debris,Slide,8.58,632.0,30.5,7.0,22.0,25.2,109.6,1
MIZ/AZL/2024/476_neg1,real_non_landslide,23.53888889,92.6625,2023-11-30,Mizoram,Aizawl,NULL,Debris,Slide,8.58,632.0,30.5,0.0,0.0,0.0,0.0,0
MIZ/AZL/2024/476_neg2,real_non_landslide,23.53888889,92.6625,2024-11-24,Mizoram,Aizawl,NULL,Debris,Slide,8.58,632.0,30.5,0.3,0.8,0.0,0.0,0
MIZ/AZL/2024/474,real_landslide,23.53944444,92.66527778,2024-05-28,Mizoram,Aizawl,NULL,Debris,Slide,24.36,620.0,29.6,7.0,22.0,25.2,109.6,1
MIZ/AZL/2024/474_neg1,real_non_landslide,23.53944444,92.66527778,2023-11-30,Mizoram,Aizawl,NULL,Debris,Slide,24.36,620.0,29.6,0.0,0.0,0.0,0.0,0
MIZ/AZL/2024/474_neg2,real_non_landslide,23.53944444,92.66527778,2024-11-24,Mizoram,Aizawl,NULL,Debris,Slide,24.36,620.0,29.6,0.3,0.8,0.0,0.0,0
MIZ/AZL/2024/484,real_landslide,23.53611111,92.65527778,2024-05-28,Mizoram,Aizawl,NULL,Debris,Slide,47.46,502.0,29.0,7.0,22.0,25.2,109.6,1
MIZ/AZL/2024/484_neg1,real_non_landslide,23.53611111,92.65527778,2023-11-30,Mizoram,Aizawl,NULL,Debris,Slide,47.46,502.0,29.0,0.0,0.0,0.0,0.0,0
MIZ/AZL/2024/484_neg2,real_non_landslide,23.53611111,92.65527778,2024-11-24,Mizoram,Aizawl,NULL,Debris,Slide,47.46,502.0,29.0,0.3,0.8,0.0,0.0,0
MIZ/AZL/2024/483,real_landslide,23.53944444,92.65888889,2024-05-28,Mizoram,Aizawl,NULL,Debris,Slide,25.24,553.0,30.6,7.0,22.0,25.2,109.6,1
MIZ/AZL/2024/483_neg1,real_non_landslide,23.53944444,92.65888889,2023-11-30,Mizoram,Aizawl,NULL,Debris,Slide,25.24,553.0,30.6,0.0,0.0,0.0,0.0,0
MIZ/AZL/2024/483_neg2,real_non_landslide,23.53944444,92.65888889,2024-11-24,Mizoram,Aizawl,NULL,Debris,Slide,25.24,553.0,30.6,0.3,0.8,0.0,0.0,0
MIZ/AZL/2024/486,real_landslide,23.52694444,92.65444444,2024-09-20,Mizoram,Aizawl,NULL,Debris,Slide,50.9,434.0,32.0,5.3,8.6,7.9,1.4,1
MIZ/AZL/2024/486_neg1,real_non_landslide,23.52694444,92.65444444,2024-03-24,Mizoram,Aizawl,NULL,Debris,Slide,50.9,434.0,32.0,9.4,1.5,0.6,1.7,0
MIZ/AZL/2024/486_neg2,real_non_landslide,23.52694444,92.65444444,2025-03-19,Mizoram,Aizawl,NULL,Debris,Slide,50.9,434.0,32.0,0.2,0.6,8.8,2.8,0
MIZ/AZL/2024/489,real_landslide,23.45083333,92.6825,2024-05-28,Mizoram,Aizawl,NULL,Debris,Slide,16.23,912.0,29.1,20.5,16.8,19.7,86.2,1
MIZ/AZL/2024/489_neg1,real_non_landslide,23.45083333,92.6825,2023-11-30,Mizoram,Aizawl,NULL,Debris,Slide,16.23,912.0,29.1,0.0,0.0,0.0,0.0,0
MIZ/AZL/2024/489_neg2,real_non_landslide,23.45083333,92.6825,2024-11-24,Mizoram,Aizawl,NULL,Debris,Slide,16.23,912.0,29.1,2.2,1.2,0.2,0.1,0
MIZ/AZL/2024/500,real_landslide,23.44333333,92.68527778,2024-05-28,Mizoram,Aizawl,NULL,Debris,Slide,29.69,828.0,28.5,20.5,16.8,19.7,86.2,1
MIZ/AZL/2024/500_neg1,real_non_landslide,23.44333333,92.68527778,2023-11-30,Mizoram,Aizawl,NULL,Debris,Slide,29.69,828.0,28.5,0.0,0.0,0.0,0.0,0
MIZ/AZL/2024/500_neg2,real_non_landslide,23.44333333,92.68527778,2024-11-24,Mizoram,Aizawl,NULL,Debris,Slide,29.69,828.0,28.5,2.2,1.2,0.2,0.1,0
MIZ/AZL/2024/488,real_landslide,23.52583333,92.63861111,2024-06-02,Mizoram,Aizawl,NULL,Debris,Slide,31.58,225.0,28.8,1.1,5.0,4.4,0.9,1
MIZ/AZL/2024/488_neg1,real_non_landslide,23.52583333,92.63861111,2023-12-05,Mizoram,Aizawl,NULL,Debris,Slide,31.58,225.0,28.8,0.0,0.0,0.0,2.1,0
MIZ/AZL/2024/488_neg2,real_non_landslide,23.52583333,92.63861111,2024-11-29,Mizoram,Aizawl,NULL,Debris,Slide,31.58,225.0,28.8,0.0,0.0,2.5,0.8,0
MIZ/AZL/2024/503,real_landslide,23.42722222,92.71277778,2024-05-28,Mizoram,Aizawl,NULL,Debris,Complex,48.49,895.0,32.6,20.5,16.8,19.7,86.2,1
MIZ/AZL/2024/503_neg1,real_non_landslide,23.42722222,92.71277778,2023-11-30,Mizoram,Aizawl,NULL,Debris,Complex,48.49,895.0,32.6,0.0,0.0,0.0,0.0,0
MIZ/AZL/2024/503_neg2,real_non_landslide,23.42722222,92.71277778,2024-11-24,Mizoram,Aizawl,NULL,Debris,Complex,48.49,895.0,32.6,2.2,1.2,0.2,0.1,0
MIZ/AZL/2024/498,real_landslide,23.44805556,92.68333333,2024-05-28,Mizoram,Aizawl,NULL,Debris,Slide,14.16,871.0,30.1,20.5,16.8,19.7,86.2,1
MIZ/AZL/2024/498_neg1,real_non_landslide,23.44805556,92.68333333,2023-11-30,Mizoram,Aizawl,NULL,Debris,Slide,14.16,871.0,30.1,0.0,0.0,0.0,0.0,0
MIZ/AZL/2024/498_neg2,real_non_landslide,23.44805556,92.68333333,2024-11-24,Mizoram,Aizawl,NULL,Debris,Slide,14.16,871.0,30.1,2.2,1.2,0.2,0.1,0
MIZ/AZL/2024/505,real_landslide,23.41694444,92.71805556,2024-05-28,Mizoram,Aizawl,NULL,Debris,Slide,37.67,1076.0,30.3,20.5,16.8,19.7,86.2,1
MIZ/AZL/2024/505_neg1,real_non_landslide,23.41694444,92.71805556,2023-11-30,Mizoram,Aizawl,NULL,Debris,Slide,37.67,1076.0,30.3,0.0,0.0,0.0,0.0,0
MIZ/AZL/2024/505_neg2,real_non_landslide,23.41694444,92.71805556,2024-11-24,Mizoram,Aizawl,NULL,Debris,Slide,37.67,1076.0,30.3,2.2,1.2,0.2,0.1,0
MIZ/AZL/2024/511,real_landslide,23.41,92.74944444,2024-05-28,Mizoram,Aizawl,NULL,Debris,Slide,50.03,1162.0,34.8,20.5,16.8,19.7,86.2,1
MIZ/AZL/2024/511_neg1,real_non_landslide,23.41,92.74944444,2023-11-30,Mizoram,Aizawl,NULL,Debris,Slide,50.03,1162.0,34.8,0.0,0.0,0.0,0.0,0
MIZ/AZL/2024/511_neg2,real_non_landslide,23.41,92.74944444,2024-11-24,Mizoram,Aizawl,NULL,Debris,Slide,50.03,1162.0,34.8,2.2,1.2,0.2,0.1,0
MIZ/AZL/2024/534,real_landslide,23.35694444,92.77027778,2024-05-28,Mizoram,Aizawl,NULL,Debris,Complex,25.02,1022.0,30.9,20.2,12.2,16.8,107.3,1
MIZ/AZL/2024/534_neg1,real_non_landslide,23.35694444,92.77027778,2023-11-30,Mizoram,Aizawl,NULL,Debris,Complex,25.02,1022.0,30.9,0.0,0.0,0.0,0.0,0
MIZ/AZL/2024/534_neg2,real_non_landslide,23.35694444,92.77027778,2024-11-24,Mizoram,Aizawl,NULL,Debris,Complex,25.02,1022.0,30.9,3.8,2.3,0.6,0.0,0
MIZ/AZL/2024/535,real_landslide,23.35638889,92.77027778,2024-05-28,Mizoram,Aizawl,NULL,Debris,Complex,25.02,994.0,30.9,20.2,12.2,16.8,107.3,1
MIZ/AZL/2024/535_neg1,real_non_landslide,23.35638889,92.77027778,2023-11-30,Mizoram,Aizawl,NULL,Debris,Complex,25.02,994.0,30.9,0.0,0.0,0.0,0.0,0
MIZ/AZL/2024/535_neg2,real_non_landslide,23.35638889,92.77027778,2024-11-24,Mizoram,Aizawl,NULL,Debris,Complex,25.02,994.0,30.9,3.8,2.3,0.6,0.0,0
MIZ/AZL/2024/526,real_landslide,23.37972222,92.75166667,2024-05-28,Mizoram,Aizawl,NULL,Debris,Slide,21.42,1290.0,33.8,23.5,16.9,17.1,95.7,1
MIZ/AZL/2024/526_neg1,real_non_landslide,23.37972222,92.75166667,2023-11-30,Mizoram,Aizawl,NULL,Debris,Slide,21.42,1290.0,33.8,0.0,0.0,0.0,0.0,0
MIZ/AZL/2024/526_neg2,real_non_landslide,23.37972222,92.75166667,2024-11-24,Mizoram,Aizawl,NULL,Debris,Slide,21.42,1290.0,33.8,2.3,1.0,0.1,0.1,0
MIZ/AZL/2024/539,real_landslide,23.39166667,92.75527778,2024-05-28,Mizoram,Aizawl,NULL,Debris,Complex,49.56,1375.0,34.8,23.5,16.9,17.1,95.7,1
MIZ/AZL/2024/539_neg1,real_non_landslide,23.39166667,92.75527778,2023-11-30,Mizoram,Aizawl,NULL,Debris,Complex,49.56,1375.0,34.8,0.0,0.0,0.0,0.0,0
MIZ/AZL/2024/539_neg2,real_non_landslide,23.39166667,92.75527778,2024-11-24,Mizoram,Aizawl,NULL,Debris,Complex,49.56,1375.0,34.8,2.3,1.0,0.1,0.1,0
MIZ/AZL/2024/548,real_landslide,23.43194444,92.76083333,2024-05-28,Mizoram,Aizawl,NULL,Debris,Slide,37.48,1482.0,31.0,20.5,16.8,19.7,86.2,1
MIZ/AZL/2024/548_neg1,real_non_landslide,23.43194444,92.76083333,2023-11-30,Mizoram,Aizawl,NULL,Debris,Slide,37.48,1482.0,31.0,0.0,0.0,0.0,0.0,0
MIZ/AZL/2024/548_neg2,real_non_landslide,23.43194444,92.76083333,2024-11-24,Mizoram,Aizawl,NULL,Debris,Slide,37.48,1482.0,31.0,2.2,1.2,0.2,0.1,0
MIZ/AZL/2024/552,real_landslide,23.44138889,92.77888889,2024-05-28,Mizoram,Aizawl,NULL,Debris,Complex,29.42,1371.0,32.4,24.1,10.4,18.5,88.3,1
MIZ/AZL/2024/552_neg1,real_non_landslide,23.44138889,92.77888889,2023-11-30,Mizoram,Aizawl,NULL,Debris,Complex,29.42,1371.0,32.4,0.0,0.0,0.0,0.0,0
MIZ/AZL/2024/552_neg2,real_non_landslide,23.44138889,92.77888889,2024-11-24,Mizoram,Aizawl,NULL,Debris,Complex,29.42,1371.0,32.4,6.9,2.6,0.5,0.2,0
MIZ/AZL/2024/559,real_landslide,23.48555556,92.70305556,2024-05-28,Mizoram,Aizawl,NULL,Debris,Slide,16.72,947.0,30.1,20.5,16.8,19.7,86.2,1
MIZ/AZL/2024/559_neg1,real_non_landslide,23.48555556,92.70305556,2023-11-30,Mizoram,Aizawl,NULL,Debris,Slide,16.72,947.0,30.1,0.0,0.0,0.0,0.0,0
MIZ/AZL/2024/559_neg2,real_non_landslide,23.48555556,92.70305556,2024-11-24,Mizoram,Aizawl,NULL,Debris,Slide,16.72,947.0,30.1,2.2,1.2,0.2,0.1,0
MIZ/AZL/2024/561,real_landslide,23.49083333,92.70555556,2024-05-28,Mizoram,Aizawl,NULL,Debris,Complex,53.29,904.0,29.8,20.5,16.8,19.7,86.2,1
MIZ/AZL/2024/561_neg1,real_non_landslide,23.49083333,92.70555556,2023-11-30,Mizoram,Aizawl,NULL,Debris,Complex,53.29,904.0,29.8,0.0,0.0,0.0,0.0,0
MIZ/AZL/2024/561_neg2,real_non_landslide,23.49083333,92.70555556,2024-11-24,Mizoram,Aizawl,NULL,Debris,Complex,53.29,904.0,29.8,2.2,1.2,0.2,0.1,0
MIZ/AZL/2024/570,real_landslide,23.66194444,92.85416667,2024-11-12,Mizoram,Aizawl,NULL,Debris,Slide,24.39,835.0,29.4,0.0,0.0,0.0,0.1,1
MIZ/AZL/2024/570_neg1,real_non_landslide,23.66194444,92.85416667,2024-05-16,Mizoram,Aizawl,NULL,Debris,Slide,24.39,835.0,29.4,0.0,0.0,0.0,0.0,0
MIZ/AZL/2024/570_neg2,real_non_landslide,23.66194444,92.85416667,2023-11-13,Mizoram,Aizawl,NULL,Debris,Slide,24.39,835.0,29.4,0.0,0.0,0.0,0.0,0
MIZ/AZL/2024/571,real_landslide,23.68277778,92.8575,2024-05-28,Mizoram,Aizawl,NULL,Debris,Slide,41.33,945.0,30.1,7.3,13.1,13.3,76.9,1
MIZ/AZL/2024/571_neg1,real_non_landslide,23.68277778,92.8575,2023-11-30,Mizoram,Aizawl,NULL,Debris,Slide,41.33,945.0,30.1,0.0,0.0,0.0,0.0,0
MIZ/AZL/2024/571_neg2,real_non_landslide,23.68277778,92.8575,2024-11-24,Mizoram,Aizawl,NULL,Debris,Slide,41.33,945.0,30.1,1.1,0.9,0.0,0.2,0
MIZ/AZL/2024/567,real_landslide,23.49861111,92.70388889,2024-05-28,Mizoram,Aizawl,NULL,Debris,Complex,47.76,950.0,30.1,18.8,16.9,21.6,78.3,1
MIZ/AZL/2024/567_neg1,real_non_landslide,23.49861111,92.70388889,2023-11-30,Mizoram,Aizawl,NULL,Debris,Complex,47.76,950.0,30.1,0.0,0.0,0.0,0.0,0
MIZ/AZL/2024/567_neg2,real_non_landslide,23.49861111,92.70388889,2024-11-24,Mizoram,Aizawl,NULL,Debris,Complex,47.76,950.0,30.1,5.0,0.4,0.1,0.2,0
MIZ/AZL/2024/575,real_landslide,23.71388889,92.85722222,2024-07-02,Mizoram,Aizawl,NULL,Debris,Slide,47.14,834.0,31.3,4.0,17.0,45.7,34.3,1
MIZ/AZL/2024/575_neg1,real_non_landslide,23.71388889,92.85722222,2024-01-04,Mizoram,Aizawl,NULL,Debris,Slide,47.14,834.0,31.3,0.0,0.0,0.0,0.0,0
MIZ/AZL/2024/575_neg2,real_non_landslide,23.71388889,92.85722222,2024-12-29,Mizoram,Aizawl,NULL,Debris,Slide,47.14,834.0,31.3,0.0,0.0,0.0,0.0,0
MIZ/AZL/2024/572,real_landslide,23.68305556,92.8575,2024-05-28,Mizoram,Aizawl,NULL,Debris,Slide,29.5,945.0,30.1,7.3,13.1,13.3,76.9,1
MIZ/AZL/2024/572_neg1,real_non_landslide,23.68305556,92.8575,2023-11-30,Mizoram,Aizawl,NULL,Debris,Slide,29.5,945.0,30.1,0.0,0.0,0.0,0.0,0
MIZ/AZL/2024/572_neg2,real_non_landslide,23.68305556,92.8575,2024-11-24,Mizoram,Aizawl,NULL,Debris,Slide,29.5,945.0,30.1,1.1,0.9,0.0,0.2,0
MIZ/AZL/2024/578,real_landslide,23.69472222,92.85972222,2024-05-28,Mizoram,Aizawl,NULL,Debris,Slide,41.35,906.0,33.2,5.7,15.0,14.7,82.5,1
MIZ/AZL/2024/578_neg1,real_non_landslide,23.69472222,92.85972222,2023-11-30,Mizoram,Aizawl,NULL,Debris,Slide,41.35,906.0,33.2,0.0,0.0,0.0,0.0,0
MIZ/AZL/2024/578_neg2,real_non_landslide,23.69472222,92.85972222,2024-11-24,Mizoram,Aizawl,NULL,Debris,Slide,41.35,906.0,33.2,1.1,0.6,0.0,0.0,0
MIZ/AZL/2024/576,real_landslide,23.68638889,92.85833333,2024-05-28,Mizoram,Aizawl,NULL,Debris,Slide,32.03,916.0,31.1,7.3,13.1,13.3,76.9,1
MIZ/AZL/2024/576_neg1,real_non_landslide,23.68638889,92.85833333,2023-11-30,Mizoram,Aizawl,NULL,Debris,Slide,32.03,916.0,31.1,0.0,0.0,0.0,0.0,0
MIZ/AZL/2024/576_neg2,real_non_landslide,23.68638889,92.85833333,2024-11-24,Mizoram,Aizawl,NULL,Debris,Slide,32.03,916.0,31.1,1.1,0.9,0.0,0.2,0
MIZ/AZL/2024/583,real_landslide,23.72972222,92.85305556,2024-05-28,Mizoram,Aizawl,NULL,Debris,Slide,49.72,747.0,29.8,5.7,15.0,14.7,82.5,1
MIZ/AZL/2024/583_neg1,real_non_landslide,23.72972222,92.85305556,2023-11-30,Mizoram,Aizawl,NULL,Debris,Slide,49.72,747.0,29.8,0.0,0.0,0.0,0.0,0
MIZ/AZL/2024/583_neg2,real_non_landslide,23.72972222,92.85305556,2024-11-24,Mizoram,Aizawl,NULL,Debris,Slide,49.72,747.0,29.8,1.1,0.6,0.0,0.0,0
MIZ/AZL/2024/579,real_landslide,23.71416667,92.85805556,2024-05-28,Mizoram,Aizawl,NULL,Debris,Slide,26.62,898.0,31.3,5.7,15.0,14.7,82.5,1
MIZ/AZL/2024/579_neg1,real_non_landslide,23.71416667,92.85805556,2023-11-30,Mizoram,Aizawl,NULL,Debris,Slide,26.62,898.0,31.3,0.0,0.0,0.0,0.0,0
MIZ/AZL/2024/579_neg2,real_non_landslide,23.71416667,92.85805556,2024-11-24,Mizoram,Aizawl,NULL,Debris,Slide,26.62,898.0,31.3,1.1,0.6,0.0,0.0,0
MIZ/AZL/2024/586,real_landslide,23.73111111,92.84638889,2024-05-28,Mizoram,Aizawl,NULL,Debris,Slide,42.42,673.0,32.4,5.7,15.0,14.7,82.5,1
MIZ/AZL/2024/586_neg1,real_non_landslide,23.73111111,92.84638889,2023-11-30,Mizoram,Aizawl,NULL,Debris,Slide,42.42,673.0,32.4,0.0,0.0,0.0,0.0,0
MIZ/AZL/2024/586_neg2,real_non_landslide,23.73111111,92.84638889,2024-11-24,Mizoram,Aizawl,NULL,Debris,Slide,42.42,673.0,32.4,1.1,0.6,0.0,0.0,0
MIZ/AZL/2024/582,real_landslide,23.72722222,92.85472222,2024-05-28,Mizoram,Aizawl,NULL,Debris,Slide,30.51,802.0,30.2,5.7,15.0,14.7,82.5,1
MIZ/AZL/2024/582_neg1,real_non_landslide,23.72722222,92.85472222,2023-11-30,Mizoram,Aizawl,NULL,Debris,Slide,30.51,802.0,30.2,0.0,0.0,0.0,0.0,0
MIZ/AZL/2024/582_neg2,real_non_landslide,23.72722222,92.85472222,2024-11-24,Mizoram,Aizawl,NULL,Debris,Slide,30.51,802.0,30.2,1.1,0.6,0.0,0.0,0
MIZ/AZL/2024/587,real_landslide,23.73361111,92.84305556,2024-05-28,Mizoram,Aizawl,NULL,Debris,Slide,43.6,680.0,33.0,5.7,15.0,14.7,82.5,1
MIZ/AZL/2024/587_neg1,real_non_landslide,23.73361111,92.84305556,2023-11-30,Mizoram,Aizawl,NULL,Debris,Slide,43.6,680.0,33.0,0.0,0.0,0.0,0.0,0
MIZ/AZL/2024/587_neg2,real_non_landslide,23.73361111,92.84305556,2024-11-24,Mizoram,Aizawl,NULL,Debris,Slide,43.6,680.0,33.0,1.1,0.6,0.0,0.0,0
MIZ/AZL/2024/605,real_landslide,23.73,92.75833333,2024-05-28,Mizoram,Aizawl,NULL,Debris,Complex,41.78,859.0,28.6,15.4,20.4,19.9,68.0,1
MIZ/AZL/2024/605_neg1,real_non_landslide,23.73,92.75833333,2023-11-30,Mizoram,Aizawl,NULL,Debris,Complex,41.78,859.0,28.6,0.0,0.0,0.0,0.0,0
MIZ/AZL/2024/605_neg2,real_non_landslide,23.73,92.75833333,2024-11-24,Mizoram,Aizawl,NULL,Debris,Complex,41.78,859.0,28.6,2.2,0.3,0.0,0.0,0
MIZ/AZL/2024/608,real_landslide,23.73055556,92.75861111,2024-05-28,Mizoram,Aizawl,NULL,Debris,Slide,40.73,859.0,28.6,15.4,20.4,19.9,68.0,1
MIZ/AZL/2024/608_neg1,real_non_landslide,23.73055556,92.75861111,2023-11-30,Mizoram,Aizawl,NULL,Debris,Slide,40.73,859.0,28.6,0.0,0.0,0.0,0.0,0
MIZ/AZL/2024/608_neg2,real_non_landslide,23.73055556,92.75861111,2024-11-24,Mizoram,Aizawl,NULL,Debris,Slide,40.73,859.0,28.6,2.2,0.3,0.0,0.0,0
MIZ/AZL/2024/601,real_landslide,23.73472222,92.81333333,2024-05-28,Mizoram,Aizawl,NULL,Debris,Slide,48.94,438.0,29.7,15.4,20.4,19.9,68.0,1
MIZ/AZL/2024/601_neg1,real_non_landslide,23.73472222,92.81333333,2023-11-30,Mizoram,Aizawl,NULL,Debris,Slide,48.94,438.0,29.7,0.0,0.0,0.0,0.0,0
MIZ/AZL/2024/601_neg2,real_non_landslide,23.73472222,92.81333333,2024-11-24,Mizoram,Aizawl,NULL,Debris,Slide,48.94,438.0,29.7,2.2,0.3,0.0,0.0,0
MIZ/AZL/2024/600,real_landslide,23.73694444,92.81361111,2024-07-02,Mizoram,Aizawl,NULL,Debris,Slide,49.02,368.0,29.2,4.0,11.9,50.0,34.0,1
MIZ/AZL/2024/600_neg1,real_non_landslide,23.73694444,92.81361111,2024-01-04,Mizoram,Aizawl,NULL,Debris,Slide,49.02,368.0,29.2,0.0,0.0,0.0,0.0,0
MIZ/AZL/2024/600_neg2,real_non_landslide,23.73694444,92.81361111,2024-12-29,Mizoram,Aizawl,NULL,Debris,Slide,49.02,368.0,29.2,0.0,0.0,0.0,0.0,0
MIZ/AZL/2024/612,real_landslide,23.73027778,92.76861111,2024-08-28,Mizoram,Aizawl,NULL,Debris,Slide,37.2,757.0,29.9,5.0,3.2,0.6,37.6,1
MIZ/AZL/2024/612_neg1,real_non_landslide,23.73027778,92.76861111,2024-03-01,Mizoram,Aizawl,NULL,Debris,Slide,37.2,757.0,29.9,0.0,0.0,0.0,0.0,0
MIZ/AZL/2024/612_neg2,real_non_landslide,23.73027778,92.76861111,2025-02-24,Mizoram,Aizawl,NULL,Debris,Slide,37.2,757.0,29.9,0.0,0.0,0.3,0.0,0
MIZ/AZL/2024/616,real_landslide,23.73794444,92.78613889,2024-07-02,Mizoram,Aizawl,NULL,Rock,Slide,0.0,522.0,27.4,4.0,11.9,50.0,34.0,1
MIZ/AZL/2024/616_neg1,real_non_landslide,23.73794444,92.78613889,2024-01-04,Mizoram,Aizawl,NULL,Rock,Slide,0.0,522.0,27.4,0.0,0.0,0.0,0.0,0
MIZ/AZL/2024/616_neg2,real_non_landslide,23.73794444,92.78613889,2024-12-29,Mizoram,Aizawl,NULL,Rock,Slide,0.0,522.0,27.4,0.0,0.0,0.0,0.0,0
MIZ/AZL/2024/617,real_landslide,23.7375,92.78805556,2024-07-02,Mizoram,Aizawl,NULL,Debris,Slide,34.73,576.0,26.9,4.0,11.9,50.0,34.0,1
MIZ/AZL/2024/617_neg1,real_non_landslide,23.7375,92.78805556,2024-01-04,Mizoram,Aizawl,NULL,Debris,Slide,34.73,576.0,26.9,0.0,0.0,0.0,0.0,0
MIZ/AZL/2024/617_neg2,real_non_landslide,23.7375,92.78805556,2024-12-29,Mizoram,Aizawl,NULL,Debris,Slide,34.73,576.0,26.9,0.0,0.0,0.0,0.0,0
MIZ/AZL/2024/613,real_landslide,23.73222222,92.76555556,2024-07-02,Mizoram,Aizawl,NULL,Debris,Slide,34.5,922.0,28.6,4.0,11.9,50.0,34.0,1
MIZ/AZL/2024/613_neg1,real_non_landslide,23.73222222,92.76555556,2024-01-04,Mizoram,Aizawl,NULL,Debris,Slide,34.5,922.0,28.6,0.0,0.0,0.0,0.0,0
MIZ/AZL/2024/613_neg2,real_non_landslide,23.73222222,92.76555556,2024-12-29,Mizoram,Aizawl,NULL,Debris,Slide,34.5,922.0,28.6,0.0,0.0,0.0,0.0,0
MIZ/AZL/2024/620,real_landslide,23.73388889,92.79388889,2024-07-02,Mizoram,Aizawl,NULL,Debris,Slide,32.78,346.0,28.7,4.0,11.9,50.0,34.0,1
MIZ/AZL/2024/620_neg1,real_non_landslide,23.73388889,92.79388889,2024-01-04,Mizoram,Aizawl,NULL,Debris,Slide,32.78,346.0,28.7,0.0,0.0,0.0,0.0,0
MIZ/AZL/2024/620_neg2,real_non_landslide,23.73388889,92.79388889,2024-12-29,Mizoram,Aizawl,NULL,Debris,Slide,32.78,346.0,28.7,0.0,0.0,0.0,0.0,0
MIZ/AZL/2024/621,real_landslide,23.72222222,92.79861111,2024-05-28,Mizoram,Aizawl,NULL,Debris,Complex,6.72,189.0,27.0,15.4,20.4,19.9,68.0,1
MIZ/AZL/2024/621_neg1,real_non_landslide,23.72222222,92.79861111,2023-11-30,Mizoram,Aizawl,NULL,Debris,Complex,6.72,189.0,27.0,0.0,0.0,0.0,0.0,0
MIZ/AZL/2024/621_neg2,real_non_landslide,23.72222222,92.79861111,2024-11-24,Mizoram,Aizawl,NULL,Debris,Complex,6.72,189.0,27.0,2.2,0.3,0.0,0.0,0
MIZ/AZL/2024/622,real_landslide,23.72138889,92.79944444,2024-07-02,Mizoram,Aizawl,NULL,Debris,Slide,17.46,202.0,26.8,4.0,11.9,50.0,34.0,1
MIZ/AZL/2024/622_neg1,real_non_landslide,23.72138889,92.79944444,2024-01-04,Mizoram,Aizawl,NULL,Debris,Slide,17.46,202.0,26.8,0.0,0.0,0.0,0.0,0
MIZ/AZL/2024/622_neg2,real_non_landslide,23.72138889,92.79944444,2024-12-29,Mizoram,Aizawl,NULL,Debris,Slide,17.46,202.0,26.8,0.0,0.0,0.0,0.0,0
MIZ/AZL/2024/623,real_landslide,23.72138889,92.85777778,2024-07-02,Mizoram,Aizawl,NULL,Debris,Slide,15.29,770.0,32.7,4.0,17.0,45.7,34.3,1
MIZ/AZL/2024/623_neg1,real_non_landslide,23.72138889,92.85777778,2024-01-04,Mizoram,Aizawl,NULL,Debris,Slide,15.29,770.0,32.7,0.0,0.0,0.0,0.0,0
MIZ/AZL/2024/623_neg2,real_non_landslide,23.72138889,92.85777778,2024-12-29,Mizoram,Aizawl,NULL,Debris,Slide,15.29,770.0,32.7,0.0,0.0,0.0,0.0,0
MIZ/AZL/2024/629,real_landslide,23.70333333,92.87638889,2024-07-18,Mizoram,Aizawl,NULL,Debris,Slide,34.73,569.0,28.2,10.5,19.2,15.3,3.9,1
MIZ/AZL/2024/629_neg1,real_non_landslide,23.70333333,92.87638889,2024-01-20,Mizoram,Aizawl,NULL,Debris,Slide,34.73,569.0,28.2,0.0,0.0,0.0,0.0,0
MIZ/AZL/2024/629_neg2,real_non_landslide,23.70333333,92.87638889,2025-01-14,Mizoram,Aizawl,NULL,Debris,Slide,34.73,569.0,28.2,0.0,0.0,0.0,0.0,0
MIZ/AZL/2024/624,real_landslide,23.72083333,92.86472222,2024-07-02,Mizoram,Aizawl,NULL,Debris,Slide,50.13,794.0,32.7,4.0,17.0,45.7,34.3,1
MIZ/AZL/2024/624_neg1,real_non_landslide,23.72083333,92.86472222,2024-01-04,Mizoram,Aizawl,NULL,Debris,Slide,50.13,794.0,32.7,0.0,0.0,0.0,0.0,0
MIZ/AZL/2024/624_neg2,real_non_landslide,23.72083333,92.86472222,2024-12-29,Mizoram,Aizawl,NULL,Debris,Slide,50.13,794.0,32.7,0.0,0.0,0.0,0.0,0
MIZ/AZL/2024/634,real_landslide,23.73361111,92.84833333,2024-06-07,Mizoram,Aizawl,NULL,Debris,Slide,43.35,709.0,32.4,3.9,0.0,0.1,1.6,1
MIZ/AZL/2024/634_neg1,real_non_landslide,23.73361111,92.84833333,2023-12-10,Mizoram,Aizawl,NULL,Debris,Slide,43.35,709.0,32.4,26.0,14.8,3.0,0.5,0
MIZ/AZL/2024/634_neg2,real_non_landslide,23.73361111,92.84833333,2024-12-04,Mizoram,Aizawl,NULL,Debris,Slide,43.35,709.0,32.4,2.8,0.2,0.0,0.0,0
MIZ/AZL/2024/627,real_landslide,23.71166667,92.87833333,2024-07-02,Mizoram,Aizawl,NULL,Debris,Slide,29.21,577.0,30.2,4.0,17.0,45.7,34.3,1
MIZ/AZL/2024/627_neg1,real_non_landslide,23.71166667,92.87833333,2024-01-04,Mizoram,Aizawl,NULL,Debris,Slide,29.21,577.0,30.2,0.0,0.0,0.0,0.0,0
MIZ/AZL/2024/627_neg2,real_non_landslide,23.71166667,92.87833333,2024-12-29,Mizoram,Aizawl,NULL,Debris,Slide,29.21,577.0,30.2,0.0,0.0,0.0,0.0,0
MIZ/AZL/2024/638,real_landslide,23.73583333,92.85194444,2024-05-28,Mizoram,Aizawl,NULL,Debris,Slide,39.81,683.0,32.2,5.7,15.0,14.7,82.5,1
MIZ/AZL/2024/638_neg1,real_non_landslide,23.73583333,92.85194444,2023-11-30,Mizoram,Aizawl,NULL,Debris,Slide,39.81,683.0,32.2,0.0,0.0,0.0,0.0,0
MIZ/AZL/2024/638_neg2,real_non_landslide,23.73583333,92.85194444,2024-11-24,Mizoram,Aizawl,NULL,Debris,Slide,39.81,683.0,32.2,1.1,0.6,0.0,0.0,0
MIZ/AZL/2024/635,real_landslide,23.73361111,92.85305556,2024-08-28,Mizoram,Aizawl,NULL,Debris,Complex,52.49,792.0,32.2,10.5,3.9,1.8,28.7,1
MIZ/AZL/2024/635_neg1,real_non_landslide,23.73361111,92.85305556,2024-03-01,Mizoram,Aizawl,NULL,Debris,Complex,52.49,792.0,32.2,0.0,0.0,0.0,0.0,0
MIZ/AZL/2024/635_neg2,real_non_landslide,23.73361111,92.85305556,2025-02-24,Mizoram,Aizawl,NULL,Debris,Complex,52.49,792.0,32.2,0.0,0.0,0.1,0.0,0
MIZ/AZL/2024/636,real_landslide,23.735,92.85666667,2024-07-02,Mizoram,Aizawl,NULL,Debris,Slide,47.35,791.0,32.5,4.0,17.0,45.7,34.3,1
MIZ/AZL/2024/636_neg1,real_non_landslide,23.735,92.85666667,2024-01-04,Mizoram,Aizawl,NULL,Debris,Slide,47.35,791.0,32.5,0.0,0.0,0.0,0.0,0
MIZ/AZL/2024/636_neg2,real_non_landslide,23.735,92.85666667,2024-12-29,Mizoram,Aizawl,NULL,Debris,Slide,47.35,791.0,32.5,0.0,0.0,0.0,0.0,0
MIZ/AZL/2024/639,real_landslide,23.74416667,92.85555556,2024-09-25,Mizoram,Aizawl,NULL,Debris,Slide,6.92,837.0,32.3,0.0,0.1,20.8,23.4,1
MIZ/AZL/2024/639_neg1,real_non_landslide,23.74416667,92.85555556,2024-03-29,Mizoram,Aizawl,NULL,Debris,Slide,6.92,837.0,32.3,0.3,0.0,1.8,1.0,0
MIZ/AZL/2024/639_neg2,real_non_landslide,23.74416667,92.85555556,2025-03-24,Mizoram,Aizawl,NULL,Debris,Slide,6.92,837.0,32.3,0.1,0.2,0.0,0.0,0
MIZ/AZL/2024/637,real_landslide,23.73666667,92.85611111,2024-07-02,Mizoram,Aizawl,NULL,Debris,Slide,38.88,752.0,30.6,4.0,17.0,45.7,34.3,1
MIZ/AZL/2024/637_neg1,real_non_landslide,23.73666667,92.85611111,2024-01-04,Mizoram,Aizawl,NULL,Debris,Slide,38.88,752.0,30.6,0.0,0.0,0.0,0.0,0
MIZ/AZL/2024/637_neg2,real_non_landslide,23.73666667,92.85611111,2024-12-29,Mizoram,Aizawl,NULL,Debris,Slide,38.88,752.0,30.6,0.0,0.0,0.0,0.0,0
MIZ/AZL/2024/640,real_landslide,23.74361111,92.85416667,2024-09-25,Mizoram,Aizawl,NULL,Debris,Slide,37.4,842.0,32.3,0.0,0.1,20.8,23.4,1
MIZ/AZL/2024/640_neg1,real_non_landslide,23.74361111,92.85416667,2024-03-29,Mizoram,Aizawl,NULL,Debris,Slide,37.4,842.0,32.3,0.3,0.0,1.8,1.0,0
MIZ/AZL/2024/640_neg2,real_non_landslide,23.74361111,92.85416667,2025-03-24,Mizoram,Aizawl,NULL,Debris,Slide,37.4,842.0,32.3,0.1,0.2,0.0,0.0,0
MIZ/AZL/2024/642,real_landslide,23.76166667,92.85083333,2024-07-02,Mizoram,Aizawl,NULL,Debris,Complex,36.68,775.0,33.3,6.6,20.6,51.5,35.1,1
MIZ/AZL/2024/642_neg1,real_non_landslide,23.76166667,92.85083333,2024-01-04,Mizoram,Aizawl,NULL,Debris,Complex,36.68,775.0,33.3,0.0,0.0,0.0,0.0,0
MIZ/AZL/2024/642_neg2,real_non_landslide,23.76166667,92.85083333,2024-12-29,Mizoram,Aizawl,NULL,Debris,Complex,36.68,775.0,33.3,0.0,0.0,0.0,0.0,0
MIZ/AZL/2024/641,real_landslide,23.76111111,92.84777778,2024-07-02,Mizoram,Aizawl,NULL,Debris,Slide,48.0,762.0,33.2,6.6,20.6,51.5,35.1,1
MIZ/AZL/2024/641_neg1,real_non_landslide,23.76111111,92.84777778,2024-01-04,Mizoram,Aizawl,NULL,Debris,Slide,48.0,762.0,33.2,0.0,0.0,0.0,0.0,0
MIZ/AZL/2024/641_neg2,real_non_landslide,23.76111111,92.84777778,2024-12-29,Mizoram,Aizawl,NULL,Debris,Slide,48.0,762.0,33.2,0.0,0.0,0.0,0.0,0
MIZ/AZL/2024/643,real_landslide,23.76527778,92.85,2024-07-02,Mizoram,Aizawl,NULL,Earth,Slide,30.83,793.0,32.2,6.6,20.6,51.5,35.1,1
MIZ/AZL/2024/643_neg1,real_non_landslide,23.76527778,92.85,2024-01-04,Mizoram,Aizawl,NULL,Earth,Slide,30.83,793.0,32.2,0.0,0.0,0.0,0.0,0
MIZ/AZL/2024/643_neg2,real_non_landslide,23.76527778,92.85,2024-12-29,Mizoram,Aizawl,NULL,Earth,Slide,30.83,793.0,32.2,0.0,0.0,0.0,0.0,0
MIZ/AZL/2024/645,real_landslide,23.77777778,92.8479,2024-05-28,Mizoram,Aizawl,NULL,Earth,Slide,42.51,706.0,31.2,3.4,6.8,15.1,66.6,1
MIZ/AZL/2024/645_neg1,real_non_landslide,23.77777778,92.8479,2023-11-30,Mizoram,Aizawl,NULL,Earth,Slide,42.51,706.0,31.2,0.0,0.0,0.0,0.0,0
MIZ/AZL/2024/645_neg2,real_non_landslide,23.77777778,92.8479,2024-11-24,Mizoram,Aizawl,NULL,Earth,Slide,42.51,706.0,31.2,0.8,1.7,0.1,0.1,0
MIZ/AZL/2024/644,real_landslide,23.76861111,92.85138889,2024-07-02,Mizoram,Aizawl,NULL,Earth,Slide,37.5,726.0,33.7,6.6,20.6,51.5,35.1,1
MIZ/AZL/2024/644_neg1,real_non_landslide,23.76861111,92.85138889,2024-01-04,Mizoram,Aizawl,NULL,Earth,Slide,37.5,726.0,33.7,0.0,0.0,0.0,0.0,0
MIZ/AZL/2024/644_neg2,real_non_landslide,23.76861111,92.85138889,2024-12-29,Mizoram,Aizawl,NULL,Earth,Slide,37.5,726.0,33.7,0.0,0.0,0.0,0.0,0
MIZ/AZL/2024/646,real_landslide,23.774,92.848,2024-06-28,Mizoram,Aizawl,NULL,Debris,Slide,20.97,630.0,31.4,13.2,16.8,11.3,11.1,1
MIZ/AZL/2024/646_neg1,real_non_landslide,23.774,92.848,2023-12-31,Mizoram,Aizawl,NULL,Debris,Slide,20.97,630.0,31.4,0.0,0.0,0.0,0.0,0
MIZ/AZL/2024/646_neg2,real_non_landslide,23.774,92.848,2024-12-25,Mizoram,Aizawl,NULL,Debris,Slide,20.97,630.0,31.4,0.0,0.0,0.0,0.0,0
MIZ/AZL/2024/647,real_landslide,23.7775,92.84833333,2024-05-28,Mizoram,Aizawl,NULL,Debris,Slide,40.15,731.0,31.2,3.4,6.8,15.1,66.6,1
MIZ/AZL/2024/647_neg1,real_non_landslide,23.7775,92.84833333,2023-11-30,Mizoram,Aizawl,NULL,Debris,Slide,40.15,731.0,31.2,0.0,0.0,0.0,0.0,0
MIZ/AZL/2024/647_neg2,real_non_landslide,23.7775,92.84833333,2024-11-24,Mizoram,Aizawl,NULL,Debris,Slide,40.15,731.0,31.2,0.8,1.7,0.1,0.1,0
MIZ/AZL/2024/648,real_landslide,23.77833333,92.84666667,2024-05-28,Mizoram,Aizawl,NULL,Debris,Slide,36.82,685.0,31.2,3.4,6.8,15.1,66.6,1
MIZ/AZL/2024/648_neg1,real_non_landslide,23.77833333,92.84666667,2023-11-30,Mizoram,Aizawl,NULL,Debris,Slide,36.82,685.0,31.2,0.0,0.0,0.0,0.0,0
MIZ/AZL/2024/648_neg2,real_non_landslide,23.77833333,92.84666667,2024-11-24,Mizoram,Aizawl,NULL,Debris,Slide,36.82,685.0,31.2,0.8,1.7,0.1,0.1,0
MIZ/AZL/2024/649,real_landslide,23.77166667,92.84805556,2023-07-23,Mizoram,Aizawl,NULL,Debris,Slide,46.65,680.0,30.3,35.4,23.0,6.3,15.8,1
MIZ/AZL/2024/649_neg1,real_non_landslide,23.77166667,92.84805556,2023-01-24,Mizoram,Aizawl,NULL,Debris,Slide,46.65,680.0,30.3,0.0,0.0,0.0,0.0,0
MIZ/AZL/2024/649_neg2,real_non_landslide,23.77166667,92.84805556,2024-01-19,Mizoram,Aizawl,NULL,Debris,Slide,46.65,680.0,30.3,0.0,0.0,0.0,0.0,0
MIZ/AZL/2024/652,real_landslide,23.77361111,92.84944444,2024-05-28,Mizoram,Aizawl,NULL,Debris,Slide,41.1,701.0,31.8,3.4,6.8,15.1,66.6,1
MIZ/AZL/2024/652_neg1,real_non_landslide,23.77361111,92.84944444,2023-11-30,Mizoram,Aizawl,NULL,Debris,Slide,41.1,701.0,31.8,0.0,0.0,0.0,0.0,0
MIZ/AZL/2024/652_neg2,real_non_landslide,23.77361111,92.84944444,2024-11-24,Mizoram,Aizawl,NULL,Debris,Slide,41.1,701.0,31.8,0.8,1.7,0.1,0.1,0
MIZ/AZL/2024/657,real_landslide,23.82638889,92.8325,2024-05-28,Mizoram,Aizawl,NULL,Debris,Slide,49.6,402.0,27.7,3.4,6.8,15.1,66.6,1
MIZ/AZL/2024/657_neg1,real_non_landslide,23.82638889,92.8325,2023-11-30,Mizoram,Aizawl,NULL,Debris,Slide,49.6,402.0,27.7,0.0,0.0,0.0,0.0,0
MIZ/AZL/2024/657_neg2,real_non_landslide,23.82638889,92.8325,2024-11-24,Mizoram,Aizawl,NULL,Debris,Slide,49.6,402.0,27.7,0.8,1.7,0.1,0.1,0
MIZ/AZL/2024/659,real_landslide,23.83277778,92.8325,2024-07-02,Mizoram,Aizawl,NULL,Debris,Slide,48.55,391.0,26.2,4.3,11.8,55.4,35.7,1
MIZ/AZL/2024/659_neg1,real_non_landslide,23.83277778,92.8325,2024-01-04,Mizoram,Aizawl,NULL,Debris,Slide,48.55,391.0,26.2,0.0,0.0,0.0,0.0,0
MIZ/AZL/2024/659_neg2,real_non_landslide,23.83277778,92.8325,2024-12-29,Mizoram,Aizawl,NULL,Debris,Slide,48.55,391.0,26.2,0.0,0.0,0.0,0.0,0
MIZ/AZL/2024/660,real_landslide,23.83888889,92.83194444,2024-07-02,Mizoram,Aizawl,NULL,Earth,Slide,35.98,246.0,25.7,4.3,11.8,55.4,35.7,1
MIZ/AZL/2024/660_neg1,real_non_landslide,23.83888889,92.83194444,2024-01-04,Mizoram,Aizawl,NULL,Earth,Slide,35.98,246.0,25.7,0.0,0.0,0.0,0.0,0
MIZ/AZL/2024/660_neg2,real_non_landslide,23.83888889,92.83194444,2024-12-29,Mizoram,Aizawl,NULL,Earth,Slide,35.98,246.0,25.7,0.0,0.0,0.0,0.0,0
MIZ/AZL/2024/661,real_landslide,23.84777778,92.83694444,2024-05-28,Mizoram,Aizawl,NULL,Debris,Slide,30.21,364.0,24.8,3.6,11.3,16.7,78.3,1
MIZ/AZL/2024/661_neg1,real_non_landslide,23.84777778,92.83694444,2023-11-30,Mizoram,Aizawl,NULL,Debris,Slide,30.21,364.0,24.8,0.0,0.0,0.0,0.0,0
MIZ/AZL/2024/661_neg2,real_non_landslide,23.84777778,92.83694444,2024-11-24,Mizoram,Aizawl,NULL,Debris,Slide,30.21,364.0,24.8,1.1,0.5,0.1,0.0,0
MIZ/AZL/2024/662,real_landslide,23.85194444,92.83305556,2024-09-25,Mizoram,Aizawl,NULL,Earth,Slide,32.53,144.0,26.8,0.0,0.1,23.5,21.9,1
MIZ/AZL/2024/662_neg1,real_non_landslide,23.85194444,92.83305556,2024-03-29,Mizoram,Aizawl,NULL,Earth,Slide,32.53,144.0,26.8,7.1,0.2,5.4,1.1,0
MIZ/AZL/2024/662_neg2,real_non_landslide,23.85194444,92.83305556,2025-03-24,Mizoram,Aizawl,NULL,Earth,Slide,32.53,144.0,26.8,0.2,0.2,0.0,0.0,0
MIZ/AZL/2024/663,real_landslide,23.86222222,92.83666667,2024-07-02,Mizoram,Aizawl,NULL,Debris,Slide,41.25,252.0,25.0,3.3,17.1,53.6,33.8,1
MIZ/AZL/2024/663_neg1,real_non_landslide,23.86222222,92.83666667,2024-01-04,Mizoram,Aizawl,NULL,Debris,Slide,41.25,252.0,25.0,0.0,0.0,0.0,0.0,0
MIZ/AZL/2024/663_neg2,real_non_landslide,23.86222222,92.83666667,2024-12-29,Mizoram,Aizawl,NULL,Debris,Slide,41.25,252.0,25.0,0.0,0.0,0.0,0.0,0
MIZ/AZL/2024/664,real_landslide,23.87694444,92.84,2024-07-02,Mizoram,Aizawl,NULL,Earth,Slide,30.81,382.0,26.6,3.3,17.1,53.6,33.8,1
MIZ/AZL/2024/664_neg1,real_non_landslide,23.87694444,92.84,2024-01-04,Mizoram,Aizawl,NULL,Earth,Slide,30.81,382.0,26.6,0.0,0.0,0.0,0.0,0
MIZ/AZL/2024/664_neg2,real_non_landslide,23.87694444,92.84,2024-12-29,Mizoram,Aizawl,NULL,Earth,Slide,30.81,382.0,26.6,0.0,0.0,0.0,0.0,0
MIZ/AZL/2024/666,real_landslide,23.88583333,92.85055556,2024-09-28,Mizoram,Aizawl,NULL,Rock,Slide,32.75,523.0,31.7,21.9,3.4,6.7,1.3,1
MIZ/AZL/2024/666_neg1,real_non_landslide,23.88583333,92.85055556,2024-04-01,Mizoram,Aizawl,NULL,Rock,Slide,32.75,523.0,31.7,1.1,5.1,4.3,2.3,0
MIZ/AZL/2024/666_neg2,real_non_landslide,23.88583333,92.85055556,2025-03-27,Mizoram,Aizawl,NULL,Rock,Slide,32.75,523.0,31.7,0.0,0.0,0.0,0.0,0
MIZ/AZL/2024/667,real_landslide,23.89277778,92.85083333,2024-09-28,Mizoram,Aizawl,NULL,Debris,Slide,40.5,609.0,30.8,21.9,3.4,6.7,1.3,1
MIZ/AZL/2024/667_neg1,real_non_landslide,23.89277778,92.85083333,2024-04-01,Mizoram,Aizawl,NULL,Debris,Slide,40.5,609.0,30.8,1.1,5.1,4.3,2.3,0
MIZ/AZL/2024/667_neg2,real_non_landslide,23.89277778,92.85083333,2025-03-27,Mizoram,Aizawl,NULL,Debris,Slide,40.5,609.0,30.8,0.0,0.0,0.0,0.0,0
MIZ/AZL/2024/670,real_landslide,23.88361111,92.85305556,2024-08-17,Mizoram,Aizawl,NULL,Earth,Slide,42.11,629.0,32.6,4.2,29.1,17.3,30.2,1
MIZ/AZL/2024/670_neg1,real_non_landslide,23.88361111,92.85305556,2024-02-19,Mizoram,Aizawl,NULL,Earth,Slide,42.11,629.0,32.6,0.0,0.0,0.0,0.0,0
MIZ/AZL/2024/670_neg2,real_non_landslide,23.88361111,92.85305556,2025-02-13,Mizoram,Aizawl,NULL,Earth,Slide,42.11,629.0,32.6,0.0,0.0,0.1,2.4,0
MIZ/AZL/2024/668,real_landslide,23.89138889,92.84888889,2024-07-02,Mizoram,Aizawl,NULL,Debris,Slide,9.74,583.0,30.2,3.3,17.1,53.6,33.8,1
MIZ/AZL/2024/668_neg1,real_non_landslide,23.89138889,92.84888889,2024-01-04,Mizoram,Aizawl,NULL,Debris,Slide,9.74,583.0,30.2,0.0,0.0,0.0,0.0,0
MIZ/AZL/2024/668_neg2,real_non_landslide,23.89138889,92.84888889,2024-12-29,Mizoram,Aizawl,NULL,Debris,Slide,9.74,583.0,30.2,0.0,0.0,0.0,0.0,0
MIZ/AZL/2024/669,real_landslide,23.89305556,92.84722222,2024-09-28,Mizoram,Aizawl,NULL,Earth,Slide,44.47,545.0,30.1,21.9,3.4,6.7,1.3,1
MIZ/AZL/2024/669_neg1,real_non_landslide,23.89305556,92.84722222,2024-04-01,Mizoram,Aizawl,NULL,Earth,Slide,44.47,545.0,30.1,1.1,5.1,4.3,2.3,0
MIZ/AZL/2024/669_neg2,real_non_landslide,23.89305556,92.84722222,2025-03-27,Mizoram,Aizawl,NULL,Earth,Slide,44.47,545.0,30.1,0.0,0.0,0.0,0.0,0
MIZ/AZL/2024/671,real_landslide,23.88527778,92.8575,2024-09-25,Mizoram,Aizawl,NULL,Earth,Slide,33.69,764.0,34.1,0.0,0.1,23.5,21.9,1
MIZ/AZL/2024/671_neg1,real_non_landslide,23.88527778,92.8575,2024-03-29,Mizoram,Aizawl,NULL,Earth,Slide,33.69,764.0,34.1,7.1,0.2,5.4,1.1,0
MIZ/AZL/2024/671_neg2,real_non_landslide,23.88527778,92.8575,2025-03-24,Mizoram,Aizawl,NULL,Earth,Slide,33.69,764.0,34.1,0.2,0.2,0.0,0.0,0
MIZ/AZL/2024/665,real_landslide,23.87777778,92.84083333,2024-09-25,Mizoram,Aizawl,NULL,Debris,Slide,51.05,323.0,31.5,0.0,0.1,23.5,21.9,1
MIZ/AZL/2024/665_neg1,real_non_landslide,23.87777778,92.84083333,2024-03-29,Mizoram,Aizawl,NULL,Debris,Slide,51.05,323.0,31.5,7.1,0.2,5.4,1.1,0
MIZ/AZL/2024/665_neg2,real_non_landslide,23.87777778,92.84083333,2025-03-24,Mizoram,Aizawl,NULL,Debris,Slide,51.05,323.0,31.5,0.2,0.2,0.0,0.0,0
MIZ/AZL/2024/705,real_landslide,24.03503889,93.54139444,2024-09-28,Mizoram,Aizawl,NULL,Debris,Slide,20.1,965.0,29.4,33.3,7.2,1.2,1.5,1
MIZ/AZL/2024/705_neg1,real_non_landslide,24.03503889,93.54139444,2024-04-01,Mizoram,Aizawl,NULL,Debris,Slide,20.1,965.0,29.4,0.2,4.2,0.3,1.0,0
MIZ/AZL/2024/705_neg2,real_non_landslide,24.03503889,93.54139444,2025-03-27,Mizoram,Aizawl,NULL,Debris,Slide,20.1,965.0,29.4,0.1,0.0,0.0,0.0,0
MIZ/AZL/2024/707,real_landslide,24.04531667,93.49220278,2024-10-07,Mizoram,Aizawl,NULL,Debris,Slide,17.57,1352.0,34.2,15.9,2.2,4.3,3.5,1
MIZ/AZL/2024/707_neg1,real_non_landslide,24.04531667,93.49220278,2024-04-10,Mizoram,Aizawl,NULL,Debris,Slide,17.57,1352.0,34.2,0.6,0.5,0.0,0.0,0
MIZ/AZL/2024/707_neg2,real_non_landslide,24.04531667,93.49220278,2025-04-05,Mizoram,Aizawl,NULL,Debris,Slide,17.57,1352.0,34.2,0.0,0.0,0.0,1.6,0
MIZ/AZL/2024/708,real_landslide,24.090025,93.54191667,2024-10-07,Mizoram,Aizawl,NULL,Debris,Slide,23.43,671.0,29.4,14.7,1.6,5.6,3.8,1
MIZ/AZL/2024/708_neg1,real_non_landslide,24.090025,93.54191667,2024-04-10,Mizoram,Aizawl,NULL,Debris,Slide,23.43,671.0,29.4,1.1,0.1,0.0,0.0,0
MIZ/AZL/2024/708_neg2,real_non_landslide,24.090025,93.54191667,2025-04-05,Mizoram,Aizawl,NULL,Debris,Slide,23.43,671.0,29.4,0.0,0.0,0.0,1.8,0
MIZ/AZL/2024/710,real_landslide,24.12682222,93.54013889,2024-09-28,Mizoram,Aizawl,NULL,Debris,Slide,16.72,760.0,29.9,15.4,5.2,1.3,1.1,1
MIZ/AZL/2024/710_neg1,real_non_landslide,24.12682222,93.54013889,2024-04-01,Mizoram,Aizawl,NULL,Debris,Slide,16.72,760.0,29.9,0.6,5.1,0.2,1.3,0
MIZ/AZL/2024/710_neg2,real_non_landslide,24.12682222,93.54013889,2025-03-27,Mizoram,Aizawl,NULL,Debris,Slide,16.72,760.0,29.9,0.0,0.0,0.0,0.0,0
MIZ/AZL/2024/711,real_landslide,24.12715278,93.53351389,2024-10-07,Mizoram,Aizawl,NULL,Earth,Slide,22.62,639.0,30.3,6.9,0.9,4.0,7.3,1
MIZ/AZL/2024/711_neg1,real_non_landslide,24.12715278,93.53351389,2024-04-10,Mizoram,Aizawl,NULL,Earth,Slide,22.62,639.0,30.3,1.0,0.1,0.0,0.0,0
MIZ/AZL/2024/711_neg2,real_non_landslide,24.12715278,93.53351389,2025-04-05,Mizoram,Aizawl,NULL,Earth,Slide,22.62,639.0,30.3,0.0,0.0,0.0,1.4,0
MIZ/AZL/2024/712,real_landslide,24.17180556,93.54406667,2024-07-02,Mizoram,Aizawl,NULL,Debris,Slide,32.96,682.0,26.6,5.0,13.7,35.2,24.8,1
MIZ/AZL/2024/712_neg1,real_non_landslide,24.17180556,93.54406667,2024-01-04,Mizoram,Aizawl,NULL,Debris,Slide,32.96,682.0,26.6,0.0,0.0,0.0,0.0,0
MIZ/AZL/2024/712_neg2,real_non_landslide,24.17180556,93.54406667,2024-12-29,Mizoram,Aizawl,NULL,Debris,Slide,32.96,682.0,26.6,0.0,0.0,0.0,0.0,0
MIZ/AZL/2024/672,real_landslide,23.76972222,92.76,2024-07-02,Mizoram,Aizawl,NULL,Earth,Slide,41.89,1149.0,28.8,4.5,10.2,54.0,37.3,1
MIZ/AZL/2024/672_neg1,real_non_landslide,23.76972222,92.76,2024-01-04,Mizoram,Aizawl,NULL,Earth,Slide,41.89,1149.0,28.8,0.0,0.0,0.0,0.0,0
MIZ/AZL/2024/672_neg2,real_non_landslide,23.76972222,92.76,2024-12-29,Mizoram,Aizawl,NULL,Earth,Slide,41.89,1149.0,28.8,0.0,0.0,0.0,0.0,0
MIZ/AZL/2024/713,real_landslide,24.18291667,93.53441944,2024-07-02,Mizoram,Aizawl,NULL,Debris,Slide,19.29,810.0,31.3,5.0,13.7,35.2,24.8,1
MIZ/AZL/2024/713_neg1,real_non_landslide,24.18291667,93.53441944,2024-01-04,Mizoram,Aizawl,NULL,Debris,Slide,19.29,810.0,31.3,0.0,0.0,0.0,0.0,0
MIZ/AZL/2024/713_neg2,real_non_landslide,24.18291667,93.53441944,2024-12-29,Mizoram,Aizawl,NULL,Debris,Slide,19.29,810.0,31.3,0.0,0.0,0.0,0.0,0
MIZ/AZL/2024/714,real_landslide,24.18566111,93.53935278,2024-07-02,Mizoram,Aizawl,NULL,Debris,Slide,24.17,663.0,29.1,5.0,13.7,35.2,24.8,1
MIZ/AZL/2024/714_neg1,real_non_landslide,24.18566111,93.53935278,2024-01-04,Mizoram,Aizawl,NULL,Debris,Slide,24.17,663.0,29.1,0.0,0.0,0.0,0.0,0
MIZ/AZL/2024/714_neg2,real_non_landslide,24.18566111,93.53935278,2024-12-29,Mizoram,Aizawl,NULL,Debris,Slide,24.17,663.0,29.1,0.0,0.0,0.0,0.0,0
MIZ/AZL/2024/715,real_landslide,24.24449722,93.55275833,2024-07-02,Mizoram,Aizawl,NULL,Debris,Slide,19.29,1040.0,29.1,5.1,18.8,46.2,28.2,1
MIZ/AZL/2024/715_neg1,real_non_landslide,24.24449722,93.55275833,2024-01-04,Mizoram,Aizawl,NULL,Debris,Slide,19.29,1040.0,29.1,0.0,0.0,0.0,0.0,0
MIZ/AZL/2024/715_neg2,real_non_landslide,24.24449722,93.55275833,2024-12-29,Mizoram,Aizawl,NULL,Debris,Slide,19.29,1040.0,29.1,0.0,0.0,0.0,0.0,0
MIZ/AZL/2024/709,real_landslide,24.10864167,93.54198333,2024-09-28,Mizoram,Aizawl,NULL,Debris,Slide,0.0,751.0,31.1,15.4,5.2,1.3,1.1,1
MIZ/AZL/2024/709_neg1,real_non_landslide,24.10864167,93.54198333,2024-04-01,Mizoram,Aizawl,NULL,Debris,Slide,0.0,751.0,31.1,0.6,5.1,0.2,1.3,0
MIZ/AZL/2024/709_neg2,real_non_landslide,24.10864167,93.54198333,2025-03-27,Mizoram,Aizawl,NULL,Debris,Slide,0.0,751.0,31.1,0.0,0.0,0.0,0.0,0
MIZ/AZL/2024/716,real_landslide,24.24755556,93.54809722,2024-07-02,Mizoram,Aizawl,NULL,Debris,Slide,38.57,1218.0,31.8,7.7,10.1,64.2,24.4,1
MIZ/AZL/2024/716_neg1,real_non_landslide,24.24755556,93.54809722,2024-01-04,Mizoram,Aizawl,NULL,Debris,Slide,38.57,1218.0,31.8,0.0,0.0,0.0,0.0,0
MIZ/AZL/2024/716_neg2,real_non_landslide,24.24755556,93.54809722,2024-12-29,Mizoram,Aizawl,NULL,Debris,Slide,38.57,1218.0,31.8,0.0,0.0,0.0,0.0,0
MIZ/AZL/2024/717,real_landslide,24.28840278,93.58591389,2024-08-13,Mizoram,Aizawl,NULL,Debris,Slide,36.38,822.0,28.9,7.2,9.5,1.4,8.0,1
MIZ/AZL/2024/717_neg1,real_non_landslide,24.28840278,93.58591389,2024-02-15,Mizoram,Aizawl,NULL,Debris,Slide,36.38,822.0,28.9,0.0,0.0,0.0,0.0,0
MIZ/AZL/2024/717_neg2,real_non_landslide,24.28840278,93.58591389,2025-02-09,Mizoram,Aizawl,NULL,Debris,Slide,36.38,822.0,28.9,0.0,0.0,0.0,0.0,0
MIZ/AZL/2024/718,real_landslide,24.29982222,93.59040833,2024-08-13,Mizoram,Aizawl,NULL,Debris,Slide,34.99,774.0,29.6,7.2,9.5,1.4,8.0,1
MIZ/AZL/2024/718_neg1,real_non_landslide,24.29982222,93.59040833,2024-02-15,Mizoram,Aizawl,NULL,Debris,Slide,34.99,774.0,29.6,0.0,0.0,0.0,0.0,0
MIZ/AZL/2024/718_neg2,real_non_landslide,24.29982222,93.59040833,2025-02-09,Mizoram,Aizawl,NULL,Debris,Slide,34.99,774.0,29.6,0.0,0.0,0.0,0.0,0
MIZ/AZL/2024/719,real_landslide,24.30768611,93.58120556,2024-08-13,Mizoram,Aizawl,NULL,Debris,Slide,7.59,736.0,30.2,7.2,9.5,1.4,8.0,1
MIZ/AZL/2024/719_neg1,real_non_landslide,24.30768611,93.58120556,2024-02-15,Mizoram,Aizawl,NULL,Debris,Slide,7.59,736.0,30.2,0.0,0.0,0.0,0.0,0
MIZ/AZL/2024/719_neg2,real_non_landslide,24.30768611,93.58120556,2025-02-09,Mizoram,Aizawl,NULL,Debris,Slide,7.59,736.0,30.2,0.0,0.0,0.0,0.0,0
MIZ/AZL/2024/720,real_landslide,24.30711944,93.59375833,2024-08-13,Mizoram,Aizawl,NULL,Earth,Slide,0.0,899.0,29.2,7.2,9.5,1.4,8.0,1
MIZ/AZL/2024/720_neg1,real_non_landslide,24.30711944,93.59375833,2024-02-15,Mizoram,Aizawl,NULL,Earth,Slide,0.0,899.0,29.2,0.0,0.0,0.0,0.0,0
MIZ/AZL/2024/720_neg2,real_non_landslide,24.30711944,93.59375833,2025-02-09,Mizoram,Aizawl,NULL,Earth,Slide,0.0,899.0,29.2,0.0,0.0,0.0,0.0,0
MIZ/AZL/2024/723,real_landslide,24.33300556,93.65357222,2024-09-28,Mizoram,Aizawl,NULL,Debris,Slide,4.76,1156.0,29.1,20.1,11.2,4.0,1.1,1
MIZ/AZL/2024/723_neg1,real_non_landslide,24.33300556,93.65357222,2024-04-01,Mizoram,Aizawl,NULL,Debris,Slide,4.76,1156.0,29.1,0.5,4.8,1.0,1.6,0
MIZ/AZL/2024/723_neg2,real_non_landslide,24.33300556,93.65357222,2025-03-27,Mizoram,Aizawl,NULL,Debris,Slide,4.76,1156.0,29.1,0.0,0.1,0.0,0.0,0
MIZ/AZL/2024/724,real_landslide,24.3309,93.66054444,2024-08-13,Mizoram,Aizawl,NULL,Debris,Slide,13.92,1047.0,31.4,5.8,14.7,0.9,2.7,1
MIZ/AZL/2024/724_neg1,real_non_landslide,24.3309,93.66054444,2024-02-15,Mizoram,Aizawl,NULL,Debris,Slide,13.92,1047.0,31.4,0.0,0.0,0.0,0.1,0
MIZ/AZL/2024/724_neg2,real_non_landslide,24.3309,93.66054444,2025-02-09,Mizoram,Aizawl,NULL,Debris,Slide,13.92,1047.0,31.4,0.0,0.0,0.0,0.0,0
MIZ/AZL/2024/721,real_landslide,24.33915833,93.66233611,2024-08-13,Mizoram,Aizawl,NULL,Debris,Slide,13.52,1042.0,30.2,5.8,14.7,0.9,2.7,1
MIZ/AZL/2024/721_neg1,real_non_landslide,24.33915833,93.66233611,2024-02-15,Mizoram,Aizawl,NULL,Debris,Slide,13.52,1042.0,30.2,0.0,0.0,0.0,0.1,0
MIZ/AZL/2024/721_neg2,real_non_landslide,24.33915833,93.66233611,2025-02-09,Mizoram,Aizawl,NULL,Debris,Slide,13.52,1042.0,30.2,0.0,0.0,0.0,0.0,0
MIZ/AZL/2024/726,real_landslide,24.39255556,93.65468611,2024-08-13,Mizoram,Aizawl,NULL,Debris,Slide,9.46,1582.0,30.7,5.8,14.7,0.9,2.7,1
MIZ/AZL/2024/726_neg1,real_non_landslide,24.39255556,93.65468611,2024-02-15,Mizoram,Aizawl,NULL,Debris,Slide,9.46,1582.0,30.7,0.0,0.0,0.0,0.1,0
MIZ/AZL/2024/726_neg2,real_non_landslide,24.39255556,93.65468611,2025-02-09,Mizoram,Aizawl,NULL,Debris,Slide,9.46,1582.0,30.7,0.0,0.0,0.0,0.0,0
MIZ/AZL/2024/728,real_landslide,24.49112222,93.62215556,2024-08-13,Mizoram,Aizawl,NULL,Earth,Slide,32.35,1257.0,31.9,4.3,28.2,0.5,3.3,1
MIZ/AZL/2024/728_neg1,real_non_landslide,24.49112222,93.62215556,2024-02-15,Mizoram,Aizawl,NULL,Earth,Slide,32.35,1257.0,31.9,0.0,0.0,0.0,0.1,0
MIZ/AZL/2024/728_neg2,real_non_landslide,24.49112222,93.62215556,2025-02-09,Mizoram,Aizawl,NULL,Earth,Slide,32.35,1257.0,31.9,0.0,0.0,0.0,0.0,0
MIZ/AZL/2024/722,real_landslide,24.33331944,93.65702778,2024-08-13,Mizoram,Aizawl,NULL,Debris,Slide,8.53,1099.0,30.0,5.8,14.7,0.9,2.7,1
MIZ/AZL/2024/722_neg1,real_non_landslide,24.33331944,93.65702778,2024-02-15,Mizoram,Aizawl,NULL,Debris,Slide,8.53,1099.0,30.0,0.0,0.0,0.0,0.1,0
MIZ/AZL/2024/722_neg2,real_non_landslide,24.33331944,93.65702778,2025-02-09,Mizoram,Aizawl,NULL,Debris,Slide,8.53,1099.0,30.0,0.0,0.0,0.0,0.0,0
MIZ/AZL/2024/732,real_landslide,24.51785556,93.55086944,2024-08-13,Mizoram,Aizawl,NULL,Debris,Slide,12.23,1027.0,32.0,7.2,30.7,3.1,6.0,1
MIZ/AZL/2024/732_neg1,real_non_landslide,24.51785556,93.55086944,2024-02-15,Mizoram,Aizawl,NULL,Debris,Slide,12.23,1027.0,32.0,0.0,0.0,0.0,0.2,0
MIZ/AZL/2024/732_neg2,real_non_landslide,24.51785556,93.55086944,2025-02-09,Mizoram,Aizawl,NULL,Debris,Slide,12.23,1027.0,32.0,0.0,0.0,0.0,0.0,0
MIZ/AZL/2024/725,real_landslide,24.32773611,93.57937222,2024-07-02,Mizoram,Aizawl,NULL,Rock,Slide,33.02,805.0,30.2,7.7,10.1,64.2,24.4,1
MIZ/AZL/2024/725_neg1,real_non_landslide,24.32773611,93.57937222,2024-01-04,Mizoram,Aizawl,NULL,Rock,Slide,33.02,805.0,30.2,0.0,0.0,0.0,0.0,0
MIZ/AZL/2024/725_neg2,real_non_landslide,24.32773611,93.57937222,2024-12-29,Mizoram,Aizawl,NULL,Rock,Slide,33.02,805.0,30.2,0.0,0.0,0.0,0.0,0
MIZ/AZL/2024/734,real_landslide,24.52308611,93.57206944,2024-09-28,Mizoram,Aizawl,NULL,Debris,Slide,15.82,756.0,33.7,24.6,20.2,5.8,5.2,1
MIZ/AZL/2024/734_neg1,real_non_landslide,24.52308611,93.57206944,2024-04-01,Mizoram,Aizawl,NULL,Debris,Slide,15.82,756.0,33.7,0.5,5.2,4.6,3.5,0
MIZ/AZL/2024/734_neg2,real_non_landslide,24.52308611,93.57206944,2025-03-27,Mizoram,Aizawl,NULL,Debris,Slide,15.82,756.0,33.7,0.6,0.0,0.0,0.0,0
MIZ/AZL/2024/735,real_landslide,24.48338333,93.58848056,2024-09-28,Mizoram,Aizawl,NULL,Debris,Complex,21.94,832.0,31.6,24.6,20.2,5.8,5.2,1
MIZ/AZL/2024/735_neg1,real_non_landslide,24.48338333,93.58848056,2024-04-01,Mizoram,Aizawl,NULL,Debris,Complex,21.94,832.0,31.6,0.5,5.2,4.6,3.5,0
MIZ/AZL/2024/735_neg2,real_non_landslide,24.48338333,93.58848056,2025-03-27,Mizoram,Aizawl,NULL,Debris,Complex,21.94,832.0,31.6,0.6,0.0,0.0,0.0,0
MIZ/KOL/2024/736,real_landslide,24.450125,93.35963889,2024-08-08,Mizoram,Kolasib,NULL,Earth,Slide,8.53,302.0,28.5,7.4,9.4,17.2,19.5,1
MIZ/KOL/2024/736_neg1,real_non_landslide,24.450125,93.35963889,2024-02-10,Mizoram,Kolasib,NULL,Earth,Slide,8.53,302.0,28.5,2.0,0.0,0.0,0.0,0
MIZ/KOL/2024/736_neg2,real_non_landslide,24.450125,93.35963889,2025-02-04,Mizoram,Kolasib,NULL,Earth,Slide,8.53,302.0,28.5,1.2,0.0,0.0,0.0,0
MIZ/AZL/2024/730,real_landslide,24.48458889,93.58781944,2024-08-13,Mizoram,Aizawl,NULL,Debris,Slide,0.0,804.0,32.2,7.2,30.7,3.1,6.0,1
MIZ/AZL/2024/730_neg1,real_non_landslide,24.48458889,93.58781944,2024-02-15,Mizoram,Aizawl,NULL,Debris,Slide,0.0,804.0,32.2,0.0,0.0,0.0,0.2,0
MIZ/AZL/2024/730_neg2,real_non_landslide,24.48458889,93.58781944,2025-02-09,Mizoram,Aizawl,NULL,Debris,Slide,0.0,804.0,32.2,0.0,0.0,0.0,0.0,0
MIZ/KOL/2024/737,real_landslide,24.48857222,93.36792222,2024-09-28,Mizoram,Kolasib,NULL,Debris,Slide,23.43,257.0,30.2,40.7,9.0,13.1,6.3,1
MIZ/KOL/2024/737_neg1,real_non_landslide,24.48857222,93.36792222,2024-04-01,Mizoram,Kolasib,NULL,Debris,Slide,23.43,257.0,30.2,0.2,9.6,4.2,2.6,0
MIZ/KOL/2024/737_neg2,real_non_landslide,24.48857222,93.36792222,2025-03-27,Mizoram,Kolasib,NULL,Debris,Slide,23.43,257.0,30.2,0.0,0.0,0.0,0.0,0
MIZ/AZL/2024/731,real_landslide,24.492825,93.58643611,2024-09-28,Mizoram,Aizawl,NULL,Earth,Slide,0.95,627.0,30.8,24.6,20.2,5.8,5.2,1
MIZ/AZL/2024/731_neg1,real_non_landslide,24.492825,93.58643611,2024-04-01,Mizoram,Aizawl,NULL,Earth,Slide,0.95,627.0,30.8,0.5,5.2,4.6,3.5,0
MIZ/AZL/2024/731_neg2,real_non_landslide,24.492825,93.58643611,2025-03-27,Mizoram,Aizawl,NULL,Earth,Slide,0.95,627.0,30.8,0.6,0.0,0.0,0.0,0
MIZ/KOL/2024/739,real_landslide,24.60002222,93.37166389,2024-10-21,Mizoram,Kolasib,NULL,Earth,Slide,22.81,869.0,31.1,2.3,11.3,0.2,0.0,1
MIZ/KOL/2024/739_neg1,real_non_landslide,24.60002222,93.37166389,2025-04-19,Mizoram,Kolasib,NULL,Earth,Slide,22.81,869.0,31.1,2.1,1.3,6.2,1.4,0
MIZ/KOL/2024/739_neg2,real_non_landslide,24.60002222,93.37166389,2023-10-22,Mizoram,Kolasib,NULL,Earth,Slide,22.81,869.0,31.1,0.0,0.0,0.0,0.0,0
MIZ/KOL/2024/740,real_landslide,24.60067222,93.37223056,2024-10-21,Mizoram,Kolasib,NULL,Earth,Slide,25.85,869.0,30.3,2.3,11.3,0.2,0.0,1
MIZ/KOL/2024/740_neg1,real_non_landslide,24.60067222,93.37223056,2025-04-19,Mizoram,Kolasib,NULL,Earth,Slide,25.85,869.0,30.3,2.1,1.3,6.2,1.4,0
MIZ/KOL/2024/740_neg2,real_non_landslide,24.60067222,93.37223056,2023-10-22,Mizoram,Kolasib,NULL,Earth,Slide,25.85,869.0,30.3,0.0,0.0,0.0,0.0,0
MIZ/KOL/2024/741,real_landslide,24.60372222,93.37223056,2024-07-02,Mizoram,Kolasib,NULL,Debris,Slide,25.02,806.0,30.0,18.3,30.2,64.4,30.0,1
MIZ/KOL/2024/741_neg1,real_non_landslide,24.60372222,93.37223056,2024-01-04,Mizoram,Kolasib,NULL,Debris,Slide,25.02,806.0,30.0,0.0,0.0,0.0,0.0,0
MIZ/KOL/2024/741_neg2,real_non_landslide,24.60372222,93.37223056,2024-12-29,Mizoram,Kolasib,NULL,Debris,Slide,25.02,806.0,30.0,0.0,0.0,0.0,0.0,0
MIZ/KOL/2024/738,real_landslide,24.54263333,93.39741944,2024-08-18,Mizoram,Kolasib,NULL,Debris,Slide,37.84,559.0,30.0,24.4,11.6,23.5,21.2,1
MIZ/KOL/2024/738_neg1,real_non_landslide,24.54263333,93.39741944,2024-02-20,Mizoram,Kolasib,NULL,Debris,Slide,37.84,559.0,30.0,0.0,0.0,0.0,0.0,0
MIZ/KOL/2024/738_neg2,real_non_landslide,24.54263333,93.39741944,2025-02-14,Mizoram,Kolasib,NULL,Debris,Slide,37.84,559.0,30.0,0.2,0.8,6.2,4.1,0
MIZ/KOL/2024/742,real_landslide,24.66895556,93.33700556,2024-07-02,Mizoram,Kolasib,NULL,Debris,Slide,45.94,836.0,32.0,17.9,39.6,72.9,30.5,1
MIZ/KOL/2024/742_neg1,real_non_landslide,24.66895556,93.33700556,2024-01-04,Mizoram,Kolasib,NULL,Debris,Slide,45.94,836.0,32.0,0.0,0.0,0.0,0.0,0
MIZ/KOL/2024/742_neg2,real_non_landslide,24.66895556,93.33700556,2024-12-29,Mizoram,Kolasib,NULL,Debris,Slide,45.94,836.0,32.0,0.0,0.0,0.0,0.0,0
MIZ/KOL/2024/744,real_landslide,24.76606111,93.30076667,2024-08-13,Mizoram,Kolasib,NULL,Earth,Slide,36.28,462.0,33.3,11.5,10.1,3.2,16.0,1
MIZ/KOL/2024/744_neg1,real_non_landslide,24.76606111,93.30076667,2024-02-15,Mizoram,Kolasib,NULL,Earth,Slide,36.28,462.0,33.3,0.0,0.0,0.0,0.0,0
MIZ/KOL/2024/744_neg2,real_non_landslide,24.76606111,93.30076667,2025-02-09,Mizoram,Kolasib,NULL,Earth,Slide,36.28,462.0,33.3,0.0,0.0,0.0,0.0,0
MIZ/KOL/2024/745,real_landslide,24.73838889,93.30909722,2024-08-18,Mizoram,Kolasib,NULL,Debris,Slide,38.33,275.0,28.0,14.6,22.3,22.7,25.2,1
MIZ/KOL/2024/745_neg1,real_non_landslide,24.73838889,93.30909722,2024-02-20,Mizoram,Kolasib,NULL,Debris,Slide,38.33,275.0,28.0,0.0,0.0,0.0,0.1,0
MIZ/KOL/2024/745_neg2,real_non_landslide,24.73838889,93.30909722,2025-02-14,Mizoram,Kolasib,NULL,Debris,Slide,38.33,275.0,28.0,1.7,4.0,6.0,3.6,0
MIZ/KOL/2024/746,real_landslide,24.72074444,93.30899167,2024-07-02,Mizoram,Kolasib,NULL,Debris,Slide,21.97,390.0,28.4,24.6,38.0,65.5,37.3,1
MIZ/KOL/2024/746_neg1,real_non_landslide,24.72074444,93.30899167,2024-01-04,Mizoram,Kolasib,NULL,Debris,Slide,21.97,390.0,28.4,0.0,0.0,0.0,0.0,0
MIZ/KOL/2024/746_neg2,real_non_landslide,24.72074444,93.30899167,2024-12-29,Mizoram,Kolasib,NULL,Debris,Slide,21.97,390.0,28.4,0.0,0.0,0.0,0.0,0
MIZ/KOL/2024/747,real_landslide,24.716225,93.32551389,2024-08-18,Mizoram,Kolasib,NULL,Debris,Slide,0.0,103.0,31.5,14.6,22.3,22.7,25.2,1
MIZ/KOL/2024/747_neg1,real_non_landslide,24.716225,93.32551389,2024-02-20,Mizoram,Kolasib,NULL,Debris,Slide,0.0,103.0,31.5,0.0,0.0,0.0,0.1,0
MIZ/KOL/2024/747_neg2,real_non_landslide,24.716225,93.32551389,2025-02-14,Mizoram,Kolasib,NULL,Debris,Slide,0.0,103.0,31.5,1.7,4.0,6.0,3.6,0
MIZ/KOL/2024/748,real_landslide,24.70553333,93.33064167,2024-09-28,Mizoram,Kolasib,NULL,Debris,Slide,29.52,377.0,31.8,36.1,10.2,8.1,4.4,1
MIZ/KOL/2024/748_neg1,real_non_landslide,24.70553333,93.33064167,2024-04-01,Mizoram,Kolasib,NULL,Debris,Slide,29.52,377.0,31.8,1.3,16.7,14.3,1.5,0
MIZ/KOL/2024/748_neg2,real_non_landslide,24.70553333,93.33064167,2025-03-27,Mizoram,Kolasib,NULL,Debris,Slide,29.52,377.0,31.8,0.0,0.0,0.0,0.0,0
MIZ/KOL/2024/749,real_landslide,24.60719444,93.46784722,2024-08-19,Mizoram,Kolasib,NULL,Earth,Slide,31.66,1115.0,30.2,17.2,17.0,33.4,30.4,1
MIZ/KOL/2024/749_neg1,real_non_landslide,24.60719444,93.46784722,2024-02-21,Mizoram,Kolasib,NULL,Earth,Slide,31.66,1115.0,30.2,0.0,0.0,0.0,4.5,0
MIZ/KOL/2024/749_neg2,real_non_landslide,24.60719444,93.46784722,2025-02-15,Mizoram,Kolasib,NULL,Earth,Slide,31.66,1115.0,30.2,1.1,10.4,4.9,0.0,0
MIZ/AZL/2024/753,real_landslide,23.10851389,93.20975,2024-06-28,Mizoram,Aizawl,NULL,Debris,Slide,35.03,1119.0,29.8,5.7,28.1,26.3,7.8,1
MIZ/AZL/2024/753_neg1,real_non_landslide,23.10851389,93.20975,2023-12-31,Mizoram,Aizawl,NULL,Debris,Slide,35.03,1119.0,29.8,0.1,0.0,0.0,0.0,0
MIZ/AZL/2024/753_neg2,real_non_landslide,23.10851389,93.20975,2024-12-25,Mizoram,Aizawl,NULL,Debris,Slide,35.03,1119.0,29.8,0.0,0.0,0.0,0.0,0
MIZ/AZL/2024/754,real_landslide,23.10172778,93.20231944,2024-05-28,Mizoram,Aizawl,NULL,Debris,Complex,24.17,1208.0,30.9,3.2,6.3,8.3,46.5,1
MIZ/AZL/2024/754_neg1,real_non_landslide,23.10172778,93.20231944,2023-11-30,Mizoram,Aizawl,NULL,Debris,Complex,24.17,1208.0,30.9,0.0,0.0,0.0,0.0,0
MIZ/AZL/2024/754_neg2,real_non_landslide,23.10172778,93.20231944,2024-11-24,Mizoram,Aizawl,NULL,Debris,Complex,24.17,1208.0,30.9,8.0,14.3,0.0,0.0,0
MIZ/AZL/2024/756,real_landslide,23.10184722,93.20138889,2024-09-28,Mizoram,Aizawl,NULL,Debris,Slide,20.7,1225.0,30.8,16.4,10.6,13.1,11.7,1
MIZ/AZL/2024/756_neg1,real_non_landslide,23.10184722,93.20138889,2024-04-01,Mizoram,Aizawl,NULL,Debris,Slide,20.7,1225.0,30.8,1.1,2.5,1.8,3.0,0
MIZ/AZL/2024/756_neg2,real_non_landslide,23.10184722,93.20138889,2025-03-27,Mizoram,Aizawl,NULL,Debris,Slide,20.7,1225.0,30.8,0.3,0.0,0.0,0.0,0
MIZ/AZL/2024/755,real_landslide,23.101925,93.20426111,2024-07-02,Mizoram,Aizawl,NULL,Debris,Slide,36.38,1143.0,30.9,9.2,12.9,45.1,25.7,1
MIZ/AZL/2024/755_neg1,real_non_landslide,23.101925,93.20426111,2024-01-04,Mizoram,Aizawl,NULL,Debris,Slide,36.38,1143.0,30.9,0.0,0.0,0.0,0.0,0
MIZ/AZL/2024/755_neg2,real_non_landslide,23.101925,93.20426111,2024-12-29,Mizoram,Aizawl,NULL,Debris,Slide,36.38,1143.0,30.9,0.0,0.0,0.0,0.0,0
MIZ/AZL/2024/759,real_landslide,23.09759444,93.21089444,2024-07-02,Mizoram,Aizawl,NULL,Debris,Slide,29.63,970.0,32.3,9.2,12.9,45.1,25.7,1
MIZ/AZL/2024/759_neg1,real_non_landslide,23.09759444,93.21089444,2024-01-04,Mizoram,Aizawl,NULL,Debris,Slide,29.63,970.0,32.3,0.0,0.0,0.0,0.0,0
MIZ/AZL/2024/759_neg2,real_non_landslide,23.09759444,93.21089444,2024-12-29,Mizoram,Aizawl,NULL,Debris,Slide,29.63,970.0,32.3,0.0,0.0,0.0,0.0,0
MIZ/AZL/2024/760,real_landslide,23.09561111,93.20786389,2024-05-28,Mizoram,Aizawl,NULL,Debris,Slide,25.8,987.0,30.9,3.2,6.3,8.3,46.5,1
MIZ/AZL/2024/760_neg1,real_non_landslide,23.09561111,93.20786389,2023-11-30,Mizoram,Aizawl,NULL,Debris,Slide,25.8,987.0,30.9,0.0,0.0,0.0,0.0,0
MIZ/AZL/2024/760_neg2,real_non_landslide,23.09561111,93.20786389,2024-11-24,Mizoram,Aizawl,NULL,Debris,Slide,25.8,987.0,30.9,8.0,14.3,0.0,0.0,0
MIZ/AZL/2024/762,real_landslide,23.10100556,93.19393611,2024-07-02,Mizoram,Aizawl,NULL,Debris,Slide,36.28,1025.0,33.4,9.2,12.9,45.1,25.7,1
MIZ/AZL/2024/762_neg1,real_non_landslide,23.10100556,93.19393611,2024-01-04,Mizoram,Aizawl,NULL,Debris,Slide,36.28,1025.0,33.4,0.0,0.0,0.0,0.0,0
MIZ/AZL/2024/762_neg2,real_non_landslide,23.10100556,93.19393611,2024-12-29,Mizoram,Aizawl,NULL,Debris,Slide,36.28,1025.0,33.4,0.0,0.0,0.0,0.0,0
MIZ/KOL/2024/750,real_landslide,24.60853333,93.41668333,2024-08-18,Mizoram,Kolasib,NULL,Debris,Slide,60.37,925.0,29.4,18.9,11.9,21.6,32.0,1
MIZ/KOL/2024/750_neg1,real_non_landslide,24.60853333,93.41668333,2024-02-20,Mizoram,Kolasib,NULL,Debris,Slide,60.37,925.0,29.4,0.0,0.0,0.0,0.0,0
MIZ/KOL/2024/750_neg2,real_non_landslide,24.60853333,93.41668333,2025-02-14,Mizoram,Kolasib,NULL,Debris,Slide,60.37,925.0,29.4,1.6,1.2,2.1,2.7,0
MIZ/AZL/2024/767,real_landslide,23.0983,93.17597222,2024-07-02,Mizoram,Aizawl,NULL,Debris,Slide,39.35,984.0,30.3,9.2,12.9,45.1,25.7,1
MIZ/AZL/2024/767_neg1,real_non_landslide,23.0983,93.17597222,2024-01-04,Mizoram,Aizawl,NULL,Debris,Slide,39.35,984.0,30.3,0.0,0.0,0.0,0.0,0
MIZ/AZL/2024/767_neg2,real_non_landslide,23.0983,93.17597222,2024-12-29,Mizoram,Aizawl,NULL,Debris,Slide,39.35,984.0,30.3,0.0,0.0,0.0,0.0,0
MIZ/AZL/2024/752,real_landslide,23.09758333,93.21623333,2024-07-02,Mizoram,Aizawl,NULL,Debris,Slide,40.91,921.0,32.9,9.2,12.9,45.1,25.7,1
MIZ/AZL/2024/752_neg1,real_non_landslide,23.09758333,93.21623333,2024-01-04,Mizoram,Aizawl,NULL,Debris,Slide,40.91,921.0,32.9,0.0,0.0,0.0,0.0,0
MIZ/AZL/2024/752_neg2,real_non_landslide,23.09758333,93.21623333,2024-12-29,Mizoram,Aizawl,NULL,Debris,Slide,40.91,921.0,32.9,0.0,0.0,0.0,0.0,0
MIZ/AZL/2024/768,real_landslide,23.110975,93.21260278,2024-05-28,Mizoram,Aizawl,NULL,Debris,Slide,22.62,993.0,31.0,3.2,6.3,8.3,46.5,1
MIZ/AZL/2024/768_neg1,real_non_landslide,23.110975,93.21260278,2023-11-30,Mizoram,Aizawl,NULL,Debris,Slide,22.62,993.0,31.0,0.0,0.0,0.0,0.0,0
MIZ/AZL/2024/768_neg2,real_non_landslide,23.110975,93.21260278,2024-11-24,Mizoram,Aizawl,NULL,Debris,Slide,22.62,993.0,31.0,8.0,14.3,0.0,0.0,0
MIZ/AZL/2024/770,real_landslide,23.25828611,93.15288333,2024-11-28,Mizoram,Aizawl,NULL,Debris,Slide,13.13,1197.0,31.1,0.0,0.0,0.0,1.8,1
MIZ/AZL/2024/770_neg1,real_non_landslide,23.25828611,93.15288333,2025-05-27,Mizoram,Aizawl,NULL,Debris,Slide,13.13,1197.0,31.1,13.3,11.2,20.6,16.9,0
MIZ/AZL/2024/770_neg2,real_non_landslide,23.25828611,93.15288333,2023-11-29,Mizoram,Aizawl,NULL,Debris,Slide,13.13,1197.0,31.1,0.0,0.0,0.0,0.0,0
MIZ/AZL/2024/763,real_landslide,23.10074722,93.18785278,2024-07-02,Mizoram,Aizawl,NULL,Debris,Complex,11.31,959.0,31.5,9.2,12.9,45.1,25.7,1
MIZ/AZL/2024/763_neg1,real_non_landslide,23.10074722,93.18785278,2024-01-04,Mizoram,Aizawl,NULL,Debris,Complex,11.31,959.0,31.5,0.0,0.0,0.0,0.0,0
MIZ/AZL/2024/763_neg2,real_non_landslide,23.10074722,93.18785278,2024-12-29,Mizoram,Aizawl,NULL,Debris,Complex,11.31,959.0,31.5,0.0,0.0,0.0,0.0,0
MIZ/AZL/2024/764,real_landslide,23.09954722,93.18600278,2024-07-02,Mizoram,Aizawl,NULL,Debris,Complex,18.43,896.0,30.2,9.2,12.9,45.1,25.7,1
MIZ/AZL/2024/764_neg1,real_non_landslide,23.09954722,93.18600278,2024-01-04,Mizoram,Aizawl,NULL,Debris,Complex,18.43,896.0,30.2,0.0,0.0,0.0,0.0,0
MIZ/AZL/2024/764_neg2,real_non_landslide,23.09954722,93.18600278,2024-12-29,Mizoram,Aizawl,NULL,Debris,Complex,18.43,896.0,30.2,0.0,0.0,0.0,0.0,0
MIZ/AZL/2024/769,real_landslide,23.25986389,93.16155278,2024-10-28,Mizoram,Aizawl,NULL,Debris,Slide,46.99,1220.0,30.6,6.1,0.0,0.0,0.0,1
MIZ/AZL/2024/769_neg1,real_non_landslide,23.25986389,93.16155278,2024-05-01,Mizoram,Aizawl,NULL,Debris,Slide,46.99,1220.0,30.6,0.3,1.1,13.9,7.1,0
MIZ/AZL/2024/769_neg2,real_non_landslide,23.25986389,93.16155278,2025-04-26,Mizoram,Aizawl,NULL,Debris,Slide,46.99,1220.0,30.6,0.0,2.1,1.2,0.0,0
MIZ/AZL/2024/773,real_landslide,23.27598056,93.14351667,2024-07-02,Mizoram,Aizawl,NULL,Debris,Slide,24.46,659.0,30.5,4.1,13.0,33.6,24.9,1
MIZ/AZL/2024/773_neg1,real_non_landslide,23.27598056,93.14351667,2024-01-04,Mizoram,Aizawl,NULL,Debris,Slide,24.46,659.0,30.5,0.0,0.0,0.0,0.0,0
MIZ/AZL/2024/773_neg2,real_non_landslide,23.27598056,93.14351667,2024-12-29,Mizoram,Aizawl,NULL,Debris,Slide,24.46,659.0,30.5,0.0,0.0,0.0,0.0,0
MIZ/AZL/2024/774,real_landslide,23.27663889,93.14375,2024-07-02,Mizoram,Aizawl,NULL,Rock,Slide,3.81,659.0,30.5,4.1,13.0,33.6,24.9,1
MIZ/AZL/2024/774_neg1,real_non_landslide,23.27663889,93.14375,2024-01-04,Mizoram,Aizawl,NULL,Rock,Slide,3.81,659.0,30.5,0.0,0.0,0.0,0.0,0
MIZ/AZL/2024/774_neg2,real_non_landslide,23.27663889,93.14375,2024-12-29,Mizoram,Aizawl,NULL,Rock,Slide,3.81,659.0,30.5,0.0,0.0,0.0,0.0,0
MIZ/AZL/2024/771,real_landslide,23.26126111,93.15070556,2024-11-28,Mizoram,Aizawl,NULL,Debris,Slide,24.23,1068.0,30.0,0.0,0.0,0.0,1.8,1
MIZ/AZL/2024/771_neg1,real_non_landslide,23.26126111,93.15070556,2025-05-27,Mizoram,Aizawl,NULL,Debris,Slide,24.23,1068.0,30.0,13.3,11.2,20.6,16.9,0
MIZ/AZL/2024/771_neg2,real_non_landslide,23.26126111,93.15070556,2023-11-29,Mizoram,Aizawl,NULL,Debris,Slide,24.23,1068.0,30.0,0.0,0.0,0.0,0.0,0
MIZ/AZL/2024/777,real_landslide,23.33529167,93.11214167,2024-07-02,Mizoram,Aizawl,NULL,Debris,Slide,32.35,1145.0,31.1,4.1,13.0,33.6,24.9,1
MIZ/AZL/2024/777_neg1,real_non_landslide,23.33529167,93.11214167,2024-01-04,Mizoram,Aizawl,NULL,Debris,Slide,32.35,1145.0,31.1,0.0,0.0,0.0,0.0,0
MIZ/AZL/2024/777_neg2,real_non_landslide,23.33529167,93.11214167,2024-12-29,Mizoram,Aizawl,NULL,Debris,Slide,32.35,1145.0,31.1,0.0,0.0,0.0,0.0,0
MIZ/AZL/2024/772,real_landslide,23.25951944,93.15917222,2024-09-28,Mizoram,Aizawl,NULL,Debris,Complex,7.59,1236.0,30.5,29.5,9.1,8.5,3.0,1
MIZ/AZL/2024/772_neg1,real_non_landslide,23.25951944,93.15917222,2024-04-01,Mizoram,Aizawl,NULL,Debris,Complex,7.59,1236.0,30.5,0.2,1.3,0.8,4.7,0
MIZ/AZL/2024/772_neg2,real_non_landslide,23.25951944,93.15917222,2025-03-27,Mizoram,Aizawl,NULL,Debris,Complex,7.59,1236.0,30.5,0.0,0.0,0.0,0.0,0
MIZ/KOL/2024/778,real_landslide,23.41421944,93.10569167,2024-08-13,Mizoram,Kolasib,NULL,Debris,Slide,43.81,964.0,29.2,3.2,1.9,4.1,12.3,1
MIZ/KOL/2024/778_neg1,real_non_landslide,23.41421944,93.10569167,2024-02-15,Mizoram,Kolasib,NULL,Debris,Slide,43.81,964.0,29.2,0.0,0.0,0.0,0.0,0
MIZ/KOL/2024/778_neg2,real_non_landslide,23.41421944,93.10569167,2025-02-09,Mizoram,Kolasib,NULL,Debris,Slide,43.81,964.0,29.2,0.0,0.0,0.0,0.0,0
MIZ/KOL/2024/780,real_landslide,23.50882222,93.09170278,2024-07-02,Mizoram,Kolasib,NULL,Earth,Slide,36.87,686.0,32.3,6.9,13.9,43.5,30.1,1
MIZ/KOL/2024/780_neg1,real_non_landslide,23.50882222,93.09170278,2024-01-04,Mizoram,Kolasib,NULL,Earth,Slide,36.87,686.0,32.3,0.0,0.0,0.0,0.0,0
MIZ/KOL/2024/780_neg2,real_non_landslide,23.50882222,93.09170278,2024-12-29,Mizoram,Kolasib,NULL,Earth,Slide,36.87,686.0,32.3,0.0,0.0,0.0,0.0,0
MIZ/KOL/2024/782,real_landslide,23.54600556,93.09247222,2024-09-12,Mizoram,Kolasib,NULL,Earth,Slide,30.21,816.0,31.9,12.0,18.8,12.8,3.8,1
MIZ/KOL/2024/782_neg1,real_non_landslide,23.54600556,93.09247222,2024-03-16,Mizoram,Kolasib,NULL,Earth,Slide,30.21,816.0,31.9,0.0,0.0,0.0,0.0,0
MIZ/KOL/2024/782_neg2,real_non_landslide,23.54600556,93.09247222,2025-03-11,Mizoram,Kolasib,NULL,Earth,Slide,30.21,816.0,31.9,0.0,0.0,0.0,0.0,0
MIZ/KOL/2024/783,real_landslide,23.54286944,93.08539722,2024-09-12,Mizoram,Kolasib,NULL,Earth,Slide,0.0,918.0,31.3,12.0,18.8,12.8,3.8,1
MIZ/KOL/2024/783_neg1,real_non_landslide,23.54286944,93.08539722,2024-03-16,Mizoram,Kolasib,NULL,Earth,Slide,0.0,918.0,31.3,0.0,0.0,0.0,0.0,0
MIZ/KOL/2024/783_neg2,real_non_landslide,23.54286944,93.08539722,2025-03-11,Mizoram,Kolasib,NULL,Earth,Slide,0.0,918.0,31.3,0.0,0.0,0.0,0.0,0
MIZ/AZL/2024/775,real_landslide,23.281075,93.144075,2024-07-02,Mizoram,Aizawl,NULL,Debris,Slide,35.98,694.0,30.8,4.1,13.0,33.6,24.9,1
MIZ/AZL/2024/775_neg1,real_non_landslide,23.281075,93.144075,2024-01-04,Mizoram,Aizawl,NULL,Debris,Slide,35.98,694.0,30.8,0.0,0.0,0.0,0.0,0
MIZ/AZL/2024/775_neg2,real_non_landslide,23.281075,93.144075,2024-12-29,Mizoram,Aizawl,NULL,Debris,Slide,35.98,694.0,30.8,0.0,0.0,0.0,0.0,0
MIZ/KOL/2024/786,real_landslide,23.56413333,93.11378889,2024-09-12,Mizoram,Kolasib,NULL,Earth,Slide,15.82,730.0,35.4,9.2,11.9,10.1,0.7,1
MIZ/KOL/2024/786_neg1,real_non_landslide,23.56413333,93.11378889,2024-03-16,Mizoram,Kolasib,NULL,Earth,Slide,15.82,730.0,35.4,0.0,0.1,0.0,0.0,0
MIZ/KOL/2024/786_neg2,real_non_landslide,23.56413333,93.11378889,2025-03-11,Mizoram,Kolasib,NULL,Earth,Slide,15.82,730.0,35.4,0.0,0.0,0.0,0.0,0
MIZ/KOL/2024/781,real_landslide,23.54130278,93.10256944,2024-09-12,Mizoram,Kolasib,NULL,Earth,Slide,5.71,641.0,32.6,12.3,17.4,4.7,1.9,1
MIZ/KOL/2024/781_neg1,real_non_landslide,23.54130278,93.10256944,2024-03-16,Mizoram,Kolasib,NULL,Earth,Slide,5.71,641.0,32.6,0.0,0.1,0.0,0.0,0
MIZ/KOL/2024/781_neg2,real_non_landslide,23.54130278,93.10256944,2025-03-11,Mizoram,Kolasib,NULL,Earth,Slide,5.71,641.0,32.6,0.0,0.0,0.0,0.0,0
MIZ/KOL/2024/787,real_landslide,23.56233889,93.11890833,2024-09-12,Mizoram,Kolasib,NULL,Debris,Slide,36.21,776.0,36.5,9.2,11.9,10.1,0.7,1
MIZ/KOL/2024/787_neg1,real_non_landslide,23.56233889,93.11890833,2024-03-16,Mizoram,Kolasib,NULL,Debris,Slide,36.21,776.0,36.5,0.0,0.1,0.0,0.0,0
MIZ/KOL/2024/787_neg2,real_non_landslide,23.56233889,93.11890833,2025-03-11,Mizoram,Kolasib,NULL,Debris,Slide,36.21,776.0,36.5,0.0,0.0,0.0,0.0,0
MIZ/KOL/2024/784,real_landslide,23.56332778,93.10553333,2024-10-22,Mizoram,Kolasib,NULL,Earth,Slide,42.36,681.0,33.4,2.3,0.1,0.6,2.4,1
MIZ/KOL/2024/784_neg1,real_non_landslide,23.56332778,93.10553333,2024-04-25,Mizoram,Kolasib,NULL,Earth,Slide,42.36,681.0,33.4,0.3,0.0,0.5,0.1,0
MIZ/KOL/2024/784_neg2,real_non_landslide,23.56332778,93.10553333,2025-04-20,Mizoram,Kolasib,NULL,Earth,Slide,42.36,681.0,33.4,1.7,3.2,2.6,2.6,0
MIZ/KOL/2024/785,real_landslide,23.56785,93.10472222,2024-09-12,Mizoram,Kolasib,NULL,Debris,Slide,2.86,670.0,32.9,9.2,11.9,10.1,0.7,1
MIZ/KOL/2024/785_neg1,real_non_landslide,23.56785,93.10472222,2024-03-16,Mizoram,Kolasib,NULL,Debris,Slide,2.86,670.0,32.9,0.0,0.1,0.0,0.0,0
MIZ/KOL/2024/785_neg2,real_non_landslide,23.56785,93.10472222,2025-03-11,Mizoram,Kolasib,NULL,Debris,Slide,2.86,670.0,32.9,0.0,0.0,0.0,0.0,0
MIZ/KOL/2024/790,real_landslide,23.56404167,93.10752222,2024-09-12,Mizoram,Kolasib,NULL,Earth,Slide,1.91,754.0,32.9,9.2,11.9,10.1,0.7,1
MIZ/KOL/2024/790_neg1,real_non_landslide,23.56404167,93.10752222,2024-03-16,Mizoram,Kolasib,NULL,Earth,Slide,1.91,754.0,32.9,0.0,0.1,0.0,0.0,0
MIZ/KOL/2024/790_neg2,real_non_landslide,23.56404167,93.10752222,2025-03-11,Mizoram,Kolasib,NULL,Earth,Slide,1.91,754.0,32.9,0.0,0.0,0.0,0.0,0
MIZ/KOL/2024/791,real_landslide,23.56145278,93.10908889,2024-09-12,Mizoram,Kolasib,NULL,Debris,Slide,29.03,707.0,34.8,9.2,11.9,10.1,0.7,1
MIZ/KOL/2024/791_neg1,real_non_landslide,23.56145278,93.10908889,2024-03-16,Mizoram,Kolasib,NULL,Debris,Slide,29.03,707.0,34.8,0.0,0.1,0.0,0.0,0
MIZ/KOL/2024/791_neg2,real_non_landslide,23.56145278,93.10908889,2025-03-11,Mizoram,Kolasib,NULL,Debris,Slide,29.03,707.0,34.8,0.0,0.0,0.0,0.0,0
MIZ/KOL/2024/792,real_landslide,23.55881111,93.10900556,2024-09-12,Mizoram,Kolasib,NULL,Earth,Slide,5.71,753.0,34.8,9.2,11.9,10.1,0.7,1
MIZ/KOL/2024/792_neg1,real_non_landslide,23.55881111,93.10900556,2024-03-16,Mizoram,Kolasib,NULL,Earth,Slide,5.71,753.0,34.8,0.0,0.1,0.0,0.0,0
MIZ/KOL/2024/792_neg2,real_non_landslide,23.55881111,93.10900556,2025-03-11,Mizoram,Kolasib,NULL,Earth,Slide,5.71,753.0,34.8,0.0,0.0,0.0,0.0,0
MIZ/AZL/2024/795,real_landslide,23.34297778,93.057775,2024-09-13,Mizoram,Aizawl,NULL,Debris,Slide,13.13,851.0,32.0,8.9,23.1,1.5,11.6,1
MIZ/AZL/2024/795_neg1,real_non_landslide,23.34297778,93.057775,2024-03-17,Mizoram,Aizawl,NULL,Debris,Slide,13.13,851.0,32.0,0.0,0.0,0.0,0.0,0
MIZ/AZL/2024/795_neg2,real_non_landslide,23.34297778,93.057775,2025-03-12,Mizoram,Aizawl,NULL,Debris,Slide,13.13,851.0,32.0,0.0,0.0,0.0,0.0,0
MIZ/AZL/2024/796,real_landslide,23.35406111,93.04156111,2024-09-28,Mizoram,Aizawl,NULL,Debris,Slide,5.55,520.0,29.5,26.2,3.8,16.5,0.9,1
MIZ/AZL/2024/796_neg1,real_non_landslide,23.35406111,93.04156111,2024-04-01,Mizoram,Aizawl,NULL,Debris,Slide,5.55,520.0,29.5,0.0,2.3,1.5,2.1,0
MIZ/AZL/2024/796_neg2,real_non_landslide,23.35406111,93.04156111,2025-03-27,Mizoram,Aizawl,NULL,Debris,Slide,5.55,520.0,29.5,0.0,0.0,0.0,0.0,0
MIZ/KOL/2024/799,real_landslide,23.36966389,93.04609444,2024-07-09,Mizoram,Kolasib,NULL,Debris,Slide,48.58,596.0,31.1,3.1,14.0,1.3,4.7,1
MIZ/KOL/2024/799_neg1,real_non_landslide,23.36966389,93.04609444,2024-01-11,Mizoram,Kolasib,NULL,Debris,Slide,48.58,596.0,31.1,0.0,0.0,0.0,0.0,0
MIZ/KOL/2024/799_neg2,real_non_landslide,23.36966389,93.04609444,2025-01-05,Mizoram,Kolasib,NULL,Debris,Slide,48.58,596.0,31.1,0.0,0.0,0.0,0.0,0
MIZ/KOL/2024/789,real_landslide,23.56238611,93.12376667,2024-09-12,Mizoram,Kolasib,NULL,Earth,Slide,27.32,737.0,36.5,9.2,11.9,10.1,0.7,1
MIZ/KOL/2024/789_neg1,real_non_landslide,23.56238611,93.12376667,2024-03-16,Mizoram,Kolasib,NULL,Earth,Slide,27.32,737.0,36.5,0.0,0.1,0.0,0.0,0
MIZ/KOL/2024/789_neg2,real_non_landslide,23.56238611,93.12376667,2025-03-11,Mizoram,Kolasib,NULL,Earth,Slide,27.32,737.0,36.5,0.0,0.0,0.0,0.0,0
MIZ/KOL/2024/801,real_landslide,23.03821667,93.12529444,2024-09-17,Mizoram,Kolasib,NULL,Rock,Slide,12.23,441.0,30.3,7.6,7.6,1.6,8.2,1
MIZ/KOL/2024/801_neg1,real_non_landslide,23.03821667,93.12529444,2024-03-21,Mizoram,Kolasib,NULL,Rock,Slide,12.23,441.0,30.3,0.0,0.7,0.0,10.0,0
MIZ/KOL/2024/801_neg2,real_non_landslide,23.03821667,93.12529444,2025-03-16,Mizoram,Kolasib,NULL,Rock,Slide,12.23,441.0,30.3,0.6,0.2,0.0,0.0,0
MIZ/KOL/2024/809,real_landslide,24.599425,93.30004722,2024-08-24,Mizoram,Kolasib,NULL,Debris,Slide,42.09,548.0,32.5,22.2,55.6,26.7,26.2,1
MIZ/KOL/2024/809_neg1,real_non_landslide,24.599425,93.30004722,2024-02-26,Mizoram,Kolasib,NULL,Debris,Slide,42.09,548.0,32.5,12.2,0.0,0.0,0.0,0
MIZ/KOL/2024/809_neg2,real_non_landslide,24.599425,93.30004722,2025-02-20,Mizoram,Kolasib,NULL,Debris,Slide,42.09,548.0,32.5,0.0,1.8,0.9,0.0,0
MIZ/KOL/2024/804,real_landslide,24.55205833,93.25569167,2024-07-09,Mizoram,Kolasib,NULL,Rock,Fall,25.8,242.0,29.3,11.4,3.5,31.4,24.1,1
MIZ/KOL/2024/804_neg1,real_non_landslide,24.55205833,93.25569167,2024-01-11,Mizoram,Kolasib,NULL,Rock,Fall,25.8,242.0,29.3,0.0,0.0,0.0,0.0,0
MIZ/KOL/2024/804_neg2,real_non_landslide,24.55205833,93.25569167,2025-01-05,Mizoram,Kolasib,NULL,Rock,Fall,25.8,242.0,29.3,0.0,0.0,0.0,0.0,0
MIZ/KOL/2024/813,real_landslide,24.02205833,93.29369167,2024-09-24,Mizoram,Kolasib,NULL,Debris,Slide,0.0,1138.0,34.4,0.8,0.7,0.0,11.9,1
MIZ/KOL/2024/813_neg1,real_non_landslide,24.02205833,93.29369167,2024-03-28,Mizoram,Kolasib,NULL,Debris,Slide,0.0,1138.0,34.4,0.0,2.4,1.0,2.3,0
MIZ/KOL/2024/813_neg2,real_non_landslide,24.02205833,93.29369167,2025-03-23,Mizoram,Kolasib,NULL,Debris,Slide,0.0,1138.0,34.4,3.6,4.0,1.1,0.0,0
MIZ/KOL/2024/810,real_landslide,24.60921944,93.30050278,2024-09-24,Mizoram,Kolasib,NULL,Debris,Slide,17.57,733.0,31.9,1.0,0.7,0.0,2.8,1
MIZ/KOL/2024/810_neg1,real_non_landslide,24.60921944,93.30050278,2024-03-28,Mizoram,Kolasib,NULL,Debris,Slide,17.57,733.0,31.9,0.1,4.2,0.4,1.0,0
MIZ/KOL/2024/810_neg2,real_non_landslide,24.60921944,93.30050278,2025-03-23,Mizoram,Kolasib,NULL,Debris,Slide,17.57,733.0,31.9,3.4,6.6,0.2,0.0,0
MIZ/KOL/2024/812,real_landslide,24.64528611,93.28593611,2024-09-24,Mizoram,Kolasib,NULL,Debris,Slide,44.72,526.0,30.9,0.5,0.3,0.0,1.7,1
MIZ/KOL/2024/812_neg1,real_non_landslide,24.64528611,93.28593611,2024-03-28,Mizoram,Kolasib,NULL,Debris,Slide,44.72,526.0,30.9,0.3,3.0,0.0,0.3,0
MIZ/KOL/2024/812_neg2,real_non_landslide,24.64528611,93.28593611,2025-03-23,Mizoram,Kolasib,NULL,Debris,Slide,44.72,526.0,30.9,9.6,12.1,0.2,0.0,0
MIZ/KOL/2024/839,real_landslide,24.57467222,93.14389722,2024-07-09,Mizoram,Kolasib,NULL,Debris,Slide,23.43,575.0,33.0,11.5,7.1,23.8,24.9,1
MIZ/KOL/2024/839_neg1,real_non_landslide,24.57467222,93.14389722,2024-01-11,Mizoram,Kolasib,NULL,Debris,Slide,23.43,575.0,33.0,0.0,0.0,0.0,0.0,0
MIZ/KOL/2024/839_neg2,real_non_landslide,24.57467222,93.14389722,2025-01-05,Mizoram,Kolasib,NULL,Debris,Slide,23.43,575.0,33.0,0.0,0.0,0.0,0.0,0
MIZ/KOL/2024/840,real_landslide,24.57470833,93.13897222,2024-07-09,Mizoram,Kolasib,NULL,Debris,Complex,43.31,374.0,32.4,11.5,7.1,23.8,24.9,1
MIZ/KOL/2024/840_neg1,real_non_landslide,24.57470833,93.13897222,2024-01-11,Mizoram,Kolasib,NULL,Debris,Complex,43.31,374.0,32.4,0.0,0.0,0.0,0.0,0
MIZ/KOL/2024/840_neg2,real_non_landslide,24.57470833,93.13897222,2025-01-05,Mizoram,Kolasib,NULL,Debris,Complex,43.31,374.0,32.4,0.0,0.0,0.0,0.0,0
MIZ/KOL/2024/844,real_landslide,24.55987778,93.12541667,2024-07-07,Mizoram,Kolasib,NULL,Debris,Slide,41.46,312.0,30.1,19.5,18.6,7.4,8.8,1
MIZ/KOL/2024/844_neg1,real_non_landslide,24.55987778,93.12541667,2024-01-09,Mizoram,Kolasib,NULL,Debris,Slide,41.46,312.0,30.1,0.0,0.0,0.0,0.0,0
MIZ/KOL/2024/844_neg2,real_non_landslide,24.55987778,93.12541667,2025-01-03,Mizoram,Kolasib,NULL,Debris,Slide,41.46,312.0,30.1,0.0,0.0,0.0,0.0,0
MIZ/KOL/2024/842,real_landslide,24.56917222,93.14073611,2024-07-02,Mizoram,Kolasib,NULL,Debris,Slide,38.32,295.0,31.7,9.6,23.0,66.1,28.3,1
MIZ/KOL/2024/842_neg1,real_non_landslide,24.56917222,93.14073611,2024-01-04,Mizoram,Kolasib,NULL,Debris,Slide,38.32,295.0,31.7,0.0,0.0,0.0,0.0,0
MIZ/KOL/2024/842_neg2,real_non_landslide,24.56917222,93.14073611,2024-12-29,Mizoram,Kolasib,NULL,Debris,Slide,38.32,295.0,31.7,0.0,0.0,0.0,0.0,0
MIZ/KOL/2024/846,real_landslide,24.10641389,93.12339944,2024-09-28,Mizoram,Kolasib,NULL,Debris,Slide,34.98,987.0,33.5,21.8,8.6,11.7,2.3,1
MIZ/KOL/2024/846_neg1,real_non_landslide,24.10641389,93.12339944,2024-04-01,Mizoram,Kolasib,NULL,Debris,Slide,34.98,987.0,33.5,0.5,5.5,1.3,4.6,0
MIZ/KOL/2024/846_neg2,real_non_landslide,24.10641389,93.12339944,2025-03-27,Mizoram,Kolasib,NULL,Debris,Slide,34.98,987.0,33.5,0.0,0.0,0.0,0.0,0
MIZ/AZL/2024/856,real_landslide,23.20960722,93.13104722,2024-07-02,Mizoram,Aizawl,NULL,Debris,Slide,28.81,920.0,31.2,5.6,12.7,37.4,21.7,1
MIZ/AZL/2024/856_neg1,real_non_landslide,23.20960722,93.13104722,2024-01-04,Mizoram,Aizawl,NULL,Debris,Slide,28.81,920.0,31.2,0.0,0.0,0.0,0.0,0
MIZ/AZL/2024/856_neg2,real_non_landslide,23.20960722,93.13104722,2024-12-29,Mizoram,Aizawl,NULL,Debris,Slide,28.81,920.0,31.2,0.0,0.0,0.0,0.0,0
MIZ/AZL/2024/857,real_landslide,23.21068583,93.1212325,2024-07-02,Mizoram,Aizawl,NULL,Debris,Slide,30.96,1122.0,29.6,6.1,10.6,47.9,22.8,1
MIZ/AZL/2024/857_neg1,real_non_landslide,23.21068583,93.1212325,2024-01-04,Mizoram,Aizawl,NULL,Debris,Slide,30.96,1122.0,29.6,0.0,0.0,0.0,0.0,0
MIZ/AZL/2024/857_neg2,real_non_landslide,23.21068583,93.1212325,2024-12-29,Mizoram,Aizawl,NULL,Debris,Slide,30.96,1122.0,29.6,0.0,0.0,0.0,0.0,0
MIZ/KOL/2024/859,real_landslide,23.504575,93.23805,2024-07-17,Mizoram,Kolasib,NULL,Debris,Complex,33.02,1410.0,34.9,11.9,12.6,5.7,17.7,1
MIZ/KOL/2024/859_neg1,real_non_landslide,23.504575,93.23805,2024-01-19,Mizoram,Kolasib,NULL,Debris,Complex,33.02,1410.0,34.9,0.0,0.0,0.1,0.5,0
MIZ/KOL/2024/859_neg2,real_non_landslide,23.504575,93.23805,2025-01-13,Mizoram,Kolasib,NULL,Debris,Complex,33.02,1410.0,34.9,0.0,0.0,0.0,0.0,0
MIZ/KOL/2024/858,real_landslide,23.49216111,93.23695,2024-07-17,Mizoram,Kolasib,NULL,Rock,Slide,12.23,1316.0,35.7,11.9,12.6,5.7,17.7,1
MIZ/KOL/2024/858_neg1,real_non_landslide,23.49216111,93.23695,2024-01-19,Mizoram,Kolasib,NULL,Rock,Slide,12.23,1316.0,35.7,0.0,0.0,0.1,0.5,0
MIZ/KOL/2024/858_neg2,real_non_landslide,23.49216111,93.23695,2025-01-13,Mizoram,Kolasib,NULL,Rock,Slide,12.23,1316.0,35.7,0.0,0.0,0.0,0.0,0
MIZ/AZL/2024/854,real_landslide,23.24500833,93.17587222,2024-09-24,Mizoram,Aizawl,NULL,Debris,Slide,43.65,603.0,29.5,2.2,0.3,0.3,10.4,1
MIZ/AZL/2024/854_neg1,real_non_landslide,23.24500833,93.17587222,2024-03-28,Mizoram,Aizawl,NULL,Debris,Slide,43.65,603.0,29.5,0.0,0.0,0.0,0.2,0
MIZ/AZL/2024/854_neg2,real_non_landslide,23.24500833,93.17587222,2025-03-23,Mizoram,Aizawl,NULL,Debris,Slide,43.65,603.0,29.5,0.1,0.2,0.2,0.0,0
MIZ/KOL/2024/860,real_landslide,24.15364444,93.02183611,2024-06-07,Mizoram,Kolasib,NULL,Debris,Slide,25.02,287.0,32.6,5.5,0.7,3.0,6.5,1
MIZ/KOL/2024/860_neg1,real_non_landslide,24.15364444,93.02183611,2023-12-10,Mizoram,Kolasib,NULL,Debris,Slide,25.02,287.0,32.6,41.2,52.5,5.9,2.9,0
MIZ/KOL/2024/860_neg2,real_non_landslide,24.15364444,93.02183611,2024-12-04,Mizoram,Kolasib,NULL,Debris,Slide,25.02,287.0,32.6,1.3,0.4,0.0,0.0,0
MIZ/KOL/2024/862,real_landslide,24.23419444,93.02469167,2024-09-28,Mizoram,Kolasib,NULL,Earth,Slide,27.63,69.0,26.9,15.1,5.4,3.4,0.7,1
MIZ/KOL/2024/862_neg1,real_non_landslide,24.23419444,93.02469167,2024-04-01,Mizoram,Kolasib,NULL,Earth,Slide,27.63,69.0,26.9,0.7,11.2,3.7,2.4,0
MIZ/KOL/2024/862_neg2,real_non_landslide,24.23419444,93.02469167,2025-03-27,Mizoram,Kolasib,NULL,Earth,Slide,27.63,69.0,26.9,0.0,0.0,0.0,0.0,0
MIZ/KOL/2024/863,real_landslide,24.32836667,93.00923056,2024-09-28,Mizoram,Kolasib,NULL,Earth,Slide,44.0,474.0,35.5,17.9,8.3,13.6,1.3,1
MIZ/KOL/2024/863_neg1,real_non_landslide,24.32836667,93.00923056,2024-04-01,Mizoram,Kolasib,NULL,Earth,Slide,44.0,474.0,35.5,2.0,21.5,2.4,0.4,0
MIZ/KOL/2024/863_neg2,real_non_landslide,24.32836667,93.00923056,2025-03-27,Mizoram,Kolasib,NULL,Earth,Slide,44.0,474.0,35.5,0.0,0.0,0.0,0.0,0
MIZ/KOL/2024/866,real_landslide,24.4259,93.13580556,2024-05-28,Mizoram,Kolasib,NULL,Earth,Slide,0.95,506.0,33.1,0.1,4.6,11.4,95.5,1
MIZ/KOL/2024/866_neg1,real_non_landslide,24.4259,93.13580556,2023-11-30,Mizoram,Kolasib,NULL,Earth,Slide,0.95,506.0,33.1,0.0,0.0,0.0,0.0,0
MIZ/KOL/2024/866_neg2,real_non_landslide,24.4259,93.13580556,2024-11-24,Mizoram,Kolasib,NULL,Earth,Slide,0.95,506.0,33.1,2.9,2.5,0.5,0.0,0
MIZ/KOL/2024/867,real_landslide,24.44347778,93.15817778,2024-07-07,Mizoram,Kolasib,NULL,Debris,Complex,16.05,63.0,28.5,16.4,32.7,26.1,5.9,1
MIZ/KOL/2024/867_neg1,real_non_landslide,24.44347778,93.15817778,2024-01-09,Mizoram,Kolasib,NULL,Debris,Complex,16.05,63.0,28.5,0.0,0.0,0.0,0.0,0
MIZ/KOL/2024/867_neg2,real_non_landslide,24.44347778,93.15817778,2025-01-03,Mizoram,Kolasib,NULL,Debris,Complex,16.05,63.0,28.5,0.0,0.0,0.0,0.0,0
MIZ/KOL/2024/865,real_landslide,24.40520278,93.06672222,2024-07-09,Mizoram,Kolasib,NULL,Debris,Slide,34.75,344.0,32.4,22.3,22.2,12.8,18.7,1
MIZ/KOL/2024/865_neg1,real_non_landslide,24.40520278,93.06672222,2024-01-11,Mizoram,Kolasib,NULL,Debris,Slide,34.75,344.0,32.4,0.0,0.0,0.0,0.0,0
MIZ/KOL/2024/865_neg2,real_non_landslide,24.40520278,93.06672222,2025-01-05,Mizoram,Kolasib,NULL,Debris,Slide,34.75,344.0,32.4,0.0,0.0,0.0,0.0,0
MIZ/KOL/2024/874,real_landslide,24.65018056,93.20256667,2024-07-17,Mizoram,Kolasib,NULL,Debris,Slide,26.77,204.0,29.4,4.7,44.0,11.8,27.3,1
MIZ/KOL/2024/874_neg1,real_non_landslide,24.65018056,93.20256667,2024-01-19,Mizoram,Kolasib,NULL,Debris,Slide,26.77,204.0,29.4,0.3,0.1,0.0,0.0,0
MIZ/KOL/2024/874_neg2,real_non_landslide,24.65018056,93.20256667,2025-01-13,Mizoram,Kolasib,NULL,Debris,Slide,26.77,204.0,29.4,0.0,0.0,0.0,0.0,0
MIZ/KOL/2024/875,real_landslide,24.6273,93.20404444,2024-07-17,Mizoram,Kolasib,NULL,Earth,Slide,40.59,197.0,31.0,4.7,44.0,11.8,27.3,1
MIZ/KOL/2024/875_neg1,real_non_landslide,24.6273,93.20404444,2024-01-19,Mizoram,Kolasib,NULL,Earth,Slide,40.59,197.0,31.0,0.3,0.1,0.0,0.0,0
MIZ/KOL/2024/875_neg2,real_non_landslide,24.6273,93.20404444,2025-01-13,Mizoram,Kolasib,NULL,Earth,Slide,40.59,197.0,31.0,0.0,0.0,0.0,0.0,0
MIZ/KOL/2024/861,real_landslide,24.15817222,93.02488611,2024-09-28,Mizoram,Kolasib,NULL,Earth,Slide,30.51,555.0,33.2,19.3,11.0,9.7,3.1,1
MIZ/KOL/2024/861_neg1,real_non_landslide,24.15817222,93.02488611,2024-04-01,Mizoram,Kolasib,NULL,Earth,Slide,30.51,555.0,33.2,0.7,11.0,2.4,1.0,0
MIZ/KOL/2024/861_neg2,real_non_landslide,24.15817222,93.02488611,2025-03-27,Mizoram,Kolasib,NULL,Earth,Slide,30.51,555.0,33.2,0.0,0.0,0.0,0.0,0
MIZ/KOL/2024/869,real_landslide,24.44857778,93.15738611,2024-07-07,Mizoram,Kolasib,NULL,Debris,Complex,20.81,87.0,28.2,16.4,32.7,26.1,5.9,1
MIZ/KOL/2024/869_neg1,real_non_landslide,24.44857778,93.15738611,2024-01-09,Mizoram,Kolasib,NULL,Debris,Complex,20.81,87.0,28.2,0.0,0.0,0.0,0.0,0
MIZ/KOL/2024/869_neg2,real_non_landslide,24.44857778,93.15738611,2025-01-03,Mizoram,Kolasib,NULL,Debris,Complex,20.81,87.0,28.2,0.0,0.0,0.0,0.0,0
MIZ/KOL/2024/877,real_landslide,24.58605,93.21056389,2024-09-24,Mizoram,Kolasib,NULL,Debris,Slide,15.79,72.0,27.2,0.3,0.3,0.1,16.9,1
MIZ/KOL/2024/877_neg1,real_non_landslide,24.58605,93.21056389,2024-03-28,Mizoram,Kolasib,NULL,Debris,Slide,15.79,72.0,27.2,0.2,2.1,0.2,0.8,0
MIZ/KOL/2024/877_neg2,real_non_landslide,24.58605,93.21056389,2025-03-23,Mizoram,Kolasib,NULL,Debris,Slide,15.79,72.0,27.2,11.0,1.6,0.7,0.5,0
MIZ/KOL/2024/873,real_landslide,24.65409167,93.204625,2024-07-17,Mizoram,Kolasib,NULL,Debris,Slide,0.95,123.0,28.8,4.7,44.0,11.8,27.3,1
MIZ/KOL/2024/873_neg1,real_non_landslide,24.65409167,93.204625,2024-01-19,Mizoram,Kolasib,NULL,Debris,Slide,0.95,123.0,28.8,0.3,0.1,0.0,0.0,0
MIZ/KOL/2024/873_neg2,real_non_landslide,24.65409167,93.204625,2025-01-13,Mizoram,Kolasib,NULL,Debris,Slide,0.95,123.0,28.8,0.0,0.0,0.0,0.0,0
MIZ/KOL/2024/878,real_landslide,24.577475,93.19105,2024-10-22,Mizoram,Kolasib,NULL,Debris,Slide,17.01,130.0,30.1,21.9,0.5,0.0,0.0,1
MIZ/KOL/2024/878_neg1,real_non_landslide,24.577475,93.19105,2024-04-25,Mizoram,Kolasib,NULL,Debris,Slide,17.01,130.0,30.1,10.8,0.0,0.5,20.1,0
MIZ/KOL/2024/878_neg2,real_non_landslide,24.577475,93.19105,2025-04-20,Mizoram,Kolasib,NULL,Debris,Slide,17.01,130.0,30.1,0.5,6.7,1.2,13.7,0
MIZ/KOL/2024/876,real_landslide,24.62604722,93.22583889,2024-06-12,Mizoram,Kolasib,NULL,Debris,Complex,2.13,122.0,27.9,6.0,5.4,8.4,32.3,1
MIZ/KOL/2024/876_neg1,real_non_landslide,24.62604722,93.22583889,2023-12-15,Mizoram,Kolasib,NULL,Debris,Complex,2.13,122.0,27.9,0.1,3.4,0.1,0.0,0
MIZ/KOL/2024/876_neg2,real_non_landslide,24.62604722,93.22583889,2024-12-09,Mizoram,Kolasib,NULL,Debris,Complex,2.13,122.0,27.9,0.0,0.0,0.0,0.0,0
MIZ/KOL/2024/880,real_landslide,24.5716,93.17273056,2024-06-12,Mizoram,Kolasib,NULL,Debris,Slide,31.66,193.0,30.6,6.7,3.8,9.5,30.8,1
MIZ/KOL/2024/880_neg1,real_non_landslide,24.5716,93.17273056,2023-12-15,Mizoram,Kolasib,NULL,Debris,Slide,31.66,193.0,30.6,0.0,2.4,0.6,0.0,0
MIZ/KOL/2024/880_neg2,real_non_landslide,24.5716,93.17273056,2024-12-09,Mizoram,Kolasib,NULL,Debris,Slide,31.66,193.0,30.6,0.0,0.0,0.0,0.0,0
MIZ/KOL/2024/879,real_landslide,24.56062778,93.18938889,2024-07-07,Mizoram,Kolasib,NULL,Earth,Slide,27.34,102.0,26.2,16.5,18.5,11.5,7.1,1
MIZ/KOL/2024/879_neg1,real_non_landslide,24.56062778,93.18938889,2024-01-09,Mizoram,Kolasib,NULL,Earth,Slide,27.34,102.0,26.2,0.0,0.0,0.0,0.0,0
MIZ/KOL/2024/879_neg2,real_non_landslide,24.56062778,93.18938889,2025-01-03,Mizoram,Kolasib,NULL,Earth,Slide,27.34,102.0,26.2,0.0,0.0,0.0,0.0,0
MIZ/KOL/2024/882,real_landslide,24.57296389,93.17700556,2024-07-07,Mizoram,Kolasib,NULL,Debris,Slide,0.0,316.0,30.3,16.5,18.5,11.5,7.1,1
MIZ/KOL/2024/882_neg1,real_non_landslide,24.57296389,93.17700556,2024-01-09,Mizoram,Kolasib,NULL,Debris,Slide,0.0,316.0,30.3,0.0,0.0,0.0,0.0,0
MIZ/KOL/2024/882_neg2,real_non_landslide,24.57296389,93.17700556,2025-01-03,Mizoram,Kolasib,NULL,Debris,Slide,0.0,316.0,30.3,0.0,0.0,0.0,0.0,0
MIZ/KOL/2024/884,real_landslide,24.526075,93.05379167,2024-05-28,Mizoram,Kolasib,NULL,Debris,Slide,29.54,140.0,26.2,0.2,3.9,14.9,91.9,1
MIZ/KOL/2024/884_neg1,real_non_landslide,24.526075,93.05379167,2023-11-30,Mizoram,Kolasib,NULL,Debris,Slide,29.54,140.0,26.2,0.0,0.0,0.0,0.0,0
MIZ/KOL/2024/884_neg2,real_non_landslide,24.526075,93.05379167,2024-11-24,Mizoram,Kolasib,NULL,Debris,Slide,29.54,140.0,26.2,9.2,1.2,0.4,0.0,0
MIZ/KOL/2024/883,real_landslide,24.5768,93.106075,2024-06-12,Mizoram,Kolasib,NULL,Debris,Slide,23.12,91.0,27.2,4.3,2.6,7.8,35.3,1
MIZ/KOL/2024/883_neg1,real_non_landslide,24.5768,93.106075,2023-12-15,Mizoram,Kolasib,NULL,Debris,Slide,23.12,91.0,27.2,0.0,1.1,0.0,0.0,0
MIZ/KOL/2024/883_neg2,real_non_landslide,24.5768,93.106075,2024-12-09,Mizoram,Kolasib,NULL,Debris,Slide,23.12,91.0,27.2,0.0,0.0,0.0,0.0,0
MZ/AZL/84A10/2024/120,real_landslide,23.57722222,92.71222222,2024-05-28,Mizoram,Aizawl,NULL,Earth,Complex,31.12,902.0,29.3,14.9,16.4,17.3,86.1,1
MZ/AZL/84A10/2024/120_neg1,real_non_landslide,23.57722222,92.71222222,2023-11-30,Mizoram,Aizawl,NULL,Earth,Complex,31.12,902.0,29.3,0.0,0.0,0.0,0.0,0
MZ/AZL/84A10/2024/120_neg2,real_non_landslide,23.57722222,92.71222222,2024-11-24,Mizoram,Aizawl,NULL,Earth,Complex,31.12,902.0,29.3,1.0,0.4,0.0,0.0,0
MIZ/KOL/2024/885,real_landslide,24.458325,93.09439167,2024-09-24,Mizoram,Kolasib,NULL,Debris,Slide,36.21,427.0,32.4,0.3,0.0,0.0,14.3,1
MIZ/KOL/2024/885_neg1,real_non_landslide,24.458325,93.09439167,2024-03-28,Mizoram,Kolasib,NULL,Debris,Slide,36.21,427.0,32.4,0.1,3.0,0.1,4.4,0
MIZ/KOL/2024/885_neg2,real_non_landslide,24.458325,93.09439167,2025-03-23,Mizoram,Kolasib,NULL,Debris,Slide,36.21,427.0,32.4,36.9,4.5,0.5,0.1,0
MIZ/KOL/2024/881,real_landslide,24.56925833,93.177275,2024-05-28,Mizoram,Kolasib,NULL,Debris,Slide,33.1,194.0,30.3,1.0,3.6,8.6,95.2,1
MIZ/KOL/2024/881_neg1,real_non_landslide,24.56925833,93.177275,2023-11-30,Mizoram,Kolasib,NULL,Debris,Slide,33.1,194.0,30.3,0.0,0.0,0.0,0.0,0
MIZ/KOL/2024/881_neg2,real_non_landslide,24.56925833,93.177275,2024-11-24,Mizoram,Kolasib,NULL,Debris,Slide,33.1,194.0,30.3,9.4,2.9,1.2,0.0,0
MIZ/AZL/84A14/2025/008,real_landslide,23.730243,92.75603,2025-05-30,Mizoram,Aizawl,,Debris,Slide,36.32,890.0,28.7,23.8,29.8,33.4,83.1,1
MIZ/AZL/84A14/2025/008_neg1,real_non_landslide,23.730243,92.75603,2024-12-01,Mizoram,Aizawl,,Debris,Slide,36.32,890.0,28.7,0.7,0.2,4.0,1.8,0
MIZ/AZL/84A14/2025/008_neg2,real_non_landslide,23.730243,92.75603,2025-11-26,Mizoram,Aizawl,,Debris,Slide,36.32,890.0,28.7,0.0,0.0,0.0,0.0,0
MIZ/AZL/84A10/2025/003,real_landslide,23.7002691,92.7181685,2025-05-13,Mizoram,Aizawl,,Rock,Fall,41.58,1072.0,30.4,0.2,0.3,4.0,0.7,1
MIZ/AZL/84A10/2025/003_neg1,real_non_landslide,23.7002691,92.7181685,2024-11-14,Mizoram,Aizawl,,Rock,Fall,41.58,1072.0,30.4,0.0,0.4,0.0,0.0,0
MIZ/AZL/84A10/2025/003_neg2,real_non_landslide,23.7002691,92.7181685,2025-11-09,Mizoram,Aizawl,,Rock,Fall,41.58,1072.0,30.4,0.8,0.0,0.0,0.0,0
MIZ/AZL/84A09/2025/010,real_landslide,23.758901,92.730863,2025-05-30,Mizoram,Aizawl,,Debris,slide,37.36,1064.0,29.7,23.8,29.8,33.4,83.1,1
MIZ/AZL/84A09/2025/010_neg1,real_non_landslide,23.758901,92.730863,2024-12-01,Mizoram,Aizawl,,Debris,slide,37.36,1064.0,29.7,0.7,0.2,4.0,1.8,0
MIZ/AZL/84A09/2025/010_neg2,real_non_landslide,23.758901,92.730863,2025-11-26,Mizoram,Aizawl,,Debris,slide,37.36,1064.0,29.7,0.0,0.0,0.0,0.0,0
MIZ/AZL/84A10/2025/012,real_landslide,23.745802,92.717053,2025-06-01,Mizoram,Aizawl,,Earth,Slide,23.43,902.0,33.0,33.4,83.1,20.3,20.8,1
MIZ/AZL/84A10/2025/012_neg1,real_non_landslide,23.745802,92.717053,2024-12-03,Mizoram,Aizawl,,Earth,Slide,23.43,902.0,33.0,4.0,1.8,0.0,0.0,0
MIZ/AZL/84A10/2025/012_neg2,real_non_landslide,23.745802,92.717053,2025-11-28,Mizoram,Aizawl,,Earth,Slide,23.43,902.0,33.0,0.0,0.0,0.0,0.0,0
MIZ/AZL/84A10/2025/014,real_landslide,23.581766,92.713413,2024-05-28,Mizoram,Aizawl,,Debris,Slide,41.26,868.0,31.6,14.9,16.4,17.3,86.1,1
MIZ/AZL/84A10/2025/014_neg1,real_non_landslide,23.581766,92.713413,2023-11-30,Mizoram,Aizawl,,Debris,Slide,41.26,868.0,31.6,0.0,0.0,0.0,0.0,0
MIZ/AZL/84A10/2025/014_neg2,real_non_landslide,23.581766,92.713413,2024-11-24,Mizoram,Aizawl,,Debris,Slide,41.26,868.0,31.6,1.0,0.4,0.0,0.0,0
MIZ/AZL/84A15/2025/016,real_landslide,23.410771,92.753123,2024-05-28,Mizoram,Aizawl,,Debris,Slide,38.71,1149.0,30.4,20.5,16.8,19.7,86.2,1
MIZ/AZL/84A15/2025/016_neg1,real_non_landslide,23.410771,92.753123,2023-11-30,Mizoram,Aizawl,,Debris,Slide,38.71,1149.0,30.4,0.0,0.0,0.0,0.0,0
MIZ/AZL/84A15/2025/016_neg2,real_non_landslide,23.410771,92.753123,2024-11-24,Mizoram,Aizawl,,Debris,Slide,38.71,1149.0,30.4,2.2,1.2,0.2,0.1,0
MIZ/AZL/84A11/2025/015,real_landslide,23.469247,92.744068,2025-06-01,Mizoram,Aizawl,,Earth,Slide,22.41,1350.0,35.1,29.7,142.8,36.1,36.3,1
MIZ/AZL/84A11/2025/015_neg1,real_non_landslide,23.469247,92.744068,2024-12-03,Mizoram,Aizawl,,Earth,Slide,22.41,1350.0,35.1,4.9,1.7,0.0,0.0,0
MIZ/AZL/84A11/2025/015_neg2,real_non_landslide,23.469247,92.744068,2025-11-28,Mizoram,Aizawl,,Earth,Slide,22.41,1350.0,35.1,0.0,0.0,0.0,0.0,0
MIZ/AZL/84A15/2025/019,real_landslide,23.350187,92.778852,2025-05-30,Mizoram,Aizawl,,Debris,Slide,34.99,786.0,31.5,19.7,22.5,31.0,161.5,1
MIZ/AZL/84A15/2025/019_neg1,real_non_landslide,23.350187,92.778852,2024-12-01,Mizoram,Aizawl,,Debris,Slide,34.99,786.0,31.5,1.4,0.5,5.0,1.3,0
MIZ/AZL/84A15/2025/019_neg2,real_non_landslide,23.350187,92.778852,2025-11-26,Mizoram,Aizawl,,Debris,Slide,34.99,786.0,31.5,0.0,0.0,0.0,0.0,0
MIZ/AZL/84A15/2025/021,real_landslide,23.339144,92.786128,2025-05-30,Mizoram,Aizawl,,Debris,Slide,24.23,689.0,33.6,19.7,22.5,31.0,161.5,1
MIZ/AZL/84A15/2025/021_neg1,real_non_landslide,23.339144,92.786128,2024-12-01,Mizoram,Aizawl,,Debris,Slide,24.23,689.0,33.6,1.4,0.5,5.0,1.3,0
MIZ/AZL/84A15/2025/021_neg2,real_non_landslide,23.339144,92.786128,2025-11-26,Mizoram,Aizawl,,Debris,Slide,24.23,689.0,33.6,0.0,0.0,0.0,0.0,0
MIZ/AZL/84A15/2025/020,real_landslide,23.341022,92.776761,2025-05-30,Mizoram,Aizawl,,Debris,Slide,31.22,760.0,29.0,19.7,22.5,31.0,161.5,1
MIZ/AZL/84A15/2025/020_neg1,real_non_landslide,23.341022,92.776761,2024-12-01,Mizoram,Aizawl,,Debris,Slide,31.22,760.0,29.0,1.4,0.5,5.0,1.3,0
MIZ/AZL/84A15/2025/020_neg2,real_non_landslide,23.341022,92.776761,2025-11-26,Mizoram,Aizawl,,Debris,Slide,31.22,760.0,29.0,0.0,0.0,0.0,0.0,0
MIZ/AZL/84A15/2025/022,real_landslide,23.336229,92.787113,2025-05-30,Mizoram,Aizawl,,Debris,Flow,0.0,664.0,31.9,15.8,18.4,33.9,136.8,1
MIZ/AZL/84A15/2025/022_neg1,real_non_landslide,23.336229,92.787113,2024-12-01,Mizoram,Aizawl,,Debris,Flow,0.0,664.0,31.9,2.1,0.4,3.0,1.2,0
MIZ/AZL/84A15/2025/022_neg2,real_non_landslide,23.336229,92.787113,2025-11-26,Mizoram,Aizawl,,Debris,Flow,0.0,664.0,31.9,0.0,0.0,0.0,0.0,0
MIZ/AZL/84A15/2025/018,real_landslide,23.353485,92.780193,2025-05-31,Mizoram,Aizawl,,Debris,Slide,14.24,833.0,33.1,32.4,32.0,162.9,44.4,1
MIZ/AZL/84A15/2025/018_neg1,real_non_landslide,23.353485,92.780193,2024-12-02,Mizoram,Aizawl,,Debris,Slide,14.24,833.0,33.1,1.2,4.7,1.7,0.0,0
MIZ/AZL/84A15/2025/018_neg2,real_non_landslide,23.353485,92.780193,2025-11-27,Mizoram,Aizawl,,Debris,Slide,14.24,833.0,33.1,0.0,0.0,0.0,0.0,0
MIZ/AZL/84A15/2025/017,real_landslide,23.367366,92.767304,2025-06-01,Mizoram,Aizawl,,Rock,Slide,57.73,1076.0,33.8,31.0,161.5,43.7,45.5,1
MIZ/AZL/84A15/2025/017_neg1,real_non_landslide,23.367366,92.767304,2024-12-03,Mizoram,Aizawl,,Rock,Slide,57.73,1076.0,33.8,5.0,1.3,0.0,0.0,0
MIZ/AZL/84A15/2025/017_neg2,real_non_landslide,23.367366,92.767304,2025-11-28,Mizoram,Aizawl,,Rock,Slide,57.73,1076.0,33.8,0.0,0.0,0.0,0.0,0
MIZ/AZL/84A15/2025/023,real_landslide,23.313871,92.792739,2025-06-01,Mizoram,Aizawl,,Debris,Slide,39.46,583.0,32.8,32.7,174.7,43.6,47.8,1
MIZ/AZL/84A15/2025/023_neg1,real_non_landslide,23.313871,92.792739,2024-12-03,Mizoram,Aizawl,,Debris,Slide,39.46,583.0,32.8,3.2,2.1,0.0,0.0,0
MIZ/AZL/84A15/2025/023_neg2,real_non_landslide,23.313871,92.792739,2025-11-28,Mizoram,Aizawl,,Debris,Slide,39.46,583.0,32.8,0.0,0.0,0.0,0.0,0
MIZ/SER/84A12/2025/027,real_landslide,23.239077,92.745631,2025-05-31,Mizoram,Serchhip,,Earth,Slide,20.08,761.0,32.9,12.4,31.3,165.9,37.6,1
MIZ/SER/84A12/2025/027_neg1,real_non_landslide,23.239077,92.745631,2024-12-02,Mizoram,Serchhip,,Earth,Slide,20.08,761.0,32.9,0.3,2.4,0.9,0.0,0
MIZ/SER/84A12/2025/027_neg2,real_non_landslide,23.239077,92.745631,2025-11-27,Mizoram,Serchhip,,Earth,Slide,20.08,761.0,32.9,0.0,0.0,0.0,0.0,0
MIZ/SER/84A15/2025/025,real_landslide,23.316491,92.788798,2025-05-31,Mizoram,Serchhip,,Debris,Slide,28.81,644.0,31.1,18.4,33.9,136.8,49.4,1
MIZ/SER/84A15/2025/025_neg1,real_non_landslide,23.316491,92.788798,2024-12-02,Mizoram,Serchhip,,Debris,Slide,28.81,644.0,31.1,0.4,3.0,1.2,0.0,0
MIZ/SER/84A15/2025/025_neg2,real_non_landslide,23.316491,92.788798,2025-11-27,Mizoram,Serchhip,,Debris,Slide,28.81,644.0,31.1,0.0,0.0,0.0,0.0,0
MIZ/SER/84A15/2025/024,real_landslide,23.315355,92.790619,2025-05-31,Mizoram,Serchhip,,Debris,Slide,44.52,637.0,32.8,18.4,33.9,136.8,49.4,1
MIZ/SER/84A15/2025/024_neg1,real_non_landslide,23.315355,92.790619,2024-12-02,Mizoram,Serchhip,,Debris,Slide,44.52,637.0,32.8,0.4,3.0,1.2,0.0,0
MIZ/SER/84A15/2025/024_neg2,real_non_landslide,23.315355,92.790619,2025-11-27,Mizoram,Serchhip,,Debris,Slide,44.52,637.0,32.8,0.0,0.0,0.0,0.0,0
MIZ/SER/84A12/2025/028,real_landslide,23.239137,92.744468,2025-06-01,Mizoram,Serchhip,,Debris,Slide,20.14,764.0,32.9,31.3,165.9,37.6,55.2,1
MIZ/SER/84A12/2025/028_neg1,real_non_landslide,23.239137,92.744468,2024-12-03,Mizoram,Serchhip,,Debris,Slide,20.14,764.0,32.9,2.4,0.9,0.0,0.0,0
MIZ/SER/84A12/2025/028_neg2,real_non_landslide,23.239137,92.744468,2025-11-28,Mizoram,Serchhip,,Debris,Slide,20.14,764.0,32.9,0.0,0.0,0.0,0.0,0
MIZ/SER/84A12/2025/030,real_landslide,23.238785,92.744224,2025-05-31,Mizoram,Serchhip,,Debris,Slide,20.14,764.0,32.9,12.4,31.3,165.9,37.6,1
MIZ/SER/84A12/2025/030_neg1,real_non_landslide,23.238785,92.744224,2024-12-02,Mizoram,Serchhip,,Debris,Slide,20.14,764.0,32.9,0.3,2.4,0.9,0.0,0
MIZ/SER/84A12/2025/030_neg2,real_non_landslide,23.238785,92.744224,2025-11-27,Mizoram,Serchhip,,Debris,Slide,20.14,764.0,32.9,0.0,0.0,0.0,0.0,0
MIZ/SER/84A12/2025/031,real_landslide,23.235716,92.744499,2025-05-31,Mizoram,Serchhip,,Earth,Slide,1.91,758.0,31.6,12.4,31.3,165.9,37.6,1
MIZ/SER/84A12/2025/031_neg1,real_non_landslide,23.235716,92.744499,2024-12-02,Mizoram,Serchhip,,Earth,Slide,1.91,758.0,31.6,0.3,2.4,0.9,0.0,0
MIZ/SER/84A12/2025/031_neg2,real_non_landslide,23.235716,92.744499,2025-11-27,Mizoram,Serchhip,,Earth,Slide,1.91,758.0,31.6,0.0,0.0,0.0,0.0,0
MIZ/LUNG/84A12/2025/032,real_landslide,23.214239,92.740856,2025-05-31,Mizoram,Lunglei,,Debris,Slide,32.95,826.0,32.3,12.4,31.3,165.9,37.6,1
MIZ/LUNG/84A12/2025/032_neg1,real_non_landslide,23.214239,92.740856,2024-12-02,Mizoram,Lunglei,,Debris,Slide,32.95,826.0,32.3,0.3,2.4,0.9,0.0,0
MIZ/LUNG/84A12/2025/032_neg2,real_non_landslide,23.214239,92.740856,2025-11-27,Mizoram,Lunglei,,Debris,Slide,32.95,826.0,32.3,0.0,0.0,0.0,0.0,0
MIZ/LUNG/84A12/2025/034,real_landslide,23.200475,92.735007,2025-06-01,Mizoram,Lunglei,,Debris,Slide,18.43,756.0,31.0,31.3,165.9,37.6,55.2,1
MIZ/LUNG/84A12/2025/034_neg1,real_non_landslide,23.200475,92.735007,2024-12-03,Mizoram,Lunglei,,Debris,Slide,18.43,756.0,31.0,2.4,0.9,0.0,0.0,0
MIZ/LUNG/84A12/2025/034_neg2,real_non_landslide,23.200475,92.735007,2025-11-28,Mizoram,Lunglei,,Debris,Slide,18.43,756.0,31.0,0.0,0.0,0.0,0.0,0
MIZ/LUNG/84A12/2025/033,real_landslide,23.203253,92.735838,2025-05-31,Mizoram,Lunglei,,Earth,Slide,26.58,713.0,30.3,12.4,31.3,165.9,37.6,1
MIZ/LUNG/84A12/2025/033_neg1,real_non_landslide,23.203253,92.735838,2024-12-02,Mizoram,Lunglei,,Earth,Slide,26.58,713.0,30.3,0.3,2.4,0.9,0.0,0
MIZ/LUNG/84A12/2025/033_neg2,real_non_landslide,23.203253,92.735838,2025-11-27,Mizoram,Lunglei,,Earth,Slide,26.58,713.0,30.3,0.0,0.0,0.0,0.0,0
MIZ/SER/84A12/2025/026,real_landslide,23.239637,92.748175,2025-05-30,Mizoram,Serchhip,,Debris,Slide,8.53,770.0,32.1,24.5,12.4,31.3,165.9,1
MIZ/SER/84A12/2025/026_neg1,real_non_landslide,23.239637,92.748175,2024-12-01,Mizoram,Serchhip,,Debris,Slide,8.53,770.0,32.1,1.6,0.3,2.4,0.9,0
MIZ/SER/84A12/2025/026_neg2,real_non_landslide,23.239637,92.748175,2025-11-26,Mizoram,Serchhip,,Debris,Slide,8.53,770.0,32.1,0.0,0.0,0.0,0.0,0
MIZ/LUNG/84A12/2025/035,real_landslide,23.195661,92.73562,2025-06-01,Mizoram,Lunglei,,Rock,Slide,20.16,757.0,30.9,31.3,165.9,37.6,55.2,1
MIZ/LUNG/84A12/2025/035_neg1,real_non_landslide,23.195661,92.73562,2024-12-03,Mizoram,Lunglei,,Rock,Slide,20.16,757.0,30.9,2.4,0.9,0.0,0.0,0
MIZ/LUNG/84A12/2025/035_neg2,real_non_landslide,23.195661,92.73562,2025-11-28,Mizoram,Lunglei,,Rock,Slide,20.16,757.0,30.9,0.0,0.0,0.0,0.0,0
MIZ/LUNG/84A12/2025/036,real_landslide,23.194007,92.734654,2025-05-30,Mizoram,Lunglei,,Rock,Slide,7.59,787.0,31.7,19.1,12.0,31.8,111.5,1
MIZ/LUNG/84A12/2025/036_neg1,real_non_landslide,23.194007,92.734654,2024-12-01,Mizoram,Lunglei,,Rock,Slide,7.59,787.0,31.7,4.1,0.2,1.7,1.0,0
MIZ/LUNG/84A12/2025/036_neg2,real_non_landslide,23.194007,92.734654,2025-11-26,Mizoram,Lunglei,,Rock,Slide,7.59,787.0,31.7,0.0,0.0,0.0,0.0,0
MIZ/LUNG/84A12/2025/037,real_landslide,23.193468,92.734849,2025-05-30,Mizoram,Lunglei,,Debris,Slide,33.26,787.0,30.7,19.1,12.0,31.8,111.5,1
MIZ/LUNG/84A12/2025/037_neg1,real_non_landslide,23.193468,92.734849,2024-12-01,Mizoram,Lunglei,,Debris,Slide,33.26,787.0,30.7,4.1,0.2,1.7,1.0,0
MIZ/LUNG/84A12/2025/037_neg2,real_non_landslide,23.193468,92.734849,2025-11-26,Mizoram,Lunglei,,Debris,Slide,33.26,787.0,30.7,0.0,0.0,0.0,0.0,0
MIZ/LUNG/84A12/2025/038,real_landslide,23.183856,92.735346,2025-05-30,Mizoram,Lunglei,,Debris,Slide,0.0,840.0,31.1,19.1,12.0,31.8,111.5,1
MIZ/LUNG/84A12/2025/038_neg1,real_non_landslide,23.183856,92.735346,2024-12-01,Mizoram,Lunglei,,Debris,Slide,0.0,840.0,31.1,4.1,0.2,1.7,1.0,0
MIZ/LUNG/84A12/2025/038_neg2,real_non_landslide,23.183856,92.735346,2025-11-26,Mizoram,Lunglei,,Debris,Slide,0.0,840.0,31.1,0.0,0.0,0.0,0.0,0
MIZ/LUNG/84A12/2025/040,real_landslide,23.181806,92.736868,2025-05-30,Mizoram,Lunglei,,Earth,slide,35.89,850.0,31.0,19.1,12.0,31.8,111.5,1
MIZ/LUNG/84A12/2025/040_neg1,real_non_landslide,23.181806,92.736868,2024-12-01,Mizoram,Lunglei,,Earth,slide,35.89,850.0,31.0,4.1,0.2,1.7,1.0,0
MIZ/LUNG/84A12/2025/040_neg2,real_non_landslide,23.181806,92.736868,2025-11-26,Mizoram,Lunglei,,Earth,slide,35.89,850.0,31.0,0.0,0.0,0.0,0.0,0
MIZ/SER/84A12/2025/029,real_landslide,23.239797,92.744214,2025-05-31,Mizoram,Serchhip,,Debris,Slide,4.76,786.0,33.0,12.4,31.3,165.9,37.6,1
MIZ/SER/84A12/2025/029_neg1,real_non_landslide,23.239797,92.744214,2024-12-02,Mizoram,Serchhip,,Debris,Slide,4.76,786.0,33.0,0.3,2.4,0.9,0.0,0
MIZ/SER/84A12/2025/029_neg2,real_non_landslide,23.239797,92.744214,2025-11-27,Mizoram,Serchhip,,Debris,Slide,4.76,786.0,33.0,0.0,0.0,0.0,0.0,0
MIZ/LUNG/84A12/2025/041,real_landslide,23.18077,92.735789,2025-05-31,Mizoram,Lunglei,,Debris,Flow,40.94,769.0,30.2,12.0,31.8,111.5,39.3,1
MIZ/LUNG/84A12/2025/041_neg1,real_non_landslide,23.18077,92.735789,2024-12-02,Mizoram,Lunglei,,Debris,Flow,40.94,769.0,30.2,0.2,1.7,1.0,0.1,0
MIZ/LUNG/84A12/2025/041_neg2,real_non_landslide,23.18077,92.735789,2025-11-27,Mizoram,Lunglei,,Debris,Flow,40.94,769.0,30.2,0.0,0.0,0.0,0.0,0
MIZ/LUNG/84A12/2025/043,real_landslide,23.150939,92.748258,2025-05-31,Mizoram,Lunglei,,Debris,Slide,33.84,877.0,30.9,12.0,31.8,111.5,39.3,1
MIZ/LUNG/84A12/2025/043_neg1,real_non_landslide,23.150939,92.748258,2024-12-02,Mizoram,Lunglei,,Debris,Slide,33.84,877.0,30.9,0.2,1.7,1.0,0.1,0
MIZ/LUNG/84A12/2025/043_neg2,real_non_landslide,23.150939,92.748258,2025-11-27,Mizoram,Lunglei,,Debris,Slide,33.84,877.0,30.9,0.0,0.0,0.0,0.0,0
MIZ/LUNG/84A16/2025/044,real_landslide,23.140846,92.751229,2025-05-31,Mizoram,Lunglei,,Debris,Slide,0.95,847.0,32.9,12.0,31.8,111.5,39.3,1
MIZ/LUNG/84A16/2025/044_neg1,real_non_landslide,23.140846,92.751229,2024-12-02,Mizoram,Lunglei,,Debris,Slide,0.95,847.0,32.9,0.2,1.7,1.0,0.1,0
MIZ/LUNG/84A16/2025/044_neg2,real_non_landslide,23.140846,92.751229,2025-11-27,Mizoram,Lunglei,,Debris,Slide,0.95,847.0,32.9,0.0,0.0,0.0,0.0,0
MIZ/LUNG/84A12/2025/042,real_landslide,23.173606,92.739793,2025-05-31,Mizoram,Lunglei,,Debris,Slide,4.76,797.0,31.4,12.0,31.8,111.5,39.3,1
MIZ/LUNG/84A12/2025/042_neg1,real_non_landslide,23.173606,92.739793,2024-12-02,Mizoram,Lunglei,,Debris,Slide,4.76,797.0,31.4,0.2,1.7,1.0,0.1,0
MIZ/LUNG/84A12/2025/042_neg2,real_non_landslide,23.173606,92.739793,2025-11-27,Mizoram,Lunglei,,Debris,Slide,4.76,797.0,31.4,0.0,0.0,0.0,0.0,0
MIZ/LUNG/84A12/2025/045,real_landslide,23.1351,92.748694,2025-05-31,Mizoram,Lunglei,,Debris,Slide,7.59,883.0,31.6,12.0,31.8,111.5,39.3,1
MIZ/LUNG/84A12/2025/045_neg1,real_non_landslide,23.1351,92.748694,2024-12-02,Mizoram,Lunglei,,Debris,Slide,7.59,883.0,31.6,0.2,1.7,1.0,0.1,0
MIZ/LUNG/84A12/2025/045_neg2,real_non_landslide,23.1351,92.748694,2025-11-27,Mizoram,Lunglei,,Debris,Slide,7.59,883.0,31.6,0.0,0.0,0.0,0.0,0
MIZ/LUNG/84A12/2025/046,real_landslide,23.134009,92.746247,2025-05-31,Mizoram,Lunglei,,Earth,Slide,33.69,794.0,31.6,12.0,31.8,111.5,39.3,1
MIZ/LUNG/84A12/2025/046_neg1,real_non_landslide,23.134009,92.746247,2024-12-02,Mizoram,Lunglei,,Earth,Slide,33.69,794.0,31.6,0.2,1.7,1.0,0.1,0
MIZ/LUNG/84A12/2025/046_neg2,real_non_landslide,23.134009,92.746247,2025-11-27,Mizoram,Lunglei,,Earth,Slide,33.69,794.0,31.6,0.0,0.0,0.0,0.0,0
MIZ/LUNG/84A12/2025/048,real_landslide,23.114694,92.743931,2025-06-01,Mizoram,Lunglei,,Debris,Slide,39.04,861.0,29.7,28.1,90.5,32.8,39.2,1
MIZ/LUNG/84A12/2025/048_neg1,real_non_landslide,23.114694,92.743931,2024-12-03,Mizoram,Lunglei,,Debris,Slide,39.04,861.0,29.7,1.7,1.3,0.4,0.0,0
MIZ/LUNG/84A12/2025/048_neg2,real_non_landslide,23.114694,92.743931,2025-11-28,Mizoram,Lunglei,,Debris,Slide,39.04,861.0,29.7,0.0,0.0,0.0,0.0,0
MIZ/LUNG/84A12/2025/050,real_landslide,23.111824,92.745097,2025-05-31,Mizoram,Lunglei,,Debris,Slide,20.61,849.0,30.6,16.6,28.1,90.5,32.8,1
MIZ/LUNG/84A12/2025/050_neg1,real_non_landslide,23.111824,92.745097,2024-12-02,Mizoram,Lunglei,,Debris,Slide,20.61,849.0,30.6,0.0,1.7,1.3,0.4,0
MIZ/LUNG/84A12/2025/050_neg2,real_non_landslide,23.111824,92.745097,2025-11-27,Mizoram,Lunglei,,Debris,Slide,20.61,849.0,30.6,0.0,0.0,0.0,0.0,0
MIZ/LUNG/84A12/2025/047,real_landslide,23.132082,92.746268,2025-05-31,Mizoram,Lunglei,,Debris,Slide,0.0,810.0,32.2,12.0,31.8,111.5,39.3,1
MIZ/LUNG/84A12/2025/047_neg1,real_non_landslide,23.132082,92.746268,2024-12-02,Mizoram,Lunglei,,Debris,Slide,0.0,810.0,32.2,0.2,1.7,1.0,0.1,0
MIZ/LUNG/84A12/2025/047_neg2,real_non_landslide,23.132082,92.746268,2025-11-27,Mizoram,Lunglei,,Debris,Slide,0.0,810.0,32.2,0.0,0.0,0.0,0.0,0
MIZ/LUNG/84A12/2025/049,real_landslide,23.114225,92.746024,2025-05-31,Mizoram,Lunglei,,Debris,Slide,39.99,741.0,30.5,16.6,28.1,90.5,32.8,1
MIZ/LUNG/84A12/2025/049_neg1,real_non_landslide,23.114225,92.746024,2024-12-02,Mizoram,Lunglei,,Debris,Slide,39.99,741.0,30.5,0.0,1.7,1.3,0.4,0
MIZ/LUNG/84A12/2025/049_neg2,real_non_landslide,23.114225,92.746024,2025-11-27,Mizoram,Lunglei,,Debris,Slide,39.99,741.0,30.5,0.0,0.0,0.0,0.0,0
MIZ/LUNG/84A16/2025/051,real_landslide,23.015005,92.765065,2025-05-30,Mizoram,Lunglei,,Rock,Slide,43.05,905.0,33.4,16.3,16.7,26.7,60.7,1
MIZ/LUNG/84A16/2025/051_neg1,real_non_landslide,23.015005,92.765065,2024-12-01,Mizoram,Lunglei,,Rock,Slide,43.05,905.0,33.4,3.1,8.5,1.3,1.6,0
MIZ/LUNG/84A16/2025/051_neg2,real_non_landslide,23.015005,92.765065,2025-11-26,Mizoram,Lunglei,,Rock,Slide,43.05,905.0,33.4,0.0,0.0,0.0,0.0,0
MIZ/LAW/84B14/2025/054,real_landslide,22.529731,92.896699,1995-05-22,Mizoram,Lawngtlai,,Debris,Slide,8.74,854.0,30.1,0.0,0.0,1.8,0.9,1
MIZ/LAW/84B14/2025/054_neg1,real_non_landslide,22.529731,92.896699,1994-11-23,Mizoram,Lawngtlai,,Debris,Slide,8.74,854.0,30.1,0.0,0.0,0.0,0.6,0
MIZ/LAW/84B14/2025/054_neg2,real_non_landslide,22.529731,92.896699,1995-11-18,Mizoram,Lawngtlai,,Debris,Slide,8.74,854.0,30.1,1.7,8.5,4.8,7.0,0
MIZ/SIA/84B15/2025/057,real_landslide,22.404215,92.951647,2025-05-31,Mizoram,Siaha,,Debris,Slide,41.81,220.0,28.8,59.8,32.6,37.5,37.4,1
MIZ/SIA/84B15/2025/057_neg1,real_non_landslide,22.404215,92.951647,2024-12-02,Mizoram,Siaha,,Debris,Slide,41.81,220.0,28.8,1.8,0.0,0.0,0.1,0
MIZ/SIA/84B15/2025/057_neg2,real_non_landslide,22.404215,92.951647,2025-11-27,Mizoram,Siaha,,Debris,Slide,41.81,220.0,28.8,0.0,0.0,0.0,0.0,0
MIZ/LAW/84B15/2025/056,real_landslide,22.48765,92.886806,2025-05-31,Mizoram,Lawngtlai,,Rock,Fall,42.28,967.0,28.8,72.9,27.6,39.7,25.3,1
MIZ/LAW/84B15/2025/056_neg1,real_non_landslide,22.48765,92.886806,2024-12-02,Mizoram,Lawngtlai,,Rock,Fall,42.28,967.0,28.8,3.3,0.3,0.0,0.3,0
MIZ/LAW/84B15/2025/056_neg2,real_non_landslide,22.48765,92.886806,2025-11-27,Mizoram,Lawngtlai,,Rock,Fall,42.28,967.0,28.8,0.0,0.0,0.0,0.0,0
MIZ/LAW/84B14/2025/055,real_landslide,22.519716,92.891037,2025-05-31,Mizoram,Lawngtlai,,Debris,Slide,3.02,899.0,30.0,72.9,27.6,39.7,25.3,1
MIZ/LAW/84B14/2025/055_neg1,real_non_landslide,22.519716,92.891037,2024-12-02,Mizoram,Lawngtlai,,Debris,Slide,3.02,899.0,30.0,3.3,0.3,0.0,0.3,0
MIZ/LAW/84B14/2025/055_neg2,real_non_landslide,22.519716,92.891037,2025-11-27,Mizoram,Lawngtlai,,Debris,Slide,3.02,899.0,30.0,0.0,0.0,0.0,0.0,0
MIZ/SIA/84B15/2025/058,real_landslide,22.444376,92.947323,2025-05-30,Mizoram,Siaha,,Debris,Slide,52.32,384.0,31.9,37.5,59.8,32.6,37.5,1
MIZ/SIA/84B15/2025/058_neg1,real_non_landslide,22.444376,92.947323,2024-12-01,Mizoram,Siaha,,Debris,Slide,52.32,384.0,31.9,2.3,1.8,0.0,0.0,0
MIZ/SIA/84B15/2025/058_neg2,real_non_landslide,22.444376,92.947323,2025-11-26,Mizoram,Siaha,,Debris,Slide,52.32,384.0,31.9,0.0,0.0,0.0,0.0,0
MIZ/SIA/84B15/2025/059,real_landslide,22.491822,92.970252,2025-05-31,Mizoram,Siaha,,Earth,Slide,9.65,951.0,31.0,71.5,27.2,36.4,27.9,1
MIZ/SIA/84B15/2025/059_neg1,real_non_landslide,22.491822,92.970252,2024-12-02,Mizoram,Siaha,,Earth,Slide,9.65,951.0,31.0,0.6,0.2,0.1,0.3,0
MIZ/SIA/84B15/2025/059_neg2,real_non_landslide,22.491822,92.970252,2025-11-27,Mizoram,Siaha,,Earth,Slide,9.65,951.0,31.0,0.0,0.0,0.0,0.0,0
MIZ/SIA/84B15/2025/060,real_landslide,22.491,92.97076,2025-05-31,Mizoram,Siaha,,Debris,Slide,36.84,949.0,30.7,71.5,27.2,36.4,27.9,1
MIZ/SIA/84B15/2025/060_neg1,real_non_landslide,22.491,92.97076,2024-12-02,Mizoram,Siaha,,Debris,Slide,36.84,949.0,30.7,0.6,0.2,0.1,0.3,0
MIZ/SIA/84B15/2025/060_neg2,real_non_landslide,22.491,92.97076,2025-11-27,Mizoram,Siaha,,Debris,Slide,36.84,949.0,30.7,0.0,0.0,0.0,0.0,0
MIZ/SIA/84F03/2025/061,real_landslide,22.469737,93.100868,2025-06-01,Mizoram,Siaha,,Debris,Slide,28.63,1130.0,31.5,26.9,30.4,23.6,33.7,1
MIZ/SIA/84F03/2025/061_neg1,real_non_landslide,22.469737,93.100868,2024-12-03,Mizoram,Siaha,,Debris,Slide,28.63,1130.0,31.5,1.5,0.0,0.3,0.0,0
MIZ/SIA/84F03/2025/061_neg2,real_non_landslide,22.469737,93.100868,2025-11-28,Mizoram,Siaha,,Debris,Slide,28.63,1130.0,31.5,0.0,0.0,0.0,0.0,0
MIZ/SIA/84B15/2025/061,real_landslide,22.437107,92.946912,2025-05-31,Mizoram,Siaha,,Debris,Slide,24.23,365.0,29.3,59.8,32.6,37.5,37.4,1
MIZ/SIA/84B15/2025/061_neg1,real_non_landslide,22.437107,92.946912,2024-12-02,Mizoram,Siaha,,Debris,Slide,24.23,365.0,29.3,1.8,0.0,0.0,0.1,0
MIZ/SIA/84B15/2025/061_neg2,real_non_landslide,22.437107,92.946912,2025-11-27,Mizoram,Siaha,,Debris,Slide,24.23,365.0,29.3,0.0,0.0,0.0,0.0,0
MIZ/LAW/84B14/2025/061,real_landslide,22.54735,92.882032,2025-05-31,Mizoram,Lawngtlai,,Debris,Slide,29.54,806.0,29.4,72.9,27.6,39.7,25.3,1
MIZ/LAW/84B14/2025/061_neg1,real_non_landslide,22.54735,92.882032,2024-12-02,Mizoram,Lawngtlai,,Debris,Slide,29.54,806.0,29.4,3.3,0.3,0.0,0.3,0
MIZ/LAW/84B14/2025/061_neg2,real_non_landslide,22.54735,92.882032,2025-11-27,Mizoram,Lawngtlai,,Debris,Slide,29.54,806.0,29.4,0.0,0.0,0.0,0.0,0
MIZ/LUNG/84B14/2025/063,real_landslide,22.660692,92.855602,2025-05-31,Mizoram,Lunglei,,Debris,Slide,32.21,1008.0,30.2,56.9,29.5,42.0,31.3,1
MIZ/LUNG/84B14/2025/063_neg1,real_non_landslide,22.660692,92.855602,2024-12-02,Mizoram,Lunglei,,Debris,Slide,32.21,1008.0,30.2,1.1,0.3,0.2,0.0,0
MIZ/LUNG/84B14/2025/063_neg2,real_non_landslide,22.660692,92.855602,2025-11-27,Mizoram,Lunglei,,Debris,Slide,32.21,1008.0,30.2,0.0,0.0,0.0,0.0,0
MIZ/LUNG/84B14/2025/062,real_landslide,22.641087,92.867635,2025-05-31,Mizoram,Lunglei,,Debris,Slide,28.99,1050.0,29.9,56.9,29.5,42.0,31.3,1
MIZ/LUNG/84B14/2025/062_neg1,real_non_landslide,22.641087,92.867635,2024-12-02,Mizoram,Lunglei,,Debris,Slide,28.99,1050.0,29.9,1.1,0.3,0.2,0.0,0
MIZ/LUNG/84B14/2025/062_neg2,real_non_landslide,22.641087,92.867635,2025-11-27,Mizoram,Lunglei,,Debris,Slide,28.99,1050.0,29.9,0.0,0.0,0.0,0.0,0
MIZ/LUNG/84B14/2025/064,real_landslide,22.688472,92.842907,2025-05-31,Mizoram,Lunglei,,Debris,Slide,40.91,972.0,30.8,56.9,29.5,42.0,31.3,1
MIZ/LUNG/84B14/2025/064_neg1,real_non_landslide,22.688472,92.842907,2024-12-02,Mizoram,Lunglei,,Debris,Slide,40.91,972.0,30.8,1.1,0.3,0.2,0.0,0
MIZ/LUNG/84B14/2025/064_neg2,real_non_landslide,22.688472,92.842907,2025-11-27,Mizoram,Lunglei,,Debris,Slide,40.91,972.0,30.8,0.0,0.0,0.0,0.0,0
MIZ/LUNG/84B14/2025/066,real_landslide,22.706999,92.841597,2025-05-31,Mizoram,Lunglei,,Debris,Slide,40.91,822.0,28.1,56.9,29.5,42.0,31.3,1
MIZ/LUNG/84B14/2025/066_neg1,real_non_landslide,22.706999,92.841597,2024-12-02,Mizoram,Lunglei,,Debris,Slide,40.91,822.0,28.1,1.1,0.3,0.2,0.0,0
MIZ/LUNG/84B14/2025/066_neg2,real_non_landslide,22.706999,92.841597,2025-11-27,Mizoram,Lunglei,,Debris,Slide,40.91,822.0,28.1,0.0,0.0,0.0,0.0,0
MIZ/LU/84B/13/2018/01,real_landslide,22.87355833,92.75595278,2018-06-06,Mizoram,Lunglei,Lunglawn landslide,Debris,Slide,26.36,1051.0,31.2,32.0,12.7,21.5,19.1,1
MIZ/LU/84B/13/2018/01_neg1,real_non_landslide,22.87355833,92.75595278,2017-12-08,Mizoram,Lunglei,Lunglawn landslide,Debris,Slide,26.36,1051.0,31.2,0.0,0.0,1.1,17.2,0
MIZ/LU/84B/13/2018/01_neg2,real_non_landslide,22.87355833,92.75595278,2018-12-03,Mizoram,Lunglei,Lunglawn landslide,Debris,Slide,26.36,1051.0,31.2,0.0,0.0,0.0,0.0,0
MIZ/AZL/84A/09/2019/01,real_landslide,22.87355833,92.75595278,2019-07-02,Mizoram,Aizawl,BSUP Landslide,Rock,Slide,26.36,1051.0,31.2,4.6,8.9,5.6,9.4,1
MIZ/AZL/84A/09/2019/01_neg1,real_non_landslide,22.87355833,92.75595278,2019-01-03,Mizoram,Aizawl,BSUP Landslide,Rock,Slide,26.36,1051.0,31.2,0.0,0.0,0.0,0.0,0
MIZ/AZL/84A/09/2019/01_neg2,real_non_landslide,22.87355833,92.75595278,2019-12-29,Mizoram,Aizawl,BSUP Landslide,Rock,Slide,26.36,1051.0,31.2,0.0,4.6,0.4,0.0,0
